20120106T,-12194.0,-12194.0,-12194.0,-12194.0,0
20120109T,-13774.0,-13774.0,-13774.0,-13774.0,0
20120110T,-64634.0,-64634.0,-64634.0,-64634.0,0
20120111T,-69336.0,-69336.0,-69336.0,-69336.0,0
20120112T,-72037.0,-72037.0,-72037.0,-72037.0,0
20120113T,-71150.0,-71150.0,-71150.0,-71150.0,0
20120116T,-77701.0,-77701.0,-77701.0,-77701.0,0
20120117T,-109043.0,-109043.0,-109043.0,-109043.0,0
20120118T,-100876.0,-100876.0,-100876.0,-100876.0,0
20120119T,-132503.0,-132503.0,-132503.0,-132503.0,0
20120120T,-158289.0,-158289.0,-158289.0,-158289.0,0
20120123T,-166834.0,-166834.0,-166834.0,-166834.0,0
20120124T,-165406.0,-165406.0,-165406.0,-165406.0,0
20120125T,-190985.0,-190985.0,-190985.0,-190985.0,0
20120127T,-193421.0,-193421.0,-193421.0,-193421.0,0
20120130T,-158590.0,-158590.0,-158590.0,-158590.0,0
20120131T,-173576.0,-173576.0,-173576.0,-173576.0,0
20120201T,-162148.0,-162148.0,-162148.0,-162148.0,0
20120202T,-148326.0,-148326.0,-148326.0,-148326.0,0
20120203T,-166419.0,-166419.0,-166419.0,-166419.0,0
20120206T,-161558.0,-161558.0,-161558.0,-161558.0,0
20120207T,-189957.0,-189957.0,-189957.0,-189957.0,0
20120208T,-208095.0,-208095.0,-208095.0,-208095.0,0
20120209T,-212887.0,-212887.0,-212887.0,-212887.0,0
20120210T,-168225.0,-168225.0,-168225.0,-168225.0,0
20120213T,-175719.0,-175719.0,-175719.0,-175719.0,0
20120214T,-190691.0,-190691.0,-190691.0,-190691.0,0
20120215T,-213712.0,-213712.0,-213712.0,-213712.0,0
20120216T,-207062.0,-207062.0,-207062.0,-207062.0,0
20120217T,-226808.0,-226808.0,-226808.0,-226808.0,0
20120221T,-227823.0,-227823.0,-227823.0,-227823.0,0
20120222T,-232896.0,-232896.0,-232896.0,-232896.0,0
20120223T,-272076.0,-272076.0,-272076.0,-272076.0,0
20120224T,-272486.0,-272486.0,-272486.0,-272486.0,0
20120227T,-238099.0,-238099.0,-238099.0,-238099.0,0
20120228T,-276917.0,-276917.0,-276917.0,-276917.0,0
20120229T,-256044.0,-256044.0,-256044.0,-256044.0,0
20120301T,-248028.0,-248028.0,-248028.0,-248028.0,0
20120302T,-239111.0,-239111.0,-239111.0,-239111.0,0
20120305T,-227655.0,-227655.0,-227655.0,-227655.0,0
20120306T,-213632.0,-213632.0,-213632.0,-213632.0,0
20120307T,-200701.0,-200701.0,-200701.0,-200701.0,0
20120309T,-214204.0,-214204.0,-214204.0,-214204.0,0
20120312T,-194936.0,-194936.0,-194936.0,-194936.0,0
20120313T,-209357.0,-209357.0,-209357.0,-209357.0,0
20120314T,-235456.0,-235456.0,-235456.0,-235456.0,0
20120315T,-215551.0,-215551.0,-215551.0,-215551.0,0
20120316T,-232615.0,-232615.0,-232615.0,-232615.0,0
20120319T,-206807.0,-206807.0,-206807.0,-206807.0,0
20120320T,-201193.0,-201193.0,-201193.0,-201193.0,0
20120321T,-176116.0,-176116.0,-176116.0,-176116.0,0
20120322T,-161064.0,-161064.0,-161064.0,-161064.0,0
20120323T,-149339.0,-149339.0,-149339.0,-149339.0,0
20120326T,-96375.0,-96375.0,-96375.0,-96375.0,0
20120327T,-90103.0,-90103.0,-90103.0,-90103.0,0
20120328T,-83024.0,-83024.0,-83024.0,-83024.0,0
20120329T,-77971.0,-77971.0,-77971.0,-77971.0,0
20120330T,-74030.0,-74030.0,-74030.0,-74030.0,0
20120402T,-75894.0,-75894.0,-75894.0,-75894.0,0
20120403T,-89383.0,-89383.0,-89383.0,-89383.0,0
20120404T,-83329.0,-83329.0,-83329.0,-83329.0,0
20120409T,-42890.0,-42890.0,-42890.0,-42890.0,0
20120410T,-23763.0,-23763.0,-23763.0,-23763.0,0
20120411T,-10432.0,-10432.0,-10432.0,-10432.0,0
20120412T,-13240.0,-13240.0,-13240.0,-13240.0,0
20120413T,-11906.0,-11906.0,-11906.0,-11906.0,0
20120416T,-4249.0,-4249.0,-4249.0,-4249.0,0
20120417T,-32681.0,-32681.0,-32681.0,-32681.0,0
20120418T,-49752.0,-49752.0,-49752.0,-49752.0,0
20120419T,-74941.0,-74941.0,-74941.0,-74941.0,0
20120420T,-73020.0,-73020.0,-73020.0,-73020.0,0
20120423T,-41650.0,-41650.0,-41650.0,-41650.0,0
20120424T,-47998.0,-47998.0,-47998.0,-47998.0,0
20120425T,-36213.0,-36213.0,-36213.0,-36213.0,0
20120426T,-51489.0,-51489.0,-51489.0,-51489.0,0
20120427T,-38497.0,-38497.0,-38497.0,-38497.0,0
20120430T,-44222.0,-44222.0,-44222.0,-44222.0,0
20120502T,-44383.0,-44383.0,-44383.0,-44383.0,0
20120503T,-33746.0,-33746.0,-33746.0,-33746.0,0
20120504T,-109.0,-109.0,-109.0,-109.0,0
20120507T,-89.0,-89.0,-89.0,-89.0,0
20120508T,20198.0,20198.0,20198.0,20198.0,0
20120509T,21758.0,21758.0,21758.0,21758.0,0
20120510T,18110.0,18110.0,18110.0,18110.0,0
20120511T,34829.0,34829.0,34829.0,34829.0,0
20120514T,49374.0,49374.0,49374.0,49374.0,0
20120515T,49348.0,49348.0,49348.0,49348.0,0
20120516T,81750.0,81750.0,81750.0,81750.0,0
20120517T,100792.0,100792.0,100792.0,100792.0,0
20120518T,100424.0,100424.0,100424.0,100424.0,0
20120521T,115646.0,115646.0,115646.0,115646.0,0
20120522T,111220.0,111220.0,111220.0,111220.0,0
20120523T,147830.0,147830.0,147830.0,147830.0,0
20120524T,136356.0,136356.0,136356.0,136356.0,0
20120525T,145295.0,145295.0,145295.0,145295.0,0
20120528T,135699.0,135699.0,135699.0,135699.0,0
20120529T,128372.0,128372.0,128372.0,128372.0,0
20120530T,144142.0,144142.0,144142.0,144142.0,0
20120531T,102052.0,102052.0,102052.0,102052.0,0
20120601T,137044.0,137044.0,137044.0,137044.0,0
20120604T,147199.0,147199.0,147199.0,147199.0,0
20120605T,137656.0,137656.0,137656.0,137656.0,0
20120606T,131033.0,131033.0,131033.0,131033.0,0
20120607T,98576.0,98576.0,98576.0,98576.0,0
20120608T,101001.0,101001.0,101001.0,101001.0,0
20120611T,90741.0,90741.0,90741.0,90741.0,0
20120612T,82182.0,82182.0,82182.0,82182.0,0
20120613T,53392.0,53392.0,53392.0,53392.0,0
20120614T,51679.0,51679.0,51679.0,51679.0,0
20120615T,35844.0,35844.0,35844.0,35844.0,0
20120618T,25726.0,25726.0,25726.0,25726.0,0
20120619T,24152.0,24152.0,24152.0,24152.0,0
20120620T,15577.0,15577.0,15577.0,15577.0,0
20120621T,-4807.0,-4807.0,-4807.0,-4807.0,0
20120622T,-1289.0,-1289.0,-1289.0,-1289.0,0
20120625T,-6020.0,-6020.0,-6020.0,-6020.0,0
20120626T,-19305.0,-19305.0,-19305.0,-19305.0,0
20120627T,-28311.0,-28311.0,-28311.0,-28311.0,0
20120628T,-35704.0,-35704.0,-35704.0,-35704.0,0
20120629T,-104482.0,-104482.0,-104482.0,-104482.0,0
20120702T,-100684.0,-100684.0,-100684.0,-100684.0,0
20120703T,-109657.0,-109657.0,-109657.0,-109657.0,0
20120704T,-116835.0,-116835.0,-116835.0,-116835.0,0
20120705T,-123344.0,-123344.0,-123344.0,-123344.0,0
20120706T,-117962.0,-117962.0,-117962.0,-117962.0,0
20120709T,-119229.0,-119229.0,-119229.0,-119229.0,0
20120710T,-114490.0,-114490.0,-114490.0,-114490.0,0
20120711T,-112909.0,-112909.0,-112909.0,-112909.0,0
20120712T,-89538.0,-89538.0,-89538.0,-89538.0,0
20120713T,-94743.0,-94743.0,-94743.0,-94743.0,0
20120716T,-90921.0,-90921.0,-90921.0,-90921.0,0
20120717T,-96654.0,-96654.0,-96654.0,-96654.0,0
20120718T,-86241.0,-86241.0,-86241.0,-86241.0,0
20120719T,-118211.0,-118211.0,-118211.0,-118211.0,0
20120720T,-115660.0,-115660.0,-115660.0,-115660.0,0
20120723T,-85856.0,-85856.0,-85856.0,-85856.0,0
20120724T,-80769.0,-80769.0,-80769.0,-80769.0,0
20120725T,-59251.0,-59251.0,-59251.0,-59251.0,0
20120726T,-51582.0,-51582.0,-51582.0,-51582.0,0
20120727T,-93659.0,-93659.0,-93659.0,-93659.0,0
20120730T,-91115.0,-91115.0,-91115.0,-91115.0,0
20120731T,-93621.0,-93621.0,-93621.0,-93621.0,0
20120801T,-96960.0,-96960.0,-96960.0,-96960.0,0
20120802T,-87491.0,-87491.0,-87491.0,-87491.0,0
20120803T,-70528.0,-70528.0,-70528.0,-70528.0,0
20120806T,-96483.0,-96483.0,-96483.0,-96483.0,0
20120807T,-125633.0,-125633.0,-125633.0,-125633.0,0
20120808T,-143192.0,-143192.0,-143192.0,-143192.0,0
20120809T,-145905.0,-145905.0,-145905.0,-145905.0,0
20120810T,-146335.0,-146335.0,-146335.0,-146335.0,0
20120813T,-150563.0,-150563.0,-150563.0,-150563.0,0
20120814T,-163341.0,-163341.0,-163341.0,-163341.0,0
20120816T,-160677.0,-160677.0,-160677.0,-160677.0,0
20120817T,-170837.0,-170837.0,-170837.0,-170837.0,0
20120821T,-179882.0,-179882.0,-179882.0,-179882.0,0
20120822T,-189879.0,-189879.0,-189879.0,-189879.0,0
20120823T,-195243.0,-195243.0,-195243.0,-195243.0,0
20120824T,-198647.0,-198647.0,-198647.0,-198647.0,0
20120827T,-206169.0,-206169.0,-206169.0,-206169.0,0
20120828T,-221184.0,-221184.0,-221184.0,-221184.0,0
20120829T,-221247.0,-221247.0,-221247.0,-221247.0,0
20120830T,-113408.0,-113408.0,-113408.0,-113408.0,0
20120831T,-92832.0,-92832.0,-92832.0,-92832.0,0
20120903T,-91466.0,-91466.0,-91466.0,-91466.0,0
20120904T,-86089.0,-86089.0,-86089.0,-86089.0,0
20120905T,-70964.0,-70964.0,-70964.0,-70964.0,0
20120906T,-55730.0,-55730.0,-55730.0,-55730.0,0
20120907T,-72206.0,-72206.0,-72206.0,-72206.0,0
20120910T,-57657.0,-57657.0,-57657.0,-57657.0,0
20120911T,-59639.0,-59639.0,-59639.0,-59639.0,0
20120912T,-73819.0,-73819.0,-73819.0,-73819.0,0
20120913T,-78742.0,-78742.0,-78742.0,-78742.0,0
20120914T,-124003.0,-124003.0,-124003.0,-124003.0,0
20120917T,-151497.0,-151497.0,-151497.0,-151497.0,0
20120918T,-165058.0,-165058.0,-165058.0,-165058.0,0
20120920T,-168063.0,-168063.0,-168063.0,-168063.0,0
20120921T,-185881.0,-185881.0,-185881.0,-185881.0,0
20120924T,-185696.0,-185696.0,-185696.0,-185696.0,0
20120925T,-204227.0,-204227.0,-204227.0,-204227.0,0
20120926T,-207269.0,-207269.0,-207269.0,-207269.0,0
20120927T,-169734.0,-169734.0,-169734.0,-169734.0,0
20120928T,-192193.0,-192193.0,-192193.0,-192193.0,0
20121001T,-202531.0,-202531.0,-202531.0,-202531.0,0
20121003T,-226998.0,-226998.0,-226998.0,-226998.0,0
20121004T,-251901.0,-251901.0,-251901.0,-251901.0,0
20121005T,-242448.0,-242448.0,-242448.0,-242448.0,0
20121008T,-250008.0,-250008.0,-250008.0,-250008.0,0
20121009T,-249341.0,-249341.0,-249341.0,-249341.0,0
20121010T,-229801.0,-229801.0,-229801.0,-229801.0,0
20121011T,-218922.0,-218922.0,-218922.0,-218922.0,0
20121012T,-202590.0,-202590.0,-202590.0,-202590.0,0
20121015T,-208867.0,-208867.0,-208867.0,-208867.0,0
20121016T,-208451.0,-208451.0,-208451.0,-208451.0,0
20121017T,-216519.0,-216519.0,-216519.0,-216519.0,0
20121018T,-229796.0,-229796.0,-229796.0,-229796.0,0
20121019T,-209366.0,-209366.0,-209366.0,-209366.0,0
20121022T,-217018.0,-217018.0,-217018.0,-217018.0,0
20121023T,-225817.0,-225817.0,-225817.0,-225817.0,0
20121025T,-165381.0,-165381.0,-165381.0,-165381.0,0
20121026T,-153243.0,-153243.0,-153243.0,-153243.0,0
20121029T,-153109.0,-153109.0,-153109.0,-153109.0,0
20121030T,-133571.0,-133571.0,-133571.0,-133571.0,0
20121031T,-132232.0,-132232.0,-132232.0,-132232.0,0
20121101T,-127195.0,-127195.0,-127195.0,-127195.0,0
20121102T,-140484.0,-140484.0,-140484.0,-140484.0,0
20121105T,-140897.0,-140897.0,-140897.0,-140897.0,0
20121106T,-142413.0,-142413.0,-142413.0,-142413.0,0
20121107T,-139505.0,-139505.0,-139505.0,-139505.0,0
20121108T,-127849.0,-127849.0,-127849.0,-127849.0,0
20121109T,-124830.0,-124830.0,-124830.0,-124830.0,0
20121112T,-115484.0,-115484.0,-115484.0,-115484.0,0
20121113T,-108927.0,-108927.0,-108927.0,-108927.0,0
20121115T,-79632.0,-79632.0,-79632.0,-79632.0,0
20121116T,-39056.0,-39056.0,-39056.0,-39056.0,0
20121119T,-32348.0,-32348.0,-32348.0,-32348.0,0
20121120T,-30557.0,-30557.0,-30557.0,-30557.0,0
20121121T,-25847.0,-25847.0,-25847.0,-25847.0,0
20121122T,-20243.0,-20243.0,-20243.0,-20243.0,0
20121123T,-27921.0,-27921.0,-27921.0,-27921.0,0
20121126T,-29920.0,-29920.0,-29920.0,-29920.0,0
20121127T,-70406.0,-70406.0,-70406.0,-70406.0,0
20121129T,-144577.0,-144577.0,-144577.0,-144577.0,0
20121130T,-153287.0,-153287.0,-153287.0,-153287.0,0
20121203T,-151521.0,-151521.0,-151521.0,-151521.0,0
20121204T,-143059.0,-143059.0,-143059.0,-143059.0,0
20121205T,-144067.0,-144067.0,-144067.0,-144067.0,0
20121206T,-136487.0,-136487.0,-136487.0,-136487.0,0
20121207T,-144248.0,-144248.0,-144248.0,-144248.0,0
20121210T,-147305.0,-147305.0,-147305.0,-147305.0,0
20121211T,-161477.0,-161477.0,-161477.0,-161477.0,0
20121212T,-171867.0,-171867.0,-171867.0,-171867.0,0
20121213T,-169101.0,-169101.0,-169101.0,-169101.0,0
20121214T,-167832.0,-167832.0,-167832.0,-167832.0,0
20121217T,-168609.0,-168609.0,-168609.0,-168609.0,0
20121218T,-166272.0,-166272.0,-166272.0,-166272.0,0
20121219T,-163822.0,-163822.0,-163822.0,-163822.0,0
20121220T,-158896.0,-158896.0,-158896.0,-158896.0,0
20121221T,-146242.0,-146242.0,-146242.0,-146242.0,0
20121224T,-145519.0,-145519.0,-145519.0,-145519.0,0
20121226T,-152793.0,-152793.0,-152793.0,-152793.0,0
20121227T,-128621.0,-128621.0,-128621.0,-128621.0,0
20121228T,-132945.0,-132945.0,-132945.0,-132945.0,0
20121231T,-123584.0,-123584.0,-123584.0,-123584.0,0
20130101T,-127070.0,-127070.0,-127070.0,-127070.0,0
20130102T,-126284.0,-126284.0,-126284.0,-126284.0,0
20130103T,-125218.0,-125218.0,-125218.0,-125218.0,0
20130104T,-114646.0,-114646.0,-114646.0,-114646.0,0
20130107T,-113314.0,-113314.0,-113314.0,-113314.0,0
20130108T,-115506.0,-115506.0,-115506.0,-115506.0,0
20130109T,-110411.0,-110411.0,-110411.0,-110411.0,0
20130110T,-118976.0,-118976.0,-118976.0,-118976.0,0
20130111T,-119538.0,-119538.0,-119538.0,-119538.0,0
20130114T,-109764.0,-109764.0,-109764.0,-109764.0,0
20130115T,-96207.0,-96207.0,-96207.0,-96207.0,0
20130116T,-87627.0,-87627.0,-87627.0,-87627.0,0
20130117T,-82193.0,-82193.0,-82193.0,-82193.0,0
20130118T,-87339.0,-87339.0,-87339.0,-87339.0,0
20130121T,-81045.0,-81045.0,-81045.0,-81045.0,0
20130122T,-80845.0,-80845.0,-80845.0,-80845.0,0
20130123T,-79638.0,-79638.0,-79638.0,-79638.0,0
20130124T,-64869.0,-64869.0,-64869.0,-64869.0,0
20130125T,-57949.0,-57949.0,-57949.0,-57949.0,0
20130128T,-57706.0,-57706.0,-57706.0,-57706.0,0
20130129T,-74606.0,-74606.0,-74606.0,-74606.0,0
20130130T,-85674.0,-85674.0,-85674.0,-85674.0,0
20130131T,-65835.0,-65835.0,-65835.0,-65835.0,0
20130201T,-60692.0,-60692.0,-60692.0,-60692.0,0
20130204T,-38821.0,-38821.0,-38821.0,-38821.0,0
20130205T,-20520.0,-20520.0,-20520.0,-20520.0,0
20130206T,-4161.0,-4161.0,-4161.0,-4161.0,0
20130207T,4382.0,4382.0,4382.0,4382.0,0
20130208T,14146.0,14146.0,14146.0,14146.0,0
20130211T,14171.0,14171.0,14171.0,14171.0,0
20130212T,22947.0,22947.0,22947.0,22947.0,0
20130213T,23201.0,23201.0,23201.0,23201.0,0
20130214T,26645.0,26645.0,26645.0,26645.0,0
20130215T,42891.0,42891.0,42891.0,42891.0,0
20130218T,54991.0,54991.0,54991.0,54991.0,0
20130219T,73958.0,73958.0,73958.0,73958.0,0
20130220T,62775.0,62775.0,62775.0,62775.0,0
20130221T,67529.0,67529.0,67529.0,67529.0,0
20130222T,89142.0,89142.0,89142.0,89142.0,0
20130225T,103543.0,103543.0,103543.0,103543.0,0
20130226T,129446.0,129446.0,129446.0,129446.0,0
20130227T,145158.0,145158.0,145158.0,145158.0,0
20130228T,45239.0,45239.0,45239.0,45239.0,0
20130301T,63876.0,63876.0,63876.0,63876.0,0
20130304T,63750.0,63750.0,63750.0,63750.0,0
20130305T,73586.0,73586.0,73586.0,73586.0,0
20130306T,72730.0,72730.0,72730.0,72730.0,0
20130307T,67819.0,67819.0,67819.0,67819.0,0
20130308T,55760.0,55760.0,55760.0,55760.0,0
20130311T,55537.0,55537.0,55537.0,55537.0,0
20130312T,58522.0,58522.0,58522.0,58522.0,0
20130313T,61438.0,61438.0,61438.0,61438.0,0
20130314T,50421.0,50421.0,50421.0,50421.0,0
20130315T,39859.0,39859.0,39859.0,39859.0,0
20130318T,49521.0,49521.0,49521.0,49521.0,0
20130319T,86378.0,86378.0,86378.0,86378.0,0
20130320T,89359.0,89359.0,89359.0,89359.0,0
20130321T,108214.0,108214.0,108214.0,108214.0,0
20130322T,107523.0,107523.0,107523.0,107523.0,0
20130325T,103689.0,103689.0,103689.0,103689.0,0
20130326T,112678.0,112678.0,112678.0,112678.0,0
20130328T,27384.0,27384.0,27384.0,27384.0,0
20130401T,45385.0,45385.0,45385.0,45385.0,0
20130402T,41175.0,41175.0,41175.0,41175.0,0
20130403T,55149.0,55149.0,55149.0,55149.0,0
20130404T,84544.0,84544.0,84544.0,84544.0,0
20130405T,108728.0,108728.0,108728.0,108728.0,0
20130408T,119095.0,119095.0,119095.0,119095.0,0
20130409T,130769.0,130769.0,130769.0,130769.0,0
20130410T,142628.0,142628.0,142628.0,142628.0,0
20130411T,141436.0,141436.0,141436.0,141436.0,0
20130412T,150704.0,150704.0,150704.0,150704.0,0
20130415T,161098.0,161098.0,161098.0,161098.0,0
20130416T,140940.0,140940.0,140940.0,140940.0,0
20130417T,125045.0,125045.0,125045.0,125045.0,0
20130418T,101003.0,101003.0,101003.0,101003.0,0
20130422T,63481.0,63481.0,63481.0,63481.0,0
20130423T,32029.0,32029.0,32029.0,32029.0,0
20130425T,-87080.0,-87080.0,-87080.0,-87080.0,0
20130426T,-99335.0,-99335.0,-99335.0,-99335.0,0
20130429T,-102820.0,-102820.0,-102820.0,-102820.0,0
20130430T,-98892.0,-98892.0,-98892.0,-98892.0,0
20130502T,-121892.0,-121892.0,-121892.0,-121892.0,0
20130503T,-124237.0,-124237.0,-124237.0,-124237.0,0
20130506T,-135531.0,-135531.0,-135531.0,-135531.0,0
20130507T,-157111.0,-157111.0,-157111.0,-157111.0,0
20130508T,-188607.0,-188607.0,-188607.0,-188607.0,0
20130509T,-191177.0,-191177.0,-191177.0,-191177.0,0
20130510T,-208572.0,-208572.0,-208572.0,-208572.0,0
20130513T,-199110.0,-199110.0,-199110.0,-199110.0,0
20130514T,-208593.0,-208593.0,-208593.0,-208593.0,0
20130515T,-243102.0,-243102.0,-243102.0,-243102.0,0
20130516T,-246615.0,-246615.0,-246615.0,-246615.0,0
20130517T,-247145.0,-247145.0,-247145.0,-247145.0,0
20130520T,-246954.0,-246954.0,-246954.0,-246954.0,0
20130521T,-250415.0,-250415.0,-250415.0,-250415.0,0
20130522T,-263900.0,-263900.0,-263900.0,-263900.0,0
20130523T,-227936.0,-227936.0,-227936.0,-227936.0,0
20130524T,-231053.0,-231053.0,-231053.0,-231053.0,0
20130527T,-236953.0,-236953.0,-236953.0,-236953.0,0
20130528T,-252352.0,-252352.0,-252352.0,-252352.0,0
20130529T,-256316.0,-256316.0,-256316.0,-256316.0,0
20130530T,-144372.0,-144372.0,-144372.0,-144372.0,0
20130531T,-107316.0,-107316.0,-107316.0,-107316.0,0
20130603T,-88429.0,-88429.0,-88429.0,-88429.0,0
20130604T,-75615.0,-75615.0,-75615.0,-75615.0,0
20130605T,-67620.0,-67620.0,-67620.0,-67620.0,0
20130606T,-41501.0,-41501.0,-41501.0,-41501.0,0
20130607T,-23374.0,-23374.0,-23374.0,-23374.0,0
20130610T,-23905.0,-23905.0,-23905.0,-23905.0,0
20130611T,14114.0,14114.0,14114.0,14114.0,0
20130612T,34481.0,34481.0,34481.0,34481.0,0
20130613T,58448.0,58448.0,58448.0,58448.0,0
20130614T,48806.0,48806.0,48806.0,48806.0,0
20130617T,66465.0,66465.0,66465.0,66465.0,0
20130618T,76880.0,76880.0,76880.0,76880.0,0
20130619T,91785.0,91785.0,91785.0,91785.0,0
20130620T,143722.0,143722.0,143722.0,143722.0,0
20130621T,149753.0,149753.0,149753.0,149753.0,0
20130624T,164494.0,164494.0,164494.0,164494.0,0
20130625T,158522.0,158522.0,158522.0,158522.0,0
20130626T,159988.0,159988.0,159988.0,159988.0,0
20130627T,-1257.0,-1257.0,-1257.0,-1257.0,0
20130628T,-32027.0,-32027.0,-32027.0,-32027.0,0
20130701T,-25184.0,-25184.0,-25184.0,-25184.0,0
20130702T,-18534.0,-18534.0,-18534.0,-18534.0,0
20130703T,-9126.0,-9126.0,-9126.0,-9126.0,0
20130704T,303.0,303.0,303.0,303.0,0
20130705T,3291.0,3291.0,3291.0,3291.0,0
20130708T,13867.0,13867.0,13867.0,13867.0,0
20130709T,13323.0,13323.0,13323.0,13323.0,0
20130710T,16887.0,16887.0,16887.0,16887.0,0
20130711T,-17415.0,-17415.0,-17415.0,-17415.0,0
20130712T,-27094.0,-27094.0,-27094.0,-27094.0,0
20130715T,-24389.0,-24389.0,-24389.0,-24389.0,0
20130716T,-24386.0,-24386.0,-24386.0,-24386.0,0
20130717T,-26689.0,-26689.0,-26689.0,-26689.0,0
20130718T,-29921.0,-29921.0,-29921.0,-29921.0,0
20130719T,-47156.0,-47156.0,-47156.0,-47156.0,0
20130722T,-68881.0,-68881.0,-68881.0,-68881.0,0
20130723T,-96266.0,-96266.0,-96266.0,-96266.0,0
20130724T,-116124.0,-116124.0,-116124.0,-116124.0,0
20130725T,-101439.0,-101439.0,-101439.0,-101439.0,0
20130726T,-98133.0,-98133.0,-98133.0,-98133.0,0
20130729T,-100081.0,-100081.0,-100081.0,-100081.0,0
20130730T,-83156.0,-83156.0,-83156.0,-83156.0,0
20130731T,-56761.0,-56761.0,-56761.0,-56761.0,0
20130801T,-45859.0,-45859.0,-45859.0,-45859.0,0
20130802T,-30438.0,-30438.0,-30438.0,-30438.0,0
20130805T,-18868.0,-18868.0,-18868.0,-18868.0,0
20130806T,7265.0,7265.0,7265.0,7265.0,0
20130807T,18676.0,18676.0,18676.0,18676.0,0
20130808T,14612.0,14612.0,14612.0,14612.0,0
20130812T,36057.0,36057.0,36057.0,36057.0,0
20130813T,47684.0,47684.0,47684.0,47684.0,0
20130814T,64265.0,64265.0,64265.0,64265.0,0
20130816T,106630.0,106630.0,106630.0,106630.0,0
20130819T,129381.0,129381.0,129381.0,129381.0,0
20130820T,145279.0,145279.0,145279.0,145279.0,0
20130821T,167379.0,167379.0,167379.0,167379.0,0
20130822T,0.0,0.0,0.0,0.0,0
20130823T,171931.0,171931.0,171931.0,171931.0,0
20130826T,187851.0,187851.0,187851.0,187851.0,0
20130827T,209727.0,209727.0,209727.0,209727.0,0
20130828T,214098.0,214098.0,214098.0,214098.0,0
20130829T,49655.0,49655.0,49655.0,49655.0,0
20130830T,70819.0,70819.0,70819.0,70819.0,0
20130902T,79344.0,79344.0,79344.0,79344.0,0
20130903T,118667.0,118667.0,118667.0,118667.0,0
20130904T,106991.0,106991.0,106991.0,106991.0,0
20130905T,83889.0,83889.0,83889.0,83889.0,0
20130906T,56256.0,56256.0,56256.0,56256.0,0
20130910T,-9099.0,-9099.0,-9099.0,-9099.0,0
20130911T,-15465.0,-15465.0,-15465.0,-15465.0,0
20130912T,-8846.0,-8846.0,-8846.0,-8846.0,0
20130913T,-11745.0,-11745.0,-11745.0,-11745.0,0
20130916T,-14300.0,-14300.0,-14300.0,-14300.0,0
20130917T,-29601.0,-29601.0,-29601.0,-29601.0,0
20130918T,-45706.0,-45706.0,-45706.0,-45706.0,0
20130919T,-129127.0,-129127.0,-129127.0,-129127.0,0
20130920T,-158302.0,-158302.0,-158302.0,-158302.0,0
20130923T,-149300.0,-149300.0,-149300.0,-149300.0,0
20130924T,-173976.0,-173976.0,-173976.0,-173976.0,0
20130925T,-174958.0,-174958.0,-174958.0,-174958.0,0
20130926T,-136096.0,-136096.0,-136096.0,-136096.0,0
20130927T,-123883.0,-123883.0,-123883.0,-123883.0,0
20130930T,-99821.0,-99821.0,-99821.0,-99821.0,0
20131001T,-102085.0,-102085.0,-102085.0,-102085.0,0
20131003T,-108740.0,-108740.0,-108740.0,-108740.0,0
20131004T,-114203.0,-114203.0,-114203.0,-114203.0,0
20131007T,-108358.0,-108358.0,-108358.0,-108358.0,0
20131008T,-100165.0,-100165.0,-100165.0,-100165.0,0
20131010T,-131336.0,-131336.0,-131336.0,-131336.0,0
20131011T,-164899.0,-164899.0,-164899.0,-164899.0,0
20131014T,-178853.0,-178853.0,-178853.0,-178853.0,0
20131015T,-180799.0,-180799.0,-180799.0,-180799.0,0
20131017T,-187295.0,-187295.0,-187295.0,-187295.0,0
20131018T,-217383.0,-217383.0,-217383.0,-217383.0,0
20131021T,-217950.0,-217950.0,-217950.0,-217950.0,0
20131022T,-220885.0,-220885.0,-220885.0,-220885.0,0
20131023T,-211831.0,-211831.0,-211831.0,-211831.0,0
20131024T,-207000.0,-207000.0,-207000.0,-207000.0,0
20131025T,-209044.0,-209044.0,-209044.0,-209044.0,0
20131028T,-220225.0,-220225.0,-220225.0,-220225.0,0
20131029T,-249632.0,-249632.0,-249632.0,-249632.0,0
20131030T,-260995.0,-260995.0,-260995.0,-260995.0,0
20131031T,-269211.0,-269211.0,-269211.0,-269211.0,0
20131101T,-284761.0,-284761.0,-284761.0,-284761.0,0
20131105T,-271998.0,-271998.0,-271998.0,-271998.0,0
20131106T,-251625.0,-251625.0,-251625.0,-251625.0,0
20131107T,-250616.0,-250616.0,-250616.0,-250616.0,0
20131108T,-233721.0,-233721.0,-233721.0,-233721.0,0
20131111T,-224992.0,-224992.0,-224992.0,-224992.0,0
20131112T,-210812.0,-210812.0,-210812.0,-210812.0,0
20131113T,-204274.0,-204274.0,-204274.0,-204274.0,0
20131114T,-206005.0,-206005.0,-206005.0,-206005.0,0
20131118T,-218866.0,-218866.0,-218866.0,-218866.0,0
20131119T,-225281.0,-225281.0,-225281.0,-225281.0,0
20131120T,-213904.0,-213904.0,-213904.0,-213904.0,0
20131121T,-178015.0,-178015.0,-178015.0,-178015.0,0
20131122T,-163923.0,-163923.0,-163923.0,-163923.0,0
20131125T,-195627.0,-195627.0,-195627.0,-195627.0,0
20131126T,-200559.0,-200559.0,-200559.0,-200559.0,0
20131127T,-206628.0,-206628.0,-206628.0,-206628.0,0
20131128T,-193792.0,-193792.0,-193792.0,-193792.0,0
20131129T,-202374.0,-202374.0,-202374.0,-202374.0,0
20131202T,-213606.0,-213606.0,-213606.0,-213606.0,0
20131203T,-214761.0,-214761.0,-214761.0,-214761.0,0
20131204T,-197668.0,-197668.0,-197668.0,-197668.0,0
20131205T,-216049.0,-216049.0,-216049.0,-216049.0,0
20131206T,-220284.0,-220284.0,-220284.0,-220284.0,0
20131209T,-262683.0,-262683.0,-262683.0,-262683.0,0
20131210T,-269683.0,-269683.0,-269683.0,-269683.0,0
20131211T,-275208.0,-275208.0,-275208.0,-275208.0,0
20131212T,-258995.0,-258995.0,-258995.0,-258995.0,0
20131213T,-241349.0,-241349.0,-241349.0,-241349.0,0
20131216T,-230305.0,-230305.0,-230305.0,-230305.0,0
20131217T,-226892.0,-226892.0,-226892.0,-226892.0,0
20131218T,-236984.0,-236984.0,-236984.0,-236984.0,0
20131219T,-194770.0,-194770.0,-194770.0,-194770.0,0
20131220T,-197805.0,-197805.0,-197805.0,-197805.0,0
20131223T,-208416.0,-208416.0,-208416.0,-208416.0,0
20131224T,-212168.0,-212168.0,-212168.0,-212168.0,0
20131226T,-196668.0,-196668.0,-196668.0,-196668.0,0
20131227T,-194861.0,-194861.0,-194861.0,-194861.0,0
20131230T,-193649.0,-193649.0,-193649.0,-193649.0,0
20131231T,-194328.0,-194328.0,-194328.0,-194328.0,0
20140101T,-195517.0,-195517.0,-195517.0,-195517.0,0
20140102T,-190672.0,-190672.0,-190672.0,-190672.0,0
20140103T,-168868.0,-168868.0,-168868.0,-168868.0,0
20140106T,-155198.0,-155198.0,-155198.0,-155198.0,0
20140107T,-114961.0,-114961.0,-114961.0,-114961.0,0
20140108T,-103683.0,-103683.0,-103683.0,-103683.0,0
20140109T,-89212.0,-89212.0,-89212.0,-89212.0,0
20140110T,-86957.0,-86957.0,-86957.0,-86957.0,0
20140113T,-107048.0,-107048.0,-107048.0,-107048.0,0
20140114T,-99772.0,-99772.0,-99772.0,-99772.0,0
20140115T,-129713.0,-129713.0,-129713.0,-129713.0,0
20140116T,-149677.0,-149677.0,-149677.0,-149677.0,0
20140117T,-143495.0,-143495.0,-143495.0,-143495.0,0
20140120T,-142150.0,-142150.0,-142150.0,-142150.0,0
20140121T,-136051.0,-136051.0,-136051.0,-136051.0,0
20140122T,-142312.0,-142312.0,-142312.0,-142312.0,0
20140123T,-147060.0,-147060.0,-147060.0,-147060.0,0
20140124T,-141281.0,-141281.0,-141281.0,-141281.0,0
20140127T,-118727.0,-118727.0,-118727.0,-118727.0,0
20140128T,-115652.0,-115652.0,-115652.0,-115652.0,0
20140129T,-93147.0,-93147.0,-93147.0,-93147.0,0
20140130T,-91349.0,-91349.0,-91349.0,-91349.0,0
20140131T,-81907.0,-81907.0,-81907.0,-81907.0,0
20140203T,-68328.0,-68328.0,-68328.0,-68328.0,0
20140204T,-63316.0,-63316.0,-63316.0,-63316.0,0
20140205T,-39920.0,-39920.0,-39920.0,-39920.0,0
20140206T,-20024.0,-20024.0,-20024.0,-20024.0,0
20140207T,-29145.0,-29145.0,-29145.0,-29145.0,0
20140210T,-26799.0,-26799.0,-26799.0,-26799.0,0
20140211T,-17184.0,-17184.0,-17184.0,-17184.0,0
20140212T,-20096.0,-20096.0,-20096.0,-20096.0,0
20140213T,-5894.0,-5894.0,-5894.0,-5894.0,0
20140214T,-5165.0,-5165.0,-5165.0,-5165.0,0
20140217T,-13026.0,-13026.0,-13026.0,-13026.0,0
20140218T,-21764.0,-21764.0,-21764.0,-21764.0,0
20140219T,-19387.0,-19387.0,-19387.0,-19387.0,0
20140220T,-19368.0,-19368.0,-19368.0,-19368.0,0
20140221T,-19263.0,-19263.0,-19263.0,-19263.0,0
20140225T,-74766.0,-74766.0,-74766.0,-74766.0,0
20140226T,-126634.0,-126634.0,-126634.0,-126634.0,0
20140228T,-111136.0,-111136.0,-111136.0,-111136.0,0
20140303T,-103450.0,-103450.0,-103450.0,-103450.0,0
20140304T,-118224.0,-118224.0,-118224.0,-118224.0,0
20140305T,-125291.0,-125291.0,-125291.0,-125291.0,0
20140306T,-157064.0,-157064.0,-157064.0,-157064.0,0
20140307T,-199125.0,-199125.0,-199125.0,-199125.0,0
20140310T,-201846.0,-201846.0,-201846.0,-201846.0,0
20140311T,-208690.0,-208690.0,-208690.0,-208690.0,0
20140312T,-211181.0,-211181.0,-211181.0,-211181.0,0
20140313T,-216775.0,-216775.0,-216775.0,-216775.0,0
20140314T,-208742.0,-208742.0,-208742.0,-208742.0,0
20140318T,-216339.0,-216339.0,-216339.0,-216339.0,0
20140319T,-220495.0,-220495.0,-220495.0,-220495.0,0
20140320T,-215563.0,-215563.0,-215563.0,-215563.0,0
20140321T,-210208.0,-210208.0,-210208.0,-210208.0,0
20140324T,-240085.0,-240085.0,-240085.0,-240085.0,0
20140325T,-254061.0,-254061.0,-254061.0,-254061.0,0
20140326T,-272891.0,-272891.0,-272891.0,-272891.0,0
20140327T,-165720.0,-165720.0,-165720.0,-165720.0,0
20140328T,-166333.0,-166333.0,-166333.0,-166333.0,0
20140331T,-167471.0,-167471.0,-167471.0,-167471.0,0
20140401T,-160222.0,-160222.0,-160222.0,-160222.0,0
20140402T,-156997.0,-156997.0,-156997.0,-156997.0,0
20140403T,-155203.0,-155203.0,-155203.0,-155203.0,0
20140404T,-158238.0,-158238.0,-158238.0,-158238.0,0
20140407T,-167060.0,-167060.0,-167060.0,-167060.0,0
20140409T,-174697.0,-174697.0,-174697.0,-174697.0,0
20140410T,-174428.0,-174428.0,-174428.0,-174428.0,0
20140411T,-170263.0,-170263.0,-170263.0,-170263.0,0
20140415T,-149040.0,-149040.0,-149040.0,-149040.0,0
20140416T,-160192.0,-160192.0,-160192.0,-160192.0,0
20140417T,-181433.0,-181433.0,-181433.0,-181433.0,0
20140421T,-193601.0,-193601.0,-193601.0,-193601.0,0
20140422T,-206550.0,-206550.0,-206550.0,-206550.0,0
20140423T,-154096.0,-154096.0,-154096.0,-154096.0,0
20140425T,-128007.0,-128007.0,-128007.0,-128007.0,0
20140428T,-127655.0,-127655.0,-127655.0,-127655.0,0
20140429T,-119655.0,-119655.0,-119655.0,-119655.0,0
20140430T,-115925.0,-115925.0,-115925.0,-115925.0,0
20140502T,-107784.0,-107784.0,-107784.0,-107784.0,0
20140505T,-113494.0,-113494.0,-113494.0,-113494.0,0
20140506T,-109164.0,-109164.0,-109164.0,-109164.0,0
20140507T,-104197.0,-104197.0,-104197.0,-104197.0,0
20140508T,-103132.0,-103132.0,-103132.0,-103132.0,0
20140509T,-124610.0,-124610.0,-124610.0,-124610.0,0
20140512T,-118519.0,-118519.0,-118519.0,-118519.0,0
20140513T,-139208.0,-139208.0,-139208.0,-139208.0,0
20140514T,-145890.0,-145890.0,-145890.0,-145890.0,0
20140515T,-146368.0,-146368.0,-146368.0,-146368.0,0
20140516T,-135255.0,-135255.0,-135255.0,-135255.0,0
20140519T,-148829.0,-148829.0,-148829.0,-148829.0,0
20140520T,-162036.0,-162036.0,-162036.0,-162036.0,0
20140521T,-175811.0,-175811.0,-175811.0,-175811.0,0
20140522T,-172108.0,-172108.0,-172108.0,-172108.0,0
20140523T,-150679.0,-150679.0,-150679.0,-150679.0,0
20140526T,-152030.0,-152030.0,-152030.0,-152030.0,0
20140527T,-155149.0,-155149.0,-155149.0,-155149.0,0
20140528T,-167658.0,-167658.0,-167658.0,-167658.0,0
20140529T,-112970.0,-112970.0,-112970.0,-112970.0,0
20140530T,-114166.0,-114166.0,-114166.0,-114166.0,0
20140602T,-110843.0,-110843.0,-110843.0,-110843.0,0
20140603T,-95170.0,-95170.0,-95170.0,-95170.0,0
20140604T,-78851.0,-78851.0,-78851.0,-78851.0,0
20140605T,-50389.0,-50389.0,-50389.0,-50389.0,0
20140606T,-38728.0,-38728.0,-38728.0,-38728.0,0
20140609T,-29946.0,-29946.0,-29946.0,-29946.0,0
20140610T,-13181.0,-13181.0,-13181.0,-13181.0,0
20140611T,-14992.0,-14992.0,-14992.0,-14992.0,0
20140612T,-13134.0,-13134.0,-13134.0,-13134.0,0
20140613T,-18782.0,-18782.0,-18782.0,-18782.0,0
20140616T,-33736.0,-33736.0,-33736.0,-33736.0,0
20140617T,-33103.0,-33103.0,-33103.0,-33103.0,0
20140618T,-24610.0,-24610.0,-24610.0,-24610.0,0
20140619T,-20007.0,-20007.0,-20007.0,-20007.0,0
20140620T,-17155.0,-17155.0,-17155.0,-17155.0,0
20140623T,-27611.0,-27611.0,-27611.0,-27611.0,0
20140624T,-43109.0,-43109.0,-43109.0,-43109.0,0
20140625T,-47958.0,-47958.0,-47958.0,-47958.0,0
20140626T,-85888.0,-85888.0,-85888.0,-85888.0,0
20140627T,-78774.0,-78774.0,-78774.0,-78774.0,0
20140630T,-59259.0,-59259.0,-59259.0,-59259.0,0
20140701T,-50662.0,-50662.0,-50662.0,-50662.0,0
20140702T,-70297.0,-70297.0,-70297.0,-70297.0,0
20140703T,-65402.0,-65402.0,-65402.0,-65402.0,0
20140704T,-56244.0,-56244.0,-56244.0,-56244.0,0
20140707T,-29201.0,-29201.0,-29201.0,-29201.0,0
20140708T,-30873.0,-30873.0,-30873.0,-30873.0,0
20140709T,-15438.0,-15438.0,-15438.0,-15438.0,0
20140710T,-10444.0,-10444.0,-10444.0,-10444.0,0
20140711T,-7209.0,-7209.0,-7209.0,-7209.0,0
20140714T,-25403.0,-25403.0,-25403.0,-25403.0,0
20140715T,-15151.0,-15151.0,-15151.0,-15151.0,0
20140716T,-3190.0,-3190.0,-3190.0,-3190.0,0
20140718T,8870.0,8870.0,8870.0,8870.0,0
20140721T,4831.0,4831.0,4831.0,4831.0,0
20140722T,-12307.0,-12307.0,-12307.0,-12307.0,0
20140723T,-17830.0,-17830.0,-17830.0,-17830.0,0
20140724T,-12822.0,-12822.0,-12822.0,-12822.0,0
20140725T,-23949.0,-23949.0,-23949.0,-23949.0,0
20140728T,-34771.0,-34771.0,-34771.0,-34771.0,0
20140730T,-66218.0,-66218.0,-66218.0,-66218.0,0
20140731T,-92152.0,-92152.0,-92152.0,-92152.0,0
20140801T,-58478.0,-58478.0,-58478.0,-58478.0,0
20140804T,-70089.0,-70089.0,-70089.0,-70089.0,0
20140805T,-57855.0,-57855.0,-57855.0,-57855.0,0
20140806T,-40629.0,-40629.0,-40629.0,-40629.0,0
20140807T,-27282.0,-27282.0,-27282.0,-27282.0,0
20140808T,14353.0,14353.0,14353.0,14353.0,0
20140811T,18627.0,18627.0,18627.0,18627.0,0
20140812T,-2331.0,-2331.0,-2331.0,-2331.0,0
20140813T,-5415.0,-5415.0,-5415.0,-5415.0,0
20140814T,-15499.0,-15499.0,-15499.0,-15499.0,0
20140818T,-15530.0,-15530.0,-15530.0,-15530.0,0
20140819T,-23716.0,-23716.0,-23716.0,-23716.0,0
20140820T,-26902.0,-26902.0,-26902.0,-26902.0,0
20140821T,-19265.0,-19265.0,-19265.0,-19265.0,0
20140822T,-30482.0,-30482.0,-30482.0,-30482.0,0
20140825T,-43445.0,-43445.0,-43445.0,-43445.0,0
20140826T,-46364.0,-46364.0,-46364.0,-46364.0,0
20140827T,-52912.0,-52912.0,-52912.0,-52912.0,0
20140828T,-136439.0,-136439.0,-136439.0,-136439.0,0
20140901T,-136146.0,-136146.0,-136146.0,-136146.0,0
20140902T,-137141.0,-137141.0,-137141.0,-137141.0,0
20140903T,-116578.0,-116578.0,-116578.0,-116578.0,0
20140904T,-111410.0,-111410.0,-111410.0,-111410.0,0
20140905T,-99494.0,-99494.0,-99494.0,-99494.0,0
20140908T,-98440.0,-98440.0,-98440.0,-98440.0,0
20140909T,-95493.0,-95493.0,-95493.0,-95493.0,0
20140910T,-91131.0,-91131.0,-91131.0,-91131.0,0
20140911T,-87284.0,-87284.0,-87284.0,-87284.0,0
20140912T,-82865.0,-82865.0,-82865.0,-82865.0,0
20140915T,-58809.0,-58809.0,-58809.0,-58809.0,0
20140916T,-57038.0,-57038.0,-57038.0,-57038.0,0
20140917T,-64357.0,-64357.0,-64357.0,-64357.0,0
20140918T,-83714.0,-83714.0,-83714.0,-83714.0,0
20140919T,-79057.0,-79057.0,-79057.0,-79057.0,0
20140922T,-83781.0,-83781.0,-83781.0,-83781.0,0
20140923T,-91076.0,-91076.0,-91076.0,-91076.0,0
20140924T,-87276.0,-87276.0,-87276.0,-87276.0,0
20140925T,-144402.0,-144402.0,-144402.0,-144402.0,0
20140926T,-138085.0,-138085.0,-138085.0,-138085.0,0
20140929T,-132783.0,-132783.0,-132783.0,-132783.0,0
20140930T,-128938.0,-128938.0,-128938.0,-128938.0,0
20141001T,-130827.0,-130827.0,-130827.0,-130827.0,0
20141007T,-125144.0,-125144.0,-125144.0,-125144.0,0
20141008T,-139631.0,-139631.0,-139631.0,-139631.0,0
20141009T,-147776.0,-147776.0,-147776.0,-147776.0,0
20141010T,-119782.0,-119782.0,-119782.0,-119782.0,0
20141013T,-104908.0,-104908.0,-104908.0,-104908.0,0
20141014T,-101952.0,-101952.0,-101952.0,-101952.0,0
20141016T,-94490.0,-94490.0,-94490.0,-94490.0,0
20141017T,-122626.0,-122626.0,-122626.0,-122626.0,0
20141020T,-151764.0,-151764.0,-151764.0,-151764.0,0
20141021T,-165938.0,-165938.0,-165938.0,-165938.0,0
20141022T,-170982.0,-170982.0,-170982.0,-170982.0,0
20141023T,-175092.0,-175092.0,-175092.0,-175092.0,0
20141027T,-191482.0,-191482.0,-191482.0,-191482.0,0
20141028T,-204671.0,-204671.0,-204671.0,-204671.0,0
20141029T,-237917.0,-237917.0,-237917.0,-237917.0,0
20141030T,-224741.0,-224741.0,-224741.0,-224741.0,0
20141031T,-503171.0,-503171.0,-503171.0,-503171.0,0
20141103T,-515272.0,-515272.0,-515272.0,-515272.0,0
20141105T,-548600.0,-548600.0,-548600.0,-548600.0,0
20141107T,-551839.0,-551839.0,-551839.0,-551839.0,0
20141110T,-553246.0,-553246.0,-553246.0,-553246.0,0
20141111T,-531863.0,-531863.0,-531863.0,-531863.0,0
20141112T,-540786.0,-540786.0,-540786.0,-540786.0,0
20141113T,-531230.0,-531230.0,-531230.0,-531230.0,0
20141114T,-505382.0,-505382.0,-505382.0,-505382.0,0
20141117T,-500986.0,-500986.0,-500986.0,-500986.0,0
20141118T,-497793.0,-497793.0,-497793.0,-497793.0,0
20141119T,-513260.0,-513260.0,-513260.0,-513260.0,0
20141120T,-521302.0,-521302.0,-521302.0,-521302.0,0
20141121T,-525327.0,-525327.0,-525327.0,-525327.0,0
20141124T,-523679.0,-523679.0,-523679.0,-523679.0,0
20141125T,-542416.0,-542416.0,-542416.0,-542416.0,0
20141126T,-558398.0,-558398.0,-558398.0,-558398.0,0
20141127T,-564305.0,-564305.0,-564305.0,-564305.0,0
20141128T,-626947.0,-626947.0,-626947.0,-626947.0,0
20141201T,-607092.0,-607092.0,-607092.0,-607092.0,0
20141202T,-573064.0,-573064.0,-573064.0,-573064.0,0
20141203T,-530328.0,-530328.0,-530328.0,-530328.0,0
20141204T,-501978.0,-501978.0,-501978.0,-501978.0,0
20141205T,-519830.0,-519830.0,-519830.0,-519830.0,0
20141208T,-547586.0,-547586.0,-547586.0,-547586.0,0
20141209T,-574424.0,-574424.0,-574424.0,-574424.0,0
20141210T,-556852.0,-556852.0,-556852.0,-556852.0,0
20141211T,-521920.0,-521920.0,-521920.0,-521920.0,0
20141212T,-541516.0,-541516.0,-541516.0,-541516.0,0
20141215T,-554244.0,-554244.0,-554244.0,-554244.0,0
20141216T,-535071.0,-535071.0,-535071.0,-535071.0,0
20141217T,-534105.0,-534105.0,-534105.0,-534105.0,0
20141218T,-531092.0,-531092.0,-531092.0,-531092.0,0
20141219T,-532651.0,-532651.0,-532651.0,-532651.0,0
20141222T,-525999.0,-525999.0,-525999.0,-525999.0,0
20141223T,-550722.0,-550722.0,-550722.0,-550722.0,0
20141224T,-527152.0,-527152.0,-527152.0,-527152.0,0
20141226T,-509835.0,-509835.0,-509835.0,-509835.0,0
20141229T,-535932.0,-535932.0,-535932.0,-535932.0,0
20141230T,-544959.0,-544959.0,-544959.0,-544959.0,0
20141231T,-527776.0,-527776.0,-527776.0,-527776.0,0
20150101T,-519575.0,-519575.0,-519575.0,-519575.0,0
20150102T,-531067.0,-531067.0,-531067.0,-531067.0,0
20150105T,-493593.0,-493593.0,-493593.0,-493593.0,0
20150106T,-365720.0,-365720.0,-365720.0,-365720.0,0
20150107T,-360305.0,-360305.0,-360305.0,-360305.0,0
20150108T,-349527.0,-349527.0,-349527.0,-349527.0,0
20150109T,-334740.0,-334740.0,-334740.0,-334740.0,0
20150112T,-322563.0,-322563.0,-322563.0,-322563.0,0
20150113T,-323218.0,-323218.0,-323218.0,-323218.0,0
20150114T,-345369.0,-345369.0,-345369.0,-345369.0,0
20150115T,-494851.0,-494851.0,-494851.0,-494851.0,0
20150116T,-443676.0,-443676.0,-443676.0,-443676.0,0
20150119T,-421774.0,-421774.0,-421774.0,-421774.0,0
20150120T,-492053.0,-492053.0,-492053.0,-492053.0,0
20150121T,-515161.0,-515161.0,-515161.0,-515161.0,0
20150122T,-563138.0,-563138.0,-563138.0,-563138.0,0
20150123T,-602882.0,-602882.0,-602882.0,-602882.0,0
20150127T,-674959.0,-674959.0,-674959.0,-674959.0,0
20150128T,-689717.0,-689717.0,-689717.0,-689717.0,0
20150129T,-641604.0,-641604.0,-641604.0,-641604.0,0
20150130T,-644706.0,-644706.0,-644706.0,-644706.0,0
20150202T,-655484.0,-655484.0,-655484.0,-655484.0,0
20150203T,-656571.0,-656571.0,-656571.0,-656571.0,0
20150204T,-666822.0,-666822.0,-666822.0,-666822.0,0
20150205T,-657624.0,-657624.0,-657624.0,-657624.0,0
20150206T,-645793.0,-645793.0,-645793.0,-645793.0,0
20150209T,-590821.0,-590821.0,-590821.0,-590821.0,0
20150210T,-625178.0,-625178.0,-625178.0,-625178.0,0
20150211T,-615475.0,-615475.0,-615475.0,-615475.0,0
20150212T,-599995.0,-599995.0,-599995.0,-599995.0,0
20150213T,-638321.0,-638321.0,-638321.0,-638321.0,0
20150216T,-671567.0,-671567.0,-671567.0,-671567.0,0
20150218T,-675391.0,-675391.0,-675391.0,-675391.0,0
20150219T,-673832.0,-673832.0,-673832.0,-673832.0,0
20150220T,-656802.0,-656802.0,-656802.0,-656802.0,0
20150223T,-640274.0,-640274.0,-640274.0,-640274.0,0
20150224T,-646503.0,-646503.0,-646503.0,-646503.0,0
20150225T,-606321.0,-606321.0,-606321.0,-606321.0,0
20150226T,-566448.0,-566448.0,-566448.0,-566448.0,0
20150227T,-592142.0,-592142.0,-592142.0,-592142.0,0
20150302T,-694170.0,-694170.0,-694170.0,-694170.0,0
20150303T,-715567.0,-715567.0,-715567.0,-715567.0,0
20150304T,-688724.0,-688724.0,-688724.0,-688724.0,0
20150305T,-694931.0,-694931.0,-694931.0,-694931.0,0
20150309T,-622760.0,-622760.0,-622760.0,-622760.0,0
20150310T,-595895.0,-595895.0,-595895.0,-595895.0,0
20150311T,-617416.0,-617416.0,-617416.0,-617416.0,0
20150312T,-627889.0,-627889.0,-627889.0,-627889.0,0
20150313T,-613408.0,-613408.0,-613408.0,-613408.0,0
20150316T,-613980.0,-613980.0,-613980.0,-613980.0,0
20150317T,-598976.0,-598976.0,-598976.0,-598976.0,0
20150318T,-576116.0,-576116.0,-576116.0,-576116.0,0
20150319T,-550529.0,-550529.0,-550529.0,-550529.0,0
20150320T,-560759.0,-560759.0,-560759.0,-560759.0,0
20150323T,-558611.0,-558611.0,-558611.0,-558611.0,0
20150324T,-591009.0,-591009.0,-591009.0,-591009.0,0
20150325T,-543027.0,-543027.0,-543027.0,-543027.0,0
20150326T,-408100.0,-408100.0,-408100.0,-408100.0,0
20150327T,-389537.0,-389537.0,-389537.0,-389537.0,0
20150330T,-357250.0,-357250.0,-357250.0,-357250.0,0
20150331T,-352753.0,-352753.0,-352753.0,-352753.0,0
20150401T,-359608.0,-359608.0,-359608.0,-359608.0,0
20150406T,-316570.0,-316570.0,-316570.0,-316570.0,0
20150407T,-310543.0,-310543.0,-310543.0,-310543.0,0
20150408T,-356142.0,-356142.0,-356142.0,-356142.0,0
20150409T,-349453.0,-349453.0,-349453.0,-349453.0,0
20150410T,-347618.0,-347618.0,-347618.0,-347618.0,0
20150413T,-342339.0,-342339.0,-342339.0,-342339.0,0
20150415T,-356390.0,-356390.0,-356390.0,-356390.0,0
20150416T,-335630.0,-335630.0,-335630.0,-335630.0,0
20150417T,-376129.0,-376129.0,-376129.0,-376129.0,0
20150420T,-344533.0,-344533.0,-344533.0,-344533.0,0
20150421T,-352087.0,-352087.0,-352087.0,-352087.0,0
20150422T,-369819.0,-369819.0,-369819.0,-369819.0,0
20150423T,-333973.0,-333973.0,-333973.0,-333973.0,0
20150424T,-312262.0,-312262.0,-312262.0,-312262.0,0
20150427T,-307384.0,-307384.0,-307384.0,-307384.0,0
20150428T,-305815.0,-305815.0,-305815.0,-305815.0,0
20150429T,-270832.0,-270832.0,-270832.0,-270832.0,0
20150430T,-284372.0,-284372.0,-284372.0,-284372.0,0
20150504T,-257487.0,-257487.0,-257487.0,-257487.0,0
20150505T,-188504.0,-188504.0,-188504.0,-188504.0,0
20150506T,-66206.0,-66206.0,-66206.0,-66206.0,0
20150507T,-37806.0,-37806.0,-37806.0,-37806.0,0
20150508T,-26904.0,-26904.0,-26904.0,-26904.0,0
20150511T,-25467.0,-25467.0,-25467.0,-25467.0,0
20150512T,30056.0,30056.0,30056.0,30056.0,0
20150513T,42315.0,42315.0,42315.0,42315.0,0
20150514T,105139.0,105139.0,105139.0,105139.0,0
20150515T,116860.0,116860.0,116860.0,116860.0,0
20150518T,100610.0,100610.0,100610.0,100610.0,0
20150519T,95182.0,95182.0,95182.0,95182.0,0
20150520T,40022.0,40022.0,40022.0,40022.0,0
20150521T,46147.0,46147.0,46147.0,46147.0,0
20150522T,11366.0,11366.0,11366.0,11366.0,0
20150525T,-6653.0,-6653.0,-6653.0,-6653.0,0
20150526T,-4259.0,-4259.0,-4259.0,-4259.0,0
20150527T,-12687.0,-12687.0,-12687.0,-12687.0,0
20150528T,2347.0,2347.0,2347.0,2347.0,0
20150529T,-169581.0,-169581.0,-169581.0,-169581.0,0
20150601T,-161224.0,-161224.0,-161224.0,-161224.0,0
20150602T,-61795.0,-61795.0,-61795.0,-61795.0,0
20150603T,-38202.0,-38202.0,-38202.0,-38202.0,0
20150604T,-23333.0,-23333.0,-23333.0,-23333.0,0
20150605T,6019.0,6019.0,6019.0,6019.0,0
20150608T,22564.0,22564.0,22564.0,22564.0,0
20150609T,24036.0,24036.0,24036.0,24036.0,0
20150610T,33710.0,33710.0,33710.0,33710.0,0
20150611T,42546.0,42546.0,42546.0,42546.0,0
20150612T,49217.0,49217.0,49217.0,49217.0,0
20150615T,64437.0,64437.0,64437.0,64437.0,0
20150616T,90295.0,90295.0,90295.0,90295.0,0
20150617T,97523.0,97523.0,97523.0,97523.0,0
20150618T,73835.0,73835.0,73835.0,73835.0,0
20150619T,42805.0,42805.0,42805.0,42805.0,0
20150622T,-15145.0,-15145.0,-15145.0,-15145.0,0
20150623T,-52214.0,-52214.0,-52214.0,-52214.0,0
20150624T,-98034.0,-98034.0,-98034.0,-98034.0,0
20150625T,-194713.0,-194713.0,-194713.0,-194713.0,0
20150626T,-194153.0,-194153.0,-194153.0,-194153.0,0
20150629T,-250755.0,-250755.0,-250755.0,-250755.0,0
20150630T,-266722.0,-266722.0,-266722.0,-266722.0,0
20150701T,-279368.0,-279368.0,-279368.0,-279368.0,0
20150702T,-286559.0,-286559.0,-286559.0,-286559.0,0
20150703T,-292855.0,-292855.0,-292855.0,-292855.0,0
20150706T,-271273.0,-271273.0,-271273.0,-271273.0,0
20150707T,-274961.0,-274961.0,-274961.0,-274961.0,0
20150708T,-268588.0,-268588.0,-268588.0,-268588.0,0
20150709T,-251577.0,-251577.0,-251577.0,-251577.0,0
20150710T,-266633.0,-266633.0,-266633.0,-266633.0,0
20150713T,-290219.0,-290219.0,-290219.0,-290219.0,0
20150714T,-313713.0,-313713.0,-313713.0,-313713.0,0
20150715T,-355796.0,-355796.0,-355796.0,-355796.0,0
20150716T,-386024.0,-386024.0,-386024.0,-386024.0,0
20150717T,-393642.0,-393642.0,-393642.0,-393642.0,0
20150720T,-398658.0,-398658.0,-398658.0,-398658.0,0
20150721T,-416942.0,-416942.0,-416942.0,-416942.0,0
20150722T,-439506.0,-439506.0,-439506.0,-439506.0,0
20150723T,-416733.0,-416733.0,-416733.0,-416733.0,0
20150724T,-412655.0,-412655.0,-412655.0,-412655.0,0
20150727T,-382081.0,-382081.0,-382081.0,-382081.0,0
20150728T,-403841.0,-403841.0,-403841.0,-403841.0,0
20150729T,-355486.0,-355486.0,-355486.0,-355486.0,0
20150730T,-341882.0,-341882.0,-341882.0,-341882.0,0
20150731T,-352271.0,-352271.0,-352271.0,-352271.0,0
20150803T,-335407.0,-335407.0,-335407.0,-335407.0,0
20150804T,-307430.0,-307430.0,-307430.0,-307430.0,0
20150805T,-313212.0,-313212.0,-313212.0,-313212.0,0
20150806T,-308649.0,-308649.0,-308649.0,-308649.0,0
20150807T,-313147.0,-313147.0,-313147.0,-313147.0,0
20150810T,-326133.0,-326133.0,-326133.0,-326133.0,0
20150811T,-311021.0,-311021.0,-311021.0,-311021.0,0
20150812T,-227588.0,-227588.0,-227588.0,-227588.0,0
20150813T,-229082.0,-229082.0,-229082.0,-229082.0,0
20150814T,-242389.0,-242389.0,-242389.0,-242389.0,0
20150817T,-216937.0,-216937.0,-216937.0,-216937.0,0
20150818T,-206928.0,-206928.0,-206928.0,-206928.0,0
20150819T,-179799.0,-179799.0,-179799.0,-179799.0,0
20150820T,-116319.0,-116319.0,-116319.0,-116319.0,0
20150821T,-63782.0,-63782.0,-63782.0,-63782.0,0
20150824T,-16105.0,-16105.0,-16105.0,-16105.0,0
20150825T,-87614.0,-87614.0,-87614.0,-87614.0,0
20150826T,-81036.0,-81036.0,-81036.0,-81036.0,0
20150827T,-321031.0,-321031.0,-321031.0,-321031.0,0
20150828T,-370353.0,-370353.0,-370353.0,-370353.0,0
20150831T,-370419.0,-370419.0,-370419.0,-370419.0,0
20150901T,-330048.0,-330048.0,-330048.0,-330048.0,0
20150902T,-289405.0,-289405.0,-289405.0,-289405.0,0
20150903T,-296576.0,-296576.0,-296576.0,-296576.0,0
20150904T,-258216.0,-258216.0,-258216.0,-258216.0,0
20150907T,-236831.0,-236831.0,-236831.0,-236831.0,0
20150908T,-274498.0,-274498.0,-274498.0,-274498.0,0
20150909T,-267577.0,-267577.0,-267577.0,-267577.0,0
20150910T,-236888.0,-236888.0,-236888.0,-236888.0,0
20150911T,-229305.0,-229305.0,-229305.0,-229305.0,0
20150914T,-221915.0,-221915.0,-221915.0,-221915.0,0
20150915T,-225410.0,-225410.0,-225410.0,-225410.0,0
20150916T,-223615.0,-223615.0,-223615.0,-223615.0,0
20150918T,-217653.0,-217653.0,-217653.0,-217653.0,0
20150921T,-147733.0,-147733.0,-147733.0,-147733.0,0
20150922T,-85494.0,-85494.0,-85494.0,-85494.0,0
20150923T,-102165.0,-102165.0,-102165.0,-102165.0,0
20150924T,-124146.0,-124146.0,-124146.0,-124146.0,0
20150928T,-110659.0,-110659.0,-110659.0,-110659.0,0
20150929T,-69119.0,-69119.0,-69119.0,-69119.0,0
20150930T,-108885.0,-108885.0,-108885.0,-108885.0,0
20151001T,-151708.0,-151708.0,-151708.0,-151708.0,0
20151005T,-199735.0,-199735.0,-199735.0,-199735.0,0
20151006T,-197876.0,-197876.0,-197876.0,-197876.0,0
20151007T,-237958.0,-237958.0,-237958.0,-237958.0,0
20151008T,-270116.0,-270116.0,-270116.0,-270116.0,0
20151009T,-287805.0,-287805.0,-287805.0,-287805.0,0
20151012T,-304236.0,-304236.0,-304236.0,-304236.0,0
20151013T,-297928.0,-297928.0,-297928.0,-297928.0,0
20151014T,-261767.0,-261767.0,-261767.0,-261767.0,0
20151015T,-277021.0,-277021.0,-277021.0,-277021.0,0
20151016T,-266830.0,-266830.0,-266830.0,-266830.0,0
20151019T,-203052.0,-203052.0,-203052.0,-203052.0,0
20151020T,-179778.0,-179778.0,-179778.0,-179778.0,0
20151021T,-186472.0,-186472.0,-186472.0,-186472.0,0
20151023T,-245156.0,-245156.0,-245156.0,-245156.0,0
20151026T,-286634.0,-286634.0,-286634.0,-286634.0,0
20151027T,-305598.0,-305598.0,-305598.0,-305598.0,0
20151028T,-197769.0,-197769.0,-197769.0,-197769.0,0
20151029T,-111144.0,-111144.0,-111144.0,-111144.0,0
20151030T,-108720.0,-108720.0,-108720.0,-108720.0,0
20151102T,-104249.0,-104249.0,-104249.0,-104249.0,0
20151103T,-103692.0,-103692.0,-103692.0,-103692.0,0
20151104T,-104351.0,-104351.0,-104351.0,-104351.0,0
20151105T,-100409.0,-100409.0,-100409.0,-100409.0,0
20151106T,-101058.0,-101058.0,-101058.0,-101058.0,0
20151109T,-72630.0,-72630.0,-72630.0,-72630.0,0
20151110T,-51151.0,-51151.0,-51151.0,-51151.0,0
20151111T,-47713.0,-47713.0,-47713.0,-47713.0,0
20151113T,-33993.0,-33993.0,-33993.0,-33993.0,0
20151116T,-29413.0,-29413.0,-29413.0,-29413.0,0
20151117T,-30361.0,-30361.0,-30361.0,-30361.0,0
20151118T,-31503.0,-31503.0,-31503.0,-31503.0,0
20151119T,-38348.0,-38348.0,-38348.0,-38348.0,0
20151120T,-42135.0,-42135.0,-42135.0,-42135.0,0
20151123T,-44889.0,-44889.0,-44889.0,-44889.0,0
20151124T,-38548.0,-38548.0,-38548.0,-38548.0,0
20151126T,-44692.0,-44692.0,-44692.0,-44692.0,0
20151127T,-44751.0,-44751.0,-44751.0,-44751.0,0
20151130T,-52820.0,-52820.0,-52820.0,-52820.0,0
20151201T,-50773.0,-50773.0,-50773.0,-50773.0,0
20151202T,-43024.0,-43024.0,-43024.0,-43024.0,0
20151203T,-32664.0,-32664.0,-32664.0,-32664.0,0
20151204T,-14930.0,-14930.0,-14930.0,-14930.0,0
20151207T,-19668.0,-19668.0,-19668.0,-19668.0,0
20151208T,-9266.0,-9266.0,-9266.0,-9266.0,0
20151209T,375.0,375.0,375.0,375.0,0
20151210T,-2244.0,-2244.0,-2244.0,-2244.0,0
20151211T,14133.0,14133.0,14133.0,14133.0,0
20151214T,9260.0,9260.0,9260.0,9260.0,0
20151215T,15213.0,15213.0,15213.0,15213.0,0
20151216T,7995.0,7995.0,7995.0,7995.0,0
20151217T,6789.0,6789.0,6789.0,6789.0,0
20151218T,-638.0,-638.0,-638.0,-638.0,0
20151221T,-889.0,-889.0,-889.0,-889.0,0
20151222T,5555.0,5555.0,5555.0,5555.0,0
20151223T,-6866.0,-6866.0,-6866.0,-6866.0,0
20151224T,-11404.0,-11404.0,-11404.0,-11404.0,0
20151228T,-7974.0,-7974.0,-7974.0,-7974.0,0
20151229T,-20553.0,-20553.0,-20553.0,-20553.0,0
20151230T,-27739.0,-27739.0,-27739.0,-27739.0,0
20151231T,-46641.0,-46641.0,-46641.0,-46641.0,0
20160101T,-47285.0,-47285.0,-47285.0,-47285.0,0
20160104T,-35884.0,-35884.0,-35884.0,-35884.0,0
20160105T,-29802.0,-29802.0,-29802.0,-29802.0,0
20160106T,-16817.0,-16817.0,-16817.0,-16817.0,0
20160107T,11412.0,11412.0,11412.0,11412.0,0
20160108T,21751.0,21751.0,21751.0,21751.0,0
20160111T,22337.0,22337.0,22337.0,22337.0,0
20160112T,26219.0,26219.0,26219.0,26219.0,0
20160113T,28813.0,28813.0,28813.0,28813.0,0
20160114T,33783.0,33783.0,33783.0,33783.0,0
20160115T,39691.0,39691.0,39691.0,39691.0,0
20160118T,9594.0,9594.0,9594.0,9594.0,0
20160119T,695.0,695.0,695.0,695.0,0
20160120T,15701.0,15701.0,15701.0,15701.0,0
20160121T,6314.0,6314.0,6314.0,6314.0,0
20160122T,-7124.0,-7124.0,-7124.0,-7124.0,0
20160125T,2167.0,2167.0,2167.0,2167.0,0
20160127T,6774.0,6774.0,6774.0,6774.0,0
20160128T,21818.0,21818.0,21818.0,21818.0,0
20160129T,9377.0,9377.0,9377.0,9377.0,0
20160201T,13073.0,13073.0,13073.0,13073.0,0
20160202T,14492.0,14492.0,14492.0,14492.0,0
20160203T,17653.0,17653.0,17653.0,17653.0,0
20160204T,4529.0,4529.0,4529.0,4529.0,0
20160205T,-5811.0,-5811.0,-5811.0,-5811.0,0
20160208T,-277.0,-277.0,-277.0,-277.0,0
20160209T,-6157.0,-6157.0,-6157.0,-6157.0,0
20160211T,25931.0,25931.0,25931.0,25931.0,0
20160212T,17309.0,17309.0,17309.0,17309.0,0
20160215T,6099.0,6099.0,6099.0,6099.0,0
20160216T,-536.0,-536.0,-536.0,-536.0,0
20160217T,-5435.0,-5435.0,-5435.0,-5435.0,0
20160218T,-8412.0,-8412.0,-8412.0,-8412.0,0
20160219T,-5921.0,-5921.0,-5921.0,-5921.0,0
20160222T,-1849.0,-1849.0,-1849.0,-1849.0,0
20160223T,4666.0,4666.0,4666.0,4666.0,0
20160224T,7372.0,7372.0,7372.0,7372.0,0
20160225T,25034.0,25034.0,25034.0,25034.0,0
20160226T,13207.0,13207.0,13207.0,13207.0,0
20160229T,-325.0,-325.0,-325.0,-325.0,0
20160301T,-15426.0,-15426.0,-15426.0,-15426.0,0
20160302T,-23961.0,-23961.0,-23961.0,-23961.0,0
20160303T,-28852.0,-28852.0,-28852.0,-28852.0,0
20160304T,-27205.0,-27205.0,-27205.0,-27205.0,0
20160308T,-39032.0,-39032.0,-39032.0,-39032.0,0
20160309T,-56115.0,-56115.0,-56115.0,-56115.0,0
20160310T,-54955.0,-54955.0,-54955.0,-54955.0,0
20160311T,-67642.0,-67642.0,-67642.0,-67642.0,0
20160314T,-77695.0,-77695.0,-77695.0,-77695.0,0
20160315T,-91232.0,-91232.0,-91232.0,-91232.0,0
20160316T,-90394.0,-90394.0,-90394.0,-90394.0,0
20160317T,-92548.0,-92548.0,-92548.0,-92548.0,0
20160318T,-94522.0,-94522.0,-94522.0,-94522.0,0
20160321T,-94124.0,-94124.0,-94124.0,-94124.0,0
20160322T,-104242.0,-104242.0,-104242.0,-104242.0,0
20160323T,-107424.0,-107424.0,-107424.0,-107424.0,0
20160328T,-106821.0,-106821.0,-106821.0,-106821.0,0
20160329T,-109471.0,-109471.0,-109471.0,-109471.0,0
20160330T,-119199.0,-119199.0,-119199.0,-119199.0,0
20160331T,-95827.0,-95827.0,-95827.0,-95827.0,0
20160401T,-87031.0,-87031.0,-87031.0,-87031.0,0
20160404T,-85269.0,-85269.0,-85269.0,-85269.0,0
20160405T,-58787.0,-58787.0,-58787.0,-58787.0,0
20160406T,-42817.0,-42817.0,-42817.0,-42817.0,0
20160407T,-30275.0,-30275.0,-30275.0,-30275.0,0
20160408T,-19972.0,-19972.0,-19972.0,-19972.0,0
20160411T,-14012.0,-14012.0,-14012.0,-14012.0,0
20160412T,-14449.0,-14449.0,-14449.0,-14449.0,0
20160413T,-44181.0,-44181.0,-44181.0,-44181.0,0
20160418T,-42639.0,-42639.0,-42639.0,-42639.0,0
20160420T,-64649.0,-64649.0,-64649.0,-64649.0,0
20160421T,-66811.0,-66811.0,-66811.0,-66811.0,0
20160422T,-73848.0,-73848.0,-73848.0,-73848.0,0
20160425T,-73908.0,-73908.0,-73908.0,-73908.0,0
20160426T,-93064.0,-93064.0,-93064.0,-93064.0,0
20160427T,-106206.0,-106206.0,-106206.0,-106206.0,0
20160428T,-117929.0,-117929.0,-117929.0,-117929.0,0
20160429T,-115909.0,-115909.0,-115909.0,-115909.0,0
20160502T,-96712.0,-96712.0,-96712.0,-96712.0,0
20160503T,-86721.0,-86721.0,-86721.0,-86721.0,0
20160504T,-71681.0,-71681.0,-71681.0,-71681.0,0
20160505T,-61152.0,-61152.0,-61152.0,-61152.0,0
20160506T,-43290.0,-43290.0,-43290.0,-43290.0,0
20160509T,-56915.0,-56915.0,-56915.0,-56915.0,0
20160510T,-53988.0,-53988.0,-53988.0,-53988.0,0
20160511T,-33921.0,-33921.0,-33921.0,-33921.0,0
20160512T,-36373.0,-36373.0,-36373.0,-36373.0,0
20160513T,-32310.0,-32310.0,-32310.0,-32310.0,0
20160516T,-28525.0,-28525.0,-28525.0,-28525.0,0
20160517T,-28821.0,-28821.0,-28821.0,-28821.0,0
20160518T,-16803.0,-16803.0,-16803.0,-16803.0,0
20160519T,-14430.0,-14430.0,-14430.0,-14430.0,0
20160520T,-12873.0,-12873.0,-12873.0,-12873.0,0
20160523T,-21144.0,-21144.0,-21144.0,-21144.0,0
20160524T,-17982.0,-17982.0,-17982.0,-17982.0,0
20160525T,-61069.0,-61069.0,-61069.0,-61069.0,0
20160526T,-116465.0,-116465.0,-116465.0,-116465.0,0
20160527T,-139054.0,-139054.0,-139054.0,-139054.0,0
20160530T,-137766.0,-137766.0,-137766.0,-137766.0,0
20160531T,-145498.0,-145498.0,-145498.0,-145498.0,0
20160601T,-139090.0,-139090.0,-139090.0,-139090.0,0
20160602T,-135011.0,-135011.0,-135011.0,-135011.0,0
20160603T,-137173.0,-137173.0,-137173.0,-137173.0,0
20160606T,-146050.0,-146050.0,-146050.0,-146050.0,0
20160607T,-154236.0,-154236.0,-154236.0,-154236.0,0
20160608T,-153761.0,-153761.0,-153761.0,-153761.0,0
20160609T,-169312.0,-169312.0,-169312.0,-169312.0,0
20160610T,-177327.0,-177327.0,-177327.0,-177327.0,0
20160613T,-178251.0,-178251.0,-178251.0,-178251.0,0
20160614T,-155147.0,-155147.0,-155147.0,-155147.0,0
20160615T,-147782.0,-147782.0,-147782.0,-147782.0,0
20160616T,-136561.0,-136561.0,-136561.0,-136561.0,0
20160617T,-129958.0,-129958.0,-129958.0,-129958.0,0
20160620T,-120777.0,-120777.0,-120777.0,-120777.0,0
20160621T,-105435.0,-105435.0,-105435.0,-105435.0,0
20160622T,-99867.0,-99867.0,-99867.0,-99867.0,0
20160623T,-109037.0,-109037.0,-109037.0,-109037.0,0
20160624T,-92708.0,-92708.0,-92708.0,-92708.0,0
20160627T,-92699.0,-92699.0,-92699.0,-92699.0,0
20160628T,-80428.0,-80428.0,-80428.0,-80428.0,0
20160629T,-88030.0,-88030.0,-88030.0,-88030.0,0
20160630T,-120122.0,-120122.0,-120122.0,-120122.0,0
20160701T,-113638.0,-113638.0,-113638.0,-113638.0,0
20160704T,-107309.0,-107309.0,-107309.0,-107309.0,0
20160705T,-101374.0,-101374.0,-101374.0,-101374.0,0
20160707T,-98365.0,-98365.0,-98365.0,-98365.0,0
20160708T,-93712.0,-93712.0,-93712.0,-93712.0,0
20160711T,-108731.0,-108731.0,-108731.0,-108731.0,0
20160712T,-118540.0,-118540.0,-118540.0,-118540.0,0
20160713T,-124185.0,-124185.0,-124185.0,-124185.0,0
20160714T,-132919.0,-132919.0,-132919.0,-132919.0,0
20160715T,-143592.0,-143592.0,-143592.0,-143592.0,0
20160718T,-156319.0,-156319.0,-156319.0,-156319.0,0
20160719T,-164471.0,-164471.0,-164471.0,-164471.0,0
20160720T,-168721.0,-168721.0,-168721.0,-168721.0,0
20160721T,-168981.0,-168981.0,-168981.0,-168981.0,0
20160722T,-174815.0,-174815.0,-174815.0,-174815.0,0
20160725T,-175833.0,-175833.0,-175833.0,-175833.0,0
20160726T,-184323.0,-184323.0,-184323.0,-184323.0,0
20160727T,-190373.0,-190373.0,-190373.0,-190373.0,0
20160728T,-164013.0,-164013.0,-164013.0,-164013.0,0
20160729T,-167401.0,-167401.0,-167401.0,-167401.0,0
20160801T,-175944.0,-175944.0,-175944.0,-175944.0,0
20160802T,-176045.0,-176045.0,-176045.0,-176045.0,0
20160803T,-178043.0,-178043.0,-178043.0,-178043.0,0
20160804T,-188434.0,-188434.0,-188434.0,-188434.0,0
20160805T,-188227.0,-188227.0,-188227.0,-188227.0,0
20160808T,-193010.0,-193010.0,-193010.0,-193010.0,0
20160809T,-194980.0,-194980.0,-194980.0,-194980.0,0
20160810T,-198731.0,-198731.0,-198731.0,-198731.0,0
20160811T,-203260.0,-203260.0,-203260.0,-203260.0,0
20160812T,-199127.0,-199127.0,-199127.0,-199127.0,0
20160816T,-198505.0,-198505.0,-198505.0,-198505.0,0
20160817T,-192314.0,-192314.0,-192314.0,-192314.0,0
20160818T,-195058.0,-195058.0,-195058.0,-195058.0,0
20160819T,-195626.0,-195626.0,-195626.0,-195626.0,0
20160822T,-194403.0,-194403.0,-194403.0,-194403.0,0
20160823T,-188501.0,-188501.0,-188501.0,-188501.0,0
20160824T,-179164.0,-179164.0,-179164.0,-179164.0,0
20160825T,-214906.0,-214906.0,-214906.0,-214906.0,0
20160826T,-223241.0,-223241.0,-223241.0,-223241.0,0
20160829T,-219276.0,-219276.0,-219276.0,-219276.0,0
20160830T,-246780.0,-246780.0,-246780.0,-246780.0,0
20160831T,-280335.0,-280335.0,-280335.0,-280335.0,0
20160901T,-283168.0,-283168.0,-283168.0,-283168.0,0
20160902T,-275593.0,-275593.0,-275593.0,-275593.0,0
20160906T,-276560.0,-276560.0,-276560.0,-276560.0,0
20160907T,-275471.0,-275471.0,-275471.0,-275471.0,0
20160908T,-275743.0,-275743.0,-275743.0,-275743.0,0
20160909T,-279992.0,-279992.0,-279992.0,-279992.0,0
20160912T,-273193.0,-273193.0,-273193.0,-273193.0,0
20160914T,-274406.0,-274406.0,-274406.0,-274406.0,0
20160915T,-275195.0,-275195.0,-275195.0,-275195.0,0
20160916T,-283028.0,-283028.0,-283028.0,-283028.0,0
20160919T,-277605.0,-277605.0,-277605.0,-277605.0,0
20160920T,-282876.0,-282876.0,-282876.0,-282876.0,0
20160921T,-288743.0,-288743.0,-288743.0,-288743.0,0
20160922T,-291959.0,-291959.0,-291959.0,-291959.0,0
20160923T,-294055.0,-294055.0,-294055.0,-294055.0,0
20160926T,-279841.0,-279841.0,-279841.0,-279841.0,0
20160927T,-277127.0,-277127.0,-277127.0,-277127.0,0
20160928T,-278465.0,-278465.0,-278465.0,-278465.0,0
20160929T,-193548.0,-193548.0,-193548.0,-193548.0,0
20160930T,-175005.0,-175005.0,-175005.0,-175005.0,0
20161003T,-163107.0,-163107.0,-163107.0,-163107.0,0
20161004T,-163177.0,-163177.0,-163177.0,-163177.0,0
20161005T,-159567.0,-159567.0,-159567.0,-159567.0,0
20161006T,-159708.0,-159708.0,-159708.0,-159708.0,0
20161007T,-150195.0,-150195.0,-150195.0,-150195.0,0
20161010T,-148164.0,-148164.0,-148164.0,-148164.0,0
20161013T,-116852.0,-116852.0,-116852.0,-116852.0,0
20161014T,-115482.0,-115482.0,-115482.0,-115482.0,0
20161017T,-103492.0,-103492.0,-103492.0,-103492.0,0
20161018T,-100412.0,-100412.0,-100412.0,-100412.0,0
20161019T,-92568.0,-92568.0,-92568.0,-92568.0,0
20161020T,-87365.0,-87365.0,-87365.0,-87365.0,0
20161021T,-87024.0,-87024.0,-87024.0,-87024.0,0
20161024T,-87200.0,-87200.0,-87200.0,-87200.0,0
20161025T,-76551.0,-76551.0,-76551.0,-76551.0,0
20161026T,-69242.0,-69242.0,-69242.0,-69242.0,0
20161027T,-90257.0,-90257.0,-90257.0,-90257.0,0
20161028T,-72140.0,-72140.0,-72140.0,-72140.0,0
20161101T,-59369.0,-59369.0,-59369.0,-59369.0,0
20161102T,-52446.0,-52446.0,-52446.0,-52446.0,0
20161103T,-54779.0,-54779.0,-54779.0,-54779.0,0
20161104T,-50675.0,-50675.0,-50675.0,-50675.0,0
20161107T,-49130.0,-49130.0,-49130.0,-49130.0,0
20161108T,-49458.0,-49458.0,-49458.0,-49458.0,0
20161109T,-62334.0,-62334.0,-62334.0,-62334.0,0
20161110T,-70089.0,-70089.0,-70089.0,-70089.0,0
20161111T,-57842.0,-57842.0,-57842.0,-57842.0,0
20161115T,-59401.0,-59401.0,-59401.0,-59401.0,0
20161116T,-64086.0,-64086.0,-64086.0,-64086.0,0
20161117T,-61245.0,-61245.0,-61245.0,-61245.0,0
20161118T,-44898.0,-44898.0,-44898.0,-44898.0,0
20161121T,-46056.0,-46056.0,-46056.0,-46056.0,0
20161122T,-51639.0,-51639.0,-51639.0,-51639.0,0
20161123T,-43468.0,-43468.0,-43468.0,-43468.0,0
20161124T,-25980.0,-25980.0,-25980.0,-25980.0,0
20161125T,-19878.0,-19878.0,-19878.0,-19878.0,0
20161128T,-14583.0,-14583.0,-14583.0,-14583.0,0
20161129T,-12777.0,-12777.0,-12777.0,-12777.0,0
20161130T,-17442.0,-17442.0,-17442.0,-17442.0,0
20161201T,-18885.0,-18885.0,-18885.0,-18885.0,0
20161202T,-25423.0,-25423.0,-25423.0,-25423.0,0
20161205T,-24842.0,-24842.0,-24842.0,-24842.0,0
20161206T,-23488.0,-23488.0,-23488.0,-23488.0,0
20161207T,-24552.0,-24552.0,-24552.0,-24552.0,0
20161208T,-45607.0,-45607.0,-45607.0,-45607.0,0
20161209T,-46291.0,-46291.0,-46291.0,-46291.0,0
20161212T,-53998.0,-53998.0,-53998.0,-53998.0,0
20161213T,-50984.0,-50984.0,-50984.0,-50984.0,0
20161214T,-50221.0,-50221.0,-50221.0,-50221.0,0
20161215T,-31709.0,-31709.0,-31709.0,-31709.0,0
20161216T,-24839.0,-24839.0,-24839.0,-24839.0,0
20161219T,-29184.0,-29184.0,-29184.0,-29184.0,0
20161220T,-27355.0,-27355.0,-27355.0,-27355.0,0
20161221T,-29048.0,-29048.0,-29048.0,-29048.0,0
20161222T,-17501.0,-17501.0,-17501.0,-17501.0,0
20161223T,-17328.0,-17328.0,-17328.0,-17328.0,0
20161226T,-15448.0,-15448.0,-15448.0,-15448.0,0
20161227T,-11597.0,-11597.0,-11597.0,-11597.0,0
20161228T,-18982.0,-18982.0,-18982.0,-18982.0,0
20161229T,-36266.0,-36266.0,-36266.0,-36266.0,0
20161230T,-43587.0,-43587.0,-43587.0,-43587.0,0
20170102T,-38933.0,-38933.0,-38933.0,-38933.0,0
20170103T,-34947.0,-34947.0,-34947.0,-34947.0,0
20170104T,-34123.0,-34123.0,-34123.0,-34123.0,0
20170105T,-54258.0,-54258.0,-54258.0,-54258.0,0
20170106T,-60749.0,-60749.0,-60749.0,-60749.0,0
20170109T,-56681.0,-56681.0,-56681.0,-56681.0,0
20170110T,-49015.0,-49015.0,-49015.0,-49015.0,0
20170111T,-52540.0,-52540.0,-52540.0,-52540.0,0
20170112T,-52996.0,-52996.0,-52996.0,-52996.0,0
20170113T,-53833.0,-53833.0,-53833.0,-53833.0,0
20170116T,-53089.0,-53089.0,-53089.0,-53089.0,0
20170117T,-50748.0,-50748.0,-50748.0,-50748.0,0
20170118T,-46861.0,-46861.0,-46861.0,-46861.0,0
20170119T,-41753.0,-41753.0,-41753.0,-41753.0,0
20170120T,-50133.0,-50133.0,-50133.0,-50133.0,0
20170123T,-55295.0,-55295.0,-55295.0,-55295.0,0
20170124T,-71183.0,-71183.0,-71183.0,-71183.0,0
20170125T,-84144.0,-84144.0,-84144.0,-84144.0,0
20170127T,-87534.0,-87534.0,-87534.0,-87534.0,0
20170130T,-83191.0,-83191.0,-83191.0,-83191.0,0
20170131T,-83849.0,-83849.0,-83849.0,-83849.0,0
20170201T,-98969.0,-98969.0,-98969.0,-98969.0,0
20170202T,-98531.0,-98531.0,-98531.0,-98531.0,0
20170203T,-90938.0,-90938.0,-90938.0,-90938.0,0
20170206T,-92618.0,-92618.0,-92618.0,-92618.0,0
20170207T,-91778.0,-91778.0,-91778.0,-91778.0,0
20170208T,-96400.0,-96400.0,-96400.0,-96400.0,0
20170209T,-98468.0,-98468.0,-98468.0,-98468.0,0
20170210T,-98893.0,-98893.0,-98893.0,-98893.0,0
20170213T,-105160.0,-105160.0,-105160.0,-105160.0,0
20170214T,-118590.0,-118590.0,-118590.0,-118590.0,0
20170215T,-142238.0,-142238.0,-142238.0,-142238.0,0
20170216T,-147124.0,-147124.0,-147124.0,-147124.0,0
20170217T,-146502.0,-146502.0,-146502.0,-146502.0,0
20170220T,-135175.0,-135175.0,-135175.0,-135175.0,0
20170221T,-129109.0,-129109.0,-129109.0,-129109.0,0
20170222T,-123111.0,-123111.0,-123111.0,-123111.0,0
20170223T,-129941.0,-129941.0,-129941.0,-129941.0,0
20170227T,-130270.0,-130270.0,-130270.0,-130270.0,0
20170228T,-131147.0,-131147.0,-131147.0,-131147.0,0
20170301T,-136124.0,-136124.0,-136124.0,-136124.0,0
20170302T,-151858.0,-151858.0,-151858.0,-151858.0,0
20170303T,-136174.0,-136174.0,-136174.0,-136174.0,0
20170306T,-131322.0,-131322.0,-131322.0,-131322.0,0
20170307T,-134533.0,-134533.0,-134533.0,-134533.0,0
20170308T,-142386.0,-142386.0,-142386.0,-142386.0,0
20170309T,-139694.0,-139694.0,-139694.0,-139694.0,0
20170310T,-143072.0,-143072.0,-143072.0,-143072.0,0
20170314T,-160518.0,-160518.0,-160518.0,-160518.0,0
20170315T,-161929.0,-161929.0,-161929.0,-161929.0,0
20170316T,-168553.0,-168553.0,-168553.0,-168553.0,0
20170317T,-159140.0,-159140.0,-159140.0,-159140.0,0
20170320T,-174218.0,-174218.0,-174218.0,-174218.0,0
20170321T,-179992.0,-179992.0,-179992.0,-179992.0,0
20170322T,-188815.0,-188815.0,-188815.0,-188815.0,0
20170323T,-191416.0,-191416.0,-191416.0,-191416.0,0
20170324T,-195017.0,-195017.0,-195017.0,-195017.0,0
20170327T,-186222.0,-186222.0,-186222.0,-186222.0,0
20170328T,-190949.0,-190949.0,-190949.0,-190949.0,0
20170329T,-204819.0,-204819.0,-204819.0,-204819.0,0
20170330T,-120357.0,-120357.0,-120357.0,-120357.0,0
20170331T,-122723.0,-122723.0,-122723.0,-122723.0,0
20170403T,-114561.0,-114561.0,-114561.0,-114561.0,0
20170405T,-113759.0,-113759.0,-113759.0,-113759.0,0
20170406T,-102559.0,-102559.0,-102559.0,-102559.0,0
20170407T,-95269.0,-95269.0,-95269.0,-95269.0,0
20170410T,-93075.0,-93075.0,-93075.0,-93075.0,0
20170411T,-89222.0,-89222.0,-89222.0,-89222.0,0
20170412T,-83877.0,-83877.0,-83877.0,-83877.0,0
20170413T,-91584.0,-91584.0,-91584.0,-91584.0,0
20170417T,-91401.0,-91401.0,-91401.0,-91401.0,0
20170418T,-93078.0,-93078.0,-93078.0,-93078.0,0
20170419T,-83420.0,-83420.0,-83420.0,-83420.0,0
20170420T,-74757.0,-74757.0,-74757.0,-74757.0,0
20170421T,-62327.0,-62327.0,-62327.0,-62327.0,0
20170424T,-62957.0,-62957.0,-62957.0,-62957.0,0
20170425T,-50352.0,-50352.0,-50352.0,-50352.0,0
20170426T,-47928.0,-47928.0,-47928.0,-47928.0,0
20170427T,-96295.0,-96295.0,-96295.0,-96295.0,0
20170428T,-86406.0,-86406.0,-86406.0,-86406.0,0
20170502T,-75964.0,-75964.0,-75964.0,-75964.0,0
20170503T,-72619.0,-72619.0,-72619.0,-72619.0,0
20170504T,-56397.0,-56397.0,-56397.0,-56397.0,0
20170505T,-51366.0,-51366.0,-51366.0,-51366.0,0
20170508T,-43519.0,-43519.0,-43519.0,-43519.0,0
20170509T,-33760.0,-33760.0,-33760.0,-33760.0,0
20170510T,-28343.0,-28343.0,-28343.0,-28343.0,0
20170511T,-27712.0,-27712.0,-27712.0,-27712.0,0
20170512T,-21647.0,-21647.0,-21647.0,-21647.0,0
20170515T,-17298.0,-17298.0,-17298.0,-17298.0,0
20170516T,-16494.0,-16494.0,-16494.0,-16494.0,0
20170517T,-14973.0,-14973.0,-14973.0,-14973.0,0
20170518T,-17689.0,-17689.0,-17689.0,-17689.0,0
20170519T,-25128.0,-25128.0,-25128.0,-25128.0,0
20170522T,-30103.0,-30103.0,-30103.0,-30103.0,0
20170523T,-41367.0,-41367.0,-41367.0,-41367.0,0
20170524T,-49010.0,-49010.0,-49010.0,-49010.0,0
20170525T,-107438.0,-107438.0,-107438.0,-107438.0,0
20170526T,-111890.0,-111890.0,-111890.0,-111890.0,0
20170529T,-128036.0,-128036.0,-128036.0,-128036.0,0
20170530T,-134106.0,-134106.0,-134106.0,-134106.0,0
20170531T,-146289.0,-146289.0,-146289.0,-146289.0,0
20170601T,-148347.0,-148347.0,-148347.0,-148347.0,0
20170602T,-144074.0,-144074.0,-144074.0,-144074.0,0
20170605T,-145391.0,-145391.0,-145391.0,-145391.0,0
20170606T,-149407.0,-149407.0,-149407.0,-149407.0,0
20170607T,-154805.0,-154805.0,-154805.0,-154805.0,0
20170608T,-154885.0,-154885.0,-154885.0,-154885.0,0
20170609T,-147080.0,-147080.0,-147080.0,-147080.0,0
20170612T,-135896.0,-135896.0,-135896.0,-135896.0,0
20170613T,-135316.0,-135316.0,-135316.0,-135316.0,0
20170614T,-141042.0,-141042.0,-141042.0,-141042.0,0
20170615T,-136807.0,-136807.0,-136807.0,-136807.0,0
20170616T,-136277.0,-136277.0,-136277.0,-136277.0,0
20170619T,-143040.0,-143040.0,-143040.0,-143040.0,0
20170620T,-145222.0,-145222.0,-145222.0,-145222.0,0
20170621T,-144785.0,-144785.0,-144785.0,-144785.0,0
20170622T,-142688.0,-142688.0,-142688.0,-142688.0,0
20170623T,-154915.0,-154915.0,-154915.0,-154915.0,0
20170627T,-154674.0,-154674.0,-154674.0,-154674.0,0
20170628T,-143639.0,-143639.0,-143639.0,-143639.0,0
20170629T,-129632.0,-129632.0,-129632.0,-129632.0,0
20170630T,-111754.0,-111754.0,-111754.0,-111754.0,0
20170703T,-97339.0,-97339.0,-97339.0,-97339.0,0
20170704T,-92402.0,-92402.0,-92402.0,-92402.0,0
20170705T,-89227.0,-89227.0,-89227.0,-89227.0,0
20170706T,-79564.0,-79564.0,-79564.0,-79564.0,0
20170707T,-66751.0,-66751.0,-66751.0,-66751.0,0
20170710T,-58794.0,-58794.0,-58794.0,-58794.0,0
20170711T,-60192.0,-60192.0,-60192.0,-60192.0,0
20170712T,-46488.0,-46488.0,-46488.0,-46488.0,0
20170713T,-36435.0,-36435.0,-36435.0,-36435.0,0
20170714T,-35814.0,-35814.0,-35814.0,-35814.0,0
20170717T,-38279.0,-38279.0,-38279.0,-38279.0,0
20170718T,-58560.0,-58560.0,-58560.0,-58560.0,0
20170719T,-62229.0,-62229.0,-62229.0,-62229.0,0
20170720T,-55710.0,-55710.0,-55710.0,-55710.0,0
20170721T,-55161.0,-55161.0,-55161.0,-55161.0,0
20170724T,-57885.0,-57885.0,-57885.0,-57885.0,0
20170725T,-46388.0,-46388.0,-46388.0,-46388.0,0
20170726T,-53399.0,-53399.0,-53399.0,-53399.0,0
20170727T,-95959.0,-95959.0,-95959.0,-95959.0,0
20170728T,-77989.0,-77989.0,-77989.0,-77989.0,0
20170731T,-68349.0,-68349.0,-68349.0,-68349.0,0
20170801T,-65492.0,-65492.0,-65492.0,-65492.0,0
20170802T,-55506.0,-55506.0,-55506.0,-55506.0,0
20170803T,-55202.0,-55202.0,-55202.0,-55202.0,0
20170804T,-53423.0,-53423.0,-53423.0,-53423.0,0
20170807T,-45071.0,-45071.0,-45071.0,-45071.0,0
20170808T,-46140.0,-46140.0,-46140.0,-46140.0,0
20170809T,-50321.0,-50321.0,-50321.0,-50321.0,0
20170810T,-66025.0,-66025.0,-66025.0,-66025.0,0
20170811T,-53380.0,-53380.0,-53380.0,-53380.0,0
20170814T,-44999.0,-44999.0,-44999.0,-44999.0,0
20170816T,-26634.0,-26634.0,-26634.0,-26634.0,0
20170817T,-10088.0,-10088.0,-10088.0,-10088.0,0
20170818T,-9076.0,-9076.0,-9076.0,-9076.0,0
20170821T,-13772.0,-13772.0,-13772.0,-13772.0,0
20170822T,-29303.0,-29303.0,-29303.0,-29303.0,0
20170823T,-12850.0,-12850.0,-12850.0,-12850.0,0
20170824T,-16270.0,-16270.0,-16270.0,-16270.0,0
20170828T,-11174.0,-11174.0,-11174.0,-11174.0,0
20170829T,-9760.0,-9760.0,-9760.0,-9760.0,0
20170830T,-19204.0,-19204.0,-19204.0,-19204.0,0
20170831T,-52501.0,-52501.0,-52501.0,-52501.0,0
20170901T,-52977.0,-52977.0,-52977.0,-52977.0,0
20170904T,-46502.0,-46502.0,-46502.0,-46502.0,0
20170905T,-45061.0,-45061.0,-45061.0,-45061.0,0
20170906T,-35410.0,-35410.0,-35410.0,-35410.0,0
20170907T,-33761.0,-33761.0,-33761.0,-33761.0,0
20170908T,-33575.0,-33575.0,-33575.0,-33575.0,0
20170911T,-28441.0,-28441.0,-28441.0,-28441.0,0
20170912T,-22571.0,-22571.0,-22571.0,-22571.0,0
20170913T,-23674.0,-23674.0,-23674.0,-23674.0,0
20170914T,-20981.0,-20981.0,-20981.0,-20981.0,0
20170915T,-17496.0,-17496.0,-17496.0,-17496.0,0
20170918T,-23395.0,-23395.0,-23395.0,-23395.0,0
20170919T,-18181.0,-18181.0,-18181.0,-18181.0,0
20170920T,-15238.0,-15238.0,-15238.0,-15238.0,0
20170921T,-16441.0,-16441.0,-16441.0,-16441.0,0
20170922T,-26349.0,-26349.0,-26349.0,-26349.0,0
20170925T,-22584.0,-22584.0,-22584.0,-22584.0,0
20170926T,-9589.0,-9589.0,-9589.0,-9589.0,0
20170927T,-6819.0,-6819.0,-6819.0,-6819.0,0
20170928T,-28623.0,-28623.0,-28623.0,-28623.0,0
20170929T,-26438.0,-26438.0,-26438.0,-26438.0,0
20171003T,-21596.0,-21596.0,-21596.0,-21596.0,0
20171004T,-22977.0,-22977.0,-22977.0,-22977.0,0
20171005T,-14146.0,-14146.0,-14146.0,-14146.0,0
20171006T,-15818.0,-15818.0,-15818.0,-15818.0,0
20171009T,-15497.0,-15497.0,-15497.0,-15497.0,0
20171010T,-7509.0,-7509.0,-7509.0,-7509.0,0
20171011T,-26616.0,-26616.0,-26616.0,-26616.0,0
20171012T,-22202.0,-22202.0,-22202.0,-22202.0,0
20171013T,-31964.0,-31964.0,-31964.0,-31964.0,0
20171016T,-58813.0,-58813.0,-58813.0,-58813.0,0
20171017T,-55155.0,-55155.0,-55155.0,-55155.0,0
20171018T,-61777.0,-61777.0,-61777.0,-61777.0,0
20171019T,-64086.0,-64086.0,-64086.0,-64086.0,0
20171023T,-49312.0,-49312.0,-49312.0,-49312.0,0
20171024T,-42920.0,-42920.0,-42920.0,-42920.0,0
20171025T,-50844.0,-50844.0,-50844.0,-50844.0,0
20171026T,-80068.0,-80068.0,-80068.0,-80068.0,0
20171027T,-82848.0,-82848.0,-82848.0,-82848.0,0
20171030T,-85217.0,-85217.0,-85217.0,-85217.0,0
20171031T,-75754.0,-75754.0,-75754.0,-75754.0,0
20171101T,-83049.0,-83049.0,-83049.0,-83049.0,0
20171102T,-69927.0,-69927.0,-69927.0,-69927.0,0
20171103T,-63800.0,-63800.0,-63800.0,-63800.0,0
20171106T,-58887.0,-58887.0,-58887.0,-58887.0,0
20171107T,-60148.0,-60148.0,-60148.0,-60148.0,0
20171108T,-53652.0,-53652.0,-53652.0,-53652.0,0
20171109T,-46672.0,-46672.0,-46672.0,-46672.0,0
20171110T,-26570.0,-26570.0,-26570.0,-26570.0,0
20171113T,-40276.0,-40276.0,-40276.0,-40276.0,0
20171114T,-37912.0,-37912.0,-37912.0,-37912.0,0
20171115T,-25504.0,-25504.0,-25504.0,-25504.0,0
20171116T,-23991.0,-23991.0,-23991.0,-23991.0,0
20171117T,-25587.0,-25587.0,-25587.0,-25587.0,0
20171120T,-27136.0,-27136.0,-27136.0,-27136.0,0
20171121T,-35951.0,-35951.0,-35951.0,-35951.0,0
20171122T,-33839.0,-33839.0,-33839.0,-33839.0,0
20171123T,-29922.0,-29922.0,-29922.0,-29922.0,0
20171124T,-34830.0,-34830.0,-34830.0,-34830.0,0
20171127T,-37094.0,-37094.0,-37094.0,-37094.0,0
20171128T,-32779.0,-32779.0,-32779.0,-32779.0,0
20171129T,-40480.0,-40480.0,-40480.0,-40480.0,0
20171130T,-67523.0,-67523.0,-67523.0,-67523.0,0
20171201T,-54346.0,-54346.0,-54346.0,-54346.0,0
20171204T,-52100.0,-52100.0,-52100.0,-52100.0,0
20171205T,-28765.0,-28765.0,-28765.0,-28765.0,0
20171206T,-15341.0,-15341.0,-15341.0,-15341.0,0
20171207T,-11349.0,-11349.0,-11349.0,-11349.0,0
20171208T,-941.0,-941.0,-941.0,-941.0,0
20171211T,-8465.0,-8465.0,-8465.0,-8465.0,0
20171212T,-11317.0,-11317.0,-11317.0,-11317.0,0
20171213T,-19416.0,-19416.0,-19416.0,-19416.0,0
20171214T,-19659.0,-19659.0,-19659.0,-19659.0,0
20171215T,-19184.0,-19184.0,-19184.0,-19184.0,0
20171218T,-28207.0,-28207.0,-28207.0,-28207.0,0
20171219T,-19511.0,-19511.0,-19511.0,-19511.0,0
20171220T,-10441.0,-10441.0,-10441.0,-10441.0,0
20171221T,-2380.0,-2380.0,-2380.0,-2380.0,0
20171222T,5493.0,5493.0,5493.0,5493.0,0
20171226T,-9027.0,-9027.0,-9027.0,-9027.0,0
20171227T,-8177.0,-8177.0,-8177.0,-8177.0,0
20171228T,-37270.0,-37270.0,-37270.0,-37270.0,0
20171229T,-28165.0,-28165.0,-28165.0,-28165.0,0
20180101T,-22447.0,-22447.0,-22447.0,-22447.0,0
20180102T,-15099.0,-15099.0,-15099.0,-15099.0,0
20180103T,-2743.0,-2743.0,-2743.0,-2743.0,0
20180104T,12522.0,12522.0,12522.0,12522.0,0
20180105T,25996.0,25996.0,25996.0,25996.0,0
20180108T,28867.0,28867.0,28867.0,28867.0,0
20180109T,38658.0,38658.0,38658.0,38658.0,0
20180110T,48868.0,48868.0,48868.0,48868.0,0
20180111T,60342.0,60342.0,60342.0,60342.0,0
20180112T,60747.0,60747.0,60747.0,60747.0,0
20180115T,65052.0,65052.0,65052.0,65052.0,0
20180116T,67998.0,67998.0,67998.0,67998.0,0
20180117T,78274.0,78274.0,78274.0,78274.0,0
20180118T,74260.0,74260.0,74260.0,74260.0,0
20180119T,67102.0,67102.0,67102.0,67102.0,0
20180122T,80905.0,80905.0,80905.0,80905.0,0
20180123T,76400.0,76400.0,76400.0,76400.0,0
20180124T,59879.0,59879.0,59879.0,59879.0,0
20180125T,-27131.0,-27131.0,-27131.0,-27131.0,0
20180129T,-32143.0,-32143.0,-32143.0,-32143.0,0
20180130T,-27083.0,-27083.0,-27083.0,-27083.0,0
20180131T,-35305.0,-35305.0,-35305.0,-35305.0,0
20180201T,-43472.0,-43472.0,-43472.0,-43472.0,0
20180202T,-17024.0,-17024.0,-17024.0,-17024.0,0
20180205T,-17126.0,-17126.0,-17126.0,-17126.0,0
20180206T,-2697.0,-2697.0,-2697.0,-2697.0,0
20180207T,18119.0,18119.0,18119.0,18119.0,0
20180208T,20952.0,20952.0,20952.0,20952.0,0
20180209T,52992.0,52992.0,52992.0,52992.0,0
20180212T,70169.0,70169.0,70169.0,70169.0,0
20180214T,64961.0,64961.0,64961.0,64961.0,0
20180215T,66183.0,66183.0,66183.0,66183.0,0
20180216T,65592.0,65592.0,65592.0,65592.0,0
20180219T,76259.0,76259.0,76259.0,76259.0,0
20180220T,98581.0,98581.0,98581.0,98581.0,0
20180221T,87646.0,87646.0,87646.0,87646.0,0
20180222T,30724.0,30724.0,30724.0,30724.0,0
20180223T,44235.0,44235.0,44235.0,44235.0,0
20180226T,32891.0,32891.0,32891.0,32891.0,0
20180227T,28619.0,28619.0,28619.0,28619.0,0
20180228T,34659.0,34659.0,34659.0,34659.0,0
20180301T,50469.0,50469.0,50469.0,50469.0,0
20180305T,69841.0,69841.0,69841.0,69841.0,0
20180306T,71049.0,71049.0,71049.0,71049.0,0
20180307T,58058.0,58058.0,58058.0,58058.0,0
20180308T,49236.0,49236.0,49236.0,49236.0,0
20180309T,37669.0,37669.0,37669.0,37669.0,0
20180312T,5331.0,5331.0,5331.0,5331.0,0
20180313T,-720.0,-720.0,-720.0,-720.0,0
20180314T,1172.0,1172.0,1172.0,1172.0,0
20180315T,7688.0,7688.0,7688.0,7688.0,0
20180316T,36241.0,36241.0,36241.0,36241.0,0
20180319T,40268.0,40268.0,40268.0,40268.0,0
20180320T,58173.0,58173.0,58173.0,58173.0,0
20180321T,66036.0,66036.0,66036.0,66036.0,0
20180322T,75363.0,75363.0,75363.0,75363.0,0
20180323T,92170.0,92170.0,92170.0,92170.0,0
20180326T,102249.0,102249.0,102249.0,102249.0,0
20180327T,111919.0,111919.0,111919.0,111919.0,0
20180328T,91424.0,91424.0,91424.0,91424.0,0
20180402T,89703.0,89703.0,89703.0,89703.0,0
20180403T,101303.0,101303.0,101303.0,101303.0,0
20180404T,122343.0,122343.0,122343.0,122343.0,0
20180405T,110961.0,110961.0,110961.0,110961.0,0
20180406T,121530.0,121530.0,121530.0,121530.0,0
20180409T,122580.0,122580.0,122580.0,122580.0,0
20180410T,124168.0,124168.0,124168.0,124168.0,0
20180411T,127692.0,127692.0,127692.0,127692.0,0
20180412T,130720.0,130720.0,130720.0,130720.0,0
20180413T,134285.0,134285.0,134285.0,134285.0,0
20180416T,130926.0,130926.0,130926.0,130926.0,0
20180417T,133477.0,133477.0,133477.0,133477.0,0
20180418T,118249.0,118249.0,118249.0,118249.0,0
20180419T,114422.0,114422.0,114422.0,114422.0,0
20180420T,118297.0,118297.0,118297.0,118297.0,0
20180423T,125492.0,125492.0,125492.0,125492.0,0
20180424T,122254.0,122254.0,122254.0,122254.0,0
20180425T,120543.0,120543.0,120543.0,120543.0,0
20180426T,74441.0,74441.0,74441.0,74441.0,0
20180427T,70343.0,70343.0,70343.0,70343.0,0
20180430T,61044.0,61044.0,61044.0,61044.0,0
20180502T,64663.0,64663.0,64663.0,64663.0,0
20180503T,59756.0,59756.0,59756.0,59756.0,0
20180504T,61306.0,61306.0,61306.0,61306.0,0
20180507T,62233.0,62233.0,62233.0,62233.0,0
20180508T,62370.0,62370.0,62370.0,62370.0,0
20180509T,55483.0,55483.0,55483.0,55483.0,0
20180510T,53894.0,53894.0,53894.0,53894.0,0
20180511T,47633.0,47633.0,47633.0,47633.0,0
20180514T,41956.0,41956.0,41956.0,41956.0,0
20180515T,30738.0,30738.0,30738.0,30738.0,0
20180516T,38868.0,38868.0,38868.0,38868.0,0
20180517T,42323.0,42323.0,42323.0,42323.0,0
20180518T,56639.0,56639.0,56639.0,56639.0,0
20180521T,53961.0,53961.0,53961.0,53961.0,0
20180522T,59804.0,59804.0,59804.0,59804.0,0
20180523T,74589.0,74589.0,74589.0,74589.0,0
20180524T,77276.0,77276.0,77276.0,77276.0,0
20180525T,72387.0,72387.0,72387.0,72387.0,0
20180528T,68022.0,68022.0,68022.0,68022.0,0
20180529T,78972.0,78972.0,78972.0,78972.0,0
20180530T,90396.0,90396.0,90396.0,90396.0,0
20180531T,61452.0,61452.0,61452.0,61452.0,0
20180601T,68779.0,68779.0,68779.0,68779.0,0
20180604T,73969.0,73969.0,73969.0,73969.0,0
20180605T,69985.0,69985.0,69985.0,69985.0,0
20180606T,79244.0,79244.0,79244.0,79244.0,0
20180607T,75071.0,75071.0,75071.0,75071.0,0
20180608T,88707.0,88707.0,88707.0,88707.0,0
20180611T,80050.0,80050.0,80050.0,80050.0,0
20180612T,79619.0,79619.0,79619.0,79619.0,0
20180614T,92317.0,92317.0,92317.0,92317.0,0
20180615T,91984.0,91984.0,91984.0,91984.0,0
20180618T,101417.0,101417.0,101417.0,101417.0,0
20180619T,103384.0,103384.0,103384.0,103384.0,0
20180620T,107649.0,107649.0,107649.0,107649.0,0
20180621T,102407.0,102407.0,102407.0,102407.0,0
20180622T,100827.0,100827.0,100827.0,100827.0,0
20180625T,110821.0,110821.0,110821.0,110821.0,0
20180626T,118583.0,118583.0,118583.0,118583.0,0
20180627T,124722.0,124722.0,124722.0,124722.0,0
20180628T,64910.0,64910.0,64910.0,64910.0,0
20180629T,55407.0,55407.0,55407.0,55407.0,0
20180702T,57414.0,57414.0,57414.0,57414.0,0
20180703T,54345.0,54345.0,54345.0,54345.0,0
20180704T,61565.0,61565.0,61565.0,61565.0,0
20180705T,59461.0,59461.0,59461.0,59461.0,0
20180706T,62792.0,62792.0,62792.0,62792.0,0
20180709T,55995.0,55995.0,55995.0,55995.0,0
20180710T,47031.0,47031.0,47031.0,47031.0,0
20180711T,53281.0,53281.0,53281.0,53281.0,0
20180712T,52768.0,52768.0,52768.0,52768.0,0
20180713T,39925.0,39925.0,39925.0,39925.0,0
20180716T,33550.0,33550.0,33550.0,33550.0,0
20180717T,40028.0,40028.0,40028.0,40028.0,0
20180718T,32552.0,32552.0,32552.0,32552.0,0
20180719T,26665.0,26665.0,26665.0,26665.0,0
20180720T,40042.0,40042.0,40042.0,40042.0,0
20180723T,41676.0,41676.0,41676.0,41676.0,0
20180724T,44513.0,44513.0,44513.0,44513.0,0
20180725T,46043.0,46043.0,46043.0,46043.0,0
20180726T,24236.0,24236.0,24236.0,24236.0,0
20180727T,24783.0,24783.0,24783.0,24783.0,0
20180730T,31605.0,31605.0,31605.0,31605.0,0
20180731T,38114.0,38114.0,38114.0,38114.0,0
20180801T,29034.0,29034.0,29034.0,29034.0,0
20180802T,32312.0,32312.0,32312.0,32312.0,0
20180803T,37193.0,37193.0,37193.0,37193.0,0
20180806T,39080.0,39080.0,39080.0,39080.0,0
20180807T,41268.0,41268.0,41268.0,41268.0,0
20180808T,38292.0,38292.0,38292.0,38292.0,0
20180809T,42902.0,42902.0,42902.0,42902.0,0
20180810T,44242.0,44242.0,44242.0,44242.0,0
20180813T,55496.0,55496.0,55496.0,55496.0,0
20180814T,66303.0,66303.0,66303.0,66303.0,0
20180816T,67290.0,67290.0,67290.0,67290.0,0
20180817T,80623.0,80623.0,80623.0,80623.0,0
20180820T,82980.0,82980.0,82980.0,82980.0,0
20180821T,90911.0,90911.0,90911.0,90911.0,0
20180823T,88391.0,88391.0,88391.0,88391.0,0
20180824T,89986.0,89986.0,89986.0,89986.0,0
20180827T,80696.0,80696.0,80696.0,80696.0,0
20180828T,76528.0,76528.0,76528.0,76528.0,0
20180829T,81903.0,81903.0,81903.0,81903.0,0
20180830T,26192.0,26192.0,26192.0,26192.0,0
20180831T,37793.0,37793.0,37793.0,37793.0,0
20180903T,38514.0,38514.0,38514.0,38514.0,0
20180904T,46060.0,46060.0,46060.0,46060.0,0
20180905T,71260.0,71260.0,71260.0,71260.0,0
20180906T,87241.0,87241.0,87241.0,87241.0,0
20180907T,92061.0,92061.0,92061.0,92061.0,0
20180910T,94664.0,94664.0,94664.0,94664.0,0
20180911T,108511.0,108511.0,108511.0,108511.0,0
20180912T,112203.0,112203.0,112203.0,112203.0,0
20180914T,105298.0,105298.0,105298.0,105298.0,0
20180917T,108051.0,108051.0,108051.0,108051.0,0
20180918T,108843.0,108843.0,108843.0,108843.0,0
20180919T,99289.0,99289.0,99289.0,99289.0,0
20180921T,74321.0,74321.0,74321.0,74321.0,0
20180924T,53333.0,53333.0,53333.0,53333.0,0
20180925T,42499.0,42499.0,42499.0,42499.0,0
20180926T,43007.0,43007.0,43007.0,43007.0,0
20180927T,16772.0,16772.0,16772.0,16772.0,0
20180928T,9771.0,9771.0,9771.0,9771.0,0
20181001T,12103.0,12103.0,12103.0,12103.0,0
20181003T,14668.0,14668.0,14668.0,14668.0,0
20181004T,34054.0,34054.0,34054.0,34054.0,0
20181005T,39081.0,39081.0,39081.0,39081.0,0
20181008T,31947.0,31947.0,31947.0,31947.0,0
20181009T,29589.0,29589.0,29589.0,29589.0,0
20181010T,51243.0,51243.0,51243.0,51243.0,0
20181011T,49952.0,49952.0,49952.0,49952.0,0
20181012T,48494.0,48494.0,48494.0,48494.0,0
20181015T,70812.0,70812.0,70812.0,70812.0,0
20181016T,75992.0,75992.0,75992.0,75992.0,0
20181017T,68423.0,68423.0,68423.0,68423.0,0
20181019T,55172.0,55172.0,55172.0,55172.0,0
20181022T,46969.0,46969.0,46969.0,46969.0,0
20181023T,43457.0,43457.0,43457.0,43457.0,0
20181024T,35616.0,35616.0,35616.0,35616.0,0
20181025T,45928.0,45928.0,45928.0,45928.0,0
20181026T,45998.0,45998.0,45998.0,45998.0,0
20181029T,53628.0,53628.0,53628.0,53628.0,0
20181030T,50886.0,50886.0,50886.0,50886.0,0
20181031T,48259.0,48259.0,48259.0,48259.0,0
20181101T,66041.0,66041.0,66041.0,66041.0,0
20181102T,60919.0,60919.0,60919.0,60919.0,0
20181105T,67650.0,67650.0,67650.0,67650.0,0
20181106T,60349.0,60349.0,60349.0,60349.0,0
20181107T,55705.0,55705.0,55705.0,55705.0,0
20181109T,51410.0,51410.0,51410.0,51410.0,0
20181112T,51580.0,51580.0,51580.0,51580.0,0
20181113T,53588.0,53588.0,53588.0,53588.0,0
20181114T,47355.0,47355.0,47355.0,47355.0,0
20181115T,44399.0,44399.0,44399.0,44399.0,0
20181116T,42859.0,42859.0,42859.0,42859.0,0
20181119T,43184.0,43184.0,43184.0,43184.0,0
20181120T,35982.0,35982.0,35982.0,35982.0,0
20181121T,32891.0,32891.0,32891.0,32891.0,0
20181122T,28808.0,28808.0,28808.0,28808.0,0
20181126T,24924.0,24924.0,24924.0,24924.0,0
20181127T,33142.0,33142.0,33142.0,33142.0,0
20181128T,16633.0,16633.0,16633.0,16633.0,0
20181129T,-27186.0,-27186.0,-27186.0,-27186.0,0
20181130T,-30382.0,-30382.0,-30382.0,-30382.0,0
20181203T,-31552.0,-31552.0,-31552.0,-31552.0,0
20181204T,-31603.0,-31603.0,-31603.0,-31603.0,0
20181205T,-20154.0,-20154.0,-20154.0,-20154.0,0
20181206T,-4093.0,-4093.0,-4093.0,-4093.0,0
20181207T,-19069.0,-19069.0,-19069.0,-19069.0,0
20181210T,-12149.0,-12149.0,-12149.0,-12149.0,0
20181211T,-518.0,-518.0,-518.0,-518.0,0
20181212T,-3540.0,-3540.0,-3540.0,-3540.0,0
20181213T,-24236.0,-24236.0,-24236.0,-24236.0,0
20181214T,-18052.0,-18052.0,-18052.0,-18052.0,0
20181217T,-13849.0,-13849.0,-13849.0,-13849.0,0
20181218T,-8681.0,-8681.0,-8681.0,-8681.0,0
20181219T,-12527.0,-12527.0,-12527.0,-12527.0,0
20181220T,-13404.0,-13404.0,-13404.0,-13404.0,0
20181221T,-19514.0,-19514.0,-19514.0,-19514.0,0
20181224T,-28054.0,-28054.0,-28054.0,-28054.0,0
20181226T,-23124.0,-23124.0,-23124.0,-23124.0,0
20181227T,-47572.0,-47572.0,-47572.0,-47572.0,0
20181228T,-52286.0,-52286.0,-52286.0,-52286.0,0
20181231T,-59352.0,-59352.0,-59352.0,-59352.0,0
20190101T,-54536.0,-54536.0,-54536.0,-54536.0,0
20190102T,-51622.0,-51622.0,-51622.0,-51622.0,0
20190103T,-45102.0,-45102.0,-45102.0,-45102.0,0
20190104T,-42585.0,-42585.0,-42585.0,-42585.0,0
20190107T,-41243.0,-41243.0,-41243.0,-41243.0,0
20190108T,-28068.0,-28068.0,-28068.0,-28068.0,0
20190109T,-24926.0,-24926.0,-24926.0,-24926.0,0
20190110T,-25215.0,-25215.0,-25215.0,-25215.0,0
20190111T,-23578.0,-23578.0,-23578.0,-23578.0,0
20190114T,-8805.0,-8805.0,-8805.0,-8805.0,0
20190115T,-15517.0,-15517.0,-15517.0,-15517.0,0
20190116T,-3611.0,-3611.0,-3611.0,-3611.0,0
20190117T,12008.0,12008.0,12008.0,12008.0,0
20190118T,12751.0,12751.0,12751.0,12751.0,0
20190121T,18320.0,18320.0,18320.0,18320.0,0
20190122T,21258.0,21258.0,21258.0,21258.0,0
20190123T,22187.0,22187.0,22187.0,22187.0,0
20190124T,27568.0,27568.0,27568.0,27568.0,0
20190125T,20232.0,20232.0,20232.0,20232.0,0
20190128T,2822.0,2822.0,2822.0,2822.0,0
20190129T,2384.0,2384.0,2384.0,2384.0,0
20190130T,32690.0,32690.0,32690.0,32690.0,0
20190131T,32126.0,32126.0,32126.0,32126.0,0
20190201T,15962.0,15962.0,15962.0,15962.0,0
20190204T,25664.0,25664.0,25664.0,25664.0,0
20190205T,24871.0,24871.0,24871.0,24871.0,0
20190206T,11053.0,11053.0,11053.0,11053.0,0
20190207T,358.0,358.0,358.0,358.0,0
20190208T,9060.0,9060.0,9060.0,9060.0,0
20190211T,304.0,304.0,304.0,304.0,0
20190212T,-8356.0,-8356.0,-8356.0,-8356.0,0
20190213T,-16169.0,-16169.0,-16169.0,-16169.0,0
20190214T,-1139.0,-1139.0,-1139.0,-1139.0,0
20190215T,3442.0,3442.0,3442.0,3442.0,0
20190218T,4519.0,4519.0,4519.0,4519.0,0
20190219T,-4135.0,-4135.0,-4135.0,-4135.0,0
20190220T,-5285.0,-5285.0,-5285.0,-5285.0,0
20190221T,-4458.0,-4458.0,-4458.0,-4458.0,0
20190222T,-3157.0,-3157.0,-3157.0,-3157.0,0
20190225T,1554.0,1554.0,1554.0,1554.0,0
20190226T,13347.0,13347.0,13347.0,13347.0,0
20190227T,15729.0,15729.0,15729.0,15729.0,0
20190228T,-4247.0,-4247.0,-4247.0,-4247.0,0
20190301T,-378.0,-378.0,-378.0,-378.0,0
20190305T,4395.0,4395.0,4395.0,4395.0,0
20190306T,5798.0,5798.0,5798.0,5798.0,0
20190307T,5091.0,5091.0,5091.0,5091.0,0
20190308T,7119.0,7119.0,7119.0,7119.0,0
20190311T,13129.0,13129.0,13129.0,13129.0,0
20190312T,8544.0,8544.0,8544.0,8544.0,0
20190313T,-10063.0,-10063.0,-10063.0,-10063.0,0
20190314T,-18288.0,-18288.0,-18288.0,-18288.0,0
20190315T,-45929.0,-45929.0,-45929.0,-45929.0,0
20190318T,-53042.0,-53042.0,-53042.0,-53042.0,0
20190319T,-62731.0,-62731.0,-62731.0,-62731.0,0
20190320T,-69977.0,-69977.0,-69977.0,-69977.0,0
20190322T,-80681.0,-80681.0,-80681.0,-80681.0,0
20190325T,-72793.0,-72793.0,-72793.0,-72793.0,0
20190326T,-63573.0,-63573.0,-63573.0,-63573.0,0
20190327T,-71791.0,-71791.0,-71791.0,-71791.0,0
20190328T,-44190.0,-44190.0,-44190.0,-44190.0,0
20190329T,-34829.0,-34829.0,-34829.0,-34829.0,0
20190401T,-41314.0,-41314.0,-41314.0,-41314.0,0
20190402T,-30384.0,-30384.0,-30384.0,-30384.0,0
20190403T,-35041.0,-35041.0,-35041.0,-35041.0,0
20190404T,-28156.0,-28156.0,-28156.0,-28156.0,0
20190405T,-31752.0,-31752.0,-31752.0,-31752.0,0
20190408T,-31594.0,-31594.0,-31594.0,-31594.0,0
20190409T,-22759.0,-22759.0,-22759.0,-22759.0,0
20190410T,-19775.0,-19775.0,-19775.0,-19775.0,0
20190411T,-18746.0,-18746.0,-18746.0,-18746.0,0
20190412T,-17264.0,-17264.0,-17264.0,-17264.0,0
20190415T,-13974.0,-13974.0,-13974.0,-13974.0,0
20190416T,-23440.0,-23440.0,-23440.0,-23440.0,0
20190418T,-36873.0,-36873.0,-36873.0,-36873.0,0
20190422T,-44511.0,-44511.0,-44511.0,-44511.0,0
20190423T,-61004.0,-61004.0,-61004.0,-61004.0,0
20190424T,-61321.0,-61321.0,-61321.0,-61321.0,0
20190425T,-70134.0,-70134.0,-70134.0,-70134.0,0
20190426T,-60075.0,-60075.0,-60075.0,-60075.0,0
20190430T,-61087.0,-61087.0,-61087.0,-61087.0,0
20190502T,-53748.0,-53748.0,-53748.0,-53748.0,0
20190503T,-53108.0,-53108.0,-53108.0,-53108.0,0
20190506T,-49782.0,-49782.0,-49782.0,-49782.0,0
20190507T,-48827.0,-48827.0,-48827.0,-48827.0,0
20190508T,-39113.0,-39113.0,-39113.0,-39113.0,0
20190509T,-16900.0,-16900.0,-16900.0,-16900.0,0
20190510T,-11833.0,-11833.0,-11833.0,-11833.0,0
20190513T,-12170.0,-12170.0,-12170.0,-12170.0,0
20190514T,-8241.0,-8241.0,-8241.0,-8241.0,0
20190515T,-14854.0,-14854.0,-14854.0,-14854.0,0
20190516T,-6087.0,-6087.0,-6087.0,-6087.0,0
20190517T,-12747.0,-12747.0,-12747.0,-12747.0,0
20190520T,-27107.0,-27107.0,-27107.0,-27107.0,0
20190521T,-11562.0,-11562.0,-11562.0,-11562.0,0
20190522T,-14753.0,-14753.0,-14753.0,-14753.0,0
20190523T,-10295.0,-10295.0,-10295.0,-10295.0,0
20190524T,-14135.0,-14135.0,-14135.0,-14135.0,0
20190527T,-14940.0,-14940.0,-14940.0,-14940.0,0
20190528T,-8831.0,-8831.0,-8831.0,-8831.0,0
20190529T,-8187.0,-8187.0,-8187.0,-8187.0,0
20190530T,-33035.0,-33035.0,-33035.0,-33035.0,0
20190531T,-24727.0,-24727.0,-24727.0,-24727.0,0
20190603T,-40043.0,-40043.0,-40043.0,-40043.0,0
20190604T,-33002.0,-33002.0,-33002.0,-33002.0,0
20190606T,-27359.0,-27359.0,-27359.0,-27359.0,0
20190607T,-21644.0,-21644.0,-21644.0,-21644.0,0
20190610T,-23021.0,-23021.0,-23021.0,-23021.0,0
20190611T,-27278.0,-27278.0,-27278.0,-27278.0,0
20190612T,-30636.0,-30636.0,-30636.0,-30636.0,0
20190613T,-24342.0,-24342.0,-24342.0,-24342.0,0
20190614T,-33856.0,-33856.0,-33856.0,-33856.0,0
20190617T,-36656.0,-36656.0,-36656.0,-36656.0,0
20190618T,-42611.0,-42611.0,-42611.0,-42611.0,0
20190619T,-40893.0,-40893.0,-40893.0,-40893.0,0
20190620T,-29806.0,-29806.0,-29806.0,-29806.0,0
20190621T,-28672.0,-28672.0,-28672.0,-28672.0,0
20190624T,-32667.0,-32667.0,-32667.0,-32667.0,0
20190625T,-22452.0,-22452.0,-22452.0,-22452.0,0
20190626T,-26800.0,-26800.0,-26800.0,-26800.0,0
20190627T,-40543.0,-40543.0,-40543.0,-40543.0,0
20190628T,-43759.0,-43759.0,-43759.0,-43759.0,0
20190701T,-44518.0,-44518.0,-44518.0,-44518.0,0
20190702T,-40877.0,-40877.0,-40877.0,-40877.0,0
20190703T,-32179.0,-32179.0,-32179.0,-32179.0,0
20190704T,-28991.0,-28991.0,-28991.0,-28991.0,0
20190705T,-26530.0,-26530.0,-26530.0,-26530.0,0
20190708T,-10276.0,-10276.0,-10276.0,-10276.0,0
20190709T,5470.0,5470.0,5470.0,5470.0,0
20190710T,5312.0,5312.0,5312.0,5312.0,0
20190711T,8121.0,8121.0,8121.0,8121.0,0
20190712T,7802.0,7802.0,7802.0,7802.0,0
20190715T,8029.0,8029.0,8029.0,8029.0,0
20190716T,6917.0,6917.0,6917.0,6917.0,0
20190717T,13152.0,13152.0,13152.0,13152.0,0
20190718T,-3847.0,-3847.0,-3847.0,-3847.0,0
20190719T,-1490.0,-1490.0,-1490.0,-1490.0,0
20190722T,3270.0,3270.0,3270.0,3270.0,0
20190723T,1861.0,1861.0,1861.0,1861.0,0
20190724T,711.0,711.0,711.0,711.0,0
20190725T,-3933.0,-3933.0,-3933.0,-3933.0,0
20190726T,2365.0,2365.0,2365.0,2365.0,0
20190729T,10421.0,10421.0,10421.0,10421.0,0
20190730T,2544.0,2544.0,2544.0,2544.0,0
20190731T,3191.0,3191.0,3191.0,3191.0,0
20190801T,8836.0,8836.0,8836.0,8836.0,0
20190802T,16510.0,16510.0,16510.0,16510.0,0
20190805T,25564.0,25564.0,25564.0,25564.0,0
20190806T,35363.0,35363.0,35363.0,35363.0,0
20190807T,47682.0,47682.0,47682.0,47682.0,0
20190808T,48149.0,48149.0,48149.0,48149.0,0
20190809T,55657.0,55657.0,55657.0,55657.0,0
20190813T,62001.0,62001.0,62001.0,62001.0,0
20190814T,56383.0,56383.0,56383.0,56383.0,0
20190816T,59528.0,59528.0,59528.0,59528.0,0
20190819T,53864.0,53864.0,53864.0,53864.0,0
20190820T,48085.0,48085.0,48085.0,48085.0,0
20190821T,40331.0,40331.0,40331.0,40331.0,0
20190822T,43772.0,43772.0,43772.0,43772.0,0
20190823T,36243.0,36243.0,36243.0,36243.0,0
20190826T,32271.0,32271.0,32271.0,32271.0,0
20190827T,34274.0,34274.0,34274.0,34274.0,0
20190828T,35343.0,35343.0,35343.0,35343.0,0
20190829T,26926.0,26926.0,26926.0,26926.0,0
20190830T,12627.0,12627.0,12627.0,12627.0,0
20190903T,16790.0,16790.0,16790.0,16790.0,0
20190904T,10023.0,10023.0,10023.0,10023.0,0
20190905T,17463.0,17463.0,17463.0,17463.0,0
20190906T,23022.0,23022.0,23022.0,23022.0,0
20190909T,27191.0,27191.0,27191.0,27191.0,0
20190911T,19759.0,19759.0,19759.0,19759.0,0
20190912T,32966.0,32966.0,32966.0,32966.0,0
20190913T,34746.0,34746.0,34746.0,34746.0,0
20190916T,48562.0,48562.0,48562.0,48562.0,0
20190917T,46150.0,46150.0,46150.0,46150.0,0
20190918T,42376.0,42376.0,42376.0,42376.0,0
20190919T,51856.0,51856.0,51856.0,51856.0,0
20190920T,18141.0,18141.0,18141.0,18141.0,0
20190923T,3551.0,3551.0,3551.0,3551.0,0
20190924T,-2387.0,-2387.0,-2387.0,-2387.0,0
20190925T,3167.0,3167.0,3167.0,3167.0,0
20190926T,386.0,386.0,386.0,386.0,0
20190927T,5487.0,5487.0,5487.0,5487.0,0
20190930T,-9174.0,-9174.0,-9174.0,-9174.0,0
20191001T,-12186.0,-12186.0,-12186.0,-12186.0,0
20191003T,-2905.0,-2905.0,-2905.0,-2905.0,0
20191004T,6142.0,6142.0,6142.0,6142.0,0
20191007T,2275.0,2275.0,2275.0,2275.0,0
20191009T,9180.0,9180.0,9180.0,9180.0,0
20191010T,20619.0,20619.0,20619.0,20619.0,0
20191011T,4303.0,4303.0,4303.0,4303.0,0
20191014T,1965.0,1965.0,1965.0,1965.0,0
20191015T,-5870.0,-5870.0,-5870.0,-5870.0,0
20191016T,-5353.0,-5353.0,-5353.0,-5353.0,0
20191017T,-13203.0,-13203.0,-13203.0,-13203.0,0
20191018T,-8114.0,-8114.0,-8114.0,-8114.0,0
20191022T,-12032.0,-12032.0,-12032.0,-12032.0,0
20191023T,-10074.0,-10074.0,-10074.0,-10074.0,0
20191024T,-8936.0,-8936.0,-8936.0,-8936.0,0
20191025T,3760.0,3760.0,3760.0,3760.0,0
20191029T,-1111.0,-1111.0,-1111.0,-1111.0,0
20191030T,5825.0,5825.0,5825.0,5825.0,0
20191031T,-385.0,-385.0,-385.0,-385.0,0
20191101T,-2487.0,-2487.0,-2487.0,-2487.0,0
20191104T,-2880.0,-2880.0,-2880.0,-2880.0,0
20191105T,-3025.0,-3025.0,-3025.0,-3025.0,0
20191106T,2019.0,2019.0,2019.0,2019.0,0
20191107T,-867.0,-867.0,-867.0,-867.0,0
20191108T,4779.0,4779.0,4779.0,4779.0,0
20191111T,14420.0,14420.0,14420.0,14420.0,0
20191113T,18157.0,18157.0,18157.0,18157.0,0
20191114T,19209.0,19209.0,19209.0,19209.0,0
20191115T,17592.0,17592.0,17592.0,17592.0,0
20191118T,20520.0,20520.0,20520.0,20520.0,0
20191119T,26536.0,26536.0,26536.0,26536.0,0
20191120T,36656.0,36656.0,36656.0,36656.0,0
20191121T,36226.0,36226.0,36226.0,36226.0,0
20191122T,37756.0,37756.0,37756.0,37756.0,0
20191125T,23914.0,23914.0,23914.0,23914.0,0
20191126T,-9955.0,-9955.0,-9955.0,-9955.0,0
20191127T,-5275.0,-5275.0,-5275.0,-5275.0,0
20191128T,-13975.0,-13975.0,-13975.0,-13975.0,0
20191129T,1930.0,1930.0,1930.0,1930.0,0
20191202T,4858.0,4858.0,4858.0,4858.0,0
20191203T,5712.0,5712.0,5712.0,5712.0,0
20191204T,17363.0,17363.0,17363.0,17363.0,0
20191205T,15786.0,15786.0,15786.0,15786.0,0
20191206T,15421.0,15421.0,15421.0,15421.0,0
20191209T,19549.0,19549.0,19549.0,19549.0,0
20191210T,14640.0,14640.0,14640.0,14640.0,0
20191211T,17568.0,17568.0,17568.0,17568.0,0
20191212T,11406.0,11406.0,11406.0,11406.0,0
20191213T,-320.0,-320.0,-320.0,-320.0,0
20191216T,10304.0,10304.0,10304.0,10304.0,0
20191217T,12639.0,12639.0,12639.0,12639.0,0
20191218T,12021.0,12021.0,12021.0,12021.0,0
20191219T,7642.0,7642.0,7642.0,7642.0,0
20191220T,3793.0,3793.0,3793.0,3793.0,0
20191223T,-3227.0,-3227.0,-3227.0,-3227.0,0
20191224T,-7444.0,-7444.0,-7444.0,-7444.0,0
20191226T,-7621.0,-7621.0,-7621.0,-7621.0,0
20191227T,-7555.0,-7555.0,-7555.0,-7555.0,0
20191230T,-7642.0,-7642.0,-7642.0,-7642.0,0
20191231T,-4123.0,-4123.0,-4123.0,-4123.0,0
20200101T,-10032.0,-10032.0,-10032.0,-10032.0,0
20200102T,-5222.0,-5222.0,-5222.0,-5222.0,0
20200103T,4702.0,4702.0,4702.0,4702.0,0
20200106T,11526.0,11526.0,11526.0,11526.0,0
20200107T,455.0,455.0,455.0,455.0,0
20200108T,17226.0,17226.0,17226.0,17226.0,0
20200109T,-1828.0,-1828.0,-1828.0,-1828.0,0
20200110T,-6399.0,-6399.0,-6399.0,-6399.0,0
20200113T,-3765.0,-3765.0,-3765.0,-3765.0,0
20200114T,-788.0,-788.0,-788.0,-788.0,0
20200115T,7302.0,7302.0,7302.0,7302.0,0
20200116T,12884.0,12884.0,12884.0,12884.0,0
20200117T,10713.0,10713.0,10713.0,10713.0,0
20200120T,6526.0,6526.0,6526.0,6526.0,0
20200121T,9086.0,9086.0,9086.0,9086.0,0
20200122T,12120.0,12120.0,12120.0,12120.0,0
20200123T,17446.0,17446.0,17446.0,17446.0,0
20200124T,20945.0,20945.0,20945.0,20945.0,0
20200127T,26686.0,26686.0,26686.0,26686.0,0
20200128T,31646.0,31646.0,31646.0,31646.0,0
20200129T,28083.0,28083.0,28083.0,28083.0,0
20200130T,58439.0,58439.0,58439.0,58439.0,0
20200131T,65252.0,65252.0,65252.0,65252.0,0
20200203T,72309.0,72309.0,72309.0,72309.0,0
20200204T,82418.0,82418.0,82418.0,82418.0,0
20200205T,92034.0,92034.0,92034.0,92034.0,0
20200206T,93184.0,93184.0,93184.0,93184.0,0
20200207T,101062.0,101062.0,101062.0,101062.0,0
20200210T,108600.0,108600.0,108600.0,108600.0,0
20200211T,97146.0,97146.0,97146.0,97146.0,0
20200212T,81755.0,81755.0,81755.0,81755.0,0
20200213T,101039.0,101039.0,101039.0,101039.0,0
20200214T,97446.0,97446.0,97446.0,97446.0,0
20200217T,91753.0,91753.0,91753.0,91753.0,0
20200218T,88171.0,88171.0,88171.0,88171.0,0
20200219T,84416.0,84416.0,84416.0,84416.0,0
20200220T,92543.0,92543.0,92543.0,92543.0,0
20200224T,88219.0,88219.0,88219.0,88219.0,0
20200225T,64230.0,64230.0,64230.0,64230.0,0
20200226T,72044.0,72044.0,72044.0,72044.0,0
20200227T,106825.0,106825.0,106825.0,106825.0,0
20200228T,115606.0,115606.0,115606.0,115606.0,0
20200302T,87374.0,87374.0,87374.0,87374.0,0
20200303T,96930.0,96930.0,96930.0,96930.0,0
20200304T,108103.0,108103.0,108103.0,108103.0,0
20200305T,110822.0,110822.0,110822.0,110822.0,0
20200306T,144066.0,144066.0,144066.0,144066.0,0
20200309T,136619.0,136619.0,136619.0,136619.0,0
20200311T,116132.0,116132.0,116132.0,116132.0,0
20200312T,104362.0,104362.0,104362.0,104362.0,0
20200313T,92426.0,92426.0,92426.0,92426.0,0
20200316T,75393.0,75393.0,75393.0,75393.0,0
20200317T,60634.0,60634.0,60634.0,60634.0,0
20200318T,44579.0,44579.0,44579.0,44579.0,0
20200319T,44331.0,44331.0,44331.0,44331.0,0
20200320T,29606.0,29606.0,29606.0,29606.0,0
20200323T,8420.0,8420.0,8420.0,8420.0,0
20200324T,-40033.0,-40033.0,-40033.0,-40033.0,0
20200325T,-34703.0,-34703.0,-34703.0,-34703.0,0
20200326T,-6860.0,-6860.0,-6860.0,-6860.0,0
20200327T,2720.0,2720.0,2720.0,2720.0,0
20200330T,14062.0,14062.0,14062.0,14062.0,0
20200331T,-9673.0,-9673.0,-9673.0,-9673.0,0
20200401T,10285.0,10285.0,10285.0,10285.0,0
20200403T,11031.0,11031.0,11031.0,11031.0,0
20200407T,-12078.0,-12078.0,-12078.0,-12078.0,0
20200408T,-6796.0,-6796.0,-6796.0,-6796.0,0
20200409T,-17511.0,-17511.0,-17511.0,-17511.0,0
20200413T,-692.0,-692.0,-692.0,-692.0,0
20200415T,-11653.0,-11653.0,-11653.0,-11653.0,0
20200416T,-30728.0,-30728.0,-30728.0,-30728.0,0
20200417T,-27767.0,-27767.0,-27767.0,-27767.0,0
20200420T,-34150.0,-34150.0,-34150.0,-34150.0,0
20200421T,-23509.0,-23509.0,-23509.0,-23509.0,0
20200422T,-24657.0,-24657.0,-24657.0,-24657.0,0
20200423T,-24163.0,-24163.0,-24163.0,-24163.0,0
20200424T,-13560.0,-13560.0,-13560.0,-13560.0,0
20200427T,-31753.0,-31753.0,-31753.0,-31753.0,0
20200428T,-38275.0,-38275.0,-38275.0,-38275.0,0
20200429T,-50191.0,-50191.0,-50191.0,-50191.0,0
20200430T,-36703.0,-36703.0,-36703.0,-36703.0,0
20200504T,-24719.0,-24719.0,-24719.0,-24719.0,0
20200505T,-20470.0,-20470.0,-20470.0,-20470.0,0
20200506T,-24699.0,-24699.0,-24699.0,-24699.0,0
20200507T,-16010.0,-16010.0,-16010.0,-16010.0,0
20200508T,-14782.0,-14782.0,-14782.0,-14782.0,0
20200511T,-25048.0,-25048.0,-25048.0,-25048.0,0
20200512T,-18988.0,-18988.0,-18988.0,-18988.0,0
20200513T,-22438.0,-22438.0,-22438.0,-22438.0,0
20200514T,-6449.0,-6449.0,-6449.0,-6449.0,0
20200515T,-7120.0,-7120.0,-7120.0,-7120.0,0
20200518T,5834.0,5834.0,5834.0,5834.0,0
20200519T,-14300.0,-14300.0,-14300.0,-14300.0,0
20200520T,-21711.0,-21711.0,-21711.0,-21711.0,0
20200521T,-9213.0,-9213.0,-9213.0,-9213.0,0
20200522T,4422.0,4422.0,4422.0,4422.0,0
20200526T,-10082.0,-10082.0,-10082.0,-10082.0,0
20200527T,-40183.0,-40183.0,-40183.0,-40183.0,0
20200528T,-33476.0,-33476.0,-33476.0,-33476.0,0
20200529T,-20028.0,-20028.0,-20028.0,-20028.0,0
20200601T,-21510.0,-21510.0,-21510.0,-21510.0,0
20200602T,-27692.0,-27692.0,-27692.0,-27692.0,0
20200603T,-43006.0,-43006.0,-43006.0,-43006.0,0
20200604T,-32856.0,-32856.0,-32856.0,-32856.0,0
20200605T,-33227.0,-33227.0,-33227.0,-33227.0,0
20200608T,-22373.0,-22373.0,-22373.0,-22373.0,0
20200609T,-20423.0,-20423.0,-20423.0,-20423.0,0
20200610T,-17121.0,-17121.0,-17121.0,-17121.0,0
20200611T,-6145.0,-6145.0,-6145.0,-6145.0,0
20200612T,-5553.0,-5553.0,-5553.0,-5553.0,0
20200615T,4918.0,4918.0,4918.0,4918.0,0
20200616T,8632.0,8632.0,8632.0,8632.0,0
20200617T,10555.0,10555.0,10555.0,10555.0,0
20200618T,1494.0,1494.0,1494.0,1494.0,0
20200619T,-11760.0,-11760.0,-11760.0,-11760.0,0
20200622T,-7483.0,-7483.0,-7483.0,-7483.0,0
20200623T,-824.0,-824.0,-824.0,-824.0,0
20200624T,7326.0,7326.0,7326.0,7326.0,0
20200625T,25637.0,25637.0,25637.0,25637.0,0
20200626T,33156.0,33156.0,33156.0,33156.0,0
20200629T,40668.0,40668.0,40668.0,40668.0,0
20200630T,35160.0,35160.0,35160.0,35160.0,0
20200701T,22486.0,22486.0,22486.0,22486.0,0
20200702T,9714.0,9714.0,9714.0,9714.0,0
20200703T,6089.0,6089.0,6089.0,6089.0,0
20200706T,-506.0,-506.0,-506.0,-506.0,0
20200707T,12945.0,12945.0,12945.0,12945.0,0
20200708T,1174.0,1174.0,1174.0,1174.0,0
20200709T,-12659.0,-12659.0,-12659.0,-12659.0,0
20200710T,5085.0,5085.0,5085.0,5085.0,0
20200713T,3502.0,3502.0,3502.0,3502.0,0
20200714T,12639.0,12639.0,12639.0,12639.0,0
20200715T,2677.0,2677.0,2677.0,2677.0,0
20200716T,12048.0,12048.0,12048.0,12048.0,0
20200717T,11966.0,11966.0,11966.0,11966.0,0
20200720T,10673.0,10673.0,10673.0,10673.0,0
20200721T,4081.0,4081.0,4081.0,4081.0,0
20200722T,9232.0,9232.0,9232.0,9232.0,0
20200723T,7196.0,7196.0,7196.0,7196.0,0
20200724T,20498.0,20498.0,20498.0,20498.0,0
20200727T,5821.0,5821.0,5821.0,5821.0,0
20200728T,-12357.0,-12357.0,-12357.0,-12357.0,0
20200729T,-21888.0,-21888.0,-21888.0,-21888.0,0
20200730T,-14632.0,-14632.0,-14632.0,-14632.0,0
20200803T,3402.0,3402.0,3402.0,3402.0,0
20200804T,9250.0,9250.0,9250.0,9250.0,0
20200805T,2621.0,2621.0,2621.0,2621.0,0
20200806T,1119.0,1119.0,1119.0,1119.0,0
20200807T,6889.0,6889.0,6889.0,6889.0,0
20200810T,-3043.0,-3043.0,-3043.0,-3043.0,0
20200811T,-5875.0,-5875.0,-5875.0,-5875.0,0
20200812T,6311.0,6311.0,6311.0,6311.0,0
20200813T,4587.0,4587.0,4587.0,4587.0,0
20200814T,2911.0,2911.0,2911.0,2911.0,0
20200817T,-10445.0,-10445.0,-10445.0,-10445.0,0
20200818T,-6557.0,-6557.0,-6557.0,-6557.0,0
20200819T,-13587.0,-13587.0,-13587.0,-13587.0,0
20200820T,4315.0,4315.0,4315.0,4315.0,0
20200821T,-9149.0,-9149.0,-9149.0,-9149.0,0
20200824T,-16828.0,-16828.0,-16828.0,-16828.0,0
20200825T,-15801.0,-15801.0,-15801.0,-15801.0,0
20200826T,-14027.0,-14027.0,-14027.0,-14027.0,0
20200827T,-25927.0,-25927.0,-25927.0,-25927.0,0
20200828T,-29482.0,-29482.0,-29482.0,-29482.0,0
20200831T,-164.0,-164.0,-164.0,-164.0,0
20200901T,-13832.0,-13832.0,-13832.0,-13832.0,0
20200902T,2037.0,2037.0,2037.0,2037.0,0
20200903T,7203.0,7203.0,7203.0,7203.0,0
20200904T,3257.0,3257.0,3257.0,3257.0,0
20200907T,1106.0,1106.0,1106.0,1106.0,0
20200908T,-2369.0,-2369.0,-2369.0,-2369.0,0
20200909T,3908.0,3908.0,3908.0,3908.0,0
20200910T,4271.0,4271.0,4271.0,4271.0,0
20200911T,18461.0,18461.0,18461.0,18461.0,0
20200914T,21533.0,21533.0,21533.0,21533.0,0
20200915T,32471.0,32471.0,32471.0,32471.0,0
20200916T,36847.0,36847.0,36847.0,36847.0,0
20200917T,36798.0,36798.0,36798.0,36798.0,0
20200918T,9396.0,9396.0,9396.0,9396.0,0
20200921T,-11224.0,-11224.0,-11224.0,-11224.0,0
20200922T,-3475.0,-3475.0,-3475.0,-3475.0,0
20200923T,2032.0,2032.0,2032.0,2032.0,0
20200924T,10599.0,10599.0,10599.0,10599.0,0
20200925T,3959.0,3959.0,3959.0,3959.0,0
20200928T,6060.0,6060.0,6060.0,6060.0,0
20200929T,9830.0,9830.0,9830.0,9830.0,0
20200930T,4742.0,4742.0,4742.0,4742.0,0
20201001T,-8863.0,-8863.0,-8863.0,-8863.0,0
20201005T,-11009.0,-11009.0,-11009.0,-11009.0,0
20201006T,3512.0,3512.0,3512.0,3512.0,0
20201007T,-7325.0,-7325.0,-7325.0,-7325.0,0
20201008T,-26111.0,-26111.0,-26111.0,-26111.0,0
20201009T,-24266.0,-24266.0,-24266.0,-24266.0,0
20201012T,-26338.0,-26338.0,-26338.0,-26338.0,0
20201013T,-22730.0,-22730.0,-22730.0,-22730.0,0
20201014T,-16906.0,-16906.0,-16906.0,-16906.0,0
20201015T,-26389.0,-26389.0,-26389.0,-26389.0,0
20201016T,-12037.0,-12037.0,-12037.0,-12037.0,0
20201019T,-16189.0,-16189.0,-16189.0,-16189.0,0
20201020T,-15365.0,-15365.0,-15365.0,-15365.0,0
20201021T,-17977.0,-17977.0,-17977.0,-17977.0,0
20201022T,-14549.0,-14549.0,-14549.0,-14549.0,0
20201023T,-8898.0,-8898.0,-8898.0,-8898.0,0
20201026T,-21460.0,-21460.0,-21460.0,-21460.0,0
20201027T,2275.0,2275.0,2275.0,2275.0,0
20201028T,18621.0,18621.0,18621.0,18621.0,0
20201029T,41885.0,41885.0,41885.0,41885.0,0
20201030T,56985.0,56985.0,56985.0,56985.0,0
20201102T,45638.0,45638.0,45638.0,45638.0,0
20201103T,34917.0,34917.0,34917.0,34917.0,0
20201104T,41079.0,41079.0,41079.0,41079.0,0
20201105T,12298.0,12298.0,12298.0,12298.0,0
20201106T,4523.0,4523.0,4523.0,4523.0,0
20201109T,-9726.0,-9726.0,-9726.0,-9726.0,0
20201110T,-34878.0,-34878.0,-34878.0,-34878.0,0
20201111T,-45734.0,-45734.0,-45734.0,-45734.0,0
20201112T,-26786.0,-26786.0,-26786.0,-26786.0,0
20201113T,-18529.0,-18529.0,-18529.0,-18529.0,0
20201117T,-29986.0,-29986.0,-29986.0,-29986.0,0
20201118T,-32011.0,-32011.0,-32011.0,-32011.0,0
20201119T,-31343.0,-31343.0,-31343.0,-31343.0,0
20201120T,-39203.0,-39203.0,-39203.0,-39203.0,0
20201123T,-48993.0,-48993.0,-48993.0,-48993.0,0
20201124T,-44926.0,-44926.0,-44926.0,-44926.0,0
20201125T,-29629.0,-29629.0,-29629.0,-29629.0,0
20201126T,-23926.0,-23926.0,-23926.0,-23926.0,0
20201127T,-42025.0,-42025.0,-42025.0,-42025.0,0
20201201T,-36175.0,-36175.0,-36175.0,-36175.0,0
20201202T,-27514.0,-27514.0,-27514.0,-27514.0,0
20201203T,-30847.0,-30847.0,-30847.0,-30847.0,0
20201204T,-28493.0,-28493.0,-28493.0,-28493.0,0
20201207T,-18719.0,-18719.0,-18719.0,-18719.0,0
20201208T,-18797.0,-18797.0,-18797.0,-18797.0,0
20201209T,-23948.0,-23948.0,-23948.0,-23948.0,0
20201210T,-16131.0,-16131.0,-16131.0,-16131.0,0
20201211T,-21958.0,-21958.0,-21958.0,-21958.0,0
20201214T,-15521.0,-15521.0,-15521.0,-15521.0,0
20201215T,-13454.0,-13454.0,-13454.0,-13454.0,0
20201216T,-11684.0,-11684.0,-11684.0,-11684.0,0
20201217T,-12076.0,-12076.0,-12076.0,-12076.0,0
20201218T,-14324.0,-14324.0,-14324.0,-14324.0,0
20201221T,-29463.0,-29463.0,-29463.0,-29463.0,0
20201222T,-34221.0,-34221.0,-34221.0,-34221.0,0
20201223T,-9423.0,-9423.0,-9423.0,-9423.0,0
20201224T,-20561.0,-20561.0,-20561.0,-20561.0,0
20201228T,-20920.0,-20920.0,-20920.0,-20920.0,0
20201229T,-24880.0,-24880.0,-24880.0,-24880.0,0
20201230T,-26620.0,-26620.0,-26620.0,-26620.0,0
20201231T,-17090.0,-17090.0,-17090.0,-17090.0,0
20210101T,-15678.0,-15678.0,-15678.0,-15678.0,0
20210104T,-20822.0,-20822.0,-20822.0,-20822.0,0
20210105T,-15859.0,-15859.0,-15859.0,-15859.0,0
20210106T,-27094.0,-27094.0,-27094.0,-27094.0,0
20210107T,-27401.0,-27401.0,-27401.0,-27401.0,0
20210108T,-37154.0,-37154.0,-37154.0,-37154.0,0
20210111T,-20279.0,-20279.0,-20279.0,-20279.0,0
20210112T,-10766.0,-10766.0,-10766.0,-10766.0,0
20210113T,-10190.0,-10190.0,-10190.0,-10190.0,0
20210114T,-8739.0,-8739.0,-8739.0,-8739.0,0
20210115T,-2202.0,-2202.0,-2202.0,-2202.0,0
20210118T,-7006.0,-7006.0,-7006.0,-7006.0,0
20210119T,-7696.0,-7696.0,-7696.0,-7696.0,0
20210120T,3533.0,3533.0,3533.0,3533.0,0
20210121T,-17140.0,-17140.0,-17140.0,-17140.0,0
20210122T,-7795.0,-7795.0,-7795.0,-7795.0,0
20210125T,-18790.0,-18790.0,-18790.0,-18790.0,0
20210127T,-7398.0,-7398.0,-7398.0,-7398.0,0
20210128T,3400.0,3400.0,3400.0,3400.0,0
20210129T,7168.0,7168.0,7168.0,7168.0,0
20210201T,3764.0,3764.0,3764.0,3764.0,0
20210202T,743.0,743.0,743.0,743.0,0
20210203T,3677.0,3677.0,3677.0,3677.0,0
20210204T,6180.0,6180.0,6180.0,6180.0,0
20210205T,14383.0,14383.0,14383.0,14383.0,0
20210208T,7431.0,7431.0,7431.0,7431.0,0
20210209T,3394.0,3394.0,3394.0,3394.0,0
20210210T,2723.0,2723.0,2723.0,2723.0,0
20210211T,2825.0,2825.0,2825.0,2825.0,0
20210212T,7349.0,7349.0,7349.0,7349.0,0
20210215T,9293.0,9293.0,9293.0,9293.0,0
20210216T,8452.0,8452.0,8452.0,8452.0,0
20210217T,9310.0,9310.0,9310.0,9310.0,0
20210218T,8998.0,8998.0,8998.0,8998.0,0
20210219T,8079.0,8079.0,8079.0,8079.0,0
20210222T,9239.0,9239.0,9239.0,9239.0,0
20210223T,15385.0,15385.0,15385.0,15385.0,0
20210224T,6973.0,6973.0,6973.0,6973.0,0
20210225T,-18714.0,-18714.0,-18714.0,-18714.0,0
20210226T,9927.0,9927.0,9927.0,9927.0,0
20210301T,-6757.0,-6757.0,-6757.0,-6757.0,0
20210302T,12970.0,12970.0,12970.0,12970.0,0
20210303T,8668.0,8668.0,8668.0,8668.0,0
20210304T,43937.0,43937.0,43937.0,43937.0,0
20210305T,37821.0,37821.0,37821.0,37821.0,0
20210308T,40185.0,40185.0,40185.0,40185.0,0
20210309T,33980.0,33980.0,33980.0,33980.0,0
20210310T,31166.0,31166.0,31166.0,31166.0,0
20210312T,27679.0,27679.0,27679.0,27679.0,0
20210315T,38640.0,38640.0,38640.0,38640.0,0
20210316T,28510.0,28510.0,28510.0,28510.0,0
20210317T,26405.0,26405.0,26405.0,26405.0,0
20210318T,19419.0,19419.0,19419.0,19419.0,0
20210319T,21285.0,21285.0,21285.0,21285.0,0
20210322T,32378.0,32378.0,32378.0,32378.0,0
20210323T,36676.0,36676.0,36676.0,36676.0,0
20210324T,30793.0,30793.0,30793.0,30793.0,0
20210325T,4989.0,4989.0,4989.0,4989.0,0
20210326T,-8668.0,-8668.0,-8668.0,-8668.0,0
20210330T,-17256.0,-17256.0,-17256.0,-17256.0,0
20210331T,3121.0,3121.0,3121.0,3121.0,0
20210401T,5764.0,5764.0,5764.0,5764.0,0
20210405T,10623.0,10623.0,10623.0,10623.0,0
20210406T,13452.0,13452.0,13452.0,13452.0,0
20210407T,15017.0,15017.0,15017.0,15017.0,0
20210408T,11008.0,11008.0,11008.0,11008.0,0
20210409T,22421.0,22421.0,22421.0,22421.0,0
20210412T,27299.0,27299.0,27299.0,27299.0,0
20210413T,25052.0,25052.0,25052.0,25052.0,0
20210415T,25028.0,25028.0,25028.0,25028.0,0
20210416T,23359.0,23359.0,23359.0,23359.0,0
20210419T,22970.0,22970.0,22970.0,22970.0,0
20210420T,19380.0,19380.0,19380.0,19380.0,0
20210422T,31939.0,31939.0,31939.0,31939.0,0
20210423T,31459.0,31459.0,31459.0,31459.0,0
20210426T,33234.0,33234.0,33234.0,33234.0,0
20210427T,33950.0,33950.0,33950.0,33950.0,0
20210428T,13192.0,13192.0,13192.0,13192.0,0
20210429T,-6432.0,-6432.0,-6432.0,-6432.0,0
20210430T,14097.0,14097.0,14097.0,14097.0,0
20210503T,38680.0,38680.0,38680.0,38680.0,0
20210504T,39098.0,39098.0,39098.0,39098.0,0
20210505T,46742.0,46742.0,46742.0,46742.0,0
20210506T,48173.0,48173.0,48173.0,48173.0,0
20210507T,44570.0,44570.0,44570.0,44570.0,0
20210510T,45063.0,45063.0,45063.0,45063.0,0
20210511T,54213.0,54213.0,54213.0,54213.0,0
20210512T,59267.0,59267.0,59267.0,59267.0,0
20210514T,57579.0,57579.0,57579.0,57579.0,0
20210517T,69789.0,69789.0,69789.0,69789.0,0
20210518T,27469.0,27469.0,27469.0,27469.0,0
20210519T,28757.0,28757.0,28757.0,28757.0,0
20210520T,31677.0,31677.0,31677.0,31677.0,0
20210521T,17779.0,17779.0,17779.0,17779.0,0
20210524T,17218.0,17218.0,17218.0,17218.0,0
20210525T,5419.0,5419.0,5419.0,5419.0,0
20210526T,-1228.0,-1228.0,-1228.0,-1228.0,0
20210527T,-31718.0,-31718.0,-31718.0,-31718.0,0
20210528T,-36268.0,-36268.0,-36268.0,-36268.0,0
20210531T,-33552.0,-33552.0,-33552.0,-33552.0,0
20210601T,-36873.0,-36873.0,-36873.0,-36873.0,0
20210602T,-25207.0,-25207.0,-25207.0,-25207.0,0
20210603T,-36257.0,-36257.0,-36257.0,-36257.0,0
20210604T,-35069.0,-35069.0,-35069.0,-35069.0,0
20210607T,-41974.0,-41974.0,-41974.0,-41974.0,0
20210608T,-37487.0,-37487.0,-37487.0,-37487.0,0
20210609T,-46640.0,-46640.0,-46640.0,-46640.0,0
20210610T,-30071.0,-30071.0,-30071.0,-30071.0,0
20210611T,-21586.0,-21586.0,-21586.0,-21586.0,0
20210614T,5693.0,5693.0,5693.0,5693.0,0
20210615T,8405.0,8405.0,8405.0,8405.0,0
20210616T,-316.0,-316.0,-316.0,-316.0,0
20210617T,-2441.0,-2441.0,-2441.0,-2441.0,0
20210618T,-8087.0,-8087.0,-8087.0,-8087.0,0
20210621T,2736.0,2736.0,2736.0,2736.0,0
20210622T,-3895.0,-3895.0,-3895.0,-3895.0,0
20210623T,-8488.0,-8488.0,-8488.0,-8488.0,0
20210624T,-35986.0,-35986.0,-35986.0,-35986.0,0
20210625T,-26990.0,-26990.0,-26990.0,-26990.0,0
20210628T,-18758.0,-18758.0,-18758.0,-18758.0,0
20210629T,-11995.0,-11995.0,-11995.0,-11995.0,0
20210630T,-22314.0,-22314.0,-22314.0,-22314.0,0
20210701T,-10311.0,-10311.0,-10311.0,-10311.0,0
20210702T,-9700.0,-9700.0,-9700.0,-9700.0,0
20210705T,-217.0,-217.0,-217.0,-217.0,0
20210706T,-13245.0,-13245.0,-13245.0,-13245.0,0
20210707T,-7829.0,-7829.0,-7829.0,-7829.0,0
20210708T,12531.0,12531.0,12531.0,12531.0,0
20210709T,20163.0,20163.0,20163.0,20163.0,0
20210712T,5836.0,5836.0,5836.0,5836.0,0
20210713T,2362.0,2362.0,2362.0,2362.0,0
20210714T,-1745.0,-1745.0,-1745.0,-1745.0,0
20210715T,-10511.0,-10511.0,-10511.0,-10511.0,0
20210716T,-7934.0,-7934.0,-7934.0,-7934.0,0
20210719T,-4317.0,-4317.0,-4317.0,-4317.0,0
20210720T,4133.0,4133.0,4133.0,4133.0,0
20210722T,6478.0,6478.0,6478.0,6478.0,0
20210723T,2468.0,2468.0,2468.0,2468.0,0
20210726T,-11551.0,-11551.0,-11551.0,-11551.0,0
20210727T,-22838.0,-22838.0,-22838.0,-22838.0,0
20210728T,-7624.0,-7624.0,-7624.0,-7624.0,0
20210729T,-20507.0,-20507.0,-20507.0,-20507.0,0
20210730T,8233.0,8233.0,8233.0,8233.0,0
20210802T,13685.0,13685.0,13685.0,13685.0,0
20210803T,8676.0,8676.0,8676.0,8676.0,0
20210804T,9228.0,9228.0,9228.0,9228.0,0
20210805T,13770.0,13770.0,13770.0,13770.0,0
20210806T,19940.0,19940.0,19940.0,19940.0,0
20210809T,21802.0,21802.0,21802.0,21802.0,0
20210810T,18699.0,18699.0,18699.0,18699.0,0
20210811T,25473.0,25473.0,25473.0,25473.0,0
20210812T,23956.0,23956.0,23956.0,23956.0,0
20210813T,17639.0,17639.0,17639.0,17639.0,0
20210816T,21631.0,21631.0,21631.0,21631.0,0
20210817T,23739.0,23739.0,23739.0,23739.0,0
20210818T,24205.0,24205.0,24205.0,24205.0,0
20210820T,23887.0,23887.0,23887.0,23887.0,0
20210823T,17870.0,17870.0,17870.0,17870.0,0
20210824T,17184.0,17184.0,17184.0,17184.0,0
20210825T,16301.0,16301.0,16301.0,16301.0,0
20210826T,32669.0,32669.0,32669.0,32669.0,0
20210827T,37994.0,37994.0,37994.0,37994.0,0
20210830T,37318.0,37318.0,37318.0,37318.0,0
20210831T,36683.0,36683.0,36683.0,36683.0,0
20210901T,55056.0,55056.0,55056.0,55056.0,0
20210902T,50728.0,50728.0,50728.0,50728.0,0
20210903T,53286.0,53286.0,53286.0,53286.0,0
20210906T,53260.0,53260.0,53260.0,53260.0,0
20210907T,48994.0,48994.0,48994.0,48994.0,0
20210908T,51247.0,51247.0,51247.0,51247.0,0
20210909T,59504.0,59504.0,59504.0,59504.0,0
20210913T,60948.0,60948.0,60948.0,60948.0,0
20210914T,57607.0,57607.0,57607.0,57607.0,0
20210915T,67625.0,67625.0,67625.0,67625.0,0
20210916T,58029.0,58029.0,58029.0,58029.0,0
20210917T,41778.0,41778.0,41778.0,41778.0,0
20210920T,47270.0,47270.0,47270.0,47270.0,0
20210921T,49269.0,49269.0,49269.0,49269.0,0
20210922T,59361.0,59361.0,59361.0,59361.0,0
20210923T,59918.0,59918.0,59918.0,59918.0,0
20210924T,54545.0,54545.0,54545.0,54545.0,0
20210927T,45260.0,45260.0,45260.0,45260.0,0
20210928T,55859.0,55859.0,55859.0,55859.0,0
20210929T,66624.0,66624.0,66624.0,66624.0,0
20210930T,52369.0,52369.0,52369.0,52369.0,0
20211001T,60306.0,60306.0,60306.0,60306.0,0
20211004T,67175.0,67175.0,67175.0,67175.0,0
20211005T,76965.0,76965.0,76965.0,76965.0,0
20211006T,78786.0,78786.0,78786.0,78786.0,0
20211007T,71801.0,71801.0,71801.0,71801.0,0
20211008T,73697.0,73697.0,73697.0,73697.0,0
20211011T,62922.0,62922.0,62922.0,62922.0,0
20211012T,74973.0,74973.0,74973.0,74973.0,0
20211013T,64546.0,64546.0,64546.0,64546.0,0
20211014T,51256.0,51256.0,51256.0,51256.0,0
20211018T,54452.0,54452.0,54452.0,54452.0,0
20211019T,17759.0,17759.0,17759.0,17759.0,0
20211020T,12749.0,12749.0,12749.0,12749.0,0
20211021T,22686.0,22686.0,22686.0,22686.0,0
20211022T,21784.0,21784.0,21784.0,21784.0,0
20211025T,21165.0,21165.0,21165.0,21165.0,0
20211026T,30781.0,30781.0,30781.0,30781.0,0
20211027T,51010.0,51010.0,51010.0,51010.0,0
20211028T,45141.0,45141.0,45141.0,45141.0,0
20211029T,35194.0,35194.0,35194.0,35194.0,0
20211101T,33653.0,33653.0,33653.0,33653.0,0
20211102T,56595.0,56595.0,56595.0,56595.0,0
20211103T,53761.0,53761.0,53761.0,53761.0,0
20211108T,35837.0,35837.0,35837.0,35837.0,0
20211109T,56114.0,56114.0,56114.0,56114.0,0
20211110T,64267.0,64267.0,64267.0,64267.0,0
20211111T,63045.0,63045.0,63045.0,63045.0,0
20211112T,46778.0,46778.0,46778.0,46778.0,0
20211115T,40302.0,40302.0,40302.0,40302.0,0
20211116T,42933.0,42933.0,42933.0,42933.0,0
20211117T,43145.0,43145.0,43145.0,43145.0,0
20211118T,47980.0,47980.0,47980.0,47980.0,0
20211122T,42226.0,42226.0,42226.0,42226.0,0
20211123T,35938.0,35938.0,35938.0,35938.0,0
20211124T,34537.0,34537.0,34537.0,34537.0,0
20211125T,-279.0,-279.0,-279.0,-279.0,0
20211126T,22880.0,22880.0,22880.0,22880.0,0
20211129T,3095.0,3095.0,3095.0,3095.0,0
20211130T,-13998.0,-13998.0,-13998.0,-13998.0,0
20211201T,-21274.0,-21274.0,-21274.0,-21274.0,0
20211202T,-25567.0,-25567.0,-25567.0,-25567.0,0
20211203T,12157.0,12157.0,12157.0,12157.0,0
20211206T,22485.0,22485.0,22485.0,22485.0,0
20211207T,3658.0,3658.0,3658.0,3658.0,0
20211208T,-2356.0,-2356.0,-2356.0,-2356.0,0
20211209T,7290.0,7290.0,7290.0,7290.0,0
20211210T,29160.0,29160.0,29160.0,29160.0,0
20211213T,33236.0,33236.0,33236.0,33236.0,0
20211214T,54949.0,54949.0,54949.0,54949.0,0
20211215T,54550.0,54550.0,54550.0,54550.0,0
20211216T,45780.0,45780.0,45780.0,45780.0,0
20211217T,39398.0,39398.0,39398.0,39398.0,0
20211220T,27757.0,27757.0,27757.0,27757.0,0
20211221T,-745.0,-745.0,-745.0,-745.0,0
20211222T,18190.0,18190.0,18190.0,18190.0,0
20211223T,16119.0,16119.0,16119.0,16119.0,0
20211224T,12605.0,12605.0,12605.0,12605.0,0
20211227T,20279.0,20279.0,20279.0,20279.0,0
20211228T,21647.0,21647.0,21647.0,21647.0,0
20211229T,23363.0,23363.0,23363.0,23363.0,0
20211230T,5336.0,5336.0,5336.0,5336.0,0
20211231T,4929.0,4929.0,4929.0,4929.0,0
20220103T,6380.0,6380.0,6380.0,6380.0,0
20220104T,-9437.0,-9437.0,-9437.0,-9437.0,0
20220105T,-20156.0,-20156.0,-20156.0,-20156.0,0
20220106T,16972.0,16972.0,16972.0,16972.0,0
20220107T,9124.0,9124.0,9124.0,9124.0,0
20220110T,22089.0,22089.0,22089.0,22089.0,0
20220111T,20768.0,20768.0,20768.0,20768.0,0
20220112T,14541.0,14541.0,14541.0,14541.0,0
20220113T,-3011.0,-3011.0,-3011.0,-3011.0,0
20220114T,8939.0,8939.0,8939.0,8939.0,0
20220117T,15840.0,15840.0,15840.0,15840.0,0
20220118T,3424.0,3424.0,3424.0,3424.0,0
20220119T,20073.0,20073.0,20073.0,20073.0,0
20220120T,44349.0,44349.0,44349.0,44349.0,0
20220121T,42171.0,42171.0,42171.0,42171.0,0
20220124T,46340.0,46340.0,46340.0,46340.0,0
20220125T,58248.0,58248.0,58248.0,58248.0,0
20220127T,68592.0,68592.0,68592.0,68592.0,0
20220128T,80749.0,80749.0,80749.0,80749.0,0
20220131T,67680.0,67680.0,67680.0,67680.0,0
20220201T,62821.0,62821.0,62821.0,62821.0,0
20220202T,59807.0,59807.0,59807.0,59807.0,0
20220203T,84927.0,84927.0,84927.0,84927.0,0
20220204T,63342.0,63342.0,63342.0,63342.0,0
20220207T,78795.0,78795.0,78795.0,78795.0,0
20220208T,76320.0,76320.0,76320.0,76320.0,0
20220209T,58962.0,58962.0,58962.0,58962.0,0
20220210T,34541.0,34541.0,34541.0,34541.0,0
20220211T,37065.0,37065.0,37065.0,37065.0,0
20220214T,43829.0,43829.0,43829.0,43829.0,0
20220215T,18358.0,18358.0,18358.0,18358.0,0
20220216T,16875.0,16875.0,16875.0,16875.0,0
20220217T,19238.0,19238.0,19238.0,19238.0,0
20220218T,7281.0,7281.0,7281.0,7281.0,0
20220221T,3051.0,3051.0,3051.0,3051.0,0
20220222T,16756.0,16756.0,16756.0,16756.0,0
20220223T,21966.0,21966.0,21966.0,21966.0,0
20220224T,29227.0,29227.0,29227.0,29227.0,0
20220225T,4477.0,4477.0,4477.0,4477.0,0
20220228T,23064.0,23064.0,23064.0,23064.0,0
20220302T,58476.0,58476.0,58476.0,58476.0,0
20220303T,73263.0,73263.0,73263.0,73263.0,0
20220304T,83297.0,83297.0,83297.0,83297.0,0
20220307T,72503.0,72503.0,72503.0,72503.0,0
20220308T,76137.0,76137.0,76137.0,76137.0,0
20220309T,78834.0,78834.0,78834.0,78834.0,0
20220310T,66834.0,66834.0,66834.0,66834.0,0
20220311T,64781.0,64781.0,64781.0,64781.0,0
20220314T,67223.0,67223.0,67223.0,67223.0,0
20220315T,79432.0,79432.0,79432.0,79432.0,0
20220316T,53357.0,53357.0,53357.0,53357.0,0
20220317T,18512.0,18512.0,18512.0,18512.0,0
20220321T,27196.0,27196.0,27196.0,27196.0,0
20220322T,16959.0,16959.0,16959.0,16959.0,0
20220323T,25147.0,25147.0,25147.0,25147.0,0
20220324T,41000.0,41000.0,41000.0,41000.0,0
20220325T,43416.0,43416.0,43416.0,43416.0,0
20220328T,29667.0,29667.0,29667.0,29667.0,0
20220329T,15020.0,15020.0,15020.0,15020.0,0
20220330T,4443.0,4443.0,4443.0,4443.0,0
20220331T,-8985.0,-8985.0,-8985.0,-8985.0,0
20220401T,2728.0,2728.0,2728.0,2728.0,0
20220404T,-9603.0,-9603.0,-9603.0,-9603.0,0
20220405T,-4345.0,-4345.0,-4345.0,-4345.0,0
20220406T,-159.0,-159.0,-159.0,-159.0,0
20220407T,12487.0,12487.0,12487.0,12487.0,0
20220408T,6284.0,6284.0,6284.0,6284.0,0
20220411T,31694.0,31694.0,31694.0,31694.0,0
20220412T,50598.0,50598.0,50598.0,50598.0,0
20220413T,69791.0,69791.0,69791.0,69791.0,0
20220418T,75843.0,75843.0,75843.0,75843.0,0
20220419T,47155.0,47155.0,47155.0,47155.0,0
20220420T,53711.0,53711.0,53711.0,53711.0,0
20220421T,72002.0,72002.0,72002.0,72002.0,0
20220422T,79819.0,79819.0,79819.0,79819.0,0
20220425T,79612.0,79612.0,79612.0,79612.0,0
20220426T,71613.0,71613.0,71613.0,71613.0,0
20220427T,87117.0,87117.0,87117.0,87117.0,0
20220428T,72635.0,72635.0,72635.0,72635.0,0
20220429T,64892.0,64892.0,64892.0,64892.0,0
20220502T,72438.0,72438.0,72438.0,72438.0,0
20220504T,106852.0,106852.0,106852.0,106852.0,0
20220505T,109665.0,109665.0,109665.0,109665.0,0
20220506T,122559.0,122559.0,122559.0,122559.0,0
20220509T,120614.0,120614.0,120614.0,120614.0,0
20220510T,101709.0,101709.0,101709.0,101709.0,0
20220511T,111944.0,111944.0,111944.0,111944.0,0
20220512T,117664.0,117664.0,117664.0,117664.0,0
20220513T,86632.0,86632.0,86632.0,86632.0,0
20220516T,89257.0,89257.0,89257.0,89257.0,0
20220517T,81686.0,81686.0,81686.0,81686.0,0
20220518T,89674.0,89674.0,89674.0,89674.0,0
20220519T,93030.0,93030.0,93030.0,93030.0,0
20220520T,65056.0,65056.0,65056.0,65056.0,0
20220523T,63504.0,63504.0,63504.0,63504.0,0
20220524T,64954.0,64954.0,64954.0,64954.0,0
20220525T,54187.0,54187.0,54187.0,54187.0,0
20220526T,29782.0,29782.0,29782.0,29782.0,0
20220527T,25926.0,25926.0,25926.0,25926.0,0
20220530T,4198.0,4198.0,4198.0,4198.0,0
20220531T,27468.0,27468.0,27468.0,27468.0,0
20220601T,49274.0,49274.0,49274.0,49274.0,0
20220602T,70361.0,70361.0,70361.0,70361.0,0
20220603T,66744.0,66744.0,66744.0,66744.0,0
20220606T,86574.0,86574.0,86574.0,86574.0,0
20220607T,105321.0,105321.0,105321.0,105321.0,0
20220608T,112673.0,112673.0,112673.0,112673.0,0
20220609T,132403.0,132403.0,132403.0,132403.0,0
20220610T,122963.0,122963.0,122963.0,122963.0,0
20220613T,121819.0,121819.0,121819.0,121819.0,0
20220614T,122836.0,122836.0,122836.0,122836.0,0
20220615T,125998.0,125998.0,125998.0,125998.0,0
20220616T,135714.0,135714.0,135714.0,135714.0,0
20220617T,118533.0,118533.0,118533.0,118533.0,0
20220620T,116587.0,116587.0,116587.0,116587.0,0
20220621T,111469.0,111469.0,111469.0,111469.0,0
20220622T,125219.0,125219.0,125219.0,125219.0,0
20220623T,122179.0,122179.0,122179.0,122179.0,0
20220624T,128893.0,128893.0,128893.0,128893.0,0
20220627T,116068.0,116068.0,116068.0,116068.0,0
20220628T,131812.0,131812.0,131812.0,131812.0,0
20220629T,146288.0,146288.0,146288.0,146288.0,0
20220630T,120391.0,120391.0,120391.0,120391.0,0
20220701T,129041.0,129041.0,129041.0,129041.0,0
20220704T,136648.0,136648.0,136648.0,136648.0,0
20220705T,122366.0,122366.0,122366.0,122366.0,0
20220706T,123232.0,123232.0,123232.0,123232.0,0
20220707T,102464.0,102464.0,102464.0,102464.0,0
20220708T,107060.0,107060.0,107060.0,107060.0,0
20220711T,125155.0,125155.0,125155.0,125155.0,0
20220712T,137643.0,137643.0,137643.0,137643.0,0
20220713T,119418.0,119418.0,119418.0,119418.0,0
20220714T,138205.0,138205.0,138205.0,138205.0,0
20220715T,144953.0,144953.0,144953.0,144953.0,0
20220718T,124273.0,124273.0,124273.0,124273.0,0
20220719T,126986.0,126986.0,126986.0,126986.0,0
20220720T,82763.0,82763.0,82763.0,82763.0,0
20220721T,65071.0,65071.0,65071.0,65071.0,0
20220722T,55636.0,55636.0,55636.0,55636.0,0
20220725T,65089.0,65089.0,65089.0,65089.0,0
20220726T,54220.0,54220.0,54220.0,54220.0,0
20220727T,42006.0,42006.0,42006.0,42006.0,0
20220728T,10010.0,10010.0,10010.0,10010.0,0
20220729T,-7643.0,-7643.0,-7643.0,-7643.0,0
20220801T,-14183.0,-14183.0,-14183.0,-14183.0,0
20220802T,6800.0,6800.0,6800.0,6800.0,0
20220803T,2700.0,2700.0,2700.0,2700.0,0
20220804T,8530.0,8530.0,8530.0,8530.0,0
20220805T,1757.0,1757.0,1757.0,1757.0,0
20220808T,18867.0,18867.0,18867.0,18867.0,0
20220810T,31117.0,31117.0,31117.0,31117.0,0
20220811T,29976.0,29976.0,29976.0,29976.0,0
20220812T,24030.0,24030.0,24030.0,24030.0,0
20220816T,20397.0,20397.0,20397.0,20397.0,0
20220817T,18115.0,18115.0,18115.0,18115.0,0
20220818T,29815.0,29815.0,29815.0,29815.0,0
20220819T,40920.0,40920.0,40920.0,40920.0,0
20220822T,42710.0,42710.0,42710.0,42710.0,0
20220823T,57821.0,57821.0,57821.0,57821.0,0
20220824T,52695.0,52695.0,52695.0,52695.0,0
20220825T,67051.0,67051.0,67051.0,67051.0,0
20220826T,61394.0,61394.0,61394.0,61394.0,0
20220829T,67628.0,67628.0,67628.0,67628.0,0
20220830T,62754.0,62754.0,62754.0,62754.0,0
20220901T,98323.0,98323.0,98323.0,98323.0,0
20220902T,105574.0,105574.0,105574.0,105574.0,0
20220905T,103506.0,103506.0,103506.0,103506.0,0
20220906T,105587.0,105587.0,105587.0,105587.0,0
20220907T,110351.0,110351.0,110351.0,110351.0,0
20220908T,104156.0,104156.0,104156.0,104156.0,0
20220909T,102214.0,102214.0,102214.0,102214.0,0
20220912T,100877.0,100877.0,100877.0,100877.0,0
20220913T,84394.0,84394.0,84394.0,84394.0,0
20220914T,83635.0,83635.0,83635.0,83635.0,0
20220915T,92865.0,92865.0,92865.0,92865.0,0
20220916T,77842.0,77842.0,77842.0,77842.0,0
20220919T,63835.0,63835.0,63835.0,63835.0,0
20220920T,53764.0,53764.0,53764.0,53764.0,0
20220921T,64353.0,64353.0,64353.0,64353.0,0
20220922T,101293.0,101293.0,101293.0,101293.0,0
20220923T,118782.0,118782.0,118782.0,118782.0,0
20220926T,110430.0,110430.0,110430.0,110430.0,0
20220927T,118647.0,118647.0,118647.0,118647.0,0
20220928T,112964.0,112964.0,112964.0,112964.0,0
20220929T,136282.0,136282.0,136282.0,136282.0,0
20220930T,142504.0,142504.0,142504.0,142504.0,0
20221003T,142874.0,142874.0,142874.0,142874.0,0
20221004T,132262.0,132262.0,132262.0,132262.0,0
20221006T,135169.0,135169.0,135169.0,135169.0,0
20221007T,144240.0,144240.0,144240.0,144240.0,0
20221010T,156138.0,156138.0,156138.0,156138.0,0
20221011T,155997.0,155997.0,155997.0,155997.0,0
20221012T,153855.0,153855.0,153855.0,153855.0,0
20221013T,159861.0,159861.0,159861.0,159861.0,0
20221014T,153601.0,153601.0,153601.0,153601.0,0
20221017T,149022.0,149022.0,149022.0,149022.0,0
20221018T,121459.0,121459.0,121459.0,121459.0,0
20221019T,121240.0,121240.0,121240.0,121240.0,0
20221020T,140698.0,140698.0,140698.0,140698.0,0
20221021T,124349.0,124349.0,124349.0,124349.0,0
20221025T,105207.0,105207.0,105207.0,105207.0,0
20221027T,58404.0,58404.0,58404.0,58404.0,0
20221028T,57598.0,57598.0,57598.0,57598.0,0
20221031T,57173.0,57173.0,57173.0,57173.0,0
20221101T,42365.0,42365.0,42365.0,42365.0,0
20221102T,44318.0,44318.0,44318.0,44318.0,0
20221103T,51427.0,51427.0,51427.0,51427.0,0
20221104T,64066.0,64066.0,64066.0,64066.0,0
20221107T,64187.0,64187.0,64187.0,64187.0,0
20221109T,61154.0,61154.0,61154.0,61154.0,0
20221110T,73443.0,73443.0,73443.0,73443.0,0
20221111T,61042.0,61042.0,61042.0,61042.0,0
20221114T,65586.0,65586.0,65586.0,65586.0,0
20221115T,71267.0,71267.0,71267.0,71267.0,0
20221116T,44913.0,44913.0,44913.0,44913.0,0
20221117T,52590.0,52590.0,52590.0,52590.0,0
20221118T,50660.0,50660.0,50660.0,50660.0,0
20221121T,58117.0,58117.0,58117.0,58117.0,0
20221122T,51984.0,51984.0,51984.0,51984.0,0
20221123T,47405.0,47405.0,47405.0,47405.0,0
20221124T,5735.0,5735.0,5735.0,5735.0,0
20221125T,8878.0,8878.0,8878.0,8878.0,0
20221128T,-1840.0,-1840.0,-1840.0,-1840.0,0
20221129T,-15775.0,-15775.0,-15775.0,-15775.0,0
20221130T,-24495.0,-24495.0,-24495.0,-24495.0,0
20221201T,-20163.0,-20163.0,-20163.0,-20163.0,0
20221202T,11858.0,11858.0,11858.0,11858.0,0
20221205T,17281.0,17281.0,17281.0,17281.0,0
20221206T,18158.0,18158.0,18158.0,18158.0,0
20221207T,22146.0,22146.0,22146.0,22146.0,0
20221208T,29754.0,29754.0,29754.0,29754.0,0
20221209T,32081.0,32081.0,32081.0,32081.0,0
20221212T,33819.0,33819.0,33819.0,33819.0,0
20221213T,32738.0,32738.0,32738.0,32738.0,0
20221214T,30156.0,30156.0,30156.0,30156.0,0
20221215T,43375.0,43375.0,43375.0,43375.0,0
20221216T,45317.0,45317.0,45317.0,45317.0,0
20221219T,40972.0,40972.0,40972.0,40972.0,0
20221220T,65064.0,65064.0,65064.0,65064.0,0
20221221T,64027.0,64027.0,64027.0,64027.0,0
20221222T,84038.0,84038.0,84038.0,84038.0,0
20221223T,84729.0,84729.0,84729.0,84729.0,0
20221226T,86779.0,86779.0,86779.0,86779.0,0
20221227T,87412.0,87412.0,87412.0,87412.0,0
20221228T,75291.0,75291.0,75291.0,75291.0,0
20221229T,53911.0,53911.0,53911.0,53911.0,0
20221230T,68442.0,68442.0,68442.0,68442.0,0
20230102T,72055.0,72055.0,72055.0,72055.0,0
20230103T,81477.0,81477.0,81477.0,81477.0,0
20230104T,88450.0,88450.0,88450.0,88450.0,0
20230105T,76852.0,76852.0,76852.0,76852.0,0
20230106T,84787.0,84787.0,84787.0,84787.0,0
20230109T,67357.0,67357.0,67357.0,67357.0,0
20230110T,84341.0,84341.0,84341.0,84341.0,0
20230111T,91014.0,91014.0,91014.0,91014.0,0
20230112T,93673.0,93673.0,93673.0,93673.0,0
20230113T,85039.0,85039.0,85039.0,85039.0,0
20230116T,87116.0,87116.0,87116.0,87116.0,0
20230117T,74385.0,74385.0,74385.0,74385.0,0
20230118T,61319.0,61319.0,61319.0,61319.0,0
20230119T,69429.0,69429.0,69429.0,69429.0,0
20230120T,64540.0,64540.0,64540.0,64540.0,0
20230123T,59760.0,59760.0,59760.0,59760.0,0
20230124T,53468.0,53468.0,53468.0,53468.0,0
20230125T,72788.0,72788.0,72788.0,72788.0,0
20230127T,96513.0,96513.0,96513.0,96513.0,0
20230130T,100135.0,100135.0,100135.0,100135.0,0
20230131T,103729.0,103729.0,103729.0,103729.0,0
20230201T,80599.0,80599.0,80599.0,80599.0,0
20230202T,101482.0,101482.0,101482.0,101482.0,0
20230203T,74313.0,74313.0,74313.0,74313.0,0
20230206T,92040.0,92040.0,92040.0,92040.0,0
20230207T,88326.0,88326.0,88326.0,88326.0,0
20230208T,82666.0,82666.0,82666.0,82666.0,0
20230209T,76690.0,76690.0,76690.0,76690.0,0
20230210T,86293.0,86293.0,86293.0,86293.0,0
20230213T,79105.0,79105.0,79105.0,79105.0,0
20230214T,53050.0,53050.0,53050.0,53050.0,0
20230215T,57375.0,57375.0,57375.0,57375.0,0
20230216T,65696.0,65696.0,65696.0,65696.0,0
20230217T,67399.0,67399.0,67399.0,67399.0,0
20230220T,72540.0,72540.0,72540.0,72540.0,0
20230221T,59225.0,59225.0,59225.0,59225.0,0
20230222T,83454.0,83454.0,83454.0,83454.0,0
20230223T,86606.0,86606.0,86606.0,86606.0,0
20230224T,87268.0,87268.0,87268.0,87268.0,0
20230227T,95987.0,95987.0,95987.0,95987.0,0
20230228T,96808.0,96808.0,96808.0,96808.0,0
20230301T,106278.0,106278.0,106278.0,106278.0,0
20230302T,117190.0,117190.0,117190.0,117190.0,0
20230303T,80027.0,80027.0,80027.0,80027.0,0
20230306T,64695.0,64695.0,64695.0,64695.0,0
20230308T,63799.0,63799.0,63799.0,63799.0,0
20230309T,86175.0,86175.0,86175.0,86175.0,0
20230310T,100056.0,100056.0,100056.0,100056.0,0
20230313T,117869.0,117869.0,117869.0,117869.0,0
20230314T,128802.0,128802.0,128802.0,128802.0,0
20230315T,121432.0,121432.0,121432.0,121432.0,0
20230316T,137036.0,137036.0,137036.0,137036.0,0
20230317T,132449.0,132449.0,132449.0,132449.0,0
20230320T,141804.0,141804.0,141804.0,141804.0,0
20230321T,150813.0,150813.0,150813.0,150813.0,0
20230322T,153900.0,153900.0,153900.0,153900.0,0
20230323T,151141.0,151141.0,151141.0,151141.0,0
20230324T,136912.0,136912.0,136912.0,136912.0,0
20230327T,97141.0,97141.0,97141.0,97141.0,0
20230328T,95781.0,95781.0,95781.0,95781.0,0
20230329T,83418.0,83418.0,83418.0,83418.0,0
20230331T,68600.0,68600.0,68600.0,68600.0,0
20230403T,83117.0,83117.0,83117.0,83117.0,0
20230405T,59678.0,59678.0,59678.0,59678.0,0
20230406T,61102.0,61102.0,61102.0,61102.0,0
20230410T,42205.0,42205.0,42205.0,42205.0,0
20230411T,26031.0,26031.0,26031.0,26031.0,0
20230412T,8927.0,8927.0,8927.0,8927.0,0
20230413T,1143.0,1143.0,1143.0,1143.0,0
20230417T,15639.0,15639.0,15639.0,15639.0,0
20230418T,13826.0,13826.0,13826.0,13826.0,0
20230419T,17630.0,17630.0,17630.0,17630.0,0
20230420T,14985.0,14985.0,14985.0,14985.0,0
20230421T,12561.0,12561.0,12561.0,12561.0,0
20230424T,6454.0,6454.0,6454.0,6454.0,0
20230425T,2106.0,2106.0,2106.0,2106.0,0
20230426T,-11671.0,-11671.0,-11671.0,-11671.0,0
20230427T,-4888.0,-4888.0,-4888.0,-4888.0,0
20230428T,-5071.0,-5071.0,-5071.0,-5071.0,0
20230502T,-19567.0,-19567.0,-19567.0,-19567.0,0
20230503T,-10216.0,-10216.0,-10216.0,-10216.0,0
20230504T,-9524.0,-9524.0,-9524.0,-9524.0,0
20230505T,-4529.0,-4529.0,-4529.0,-4529.0,0
20230508T,-11421.0,-11421.0,-11421.0,-11421.0,0
20230509T,-14151.0,-14151.0,-14151.0,-14151.0,0
20230510T,-12573.0,-12573.0,-12573.0,-12573.0,0
20230511T,3050.0,3050.0,3050.0,3050.0,0
20230512T,7923.0,7923.0,7923.0,7923.0,0
20230515T,-4203.0,-4203.0,-4203.0,-4203.0,0
20230516T,362.0,362.0,362.0,362.0,0
20230517T,9467.0,9467.0,9467.0,9467.0,0
20230518T,1906.0,1906.0,1906.0,1906.0,0
20230519T,6536.0,6536.0,6536.0,6536.0,0
20230522T,6962.0,6962.0,6962.0,6962.0,0
20230523T,1911.0,1911.0,1911.0,1911.0,0
20230524T,1191.0,1191.0,1191.0,1191.0,0
20230525T,-18752.0,-18752.0,-18752.0,-18752.0,0
20230526T,-25062.0,-25062.0,-25062.0,-25062.0,0
20230529T,-24142.0,-24142.0,-24142.0,-24142.0,0
20230530T,-26806.0,-26806.0,-26806.0,-26806.0,0
20230531T,-14948.0,-14948.0,-14948.0,-14948.0,0
20230601T,193.0,193.0,193.0,193.0,0
20230602T,4744.0,4744.0,4744.0,4744.0,0
20230605T,1451.0,1451.0,1451.0,1451.0,0
20230606T,11551.0,11551.0,11551.0,11551.0,0
20230607T,5528.0,5528.0,5528.0,5528.0,0
20230608T,3628.0,3628.0,3628.0,3628.0,0
20230609T,6275.0,6275.0,6275.0,6275.0,0
20230612T,-351.0,-351.0,-351.0,-351.0,0
20230613T,6931.0,6931.0,6931.0,6931.0,0
20230614T,-2929.0,-2929.0,-2929.0,-2929.0,0
20230615T,-5596.0,-5596.0,-5596.0,-5596.0,0
20230616T,-10233.0,-10233.0,-10233.0,-10233.0,0
20230619T,-4759.0,-4759.0,-4759.0,-4759.0,0
20230620T,7152.0,7152.0,7152.0,7152.0,0
20230621T,3453.0,3453.0,3453.0,3453.0,0
20230622T,-1456.0,-1456.0,-1456.0,-1456.0,0
20230623T,3236.0,3236.0,3236.0,3236.0,0
20230626T,-1399.0,-1399.0,-1399.0,-1399.0,0
20230627T,-7028.0,-7028.0,-7028.0,-7028.0,0
20230628T,-31746.0,-31746.0,-31746.0,-31746.0,0
20230630T,-47300.0,-47300.0,-47300.0,-47300.0,0
20230703T,-55297.0,-55297.0,-55297.0,-55297.0,0
20230704T,-71344.0,-71344.0,-71344.0,-71344.0,0
20230705T,-75699.0,-75699.0,-75699.0,-75699.0,0
20230706T,-75399.0,-75399.0,-75399.0,-75399.0,0
20230707T,-65152.0,-65152.0,-65152.0,-65152.0,0
20230710T,-68164.0,-68164.0,-68164.0,-68164.0,0
20230711T,-68725.0,-68725.0,-68725.0,-68725.0,0
20230712T,-73112.0,-73112.0,-73112.0,-73112.0,0
20230713T,-70809.0,-70809.0,-70809.0,-70809.0,0
20230714T,-57736.0,-57736.0,-57736.0,-57736.0,0
20230717T,-47044.0,-47044.0,-47044.0,-47044.0,0
20230718T,-62550.0,-62550.0,-62550.0,-62550.0,0
20230719T,-54787.0,-54787.0,-54787.0,-54787.0,0
20230720T,-64503.0,-64503.0,-64503.0,-64503.0,0
20230721T,-38239.0,-38239.0,-38239.0,-38239.0,0
20230724T,-42444.0,-42444.0,-42444.0,-42444.0,0
20230725T,-32100.0,-32100.0,-32100.0,-32100.0,0
20230726T,-31723.0,-31723.0,-31723.0,-31723.0,0
20230727T,-253.0,-253.0,-253.0,-253.0,0
20230728T,20663.0,20663.0,20663.0,20663.0,0
20230731T,25374.0,25374.0,25374.0,25374.0,0
20230801T,16374.0,16374.0,16374.0,16374.0,0
20230802T,28282.0,28282.0,28282.0,28282.0,0
20230803T,60607.0,60607.0,60607.0,60607.0,0
20230804T,45658.0,45658.0,45658.0,45658.0,0
20230807T,43565.0,43565.0,43565.0,43565.0,0
20230808T,48267.0,48267.0,48267.0,48267.0,0
20230809T,49871.0,49871.0,49871.0,49871.0,0
20230810T,49231.0,49231.0,49231.0,49231.0,0
20230811T,52236.0,52236.0,52236.0,52236.0,0
20230814T,63024.0,63024.0,63024.0,63024.0,0
20230816T,65407.0,65407.0,65407.0,65407.0,0
20230817T,64593.0,64593.0,64593.0,64593.0,0
20230818T,61729.0,61729.0,61729.0,61729.0,0
20230821T,64327.0,64327.0,64327.0,64327.0,0
20230822T,59092.0,59092.0,59092.0,59092.0,0
20230823T,61393.0,61393.0,61393.0,61393.0,0
20230824T,51776.0,51776.0,51776.0,51776.0,0
20230825T,60607.0,60607.0,60607.0,60607.0,0
20230828T,63520.0,63520.0,63520.0,63520.0,0
20230829T,55232.0,55232.0,55232.0,55232.0,0
20230830T,46106.0,46106.0,46106.0,46106.0,0
20230831T,3390.0,3390.0,3390.0,3390.0,0
20230901T,15118.0,15118.0,15118.0,15118.0,0
20230904T,16586.0,16586.0,16586.0,16586.0,0
20230905T,9378.0,9378.0,9378.0,9378.0,0
20230906T,3574.0,3574.0,3574.0,3574.0,0
20230907T,7744.0,7744.0,7744.0,7744.0,0
20230908T,1156.0,1156.0,1156.0,1156.0,0
20230911T,-15492.0,-15492.0,-15492.0,-15492.0,0
20230912T,-32112.0,-32112.0,-32112.0,-32112.0,0
20230913T,-28059.0,-28059.0,-28059.0,-28059.0,0
20230914T,-35146.0,-35146.0,-35146.0,-35146.0,0
20230915T,-37113.0,-37113.0,-37113.0,-37113.0,0
20230918T,-42107.0,-42107.0,-42107.0,-42107.0,0
20230920T,-20283.0,-20283.0,-20283.0,-20283.0,0
20230921T,16480.0,16480.0,16480.0,16480.0,0
20230922T,26481.0,26481.0,26481.0,26481.0,0
20230925T,46124.0,46124.0,46124.0,46124.0,0
20230926T,47992.0,47992.0,47992.0,47992.0,0
20230927T,63441.0,63441.0,63441.0,63441.0,0
20230928T,60312.0,60312.0,60312.0,60312.0,0
20230929T,73512.0,73512.0,73512.0,73512.0,0
20231003T,91920.0,91920.0,91920.0,91920.0,0
20231004T,87050.0,87050.0,87050.0,87050.0,0
20231005T,83984.0,83984.0,83984.0,83984.0,0
20231006T,83360.0,83360.0,83360.0,83360.0,0
20231009T,80163.0,80163.0,80163.0,80163.0,0
20231010T,92037.0,92037.0,92037.0,92037.0,0
20231011T,76583.0,76583.0,76583.0,76583.0,0
20231012T,69085.0,69085.0,69085.0,69085.0,0
20231013T,77889.0,77889.0,77889.0,77889.0,0
20231016T,72910.0,72910.0,72910.0,72910.0,0
20231017T,67853.0,67853.0,67853.0,67853.0,0
20231018T,50855.0,50855.0,50855.0,50855.0,0
20231019T,57508.0,57508.0,57508.0,57508.0,0
20231020T,61632.0,61632.0,61632.0,61632.0,0
20231023T,81145.0,81145.0,81145.0,81145.0,0
20231025T,96453.0,96453.0,96453.0,96453.0,0
20231026T,133158.0,133158.0,133158.0,133158.0,0
20231027T,128090.0,128090.0,128090.0,128090.0,0
20231030T,129552.0,129552.0,129552.0,129552.0,0
20231031T,126871.0,126871.0,126871.0,126871.0,0
20231101T,130088.0,130088.0,130088.0,130088.0,0
20231102T,146411.0,146411.0,146411.0,146411.0,0
20231103T,135241.0,135241.0,135241.0,135241.0,0
20231106T,118078.0,118078.0,118078.0,118078.0,0
20231107T,111625.0,111625.0,111625.0,111625.0,0
20231108T,107117.0,107117.0,107117.0,107117.0,0
20231109T,99051.0,99051.0,99051.0,99051.0,0
20231110T,96402.0,96402.0,96402.0,96402.0,0
20231113T,91354.0,91354.0,91354.0,91354.0,0
20231115T,86662.0,86662.0,86662.0,86662.0,0
20231116T,74196.0,74196.0,74196.0,74196.0,0
20231117T,82064.0,82064.0,82064.0,82064.0,0
20231120T,88669.0,88669.0,88669.0,88669.0,0
20231121T,85480.0,85480.0,85480.0,85480.0,0
20231122T,81272.0,81272.0,81272.0,81272.0,0
20231123T,82042.0,82042.0,82042.0,82042.0,0
20231124T,95873.0,95873.0,95873.0,95873.0,0
20231128T,91703.0,91703.0,91703.0,91703.0,0
20231129T,50464.0,50464.0,50464.0,50464.0,0
20231130T,15712.0,15712.0,15712.0,15712.0,0
20231201T,11353.0,11353.0,11353.0,11353.0,0
20231204T,-11738.0,-11738.0,-11738.0,-11738.0,0
20231205T,-35118.0,-35118.0,-35118.0,-35118.0,0
20231206T,-48343.0,-48343.0,-48343.0,-48343.0,0
20231207T,-48634.0,-48634.0,-48634.0,-48634.0,0
20231208T,-46381.0,-46381.0,-46381.0,-46381.0,0
20231211T,-35618.0,-35618.0,-35618.0,-35618.0,0
20231212T,-39511.0,-39511.0,-39511.0,-39511.0,0
20231213T,-28116.0,-28116.0,-28116.0,-28116.0,0
20231214T,-42988.0,-42988.0,-42988.0,-42988.0,0
20231215T,-52210.0,-52210.0,-52210.0,-52210.0,0
20231218T,-51571.0,-51571.0,-51571.0,-51571.0,0
20231219T,-62075.0,-62075.0,-62075.0,-62075.0,0
20231220T,-82795.0,-82795.0,-82795.0,-82795.0,0
20231221T,-95222.0,-95222.0,-95222.0,-95222.0,0
20231222T,-85251.0,-85251.0,-85251.0,-85251.0,0
20231226T,-84681.0,-84681.0,-84681.0,-84681.0,0
20231227T,-79591.0,-79591.0,-79591.0,-79591.0,0
20231228T,-65888.0,-65888.0,-65888.0,-65888.0,0
20231229T,-63662.0,-63662.0,-63662.0,-63662.0,0
20240101T,-59201.0,-59201.0,-59201.0,-59201.0,0
20240102T,-42634.0,-42634.0,-42634.0,-42634.0,0
20240103T,-31455.0,-31455.0,-31455.0,-31455.0,0
20240104T,-32278.0,-32278.0,-32278.0,-32278.0,0
20240105T,-35942.0,-35942.0,-35942.0,-35942.0,0
20240108T,-37212.0,-37212.0,-37212.0,-37212.0,0
20240109T,-47683.0,-47683.0,-47683.0,-47683.0,0
20240110T,-41588.0,-41588.0,-41588.0,-41588.0,0
20240111T,-40307.0,-40307.0,-40307.0,-40307.0,0
20240112T,-41996.0,-41996.0,-41996.0,-41996.0,0
20240115T,-50903.0,-50903.0,-50903.0,-50903.0,0
20240116T,-53606.0,-53606.0,-53606.0,-53606.0,0
20240117T,19479.0,19479.0,19479.0,19479.0,0
20240118T,55340.0,55340.0,55340.0,55340.0,0
20240119T,63370.0,63370.0,63370.0,63370.0,0
20240123T,60187.0,60187.0,60187.0,60187.0,0
20240124T,49078.0,49078.0,49078.0,49078.0,0
20240125T,97537.0,97537.0,97537.0,97537.0,0
20240129T,103041.0,103041.0,103041.0,103041.0,0
20240130T,113947.0,113947.0,113947.0,113947.0,0
20240131T,91108.0,91108.0,91108.0,91108.0,0
20240201T,84478.0,84478.0,84478.0,84478.0,0
20240202T,89576.0,89576.0,89576.0,89576.0,0
20240205T,84406.0,84406.0,84406.0,84406.0,0
20240206T,68461.0,68461.0,68461.0,68461.0,0
20240207T,74838.0,74838.0,74838.0,74838.0,0
20240208T,83583.0,83583.0,83583.0,83583.0,0
20240209T,70641.0,70641.0,70641.0,70641.0,0
20240212T,83869.0,83869.0,83869.0,83869.0,0
20240213T,58952.0,58952.0,58952.0,58952.0,0
20240214T,59567.0,59567.0,59567.0,59567.0,0
20240215T,64106.0,64106.0,64106.0,64106.0,0
20240216T,65231.0,65231.0,65231.0,65231.0,0
20240219T,60866.0,60866.0,60866.0,60866.0,0
20240220T,60190.0,60190.0,60190.0,60190.0,0
20240221T,60955.0,60955.0,60955.0,60955.0,0
20240223T,68168.0,68168.0,68168.0,68168.0,0
20240226T,76624.0,76624.0,76624.0,76624.0,0
20240227T,79368.0,79368.0,79368.0,79368.0,0
20240228T,75080.0,75080.0,75080.0,75080.0,0
20240229T,79546.0,79546.0,79546.0,79546.0,0
20240301T,93015.0,93015.0,93015.0,93015.0,0
20240304T,86499.0,86499.0,86499.0,86499.0,0
20240305T,81702.0,81702.0,81702.0,81702.0,0
20240306T,50068.0,50068.0,50068.0,50068.0,0
20240307T,60632.0,60632.0,60632.0,60632.0,0
20240311T,64001.0,64001.0,64001.0,64001.0,0
20240312T,66566.0,66566.0,66566.0,66566.0,0
20240313T,77104.0,77104.0,77104.0,77104.0,0
20240314T,69106.0,69106.0,69106.0,69106.0,0
20240315T,79714.0,79714.0,79714.0,79714.0,0
20240318T,90367.0,90367.0,90367.0,90367.0,0
20240319T,100217.0,100217.0,100217.0,100217.0,0
20240320T,112514.0,112514.0,112514.0,112514.0,0
20240321T,112698.0,112698.0,112698.0,112698.0,0
20240322T,90095.0,90095.0,90095.0,90095.0,0
20240326T,92094.0,92094.0,92094.0,92094.0,0
20240327T,84950.0,84950.0,84950.0,84950.0,0
20240328T,46400.0,46400.0,46400.0,46400.0,0
20240401T,36417.0,36417.0,36417.0,36417.0,0
20240402T,38328.0,38328.0,38328.0,38328.0,0
20240403T,40474.0,40474.0,40474.0,40474.0,0
20240404T,32322.0,32322.0,32322.0,32322.0,0
20240405T,28673.0,28673.0,28673.0,28673.0,0
20240408T,22062.0,22062.0,22062.0,22062.0,0
20240409T,4221.0,4221.0,4221.0,4221.0,0
20240410T,-16088.0,-16088.0,-16088.0,-16088.0,0
20240412T,3814.0,3814.0,3814.0,3814.0,0
20240415T,44101.0,44101.0,44101.0,44101.0,0
20240416T,81814.0,81814.0,81814.0,81814.0,0
20240418T,131878.0,131878.0,131878.0,131878.0,0
20240419T,123649.0,123649.0,123649.0,123649.0,0
20240422T,126336.0,126336.0,126336.0,126336.0,0
20240423T,128055.0,128055.0,128055.0,128055.0,0
20240424T,129943.0,129943.0,129943.0,129943.0,0
20240425T,70647.0,70647.0,70647.0,70647.0,0
20240426T,150956.0,150956.0,150956.0,150956.0,0
20240429T,104061.0,104061.0,104061.0,104061.0,0
20240430T,50468.0,50468.0,50468.0,50468.0,0
20240502T,39046.0,39046.0,39046.0,39046.0,0
20240503T,102084.0,102084.0,102084.0,102084.0,0
20240506T,93125.0,93125.0,93125.0,93125.0,0
20240507T,123522.0,123522.0,123522.0,123522.0,0
20240508T,163895.0,163895.0,163895.0,163895.0,0
20240509T,214442.0,214442.0,214442.0,214442.0,0
20240510T,230074.0,230074.0,230074.0,230074.0,0
20240513T,248141.0,248141.0,248141.0,248141.0,0
20240514T,270733.0,270733.0,270733.0,270733.0,0
20240515T,283565.0,283565.0,283565.0,283565.0,0
20240516T,281321.0,281321.0,281321.0,281321.0,0
20240517T,278197.0,278197.0,278197.0,278197.0,0
20240521T,241908.0,241908.0,241908.0,241908.0,0
20240522T,232708.0,232708.0,232708.0,232708.0,0
20240523T,124742.0,124742.0,124742.0,124742.0,0
20240524T,66831.0,66831.0,66831.0,66831.0,0
20240527T,44345.0,44345.0,44345.0,44345.0,0
20240528T,45795.0,45795.0,45795.0,45795.0,0
20240529T,98914.0,98914.0,98914.0,98914.0,0
20240530T,296134.0,296134.0,296134.0,296134.0,0
20240531T,313903.0,313903.0,313903.0,313903.0,0
20240603T,188597.0,188597.0,188597.0,188597.0,0
20240604T,333364.0,333364.0,333364.0,333364.0,0
20240605T,246767.0,246767.0,246767.0,246767.0,0
20240606T,208900.0,208900.0,208900.0,208900.0,0
20240607T,123008.0,123008.0,123008.0,123008.0,0
20240610T,87190.0,87190.0,87190.0,87190.0,0
20240611T,80839.0,80839.0,80839.0,80839.0,0
20240612T,58755.0,58755.0,58755.0,58755.0,0
20240613T,29300.0,29300.0,29300.0,29300.0,0
20240614T,25083.0,25083.0,25083.0,25083.0,0
20240618T,15745.0,15745.0,15745.0,15745.0,0
20240619T,-42798.0,-42798.0,-42798.0,-42798.0,0
20240620T,-66946.0,-66946.0,-66946.0,-66946.0,0
20240621T,-57613.0,-57613.0,-57613.0,-57613.0,0
20240624T,-69214.0,-69214.0,-69214.0,-69214.0,0
20240625T,-123660.0,-123660.0,-123660.0,-123660.0,0
20240626T,-147913.0,-147913.0,-147913.0,-147913.0,0
20240627T,-242961.0,-242961.0,-242961.0,-242961.0,0
20240628T,-258642.0,-258642.0,-258642.0,-258642.0,0
20240701T,-260417.0,-260417.0,-260417.0,-260417.0,0
20240702T,-258744.0,-258744.0,-258744.0,-258744.0,0
20240703T,-284784.0,-284784.0,-284784.0,-284784.0,0
20240704T,-295869.0,-295869.0,-295869.0,-295869.0,0
20240705T,-280324.0,-280324.0,-280324.0,-280324.0,0
20240708T,-268582.0,-268582.0,-268582.0,-268582.0,0
20240709T,-273112.0,-273112.0,-273112.0,-273112.0,0
20240710T,-227679.0,-227679.0,-227679.0,-227679.0,0
20240711T,-208086.0,-208086.0,-208086.0,-208086.0,0
20240712T,-214169.0,-214169.0,-214169.0,-214169.0,0
20240715T,-226621.0,-226621.0,-226621.0,-226621.0,0
20240716T,-217006.0,-217006.0,-217006.0,-217006.0,0
20240718T,-254486.0,-254486.0,-254486.0,-254486.0,0
20240719T,-212136.0,-212136.0,-212136.0,-212136.0,0
20240722T,-192934.0,-192934.0,-192934.0,-192934.0,0
20240723T,-120149.0,-120149.0,-120149.0,-120149.0,0
20240724T,-55083.0,-55083.0,-55083.0,-55083.0,0
20240725T,8830.0,8830.0,8830.0,8830.0,0
20240726T,-52863.0,-52863.0,-52863.0,-52863.0,0
20240729T,-45662.0,-45662.0,-45662.0,-45662.0,0
20240730T,-53443.0,-53443.0,-53443.0,-53443.0,0
20240731T,-67794.0,-67794.0,-67794.0,-67794.0,0
20240801T,-86509.0,-86509.0,-86509.0,-86509.0,0
20240802T,-49108.0,-49108.0,-49108.0,-49108.0,0
20240805T,-22719.0,-22719.0,-22719.0,-22719.0,0
20240806T,5474.0,5474.0,5474.0,5474.0,0
20240807T,9405.0,9405.0,9405.0,9405.0,0
20240808T,50836.0,50836.0,50836.0,50836.0,0
20240809T,38226.0,38226.0,38226.0,38226.0,0
20240812T,56002.0,56002.0,56002.0,56002.0,0
20240813T,87223.0,87223.0,87223.0,87223.0,0
20240814T,89641.0,89641.0,89641.0,89641.0,0
20240816T,58541.0,58541.0,58541.0,58541.0,0
20240819T,71032.0,71032.0,71032.0,71032.0,0
20240820T,35868.0,35868.0,35868.0,35868.0,0
20240821T,40961.0,40961.0,40961.0,40961.0,0
20240822T,37107.0,37107.0,37107.0,37107.0,0
20240823T,34422.0,34422.0,34422.0,34422.0,0
20240826T,15845.0,15845.0,15845.0,15845.0,0
20240827T,543.0,543.0,543.0,543.0,0
20240828T,-47908.0,-47908.0,-47908.0,-47908.0,0
20240829T,-121229.0,-121229.0,-121229.0,-121229.0,0
20240830T,-144519.0,-144519.0,-144519.0,-144519.0,0
20240902T,-140127.0,-140127.0,-140127.0,-140127.0,0
20240903T,-140664.0,-140664.0,-140664.0,-140664.0,0
20240904T,-109983.0,-109983.0,-109983.0,-109983.0,0
20240905T,-90693.0,-90693.0,-90693.0,-90693.0,0
20240906T,-16673.0,-16673.0,-16673.0,-16673.0,0
20240909T,-30430.0,-30430.0,-30430.0,-30430.0,0
20240910T,-41564.0,-41564.0,-41564.0,-41564.0,0
20240911T,-40535.0,-40535.0,-40535.0,-40535.0,0
20240912T,-90859.0,-90859.0,-90859.0,-90859.0,0
20240913T,-104321.0,-104321.0,-104321.0,-104321.0,0
20240916T,-115540.0,-115540.0,-115540.0,-115540.0,0
20240917T,-137801.0,-137801.0,-137801.0,-137801.0,0
20240918T,-152323.0,-152323.0,-152323.0,-152323.0,0
20240919T,-142874.0,-142874.0,-142874.0,-142874.0,0
20240920T,-251049.0,-251049.0,-251049.0,-251049.0,0
20240923T,-255142.0,-255142.0,-255142.0,-255142.0,0
20240924T,-242246.0,-242246.0,-242246.0,-242246.0,0
20240925T,-232709.0,-232709.0,-232709.0,-232709.0,0
20240926T,-237001.0,-237001.0,-237001.0,-237001.0,0
20240927T,-249571.0,-249571.0,-249571.0,-249571.0,0
20240930T,-192402.0,-192402.0,-192402.0,-192402.0,0
20241001T,-176401.0,-176401.0,-176401.0,-176401.0,0
20241003T,-40335.0,-40335.0,-40335.0,-40335.0,0
20241004T,31319.0,31319.0,31319.0,31319.0,0
20241007T,115150.0,115150.0,115150.0,115150.0,0
20241008T,136837.0,136837.0,136837.0,136837.0,0
20241009T,169572.0,169572.0,169572.0,169572.0,0
20241010T,181944.0,181944.0,181944.0,181944.0,0
20241011T,188521.0,188521.0,188521.0,188521.0,0
20241014T,190524.0,190524.0,190524.0,190524.0,0
20241015T,193435.0,193435.0,193435.0,193435.0,0
20241016T,200565.0,200565.0,200565.0,200565.0,0
20241017T,213778.0,213778.0,213778.0,213778.0,0
20241018T,217645.0,217645.0,217645.0,217645.0,0
20241021T,230894.0,230894.0,230894.0,230894.0,0
20241022T,220053.0,220053.0,220053.0,220053.0,0
20241023T,220154.0,220154.0,220154.0,220154.0,0
20241024T,231524.0,231524.0,231524.0,231524.0,0
20241025T,246615.0,246615.0,246615.0,246615.0,0
20241028T,223912.0,223912.0,223912.0,223912.0,0
20241029T,196419.0,196419.0,196419.0,196419.0,0
20241030T,201361.0,201361.0,201361.0,201361.0,0
20241031T,213155.0,213155.0,213155.0,213155.0,0
20241104T,232027.0,232027.0,232027.0,232027.0,0
20241105T,224837.0,224837.0,224837.0,224837.0,0
20241106T,226556.0,226556.0,226556.0,226556.0,0
20241107T,252335.0,252335.0,252335.0,252335.0,0
20241108T,247140.0,247140.0,247140.0,247140.0,0
20241111T,226478.0,226478.0,226478.0,226478.0,0
20241112T,234545.0,234545.0,234545.0,234545.0,0
20241113T,274750.0,274750.0,274750.0,274750.0,0
20241114T,291128.0,291128.0,291128.0,291128.0,0
20241118T,296231.0,296231.0,296231.0,296231.0,0
20241119T,285242.0,285242.0,285242.0,285242.0,0
20241121T,281057.0,281057.0,281057.0,281057.0,0
20241122T,237885.0,237885.0,237885.0,237885.0,0
20241125T,178964.0,178964.0,178964.0,178964.0,0
20241126T,173760.0,173760.0,173760.0,173760.0,0
20241127T,176519.0,176519.0,176519.0,176519.0,0
20241128T,183334.0,183334.0,183334.0,183334.0,0
20241129T,181775.0,181775.0,181775.0,181775.0,0
20241202T,180581.0,180581.0,180581.0,180581.0,0
20241203T,159097.0,159097.0,159097.0,159097.0,0
20241204T,138582.0,138582.0,138582.0,138582.0,0
20241205T,99016.0,99016.0,99016.0,99016.0,0
20241206T,106779.0,106779.0,106779.0,106779.0,0
20241209T,118418.0,118418.0,118418.0,118418.0,0
20241210T,123308.0,123308.0,123308.0,123308.0,0
20241211T,124175.0,124175.0,124175.0,124175.0,0
20241212T,135545.0,135545.0,135545.0,135545.0,0
20241213T,119233.0,119233.0,119233.0,119233.0,0
20241216T,146998.0,146998.0,146998.0,146998.0,0
20241217T,168246.0,168246.0,168246.0,168246.0,0
20241218T,201862.0,201862.0,201862.0,201862.0,0
20241219T,211968.0,211968.0,211968.0,211968.0,0
20241220T,224692.0,224692.0,224692.0,224692.0,0
20241223T,213419.0,213419.0,213419.0,213419.0,0
20241224T,208086.0,208086.0,208086.0,208086.0,0
20241226T,229985.0,229985.0,229985.0,229985.0,0
20241227T,227491.0,227491.0,227491.0,227491.0,0
20241230T,232371.0,232371.0,232371.0,232371.0,0
20241231T,243726.0,243726.0,243726.0,243726.0,0
20250101T,259932.0,259932.0,259932.0,259932.0,0
20250102T,220842.0,220842.0,220842.0,220842.0,0
20250103T,251340.0,251340.0,251340.0,251340.0,0
20250106T,241638.0,241638.0,241638.0,241638.0,0
20250107T,236195.0,236195.0,236195.0,236195.0,0
20250108T,265133.0,265133.0,265133.0,265133.0,0
20250109T,288503.0,288503.0,288503.0,288503.0,0
20250110T,314078.0,314078.0,314078.0,314078.0,0
20250113T,324234.0,324234.0,324234.0,324234.0,0
20250114T,319544.0,319544.0,319544.0,319544.0,0
20250115T,312873.0,312873.0,312873.0,312873.0,0
20250116T,307142.0,307142.0,307142.0,307142.0,0
20250117T,315567.0,315567.0,315567.0,315567.0,0
20250120T,318430.0,318430.0,318430.0,318430.0,0
20250121T,315981.0,315981.0,315981.0,315981.0,0
20250122T,310707.0,310707.0,310707.0,310707.0,0
20250123T,304307.0,304307.0,304307.0,304307.0,0
20250124T,289220.0,289220.0,289220.0,289220.0,0
20250127T,275906.0,275906.0,275906.0,275906.0,0
20250128T,256640.0,256640.0,256640.0,256640.0,0
20250129T,229849.0,229849.0,229849.0,229849.0,0
20250130T,149287.0,149287.0,149287.0,149287.0,0
20250131T,141499.0,141499.0,141499.0,141499.0,0
20250203T,145733.0,145733.0,145733.0,145733.0,0
20250204T,134495.0,134495.0,134495.0,134495.0,0
20250205T,132949.0,132949.0,132949.0,132949.0,0
20250206T,139844.0,139844.0,139844.0,139844.0,0
20250207T,138794.0,138794.0,138794.0,138794.0,0
20250210T,145181.0,145181.0,145181.0,145181.0,0
20250211T,146461.0,146461.0,146461.0,146461.0,0
20250212T,143898.0,143898.0,143898.0,143898.0,0
20250213T,139564.0,139564.0,139564.0,139564.0,0
20250214T,142602.0,142602.0,142602.0,142602.0,0
20250217T,140742.0,140742.0,140742.0,140742.0,0
20250218T,142616.0,142616.0,142616.0,142616.0,0
20250219T,143907.0,143907.0,143907.0,143907.0,0
20250220T,146811.0,146811.0,146811.0,146811.0,0
20250221T,138892.0,138892.0,138892.0,138892.0,0
20250224T,148720.0,148720.0,148720.0,148720.0,0
20250225T,148775.0,148775.0,148775.0,148775.0,0
20250227T,136290.0,136290.0,136290.0,136290.0,0
20250228T,145329.0,145329.0,145329.0,145329.0,0
20250303T,141859.0,141859.0,141859.0,141859.0,0
20250304T,147201.0,147201.0,147201.0,147201.0,0
20250305T,148914.0,148914.0,148914.0,148914.0,0
20250306T,141569.0,141569.0,141569.0,141569.0,0
20250307T,140717.0,140717.0,140717.0,140717.0,0
20250310T,136161.0,136161.0,136161.0,136161.0,0
20250311T,137365.0,137365.0,137365.0,137365.0,0
20250312T,143422.0,143422.0,143422.0,143422.0,0
20250313T,139374.0,139374.0,139374.0,139374.0,0
20250317T,134092.0,134092.0,134092.0,134092.0,0
20250318T,110973.0,110973.0,110973.0,110973.0,0
20250319T,94660.0,94660.0,94660.0,94660.0,0
20250320T,71621.0,71621.0,71621.0,71621.0,0
20250321T,51570.0,51570.0,51570.0,51570.0,0
20250324T,43051.0,43051.0,43051.0,43051.0,0
20250325T,38697.0,38697.0,38697.0,38697.0,0
20250326T,41543.0,41543.0,41543.0,41543.0,0
20250327T,8836.0,8836.0,8836.0,8836.0,0
20250328T,22808.0,22808.0,22808.0,22808.0,0
20250401T,31532.0,31532.0,31532.0,31532.0,0
20250402T,25528.0,25528.0,25528.0,25528.0,0
20250403T,30672.0,30672.0,30672.0,30672.0,0
20250404T,40514.0,40514.0,40514.0,40514.0,0
20250407T,37955.0,37955.0,37955.0,37955.0,0
20250408T,35060.0,35060.0,35060.0,35060.0,0
20250409T,42960.0,42960.0,42960.0,42960.0,0
20250411T,37385.0,37385.0,37385.0,37385.0,0
20250415T,32788.0,32788.0,32788.0,32788.0,0
20250416T,31080.0,31080.0,31080.0,31080.0,0
20250417T,16261.0,16261.0,16261.0,16261.0,0
20250421T,8099.0,8099.0,8099.0,8099.0,0
20250422T,3670.0,3670.0,3670.0,3670.0,0
20250423T,2976.0,2976.0,2976.0,2976.0,0
20250424T,-20871.0,-20871.0,-20871.0,-20871.0,0
20250425T,-17541.0,-17541.0,-17541.0,-17541.0,0
20250428T,-26971.0,-26971.0,-26971.0,-26971.0,0
20250429T,-23703.0,-23703.0,-23703.0,-23703.0,0
20250430T,-29835.0,-29835.0,-29835.0,-29835.0,0
20250502T,-26947.0,-26947.0,-26947.0,-26947.0,0
20250505T,-26874.0,-26874.0,-26874.0,-26874.0,0
20250506T,-30231.0,-30231.0,-30231.0,-30231.0,0
20250507T,-21801.0,-21801.0,-21801.0,-21801.0,0
20250508T,-34582.0,-34582.0,-34582.0,-34582.0,0
20250509T,-20490.0,-20490.0,-20490.0,-20490.0,0
20250512T,-18113.0,-18113.0,-18113.0,-18113.0,0
20250513T,22075.0,22075.0,22075.0,22075.0,0
20250514T,15767.0,15767.0,15767.0,15767.0,0
20250515T,1154.0,1154.0,1154.0,1154.0,0
20250516T,11101.0,11101.0,11101.0,11101.0,0
20250519T,9056.0,9056.0,9056.0,9056.0,0
20250520T,35223.0,35223.0,35223.0,35223.0,0
20250521T,43570.0,43570.0,43570.0,43570.0,0
20250522T,64840.0,64840.0,64840.0,64840.0,0
20250523T,58947.0,58947.0,58947.0,58947.0,0
20250526T,58317.0,58317.0,58317.0,58317.0,0
20250527T,65811.0,65811.0,65811.0,65811.0,0
20250528T,72443.0,72443.0,72443.0,72443.0,0
20250529T,57892.0,57892.0,57892.0,57892.0,0
20250530T,61790.0,61790.0,61790.0,61790.0,0
20250602T,61976.0,61976.0,61976.0,61976.0,0
20250603T,69389.0,69389.0,69389.0,69389.0,0
20250604T,68635.0,68635.0,68635.0,68635.0,0
20250605T,68669.0,68669.0,68669.0,68669.0,0
20250606T,61524.0,61524.0,61524.0,61524.0,0
20250609T,66571.0,66571.0,66571.0,66571.0,0
20250610T,69100.0,69100.0,69100.0,69100.0,0
20250611T,61337.0,61337.0,61337.0,61337.0,0
20250612T,73268.0,73268.0,73268.0,73268.0,0
20250613T,76557.0,76557.0,76557.0,76557.0,0
20250616T,65529.0,65529.0,65529.0,65529.0,0
20250617T,70087.0,70087.0,70087.0,70087.0,0
20250618T,68661.0,68661.0,68661.0,68661.0,0
20250619T,63853.0,63853.0,63853.0,63853.0,0
20250620T,57755.0,57755.0,57755.0,57755.0,0
20250623T,68000.0,68000.0,68000.0,68000.0,0
20250624T,71798.0,71798.0,71798.0,71798.0,0
20250625T,55929.0,55929.0,55929.0,55929.0,0
20250626T,19049.0,19049.0,19049.0,19049.0,0
20250627T,16349.0,16349.0,16349.0,16349.0,0
20250630T,9590.0,9590.0,9590.0,9590.0,0
20250701T,5545.0,5545.0,5545.0,5545.0,0
20250702T,17658.0,17658.0,17658.0,17658.0,0
20250703T,25547.0,25547.0,25547.0,25547.0,0
20250704T,31704.0,31704.0,31704.0,31704.0,0
20250707T,37516.0,37516.0,37516.0,37516.0,0
20250708T,43915.0,43915.0,43915.0,43915.0,0
20250709T,45795.0,45795.0,45795.0,45795.0,0
20250710T,54189.0,54189.0,54189.0,54189.0,0
20250711T,68023.0,68023.0,68023.0,68023.0,0
20250714T,79847.0,79847.0,79847.0,79847.0,0
20250715T,83167.0,83167.0,83167.0,83167.0,0
20250716T,84028.0,84028.0,84028.0,84028.0,0
20250717T,86992.0,86992.0,86992.0,86992.0,0
20250718T,93990.0,93990.0,93990.0,93990.0,0
20250721T,95821.0,95821.0,95821.0,95821.0,0
20250722T,97945.0,97945.0,97945.0,97945.0,0
20250723T,101521.0,101521.0,101521.0,101521.0,0
20250724T,108784.0,108784.0,108784.0,108784.0,0
20250725T,116447.0,116447.0,116447.0,116447.0,0
20250728T,126837.0,126837.0,126837.0,126837.0,0
20250729T,131804.0,131804.0,131804.0,131804.0,0
20250730T,133041.0,133041.0,133041.0,133041.0,0
20250731T,103977.0,103977.0,103977.0,103977.0,0
20250801T,115383.0,115383.0,115383.0,115383.0,0
20250804T,112827.0,112827.0,112827.0,112827.0,0
20250805T,118497.0,118497.0,118497.0,118497.0,0
20250806T,114874.0,114874.0,114874.0,114874.0,0
20250807T,119810.0,119810.0,119810.0,119810.0,0
20250808T,124158.0,124158.0,124158.0,124158.0,0
20250811T,122354.0,122354.0,122354.0,122354.0,0
20250812T,127288.0,127288.0,127288.0,127288.0,0
20250813T,126179.0,126179.0,126179.0,126179.0,0
20250814T,124131.0,124131.0,124131.0,124131.0,0
20250818T,115802.0,115802.0,115802.0,115802.0,0
20250819T,117650.0,117650.0,117650.0,117650.0,0
20250820T,119115.0,119115.0,119115.0,119115.0,0
20250821T,111440.0,111440.0,111440.0,111440.0,0
20250822T,117048.0,117048.0,117048.0,117048.0,0
20250825T,115621.0,115621.0,115621.0,115621.0,0
20250826T,123341.0,123341.0,123341.0,123341.0,0
20250828T,127635.0,127635.0,127635.0,127635.0,0
20250829T,130316.0,130316.0,130316.0,130316.0,0
20250901T,129446.0,129446.0,129446.0,129446.0,0
20250902T,130100.0,130100.0,130100.0,130100.0,0
20250903T,131260.0,131260.0,131260.0,131260.0,0
20250904T,130580.0,130580.0,130580.0,130580.0,0
20250905T,130636.0,130636.0,130636.0,130636.0,0
20250908T,133048.0,133048.0,133048.0,133048.0,0
20250909T,132370.0,132370.0,132370.0,132370.0,0
20250910T,126631.0,126631.0,126631.0,126631.0,0
20250911T,126309.0,126309.0,126309.0,126309.0,0
20250912T,122297.0,122297.0,122297.0,122297.0,0
20250915T,124349.0,124349.0,124349.0,124349.0,0
20250916T,117740.0,117740.0,117740.0,117740.0,0
20250917T,112818.0,112818.0,112818.0,112818.0,0
20250918T,108929.0,108929.0,108929.0,108929.0,0
20250919T,113537.0,113537.0,113537.0,113537.0,0
20250922T,107788.0,107788.0,107788.0,107788.0,0
20250923T,109602.0,109602.0,109602.0,109602.0,0
20250924T,113810.0,113810.0,113810.0,113810.0,0
20250925T,116029.0,116029.0,116029.0,116029.0,0
20250926T,130279.0,130279.0,130279.0,130279.0,0
20250929T,127115.0,127115.0,127115.0,127115.0,0
20250930T,125423.0,125423.0,125423.0,125423.0,0
20251001T,132562.0,132562.0,132562.0,132562.0,0
20251003T,141923.0,141923.0,141923.0,141923.0,0
20251006T,133625.0,133625.0,133625.0,133625.0,0
20251007T,123348.0,123348.0,123348.0,123348.0,0
20251008T,127645.0,127645.0,127645.0,127645.0,0
20251009T,128587.0,128587.0,128587.0,128587.0,0
20251010T,126258.0,126258.0,126258.0,126258.0,0
20251013T,135218.0,135218.0,135218.0,135218.0,0
20251014T,136465.0,136465.0,136465.0,136465.0,0
20251015T,130014.0,130014.0,130014.0,130014.0,0
20251016T,108710.0,108710.0,108710.0,108710.0,0
20251017T,91456.0,91456.0,91456.0,91456.0,0
20251020T,89781.0,89781.0,89781.0,89781.0,0
20251023T,76535.0,76535.0,76535.0,76535.0,0
20251024T,80441.0,80441.0,80441.0,80441.0,0
20251027T,75542.0,75542.0,75542.0,75542.0,0
20251028T,75645.0,75645.0,75645.0,75645.0,0
20251029T,70501.0,70501.0,70501.0,70501.0,0
20251030T,81344.0,81344.0,81344.0,81344.0,0
20251031T,84195.0,84195.0,84195.0,84195.0,0
20251103T,93332.0,93332.0,93332.0,93332.0,0
20251104T,102745.0,102745.0,102745.0,102745.0,0
20251106T,100380.0,100380.0,100380.0,100380.0,0
20251107T,109095.0,109095.0,109095.0,109095.0,0
20251110T,108207.0,108207.0,108207.0,108207.0,0
20251111T,113284.0,113284.0,113284.0,113284.0,0
20251112T,103811.0,103811.0,103811.0,103811.0,0
20251113T,96919.0,96919.0,96919.0,96919.0,0
20251114T,106049.0,106049.0,106049.0,106049.0,0
20251117T,105928.0,105928.0,105928.0,105928.0,0
20251118T,106371.0,106371.0,106371.0,106371.0,0
20251119T,100335.0,100335.0,100335.0,100335.0,0
20251120T,80379.0,80379.0,80379.0,80379.0,0
20251121T,76244.0,76244.0,76244.0,76244.0,0
20251124T,77362.0,77362.0,77362.0,77362.0,0
20251125T,60088.0,60088.0,60088.0,60088.0,0
20251126T,57268.0,57268.0,57268.0,57268.0,0
20251127T,57165.0,57165.0,57165.0,57165.0,0
20251128T,55707.0,55707.0,55707.0,55707.0,0
20251201T,58048.0,58048.0,58048.0,58048.0,0
20251202T,75400.0,75400.0,75400.0,75400.0,0
20251203T,92580.0,92580.0,92580.0,92580.0,0
20251204T,91256.0,91256.0,91256.0,91256.0,0
20251205T,86080.0,86080.0,86080.0,86080.0,0
20251208T,88522.0,88522.0,88522.0,88522.0,0
20251209T,92082.0,92082.0,92082.0,92082.0,0
20251210T,94460.0,94460.0,94460.0,94460.0,0
20251211T,96067.0,96067.0,96067.0,96067.0,0
20251212T,99276.0,99276.0,99276.0,99276.0,0
20251215T,100877.0,100877.0,100877.0,100877.0,0
20251216T,103542.0,103542.0,103542.0,103542.0,0
20251217T,107400.0,107400.0,107400.0,107400.0,0
20251218T,105674.0,105674.0,105674.0,105674.0,0
20251219T,96899.0,96899.0,96899.0,96899.0,0
20251222T,88180.0,88180.0,88180.0,88180.0,0
20251223T,82067.0,82067.0,82067.0,82067.0,0
20251224T,82042.0,82042.0,82042.0,82042.0,0
20251226T,98707.0,98707.0,98707.0,98707.0,0
20251229T,107928.0,107928.0,107928.0,107928.0,0
20251230T,118213.0,118213.0,118213.0,118213.0,0
20251231T,115846.0,115846.0,115846.0,115846.0,0
20260101T,116744.0,116744.0,116744.0,116744.0,0
20260102T,104109.0,104109.0,104109.0,104109.0,0
20260105T,102920.0,102920.0,102920.0,102920.0,0
20260106T,106187.0,106187.0,106187.0,106187.0,0
20260107T,109825.0,109825.0,109825.0,109825.0,0
20260108T,120266.0,120266.0,120266.0,120266.0,0
20260109T,128245.0,128245.0,128245.0,128245.0,0
20260112T,132963.0,132963.0,132963.0,132963.0,0
20260113T,137395.0,137395.0,137395.0,137395.0,0
20260114T,137867.0,137867.0,137867.0,137867.0,0
20260116T,138727.0,138727.0,138727.0,138727.0,0
20260119T,142696.0,142696.0,142696.0,142696.0,0
20260120T,148303.0,148303.0,148303.0,148303.0,0
20260121T,145454.0,145454.0,145454.0,145454.0,0
20260122T,142214.0,142214.0,142214.0,142214.0,0
20260123T,150045.0,150045.0,150045.0,150045.0,0
20260127T,126059.0,126059.0,126059.0,126059.0,0
20260128T,132198.0,132198.0,132198.0,132198.0,0
20260129T,131406.0,131406.0,131406.0,131406.0,0
20260130T,133238.0,133238.0,133238.0,133238.0,0
20260201T,135860.0,135860.0,135860.0,135860.0,0
20260202T,128959.0,128959.0,128959.0,128959.0,0
