20120106T,0.0,0.0,0.0,0.0,0
20120109T,0.0,0.0,0.0,0.0,0
20120110T,0.0,0.0,0.0,0.0,0
20120111T,0.0,0.0,0.0,0.0,0
20120112T,0.0,0.0,0.0,0.0,0
20120113T,0.0,0.0,0.0,0.0,0
20120116T,0.0,0.0,0.0,0.0,0
20120117T,0.0,0.0,0.0,0.0,0
20120118T,0.0,0.0,0.0,0.0,0
20120119T,0.0,0.0,0.0,0.0,0
20120120T,0.0,0.0,0.0,0.0,0
20120123T,0.0,0.0,0.0,0.0,0
20120124T,0.0,0.0,0.0,0.0,0
20120125T,0.0,0.0,0.0,0.0,0
20120127T,0.0,0.0,0.0,0.0,0
20120130T,0.0,0.0,0.0,0.0,0
20120131T,0.0,0.0,0.0,0.0,0
20120201T,0.0,0.0,0.0,0.0,0
20120202T,0.0,0.0,0.0,0.0,0
20120203T,0.0,0.0,0.0,0.0,0
20120206T,0.0,0.0,0.0,0.0,0
20120207T,0.0,0.0,0.0,0.0,0
20120208T,0.0,0.0,0.0,0.0,0
20120209T,0.0,0.0,0.0,0.0,0
20120210T,0.0,0.0,0.0,0.0,0
20120213T,0.0,0.0,0.0,0.0,0
20120214T,0.0,0.0,0.0,0.0,0
20120215T,0.0,0.0,0.0,0.0,0
20120216T,0.0,0.0,0.0,0.0,0
20120217T,0.0,0.0,0.0,0.0,0
20120221T,0.0,0.0,0.0,0.0,0
20120222T,0.0,0.0,0.0,0.0,0
20120223T,0.0,0.0,0.0,0.0,0
20120224T,0.0,0.0,0.0,0.0,0
20120227T,0.0,0.0,0.0,0.0,0
20120228T,0.0,0.0,0.0,0.0,0
20120229T,0.0,0.0,0.0,0.0,0
20120301T,0.0,0.0,0.0,0.0,0
20120302T,0.0,0.0,0.0,0.0,0
20120305T,0.0,0.0,0.0,0.0,0
20120306T,0.0,0.0,0.0,0.0,0
20120307T,0.0,0.0,0.0,0.0,0
20120309T,0.0,0.0,0.0,0.0,0
20120312T,0.0,0.0,0.0,0.0,0
20120313T,0.0,0.0,0.0,0.0,0
20120314T,0.0,0.0,0.0,0.0,0
20120315T,0.0,0.0,0.0,0.0,0
20120316T,0.0,0.0,0.0,0.0,0
20120319T,0.0,0.0,0.0,0.0,0
20120320T,0.0,0.0,0.0,0.0,0
20120321T,0.0,0.0,0.0,0.0,0
20120322T,0.0,0.0,0.0,0.0,0
20120323T,0.0,0.0,0.0,0.0,0
20120326T,0.0,0.0,0.0,0.0,0
20120327T,0.0,0.0,0.0,0.0,0
20120328T,0.0,0.0,0.0,0.0,0
20120329T,0.0,0.0,0.0,0.0,0
20120330T,0.0,0.0,0.0,0.0,0
20120402T,0.0,0.0,0.0,0.0,0
20120403T,0.0,0.0,0.0,0.0,0
20120404T,0.0,0.0,0.0,0.0,0
20120409T,0.0,0.0,0.0,0.0,0
20120410T,0.0,0.0,0.0,0.0,0
20120411T,0.0,0.0,0.0,0.0,0
20120412T,0.0,0.0,0.0,0.0,0
20120413T,0.0,0.0,0.0,0.0,0
20120416T,0.0,0.0,0.0,0.0,0
20120417T,0.0,0.0,0.0,0.0,0
20120418T,0.0,0.0,0.0,0.0,0
20120419T,0.0,0.0,0.0,0.0,0
20120420T,0.0,0.0,0.0,0.0,0
20120423T,0.0,0.0,0.0,0.0,0
20120424T,0.0,0.0,0.0,0.0,0
20120425T,0.0,0.0,0.0,0.0,0
20120426T,0.0,0.0,0.0,0.0,0
20120427T,0.0,0.0,0.0,0.0,0
20120430T,0.0,0.0,0.0,0.0,0
20120502T,0.0,0.0,0.0,0.0,0
20120503T,0.0,0.0,0.0,0.0,0
20120504T,0.0,0.0,0.0,0.0,0
20120507T,0.0,0.0,0.0,0.0,0
20120508T,0.0,0.0,0.0,0.0,0
20120509T,0.0,0.0,0.0,0.0,0
20120510T,0.0,0.0,0.0,0.0,0
20120511T,0.0,0.0,0.0,0.0,0
20120514T,0.0,0.0,0.0,0.0,0
20120515T,0.0,0.0,0.0,0.0,0
20120516T,0.0,0.0,0.0,0.0,0
20120517T,0.0,0.0,0.0,0.0,0
20120518T,0.0,0.0,0.0,0.0,0
20120521T,0.0,0.0,0.0,0.0,0
20120522T,0.0,0.0,0.0,0.0,0
20120523T,0.0,0.0,0.0,0.0,0
20120524T,0.0,0.0,0.0,0.0,0
20120525T,0.0,0.0,0.0,0.0,0
20120528T,0.0,0.0,0.0,0.0,0
20120529T,0.0,0.0,0.0,0.0,0
20120530T,0.0,0.0,0.0,0.0,0
20120531T,0.0,0.0,0.0,0.0,0
20120601T,0.0,0.0,0.0,0.0,0
20120604T,0.0,0.0,0.0,0.0,0
20120605T,0.0,0.0,0.0,0.0,0
20120606T,0.0,0.0,0.0,0.0,0
20120607T,0.0,0.0,0.0,0.0,0
20120608T,0.0,0.0,0.0,0.0,0
20120611T,0.0,0.0,0.0,0.0,0
20120612T,0.0,0.0,0.0,0.0,0
20120613T,0.0,0.0,0.0,0.0,0
20120614T,0.0,0.0,0.0,0.0,0
20120615T,0.0,0.0,0.0,0.0,0
20120618T,0.0,0.0,0.0,0.0,0
20120619T,0.0,0.0,0.0,0.0,0
20120620T,0.0,0.0,0.0,0.0,0
20120621T,0.0,0.0,0.0,0.0,0
20120622T,0.0,0.0,0.0,0.0,0
20120625T,0.0,0.0,0.0,0.0,0
20120626T,0.0,0.0,0.0,0.0,0
20120627T,0.0,0.0,0.0,0.0,0
20120628T,0.0,0.0,0.0,0.0,0
20120629T,0.0,0.0,0.0,0.0,0
20120702T,0.0,0.0,0.0,0.0,0
20120703T,0.0,0.0,0.0,0.0,0
20120704T,0.0,0.0,0.0,0.0,0
20120705T,0.0,0.0,0.0,0.0,0
20120706T,0.0,0.0,0.0,0.0,0
20120709T,0.0,0.0,0.0,0.0,0
20120710T,0.0,0.0,0.0,0.0,0
20120711T,0.0,0.0,0.0,0.0,0
20120712T,0.0,0.0,0.0,0.0,0
20120713T,0.0,0.0,0.0,0.0,0
20120716T,0.0,0.0,0.0,0.0,0
20120717T,0.0,0.0,0.0,0.0,0
20120718T,0.0,0.0,0.0,0.0,0
20120719T,0.0,0.0,0.0,0.0,0
20120720T,0.0,0.0,0.0,0.0,0
20120723T,0.0,0.0,0.0,0.0,0
20120724T,0.0,0.0,0.0,0.0,0
20120725T,0.0,0.0,0.0,0.0,0
20120726T,0.0,0.0,0.0,0.0,0
20120727T,0.0,0.0,0.0,0.0,0
20120730T,0.0,0.0,0.0,0.0,0
20120731T,0.0,0.0,0.0,0.0,0
20120801T,0.0,0.0,0.0,0.0,0
20120802T,0.0,0.0,0.0,0.0,0
20120803T,0.0,0.0,0.0,0.0,0
20120806T,0.0,0.0,0.0,0.0,0
20120807T,0.0,0.0,0.0,0.0,0
20120808T,0.0,0.0,0.0,0.0,0
20120809T,0.0,0.0,0.0,0.0,0
20120810T,0.0,0.0,0.0,0.0,0
20120813T,0.0,0.0,0.0,0.0,0
20120814T,0.0,0.0,0.0,0.0,0
20120816T,0.0,0.0,0.0,0.0,0
20120817T,0.0,0.0,0.0,0.0,0
20120821T,0.0,0.0,0.0,0.0,0
20120822T,0.0,0.0,0.0,0.0,0
20120823T,0.0,0.0,0.0,0.0,0
20120824T,0.0,0.0,0.0,0.0,0
20120827T,0.0,0.0,0.0,0.0,0
20120828T,0.0,0.0,0.0,0.0,0
20120829T,0.0,0.0,0.0,0.0,0
20120830T,0.0,0.0,0.0,0.0,0
20120831T,0.0,0.0,0.0,0.0,0
20120903T,0.0,0.0,0.0,0.0,0
20120904T,0.0,0.0,0.0,0.0,0
20120905T,0.0,0.0,0.0,0.0,0
20120906T,0.0,0.0,0.0,0.0,0
20120907T,0.0,0.0,0.0,0.0,0
20120910T,0.0,0.0,0.0,0.0,0
20120911T,0.0,0.0,0.0,0.0,0
20120912T,0.0,0.0,0.0,0.0,0
20120913T,0.0,0.0,0.0,0.0,0
20120914T,0.0,0.0,0.0,0.0,0
20120917T,0.0,0.0,0.0,0.0,0
20120918T,0.0,0.0,0.0,0.0,0
20120920T,0.0,0.0,0.0,0.0,0
20120921T,0.0,0.0,0.0,0.0,0
20120924T,0.0,0.0,0.0,0.0,0
20120925T,0.0,0.0,0.0,0.0,0
20120926T,0.0,0.0,0.0,0.0,0
20120927T,0.0,0.0,0.0,0.0,0
20120928T,0.0,0.0,0.0,0.0,0
20121001T,0.0,0.0,0.0,0.0,0
20121003T,0.0,0.0,0.0,0.0,0
20121004T,0.0,0.0,0.0,0.0,0
20121005T,0.0,0.0,0.0,0.0,0
20121008T,0.0,0.0,0.0,0.0,0
20121009T,0.0,0.0,0.0,0.0,0
20121010T,0.0,0.0,0.0,0.0,0
20121011T,0.0,0.0,0.0,0.0,0
20121012T,0.0,0.0,0.0,0.0,0
20121015T,0.0,0.0,0.0,0.0,0
20121016T,0.0,0.0,0.0,0.0,0
20121017T,0.0,0.0,0.0,0.0,0
20121018T,0.0,0.0,0.0,0.0,0
20121019T,0.0,0.0,0.0,0.0,0
20121022T,0.0,0.0,0.0,0.0,0
20121023T,0.0,0.0,0.0,0.0,0
20121025T,0.0,0.0,0.0,0.0,0
20121026T,0.0,0.0,0.0,0.0,0
20121029T,0.0,0.0,0.0,0.0,0
20121030T,0.0,0.0,0.0,0.0,0
20121031T,0.0,0.0,0.0,0.0,0
20121101T,0.0,0.0,0.0,0.0,0
20121102T,0.0,0.0,0.0,0.0,0
20121105T,0.0,0.0,0.0,0.0,0
20121106T,0.0,0.0,0.0,0.0,0
20121107T,0.0,0.0,0.0,0.0,0
20121108T,0.0,0.0,0.0,0.0,0
20121109T,0.0,0.0,0.0,0.0,0
20121112T,0.0,0.0,0.0,0.0,0
20121113T,0.0,0.0,0.0,0.0,0
20121115T,0.0,0.0,0.0,0.0,0
20121116T,0.0,0.0,0.0,0.0,0
20121119T,0.0,0.0,0.0,0.0,0
20121120T,0.0,0.0,0.0,0.0,0
20121121T,0.0,0.0,0.0,0.0,0
20121122T,0.0,0.0,0.0,0.0,0
20121123T,0.0,0.0,0.0,0.0,0
20121126T,0.0,0.0,0.0,0.0,0
20121127T,0.0,0.0,0.0,0.0,0
20121129T,0.0,0.0,0.0,0.0,0
20121130T,0.0,0.0,0.0,0.0,0
20121203T,0.0,0.0,0.0,0.0,0
20121204T,0.0,0.0,0.0,0.0,0
20121205T,0.0,0.0,0.0,0.0,0
20121206T,0.0,0.0,0.0,0.0,0
20121207T,0.0,0.0,0.0,0.0,0
20121210T,0.0,0.0,0.0,0.0,0
20121211T,0.0,0.0,0.0,0.0,0
20121212T,0.0,0.0,0.0,0.0,0
20121213T,0.0,0.0,0.0,0.0,0
20121214T,0.0,0.0,0.0,0.0,0
20121217T,0.0,0.0,0.0,0.0,0
20121218T,0.0,0.0,0.0,0.0,0
20121219T,0.0,0.0,0.0,0.0,0
20121220T,0.0,0.0,0.0,0.0,0
20121221T,0.0,0.0,0.0,0.0,0
20121224T,0.0,0.0,0.0,0.0,0
20121226T,0.0,0.0,0.0,0.0,0
20121227T,0.0,0.0,0.0,0.0,0
20121228T,0.0,0.0,0.0,0.0,0
20121231T,0.0,0.0,0.0,0.0,0
20130101T,0.0,0.0,0.0,0.0,0
20130102T,0.0,0.0,0.0,0.0,0
20130103T,0.0,0.0,0.0,0.0,0
20130104T,0.0,0.0,0.0,0.0,0
20130107T,0.0,0.0,0.0,0.0,0
20130108T,0.0,0.0,0.0,0.0,0
20130109T,0.0,0.0,0.0,0.0,0
20130110T,0.0,0.0,0.0,0.0,0
20130111T,0.0,0.0,0.0,0.0,0
20130114T,0.0,0.0,0.0,0.0,0
20130115T,0.0,0.0,0.0,0.0,0
20130116T,0.0,0.0,0.0,0.0,0
20130117T,0.0,0.0,0.0,0.0,0
20130118T,0.0,0.0,0.0,0.0,0
20130121T,0.0,0.0,0.0,0.0,0
20130122T,0.0,0.0,0.0,0.0,0
20130123T,0.0,0.0,0.0,0.0,0
20130124T,0.0,0.0,0.0,0.0,0
20130125T,0.0,0.0,0.0,0.0,0
20130128T,0.0,0.0,0.0,0.0,0
20130129T,0.0,0.0,0.0,0.0,0
20130130T,0.0,0.0,0.0,0.0,0
20130131T,0.0,0.0,0.0,0.0,0
20130201T,0.0,0.0,0.0,0.0,0
20130204T,0.0,0.0,0.0,0.0,0
20130205T,0.0,0.0,0.0,0.0,0
20130206T,0.0,0.0,0.0,0.0,0
20130207T,0.0,0.0,0.0,0.0,0
20130208T,0.0,0.0,0.0,0.0,0
20130211T,0.0,0.0,0.0,0.0,0
20130212T,0.0,0.0,0.0,0.0,0
20130213T,0.0,0.0,0.0,0.0,0
20130214T,0.0,0.0,0.0,0.0,0
20130215T,0.0,0.0,0.0,0.0,0
20130218T,0.0,0.0,0.0,0.0,0
20130219T,0.0,0.0,0.0,0.0,0
20130220T,0.0,0.0,0.0,0.0,0
20130221T,0.0,0.0,0.0,0.0,0
20130222T,0.0,0.0,0.0,0.0,0
20130225T,0.0,0.0,0.0,0.0,0
20130226T,0.0,0.0,0.0,0.0,0
20130227T,0.0,0.0,0.0,0.0,0
20130228T,0.0,0.0,0.0,0.0,0
20130301T,0.0,0.0,0.0,0.0,0
20130304T,0.0,0.0,0.0,0.0,0
20130305T,0.0,0.0,0.0,0.0,0
20130306T,0.0,0.0,0.0,0.0,0
20130307T,0.0,0.0,0.0,0.0,0
20130308T,0.0,0.0,0.0,0.0,0
20130311T,0.0,0.0,0.0,0.0,0
20130312T,0.0,0.0,0.0,0.0,0
20130313T,0.0,0.0,0.0,0.0,0
20130314T,0.0,0.0,0.0,0.0,0
20130315T,0.0,0.0,0.0,0.0,0
20130318T,0.0,0.0,0.0,0.0,0
20130319T,0.0,0.0,0.0,0.0,0
20130320T,0.0,0.0,0.0,0.0,0
20130321T,0.0,0.0,0.0,0.0,0
20130322T,0.0,0.0,0.0,0.0,0
20130325T,0.0,0.0,0.0,0.0,0
20130326T,0.0,0.0,0.0,0.0,0
20130328T,0.0,0.0,0.0,0.0,0
20130401T,0.0,0.0,0.0,0.0,0
20130402T,0.0,0.0,0.0,0.0,0
20130403T,0.0,0.0,0.0,0.0,0
20130404T,0.0,0.0,0.0,0.0,0
20130405T,0.0,0.0,0.0,0.0,0
20130408T,0.0,0.0,0.0,0.0,0
20130409T,0.0,0.0,0.0,0.0,0
20130410T,0.0,0.0,0.0,0.0,0
20130411T,0.0,0.0,0.0,0.0,0
20130412T,0.0,0.0,0.0,0.0,0
20130415T,0.0,0.0,0.0,0.0,0
20130416T,0.0,0.0,0.0,0.0,0
20130417T,0.0,0.0,0.0,0.0,0
20130418T,0.0,0.0,0.0,0.0,0
20130422T,0.0,0.0,0.0,0.0,0
20130423T,0.0,0.0,0.0,0.0,0
20130425T,0.0,0.0,0.0,0.0,0
20130426T,0.0,0.0,0.0,0.0,0
20130429T,0.0,0.0,0.0,0.0,0
20130430T,0.0,0.0,0.0,0.0,0
20130502T,0.0,0.0,0.0,0.0,0
20130503T,0.0,0.0,0.0,0.0,0
20130506T,0.0,0.0,0.0,0.0,0
20130507T,0.0,0.0,0.0,0.0,0
20130508T,0.0,0.0,0.0,0.0,0
20130509T,0.0,0.0,0.0,0.0,0
20130510T,0.0,0.0,0.0,0.0,0
20130513T,0.0,0.0,0.0,0.0,0
20130514T,0.0,0.0,0.0,0.0,0
20130515T,0.0,0.0,0.0,0.0,0
20130516T,0.0,0.0,0.0,0.0,0
20130517T,0.0,0.0,0.0,0.0,0
20130520T,0.0,0.0,0.0,0.0,0
20130521T,0.0,0.0,0.0,0.0,0
20130522T,0.0,0.0,0.0,0.0,0
20130523T,0.0,0.0,0.0,0.0,0
20130524T,0.0,0.0,0.0,0.0,0
20130527T,0.0,0.0,0.0,0.0,0
20130528T,0.0,0.0,0.0,0.0,0
20130529T,0.0,0.0,0.0,0.0,0
20130530T,0.0,0.0,0.0,0.0,0
20130531T,0.0,0.0,0.0,0.0,0
20130603T,0.0,0.0,0.0,0.0,0
20130604T,0.0,0.0,0.0,0.0,0
20130605T,0.0,0.0,0.0,0.0,0
20130606T,0.0,0.0,0.0,0.0,0
20130607T,0.0,0.0,0.0,0.0,0
20130610T,0.0,0.0,0.0,0.0,0
20130611T,0.0,0.0,0.0,0.0,0
20130612T,0.0,0.0,0.0,0.0,0
20130613T,0.0,0.0,0.0,0.0,0
20130614T,0.0,0.0,0.0,0.0,0
20130617T,0.0,0.0,0.0,0.0,0
20130618T,0.0,0.0,0.0,0.0,0
20130619T,0.0,0.0,0.0,0.0,0
20130620T,0.0,0.0,0.0,0.0,0
20130621T,0.0,0.0,0.0,0.0,0
20130624T,0.0,0.0,0.0,0.0,0
20130625T,0.0,0.0,0.0,0.0,0
20130626T,0.0,0.0,0.0,0.0,0
20130627T,0.0,0.0,0.0,0.0,0
20130628T,0.0,0.0,0.0,0.0,0
20130701T,0.0,0.0,0.0,0.0,0
20130702T,0.0,0.0,0.0,0.0,0
20130703T,0.0,0.0,0.0,0.0,0
20130704T,0.0,0.0,0.0,0.0,0
20130705T,0.0,0.0,0.0,0.0,0
20130708T,0.0,0.0,0.0,0.0,0
20130709T,0.0,0.0,0.0,0.0,0
20130710T,0.0,0.0,0.0,0.0,0
20130711T,0.0,0.0,0.0,0.0,0
20130712T,0.0,0.0,0.0,0.0,0
20130715T,0.0,0.0,0.0,0.0,0
20130716T,0.0,0.0,0.0,0.0,0
20130717T,0.0,0.0,0.0,0.0,0
20130718T,0.0,0.0,0.0,0.0,0
20130719T,0.0,0.0,0.0,0.0,0
20130722T,0.0,0.0,0.0,0.0,0
20130723T,0.0,0.0,0.0,0.0,0
20130724T,0.0,0.0,0.0,0.0,0
20130725T,0.0,0.0,0.0,0.0,0
20130726T,0.0,0.0,0.0,0.0,0
20130729T,0.0,0.0,0.0,0.0,0
20130730T,0.0,0.0,0.0,0.0,0
20130731T,0.0,0.0,0.0,0.0,0
20130801T,0.0,0.0,0.0,0.0,0
20130802T,0.0,0.0,0.0,0.0,0
20130805T,0.0,0.0,0.0,0.0,0
20130806T,0.0,0.0,0.0,0.0,0
20130807T,0.0,0.0,0.0,0.0,0
20130808T,0.0,0.0,0.0,0.0,0
20130812T,0.0,0.0,0.0,0.0,0
20130813T,0.0,0.0,0.0,0.0,0
20130814T,0.0,0.0,0.0,0.0,0
20130816T,0.0,0.0,0.0,0.0,0
20130819T,0.0,0.0,0.0,0.0,0
20130820T,0.0,0.0,0.0,0.0,0
20130821T,0.0,0.0,0.0,0.0,0
20130822T,0.0,0.0,0.0,0.0,0
20130823T,0.0,0.0,0.0,0.0,0
20130826T,0.0,0.0,0.0,0.0,0
20130827T,0.0,0.0,0.0,0.0,0
20130828T,0.0,0.0,0.0,0.0,0
20130829T,0.0,0.0,0.0,0.0,0
20130830T,0.0,0.0,0.0,0.0,0
20130902T,0.0,0.0,0.0,0.0,0
20130903T,0.0,0.0,0.0,0.0,0
20130904T,0.0,0.0,0.0,0.0,0
20130905T,0.0,0.0,0.0,0.0,0
20130906T,0.0,0.0,0.0,0.0,0
20130910T,0.0,0.0,0.0,0.0,0
20130911T,0.0,0.0,0.0,0.0,0
20130912T,0.0,0.0,0.0,0.0,0
20130913T,0.0,0.0,0.0,0.0,0
20130916T,0.0,0.0,0.0,0.0,0
20130917T,0.0,0.0,0.0,0.0,0
20130918T,0.0,0.0,0.0,0.0,0
20130919T,0.0,0.0,0.0,0.0,0
20130920T,0.0,0.0,0.0,0.0,0
20130923T,0.0,0.0,0.0,0.0,0
20130924T,0.0,0.0,0.0,0.0,0
20130925T,0.0,0.0,0.0,0.0,0
20130926T,0.0,0.0,0.0,0.0,0
20130927T,0.0,0.0,0.0,0.0,0
20130930T,0.0,0.0,0.0,0.0,0
20131001T,0.0,0.0,0.0,0.0,0
20131003T,0.0,0.0,0.0,0.0,0
20131004T,0.0,0.0,0.0,0.0,0
20131007T,0.0,0.0,0.0,0.0,0
20131008T,0.0,0.0,0.0,0.0,0
20131010T,0.0,0.0,0.0,0.0,0
20131011T,0.0,0.0,0.0,0.0,0
20131014T,0.0,0.0,0.0,0.0,0
20131015T,0.0,0.0,0.0,0.0,0
20131017T,0.0,0.0,0.0,0.0,0
20131018T,0.0,0.0,0.0,0.0,0
20131021T,0.0,0.0,0.0,0.0,0
20131022T,0.0,0.0,0.0,0.0,0
20131023T,0.0,0.0,0.0,0.0,0
20131024T,0.0,0.0,0.0,0.0,0
20131025T,0.0,0.0,0.0,0.0,0
20131028T,0.0,0.0,0.0,0.0,0
20131029T,0.0,0.0,0.0,0.0,0
20131030T,0.0,0.0,0.0,0.0,0
20131031T,0.0,0.0,0.0,0.0,0
20131101T,0.0,0.0,0.0,0.0,0
20131105T,0.0,0.0,0.0,0.0,0
20131106T,0.0,0.0,0.0,0.0,0
20131107T,0.0,0.0,0.0,0.0,0
20131108T,0.0,0.0,0.0,0.0,0
20131111T,0.0,0.0,0.0,0.0,0
20131112T,0.0,0.0,0.0,0.0,0
20131113T,0.0,0.0,0.0,0.0,0
20131114T,0.0,0.0,0.0,0.0,0
20131118T,0.0,0.0,0.0,0.0,0
20131119T,0.0,0.0,0.0,0.0,0
20131120T,0.0,0.0,0.0,0.0,0
20131121T,0.0,0.0,0.0,0.0,0
20131122T,0.0,0.0,0.0,0.0,0
20131125T,0.0,0.0,0.0,0.0,0
20131126T,0.0,0.0,0.0,0.0,0
20131127T,0.0,0.0,0.0,0.0,0
20131128T,0.0,0.0,0.0,0.0,0
20131129T,0.0,0.0,0.0,0.0,0
20131202T,0.0,0.0,0.0,0.0,0
20131203T,0.0,0.0,0.0,0.0,0
20131204T,0.0,0.0,0.0,0.0,0
20131205T,0.0,0.0,0.0,0.0,0
20131206T,0.0,0.0,0.0,0.0,0
20131209T,0.0,0.0,0.0,0.0,0
20131210T,0.0,0.0,0.0,0.0,0
20131211T,0.0,0.0,0.0,0.0,0
20131212T,0.0,0.0,0.0,0.0,0
20131213T,0.0,0.0,0.0,0.0,0
20131216T,0.0,0.0,0.0,0.0,0
20131217T,0.0,0.0,0.0,0.0,0
20131218T,0.0,0.0,0.0,0.0,0
20131219T,0.0,0.0,0.0,0.0,0
20131220T,0.0,0.0,0.0,0.0,0
20131223T,0.0,0.0,0.0,0.0,0
20131224T,0.0,0.0,0.0,0.0,0
20131226T,0.0,0.0,0.0,0.0,0
20131227T,0.0,0.0,0.0,0.0,0
20131230T,0.0,0.0,0.0,0.0,0
20131231T,0.0,0.0,0.0,0.0,0
20140101T,0.0,0.0,0.0,0.0,0
20140102T,0.0,0.0,0.0,0.0,0
20140103T,0.0,0.0,0.0,0.0,0
20140106T,0.0,0.0,0.0,0.0,0
20140107T,0.0,0.0,0.0,0.0,0
20140108T,0.0,0.0,0.0,0.0,0
20140109T,0.0,0.0,0.0,0.0,0
20140110T,0.0,0.0,0.0,0.0,0
20140113T,0.0,0.0,0.0,0.0,0
20140114T,0.0,0.0,0.0,0.0,0
20140115T,0.0,0.0,0.0,0.0,0
20140116T,0.0,0.0,0.0,0.0,0
20140117T,0.0,0.0,0.0,0.0,0
20140120T,0.0,0.0,0.0,0.0,0
20140121T,0.0,0.0,0.0,0.0,0
20140122T,0.0,0.0,0.0,0.0,0
20140123T,0.0,0.0,0.0,0.0,0
20140124T,0.0,0.0,0.0,0.0,0
20140127T,0.0,0.0,0.0,0.0,0
20140128T,0.0,0.0,0.0,0.0,0
20140129T,0.0,0.0,0.0,0.0,0
20140130T,0.0,0.0,0.0,0.0,0
20140131T,0.0,0.0,0.0,0.0,0
20140203T,0.0,0.0,0.0,0.0,0
20140204T,0.0,0.0,0.0,0.0,0
20140205T,0.0,0.0,0.0,0.0,0
20140206T,0.0,0.0,0.0,0.0,0
20140207T,0.0,0.0,0.0,0.0,0
20140210T,0.0,0.0,0.0,0.0,0
20140211T,0.0,0.0,0.0,0.0,0
20140212T,0.0,0.0,0.0,0.0,0
20140213T,0.0,0.0,0.0,0.0,0
20140214T,0.0,0.0,0.0,0.0,0
20140217T,0.0,0.0,0.0,0.0,0
20140218T,0.0,0.0,0.0,0.0,0
20140219T,0.0,0.0,0.0,0.0,0
20140220T,0.0,0.0,0.0,0.0,0
20140221T,0.0,0.0,0.0,0.0,0
20140225T,0.0,0.0,0.0,0.0,0
20140226T,0.0,0.0,0.0,0.0,0
20140228T,0.0,0.0,0.0,0.0,0
20140303T,0.0,0.0,0.0,0.0,0
20140304T,0.0,0.0,0.0,0.0,0
20140305T,0.0,0.0,0.0,0.0,0
20140306T,0.0,0.0,0.0,0.0,0
20140307T,0.0,0.0,0.0,0.0,0
20140310T,0.0,0.0,0.0,0.0,0
20140311T,0.0,0.0,0.0,0.0,0
20140312T,0.0,0.0,0.0,0.0,0
20140313T,0.0,0.0,0.0,0.0,0
20140314T,0.0,0.0,0.0,0.0,0
20140318T,0.0,0.0,0.0,0.0,0
20140319T,0.0,0.0,0.0,0.0,0
20140320T,0.0,0.0,0.0,0.0,0
20140321T,0.0,0.0,0.0,0.0,0
20140324T,0.0,0.0,0.0,0.0,0
20140325T,0.0,0.0,0.0,0.0,0
20140326T,0.0,0.0,0.0,0.0,0
20140327T,0.0,0.0,0.0,0.0,0
20140328T,0.0,0.0,0.0,0.0,0
20140331T,0.0,0.0,0.0,0.0,0
20140401T,0.0,0.0,0.0,0.0,0
20140402T,0.0,0.0,0.0,0.0,0
20140403T,0.0,0.0,0.0,0.0,0
20140404T,0.0,0.0,0.0,0.0,0
20140407T,0.0,0.0,0.0,0.0,0
20140409T,0.0,0.0,0.0,0.0,0
20140410T,0.0,0.0,0.0,0.0,0
20140411T,0.0,0.0,0.0,0.0,0
20140415T,0.0,0.0,0.0,0.0,0
20140416T,0.0,0.0,0.0,0.0,0
20140417T,0.0,0.0,0.0,0.0,0
20140421T,0.0,0.0,0.0,0.0,0
20140422T,0.0,0.0,0.0,0.0,0
20140423T,0.0,0.0,0.0,0.0,0
20140425T,0.0,0.0,0.0,0.0,0
20140428T,0.0,0.0,0.0,0.0,0
20140429T,0.0,0.0,0.0,0.0,0
20140430T,0.0,0.0,0.0,0.0,0
20140502T,0.0,0.0,0.0,0.0,0
20140505T,0.0,0.0,0.0,0.0,0
20140506T,0.0,0.0,0.0,0.0,0
20140507T,0.0,0.0,0.0,0.0,0
20140508T,0.0,0.0,0.0,0.0,0
20140509T,0.0,0.0,0.0,0.0,0
20140512T,0.0,0.0,0.0,0.0,0
20140513T,0.0,0.0,0.0,0.0,0
20140514T,0.0,0.0,0.0,0.0,0
20140515T,0.0,0.0,0.0,0.0,0
20140516T,0.0,0.0,0.0,0.0,0
20140519T,0.0,0.0,0.0,0.0,0
20140520T,0.0,0.0,0.0,0.0,0
20140521T,0.0,0.0,0.0,0.0,0
20140522T,0.0,0.0,0.0,0.0,0
20140523T,0.0,0.0,0.0,0.0,0
20140526T,0.0,0.0,0.0,0.0,0
20140527T,0.0,0.0,0.0,0.0,0
20140528T,0.0,0.0,0.0,0.0,0
20140529T,0.0,0.0,0.0,0.0,0
20140530T,0.0,0.0,0.0,0.0,0
20140602T,0.0,0.0,0.0,0.0,0
20140603T,0.0,0.0,0.0,0.0,0
20140604T,0.0,0.0,0.0,0.0,0
20140605T,0.0,0.0,0.0,0.0,0
20140606T,0.0,0.0,0.0,0.0,0
20140609T,0.0,0.0,0.0,0.0,0
20140610T,0.0,0.0,0.0,0.0,0
20140611T,0.0,0.0,0.0,0.0,0
20140612T,0.0,0.0,0.0,0.0,0
20140613T,0.0,0.0,0.0,0.0,0
20140616T,0.0,0.0,0.0,0.0,0
20140617T,0.0,0.0,0.0,0.0,0
20140618T,0.0,0.0,0.0,0.0,0
20140619T,0.0,0.0,0.0,0.0,0
20140620T,0.0,0.0,0.0,0.0,0
20140623T,0.0,0.0,0.0,0.0,0
20140624T,0.0,0.0,0.0,0.0,0
20140625T,0.0,0.0,0.0,0.0,0
20140626T,0.0,0.0,0.0,0.0,0
20140627T,0.0,0.0,0.0,0.0,0
20140630T,0.0,0.0,0.0,0.0,0
20140701T,0.0,0.0,0.0,0.0,0
20140702T,0.0,0.0,0.0,0.0,0
20140703T,0.0,0.0,0.0,0.0,0
20140704T,0.0,0.0,0.0,0.0,0
20140707T,0.0,0.0,0.0,0.0,0
20140708T,0.0,0.0,0.0,0.0,0
20140709T,0.0,0.0,0.0,0.0,0
20140710T,0.0,0.0,0.0,0.0,0
20140711T,0.0,0.0,0.0,0.0,0
20140714T,0.0,0.0,0.0,0.0,0
20140715T,0.0,0.0,0.0,0.0,0
20140716T,0.0,0.0,0.0,0.0,0
20140718T,0.0,0.0,0.0,0.0,0
20140721T,0.0,0.0,0.0,0.0,0
20140722T,0.0,0.0,0.0,0.0,0
20140723T,0.0,0.0,0.0,0.0,0
20140724T,0.0,0.0,0.0,0.0,0
20140725T,0.0,0.0,0.0,0.0,0
20140728T,0.0,0.0,0.0,0.0,0
20140730T,0.0,0.0,0.0,0.0,0
20140731T,0.0,0.0,0.0,0.0,0
20140801T,0.0,0.0,0.0,0.0,0
20140804T,0.0,0.0,0.0,0.0,0
20140805T,0.0,0.0,0.0,0.0,0
20140806T,0.0,0.0,0.0,0.0,0
20140807T,0.0,0.0,0.0,0.0,0
20140808T,0.0,0.0,0.0,0.0,0
20140811T,0.0,0.0,0.0,0.0,0
20140812T,0.0,0.0,0.0,0.0,0
20140813T,0.0,0.0,0.0,0.0,0
20140814T,0.0,0.0,0.0,0.0,0
20140818T,0.0,0.0,0.0,0.0,0
20140819T,0.0,0.0,0.0,0.0,0
20140820T,0.0,0.0,0.0,0.0,0
20140821T,0.0,0.0,0.0,0.0,0
20140822T,0.0,0.0,0.0,0.0,0
20140825T,0.0,0.0,0.0,0.0,0
20140826T,0.0,0.0,0.0,0.0,0
20140827T,0.0,0.0,0.0,0.0,0
20140828T,0.0,0.0,0.0,0.0,0
20140901T,0.0,0.0,0.0,0.0,0
20140902T,0.0,0.0,0.0,0.0,0
20140903T,0.0,0.0,0.0,0.0,0
20140904T,0.0,0.0,0.0,0.0,0
20140905T,0.0,0.0,0.0,0.0,0
20140908T,0.0,0.0,0.0,0.0,0
20140909T,0.0,0.0,0.0,0.0,0
20140910T,0.0,0.0,0.0,0.0,0
20140911T,0.0,0.0,0.0,0.0,0
20140912T,0.0,0.0,0.0,0.0,0
20140915T,0.0,0.0,0.0,0.0,0
20140916T,0.0,0.0,0.0,0.0,0
20140917T,0.0,0.0,0.0,0.0,0
20140918T,0.0,0.0,0.0,0.0,0
20140919T,0.0,0.0,0.0,0.0,0
20140922T,0.0,0.0,0.0,0.0,0
20140923T,0.0,0.0,0.0,0.0,0
20140924T,0.0,0.0,0.0,0.0,0
20140925T,0.0,0.0,0.0,0.0,0
20140926T,0.0,0.0,0.0,0.0,0
20140929T,0.0,0.0,0.0,0.0,0
20140930T,0.0,0.0,0.0,0.0,0
20141001T,0.0,0.0,0.0,0.0,0
20141007T,0.0,0.0,0.0,0.0,0
20141008T,0.0,0.0,0.0,0.0,0
20141009T,0.0,0.0,0.0,0.0,0
20141010T,0.0,0.0,0.0,0.0,0
20141013T,0.0,0.0,0.0,0.0,0
20141014T,0.0,0.0,0.0,0.0,0
20141016T,0.0,0.0,0.0,0.0,0
20141017T,0.0,0.0,0.0,0.0,0
20141020T,0.0,0.0,0.0,0.0,0
20141021T,0.0,0.0,0.0,0.0,0
20141022T,0.0,0.0,0.0,0.0,0
20141023T,0.0,0.0,0.0,0.0,0
20141027T,0.0,0.0,0.0,0.0,0
20141028T,0.0,0.0,0.0,0.0,0
20141029T,0.0,0.0,0.0,0.0,0
20141030T,0.0,0.0,0.0,0.0,0
20141031T,0.0,0.0,0.0,0.0,0
20141103T,0.0,0.0,0.0,0.0,0
20141105T,0.0,0.0,0.0,0.0,0
20141107T,0.0,0.0,0.0,0.0,0
20141110T,0.0,0.0,0.0,0.0,0
20141111T,0.0,0.0,0.0,0.0,0
20141112T,0.0,0.0,0.0,0.0,0
20141113T,0.0,0.0,0.0,0.0,0
20141114T,0.0,0.0,0.0,0.0,0
20141117T,0.0,0.0,0.0,0.0,0
20141118T,0.0,0.0,0.0,0.0,0
20141119T,0.0,0.0,0.0,0.0,0
20141120T,0.0,0.0,0.0,0.0,0
20141121T,0.0,0.0,0.0,0.0,0
20141124T,0.0,0.0,0.0,0.0,0
20141125T,0.0,0.0,0.0,0.0,0
20141126T,0.0,0.0,0.0,0.0,0
20141127T,0.0,0.0,0.0,0.0,0
20141128T,0.0,0.0,0.0,0.0,0
20141201T,0.0,0.0,0.0,0.0,0
20141202T,0.0,0.0,0.0,0.0,0
20141203T,0.0,0.0,0.0,0.0,0
20141204T,0.0,0.0,0.0,0.0,0
20141205T,0.0,0.0,0.0,0.0,0
20141208T,0.0,0.0,0.0,0.0,0
20141209T,0.0,0.0,0.0,0.0,0
20141210T,0.0,0.0,0.0,0.0,0
20141211T,0.0,0.0,0.0,0.0,0
20141212T,0.0,0.0,0.0,0.0,0
20141215T,0.0,0.0,0.0,0.0,0
20141216T,0.0,0.0,0.0,0.0,0
20141217T,0.0,0.0,0.0,0.0,0
20141218T,0.0,0.0,0.0,0.0,0
20141219T,0.0,0.0,0.0,0.0,0
20141222T,0.0,0.0,0.0,0.0,0
20141223T,0.0,0.0,0.0,0.0,0
20141224T,0.0,0.0,0.0,0.0,0
20141226T,0.0,0.0,0.0,0.0,0
20141229T,0.0,0.0,0.0,0.0,0
20141230T,0.0,0.0,0.0,0.0,0
20141231T,0.0,0.0,0.0,0.0,0
20150101T,0.0,0.0,0.0,0.0,0
20150102T,0.0,0.0,0.0,0.0,0
20150105T,0.0,0.0,0.0,0.0,0
20150106T,0.0,0.0,0.0,0.0,0
20150107T,0.0,0.0,0.0,0.0,0
20150108T,0.0,0.0,0.0,0.0,0
20150109T,0.0,0.0,0.0,0.0,0
20150112T,0.0,0.0,0.0,0.0,0
20150113T,0.0,0.0,0.0,0.0,0
20150114T,0.0,0.0,0.0,0.0,0
20150115T,0.0,0.0,0.0,0.0,0
20150116T,0.0,0.0,0.0,0.0,0
20150119T,0.0,0.0,0.0,0.0,0
20150120T,0.0,0.0,0.0,0.0,0
20150121T,0.0,0.0,0.0,0.0,0
20150122T,0.0,0.0,0.0,0.0,0
20150123T,0.0,0.0,0.0,0.0,0
20150127T,0.0,0.0,0.0,0.0,0
20150128T,0.0,0.0,0.0,0.0,0
20150129T,0.0,0.0,0.0,0.0,0
20150130T,0.0,0.0,0.0,0.0,0
20150202T,0.0,0.0,0.0,0.0,0
20150203T,0.0,0.0,0.0,0.0,0
20150204T,0.0,0.0,0.0,0.0,0
20150205T,0.0,0.0,0.0,0.0,0
20150206T,0.0,0.0,0.0,0.0,0
20150209T,0.0,0.0,0.0,0.0,0
20150210T,0.0,0.0,0.0,0.0,0
20150211T,0.0,0.0,0.0,0.0,0
20150212T,0.0,0.0,0.0,0.0,0
20150213T,0.0,0.0,0.0,0.0,0
20150216T,0.0,0.0,0.0,0.0,0
20150218T,0.0,0.0,0.0,0.0,0
20150219T,0.0,0.0,0.0,0.0,0
20150220T,0.0,0.0,0.0,0.0,0
20150223T,0.0,0.0,0.0,0.0,0
20150224T,0.0,0.0,0.0,0.0,0
20150225T,0.0,0.0,0.0,0.0,0
20150226T,0.0,0.0,0.0,0.0,0
20150227T,0.0,0.0,0.0,0.0,0
20150302T,0.0,0.0,0.0,0.0,0
20150303T,0.0,0.0,0.0,0.0,0
20150304T,0.0,0.0,0.0,0.0,0
20150305T,0.0,0.0,0.0,0.0,0
20150309T,0.0,0.0,0.0,0.0,0
20150310T,0.0,0.0,0.0,0.0,0
20150311T,0.0,0.0,0.0,0.0,0
20150312T,0.0,0.0,0.0,0.0,0
20150313T,0.0,0.0,0.0,0.0,0
20150316T,0.0,0.0,0.0,0.0,0
20150317T,0.0,0.0,0.0,0.0,0
20150318T,0.0,0.0,0.0,0.0,0
20150319T,0.0,0.0,0.0,0.0,0
20150320T,0.0,0.0,0.0,0.0,0
20150323T,0.0,0.0,0.0,0.0,0
20150324T,0.0,0.0,0.0,0.0,0
20150325T,0.0,0.0,0.0,0.0,0
20150326T,0.0,0.0,0.0,0.0,0
20150327T,0.0,0.0,0.0,0.0,0
20150330T,0.0,0.0,0.0,0.0,0
20150331T,0.0,0.0,0.0,0.0,0
20150401T,0.0,0.0,0.0,0.0,0
20150406T,0.0,0.0,0.0,0.0,0
20150407T,0.0,0.0,0.0,0.0,0
20150408T,0.0,0.0,0.0,0.0,0
20150409T,0.0,0.0,0.0,0.0,0
20150410T,0.0,0.0,0.0,0.0,0
20150413T,0.0,0.0,0.0,0.0,0
20150415T,0.0,0.0,0.0,0.0,0
20150416T,0.0,0.0,0.0,0.0,0
20150417T,0.0,0.0,0.0,0.0,0
20150420T,0.0,0.0,0.0,0.0,0
20150421T,0.0,0.0,0.0,0.0,0
20150422T,0.0,0.0,0.0,0.0,0
20150423T,0.0,0.0,0.0,0.0,0
20150424T,0.0,0.0,0.0,0.0,0
20150427T,0.0,0.0,0.0,0.0,0
20150428T,0.0,0.0,0.0,0.0,0
20150429T,0.0,0.0,0.0,0.0,0
20150430T,0.0,0.0,0.0,0.0,0
20150504T,0.0,0.0,0.0,0.0,0
20150505T,0.0,0.0,0.0,0.0,0
20150506T,0.0,0.0,0.0,0.0,0
20150507T,0.0,0.0,0.0,0.0,0
20150508T,0.0,0.0,0.0,0.0,0
20150511T,0.0,0.0,0.0,0.0,0
20150512T,0.0,0.0,0.0,0.0,0
20150513T,0.0,0.0,0.0,0.0,0
20150514T,0.0,0.0,0.0,0.0,0
20150515T,0.0,0.0,0.0,0.0,0
20150518T,0.0,0.0,0.0,0.0,0
20150519T,0.0,0.0,0.0,0.0,0
20150520T,0.0,0.0,0.0,0.0,0
20150521T,0.0,0.0,0.0,0.0,0
20150522T,0.0,0.0,0.0,0.0,0
20150525T,0.0,0.0,0.0,0.0,0
20150526T,0.0,0.0,0.0,0.0,0
20150527T,0.0,0.0,0.0,0.0,0
20150528T,0.0,0.0,0.0,0.0,0
20150529T,0.0,0.0,0.0,0.0,0
20150601T,0.0,0.0,0.0,0.0,0
20150602T,0.0,0.0,0.0,0.0,0
20150603T,0.0,0.0,0.0,0.0,0
20150604T,0.0,0.0,0.0,0.0,0
20150605T,0.0,0.0,0.0,0.0,0
20150608T,0.0,0.0,0.0,0.0,0
20150609T,0.0,0.0,0.0,0.0,0
20150610T,0.0,0.0,0.0,0.0,0
20150611T,0.0,0.0,0.0,0.0,0
20150612T,0.0,0.0,0.0,0.0,0
20150615T,0.0,0.0,0.0,0.0,0
20150616T,0.0,0.0,0.0,0.0,0
20150617T,0.0,0.0,0.0,0.0,0
20150618T,0.0,0.0,0.0,0.0,0
20150619T,0.0,0.0,0.0,0.0,0
20150622T,0.0,0.0,0.0,0.0,0
20150623T,0.0,0.0,0.0,0.0,0
20150624T,0.0,0.0,0.0,0.0,0
20150625T,0.0,0.0,0.0,0.0,0
20150626T,0.0,0.0,0.0,0.0,0
20150629T,0.0,0.0,0.0,0.0,0
20150630T,0.0,0.0,0.0,0.0,0
20150701T,0.0,0.0,0.0,0.0,0
20150702T,0.0,0.0,0.0,0.0,0
20150703T,0.0,0.0,0.0,0.0,0
20150706T,0.0,0.0,0.0,0.0,0
20150707T,0.0,0.0,0.0,0.0,0
20150708T,0.0,0.0,0.0,0.0,0
20150709T,0.0,0.0,0.0,0.0,0
20150710T,0.0,0.0,0.0,0.0,0
20150713T,0.0,0.0,0.0,0.0,0
20150714T,0.0,0.0,0.0,0.0,0
20150715T,0.0,0.0,0.0,0.0,0
20150716T,0.0,0.0,0.0,0.0,0
20150717T,0.0,0.0,0.0,0.0,0
20150720T,0.0,0.0,0.0,0.0,0
20150721T,0.0,0.0,0.0,0.0,0
20150722T,0.0,0.0,0.0,0.0,0
20150723T,0.0,0.0,0.0,0.0,0
20150724T,0.0,0.0,0.0,0.0,0
20150727T,0.0,0.0,0.0,0.0,0
20150728T,0.0,0.0,0.0,0.0,0
20150729T,0.0,0.0,0.0,0.0,0
20150730T,0.0,0.0,0.0,0.0,0
20150731T,0.0,0.0,0.0,0.0,0
20150803T,0.0,0.0,0.0,0.0,0
20150804T,0.0,0.0,0.0,0.0,0
20150805T,0.0,0.0,0.0,0.0,0
20150806T,0.0,0.0,0.0,0.0,0
20150807T,0.0,0.0,0.0,0.0,0
20150810T,0.0,0.0,0.0,0.0,0
20150811T,0.0,0.0,0.0,0.0,0
20150812T,0.0,0.0,0.0,0.0,0
20150813T,0.0,0.0,0.0,0.0,0
20150814T,0.0,0.0,0.0,0.0,0
20150817T,0.0,0.0,0.0,0.0,0
20150818T,0.0,0.0,0.0,0.0,0
20150819T,0.0,0.0,0.0,0.0,0
20150820T,0.0,0.0,0.0,0.0,0
20150821T,0.0,0.0,0.0,0.0,0
20150824T,0.0,0.0,0.0,0.0,0
20150825T,0.0,0.0,0.0,0.0,0
20150826T,0.0,0.0,0.0,0.0,0
20150827T,0.0,0.0,0.0,0.0,0
20150828T,0.0,0.0,0.0,0.0,0
20150831T,0.0,0.0,0.0,0.0,0
20150901T,0.0,0.0,0.0,0.0,0
20150902T,0.0,0.0,0.0,0.0,0
20150903T,0.0,0.0,0.0,0.0,0
20150904T,0.0,0.0,0.0,0.0,0
20150907T,0.0,0.0,0.0,0.0,0
20150908T,0.0,0.0,0.0,0.0,0
20150909T,0.0,0.0,0.0,0.0,0
20150910T,0.0,0.0,0.0,0.0,0
20150911T,0.0,0.0,0.0,0.0,0
20150914T,0.0,0.0,0.0,0.0,0
20150915T,0.0,0.0,0.0,0.0,0
20150916T,0.0,0.0,0.0,0.0,0
20150918T,0.0,0.0,0.0,0.0,0
20150921T,0.0,0.0,0.0,0.0,0
20150922T,0.0,0.0,0.0,0.0,0
20150923T,0.0,0.0,0.0,0.0,0
20150924T,0.0,0.0,0.0,0.0,0
20150928T,0.0,0.0,0.0,0.0,0
20150929T,0.0,0.0,0.0,0.0,0
20150930T,0.0,0.0,0.0,0.0,0
20151001T,0.0,0.0,0.0,0.0,0
20151005T,0.0,0.0,0.0,0.0,0
20151006T,0.0,0.0,0.0,0.0,0
20151007T,0.0,0.0,0.0,0.0,0
20151008T,0.0,0.0,0.0,0.0,0
20151009T,0.0,0.0,0.0,0.0,0
20151012T,0.0,0.0,0.0,0.0,0
20151013T,0.0,0.0,0.0,0.0,0
20151014T,0.0,0.0,0.0,0.0,0
20151015T,0.0,0.0,0.0,0.0,0
20151016T,0.0,0.0,0.0,0.0,0
20151019T,0.0,0.0,0.0,0.0,0
20151020T,0.0,0.0,0.0,0.0,0
20151021T,0.0,0.0,0.0,0.0,0
20151023T,0.0,0.0,0.0,0.0,0
20151026T,0.0,0.0,0.0,0.0,0
20151027T,0.0,0.0,0.0,0.0,0
20151028T,0.0,0.0,0.0,0.0,0
20151029T,0.0,0.0,0.0,0.0,0
20151030T,0.0,0.0,0.0,0.0,0
20151102T,0.0,0.0,0.0,0.0,0
20151103T,0.0,0.0,0.0,0.0,0
20151104T,0.0,0.0,0.0,0.0,0
20151105T,0.0,0.0,0.0,0.0,0
20151106T,0.0,0.0,0.0,0.0,0
20151109T,0.0,0.0,0.0,0.0,0
20151110T,0.0,0.0,0.0,0.0,0
20151111T,0.0,0.0,0.0,0.0,0
20151113T,0.0,0.0,0.0,0.0,0
20151116T,0.0,0.0,0.0,0.0,0
20151117T,0.0,0.0,0.0,0.0,0
20151118T,0.0,0.0,0.0,0.0,0
20151119T,0.0,0.0,0.0,0.0,0
20151120T,0.0,0.0,0.0,0.0,0
20151123T,0.0,0.0,0.0,0.0,0
20151124T,0.0,0.0,0.0,0.0,0
20151126T,0.0,0.0,0.0,0.0,0
20151127T,0.0,0.0,0.0,0.0,0
20151130T,0.0,0.0,0.0,0.0,0
20151201T,0.0,0.0,0.0,0.0,0
20151202T,0.0,0.0,0.0,0.0,0
20151203T,0.0,0.0,0.0,0.0,0
20151204T,0.0,0.0,0.0,0.0,0
20151207T,0.0,0.0,0.0,0.0,0
20151208T,0.0,0.0,0.0,0.0,0
20151209T,0.0,0.0,0.0,0.0,0
20151210T,0.0,0.0,0.0,0.0,0
20151211T,0.0,0.0,0.0,0.0,0
20151214T,0.0,0.0,0.0,0.0,0
20151215T,0.0,0.0,0.0,0.0,0
20151216T,0.0,0.0,0.0,0.0,0
20151217T,0.0,0.0,0.0,0.0,0
20151218T,0.0,0.0,0.0,0.0,0
20151221T,0.0,0.0,0.0,0.0,0
20151222T,0.0,0.0,0.0,0.0,0
20151223T,0.0,0.0,0.0,0.0,0
20151224T,0.0,0.0,0.0,0.0,0
20151228T,0.0,0.0,0.0,0.0,0
20151229T,0.0,0.0,0.0,0.0,0
20151230T,0.0,0.0,0.0,0.0,0
20151231T,0.0,0.0,0.0,0.0,0
20160101T,0.0,0.0,0.0,0.0,0
20160104T,0.0,0.0,0.0,0.0,0
20160105T,0.0,0.0,0.0,0.0,0
20160106T,0.0,0.0,0.0,0.0,0
20160107T,0.0,0.0,0.0,0.0,0
20160108T,0.0,0.0,0.0,0.0,0
20160111T,0.0,0.0,0.0,0.0,0
20160112T,0.0,0.0,0.0,0.0,0
20160113T,0.0,0.0,0.0,0.0,0
20160114T,0.0,0.0,0.0,0.0,0
20160115T,0.0,0.0,0.0,0.0,0
20160118T,0.0,0.0,0.0,0.0,0
20160119T,0.0,0.0,0.0,0.0,0
20160120T,0.0,0.0,0.0,0.0,0
20160121T,0.0,0.0,0.0,0.0,0
20160122T,0.0,0.0,0.0,0.0,0
20160125T,0.0,0.0,0.0,0.0,0
20160127T,0.0,0.0,0.0,0.0,0
20160128T,0.0,0.0,0.0,0.0,0
20160129T,0.0,0.0,0.0,0.0,0
20160201T,0.0,0.0,0.0,0.0,0
20160202T,0.0,0.0,0.0,0.0,0
20160203T,0.0,0.0,0.0,0.0,0
20160204T,0.0,0.0,0.0,0.0,0
20160205T,0.0,0.0,0.0,0.0,0
20160208T,0.0,0.0,0.0,0.0,0
20160209T,0.0,0.0,0.0,0.0,0
20160211T,0.0,0.0,0.0,0.0,0
20160212T,0.0,0.0,0.0,0.0,0
20160215T,0.0,0.0,0.0,0.0,0
20160216T,0.0,0.0,0.0,0.0,0
20160217T,0.0,0.0,0.0,0.0,0
20160218T,0.0,0.0,0.0,0.0,0
20160219T,0.0,0.0,0.0,0.0,0
20160222T,0.0,0.0,0.0,0.0,0
20160223T,0.0,0.0,0.0,0.0,0
20160224T,0.0,0.0,0.0,0.0,0
20160225T,0.0,0.0,0.0,0.0,0
20160226T,0.0,0.0,0.0,0.0,0
20160229T,0.0,0.0,0.0,0.0,0
20160301T,0.0,0.0,0.0,0.0,0
20160302T,0.0,0.0,0.0,0.0,0
20160303T,0.0,0.0,0.0,0.0,0
20160304T,0.0,0.0,0.0,0.0,0
20160308T,0.0,0.0,0.0,0.0,0
20160309T,0.0,0.0,0.0,0.0,0
20160310T,0.0,0.0,0.0,0.0,0
20160311T,0.0,0.0,0.0,0.0,0
20160314T,0.0,0.0,0.0,0.0,0
20160315T,0.0,0.0,0.0,0.0,0
20160316T,0.0,0.0,0.0,0.0,0
20160317T,0.0,0.0,0.0,0.0,0
20160318T,0.0,0.0,0.0,0.0,0
20160321T,0.0,0.0,0.0,0.0,0
20160322T,0.0,0.0,0.0,0.0,0
20160323T,0.0,0.0,0.0,0.0,0
20160328T,0.0,0.0,0.0,0.0,0
20160329T,0.0,0.0,0.0,0.0,0
20160330T,0.0,0.0,0.0,0.0,0
20160331T,0.0,0.0,0.0,0.0,0
20160401T,0.0,0.0,0.0,0.0,0
20160404T,0.0,0.0,0.0,0.0,0
20160405T,0.0,0.0,0.0,0.0,0
20160406T,0.0,0.0,0.0,0.0,0
20160407T,0.0,0.0,0.0,0.0,0
20160408T,0.0,0.0,0.0,0.0,0
20160411T,0.0,0.0,0.0,0.0,0
20160412T,0.0,0.0,0.0,0.0,0
20160413T,0.0,0.0,0.0,0.0,0
20160418T,0.0,0.0,0.0,0.0,0
20160420T,0.0,0.0,0.0,0.0,0
20160421T,0.0,0.0,0.0,0.0,0
20160422T,0.0,0.0,0.0,0.0,0
20160425T,0.0,0.0,0.0,0.0,0
20160426T,0.0,0.0,0.0,0.0,0
20160427T,0.0,0.0,0.0,0.0,0
20160428T,0.0,0.0,0.0,0.0,0
20160429T,0.0,0.0,0.0,0.0,0
20160502T,0.0,0.0,0.0,0.0,0
20160503T,0.0,0.0,0.0,0.0,0
20160504T,0.0,0.0,0.0,0.0,0
20160505T,0.0,0.0,0.0,0.0,0
20160506T,0.0,0.0,0.0,0.0,0
20160509T,0.0,0.0,0.0,0.0,0
20160510T,0.0,0.0,0.0,0.0,0
20160511T,0.0,0.0,0.0,0.0,0
20160512T,0.0,0.0,0.0,0.0,0
20160513T,0.0,0.0,0.0,0.0,0
20160516T,0.0,0.0,0.0,0.0,0
20160517T,0.0,0.0,0.0,0.0,0
20160518T,0.0,0.0,0.0,0.0,0
20160519T,0.0,0.0,0.0,0.0,0
20160520T,0.0,0.0,0.0,0.0,0
20160523T,0.0,0.0,0.0,0.0,0
20160524T,0.0,0.0,0.0,0.0,0
20160525T,0.0,0.0,0.0,0.0,0
20160526T,0.0,0.0,0.0,0.0,0
20160527T,0.0,0.0,0.0,0.0,0
20160530T,0.0,0.0,0.0,0.0,0
20160531T,0.0,0.0,0.0,0.0,0
20160601T,0.0,0.0,0.0,0.0,0
20160602T,0.0,0.0,0.0,0.0,0
20160603T,0.0,0.0,0.0,0.0,0
20160606T,0.0,0.0,0.0,0.0,0
20160607T,0.0,0.0,0.0,0.0,0
20160608T,0.0,0.0,0.0,0.0,0
20160609T,0.0,0.0,0.0,0.0,0
20160610T,0.0,0.0,0.0,0.0,0
20160613T,0.0,0.0,0.0,0.0,0
20160614T,0.0,0.0,0.0,0.0,0
20160615T,0.0,0.0,0.0,0.0,0
20160616T,0.0,0.0,0.0,0.0,0
20160617T,0.0,0.0,0.0,0.0,0
20160620T,0.0,0.0,0.0,0.0,0
20160621T,0.0,0.0,0.0,0.0,0
20160622T,0.0,0.0,0.0,0.0,0
20160623T,0.0,0.0,0.0,0.0,0
20160624T,0.0,0.0,0.0,0.0,0
20160627T,0.0,0.0,0.0,0.0,0
20160628T,0.0,0.0,0.0,0.0,0
20160629T,0.0,0.0,0.0,0.0,0
20160630T,0.0,0.0,0.0,0.0,0
20160701T,0.0,0.0,0.0,0.0,0
20160704T,0.0,0.0,0.0,0.0,0
20160705T,0.0,0.0,0.0,0.0,0
20160707T,0.0,0.0,0.0,0.0,0
20160708T,0.0,0.0,0.0,0.0,0
20160711T,0.0,0.0,0.0,0.0,0
20160712T,0.0,0.0,0.0,0.0,0
20160713T,0.0,0.0,0.0,0.0,0
20160714T,0.0,0.0,0.0,0.0,0
20160715T,0.0,0.0,0.0,0.0,0
20160718T,0.0,0.0,0.0,0.0,0
20160719T,0.0,0.0,0.0,0.0,0
20160720T,0.0,0.0,0.0,0.0,0
20160721T,0.0,0.0,0.0,0.0,0
20160722T,0.0,0.0,0.0,0.0,0
20160725T,0.0,0.0,0.0,0.0,0
20160726T,0.0,0.0,0.0,0.0,0
20160727T,0.0,0.0,0.0,0.0,0
20160728T,0.0,0.0,0.0,0.0,0
20160729T,0.0,0.0,0.0,0.0,0
20160801T,0.0,0.0,0.0,0.0,0
20160802T,0.0,0.0,0.0,0.0,0
20160803T,0.0,0.0,0.0,0.0,0
20160804T,0.0,0.0,0.0,0.0,0
20160805T,0.0,0.0,0.0,0.0,0
20160808T,0.0,0.0,0.0,0.0,0
20160809T,0.0,0.0,0.0,0.0,0
20160810T,0.0,0.0,0.0,0.0,0
20160811T,0.0,0.0,0.0,0.0,0
20160812T,0.0,0.0,0.0,0.0,0
20160816T,0.0,0.0,0.0,0.0,0
20160817T,0.0,0.0,0.0,0.0,0
20160818T,0.0,0.0,0.0,0.0,0
20160819T,0.0,0.0,0.0,0.0,0
20160822T,0.0,0.0,0.0,0.0,0
20160823T,0.0,0.0,0.0,0.0,0
20160824T,0.0,0.0,0.0,0.0,0
20160825T,0.0,0.0,0.0,0.0,0
20160826T,0.0,0.0,0.0,0.0,0
20160829T,0.0,0.0,0.0,0.0,0
20160830T,0.0,0.0,0.0,0.0,0
20160831T,0.0,0.0,0.0,0.0,0
20160901T,0.0,0.0,0.0,0.0,0
20160902T,0.0,0.0,0.0,0.0,0
20160906T,0.0,0.0,0.0,0.0,0
20160907T,0.0,0.0,0.0,0.0,0
20160908T,0.0,0.0,0.0,0.0,0
20160909T,0.0,0.0,0.0,0.0,0
20160912T,0.0,0.0,0.0,0.0,0
20160914T,0.0,0.0,0.0,0.0,0
20160915T,0.0,0.0,0.0,0.0,0
20160916T,0.0,0.0,0.0,0.0,0
20160919T,0.0,0.0,0.0,0.0,0
20160920T,0.0,0.0,0.0,0.0,0
20160921T,0.0,0.0,0.0,0.0,0
20160922T,0.0,0.0,0.0,0.0,0
20160923T,0.0,0.0,0.0,0.0,0
20160926T,0.0,0.0,0.0,0.0,0
20160927T,0.0,0.0,0.0,0.0,0
20160928T,0.0,0.0,0.0,0.0,0
20160929T,0.0,0.0,0.0,0.0,0
20160930T,0.0,0.0,0.0,0.0,0
20161003T,0.0,0.0,0.0,0.0,0
20161004T,0.0,0.0,0.0,0.0,0
20161005T,0.0,0.0,0.0,0.0,0
20161006T,0.0,0.0,0.0,0.0,0
20161007T,0.0,0.0,0.0,0.0,0
20161010T,0.0,0.0,0.0,0.0,0
20161013T,0.0,0.0,0.0,0.0,0
20161014T,0.0,0.0,0.0,0.0,0
20161017T,0.0,0.0,0.0,0.0,0
20161018T,0.0,0.0,0.0,0.0,0
20161019T,0.0,0.0,0.0,0.0,0
20161020T,0.0,0.0,0.0,0.0,0
20161021T,0.0,0.0,0.0,0.0,0
20161024T,0.0,0.0,0.0,0.0,0
20161025T,0.0,0.0,0.0,0.0,0
20161026T,0.0,0.0,0.0,0.0,0
20161027T,0.0,0.0,0.0,0.0,0
20161028T,0.0,0.0,0.0,0.0,0
20161101T,0.0,0.0,0.0,0.0,0
20161102T,0.0,0.0,0.0,0.0,0
20161103T,0.0,0.0,0.0,0.0,0
20161104T,0.0,0.0,0.0,0.0,0
20161107T,0.0,0.0,0.0,0.0,0
20161108T,0.0,0.0,0.0,0.0,0
20161109T,0.0,0.0,0.0,0.0,0
20161110T,0.0,0.0,0.0,0.0,0
20161111T,0.0,0.0,0.0,0.0,0
20161115T,0.0,0.0,0.0,0.0,0
20161116T,0.0,0.0,0.0,0.0,0
20161117T,0.0,0.0,0.0,0.0,0
20161118T,0.0,0.0,0.0,0.0,0
20161121T,0.0,0.0,0.0,0.0,0
20161122T,0.0,0.0,0.0,0.0,0
20161123T,0.0,0.0,0.0,0.0,0
20161124T,0.0,0.0,0.0,0.0,0
20161125T,0.0,0.0,0.0,0.0,0
20161128T,0.0,0.0,0.0,0.0,0
20161129T,0.0,0.0,0.0,0.0,0
20161130T,0.0,0.0,0.0,0.0,0
20161201T,0.0,0.0,0.0,0.0,0
20161202T,0.0,0.0,0.0,0.0,0
20161205T,0.0,0.0,0.0,0.0,0
20161206T,0.0,0.0,0.0,0.0,0
20161207T,0.0,0.0,0.0,0.0,0
20161208T,0.0,0.0,0.0,0.0,0
20161209T,0.0,0.0,0.0,0.0,0
20161212T,0.0,0.0,0.0,0.0,0
20161213T,0.0,0.0,0.0,0.0,0
20161214T,0.0,0.0,0.0,0.0,0
20161215T,0.0,0.0,0.0,0.0,0
20161216T,0.0,0.0,0.0,0.0,0
20161219T,0.0,0.0,0.0,0.0,0
20161220T,0.0,0.0,0.0,0.0,0
20161221T,0.0,0.0,0.0,0.0,0
20161222T,0.0,0.0,0.0,0.0,0
20161223T,0.0,0.0,0.0,0.0,0
20161226T,0.0,0.0,0.0,0.0,0
20161227T,0.0,0.0,0.0,0.0,0
20161228T,0.0,0.0,0.0,0.0,0
20161229T,0.0,0.0,0.0,0.0,0
20161230T,0.0,0.0,0.0,0.0,0
20170102T,0.0,0.0,0.0,0.0,0
20170103T,0.0,0.0,0.0,0.0,0
20170104T,0.0,0.0,0.0,0.0,0
20170105T,0.0,0.0,0.0,0.0,0
20170106T,0.0,0.0,0.0,0.0,0
20170109T,0.0,0.0,0.0,0.0,0
20170110T,0.0,0.0,0.0,0.0,0
20170111T,0.0,0.0,0.0,0.0,0
20170112T,0.0,0.0,0.0,0.0,0
20170113T,0.0,0.0,0.0,0.0,0
20170116T,0.0,0.0,0.0,0.0,0
20170117T,0.0,0.0,0.0,0.0,0
20170118T,0.0,0.0,0.0,0.0,0
20170119T,0.0,0.0,0.0,0.0,0
20170120T,0.0,0.0,0.0,0.0,0
20170123T,0.0,0.0,0.0,0.0,0
20170124T,0.0,0.0,0.0,0.0,0
20170125T,0.0,0.0,0.0,0.0,0
20170127T,0.0,0.0,0.0,0.0,0
20170130T,0.0,0.0,0.0,0.0,0
20170131T,0.0,0.0,0.0,0.0,0
20170201T,0.0,0.0,0.0,0.0,0
20170202T,0.0,0.0,0.0,0.0,0
20170203T,0.0,0.0,0.0,0.0,0
20170206T,0.0,0.0,0.0,0.0,0
20170207T,0.0,0.0,0.0,0.0,0
20170208T,0.0,0.0,0.0,0.0,0
20170209T,0.0,0.0,0.0,0.0,0
20170210T,0.0,0.0,0.0,0.0,0
20170213T,0.0,0.0,0.0,0.0,0
20170214T,0.0,0.0,0.0,0.0,0
20170215T,0.0,0.0,0.0,0.0,0
20170216T,0.0,0.0,0.0,0.0,0
20170217T,0.0,0.0,0.0,0.0,0
20170220T,0.0,0.0,0.0,0.0,0
20170221T,0.0,0.0,0.0,0.0,0
20170222T,0.0,0.0,0.0,0.0,0
20170223T,0.0,0.0,0.0,0.0,0
20170227T,0.0,0.0,0.0,0.0,0
20170228T,0.0,0.0,0.0,0.0,0
20170301T,0.0,0.0,0.0,0.0,0
20170302T,0.0,0.0,0.0,0.0,0
20170303T,0.0,0.0,0.0,0.0,0
20170306T,0.0,0.0,0.0,0.0,0
20170307T,0.0,0.0,0.0,0.0,0
20170308T,0.0,0.0,0.0,0.0,0
20170309T,0.0,0.0,0.0,0.0,0
20170310T,0.0,0.0,0.0,0.0,0
20170314T,0.0,0.0,0.0,0.0,0
20170315T,0.0,0.0,0.0,0.0,0
20170316T,0.0,0.0,0.0,0.0,0
20170317T,0.0,0.0,0.0,0.0,0
20170320T,0.0,0.0,0.0,0.0,0
20170321T,0.0,0.0,0.0,0.0,0
20170322T,0.0,0.0,0.0,0.0,0
20170323T,0.0,0.0,0.0,0.0,0
20170324T,0.0,0.0,0.0,0.0,0
20170327T,0.0,0.0,0.0,0.0,0
20170328T,0.0,0.0,0.0,0.0,0
20170329T,0.0,0.0,0.0,0.0,0
20170330T,0.0,0.0,0.0,0.0,0
20170331T,0.0,0.0,0.0,0.0,0
20170403T,0.0,0.0,0.0,0.0,0
20170405T,0.0,0.0,0.0,0.0,0
20170406T,0.0,0.0,0.0,0.0,0
20170407T,0.0,0.0,0.0,0.0,0
20170410T,0.0,0.0,0.0,0.0,0
20170411T,0.0,0.0,0.0,0.0,0
20170412T,0.0,0.0,0.0,0.0,0
20170413T,0.0,0.0,0.0,0.0,0
20170417T,0.0,0.0,0.0,0.0,0
20170418T,0.0,0.0,0.0,0.0,0
20170419T,0.0,0.0,0.0,0.0,0
20170420T,0.0,0.0,0.0,0.0,0
20170421T,0.0,0.0,0.0,0.0,0
20170424T,0.0,0.0,0.0,0.0,0
20170425T,0.0,0.0,0.0,0.0,0
20170426T,0.0,0.0,0.0,0.0,0
20170427T,0.0,0.0,0.0,0.0,0
20170428T,0.0,0.0,0.0,0.0,0
20170502T,0.0,0.0,0.0,0.0,0
20170503T,0.0,0.0,0.0,0.0,0
20170504T,0.0,0.0,0.0,0.0,0
20170505T,0.0,0.0,0.0,0.0,0
20170508T,0.0,0.0,0.0,0.0,0
20170509T,0.0,0.0,0.0,0.0,0
20170510T,0.0,0.0,0.0,0.0,0
20170511T,0.0,0.0,0.0,0.0,0
20170512T,0.0,0.0,0.0,0.0,0
20170515T,0.0,0.0,0.0,0.0,0
20170516T,0.0,0.0,0.0,0.0,0
20170517T,0.0,0.0,0.0,0.0,0
20170518T,0.0,0.0,0.0,0.0,0
20170519T,0.0,0.0,0.0,0.0,0
20170522T,0.0,0.0,0.0,0.0,0
20170523T,0.0,0.0,0.0,0.0,0
20170524T,0.0,0.0,0.0,0.0,0
20170525T,0.0,0.0,0.0,0.0,0
20170526T,0.0,0.0,0.0,0.0,0
20170529T,0.0,0.0,0.0,0.0,0
20170530T,0.0,0.0,0.0,0.0,0
20170531T,0.0,0.0,0.0,0.0,0
20170601T,0.0,0.0,0.0,0.0,0
20170602T,0.0,0.0,0.0,0.0,0
20170605T,0.0,0.0,0.0,0.0,0
20170606T,0.0,0.0,0.0,0.0,0
20170607T,0.0,0.0,0.0,0.0,0
20170608T,0.0,0.0,0.0,0.0,0
20170609T,0.0,0.0,0.0,0.0,0
20170612T,0.0,0.0,0.0,0.0,0
20170613T,0.0,0.0,0.0,0.0,0
20170614T,0.0,0.0,0.0,0.0,0
20170615T,0.0,0.0,0.0,0.0,0
20170616T,0.0,0.0,0.0,0.0,0
20170619T,0.0,0.0,0.0,0.0,0
20170620T,0.0,0.0,0.0,0.0,0
20170621T,0.0,0.0,0.0,0.0,0
20170622T,0.0,0.0,0.0,0.0,0
20170623T,0.0,0.0,0.0,0.0,0
20170627T,0.0,0.0,0.0,0.0,0
20170628T,0.0,0.0,0.0,0.0,0
20170629T,0.0,0.0,0.0,0.0,0
20170630T,0.0,0.0,0.0,0.0,0
20170703T,0.0,0.0,0.0,0.0,0
20170704T,0.0,0.0,0.0,0.0,0
20170705T,0.0,0.0,0.0,0.0,0
20170706T,0.0,0.0,0.0,0.0,0
20170707T,0.0,0.0,0.0,0.0,0
20170710T,0.0,0.0,0.0,0.0,0
20170711T,0.0,0.0,0.0,0.0,0
20170712T,0.0,0.0,0.0,0.0,0
20170713T,0.0,0.0,0.0,0.0,0
20170714T,0.0,0.0,0.0,0.0,0
20170717T,0.0,0.0,0.0,0.0,0
20170718T,0.0,0.0,0.0,0.0,0
20170719T,0.0,0.0,0.0,0.0,0
20170720T,0.0,0.0,0.0,0.0,0
20170721T,0.0,0.0,0.0,0.0,0
20170724T,0.0,0.0,0.0,0.0,0
20170725T,0.0,0.0,0.0,0.0,0
20170726T,0.0,0.0,0.0,0.0,0
20170727T,0.0,0.0,0.0,0.0,0
20170728T,0.0,0.0,0.0,0.0,0
20170731T,0.0,0.0,0.0,0.0,0
20170801T,0.0,0.0,0.0,0.0,0
20170802T,0.0,0.0,0.0,0.0,0
20170803T,0.0,0.0,0.0,0.0,0
20170804T,0.0,0.0,0.0,0.0,0
20170807T,0.0,0.0,0.0,0.0,0
20170808T,0.0,0.0,0.0,0.0,0
20170809T,0.0,0.0,0.0,0.0,0
20170810T,0.0,0.0,0.0,0.0,0
20170811T,0.0,0.0,0.0,0.0,0
20170814T,0.0,0.0,0.0,0.0,0
20170816T,0.0,0.0,0.0,0.0,0
20170817T,0.0,0.0,0.0,0.0,0
20170818T,0.0,0.0,0.0,0.0,0
20170821T,0.0,0.0,0.0,0.0,0
20170822T,0.0,0.0,0.0,0.0,0
20170823T,0.0,0.0,0.0,0.0,0
20170824T,0.0,0.0,0.0,0.0,0
20170828T,0.0,0.0,0.0,0.0,0
20170829T,0.0,0.0,0.0,0.0,0
20170830T,0.0,0.0,0.0,0.0,0
20170831T,0.0,0.0,0.0,0.0,0
20170901T,0.0,0.0,0.0,0.0,0
20170904T,0.0,0.0,0.0,0.0,0
20170905T,0.0,0.0,0.0,0.0,0
20170906T,0.0,0.0,0.0,0.0,0
20170907T,0.0,0.0,0.0,0.0,0
20170908T,0.0,0.0,0.0,0.0,0
20170911T,0.0,0.0,0.0,0.0,0
20170912T,0.0,0.0,0.0,0.0,0
20170913T,0.0,0.0,0.0,0.0,0
20170914T,0.0,0.0,0.0,0.0,0
20170915T,0.0,0.0,0.0,0.0,0
20170918T,0.0,0.0,0.0,0.0,0
20170919T,0.0,0.0,0.0,0.0,0
20170920T,0.0,0.0,0.0,0.0,0
20170921T,0.0,0.0,0.0,0.0,0
20170922T,0.0,0.0,0.0,0.0,0
20170925T,0.0,0.0,0.0,0.0,0
20170926T,0.0,0.0,0.0,0.0,0
20170927T,0.0,0.0,0.0,0.0,0
20170928T,0.0,0.0,0.0,0.0,0
20170929T,0.0,0.0,0.0,0.0,0
20171003T,0.0,0.0,0.0,0.0,0
20171004T,0.0,0.0,0.0,0.0,0
20171005T,0.0,0.0,0.0,0.0,0
20171006T,0.0,0.0,0.0,0.0,0
20171009T,0.0,0.0,0.0,0.0,0
20171010T,0.0,0.0,0.0,0.0,0
20171011T,0.0,0.0,0.0,0.0,0
20171012T,0.0,0.0,0.0,0.0,0
20171013T,0.0,0.0,0.0,0.0,0
20171016T,0.0,0.0,0.0,0.0,0
20171017T,0.0,0.0,0.0,0.0,0
20171018T,0.0,0.0,0.0,0.0,0
20171019T,0.0,0.0,0.0,0.0,0
20171023T,0.0,0.0,0.0,0.0,0
20171024T,0.0,0.0,0.0,0.0,0
20171025T,0.0,0.0,0.0,0.0,0
20171026T,0.0,0.0,0.0,0.0,0
20171027T,0.0,0.0,0.0,0.0,0
20171030T,0.0,0.0,0.0,0.0,0
20171031T,0.0,0.0,0.0,0.0,0
20171101T,0.0,0.0,0.0,0.0,0
20171102T,0.0,0.0,0.0,0.0,0
20171103T,0.0,0.0,0.0,0.0,0
20171106T,0.0,0.0,0.0,0.0,0
20171107T,0.0,0.0,0.0,0.0,0
20171108T,0.0,0.0,0.0,0.0,0
20171109T,0.0,0.0,0.0,0.0,0
20171110T,0.0,0.0,0.0,0.0,0
20171113T,0.0,0.0,0.0,0.0,0
20171114T,0.0,0.0,0.0,0.0,0
20171115T,0.0,0.0,0.0,0.0,0
20171116T,0.0,0.0,0.0,0.0,0
20171117T,0.0,0.0,0.0,0.0,0
20171120T,0.0,0.0,0.0,0.0,0
20171121T,0.0,0.0,0.0,0.0,0
20171122T,0.0,0.0,0.0,0.0,0
20171123T,0.0,0.0,0.0,0.0,0
20171124T,0.0,0.0,0.0,0.0,0
20171127T,0.0,0.0,0.0,0.0,0
20171128T,0.0,0.0,0.0,0.0,0
20171129T,0.0,0.0,0.0,0.0,0
20171130T,0.0,0.0,0.0,0.0,0
20171201T,0.0,0.0,0.0,0.0,0
20171204T,0.0,0.0,0.0,0.0,0
20171205T,0.0,0.0,0.0,0.0,0
20171206T,0.0,0.0,0.0,0.0,0
20171207T,0.0,0.0,0.0,0.0,0
20171208T,0.0,0.0,0.0,0.0,0
20171211T,0.0,0.0,0.0,0.0,0
20171212T,0.0,0.0,0.0,0.0,0
20171213T,0.0,0.0,0.0,0.0,0
20171214T,0.0,0.0,0.0,0.0,0
20171215T,0.0,0.0,0.0,0.0,0
20171218T,0.0,0.0,0.0,0.0,0
20171219T,0.0,0.0,0.0,0.0,0
20171220T,0.0,0.0,0.0,0.0,0
20171221T,0.0,0.0,0.0,0.0,0
20171222T,0.0,0.0,0.0,0.0,0
20171226T,0.0,0.0,0.0,0.0,0
20171227T,0.0,0.0,0.0,0.0,0
20171228T,0.0,0.0,0.0,0.0,0
20171229T,0.0,0.0,0.0,0.0,0
20180101T,0.0,0.0,0.0,0.0,0
20180102T,0.0,0.0,0.0,0.0,0
20180103T,0.0,0.0,0.0,0.0,0
20180104T,0.0,0.0,0.0,0.0,0
20180105T,0.0,0.0,0.0,0.0,0
20180108T,0.0,0.0,0.0,0.0,0
20180109T,0.0,0.0,0.0,0.0,0
20180110T,0.0,0.0,0.0,0.0,0
20180111T,0.0,0.0,0.0,0.0,0
20180112T,0.0,0.0,0.0,0.0,0
20180115T,0.0,0.0,0.0,0.0,0
20180116T,0.0,0.0,0.0,0.0,0
20180117T,0.0,0.0,0.0,0.0,0
20180118T,0.0,0.0,0.0,0.0,0
20180119T,0.0,0.0,0.0,0.0,0
20180122T,0.0,0.0,0.0,0.0,0
20180123T,0.0,0.0,0.0,0.0,0
20180124T,0.0,0.0,0.0,0.0,0
20180125T,0.0,0.0,0.0,0.0,0
20180129T,0.0,0.0,0.0,0.0,0
20180130T,0.0,0.0,0.0,0.0,0
20180131T,0.0,0.0,0.0,0.0,0
20180201T,0.0,0.0,0.0,0.0,0
20180202T,0.0,0.0,0.0,0.0,0
20180205T,0.0,0.0,0.0,0.0,0
20180206T,0.0,0.0,0.0,0.0,0
20180207T,0.0,0.0,0.0,0.0,0
20180208T,0.0,0.0,0.0,0.0,0
20180209T,0.0,0.0,0.0,0.0,0
20180212T,0.0,0.0,0.0,0.0,0
20180214T,0.0,0.0,0.0,0.0,0
20180215T,0.0,0.0,0.0,0.0,0
20180216T,0.0,0.0,0.0,0.0,0
20180219T,0.0,0.0,0.0,0.0,0
20180220T,0.0,0.0,0.0,0.0,0
20180221T,0.0,0.0,0.0,0.0,0
20180222T,0.0,0.0,0.0,0.0,0
20180223T,0.0,0.0,0.0,0.0,0
20180226T,0.0,0.0,0.0,0.0,0
20180227T,0.0,0.0,0.0,0.0,0
20180228T,0.0,0.0,0.0,0.0,0
20180301T,0.0,0.0,0.0,0.0,0
20180305T,0.0,0.0,0.0,0.0,0
20180306T,0.0,0.0,0.0,0.0,0
20180307T,0.0,0.0,0.0,0.0,0
20180308T,0.0,0.0,0.0,0.0,0
20180309T,0.0,0.0,0.0,0.0,0
20180312T,0.0,0.0,0.0,0.0,0
20180313T,0.0,0.0,0.0,0.0,0
20180314T,0.0,0.0,0.0,0.0,0
20180315T,0.0,0.0,0.0,0.0,0
20180316T,0.0,0.0,0.0,0.0,0
20180319T,0.0,0.0,0.0,0.0,0
20180320T,0.0,0.0,0.0,0.0,0
20180321T,0.0,0.0,0.0,0.0,0
20180322T,0.0,0.0,0.0,0.0,0
20180323T,0.0,0.0,0.0,0.0,0
20180326T,0.0,0.0,0.0,0.0,0
20180327T,0.0,0.0,0.0,0.0,0
20180328T,0.0,0.0,0.0,0.0,0
20180402T,0.0,0.0,0.0,0.0,0
20180403T,0.0,0.0,0.0,0.0,0
20180404T,0.0,0.0,0.0,0.0,0
20180405T,0.0,0.0,0.0,0.0,0
20180406T,0.0,0.0,0.0,0.0,0
20180409T,0.0,0.0,0.0,0.0,0
20180410T,0.0,0.0,0.0,0.0,0
20180411T,0.0,0.0,0.0,0.0,0
20180412T,0.0,0.0,0.0,0.0,0
20180413T,0.0,0.0,0.0,0.0,0
20180416T,0.0,0.0,0.0,0.0,0
20180417T,0.0,0.0,0.0,0.0,0
20180418T,0.0,0.0,0.0,0.0,0
20180419T,0.0,0.0,0.0,0.0,0
20180420T,0.0,0.0,0.0,0.0,0
20180423T,0.0,0.0,0.0,0.0,0
20180424T,0.0,0.0,0.0,0.0,0
20180425T,0.0,0.0,0.0,0.0,0
20180426T,0.0,0.0,0.0,0.0,0
20180427T,0.0,0.0,0.0,0.0,0
20180430T,0.0,0.0,0.0,0.0,0
20180502T,0.0,0.0,0.0,0.0,0
20180503T,0.0,0.0,0.0,0.0,0
20180504T,0.0,0.0,0.0,0.0,0
20180507T,0.0,0.0,0.0,0.0,0
20180508T,0.0,0.0,0.0,0.0,0
20180509T,0.0,0.0,0.0,0.0,0
20180510T,0.0,0.0,0.0,0.0,0
20180511T,0.0,0.0,0.0,0.0,0
20180514T,0.0,0.0,0.0,0.0,0
20180515T,0.0,0.0,0.0,0.0,0
20180516T,0.0,0.0,0.0,0.0,0
20180517T,0.0,0.0,0.0,0.0,0
20180518T,0.0,0.0,0.0,0.0,0
20180521T,0.0,0.0,0.0,0.0,0
20180522T,0.0,0.0,0.0,0.0,0
20180523T,0.0,0.0,0.0,0.0,0
20180524T,0.0,0.0,0.0,0.0,0
20180525T,0.0,0.0,0.0,0.0,0
20180528T,0.0,0.0,0.0,0.0,0
20180529T,0.0,0.0,0.0,0.0,0
20180530T,0.0,0.0,0.0,0.0,0
20180531T,0.0,0.0,0.0,0.0,0
20180601T,0.0,0.0,0.0,0.0,0
20180604T,0.0,0.0,0.0,0.0,0
20180605T,0.0,0.0,0.0,0.0,0
20180606T,0.0,0.0,0.0,0.0,0
20180607T,0.0,0.0,0.0,0.0,0
20180608T,0.0,0.0,0.0,0.0,0
20180611T,0.0,0.0,0.0,0.0,0
20180612T,0.0,0.0,0.0,0.0,0
20180614T,0.0,0.0,0.0,0.0,0
20180615T,0.0,0.0,0.0,0.0,0
20180618T,0.0,0.0,0.0,0.0,0
20180619T,0.0,0.0,0.0,0.0,0
20180620T,0.0,0.0,0.0,0.0,0
20180621T,0.0,0.0,0.0,0.0,0
20180622T,0.0,0.0,0.0,0.0,0
20180625T,0.0,0.0,0.0,0.0,0
20180626T,0.0,0.0,0.0,0.0,0
20180627T,0.0,0.0,0.0,0.0,0
20180628T,0.0,0.0,0.0,0.0,0
20180629T,0.0,0.0,0.0,0.0,0
20180702T,0.0,0.0,0.0,0.0,0
20180703T,0.0,0.0,0.0,0.0,0
20180704T,0.0,0.0,0.0,0.0,0
20180705T,0.0,0.0,0.0,0.0,0
20180706T,0.0,0.0,0.0,0.0,0
20180709T,0.0,0.0,0.0,0.0,0
20180710T,0.0,0.0,0.0,0.0,0
20180711T,0.0,0.0,0.0,0.0,0
20180712T,0.0,0.0,0.0,0.0,0
20180713T,0.0,0.0,0.0,0.0,0
20180716T,0.0,0.0,0.0,0.0,0
20180717T,0.0,0.0,0.0,0.0,0
20180718T,0.0,0.0,0.0,0.0,0
20180719T,0.0,0.0,0.0,0.0,0
20180720T,0.0,0.0,0.0,0.0,0
20180723T,0.0,0.0,0.0,0.0,0
20180724T,0.0,0.0,0.0,0.0,0
20180725T,0.0,0.0,0.0,0.0,0
20180726T,0.0,0.0,0.0,0.0,0
20180727T,0.0,0.0,0.0,0.0,0
20180730T,0.0,0.0,0.0,0.0,0
20180731T,0.0,0.0,0.0,0.0,0
20180801T,0.0,0.0,0.0,0.0,0
20180802T,0.0,0.0,0.0,0.0,0
20180803T,0.0,0.0,0.0,0.0,0
20180806T,0.0,0.0,0.0,0.0,0
20180807T,0.0,0.0,0.0,0.0,0
20180808T,0.0,0.0,0.0,0.0,0
20180809T,0.0,0.0,0.0,0.0,0
20180810T,0.0,0.0,0.0,0.0,0
20180813T,0.0,0.0,0.0,0.0,0
20180814T,0.0,0.0,0.0,0.0,0
20180816T,0.0,0.0,0.0,0.0,0
20180817T,0.0,0.0,0.0,0.0,0
20180820T,0.0,0.0,0.0,0.0,0
20180821T,0.0,0.0,0.0,0.0,0
20180823T,0.0,0.0,0.0,0.0,0
20180824T,0.0,0.0,0.0,0.0,0
20180827T,0.0,0.0,0.0,0.0,0
20180828T,0.0,0.0,0.0,0.0,0
20180829T,0.0,0.0,0.0,0.0,0
20180830T,0.0,0.0,0.0,0.0,0
20180831T,0.0,0.0,0.0,0.0,0
20180903T,0.0,0.0,0.0,0.0,0
20180904T,0.0,0.0,0.0,0.0,0
20180905T,0.0,0.0,0.0,0.0,0
20180906T,0.0,0.0,0.0,0.0,0
20180907T,0.0,0.0,0.0,0.0,0
20180910T,0.0,0.0,0.0,0.0,0
20180911T,0.0,0.0,0.0,0.0,0
20180912T,0.0,0.0,0.0,0.0,0
20180914T,0.0,0.0,0.0,0.0,0
20180917T,0.0,0.0,0.0,0.0,0
20180918T,0.0,0.0,0.0,0.0,0
20180919T,0.0,0.0,0.0,0.0,0
20180921T,0.0,0.0,0.0,0.0,0
20180924T,0.0,0.0,0.0,0.0,0
20180925T,0.0,0.0,0.0,0.0,0
20180926T,0.0,0.0,0.0,0.0,0
20180927T,0.0,0.0,0.0,0.0,0
20180928T,0.0,0.0,0.0,0.0,0
20181001T,0.0,0.0,0.0,0.0,0
20181003T,0.0,0.0,0.0,0.0,0
20181004T,0.0,0.0,0.0,0.0,0
20181005T,0.0,0.0,0.0,0.0,0
20181008T,0.0,0.0,0.0,0.0,0
20181009T,0.0,0.0,0.0,0.0,0
20181010T,0.0,0.0,0.0,0.0,0
20181011T,0.0,0.0,0.0,0.0,0
20181012T,0.0,0.0,0.0,0.0,0
20181015T,0.0,0.0,0.0,0.0,0
20181016T,0.0,0.0,0.0,0.0,0
20181017T,0.0,0.0,0.0,0.0,0
20181019T,0.0,0.0,0.0,0.0,0
20181022T,0.0,0.0,0.0,0.0,0
20181023T,0.0,0.0,0.0,0.0,0
20181024T,0.0,0.0,0.0,0.0,0
20181025T,0.0,0.0,0.0,0.0,0
20181026T,0.0,0.0,0.0,0.0,0
20181029T,0.0,0.0,0.0,0.0,0
20181030T,0.0,0.0,0.0,0.0,0
20181031T,0.0,0.0,0.0,0.0,0
20181101T,0.0,0.0,0.0,0.0,0
20181102T,0.0,0.0,0.0,0.0,0
20181105T,0.0,0.0,0.0,0.0,0
20181106T,0.0,0.0,0.0,0.0,0
20181107T,0.0,0.0,0.0,0.0,0
20181109T,0.0,0.0,0.0,0.0,0
20181112T,0.0,0.0,0.0,0.0,0
20181113T,0.0,0.0,0.0,0.0,0
20181114T,0.0,0.0,0.0,0.0,0
20181115T,0.0,0.0,0.0,0.0,0
20181116T,0.0,0.0,0.0,0.0,0
20181119T,0.0,0.0,0.0,0.0,0
20181120T,0.0,0.0,0.0,0.0,0
20181121T,0.0,0.0,0.0,0.0,0
20181122T,0.0,0.0,0.0,0.0,0
20181126T,0.0,0.0,0.0,0.0,0
20181127T,0.0,0.0,0.0,0.0,0
20181128T,0.0,0.0,0.0,0.0,0
20181129T,0.0,0.0,0.0,0.0,0
20181130T,0.0,0.0,0.0,0.0,0
20181203T,0.0,0.0,0.0,0.0,0
20181204T,0.0,0.0,0.0,0.0,0
20181205T,0.0,0.0,0.0,0.0,0
20181206T,0.0,0.0,0.0,0.0,0
20181207T,0.0,0.0,0.0,0.0,0
20181210T,0.0,0.0,0.0,0.0,0
20181211T,0.0,0.0,0.0,0.0,0
20181212T,0.0,0.0,0.0,0.0,0
20181213T,0.0,0.0,0.0,0.0,0
20181214T,0.0,0.0,0.0,0.0,0
20181217T,0.0,0.0,0.0,0.0,0
20181218T,0.0,0.0,0.0,0.0,0
20181219T,0.0,0.0,0.0,0.0,0
20181220T,0.0,0.0,0.0,0.0,0
20181221T,0.0,0.0,0.0,0.0,0
20181224T,0.0,0.0,0.0,0.0,0
20181226T,0.0,0.0,0.0,0.0,0
20181227T,0.0,0.0,0.0,0.0,0
20181228T,0.0,0.0,0.0,0.0,0
20181231T,0.0,0.0,0.0,0.0,0
20190101T,0.0,0.0,0.0,0.0,0
20190102T,0.0,0.0,0.0,0.0,0
20190103T,0.0,0.0,0.0,0.0,0
20190104T,0.0,0.0,0.0,0.0,0
20190107T,0.0,0.0,0.0,0.0,0
20190108T,0.0,0.0,0.0,0.0,0
20190109T,0.0,0.0,0.0,0.0,0
20190110T,0.0,0.0,0.0,0.0,0
20190111T,0.0,0.0,0.0,0.0,0
20190114T,0.0,0.0,0.0,0.0,0
20190115T,0.0,0.0,0.0,0.0,0
20190116T,0.0,0.0,0.0,0.0,0
20190117T,0.0,0.0,0.0,0.0,0
20190118T,0.0,0.0,0.0,0.0,0
20190121T,0.0,0.0,0.0,0.0,0
20190122T,0.0,0.0,0.0,0.0,0
20190123T,0.0,0.0,0.0,0.0,0
20190124T,0.0,0.0,0.0,0.0,0
20190125T,0.0,0.0,0.0,0.0,0
20190128T,0.0,0.0,0.0,0.0,0
20190129T,0.0,0.0,0.0,0.0,0
20190130T,0.0,0.0,0.0,0.0,0
20190131T,0.0,0.0,0.0,0.0,0
20190201T,0.0,0.0,0.0,0.0,0
20190204T,0.0,0.0,0.0,0.0,0
20190205T,0.0,0.0,0.0,0.0,0
20190206T,0.0,0.0,0.0,0.0,0
20190207T,0.0,0.0,0.0,0.0,0
20190208T,0.0,0.0,0.0,0.0,0
20190211T,0.0,0.0,0.0,0.0,0
20190212T,0.0,0.0,0.0,0.0,0
20190213T,0.0,0.0,0.0,0.0,0
20190214T,0.0,0.0,0.0,0.0,0
20190215T,0.0,0.0,0.0,0.0,0
20190218T,0.0,0.0,0.0,0.0,0
20190219T,0.0,0.0,0.0,0.0,0
20190220T,0.0,0.0,0.0,0.0,0
20190221T,0.0,0.0,0.0,0.0,0
20190222T,0.0,0.0,0.0,0.0,0
20190225T,0.0,0.0,0.0,0.0,0
20190226T,0.0,0.0,0.0,0.0,0
20190227T,0.0,0.0,0.0,0.0,0
20190228T,0.0,0.0,0.0,0.0,0
20190301T,0.0,0.0,0.0,0.0,0
20190305T,0.0,0.0,0.0,0.0,0
20190306T,0.0,0.0,0.0,0.0,0
20190307T,0.0,0.0,0.0,0.0,0
20190308T,0.0,0.0,0.0,0.0,0
20190311T,0.0,0.0,0.0,0.0,0
20190312T,0.0,0.0,0.0,0.0,0
20190313T,0.0,0.0,0.0,0.0,0
20190314T,0.0,0.0,0.0,0.0,0
20190315T,0.0,0.0,0.0,0.0,0
20190318T,0.0,0.0,0.0,0.0,0
20190319T,0.0,0.0,0.0,0.0,0
20190320T,0.0,0.0,0.0,0.0,0
20190322T,0.0,0.0,0.0,0.0,0
20190325T,0.0,0.0,0.0,0.0,0
20190326T,0.0,0.0,0.0,0.0,0
20190327T,0.0,0.0,0.0,0.0,0
20190328T,0.0,0.0,0.0,0.0,0
20190329T,0.0,0.0,0.0,0.0,0
20190401T,0.0,0.0,0.0,0.0,0
20190402T,0.0,0.0,0.0,0.0,0
20190403T,0.0,0.0,0.0,0.0,0
20190404T,0.0,0.0,0.0,0.0,0
20190405T,0.0,0.0,0.0,0.0,0
20190408T,0.0,0.0,0.0,0.0,0
20190409T,0.0,0.0,0.0,0.0,0
20190410T,0.0,0.0,0.0,0.0,0
20190411T,0.0,0.0,0.0,0.0,0
20190412T,0.0,0.0,0.0,0.0,0
20190415T,0.0,0.0,0.0,0.0,0
20190416T,0.0,0.0,0.0,0.0,0
20190418T,0.0,0.0,0.0,0.0,0
20190422T,0.0,0.0,0.0,0.0,0
20190423T,0.0,0.0,0.0,0.0,0
20190424T,0.0,0.0,0.0,0.0,0
20190425T,0.0,0.0,0.0,0.0,0
20190426T,0.0,0.0,0.0,0.0,0
20190430T,0.0,0.0,0.0,0.0,0
20190502T,0.0,0.0,0.0,0.0,0
20190503T,0.0,0.0,0.0,0.0,0
20190506T,0.0,0.0,0.0,0.0,0
20190507T,0.0,0.0,0.0,0.0,0
20190508T,0.0,0.0,0.0,0.0,0
20190509T,0.0,0.0,0.0,0.0,0
20190510T,0.0,0.0,0.0,0.0,0
20190513T,0.0,0.0,0.0,0.0,0
20190514T,0.0,0.0,0.0,0.0,0
20190515T,0.0,0.0,0.0,0.0,0
20190516T,0.0,0.0,0.0,0.0,0
20190517T,0.0,0.0,0.0,0.0,0
20190520T,0.0,0.0,0.0,0.0,0
20190521T,0.0,0.0,0.0,0.0,0
20190522T,0.0,0.0,0.0,0.0,0
20190523T,0.0,0.0,0.0,0.0,0
20190524T,0.0,0.0,0.0,0.0,0
20190527T,0.0,0.0,0.0,0.0,0
20190528T,0.0,0.0,0.0,0.0,0
20190529T,0.0,0.0,0.0,0.0,0
20190530T,0.0,0.0,0.0,0.0,0
20190531T,0.0,0.0,0.0,0.0,0
20190603T,0.0,0.0,0.0,0.0,0
20190604T,0.0,0.0,0.0,0.0,0
20190606T,0.0,0.0,0.0,0.0,0
20190607T,0.0,0.0,0.0,0.0,0
20190610T,0.0,0.0,0.0,0.0,0
20190611T,0.0,0.0,0.0,0.0,0
20190612T,0.0,0.0,0.0,0.0,0
20190613T,0.0,0.0,0.0,0.0,0
20190614T,0.0,0.0,0.0,0.0,0
20190617T,0.0,0.0,0.0,0.0,0
20190618T,0.0,0.0,0.0,0.0,0
20190619T,0.0,0.0,0.0,0.0,0
20190620T,0.0,0.0,0.0,0.0,0
20190621T,0.0,0.0,0.0,0.0,0
20190624T,0.0,0.0,0.0,0.0,0
20190625T,0.0,0.0,0.0,0.0,0
20190626T,0.0,0.0,0.0,0.0,0
20190627T,0.0,0.0,0.0,0.0,0
20190628T,0.0,0.0,0.0,0.0,0
20190701T,0.0,0.0,0.0,0.0,0
20190702T,0.0,0.0,0.0,0.0,0
20190703T,0.0,0.0,0.0,0.0,0
20190704T,0.0,0.0,0.0,0.0,0
20190705T,0.0,0.0,0.0,0.0,0
20190708T,0.0,0.0,0.0,0.0,0
20190709T,0.0,0.0,0.0,0.0,0
20190710T,0.0,0.0,0.0,0.0,0
20190711T,0.0,0.0,0.0,0.0,0
20190712T,0.0,0.0,0.0,0.0,0
20190715T,0.0,0.0,0.0,0.0,0
20190716T,0.0,0.0,0.0,0.0,0
20190717T,0.0,0.0,0.0,0.0,0
20190718T,0.0,0.0,0.0,0.0,0
20190719T,0.0,0.0,0.0,0.0,0
20190722T,0.0,0.0,0.0,0.0,0
20190723T,0.0,0.0,0.0,0.0,0
20190724T,0.0,0.0,0.0,0.0,0
20190725T,0.0,0.0,0.0,0.0,0
20190726T,0.0,0.0,0.0,0.0,0
20190729T,0.0,0.0,0.0,0.0,0
20190730T,0.0,0.0,0.0,0.0,0
20190731T,208907.0,208907.0,208907.0,208907.0,0
20190801T,203654.0,203654.0,203654.0,203654.0,0
20190802T,0.0,0.0,0.0,0.0,0
20190805T,0.0,0.0,0.0,0.0,0
20190806T,0.0,0.0,0.0,0.0,0
20190807T,0.0,0.0,0.0,0.0,0
20190808T,0.0,0.0,0.0,0.0,0
20190809T,0.0,0.0,0.0,0.0,0
20190813T,0.0,0.0,0.0,0.0,0
20190814T,0.0,0.0,0.0,0.0,0
20190816T,0.0,0.0,0.0,0.0,0
20190819T,0.0,0.0,0.0,0.0,0
20190820T,0.0,0.0,0.0,0.0,0
20190821T,0.0,0.0,0.0,0.0,0
20190822T,0.0,0.0,0.0,0.0,0
20190823T,0.0,0.0,0.0,0.0,0
20190826T,0.0,0.0,0.0,0.0,0
20190827T,0.0,0.0,0.0,0.0,0
20190828T,0.0,0.0,0.0,0.0,0
20190829T,0.0,0.0,0.0,0.0,0
20190830T,0.0,0.0,0.0,0.0,0
20190903T,0.0,0.0,0.0,0.0,0
20190904T,0.0,0.0,0.0,0.0,0
20190905T,0.0,0.0,0.0,0.0,0
20190906T,0.0,0.0,0.0,0.0,0
20190909T,0.0,0.0,0.0,0.0,0
20190911T,0.0,0.0,0.0,0.0,0
20190912T,0.0,0.0,0.0,0.0,0
20190913T,0.0,0.0,0.0,0.0,0
20190916T,0.0,0.0,0.0,0.0,0
20190917T,0.0,0.0,0.0,0.0,0
20190918T,0.0,0.0,0.0,0.0,0
20190919T,0.0,0.0,0.0,0.0,0
20190920T,0.0,0.0,0.0,0.0,0
20190923T,0.0,0.0,0.0,0.0,0
20190924T,0.0,0.0,0.0,0.0,0
20190925T,0.0,0.0,0.0,0.0,0
20190926T,0.0,0.0,0.0,0.0,0
20190927T,0.0,0.0,0.0,0.0,0
20190930T,0.0,0.0,0.0,0.0,0
20191001T,0.0,0.0,0.0,0.0,0
20191003T,0.0,0.0,0.0,0.0,0
20191004T,0.0,0.0,0.0,0.0,0
20191007T,0.0,0.0,0.0,0.0,0
20191009T,0.0,0.0,0.0,0.0,0
20191010T,0.0,0.0,0.0,0.0,0
20191011T,0.0,0.0,0.0,0.0,0
20191014T,0.0,0.0,0.0,0.0,0
20191015T,0.0,0.0,0.0,0.0,0
20191016T,0.0,0.0,0.0,0.0,0
20191017T,0.0,0.0,0.0,0.0,0
20191018T,0.0,0.0,0.0,0.0,0
20191022T,0.0,0.0,0.0,0.0,0
20191023T,0.0,0.0,0.0,0.0,0
20191024T,0.0,0.0,0.0,0.0,0
20191025T,0.0,0.0,0.0,0.0,0
20191029T,0.0,0.0,0.0,0.0,0
20191030T,0.0,0.0,0.0,0.0,0
20191031T,0.0,0.0,0.0,0.0,0
20191101T,0.0,0.0,0.0,0.0,0
20191104T,0.0,0.0,0.0,0.0,0
20191105T,0.0,0.0,0.0,0.0,0
20191106T,0.0,0.0,0.0,0.0,0
20191107T,0.0,0.0,0.0,0.0,0
20191108T,0.0,0.0,0.0,0.0,0
20191111T,0.0,0.0,0.0,0.0,0
20191113T,0.0,0.0,0.0,0.0,0
20191114T,0.0,0.0,0.0,0.0,0
20191115T,0.0,0.0,0.0,0.0,0
20191118T,0.0,0.0,0.0,0.0,0
20191119T,0.0,0.0,0.0,0.0,0
20191120T,0.0,0.0,0.0,0.0,0
20191121T,0.0,0.0,0.0,0.0,0
20191122T,0.0,0.0,0.0,0.0,0
20191125T,0.0,0.0,0.0,0.0,0
20191126T,0.0,0.0,0.0,0.0,0
20191127T,0.0,0.0,0.0,0.0,0
20191128T,0.0,0.0,0.0,0.0,0
20191129T,0.0,0.0,0.0,0.0,0
20191202T,0.0,0.0,0.0,0.0,0
20191203T,0.0,0.0,0.0,0.0,0
20191204T,0.0,0.0,0.0,0.0,0
20191205T,0.0,0.0,0.0,0.0,0
20191206T,0.0,0.0,0.0,0.0,0
20191209T,0.0,0.0,0.0,0.0,0
20191210T,0.0,0.0,0.0,0.0,0
20191211T,0.0,0.0,0.0,0.0,0
20191212T,0.0,0.0,0.0,0.0,0
20191213T,0.0,0.0,0.0,0.0,0
20191216T,0.0,0.0,0.0,0.0,0
20191217T,0.0,0.0,0.0,0.0,0
20191218T,0.0,0.0,0.0,0.0,0
20191219T,0.0,0.0,0.0,0.0,0
20191220T,0.0,0.0,0.0,0.0,0
20191223T,0.0,0.0,0.0,0.0,0
20191224T,0.0,0.0,0.0,0.0,0
20191226T,0.0,0.0,0.0,0.0,0
20191227T,0.0,0.0,0.0,0.0,0
20191230T,0.0,0.0,0.0,0.0,0
20191231T,0.0,0.0,0.0,0.0,0
20200101T,0.0,0.0,0.0,0.0,0
20200102T,0.0,0.0,0.0,0.0,0
20200103T,0.0,0.0,0.0,0.0,0
20200106T,0.0,0.0,0.0,0.0,0
20200107T,0.0,0.0,0.0,0.0,0
20200108T,0.0,0.0,0.0,0.0,0
20200109T,0.0,0.0,0.0,0.0,0
20200110T,0.0,0.0,0.0,0.0,0
20200113T,0.0,0.0,0.0,0.0,0
20200114T,0.0,0.0,0.0,0.0,0
20200115T,0.0,0.0,0.0,0.0,0
20200116T,0.0,0.0,0.0,0.0,0
20200117T,0.0,0.0,0.0,0.0,0
20200120T,0.0,0.0,0.0,0.0,0
20200121T,0.0,0.0,0.0,0.0,0
20200122T,0.0,0.0,0.0,0.0,0
20200123T,0.0,0.0,0.0,0.0,0
20200124T,0.0,0.0,0.0,0.0,0
20200127T,0.0,0.0,0.0,0.0,0
20200128T,0.0,0.0,0.0,0.0,0
20200129T,0.0,0.0,0.0,0.0,0
20200130T,0.0,0.0,0.0,0.0,0
20200131T,0.0,0.0,0.0,0.0,0
20200203T,0.0,0.0,0.0,0.0,0
20200204T,0.0,0.0,0.0,0.0,0
20200205T,0.0,0.0,0.0,0.0,0
20200206T,0.0,0.0,0.0,0.0,0
20200207T,0.0,0.0,0.0,0.0,0
20200210T,0.0,0.0,0.0,0.0,0
20200211T,0.0,0.0,0.0,0.0,0
20200212T,0.0,0.0,0.0,0.0,0
20200213T,0.0,0.0,0.0,0.0,0
20200214T,0.0,0.0,0.0,0.0,0
20200217T,0.0,0.0,0.0,0.0,0
20200218T,0.0,0.0,0.0,0.0,0
20200219T,0.0,0.0,0.0,0.0,0
20200220T,0.0,0.0,0.0,0.0,0
20200224T,0.0,0.0,0.0,0.0,0
20200225T,0.0,0.0,0.0,0.0,0
20200226T,0.0,0.0,0.0,0.0,0
20200227T,0.0,0.0,0.0,0.0,0
20200228T,0.0,0.0,0.0,0.0,0
20200302T,0.0,0.0,0.0,0.0,0
20200303T,0.0,0.0,0.0,0.0,0
20200304T,0.0,0.0,0.0,0.0,0
20200305T,0.0,0.0,0.0,0.0,0
20200306T,0.0,0.0,0.0,0.0,0
20200309T,0.0,0.0,0.0,0.0,0
20200311T,0.0,0.0,0.0,0.0,0
20200312T,0.0,0.0,0.0,0.0,0
20200313T,0.0,0.0,0.0,0.0,0
20200316T,0.0,0.0,0.0,0.0,0
20200317T,0.0,0.0,0.0,0.0,0
20200318T,0.0,0.0,0.0,0.0,0
20200319T,0.0,0.0,0.0,0.0,0
20200320T,0.0,0.0,0.0,0.0,0
20200323T,0.0,0.0,0.0,0.0,0
20200324T,0.0,0.0,0.0,0.0,0
20200325T,0.0,0.0,0.0,0.0,0
20200326T,0.0,0.0,0.0,0.0,0
20200327T,0.0,0.0,0.0,0.0,0
20200330T,0.0,0.0,0.0,0.0,0
20200331T,0.0,0.0,0.0,0.0,0
20200401T,0.0,0.0,0.0,0.0,0
20200403T,0.0,0.0,0.0,0.0,0
20200407T,0.0,0.0,0.0,0.0,0
20200408T,0.0,0.0,0.0,0.0,0
20200409T,0.0,0.0,0.0,0.0,0
20200413T,0.0,0.0,0.0,0.0,0
20200415T,0.0,0.0,0.0,0.0,0
20200416T,0.0,0.0,0.0,0.0,0
20200417T,0.0,0.0,0.0,0.0,0
20200420T,0.0,0.0,0.0,0.0,0
20200421T,0.0,0.0,0.0,0.0,0
20200422T,0.0,0.0,0.0,0.0,0
20200423T,0.0,0.0,0.0,0.0,0
20200424T,0.0,0.0,0.0,0.0,0
20200427T,0.0,0.0,0.0,0.0,0
20200428T,0.0,0.0,0.0,0.0,0
20200429T,0.0,0.0,0.0,0.0,0
20200430T,0.0,0.0,0.0,0.0,0
20200504T,0.0,0.0,0.0,0.0,0
20200505T,0.0,0.0,0.0,0.0,0
20200506T,0.0,0.0,0.0,0.0,0
20200507T,0.0,0.0,0.0,0.0,0
20200508T,0.0,0.0,0.0,0.0,0
20200511T,0.0,0.0,0.0,0.0,0
20200512T,0.0,0.0,0.0,0.0,0
20200513T,0.0,0.0,0.0,0.0,0
20200514T,0.0,0.0,0.0,0.0,0
20200515T,0.0,0.0,0.0,0.0,0
20200518T,0.0,0.0,0.0,0.0,0
20200519T,0.0,0.0,0.0,0.0,0
20200520T,0.0,0.0,0.0,0.0,0
20200521T,0.0,0.0,0.0,0.0,0
20200522T,0.0,0.0,0.0,0.0,0
20200526T,0.0,0.0,0.0,0.0,0
20200527T,0.0,0.0,0.0,0.0,0
20200528T,0.0,0.0,0.0,0.0,0
20200529T,0.0,0.0,0.0,0.0,0
20200601T,0.0,0.0,0.0,0.0,0
20200602T,0.0,0.0,0.0,0.0,0
20200603T,0.0,0.0,0.0,0.0,0
20200604T,0.0,0.0,0.0,0.0,0
20200605T,0.0,0.0,0.0,0.0,0
20200608T,0.0,0.0,0.0,0.0,0
20200609T,0.0,0.0,0.0,0.0,0
20200610T,0.0,0.0,0.0,0.0,0
20200611T,0.0,0.0,0.0,0.0,0
20200612T,0.0,0.0,0.0,0.0,0
20200615T,0.0,0.0,0.0,0.0,0
20200616T,0.0,0.0,0.0,0.0,0
20200617T,0.0,0.0,0.0,0.0,0
20200618T,0.0,0.0,0.0,0.0,0
20200619T,0.0,0.0,0.0,0.0,0
20200622T,0.0,0.0,0.0,0.0,0
20200623T,0.0,0.0,0.0,0.0,0
20200624T,0.0,0.0,0.0,0.0,0
20200625T,0.0,0.0,0.0,0.0,0
20200626T,0.0,0.0,0.0,0.0,0
20200629T,0.0,0.0,0.0,0.0,0
20200630T,0.0,0.0,0.0,0.0,0
20200701T,0.0,0.0,0.0,0.0,0
20200702T,0.0,0.0,0.0,0.0,0
20200703T,0.0,0.0,0.0,0.0,0
20200706T,0.0,0.0,0.0,0.0,0
20200707T,0.0,0.0,0.0,0.0,0
20200708T,0.0,0.0,0.0,0.0,0
20200709T,0.0,0.0,0.0,0.0,0
20200710T,0.0,0.0,0.0,0.0,0
20200713T,0.0,0.0,0.0,0.0,0
20200714T,0.0,0.0,0.0,0.0,0
20200715T,0.0,0.0,0.0,0.0,0
20200716T,0.0,0.0,0.0,0.0,0
20200717T,0.0,0.0,0.0,0.0,0
20200720T,0.0,0.0,0.0,0.0,0
20200721T,0.0,0.0,0.0,0.0,0
20200722T,0.0,0.0,0.0,0.0,0
20200723T,0.0,0.0,0.0,0.0,0
20200724T,0.0,0.0,0.0,0.0,0
20200727T,0.0,0.0,0.0,0.0,0
20200728T,0.0,0.0,0.0,0.0,0
20200729T,0.0,0.0,0.0,0.0,0
20200730T,0.0,0.0,0.0,0.0,0
20200803T,0.0,0.0,0.0,0.0,0
20200804T,0.0,0.0,0.0,0.0,0
20200805T,0.0,0.0,0.0,0.0,0
20200806T,0.0,0.0,0.0,0.0,0
20200807T,0.0,0.0,0.0,0.0,0
20200810T,0.0,0.0,0.0,0.0,0
20200811T,0.0,0.0,0.0,0.0,0
20200812T,0.0,0.0,0.0,0.0,0
20200813T,0.0,0.0,0.0,0.0,0
20200814T,0.0,0.0,0.0,0.0,0
20200817T,0.0,0.0,0.0,0.0,0
20200818T,0.0,0.0,0.0,0.0,0
20200819T,0.0,0.0,0.0,0.0,0
20200820T,0.0,0.0,0.0,0.0,0
20200821T,0.0,0.0,0.0,0.0,0
20200824T,0.0,0.0,0.0,0.0,0
20200825T,0.0,0.0,0.0,0.0,0
20200826T,0.0,0.0,0.0,0.0,0
20200827T,0.0,0.0,0.0,0.0,0
20200828T,0.0,0.0,0.0,0.0,0
20200831T,0.0,0.0,0.0,0.0,0
20200901T,0.0,0.0,0.0,0.0,0
20200902T,0.0,0.0,0.0,0.0,0
20200903T,0.0,0.0,0.0,0.0,0
20200904T,0.0,0.0,0.0,0.0,0
20200907T,0.0,0.0,0.0,0.0,0
20200908T,0.0,0.0,0.0,0.0,0
20200909T,0.0,0.0,0.0,0.0,0
20200910T,0.0,0.0,0.0,0.0,0
20200911T,0.0,0.0,0.0,0.0,0
20200914T,0.0,0.0,0.0,0.0,0
20200915T,0.0,0.0,0.0,0.0,0
20200916T,0.0,0.0,0.0,0.0,0
20200917T,0.0,0.0,0.0,0.0,0
20200918T,0.0,0.0,0.0,0.0,0
20200921T,0.0,0.0,0.0,0.0,0
20200922T,0.0,0.0,0.0,0.0,0
20200923T,0.0,0.0,0.0,0.0,0
20200924T,0.0,0.0,0.0,0.0,0
20200925T,0.0,0.0,0.0,0.0,0
20200928T,0.0,0.0,0.0,0.0,0
20200929T,0.0,0.0,0.0,0.0,0
20200930T,0.0,0.0,0.0,0.0,0
20201001T,0.0,0.0,0.0,0.0,0
20201005T,0.0,0.0,0.0,0.0,0
20201006T,0.0,0.0,0.0,0.0,0
20201007T,0.0,0.0,0.0,0.0,0
20201008T,0.0,0.0,0.0,0.0,0
20201009T,0.0,0.0,0.0,0.0,0
20201012T,0.0,0.0,0.0,0.0,0
20201013T,0.0,0.0,0.0,0.0,0
20201014T,0.0,0.0,0.0,0.0,0
20201015T,0.0,0.0,0.0,0.0,0
20201016T,0.0,0.0,0.0,0.0,0
20201019T,0.0,0.0,0.0,0.0,0
20201020T,0.0,0.0,0.0,0.0,0
20201021T,0.0,0.0,0.0,0.0,0
20201022T,0.0,0.0,0.0,0.0,0
20201023T,0.0,0.0,0.0,0.0,0
20201026T,0.0,0.0,0.0,0.0,0
20201027T,0.0,0.0,0.0,0.0,0
20201028T,0.0,0.0,0.0,0.0,0
20201029T,0.0,0.0,0.0,0.0,0
20201030T,0.0,0.0,0.0,0.0,0
20201102T,0.0,0.0,0.0,0.0,0
20201103T,0.0,0.0,0.0,0.0,0
20201104T,0.0,0.0,0.0,0.0,0
20201105T,0.0,0.0,0.0,0.0,0
20201106T,0.0,0.0,0.0,0.0,0
20201109T,0.0,0.0,0.0,0.0,0
20201110T,0.0,0.0,0.0,0.0,0
20201111T,0.0,0.0,0.0,0.0,0
20201112T,0.0,0.0,0.0,0.0,0
20201113T,0.0,0.0,0.0,0.0,0
20201117T,0.0,0.0,0.0,0.0,0
20201118T,0.0,0.0,0.0,0.0,0
20201119T,0.0,0.0,0.0,0.0,0
20201120T,0.0,0.0,0.0,0.0,0
20201123T,0.0,0.0,0.0,0.0,0
20201124T,0.0,0.0,0.0,0.0,0
20201125T,0.0,0.0,0.0,0.0,0
20201126T,0.0,0.0,0.0,0.0,0
20201127T,0.0,0.0,0.0,0.0,0
20201201T,0.0,0.0,0.0,0.0,0
20201202T,0.0,0.0,0.0,0.0,0
20201203T,0.0,0.0,0.0,0.0,0
20201204T,0.0,0.0,0.0,0.0,0
20201207T,0.0,0.0,0.0,0.0,0
20201208T,0.0,0.0,0.0,0.0,0
20201209T,0.0,0.0,0.0,0.0,0
20201210T,0.0,0.0,0.0,0.0,0
20201211T,0.0,0.0,0.0,0.0,0
20201214T,0.0,0.0,0.0,0.0,0
20201215T,0.0,0.0,0.0,0.0,0
20201216T,0.0,0.0,0.0,0.0,0
20201217T,0.0,0.0,0.0,0.0,0
20201218T,0.0,0.0,0.0,0.0,0
20201221T,0.0,0.0,0.0,0.0,0
20201222T,0.0,0.0,0.0,0.0,0
20201223T,0.0,0.0,0.0,0.0,0
20201224T,0.0,0.0,0.0,0.0,0
20201228T,0.0,0.0,0.0,0.0,0
20201229T,0.0,0.0,0.0,0.0,0
20201230T,0.0,0.0,0.0,0.0,0
20201231T,0.0,0.0,0.0,0.0,0
20210101T,0.0,0.0,0.0,0.0,0
20210104T,0.0,0.0,0.0,0.0,0
20210105T,0.0,0.0,0.0,0.0,0
20210106T,0.0,0.0,0.0,0.0,0
20210107T,0.0,0.0,0.0,0.0,0
20210108T,0.0,0.0,0.0,0.0,0
20210111T,0.0,0.0,0.0,0.0,0
20210112T,0.0,0.0,0.0,0.0,0
20210113T,0.0,0.0,0.0,0.0,0
20210114T,0.0,0.0,0.0,0.0,0
20210115T,0.0,0.0,0.0,0.0,0
20210118T,0.0,0.0,0.0,0.0,0
20210119T,0.0,0.0,0.0,0.0,0
20210120T,0.0,0.0,0.0,0.0,0
20210121T,0.0,0.0,0.0,0.0,0
20210122T,0.0,0.0,0.0,0.0,0
20210125T,0.0,0.0,0.0,0.0,0
20210127T,0.0,0.0,0.0,0.0,0
20210128T,0.0,0.0,0.0,0.0,0
20210129T,0.0,0.0,0.0,0.0,0
20210201T,0.0,0.0,0.0,0.0,0
20210202T,0.0,0.0,0.0,0.0,0
20210203T,0.0,0.0,0.0,0.0,0
20210204T,0.0,0.0,0.0,0.0,0
20210205T,0.0,0.0,0.0,0.0,0
20210208T,0.0,0.0,0.0,0.0,0
20210209T,0.0,0.0,0.0,0.0,0
20210210T,0.0,0.0,0.0,0.0,0
20210211T,0.0,0.0,0.0,0.0,0
20210212T,0.0,0.0,0.0,0.0,0
20210215T,0.0,0.0,0.0,0.0,0
20210216T,0.0,0.0,0.0,0.0,0
20210217T,0.0,0.0,0.0,0.0,0
20210218T,0.0,0.0,0.0,0.0,0
20210219T,0.0,0.0,0.0,0.0,0
20210222T,0.0,0.0,0.0,0.0,0
20210223T,0.0,0.0,0.0,0.0,0
20210224T,0.0,0.0,0.0,0.0,0
20210225T,0.0,0.0,0.0,0.0,0
20210226T,0.0,0.0,0.0,0.0,0
20210301T,0.0,0.0,0.0,0.0,0
20210302T,0.0,0.0,0.0,0.0,0
20210303T,0.0,0.0,0.0,0.0,0
20210304T,0.0,0.0,0.0,0.0,0
20210305T,0.0,0.0,0.0,0.0,0
20210308T,0.0,0.0,0.0,0.0,0
20210309T,0.0,0.0,0.0,0.0,0
20210310T,0.0,0.0,0.0,0.0,0
20210312T,0.0,0.0,0.0,0.0,0
20210315T,0.0,0.0,0.0,0.0,0
20210316T,0.0,0.0,0.0,0.0,0
20210317T,0.0,0.0,0.0,0.0,0
20210318T,0.0,0.0,0.0,0.0,0
20210319T,0.0,0.0,0.0,0.0,0
20210322T,0.0,0.0,0.0,0.0,0
20210323T,0.0,0.0,0.0,0.0,0
20210324T,0.0,0.0,0.0,0.0,0
20210325T,0.0,0.0,0.0,0.0,0
20210326T,0.0,0.0,0.0,0.0,0
20210330T,0.0,0.0,0.0,0.0,0
20210331T,0.0,0.0,0.0,0.0,0
20210401T,0.0,0.0,0.0,0.0,0
20210405T,0.0,0.0,0.0,0.0,0
20210406T,0.0,0.0,0.0,0.0,0
20210407T,0.0,0.0,0.0,0.0,0
20210408T,0.0,0.0,0.0,0.0,0
20210409T,0.0,0.0,0.0,0.0,0
20210412T,0.0,0.0,0.0,0.0,0
20210413T,0.0,0.0,0.0,0.0,0
20210415T,0.0,0.0,0.0,0.0,0
20210416T,0.0,0.0,0.0,0.0,0
20210419T,0.0,0.0,0.0,0.0,0
20210420T,0.0,0.0,0.0,0.0,0
20210422T,0.0,0.0,0.0,0.0,0
20210423T,0.0,0.0,0.0,0.0,0
20210426T,0.0,0.0,0.0,0.0,0
20210427T,0.0,0.0,0.0,0.0,0
20210428T,0.0,0.0,0.0,0.0,0
20210429T,0.0,0.0,0.0,0.0,0
20210430T,0.0,0.0,0.0,0.0,0
20210503T,0.0,0.0,0.0,0.0,0
20210504T,0.0,0.0,0.0,0.0,0
20210505T,0.0,0.0,0.0,0.0,0
20210506T,0.0,0.0,0.0,0.0,0
20210507T,0.0,0.0,0.0,0.0,0
20210510T,0.0,0.0,0.0,0.0,0
20210511T,0.0,0.0,0.0,0.0,0
20210512T,0.0,0.0,0.0,0.0,0
20210514T,0.0,0.0,0.0,0.0,0
20210517T,0.0,0.0,0.0,0.0,0
20210518T,0.0,0.0,0.0,0.0,0
20210519T,0.0,0.0,0.0,0.0,0
20210520T,0.0,0.0,0.0,0.0,0
20210521T,0.0,0.0,0.0,0.0,0
20210524T,0.0,0.0,0.0,0.0,0
20210525T,0.0,0.0,0.0,0.0,0
20210526T,0.0,0.0,0.0,0.0,0
20210527T,0.0,0.0,0.0,0.0,0
20210528T,0.0,0.0,0.0,0.0,0
20210531T,0.0,0.0,0.0,0.0,0
20210601T,0.0,0.0,0.0,0.0,0
20210602T,0.0,0.0,0.0,0.0,0
20210603T,0.0,0.0,0.0,0.0,0
20210604T,0.0,0.0,0.0,0.0,0
20210607T,0.0,0.0,0.0,0.0,0
20210608T,0.0,0.0,0.0,0.0,0
20210609T,0.0,0.0,0.0,0.0,0
20210610T,0.0,0.0,0.0,0.0,0
20210611T,0.0,0.0,0.0,0.0,0
20210614T,0.0,0.0,0.0,0.0,0
20210615T,0.0,0.0,0.0,0.0,0
20210616T,0.0,0.0,0.0,0.0,0
20210617T,0.0,0.0,0.0,0.0,0
20210618T,0.0,0.0,0.0,0.0,0
20210621T,0.0,0.0,0.0,0.0,0
20210622T,0.0,0.0,0.0,0.0,0
20210623T,0.0,0.0,0.0,0.0,0
20210624T,0.0,0.0,0.0,0.0,0
20210625T,0.0,0.0,0.0,0.0,0
20210628T,0.0,0.0,0.0,0.0,0
20210629T,0.0,0.0,0.0,0.0,0
20210630T,0.0,0.0,0.0,0.0,0
20210701T,0.0,0.0,0.0,0.0,0
20210702T,0.0,0.0,0.0,0.0,0
20210705T,0.0,0.0,0.0,0.0,0
20210706T,0.0,0.0,0.0,0.0,0
20210707T,0.0,0.0,0.0,0.0,0
20210708T,0.0,0.0,0.0,0.0,0
20210709T,0.0,0.0,0.0,0.0,0
20210712T,0.0,0.0,0.0,0.0,0
20210713T,0.0,0.0,0.0,0.0,0
20210714T,0.0,0.0,0.0,0.0,0
20210715T,0.0,0.0,0.0,0.0,0
20210716T,0.0,0.0,0.0,0.0,0
20210719T,0.0,0.0,0.0,0.0,0
20210720T,0.0,0.0,0.0,0.0,0
20210722T,0.0,0.0,0.0,0.0,0
20210723T,0.0,0.0,0.0,0.0,0
20210726T,0.0,0.0,0.0,0.0,0
20210727T,0.0,0.0,0.0,0.0,0
20210728T,0.0,0.0,0.0,0.0,0
20210729T,0.0,0.0,0.0,0.0,0
20210730T,0.0,0.0,0.0,0.0,0
20210802T,0.0,0.0,0.0,0.0,0
20210803T,0.0,0.0,0.0,0.0,0
20210804T,0.0,0.0,0.0,0.0,0
20210805T,0.0,0.0,0.0,0.0,0
20210806T,0.0,0.0,0.0,0.0,0
20210809T,0.0,0.0,0.0,0.0,0
20210810T,0.0,0.0,0.0,0.0,0
20210811T,0.0,0.0,0.0,0.0,0
20210812T,0.0,0.0,0.0,0.0,0
20210813T,0.0,0.0,0.0,0.0,0
20210816T,0.0,0.0,0.0,0.0,0
20210817T,0.0,0.0,0.0,0.0,0
20210818T,0.0,0.0,0.0,0.0,0
20210820T,0.0,0.0,0.0,0.0,0
20210823T,0.0,0.0,0.0,0.0,0
20210824T,0.0,0.0,0.0,0.0,0
20210825T,0.0,0.0,0.0,0.0,0
20210826T,0.0,0.0,0.0,0.0,0
20210827T,0.0,0.0,0.0,0.0,0
20210830T,0.0,0.0,0.0,0.0,0
20210831T,0.0,0.0,0.0,0.0,0
20210901T,0.0,0.0,0.0,0.0,0
20210902T,0.0,0.0,0.0,0.0,0
20210903T,0.0,0.0,0.0,0.0,0
20210906T,0.0,0.0,0.0,0.0,0
20210907T,0.0,0.0,0.0,0.0,0
20210908T,0.0,0.0,0.0,0.0,0
20210909T,0.0,0.0,0.0,0.0,0
20210913T,0.0,0.0,0.0,0.0,0
20210914T,0.0,0.0,0.0,0.0,0
20210915T,0.0,0.0,0.0,0.0,0
20210916T,0.0,0.0,0.0,0.0,0
20210917T,0.0,0.0,0.0,0.0,0
20210920T,0.0,0.0,0.0,0.0,0
20210921T,0.0,0.0,0.0,0.0,0
20210922T,0.0,0.0,0.0,0.0,0
20210923T,0.0,0.0,0.0,0.0,0
20210924T,0.0,0.0,0.0,0.0,0
20210927T,0.0,0.0,0.0,0.0,0
20210928T,0.0,0.0,0.0,0.0,0
20210929T,0.0,0.0,0.0,0.0,0
20210930T,0.0,0.0,0.0,0.0,0
20211001T,0.0,0.0,0.0,0.0,0
20211004T,0.0,0.0,0.0,0.0,0
20211005T,0.0,0.0,0.0,0.0,0
20211006T,0.0,0.0,0.0,0.0,0
20211007T,0.0,0.0,0.0,0.0,0
20211008T,0.0,0.0,0.0,0.0,0
20211011T,0.0,0.0,0.0,0.0,0
20211012T,0.0,0.0,0.0,0.0,0
20211013T,0.0,0.0,0.0,0.0,0
20211014T,0.0,0.0,0.0,0.0,0
20211018T,0.0,0.0,0.0,0.0,0
20211019T,0.0,0.0,0.0,0.0,0
20211020T,0.0,0.0,0.0,0.0,0
20211021T,0.0,0.0,0.0,0.0,0
20211022T,0.0,0.0,0.0,0.0,0
20211025T,0.0,0.0,0.0,0.0,0
20211026T,0.0,0.0,0.0,0.0,0
20211027T,0.0,0.0,0.0,0.0,0
20211028T,0.0,0.0,0.0,0.0,0
20211029T,0.0,0.0,0.0,0.0,0
20211101T,0.0,0.0,0.0,0.0,0
20211102T,0.0,0.0,0.0,0.0,0
20211103T,0.0,0.0,0.0,0.0,0
20211108T,0.0,0.0,0.0,0.0,0
20211109T,0.0,0.0,0.0,0.0,0
20211110T,0.0,0.0,0.0,0.0,0
20211111T,0.0,0.0,0.0,0.0,0
20211112T,0.0,0.0,0.0,0.0,0
20211115T,0.0,0.0,0.0,0.0,0
20211116T,0.0,0.0,0.0,0.0,0
20211117T,0.0,0.0,0.0,0.0,0
20211118T,0.0,0.0,0.0,0.0,0
20211122T,0.0,0.0,0.0,0.0,0
20211123T,0.0,0.0,0.0,0.0,0
20211124T,0.0,0.0,0.0,0.0,0
20211125T,0.0,0.0,0.0,0.0,0
20211126T,0.0,0.0,0.0,0.0,0
20211129T,0.0,0.0,0.0,0.0,0
20211130T,0.0,0.0,0.0,0.0,0
20211201T,0.0,0.0,0.0,0.0,0
20211202T,0.0,0.0,0.0,0.0,0
20211203T,0.0,0.0,0.0,0.0,0
20211206T,0.0,0.0,0.0,0.0,0
20211207T,0.0,0.0,0.0,0.0,0
20211208T,0.0,0.0,0.0,0.0,0
20211209T,0.0,0.0,0.0,0.0,0
20211210T,0.0,0.0,0.0,0.0,0
20211213T,0.0,0.0,0.0,0.0,0
20211214T,0.0,0.0,0.0,0.0,0
20211215T,0.0,0.0,0.0,0.0,0
20211216T,0.0,0.0,0.0,0.0,0
20211217T,0.0,0.0,0.0,0.0,0
20211220T,0.0,0.0,0.0,0.0,0
20211221T,0.0,0.0,0.0,0.0,0
20211222T,0.0,0.0,0.0,0.0,0
20211223T,0.0,0.0,0.0,0.0,0
20211224T,0.0,0.0,0.0,0.0,0
20211227T,0.0,0.0,0.0,0.0,0
20211228T,0.0,0.0,0.0,0.0,0
20211229T,0.0,0.0,0.0,0.0,0
20211230T,0.0,0.0,0.0,0.0,0
20211231T,0.0,0.0,0.0,0.0,0
20220103T,0.0,0.0,0.0,0.0,0
20220104T,0.0,0.0,0.0,0.0,0
20220105T,0.0,0.0,0.0,0.0,0
20220106T,0.0,0.0,0.0,0.0,0
20220107T,0.0,0.0,0.0,0.0,0
20220110T,0.0,0.0,0.0,0.0,0
20220111T,0.0,0.0,0.0,0.0,0
20220112T,0.0,0.0,0.0,0.0,0
20220113T,0.0,0.0,0.0,0.0,0
20220114T,0.0,0.0,0.0,0.0,0
20220117T,0.0,0.0,0.0,0.0,0
20220118T,0.0,0.0,0.0,0.0,0
20220119T,0.0,0.0,0.0,0.0,0
20220120T,0.0,0.0,0.0,0.0,0
20220121T,0.0,0.0,0.0,0.0,0
20220124T,0.0,0.0,0.0,0.0,0
20220125T,0.0,0.0,0.0,0.0,0
20220127T,0.0,0.0,0.0,0.0,0
20220128T,0.0,0.0,0.0,0.0,0
20220131T,0.0,0.0,0.0,0.0,0
20220201T,0.0,0.0,0.0,0.0,0
20220202T,0.0,0.0,0.0,0.0,0
20220203T,0.0,0.0,0.0,0.0,0
20220204T,0.0,0.0,0.0,0.0,0
20220207T,0.0,0.0,0.0,0.0,0
20220208T,0.0,0.0,0.0,0.0,0
20220209T,0.0,0.0,0.0,0.0,0
20220210T,0.0,0.0,0.0,0.0,0
20220211T,0.0,0.0,0.0,0.0,0
20220214T,0.0,0.0,0.0,0.0,0
20220215T,0.0,0.0,0.0,0.0,0
20220216T,0.0,0.0,0.0,0.0,0
20220217T,0.0,0.0,0.0,0.0,0
20220218T,0.0,0.0,0.0,0.0,0
20220221T,0.0,0.0,0.0,0.0,0
20220222T,0.0,0.0,0.0,0.0,0
20220223T,0.0,0.0,0.0,0.0,0
20220224T,0.0,0.0,0.0,0.0,0
20220225T,0.0,0.0,0.0,0.0,0
20220228T,0.0,0.0,0.0,0.0,0
20220302T,0.0,0.0,0.0,0.0,0
20220303T,0.0,0.0,0.0,0.0,0
20220304T,0.0,0.0,0.0,0.0,0
20220307T,0.0,0.0,0.0,0.0,0
20220308T,0.0,0.0,0.0,0.0,0
20220309T,0.0,0.0,0.0,0.0,0
20220310T,0.0,0.0,0.0,0.0,0
20220311T,0.0,0.0,0.0,0.0,0
20220314T,0.0,0.0,0.0,0.0,0
20220315T,0.0,0.0,0.0,0.0,0
20220316T,0.0,0.0,0.0,0.0,0
20220317T,0.0,0.0,0.0,0.0,0
20220321T,0.0,0.0,0.0,0.0,0
20220322T,0.0,0.0,0.0,0.0,0
20220323T,0.0,0.0,0.0,0.0,0
20220324T,0.0,0.0,0.0,0.0,0
20220325T,0.0,0.0,0.0,0.0,0
20220328T,0.0,0.0,0.0,0.0,0
20220329T,0.0,0.0,0.0,0.0,0
20220330T,0.0,0.0,0.0,0.0,0
20220331T,0.0,0.0,0.0,0.0,0
20220401T,0.0,0.0,0.0,0.0,0
20220404T,0.0,0.0,0.0,0.0,0
20220405T,0.0,0.0,0.0,0.0,0
20220406T,0.0,0.0,0.0,0.0,0
20220407T,0.0,0.0,0.0,0.0,0
20220408T,0.0,0.0,0.0,0.0,0
20220411T,0.0,0.0,0.0,0.0,0
20220412T,0.0,0.0,0.0,0.0,0
20220413T,0.0,0.0,0.0,0.0,0
20220418T,0.0,0.0,0.0,0.0,0
20220419T,0.0,0.0,0.0,0.0,0
20220420T,0.0,0.0,0.0,0.0,0
20220421T,0.0,0.0,0.0,0.0,0
20220422T,0.0,0.0,0.0,0.0,0
20220425T,0.0,0.0,0.0,0.0,0
20220426T,0.0,0.0,0.0,0.0,0
20220427T,0.0,0.0,0.0,0.0,0
20220428T,0.0,0.0,0.0,0.0,0
20220429T,0.0,0.0,0.0,0.0,0
20220502T,0.0,0.0,0.0,0.0,0
20220504T,0.0,0.0,0.0,0.0,0
20220505T,0.0,0.0,0.0,0.0,0
20220506T,0.0,0.0,0.0,0.0,0
20220509T,0.0,0.0,0.0,0.0,0
20220510T,0.0,0.0,0.0,0.0,0
20220511T,0.0,0.0,0.0,0.0,0
20220512T,0.0,0.0,0.0,0.0,0
20220513T,0.0,0.0,0.0,0.0,0
20220516T,0.0,0.0,0.0,0.0,0
20220517T,0.0,0.0,0.0,0.0,0
20220518T,0.0,0.0,0.0,0.0,0
20220519T,0.0,0.0,0.0,0.0,0
20220520T,0.0,0.0,0.0,0.0,0
20220523T,0.0,0.0,0.0,0.0,0
20220524T,0.0,0.0,0.0,0.0,0
20220525T,0.0,0.0,0.0,0.0,0
20220526T,0.0,0.0,0.0,0.0,0
20220527T,0.0,0.0,0.0,0.0,0
20220530T,0.0,0.0,0.0,0.0,0
20220531T,0.0,0.0,0.0,0.0,0
20220601T,0.0,0.0,0.0,0.0,0
20220602T,0.0,0.0,0.0,0.0,0
20220603T,0.0,0.0,0.0,0.0,0
20220606T,0.0,0.0,0.0,0.0,0
20220607T,0.0,0.0,0.0,0.0,0
20220608T,0.0,0.0,0.0,0.0,0
20220609T,0.0,0.0,0.0,0.0,0
20220610T,0.0,0.0,0.0,0.0,0
20220613T,0.0,0.0,0.0,0.0,0
20220614T,0.0,0.0,0.0,0.0,0
20220615T,0.0,0.0,0.0,0.0,0
20220616T,0.0,0.0,0.0,0.0,0
20220617T,0.0,0.0,0.0,0.0,0
20220620T,0.0,0.0,0.0,0.0,0
20220621T,0.0,0.0,0.0,0.0,0
20220622T,0.0,0.0,0.0,0.0,0
20220623T,0.0,0.0,0.0,0.0,0
20220624T,0.0,0.0,0.0,0.0,0
20220627T,0.0,0.0,0.0,0.0,0
20220628T,0.0,0.0,0.0,0.0,0
20220629T,0.0,0.0,0.0,0.0,0
20220630T,0.0,0.0,0.0,0.0,0
20220701T,0.0,0.0,0.0,0.0,0
20220704T,0.0,0.0,0.0,0.0,0
20220705T,0.0,0.0,0.0,0.0,0
20220706T,0.0,0.0,0.0,0.0,0
20220707T,0.0,0.0,0.0,0.0,0
20220708T,0.0,0.0,0.0,0.0,0
20220711T,0.0,0.0,0.0,0.0,0
20220712T,0.0,0.0,0.0,0.0,0
20220713T,0.0,0.0,0.0,0.0,0
20220714T,0.0,0.0,0.0,0.0,0
20220715T,0.0,0.0,0.0,0.0,0
20220718T,0.0,0.0,0.0,0.0,0
20220719T,0.0,0.0,0.0,0.0,0
20220720T,0.0,0.0,0.0,0.0,0
20220721T,0.0,0.0,0.0,0.0,0
20220722T,0.0,0.0,0.0,0.0,0
20220725T,0.0,0.0,0.0,0.0,0
20220726T,0.0,0.0,0.0,0.0,0
20220727T,0.0,0.0,0.0,0.0,0
20220728T,0.0,0.0,0.0,0.0,0
20220729T,0.0,0.0,0.0,0.0,0
20220801T,0.0,0.0,0.0,0.0,0
20220802T,0.0,0.0,0.0,0.0,0
20220803T,0.0,0.0,0.0,0.0,0
20220804T,0.0,0.0,0.0,0.0,0
20220805T,0.0,0.0,0.0,0.0,0
20220808T,0.0,0.0,0.0,0.0,0
20220810T,0.0,0.0,0.0,0.0,0
20220811T,0.0,0.0,0.0,0.0,0
20220812T,0.0,0.0,0.0,0.0,0
20220816T,0.0,0.0,0.0,0.0,0
20220817T,0.0,0.0,0.0,0.0,0
20220818T,0.0,0.0,0.0,0.0,0
20220819T,0.0,0.0,0.0,0.0,0
20220822T,0.0,0.0,0.0,0.0,0
20220823T,0.0,0.0,0.0,0.0,0
20220824T,0.0,0.0,0.0,0.0,0
20220825T,0.0,0.0,0.0,0.0,0
20220826T,0.0,0.0,0.0,0.0,0
20220829T,0.0,0.0,0.0,0.0,0
20220830T,0.0,0.0,0.0,0.0,0
20220901T,0.0,0.0,0.0,0.0,0
20220902T,0.0,0.0,0.0,0.0,0
20220905T,0.0,0.0,0.0,0.0,0
20220906T,0.0,0.0,0.0,0.0,0
20220907T,0.0,0.0,0.0,0.0,0
20220908T,0.0,0.0,0.0,0.0,0
20220909T,0.0,0.0,0.0,0.0,0
20220912T,0.0,0.0,0.0,0.0,0
20220913T,0.0,0.0,0.0,0.0,0
20220914T,0.0,0.0,0.0,0.0,0
20220915T,0.0,0.0,0.0,0.0,0
20220916T,0.0,0.0,0.0,0.0,0
20220919T,0.0,0.0,0.0,0.0,0
20220920T,0.0,0.0,0.0,0.0,0
20220921T,0.0,0.0,0.0,0.0,0
20220922T,0.0,0.0,0.0,0.0,0
20220923T,0.0,0.0,0.0,0.0,0
20220926T,0.0,0.0,0.0,0.0,0
20220927T,0.0,0.0,0.0,0.0,0
20220928T,0.0,0.0,0.0,0.0,0
20220929T,0.0,0.0,0.0,0.0,0
20220930T,0.0,0.0,0.0,0.0,0
20221003T,0.0,0.0,0.0,0.0,0
20221004T,0.0,0.0,0.0,0.0,0
20221006T,0.0,0.0,0.0,0.0,0
20221007T,0.0,0.0,0.0,0.0,0
20221010T,0.0,0.0,0.0,0.0,0
20221011T,0.0,0.0,0.0,0.0,0
20221012T,0.0,0.0,0.0,0.0,0
20221013T,0.0,0.0,0.0,0.0,0
20221014T,0.0,0.0,0.0,0.0,0
20221017T,0.0,0.0,0.0,0.0,0
20221018T,0.0,0.0,0.0,0.0,0
20221019T,0.0,0.0,0.0,0.0,0
20221020T,0.0,0.0,0.0,0.0,0
20221021T,0.0,0.0,0.0,0.0,0
20221025T,0.0,0.0,0.0,0.0,0
20221027T,0.0,0.0,0.0,0.0,0
20221028T,0.0,0.0,0.0,0.0,0
20221031T,0.0,0.0,0.0,0.0,0
20221101T,0.0,0.0,0.0,0.0,0
20221102T,0.0,0.0,0.0,0.0,0
20221103T,0.0,0.0,0.0,0.0,0
20221104T,0.0,0.0,0.0,0.0,0
20221107T,0.0,0.0,0.0,0.0,0
20221109T,0.0,0.0,0.0,0.0,0
20221110T,0.0,0.0,0.0,0.0,0
20221111T,0.0,0.0,0.0,0.0,0
20221114T,0.0,0.0,0.0,0.0,0
20221115T,0.0,0.0,0.0,0.0,0
20221116T,0.0,0.0,0.0,0.0,0
20221117T,0.0,0.0,0.0,0.0,0
20221118T,0.0,0.0,0.0,0.0,0
20221121T,0.0,0.0,0.0,0.0,0
20221122T,0.0,0.0,0.0,0.0,0
20221123T,0.0,0.0,0.0,0.0,0
20221124T,0.0,0.0,0.0,0.0,0
20221125T,0.0,0.0,0.0,0.0,0
20221128T,0.0,0.0,0.0,0.0,0
20221129T,0.0,0.0,0.0,0.0,0
20221130T,0.0,0.0,0.0,0.0,0
20221201T,0.0,0.0,0.0,0.0,0
20221202T,0.0,0.0,0.0,0.0,0
20221205T,0.0,0.0,0.0,0.0,0
20221206T,0.0,0.0,0.0,0.0,0
20221207T,0.0,0.0,0.0,0.0,0
20221208T,0.0,0.0,0.0,0.0,0
20221209T,0.0,0.0,0.0,0.0,0
20221212T,0.0,0.0,0.0,0.0,0
20221213T,0.0,0.0,0.0,0.0,0
20221214T,0.0,0.0,0.0,0.0,0
20221215T,0.0,0.0,0.0,0.0,0
20221216T,0.0,0.0,0.0,0.0,0
20221219T,0.0,0.0,0.0,0.0,0
20221220T,0.0,0.0,0.0,0.0,0
20221221T,0.0,0.0,0.0,0.0,0
20221222T,0.0,0.0,0.0,0.0,0
20221223T,0.0,0.0,0.0,0.0,0
20221226T,0.0,0.0,0.0,0.0,0
20221227T,0.0,0.0,0.0,0.0,0
20221228T,0.0,0.0,0.0,0.0,0
20221229T,0.0,0.0,0.0,0.0,0
20221230T,0.0,0.0,0.0,0.0,0
20230102T,0.0,0.0,0.0,0.0,0
20230103T,0.0,0.0,0.0,0.0,0
20230104T,0.0,0.0,0.0,0.0,0
20230105T,0.0,0.0,0.0,0.0,0
20230106T,0.0,0.0,0.0,0.0,0
20230109T,0.0,0.0,0.0,0.0,0
20230110T,0.0,0.0,0.0,0.0,0
20230111T,0.0,0.0,0.0,0.0,0
20230112T,0.0,0.0,0.0,0.0,0
20230113T,0.0,0.0,0.0,0.0,0
20230116T,0.0,0.0,0.0,0.0,0
20230117T,0.0,0.0,0.0,0.0,0
20230118T,0.0,0.0,0.0,0.0,0
20230119T,0.0,0.0,0.0,0.0,0
20230120T,0.0,0.0,0.0,0.0,0
20230123T,0.0,0.0,0.0,0.0,0
20230124T,0.0,0.0,0.0,0.0,0
20230125T,0.0,0.0,0.0,0.0,0
20230127T,0.0,0.0,0.0,0.0,0
20230130T,0.0,0.0,0.0,0.0,0
20230131T,0.0,0.0,0.0,0.0,0
20230201T,0.0,0.0,0.0,0.0,0
20230202T,0.0,0.0,0.0,0.0,0
20230203T,0.0,0.0,0.0,0.0,0
20230206T,0.0,0.0,0.0,0.0,0
20230207T,0.0,0.0,0.0,0.0,0
20230208T,0.0,0.0,0.0,0.0,0
20230209T,0.0,0.0,0.0,0.0,0
20230210T,0.0,0.0,0.0,0.0,0
20230213T,0.0,0.0,0.0,0.0,0
20230214T,0.0,0.0,0.0,0.0,0
20230215T,0.0,0.0,0.0,0.0,0
20230216T,0.0,0.0,0.0,0.0,0
20230217T,0.0,0.0,0.0,0.0,0
20230220T,0.0,0.0,0.0,0.0,0
20230221T,0.0,0.0,0.0,0.0,0
20230222T,0.0,0.0,0.0,0.0,0
20230223T,0.0,0.0,0.0,0.0,0
20230224T,0.0,0.0,0.0,0.0,0
20230227T,0.0,0.0,0.0,0.0,0
20230228T,0.0,0.0,0.0,0.0,0
20230301T,0.0,0.0,0.0,0.0,0
20230302T,0.0,0.0,0.0,0.0,0
20230303T,0.0,0.0,0.0,0.0,0
20230306T,0.0,0.0,0.0,0.0,0
20230308T,0.0,0.0,0.0,0.0,0
20230309T,0.0,0.0,0.0,0.0,0
20230310T,0.0,0.0,0.0,0.0,0
20230313T,0.0,0.0,0.0,0.0,0
20230314T,0.0,0.0,0.0,0.0,0
20230315T,0.0,0.0,0.0,0.0,0
20230316T,0.0,0.0,0.0,0.0,0
20230317T,0.0,0.0,0.0,0.0,0
20230320T,0.0,0.0,0.0,0.0,0
20230321T,0.0,0.0,0.0,0.0,0
20230322T,0.0,0.0,0.0,0.0,0
20230323T,0.0,0.0,0.0,0.0,0
20230324T,0.0,0.0,0.0,0.0,0
20230327T,0.0,0.0,0.0,0.0,0
20230328T,0.0,0.0,0.0,0.0,0
20230329T,0.0,0.0,0.0,0.0,0
20230331T,0.0,0.0,0.0,0.0,0
20230403T,0.0,0.0,0.0,0.0,0
20230405T,0.0,0.0,0.0,0.0,0
20230406T,0.0,0.0,0.0,0.0,0
20230410T,0.0,0.0,0.0,0.0,0
20230411T,0.0,0.0,0.0,0.0,0
20230412T,0.0,0.0,0.0,0.0,0
20230413T,0.0,0.0,0.0,0.0,0
20230417T,0.0,0.0,0.0,0.0,0
20230418T,0.0,0.0,0.0,0.0,0
20230419T,0.0,0.0,0.0,0.0,0
20230420T,0.0,0.0,0.0,0.0,0
20230421T,0.0,0.0,0.0,0.0,0
20230424T,0.0,0.0,0.0,0.0,0
20230425T,0.0,0.0,0.0,0.0,0
20230426T,0.0,0.0,0.0,0.0,0
20230427T,0.0,0.0,0.0,0.0,0
20230428T,0.0,0.0,0.0,0.0,0
20230502T,0.0,0.0,0.0,0.0,0
20230503T,0.0,0.0,0.0,0.0,0
20230504T,0.0,0.0,0.0,0.0,0
20230505T,0.0,0.0,0.0,0.0,0
20230508T,0.0,0.0,0.0,0.0,0
20230509T,0.0,0.0,0.0,0.0,0
20230510T,0.0,0.0,0.0,0.0,0
20230511T,0.0,0.0,0.0,0.0,0
20230512T,0.0,0.0,0.0,0.0,0
20230515T,0.0,0.0,0.0,0.0,0
20230516T,0.0,0.0,0.0,0.0,0
20230517T,0.0,0.0,0.0,0.0,0
20230518T,0.0,0.0,0.0,0.0,0
20230519T,0.0,0.0,0.0,0.0,0
20230522T,0.0,0.0,0.0,0.0,0
20230523T,0.0,0.0,0.0,0.0,0
20230524T,0.0,0.0,0.0,0.0,0
20230525T,0.0,0.0,0.0,0.0,0
20230526T,0.0,0.0,0.0,0.0,0
20230529T,0.0,0.0,0.0,0.0,0
20230530T,0.0,0.0,0.0,0.0,0
20230531T,0.0,0.0,0.0,0.0,0
20230601T,0.0,0.0,0.0,0.0,0
20230602T,0.0,0.0,0.0,0.0,0
20230605T,0.0,0.0,0.0,0.0,0
20230606T,0.0,0.0,0.0,0.0,0
20230607T,0.0,0.0,0.0,0.0,0
20230608T,0.0,0.0,0.0,0.0,0
20230609T,0.0,0.0,0.0,0.0,0
20230612T,0.0,0.0,0.0,0.0,0
20230613T,0.0,0.0,0.0,0.0,0
20230614T,0.0,0.0,0.0,0.0,0
20230615T,0.0,0.0,0.0,0.0,0
20230616T,0.0,0.0,0.0,0.0,0
20230619T,0.0,0.0,0.0,0.0,0
20230620T,0.0,0.0,0.0,0.0,0
20230621T,0.0,0.0,0.0,0.0,0
20230622T,0.0,0.0,0.0,0.0,0
20230623T,0.0,0.0,0.0,0.0,0
20230626T,0.0,0.0,0.0,0.0,0
20230627T,277164.0,277164.0,277164.0,277164.0,0
20230628T,230115.0,230115.0,230115.0,230115.0,0
20230630T,253872.0,253872.0,253872.0,253872.0,0
20230703T,266619.0,266619.0,266619.0,266619.0,0
20230704T,267294.0,267294.0,267294.0,267294.0,0
20230705T,277857.0,277857.0,277857.0,277857.0,0
20230706T,295081.0,295081.0,295081.0,295081.0,0
20230707T,284886.0,284886.0,284886.0,284886.0,0
20230710T,289760.0,289760.0,289760.0,289760.0,0
20230711T,289894.0,289894.0,289894.0,289894.0,0
20230712T,281951.0,281951.0,281951.0,281951.0,0
20230713T,269510.0,269510.0,269510.0,269510.0,0
20230714T,280175.0,280175.0,280175.0,280175.0,0
20230717T,278531.0,278531.0,278531.0,278531.0,0
20230718T,280344.0,280344.0,280344.0,280344.0,0
20230719T,286207.0,286207.0,286207.0,286207.0,0
20230720T,296560.0,296560.0,296560.0,296560.0,0
20230721T,294744.0,294744.0,294744.0,294744.0,0
20230724T,294136.0,294136.0,294136.0,294136.0,0
20230725T,290320.0,290320.0,290320.0,290320.0,0
20230726T,294199.0,294199.0,294199.0,294199.0,0
20230727T,228009.0,228009.0,228009.0,228009.0,0
20230728T,234294.0,234294.0,234294.0,234294.0,0
20230731T,240529.0,240529.0,240529.0,240529.0,0
20230801T,246496.0,246496.0,246496.0,246496.0,0
20230802T,242103.0,242103.0,242103.0,242103.0,0
20230803T,216748.0,216748.0,216748.0,216748.0,0
20230804T,240828.0,240828.0,240828.0,240828.0,0
20230807T,253633.0,253633.0,253633.0,253633.0,0
20230808T,263378.0,263378.0,263378.0,263378.0,0
20230809T,260024.0,260024.0,260024.0,260024.0,0
20230810T,248176.0,248176.0,248176.0,248176.0,0
20230811T,242283.0,242283.0,242283.0,242283.0,0
20230814T,232630.0,232630.0,232630.0,232630.0,0
20230816T,246520.0,246520.0,246520.0,246520.0,0
20230817T,246504.0,246504.0,246504.0,246504.0,0
20230818T,232160.0,232160.0,232160.0,232160.0,0
20230821T,221598.0,221598.0,221598.0,221598.0,0
20230822T,226422.0,226422.0,226422.0,226422.0,0
20230823T,234390.0,234390.0,234390.0,234390.0,0
20230824T,227039.0,227039.0,227039.0,227039.0,0
20230825T,219962.0,219962.0,219962.0,219962.0,0
20230828T,220507.0,220507.0,220507.0,220507.0,0
20230829T,214181.0,214181.0,214181.0,214181.0,0
20230830T,212647.0,212647.0,212647.0,212647.0,0
20230831T,174746.0,174746.0,174746.0,174746.0,0
20230901T,183055.0,183055.0,183055.0,183055.0,0
20230904T,191470.0,191470.0,191470.0,191470.0,0
20230905T,193383.0,193383.0,193383.0,193383.0,0
20230906T,196699.0,196699.0,196699.0,196699.0,0
20230907T,218742.0,218742.0,218742.0,218742.0,0
20230908T,221034.0,221034.0,221034.0,221034.0,0
20230911T,213634.0,213634.0,213634.0,213634.0,0
20230912T,209946.0,209946.0,209946.0,209946.0,0
20230913T,209869.0,209869.0,209869.0,209869.0,0
20230914T,209680.0,209680.0,209680.0,209680.0,0
20230915T,215281.0,215281.0,215281.0,215281.0,0
20230918T,215188.0,215188.0,215188.0,215188.0,0
20230920T,216898.0,216898.0,216898.0,216898.0,0
20230921T,215544.0,215544.0,215544.0,215544.0,0
20230922T,220100.0,220100.0,220100.0,220100.0,0
20230925T,229575.0,229575.0,229575.0,229575.0,0
20230926T,227587.0,227587.0,227587.0,227587.0,0
20230927T,217089.0,217089.0,217089.0,217089.0,0
20230928T,164498.0,164498.0,164498.0,164498.0,0
20230929T,177127.0,177127.0,177127.0,177127.0,0
20231003T,190501.0,190501.0,190501.0,190501.0,0
20231004T,195267.0,195267.0,195267.0,195267.0,0
20231005T,217478.0,217478.0,217478.0,217478.0,0
20231006T,222990.0,222990.0,222990.0,222990.0,0
20231009T,220154.0,220154.0,220154.0,220154.0,0
20231010T,221863.0,221863.0,221863.0,221863.0,0
20231011T,209928.0,209928.0,209928.0,209928.0,0
20231012T,210591.0,210591.0,210591.0,210591.0,0
20231013T,223938.0,223938.0,223938.0,223938.0,0
20231016T,227489.0,227489.0,227489.0,227489.0,0
20231017T,231223.0,231223.0,231223.0,231223.0,0
20231018T,229098.0,229098.0,229098.0,229098.0,0
20231019T,227981.0,227981.0,227981.0,227981.0,0
20231020T,220293.0,220293.0,220293.0,220293.0,0
20231023T,208769.0,208769.0,208769.0,208769.0,0
20231025T,202119.0,202119.0,202119.0,202119.0,0
20231026T,136992.0,136992.0,136992.0,136992.0,0
20231027T,177313.0,177313.0,177313.0,177313.0,0
20231030T,184336.0,184336.0,184336.0,184336.0,0
20231031T,196728.0,196728.0,196728.0,196728.0,0
20231101T,208397.0,208397.0,208397.0,208397.0,0
20231102T,207913.0,207913.0,207913.0,207913.0,0
20231103T,212561.0,212561.0,212561.0,212561.0,0
20231106T,219915.0,219915.0,219915.0,219915.0,0
20231107T,226374.0,226374.0,226374.0,226374.0,0
20231108T,232936.0,232936.0,232936.0,232936.0,0
20231109T,235242.0,235242.0,235242.0,235242.0,0
20231110T,235144.0,235144.0,235144.0,235144.0,0
20231113T,239103.0,239103.0,239103.0,239103.0,0
20231115T,252982.0,252982.0,252982.0,252982.0,0
20231116T,259590.0,259590.0,259590.0,259590.0,0
20231117T,261157.0,261157.0,261157.0,261157.0,0
20231120T,270132.0,270132.0,270132.0,270132.0,0
20231121T,266760.0,266760.0,266760.0,266760.0,0
20231122T,270743.0,270743.0,270743.0,270743.0,0
20231123T,272671.0,272671.0,272671.0,272671.0,0
20231124T,267912.0,267912.0,267912.0,267912.0,0
20231128T,277753.0,277753.0,277753.0,277753.0,0
20231129T,276580.0,276580.0,276580.0,276580.0,0
20231130T,211836.0,211836.0,211836.0,211836.0,0
20231201T,225193.0,225193.0,225193.0,225193.0,0
20231204T,225767.0,225767.0,225767.0,225767.0,0
20231205T,236628.0,236628.0,236628.0,236628.0,0
20231206T,240488.0,240488.0,240488.0,240488.0,0
20231207T,251041.0,251041.0,251041.0,251041.0,0
20231208T,253422.0,253422.0,253422.0,253422.0,0
20231211T,267297.0,267297.0,267297.0,267297.0,0
20231212T,274262.0,274262.0,274262.0,274262.0,0
20231213T,267019.0,267019.0,267019.0,267019.0,0
20231214T,253319.0,253319.0,253319.0,253319.0,0
20231215T,267562.0,267562.0,267562.0,267562.0,0
20231218T,265184.0,265184.0,265184.0,265184.0,0
20231219T,256129.0,256129.0,256129.0,256129.0,0
20231220T,248289.0,248289.0,248289.0,248289.0,0
20231221T,234743.0,234743.0,234743.0,234743.0,0
20231222T,238932.0,238932.0,238932.0,238932.0,0
20231226T,250002.0,250002.0,250002.0,250002.0,0
20231227T,260514.0,260514.0,260514.0,260514.0,0
20231228T,218796.0,218796.0,218796.0,218796.0,0
20231229T,229048.0,229048.0,229048.0,229048.0,0
20240101T,225809.0,225809.0,225809.0,225809.0,0
20240102T,249785.0,249785.0,249785.0,249785.0,0
20240103T,248958.0,248958.0,248958.0,248958.0,0
20240104T,256405.0,256405.0,256405.0,256405.0,0
20240105T,260822.0,260822.0,260822.0,260822.0,0
20240108T,260940.0,260940.0,260940.0,260940.0,0
20240109T,258495.0,258495.0,258495.0,258495.0,0
20240110T,253113.0,253113.0,253113.0,253113.0,0
20240111T,276883.0,276883.0,276883.0,276883.0,0
20240112T,277499.0,277499.0,277499.0,277499.0,0
20240115T,281357.0,281357.0,281357.0,281357.0,0
20240116T,284155.0,284155.0,284155.0,284155.0,0
20240117T,261932.0,261932.0,261932.0,261932.0,0
20240118T,245624.0,245624.0,245624.0,245624.0,0
20240119T,250752.0,250752.0,250752.0,250752.0,0
20240123T,244014.0,244014.0,244014.0,244014.0,0
20240124T,246178.0,246178.0,246178.0,246178.0,0
20240125T,179375.0,179375.0,179375.0,179375.0,0
20240129T,204329.0,204329.0,204329.0,204329.0,0
20240130T,205262.0,205262.0,205262.0,205262.0,0
20240131T,218947.0,218947.0,218947.0,218947.0,0
20240201T,226497.0,226497.0,226497.0,226497.0,0
20240202T,232168.0,232168.0,232168.0,232168.0,0
20240205T,246362.0,246362.0,246362.0,246362.0,0
20240206T,257582.0,257582.0,257582.0,257582.0,0
20240207T,250679.0,250679.0,250679.0,250679.0,0
20240208T,229836.0,229836.0,229836.0,229836.0,0
20240209T,228454.0,228454.0,228454.0,228454.0,0
20240212T,224702.0,224702.0,224702.0,224702.0,0
20240213T,230214.0,230214.0,230214.0,230214.0,0
20240214T,231909.0,231909.0,231909.0,231909.0,0
20240215T,230202.0,230202.0,230202.0,230202.0,0
20240216T,228460.0,228460.0,228460.0,228460.0,0
20240219T,229407.0,229407.0,229407.0,229407.0,0
20240220T,236094.0,236094.0,236094.0,236094.0,0
20240221T,240841.0,240841.0,240841.0,240841.0,0
20240223T,242853.0,242853.0,242853.0,242853.0,0
20240226T,245684.0,245684.0,245684.0,245684.0,0
20240227T,243405.0,243405.0,243405.0,243405.0,0
20240228T,232291.0,232291.0,232291.0,232291.0,0
20240229T,182337.0,182337.0,182337.0,182337.0,0
20240301T,198155.0,198155.0,198155.0,198155.0,0
20240304T,199770.0,199770.0,199770.0,199770.0,0
20240305T,207636.0,207636.0,207636.0,207636.0,0
20240306T,209627.0,209627.0,209627.0,209627.0,0
20240307T,222067.0,222067.0,222067.0,222067.0,0
20240311T,230688.0,230688.0,230688.0,230688.0,0
20240312T,228946.0,228946.0,228946.0,228946.0,0
20240313T,237615.0,237615.0,237615.0,237615.0,0
20240314T,234066.0,234066.0,234066.0,234066.0,0
20240315T,237315.0,237315.0,237315.0,237315.0,0
20240318T,252674.0,252674.0,252674.0,252674.0,0
20240319T,259160.0,259160.0,259160.0,259160.0,0
20240320T,269178.0,269178.0,269178.0,269178.0,0
20240321T,253054.0,253054.0,253054.0,253054.0,0
20240322T,259148.0,259148.0,259148.0,259148.0,0
20240326T,273703.0,273703.0,273703.0,273703.0,0
20240327T,263293.0,263293.0,263293.0,263293.0,0
20240328T,235986.0,235986.0,235986.0,235986.0,0
20240401T,194708.0,194708.0,194708.0,194708.0,0
20240402T,199761.0,199761.0,199761.0,199761.0,0
20240403T,196589.0,196589.0,196589.0,196589.0,0
20240404T,197597.0,197597.0,197597.0,197597.0,0
20240405T,206993.0,206993.0,206993.0,206993.0,0
20240408T,200244.0,200244.0,200244.0,200244.0,0
20240409T,207333.0,207333.0,207333.0,207333.0,0
20240410T,219834.0,219834.0,219834.0,219834.0,0
20240412T,211834.0,211834.0,211834.0,211834.0,0
20240415T,214452.0,214452.0,214452.0,214452.0,0
20240416T,221631.0,221631.0,221631.0,221631.0,0
20240418T,215335.0,215335.0,215335.0,215335.0,0
20240419T,214300.0,214300.0,214300.0,214300.0,0
20240422T,211099.0,211099.0,211099.0,211099.0,0
20240423T,213001.0,213001.0,213001.0,213001.0,0
20240424T,220201.0,220201.0,220201.0,220201.0,0
20240425T,200713.0,200713.0,200713.0,200713.0,0
20240426T,234236.0,234236.0,234236.0,234236.0,0
20240429T,236615.0,236615.0,236615.0,236615.0,0
20240430T,238578.0,238578.0,238578.0,238578.0,0
20240502T,259964.0,259964.0,259964.0,259964.0,0
20240503T,239288.0,239288.0,239288.0,239288.0,0
20240506T,239578.0,239578.0,239578.0,239578.0,0
20240507T,238170.0,238170.0,238170.0,238170.0,0
20240508T,240722.0,240722.0,240722.0,240722.0,0
20240509T,248450.0,248450.0,248450.0,248450.0,0
20240510T,242145.0,242145.0,242145.0,242145.0,0
20240513T,233701.0,233701.0,233701.0,233701.0,0
20240514T,237245.0,237245.0,237245.0,237245.0,0
20240515T,245312.0,245312.0,245312.0,245312.0,0
20240516T,240268.0,240268.0,240268.0,240268.0,0
20240517T,245112.0,245112.0,245112.0,245112.0,0
20240521T,253841.0,253841.0,253841.0,253841.0,0
20240522T,252033.0,252033.0,252033.0,252033.0,0
20240523T,256170.0,256170.0,256170.0,256170.0,0
20240524T,256317.0,256317.0,256317.0,256317.0,0
20240527T,257303.0,257303.0,257303.0,257303.0,0
20240528T,255566.0,255566.0,255566.0,255566.0,0
20240529T,230434.0,230434.0,230434.0,230434.0,0
20240530T,166763.0,166763.0,166763.0,166763.0,0
20240531T,171542.0,171542.0,171542.0,171542.0,0
20240603T,187914.0,187914.0,187914.0,187914.0,0
20240604T,169601.0,169601.0,169601.0,169601.0,0
20240605T,175834.0,175834.0,175834.0,175834.0,0
20240606T,175883.0,175883.0,175883.0,175883.0,0
20240607T,205414.0,205414.0,205414.0,205414.0,0
20240610T,221594.0,221594.0,221594.0,221594.0,0
20240611T,226746.0,226746.0,226746.0,226746.0,0
20240612T,241676.0,241676.0,241676.0,241676.0,0
20240613T,259772.0,259772.0,259772.0,259772.0,0
20240614T,259759.0,259759.0,259759.0,259759.0,0
20240618T,264367.0,264367.0,264367.0,264367.0,0
20240619T,290045.0,290045.0,290045.0,290045.0,0
20240620T,280687.0,280687.0,280687.0,280687.0,0
20240621T,281116.0,281116.0,281116.0,281116.0,0
20240624T,272875.0,272875.0,272875.0,272875.0,0
20240625T,294369.0,294369.0,294369.0,294369.0,0
20240626T,296533.0,296533.0,296533.0,296533.0,0
20240627T,279137.0,279137.0,279137.0,279137.0,0
20240628T,287429.0,287429.0,287429.0,287429.0,0
20240701T,306659.0,306659.0,306659.0,306659.0,0
20240702T,299197.0,299197.0,299197.0,299197.0,0
20240703T,320466.0,320466.0,320466.0,320466.0,0
20240704T,323790.0,323790.0,323790.0,323790.0,0
20240705T,323806.0,323806.0,323806.0,323806.0,0
20240708T,330677.0,330677.0,330677.0,330677.0,0
20240709T,344935.0,344935.0,344935.0,344935.0,0
20240710T,334793.0,334793.0,334793.0,334793.0,0
20240711T,326108.0,326108.0,326108.0,326108.0,0
20240712T,350732.0,350732.0,350732.0,350732.0,0
20240715T,368209.0,368209.0,368209.0,368209.0,0
20240716T,364937.0,364937.0,364937.0,364937.0,0
20240718T,391401.0,391401.0,391401.0,391401.0,0
20240719T,368110.0,368110.0,368110.0,368110.0,0
20240722T,345008.0,345008.0,345008.0,345008.0,0
20240723T,322585.0,322585.0,322585.0,322585.0,0
20240724T,326162.0,326162.0,326162.0,326162.0,0
20240725T,272724.0,272724.0,272724.0,272724.0,0
20240726T,294869.0,294869.0,294869.0,294869.0,0
20240729T,312476.0,312476.0,312476.0,312476.0,0
20240730T,333005.0,333005.0,333005.0,333005.0,0
20240731T,351327.0,351327.0,351327.0,351327.0,0
20240801T,372779.0,372779.0,372779.0,372779.0,0
20240802T,360560.0,360560.0,360560.0,360560.0,0
20240805T,326361.0,326361.0,326361.0,326361.0,0
20240806T,328911.0,328911.0,328911.0,328911.0,0
20240807T,332663.0,332663.0,332663.0,332663.0,0
20240808T,330131.0,330131.0,330131.0,330131.0,0
20240809T,332872.0,332872.0,332872.0,332872.0,0
20240812T,343946.0,343946.0,343946.0,343946.0,0
20240813T,352096.0,352096.0,352096.0,352096.0,0
20240814T,333689.0,333689.0,333689.0,333689.0,0
20240816T,318753.0,318753.0,318753.0,318753.0,0
20240819T,331727.0,331727.0,331727.0,331727.0,0
20240820T,329357.0,329357.0,329357.0,329357.0,0
20240821T,338270.0,338270.0,338270.0,338270.0,0
20240822T,330532.0,330532.0,330532.0,330532.0,0
20240823T,328603.0,328603.0,328603.0,328603.0,0
20240826T,325133.0,325133.0,325133.0,325133.0,0
20240827T,326480.0,326480.0,326480.0,326480.0,0
20240828T,322984.0,322984.0,322984.0,322984.0,0
20240829T,263772.0,263772.0,263772.0,263772.0,0
20240830T,280554.0,280554.0,280554.0,280554.0,0
20240902T,310441.0,310441.0,310441.0,310441.0,0
20240903T,337675.0,337675.0,337675.0,337675.0,0
20240904T,346590.0,346590.0,346590.0,346590.0,0
20240905T,347449.0,347449.0,347449.0,347449.0,0
20240906T,340410.0,340410.0,340410.0,340410.0,0
20240909T,331313.0,331313.0,331313.0,331313.0,0
20240910T,321517.0,321517.0,321517.0,321517.0,0
20240911T,337887.0,337887.0,337887.0,337887.0,0
20240912T,361460.0,361460.0,361460.0,361460.0,0
20240913T,350557.0,350557.0,350557.0,350557.0,0
20240916T,338823.0,338823.0,338823.0,338823.0,0
20240917T,342073.0,342073.0,342073.0,342073.0,0
20240918T,338581.0,338581.0,338581.0,338581.0,0
20240919T,335805.0,335805.0,335805.0,335805.0,0
20240920T,378494.0,378494.0,378494.0,378494.0,0
20240923T,366629.0,366629.0,366629.0,366629.0,0
20240924T,356838.0,356838.0,356838.0,356838.0,0
20240925T,337119.0,337119.0,337119.0,337119.0,0
20240926T,291947.0,291947.0,291947.0,291947.0,0
20240927T,289986.0,289986.0,289986.0,289986.0,0
20240930T,274443.0,274443.0,274443.0,274443.0,0
20241001T,278512.0,278512.0,278512.0,278512.0,0
20241003T,263380.0,263380.0,263380.0,263380.0,0
20241004T,247547.0,247547.0,247547.0,247547.0,0
20241007T,247972.0,247972.0,247972.0,247972.0,0
20241008T,247429.0,247429.0,247429.0,247429.0,0
20241009T,261999.0,261999.0,261999.0,261999.0,0
20241010T,267870.0,267870.0,267870.0,267870.0,0
20241011T,266589.0,266589.0,266589.0,266589.0,0
20241014T,275497.0,275497.0,275497.0,275497.0,0
20241015T,283098.0,283098.0,283098.0,283098.0,0
20241016T,285525.0,285525.0,285525.0,285525.0,0
20241017T,294580.0,294580.0,294580.0,294580.0,0
20241018T,281813.0,281813.0,281813.0,281813.0,0
20241021T,285805.0,285805.0,285805.0,285805.0,0
20241022T,280835.0,280835.0,280835.0,280835.0,0
20241023T,295620.0,295620.0,295620.0,295620.0,0
20241024T,301440.0,301440.0,301440.0,301440.0,0
20241025T,281126.0,281126.0,281126.0,281126.0,0
20241028T,280020.0,280020.0,280020.0,280020.0,0
20241029T,288682.0,288682.0,288682.0,288682.0,0
20241030T,265926.0,265926.0,265926.0,265926.0,0
20241031T,210022.0,210022.0,210022.0,210022.0,0
20241104T,276263.0,276263.0,276263.0,276263.0,0
20241105T,289492.0,289492.0,289492.0,289492.0,0
20241106T,289879.0,289879.0,289879.0,289879.0,0
20241107T,286612.0,286612.0,286612.0,286612.0,0
20241108T,298013.0,298013.0,298013.0,298013.0,0
20241111T,296682.0,296682.0,296682.0,296682.0,0
20241112T,299193.0,299193.0,299193.0,299193.0,0
20241113T,295335.0,295335.0,295335.0,295335.0,0
20241114T,287507.0,287507.0,287507.0,287507.0,0
20241118T,294192.0,294192.0,294192.0,294192.0,0
20241119T,299549.0,299549.0,299549.0,299549.0,0
20241121T,299236.0,299236.0,299236.0,299236.0,0
20241122T,283250.0,283250.0,283250.0,283250.0,0
20241125T,303898.0,303898.0,303898.0,303898.0,0
20241126T,302503.0,302503.0,302503.0,302503.0,0
20241127T,299921.0,299921.0,299921.0,299921.0,0
20241128T,243877.0,243877.0,243877.0,243877.0,0
20241129T,266331.0,266331.0,266331.0,266331.0,0
20241202T,283217.0,283217.0,283217.0,283217.0,0
20241203T,307209.0,307209.0,307209.0,307209.0,0
20241204T,320036.0,320036.0,320036.0,320036.0,0
20241205T,333398.0,333398.0,333398.0,333398.0,0
20241206T,342523.0,342523.0,342523.0,342523.0,0
20241209T,344065.0,344065.0,344065.0,344065.0,0
20241210T,348968.0,348968.0,348968.0,348968.0,0
20241211T,351000.0,351000.0,351000.0,351000.0,0
20241212T,335745.0,335745.0,335745.0,335745.0,0
20241213T,341285.0,341285.0,341285.0,341285.0,0
20241216T,342158.0,342158.0,342158.0,342158.0,0
20241217T,338566.0,338566.0,338566.0,338566.0,0
20241218T,331349.0,331349.0,331349.0,331349.0,0
20241219T,333101.0,333101.0,333101.0,333101.0,0
20241220T,317595.0,317595.0,317595.0,317595.0,0
20241223T,317630.0,317630.0,317630.0,317630.0,0
20241224T,312042.0,312042.0,312042.0,312042.0,0
20241226T,263193.0,263193.0,263193.0,263193.0,0
20241227T,268231.0,268231.0,268231.0,268231.0,0
20241230T,282637.0,282637.0,282637.0,282637.0,0
20241231T,286682.0,286682.0,286682.0,286682.0,0
20250101T,292590.0,292590.0,292590.0,292590.0,0
20250102T,311441.0,311441.0,311441.0,311441.0,0
20250103T,315163.0,315163.0,315163.0,315163.0,0
20250106T,322566.0,322566.0,322566.0,322566.0,0
20250107T,336701.0,336701.0,336701.0,336701.0,0
20250108T,342298.0,342298.0,342298.0,342298.0,0
20250109T,350020.0,350020.0,350020.0,350020.0,0
20250110T,346453.0,346453.0,346453.0,346453.0,0
20250113T,340272.0,340272.0,340272.0,340272.0,0
20250114T,336966.0,336966.0,336966.0,336966.0,0
20250115T,353504.0,353504.0,353504.0,353504.0,0
20250116T,351898.0,351898.0,351898.0,351898.0,0
20250117T,351525.0,351525.0,351525.0,351525.0,0
20250120T,349555.0,349555.0,349555.0,349555.0,0
20250121T,361596.0,361596.0,361596.0,361596.0,0
20250122T,368040.0,368040.0,368040.0,368040.0,0
20250123T,364332.0,364332.0,364332.0,364332.0,0
20250124T,370641.0,370641.0,370641.0,370641.0,0
20250127T,357212.0,357212.0,357212.0,357212.0,0
20250128T,341548.0,341548.0,341548.0,341548.0,0
20250129T,327533.0,327533.0,327533.0,327533.0,0
20250130T,260125.0,260125.0,260125.0,260125.0,0
20250131T,258454.0,258454.0,258454.0,258454.0,0
20250203T,298023.0,298023.0,298023.0,298023.0,0
20250204T,308199.0,308199.0,308199.0,308199.0,0
20250205T,306001.0,306001.0,306001.0,306001.0,0
20250206T,308087.0,308087.0,308087.0,308087.0,0
20250207T,313942.0,313942.0,313942.0,313942.0,0
20250210T,321625.0,321625.0,321625.0,321625.0,0
20250211T,316601.0,316601.0,316601.0,316601.0,0
20250212T,317539.0,317539.0,317539.0,317539.0,0
20250213T,331209.0,331209.0,331209.0,331209.0,0
20250214T,332810.0,332810.0,332810.0,332810.0,0
20250217T,337330.0,337330.0,337330.0,337330.0,0
20250218T,341555.0,341555.0,341555.0,341555.0,0
20250219T,335773.0,335773.0,335773.0,335773.0,0
20250220T,334557.0,334557.0,334557.0,334557.0,0
20250221T,333507.0,333507.0,333507.0,333507.0,0
20250224T,336493.0,336493.0,336493.0,336493.0,0
20250225T,327100.0,327100.0,327100.0,327100.0,0
20250227T,286825.0,286825.0,286825.0,286825.0,0
20250228T,281168.0,281168.0,281168.0,281168.0,0
20250303T,335702.0,335702.0,335702.0,335702.0,0
20250304T,379363.0,379363.0,379363.0,379363.0,0
20250305T,402844.0,402844.0,402844.0,402844.0,0
20250306T,418660.0,418660.0,418660.0,418660.0,0
20250307T,440750.0,440750.0,440750.0,440750.0,0
20250310T,468326.0,468326.0,468326.0,468326.0,0
20250311T,482776.0,482776.0,482776.0,482776.0,0
20250312T,507409.0,507409.0,507409.0,507409.0,0
20250313T,511649.0,511649.0,511649.0,511649.0,0
20250317T,520936.0,520936.0,520936.0,520936.0,0
20250318T,524267.0,524267.0,524267.0,524267.0,0
20250319T,527298.0,527298.0,527298.0,527298.0,0
20250320T,537801.0,537801.0,537801.0,537801.0,0
20250321T,549056.0,549056.0,549056.0,549056.0,0
20250324T,543521.0,543521.0,543521.0,543521.0,0
20250325T,547491.0,547491.0,547491.0,547491.0,0
20250326T,553956.0,553956.0,553956.0,553956.0,0
20250327T,483067.0,483067.0,483067.0,483067.0,0
20250328T,486145.0,486145.0,486145.0,486145.0,0
20250401T,411288.0,411288.0,411288.0,411288.0,0
20250402T,363374.0,363374.0,363374.0,363374.0,0
20250403T,372012.0,372012.0,372012.0,372012.0,0
20250404T,366336.0,366336.0,366336.0,366336.0,0
20250407T,342342.0,342342.0,342342.0,342342.0,0
20250408T,349145.0,349145.0,349145.0,349145.0,0
20250409T,361315.0,361315.0,361315.0,361315.0,0
20250411T,364700.0,364700.0,364700.0,364700.0,0
20250415T,389719.0,389719.0,389719.0,389719.0,0
20250416T,411093.0,411093.0,411093.0,411093.0,0
20250417T,431519.0,431519.0,431519.0,431519.0,0
20250421T,437633.0,437633.0,437633.0,437633.0,0
20250422T,442281.0,442281.0,442281.0,442281.0,0
20250423T,434241.0,434241.0,434241.0,434241.0,0
20250424T,345695.0,345695.0,345695.0,345695.0,0
20250425T,352996.0,352996.0,352996.0,352996.0,0
20250428T,366460.0,366460.0,366460.0,366460.0,0
20250429T,374309.0,374309.0,374309.0,374309.0,0
20250430T,387084.0,387084.0,387084.0,387084.0,0
20250502T,385763.0,385763.0,385763.0,385763.0,0
20250505T,390961.0,390961.0,390961.0,390961.0,0
20250506T,398983.0,398983.0,398983.0,398983.0,0
20250507T,400338.0,400338.0,400338.0,400338.0,0
20250508T,403036.0,403036.0,403036.0,403036.0,0
20250509T,382957.0,382957.0,382957.0,382957.0,0
20250512T,388817.0,388817.0,388817.0,388817.0,0
20250513T,380923.0,380923.0,380923.0,380923.0,0
20250514T,392390.0,392390.0,392390.0,392390.0,0
20250515T,417959.0,417959.0,417959.0,417959.0,0
20250516T,410789.0,410789.0,410789.0,410789.0,0
20250519T,417543.0,417543.0,417543.0,417543.0,0
20250520T,412236.0,412236.0,412236.0,412236.0,0
20250521T,428234.0,428234.0,428234.0,428234.0,0
20250522T,417786.0,417786.0,417786.0,417786.0,0
20250523T,401963.0,401963.0,401963.0,401963.0,0
20250526T,401250.0,401250.0,401250.0,401250.0,0
20250527T,381985.0,381985.0,381985.0,381985.0,0
20250528T,367797.0,367797.0,367797.0,367797.0,0
20250529T,294081.0,294081.0,294081.0,294081.0,0
20250530T,306656.0,306656.0,306656.0,306656.0,0
20250602T,317254.0,317254.0,317254.0,317254.0,0
20250603T,315589.0,315589.0,315589.0,315589.0,0
20250604T,330289.0,330289.0,330289.0,330289.0,0
20250605T,338624.0,338624.0,338624.0,338624.0,0
20250606T,339063.0,339063.0,339063.0,339063.0,0
20250609T,357425.0,357425.0,357425.0,357425.0,0
20250610T,363649.0,363649.0,363649.0,363649.0,0
20250611T,365277.0,365277.0,365277.0,365277.0,0
20250612T,358116.0,358116.0,358116.0,358116.0,0
20250613T,355602.0,355602.0,355602.0,355602.0,0
20250616T,364380.0,364380.0,364380.0,364380.0,0
20250617T,370466.0,370466.0,370466.0,370466.0,0
20250618T,373459.0,373459.0,373459.0,373459.0,0
20250619T,377952.0,377952.0,377952.0,377952.0,0
20250620T,386725.0,386725.0,386725.0,386725.0,0
20250623T,383409.0,383409.0,383409.0,383409.0,0
20250624T,366270.0,366270.0,366270.0,366270.0,0
20250625T,351618.0,351618.0,351618.0,351618.0,0
20250626T,269422.0,269422.0,269422.0,269422.0,0
20250627T,288044.0,288044.0,288044.0,288044.0,0
20250630T,292983.0,292983.0,292983.0,292983.0,0
20250701T,298699.0,298699.0,298699.0,298699.0,0
20250702T,301825.0,301825.0,301825.0,301825.0,0
20250703T,303559.0,303559.0,303559.0,303559.0,0
20250704T,304245.0,304245.0,304245.0,304245.0,0
20250707T,304520.0,304520.0,304520.0,304520.0,0
20250708T,307440.0,307440.0,307440.0,307440.0,0
20250709T,319737.0,319737.0,319737.0,319737.0,0
20250710T,317565.0,317565.0,317565.0,317565.0,0
20250711T,325993.0,325993.0,325993.0,325993.0,0
20250714T,333377.0,333377.0,333377.0,333377.0,0
20250715T,339203.0,339203.0,339203.0,339203.0,0
20250716T,345925.0,345925.0,345925.0,345925.0,0
20250717T,351410.0,351410.0,351410.0,351410.0,0
20250718T,352426.0,352426.0,352426.0,352426.0,0
20250721T,357432.0,357432.0,357432.0,357432.0,0
20250722T,367124.0,367124.0,367124.0,367124.0,0
20250723T,363630.0,363630.0,363630.0,363630.0,0
20250724T,362911.0,362911.0,362911.0,362911.0,0
20250725T,359607.0,359607.0,359607.0,359607.0,0
20250728T,342748.0,342748.0,342748.0,342748.0,0
20250729T,336441.0,336441.0,336441.0,336441.0,0
20250730T,322981.0,322981.0,322981.0,322981.0,0
20250731T,257028.0,257028.0,257028.0,257028.0,0
20250801T,271348.0,271348.0,271348.0,271348.0,0
20250804T,274529.0,274529.0,274529.0,274529.0,0
20250805T,273860.0,273860.0,273860.0,273860.0,0
20250806T,272931.0,272931.0,272931.0,272931.0,0
20250807T,266174.0,266174.0,266174.0,266174.0,0
20250808T,267153.0,267153.0,267153.0,267153.0,0
20250811T,275764.0,275764.0,275764.0,275764.0,0
20250812T,284107.0,284107.0,284107.0,284107.0,0
20250813T,282699.0,282699.0,282699.0,282699.0,0
20250814T,280683.0,280683.0,280683.0,280683.0,0
20250818T,289728.0,289728.0,289728.0,289728.0,0
20250819T,298296.0,298296.0,298296.0,298296.0,0
20250820T,307651.0,307651.0,307651.0,307651.0,0
20250821T,318432.0,318432.0,318432.0,318432.0,0
20250822T,310372.0,310372.0,310372.0,310372.0,0
20250825T,313147.0,313147.0,313147.0,313147.0,0
20250826T,302713.0,302713.0,302713.0,302713.0,0
20250828T,230215.0,230215.0,230215.0,230215.0,0
20250829T,239074.0,239074.0,239074.0,239074.0,0
20250901T,251556.0,251556.0,251556.0,251556.0,0
20250902T,254947.0,254947.0,254947.0,254947.0,0
20250903T,264716.0,264716.0,264716.0,264716.0,0
20250904T,273196.0,273196.0,273196.0,273196.0,0
20250905T,276899.0,276899.0,276899.0,276899.0,0
20250908T,287119.0,287119.0,287119.0,287119.0,0
20250909T,294255.0,294255.0,294255.0,294255.0,0
20250910T,282599.0,282599.0,282599.0,282599.0,0
20250911T,286304.0,286304.0,286304.0,286304.0,0
20250912T,295041.0,295041.0,295041.0,295041.0,0
20250915T,298867.0,298867.0,298867.0,298867.0,0
20250916T,308136.0,308136.0,308136.0,308136.0,0
20250917T,318266.0,318266.0,318266.0,318266.0,0
20250918T,323006.0,323006.0,323006.0,323006.0,0
20250919T,329798.0,329798.0,329798.0,329798.0,0
20250922T,346142.0,346142.0,346142.0,346142.0,0
20250923T,349476.0,349476.0,349476.0,349476.0,0
20250924T,346850.0,346850.0,346850.0,346850.0,0
20250925T,329466.0,329466.0,329466.0,329466.0,0
20250926T,324627.0,324627.0,324627.0,324627.0,0
20250929T,321938.0,321938.0,321938.0,321938.0,0
20250930T,245271.0,245271.0,245271.0,245271.0,0
20251001T,251593.0,251593.0,251593.0,251593.0,0
20251003T,259716.0,259716.0,259716.0,259716.0,0
20251006T,261435.0,261435.0,261435.0,261435.0,0
20251007T,263411.0,263411.0,263411.0,263411.0,0
20251008T,271412.0,271412.0,271412.0,271412.0,0
20251009T,271810.0,271810.0,271810.0,271810.0,0
20251010T,274381.0,274381.0,274381.0,274381.0,0
20251013T,276283.0,276283.0,276283.0,276283.0,0
20251014T,284920.0,284920.0,284920.0,284920.0,0
20251015T,297293.0,297293.0,297293.0,297293.0,0
20251016T,314401.0,314401.0,314401.0,314401.0,0
20251017T,322205.0,322205.0,322205.0,322205.0,0
20251020T,330541.0,330541.0,330541.0,330541.0,0
20251023T,322835.0,322835.0,322835.0,322835.0,0
20251024T,319550.0,319550.0,319550.0,319550.0,0
20251027T,327412.0,327412.0,327412.0,327412.0,0
20251028T,263723.0,263723.0,263723.0,263723.0,0
20251029T,297683.0,297683.0,297683.0,297683.0,0
20251030T,301515.0,301515.0,301515.0,301515.0,0
20251031T,301306.0,301306.0,301306.0,301306.0,0
20251103T,311855.0,311855.0,311855.0,311855.0,0
20251104T,306575.0,306575.0,306575.0,306575.0,0
20251106T,311650.0,311650.0,311650.0,311650.0,0
20251107T,313627.0,313627.0,313627.0,313627.0,0
20251110T,315849.0,315849.0,315849.0,315849.0,0
20251111T,311404.0,311404.0,311404.0,311404.0,0
20251112T,322474.0,322474.0,322474.0,322474.0,0
20251113T,332776.0,332776.0,332776.0,332776.0,0
20251114T,333607.0,333607.0,333607.0,333607.0,0
20251117T,339055.0,339055.0,339055.0,339055.0,0
20251118T,343385.0,343385.0,343385.0,343385.0,0
20251119T,339932.0,339932.0,339932.0,339932.0,0
20251120T,317350.0,317350.0,317350.0,317350.0,0
20251121T,319069.0,319069.0,319069.0,319069.0,0
20251124T,317337.0,317337.0,317337.0,317337.0,0
20251125T,244252.0,244252.0,244252.0,244252.0,0
20251126T,255672.0,255672.0,255672.0,255672.0,0
20251127T,262841.0,262841.0,262841.0,262841.0,0
20251128T,267300.0,267300.0,267300.0,267300.0,0
20251201T,273867.0,273867.0,273867.0,273867.0,0
20251202T,284381.0,284381.0,284381.0,284381.0,0
20251203T,284249.0,284249.0,284249.0,284249.0,0
20251204T,290089.0,290089.0,290089.0,290089.0,0
20251205T,296206.0,296206.0,296206.0,296206.0,0
20251208T,302202.0,302202.0,302202.0,302202.0,0
20251209T,300458.0,300458.0,300458.0,300458.0,0
20251210T,311543.0,311543.0,311543.0,311543.0,0
20251211T,311065.0,311065.0,311065.0,311065.0,0
20251212T,321831.0,321831.0,321831.0,321831.0,0
20251215T,323478.0,323478.0,323478.0,323478.0,0
20251216T,340347.0,340347.0,340347.0,340347.0,0
20251217T,353091.0,353091.0,353091.0,353091.0,0
20251218T,358522.0,358522.0,358522.0,358522.0,0
20251219T,345278.0,345278.0,345278.0,345278.0,0
20251222T,347137.0,347137.0,347137.0,347137.0,0
20251223T,343199.0,343199.0,343199.0,343199.0,0
20251224T,338681.0,338681.0,338681.0,338681.0,0
20251226T,344837.0,344837.0,344837.0,344837.0,0
20251229T,334771.0,334771.0,334771.0,334771.0,0
20251230T,276509.0,276509.0,276509.0,276509.0,0
20251231T,283851.0,283851.0,283851.0,283851.0,0
20260101T,296533.0,296533.0,296533.0,296533.0,0
20260102T,307871.0,307871.0,307871.0,307871.0,0
20260105T,315014.0,315014.0,315014.0,315014.0,0
20260106T,323367.0,323367.0,323367.0,323367.0,0
20260107T,326580.0,326580.0,326580.0,326580.0,0
20260108T,316757.0,316757.0,316757.0,316757.0,0
20260109T,315433.0,315433.0,315433.0,315433.0,0
20260112T,313237.0,313237.0,313237.0,313237.0,0
20260113T,316792.0,316792.0,316792.0,316792.0,0
20260114T,324944.0,324944.0,324944.0,324944.0,0
20260116T,329786.0,329786.0,329786.0,329786.0,0
20260119T,329446.0,329446.0,329446.0,329446.0,0
20260120T,321546.0,321546.0,321546.0,321546.0,0
20260121T,304194.0,304194.0,304194.0,304194.0,0
20260122T,297407.0,297407.0,297407.0,297407.0,0
20260123T,307724.0,307724.0,307724.0,307724.0,0
20260127T,238725.0,238725.0,238725.0,238725.0,0
20260128T,255078.0,255078.0,255078.0,255078.0,0
20260129T,252987.0,252987.0,252987.0,252987.0,0
20260130T,250837.0,250837.0,250837.0,250837.0,0
20260201T,250736.0,250736.0,250736.0,250736.0,0
20260202T,258660.0,258660.0,258660.0,258660.0,0
