20120106T,246102.0,246102.0,246102.0,246102.0,0
20120109T,246931.0,246931.0,246931.0,246931.0,0
20120110T,241562.0,241562.0,241562.0,241562.0,0
20120111T,234066.0,234066.0,234066.0,234066.0,0
20120112T,232669.0,232669.0,232669.0,232669.0,0
20120113T,241036.0,241036.0,241036.0,241036.0,0
20120116T,239847.0,239847.0,239847.0,239847.0,0
20120117T,234015.0,234015.0,234015.0,234015.0,0
20120118T,228180.0,228180.0,228180.0,228180.0,0
20120119T,224448.0,224448.0,224448.0,224448.0,0
20120120T,238483.0,238483.0,238483.0,238483.0,0
20120123T,248292.0,248292.0,248292.0,248292.0,0
20120124T,254852.0,254852.0,254852.0,254852.0,0
20120125T,187709.0,187709.0,187709.0,187709.0,0
20120127T,193820.0,193820.0,193820.0,193820.0,0
20120130T,201228.0,201228.0,201228.0,201228.0,0
20120131T,210499.0,210499.0,210499.0,210499.0,0
20120201T,220274.0,220274.0,220274.0,220274.0,0
20120202T,218992.0,218992.0,218992.0,218992.0,0
20120203T,224102.0,224102.0,224102.0,224102.0,0
20120206T,229673.0,229673.0,229673.0,229673.0,0
20120207T,227388.0,227388.0,227388.0,227388.0,0
20120208T,226103.0,226103.0,226103.0,226103.0,0
20120209T,240347.0,240347.0,240347.0,240347.0,0
20120210T,244258.0,244258.0,244258.0,244258.0,0
20120213T,239893.0,239893.0,239893.0,239893.0,0
20120214T,237027.0,237027.0,237027.0,237027.0,0
20120215T,226214.0,226214.0,226214.0,226214.0,0
20120216T,221675.0,221675.0,221675.0,221675.0,0
20120217T,200768.0,200768.0,200768.0,200768.0,0
20120221T,212550.0,212550.0,212550.0,212550.0,0
20120222T,244017.0,244017.0,244017.0,244017.0,0
20120223T,149158.0,149158.0,149158.0,149158.0,0
20120224T,160361.0,160361.0,160361.0,160361.0,0
20120227T,186377.0,186377.0,186377.0,186377.0,0
20120228T,164381.0,164381.0,164381.0,164381.0,0
20120229T,182275.0,182275.0,182275.0,182275.0,0
20120301T,193915.0,193915.0,193915.0,193915.0,0
20120302T,206215.0,206215.0,206215.0,206215.0,0
20120305T,230928.0,230928.0,230928.0,230928.0,0
20120306T,272643.0,272643.0,272643.0,272643.0,0
20120307T,281982.0,281982.0,281982.0,281982.0,0
20120309T,274358.0,274358.0,274358.0,274358.0,0
20120312T,289154.0,289154.0,289154.0,289154.0,0
20120313T,292316.0,292316.0,292316.0,292316.0,0
20120314T,292282.0,292282.0,292282.0,292282.0,0
20120315T,301492.0,301492.0,301492.0,301492.0,0
20120316T,287663.0,287663.0,287663.0,287663.0,0
20120319T,299317.0,299317.0,299317.0,299317.0,0
20120320T,298662.0,298662.0,298662.0,298662.0,0
20120321T,311584.0,311584.0,311584.0,311584.0,0
20120322T,311733.0,311733.0,311733.0,311733.0,0
20120323T,299155.0,299155.0,299155.0,299155.0,0
20120326T,320586.0,320586.0,320586.0,320586.0,0
20120327T,296537.0,296537.0,296537.0,296537.0,0
20120328T,309397.0,309397.0,309397.0,309397.0,0
20120329T,244412.0,244412.0,244412.0,244412.0,0
20120330T,256935.0,256935.0,256935.0,256935.0,0
20120402T,220524.0,220524.0,220524.0,220524.0,0
20120403T,202051.0,202051.0,202051.0,202051.0,0
20120404T,198528.0,198528.0,198528.0,198528.0,0
20120409T,217240.0,217240.0,217240.0,217240.0,0
20120410T,225861.0,225861.0,225861.0,225861.0,0
20120411T,232678.0,232678.0,232678.0,232678.0,0
20120412T,228255.0,228255.0,228255.0,228255.0,0
20120413T,236888.0,236888.0,236888.0,236888.0,0
20120416T,236128.0,236128.0,236128.0,236128.0,0
20120417T,229178.0,229178.0,229178.0,229178.0,0
20120418T,225838.0,225838.0,225838.0,225838.0,0
20120419T,227261.0,227261.0,227261.0,227261.0,0
20120420T,220729.0,220729.0,220729.0,220729.0,0
20120423T,248742.0,248742.0,248742.0,248742.0,0
20120424T,260044.0,260044.0,260044.0,260044.0,0
20120425T,284333.0,284333.0,284333.0,284333.0,0
20120426T,210592.0,210592.0,210592.0,210592.0,0
20120427T,226058.0,226058.0,226058.0,226058.0,0
20120430T,227648.0,227648.0,227648.0,227648.0,0
20120502T,229469.0,229469.0,229469.0,229469.0,0
20120503T,240503.0,240503.0,240503.0,240503.0,0
20120504T,269206.0,269206.0,269206.0,269206.0,0
20120507T,256473.0,256473.0,256473.0,256473.0,0
20120508T,289227.0,289227.0,289227.0,289227.0,0
20120509T,286805.0,286805.0,286805.0,286805.0,0
20120510T,283294.0,283294.0,283294.0,283294.0,0
20120511T,284864.0,284864.0,284864.0,284864.0,0
20120514T,301710.0,301710.0,301710.0,301710.0,0
20120515T,288256.0,288256.0,288256.0,288256.0,0
20120516T,306162.0,306162.0,306162.0,306162.0,0
20120517T,312130.0,312130.0,312130.0,312130.0,0
20120518T,311139.0,311139.0,311139.0,311139.0,0
20120521T,316083.0,316083.0,316083.0,316083.0,0
20120522T,326567.0,326567.0,326567.0,326567.0,0
20120523T,346135.0,346135.0,346135.0,346135.0,0
20120524T,334003.0,334003.0,334003.0,334003.0,0
20120525T,339630.0,339630.0,339630.0,339630.0,0
20120528T,341568.0,341568.0,341568.0,341568.0,0
20120529T,350185.0,350185.0,350185.0,350185.0,0
20120530T,357474.0,357474.0,357474.0,357474.0,0
20120531T,240522.0,240522.0,240522.0,240522.0,0
20120601T,276759.0,276759.0,276759.0,276759.0,0
20120604T,285601.0,285601.0,285601.0,285601.0,0
20120605T,286755.0,286755.0,286755.0,286755.0,0
20120606T,287532.0,287532.0,287532.0,287532.0,0
20120607T,273445.0,273445.0,273445.0,273445.0,0
20120608T,278996.0,278996.0,278996.0,278996.0,0
20120611T,264036.0,264036.0,264036.0,264036.0,0
20120612T,266565.0,266565.0,266565.0,266565.0,0
20120613T,252006.0,252006.0,252006.0,252006.0,0
20120614T,245172.0,245172.0,245172.0,245172.0,0
20120615T,244475.0,244475.0,244475.0,244475.0,0
20120618T,240697.0,240697.0,240697.0,240697.0,0
20120619T,248723.0,248723.0,248723.0,248723.0,0
20120620T,250596.0,250596.0,250596.0,250596.0,0
20120621T,260326.0,260326.0,260326.0,260326.0,0
20120622T,256436.0,256436.0,256436.0,256436.0,0
20120625T,259922.0,259922.0,259922.0,259922.0,0
20120626T,263419.0,263419.0,263419.0,263419.0,0
20120627T,257612.0,257612.0,257612.0,257612.0,0
20120628T,200595.0,200595.0,200595.0,200595.0,0
20120629T,212060.0,212060.0,212060.0,212060.0,0
20120702T,219727.0,219727.0,219727.0,219727.0,0
20120703T,229098.0,229098.0,229098.0,229098.0,0
20120704T,231277.0,231277.0,231277.0,231277.0,0
20120705T,239762.0,239762.0,239762.0,239762.0,0
20120706T,242248.0,242248.0,242248.0,242248.0,0
20120709T,229691.0,229691.0,229691.0,229691.0,0
20120710T,249344.0,249344.0,249344.0,249344.0,0
20120711T,244787.0,244787.0,244787.0,244787.0,0
20120712T,247465.0,247465.0,247465.0,247465.0,0
20120713T,249177.0,249177.0,249177.0,249177.0,0
20120716T,259181.0,259181.0,259181.0,259181.0,0
20120717T,262954.0,262954.0,262954.0,262954.0,0
20120718T,270975.0,270975.0,270975.0,270975.0,0
20120719T,251518.0,251518.0,251518.0,251518.0,0
20120720T,252390.0,252390.0,252390.0,252390.0,0
20120723T,266979.0,266979.0,266979.0,266979.0,0
20120724T,267244.0,267244.0,267244.0,267244.0,0
20120725T,285074.0,285074.0,285074.0,285074.0,0
20120726T,245939.0,245939.0,245939.0,245939.0,0
20120727T,216616.0,216616.0,216616.0,216616.0,0
20120730T,211256.0,211256.0,211256.0,211256.0,0
20120731T,210238.0,210238.0,210238.0,210238.0,0
20120801T,209804.0,209804.0,209804.0,209804.0,0
20120802T,212808.0,212808.0,212808.0,212808.0,0
20120803T,217841.0,217841.0,217841.0,217841.0,0
20120806T,208700.0,208700.0,208700.0,208700.0,0
20120807T,201556.0,201556.0,201556.0,201556.0,0
20120808T,197113.0,197113.0,197113.0,197113.0,0
20120809T,202235.0,202235.0,202235.0,202235.0,0
20120810T,201656.0,201656.0,201656.0,201656.0,0
20120813T,206153.0,206153.0,206153.0,206153.0,0
20120814T,209225.0,209225.0,209225.0,209225.0,0
20120816T,205975.0,205975.0,205975.0,205975.0,0
20120817T,192934.0,192934.0,192934.0,192934.0,0
20120821T,200395.0,200395.0,200395.0,200395.0,0
20120822T,200559.0,200559.0,200559.0,200559.0,0
20120823T,192555.0,192555.0,192555.0,192555.0,0
20120824T,188007.0,188007.0,188007.0,188007.0,0
20120827T,189368.0,189368.0,189368.0,189368.0,0
20120828T,191552.0,191552.0,191552.0,191552.0,0
20120829T,194752.0,194752.0,194752.0,194752.0,0
20120830T,161749.0,161749.0,161749.0,161749.0,0
20120831T,178123.0,178123.0,178123.0,178123.0,0
20120903T,188180.0,188180.0,188180.0,188180.0,0
20120904T,188992.0,188992.0,188992.0,188992.0,0
20120905T,199840.0,199840.0,199840.0,199840.0,0
20120906T,200487.0,200487.0,200487.0,200487.0,0
20120907T,192088.0,192088.0,192088.0,192088.0,0
20120910T,195319.0,195319.0,195319.0,195319.0,0
20120911T,199009.0,199009.0,199009.0,199009.0,0
20120912T,195907.0,195907.0,195907.0,195907.0,0
20120913T,196168.0,196168.0,196168.0,196168.0,0
20120914T,195835.0,195835.0,195835.0,195835.0,0
20120917T,205906.0,205906.0,205906.0,205906.0,0
20120918T,211051.0,211051.0,211051.0,211051.0,0
20120920T,204591.0,204591.0,204591.0,204591.0,0
20120921T,221255.0,221255.0,221255.0,221255.0,0
20120924T,221329.0,221329.0,221329.0,221329.0,0
20120925T,214133.0,214133.0,214133.0,214133.0,0
20120926T,217680.0,217680.0,217680.0,217680.0,0
20120927T,156699.0,156699.0,156699.0,156699.0,0
20120928T,169054.0,169054.0,169054.0,169054.0,0
20121001T,171077.0,171077.0,171077.0,171077.0,0
20121003T,162144.0,162144.0,162144.0,162144.0,0
20121004T,159775.0,159775.0,159775.0,159775.0,0
20121005T,163591.0,163591.0,163591.0,163591.0,0
20121008T,154697.0,154697.0,154697.0,154697.0,0
20121009T,156671.0,156671.0,156671.0,156671.0,0
20121010T,168236.0,168236.0,168236.0,168236.0,0
20121011T,180075.0,180075.0,180075.0,180075.0,0
20121012T,181089.0,181089.0,181089.0,181089.0,0
20121015T,179390.0,179390.0,179390.0,179390.0,0
20121016T,176635.0,176635.0,176635.0,176635.0,0
20121017T,173256.0,173256.0,173256.0,173256.0,0
20121018T,185231.0,185231.0,185231.0,185231.0,0
20121019T,173551.0,173551.0,173551.0,173551.0,0
20121022T,180303.0,180303.0,180303.0,180303.0,0
20121023T,173643.0,173643.0,173643.0,173643.0,0
20121025T,138561.0,138561.0,138561.0,138561.0,0
20121026T,146971.0,146971.0,146971.0,146971.0,0
20121029T,147946.0,147946.0,147946.0,147946.0,0
20121030T,168330.0,168330.0,168330.0,168330.0,0
20121031T,163251.0,163251.0,163251.0,163251.0,0
20121101T,160007.0,160007.0,160007.0,160007.0,0
20121102T,166659.0,166659.0,166659.0,166659.0,0
20121105T,165880.0,165880.0,165880.0,165880.0,0
20121106T,171552.0,171552.0,171552.0,171552.0,0
20121107T,184279.0,184279.0,184279.0,184279.0,0
20121108T,180399.0,180399.0,180399.0,180399.0,0
20121109T,176591.0,176591.0,176591.0,176591.0,0
20121112T,181210.0,181210.0,181210.0,181210.0,0
20121113T,180408.0,180408.0,180408.0,180408.0,0
20121115T,188293.0,188293.0,188293.0,188293.0,0
20121116T,192110.0,192110.0,192110.0,192110.0,0
20121119T,192371.0,192371.0,192371.0,192371.0,0
20121120T,188384.0,188384.0,188384.0,188384.0,0
20121121T,187588.0,187588.0,187588.0,187588.0,0
20121122T,186364.0,186364.0,186364.0,186364.0,0
20121123T,178886.0,178886.0,178886.0,178886.0,0
20121126T,179769.0,179769.0,179769.0,179769.0,0
20121127T,178920.0,178920.0,178920.0,178920.0,0
20121129T,145091.0,145091.0,145091.0,145091.0,0
20121130T,158971.0,158971.0,158971.0,158971.0,0
20121203T,165006.0,165006.0,165006.0,165006.0,0
20121204T,175533.0,175533.0,175533.0,175533.0,0
20121205T,182342.0,182342.0,182342.0,182342.0,0
20121206T,191309.0,191309.0,191309.0,191309.0,0
20121207T,185515.0,185515.0,185515.0,185515.0,0
20121210T,180585.0,180585.0,180585.0,180585.0,0
20121211T,170072.0,170072.0,170072.0,170072.0,0
20121212T,172434.0,172434.0,172434.0,172434.0,0
20121213T,174409.0,174409.0,174409.0,174409.0,0
20121214T,175306.0,175306.0,175306.0,175306.0,0
20121217T,175632.0,175632.0,175632.0,175632.0,0
20121218T,180058.0,180058.0,180058.0,180058.0,0
20121219T,178408.0,178408.0,178408.0,178408.0,0
20121220T,175560.0,175560.0,175560.0,175560.0,0
20121221T,169777.0,169777.0,169777.0,169777.0,0
20121224T,163313.0,163313.0,163313.0,163313.0,0
20121226T,170784.0,170784.0,170784.0,170784.0,0
20121227T,133742.0,133742.0,133742.0,133742.0,0
20121228T,136314.0,136314.0,136314.0,136314.0,0
20121231T,146260.0,146260.0,146260.0,146260.0,0
20130101T,159588.0,159588.0,159588.0,159588.0,0
20130102T,165040.0,165040.0,165040.0,165040.0,0
20130103T,161523.0,161523.0,161523.0,161523.0,0
20130104T,162171.0,162171.0,162171.0,162171.0,0
20130107T,156848.0,156848.0,156848.0,156848.0,0
20130108T,151320.0,151320.0,151320.0,151320.0,0
20130109T,149373.0,149373.0,149373.0,149373.0,0
20130110T,150827.0,150827.0,150827.0,150827.0,0
20130111T,142686.0,142686.0,142686.0,142686.0,0
20130114T,154895.0,154895.0,154895.0,154895.0,0
20130115T,158209.0,158209.0,158209.0,158209.0,0
20130116T,147836.0,147836.0,147836.0,147836.0,0
20130117T,148777.0,148777.0,148777.0,148777.0,0
20130118T,142745.0,142745.0,142745.0,142745.0,0
20130121T,148719.0,148719.0,148719.0,148719.0,0
20130122T,142620.0,142620.0,142620.0,142620.0,0
20130123T,137502.0,137502.0,137502.0,137502.0,0
20130124T,141955.0,141955.0,141955.0,141955.0,0
20130125T,147885.0,147885.0,147885.0,147885.0,0
20130128T,158768.0,158768.0,158768.0,158768.0,0
20130129T,160806.0,160806.0,160806.0,160806.0,0
20130130T,159323.0,159323.0,159323.0,159323.0,0
20130131T,109382.0,109382.0,109382.0,109382.0,0
20130201T,123629.0,123629.0,123629.0,123629.0,0
20130204T,130949.0,130949.0,130949.0,130949.0,0
20130205T,135055.0,135055.0,135055.0,135055.0,0
20130206T,148992.0,148992.0,148992.0,148992.0,0
20130207T,156205.0,156205.0,156205.0,156205.0,0
20130208T,170932.0,170932.0,170932.0,170932.0,0
20130211T,168535.0,168535.0,168535.0,168535.0,0
20130212T,174887.0,174887.0,174887.0,174887.0,0
20130213T,175658.0,175658.0,175658.0,175658.0,0
20130214T,183189.0,183189.0,183189.0,183189.0,0
20130215T,192477.0,192477.0,192477.0,192477.0,0
20130218T,207954.0,207954.0,207954.0,207954.0,0
20130219T,224664.0,224664.0,224664.0,224664.0,0
20130220T,219494.0,219494.0,219494.0,219494.0,0
20130221T,234893.0,234893.0,234893.0,234893.0,0
20130222T,244821.0,244821.0,244821.0,244821.0,0
20130225T,261203.0,261203.0,261203.0,261203.0,0
20130226T,290179.0,290179.0,290179.0,290179.0,0
20130227T,301333.0,301333.0,301333.0,301333.0,0
20130228T,171034.0,171034.0,171034.0,171034.0,0
20130301T,196576.0,196576.0,196576.0,196576.0,0
20130304T,205108.0,205108.0,205108.0,205108.0,0
20130305T,210940.0,210940.0,210940.0,210940.0,0
20130306T,222891.0,222891.0,222891.0,222891.0,0
20130307T,228722.0,228722.0,228722.0,228722.0,0
20130308T,226243.0,226243.0,226243.0,226243.0,0
20130311T,229273.0,229273.0,229273.0,229273.0,0
20130312T,222113.0,222113.0,222113.0,222113.0,0
20130313T,220994.0,220994.0,220994.0,220994.0,0
20130314T,213724.0,213724.0,213724.0,213724.0,0
20130315T,196771.0,196771.0,196771.0,196771.0,0
20130318T,199053.0,199053.0,199053.0,199053.0,0
20130319T,227509.0,227509.0,227509.0,227509.0,0
20130320T,224106.0,224106.0,224106.0,224106.0,0
20130321T,232221.0,232221.0,232221.0,232221.0,0
20130322T,225746.0,225746.0,225746.0,225746.0,0
20130325T,226428.0,226428.0,226428.0,226428.0,0
20130326T,237079.0,237079.0,237079.0,237079.0,0
20130328T,134668.0,134668.0,134668.0,134668.0,0
20130401T,158904.0,158904.0,158904.0,158904.0,0
20130402T,171501.0,171501.0,171501.0,171501.0,0
20130403T,187829.0,187829.0,187829.0,187829.0,0
20130404T,208681.0,208681.0,208681.0,208681.0,0
20130405T,225769.0,225769.0,225769.0,225769.0,0
20130408T,237506.0,237506.0,237506.0,237506.0,0
20130409T,257025.0,257025.0,257025.0,257025.0,0
20130410T,268507.0,268507.0,268507.0,268507.0,0
20130411T,271924.0,271924.0,271924.0,271924.0,0
20130412T,284686.0,284686.0,284686.0,284686.0,0
20130415T,295833.0,295833.0,295833.0,295833.0,0
20130416T,280946.0,280946.0,280946.0,280946.0,0
20130417T,276093.0,276093.0,276093.0,276093.0,0
20130418T,263733.0,263733.0,263733.0,263733.0,0
20130422T,244900.0,244900.0,244900.0,244900.0,0
20130423T,219512.0,219512.0,219512.0,219512.0,0
20130425T,111715.0,111715.0,111715.0,111715.0,0
20130426T,111528.0,111528.0,111528.0,111528.0,0
20130429T,115445.0,115445.0,115445.0,115445.0,0
20130430T,119135.0,119135.0,119135.0,119135.0,0
20130502T,130921.0,130921.0,130921.0,130921.0,0
20130503T,126331.0,126331.0,126331.0,126331.0,0
20130506T,121841.0,121841.0,121841.0,121841.0,0
20130507T,130828.0,130828.0,130828.0,130828.0,0
20130508T,125987.0,125987.0,125987.0,125987.0,0
20130509T,127510.0,127510.0,127510.0,127510.0,0
20130510T,133751.0,133751.0,133751.0,133751.0,0
20130513T,125362.0,125362.0,125362.0,125362.0,0
20130514T,125255.0,125255.0,125255.0,125255.0,0
20130515T,146148.0,146148.0,146148.0,146148.0,0
20130516T,143861.0,143861.0,143861.0,143861.0,0
20130517T,144026.0,144026.0,144026.0,144026.0,0
20130520T,140873.0,140873.0,140873.0,140873.0,0
20130521T,133987.0,133987.0,133987.0,133987.0,0
20130522T,134460.0,134460.0,134460.0,134460.0,0
20130523T,129922.0,129922.0,129922.0,129922.0,0
20130524T,129256.0,129256.0,129256.0,129256.0,0
20130527T,128844.0,128844.0,128844.0,128844.0,0
20130528T,135980.0,135980.0,135980.0,135980.0,0
20130529T,125413.0,125413.0,125413.0,125413.0,0
20130530T,90671.0,90671.0,90671.0,90671.0,0
20130531T,98494.0,98494.0,98494.0,98494.0,0
20130603T,105677.0,105677.0,105677.0,105677.0,0
20130604T,111162.0,111162.0,111162.0,111162.0,0
20130605T,112958.0,112958.0,112958.0,112958.0,0
20130606T,129845.0,129845.0,129845.0,129845.0,0
20130607T,138813.0,138813.0,138813.0,138813.0,0
20130610T,141697.0,141697.0,141697.0,141697.0,0
20130611T,160114.0,160114.0,160114.0,160114.0,0
20130612T,173601.0,173601.0,173601.0,173601.0,0
20130613T,196382.0,196382.0,196382.0,196382.0,0
20130614T,186083.0,186083.0,186083.0,186083.0,0
20130617T,199383.0,199383.0,199383.0,199383.0,0
20130618T,213056.0,213056.0,213056.0,213056.0,0
20130619T,226234.0,226234.0,226234.0,226234.0,0
20130620T,287139.0,287139.0,287139.0,287139.0,0
20130621T,299528.0,299528.0,299528.0,299528.0,0
20130624T,315928.0,315928.0,315928.0,315928.0,0
20130625T,313769.0,313769.0,313769.0,313769.0,0
20130626T,316453.0,316453.0,316453.0,316453.0,0
20130627T,122489.0,122489.0,122489.0,122489.0,0
20130628T,117099.0,117099.0,117099.0,117099.0,0
20130701T,123559.0,123559.0,123559.0,123559.0,0
20130702T,127950.0,127950.0,127950.0,127950.0,0
20130703T,132157.0,132157.0,132157.0,132157.0,0
20130704T,139589.0,139589.0,139589.0,139589.0,0
20130705T,146886.0,146886.0,146886.0,146886.0,0
20130708T,149547.0,149547.0,149547.0,149547.0,0
20130709T,152658.0,152658.0,152658.0,152658.0,0
20130710T,159245.0,159245.0,159245.0,159245.0,0
20130711T,135249.0,135249.0,135249.0,135249.0,0
20130712T,147230.0,147230.0,147230.0,147230.0,0
20130715T,156848.0,156848.0,156848.0,156848.0,0
20130716T,142575.0,142575.0,142575.0,142575.0,0
20130717T,147027.0,147027.0,147027.0,147027.0,0
20130718T,152153.0,152153.0,152153.0,152153.0,0
20130719T,145485.0,145485.0,145485.0,145485.0,0
20130722T,144030.0,144030.0,144030.0,144030.0,0
20130723T,151318.0,151318.0,151318.0,151318.0,0
20130724T,158121.0,158121.0,158121.0,158121.0,0
20130725T,113683.0,113683.0,113683.0,113683.0,0
20130726T,130422.0,130422.0,130422.0,130422.0,0
20130729T,131391.0,131391.0,131391.0,131391.0,0
20130730T,141842.0,141842.0,141842.0,141842.0,0
20130731T,150037.0,150037.0,150037.0,150037.0,0
20130801T,159218.0,159218.0,159218.0,159218.0,0
20130802T,165275.0,165275.0,165275.0,165275.0,0
20130805T,164953.0,164953.0,164953.0,164953.0,0
20130806T,180973.0,180973.0,180973.0,180973.0,0
20130807T,179583.0,179583.0,179583.0,179583.0,0
20130808T,175919.0,175919.0,175919.0,175919.0,0
20130812T,166882.0,166882.0,166882.0,166882.0,0
20130813T,173846.0,173846.0,173846.0,173846.0,0
20130814T,199479.0,199479.0,199479.0,199479.0,0
20130816T,241740.0,241740.0,241740.0,241740.0,0
20130819T,263789.0,263789.0,263789.0,263789.0,0
20130820T,286901.0,286901.0,286901.0,286901.0,0
20130821T,317390.0,317390.0,317390.0,317390.0,0
20130822T,0.0,0.0,0.0,0.0,0
20130823T,325235.0,325235.0,325235.0,325235.0,0
20130826T,342431.0,342431.0,342431.0,342431.0,0
20130827T,360050.0,360050.0,360050.0,360050.0,0
20130828T,374676.0,374676.0,374676.0,374676.0,0
20130829T,185640.0,185640.0,185640.0,185640.0,0
20130830T,227753.0,227753.0,227753.0,227753.0,0
20130902T,240605.0,240605.0,240605.0,240605.0,0
20130903T,264938.0,264938.0,264938.0,264938.0,0
20130904T,261871.0,261871.0,261871.0,261871.0,0
20130905T,248487.0,248487.0,248487.0,248487.0,0
20130906T,239945.0,239945.0,239945.0,239945.0,0
20130910T,216078.0,216078.0,216078.0,216078.0,0
20130911T,205983.0,205983.0,205983.0,205983.0,0
20130912T,198775.0,198775.0,198775.0,198775.0,0
20130913T,192059.0,192059.0,192059.0,192059.0,0
20130916T,184000.0,184000.0,184000.0,184000.0,0
20130917T,173687.0,173687.0,173687.0,173687.0,0
20130918T,161441.0,161441.0,161441.0,161441.0,0
20130919T,125749.0,125749.0,125749.0,125749.0,0
20130920T,88470.0,88470.0,88470.0,88470.0,0
20130923T,95508.0,95508.0,95508.0,95508.0,0
20130924T,108341.0,108341.0,108341.0,108341.0,0
20130925T,113216.0,113216.0,113216.0,113216.0,0
20130926T,77347.0,77347.0,77347.0,77347.0,0
20130927T,86298.0,86298.0,86298.0,86298.0,0
20130930T,100863.0,100863.0,100863.0,100863.0,0
20131001T,101914.0,101914.0,101914.0,101914.0,0
20131003T,117923.0,117923.0,117923.0,117923.0,0
20131004T,114935.0,114935.0,114935.0,114935.0,0
20131007T,110799.0,110799.0,110799.0,110799.0,0
20131008T,114871.0,114871.0,114871.0,114871.0,0
20131010T,116863.0,116863.0,116863.0,116863.0,0
20131011T,111429.0,111429.0,111429.0,111429.0,0
20131014T,107799.0,107799.0,107799.0,107799.0,0
20131015T,100054.0,100054.0,100054.0,100054.0,0
20131017T,97725.0,97725.0,97725.0,97725.0,0
20131018T,105042.0,105042.0,105042.0,105042.0,0
20131021T,101672.0,101672.0,101672.0,101672.0,0
20131022T,104475.0,104475.0,104475.0,104475.0,0
20131023T,104833.0,104833.0,104833.0,104833.0,0
20131024T,110156.0,110156.0,110156.0,110156.0,0
20131025T,111867.0,111867.0,111867.0,111867.0,0
20131028T,108791.0,108791.0,108791.0,108791.0,0
20131029T,139518.0,139518.0,139518.0,139518.0,0
20131030T,143096.0,143096.0,143096.0,143096.0,0
20131031T,87998.0,87998.0,87998.0,87998.0,0
20131101T,80186.0,80186.0,80186.0,80186.0,0
20131105T,80759.0,80759.0,80759.0,80759.0,0
20131106T,82498.0,82498.0,82498.0,82498.0,0
20131107T,79904.0,79904.0,79904.0,79904.0,0
20131108T,82316.0,82316.0,82316.0,82316.0,0
20131111T,89457.0,89457.0,89457.0,89457.0,0
20131112T,105423.0,105423.0,105423.0,105423.0,0
20131113T,109831.0,109831.0,109831.0,109831.0,0
20131114T,98430.0,98430.0,98430.0,98430.0,0
20131118T,96270.0,96270.0,96270.0,96270.0,0
20131119T,99399.0,99399.0,99399.0,99399.0,0
20131120T,98090.0,98090.0,98090.0,98090.0,0
20131121T,112114.0,112114.0,112114.0,112114.0,0
20131122T,104696.0,104696.0,104696.0,104696.0,0
20131125T,97753.0,97753.0,97753.0,97753.0,0
20131126T,101408.0,101408.0,101408.0,101408.0,0
20131127T,108053.0,108053.0,108053.0,108053.0,0
20131128T,81922.0,81922.0,81922.0,81922.0,0
20131129T,97892.0,97892.0,97892.0,97892.0,0
20131202T,99412.0,99412.0,99412.0,99412.0,0
20131203T,98400.0,98400.0,98400.0,98400.0,0
20131204T,98766.0,98766.0,98766.0,98766.0,0
20131205T,97961.0,97961.0,97961.0,97961.0,0
20131206T,102395.0,102395.0,102395.0,102395.0,0
20131209T,90406.0,90406.0,90406.0,90406.0,0
20131210T,91755.0,91755.0,91755.0,91755.0,0
20131211T,89328.0,89328.0,89328.0,89328.0,0
20131212T,90487.0,90487.0,90487.0,90487.0,0
20131213T,103362.0,103362.0,103362.0,103362.0,0
20131216T,107143.0,107143.0,107143.0,107143.0,0
20131217T,113215.0,113215.0,113215.0,113215.0,0
20131218T,114637.0,114637.0,114637.0,114637.0,0
20131219T,114008.0,114008.0,114008.0,114008.0,0
20131220T,116334.0,116334.0,116334.0,116334.0,0
20131223T,113333.0,113333.0,113333.0,113333.0,0
20131224T,114021.0,114021.0,114021.0,114021.0,0
20131226T,96967.0,96967.0,96967.0,96967.0,0
20131227T,95069.0,95069.0,95069.0,95069.0,0
20131230T,101216.0,101216.0,101216.0,101216.0,0
20131231T,105950.0,105950.0,105950.0,105950.0,0
20140101T,108250.0,108250.0,108250.0,108250.0,0
20140102T,102042.0,102042.0,102042.0,102042.0,0
20140103T,104610.0,104610.0,104610.0,104610.0,0
20140106T,106348.0,106348.0,106348.0,106348.0,0
20140107T,112882.0,112882.0,112882.0,112882.0,0
20140108T,120861.0,120861.0,120861.0,120861.0,0
20140109T,132758.0,132758.0,132758.0,132758.0,0
20140110T,137126.0,137126.0,137126.0,137126.0,0
20140113T,133985.0,133985.0,133985.0,133985.0,0
20140114T,135084.0,135084.0,135084.0,135084.0,0
20140115T,126980.0,126980.0,126980.0,126980.0,0
20140116T,124455.0,124455.0,124455.0,124455.0,0
20140117T,117861.0,117861.0,117861.0,117861.0,0
20140120T,123970.0,123970.0,123970.0,123970.0,0
20140121T,126910.0,126910.0,126910.0,126910.0,0
20140122T,127765.0,127765.0,127765.0,127765.0,0
20140123T,131631.0,131631.0,131631.0,131631.0,0
20140124T,126238.0,126238.0,126238.0,126238.0,0
20140127T,144735.0,144735.0,144735.0,144735.0,0
20140128T,156929.0,156929.0,156929.0,156929.0,0
20140129T,173659.0,173659.0,173659.0,173659.0,0
20140130T,132641.0,132641.0,132641.0,132641.0,0
20140131T,138278.0,138278.0,138278.0,138278.0,0
20140203T,150271.0,150271.0,150271.0,150271.0,0
20140204T,154596.0,154596.0,154596.0,154596.0,0
20140205T,163791.0,163791.0,163791.0,163791.0,0
20140206T,165964.0,165964.0,165964.0,165964.0,0
20140207T,157491.0,157491.0,157491.0,157491.0,0
20140210T,159250.0,159250.0,159250.0,159250.0,0
20140211T,170672.0,170672.0,170672.0,170672.0,0
20140212T,161859.0,161859.0,161859.0,161859.0,0
20140213T,185392.0,185392.0,185392.0,185392.0,0
20140214T,181976.0,181976.0,181976.0,181976.0,0
20140217T,173643.0,173643.0,173643.0,173643.0,0
20140218T,166639.0,166639.0,166639.0,166639.0,0
20140219T,174728.0,174728.0,174728.0,174728.0,0
20140220T,172645.0,172645.0,172645.0,172645.0,0
20140221T,170853.0,170853.0,170853.0,170853.0,0
20140225T,150426.0,150426.0,150426.0,150426.0,0
20140226T,96701.0,96701.0,96701.0,96701.0,0
20140228T,107029.0,107029.0,107029.0,107029.0,0
20140303T,105449.0,105449.0,105449.0,105449.0,0
20140304T,114413.0,114413.0,114413.0,114413.0,0
20140305T,115987.0,115987.0,115987.0,115987.0,0
20140306T,121397.0,121397.0,121397.0,121397.0,0
20140307T,112652.0,112652.0,112652.0,112652.0,0
20140310T,117170.0,117170.0,117170.0,117170.0,0
20140311T,116294.0,116294.0,116294.0,116294.0,0
20140312T,116736.0,116736.0,116736.0,116736.0,0
20140313T,117209.0,117209.0,117209.0,117209.0,0
20140314T,118140.0,118140.0,118140.0,118140.0,0
20140318T,121375.0,121375.0,121375.0,121375.0,0
20140319T,123800.0,123800.0,123800.0,123800.0,0
20140320T,120473.0,120473.0,120473.0,120473.0,0
20140321T,124503.0,124503.0,124503.0,124503.0,0
20140324T,128478.0,128478.0,128478.0,128478.0,0
20140325T,128486.0,128486.0,128486.0,128486.0,0
20140326T,125664.0,125664.0,125664.0,125664.0,0
20140327T,97661.0,97661.0,97661.0,97661.0,0
20140328T,100391.0,100391.0,100391.0,100391.0,0
20140331T,99141.0,99141.0,99141.0,99141.0,0
20140401T,97394.0,97394.0,97394.0,97394.0,0
20140402T,104923.0,104923.0,104923.0,104923.0,0
20140403T,99775.0,99775.0,99775.0,99775.0,0
20140404T,101373.0,101373.0,101373.0,101373.0,0
20140407T,104747.0,104747.0,104747.0,104747.0,0
20140409T,116704.0,116704.0,116704.0,116704.0,0
20140410T,112403.0,112403.0,112403.0,112403.0,0
20140411T,113505.0,113505.0,113505.0,113505.0,0
20140415T,112576.0,112576.0,112576.0,112576.0,0
20140416T,112532.0,112532.0,112532.0,112532.0,0
20140417T,128636.0,128636.0,128636.0,128636.0,0
20140421T,133326.0,133326.0,133326.0,133326.0,0
20140422T,130192.0,130192.0,130192.0,130192.0,0
20140423T,100396.0,100396.0,100396.0,100396.0,0
20140425T,105161.0,105161.0,105161.0,105161.0,0
20140428T,114136.0,114136.0,114136.0,114136.0,0
20140429T,115953.0,115953.0,115953.0,115953.0,0
20140430T,115531.0,115531.0,115531.0,115531.0,0
20140502T,120449.0,120449.0,120449.0,120449.0,0
20140505T,121696.0,121696.0,121696.0,121696.0,0
20140506T,126298.0,126298.0,126298.0,126298.0,0
20140507T,135182.0,135182.0,135182.0,135182.0,0
20140508T,140893.0,140893.0,140893.0,140893.0,0
20140509T,138516.0,138516.0,138516.0,138516.0,0
20140512T,148841.0,148841.0,148841.0,148841.0,0
20140513T,139886.0,139886.0,139886.0,139886.0,0
20140514T,153695.0,153695.0,153695.0,153695.0,0
20140515T,170816.0,170816.0,170816.0,170816.0,0
20140516T,255165.0,255165.0,255165.0,255165.0,0
20140519T,249074.0,249074.0,249074.0,249074.0,0
20140520T,241069.0,241069.0,241069.0,241069.0,0
20140521T,240720.0,240720.0,240720.0,240720.0,0
20140522T,237040.0,237040.0,237040.0,237040.0,0
20140523T,243350.0,243350.0,243350.0,243350.0,0
20140526T,239911.0,239911.0,239911.0,239911.0,0
20140527T,259752.0,259752.0,259752.0,259752.0,0
20140528T,272379.0,272379.0,272379.0,272379.0,0
20140529T,213994.0,213994.0,213994.0,213994.0,0
20140530T,222251.0,222251.0,222251.0,222251.0,0
20140602T,214569.0,214569.0,214569.0,214569.0,0
20140603T,206816.0,206816.0,206816.0,206816.0,0
20140604T,196749.0,196749.0,196749.0,196749.0,0
20140605T,194637.0,194637.0,194637.0,194637.0,0
20140606T,189261.0,189261.0,189261.0,189261.0,0
20140609T,201385.0,201385.0,201385.0,201385.0,0
20140610T,218347.0,218347.0,218347.0,218347.0,0
20140611T,215300.0,215300.0,215300.0,215300.0,0
20140612T,218595.0,218595.0,218595.0,218595.0,0
20140613T,195879.0,195879.0,195879.0,195879.0,0
20140616T,177700.0,177700.0,177700.0,177700.0,0
20140617T,182797.0,182797.0,182797.0,182797.0,0
20140618T,185558.0,185558.0,185558.0,185558.0,0
20140619T,186352.0,186352.0,186352.0,186352.0,0
20140620T,187629.0,187629.0,187629.0,187629.0,0
20140623T,196564.0,196564.0,196564.0,196564.0,0
20140624T,208659.0,208659.0,208659.0,208659.0,0
20140625T,219465.0,219465.0,219465.0,219465.0,0
20140626T,147119.0,147119.0,147119.0,147119.0,0
20140627T,154931.0,154931.0,154931.0,154931.0,0
20140630T,164670.0,164670.0,164670.0,164670.0,0
20140701T,163229.0,163229.0,163229.0,163229.0,0
20140702T,160046.0,160046.0,160046.0,160046.0,0
20140703T,160604.0,160604.0,160604.0,160604.0,0
20140704T,169109.0,169109.0,169109.0,169109.0,0
20140707T,185496.0,185496.0,185496.0,185496.0,0
20140708T,174579.0,174579.0,174579.0,174579.0,0
20140709T,185739.0,185739.0,185739.0,185739.0,0
20140710T,178046.0,178046.0,178046.0,178046.0,0
20140711T,184503.0,184503.0,184503.0,184503.0,0
20140714T,185267.0,185267.0,185267.0,185267.0,0
20140715T,187762.0,187762.0,187762.0,187762.0,0
20140716T,184837.0,184837.0,184837.0,184837.0,0
20140718T,203051.0,203051.0,203051.0,203051.0,0
20140721T,205959.0,205959.0,205959.0,205959.0,0
20140722T,212137.0,212137.0,212137.0,212137.0,0
20140723T,218309.0,218309.0,218309.0,218309.0,0
20140724T,221476.0,221476.0,221476.0,221476.0,0
20140725T,196052.0,196052.0,196052.0,196052.0,0
20140728T,181555.0,181555.0,181555.0,181555.0,0
20140730T,177231.0,177231.0,177231.0,177231.0,0
20140731T,123218.0,123218.0,123218.0,123218.0,0
20140801T,133075.0,133075.0,133075.0,133075.0,0
20140804T,126047.0,126047.0,126047.0,126047.0,0
20140805T,137319.0,137319.0,137319.0,137319.0,0
20140806T,148455.0,148455.0,148455.0,148455.0,0
20140807T,152211.0,152211.0,152211.0,152211.0,0
20140808T,171901.0,171901.0,171901.0,171901.0,0
20140811T,179448.0,179448.0,179448.0,179448.0,0
20140812T,181995.0,181995.0,181995.0,181995.0,0
20140813T,187083.0,187083.0,187083.0,187083.0,0
20140814T,187522.0,187522.0,187522.0,187522.0,0
20140818T,206889.0,206889.0,206889.0,206889.0,0
20140819T,211621.0,211621.0,211621.0,211621.0,0
20140820T,210830.0,210830.0,210830.0,210830.0,0
20140821T,222881.0,222881.0,222881.0,222881.0,0
20140822T,221681.0,221681.0,221681.0,221681.0,0
20140825T,211998.0,211998.0,211998.0,211998.0,0
20140826T,210033.0,210033.0,210033.0,210033.0,0
20140827T,237948.0,237948.0,237948.0,237948.0,0
20140828T,143562.0,143562.0,143562.0,143562.0,0
20140901T,159454.0,159454.0,159454.0,159454.0,0
20140902T,162527.0,162527.0,162527.0,162527.0,0
20140903T,168759.0,168759.0,168759.0,168759.0,0
20140904T,164371.0,164371.0,164371.0,164371.0,0
20140905T,165625.0,165625.0,165625.0,165625.0,0
20140908T,171197.0,171197.0,171197.0,171197.0,0
20140909T,166664.0,166664.0,166664.0,166664.0,0
20140910T,163218.0,163218.0,163218.0,163218.0,0
20140911T,160956.0,160956.0,160956.0,160956.0,0
20140912T,163866.0,163866.0,163866.0,163866.0,0
20140915T,172710.0,172710.0,172710.0,172710.0,0
20140916T,166631.0,166631.0,166631.0,166631.0,0
20140917T,166659.0,166659.0,166659.0,166659.0,0
20140918T,175714.0,175714.0,175714.0,175714.0,0
20140919T,175457.0,175457.0,175457.0,175457.0,0
20140922T,183778.0,183778.0,183778.0,183778.0,0
20140923T,204892.0,204892.0,204892.0,204892.0,0
20140924T,216063.0,216063.0,216063.0,216063.0,0
20140925T,141213.0,141213.0,141213.0,141213.0,0
20140926T,159723.0,159723.0,159723.0,159723.0,0
20140929T,155115.0,155115.0,155115.0,155115.0,0
20140930T,155124.0,155124.0,155124.0,155124.0,0
20141001T,152743.0,152743.0,152743.0,152743.0,0
20141007T,158118.0,158118.0,158118.0,158118.0,0
20141008T,162425.0,162425.0,162425.0,162425.0,0
20141009T,160126.0,160126.0,160126.0,160126.0,0
20141010T,160366.0,160366.0,160366.0,160366.0,0
20141013T,164318.0,164318.0,164318.0,164318.0,0
20141014T,168511.0,168511.0,168511.0,168511.0,0
20141016T,176365.0,176365.0,176365.0,176365.0,0
20141017T,181860.0,181860.0,181860.0,181860.0,0
20141020T,175447.0,175447.0,175447.0,175447.0,0
20141021T,178775.0,178775.0,178775.0,178775.0,0
20141022T,177749.0,177749.0,177749.0,177749.0,0
20141023T,176528.0,176528.0,176528.0,176528.0,0
20141027T,172943.0,172943.0,172943.0,172943.0,0
20141028T,204405.0,204405.0,204405.0,204405.0,0
20141029T,230703.0,230703.0,230703.0,230703.0,0
20141030T,139993.0,139993.0,139993.0,139993.0,0
20141031T,244641.0,244641.0,244641.0,244641.0,0
20141103T,260100.0,260100.0,260100.0,260100.0,0
20141105T,264363.0,264363.0,264363.0,264363.0,0
20141107T,263895.0,263895.0,263895.0,263895.0,0
20141110T,263239.0,263239.0,263239.0,263239.0,0
20141111T,271265.0,271265.0,271265.0,271265.0,0
20141112T,280084.0,280084.0,280084.0,280084.0,0
20141113T,267500.0,267500.0,267500.0,267500.0,0
20141114T,268056.0,268056.0,268056.0,268056.0,0
20141117T,275300.0,275300.0,275300.0,275300.0,0
20141118T,274761.0,274761.0,274761.0,274761.0,0
20141119T,251947.0,251947.0,251947.0,251947.0,0
20141120T,251416.0,251416.0,251416.0,251416.0,0
20141121T,277137.0,277137.0,277137.0,277137.0,0
20141124T,276379.0,276379.0,276379.0,276379.0,0
20141125T,252496.0,252496.0,252496.0,252496.0,0
20141126T,265726.0,265726.0,265726.0,265726.0,0
20141127T,206848.0,206848.0,206848.0,206848.0,0
20141128T,209513.0,209513.0,209513.0,209513.0,0
20141201T,209418.0,209418.0,209418.0,209418.0,0
20141202T,227963.0,227963.0,227963.0,227963.0,0
20141203T,233615.0,233615.0,233615.0,233615.0,0
20141204T,236133.0,236133.0,236133.0,236133.0,0
20141205T,228427.0,228427.0,228427.0,228427.0,0
20141208T,240524.0,240524.0,240524.0,240524.0,0
20141209T,247606.0,247606.0,247606.0,247606.0,0
20141210T,256510.0,256510.0,256510.0,256510.0,0
20141211T,269722.0,269722.0,269722.0,269722.0,0
20141212T,268885.0,268885.0,268885.0,268885.0,0
20141215T,276177.0,276177.0,276177.0,276177.0,0
20141216T,319861.0,319861.0,319861.0,319861.0,0
20141217T,324178.0,324178.0,324178.0,324178.0,0
20141218T,301243.0,301243.0,301243.0,301243.0,0
20141219T,297468.0,297468.0,297468.0,297468.0,0
20141222T,318074.0,318074.0,318074.0,318074.0,0
20141223T,306123.0,306123.0,306123.0,306123.0,0
20141224T,240960.0,240960.0,240960.0,240960.0,0
20141226T,258097.0,258097.0,258097.0,258097.0,0
20141229T,253941.0,253941.0,253941.0,253941.0,0
20141230T,254046.0,254046.0,254046.0,254046.0,0
20141231T,262040.0,262040.0,262040.0,262040.0,0
20150101T,262606.0,262606.0,262606.0,262606.0,0
20150102T,264301.0,264301.0,264301.0,264301.0,0
20150105T,268464.0,268464.0,268464.0,268464.0,0
20150106T,319514.0,319514.0,319514.0,319514.0,0
20150107T,327607.0,327607.0,327607.0,327607.0,0
20150108T,302500.0,302500.0,302500.0,302500.0,0
20150109T,298787.0,298787.0,298787.0,298787.0,0
20150112T,313850.0,313850.0,313850.0,313850.0,0
20150113T,301761.0,301761.0,301761.0,301761.0,0
20150114T,291822.0,291822.0,291822.0,291822.0,0
20150115T,256051.0,256051.0,256051.0,256051.0,0
20150116T,265688.0,265688.0,265688.0,265688.0,0
20150119T,275774.0,275774.0,275774.0,275774.0,0
20150120T,263441.0,263441.0,263441.0,263441.0,0
20150121T,262919.0,262919.0,262919.0,262919.0,0
20150122T,260970.0,260970.0,260970.0,260970.0,0
20150123T,256063.0,256063.0,256063.0,256063.0,0
20150127T,269092.0,269092.0,269092.0,269092.0,0
20150128T,274881.0,274881.0,274881.0,274881.0,0
20150129T,217494.0,217494.0,217494.0,217494.0,0
20150130T,231526.0,231526.0,231526.0,231526.0,0
20150202T,238968.0,238968.0,238968.0,238968.0,0
20150203T,264526.0,264526.0,264526.0,264526.0,0
20150204T,266338.0,266338.0,266338.0,266338.0,0
20150205T,253983.0,253983.0,253983.0,253983.0,0
20150206T,267320.0,267320.0,267320.0,267320.0,0
20150209T,293484.0,293484.0,293484.0,293484.0,0
20150210T,286138.0,286138.0,286138.0,286138.0,0
20150211T,290093.0,290093.0,290093.0,290093.0,0
20150212T,300386.0,300386.0,300386.0,300386.0,0
20150213T,290400.0,290400.0,290400.0,290400.0,0
20150216T,295111.0,295111.0,295111.0,295111.0,0
20150218T,295787.0,295787.0,295787.0,295787.0,0
20150219T,293875.0,293875.0,293875.0,293875.0,0
20150220T,296610.0,296610.0,296610.0,296610.0,0
20150223T,300220.0,300220.0,300220.0,300220.0,0
20150224T,299550.0,299550.0,299550.0,299550.0,0
20150225T,312146.0,312146.0,312146.0,312146.0,0
20150226T,278368.0,278368.0,278368.0,278368.0,0
20150227T,299181.0,299181.0,299181.0,299181.0,0
20150302T,309053.0,309053.0,309053.0,309053.0,0
20150303T,313413.0,313413.0,313413.0,313413.0,0
20150304T,307008.0,307008.0,307008.0,307008.0,0
20150305T,290342.0,290342.0,290342.0,290342.0,0
20150309T,312299.0,312299.0,312299.0,312299.0,0
20150310T,324244.0,324244.0,324244.0,324244.0,0
20150311T,322054.0,322054.0,322054.0,322054.0,0
20150312T,319785.0,319785.0,319785.0,319785.0,0
20150313T,324326.0,324326.0,324326.0,324326.0,0
20150316T,347563.0,347563.0,347563.0,347563.0,0
20150317T,331560.0,331560.0,331560.0,331560.0,0
20150318T,323757.0,323757.0,323757.0,323757.0,0
20150319T,330496.0,330496.0,330496.0,330496.0,0
20150320T,336804.0,336804.0,336804.0,336804.0,0
20150323T,342230.0,342230.0,342230.0,342230.0,0
20150324T,336472.0,336472.0,336472.0,336472.0,0
20150325T,337291.0,337291.0,337291.0,337291.0,0
20150326T,345688.0,345688.0,345688.0,345688.0,0
20150327T,360842.0,360842.0,360842.0,360842.0,0
20150330T,343840.0,343840.0,343840.0,343840.0,0
20150331T,323321.0,323321.0,323321.0,323321.0,0
20150401T,266284.0,266284.0,266284.0,266284.0,0
20150406T,277373.0,277373.0,277373.0,277373.0,0
20150407T,267389.0,267389.0,267389.0,267389.0,0
20150408T,255435.0,255435.0,255435.0,255435.0,0
20150409T,244209.0,244209.0,244209.0,244209.0,0
20150410T,243626.0,243626.0,243626.0,243626.0,0
20150413T,243981.0,243981.0,243981.0,243981.0,0
20150415T,236938.0,236938.0,236938.0,236938.0,0
20150416T,241060.0,241060.0,241060.0,241060.0,0
20150417T,248957.0,248957.0,248957.0,248957.0,0
20150420T,293628.0,293628.0,293628.0,293628.0,0
20150421T,308154.0,308154.0,308154.0,308154.0,0
20150422T,304237.0,304237.0,304237.0,304237.0,0
20150423T,307240.0,307240.0,307240.0,307240.0,0
20150424T,316335.0,316335.0,316335.0,316335.0,0
20150427T,344841.0,344841.0,344841.0,344841.0,0
20150428T,354002.0,354002.0,354002.0,354002.0,0
20150429T,380059.0,380059.0,380059.0,380059.0,0
20150430T,328555.0,328555.0,328555.0,328555.0,0
20150504T,327847.0,327847.0,327847.0,327847.0,0
20150505T,329335.0,329335.0,329335.0,329335.0,0
20150506T,408955.0,408955.0,408955.0,408955.0,0
20150507T,405903.0,405903.0,405903.0,405903.0,0
20150508T,369897.0,369897.0,369897.0,369897.0,0
20150511T,358483.0,358483.0,358483.0,358483.0,0
20150512T,401100.0,401100.0,401100.0,401100.0,0
20150513T,383514.0,383514.0,383514.0,383514.0,0
20150514T,407552.0,407552.0,407552.0,407552.0,0
20150515T,401098.0,401098.0,401098.0,401098.0,0
20150518T,395670.0,395670.0,395670.0,395670.0,0
20150519T,386886.0,386886.0,386886.0,386886.0,0
20150520T,351376.0,351376.0,351376.0,351376.0,0
20150521T,354304.0,354304.0,354304.0,354304.0,0
20150522T,341762.0,341762.0,341762.0,341762.0,0
20150525T,326723.0,326723.0,326723.0,326723.0,0
20150526T,331391.0,331391.0,331391.0,331391.0,0
20150527T,355801.0,355801.0,355801.0,355801.0,0
20150528T,251412.0,251412.0,251412.0,251412.0,0
20150529T,248906.0,248906.0,248906.0,248906.0,0
20150601T,257369.0,257369.0,257369.0,257369.0,0
20150602T,316359.0,316359.0,316359.0,316359.0,0
20150603T,338951.0,338951.0,338951.0,338951.0,0
20150604T,335131.0,335131.0,335131.0,335131.0,0
20150605T,346120.0,346120.0,346120.0,346120.0,0
20150608T,359267.0,359267.0,359267.0,359267.0,0
20150609T,366200.0,366200.0,366200.0,366200.0,0
20150610T,351886.0,351886.0,351886.0,351886.0,0
20150611T,379310.0,379310.0,379310.0,379310.0,0
20150612T,370696.0,370696.0,370696.0,370696.0,0
20150615T,374753.0,374753.0,374753.0,374753.0,0
20150616T,398117.0,398117.0,398117.0,398117.0,0
20150617T,405663.0,405663.0,405663.0,405663.0,0
20150618T,410554.0,410554.0,410554.0,410554.0,0
20150619T,391740.0,391740.0,391740.0,391740.0,0
20150622T,362484.0,362484.0,362484.0,362484.0,0
20150623T,363551.0,363551.0,363551.0,363551.0,0
20150624T,350023.0,350023.0,350023.0,350023.0,0
20150625T,211364.0,211364.0,211364.0,211364.0,0
20150626T,204490.0,204490.0,204490.0,204490.0,0
20150629T,199295.0,199295.0,199295.0,199295.0,0
20150630T,210183.0,210183.0,210183.0,210183.0,0
20150701T,222747.0,222747.0,222747.0,222747.0,0
20150702T,209029.0,209029.0,209029.0,209029.0,0
20150703T,221139.0,221139.0,221139.0,221139.0,0
20150706T,242631.0,242631.0,242631.0,242631.0,0
20150707T,236876.0,236876.0,236876.0,236876.0,0
20150708T,225494.0,225494.0,225494.0,225494.0,0
20150709T,239888.0,239888.0,239888.0,239888.0,0
20150710T,244495.0,244495.0,244495.0,244495.0,0
20150713T,259335.0,259335.0,259335.0,259335.0,0
20150714T,242391.0,242391.0,242391.0,242391.0,0
20150715T,231754.0,231754.0,231754.0,231754.0,0
20150716T,231024.0,231024.0,231024.0,231024.0,0
20150717T,231539.0,231539.0,231539.0,231539.0,0
20150720T,232128.0,232128.0,232128.0,232128.0,0
20150721T,209816.0,209816.0,209816.0,209816.0,0
20150722T,233150.0,233150.0,233150.0,233150.0,0
20150723T,228032.0,228032.0,228032.0,228032.0,0
20150724T,232267.0,232267.0,232267.0,232267.0,0
20150727T,251529.0,251529.0,251529.0,251529.0,0
20150728T,255124.0,255124.0,255124.0,255124.0,0
20150729T,269622.0,269622.0,269622.0,269622.0,0
20150730T,215827.0,215827.0,215827.0,215827.0,0
20150731T,218241.0,218241.0,218241.0,218241.0,0
20150803T,211067.0,211067.0,211067.0,211067.0,0
20150804T,194019.0,194019.0,194019.0,194019.0,0
20150805T,202603.0,202603.0,202603.0,202603.0,0
20150806T,206159.0,206159.0,206159.0,206159.0,0
20150807T,194668.0,194668.0,194668.0,194668.0,0
20150810T,176607.0,176607.0,176607.0,176607.0,0
20150811T,199060.0,199060.0,199060.0,199060.0,0
20150812T,233774.0,233774.0,233774.0,233774.0,0
20150813T,223982.0,223982.0,223982.0,223982.0,0
20150814T,214440.0,214440.0,214440.0,214440.0,0
20150817T,218915.0,218915.0,218915.0,218915.0,0
20150818T,225870.0,225870.0,225870.0,225870.0,0
20150819T,250291.0,250291.0,250291.0,250291.0,0
20150820T,325425.0,325425.0,325425.0,325425.0,0
20150821T,386032.0,386032.0,386032.0,386032.0,0
20150824T,503784.0,503784.0,503784.0,503784.0,0
20150825T,463267.0,463267.0,463267.0,463267.0,0
20150826T,492842.0,492842.0,492842.0,492842.0,0
20150827T,282988.0,282988.0,282988.0,282988.0,0
20150828T,250032.0,250032.0,250032.0,250032.0,0
20150831T,243392.0,243392.0,243392.0,243392.0,0
20150901T,260642.0,260642.0,260642.0,260642.0,0
20150902T,299232.0,299232.0,299232.0,299232.0,0
20150903T,274854.0,274854.0,274854.0,274854.0,0
20150904T,297650.0,297650.0,297650.0,297650.0,0
20150907T,323521.0,323521.0,323521.0,323521.0,0
20150908T,299070.0,299070.0,299070.0,299070.0,0
20150909T,274235.0,274235.0,274235.0,274235.0,0
20150910T,296555.0,296555.0,296555.0,296555.0,0
20150911T,295035.0,295035.0,295035.0,295035.0,0
20150914T,298768.0,298768.0,298768.0,298768.0,0
20150915T,287750.0,287750.0,287750.0,287750.0,0
20150916T,288399.0,288399.0,288399.0,288399.0,0
20150918T,283179.0,283179.0,283179.0,283179.0,0
20150921T,315618.0,315618.0,315618.0,315618.0,0
20150922T,392010.0,392010.0,392010.0,392010.0,0
20150923T,383064.0,383064.0,383064.0,383064.0,0
20150924T,300359.0,300359.0,300359.0,300359.0,0
20150928T,311081.0,311081.0,311081.0,311081.0,0
20150929T,340742.0,340742.0,340742.0,340742.0,0
20150930T,316115.0,316115.0,316115.0,316115.0,0
20151001T,300713.0,300713.0,300713.0,300713.0,0
20151005T,279021.0,279021.0,279021.0,279021.0,0
20151006T,274483.0,274483.0,274483.0,274483.0,0
20151007T,257712.0,257712.0,257712.0,257712.0,0
20151008T,233435.0,233435.0,233435.0,233435.0,0
20151009T,228226.0,228226.0,228226.0,228226.0,0
20151012T,228737.0,228737.0,228737.0,228737.0,0
20151013T,228670.0,228670.0,228670.0,228670.0,0
20151014T,230758.0,230758.0,230758.0,230758.0,0
20151015T,233436.0,233436.0,233436.0,233436.0,0
20151016T,238585.0,238585.0,238585.0,238585.0,0
20151019T,269193.0,269193.0,269193.0,269193.0,0
20151020T,274958.0,274958.0,274958.0,274958.0,0
20151021T,257380.0,257380.0,257380.0,257380.0,0
20151023T,215301.0,215301.0,215301.0,215301.0,0
20151026T,183936.0,183936.0,183936.0,183936.0,0
20151027T,177072.0,177072.0,177072.0,177072.0,0
20151028T,190936.0,190936.0,190936.0,190936.0,0
20151029T,114840.0,114840.0,114840.0,114840.0,0
20151030T,118819.0,118819.0,118819.0,118819.0,0
20151102T,123512.0,123512.0,123512.0,123512.0,0
20151103T,125929.0,125929.0,125929.0,125929.0,0
20151104T,131253.0,131253.0,131253.0,131253.0,0
20151105T,142077.0,142077.0,142077.0,142077.0,0
20151106T,141755.0,141755.0,141755.0,141755.0,0
20151109T,143022.0,143022.0,143022.0,143022.0,0
20151110T,155874.0,155874.0,155874.0,155874.0,0
20151111T,155500.0,155500.0,155500.0,155500.0,0
20151113T,160998.0,160998.0,160998.0,160998.0,0
20151116T,160348.0,160348.0,160348.0,160348.0,0
20151117T,160121.0,160121.0,160121.0,160121.0,0
20151118T,169420.0,169420.0,169420.0,169420.0,0
20151119T,155422.0,155422.0,155422.0,155422.0,0
20151120T,151492.0,151492.0,151492.0,151492.0,0
20151123T,150840.0,150840.0,150840.0,150840.0,0
20151124T,156151.0,156151.0,156151.0,156151.0,0
20151126T,128817.0,128817.0,128817.0,128817.0,0
20151127T,133673.0,133673.0,133673.0,133673.0,0
20151130T,134801.0,134801.0,134801.0,134801.0,0
20151201T,134471.0,134471.0,134471.0,134471.0,0
20151202T,134790.0,134790.0,134790.0,134790.0,0
20151203T,142980.0,142980.0,142980.0,142980.0,0
20151204T,159816.0,159816.0,159816.0,159816.0,0
20151207T,157871.0,157871.0,157871.0,157871.0,0
20151208T,165465.0,165465.0,165465.0,165465.0,0
20151209T,175264.0,175264.0,175264.0,175264.0,0
20151210T,172654.0,172654.0,172654.0,172654.0,0
20151211T,192030.0,192030.0,192030.0,192030.0,0
20151214T,187407.0,187407.0,187407.0,187407.0,0
20151215T,195511.0,195511.0,195511.0,195511.0,0
20151216T,185161.0,185161.0,185161.0,185161.0,0
20151217T,191932.0,191932.0,191932.0,191932.0,0
20151218T,175170.0,175170.0,175170.0,175170.0,0
20151221T,175019.0,175019.0,175019.0,175019.0,0
20151222T,180715.0,180715.0,180715.0,180715.0,0
20151223T,172859.0,172859.0,172859.0,172859.0,0
20151224T,169034.0,169034.0,169034.0,169034.0,0
20151228T,190912.0,190912.0,190912.0,190912.0,0
20151229T,193927.0,193927.0,193927.0,193927.0,0
20151230T,183074.0,183074.0,183074.0,183074.0,0
20151231T,135055.0,135055.0,135055.0,135055.0,0
20160101T,140404.0,140404.0,140404.0,140404.0,0
20160104T,160340.0,160340.0,160340.0,160340.0,0
20160105T,168558.0,168558.0,168558.0,168558.0,0
20160106T,184830.0,184830.0,184830.0,184830.0,0
20160107T,206133.0,206133.0,206133.0,206133.0,0
20160108T,212819.0,212819.0,212819.0,212819.0,0
20160111T,220406.0,220406.0,220406.0,220406.0,0
20160112T,229407.0,229407.0,229407.0,229407.0,0
20160113T,229926.0,229926.0,229926.0,229926.0,0
20160114T,239459.0,239459.0,239459.0,239459.0,0
20160115T,245809.0,245809.0,245809.0,245809.0,0
20160118T,214824.0,214824.0,214824.0,214824.0,0
20160119T,203801.0,203801.0,203801.0,203801.0,0
20160120T,216296.0,216296.0,216296.0,216296.0,0
20160121T,205563.0,205563.0,205563.0,205563.0,0
20160122T,199723.0,199723.0,199723.0,199723.0,0
20160125T,202996.0,202996.0,202996.0,202996.0,0
20160127T,234732.0,234732.0,234732.0,234732.0,0
20160128T,199605.0,199605.0,199605.0,199605.0,0
20160129T,195987.0,195987.0,195987.0,195987.0,0
20160201T,209864.0,209864.0,209864.0,209864.0,0
20160202T,215997.0,215997.0,215997.0,215997.0,0
20160203T,222018.0,222018.0,222018.0,222018.0,0
20160204T,209425.0,209425.0,209425.0,209425.0,0
20160205T,198559.0,198559.0,198559.0,198559.0,0
20160208T,209104.0,209104.0,209104.0,209104.0,0
20160209T,197368.0,197368.0,197368.0,197368.0,0
20160211T,222131.0,222131.0,222131.0,222131.0,0
20160212T,219631.0,219631.0,219631.0,219631.0,0
20160215T,195862.0,195862.0,195862.0,195862.0,0
20160216T,199349.0,199349.0,199349.0,199349.0,0
20160217T,195591.0,195591.0,195591.0,195591.0,0
20160218T,193813.0,193813.0,193813.0,193813.0,0
20160219T,195217.0,195217.0,195217.0,195217.0,0
20160222T,197717.0,197717.0,197717.0,197717.0,0
20160223T,211672.0,211672.0,211672.0,211672.0,0
20160224T,222465.0,222465.0,222465.0,222465.0,0
20160225T,183635.0,183635.0,183635.0,183635.0,0
20160226T,184913.0,184913.0,184913.0,184913.0,0
20160229T,190046.0,190046.0,190046.0,190046.0,0
20160301T,187159.0,187159.0,187159.0,187159.0,0
20160302T,184753.0,184753.0,184753.0,184753.0,0
20160303T,189647.0,189647.0,189647.0,189647.0,0
20160304T,195158.0,195158.0,195158.0,195158.0,0
20160308T,192400.0,192400.0,192400.0,192400.0,0
20160309T,175532.0,175532.0,175532.0,175532.0,0
20160310T,175199.0,175199.0,175199.0,175199.0,0
20160311T,165387.0,165387.0,165387.0,165387.0,0
20160314T,160314.0,160314.0,160314.0,160314.0,0
20160315T,153845.0,153845.0,153845.0,153845.0,0
20160316T,158638.0,158638.0,158638.0,158638.0,0
20160317T,158669.0,158669.0,158669.0,158669.0,0
20160318T,165712.0,165712.0,165712.0,165712.0,0
20160321T,171278.0,171278.0,171278.0,171278.0,0
20160322T,166650.0,166650.0,166650.0,166650.0,0
20160323T,170635.0,170635.0,170635.0,170635.0,0
20160328T,167744.0,167744.0,167744.0,167744.0,0
20160329T,170494.0,170494.0,170494.0,170494.0,0
20160330T,157341.0,157341.0,157341.0,157341.0,0
20160331T,120877.0,120877.0,120877.0,120877.0,0
20160401T,121260.0,121260.0,121260.0,121260.0,0
20160404T,116920.0,116920.0,116920.0,116920.0,0
20160405T,125692.0,125692.0,125692.0,125692.0,0
20160406T,124658.0,124658.0,124658.0,124658.0,0
20160407T,126397.0,126397.0,126397.0,126397.0,0
20160408T,132470.0,132470.0,132470.0,132470.0,0
20160411T,132960.0,132960.0,132960.0,132960.0,0
20160412T,132336.0,132336.0,132336.0,132336.0,0
20160413T,126128.0,126128.0,126128.0,126128.0,0
20160418T,125375.0,125375.0,125375.0,125375.0,0
20160420T,126037.0,126037.0,126037.0,126037.0,0
20160421T,124241.0,124241.0,124241.0,124241.0,0
20160422T,123452.0,123452.0,123452.0,123452.0,0
20160425T,122463.0,122463.0,122463.0,122463.0,0
20160426T,130422.0,130422.0,130422.0,130422.0,0
20160427T,126742.0,126742.0,126742.0,126742.0,0
20160428T,98112.0,98112.0,98112.0,98112.0,0
20160429T,108569.0,108569.0,108569.0,108569.0,0
20160502T,114898.0,114898.0,114898.0,114898.0,0
20160503T,129206.0,129206.0,129206.0,129206.0,0
20160504T,131416.0,131416.0,131416.0,131416.0,0
20160505T,129279.0,129279.0,129279.0,129279.0,0
20160506T,130791.0,130791.0,130791.0,130791.0,0
20160509T,134733.0,134733.0,134733.0,134733.0,0
20160510T,140399.0,140399.0,140399.0,140399.0,0
20160511T,133928.0,133928.0,133928.0,133928.0,0
20160512T,139410.0,139410.0,139410.0,139410.0,0
20160513T,131962.0,131962.0,131962.0,131962.0,0
20160516T,134157.0,134157.0,134157.0,134157.0,0
20160517T,135114.0,135114.0,135114.0,135114.0,0
20160518T,133486.0,133486.0,133486.0,133486.0,0
20160519T,143387.0,143387.0,143387.0,143387.0,0
20160520T,141286.0,141286.0,141286.0,141286.0,0
20160523T,155996.0,155996.0,155996.0,155996.0,0
20160524T,163927.0,163927.0,163927.0,163927.0,0
20160525T,166601.0,166601.0,166601.0,166601.0,0
20160526T,103071.0,103071.0,103071.0,103071.0,0
20160527T,98473.0,98473.0,98473.0,98473.0,0
20160530T,98683.0,98683.0,98683.0,98683.0,0
20160531T,99125.0,99125.0,99125.0,99125.0,0
20160601T,97195.0,97195.0,97195.0,97195.0,0
20160602T,102728.0,102728.0,102728.0,102728.0,0
20160603T,99350.0,99350.0,99350.0,99350.0,0
20160606T,91956.0,91956.0,91956.0,91956.0,0
20160607T,100991.0,100991.0,100991.0,100991.0,0
20160608T,102097.0,102097.0,102097.0,102097.0,0
20160609T,95083.0,95083.0,95083.0,95083.0,0
20160610T,94007.0,94007.0,94007.0,94007.0,0
20160613T,88358.0,88358.0,88358.0,88358.0,0
20160614T,93120.0,93120.0,93120.0,93120.0,0
20160615T,98459.0,98459.0,98459.0,98459.0,0
20160616T,92997.0,92997.0,92997.0,92997.0,0
20160617T,94799.0,94799.0,94799.0,94799.0,0
20160620T,109030.0,109030.0,109030.0,109030.0,0
20160621T,112202.0,112202.0,112202.0,112202.0,0
20160622T,105318.0,105318.0,105318.0,105318.0,0
20160623T,107501.0,107501.0,107501.0,107501.0,0
20160624T,105074.0,105074.0,105074.0,105074.0,0
20160627T,109177.0,109177.0,109177.0,109177.0,0
20160628T,116650.0,116650.0,116650.0,116650.0,0
20160629T,115794.0,115794.0,115794.0,115794.0,0
20160630T,94793.0,94793.0,94793.0,94793.0,0
20160701T,95897.0,95897.0,95897.0,95897.0,0
20160704T,100014.0,100014.0,100014.0,100014.0,0
20160705T,100239.0,100239.0,100239.0,100239.0,0
20160707T,102291.0,102291.0,102291.0,102291.0,0
20160708T,98590.0,98590.0,98590.0,98590.0,0
20160711T,104980.0,104980.0,104980.0,104980.0,0
20160712T,110726.0,110726.0,110726.0,110726.0,0
20160713T,106911.0,106911.0,106911.0,106911.0,0
20160714T,112939.0,112939.0,112939.0,112939.0,0
20160715T,113430.0,113430.0,113430.0,113430.0,0
20160718T,109621.0,109621.0,109621.0,109621.0,0
20160719T,111264.0,111264.0,111264.0,111264.0,0
20160720T,117961.0,117961.0,117961.0,117961.0,0
20160721T,109728.0,109728.0,109728.0,109728.0,0
20160722T,109374.0,109374.0,109374.0,109374.0,0
20160725T,116982.0,116982.0,116982.0,116982.0,0
20160726T,154832.0,154832.0,154832.0,154832.0,0
20160727T,165996.0,165996.0,165996.0,165996.0,0
20160728T,85237.0,85237.0,85237.0,85237.0,0
20160729T,87511.0,87511.0,87511.0,87511.0,0
20160801T,88603.0,88603.0,88603.0,88603.0,0
20160802T,90354.0,90354.0,90354.0,90354.0,0
20160803T,97708.0,97708.0,97708.0,97708.0,0
20160804T,91814.0,91814.0,91814.0,91814.0,0
20160805T,95102.0,95102.0,95102.0,95102.0,0
20160808T,96470.0,96470.0,96470.0,96470.0,0
20160809T,96655.0,96655.0,96655.0,96655.0,0
20160810T,101538.0,101538.0,101538.0,101538.0,0
20160811T,96835.0,96835.0,96835.0,96835.0,0
20160812T,100411.0,100411.0,100411.0,100411.0,0
20160816T,100938.0,100938.0,100938.0,100938.0,0
20160817T,105249.0,105249.0,105249.0,105249.0,0
20160818T,108646.0,108646.0,108646.0,108646.0,0
20160819T,107686.0,107686.0,107686.0,107686.0,0
20160822T,110619.0,110619.0,110619.0,110619.0,0
20160823T,122976.0,122976.0,122976.0,122976.0,0
20160824T,124225.0,124225.0,124225.0,124225.0,0
20160825T,91180.0,91180.0,91180.0,91180.0,0
20160826T,94840.0,94840.0,94840.0,94840.0,0
20160829T,101863.0,101863.0,101863.0,101863.0,0
20160830T,107525.0,107525.0,107525.0,107525.0,0
20160831T,111243.0,111243.0,111243.0,111243.0,0
20160901T,113228.0,113228.0,113228.0,113228.0,0
20160902T,112700.0,112700.0,112700.0,112700.0,0
20160906T,112906.0,112906.0,112906.0,112906.0,0
20160907T,112127.0,112127.0,112127.0,112127.0,0
20160908T,113777.0,113777.0,113777.0,113777.0,0
20160909T,107696.0,107696.0,107696.0,107696.0,0
20160912T,97547.0,97547.0,97547.0,97547.0,0
20160914T,96174.0,96174.0,96174.0,96174.0,0
20160915T,94033.0,94033.0,94033.0,94033.0,0
20160916T,90343.0,90343.0,90343.0,90343.0,0
20160919T,93581.0,93581.0,93581.0,93581.0,0
20160920T,91760.0,91760.0,91760.0,91760.0,0
20160921T,93652.0,93652.0,93652.0,93652.0,0
20160922T,95198.0,95198.0,95198.0,95198.0,0
20160923T,90859.0,90859.0,90859.0,90859.0,0
20160926T,98723.0,98723.0,98723.0,98723.0,0
20160927T,103023.0,103023.0,103023.0,103023.0,0
20160928T,103089.0,103089.0,103089.0,103089.0,0
20160929T,96277.0,96277.0,96277.0,96277.0,0
20160930T,102525.0,102525.0,102525.0,102525.0,0
20161003T,101714.0,101714.0,101714.0,101714.0,0
20161004T,100067.0,100067.0,100067.0,100067.0,0
20161005T,102611.0,102611.0,102611.0,102611.0,0
20161006T,100134.0,100134.0,100134.0,100134.0,0
20161007T,102198.0,102198.0,102198.0,102198.0,0
20161010T,104295.0,104295.0,104295.0,104295.0,0
20161013T,121740.0,121740.0,121740.0,121740.0,0
20161014T,117597.0,117597.0,117597.0,117597.0,0
20161017T,121092.0,121092.0,121092.0,121092.0,0
20161018T,115773.0,115773.0,115773.0,115773.0,0
20161019T,115341.0,115341.0,115341.0,115341.0,0
20161020T,116725.0,116725.0,116725.0,116725.0,0
20161021T,117475.0,117475.0,117475.0,117475.0,0
20161024T,117127.0,117127.0,117127.0,117127.0,0
20161025T,138438.0,138438.0,138438.0,138438.0,0
20161026T,156455.0,156455.0,156455.0,156455.0,0
20161027T,99849.0,99849.0,99849.0,99849.0,0
20161028T,103629.0,103629.0,103629.0,103629.0,0
20161101T,108336.0,108336.0,108336.0,108336.0,0
20161102T,115411.0,115411.0,115411.0,115411.0,0
20161103T,116695.0,116695.0,116695.0,116695.0,0
20161104T,119721.0,119721.0,119721.0,119721.0,0
20161107T,115897.0,115897.0,115897.0,115897.0,0
20161108T,114939.0,114939.0,114939.0,114939.0,0
20161109T,115432.0,115432.0,115432.0,115432.0,0
20161110T,119945.0,119945.0,119945.0,119945.0,0
20161111T,134410.0,134410.0,134410.0,134410.0,0
20161115T,158024.0,158024.0,158024.0,158024.0,0
20161116T,152283.0,152283.0,152283.0,152283.0,0
20161117T,157649.0,157649.0,157649.0,157649.0,0
20161118T,158823.0,158823.0,158823.0,158823.0,0
20161121T,162843.0,162843.0,162843.0,162843.0,0
20161122T,157958.0,157958.0,157958.0,157958.0,0
20161123T,154170.0,154170.0,154170.0,154170.0,0
20161124T,141189.0,141189.0,141189.0,141189.0,0
20161125T,136048.0,136048.0,136048.0,136048.0,0
20161128T,138861.0,138861.0,138861.0,138861.0,0
20161129T,137475.0,137475.0,137475.0,137475.0,0
20161130T,131346.0,131346.0,131346.0,131346.0,0
20161201T,133275.0,133275.0,133275.0,133275.0,0
20161202T,132429.0,132429.0,132429.0,132429.0,0
20161205T,132070.0,132070.0,132070.0,132070.0,0
20161206T,131569.0,131569.0,131569.0,131569.0,0
20161207T,138550.0,138550.0,138550.0,138550.0,0
20161208T,125916.0,125916.0,125916.0,125916.0,0
20161209T,127151.0,127151.0,127151.0,127151.0,0
20161212T,123479.0,123479.0,123479.0,123479.0,0
20161213T,124519.0,124519.0,124519.0,124519.0,0
20161214T,121032.0,121032.0,121032.0,121032.0,0
20161215T,129672.0,129672.0,129672.0,129672.0,0
20161216T,133167.0,133167.0,133167.0,133167.0,0
20161219T,132591.0,132591.0,132591.0,132591.0,0
20161220T,138501.0,138501.0,138501.0,138501.0,0
20161221T,139399.0,139399.0,139399.0,139399.0,0
20161222T,149176.0,149176.0,149176.0,149176.0,0
20161223T,171482.0,171482.0,171482.0,171482.0,0
20161226T,197030.0,197030.0,197030.0,197030.0,0
20161227T,197245.0,197245.0,197245.0,197245.0,0
20161228T,182930.0,182930.0,182930.0,182930.0,0
20161229T,132496.0,132496.0,132496.0,132496.0,0
20161230T,134403.0,134403.0,134403.0,134403.0,0
20170102T,140483.0,140483.0,140483.0,140483.0,0
20170103T,140566.0,140566.0,140566.0,140566.0,0
20170104T,146131.0,146131.0,146131.0,146131.0,0
20170105T,132763.0,132763.0,132763.0,132763.0,0
20170106T,121282.0,121282.0,121282.0,121282.0,0
20170109T,124084.0,124084.0,124084.0,124084.0,0
20170110T,128903.0,128903.0,128903.0,128903.0,0
20170111T,131647.0,131647.0,131647.0,131647.0,0
20170112T,136248.0,136248.0,136248.0,136248.0,0
20170113T,139989.0,139989.0,139989.0,139989.0,0
20170116T,141363.0,141363.0,141363.0,141363.0,0
20170117T,141676.0,141676.0,141676.0,141676.0,0
20170118T,144710.0,144710.0,144710.0,144710.0,0
20170119T,147705.0,147705.0,147705.0,147705.0,0
20170120T,136439.0,136439.0,136439.0,136439.0,0
20170123T,131501.0,131501.0,131501.0,131501.0,0
20170124T,136476.0,136476.0,136476.0,136476.0,0
20170125T,99712.0,99712.0,99712.0,99712.0,0
20170127T,106413.0,106413.0,106413.0,106413.0,0
20170130T,107010.0,107010.0,107010.0,107010.0,0
20170131T,109508.0,109508.0,109508.0,109508.0,0
20170201T,118514.0,118514.0,118514.0,118514.0,0
20170202T,115415.0,115415.0,115415.0,115415.0,0
20170203T,120673.0,120673.0,120673.0,120673.0,0
20170206T,121306.0,121306.0,121306.0,121306.0,0
20170207T,118381.0,118381.0,118381.0,118381.0,0
20170208T,120911.0,120911.0,120911.0,120911.0,0
20170209T,117387.0,117387.0,117387.0,117387.0,0
20170210T,116237.0,116237.0,116237.0,116237.0,0
20170213T,118279.0,118279.0,118279.0,118279.0,0
20170214T,116905.0,116905.0,116905.0,116905.0,0
20170215T,120021.0,120021.0,120021.0,120021.0,0
20170216T,116619.0,116619.0,116619.0,116619.0,0
20170217T,124620.0,124620.0,124620.0,124620.0,0
20170220T,132344.0,132344.0,132344.0,132344.0,0
20170221T,143328.0,143328.0,143328.0,143328.0,0
20170222T,148687.0,148687.0,148687.0,148687.0,0
20170223T,111017.0,111017.0,111017.0,111017.0,0
20170227T,109880.0,109880.0,109880.0,109880.0,0
20170228T,110360.0,110360.0,110360.0,110360.0,0
20170301T,117083.0,117083.0,117083.0,117083.0,0
20170302T,109698.0,109698.0,109698.0,109698.0,0
20170303T,109733.0,109733.0,109733.0,109733.0,0
20170306T,113374.0,113374.0,113374.0,113374.0,0
20170307T,113433.0,113433.0,113433.0,113433.0,0
20170308T,119080.0,119080.0,119080.0,119080.0,0
20170309T,136618.0,136618.0,136618.0,136618.0,0
20170310T,141764.0,141764.0,141764.0,141764.0,0
20170314T,148329.0,148329.0,148329.0,148329.0,0
20170315T,148367.0,148367.0,148367.0,148367.0,0
20170316T,150691.0,150691.0,150691.0,150691.0,0
20170317T,144157.0,144157.0,144157.0,144157.0,0
20170320T,145893.0,145893.0,145893.0,145893.0,0
20170321T,146011.0,146011.0,146011.0,146011.0,0
20170322T,145338.0,145338.0,145338.0,145338.0,0
20170323T,147134.0,147134.0,147134.0,147134.0,0
20170324T,148403.0,148403.0,148403.0,148403.0,0
20170327T,145618.0,145618.0,145618.0,145618.0,0
20170328T,149052.0,149052.0,149052.0,149052.0,0
20170329T,151456.0,151456.0,151456.0,151456.0,0
20170330T,136404.0,136404.0,136404.0,136404.0,0
20170331T,135006.0,135006.0,135006.0,135006.0,0
20170403T,121328.0,121328.0,121328.0,121328.0,0
20170405T,112572.0,112572.0,112572.0,112572.0,0
20170406T,117081.0,117081.0,117081.0,117081.0,0
20170407T,117294.0,117294.0,117294.0,117294.0,0
20170410T,118959.0,118959.0,118959.0,118959.0,0
20170411T,126614.0,126614.0,126614.0,126614.0,0
20170412T,126061.0,126061.0,126061.0,126061.0,0
20170413T,124032.0,124032.0,124032.0,124032.0,0
20170417T,126014.0,126014.0,126014.0,126014.0,0
20170418T,129289.0,129289.0,129289.0,129289.0,0
20170419T,135310.0,135310.0,135310.0,135310.0,0
20170420T,132298.0,132298.0,132298.0,132298.0,0
20170421T,140549.0,140549.0,140549.0,140549.0,0
20170424T,151118.0,151118.0,151118.0,151118.0,0
20170425T,197167.0,197167.0,197167.0,197167.0,0
20170426T,216482.0,216482.0,216482.0,216482.0,0
20170427T,136898.0,136898.0,136898.0,136898.0,0
20170428T,141422.0,141422.0,141422.0,141422.0,0
20170502T,145332.0,145332.0,145332.0,145332.0,0
20170503T,144340.0,144340.0,144340.0,144340.0,0
20170504T,158690.0,158690.0,158690.0,158690.0,0
20170505T,158163.0,158163.0,158163.0,158163.0,0
20170508T,165349.0,165349.0,165349.0,165349.0,0
20170509T,170956.0,170956.0,170956.0,170956.0,0
20170510T,187377.0,187377.0,187377.0,187377.0,0
20170511T,191825.0,191825.0,191825.0,191825.0,0
20170512T,189018.0,189018.0,189018.0,189018.0,0
20170515T,197660.0,197660.0,197660.0,197660.0,0
20170516T,206475.0,206475.0,206475.0,206475.0,0
20170517T,213496.0,213496.0,213496.0,213496.0,0
20170518T,198709.0,198709.0,198709.0,198709.0,0
20170519T,188033.0,188033.0,188033.0,188033.0,0
20170522T,199050.0,199050.0,199050.0,199050.0,0
20170523T,226640.0,226640.0,226640.0,226640.0,0
20170524T,217920.0,217920.0,217920.0,217920.0,0
20170525T,117970.0,117970.0,117970.0,117970.0,0
20170526T,115206.0,115206.0,115206.0,115206.0,0
20170529T,114578.0,114578.0,114578.0,114578.0,0
20170530T,115576.0,115576.0,115576.0,115576.0,0
20170531T,117405.0,117405.0,117405.0,117405.0,0
20170601T,115729.0,115729.0,115729.0,115729.0,0
20170602T,120041.0,120041.0,120041.0,120041.0,0
20170605T,121041.0,121041.0,121041.0,121041.0,0
20170606T,111969.0,111969.0,111969.0,111969.0,0
20170607T,112514.0,112514.0,112514.0,112514.0,0
20170608T,111199.0,111199.0,111199.0,111199.0,0
20170609T,110196.0,110196.0,110196.0,110196.0,0
20170612T,103810.0,103810.0,103810.0,103810.0,0
20170613T,103800.0,103800.0,103800.0,103800.0,0
20170614T,98268.0,98268.0,98268.0,98268.0,0
20170615T,102825.0,102825.0,102825.0,102825.0,0
20170616T,101890.0,101890.0,101890.0,101890.0,0
20170619T,100329.0,100329.0,100329.0,100329.0,0
20170620T,99783.0,99783.0,99783.0,99783.0,0
20170621T,97577.0,97577.0,97577.0,97577.0,0
20170622T,98745.0,98745.0,98745.0,98745.0,0
20170623T,96605.0,96605.0,96605.0,96605.0,0
20170627T,103666.0,103666.0,103666.0,103666.0,0
20170628T,109607.0,109607.0,109607.0,109607.0,0
20170629T,95435.0,95435.0,95435.0,95435.0,0
20170630T,98329.0,98329.0,98329.0,98329.0,0
20170703T,102373.0,102373.0,102373.0,102373.0,0
20170704T,110049.0,110049.0,110049.0,110049.0,0
20170705T,113486.0,113486.0,113486.0,113486.0,0
20170706T,123016.0,123016.0,123016.0,123016.0,0
20170707T,130085.0,130085.0,130085.0,130085.0,0
20170710T,136414.0,136414.0,136414.0,136414.0,0
20170711T,142238.0,142238.0,142238.0,142238.0,0
20170712T,156073.0,156073.0,156073.0,156073.0,0
20170713T,172437.0,172437.0,172437.0,172437.0,0
20170714T,173395.0,173395.0,173395.0,173395.0,0
20170717T,172300.0,172300.0,172300.0,172300.0,0
20170718T,147959.0,147959.0,147959.0,147959.0,0
20170719T,146072.0,146072.0,146072.0,146072.0,0
20170720T,154376.0,154376.0,154376.0,154376.0,0
20170721T,154209.0,154209.0,154209.0,154209.0,0
20170724T,159179.0,159179.0,159179.0,159179.0,0
20170725T,159591.0,159591.0,159591.0,159591.0,0
20170726T,165721.0,165721.0,165721.0,165721.0,0
20170727T,97198.0,97198.0,97198.0,97198.0,0
20170728T,122315.0,122315.0,122315.0,122315.0,0
20170731T,132982.0,132982.0,132982.0,132982.0,0
20170801T,135104.0,135104.0,135104.0,135104.0,0
20170802T,148770.0,148770.0,148770.0,148770.0,0
20170803T,149171.0,149171.0,149171.0,149171.0,0
20170804T,145682.0,145682.0,145682.0,145682.0,0
20170807T,152890.0,152890.0,152890.0,152890.0,0
20170808T,165883.0,165883.0,165883.0,165883.0,0
20170809T,165281.0,165281.0,165281.0,165281.0,0
20170810T,140869.0,140869.0,140869.0,140869.0,0
20170811T,141384.0,141384.0,141384.0,141384.0,0
20170814T,144564.0,144564.0,144564.0,144564.0,0
20170816T,164084.0,164084.0,164084.0,164084.0,0
20170817T,190521.0,190521.0,190521.0,190521.0,0
20170818T,184848.0,184848.0,184848.0,184848.0,0
20170821T,190261.0,190261.0,190261.0,190261.0,0
20170822T,178191.0,178191.0,178191.0,178191.0,0
20170823T,176146.0,176146.0,176146.0,176146.0,0
20170824T,174405.0,174405.0,174405.0,174405.0,0
20170828T,184358.0,184358.0,184358.0,184358.0,0
20170829T,183063.0,183063.0,183063.0,183063.0,0
20170830T,177351.0,177351.0,177351.0,177351.0,0
20170831T,120111.0,120111.0,120111.0,120111.0,0
20170901T,131066.0,131066.0,131066.0,131066.0,0
20170904T,133724.0,133724.0,133724.0,133724.0,0
20170905T,138425.0,138425.0,138425.0,138425.0,0
20170906T,146405.0,146405.0,146405.0,146405.0,0
20170907T,149458.0,149458.0,149458.0,149458.0,0
20170908T,153240.0,153240.0,153240.0,153240.0,0
20170911T,161460.0,161460.0,161460.0,161460.0,0
20170912T,168811.0,168811.0,168811.0,168811.0,0
20170913T,168473.0,168473.0,168473.0,168473.0,0
20170914T,175643.0,175643.0,175643.0,175643.0,0
20170915T,173637.0,173637.0,173637.0,173637.0,0
20170918T,167981.0,167981.0,167981.0,167981.0,0
20170919T,171863.0,171863.0,171863.0,171863.0,0
20170920T,173029.0,173029.0,173029.0,173029.0,0
20170921T,168102.0,168102.0,168102.0,168102.0,0
20170922T,156638.0,156638.0,156638.0,156638.0,0
20170925T,163947.0,163947.0,163947.0,163947.0,0
20170926T,180936.0,180936.0,180936.0,180936.0,0
20170927T,186638.0,186638.0,186638.0,186638.0,0
20170928T,162470.0,162470.0,162470.0,162470.0,0
20170929T,172585.0,172585.0,172585.0,172585.0,0
20171003T,184151.0,184151.0,184151.0,184151.0,0
20171004T,189148.0,189148.0,189148.0,189148.0,0
20171005T,203852.0,203852.0,203852.0,203852.0,0
20171006T,198275.0,198275.0,198275.0,198275.0,0
20171009T,198713.0,198713.0,198713.0,198713.0,0
20171010T,208389.0,208389.0,208389.0,208389.0,0
20171011T,206675.0,206675.0,206675.0,206675.0,0
20171012T,208704.0,208704.0,208704.0,208704.0,0
20171013T,201570.0,201570.0,201570.0,201570.0,0
20171016T,175041.0,175041.0,175041.0,175041.0,0
20171017T,175806.0,175806.0,175806.0,175806.0,0
20171018T,168246.0,168246.0,168246.0,168246.0,0
20171019T,166855.0,166855.0,166855.0,166855.0,0
20171023T,180252.0,180252.0,180252.0,180252.0,0
20171024T,196999.0,196999.0,196999.0,196999.0,0
20171025T,190443.0,190443.0,190443.0,190443.0,0
20171026T,130603.0,130603.0,130603.0,130603.0,0
20171027T,132048.0,132048.0,132048.0,132048.0,0
20171030T,135888.0,135888.0,135888.0,135888.0,0
20171031T,143839.0,143839.0,143839.0,143839.0,0
20171101T,146896.0,146896.0,146896.0,146896.0,0
20171102T,160146.0,160146.0,160146.0,160146.0,0
20171103T,171260.0,171260.0,171260.0,171260.0,0
20171106T,176074.0,176074.0,176074.0,176074.0,0
20171107T,153065.0,153065.0,153065.0,153065.0,0
20171108T,152088.0,152088.0,152088.0,152088.0,0
20171109T,157199.0,157199.0,157199.0,157199.0,0
20171110T,177037.0,177037.0,177037.0,177037.0,0
20171113T,178721.0,178721.0,178721.0,178721.0,0
20171114T,173373.0,173373.0,173373.0,173373.0,0
20171115T,176959.0,176959.0,176959.0,176959.0,0
20171116T,179403.0,179403.0,179403.0,179403.0,0
20171117T,171504.0,171504.0,171504.0,171504.0,0
20171120T,172023.0,172023.0,172023.0,172023.0,0
20171121T,165379.0,165379.0,165379.0,165379.0,0
20171122T,167107.0,167107.0,167107.0,167107.0,0
20171123T,172533.0,172533.0,172533.0,172533.0,0
20171124T,171873.0,171873.0,171873.0,171873.0,0
20171127T,169823.0,169823.0,169823.0,169823.0,0
20171128T,175106.0,175106.0,175106.0,175106.0,0
20171129T,171539.0,171539.0,171539.0,171539.0,0
20171130T,118520.0,118520.0,118520.0,118520.0,0
20171201T,134771.0,134771.0,134771.0,134771.0,0
20171204T,144350.0,144350.0,144350.0,144350.0,0
20171205T,164529.0,164529.0,164529.0,164529.0,0
20171206T,185968.0,185968.0,185968.0,185968.0,0
20171207T,191203.0,191203.0,191203.0,191203.0,0
20171208T,196936.0,196936.0,196936.0,196936.0,0
20171211T,194441.0,194441.0,194441.0,194441.0,0
20171212T,194896.0,194896.0,194896.0,194896.0,0
20171213T,189531.0,189531.0,189531.0,189531.0,0
20171214T,188045.0,188045.0,188045.0,188045.0,0
20171215T,178971.0,178971.0,178971.0,178971.0,0
20171218T,166492.0,166492.0,166492.0,166492.0,0
20171219T,173813.0,173813.0,173813.0,173813.0,0
20171220T,185116.0,185116.0,185116.0,185116.0,0
20171221T,195427.0,195427.0,195427.0,195427.0,0
20171222T,209493.0,209493.0,209493.0,209493.0,0
20171226T,228356.0,228356.0,228356.0,228356.0,0
20171227T,232511.0,232511.0,232511.0,232511.0,0
20171228T,184954.0,184954.0,184954.0,184954.0,0
20171229T,201775.0,201775.0,201775.0,201775.0,0
20180101T,191689.0,191689.0,191689.0,191689.0,0
20180102T,196575.0,196575.0,196575.0,196575.0,0
20180103T,209937.0,209937.0,209937.0,209937.0,0
20180104T,221211.0,221211.0,221211.0,221211.0,0
20180105T,237470.0,237470.0,237470.0,237470.0,0
20180108T,254307.0,254307.0,254307.0,254307.0,0
20180109T,270250.0,270250.0,270250.0,270250.0,0
20180110T,282163.0,282163.0,282163.0,282163.0,0
20180111T,297330.0,297330.0,297330.0,297330.0,0
20180112T,303485.0,303485.0,303485.0,303485.0,0
20180115T,323704.0,323704.0,323704.0,323704.0,0
20180116T,324895.0,324895.0,324895.0,324895.0,0
20180117T,341336.0,341336.0,341336.0,341336.0,0
20180118T,343956.0,343956.0,343956.0,343956.0,0
20180119T,338677.0,338677.0,338677.0,338677.0,0
20180122T,355112.0,355112.0,355112.0,355112.0,0
20180123T,360208.0,360208.0,360208.0,360208.0,0
20180124T,349208.0,349208.0,349208.0,349208.0,0
20180125T,230821.0,230821.0,230821.0,230821.0,0
20180129T,228764.0,228764.0,228764.0,228764.0,0
20180130T,224739.0,224739.0,224739.0,224739.0,0
20180131T,205553.0,205553.0,205553.0,205553.0,0
20180201T,200121.0,200121.0,200121.0,200121.0,0
20180202T,196548.0,196548.0,196548.0,196548.0,0
20180205T,182929.0,182929.0,182929.0,182929.0,0
20180206T,187713.0,187713.0,187713.0,187713.0,0
20180207T,213482.0,213482.0,213482.0,213482.0,0
20180208T,217201.0,217201.0,217201.0,217201.0,0
20180209T,241497.0,241497.0,241497.0,241497.0,0
20180212T,260515.0,260515.0,260515.0,260515.0,0
20180214T,262498.0,262498.0,262498.0,262498.0,0
20180215T,262825.0,262825.0,262825.0,262825.0,0
20180216T,267016.0,267016.0,267016.0,267016.0,0
20180219T,275439.0,275439.0,275439.0,275439.0,0
20180220T,294163.0,294163.0,294163.0,294163.0,0
20180221T,280762.0,280762.0,280762.0,280762.0,0
20180222T,203530.0,203530.0,203530.0,203530.0,0
20180223T,222689.0,222689.0,222689.0,222689.0,0
20180226T,221968.0,221968.0,221968.0,221968.0,0
20180227T,221750.0,221750.0,221750.0,221750.0,0
20180228T,228097.0,228097.0,228097.0,228097.0,0
20180301T,247887.0,247887.0,247887.0,247887.0,0
20180305T,259914.0,259914.0,259914.0,259914.0,0
20180306T,273254.0,273254.0,273254.0,273254.0,0
20180307T,261660.0,261660.0,261660.0,261660.0,0
20180308T,252912.0,252912.0,252912.0,252912.0,0
20180309T,248688.0,248688.0,248688.0,248688.0,0
20180312T,224242.0,224242.0,224242.0,224242.0,0
20180313T,214520.0,214520.0,214520.0,214520.0,0
20180314T,217123.0,217123.0,217123.0,217123.0,0
20180315T,224024.0,224024.0,224024.0,224024.0,0
20180316T,243041.0,243041.0,243041.0,243041.0,0
20180319T,240393.0,240393.0,240393.0,240393.0,0
20180320T,251852.0,251852.0,251852.0,251852.0,0
20180321T,254483.0,254483.0,254483.0,254483.0,0
20180322T,265158.0,265158.0,265158.0,265158.0,0
20180323T,274668.0,274668.0,274668.0,274668.0,0
20180326T,271613.0,271613.0,271613.0,271613.0,0
20180327T,281857.0,281857.0,281857.0,281857.0,0
20180328T,239304.0,239304.0,239304.0,239304.0,0
20180402T,240728.0,240728.0,240728.0,240728.0,0
20180403T,242270.0,242270.0,242270.0,242270.0,0
20180404T,276056.0,276056.0,276056.0,276056.0,0
20180405T,263292.0,263292.0,263292.0,263292.0,0
20180406T,272846.0,272846.0,272846.0,272846.0,0
20180409T,277062.0,277062.0,277062.0,277062.0,0
20180410T,282620.0,282620.0,282620.0,282620.0,0
20180411T,290979.0,290979.0,290979.0,290979.0,0
20180412T,304932.0,304932.0,304932.0,304932.0,0
20180413T,309836.0,309836.0,309836.0,309836.0,0
20180416T,310206.0,310206.0,310206.0,310206.0,0
20180417T,313400.0,313400.0,313400.0,313400.0,0
20180418T,304185.0,304185.0,304185.0,304185.0,0
20180419T,301846.0,301846.0,301846.0,301846.0,0
20180420T,305439.0,305439.0,305439.0,305439.0,0
20180423T,312300.0,312300.0,312300.0,312300.0,0
20180424T,311137.0,311137.0,311137.0,311137.0,0
20180425T,314958.0,314958.0,314958.0,314958.0,0
20180426T,254450.0,254450.0,254450.0,254450.0,0
20180427T,262306.0,262306.0,262306.0,262306.0,0
20180430T,259174.0,259174.0,259174.0,259174.0,0
20180502T,263137.0,263137.0,263137.0,263137.0,0
20180503T,259893.0,259893.0,259893.0,259893.0,0
20180504T,259143.0,259143.0,259143.0,259143.0,0
20180507T,267676.0,267676.0,267676.0,267676.0,0
20180508T,278878.0,278878.0,278878.0,278878.0,0
20180509T,280063.0,280063.0,280063.0,280063.0,0
20180510T,271479.0,271479.0,271479.0,271479.0,0
20180511T,269552.0,269552.0,269552.0,269552.0,0
20180514T,258677.0,258677.0,258677.0,258677.0,0
20180515T,242414.0,242414.0,242414.0,242414.0,0
20180516T,238627.0,238627.0,238627.0,238627.0,0
20180517T,239271.0,239271.0,239271.0,239271.0,0
20180518T,243505.0,243505.0,243505.0,243505.0,0
20180521T,230565.0,230565.0,230565.0,230565.0,0
20180522T,225505.0,225505.0,225505.0,225505.0,0
20180523T,237573.0,237573.0,237573.0,237573.0,0
20180524T,234978.0,234978.0,234978.0,234978.0,0
20180525T,232480.0,232480.0,232480.0,232480.0,0
20180528T,231863.0,231863.0,231863.0,231863.0,0
20180529T,244754.0,244754.0,244754.0,244754.0,0
20180530T,257180.0,257180.0,257180.0,257180.0,0
20180531T,221347.0,221347.0,221347.0,221347.0,0
20180601T,228002.0,228002.0,228002.0,228002.0,0
20180604T,232403.0,232403.0,232403.0,232403.0,0
20180605T,222688.0,222688.0,222688.0,222688.0,0
20180606T,226199.0,226199.0,226199.0,226199.0,0
20180607T,232623.0,232623.0,232623.0,232623.0,0
20180608T,240017.0,240017.0,240017.0,240017.0,0
20180611T,239828.0,239828.0,239828.0,239828.0,0
20180612T,245436.0,245436.0,245436.0,245436.0,0
20180614T,253521.0,253521.0,253521.0,253521.0,0
20180615T,259713.0,259713.0,259713.0,259713.0,0
20180618T,270256.0,270256.0,270256.0,270256.0,0
20180619T,272013.0,272013.0,272013.0,272013.0,0
20180620T,270899.0,270899.0,270899.0,270899.0,0
20180621T,266434.0,266434.0,266434.0,266434.0,0
20180622T,263175.0,263175.0,263175.0,263175.0,0
20180625T,273783.0,273783.0,273783.0,273783.0,0
20180626T,276566.0,276566.0,276566.0,276566.0,0
20180627T,280523.0,280523.0,280523.0,280523.0,0
20180628T,189267.0,189267.0,189267.0,189267.0,0
20180629T,185579.0,185579.0,185579.0,185579.0,0
20180702T,191596.0,191596.0,191596.0,191596.0,0
20180703T,192051.0,192051.0,192051.0,192051.0,0
20180704T,201439.0,201439.0,201439.0,201439.0,0
20180705T,201707.0,201707.0,201707.0,201707.0,0
20180706T,205907.0,205907.0,205907.0,205907.0,0
20180709T,211254.0,211254.0,211254.0,211254.0,0
20180710T,213006.0,213006.0,213006.0,213006.0,0
20180711T,222396.0,222396.0,222396.0,222396.0,0
20180712T,224687.0,224687.0,224687.0,224687.0,0
20180713T,215610.0,215610.0,215610.0,215610.0,0
20180716T,202692.0,202692.0,202692.0,202692.0,0
20180717T,206937.0,206937.0,206937.0,206937.0,0
20180718T,199226.0,199226.0,199226.0,199226.0,0
20180719T,194263.0,194263.0,194263.0,194263.0,0
20180720T,205514.0,205514.0,205514.0,205514.0,0
20180723T,207407.0,207407.0,207407.0,207407.0,0
20180724T,212103.0,212103.0,212103.0,212103.0,0
20180725T,209173.0,209173.0,209173.0,209173.0,0
20180726T,185522.0,185522.0,185522.0,185522.0,0
20180727T,199922.0,199922.0,199922.0,199922.0,0
20180730T,209921.0,209921.0,209921.0,209921.0,0
20180731T,213266.0,213266.0,213266.0,213266.0,0
20180801T,205399.0,205399.0,205399.0,205399.0,0
20180802T,201395.0,201395.0,201395.0,201395.0,0
20180803T,212140.0,212140.0,212140.0,212140.0,0
20180806T,217673.0,217673.0,217673.0,217673.0,0
20180807T,220748.0,220748.0,220748.0,220748.0,0
20180808T,221394.0,221394.0,221394.0,221394.0,0
20180809T,234053.0,234053.0,234053.0,234053.0,0
20180810T,235445.0,235445.0,235445.0,235445.0,0
20180813T,237427.0,237427.0,237427.0,237427.0,0
20180814T,247594.0,247594.0,247594.0,247594.0,0
20180816T,251066.0,251066.0,251066.0,251066.0,0
20180817T,265378.0,265378.0,265378.0,265378.0,0
20180820T,271039.0,271039.0,271039.0,271039.0,0
20180821T,279917.0,279917.0,279917.0,279917.0,0
20180823T,279359.0,279359.0,279359.0,279359.0,0
20180824T,282258.0,282258.0,282258.0,282258.0,0
20180827T,281638.0,281638.0,281638.0,281638.0,0
20180828T,278403.0,278403.0,278403.0,278403.0,0
20180829T,282423.0,282423.0,282423.0,282423.0,0
20180830T,199298.0,199298.0,199298.0,199298.0,0
20180831T,211722.0,211722.0,211722.0,211722.0,0
20180903T,212966.0,212966.0,212966.0,212966.0,0
20180904T,215616.0,215616.0,215616.0,215616.0,0
20180905T,227235.0,227235.0,227235.0,227235.0,0
20180906T,240190.0,240190.0,240190.0,240190.0,0
20180907T,249864.0,249864.0,249864.0,249864.0,0
20180910T,248421.0,248421.0,248421.0,248421.0,0
20180911T,252279.0,252279.0,252279.0,252279.0,0
20180912T,252550.0,252550.0,252550.0,252550.0,0
20180914T,242454.0,242454.0,242454.0,242454.0,0
20180917T,243439.0,243439.0,243439.0,243439.0,0
20180918T,248491.0,248491.0,248491.0,248491.0,0
20180919T,237197.0,237197.0,237197.0,237197.0,0
20180921T,206581.0,206581.0,206581.0,206581.0,0
20180924T,190313.0,190313.0,190313.0,190313.0,0
20180925T,177155.0,177155.0,177155.0,177155.0,0
20180926T,179231.0,179231.0,179231.0,179231.0,0
20180927T,111777.0,111777.0,111777.0,111777.0,0
20180928T,112617.0,112617.0,112617.0,112617.0,0
20181001T,117679.0,117679.0,117679.0,117679.0,0
20181003T,127237.0,127237.0,127237.0,127237.0,0
20181004T,133469.0,133469.0,133469.0,133469.0,0
20181005T,139752.0,139752.0,139752.0,139752.0,0
20181008T,130588.0,130588.0,130588.0,130588.0,0
20181009T,124937.0,124937.0,124937.0,124937.0,0
20181010T,137835.0,137835.0,137835.0,137835.0,0
20181011T,134571.0,134571.0,134571.0,134571.0,0
20181012T,137204.0,137204.0,137204.0,137204.0,0
20181015T,159082.0,159082.0,159082.0,159082.0,0
20181016T,169833.0,169833.0,169833.0,169833.0,0
20181017T,164045.0,164045.0,164045.0,164045.0,0
20181019T,151855.0,151855.0,151855.0,151855.0,0
20181022T,147432.0,147432.0,147432.0,147432.0,0
20181023T,150888.0,150888.0,150888.0,150888.0,0
20181024T,147296.0,147296.0,147296.0,147296.0,0
20181025T,136579.0,136579.0,136579.0,136579.0,0
20181026T,177950.0,177950.0,177950.0,177950.0,0
20181029T,166240.0,166240.0,166240.0,166240.0,0
20181030T,166348.0,166348.0,166348.0,166348.0,0
20181031T,164954.0,164954.0,164954.0,164954.0,0
20181101T,176126.0,176126.0,176126.0,176126.0,0
20181102T,182353.0,182353.0,182353.0,182353.0,0
20181105T,186072.0,186072.0,186072.0,186072.0,0
20181106T,172999.0,172999.0,172999.0,172999.0,0
20181107T,171387.0,171387.0,171387.0,171387.0,0
20181109T,169146.0,169146.0,169146.0,169146.0,0
20181112T,166297.0,166297.0,166297.0,166297.0,0
20181113T,167445.0,167445.0,167445.0,167445.0,0
20181114T,161328.0,161328.0,161328.0,161328.0,0
20181115T,160413.0,160413.0,160413.0,160413.0,0
20181116T,162165.0,162165.0,162165.0,162165.0,0
20181119T,170888.0,170888.0,170888.0,170888.0,0
20181120T,162741.0,162741.0,162741.0,162741.0,0
20181121T,156084.0,156084.0,156084.0,156084.0,0
20181122T,148310.0,148310.0,148310.0,148310.0,0
20181126T,156435.0,156435.0,156435.0,156435.0,0
20181127T,159016.0,159016.0,159016.0,159016.0,0
20181128T,154888.0,154888.0,154888.0,154888.0,0
20181129T,142698.0,142698.0,142698.0,142698.0,0
20181130T,132597.0,132597.0,132597.0,132597.0,0
20181203T,132795.0,132795.0,132795.0,132795.0,0
20181204T,126681.0,126681.0,126681.0,126681.0,0
20181205T,126802.0,126802.0,126802.0,126802.0,0
20181206T,129350.0,129350.0,129350.0,129350.0,0
20181207T,131862.0,131862.0,131862.0,131862.0,0
20181210T,121999.0,121999.0,121999.0,121999.0,0
20181211T,126661.0,126661.0,126661.0,126661.0,0
20181212T,133200.0,133200.0,133200.0,133200.0,0
20181213T,124922.0,124922.0,124922.0,124922.0,0
20181214T,125076.0,125076.0,125076.0,125076.0,0
20181217T,130759.0,130759.0,130759.0,130759.0,0
20181218T,135198.0,135198.0,135198.0,135198.0,0
20181219T,140394.0,140394.0,140394.0,140394.0,0
20181220T,140385.0,140385.0,140385.0,140385.0,0
20181221T,145711.0,145711.0,145711.0,145711.0,0
20181224T,151347.0,151347.0,151347.0,151347.0,0
20181226T,173411.0,173411.0,173411.0,173411.0,0
20181227T,116107.0,116107.0,116107.0,116107.0,0
20181228T,128409.0,128409.0,128409.0,128409.0,0
20181231T,131568.0,131568.0,131568.0,131568.0,0
20190101T,140513.0,140513.0,140513.0,140513.0,0
20190102T,136626.0,136626.0,136626.0,136626.0,0
20190103T,141594.0,141594.0,141594.0,141594.0,0
20190104T,148460.0,148460.0,148460.0,148460.0,0
20190107T,148545.0,148545.0,148545.0,148545.0,0
20190108T,171884.0,171884.0,171884.0,171884.0,0
20190109T,172943.0,172943.0,172943.0,172943.0,0
20190110T,167951.0,167951.0,167951.0,167951.0,0
20190111T,159444.0,159444.0,159444.0,159444.0,0
20190114T,161519.0,161519.0,161519.0,161519.0,0
20190115T,163084.0,163084.0,163084.0,163084.0,0
20190116T,168781.0,168781.0,168781.0,168781.0,0
20190117T,177656.0,177656.0,177656.0,177656.0,0
20190118T,173246.0,173246.0,173246.0,173246.0,0
20190121T,176036.0,176036.0,176036.0,176036.0,0
20190122T,174235.0,174235.0,174235.0,174235.0,0
20190123T,177361.0,177361.0,177361.0,177361.0,0
20190124T,174617.0,174617.0,174617.0,174617.0,0
20190125T,168433.0,168433.0,168433.0,168433.0,0
20190128T,155196.0,155196.0,155196.0,155196.0,0
20190129T,152938.0,152938.0,152938.0,152938.0,0
20190130T,165951.0,165951.0,165951.0,165951.0,0
20190131T,138657.0,138657.0,138657.0,138657.0,0
20190201T,129076.0,129076.0,129076.0,129076.0,0
20190204T,137645.0,137645.0,137645.0,137645.0,0
20190205T,141144.0,141144.0,141144.0,141144.0,0
20190206T,148732.0,148732.0,148732.0,148732.0,0
20190207T,143633.0,143633.0,143633.0,143633.0,0
20190208T,143156.0,143156.0,143156.0,143156.0,0
20190211T,143195.0,143195.0,143195.0,143195.0,0
20190212T,136839.0,136839.0,136839.0,136839.0,0
20190213T,133495.0,133495.0,133495.0,133495.0,0
20190214T,136657.0,136657.0,136657.0,136657.0,0
20190215T,135291.0,135291.0,135291.0,135291.0,0
20190218T,145380.0,145380.0,145380.0,145380.0,0
20190219T,141676.0,141676.0,141676.0,141676.0,0
20190220T,135710.0,135710.0,135710.0,135710.0,0
20190221T,134258.0,134258.0,134258.0,134258.0,0
20190222T,137162.0,137162.0,137162.0,137162.0,0
20190225T,140241.0,140241.0,140241.0,140241.0,0
20190226T,131389.0,131389.0,131389.0,131389.0,0
20190227T,134371.0,134371.0,134371.0,134371.0,0
20190228T,106878.0,106878.0,106878.0,106878.0,0
20190301T,119973.0,119973.0,119973.0,119973.0,0
20190305T,137956.0,137956.0,137956.0,137956.0,0
20190306T,144677.0,144677.0,144677.0,144677.0,0
20190307T,149877.0,149877.0,149877.0,149877.0,0
20190308T,147752.0,147752.0,147752.0,147752.0,0
20190311T,163521.0,163521.0,163521.0,163521.0,0
20190312T,175384.0,175384.0,175384.0,175384.0,0
20190313T,191444.0,191444.0,191444.0,191444.0,0
20190314T,189744.0,189744.0,189744.0,189744.0,0
20190315T,205708.0,205708.0,205708.0,205708.0,0
20190318T,207574.0,207574.0,207574.0,207574.0,0
20190319T,207682.0,207682.0,207682.0,207682.0,0
20190320T,199861.0,199861.0,199861.0,199861.0,0
20190322T,188455.0,188455.0,188455.0,188455.0,0
20190325T,181508.0,181508.0,181508.0,181508.0,0
20190326T,187029.0,187029.0,187029.0,187029.0,0
20190327T,177539.0,177539.0,177539.0,177539.0,0
20190328T,152613.0,152613.0,152613.0,152613.0,0
20190329T,156929.0,156929.0,156929.0,156929.0,0
20190401T,122958.0,122958.0,122958.0,122958.0,0
20190402T,127926.0,127926.0,127926.0,127926.0,0
20190403T,124146.0,124146.0,124146.0,124146.0,0
20190404T,125905.0,125905.0,125905.0,125905.0,0
20190405T,123090.0,123090.0,123090.0,123090.0,0
20190408T,121585.0,121585.0,121585.0,121585.0,0
20190409T,125419.0,125419.0,125419.0,125419.0,0
20190410T,125048.0,125048.0,125048.0,125048.0,0
20190411T,122325.0,122325.0,122325.0,122325.0,0
20190412T,128301.0,128301.0,128301.0,128301.0,0
20190415T,132641.0,132641.0,132641.0,132641.0,0
20190416T,130609.0,130609.0,130609.0,130609.0,0
20190418T,119774.0,119774.0,119774.0,119774.0,0
20190422T,113729.0,113729.0,113729.0,113729.0,0
20190423T,119677.0,119677.0,119677.0,119677.0,0
20190424T,151633.0,151633.0,151633.0,151633.0,0
20190425T,127614.0,127614.0,127614.0,127614.0,0
20190426T,134475.0,134475.0,134475.0,134475.0,0
20190430T,117458.0,117458.0,117458.0,117458.0,0
20190502T,117997.0,117997.0,117997.0,117997.0,0
20190503T,118218.0,118218.0,118218.0,118218.0,0
20190506T,123690.0,123690.0,123690.0,123690.0,0
20190507T,128778.0,128778.0,128778.0,128778.0,0
20190508T,139064.0,139064.0,139064.0,139064.0,0
20190509T,141868.0,141868.0,141868.0,141868.0,0
20190510T,135631.0,135631.0,135631.0,135631.0,0
20190513T,135898.0,135898.0,135898.0,135898.0,0
20190514T,132166.0,132166.0,132166.0,132166.0,0
20190515T,126426.0,126426.0,126426.0,126426.0,0
20190516T,124853.0,124853.0,124853.0,124853.0,0
20190517T,121848.0,121848.0,121848.0,121848.0,0
20190520T,137644.0,137644.0,137644.0,137644.0,0
20190521T,137362.0,137362.0,137362.0,137362.0,0
20190522T,141671.0,141671.0,141671.0,141671.0,0
20190523T,155560.0,155560.0,155560.0,155560.0,0
20190524T,159842.0,159842.0,159842.0,159842.0,0
20190527T,173193.0,173193.0,173193.0,173193.0,0
20190528T,187099.0,187099.0,187099.0,187099.0,0
20190529T,182372.0,182372.0,182372.0,182372.0,0
20190530T,161375.0,161375.0,161375.0,161375.0,0
20190531T,155367.0,155367.0,155367.0,155367.0,0
20190603T,162598.0,162598.0,162598.0,162598.0,0
20190604T,166937.0,166937.0,166937.0,166937.0,0
20190606T,165383.0,165383.0,165383.0,165383.0,0
20190607T,162661.0,162661.0,162661.0,162661.0,0
20190610T,161345.0,161345.0,161345.0,161345.0,0
20190611T,167001.0,167001.0,167001.0,167001.0,0
20190612T,162185.0,162185.0,162185.0,162185.0,0
20190613T,154854.0,154854.0,154854.0,154854.0,0
20190614T,155994.0,155994.0,155994.0,155994.0,0
20190617T,153610.0,153610.0,153610.0,153610.0,0
20190618T,148047.0,148047.0,148047.0,148047.0,0
20190619T,152878.0,152878.0,152878.0,152878.0,0
20190620T,169522.0,169522.0,169522.0,169522.0,0
20190621T,173523.0,173523.0,173523.0,173523.0,0
20190624T,175681.0,175681.0,175681.0,175681.0,0
20190625T,183219.0,183219.0,183219.0,183219.0,0
20190626T,180913.0,180913.0,180913.0,180913.0,0
20190627T,164371.0,164371.0,164371.0,164371.0,0
20190628T,162366.0,162366.0,162366.0,162366.0,0
20190701T,162545.0,162545.0,162545.0,162545.0,0
20190702T,160879.0,160879.0,160879.0,160879.0,0
20190703T,161894.0,161894.0,161894.0,161894.0,0
20190704T,165102.0,165102.0,165102.0,165102.0,0
20190705T,171036.0,171036.0,171036.0,171036.0,0
20190708T,180718.0,180718.0,180718.0,180718.0,0
20190709T,181030.0,181030.0,181030.0,181030.0,0
20190710T,182118.0,182118.0,182118.0,182118.0,0
20190711T,182410.0,182410.0,182410.0,182410.0,0
20190712T,179765.0,179765.0,179765.0,179765.0,0
20190715T,175546.0,175546.0,175546.0,175546.0,0
20190716T,174394.0,174394.0,174394.0,174394.0,0
20190717T,172806.0,172806.0,172806.0,172806.0,0
20190718T,172675.0,172675.0,172675.0,172675.0,0
20190719T,170441.0,170441.0,170441.0,170441.0,0
20190722T,165348.0,165348.0,165348.0,165348.0,0
20190723T,170909.0,170909.0,170909.0,170909.0,0
20190724T,174620.0,174620.0,174620.0,174620.0,0
20190725T,155577.0,155577.0,155577.0,155577.0,0
20190726T,156027.0,156027.0,156027.0,156027.0,0
20190729T,160781.0,160781.0,160781.0,160781.0,0
20190730T,162197.0,162197.0,162197.0,162197.0,0
20190731T,166395.0,166395.0,166395.0,166395.0,0
20190801T,180470.0,180470.0,180470.0,180470.0,0
20190802T,183400.0,183400.0,183400.0,183400.0,0
20190805T,190454.0,190454.0,190454.0,190454.0,0
20190806T,188100.0,188100.0,188100.0,188100.0,0
20190807T,190843.0,190843.0,190843.0,190843.0,0
20190808T,190727.0,190727.0,190727.0,190727.0,0
20190809T,179029.0,179029.0,179029.0,179029.0,0
20190813T,181182.0,181182.0,181182.0,181182.0,0
20190814T,176901.0,176901.0,176901.0,176901.0,0
20190816T,183149.0,183149.0,183149.0,183149.0,0
20190819T,180484.0,180484.0,180484.0,180484.0,0
20190820T,180744.0,180744.0,180744.0,180744.0,0
20190821T,183047.0,183047.0,183047.0,183047.0,0
20190822T,194576.0,194576.0,194576.0,194576.0,0
20190823T,191535.0,191535.0,191535.0,191535.0,0
20190826T,186760.0,186760.0,186760.0,186760.0,0
20190827T,186384.0,186384.0,186384.0,186384.0,0
20190828T,187788.0,187788.0,187788.0,187788.0,0
20190829T,199138.0,199138.0,199138.0,199138.0,0
20190830T,172403.0,172403.0,172403.0,172403.0,0
20190903T,183800.0,183800.0,183800.0,183800.0,0
20190904T,181505.0,181505.0,181505.0,181505.0,0
20190905T,190339.0,190339.0,190339.0,190339.0,0
20190906T,187523.0,187523.0,187523.0,187523.0,0
20190909T,189777.0,189777.0,189777.0,189777.0,0
20190911T,183848.0,183848.0,183848.0,183848.0,0
20190912T,181984.0,181984.0,181984.0,181984.0,0
20190913T,184836.0,184836.0,184836.0,184836.0,0
20190916T,187336.0,187336.0,187336.0,187336.0,0
20190917T,187570.0,187570.0,187570.0,187570.0,0
20190918T,178053.0,178053.0,178053.0,178053.0,0
20190919T,192613.0,192613.0,192613.0,192613.0,0
20190920T,164263.0,164263.0,164263.0,164263.0,0
20190923T,155795.0,155795.0,155795.0,155795.0,0
20190924T,144864.0,144864.0,144864.0,144864.0,0
20190925T,149311.0,149311.0,149311.0,149311.0,0
20190926T,124780.0,124780.0,124780.0,124780.0,0
20190927T,131115.0,131115.0,131115.0,131115.0,0
20190930T,137675.0,137675.0,137675.0,137675.0,0
20191001T,146818.0,146818.0,146818.0,146818.0,0
20191003T,157927.0,157927.0,157927.0,157927.0,0
20191004T,164003.0,164003.0,164003.0,164003.0,0
20191007T,157804.0,157804.0,157804.0,157804.0,0
20191009T,155855.0,155855.0,155855.0,155855.0,0
20191010T,161742.0,161742.0,161742.0,161742.0,0
20191011T,158945.0,158945.0,158945.0,158945.0,0
20191014T,155376.0,155376.0,155376.0,155376.0,0
20191015T,152921.0,152921.0,152921.0,152921.0,0
20191016T,150518.0,150518.0,150518.0,150518.0,0
20191017T,145891.0,145891.0,145891.0,145891.0,0
20191018T,139885.0,139885.0,139885.0,139885.0,0
20191022T,144604.0,144604.0,144604.0,144604.0,0
20191023T,140245.0,140245.0,140245.0,140245.0,0
20191024T,143183.0,143183.0,143183.0,143183.0,0
20191025T,138084.0,138084.0,138084.0,138084.0,0
20191029T,134556.0,134556.0,134556.0,134556.0,0
20191030T,128111.0,128111.0,128111.0,128111.0,0
20191031T,107075.0,107075.0,107075.0,107075.0,0
20191101T,111741.0,111741.0,111741.0,111741.0,0
20191104T,113849.0,113849.0,113849.0,113849.0,0
20191105T,118409.0,118409.0,118409.0,118409.0,0
20191106T,131212.0,131212.0,131212.0,131212.0,0
20191107T,134029.0,134029.0,134029.0,134029.0,0
20191108T,145586.0,145586.0,145586.0,145586.0,0
20191111T,151328.0,151328.0,151328.0,151328.0,0
20191113T,148046.0,148046.0,148046.0,148046.0,0
20191114T,147380.0,147380.0,147380.0,147380.0,0
20191115T,153581.0,153581.0,153581.0,153581.0,0
20191118T,153422.0,153422.0,153422.0,153422.0,0
20191119T,160355.0,160355.0,160355.0,160355.0,0
20191120T,156954.0,156954.0,156954.0,156954.0,0
20191121T,153860.0,153860.0,153860.0,153860.0,0
20191122T,145097.0,145097.0,145097.0,145097.0,0
20191125T,148847.0,148847.0,148847.0,148847.0,0
20191126T,157018.0,157018.0,157018.0,157018.0,0
20191127T,156970.0,156970.0,156970.0,156970.0,0
20191128T,139879.0,139879.0,139879.0,139879.0,0
20191129T,138066.0,138066.0,138066.0,138066.0,0
20191202T,136096.0,136096.0,136096.0,136096.0,0
20191203T,135948.0,135948.0,135948.0,135948.0,0
20191204T,142171.0,142171.0,142171.0,142171.0,0
20191205T,137527.0,137527.0,137527.0,137527.0,0
20191206T,132783.0,132783.0,132783.0,132783.0,0
20191209T,126607.0,126607.0,126607.0,126607.0,0
20191210T,128177.0,128177.0,128177.0,128177.0,0
20191211T,125916.0,125916.0,125916.0,125916.0,0
20191212T,132884.0,132884.0,132884.0,132884.0,0
20191213T,128236.0,128236.0,128236.0,128236.0,0
20191216T,127814.0,127814.0,127814.0,127814.0,0
20191217T,128545.0,128545.0,128545.0,128545.0,0
20191218T,132019.0,132019.0,132019.0,132019.0,0
20191219T,132431.0,132431.0,132431.0,132431.0,0
20191220T,136693.0,136693.0,136693.0,136693.0,0
20191223T,129751.0,129751.0,129751.0,129751.0,0
20191224T,126223.0,126223.0,126223.0,126223.0,0
20191226T,103085.0,103085.0,103085.0,103085.0,0
20191227T,125039.0,125039.0,125039.0,125039.0,0
20191230T,120736.0,120736.0,120736.0,120736.0,0
20191231T,119955.0,119955.0,119955.0,119955.0,0
20200101T,115250.0,115250.0,115250.0,115250.0,0
20200102T,123136.0,123136.0,123136.0,123136.0,0
20200103T,117793.0,117793.0,117793.0,117793.0,0
20200106T,122336.0,122336.0,122336.0,122336.0,0
20200107T,118273.0,118273.0,118273.0,118273.0,0
20200108T,129078.0,129078.0,129078.0,129078.0,0
20200109T,129739.0,129739.0,129739.0,129739.0,0
20200110T,120808.0,120808.0,120808.0,120808.0,0
20200113T,117806.0,117806.0,117806.0,117806.0,0
20200114T,119648.0,119648.0,119648.0,119648.0,0
20200115T,119033.0,119033.0,119033.0,119033.0,0
20200116T,122174.0,122174.0,122174.0,122174.0,0
20200117T,125224.0,125224.0,125224.0,125224.0,0
20200120T,122312.0,122312.0,122312.0,122312.0,0
20200121T,121107.0,121107.0,121107.0,121107.0,0
20200122T,126865.0,126865.0,126865.0,126865.0,0
20200123T,121981.0,121981.0,121981.0,121981.0,0
20200124T,122565.0,122565.0,122565.0,122565.0,0
20200127T,129125.0,129125.0,129125.0,129125.0,0
20200128T,134147.0,134147.0,134147.0,134147.0,0
20200129T,129399.0,129399.0,129399.0,129399.0,0
20200130T,132047.0,132047.0,132047.0,132047.0,0
20200131T,130469.0,130469.0,130469.0,130469.0,0
20200203T,161384.0,161384.0,161384.0,161384.0,0
20200204T,161371.0,161371.0,161371.0,161371.0,0
20200205T,170183.0,170183.0,170183.0,170183.0,0
20200206T,174719.0,174719.0,174719.0,174719.0,0
20200207T,182190.0,182190.0,182190.0,182190.0,0
20200210T,186539.0,186539.0,186539.0,186539.0,0
20200211T,178918.0,178918.0,178918.0,178918.0,0
20200212T,169772.0,169772.0,169772.0,169772.0,0
20200213T,184975.0,184975.0,184975.0,184975.0,0
20200214T,183550.0,183550.0,183550.0,183550.0,0
20200217T,176470.0,176470.0,176470.0,176470.0,0
20200218T,170074.0,170074.0,170074.0,170074.0,0
20200219T,168998.0,168998.0,168998.0,168998.0,0
20200220T,179456.0,179456.0,179456.0,179456.0,0
20200224T,190324.0,190324.0,190324.0,190324.0,0
20200225T,162855.0,162855.0,162855.0,162855.0,0
20200226T,166082.0,166082.0,166082.0,166082.0,0
20200227T,174523.0,174523.0,174523.0,174523.0,0
20200228T,197548.0,197548.0,197548.0,197548.0,0
20200302T,177359.0,177359.0,177359.0,177359.0,0
20200303T,191248.0,191248.0,191248.0,191248.0,0
20200304T,200844.0,200844.0,200844.0,200844.0,0
20200305T,208041.0,208041.0,208041.0,208041.0,0
20200306T,235173.0,235173.0,235173.0,235173.0,0
20200309T,231606.0,231606.0,231606.0,231606.0,0
20200311T,225121.0,225121.0,225121.0,225121.0,0
20200312T,207451.0,207451.0,207451.0,207451.0,0
20200313T,185064.0,185064.0,185064.0,185064.0,0
20200316T,178352.0,178352.0,178352.0,178352.0,0
20200317T,168276.0,168276.0,168276.0,168276.0,0
20200318T,160671.0,160671.0,160671.0,160671.0,0
20200319T,153182.0,153182.0,153182.0,153182.0,0
20200320T,148226.0,148226.0,148226.0,148226.0,0
20200323T,118826.0,118826.0,118826.0,118826.0,0
20200324T,82506.0,82506.0,82506.0,82506.0,0
20200325T,89914.0,89914.0,89914.0,89914.0,0
20200326T,86213.0,86213.0,86213.0,86213.0,0
20200327T,98381.0,98381.0,98381.0,98381.0,0
20200330T,105733.0,105733.0,105733.0,105733.0,0
20200331T,91697.0,91697.0,91697.0,91697.0,0
20200401T,83227.0,83227.0,83227.0,83227.0,0
20200403T,87037.0,87037.0,87037.0,87037.0,0
20200407T,80175.0,80175.0,80175.0,80175.0,0
20200408T,81430.0,81430.0,81430.0,81430.0,0
20200409T,93256.0,93256.0,93256.0,93256.0,0
20200413T,98763.0,98763.0,98763.0,98763.0,0
20200415T,95979.0,95979.0,95979.0,95979.0,0
20200416T,96529.0,96529.0,96529.0,96529.0,0
20200417T,91971.0,91971.0,91971.0,91971.0,0
20200420T,87321.0,87321.0,87321.0,87321.0,0
20200421T,96373.0,96373.0,96373.0,96373.0,0
20200422T,98381.0,98381.0,98381.0,98381.0,0
20200423T,101821.0,101821.0,101821.0,101821.0,0
20200424T,106382.0,106382.0,106382.0,106382.0,0
20200427T,88207.0,88207.0,88207.0,88207.0,0
20200428T,88124.0,88124.0,88124.0,88124.0,0
20200429T,75036.0,75036.0,75036.0,75036.0,0
20200430T,75444.0,75444.0,75444.0,75444.0,0
20200504T,89497.0,89497.0,89497.0,89497.0,0
20200505T,91777.0,91777.0,91777.0,91777.0,0
20200506T,87020.0,87020.0,87020.0,87020.0,0
20200507T,87745.0,87745.0,87745.0,87745.0,0
20200508T,92734.0,92734.0,92734.0,92734.0,0
20200511T,84649.0,84649.0,84649.0,84649.0,0
20200512T,89042.0,89042.0,89042.0,89042.0,0
20200513T,88911.0,88911.0,88911.0,88911.0,0
20200514T,95159.0,95159.0,95159.0,95159.0,0
20200515T,96462.0,96462.0,96462.0,96462.0,0
20200518T,105542.0,105542.0,105542.0,105542.0,0
20200519T,100521.0,100521.0,100521.0,100521.0,0
20200520T,98867.0,98867.0,98867.0,98867.0,0
20200521T,105107.0,105107.0,105107.0,105107.0,0
20200522T,123171.0,123171.0,123171.0,123171.0,0
20200526T,116118.0,116118.0,116118.0,116118.0,0
20200527T,106664.0,106664.0,106664.0,106664.0,0
20200528T,82633.0,82633.0,82633.0,82633.0,0
20200529T,97773.0,97773.0,97773.0,97773.0,0
20200601T,98037.0,98037.0,98037.0,98037.0,0
20200602T,105513.0,105513.0,105513.0,105513.0,0
20200603T,94929.0,94929.0,94929.0,94929.0,0
20200604T,95433.0,95433.0,95433.0,95433.0,0
20200605T,100513.0,100513.0,100513.0,100513.0,0
20200608T,114068.0,114068.0,114068.0,114068.0,0
20200609T,120041.0,120041.0,120041.0,120041.0,0
20200610T,120270.0,120270.0,120270.0,120270.0,0
20200611T,127835.0,127835.0,127835.0,127835.0,0
20200612T,139342.0,139342.0,139342.0,139342.0,0
20200615T,136022.0,136022.0,136022.0,136022.0,0
20200616T,127857.0,127857.0,127857.0,127857.0,0
20200617T,135280.0,135280.0,135280.0,135280.0,0
20200618T,144090.0,144090.0,144090.0,144090.0,0
20200619T,132132.0,132132.0,132132.0,132132.0,0
20200622T,124620.0,124620.0,124620.0,124620.0,0
20200623T,134064.0,134064.0,134064.0,134064.0,0
20200624T,134030.0,134030.0,134030.0,134030.0,0
20200625T,133440.0,133440.0,133440.0,133440.0,0
20200626T,137705.0,137705.0,137705.0,137705.0,0
20200629T,140975.0,140975.0,140975.0,140975.0,0
20200630T,141661.0,141661.0,141661.0,141661.0,0
20200701T,137543.0,137543.0,137543.0,137543.0,0
20200702T,131430.0,131430.0,131430.0,131430.0,0
20200703T,129469.0,129469.0,129469.0,129469.0,0
20200706T,124179.0,124179.0,124179.0,124179.0,0
20200707T,140401.0,140401.0,140401.0,140401.0,0
20200708T,132377.0,132377.0,132377.0,132377.0,0
20200709T,126279.0,126279.0,126279.0,126279.0,0
20200710T,141745.0,141745.0,141745.0,141745.0,0
20200713T,142950.0,142950.0,142950.0,142950.0,0
20200714T,135740.0,135740.0,135740.0,135740.0,0
20200715T,120264.0,120264.0,120264.0,120264.0,0
20200716T,133496.0,133496.0,133496.0,133496.0,0
20200717T,134581.0,134581.0,134581.0,134581.0,0
20200720T,135545.0,135545.0,135545.0,135545.0,0
20200721T,131715.0,131715.0,131715.0,131715.0,0
20200722T,140065.0,140065.0,140065.0,140065.0,0
20200723T,137048.0,137048.0,137048.0,137048.0,0
20200724T,142682.0,142682.0,142682.0,142682.0,0
20200727T,130514.0,130514.0,130514.0,130514.0,0
20200728T,110211.0,110211.0,110211.0,110211.0,0
20200729T,97607.0,97607.0,97607.0,97607.0,0
20200730T,94251.0,94251.0,94251.0,94251.0,0
20200803T,105523.0,105523.0,105523.0,105523.0,0
20200804T,113061.0,113061.0,113061.0,113061.0,0
20200805T,104118.0,104118.0,104118.0,104118.0,0
20200806T,106907.0,106907.0,106907.0,106907.0,0
20200807T,108910.0,108910.0,108910.0,108910.0,0
20200810T,101109.0,101109.0,101109.0,101109.0,0
20200811T,103229.0,103229.0,103229.0,103229.0,0
20200812T,112755.0,112755.0,112755.0,112755.0,0
20200813T,108046.0,108046.0,108046.0,108046.0,0
20200814T,110453.0,110453.0,110453.0,110453.0,0
20200817T,95013.0,95013.0,95013.0,95013.0,0
20200818T,101285.0,101285.0,101285.0,101285.0,0
20200819T,94817.0,94817.0,94817.0,94817.0,0
20200820T,106478.0,106478.0,106478.0,106478.0,0
20200821T,97747.0,97747.0,97747.0,97747.0,0
20200824T,96093.0,96093.0,96093.0,96093.0,0
20200825T,99867.0,99867.0,99867.0,99867.0,0
20200826T,106159.0,106159.0,106159.0,106159.0,0
20200827T,88373.0,88373.0,88373.0,88373.0,0
20200828T,101091.0,101091.0,101091.0,101091.0,0
20200831T,103015.0,103015.0,103015.0,103015.0,0
20200901T,90035.0,90035.0,90035.0,90035.0,0
20200902T,102848.0,102848.0,102848.0,102848.0,0
20200903T,117047.0,117047.0,117047.0,117047.0,0
20200904T,113275.0,113275.0,113275.0,113275.0,0
20200907T,110993.0,110993.0,110993.0,110993.0,0
20200908T,112025.0,112025.0,112025.0,112025.0,0
20200909T,110768.0,110768.0,110768.0,110768.0,0
20200910T,112132.0,112132.0,112132.0,112132.0,0
20200911T,126518.0,126518.0,126518.0,126518.0,0
20200914T,137327.0,137327.0,137327.0,137327.0,0
20200915T,139147.0,139147.0,139147.0,139147.0,0
20200916T,146858.0,146858.0,146858.0,146858.0,0
20200917T,148815.0,148815.0,148815.0,148815.0,0
20200918T,124176.0,124176.0,124176.0,124176.0,0
20200921T,111519.0,111519.0,111519.0,111519.0,0
20200922T,108430.0,108430.0,108430.0,108430.0,0
20200923T,113033.0,113033.0,113033.0,113033.0,0
20200924T,108890.0,108890.0,108890.0,108890.0,0
20200925T,99620.0,99620.0,99620.0,99620.0,0
20200928T,101391.0,101391.0,101391.0,101391.0,0
20200929T,105483.0,105483.0,105483.0,105483.0,0
20200930T,110385.0,110385.0,110385.0,110385.0,0
20201001T,98519.0,98519.0,98519.0,98519.0,0
20201005T,95607.0,95607.0,95607.0,95607.0,0
20201006T,115054.0,115054.0,115054.0,115054.0,0
20201007T,109036.0,109036.0,109036.0,109036.0,0
20201008T,96247.0,96247.0,96247.0,96247.0,0
20201009T,106891.0,106891.0,106891.0,106891.0,0
20201012T,106724.0,106724.0,106724.0,106724.0,0
20201013T,113321.0,113321.0,113321.0,113321.0,0
20201014T,113859.0,113859.0,113859.0,113859.0,0
20201015T,103393.0,103393.0,103393.0,103393.0,0
20201016T,107645.0,107645.0,107645.0,107645.0,0
20201019T,106237.0,106237.0,106237.0,106237.0,0
20201020T,107398.0,107398.0,107398.0,107398.0,0
20201021T,108180.0,108180.0,108180.0,108180.0,0
20201022T,108371.0,108371.0,108371.0,108371.0,0
20201023T,116150.0,116150.0,116150.0,116150.0,0
20201026T,103775.0,103775.0,103775.0,103775.0,0
20201027T,125289.0,125289.0,125289.0,125289.0,0
20201028T,130467.0,130467.0,130467.0,130467.0,0
20201029T,136177.0,136177.0,136177.0,136177.0,0
20201030T,150629.0,150629.0,150629.0,150629.0,0
20201102T,146409.0,146409.0,146409.0,146409.0,0
20201103T,141189.0,141189.0,141189.0,141189.0,0
20201104T,146194.0,146194.0,146194.0,146194.0,0
20201105T,138797.0,138797.0,138797.0,138797.0,0
20201106T,141192.0,141192.0,141192.0,141192.0,0
20201109T,129820.0,129820.0,129820.0,129820.0,0
20201110T,114052.0,114052.0,114052.0,114052.0,0
20201111T,109101.0,109101.0,109101.0,109101.0,0
20201112T,114275.0,114275.0,114275.0,114275.0,0
20201113T,119557.0,119557.0,119557.0,119557.0,0
20201117T,115845.0,115845.0,115845.0,115845.0,0
20201118T,117285.0,117285.0,117285.0,117285.0,0
20201119T,111804.0,111804.0,111804.0,111804.0,0
20201120T,101651.0,101651.0,101651.0,101651.0,0
20201123T,91400.0,91400.0,91400.0,91400.0,0
20201124T,101720.0,101720.0,101720.0,101720.0,0
20201125T,100849.0,100849.0,100849.0,100849.0,0
20201126T,98166.0,98166.0,98166.0,98166.0,0
20201127T,92859.0,92859.0,92859.0,92859.0,0
20201201T,96620.0,96620.0,96620.0,96620.0,0
20201202T,101963.0,101963.0,101963.0,101963.0,0
20201203T,99021.0,99021.0,99021.0,99021.0,0
20201204T,110506.0,110506.0,110506.0,110506.0,0
20201207T,118897.0,118897.0,118897.0,118897.0,0
20201208T,122024.0,122024.0,122024.0,122024.0,0
20201209T,125639.0,125639.0,125639.0,125639.0,0
20201210T,122348.0,122348.0,122348.0,122348.0,0
20201211T,122383.0,122383.0,122383.0,122383.0,0
20201214T,122334.0,122334.0,122334.0,122334.0,0
20201215T,123181.0,123181.0,123181.0,123181.0,0
20201216T,132163.0,132163.0,132163.0,132163.0,0
20201217T,134870.0,134870.0,134870.0,134870.0,0
20201218T,132242.0,132242.0,132242.0,132242.0,0
20201221T,111482.0,111482.0,111482.0,111482.0,0
20201222T,100178.0,100178.0,100178.0,100178.0,0
20201223T,119654.0,119654.0,119654.0,119654.0,0
20201224T,111771.0,111771.0,111771.0,111771.0,0
20201228T,113295.0,113295.0,113295.0,113295.0,0
20201229T,109228.0,109228.0,109228.0,109228.0,0
20201230T,112267.0,112267.0,112267.0,112267.0,0
20201231T,107079.0,107079.0,107079.0,107079.0,0
20210101T,112492.0,112492.0,112492.0,112492.0,0
20210104T,112345.0,112345.0,112345.0,112345.0,0
20210105T,135706.0,135706.0,135706.0,135706.0,0
20210106T,125120.0,125120.0,125120.0,125120.0,0
20210107T,125758.0,125758.0,125758.0,125758.0,0
20210108T,125390.0,125390.0,125390.0,125390.0,0
20210111T,142105.0,142105.0,142105.0,142105.0,0
20210112T,154396.0,154396.0,154396.0,154396.0,0
20210113T,142908.0,142908.0,142908.0,142908.0,0
20210114T,143698.0,143698.0,143698.0,143698.0,0
20210115T,143887.0,143887.0,143887.0,143887.0,0
20210118T,137980.0,137980.0,137980.0,137980.0,0
20210119T,136745.0,136745.0,136745.0,136745.0,0
20210120T,146824.0,146824.0,146824.0,146824.0,0
20210121T,127246.0,127246.0,127246.0,127246.0,0
20210122T,129906.0,129906.0,129906.0,129906.0,0
20210125T,125532.0,125532.0,125532.0,125532.0,0
20210127T,123171.0,123171.0,123171.0,123171.0,0
20210128T,117129.0,117129.0,117129.0,117129.0,0
20210129T,113733.0,113733.0,113733.0,113733.0,0
20210201T,118750.0,118750.0,118750.0,118750.0,0
20210202T,108357.0,108357.0,108357.0,108357.0,0
20210203T,120648.0,120648.0,120648.0,120648.0,0
20210204T,128925.0,128925.0,128925.0,128925.0,0
20210205T,139545.0,139545.0,139545.0,139545.0,0
20210208T,133776.0,133776.0,133776.0,133776.0,0
20210209T,131584.0,131584.0,131584.0,131584.0,0
20210210T,128826.0,128826.0,128826.0,128826.0,0
20210211T,131402.0,131402.0,131402.0,131402.0,0
20210212T,138110.0,138110.0,138110.0,138110.0,0
20210215T,144777.0,144777.0,144777.0,144777.0,0
20210216T,135945.0,135945.0,135945.0,135945.0,0
20210217T,139064.0,139064.0,139064.0,139064.0,0
20210218T,137904.0,137904.0,137904.0,137904.0,0
20210219T,131739.0,131739.0,131739.0,131739.0,0
20210222T,127052.0,127052.0,127052.0,127052.0,0
20210223T,130732.0,130732.0,130732.0,130732.0,0
20210224T,123348.0,123348.0,123348.0,123348.0,0
20210225T,84957.0,84957.0,84957.0,84957.0,0
20210226T,133765.0,133765.0,133765.0,133765.0,0
20210301T,126331.0,126331.0,126331.0,126331.0,0
20210302T,144607.0,144607.0,144607.0,144607.0,0
20210303T,149089.0,149089.0,149089.0,149089.0,0
20210304T,189833.0,189833.0,189833.0,189833.0,0
20210305T,197608.0,197608.0,197608.0,197608.0,0
20210308T,200411.0,200411.0,200411.0,200411.0,0
20210309T,190919.0,190919.0,190919.0,190919.0,0
20210310T,189299.0,189299.0,189299.0,189299.0,0
20210312T,201281.0,201281.0,201281.0,201281.0,0
20210315T,201593.0,201593.0,201593.0,201593.0,0
20210316T,197172.0,197172.0,197172.0,197172.0,0
20210317T,196533.0,196533.0,196533.0,196533.0,0
20210318T,194924.0,194924.0,194924.0,194924.0,0
20210319T,192430.0,192430.0,192430.0,192430.0,0
20210322T,203150.0,203150.0,203150.0,203150.0,0
20210323T,199305.0,199305.0,199305.0,199305.0,0
20210324T,199231.0,199231.0,199231.0,199231.0,0
20210325T,161408.0,161408.0,161408.0,161408.0,0
20210326T,155361.0,155361.0,155361.0,155361.0,0
20210330T,161302.0,161302.0,161302.0,161302.0,0
20210331T,198840.0,198840.0,198840.0,198840.0,0
20210401T,162551.0,162551.0,162551.0,162551.0,0
20210405T,162145.0,162145.0,162145.0,162145.0,0
20210406T,157446.0,157446.0,157446.0,157446.0,0
20210407T,160074.0,160074.0,160074.0,160074.0,0
20210408T,147861.0,147861.0,147861.0,147861.0,0
20210409T,158840.0,158840.0,158840.0,158840.0,0
20210412T,158648.0,158648.0,158648.0,158648.0,0
20210413T,150938.0,150938.0,150938.0,150938.0,0
20210415T,149533.0,149533.0,149533.0,149533.0,0
20210416T,148411.0,148411.0,148411.0,148411.0,0
20210419T,137840.0,137840.0,137840.0,137840.0,0
20210420T,143069.0,143069.0,143069.0,143069.0,0
20210422T,154429.0,154429.0,154429.0,154429.0,0
20210423T,149717.0,149717.0,149717.0,149717.0,0
20210426T,160079.0,160079.0,160079.0,160079.0,0
20210427T,168403.0,168403.0,168403.0,168403.0,0
20210428T,172005.0,172005.0,172005.0,172005.0,0
20210429T,106220.0,106220.0,106220.0,106220.0,0
20210430T,117887.0,117887.0,117887.0,117887.0,0
20210503T,142540.0,142540.0,142540.0,142540.0,0
20210504T,154652.0,154652.0,154652.0,154652.0,0
20210505T,157086.0,157086.0,157086.0,157086.0,0
20210506T,156250.0,156250.0,156250.0,156250.0,0
20210507T,155475.0,155475.0,155475.0,155475.0,0
20210510T,160347.0,160347.0,160347.0,160347.0,0
20210511T,159236.0,159236.0,159236.0,159236.0,0
20210512T,167220.0,167220.0,167220.0,167220.0,0
20210514T,164495.0,164495.0,164495.0,164495.0,0
20210517T,172845.0,172845.0,172845.0,172845.0,0
20210518T,144828.0,144828.0,144828.0,144828.0,0
20210519T,143433.0,143433.0,143433.0,143433.0,0
20210520T,137595.0,137595.0,137595.0,137595.0,0
20210521T,138613.0,138613.0,138613.0,138613.0,0
20210524T,138407.0,138407.0,138407.0,138407.0,0
20210525T,130667.0,130667.0,130667.0,130667.0,0
20210526T,134395.0,134395.0,134395.0,134395.0,0
20210527T,103993.0,103993.0,103993.0,103993.0,0
20210528T,106141.0,106141.0,106141.0,106141.0,0
20210531T,111395.0,111395.0,111395.0,111395.0,0
20210601T,111713.0,111713.0,111713.0,111713.0,0
20210602T,115020.0,115020.0,115020.0,115020.0,0
20210603T,113266.0,113266.0,113266.0,113266.0,0
20210604T,115751.0,115751.0,115751.0,115751.0,0
20210607T,113842.0,113842.0,113842.0,113842.0,0
20210608T,117046.0,117046.0,117046.0,117046.0,0
20210609T,109738.0,109738.0,109738.0,109738.0,0
20210610T,124370.0,124370.0,124370.0,124370.0,0
20210611T,138067.0,138067.0,138067.0,138067.0,0
20210614T,153068.0,153068.0,153068.0,153068.0,0
20210615T,159877.0,159877.0,159877.0,159877.0,0
20210616T,146745.0,146745.0,146745.0,146745.0,0
20210617T,144378.0,144378.0,144378.0,144378.0,0
20210618T,131857.0,131857.0,131857.0,131857.0,0
20210621T,140841.0,140841.0,140841.0,140841.0,0
20210622T,144652.0,144652.0,144652.0,144652.0,0
20210623T,145251.0,145251.0,145251.0,145251.0,0
20210624T,132834.0,132834.0,132834.0,132834.0,0
20210625T,147727.0,147727.0,147727.0,147727.0,0
20210628T,154963.0,154963.0,154963.0,154963.0,0
20210629T,162709.0,162709.0,162709.0,162709.0,0
20210630T,161800.0,161800.0,161800.0,161800.0,0
20210701T,166694.0,166694.0,166694.0,166694.0,0
20210702T,166452.0,166452.0,166452.0,166452.0,0
20210705T,167538.0,167538.0,167538.0,167538.0,0
20210706T,158694.0,158694.0,158694.0,158694.0,0
20210707T,164039.0,164039.0,164039.0,164039.0,0
20210708T,179341.0,179341.0,179341.0,179341.0,0
20210709T,178386.0,178386.0,178386.0,178386.0,0
20210712T,167837.0,167837.0,167837.0,167837.0,0
20210713T,165257.0,165257.0,165257.0,165257.0,0
20210714T,165432.0,165432.0,165432.0,165432.0,0
20210715T,168850.0,168850.0,168850.0,168850.0,0
20210716T,168708.0,168708.0,168708.0,168708.0,0
20210719T,170928.0,170928.0,170928.0,170928.0,0
20210720T,185622.0,185622.0,185622.0,185622.0,0
20210722T,172158.0,172158.0,172158.0,172158.0,0
20210723T,154154.0,154154.0,154154.0,154154.0,0
20210726T,149865.0,149865.0,149865.0,149865.0,0
20210727T,148654.0,148654.0,148654.0,148654.0,0
20210728T,161693.0,161693.0,161693.0,161693.0,0
20210729T,130410.0,130410.0,130410.0,130410.0,0
20210730T,164735.0,164735.0,164735.0,164735.0,0
20210802T,177166.0,177166.0,177166.0,177166.0,0
20210803T,184735.0,184735.0,184735.0,184735.0,0
20210804T,190313.0,190313.0,190313.0,190313.0,0
20210805T,206358.0,206358.0,206358.0,206358.0,0
20210806T,211412.0,211412.0,211412.0,211412.0,0
20210809T,216080.0,216080.0,216080.0,216080.0,0
20210810T,220064.0,220064.0,220064.0,220064.0,0
20210811T,212974.0,212974.0,212974.0,212974.0,0
20210812T,224745.0,224745.0,224745.0,224745.0,0
20210813T,235127.0,235127.0,235127.0,235127.0,0
20210816T,238423.0,238423.0,238423.0,238423.0,0
20210817T,237773.0,237773.0,237773.0,237773.0,0
20210818T,230374.0,230374.0,230374.0,230374.0,0
20210820T,209828.0,209828.0,209828.0,209828.0,0
20210823T,196178.0,196178.0,196178.0,196178.0,0
20210824T,191013.0,191013.0,191013.0,191013.0,0
20210825T,193718.0,193718.0,193718.0,193718.0,0
20210826T,187531.0,187531.0,187531.0,187531.0,0
20210827T,207745.0,207745.0,207745.0,207745.0,0
20210830T,223545.0,223545.0,223545.0,223545.0,0
20210831T,233580.0,233580.0,233580.0,233580.0,0
20210901T,245443.0,245443.0,245443.0,245443.0,0
20210902T,249305.0,249305.0,249305.0,249305.0,0
20210903T,254398.0,254398.0,254398.0,254398.0,0
20210906T,257140.0,257140.0,257140.0,257140.0,0
20210907T,253072.0,253072.0,253072.0,253072.0,0
20210908T,250941.0,250941.0,250941.0,250941.0,0
20210909T,255203.0,255203.0,255203.0,255203.0,0
20210913T,251651.0,251651.0,251651.0,251651.0,0
20210914T,253397.0,253397.0,253397.0,253397.0,0
20210915T,266219.0,266219.0,266219.0,266219.0,0
20210916T,267488.0,267488.0,267488.0,267488.0,0
20210917T,243730.0,243730.0,243730.0,243730.0,0
20210920T,242336.0,242336.0,242336.0,242336.0,0
20210921T,233361.0,233361.0,233361.0,233361.0,0
20210922T,246433.0,246433.0,246433.0,246433.0,0
20210923T,250182.0,250182.0,250182.0,250182.0,0
20210924T,243879.0,243879.0,243879.0,243879.0,0
20210927T,232346.0,232346.0,232346.0,232346.0,0
20210928T,223929.0,223929.0,223929.0,223929.0,0
20210929T,237857.0,237857.0,237857.0,237857.0,0
20210930T,199583.0,199583.0,199583.0,199583.0,0
20211001T,214162.0,214162.0,214162.0,214162.0,0
20211004T,220986.0,220986.0,220986.0,220986.0,0
20211005T,231852.0,231852.0,231852.0,231852.0,0
20211006T,242994.0,242994.0,242994.0,242994.0,0
20211007T,231957.0,231957.0,231957.0,231957.0,0
20211008T,244743.0,244743.0,244743.0,244743.0,0
20211011T,229376.0,229376.0,229376.0,229376.0,0
20211012T,245528.0,245528.0,245528.0,245528.0,0
20211013T,236491.0,236491.0,236491.0,236491.0,0
20211014T,227211.0,227211.0,227211.0,227211.0,0
20211018T,235296.0,235296.0,235296.0,235296.0,0
20211019T,203880.0,203880.0,203880.0,203880.0,0
20211020T,182584.0,182584.0,182584.0,182584.0,0
20211021T,177644.0,177644.0,177644.0,177644.0,0
20211022T,178122.0,178122.0,178122.0,178122.0,0
20211025T,180618.0,180618.0,180618.0,180618.0,0
20211026T,184916.0,184916.0,184916.0,184916.0,0
20211027T,211077.0,211077.0,211077.0,211077.0,0
20211028T,172290.0,172290.0,172290.0,172290.0,0
20211029T,172915.0,172915.0,172915.0,172915.0,0
20211101T,172095.0,172095.0,172095.0,172095.0,0
20211102T,179572.0,179572.0,179572.0,179572.0,0
20211103T,181746.0,181746.0,181746.0,181746.0,0
20211108T,170252.0,170252.0,170252.0,170252.0,0
20211109T,182445.0,182445.0,182445.0,182445.0,0
20211110T,195201.0,195201.0,195201.0,195201.0,0
20211111T,205079.0,205079.0,205079.0,205079.0,0
20211112T,174182.0,174182.0,174182.0,174182.0,0
20211115T,175509.0,175509.0,175509.0,175509.0,0
20211116T,186129.0,186129.0,186129.0,186129.0,0
20211117T,188509.0,188509.0,188509.0,188509.0,0
20211118T,198268.0,198268.0,198268.0,198268.0,0
20211122T,200758.0,200758.0,200758.0,200758.0,0
20211123T,197473.0,197473.0,197473.0,197473.0,0
20211124T,190132.0,190132.0,190132.0,190132.0,0
20211125T,155380.0,155380.0,155380.0,155380.0,0
20211126T,190918.0,190918.0,190918.0,190918.0,0
20211129T,172951.0,172951.0,172951.0,172951.0,0
20211130T,172768.0,172768.0,172768.0,172768.0,0
20211201T,169621.0,169621.0,169621.0,169621.0,0
20211202T,166902.0,166902.0,166902.0,166902.0,0
20211203T,188595.0,188595.0,188595.0,188595.0,0
20211206T,202425.0,202425.0,202425.0,202425.0,0
20211207T,176123.0,176123.0,176123.0,176123.0,0
20211208T,170921.0,170921.0,170921.0,170921.0,0
20211209T,184962.0,184962.0,184962.0,184962.0,0
20211210T,193773.0,193773.0,193773.0,193773.0,0
20211213T,186534.0,186534.0,186534.0,186534.0,0
20211214T,208273.0,208273.0,208273.0,208273.0,0
20211215T,216949.0,216949.0,216949.0,216949.0,0
20211216T,202267.0,202267.0,202267.0,202267.0,0
20211217T,212165.0,212165.0,212165.0,212165.0,0
20211220T,203907.0,203907.0,203907.0,203907.0,0
20211221T,185444.0,185444.0,185444.0,185444.0,0
20211222T,197041.0,197041.0,197041.0,197041.0,0
20211223T,191681.0,191681.0,191681.0,191681.0,0
20211224T,196999.0,196999.0,196999.0,196999.0,0
20211227T,214272.0,214272.0,214272.0,214272.0,0
20211228T,213574.0,213574.0,213574.0,213574.0,0
20211229T,207693.0,207693.0,207693.0,207693.0,0
20211230T,154938.0,154938.0,154938.0,154938.0,0
20211231T,161888.0,161888.0,161888.0,161888.0,0
20220103T,170144.0,170144.0,170144.0,170144.0,0
20220104T,160275.0,160275.0,160275.0,160275.0,0
20220105T,158949.0,158949.0,158949.0,158949.0,0
20220106T,172394.0,172394.0,172394.0,172394.0,0
20220107T,177818.0,177818.0,177818.0,177818.0,0
20220110T,190899.0,190899.0,190899.0,190899.0,0
20220111T,188197.0,188197.0,188197.0,188197.0,0
20220112T,183748.0,183748.0,183748.0,183748.0,0
20220113T,166272.0,166272.0,166272.0,166272.0,0
20220114T,175040.0,175040.0,175040.0,175040.0,0
20220117T,181189.0,181189.0,181189.0,181189.0,0
20220118T,173312.0,173312.0,173312.0,173312.0,0
20220119T,170031.0,170031.0,170031.0,170031.0,0
20220120T,181062.0,181062.0,181062.0,181062.0,0
20220121T,184179.0,184179.0,184179.0,184179.0,0
20220124T,215658.0,215658.0,215658.0,215658.0,0
20220125T,210026.0,210026.0,210026.0,210026.0,0
20220127T,199156.0,199156.0,199156.0,199156.0,0
20220128T,211112.0,211112.0,211112.0,211112.0,0
20220131T,193188.0,193188.0,193188.0,193188.0,0
20220201T,190090.0,190090.0,190090.0,190090.0,0
20220202T,188670.0,188670.0,188670.0,188670.0,0
20220203T,217744.0,217744.0,217744.0,217744.0,0
20220204T,204342.0,204342.0,204342.0,204342.0,0
20220207T,226136.0,226136.0,226136.0,226136.0,0
20220208T,212710.0,212710.0,212710.0,212710.0,0
20220209T,195211.0,195211.0,195211.0,195211.0,0
20220210T,183593.0,183593.0,183593.0,183593.0,0
20220211T,185939.0,185939.0,185939.0,185939.0,0
20220214T,205819.0,205819.0,205819.0,205819.0,0
20220215T,185443.0,185443.0,185443.0,185443.0,0
20220216T,183937.0,183937.0,183937.0,183937.0,0
20220217T,180916.0,180916.0,180916.0,180916.0,0
20220218T,178465.0,178465.0,178465.0,178465.0,0
20220221T,176729.0,176729.0,176729.0,176729.0,0
20220222T,177838.0,177838.0,177838.0,177838.0,0
20220223T,185198.0,185198.0,185198.0,185198.0,0
20220224T,188404.0,188404.0,188404.0,188404.0,0
20220225T,200203.0,200203.0,200203.0,200203.0,0
20220228T,234742.0,234742.0,234742.0,234742.0,0
20220302T,309241.0,309241.0,309241.0,309241.0,0
20220303T,328283.0,328283.0,328283.0,328283.0,0
20220304T,344512.0,344512.0,344512.0,344512.0,0
20220307T,351424.0,351424.0,351424.0,351424.0,0
20220308T,382865.0,382865.0,382865.0,382865.0,0
20220309T,407593.0,407593.0,407593.0,407593.0,0
20220310T,382572.0,382572.0,382572.0,382572.0,0
20220311T,408592.0,408592.0,408592.0,408592.0,0
20220314T,419777.0,419777.0,419777.0,419777.0,0
20220315T,423728.0,423728.0,423728.0,423728.0,0
20220316T,392985.0,392985.0,392985.0,392985.0,0
20220317T,356630.0,356630.0,356630.0,356630.0,0
20220321T,364652.0,364652.0,364652.0,364652.0,0
20220322T,369333.0,369333.0,369333.0,369333.0,0
20220323T,376193.0,376193.0,376193.0,376193.0,0
20220324T,388327.0,388327.0,388327.0,388327.0,0
20220325T,389500.0,389500.0,389500.0,389500.0,0
20220328T,389811.0,389811.0,389811.0,389811.0,0
20220329T,392473.0,392473.0,392473.0,392473.0,0
20220330T,393753.0,393753.0,393753.0,393753.0,0
20220331T,345407.0,345407.0,345407.0,345407.0,0
20220401T,269353.0,269353.0,269353.0,269353.0,0
20220404T,206586.0,206586.0,206586.0,206586.0,0
20220405T,197599.0,197599.0,197599.0,197599.0,0
20220406T,182361.0,182361.0,182361.0,182361.0,0
20220407T,192755.0,192755.0,192755.0,192755.0,0
20220408T,182479.0,182479.0,182479.0,182479.0,0
20220411T,189015.0,189015.0,189015.0,189015.0,0
20220412T,205866.0,205866.0,205866.0,205866.0,0
20220413T,222461.0,222461.0,222461.0,222461.0,0
20220418T,237060.0,237060.0,237060.0,237060.0,0
20220419T,226045.0,226045.0,226045.0,226045.0,0
20220420T,214666.0,214666.0,214666.0,214666.0,0
20220421T,228668.0,228668.0,228668.0,228668.0,0
20220422T,238420.0,238420.0,238420.0,238420.0,0
20220425T,254743.0,254743.0,254743.0,254743.0,0
20220426T,239777.0,239777.0,239777.0,239777.0,0
20220427T,249403.0,249403.0,249403.0,249403.0,0
20220428T,218218.0,218218.0,218218.0,218218.0,0
20220429T,222298.0,222298.0,222298.0,222298.0,0
20220502T,230898.0,230898.0,230898.0,230898.0,0
20220504T,280156.0,280156.0,280156.0,280156.0,0
20220505T,280147.0,280147.0,280147.0,280147.0,0
20220506T,293208.0,293208.0,293208.0,293208.0,0
20220509T,294387.0,294387.0,294387.0,294387.0,0
20220510T,284179.0,284179.0,284179.0,284179.0,0
20220511T,294312.0,294312.0,294312.0,294312.0,0
20220512T,305927.0,305927.0,305927.0,305927.0,0
20220513T,286441.0,286441.0,286441.0,286441.0,0
20220516T,276179.0,276179.0,276179.0,276179.0,0
20220517T,263016.0,263016.0,263016.0,263016.0,0
20220518T,251266.0,251266.0,251266.0,251266.0,0
20220519T,265749.0,265749.0,265749.0,265749.0,0
20220520T,230551.0,230551.0,230551.0,230551.0,0
20220523T,232423.0,232423.0,232423.0,232423.0,0
20220524T,237011.0,237011.0,237011.0,237011.0,0
20220525T,243679.0,243679.0,243679.0,243679.0,0
20220526T,221191.0,221191.0,221191.0,221191.0,0
20220527T,218045.0,218045.0,218045.0,218045.0,0
20220530T,208414.0,208414.0,208414.0,208414.0,0
20220531T,202924.0,202924.0,202924.0,202924.0,0
20220601T,209087.0,209087.0,209087.0,209087.0,0
20220602T,229309.0,229309.0,229309.0,229309.0,0
20220603T,224260.0,224260.0,224260.0,224260.0,0
20220606T,243036.0,243036.0,243036.0,243036.0,0
20220607T,257066.0,257066.0,257066.0,257066.0,0
20220608T,260065.0,260065.0,260065.0,260065.0,0
20220609T,270051.0,270051.0,270051.0,270051.0,0
20220610T,278054.0,278054.0,278054.0,278054.0,0
20220613T,285618.0,285618.0,285618.0,285618.0,0
20220614T,281913.0,281913.0,281913.0,281913.0,0
20220615T,280263.0,280263.0,280263.0,280263.0,0
20220616T,300274.0,300274.0,300274.0,300274.0,0
20220617T,284948.0,284948.0,284948.0,284948.0,0
20220620T,287739.0,287739.0,287739.0,287739.0,0
20220621T,267662.0,267662.0,267662.0,267662.0,0
20220622T,290426.0,290426.0,290426.0,290426.0,0
20220623T,277294.0,277294.0,277294.0,277294.0,0
20220624T,284631.0,284631.0,284631.0,284631.0,0
20220627T,267051.0,267051.0,267051.0,267051.0,0
20220628T,286017.0,286017.0,286017.0,286017.0,0
20220629T,298498.0,298498.0,298498.0,298498.0,0
20220630T,266255.0,266255.0,266255.0,266255.0,0
20220701T,280929.0,280929.0,280929.0,280929.0,0
20220704T,292759.0,292759.0,292759.0,292759.0,0
20220705T,285589.0,285589.0,285589.0,285589.0,0
20220706T,295540.0,295540.0,295540.0,295540.0,0
20220707T,276941.0,276941.0,276941.0,276941.0,0
20220708T,263574.0,263574.0,263574.0,263574.0,0
20220711T,286637.0,286637.0,286637.0,286637.0,0
20220712T,285917.0,285917.0,285917.0,285917.0,0
20220713T,280502.0,280502.0,280502.0,280502.0,0
20220714T,299723.0,299723.0,299723.0,299723.0,0
20220715T,297619.0,297619.0,297619.0,297619.0,0
20220718T,280696.0,280696.0,280696.0,280696.0,0
20220719T,290555.0,290555.0,290555.0,290555.0,0
20220720T,246768.0,246768.0,246768.0,246768.0,0
20220721T,249455.0,249455.0,249455.0,249455.0,0
20220722T,244380.0,244380.0,244380.0,244380.0,0
20220725T,232201.0,232201.0,232201.0,232201.0,0
20220726T,212824.0,212824.0,212824.0,212824.0,0
20220727T,207632.0,207632.0,207632.0,207632.0,0
20220728T,162134.0,162134.0,162134.0,162134.0,0
20220729T,165677.0,165677.0,165677.0,165677.0,0
20220801T,179767.0,179767.0,179767.0,179767.0,0
20220802T,196050.0,196050.0,196050.0,196050.0,0
20220803T,186904.0,186904.0,186904.0,186904.0,0
20220804T,194072.0,194072.0,194072.0,194072.0,0
20220805T,194779.0,194779.0,194779.0,194779.0,0
20220808T,221626.0,221626.0,221626.0,221626.0,0
20220810T,234831.0,234831.0,234831.0,234831.0,0
20220811T,244252.0,244252.0,244252.0,244252.0,0
20220812T,239169.0,239169.0,239169.0,239169.0,0
20220816T,237666.0,237666.0,237666.0,237666.0,0
20220817T,245139.0,245139.0,245139.0,245139.0,0
20220818T,251028.0,251028.0,251028.0,251028.0,0
20220819T,251591.0,251591.0,251591.0,251591.0,0
20220822T,237730.0,237730.0,237730.0,237730.0,0
20220823T,244648.0,244648.0,244648.0,244648.0,0
20220824T,235544.0,235544.0,235544.0,235544.0,0
20220825T,216587.0,216587.0,216587.0,216587.0,0
20220826T,220625.0,220625.0,220625.0,220625.0,0
20220829T,231534.0,231534.0,231534.0,231534.0,0
20220830T,246767.0,246767.0,246767.0,246767.0,0
20220901T,259678.0,259678.0,259678.0,259678.0,0
20220902T,267241.0,267241.0,267241.0,267241.0,0
20220905T,277749.0,277749.0,277749.0,277749.0,0
20220906T,277577.0,277577.0,277577.0,277577.0,0
20220907T,277172.0,277172.0,277172.0,277172.0,0
20220908T,279131.0,279131.0,279131.0,279131.0,0
20220909T,278292.0,278292.0,278292.0,278292.0,0
20220912T,282250.0,282250.0,282250.0,282250.0,0
20220913T,275378.0,275378.0,275378.0,275378.0,0
20220914T,274426.0,274426.0,274426.0,274426.0,0
20220915T,278348.0,278348.0,278348.0,278348.0,0
20220916T,252461.0,252461.0,252461.0,252461.0,0
20220919T,239251.0,239251.0,239251.0,239251.0,0
20220920T,234636.0,234636.0,234636.0,234636.0,0
20220921T,227127.0,227127.0,227127.0,227127.0,0
20220922T,259878.0,259878.0,259878.0,259878.0,0
20220923T,279581.0,279581.0,279581.0,279581.0,0
20220926T,265193.0,265193.0,265193.0,265193.0,0
20220927T,263728.0,263728.0,263728.0,263728.0,0
20220928T,255900.0,255900.0,255900.0,255900.0,0
20220929T,250244.0,250244.0,250244.0,250244.0,0
20220930T,261227.0,261227.0,261227.0,261227.0,0
20221003T,276053.0,276053.0,276053.0,276053.0,0
20221004T,252975.0,252975.0,252975.0,252975.0,0
20221006T,259080.0,259080.0,259080.0,259080.0,0
20221007T,263608.0,263608.0,263608.0,263608.0,0
20221010T,275844.0,275844.0,275844.0,275844.0,0
20221011T,284618.0,284618.0,284618.0,284618.0,0
20221012T,286123.0,286123.0,286123.0,286123.0,0
20221013T,292695.0,292695.0,292695.0,292695.0,0
20221014T,274139.0,274139.0,274139.0,274139.0,0
20221017T,278578.0,278578.0,278578.0,278578.0,0
20221018T,252675.0,252675.0,252675.0,252675.0,0
20221019T,251038.0,251038.0,251038.0,251038.0,0
20221020T,271061.0,271061.0,271061.0,271061.0,0
20221021T,265355.0,265355.0,265355.0,265355.0,0
20221025T,248201.0,248201.0,248201.0,248201.0,0
20221027T,189002.0,189002.0,189002.0,189002.0,0
20221028T,200063.0,200063.0,200063.0,200063.0,0
20221031T,209227.0,209227.0,209227.0,209227.0,0
20221101T,205885.0,205885.0,205885.0,205885.0,0
20221102T,204350.0,204350.0,204350.0,204350.0,0
20221103T,215012.0,215012.0,215012.0,215012.0,0
20221104T,222035.0,222035.0,222035.0,222035.0,0
20221107T,226880.0,226880.0,226880.0,226880.0,0
20221109T,238954.0,238954.0,238954.0,238954.0,0
20221110T,244138.0,244138.0,244138.0,244138.0,0
20221111T,248092.0,248092.0,248092.0,248092.0,0
20221114T,246329.0,246329.0,246329.0,246329.0,0
20221115T,256844.0,256844.0,256844.0,256844.0,0
20221116T,236809.0,236809.0,236809.0,236809.0,0
20221117T,239134.0,239134.0,239134.0,239134.0,0
20221118T,230048.0,230048.0,230048.0,230048.0,0
20221121T,236948.0,236948.0,236948.0,236948.0,0
20221122T,242232.0,242232.0,242232.0,242232.0,0
20221123T,244150.0,244150.0,244150.0,244150.0,0
20221124T,194992.0,194992.0,194992.0,194992.0,0
20221125T,196259.0,196259.0,196259.0,196259.0,0
20221128T,197558.0,197558.0,197558.0,197558.0,0
20221129T,190218.0,190218.0,190218.0,190218.0,0
20221130T,195661.0,195661.0,195661.0,195661.0,0
20221201T,204521.0,204521.0,204521.0,204521.0,0
20221202T,207357.0,207357.0,207357.0,207357.0,0
20221205T,213741.0,213741.0,213741.0,213741.0,0
20221206T,204860.0,204860.0,204860.0,204860.0,0
20221207T,209450.0,209450.0,209450.0,209450.0,0
20221208T,222599.0,222599.0,222599.0,222599.0,0
20221209T,224164.0,224164.0,224164.0,224164.0,0
20221212T,225824.0,225824.0,225824.0,225824.0,0
20221213T,226088.0,226088.0,226088.0,226088.0,0
20221214T,228356.0,228356.0,228356.0,228356.0,0
20221215T,234358.0,234358.0,234358.0,234358.0,0
20221216T,228029.0,228029.0,228029.0,228029.0,0
20221219T,232848.0,232848.0,232848.0,232848.0,0
20221220T,240167.0,240167.0,240167.0,240167.0,0
20221221T,242383.0,242383.0,242383.0,242383.0,0
20221222T,250418.0,250418.0,250418.0,250418.0,0
20221223T,262885.0,262885.0,262885.0,262885.0,0
20221226T,245809.0,245809.0,245809.0,245809.0,0
20221227T,241246.0,241246.0,241246.0,241246.0,0
20221228T,236803.0,236803.0,236803.0,236803.0,0
20221229T,210237.0,210237.0,210237.0,210237.0,0
20221230T,217686.0,217686.0,217686.0,217686.0,0
20230102T,218870.0,218870.0,218870.0,218870.0,0
20230103T,227343.0,227343.0,227343.0,227343.0,0
20230104T,236213.0,236213.0,236213.0,236213.0,0
20230105T,235622.0,235622.0,235622.0,235622.0,0
20230106T,247629.0,247629.0,247629.0,247629.0,0
20230109T,232535.0,232535.0,232535.0,232535.0,0
20230110T,242568.0,242568.0,242568.0,242568.0,0
20230111T,239814.0,239814.0,239814.0,239814.0,0
20230112T,247778.0,247778.0,247778.0,247778.0,0
20230113T,251188.0,251188.0,251188.0,251188.0,0
20230116T,253405.0,253405.0,253405.0,253405.0,0
20230117T,242982.0,242982.0,242982.0,242982.0,0
20230118T,232516.0,232516.0,232516.0,232516.0,0
20230119T,228423.0,228423.0,228423.0,228423.0,0
20230120T,230033.0,230033.0,230033.0,230033.0,0
20230123T,230158.0,230158.0,230158.0,230158.0,0
20230124T,219345.0,219345.0,219345.0,219345.0,0
20230125T,198799.0,198799.0,198799.0,198799.0,0
20230127T,246537.0,246537.0,246537.0,246537.0,0
20230130T,248667.0,248667.0,248667.0,248667.0,0
20230131T,248108.0,248108.0,248108.0,248108.0,0
20230201T,231116.0,231116.0,231116.0,231116.0,0
20230202T,242728.0,242728.0,242728.0,242728.0,0
20230203T,225394.0,225394.0,225394.0,225394.0,0
20230206T,235568.0,235568.0,235568.0,235568.0,0
20230207T,238704.0,238704.0,238704.0,238704.0,0
20230208T,232432.0,232432.0,232432.0,232432.0,0
20230209T,228570.0,228570.0,228570.0,228570.0,0
20230210T,229258.0,229258.0,229258.0,229258.0,0
20230213T,235110.0,235110.0,235110.0,235110.0,0
20230214T,211473.0,211473.0,211473.0,211473.0,0
20230215T,215940.0,215940.0,215940.0,215940.0,0
20230216T,225153.0,225153.0,225153.0,225153.0,0
20230217T,241312.0,241312.0,241312.0,241312.0,0
20230220T,246952.0,246952.0,246952.0,246952.0,0
20230221T,246434.0,246434.0,246434.0,246434.0,0
20230222T,257968.0,257968.0,257968.0,257968.0,0
20230223T,226585.0,226585.0,226585.0,226585.0,0
20230224T,278751.0,278751.0,278751.0,278751.0,0
20230227T,315293.0,315293.0,315293.0,315293.0,0
20230228T,330769.0,330769.0,330769.0,330769.0,0
20230301T,332226.0,332226.0,332226.0,332226.0,0
20230302T,343249.0,343249.0,343249.0,343249.0,0
20230303T,325684.0,325684.0,325684.0,325684.0,0
20230306T,314290.0,314290.0,314290.0,314290.0,0
20230308T,323984.0,323984.0,323984.0,323984.0,0
20230309T,346847.0,346847.0,346847.0,346847.0,0
20230310T,361147.0,361147.0,361147.0,361147.0,0
20230313T,376458.0,376458.0,376458.0,376458.0,0
20230314T,385589.0,385589.0,385589.0,385589.0,0
20230315T,387838.0,387838.0,387838.0,387838.0,0
20230316T,394398.0,394398.0,394398.0,394398.0,0
20230317T,387235.0,387235.0,387235.0,387235.0,0
20230320T,405440.0,405440.0,405440.0,405440.0,0
20230321T,414296.0,414296.0,414296.0,414296.0,0
20230322T,404908.0,404908.0,404908.0,404908.0,0
20230323T,411143.0,411143.0,411143.0,411143.0,0
20230324T,404369.0,404369.0,404369.0,404369.0,0
20230327T,396024.0,396024.0,396024.0,396024.0,0
20230328T,381731.0,381731.0,381731.0,381731.0,0
20230329T,332460.0,332460.0,332460.0,332460.0,0
20230331T,321933.0,321933.0,321933.0,321933.0,0
20230403T,260422.0,260422.0,260422.0,260422.0,0
20230405T,219133.0,219133.0,219133.0,219133.0,0
20230406T,223766.0,223766.0,223766.0,223766.0,0
20230410T,203433.0,203433.0,203433.0,203433.0,0
20230411T,191837.0,191837.0,191837.0,191837.0,0
20230412T,184738.0,184738.0,184738.0,184738.0,0
20230413T,186773.0,186773.0,186773.0,186773.0,0
20230417T,194606.0,194606.0,194606.0,194606.0,0
20230418T,195811.0,195811.0,195811.0,195811.0,0
20230419T,200949.0,200949.0,200949.0,200949.0,0
20230420T,203479.0,203479.0,203479.0,203479.0,0
20230421T,198833.0,198833.0,198833.0,198833.0,0
20230424T,205313.0,205313.0,205313.0,205313.0,0
20230425T,193742.0,193742.0,193742.0,193742.0,0
20230426T,203105.0,203105.0,203105.0,203105.0,0
20230427T,147954.0,147954.0,147954.0,147954.0,0
20230428T,157530.0,157530.0,157530.0,157530.0,0
20230502T,154615.0,154615.0,154615.0,154615.0,0
20230503T,159819.0,159819.0,159819.0,159819.0,0
20230504T,171550.0,171550.0,171550.0,171550.0,0
20230505T,175526.0,175526.0,175526.0,175526.0,0
20230508T,178117.0,178117.0,178117.0,178117.0,0
20230509T,177099.0,177099.0,177099.0,177099.0,0
20230510T,179906.0,179906.0,179906.0,179906.0,0
20230511T,198724.0,198724.0,198724.0,198724.0,0
20230512T,201375.0,201375.0,201375.0,201375.0,0
20230515T,198544.0,198544.0,198544.0,198544.0,0
20230516T,202505.0,202505.0,202505.0,202505.0,0
20230517T,195551.0,195551.0,195551.0,195551.0,0
20230518T,196887.0,196887.0,196887.0,196887.0,0
20230519T,197762.0,197762.0,197762.0,197762.0,0
20230522T,198124.0,198124.0,198124.0,198124.0,0
20230523T,199925.0,199925.0,199925.0,199925.0,0
20230524T,195817.0,195817.0,195817.0,195817.0,0
20230525T,129233.0,129233.0,129233.0,129233.0,0
20230526T,139779.0,139779.0,139779.0,139779.0,0
20230529T,138172.0,138172.0,138172.0,138172.0,0
20230530T,143027.0,143027.0,143027.0,143027.0,0
20230531T,146500.0,146500.0,146500.0,146500.0,0
20230601T,154512.0,154512.0,154512.0,154512.0,0
20230602T,158600.0,158600.0,158600.0,158600.0,0
20230605T,157733.0,157733.0,157733.0,157733.0,0
20230606T,166877.0,166877.0,166877.0,166877.0,0
20230607T,170446.0,170446.0,170446.0,170446.0,0
20230608T,170872.0,170872.0,170872.0,170872.0,0
20230609T,175470.0,175470.0,175470.0,175470.0,0
20230612T,173278.0,173278.0,173278.0,173278.0,0
20230613T,174674.0,174674.0,174674.0,174674.0,0
20230614T,172749.0,172749.0,172749.0,172749.0,0
20230615T,175267.0,175267.0,175267.0,175267.0,0
20230616T,174231.0,174231.0,174231.0,174231.0,0
20230619T,178837.0,178837.0,178837.0,178837.0,0
20230620T,183657.0,183657.0,183657.0,183657.0,0
20230621T,180795.0,180795.0,180795.0,180795.0,0
20230622T,185454.0,185454.0,185454.0,185454.0,0
20230623T,181323.0,181323.0,181323.0,181323.0,0
20230626T,179417.0,179417.0,179417.0,179417.0,0
20230627T,193154.0,193154.0,193154.0,193154.0,0
20230628T,160220.0,160220.0,160220.0,160220.0,0
20230630T,181287.0,181287.0,181287.0,181287.0,0
20230703T,194914.0,194914.0,194914.0,194914.0,0
20230704T,191149.0,191149.0,191149.0,191149.0,0
20230705T,188145.0,188145.0,188145.0,188145.0,0
20230706T,203433.0,203433.0,203433.0,203433.0,0
20230707T,195365.0,195365.0,195365.0,195365.0,0
20230710T,191390.0,191390.0,191390.0,191390.0,0
20230711T,191078.0,191078.0,191078.0,191078.0,0
20230712T,176867.0,176867.0,176867.0,176867.0,0
20230713T,171913.0,171913.0,171913.0,171913.0,0
20230714T,179324.0,179324.0,179324.0,179324.0,0
20230717T,198981.0,198981.0,198981.0,198981.0,0
20230718T,178369.0,178369.0,178369.0,178369.0,0
20230719T,196213.0,196213.0,196213.0,196213.0,0
20230720T,213480.0,213480.0,213480.0,213480.0,0
20230721T,215243.0,215243.0,215243.0,215243.0,0
20230724T,207910.0,207910.0,207910.0,207910.0,0
20230725T,209547.0,209547.0,209547.0,209547.0,0
20230726T,222882.0,222882.0,222882.0,222882.0,0
20230727T,214674.0,214674.0,214674.0,214674.0,0
20230728T,213471.0,213471.0,213471.0,213471.0,0
20230731T,221748.0,221748.0,221748.0,221748.0,0
20230801T,219907.0,219907.0,219907.0,219907.0,0
20230802T,219983.0,219983.0,219983.0,219983.0,0
20230803T,230976.0,230976.0,230976.0,230976.0,0
20230804T,223904.0,223904.0,223904.0,223904.0,0
20230807T,233137.0,233137.0,233137.0,233137.0,0
20230808T,240684.0,240684.0,240684.0,240684.0,0
20230809T,240058.0,240058.0,240058.0,240058.0,0
20230810T,243684.0,243684.0,243684.0,243684.0,0
20230811T,252280.0,252280.0,252280.0,252280.0,0
20230814T,249363.0,249363.0,249363.0,249363.0,0
20230816T,255852.0,255852.0,255852.0,255852.0,0
20230817T,265236.0,265236.0,265236.0,265236.0,0
20230818T,258716.0,258716.0,258716.0,258716.0,0
20230821T,251221.0,251221.0,251221.0,251221.0,0
20230822T,249948.0,249948.0,249948.0,249948.0,0
20230823T,248986.0,248986.0,248986.0,248986.0,0
20230824T,238256.0,238256.0,238256.0,238256.0,0
20230825T,247181.0,247181.0,247181.0,247181.0,0
20230828T,243416.0,243416.0,243416.0,243416.0,0
20230829T,229918.0,229918.0,229918.0,229918.0,0
20230830T,216112.0,216112.0,216112.0,216112.0,0
20230831T,189698.0,189698.0,189698.0,189698.0,0
20230901T,189422.0,189422.0,189422.0,189422.0,0
20230904T,190081.0,190081.0,190081.0,190081.0,0
20230905T,183517.0,183517.0,183517.0,183517.0,0
20230906T,186609.0,186609.0,186609.0,186609.0,0
20230907T,203797.0,203797.0,203797.0,203797.0,0
20230908T,201911.0,201911.0,201911.0,201911.0,0
20230911T,188534.0,188534.0,188534.0,188534.0,0
20230912T,173520.0,173520.0,173520.0,173520.0,0
20230913T,168387.0,168387.0,168387.0,168387.0,0
20230914T,167685.0,167685.0,167685.0,167685.0,0
20230915T,174112.0,174112.0,174112.0,174112.0,0
20230918T,164286.0,164286.0,164286.0,164286.0,0
20230920T,172618.0,172618.0,172618.0,172618.0,0
20230921T,201652.0,201652.0,201652.0,201652.0,0
20230922T,206114.0,206114.0,206114.0,206114.0,0
20230925T,222314.0,222314.0,222314.0,222314.0,0
20230926T,226277.0,226277.0,226277.0,226277.0,0
20230927T,234402.0,234402.0,234402.0,234402.0,0
20230928T,225550.0,225550.0,225550.0,225550.0,0
20230929T,222553.0,222553.0,222553.0,222553.0,0
20231003T,236935.0,236935.0,236935.0,236935.0,0
20231004T,263891.0,263891.0,263891.0,263891.0,0
20231005T,265887.0,265887.0,265887.0,265887.0,0
20231006T,258838.0,258838.0,258838.0,258838.0,0
20231009T,259881.0,259881.0,259881.0,259881.0,0
20231010T,257667.0,257667.0,257667.0,257667.0,0
20231011T,239831.0,239831.0,239831.0,239831.0,0
20231012T,233686.0,233686.0,233686.0,233686.0,0
20231013T,235564.0,235564.0,235564.0,235564.0,0
20231016T,233633.0,233633.0,233633.0,233633.0,0
20231017T,228847.0,228847.0,228847.0,228847.0,0
20231018T,246965.0,246965.0,246965.0,246965.0,0
20231019T,245900.0,245900.0,245900.0,245900.0,0
20231020T,246566.0,246566.0,246566.0,246566.0,0
20231023T,253089.0,253089.0,253089.0,253089.0,0
20231025T,259759.0,259759.0,259759.0,259759.0,0
20231026T,270193.0,270193.0,270193.0,270193.0,0
20231027T,261739.0,261739.0,261739.0,261739.0,0
20231030T,267409.0,267409.0,267409.0,267409.0,0
20231031T,270543.0,270543.0,270543.0,270543.0,0
20231101T,274847.0,274847.0,274847.0,274847.0,0
20231102T,279694.0,279694.0,279694.0,279694.0,0
20231103T,262525.0,262525.0,262525.0,262525.0,0
20231106T,255609.0,255609.0,255609.0,255609.0,0
20231107T,251548.0,251548.0,251548.0,251548.0,0
20231108T,255531.0,255531.0,255531.0,255531.0,0
20231109T,258614.0,258614.0,258614.0,258614.0,0
20231110T,252803.0,252803.0,252803.0,252803.0,0
20231113T,250135.0,250135.0,250135.0,250135.0,0
20231115T,246663.0,246663.0,246663.0,246663.0,0
20231116T,229581.0,229581.0,229581.0,229581.0,0
20231117T,243158.0,243158.0,243158.0,243158.0,0
20231120T,241374.0,241374.0,241374.0,241374.0,0
20231121T,233167.0,233167.0,233167.0,233167.0,0
20231122T,261308.0,261308.0,261308.0,261308.0,0
20231123T,266982.0,266982.0,266982.0,266982.0,0
20231124T,263711.0,263711.0,263711.0,263711.0,0
20231128T,268912.0,268912.0,268912.0,268912.0,0
20231129T,249257.0,249257.0,249257.0,249257.0,0
20231130T,193703.0,193703.0,193703.0,193703.0,0
20231201T,184891.0,184891.0,184891.0,184891.0,0
20231204T,175242.0,175242.0,175242.0,175242.0,0
20231205T,169323.0,169323.0,169323.0,169323.0,0
20231206T,162424.0,162424.0,162424.0,162424.0,0
20231207T,176209.0,176209.0,176209.0,176209.0,0
20231208T,180138.0,180138.0,180138.0,180138.0,0
20231211T,188899.0,188899.0,188899.0,188899.0,0
20231212T,185394.0,185394.0,185394.0,185394.0,0
20231213T,186956.0,186956.0,186956.0,186956.0,0
20231214T,200981.0,200981.0,200981.0,200981.0,0
20231215T,213384.0,213384.0,213384.0,213384.0,0
20231218T,196817.0,196817.0,196817.0,196817.0,0
20231219T,209319.0,209319.0,209319.0,209319.0,0
20231220T,187185.0,187185.0,187185.0,187185.0,0
20231221T,173323.0,173323.0,173323.0,173323.0,0
20231222T,163337.0,163337.0,163337.0,163337.0,0
20231226T,174305.0,174305.0,174305.0,174305.0,0
20231227T,211995.0,211995.0,211995.0,211995.0,0
20231228T,184589.0,184589.0,184589.0,184589.0,0
20231229T,183016.0,183016.0,183016.0,183016.0,0
20240101T,183839.0,183839.0,183839.0,183839.0,0
20240102T,195331.0,195331.0,195331.0,195331.0,0
20240103T,190653.0,190653.0,190653.0,190653.0,0
20240104T,194255.0,194255.0,194255.0,194255.0,0
20240105T,189489.0,189489.0,189489.0,189489.0,0
20240108T,197049.0,197049.0,197049.0,197049.0,0
20240109T,184395.0,184395.0,184395.0,184395.0,0
20240110T,180562.0,180562.0,180562.0,180562.0,0
20240111T,190940.0,190940.0,190940.0,190940.0,0
20240112T,189917.0,189917.0,189917.0,189917.0,0
20240115T,195133.0,195133.0,195133.0,195133.0,0
20240116T,190414.0,190414.0,190414.0,190414.0,0
20240117T,247279.0,247279.0,247279.0,247279.0,0
20240118T,279372.0,279372.0,279372.0,279372.0,0
20240119T,282062.0,282062.0,282062.0,282062.0,0
20240123T,287427.0,287427.0,287427.0,287427.0,0
20240124T,289657.0,289657.0,289657.0,289657.0,0
20240125T,324837.0,324837.0,324837.0,324837.0,0
20240129T,322429.0,322429.0,322429.0,322429.0,0
20240130T,314558.0,314558.0,314558.0,314558.0,0
20240131T,286361.0,286361.0,286361.0,286361.0,0
20240201T,285623.0,285623.0,285623.0,285623.0,0
20240202T,287067.0,287067.0,287067.0,287067.0,0
20240205T,281556.0,281556.0,281556.0,281556.0,0
20240206T,282645.0,282645.0,282645.0,282645.0,0
20240207T,283916.0,283916.0,283916.0,283916.0,0
20240208T,298798.0,298798.0,298798.0,298798.0,0
20240209T,275982.0,275982.0,275982.0,275982.0,0
20240212T,298692.0,298692.0,298692.0,298692.0,0
20240213T,280824.0,280824.0,280824.0,280824.0,0
20240214T,265013.0,265013.0,265013.0,265013.0,0
20240215T,259050.0,259050.0,259050.0,259050.0,0
20240216T,260480.0,260480.0,260480.0,260480.0,0
20240219T,256764.0,256764.0,256764.0,256764.0,0
20240220T,254877.0,254877.0,254877.0,254877.0,0
20240221T,256640.0,256640.0,256640.0,256640.0,0
20240223T,269716.0,269716.0,269716.0,269716.0,0
20240226T,279289.0,279289.0,279289.0,279289.0,0
20240227T,283413.0,283413.0,283413.0,283413.0,0
20240228T,297836.0,297836.0,297836.0,297836.0,0
20240229T,285811.0,285811.0,285811.0,285811.0,0
20240301T,355122.0,355122.0,355122.0,355122.0,0
20240304T,389917.0,389917.0,389917.0,389917.0,0
20240305T,433998.0,433998.0,433998.0,433998.0,0
20240306T,433179.0,433179.0,433179.0,433179.0,0
20240307T,437381.0,437381.0,437381.0,437381.0,0
20240311T,454109.0,454109.0,454109.0,454109.0,0
20240312T,462959.0,462959.0,462959.0,462959.0,0
20240313T,472277.0,472277.0,472277.0,472277.0,0
20240314T,478702.0,478702.0,478702.0,478702.0,0
20240315T,487779.0,487779.0,487779.0,487779.0,0
20240318T,496654.0,496654.0,496654.0,496654.0,0
20240319T,503765.0,503765.0,503765.0,503765.0,0
20240320T,509887.0,509887.0,509887.0,509887.0,0
20240321T,508086.0,508086.0,508086.0,508086.0,0
20240322T,489481.0,489481.0,489481.0,489481.0,0
20240326T,489979.0,489979.0,489979.0,489979.0,0
20240327T,460164.0,460164.0,460164.0,460164.0,0
20240328T,401841.0,401841.0,401841.0,401841.0,0
20240401T,218144.0,218144.0,218144.0,218144.0,0
20240402T,222339.0,222339.0,222339.0,222339.0,0
20240403T,227601.0,227601.0,227601.0,227601.0,0
20240404T,204427.0,204427.0,204427.0,204427.0,0
20240405T,217366.0,217366.0,217366.0,217366.0,0
20240408T,222675.0,222675.0,222675.0,222675.0,0
20240409T,226596.0,226596.0,226596.0,226596.0,0
20240410T,217475.0,217475.0,217475.0,217475.0,0
20240412T,224162.0,224162.0,224162.0,224162.0,0
20240415T,252885.0,252885.0,252885.0,252885.0,0
20240416T,267164.0,267164.0,267164.0,267164.0,0
20240418T,313344.0,313344.0,313344.0,313344.0,0
20240419T,290747.0,290747.0,290747.0,290747.0,0
20240422T,294233.0,294233.0,294233.0,294233.0,0
20240423T,301502.0,301502.0,301502.0,301502.0,0
20240424T,284383.0,284383.0,284383.0,284383.0,0
20240425T,240078.0,240078.0,240078.0,240078.0,0
20240426T,390292.0,390292.0,390292.0,390292.0,0
20240429T,397453.0,397453.0,397453.0,397453.0,0
20240430T,365401.0,365401.0,365401.0,365401.0,0
20240502T,360641.0,360641.0,360641.0,360641.0,0
20240503T,373547.0,373547.0,373547.0,373547.0,0
20240506T,386459.0,386459.0,386459.0,386459.0,0
20240507T,397731.0,397731.0,397731.0,397731.0,0
20240508T,431018.0,431018.0,431018.0,431018.0,0
20240509T,509673.0,509673.0,509673.0,509673.0,0
20240510T,498810.0,498810.0,498810.0,498810.0,0
20240513T,498301.0,498301.0,498301.0,498301.0,0
20240514T,512031.0,512031.0,512031.0,512031.0,0
20240515T,521444.0,521444.0,521444.0,521444.0,0
20240516T,520776.0,520776.0,520776.0,520776.0,0
20240517T,523361.0,523361.0,523361.0,523361.0,0
20240521T,506134.0,506134.0,506134.0,506134.0,0
20240522T,512846.0,512846.0,512846.0,512846.0,0
20240523T,457281.0,457281.0,457281.0,457281.0,0
20240524T,451108.0,451108.0,451108.0,451108.0,0
20240527T,419134.0,419134.0,419134.0,419134.0,0
20240528T,421645.0,421645.0,421645.0,421645.0,0
20240529T,433858.0,433858.0,433858.0,433858.0,0
20240530T,535897.0,535897.0,535897.0,535897.0,0
20240531T,561745.0,561745.0,561745.0,561745.0,0
20240603T,464652.0,464652.0,464652.0,464652.0,0
20240604T,562838.0,562838.0,562838.0,562838.0,0
20240605T,485284.0,485284.0,485284.0,485284.0,0
20240606T,475273.0,475273.0,475273.0,475273.0,0
20240607T,424213.0,424213.0,424213.0,424213.0,0
20240610T,390178.0,390178.0,390178.0,390178.0,0
20240611T,394362.0,394362.0,394362.0,394362.0,0
20240612T,392234.0,392234.0,392234.0,392234.0,0
20240613T,372405.0,372405.0,372405.0,372405.0,0
20240614T,377551.0,377551.0,377551.0,377551.0,0
20240618T,381387.0,381387.0,381387.0,381387.0,0
20240619T,359845.0,359845.0,359845.0,359845.0,0
20240620T,356702.0,356702.0,356702.0,356702.0,0
20240621T,350478.0,350478.0,350478.0,350478.0,0
20240624T,343586.0,343586.0,343586.0,343586.0,0
20240625T,350729.0,350729.0,350729.0,350729.0,0
20240626T,325553.0,325553.0,325553.0,325553.0,0
20240627T,270005.0,270005.0,270005.0,270005.0,0
20240628T,260625.0,260625.0,260625.0,260625.0,0
20240701T,280283.0,280283.0,280283.0,280283.0,0
20240702T,281556.0,281556.0,281556.0,281556.0,0
20240703T,275573.0,275573.0,275573.0,275573.0,0
20240704T,268858.0,268858.0,268858.0,268858.0,0
20240705T,259895.0,259895.0,259895.0,259895.0,0
20240708T,269673.0,269673.0,269673.0,269673.0,0
20240709T,268979.0,268979.0,268979.0,268979.0,0
20240710T,272784.0,272784.0,272784.0,272784.0,0
20240711T,277616.0,277616.0,277616.0,277616.0,0
20240712T,283914.0,283914.0,283914.0,283914.0,0
20240715T,293119.0,293119.0,293119.0,293119.0,0
20240716T,308127.0,308127.0,308127.0,308127.0,0
20240718T,298497.0,298497.0,298497.0,298497.0,0
20240719T,304064.0,304064.0,304064.0,304064.0,0
20240722T,304492.0,304492.0,304492.0,304492.0,0
20240723T,320979.0,320979.0,320979.0,320979.0,0
20240724T,381362.0,381362.0,381362.0,381362.0,0
20240725T,394724.0,394724.0,394724.0,394724.0,0
20240726T,387378.0,387378.0,387378.0,387378.0,0
20240729T,396842.0,396842.0,396842.0,396842.0,0
20240730T,398528.0,398528.0,398528.0,398528.0,0
20240731T,404932.0,404932.0,404932.0,404932.0,0
20240801T,410715.0,410715.0,410715.0,410715.0,0
20240802T,413211.0,413211.0,413211.0,413211.0,0
20240805T,407281.0,407281.0,407281.0,407281.0,0
20240806T,395818.0,395818.0,395818.0,395818.0,0
20240807T,375378.0,375378.0,375378.0,375378.0,0
20240808T,396055.0,396055.0,396055.0,396055.0,0
20240809T,361096.0,361096.0,361096.0,361096.0,0
20240812T,374996.0,374996.0,374996.0,374996.0,0
20240813T,428637.0,428637.0,428637.0,428637.0,0
20240814T,425132.0,425132.0,425132.0,425132.0,0
20240816T,376101.0,376101.0,376101.0,376101.0,0
20240819T,388516.0,388516.0,388516.0,388516.0,0
20240820T,363843.0,363843.0,363843.0,363843.0,0
20240821T,375085.0,375085.0,375085.0,375085.0,0
20240822T,369050.0,369050.0,369050.0,369050.0,0
20240823T,372036.0,372036.0,372036.0,372036.0,0
20240826T,364715.0,364715.0,364715.0,364715.0,0
20240827T,345981.0,345981.0,345981.0,345981.0,0
20240828T,305943.0,305943.0,305943.0,305943.0,0
20240829T,265869.0,265869.0,265869.0,265869.0,0
20240830T,274160.0,274160.0,274160.0,274160.0,0
20240902T,289182.0,289182.0,289182.0,289182.0,0
20240903T,294798.0,294798.0,294798.0,294798.0,0
20240904T,312902.0,312902.0,312902.0,312902.0,0
20240905T,312228.0,312228.0,312228.0,312228.0,0
20240906T,355215.0,355215.0,355215.0,355215.0,0
20240909T,330432.0,330432.0,330432.0,330432.0,0
20240910T,315250.0,315250.0,315250.0,315250.0,0
20240911T,323417.0,323417.0,323417.0,323417.0,0
20240912T,302760.0,302760.0,302760.0,302760.0,0
20240913T,300885.0,300885.0,300885.0,300885.0,0
20240916T,288036.0,288036.0,288036.0,288036.0,0
20240917T,269274.0,269274.0,269274.0,269274.0,0
20240918T,237848.0,237848.0,237848.0,237848.0,0
20240919T,254543.0,254543.0,254543.0,254543.0,0
20240920T,248293.0,248293.0,248293.0,248293.0,0
20240923T,255021.0,255021.0,255021.0,255021.0,0
20240924T,272125.0,272125.0,272125.0,272125.0,0
20240925T,259328.0,259328.0,259328.0,259328.0,0
20240926T,263030.0,263030.0,263030.0,263030.0,0
20240927T,265727.0,265727.0,265727.0,265727.0,0
20240930T,261530.0,261530.0,261530.0,261530.0,0
20241001T,268540.0,268540.0,268540.0,268540.0,0
20241003T,331320.0,331320.0,331320.0,331320.0,0
20241004T,381416.0,381416.0,381416.0,381416.0,0
20241007T,440566.0,440566.0,440566.0,440566.0,0
20241008T,451000.0,451000.0,451000.0,451000.0,0
20241009T,479181.0,479181.0,479181.0,479181.0,0
20241010T,495934.0,495934.0,495934.0,495934.0,0
20241011T,502780.0,502780.0,502780.0,502780.0,0
20241014T,490913.0,490913.0,490913.0,490913.0,0
20241015T,500275.0,500275.0,500275.0,500275.0,0
20241016T,511367.0,511367.0,511367.0,511367.0,0
20241017T,528833.0,528833.0,528833.0,528833.0,0
20241018T,510454.0,510454.0,510454.0,510454.0,0
20241021T,507617.0,507617.0,507617.0,507617.0,0
20241022T,512408.0,512408.0,512408.0,512408.0,0
20241023T,508875.0,508875.0,508875.0,508875.0,0
20241024T,512833.0,512833.0,512833.0,512833.0,0
20241025T,513557.0,513557.0,513557.0,513557.0,0
20241028T,468401.0,468401.0,468401.0,468401.0,0
20241029T,456147.0,456147.0,456147.0,456147.0,0
20241030T,448032.0,448032.0,448032.0,448032.0,0
20241031T,435068.0,435068.0,435068.0,435068.0,0
20241104T,471218.0,471218.0,471218.0,471218.0,0
20241105T,453896.0,453896.0,453896.0,453896.0,0
20241106T,460284.0,460284.0,460284.0,460284.0,0
20241107T,487991.0,487991.0,487991.0,487991.0,0
20241108T,482715.0,482715.0,482715.0,482715.0,0
20241111T,465621.0,465621.0,465621.0,465621.0,0
20241112T,494412.0,494412.0,494412.0,494412.0,0
20241113T,531805.0,531805.0,531805.0,531805.0,0
20241114T,548747.0,548747.0,548747.0,548747.0,0
20241118T,547758.0,547758.0,547758.0,547758.0,0
20241119T,516527.0,516527.0,516527.0,516527.0,0
20241121T,523696.0,523696.0,523696.0,523696.0,0
20241122T,467349.0,467349.0,467349.0,467349.0,0
20241125T,406347.0,406347.0,406347.0,406347.0,0
20241126T,392573.0,392573.0,392573.0,392573.0,0
20241127T,379753.0,379753.0,379753.0,379753.0,0
20241128T,409800.0,409800.0,409800.0,409800.0,0
20241129T,404075.0,404075.0,404075.0,404075.0,0
20241202T,409503.0,409503.0,409503.0,409503.0,0
20241203T,391364.0,391364.0,391364.0,391364.0,0
20241204T,387226.0,387226.0,387226.0,387226.0,0
20241205T,341307.0,341307.0,341307.0,341307.0,0
20241206T,357851.0,357851.0,357851.0,357851.0,0
20241209T,368817.0,368817.0,368817.0,368817.0,0
20241210T,375004.0,375004.0,375004.0,375004.0,0
20241211T,377791.0,377791.0,377791.0,377791.0,0
20241212T,390151.0,390151.0,390151.0,390151.0,0
20241213T,364059.0,364059.0,364059.0,364059.0,0
20241216T,389326.0,389326.0,389326.0,389326.0,0
20241217T,422750.0,422750.0,422750.0,422750.0,0
20241218T,452257.0,452257.0,452257.0,452257.0,0
20241219T,470416.0,470416.0,470416.0,470416.0,0
20241220T,487217.0,487217.0,487217.0,487217.0,0
20241223T,461574.0,461574.0,461574.0,461574.0,0
20241224T,449623.0,449623.0,449623.0,449623.0,0
20241226T,441007.0,441007.0,441007.0,441007.0,0
20241227T,435712.0,435712.0,435712.0,435712.0,0
20241230T,456512.0,456512.0,456512.0,456512.0,0
20241231T,481310.0,481310.0,481310.0,481310.0,0
20250101T,488759.0,488759.0,488759.0,488759.0,0
20250102T,439460.0,439460.0,439460.0,439460.0,0
20250103T,462771.0,462771.0,462771.0,462771.0,0
20250106T,462533.0,462533.0,462533.0,462533.0,0
20250107T,449651.0,449651.0,449651.0,449651.0,0
20250108T,467032.0,467032.0,467032.0,467032.0,0
20250109T,502036.0,502036.0,502036.0,502036.0,0
20250110T,519826.0,519826.0,519826.0,519826.0,0
20250113T,532439.0,532439.0,532439.0,532439.0,0
20250114T,524445.0,524445.0,524445.0,524445.0,0
20250115T,519216.0,519216.0,519216.0,519216.0,0
20250116T,510103.0,510103.0,510103.0,510103.0,0
20250117T,524698.0,524698.0,524698.0,524698.0,0
20250120T,518427.0,518427.0,518427.0,518427.0,0
20250121T,526487.0,526487.0,526487.0,526487.0,0
20250122T,517096.0,517096.0,517096.0,517096.0,0
20250123T,511175.0,511175.0,511175.0,511175.0,0
20250124T,489841.0,489841.0,489841.0,489841.0,0
20250127T,470098.0,470098.0,470098.0,470098.0,0
20250128T,418141.0,418141.0,418141.0,418141.0,0
20250129T,375392.0,375392.0,375392.0,375392.0,0
20250130T,243116.0,243116.0,243116.0,243116.0,0
20250131T,239269.0,239269.0,239269.0,239269.0,0
20250203T,244573.0,244573.0,244573.0,244573.0,0
20250204T,222854.0,222854.0,222854.0,222854.0,0
20250205T,221739.0,221739.0,221739.0,221739.0,0
20250206T,227763.0,227763.0,227763.0,227763.0,0
20250207T,226215.0,226215.0,226215.0,226215.0,0
20250210T,236141.0,236141.0,236141.0,236141.0,0
20250211T,247832.0,247832.0,247832.0,247832.0,0
20250212T,246805.0,246805.0,246805.0,246805.0,0
20250213T,244028.0,244028.0,244028.0,244028.0,0
20250214T,249010.0,249010.0,249010.0,249010.0,0
20250217T,248720.0,248720.0,248720.0,248720.0,0
20250218T,247754.0,247754.0,247754.0,247754.0,0
20250219T,248354.0,248354.0,248354.0,248354.0,0
20250220T,250698.0,250698.0,250698.0,250698.0,0
20250221T,253223.0,253223.0,253223.0,253223.0,0
20250224T,263109.0,263109.0,263109.0,263109.0,0
20250225T,258745.0,258745.0,258745.0,258745.0,0
20250227T,216890.0,216890.0,216890.0,216890.0,0
20250228T,237356.0,237356.0,237356.0,237356.0,0
20250303T,242627.0,242627.0,242627.0,242627.0,0
20250304T,248728.0,248728.0,248728.0,248728.0,0
20250305T,250774.0,250774.0,250774.0,250774.0,0
20250306T,242505.0,242505.0,242505.0,242505.0,0
20250307T,241454.0,241454.0,241454.0,241454.0,0
20250310T,249674.0,249674.0,249674.0,249674.0,0
20250311T,253917.0,253917.0,253917.0,253917.0,0
20250312T,256338.0,256338.0,256338.0,256338.0,0
20250313T,254107.0,254107.0,254107.0,254107.0,0
20250317T,250012.0,250012.0,250012.0,250012.0,0
20250318T,237453.0,237453.0,237453.0,237453.0,0
20250319T,226785.0,226785.0,226785.0,226785.0,0
20250320T,207628.0,207628.0,207628.0,207628.0,0
20250321T,191804.0,191804.0,191804.0,191804.0,0
20250324T,181946.0,181946.0,181946.0,181946.0,0
20250325T,185590.0,185590.0,185590.0,185590.0,0
20250326T,184778.0,184778.0,184778.0,184778.0,0
20250327T,139548.0,139548.0,139548.0,139548.0,0
20250328T,147847.0,147847.0,147847.0,147847.0,0
20250401T,133199.0,133199.0,133199.0,133199.0,0
20250402T,126530.0,126530.0,126530.0,126530.0,0
20250403T,130655.0,130655.0,130655.0,130655.0,0
20250404T,138245.0,138245.0,138245.0,138245.0,0
20250407T,141352.0,141352.0,141352.0,141352.0,0
20250408T,138801.0,138801.0,138801.0,138801.0,0
20250409T,147877.0,147877.0,147877.0,147877.0,0
20250411T,142419.0,142419.0,142419.0,142419.0,0
20250415T,133789.0,133789.0,133789.0,133789.0,0
20250416T,130774.0,130774.0,130774.0,130774.0,0
20250417T,126867.0,126867.0,126867.0,126867.0,0
20250421T,131978.0,131978.0,131978.0,131978.0,0
20250422T,136665.0,136665.0,136665.0,136665.0,0
20250423T,136201.0,136201.0,136201.0,136201.0,0
20250424T,107750.0,107750.0,107750.0,107750.0,0
20250425T,111063.0,111063.0,111063.0,111063.0,0
20250428T,116102.0,116102.0,116102.0,116102.0,0
20250429T,118393.0,118393.0,118393.0,118393.0,0
20250430T,115435.0,115435.0,115435.0,115435.0,0
20250502T,115991.0,115991.0,115991.0,115991.0,0
20250505T,117710.0,117710.0,117710.0,117710.0,0
20250506T,113610.0,113610.0,113610.0,113610.0,0
20250507T,115376.0,115376.0,115376.0,115376.0,0
20250508T,107666.0,107666.0,107666.0,107666.0,0
20250509T,112445.0,112445.0,112445.0,112445.0,0
20250512T,125063.0,125063.0,125063.0,125063.0,0
20250513T,146838.0,146838.0,146838.0,146838.0,0
20250514T,138345.0,138345.0,138345.0,138345.0,0
20250515T,136977.0,136977.0,136977.0,136977.0,0
20250516T,143410.0,143410.0,143410.0,143410.0,0
20250519T,143387.0,143387.0,143387.0,143387.0,0
20250520T,162424.0,162424.0,162424.0,162424.0,0
20250521T,169860.0,169860.0,169860.0,169860.0,0
20250522T,180017.0,180017.0,180017.0,180017.0,0
20250523T,177228.0,177228.0,177228.0,177228.0,0
20250526T,178404.0,178404.0,178404.0,178404.0,0
20250527T,181980.0,181980.0,181980.0,181980.0,0
20250528T,190883.0,190883.0,190883.0,190883.0,0
20250529T,163518.0,163518.0,163518.0,163518.0,0
20250530T,171398.0,171398.0,171398.0,171398.0,0
20250602T,172394.0,172394.0,172394.0,172394.0,0
20250603T,181370.0,181370.0,181370.0,181370.0,0
20250604T,184832.0,184832.0,184832.0,184832.0,0
20250605T,189297.0,189297.0,189297.0,189297.0,0
20250606T,188351.0,188351.0,188351.0,188351.0,0
20250609T,193456.0,193456.0,193456.0,193456.0,0
20250610T,193068.0,193068.0,193068.0,193068.0,0
20250611T,190746.0,190746.0,190746.0,190746.0,0
20250612T,197044.0,197044.0,197044.0,197044.0,0
20250613T,200462.0,200462.0,200462.0,200462.0,0
20250616T,192737.0,192737.0,192737.0,192737.0,0
20250617T,195916.0,195916.0,195916.0,195916.0,0
20250618T,193128.0,193128.0,193128.0,193128.0,0
20250619T,189943.0,189943.0,189943.0,189943.0,0
20250620T,184737.0,184737.0,184737.0,184737.0,0
20250623T,184906.0,184906.0,184906.0,184906.0,0
20250624T,186962.0,186962.0,186962.0,186962.0,0
20250625T,179448.0,179448.0,179448.0,179448.0,0
20250626T,144501.0,144501.0,144501.0,144501.0,0
20250627T,148580.0,148580.0,148580.0,148580.0,0
20250630T,138935.0,138935.0,138935.0,138935.0,0
20250701T,136360.0,136360.0,136360.0,136360.0,0
20250702T,141425.0,141425.0,141425.0,141425.0,0
20250703T,146071.0,146071.0,146071.0,146071.0,0
20250704T,146766.0,146766.0,146766.0,146766.0,0
20250707T,153022.0,153022.0,153022.0,153022.0,0
20250708T,161642.0,161642.0,161642.0,161642.0,0
20250709T,166250.0,166250.0,166250.0,166250.0,0
20250710T,171126.0,171126.0,171126.0,171126.0,0
20250711T,178631.0,178631.0,178631.0,178631.0,0
20250714T,189305.0,189305.0,189305.0,189305.0,0
20250715T,191649.0,191649.0,191649.0,191649.0,0
20250716T,194340.0,194340.0,194340.0,194340.0,0
20250717T,198989.0,198989.0,198989.0,198989.0,0
20250718T,206134.0,206134.0,206134.0,206134.0,0
20250721T,206633.0,206633.0,206633.0,206633.0,0
20250722T,207135.0,207135.0,207135.0,207135.0,0
20250723T,204737.0,204737.0,204737.0,204737.0,0
20250724T,210893.0,210893.0,210893.0,210893.0,0
20250725T,217910.0,217910.0,217910.0,217910.0,0
20250728T,223751.0,223751.0,223751.0,223751.0,0
20250729T,221661.0,221661.0,221661.0,221661.0,0
20250730T,219278.0,219278.0,219278.0,219278.0,0
20250731T,184815.0,184815.0,184815.0,184815.0,0
20250801T,202002.0,202002.0,202002.0,202002.0,0
20250804T,199081.0,199081.0,199081.0,199081.0,0
20250805T,207549.0,207549.0,207549.0,207549.0,0
20250806T,208133.0,208133.0,208133.0,208133.0,0
20250807T,209403.0,209403.0,209403.0,209403.0,0
20250808T,217668.0,217668.0,217668.0,217668.0,0
20250811T,215716.0,215716.0,215716.0,215716.0,0
20250812T,218633.0,218633.0,218633.0,218633.0,0
20250813T,217862.0,217862.0,217862.0,217862.0,0
20250814T,214029.0,214029.0,214029.0,214029.0,0
20250818T,203467.0,203467.0,203467.0,203467.0,0
20250819T,202833.0,202833.0,202833.0,202833.0,0
20250820T,202829.0,202829.0,202829.0,202829.0,0
20250821T,197261.0,197261.0,197261.0,197261.0,0
20250822T,203646.0,203646.0,203646.0,203646.0,0
20250825T,203063.0,203063.0,203063.0,203063.0,0
20250826T,209787.0,209787.0,209787.0,209787.0,0
20250828T,207664.0,207664.0,207664.0,207664.0,0
20250829T,214659.0,214659.0,214659.0,214659.0,0
20250901T,215040.0,215040.0,215040.0,215040.0,0
20250902T,216275.0,216275.0,216275.0,216275.0,0
20250903T,216745.0,216745.0,216745.0,216745.0,0
20250904T,217226.0,217226.0,217226.0,217226.0,0
20250905T,217989.0,217989.0,217989.0,217989.0,0
20250908T,219016.0,219016.0,219016.0,219016.0,0
20250909T,218724.0,218724.0,218724.0,218724.0,0
20250910T,212107.0,212107.0,212107.0,212107.0,0
20250911T,211045.0,211045.0,211045.0,211045.0,0
20250912T,205394.0,205394.0,205394.0,205394.0,0
20250915T,206755.0,206755.0,206755.0,206755.0,0
20250916T,199829.0,199829.0,199829.0,199829.0,0
20250917T,195075.0,195075.0,195075.0,195075.0,0
20250918T,189243.0,189243.0,189243.0,189243.0,0
20250919T,193006.0,193006.0,193006.0,193006.0,0
20250922T,191282.0,191282.0,191282.0,191282.0,0
20250923T,192884.0,192884.0,192884.0,192884.0,0
20250924T,196282.0,196282.0,196282.0,196282.0,0
20250925T,201678.0,201678.0,201678.0,201678.0,0
20250926T,215067.0,215067.0,215067.0,215067.0,0
20250929T,212772.0,212772.0,212772.0,212772.0,0
20250930T,193487.0,193487.0,193487.0,193487.0,0
20251001T,193862.0,193862.0,193862.0,193862.0,0
20251003T,203594.0,203594.0,203594.0,203594.0,0
20251006T,193678.0,193678.0,193678.0,193678.0,0
20251007T,186056.0,186056.0,186056.0,186056.0,0
20251008T,190887.0,190887.0,190887.0,190887.0,0
20251009T,192455.0,192455.0,192455.0,192455.0,0
20251010T,191878.0,191878.0,191878.0,191878.0,0
20251013T,192610.0,192610.0,192610.0,192610.0,0
20251014T,197580.0,197580.0,197580.0,197580.0,0
20251015T,199029.0,199029.0,199029.0,199029.0,0
20251016T,188687.0,188687.0,188687.0,188687.0,0
20251017T,176430.0,176430.0,176430.0,176430.0,0
20251020T,185407.0,185407.0,185407.0,185407.0,0
20251023T,178572.0,178572.0,178572.0,178572.0,0
20251024T,176249.0,176249.0,176249.0,176249.0,0
20251027T,172300.0,172300.0,172300.0,172300.0,0
20251028T,150801.0,150801.0,150801.0,150801.0,0
20251029T,152430.0,152430.0,152430.0,152430.0,0
20251030T,163622.0,163622.0,163622.0,163622.0,0
20251031T,170939.0,170939.0,170939.0,170939.0,0
20251103T,179540.0,179540.0,179540.0,179540.0,0
20251104T,187789.0,187789.0,187789.0,187789.0,0
20251106T,190648.0,190648.0,190648.0,190648.0,0
20251107T,197827.0,197827.0,197827.0,197827.0,0
20251110T,197246.0,197246.0,197246.0,197246.0,0
20251111T,200297.0,200297.0,200297.0,200297.0,0
20251112T,191487.0,191487.0,191487.0,191487.0,0
20251113T,182923.0,182923.0,182923.0,182923.0,0
20251114T,192042.0,192042.0,192042.0,192042.0,0
20251117T,193086.0,193086.0,193086.0,193086.0,0
20251118T,193833.0,193833.0,193833.0,193833.0,0
20251119T,187008.0,187008.0,187008.0,187008.0,0
20251120T,170997.0,170997.0,170997.0,170997.0,0
20251121T,170477.0,170477.0,170477.0,170477.0,0
20251124T,173693.0,173693.0,173693.0,173693.0,0
20251125T,144135.0,144135.0,144135.0,144135.0,0
20251126T,145844.0,145844.0,145844.0,145844.0,0
20251127T,148480.0,148480.0,148480.0,148480.0,0
20251128T,147276.0,147276.0,147276.0,147276.0,0
20251201T,149586.0,149586.0,149586.0,149586.0,0
20251202T,157724.0,157724.0,157724.0,157724.0,0
20251203T,170574.0,170574.0,170574.0,170574.0,0
20251204T,166767.0,166767.0,166767.0,166767.0,0
20251205T,162541.0,162541.0,162541.0,162541.0,0
20251208T,170834.0,170834.0,170834.0,170834.0,0
20251209T,177491.0,177491.0,177491.0,177491.0,0
20251210T,181516.0,181516.0,181516.0,181516.0,0
20251211T,180958.0,180958.0,180958.0,180958.0,0
20251212T,181060.0,181060.0,181060.0,181060.0,0
20251215T,181434.0,181434.0,181434.0,181434.0,0
20251216T,185127.0,185127.0,185127.0,185127.0,0
20251217T,187955.0,187955.0,187955.0,187955.0,0
20251218T,187049.0,187049.0,187049.0,187049.0,0
20251219T,176141.0,176141.0,176141.0,176141.0,0
20251222T,169589.0,169589.0,169589.0,169589.0,0
20251223T,165119.0,165119.0,165119.0,165119.0,0
20251224T,165416.0,165416.0,165416.0,165416.0,0
20251226T,174852.0,174852.0,174852.0,174852.0,0
20251229T,181030.0,181030.0,181030.0,181030.0,0
20251230T,179953.0,179953.0,179953.0,179953.0,0
20251231T,178583.0,178583.0,178583.0,178583.0,0
20260101T,180631.0,180631.0,180631.0,180631.0,0
20260102T,175995.0,175995.0,175995.0,175995.0,0
20260105T,175238.0,175238.0,175238.0,175238.0,0
20260106T,180406.0,180406.0,180406.0,180406.0,0
20260107T,181912.0,181912.0,181912.0,181912.0,0
20260108T,194862.0,194862.0,194862.0,194862.0,0
20260109T,202665.0,202665.0,202665.0,202665.0,0
20260112T,206509.0,206509.0,206509.0,206509.0,0
20260113T,210598.0,210598.0,210598.0,210598.0,0
20260114T,210834.0,210834.0,210834.0,210834.0,0
20260116T,207613.0,207613.0,207613.0,207613.0,0
20260119T,210605.0,210605.0,210605.0,210605.0,0
20260120T,224010.0,224010.0,224010.0,224010.0,0
20260121T,222484.0,222484.0,222484.0,222484.0,0
20260122T,215048.0,215048.0,215048.0,215048.0,0
20260123T,230130.0,230130.0,230130.0,230130.0,0
20260127T,202611.0,202611.0,202611.0,202611.0,0
20260128T,202716.0,202716.0,202716.0,202716.0,0
20260129T,199506.0,199506.0,199506.0,199506.0,0
20260130T,199658.0,199658.0,199658.0,199658.0,0
20260201T,208734.0,208734.0,208734.0,208734.0,0
20260202T,201397.0,201397.0,201397.0,201397.0,0
