20120106T,49943.0,49943.0,49943.0,49943.0,0
20120109T,53847.0,53847.0,53847.0,53847.0,0
20120110T,64727.0,64727.0,64727.0,64727.0,0
20120111T,79568.0,79568.0,79568.0,79568.0,0
20120112T,81063.0,81063.0,81063.0,81063.0,0
20120113T,89838.0,89838.0,89838.0,89838.0,0
20120116T,96751.0,96751.0,96751.0,96751.0,0
20120117T,110132.0,110132.0,110132.0,110132.0,0
20120118T,111401.0,111401.0,111401.0,111401.0,0
20120119T,126345.0,126345.0,126345.0,126345.0,0
20120120T,134433.0,134433.0,134433.0,134433.0,0
20120123T,132943.0,132943.0,132943.0,132943.0,0
20120124T,132174.0,132174.0,132174.0,132174.0,0
20120125T,22534.0,22534.0,22534.0,22534.0,0
20120127T,31977.0,31977.0,31977.0,31977.0,0
20120130T,34819.0,34819.0,34819.0,34819.0,0
20120131T,44520.0,44520.0,44520.0,44520.0,0
20120201T,50400.0,50400.0,50400.0,50400.0,0
20120202T,56813.0,56813.0,56813.0,56813.0,0
20120203T,63213.0,63213.0,63213.0,63213.0,0
20120206T,69914.0,69914.0,69914.0,69914.0,0
20120207T,74509.0,74509.0,74509.0,74509.0,0
20120208T,81305.0,81305.0,81305.0,81305.0,0
20120209T,87130.0,87130.0,87130.0,87130.0,0
20120210T,90232.0,90232.0,90232.0,90232.0,0
20120213T,97383.0,97383.0,97383.0,97383.0,0
20120214T,100970.0,100970.0,100970.0,100970.0,0
20120215T,106501.0,106501.0,106501.0,106501.0,0
20120216T,109932.0,109932.0,109932.0,109932.0,0
20120217T,111882.0,111882.0,111882.0,111882.0,0
20120221T,116875.0,116875.0,116875.0,116875.0,0
20120222T,106670.0,106670.0,106670.0,106670.0,0
20120223T,14342.0,14342.0,14342.0,14342.0,0
20120224T,18221.0,18221.0,18221.0,18221.0,0
20120227T,22075.0,22075.0,22075.0,22075.0,0
20120228T,26336.0,26336.0,26336.0,26336.0,0
20120229T,29797.0,29797.0,29797.0,29797.0,0
20120301T,32153.0,32153.0,32153.0,32153.0,0
20120302T,35307.0,35307.0,35307.0,35307.0,0
20120305T,37421.0,37421.0,37421.0,37421.0,0
20120306T,36645.0,36645.0,36645.0,36645.0,0
20120307T,37565.0,37565.0,37565.0,37565.0,0
20120309T,41146.0,41146.0,41146.0,41146.0,0
20120312T,43531.0,43531.0,43531.0,43531.0,0
20120313T,49218.0,49218.0,49218.0,49218.0,0
20120314T,54218.0,54218.0,54218.0,54218.0,0
20120315T,55430.0,55430.0,55430.0,55430.0,0
20120316T,54748.0,54748.0,54748.0,54748.0,0
20120319T,53546.0,53546.0,53546.0,53546.0,0
20120320T,55895.0,55895.0,55895.0,55895.0,0
20120321T,60037.0,60037.0,60037.0,60037.0,0
20120322T,53837.0,53837.0,53837.0,53837.0,0
20120323T,56450.0,56450.0,56450.0,56450.0,0
20120326T,53394.0,53394.0,53394.0,53394.0,0
20120327T,55638.0,55638.0,55638.0,55638.0,0
20120328T,53455.0,53455.0,53455.0,53455.0,0
20120329T,14169.0,14169.0,14169.0,14169.0,0
20120330T,19614.0,19614.0,19614.0,19614.0,0
20120402T,24094.0,24094.0,24094.0,24094.0,0
20120403T,29118.0,29118.0,29118.0,29118.0,0
20120404T,31737.0,31737.0,31737.0,31737.0,0
20120409T,31646.0,31646.0,31646.0,31646.0,0
20120410T,34551.0,34551.0,34551.0,34551.0,0
20120411T,37715.0,37715.0,37715.0,37715.0,0
20120412T,50769.0,50769.0,50769.0,50769.0,0
20120413T,45965.0,45965.0,45965.0,45965.0,0
20120416T,53231.0,53231.0,53231.0,53231.0,0
20120417T,61852.0,61852.0,61852.0,61852.0,0
20120418T,66143.0,66143.0,66143.0,66143.0,0
20120419T,71255.0,71255.0,71255.0,71255.0,0
20120420T,72875.0,72875.0,72875.0,72875.0,0
20120423T,66964.0,66964.0,66964.0,66964.0,0
20120424T,72848.0,72848.0,72848.0,72848.0,0
20120425T,69340.0,69340.0,69340.0,69340.0,0
20120426T,18381.0,18381.0,18381.0,18381.0,0
20120427T,24902.0,24902.0,24902.0,24902.0,0
20120430T,30619.0,30619.0,30619.0,30619.0,0
20120502T,34059.0,34059.0,34059.0,34059.0,0
20120503T,36223.0,36223.0,36223.0,36223.0,0
20120504T,37262.0,37262.0,37262.0,37262.0,0
20120507T,39163.0,39163.0,39163.0,39163.0,0
20120508T,37944.0,37944.0,37944.0,37944.0,0
20120509T,39950.0,39950.0,39950.0,39950.0,0
20120510T,41953.0,41953.0,41953.0,41953.0,0
20120511T,43263.0,43263.0,43263.0,43263.0,0
20120514T,46414.0,46414.0,46414.0,46414.0,0
20120515T,49617.0,49617.0,49617.0,49617.0,0
20120516T,47154.0,47154.0,47154.0,47154.0,0
20120517T,53710.0,53710.0,53710.0,53710.0,0
20120518T,55427.0,55427.0,55427.0,55427.0,0
20120521T,60037.0,60037.0,60037.0,60037.0,0
20120522T,59193.0,59193.0,59193.0,59193.0,0
20120523T,60770.0,60770.0,60770.0,60770.0,0
20120524T,68585.0,68585.0,68585.0,68585.0,0
20120525T,72280.0,72280.0,72280.0,72280.0,0
20120528T,79861.0,79861.0,79861.0,79861.0,0
20120529T,86501.0,86501.0,86501.0,86501.0,0
20120530T,81782.0,81782.0,81782.0,81782.0,0
20120531T,16576.0,16576.0,16576.0,16576.0,0
20120601T,21794.0,21794.0,21794.0,21794.0,0
20120604T,28387.0,28387.0,28387.0,28387.0,0
20120605T,33780.0,33780.0,33780.0,33780.0,0
20120606T,42729.0,42729.0,42729.0,42729.0,0
20120607T,50386.0,50386.0,50386.0,50386.0,0
20120608T,53493.0,53493.0,53493.0,53493.0,0
20120611T,54739.0,54739.0,54739.0,54739.0,0
20120612T,60913.0,60913.0,60913.0,60913.0,0
20120613T,65438.0,65438.0,65438.0,65438.0,0
20120614T,60290.0,60290.0,60290.0,60290.0,0
20120615T,69500.0,69500.0,69500.0,69500.0,0
20120618T,70402.0,70402.0,70402.0,70402.0,0
20120619T,77703.0,77703.0,77703.0,77703.0,0
20120620T,84829.0,84829.0,84829.0,84829.0,0
20120621T,90955.0,90955.0,90955.0,90955.0,0
20120622T,87313.0,87313.0,87313.0,87313.0,0
20120625T,85733.0,85733.0,85733.0,85733.0,0
20120626T,86381.0,86381.0,86381.0,86381.0,0
20120627T,87033.0,87033.0,87033.0,87033.0,0
20120628T,16187.0,16187.0,16187.0,16187.0,0
20120629T,24441.0,24441.0,24441.0,24441.0,0
20120702T,29204.0,29204.0,29204.0,29204.0,0
20120703T,33380.0,33380.0,33380.0,33380.0,0
20120704T,40090.0,40090.0,40090.0,40090.0,0
20120705T,43866.0,43866.0,43866.0,43866.0,0
20120706T,45585.0,45585.0,45585.0,45585.0,0
20120709T,46956.0,46956.0,46956.0,46956.0,0
20120710T,56177.0,56177.0,56177.0,56177.0,0
20120711T,81282.0,81282.0,81282.0,81282.0,0
20120712T,74030.0,74030.0,74030.0,74030.0,0
20120713T,67150.0,67150.0,67150.0,67150.0,0
20120716T,66035.0,66035.0,66035.0,66035.0,0
20120717T,67317.0,67317.0,67317.0,67317.0,0
20120718T,73995.0,73995.0,73995.0,73995.0,0
20120719T,81142.0,81142.0,81142.0,81142.0,0
20120720T,80871.0,80871.0,80871.0,80871.0,0
20120723T,70225.0,70225.0,70225.0,70225.0,0
20120724T,72456.0,72456.0,72456.0,72456.0,0
20120725T,67178.0,67178.0,67178.0,67178.0,0
20120726T,16433.0,16433.0,16433.0,16433.0,0
20120727T,26558.0,26558.0,26558.0,26558.0,0
20120730T,37671.0,37671.0,37671.0,37671.0,0
20120731T,42021.0,42021.0,42021.0,42021.0,0
20120801T,45716.0,45716.0,45716.0,45716.0,0
20120802T,48330.0,48330.0,48330.0,48330.0,0
20120803T,47517.0,47517.0,47517.0,47517.0,0
20120806T,55762.0,55762.0,55762.0,55762.0,0
20120807T,64144.0,64144.0,64144.0,64144.0,0
20120808T,72181.0,72181.0,72181.0,72181.0,0
20120809T,80307.0,80307.0,80307.0,80307.0,0
20120810T,81989.0,81989.0,81989.0,81989.0,0
20120813T,86405.0,86405.0,86405.0,86405.0,0
20120814T,90707.0,90707.0,90707.0,90707.0,0
20120816T,92711.0,92711.0,92711.0,92711.0,0
20120817T,91554.0,91554.0,91554.0,91554.0,0
20120821T,101441.0,101441.0,101441.0,101441.0,0
20120822T,103091.0,103091.0,103091.0,103091.0,0
20120823T,102945.0,102945.0,102945.0,102945.0,0
20120824T,99144.0,99144.0,99144.0,99144.0,0
20120827T,91335.0,91335.0,91335.0,91335.0,0
20120828T,88312.0,88312.0,88312.0,88312.0,0
20120829T,86334.0,86334.0,86334.0,86334.0,0
20120830T,21743.0,21743.0,21743.0,21743.0,0
20120831T,29086.0,29086.0,29086.0,29086.0,0
20120903T,35172.0,35172.0,35172.0,35172.0,0
20120904T,39033.0,39033.0,39033.0,39033.0,0
20120905T,40517.0,40517.0,40517.0,40517.0,0
20120906T,44996.0,44996.0,44996.0,44996.0,0
20120907T,55534.0,55534.0,55534.0,55534.0,0
20120910T,61967.0,61967.0,61967.0,61967.0,0
20120911T,68473.0,68473.0,68473.0,68473.0,0
20120912T,76000.0,76000.0,76000.0,76000.0,0
20120913T,79751.0,79751.0,79751.0,79751.0,0
20120914T,103352.0,103352.0,103352.0,103352.0,0
20120917T,124618.0,124618.0,124618.0,124618.0,0
20120918T,131433.0,131433.0,131433.0,131433.0,0
20120920T,126858.0,126858.0,126858.0,126858.0,0
20120921T,141673.0,141673.0,141673.0,141673.0,0
20120924T,146085.0,146085.0,146085.0,146085.0,0
20120925T,148414.0,148414.0,148414.0,148414.0,0
20120926T,146850.0,146850.0,146850.0,146850.0,0
20120927T,25047.0,25047.0,25047.0,25047.0,0
20120928T,34359.0,34359.0,34359.0,34359.0,0
20121001T,43154.0,43154.0,43154.0,43154.0,0
20121003T,51891.0,51891.0,51891.0,51891.0,0
20121004T,60257.0,60257.0,60257.0,60257.0,0
20121005T,63712.0,63712.0,63712.0,63712.0,0
20121008T,65179.0,65179.0,65179.0,65179.0,0
20121009T,75450.0,75450.0,75450.0,75450.0,0
20121010T,78641.0,78641.0,78641.0,78641.0,0
20121011T,109899.0,109899.0,109899.0,109899.0,0
20121012T,99072.0,99072.0,99072.0,99072.0,0
20121015T,103944.0,103944.0,103944.0,103944.0,0
20121016T,95386.0,95386.0,95386.0,95386.0,0
20121017T,99359.0,99359.0,99359.0,99359.0,0
20121018T,107669.0,107669.0,107669.0,107669.0,0
20121019T,104888.0,104888.0,104888.0,104888.0,0
20121022T,106239.0,106239.0,106239.0,106239.0,0
20121023T,99731.0,99731.0,99731.0,99731.0,0
20121025T,17637.0,17637.0,17637.0,17637.0,0
20121026T,25862.0,25862.0,25862.0,25862.0,0
20121029T,34453.0,34453.0,34453.0,34453.0,0
20121030T,37726.0,37726.0,37726.0,37726.0,0
20121031T,44692.0,44692.0,44692.0,44692.0,0
20121101T,54381.0,54381.0,54381.0,54381.0,0
20121102T,62878.0,62878.0,62878.0,62878.0,0
20121105T,67620.0,67620.0,67620.0,67620.0,0
20121106T,71851.0,71851.0,71851.0,71851.0,0
20121107T,81636.0,81636.0,81636.0,81636.0,0
20121108T,90000.0,90000.0,90000.0,90000.0,0
20121109T,88803.0,88803.0,88803.0,88803.0,0
20121112T,99325.0,99325.0,99325.0,99325.0,0
20121113T,100028.0,100028.0,100028.0,100028.0,0
20121115T,97070.0,97070.0,97070.0,97070.0,0
20121116T,88638.0,88638.0,88638.0,88638.0,0
20121119T,90818.0,90818.0,90818.0,90818.0,0
20121120T,88280.0,88280.0,88280.0,88280.0,0
20121121T,96997.0,96997.0,96997.0,96997.0,0
20121122T,101364.0,101364.0,101364.0,101364.0,0
20121123T,101312.0,101312.0,101312.0,101312.0,0
20121126T,104795.0,104795.0,104795.0,104795.0,0
20121127T,110452.0,110452.0,110452.0,110452.0,0
20121129T,24414.0,24414.0,24414.0,24414.0,0
20121130T,34919.0,34919.0,34919.0,34919.0,0
20121203T,41850.0,41850.0,41850.0,41850.0,0
20121204T,49294.0,49294.0,49294.0,49294.0,0
20121205T,56430.0,56430.0,56430.0,56430.0,0
20121206T,63615.0,63615.0,63615.0,63615.0,0
20121207T,66952.0,66952.0,66952.0,66952.0,0
20121210T,74752.0,74752.0,74752.0,74752.0,0
20121211T,75580.0,75580.0,75580.0,75580.0,0
20121212T,82714.0,82714.0,82714.0,82714.0,0
20121213T,84212.0,84212.0,84212.0,84212.0,0
20121214T,95015.0,95015.0,95015.0,95015.0,0
20121217T,101365.0,101365.0,101365.0,101365.0,0
20121218T,113588.0,113588.0,113588.0,113588.0,0
20121219T,120793.0,120793.0,120793.0,120793.0,0
20121220T,124401.0,124401.0,124401.0,124401.0,0
20121221T,111308.0,111308.0,111308.0,111308.0,0
20121224T,117124.0,117124.0,117124.0,117124.0,0
20121226T,125671.0,125671.0,125671.0,125671.0,0
20121227T,21630.0,21630.0,21630.0,21630.0,0
20121228T,28794.0,28794.0,28794.0,28794.0,0
20121231T,33160.0,33160.0,33160.0,33160.0,0
20130101T,43360.0,43360.0,43360.0,43360.0,0
20130102T,51354.0,51354.0,51354.0,51354.0,0
20130103T,58449.0,58449.0,58449.0,58449.0,0
20130104T,64637.0,64637.0,64637.0,64637.0,0
20130107T,70846.0,70846.0,70846.0,70846.0,0
20130108T,76994.0,76994.0,76994.0,76994.0,0
20130109T,83420.0,83420.0,83420.0,83420.0,0
20130110T,106332.0,106332.0,106332.0,106332.0,0
20130111T,127244.0,127244.0,127244.0,127244.0,0
20130114T,151769.0,151769.0,151769.0,151769.0,0
20130115T,153431.0,153431.0,153431.0,153431.0,0
20130116T,145363.0,145363.0,145363.0,145363.0,0
20130117T,155915.0,155915.0,155915.0,155915.0,0
20130118T,167726.0,167726.0,167726.0,167726.0,0
20130121T,175324.0,175324.0,175324.0,175324.0,0
20130122T,170539.0,170539.0,170539.0,170539.0,0
20130123T,168145.0,168145.0,168145.0,168145.0,0
20130124T,163674.0,163674.0,163674.0,163674.0,0
20130125T,172575.0,172575.0,172575.0,172575.0,0
20130128T,174216.0,174216.0,174216.0,174216.0,0
20130129T,170629.0,170629.0,170629.0,170629.0,0
20130130T,169761.0,169761.0,169761.0,169761.0,0
20130131T,33726.0,33726.0,33726.0,33726.0,0
20130201T,41973.0,41973.0,41973.0,41973.0,0
20130204T,46528.0,46528.0,46528.0,46528.0,0
20130205T,48300.0,48300.0,48300.0,48300.0,0
20130206T,56143.0,56143.0,56143.0,56143.0,0
20130207T,59497.0,59497.0,59497.0,59497.0,0
20130208T,61019.0,61019.0,61019.0,61019.0,0
20130211T,67969.0,67969.0,67969.0,67969.0,0
20130212T,71852.0,71852.0,71852.0,71852.0,0
20130213T,81183.0,81183.0,81183.0,81183.0,0
20130214T,83798.0,83798.0,83798.0,83798.0,0
20130215T,86333.0,86333.0,86333.0,86333.0,0
20130218T,92026.0,92026.0,92026.0,92026.0,0
20130219T,96194.0,96194.0,96194.0,96194.0,0
20130220T,101669.0,101669.0,101669.0,101669.0,0
20130221T,87380.0,87380.0,87380.0,87380.0,0
20130222T,88975.0,88975.0,88975.0,88975.0,0
20130225T,90176.0,90176.0,90176.0,90176.0,0
20130226T,86562.0,86562.0,86562.0,86562.0,0
20130227T,94201.0,94201.0,94201.0,94201.0,0
20130228T,28049.0,28049.0,28049.0,28049.0,0
20130301T,39601.0,39601.0,39601.0,39601.0,0
20130304T,47162.0,47162.0,47162.0,47162.0,0
20130305T,57831.0,57831.0,57831.0,57831.0,0
20130306T,74634.0,74634.0,74634.0,74634.0,0
20130307T,84995.0,84995.0,84995.0,84995.0,0
20130308T,94298.0,94298.0,94298.0,94298.0,0
20130311T,102712.0,102712.0,102712.0,102712.0,0
20130312T,102224.0,102224.0,102224.0,102224.0,0
20130313T,101561.0,101561.0,101561.0,101561.0,0
20130314T,106939.0,106939.0,106939.0,106939.0,0
20130315T,105905.0,105905.0,105905.0,105905.0,0
20130318T,108254.0,108254.0,108254.0,108254.0,0
20130319T,100304.0,100304.0,100304.0,100304.0,0
20130320T,96381.0,96381.0,96381.0,96381.0,0
20130321T,98404.0,98404.0,98404.0,98404.0,0
20130322T,99337.0,99337.0,99337.0,99337.0,0
20130325T,100376.0,100376.0,100376.0,100376.0,0
20130326T,99352.0,99352.0,99352.0,99352.0,0
20130328T,27805.0,27805.0,27805.0,27805.0,0
20130401T,39637.0,39637.0,39637.0,39637.0,0
20130402T,49161.0,49161.0,49161.0,49161.0,0
20130403T,53972.0,53972.0,53972.0,53972.0,0
20130404T,54722.0,54722.0,54722.0,54722.0,0
20130405T,59233.0,59233.0,59233.0,59233.0,0
20130408T,64581.0,64581.0,64581.0,64581.0,0
20130409T,71927.0,71927.0,71927.0,71927.0,0
20130410T,84970.0,84970.0,84970.0,84970.0,0
20130411T,128273.0,128273.0,128273.0,128273.0,0
20130412T,106449.0,106449.0,106449.0,106449.0,0
20130415T,123561.0,123561.0,123561.0,123561.0,0
20130416T,138761.0,138761.0,138761.0,138761.0,0
20130417T,140923.0,140923.0,140923.0,140923.0,0
20130418T,141591.0,141591.0,141591.0,141591.0,0
20130422T,144061.0,144061.0,144061.0,144061.0,0
20130423T,138660.0,138660.0,138660.0,138660.0,0
20130425T,27740.0,27740.0,27740.0,27740.0,0
20130426T,41761.0,41761.0,41761.0,41761.0,0
20130429T,50856.0,50856.0,50856.0,50856.0,0
20130430T,62665.0,62665.0,62665.0,62665.0,0
20130502T,76928.0,76928.0,76928.0,76928.0,0
20130503T,80161.0,80161.0,80161.0,80161.0,0
20130506T,89281.0,89281.0,89281.0,89281.0,0
20130507T,98310.0,98310.0,98310.0,98310.0,0
20130508T,105758.0,105758.0,105758.0,105758.0,0
20130509T,109741.0,109741.0,109741.0,109741.0,0
20130510T,116140.0,116140.0,116140.0,116140.0,0
20130513T,111688.0,111688.0,111688.0,111688.0,0
20130514T,116908.0,116908.0,116908.0,116908.0,0
20130515T,126130.0,126130.0,126130.0,126130.0,0
20130516T,131592.0,131592.0,131592.0,131592.0,0
20130517T,134016.0,134016.0,134016.0,134016.0,0
20130520T,135394.0,135394.0,135394.0,135394.0,0
20130521T,132011.0,132011.0,132011.0,132011.0,0
20130522T,133202.0,133202.0,133202.0,133202.0,0
20130523T,117805.0,117805.0,117805.0,117805.0,0
20130524T,121545.0,121545.0,121545.0,121545.0,0
20130527T,128725.0,128725.0,128725.0,128725.0,0
20130528T,135612.0,135612.0,135612.0,135612.0,0
20130529T,134167.0,134167.0,134167.0,134167.0,0
20130530T,28530.0,28530.0,28530.0,28530.0,0
20130531T,36464.0,36464.0,36464.0,36464.0,0
20130603T,46181.0,46181.0,46181.0,46181.0,0
20130604T,51328.0,51328.0,51328.0,51328.0,0
20130605T,54994.0,54994.0,54994.0,54994.0,0
20130606T,58674.0,58674.0,58674.0,58674.0,0
20130607T,59748.0,59748.0,59748.0,59748.0,0
20130610T,61370.0,61370.0,61370.0,61370.0,0
20130611T,60566.0,60566.0,60566.0,60566.0,0
20130612T,63778.0,63778.0,63778.0,63778.0,0
20130613T,66168.0,66168.0,66168.0,66168.0,0
20130614T,73513.0,73513.0,73513.0,73513.0,0
20130617T,79974.0,79974.0,79974.0,79974.0,0
20130618T,84214.0,84214.0,84214.0,84214.0,0
20130619T,88625.0,88625.0,88625.0,88625.0,0
20130620T,81756.0,81756.0,81756.0,81756.0,0
20130621T,80577.0,80577.0,80577.0,80577.0,0
20130624T,74782.0,74782.0,74782.0,74782.0,0
20130625T,81795.0,81795.0,81795.0,81795.0,0
20130626T,83514.0,83514.0,83514.0,83514.0,0
20130627T,28564.0,28564.0,28564.0,28564.0,0
20130628T,43359.0,43359.0,43359.0,43359.0,0
20130701T,58087.0,58087.0,58087.0,58087.0,0
20130702T,63059.0,63059.0,63059.0,63059.0,0
20130703T,66375.0,66375.0,66375.0,66375.0,0
20130704T,75829.0,75829.0,75829.0,75829.0,0
20130705T,83940.0,83940.0,83940.0,83940.0,0
20130708T,85270.0,85270.0,85270.0,85270.0,0
20130709T,96669.0,96669.0,96669.0,96669.0,0
20130710T,109328.0,109328.0,109328.0,109328.0,0
20130711T,159833.0,159833.0,159833.0,159833.0,0
20130712T,152022.0,152022.0,152022.0,152022.0,0
20130715T,152311.0,152311.0,152311.0,152311.0,0
20130716T,146144.0,146144.0,146144.0,146144.0,0
20130717T,144375.0,144375.0,144375.0,144375.0,0
20130718T,157836.0,157836.0,157836.0,157836.0,0
20130719T,163704.0,163704.0,163704.0,163704.0,0
20130722T,163158.0,163158.0,163158.0,163158.0,0
20130723T,164021.0,164021.0,164021.0,164021.0,0
20130724T,155541.0,155541.0,155541.0,155541.0,0
20130725T,28669.0,28669.0,28669.0,28669.0,0
20130726T,40684.0,40684.0,40684.0,40684.0,0
20130729T,46948.0,46948.0,46948.0,46948.0,0
20130730T,50206.0,50206.0,50206.0,50206.0,0
20130731T,54309.0,54309.0,54309.0,54309.0,0
20130801T,60139.0,60139.0,60139.0,60139.0,0
20130802T,61521.0,61521.0,61521.0,61521.0,0
20130805T,66247.0,66247.0,66247.0,66247.0,0
20130806T,66114.0,66114.0,66114.0,66114.0,0
20130807T,78293.0,78293.0,78293.0,78293.0,0
20130808T,88868.0,88868.0,88868.0,88868.0,0
20130812T,100795.0,100795.0,100795.0,100795.0,0
20130813T,108746.0,108746.0,108746.0,108746.0,0
20130814T,113804.0,113804.0,113804.0,113804.0,0
20130816T,98247.0,98247.0,98247.0,98247.0,0
20130819T,95550.0,95550.0,95550.0,95550.0,0
20130820T,99032.0,99032.0,99032.0,99032.0,0
20130821T,94077.0,94077.0,94077.0,94077.0,0
20130822T,0.0,0.0,0.0,0.0,0
20130823T,109872.0,109872.0,109872.0,109872.0,0
20130826T,114935.0,114935.0,114935.0,114935.0,0
20130827T,106230.0,106230.0,106230.0,106230.0,0
20130828T,108245.0,108245.0,108245.0,108245.0,0
20130829T,34026.0,34026.0,34026.0,34026.0,0
20130830T,46770.0,46770.0,46770.0,46770.0,0
20130902T,57625.0,57625.0,57625.0,57625.0,0
20130903T,57455.0,57455.0,57455.0,57455.0,0
20130904T,66983.0,66983.0,66983.0,66983.0,0
20130905T,78910.0,78910.0,78910.0,78910.0,0
20130906T,88166.0,88166.0,88166.0,88166.0,0
20130910T,100756.0,100756.0,100756.0,100756.0,0
20130911T,106943.0,106943.0,106943.0,106943.0,0
20130912T,107573.0,107573.0,107573.0,107573.0,0
20130913T,113064.0,113064.0,113064.0,113064.0,0
20130916T,114466.0,114466.0,114466.0,114466.0,0
20130917T,118413.0,118413.0,118413.0,118413.0,0
20130918T,125736.0,125736.0,125736.0,125736.0,0
20130919T,136141.0,136141.0,136141.0,136141.0,0
20130920T,132688.0,132688.0,132688.0,132688.0,0
20130923T,126516.0,126516.0,126516.0,126516.0,0
20130924T,131496.0,131496.0,131496.0,131496.0,0
20130925T,129436.0,129436.0,129436.0,129436.0,0
20130926T,24979.0,24979.0,24979.0,24979.0,0
20130927T,35036.0,35036.0,35036.0,35036.0,0
20130930T,41137.0,41137.0,41137.0,41137.0,0
20131001T,47782.0,47782.0,47782.0,47782.0,0
20131003T,56242.0,56242.0,56242.0,56242.0,0
20131004T,61923.0,61923.0,61923.0,61923.0,0
20131007T,68422.0,68422.0,68422.0,68422.0,0
20131008T,73092.0,73092.0,73092.0,73092.0,0
20131010T,111163.0,111163.0,111163.0,111163.0,0
20131011T,115810.0,115810.0,115810.0,115810.0,0
20131014T,125102.0,125102.0,125102.0,125102.0,0
20131015T,124053.0,124053.0,124053.0,124053.0,0
20131017T,124869.0,124869.0,124869.0,124869.0,0
20131018T,137174.0,137174.0,137174.0,137174.0,0
20131021T,143182.0,143182.0,143182.0,143182.0,0
20131022T,148285.0,148285.0,148285.0,148285.0,0
20131023T,144249.0,144249.0,144249.0,144249.0,0
20131024T,142592.0,142592.0,142592.0,142592.0,0
20131025T,142759.0,142759.0,142759.0,142759.0,0
20131028T,139553.0,139553.0,139553.0,139553.0,0
20131029T,150705.0,150705.0,150705.0,150705.0,0
20131030T,155004.0,155004.0,155004.0,155004.0,0
20131031T,25184.0,25184.0,25184.0,25184.0,0
20131101T,36711.0,36711.0,36711.0,36711.0,0
20131105T,43792.0,43792.0,43792.0,43792.0,0
20131106T,46042.0,46042.0,46042.0,46042.0,0
20131107T,48813.0,48813.0,48813.0,48813.0,0
20131108T,54820.0,54820.0,54820.0,54820.0,0
20131111T,57915.0,57915.0,57915.0,57915.0,0
20131112T,59198.0,59198.0,59198.0,59198.0,0
20131113T,70454.0,70454.0,70454.0,70454.0,0
20131114T,77549.0,77549.0,77549.0,77549.0,0
20131118T,89873.0,89873.0,89873.0,89873.0,0
20131119T,101437.0,101437.0,101437.0,101437.0,0
20131120T,95822.0,95822.0,95822.0,95822.0,0
20131121T,87087.0,87087.0,87087.0,87087.0,0
20131122T,87903.0,87903.0,87903.0,87903.0,0
20131125T,100142.0,100142.0,100142.0,100142.0,0
20131126T,99050.0,99050.0,99050.0,99050.0,0
20131127T,102013.0,102013.0,102013.0,102013.0,0
20131128T,24051.0,24051.0,24051.0,24051.0,0
20131129T,37771.0,37771.0,37771.0,37771.0,0
20131202T,47273.0,47273.0,47273.0,47273.0,0
20131203T,52302.0,52302.0,52302.0,52302.0,0
20131204T,55319.0,55319.0,55319.0,55319.0,0
20131205T,64257.0,64257.0,64257.0,64257.0,0
20131206T,71320.0,71320.0,71320.0,71320.0,0
20131209T,83948.0,83948.0,83948.0,83948.0,0
20131210T,85950.0,85950.0,85950.0,85950.0,0
20131211T,85976.0,85976.0,85976.0,85976.0,0
20131212T,83378.0,83378.0,83378.0,83378.0,0
20131213T,78366.0,78366.0,78366.0,78366.0,0
20131216T,86714.0,86714.0,86714.0,86714.0,0
20131217T,94018.0,94018.0,94018.0,94018.0,0
20131218T,106682.0,106682.0,106682.0,106682.0,0
20131219T,107342.0,107342.0,107342.0,107342.0,0
20131220T,119045.0,119045.0,119045.0,119045.0,0
20131223T,121230.0,121230.0,121230.0,121230.0,0
20131224T,118658.0,118658.0,118658.0,118658.0,0
20131226T,19191.0,19191.0,19191.0,19191.0,0
20131227T,25717.0,25717.0,25717.0,25717.0,0
20131230T,30116.0,30116.0,30116.0,30116.0,0
20131231T,37069.0,37069.0,37069.0,37069.0,0
20140101T,41176.0,41176.0,41176.0,41176.0,0
20140102T,43252.0,43252.0,43252.0,43252.0,0
20140103T,50292.0,50292.0,50292.0,50292.0,0
20140106T,56090.0,56090.0,56090.0,56090.0,0
20140107T,60803.0,60803.0,60803.0,60803.0,0
20140108T,67407.0,67407.0,67407.0,67407.0,0
20140109T,86776.0,86776.0,86776.0,86776.0,0
20140110T,91350.0,91350.0,91350.0,91350.0,0
20140113T,102039.0,102039.0,102039.0,102039.0,0
20140114T,105824.0,105824.0,105824.0,105824.0,0
20140115T,114555.0,114555.0,114555.0,114555.0,0
20140116T,125850.0,125850.0,125850.0,125850.0,0
20140117T,124633.0,124633.0,124633.0,124633.0,0
20140120T,134897.0,134897.0,134897.0,134897.0,0
20140121T,136952.0,136952.0,136952.0,136952.0,0
20140122T,138687.0,138687.0,138687.0,138687.0,0
20140123T,140018.0,140018.0,140018.0,140018.0,0
20140124T,129692.0,129692.0,129692.0,129692.0,0
20140127T,117487.0,117487.0,117487.0,117487.0,0
20140128T,116527.0,116527.0,116527.0,116527.0,0
20140129T,120926.0,120926.0,120926.0,120926.0,0
20140130T,30668.0,30668.0,30668.0,30668.0,0
20140131T,43739.0,43739.0,43739.0,43739.0,0
20140203T,48629.0,48629.0,48629.0,48629.0,0
20140204T,53053.0,53053.0,53053.0,53053.0,0
20140205T,61195.0,61195.0,61195.0,61195.0,0
20140206T,66221.0,66221.0,66221.0,66221.0,0
20140207T,72042.0,72042.0,72042.0,72042.0,0
20140210T,77499.0,77499.0,77499.0,77499.0,0
20140211T,83876.0,83876.0,83876.0,83876.0,0
20140212T,88733.0,88733.0,88733.0,88733.0,0
20140213T,86057.0,86057.0,86057.0,86057.0,0
20140214T,94690.0,94690.0,94690.0,94690.0,0
20140217T,99203.0,99203.0,99203.0,99203.0,0
20140218T,106268.0,106268.0,106268.0,106268.0,0
20140219T,110943.0,110943.0,110943.0,110943.0,0
20140220T,110223.0,110223.0,110223.0,110223.0,0
20140221T,114301.0,114301.0,114301.0,114301.0,0
20140225T,115972.0,115972.0,115972.0,115972.0,0
20140226T,26593.0,26593.0,26593.0,26593.0,0
20140228T,38406.0,38406.0,38406.0,38406.0,0
20140303T,43408.0,43408.0,43408.0,43408.0,0
20140304T,53750.0,53750.0,53750.0,53750.0,0
20140305T,61607.0,61607.0,61607.0,61607.0,0
20140306T,73835.0,73835.0,73835.0,73835.0,0
20140307T,85184.0,85184.0,85184.0,85184.0,0
20140310T,93063.0,93063.0,93063.0,93063.0,0
20140311T,98501.0,98501.0,98501.0,98501.0,0
20140312T,101288.0,101288.0,101288.0,101288.0,0
20140313T,105400.0,105400.0,105400.0,105400.0,0
20140314T,107630.0,107630.0,107630.0,107630.0,0
20140318T,113306.0,113306.0,113306.0,113306.0,0
20140319T,123852.0,123852.0,123852.0,123852.0,0
20140320T,126210.0,126210.0,126210.0,126210.0,0
20140321T,130221.0,130221.0,130221.0,130221.0,0
20140324T,136528.0,136528.0,136528.0,136528.0,0
20140325T,137378.0,137378.0,137378.0,137378.0,0
20140326T,139638.0,139638.0,139638.0,139638.0,0
20140327T,28833.0,28833.0,28833.0,28833.0,0
20140328T,40000.0,40000.0,40000.0,40000.0,0
20140331T,46052.0,46052.0,46052.0,46052.0,0
20140401T,52643.0,52643.0,52643.0,52643.0,0
20140402T,61636.0,61636.0,61636.0,61636.0,0
20140403T,62762.0,62762.0,62762.0,62762.0,0
20140404T,66611.0,66611.0,66611.0,66611.0,0
20140407T,71514.0,71514.0,71514.0,71514.0,0
20140409T,81322.0,81322.0,81322.0,81322.0,0
20140410T,87351.0,87351.0,87351.0,87351.0,0
20140411T,96869.0,96869.0,96869.0,96869.0,0
20140415T,99904.0,99904.0,99904.0,99904.0,0
20140416T,102046.0,102046.0,102046.0,102046.0,0
20140417T,111857.0,111857.0,111857.0,111857.0,0
20140421T,115400.0,115400.0,115400.0,115400.0,0
20140422T,112477.0,112477.0,112477.0,112477.0,0
20140423T,24367.0,24367.0,24367.0,24367.0,0
20140425T,31483.0,31483.0,31483.0,31483.0,0
20140428T,36423.0,36423.0,36423.0,36423.0,0
20140429T,38500.0,38500.0,38500.0,38500.0,0
20140430T,41197.0,41197.0,41197.0,41197.0,0
20140502T,46906.0,46906.0,46906.0,46906.0,0
20140505T,49398.0,49398.0,49398.0,49398.0,0
20140506T,51431.0,51431.0,51431.0,51431.0,0
20140507T,54398.0,54398.0,54398.0,54398.0,0
20140508T,55523.0,55523.0,55523.0,55523.0,0
20140509T,61424.0,61424.0,61424.0,61424.0,0
20140512T,72705.0,72705.0,72705.0,72705.0,0
20140513T,76900.0,76900.0,76900.0,76900.0,0
20140514T,82167.0,82167.0,82167.0,82167.0,0
20140515T,88321.0,88321.0,88321.0,88321.0,0
20140516T,98479.0,98479.0,98479.0,98479.0,0
20140519T,115936.0,115936.0,115936.0,115936.0,0
20140520T,121823.0,121823.0,121823.0,121823.0,0
20140521T,124596.0,124596.0,124596.0,124596.0,0
20140522T,131516.0,131516.0,131516.0,131516.0,0
20140523T,147674.0,147674.0,147674.0,147674.0,0
20140526T,140217.0,140217.0,140217.0,140217.0,0
20140527T,140302.0,140302.0,140302.0,140302.0,0
20140528T,145454.0,145454.0,145454.0,145454.0,0
20140529T,24400.0,24400.0,24400.0,24400.0,0
20140530T,35619.0,35619.0,35619.0,35619.0,0
20140602T,43969.0,43969.0,43969.0,43969.0,0
20140603T,50372.0,50372.0,50372.0,50372.0,0
20140604T,57689.0,57689.0,57689.0,57689.0,0
20140605T,64202.0,64202.0,64202.0,64202.0,0
20140606T,71090.0,71090.0,71090.0,71090.0,0
20140609T,77729.0,77729.0,77729.0,77729.0,0
20140610T,79671.0,79671.0,79671.0,79671.0,0
20140611T,84156.0,84156.0,84156.0,84156.0,0
20140612T,89506.0,89506.0,89506.0,89506.0,0
20140613T,86473.0,86473.0,86473.0,86473.0,0
20140616T,90217.0,90217.0,90217.0,90217.0,0
20140617T,96370.0,96370.0,96370.0,96370.0,0
20140618T,98764.0,98764.0,98764.0,98764.0,0
20140619T,104115.0,104115.0,104115.0,104115.0,0
20140620T,103855.0,103855.0,103855.0,103855.0,0
20140623T,105814.0,105814.0,105814.0,105814.0,0
20140624T,112616.0,112616.0,112616.0,112616.0,0
20140625T,115486.0,115486.0,115486.0,115486.0,0
20140626T,22533.0,22533.0,22533.0,22533.0,0
20140627T,30562.0,30562.0,30562.0,30562.0,0
20140630T,35661.0,35661.0,35661.0,35661.0,0
20140701T,40757.0,40757.0,40757.0,40757.0,0
20140702T,45906.0,45906.0,45906.0,45906.0,0
20140703T,48617.0,48617.0,48617.0,48617.0,0
20140704T,50201.0,50201.0,50201.0,50201.0,0
20140707T,53309.0,53309.0,53309.0,53309.0,0
20140708T,50188.0,50188.0,50188.0,50188.0,0
20140709T,54422.0,54422.0,54422.0,54422.0,0
20140710T,60706.0,60706.0,60706.0,60706.0,0
20140711T,60462.0,60462.0,60462.0,60462.0,0
20140714T,64638.0,64638.0,64638.0,64638.0,0
20140715T,71045.0,71045.0,71045.0,71045.0,0
20140716T,82547.0,82547.0,82547.0,82547.0,0
20140718T,92762.0,92762.0,92762.0,92762.0,0
20140721T,94277.0,94277.0,94277.0,94277.0,0
20140722T,101421.0,101421.0,101421.0,101421.0,0
20140723T,106282.0,106282.0,106282.0,106282.0,0
20140724T,112858.0,112858.0,112858.0,112858.0,0
20140725T,102797.0,102797.0,102797.0,102797.0,0
20140728T,103486.0,103486.0,103486.0,103486.0,0
20140730T,114441.0,114441.0,114441.0,114441.0,0
20140731T,25722.0,25722.0,25722.0,25722.0,0
20140801T,35468.0,35468.0,35468.0,35468.0,0
20140804T,45937.0,45937.0,45937.0,45937.0,0
20140805T,52587.0,52587.0,52587.0,52587.0,0
20140806T,56319.0,56319.0,56319.0,56319.0,0
20140807T,60179.0,60179.0,60179.0,60179.0,0
20140808T,61747.0,61747.0,61747.0,61747.0,0
20140811T,69258.0,69258.0,69258.0,69258.0,0
20140812T,77417.0,77417.0,77417.0,77417.0,0
20140813T,79510.0,79510.0,79510.0,79510.0,0
20140814T,89267.0,89267.0,89267.0,89267.0,0
20140818T,99893.0,99893.0,99893.0,99893.0,0
20140819T,108597.0,108597.0,108597.0,108597.0,0
20140820T,113381.0,113381.0,113381.0,113381.0,0
20140821T,118383.0,118383.0,118383.0,118383.0,0
20140822T,124443.0,124443.0,124443.0,124443.0,0
20140825T,125121.0,125121.0,125121.0,125121.0,0
20140826T,127330.0,127330.0,127330.0,127330.0,0
20140827T,133610.0,133610.0,133610.0,133610.0,0
20140828T,34478.0,34478.0,34478.0,34478.0,0
20140901T,48784.0,48784.0,48784.0,48784.0,0
20140902T,56907.0,56907.0,56907.0,56907.0,0
20140903T,65571.0,65571.0,65571.0,65571.0,0
20140904T,69683.0,69683.0,69683.0,69683.0,0
20140905T,74232.0,74232.0,74232.0,74232.0,0
20140908T,83997.0,83997.0,83997.0,83997.0,0
20140909T,88917.0,88917.0,88917.0,88917.0,0
20140910T,89468.0,89468.0,89468.0,89468.0,0
20140911T,93607.0,93607.0,93607.0,93607.0,0
20140912T,98102.0,98102.0,98102.0,98102.0,0
20140915T,98673.0,98673.0,98673.0,98673.0,0
20140916T,89622.0,89622.0,89622.0,89622.0,0
20140917T,98071.0,98071.0,98071.0,98071.0,0
20140918T,108841.0,108841.0,108841.0,108841.0,0
20140919T,109454.0,109454.0,109454.0,109454.0,0
20140922T,113445.0,113445.0,113445.0,113445.0,0
20140923T,99281.0,99281.0,99281.0,99281.0,0
20140924T,98569.0,98569.0,98569.0,98569.0,0
20140925T,29793.0,29793.0,29793.0,29793.0,0
20140926T,43097.0,43097.0,43097.0,43097.0,0
20140929T,48381.0,48381.0,48381.0,48381.0,0
20140930T,53089.0,53089.0,53089.0,53089.0,0
20141001T,56690.0,56690.0,56690.0,56690.0,0
20141007T,59771.0,59771.0,59771.0,59771.0,0
20141008T,67183.0,67183.0,67183.0,67183.0,0
20141009T,81172.0,81172.0,81172.0,81172.0,0
20141010T,86717.0,86717.0,86717.0,86717.0,0
20141013T,94698.0,94698.0,94698.0,94698.0,0
20141014T,99758.0,99758.0,99758.0,99758.0,0
20141016T,98273.0,98273.0,98273.0,98273.0,0
20141017T,104213.0,104213.0,104213.0,104213.0,0
20141020T,115318.0,115318.0,115318.0,115318.0,0
20141021T,123103.0,123103.0,123103.0,123103.0,0
20141022T,130114.0,130114.0,130114.0,130114.0,0
20141023T,132391.0,132391.0,132391.0,132391.0,0
20141027T,137202.0,137202.0,137202.0,137202.0,0
20141028T,145877.0,145877.0,145877.0,145877.0,0
20141029T,152509.0,152509.0,152509.0,152509.0,0
20141030T,46663.0,46663.0,46663.0,46663.0,0
20141031T,65478.0,65478.0,65478.0,65478.0,0
20141103T,75591.0,75591.0,75591.0,75591.0,0
20141105T,85494.0,85494.0,85494.0,85494.0,0
20141107T,97742.0,97742.0,97742.0,97742.0,0
20141110T,103548.0,103548.0,103548.0,103548.0,0
20141111T,111314.0,111314.0,111314.0,111314.0,0
20141112T,121705.0,121705.0,121705.0,121705.0,0
20141113T,124188.0,124188.0,124188.0,124188.0,0
20141114T,138228.0,138228.0,138228.0,138228.0,0
20141117T,154199.0,154199.0,154199.0,154199.0,0
20141118T,159834.0,159834.0,159834.0,159834.0,0
20141119T,152875.0,152875.0,152875.0,152875.0,0
20141120T,154721.0,154721.0,154721.0,154721.0,0
20141121T,163399.0,163399.0,163399.0,163399.0,0
20141124T,169109.0,169109.0,169109.0,169109.0,0
20141125T,159062.0,159062.0,159062.0,159062.0,0
20141126T,165426.0,165426.0,165426.0,165426.0,0
20141127T,39530.0,39530.0,39530.0,39530.0,0
20141128T,56043.0,56043.0,56043.0,56043.0,0
20141201T,68675.0,68675.0,68675.0,68675.0,0
20141202T,75931.0,75931.0,75931.0,75931.0,0
20141203T,83739.0,83739.0,83739.0,83739.0,0
20141204T,89020.0,89020.0,89020.0,89020.0,0
20141205T,92712.0,92712.0,92712.0,92712.0,0
20141208T,94771.0,94771.0,94771.0,94771.0,0
20141209T,93949.0,93949.0,93949.0,93949.0,0
20141210T,102266.0,102266.0,102266.0,102266.0,0
20141211T,103584.0,103584.0,103584.0,103584.0,0
20141212T,102475.0,102475.0,102475.0,102475.0,0
20141215T,107862.0,107862.0,107862.0,107862.0,0
20141216T,99535.0,99535.0,99535.0,99535.0,0
20141217T,102447.0,102447.0,102447.0,102447.0,0
20141218T,111241.0,111241.0,111241.0,111241.0,0
20141219T,117196.0,117196.0,117196.0,117196.0,0
20141222T,122735.0,122735.0,122735.0,122735.0,0
20141223T,119692.0,119692.0,119692.0,119692.0,0
20141224T,32160.0,32160.0,32160.0,32160.0,0
20141226T,42183.0,42183.0,42183.0,42183.0,0
20141229T,47818.0,47818.0,47818.0,47818.0,0
20141230T,53272.0,53272.0,53272.0,53272.0,0
20141231T,59507.0,59507.0,59507.0,59507.0,0
20150101T,63146.0,63146.0,63146.0,63146.0,0
20150102T,72869.0,72869.0,72869.0,72869.0,0
20150105T,80085.0,80085.0,80085.0,80085.0,0
20150106T,75530.0,75530.0,75530.0,75530.0,0
20150107T,83941.0,83941.0,83941.0,83941.0,0
20150108T,96365.0,96365.0,96365.0,96365.0,0
20150109T,103469.0,103469.0,103469.0,103469.0,0
20150112T,112168.0,112168.0,112168.0,112168.0,0
20150113T,114028.0,114028.0,114028.0,114028.0,0
20150114T,122030.0,122030.0,122030.0,122030.0,0
20150115T,136214.0,136214.0,136214.0,136214.0,0
20150116T,142632.0,142632.0,142632.0,142632.0,0
20150119T,148499.0,148499.0,148499.0,148499.0,0
20150120T,160192.0,160192.0,160192.0,160192.0,0
20150121T,167422.0,167422.0,167422.0,167422.0,0
20150122T,170752.0,170752.0,170752.0,170752.0,0
20150123T,174894.0,174894.0,174894.0,174894.0,0
20150127T,182037.0,182037.0,182037.0,182037.0,0
20150128T,178004.0,178004.0,178004.0,178004.0,0
20150129T,39591.0,39591.0,39591.0,39591.0,0
20150130T,53577.0,53577.0,53577.0,53577.0,0
20150202T,64149.0,64149.0,64149.0,64149.0,0
20150203T,69755.0,69755.0,69755.0,69755.0,0
20150204T,77179.0,77179.0,77179.0,77179.0,0
20150205T,83167.0,83167.0,83167.0,83167.0,0
20150206T,89348.0,89348.0,89348.0,89348.0,0
20150209T,90245.0,90245.0,90245.0,90245.0,0
20150210T,95146.0,95146.0,95146.0,95146.0,0
20150211T,104959.0,104959.0,104959.0,104959.0,0
20150212T,113257.0,113257.0,113257.0,113257.0,0
20150213T,119503.0,119503.0,119503.0,119503.0,0
20150216T,120356.0,120356.0,120356.0,120356.0,0
20150218T,126713.0,126713.0,126713.0,126713.0,0
20150219T,127247.0,127247.0,127247.0,127247.0,0
20150220T,126447.0,126447.0,126447.0,126447.0,0
20150223T,123103.0,123103.0,123103.0,123103.0,0
20150224T,125598.0,125598.0,125598.0,125598.0,0
20150225T,124729.0,124729.0,124729.0,124729.0,0
20150226T,30983.0,30983.0,30983.0,30983.0,0
20150227T,44776.0,44776.0,44776.0,44776.0,0
20150302T,67677.0,67677.0,67677.0,67677.0,0
20150303T,74764.0,74764.0,74764.0,74764.0,0
20150304T,76613.0,76613.0,76613.0,76613.0,0
20150305T,81134.0,81134.0,81134.0,81134.0,0
20150309T,82029.0,82029.0,82029.0,82029.0,0
20150310T,84382.0,84382.0,84382.0,84382.0,0
20150311T,91373.0,91373.0,91373.0,91373.0,0
20150312T,98390.0,98390.0,98390.0,98390.0,0
20150313T,95709.0,95709.0,95709.0,95709.0,0
20150316T,100078.0,100078.0,100078.0,100078.0,0
20150317T,104779.0,104779.0,104779.0,104779.0,0
20150318T,108348.0,108348.0,108348.0,108348.0,0
20150319T,105866.0,105866.0,105866.0,105866.0,0
20150320T,104978.0,104978.0,104978.0,104978.0,0
20150323T,108833.0,108833.0,108833.0,108833.0,0
20150324T,112725.0,112725.0,112725.0,112725.0,0
20150325T,111224.0,111224.0,111224.0,111224.0,0
20150326T,29152.0,29152.0,29152.0,29152.0,0
20150327T,41226.0,41226.0,41226.0,41226.0,0
20150330T,49981.0,49981.0,49981.0,49981.0,0
20150331T,55388.0,55388.0,55388.0,55388.0,0
20150401T,63199.0,63199.0,63199.0,63199.0,0
20150406T,71511.0,71511.0,71511.0,71511.0,0
20150407T,78402.0,78402.0,78402.0,78402.0,0
20150408T,91160.0,91160.0,91160.0,91160.0,0
20150409T,96960.0,96960.0,96960.0,96960.0,0
20150410T,103361.0,103361.0,103361.0,103361.0,0
20150413T,113176.0,113176.0,113176.0,113176.0,0
20150415T,116573.0,116573.0,116573.0,116573.0,0
20150416T,120665.0,120665.0,120665.0,120665.0,0
20150417T,120566.0,120566.0,120566.0,120566.0,0
20150420T,114283.0,114283.0,114283.0,114283.0,0
20150421T,119480.0,119480.0,119480.0,119480.0,0
20150422T,120913.0,120913.0,120913.0,120913.0,0
20150423T,129969.0,129969.0,129969.0,129969.0,0
20150424T,125904.0,125904.0,125904.0,125904.0,0
20150427T,126775.0,126775.0,126775.0,126775.0,0
20150428T,135136.0,135136.0,135136.0,135136.0,0
20150429T,137995.0,137995.0,137995.0,137995.0,0
20150430T,43481.0,43481.0,43481.0,43481.0,0
20150504T,60073.0,60073.0,60073.0,60073.0,0
20150505T,71236.0,71236.0,71236.0,71236.0,0
20150506T,70737.0,70737.0,70737.0,70737.0,0
20150507T,76568.0,76568.0,76568.0,76568.0,0
20150508T,86911.0,86911.0,86911.0,86911.0,0
20150511T,101460.0,101460.0,101460.0,101460.0,0
20150512T,97387.0,97387.0,97387.0,97387.0,0
20150513T,105316.0,105316.0,105316.0,105316.0,0
20150514T,111725.0,111725.0,111725.0,111725.0,0
20150515T,117928.0,117928.0,117928.0,117928.0,0
20150518T,126734.0,126734.0,126734.0,126734.0,0
20150519T,131202.0,131202.0,131202.0,131202.0,0
20150520T,140582.0,140582.0,140582.0,140582.0,0
20150521T,148456.0,148456.0,148456.0,148456.0,0
20150522T,151052.0,151052.0,151052.0,151052.0,0
20150525T,149093.0,149093.0,149093.0,149093.0,0
20150526T,156655.0,156655.0,156655.0,156655.0,0
20150527T,159008.0,159008.0,159008.0,159008.0,0
20150528T,40351.0,40351.0,40351.0,40351.0,0
20150529T,59571.0,59571.0,59571.0,59571.0,0
20150601T,68643.0,68643.0,68643.0,68643.0,0
20150602T,69228.0,69228.0,69228.0,69228.0,0
20150603T,77264.0,77264.0,77264.0,77264.0,0
20150604T,84490.0,84490.0,84490.0,84490.0,0
20150605T,93076.0,93076.0,93076.0,93076.0,0
20150608T,94979.0,94979.0,94979.0,94979.0,0
20150609T,99645.0,99645.0,99645.0,99645.0,0
20150610T,107142.0,107142.0,107142.0,107142.0,0
20150611T,104558.0,104558.0,104558.0,104558.0,0
20150612T,111319.0,111319.0,111319.0,111319.0,0
20150615T,118328.0,118328.0,118328.0,118328.0,0
20150616T,118187.0,118187.0,118187.0,118187.0,0
20150617T,131091.0,131091.0,131091.0,131091.0,0
20150618T,146688.0,146688.0,146688.0,146688.0,0
20150619T,155390.0,155390.0,155390.0,155390.0,0
20150622T,165492.0,165492.0,165492.0,165492.0,0
20150623T,173356.0,173356.0,173356.0,173356.0,0
20150624T,170595.0,170595.0,170595.0,170595.0,0
20150625T,39664.0,39664.0,39664.0,39664.0,0
20150626T,50146.0,50146.0,50146.0,50146.0,0
20150629T,59665.0,59665.0,59665.0,59665.0,0
20150630T,66533.0,66533.0,66533.0,66533.0,0
20150701T,76276.0,76276.0,76276.0,76276.0,0
20150702T,81164.0,81164.0,81164.0,81164.0,0
20150703T,86241.0,86241.0,86241.0,86241.0,0
20150706T,91490.0,91490.0,91490.0,91490.0,0
20150707T,97170.0,97170.0,97170.0,97170.0,0
20150708T,100780.0,100780.0,100780.0,100780.0,0
20150709T,112593.0,112593.0,112593.0,112593.0,0
20150710T,114464.0,114464.0,114464.0,114464.0,0
20150713T,123048.0,123048.0,123048.0,123048.0,0
20150714T,126072.0,126072.0,126072.0,126072.0,0
20150715T,135038.0,135038.0,135038.0,135038.0,0
20150716T,146530.0,146530.0,146530.0,146530.0,0
20150717T,154387.0,154387.0,154387.0,154387.0,0
20150720T,161456.0,161456.0,161456.0,161456.0,0
20150721T,171999.0,171999.0,171999.0,171999.0,0
20150722T,185990.0,185990.0,185990.0,185990.0,0
20150723T,188098.0,188098.0,188098.0,188098.0,0
20150724T,185178.0,185178.0,185178.0,185178.0,0
20150727T,171343.0,171343.0,171343.0,171343.0,0
20150728T,175559.0,175559.0,175559.0,175559.0,0
20150729T,180321.0,180321.0,180321.0,180321.0,0
20150730T,47213.0,47213.0,47213.0,47213.0,0
20150731T,70231.0,70231.0,70231.0,70231.0,0
20150803T,84164.0,84164.0,84164.0,84164.0,0
20150804T,94745.0,94745.0,94745.0,94745.0,0
20150805T,104679.0,104679.0,104679.0,104679.0,0
20150806T,114957.0,114957.0,114957.0,114957.0,0
20150807T,124775.0,124775.0,124775.0,124775.0,0
20150810T,129761.0,129761.0,129761.0,129761.0,0
20150811T,127821.0,127821.0,127821.0,127821.0,0
20150812T,122654.0,122654.0,122654.0,122654.0,0
20150813T,128481.0,128481.0,128481.0,128481.0,0
20150814T,148875.0,148875.0,148875.0,148875.0,0
20150817T,157175.0,157175.0,157175.0,157175.0,0
20150818T,165417.0,165417.0,165417.0,165417.0,0
20150819T,172490.0,172490.0,172490.0,172490.0,0
20150820T,160078.0,160078.0,160078.0,160078.0,0
20150821T,153182.0,153182.0,153182.0,153182.0,0
20150824T,121040.0,121040.0,121040.0,121040.0,0
20150825T,127415.0,127415.0,127415.0,127415.0,0
20150826T,133126.0,133126.0,133126.0,133126.0,0
20150827T,45072.0,45072.0,45072.0,45072.0,0
20150828T,60418.0,60418.0,60418.0,60418.0,0
20150831T,69886.0,69886.0,69886.0,69886.0,0
20150901T,70180.0,70180.0,70180.0,70180.0,0
20150902T,76515.0,76515.0,76515.0,76515.0,0
20150903T,85188.0,85188.0,85188.0,85188.0,0
20150904T,85307.0,85307.0,85307.0,85307.0,0
20150907T,88256.0,88256.0,88256.0,88256.0,0
20150908T,95498.0,95498.0,95498.0,95498.0,0
20150909T,106769.0,106769.0,106769.0,106769.0,0
20150910T,113766.0,113766.0,113766.0,113766.0,0
20150911T,119466.0,119466.0,119466.0,119466.0,0
20150914T,128919.0,128919.0,128919.0,128919.0,0
20150915T,126465.0,126465.0,126465.0,126465.0,0
20150916T,134021.0,134021.0,134021.0,134021.0,0
20150918T,140181.0,140181.0,140181.0,140181.0,0
20150921T,150055.0,150055.0,150055.0,150055.0,0
20150922T,140972.0,140972.0,140972.0,140972.0,0
20150923T,148901.0,148901.0,148901.0,148901.0,0
20150924T,37094.0,37094.0,37094.0,37094.0,0
20150928T,53451.0,53451.0,53451.0,53451.0,0
20150929T,64695.0,64695.0,64695.0,64695.0,0
20150930T,70352.0,70352.0,70352.0,70352.0,0
20151001T,80014.0,80014.0,80014.0,80014.0,0
20151005T,90970.0,90970.0,90970.0,90970.0,0
20151006T,103054.0,103054.0,103054.0,103054.0,0
20151007T,118432.0,118432.0,118432.0,118432.0,0
20151008T,124260.0,124260.0,124260.0,124260.0,0
20151009T,140287.0,140287.0,140287.0,140287.0,0
20151012T,145766.0,145766.0,145766.0,145766.0,0
20151013T,151046.0,151046.0,151046.0,151046.0,0
20151014T,150781.0,150781.0,150781.0,150781.0,0
20151015T,164522.0,164522.0,164522.0,164522.0,0
20151016T,176055.0,176055.0,176055.0,176055.0,0
20151019T,179444.0,179444.0,179444.0,179444.0,0
20151020T,180700.0,180700.0,180700.0,180700.0,0
20151021T,183828.0,183828.0,183828.0,183828.0,0
20151023T,187698.0,187698.0,187698.0,187698.0,0
20151026T,190229.0,190229.0,190229.0,190229.0,0
20151027T,191318.0,191318.0,191318.0,191318.0,0
20151028T,179111.0,179111.0,179111.0,179111.0,0
20151029T,24704.0,24704.0,24704.0,24704.0,0
20151030T,36355.0,36355.0,36355.0,36355.0,0
20151102T,43218.0,43218.0,43218.0,43218.0,0
20151103T,49774.0,49774.0,49774.0,49774.0,0
20151104T,54949.0,54949.0,54949.0,54949.0,0
20151105T,57781.0,57781.0,57781.0,57781.0,0
20151106T,63245.0,63245.0,63245.0,63245.0,0
20151109T,66278.0,66278.0,66278.0,66278.0,0
20151110T,67628.0,67628.0,67628.0,67628.0,0
20151111T,69673.0,69673.0,69673.0,69673.0,0
20151113T,73142.0,73142.0,73142.0,73142.0,0
20151116T,76192.0,76192.0,76192.0,76192.0,0
20151117T,80344.0,80344.0,80344.0,80344.0,0
20151118T,79289.0,79289.0,79289.0,79289.0,0
20151119T,88074.0,88074.0,88074.0,88074.0,0
20151120T,92941.0,92941.0,92941.0,92941.0,0
20151123T,97202.0,97202.0,97202.0,97202.0,0
20151124T,94840.0,94840.0,94840.0,94840.0,0
20151126T,19697.0,19697.0,19697.0,19697.0,0
20151127T,27727.0,27727.0,27727.0,27727.0,0
20151130T,32779.0,32779.0,32779.0,32779.0,0
20151201T,38557.0,38557.0,38557.0,38557.0,0
20151202T,43074.0,43074.0,43074.0,43074.0,0
20151203T,46050.0,46050.0,46050.0,46050.0,0
20151204T,48629.0,48629.0,48629.0,48629.0,0
20151207T,53246.0,53246.0,53246.0,53246.0,0
20151208T,56204.0,56204.0,56204.0,56204.0,0
20151209T,58638.0,58638.0,58638.0,58638.0,0
20151210T,62447.0,62447.0,62447.0,62447.0,0
20151211T,64203.0,64203.0,64203.0,64203.0,0
20151214T,69771.0,69771.0,69771.0,69771.0,0
20151215T,75422.0,75422.0,75422.0,75422.0,0
20151216T,82655.0,82655.0,82655.0,82655.0,0
20151217T,90080.0,90080.0,90080.0,90080.0,0
20151218T,91020.0,91020.0,91020.0,91020.0,0
20151221T,97576.0,97576.0,97576.0,97576.0,0
20151222T,97699.0,97699.0,97699.0,97699.0,0
20151223T,104145.0,104145.0,104145.0,104145.0,0
20151224T,106581.0,106581.0,106581.0,106581.0,0
20151228T,107809.0,107809.0,107809.0,107809.0,0
20151229T,111173.0,111173.0,111173.0,111173.0,0
20151230T,109224.0,109224.0,109224.0,109224.0,0
20151231T,22809.0,22809.0,22809.0,22809.0,0
20160101T,31073.0,31073.0,31073.0,31073.0,0
20160104T,38412.0,38412.0,38412.0,38412.0,0
20160105T,46768.0,46768.0,46768.0,46768.0,0
20160106T,49181.0,49181.0,49181.0,49181.0,0
20160107T,51059.0,51059.0,51059.0,51059.0,0
20160108T,55746.0,55746.0,55746.0,55746.0,0
20160111T,60997.0,60997.0,60997.0,60997.0,0
20160112T,67254.0,67254.0,67254.0,67254.0,0
20160113T,71865.0,71865.0,71865.0,71865.0,0
20160114T,78491.0,78491.0,78491.0,78491.0,0
20160115T,77533.0,77533.0,77533.0,77533.0,0
20160118T,80300.0,80300.0,80300.0,80300.0,0
20160119T,86174.0,86174.0,86174.0,86174.0,0
20160120T,82200.0,82200.0,82200.0,82200.0,0
20160121T,87591.0,87591.0,87591.0,87591.0,0
20160122T,95281.0,95281.0,95281.0,95281.0,0
20160125T,95996.0,95996.0,95996.0,95996.0,0
20160127T,98147.0,98147.0,98147.0,98147.0,0
20160128T,22887.0,22887.0,22887.0,22887.0,0
20160129T,39011.0,39011.0,39011.0,39011.0,0
20160201T,47652.0,47652.0,47652.0,47652.0,0
20160202T,53165.0,53165.0,53165.0,53165.0,0
20160203T,59029.0,59029.0,59029.0,59029.0,0
20160204T,67871.0,67871.0,67871.0,67871.0,0
20160205T,79428.0,79428.0,79428.0,79428.0,0
20160208T,82353.0,82353.0,82353.0,82353.0,0
20160209T,84279.0,84279.0,84279.0,84279.0,0
20160211T,78556.0,78556.0,78556.0,78556.0,0
20160212T,79677.0,79677.0,79677.0,79677.0,0
20160215T,92091.0,92091.0,92091.0,92091.0,0
20160216T,92687.0,92687.0,92687.0,92687.0,0
20160217T,98631.0,98631.0,98631.0,98631.0,0
20160218T,104010.0,104010.0,104010.0,104010.0,0
20160219T,108981.0,108981.0,108981.0,108981.0,0
20160222T,111221.0,111221.0,111221.0,111221.0,0
20160223T,105055.0,105055.0,105055.0,105055.0,0
20160224T,104431.0,104431.0,104431.0,104431.0,0
20160225T,23893.0,23893.0,23893.0,23893.0,0
20160226T,32342.0,32342.0,32342.0,32342.0,0
20160229T,39818.0,39818.0,39818.0,39818.0,0
20160301T,51785.0,51785.0,51785.0,51785.0,0
20160302T,61990.0,61990.0,61990.0,61990.0,0
20160303T,73582.0,73582.0,73582.0,73582.0,0
20160304T,79856.0,79856.0,79856.0,79856.0,0
20160308T,85397.0,85397.0,85397.0,85397.0,0
20160309T,90199.0,90199.0,90199.0,90199.0,0
20160310T,91280.0,91280.0,91280.0,91280.0,0
20160311T,95011.0,95011.0,95011.0,95011.0,0
20160314T,96325.0,96325.0,96325.0,96325.0,0
20160315T,101058.0,101058.0,101058.0,101058.0,0
20160316T,103087.0,103087.0,103087.0,103087.0,0
20160317T,108280.0,108280.0,108280.0,108280.0,0
20160318T,118254.0,118254.0,118254.0,118254.0,0
20160321T,124198.0,124198.0,124198.0,124198.0,0
20160322T,125502.0,125502.0,125502.0,125502.0,0
20160323T,129688.0,129688.0,129688.0,129688.0,0
20160328T,123457.0,123457.0,123457.0,123457.0,0
20160329T,131837.0,131837.0,131837.0,131837.0,0
20160330T,140181.0,140181.0,140181.0,140181.0,0
20160331T,22113.0,22113.0,22113.0,22113.0,0
20160401T,29323.0,29323.0,29323.0,29323.0,0
20160404T,35789.0,35789.0,35789.0,35789.0,0
20160405T,38464.0,38464.0,38464.0,38464.0,0
20160406T,45288.0,45288.0,45288.0,45288.0,0
20160407T,49130.0,49130.0,49130.0,49130.0,0
20160408T,53518.0,53518.0,53518.0,53518.0,0
20160411T,59324.0,59324.0,59324.0,59324.0,0
20160412T,65272.0,65272.0,65272.0,65272.0,0
20160413T,78141.0,78141.0,78141.0,78141.0,0
20160418T,92162.0,92162.0,92162.0,92162.0,0
20160420T,97737.0,97737.0,97737.0,97737.0,0
20160421T,99531.0,99531.0,99531.0,99531.0,0
20160422T,105744.0,105744.0,105744.0,105744.0,0
20160425T,103182.0,103182.0,103182.0,103182.0,0
20160426T,116851.0,116851.0,116851.0,116851.0,0
20160427T,117813.0,117813.0,117813.0,117813.0,0
20160428T,24335.0,24335.0,24335.0,24335.0,0
20160429T,36991.0,36991.0,36991.0,36991.0,0
20160502T,43007.0,43007.0,43007.0,43007.0,0
20160503T,48035.0,48035.0,48035.0,48035.0,0
20160504T,54299.0,54299.0,54299.0,54299.0,0
20160505T,60591.0,60591.0,60591.0,60591.0,0
20160506T,63699.0,63699.0,63699.0,63699.0,0
20160509T,69956.0,69956.0,69956.0,69956.0,0
20160510T,73032.0,73032.0,73032.0,73032.0,0
20160511T,77784.0,77784.0,77784.0,77784.0,0
20160512T,83481.0,83481.0,83481.0,83481.0,0
20160513T,81265.0,81265.0,81265.0,81265.0,0
20160516T,85767.0,85767.0,85767.0,85767.0,0
20160517T,94443.0,94443.0,94443.0,94443.0,0
20160518T,99241.0,99241.0,99241.0,99241.0,0
20160519T,97585.0,97585.0,97585.0,97585.0,0
20160520T,101261.0,101261.0,101261.0,101261.0,0
20160523T,102316.0,102316.0,102316.0,102316.0,0
20160524T,106574.0,106574.0,106574.0,106574.0,0
20160525T,116426.0,116426.0,116426.0,116426.0,0
20160526T,30974.0,30974.0,30974.0,30974.0,0
20160527T,49100.0,49100.0,49100.0,49100.0,0
20160530T,56739.0,56739.0,56739.0,56739.0,0
20160531T,62941.0,62941.0,62941.0,62941.0,0
20160601T,66564.0,66564.0,66564.0,66564.0,0
20160602T,73044.0,73044.0,73044.0,73044.0,0
20160603T,77288.0,77288.0,77288.0,77288.0,0
20160606T,80326.0,80326.0,80326.0,80326.0,0
20160607T,87450.0,87450.0,87450.0,87450.0,0
20160608T,91977.0,91977.0,91977.0,91977.0,0
20160609T,93287.0,93287.0,93287.0,93287.0,0
20160610T,93750.0,93750.0,93750.0,93750.0,0
20160613T,92836.0,92836.0,92836.0,92836.0,0
20160614T,94821.0,94821.0,94821.0,94821.0,0
20160615T,102016.0,102016.0,102016.0,102016.0,0
20160616T,100659.0,100659.0,100659.0,100659.0,0
20160617T,105783.0,105783.0,105783.0,105783.0,0
20160620T,111215.0,111215.0,111215.0,111215.0,0
20160621T,111907.0,111907.0,111907.0,111907.0,0
20160622T,111009.0,111009.0,111009.0,111009.0,0
20160623T,117368.0,117368.0,117368.0,117368.0,0
20160624T,104641.0,104641.0,104641.0,104641.0,0
20160627T,112140.0,112140.0,112140.0,112140.0,0
20160628T,113962.0,113962.0,113962.0,113962.0,0
20160629T,115053.0,115053.0,115053.0,115053.0,0
20160630T,25507.0,25507.0,25507.0,25507.0,0
20160701T,36105.0,36105.0,36105.0,36105.0,0
20160704T,43478.0,43478.0,43478.0,43478.0,0
20160705T,47924.0,47924.0,47924.0,47924.0,0
20160707T,54024.0,54024.0,54024.0,54024.0,0
20160708T,56731.0,56731.0,56731.0,56731.0,0
20160711T,66224.0,66224.0,66224.0,66224.0,0
20160712T,74764.0,74764.0,74764.0,74764.0,0
20160713T,80742.0,80742.0,80742.0,80742.0,0
20160714T,95206.0,95206.0,95206.0,95206.0,0
20160715T,99914.0,99914.0,99914.0,99914.0,0
20160718T,100072.0,100072.0,100072.0,100072.0,0
20160719T,104362.0,104362.0,104362.0,104362.0,0
20160720T,109469.0,109469.0,109469.0,109469.0,0
20160721T,109140.0,109140.0,109140.0,109140.0,0
20160722T,113888.0,113888.0,113888.0,113888.0,0
20160725T,118380.0,118380.0,118380.0,118380.0,0
20160726T,118925.0,118925.0,118925.0,118925.0,0
20160727T,120681.0,120681.0,120681.0,120681.0,0
20160728T,28918.0,28918.0,28918.0,28918.0,0
20160729T,41227.0,41227.0,41227.0,41227.0,0
20160801T,50292.0,50292.0,50292.0,50292.0,0
20160802T,57454.0,57454.0,57454.0,57454.0,0
20160803T,60176.0,60176.0,60176.0,60176.0,0
20160804T,64075.0,64075.0,64075.0,64075.0,0
20160805T,71679.0,71679.0,71679.0,71679.0,0
20160808T,77553.0,77553.0,77553.0,77553.0,0
20160809T,81016.0,81016.0,81016.0,81016.0,0
20160810T,80987.0,80987.0,80987.0,80987.0,0
20160811T,83664.0,83664.0,83664.0,83664.0,0
20160812T,95678.0,95678.0,95678.0,95678.0,0
20160816T,98996.0,98996.0,98996.0,98996.0,0
20160817T,99704.0,99704.0,99704.0,99704.0,0
20160818T,102506.0,102506.0,102506.0,102506.0,0
20160819T,104918.0,104918.0,104918.0,104918.0,0
20160822T,103492.0,103492.0,103492.0,103492.0,0
20160823T,104547.0,104547.0,104547.0,104547.0,0
20160824T,105211.0,105211.0,105211.0,105211.0,0
20160825T,24294.0,24294.0,24294.0,24294.0,0
20160826T,33624.0,33624.0,33624.0,33624.0,0
20160829T,40834.0,40834.0,40834.0,40834.0,0
20160830T,46990.0,46990.0,46990.0,46990.0,0
20160831T,54080.0,54080.0,54080.0,54080.0,0
20160901T,60565.0,60565.0,60565.0,60565.0,0
20160902T,66454.0,66454.0,66454.0,66454.0,0
20160906T,75801.0,75801.0,75801.0,75801.0,0
20160907T,81090.0,81090.0,81090.0,81090.0,0
20160908T,86281.0,86281.0,86281.0,86281.0,0
20160909T,86595.0,86595.0,86595.0,86595.0,0
20160912T,84398.0,84398.0,84398.0,84398.0,0
20160914T,89054.0,89054.0,89054.0,89054.0,0
20160915T,92035.0,92035.0,92035.0,92035.0,0
20160916T,96571.0,96571.0,96571.0,96571.0,0
20160919T,101843.0,101843.0,101843.0,101843.0,0
20160920T,102403.0,102403.0,102403.0,102403.0,0
20160921T,104920.0,104920.0,104920.0,104920.0,0
20160922T,111391.0,111391.0,111391.0,111391.0,0
20160923T,113778.0,113778.0,113778.0,113778.0,0
20160926T,110344.0,110344.0,110344.0,110344.0,0
20160927T,110636.0,110636.0,110636.0,110636.0,0
20160928T,113556.0,113556.0,113556.0,113556.0,0
20160929T,26700.0,26700.0,26700.0,26700.0,0
20160930T,37048.0,37048.0,37048.0,37048.0,0
20161003T,45514.0,45514.0,45514.0,45514.0,0
20161004T,51160.0,51160.0,51160.0,51160.0,0
20161005T,56305.0,56305.0,56305.0,56305.0,0
20161006T,60830.0,60830.0,60830.0,60830.0,0
20161007T,65148.0,65148.0,65148.0,65148.0,0
20161010T,71010.0,71010.0,71010.0,71010.0,0
20161013T,76528.0,76528.0,76528.0,76528.0,0
20161014T,80951.0,80951.0,80951.0,80951.0,0
20161017T,83394.0,83394.0,83394.0,83394.0,0
20161018T,90810.0,90810.0,90810.0,90810.0,0
20161019T,92593.0,92593.0,92593.0,92593.0,0
20161020T,104628.0,104628.0,104628.0,104628.0,0
20161021T,106939.0,106939.0,106939.0,106939.0,0
20161024T,111399.0,111399.0,111399.0,111399.0,0
20161025T,118040.0,118040.0,118040.0,118040.0,0
20161026T,112015.0,112015.0,112015.0,112015.0,0
20161027T,28487.0,28487.0,28487.0,28487.0,0
20161028T,36102.0,36102.0,36102.0,36102.0,0
20161101T,44726.0,44726.0,44726.0,44726.0,0
20161102T,50050.0,50050.0,50050.0,50050.0,0
20161103T,55567.0,55567.0,55567.0,55567.0,0
20161104T,58468.0,58468.0,58468.0,58468.0,0
20161107T,64435.0,64435.0,64435.0,64435.0,0
20161108T,69396.0,69396.0,69396.0,69396.0,0
20161109T,65595.0,65595.0,65595.0,65595.0,0
20161110T,78063.0,78063.0,78063.0,78063.0,0
20161111T,75791.0,75791.0,75791.0,75791.0,0
20161115T,78390.0,78390.0,78390.0,78390.0,0
20161116T,83610.0,83610.0,83610.0,83610.0,0
20161117T,85106.0,85106.0,85106.0,85106.0,0
20161118T,85229.0,85229.0,85229.0,85229.0,0
20161121T,78037.0,78037.0,78037.0,78037.0,0
20161122T,84842.0,84842.0,84842.0,84842.0,0
20161123T,89958.0,89958.0,89958.0,89958.0,0
20161124T,24986.0,24986.0,24986.0,24986.0,0
20161125T,33509.0,33509.0,33509.0,33509.0,0
20161128T,39574.0,39574.0,39574.0,39574.0,0
20161129T,44540.0,44540.0,44540.0,44540.0,0
20161130T,50127.0,50127.0,50127.0,50127.0,0
20161201T,53419.0,53419.0,53419.0,53419.0,0
20161202T,54416.0,54416.0,54416.0,54416.0,0
20161205T,60159.0,60159.0,60159.0,60159.0,0
20161206T,62895.0,62895.0,62895.0,62895.0,0
20161207T,66693.0,66693.0,66693.0,66693.0,0
20161208T,73256.0,73256.0,73256.0,73256.0,0
20161209T,79071.0,79071.0,79071.0,79071.0,0
20161212T,80246.0,80246.0,80246.0,80246.0,0
20161213T,84548.0,84548.0,84548.0,84548.0,0
20161214T,87693.0,87693.0,87693.0,87693.0,0
20161215T,90299.0,90299.0,90299.0,90299.0,0
20161216T,91119.0,91119.0,91119.0,91119.0,0
20161219T,93161.0,93161.0,93161.0,93161.0,0
20161220T,91541.0,91541.0,91541.0,91541.0,0
20161221T,95400.0,95400.0,95400.0,95400.0,0
20161222T,90984.0,90984.0,90984.0,90984.0,0
20161223T,94683.0,94683.0,94683.0,94683.0,0
20161226T,90846.0,90846.0,90846.0,90846.0,0
20161227T,100116.0,100116.0,100116.0,100116.0,0
20161228T,100776.0,100776.0,100776.0,100776.0,0
20161229T,30301.0,30301.0,30301.0,30301.0,0
20161230T,40049.0,40049.0,40049.0,40049.0,0
20170102T,48144.0,48144.0,48144.0,48144.0,0
20170103T,55709.0,55709.0,55709.0,55709.0,0
20170104T,62442.0,62442.0,62442.0,62442.0,0
20170105T,72607.0,72607.0,72607.0,72607.0,0
20170106T,79300.0,79300.0,79300.0,79300.0,0
20170109T,84118.0,84118.0,84118.0,84118.0,0
20170110T,93086.0,93086.0,93086.0,93086.0,0
20170111T,103652.0,103652.0,103652.0,103652.0,0
20170112T,118629.0,118629.0,118629.0,118629.0,0
20170113T,119645.0,119645.0,119645.0,119645.0,0
20170116T,125612.0,125612.0,125612.0,125612.0,0
20170117T,126394.0,126394.0,126394.0,126394.0,0
20170118T,130694.0,130694.0,130694.0,130694.0,0
20170119T,137413.0,137413.0,137413.0,137413.0,0
20170120T,129759.0,129759.0,129759.0,129759.0,0
20170123T,141216.0,141216.0,141216.0,141216.0,0
20170124T,144091.0,144091.0,144091.0,144091.0,0
20170125T,29317.0,29317.0,29317.0,29317.0,0
20170127T,40472.0,40472.0,40472.0,40472.0,0
20170130T,49581.0,49581.0,49581.0,49581.0,0
20170131T,60044.0,60044.0,60044.0,60044.0,0
20170201T,72039.0,72039.0,72039.0,72039.0,0
20170202T,79106.0,79106.0,79106.0,79106.0,0
20170203T,87619.0,87619.0,87619.0,87619.0,0
20170206T,94078.0,94078.0,94078.0,94078.0,0
20170207T,98448.0,98448.0,98448.0,98448.0,0
20170208T,102135.0,102135.0,102135.0,102135.0,0
20170209T,104578.0,104578.0,104578.0,104578.0,0
20170210T,111166.0,111166.0,111166.0,111166.0,0
20170213T,113877.0,113877.0,113877.0,113877.0,0
20170214T,115457.0,115457.0,115457.0,115457.0,0
20170215T,113359.0,113359.0,113359.0,113359.0,0
20170216T,122111.0,122111.0,122111.0,122111.0,0
20170217T,125266.0,125266.0,125266.0,125266.0,0
20170220T,133116.0,133116.0,133116.0,133116.0,0
20170221T,135267.0,135267.0,135267.0,135267.0,0
20170222T,143479.0,143479.0,143479.0,143479.0,0
20170223T,33415.0,33415.0,33415.0,33415.0,0
20170227T,45513.0,45513.0,45513.0,45513.0,0
20170228T,52516.0,52516.0,52516.0,52516.0,0
20170301T,58622.0,58622.0,58622.0,58622.0,0
20170302T,64091.0,64091.0,64091.0,64091.0,0
20170303T,68777.0,68777.0,68777.0,68777.0,0
20170306T,78117.0,78117.0,78117.0,78117.0,0
20170307T,80102.0,80102.0,80102.0,80102.0,0
20170308T,82519.0,82519.0,82519.0,82519.0,0
20170309T,85305.0,85305.0,85305.0,85305.0,0
20170310T,86885.0,86885.0,86885.0,86885.0,0
20170314T,94214.0,94214.0,94214.0,94214.0,0
20170315T,100966.0,100966.0,100966.0,100966.0,0
20170316T,109970.0,109970.0,109970.0,109970.0,0
20170317T,112693.0,112693.0,112693.0,112693.0,0
20170320T,115939.0,115939.0,115939.0,115939.0,0
20170321T,116705.0,116705.0,116705.0,116705.0,0
20170322T,115180.0,115180.0,115180.0,115180.0,0
20170323T,120137.0,120137.0,120137.0,120137.0,0
20170324T,121135.0,121135.0,121135.0,121135.0,0
20170327T,119857.0,119857.0,119857.0,119857.0,0
20170328T,124164.0,124164.0,124164.0,124164.0,0
20170329T,126672.0,126672.0,126672.0,126672.0,0
20170330T,34573.0,34573.0,34573.0,34573.0,0
20170331T,46348.0,46348.0,46348.0,46348.0,0
20170403T,57906.0,57906.0,57906.0,57906.0,0
20170405T,69338.0,69338.0,69338.0,69338.0,0
20170406T,74153.0,74153.0,74153.0,74153.0,0
20170407T,77154.0,77154.0,77154.0,77154.0,0
20170410T,83699.0,83699.0,83699.0,83699.0,0
20170411T,90310.0,90310.0,90310.0,90310.0,0
20170412T,94129.0,94129.0,94129.0,94129.0,0
20170413T,97290.0,97290.0,97290.0,97290.0,0
20170417T,102083.0,102083.0,102083.0,102083.0,0
20170418T,105872.0,105872.0,105872.0,105872.0,0
20170419T,111628.0,111628.0,111628.0,111628.0,0
20170420T,114188.0,114188.0,114188.0,114188.0,0
20170421T,114026.0,114026.0,114026.0,114026.0,0
20170424T,122617.0,122617.0,122617.0,122617.0,0
20170425T,124805.0,124805.0,124805.0,124805.0,0
20170426T,125536.0,125536.0,125536.0,125536.0,0
20170427T,34050.0,34050.0,34050.0,34050.0,0
20170428T,49658.0,49658.0,49658.0,49658.0,0
20170502T,58282.0,58282.0,58282.0,58282.0,0
20170503T,67218.0,67218.0,67218.0,67218.0,0
20170504T,75843.0,75843.0,75843.0,75843.0,0
20170505T,79511.0,79511.0,79511.0,79511.0,0
20170508T,87284.0,87284.0,87284.0,87284.0,0
20170509T,92780.0,92780.0,92780.0,92780.0,0
20170510T,102176.0,102176.0,102176.0,102176.0,0
20170511T,107532.0,107532.0,107532.0,107532.0,0
20170512T,111992.0,111992.0,111992.0,111992.0,0
20170515T,117892.0,117892.0,117892.0,117892.0,0
20170516T,123476.0,123476.0,123476.0,123476.0,0
20170517T,131766.0,131766.0,131766.0,131766.0,0
20170518T,125517.0,125517.0,125517.0,125517.0,0
20170519T,123743.0,123743.0,123743.0,123743.0,0
20170522T,121896.0,121896.0,121896.0,121896.0,0
20170523T,119953.0,119953.0,119953.0,119953.0,0
20170524T,115571.0,115571.0,115571.0,115571.0,0
20170525T,35233.0,35233.0,35233.0,35233.0,0
20170526T,49399.0,49399.0,49399.0,49399.0,0
20170529T,59467.0,59467.0,59467.0,59467.0,0
20170530T,67573.0,67573.0,67573.0,67573.0,0
20170531T,70941.0,70941.0,70941.0,70941.0,0
20170601T,74103.0,74103.0,74103.0,74103.0,0
20170602T,77852.0,77852.0,77852.0,77852.0,0
20170605T,84261.0,84261.0,84261.0,84261.0,0
20170606T,86314.0,86314.0,86314.0,86314.0,0
20170607T,92133.0,92133.0,92133.0,92133.0,0
20170608T,96050.0,96050.0,96050.0,96050.0,0
20170609T,101497.0,101497.0,101497.0,101497.0,0
20170612T,102434.0,102434.0,102434.0,102434.0,0
20170613T,105772.0,105772.0,105772.0,105772.0,0
20170614T,109456.0,109456.0,109456.0,109456.0,0
20170615T,112161.0,112161.0,112161.0,112161.0,0
20170616T,114152.0,114152.0,114152.0,114152.0,0
20170619T,117863.0,117863.0,117863.0,117863.0,0
20170620T,119873.0,119873.0,119873.0,119873.0,0
20170621T,120843.0,120843.0,120843.0,120843.0,0
20170622T,120059.0,120059.0,120059.0,120059.0,0
20170623T,116268.0,116268.0,116268.0,116268.0,0
20170627T,112392.0,112392.0,112392.0,112392.0,0
20170628T,115093.0,115093.0,115093.0,115093.0,0
20170629T,31531.0,31531.0,31531.0,31531.0,0
20170630T,42420.0,42420.0,42420.0,42420.0,0
20170703T,51497.0,51497.0,51497.0,51497.0,0
20170704T,55607.0,55607.0,55607.0,55607.0,0
20170705T,61448.0,61448.0,61448.0,61448.0,0
20170706T,67095.0,67095.0,67095.0,67095.0,0
20170707T,71883.0,71883.0,71883.0,71883.0,0
20170710T,76827.0,76827.0,76827.0,76827.0,0
20170711T,83617.0,83617.0,83617.0,83617.0,0
20170712T,92250.0,92250.0,92250.0,92250.0,0
20170713T,107266.0,107266.0,107266.0,107266.0,0
20170714T,109933.0,109933.0,109933.0,109933.0,0
20170717T,117296.0,117296.0,117296.0,117296.0,0
20170718T,118267.0,118267.0,118267.0,118267.0,0
20170719T,126069.0,126069.0,126069.0,126069.0,0
20170720T,129802.0,129802.0,129802.0,129802.0,0
20170721T,133398.0,133398.0,133398.0,133398.0,0
20170724T,139961.0,139961.0,139961.0,139961.0,0
20170725T,144930.0,144930.0,144930.0,144930.0,0
20170726T,144220.0,144220.0,144220.0,144220.0,0
20170727T,34102.0,34102.0,34102.0,34102.0,0
20170728T,48725.0,48725.0,48725.0,48725.0,0
20170731T,57127.0,57127.0,57127.0,57127.0,0
20170801T,63024.0,63024.0,63024.0,63024.0,0
20170802T,70220.0,70220.0,70220.0,70220.0,0
20170803T,71914.0,71914.0,71914.0,71914.0,0
20170804T,79606.0,79606.0,79606.0,79606.0,0
20170807T,87916.0,87916.0,87916.0,87916.0,0
20170808T,88992.0,88992.0,88992.0,88992.0,0
20170809T,92590.0,92590.0,92590.0,92590.0,0
20170810T,88675.0,88675.0,88675.0,88675.0,0
20170811T,92112.0,92112.0,92112.0,92112.0,0
20170814T,99741.0,99741.0,99741.0,99741.0,0
20170816T,105381.0,105381.0,105381.0,105381.0,0
20170817T,110724.0,110724.0,110724.0,110724.0,0
20170818T,115592.0,115592.0,115592.0,115592.0,0
20170821T,117912.0,117912.0,117912.0,117912.0,0
20170822T,119064.0,119064.0,119064.0,119064.0,0
20170823T,120815.0,120815.0,120815.0,120815.0,0
20170824T,124269.0,124269.0,124269.0,124269.0,0
20170828T,130639.0,130639.0,130639.0,130639.0,0
20170829T,126871.0,126871.0,126871.0,126871.0,0
20170830T,132168.0,132168.0,132168.0,132168.0,0
20170831T,35022.0,35022.0,35022.0,35022.0,0
20170901T,50802.0,50802.0,50802.0,50802.0,0
20170904T,55854.0,55854.0,55854.0,55854.0,0
20170905T,64216.0,64216.0,64216.0,64216.0,0
20170906T,72382.0,72382.0,72382.0,72382.0,0
20170907T,79064.0,79064.0,79064.0,79064.0,0
20170908T,85863.0,85863.0,85863.0,85863.0,0
20170911T,91871.0,91871.0,91871.0,91871.0,0
20170912T,97331.0,97331.0,97331.0,97331.0,0
20170913T,103988.0,103988.0,103988.0,103988.0,0
20170914T,108329.0,108329.0,108329.0,108329.0,0
20170915T,109797.0,109797.0,109797.0,109797.0,0
20170918T,115099.0,115099.0,115099.0,115099.0,0
20170919T,116938.0,116938.0,116938.0,116938.0,0
20170920T,121372.0,121372.0,121372.0,121372.0,0
20170921T,121824.0,121824.0,121824.0,121824.0,0
20170922T,108730.0,108730.0,108730.0,108730.0,0
20170925T,103858.0,103858.0,103858.0,103858.0,0
20170926T,104620.0,104620.0,104620.0,104620.0,0
20170927T,97455.0,97455.0,97455.0,97455.0,0
20170928T,33865.0,33865.0,33865.0,33865.0,0
20170929T,44726.0,44726.0,44726.0,44726.0,0
20171003T,53342.0,53342.0,53342.0,53342.0,0
20171004T,58569.0,58569.0,58569.0,58569.0,0
20171005T,64188.0,64188.0,64188.0,64188.0,0
20171006T,74517.0,74517.0,74517.0,74517.0,0
20171009T,80417.0,80417.0,80417.0,80417.0,0
20171010T,84988.0,84988.0,84988.0,84988.0,0
20171011T,88905.0,88905.0,88905.0,88905.0,0
20171012T,102821.0,102821.0,102821.0,102821.0,0
20171013T,111679.0,111679.0,111679.0,111679.0,0
20171016T,121802.0,121802.0,121802.0,121802.0,0
20171017T,128351.0,128351.0,128351.0,128351.0,0
20171018T,130416.0,130416.0,130416.0,130416.0,0
20171019T,128831.0,128831.0,128831.0,128831.0,0
20171023T,134517.0,134517.0,134517.0,134517.0,0
20171024T,138081.0,138081.0,138081.0,138081.0,0
20171025T,139685.0,139685.0,139685.0,139685.0,0
20171026T,42181.0,42181.0,42181.0,42181.0,0
20171027T,59171.0,59171.0,59171.0,59171.0,0
20171030T,69968.0,69968.0,69968.0,69968.0,0
20171031T,80021.0,80021.0,80021.0,80021.0,0
20171101T,91397.0,91397.0,91397.0,91397.0,0
20171102T,97465.0,97465.0,97465.0,97465.0,0
20171103T,104376.0,104376.0,104376.0,104376.0,0
20171106T,109809.0,109809.0,109809.0,109809.0,0
20171107T,110531.0,110531.0,110531.0,110531.0,0
20171108T,114191.0,114191.0,114191.0,114191.0,0
20171109T,118779.0,118779.0,118779.0,118779.0,0
20171110T,123625.0,123625.0,123625.0,123625.0,0
20171113T,125624.0,125624.0,125624.0,125624.0,0
20171114T,127783.0,127783.0,127783.0,127783.0,0
20171115T,126578.0,126578.0,126578.0,126578.0,0
20171116T,131048.0,131048.0,131048.0,131048.0,0
20171117T,132694.0,132694.0,132694.0,132694.0,0
20171120T,137550.0,137550.0,137550.0,137550.0,0
20171121T,140011.0,140011.0,140011.0,140011.0,0
20171122T,142199.0,142199.0,142199.0,142199.0,0
20171123T,144276.0,144276.0,144276.0,144276.0,0
20171124T,145403.0,145403.0,145403.0,145403.0,0
20171127T,146975.0,146975.0,146975.0,146975.0,0
20171128T,143846.0,143846.0,143846.0,143846.0,0
20171129T,139143.0,139143.0,139143.0,139143.0,0
20171130T,29012.0,29012.0,29012.0,29012.0,0
20171201T,43556.0,43556.0,43556.0,43556.0,0
20171204T,53743.0,53743.0,53743.0,53743.0,0
20171205T,59022.0,59022.0,59022.0,59022.0,0
20171206T,63943.0,63943.0,63943.0,63943.0,0
20171207T,73680.0,73680.0,73680.0,73680.0,0
20171208T,79837.0,79837.0,79837.0,79837.0,0
20171211T,85153.0,85153.0,85153.0,85153.0,0
20171212T,86731.0,86731.0,86731.0,86731.0,0
20171213T,86964.0,86964.0,86964.0,86964.0,0
20171214T,90220.0,90220.0,90220.0,90220.0,0
20171215T,97140.0,97140.0,97140.0,97140.0,0
20171218T,103781.0,103781.0,103781.0,103781.0,0
20171219T,118609.0,118609.0,118609.0,118609.0,0
20171220T,125545.0,125545.0,125545.0,125545.0,0
20171221T,130258.0,130258.0,130258.0,130258.0,0
20171222T,132123.0,132123.0,132123.0,132123.0,0
20171226T,132809.0,132809.0,132809.0,132809.0,0
20171227T,131143.0,131143.0,131143.0,131143.0,0
20171228T,32296.0,32296.0,32296.0,32296.0,0
20171229T,48317.0,48317.0,48317.0,48317.0,0
20180101T,56507.0,56507.0,56507.0,56507.0,0
20180102T,65023.0,65023.0,65023.0,65023.0,0
20180103T,71014.0,71014.0,71014.0,71014.0,0
20180104T,80361.0,80361.0,80361.0,80361.0,0
20180105T,88790.0,88790.0,88790.0,88790.0,0
20180108T,96580.0,96580.0,96580.0,96580.0,0
20180109T,101664.0,101664.0,101664.0,101664.0,0
20180110T,105968.0,105968.0,105968.0,105968.0,0
20180111T,115867.0,115867.0,115867.0,115867.0,0
20180112T,118177.0,118177.0,118177.0,118177.0,0
20180115T,122622.0,122622.0,122622.0,122622.0,0
20180116T,124547.0,124547.0,124547.0,124547.0,0
20180117T,130574.0,130574.0,130574.0,130574.0,0
20180118T,129355.0,129355.0,129355.0,129355.0,0
20180119T,137468.0,137468.0,137468.0,137468.0,0
20180122T,141670.0,141670.0,141670.0,141670.0,0
20180123T,144138.0,144138.0,144138.0,144138.0,0
20180124T,138215.0,138215.0,138215.0,138215.0,0
20180125T,38591.0,38591.0,38591.0,38591.0,0
20180129T,53561.0,53561.0,53561.0,53561.0,0
20180130T,61904.0,61904.0,61904.0,61904.0,0
20180131T,69280.0,69280.0,69280.0,69280.0,0
20180201T,75686.0,75686.0,75686.0,75686.0,0
20180202T,82132.0,82132.0,82132.0,82132.0,0
20180205T,89256.0,89256.0,89256.0,89256.0,0
20180206T,89252.0,89252.0,89252.0,89252.0,0
20180207T,94585.0,94585.0,94585.0,94585.0,0
20180208T,101132.0,101132.0,101132.0,101132.0,0
20180209T,101493.0,101493.0,101493.0,101493.0,0
20180212T,108991.0,108991.0,108991.0,108991.0,0
20180214T,110550.0,110550.0,110550.0,110550.0,0
20180215T,112533.0,112533.0,112533.0,112533.0,0
20180216T,111530.0,111530.0,111530.0,111530.0,0
20180219T,111436.0,111436.0,111436.0,111436.0,0
20180220T,115284.0,115284.0,115284.0,115284.0,0
20180221T,117332.0,117332.0,117332.0,117332.0,0
20180222T,34091.0,34091.0,34091.0,34091.0,0
20180223T,51289.0,51289.0,51289.0,51289.0,0
20180226T,61094.0,61094.0,61094.0,61094.0,0
20180227T,68703.0,68703.0,68703.0,68703.0,0
20180228T,75924.0,75924.0,75924.0,75924.0,0
20180301T,78530.0,78530.0,78530.0,78530.0,0
20180305T,82885.0,82885.0,82885.0,82885.0,0
20180306T,84679.0,84679.0,84679.0,84679.0,0
20180307T,89748.0,89748.0,89748.0,89748.0,0
20180308T,94255.0,94255.0,94255.0,94255.0,0
20180309T,99153.0,99153.0,99153.0,99153.0,0
20180312T,108836.0,108836.0,108836.0,108836.0,0
20180313T,112732.0,112732.0,112732.0,112732.0,0
20180314T,116465.0,116465.0,116465.0,116465.0,0
20180315T,118900.0,118900.0,118900.0,118900.0,0
20180316T,116247.0,116247.0,116247.0,116247.0,0
20180319T,113677.0,113677.0,113677.0,113677.0,0
20180320T,117688.0,117688.0,117688.0,117688.0,0
20180321T,120274.0,120274.0,120274.0,120274.0,0
20180322T,119925.0,119925.0,119925.0,119925.0,0
20180323T,113692.0,113692.0,113692.0,113692.0,0
20180326T,119337.0,119337.0,119337.0,119337.0,0
20180327T,119029.0,119029.0,119029.0,119029.0,0
20180328T,28942.0,28942.0,28942.0,28942.0,0
20180402T,46064.0,46064.0,46064.0,46064.0,0
20180403T,55544.0,55544.0,55544.0,55544.0,0
20180404T,61072.0,61072.0,61072.0,61072.0,0
20180405T,75760.0,75760.0,75760.0,75760.0,0
20180406T,84718.0,84718.0,84718.0,84718.0,0
20180409T,92212.0,92212.0,92212.0,92212.0,0
20180410T,102370.0,102370.0,102370.0,102370.0,0
20180411T,108974.0,108974.0,108974.0,108974.0,0
20180412T,114982.0,114982.0,114982.0,114982.0,0
20180413T,122841.0,122841.0,122841.0,122841.0,0
20180416T,126739.0,126739.0,126739.0,126739.0,0
20180417T,126940.0,126940.0,126940.0,126940.0,0
20180418T,131203.0,131203.0,131203.0,131203.0,0
20180419T,145153.0,145153.0,145153.0,145153.0,0
20180420T,149011.0,149011.0,149011.0,149011.0,0
20180423T,151617.0,151617.0,151617.0,151617.0,0
20180424T,148117.0,148117.0,148117.0,148117.0,0
20180425T,143136.0,143136.0,143136.0,143136.0,0
20180426T,44028.0,44028.0,44028.0,44028.0,0
20180427T,70237.0,70237.0,70237.0,70237.0,0
20180430T,77105.0,77105.0,77105.0,77105.0,0
20180502T,84408.0,84408.0,84408.0,84408.0,0
20180503T,89603.0,89603.0,89603.0,89603.0,0
20180504T,94014.0,94014.0,94014.0,94014.0,0
20180507T,104521.0,104521.0,104521.0,104521.0,0
20180508T,109976.0,109976.0,109976.0,109976.0,0
20180509T,114496.0,114496.0,114496.0,114496.0,0
20180510T,118091.0,118091.0,118091.0,118091.0,0
20180511T,127372.0,127372.0,127372.0,127372.0,0
20180514T,131545.0,131545.0,131545.0,131545.0,0
20180515T,132189.0,132189.0,132189.0,132189.0,0
20180516T,135427.0,135427.0,135427.0,135427.0,0
20180517T,134127.0,134127.0,134127.0,134127.0,0
20180518T,133356.0,133356.0,133356.0,133356.0,0
20180521T,134714.0,134714.0,134714.0,134714.0,0
20180522T,148027.0,148027.0,148027.0,148027.0,0
20180523T,149515.0,149515.0,149515.0,149515.0,0
20180524T,158273.0,158273.0,158273.0,158273.0,0
20180525T,165231.0,165231.0,165231.0,165231.0,0
20180528T,166691.0,166691.0,166691.0,166691.0,0
20180529T,165378.0,165378.0,165378.0,165378.0,0
20180530T,161419.0,161419.0,161419.0,161419.0,0
20180531T,38294.0,38294.0,38294.0,38294.0,0
20180601T,55490.0,55490.0,55490.0,55490.0,0
20180604T,65836.0,65836.0,65836.0,65836.0,0
20180605T,74909.0,74909.0,74909.0,74909.0,0
20180606T,83238.0,83238.0,83238.0,83238.0,0
20180607T,92312.0,92312.0,92312.0,92312.0,0
20180608T,99619.0,99619.0,99619.0,99619.0,0
20180611T,109650.0,109650.0,109650.0,109650.0,0
20180612T,122490.0,122490.0,122490.0,122490.0,0
20180614T,134801.0,134801.0,134801.0,134801.0,0
20180615T,139616.0,139616.0,139616.0,139616.0,0
20180618T,144934.0,144934.0,144934.0,144934.0,0
20180619T,140451.0,140451.0,140451.0,140451.0,0
20180620T,145970.0,145970.0,145970.0,145970.0,0
20180621T,142640.0,142640.0,142640.0,142640.0,0
20180622T,144638.0,144638.0,144638.0,144638.0,0
20180625T,138912.0,138912.0,138912.0,138912.0,0
20180626T,139153.0,139153.0,139153.0,139153.0,0
20180627T,129925.0,129925.0,129925.0,129925.0,0
20180628T,47676.0,47676.0,47676.0,47676.0,0
20180629T,58411.0,58411.0,58411.0,58411.0,0
20180702T,66961.0,66961.0,66961.0,66961.0,0
20180703T,75164.0,75164.0,75164.0,75164.0,0
20180704T,82944.0,82944.0,82944.0,82944.0,0
20180705T,90344.0,90344.0,90344.0,90344.0,0
20180706T,96469.0,96469.0,96469.0,96469.0,0
20180709T,104681.0,104681.0,104681.0,104681.0,0
20180710T,116311.0,116311.0,116311.0,116311.0,0
20180711T,123114.0,123114.0,123114.0,123114.0,0
20180712T,131559.0,131559.0,131559.0,131559.0,0
20180713T,139618.0,139618.0,139618.0,139618.0,0
20180716T,140266.0,140266.0,140266.0,140266.0,0
20180717T,148513.0,148513.0,148513.0,148513.0,0
20180718T,145140.0,145140.0,145140.0,145140.0,0
20180719T,151622.0,151622.0,151622.0,151622.0,0
20180720T,158366.0,158366.0,158366.0,158366.0,0
20180723T,162849.0,162849.0,162849.0,162849.0,0
20180724T,167128.0,167128.0,167128.0,167128.0,0
20180725T,160880.0,160880.0,160880.0,160880.0,0
20180726T,46888.0,46888.0,46888.0,46888.0,0
20180727T,67165.0,67165.0,67165.0,67165.0,0
20180730T,81989.0,81989.0,81989.0,81989.0,0
20180731T,91401.0,91401.0,91401.0,91401.0,0
20180801T,101127.0,101127.0,101127.0,101127.0,0
20180802T,104674.0,104674.0,104674.0,104674.0,0
20180803T,114372.0,114372.0,114372.0,114372.0,0
20180806T,122864.0,122864.0,122864.0,122864.0,0
20180807T,128170.0,128170.0,128170.0,128170.0,0
20180808T,137906.0,137906.0,137906.0,137906.0,0
20180809T,146658.0,146658.0,146658.0,146658.0,0
20180810T,146267.0,146267.0,146267.0,146267.0,0
20180813T,144701.0,144701.0,144701.0,144701.0,0
20180814T,153864.0,153864.0,153864.0,153864.0,0
20180816T,156812.0,156812.0,156812.0,156812.0,0
20180817T,166482.0,166482.0,166482.0,166482.0,0
20180820T,174550.0,174550.0,174550.0,174550.0,0
20180821T,175976.0,175976.0,175976.0,175976.0,0
20180823T,177963.0,177963.0,177963.0,177963.0,0
20180824T,172523.0,172523.0,172523.0,172523.0,0
20180827T,177113.0,177113.0,177113.0,177113.0,0
20180828T,178168.0,178168.0,178168.0,178168.0,0
20180829T,174781.0,174781.0,174781.0,174781.0,0
20180830T,45030.0,45030.0,45030.0,45030.0,0
20180831T,59218.0,59218.0,59218.0,59218.0,0
20180903T,68659.0,68659.0,68659.0,68659.0,0
20180904T,80350.0,80350.0,80350.0,80350.0,0
20180905T,83076.0,83076.0,83076.0,83076.0,0
20180906T,92882.0,92882.0,92882.0,92882.0,0
20180907T,103643.0,103643.0,103643.0,103643.0,0
20180910T,102873.0,102873.0,102873.0,102873.0,0
20180911T,102084.0,102084.0,102084.0,102084.0,0
20180912T,107119.0,107119.0,107119.0,107119.0,0
20180914T,117098.0,117098.0,117098.0,117098.0,0
20180917T,118029.0,118029.0,118029.0,118029.0,0
20180918T,114085.0,114085.0,114085.0,114085.0,0
20180919T,116577.0,116577.0,116577.0,116577.0,0
20180921T,101268.0,101268.0,101268.0,101268.0,0
20180924T,104402.0,104402.0,104402.0,104402.0,0
20180925T,108445.0,108445.0,108445.0,108445.0,0
20180926T,113965.0,113965.0,113965.0,113965.0,0
20180927T,40086.0,40086.0,40086.0,40086.0,0
20180928T,56196.0,56196.0,56196.0,56196.0,0
20181001T,72832.0,72832.0,72832.0,72832.0,0
20181003T,81213.0,81213.0,81213.0,81213.0,0
20181004T,84036.0,84036.0,84036.0,84036.0,0
20181005T,84019.0,84019.0,84019.0,84019.0,0
20181008T,90559.0,90559.0,90559.0,90559.0,0
20181009T,100413.0,100413.0,100413.0,100413.0,0
20181010T,112554.0,112554.0,112554.0,112554.0,0
20181011T,109809.0,109809.0,109809.0,109809.0,0
20181012T,118885.0,118885.0,118885.0,118885.0,0
20181015T,124361.0,124361.0,124361.0,124361.0,0
20181016T,130332.0,130332.0,130332.0,130332.0,0
20181017T,125238.0,125238.0,125238.0,125238.0,0
20181019T,125145.0,125145.0,125145.0,125145.0,0
20181022T,131129.0,131129.0,131129.0,131129.0,0
20181023T,132487.0,132487.0,132487.0,132487.0,0
20181024T,136317.0,136317.0,136317.0,136317.0,0
20181025T,39893.0,39893.0,39893.0,39893.0,0
20181026T,64735.0,64735.0,64735.0,64735.0,0
20181029T,80837.0,80837.0,80837.0,80837.0,0
20181030T,87140.0,87140.0,87140.0,87140.0,0
20181031T,99336.0,99336.0,99336.0,99336.0,0
20181101T,109545.0,109545.0,109545.0,109545.0,0
20181102T,121259.0,121259.0,121259.0,121259.0,0
20181105T,129503.0,129503.0,129503.0,129503.0,0
20181106T,131889.0,131889.0,131889.0,131889.0,0
20181107T,135454.0,135454.0,135454.0,135454.0,0
20181109T,144085.0,144085.0,144085.0,144085.0,0
20181112T,145267.0,145267.0,145267.0,145267.0,0
20181113T,152768.0,152768.0,152768.0,152768.0,0
20181114T,158345.0,158345.0,158345.0,158345.0,0
20181115T,167249.0,167249.0,167249.0,167249.0,0
20181116T,171751.0,171751.0,171751.0,171751.0,0
20181119T,180975.0,180975.0,180975.0,180975.0,0
20181120T,176982.0,176982.0,176982.0,176982.0,0
20181121T,176257.0,176257.0,176257.0,176257.0,0
20181122T,166240.0,166240.0,166240.0,166240.0,0
20181126T,175682.0,175682.0,175682.0,175682.0,0
20181127T,177353.0,177353.0,177353.0,177353.0,0
20181128T,174950.0,174950.0,174950.0,174950.0,0
20181129T,44349.0,44349.0,44349.0,44349.0,0
20181130T,57525.0,57525.0,57525.0,57525.0,0
20181203T,71891.0,71891.0,71891.0,71891.0,0
20181204T,80118.0,80118.0,80118.0,80118.0,0
20181205T,83708.0,83708.0,83708.0,83708.0,0
20181206T,87439.0,87439.0,87439.0,87439.0,0
20181207T,96466.0,96466.0,96466.0,96466.0,0
20181210T,101687.0,101687.0,101687.0,101687.0,0
20181211T,110367.0,110367.0,110367.0,110367.0,0
20181212T,122077.0,122077.0,122077.0,122077.0,0
20181213T,134660.0,134660.0,134660.0,134660.0,0
20181214T,141456.0,141456.0,141456.0,141456.0,0
20181217T,151118.0,151118.0,151118.0,151118.0,0
20181218T,155146.0,155146.0,155146.0,155146.0,0
20181219T,168146.0,168146.0,168146.0,168146.0,0
20181220T,165184.0,165184.0,165184.0,165184.0,0
20181221T,153131.0,153131.0,153131.0,153131.0,0
20181224T,151787.0,151787.0,151787.0,151787.0,0
20181226T,152214.0,152214.0,152214.0,152214.0,0
20181227T,37081.0,37081.0,37081.0,37081.0,0
20181228T,49327.0,49327.0,49327.0,49327.0,0
20181231T,56030.0,56030.0,56030.0,56030.0,0
20190101T,61216.0,61216.0,61216.0,61216.0,0
20190102T,67619.0,67619.0,67619.0,67619.0,0
20190103T,74498.0,74498.0,74498.0,74498.0,0
20190104T,81579.0,81579.0,81579.0,81579.0,0
20190107T,90500.0,90500.0,90500.0,90500.0,0
20190108T,99432.0,99432.0,99432.0,99432.0,0
20190109T,105239.0,105239.0,105239.0,105239.0,0
20190110T,111239.0,111239.0,111239.0,111239.0,0
20190111T,112779.0,112779.0,112779.0,112779.0,0
20190114T,112620.0,112620.0,112620.0,112620.0,0
20190115T,119724.0,119724.0,119724.0,119724.0,0
20190116T,126413.0,126413.0,126413.0,126413.0,0
20190117T,126037.0,126037.0,126037.0,126037.0,0
20190118T,136229.0,136229.0,136229.0,136229.0,0
20190121T,145290.0,145290.0,145290.0,145290.0,0
20190122T,148230.0,148230.0,148230.0,148230.0,0
20190123T,146925.0,146925.0,146925.0,146925.0,0
20190124T,151417.0,151417.0,151417.0,151417.0,0
20190125T,143142.0,143142.0,143142.0,143142.0,0
20190128T,142866.0,142866.0,142866.0,142866.0,0
20190129T,150229.0,150229.0,150229.0,150229.0,0
20190130T,149335.0,149335.0,149335.0,149335.0,0
20190131T,54050.0,54050.0,54050.0,54050.0,0
20190201T,77450.0,77450.0,77450.0,77450.0,0
20190204T,94481.0,94481.0,94481.0,94481.0,0
20190205T,109077.0,109077.0,109077.0,109077.0,0
20190206T,126941.0,126941.0,126941.0,126941.0,0
20190207T,137063.0,137063.0,137063.0,137063.0,0
20190208T,139477.0,139477.0,139477.0,139477.0,0
20190211T,148359.0,148359.0,148359.0,148359.0,0
20190212T,152393.0,152393.0,152393.0,152393.0,0
20190213T,155454.0,155454.0,155454.0,155454.0,0
20190214T,163072.0,163072.0,163072.0,163072.0,0
20190215T,153936.0,153936.0,153936.0,153936.0,0
20190218T,159003.0,159003.0,159003.0,159003.0,0
20190219T,165506.0,165506.0,165506.0,165506.0,0
20190220T,180791.0,180791.0,180791.0,180791.0,0
20190221T,189498.0,189498.0,189498.0,189498.0,0
20190222T,193660.0,193660.0,193660.0,193660.0,0
20190225T,196100.0,196100.0,196100.0,196100.0,0
20190226T,192792.0,192792.0,192792.0,192792.0,0
20190227T,181521.0,181521.0,181521.0,181521.0,0
20190228T,51996.0,51996.0,51996.0,51996.0,0
20190301T,70849.0,70849.0,70849.0,70849.0,0
20190305T,97220.0,97220.0,97220.0,97220.0,0
20190306T,106357.0,106357.0,106357.0,106357.0,0
20190307T,119165.0,119165.0,119165.0,119165.0,0
20190308T,122612.0,122612.0,122612.0,122612.0,0
20190311T,141538.0,141538.0,141538.0,141538.0,0
20190312T,153791.0,153791.0,153791.0,153791.0,0
20190313T,159830.0,159830.0,159830.0,159830.0,0
20190314T,168758.0,168758.0,168758.0,168758.0,0
20190315T,174112.0,174112.0,174112.0,174112.0,0
20190318T,181863.0,181863.0,181863.0,181863.0,0
20190319T,190597.0,190597.0,190597.0,190597.0,0
20190320T,184694.0,184694.0,184694.0,184694.0,0
20190322T,175978.0,175978.0,175978.0,175978.0,0
20190325T,172742.0,172742.0,172742.0,172742.0,0
20190326T,175921.0,175921.0,175921.0,175921.0,0
20190327T,168661.0,168661.0,168661.0,168661.0,0
20190328T,45086.0,45086.0,45086.0,45086.0,0
20190329T,55464.0,55464.0,55464.0,55464.0,0
20190401T,68547.0,68547.0,68547.0,68547.0,0
20190402T,83468.0,83468.0,83468.0,83468.0,0
20190403T,87150.0,87150.0,87150.0,87150.0,0
20190404T,92763.0,92763.0,92763.0,92763.0,0
20190405T,102314.0,102314.0,102314.0,102314.0,0
20190408T,100704.0,100704.0,100704.0,100704.0,0
20190409T,111146.0,111146.0,111146.0,111146.0,0
20190410T,112862.0,112862.0,112862.0,112862.0,0
20190411T,119269.0,119269.0,119269.0,119269.0,0
20190412T,131309.0,131309.0,131309.0,131309.0,0
20190415T,141273.0,141273.0,141273.0,141273.0,0
20190416T,146298.0,146298.0,146298.0,146298.0,0
20190418T,148848.0,148848.0,148848.0,148848.0,0
20190422T,140320.0,140320.0,140320.0,140320.0,0
20190423T,138704.0,138704.0,138704.0,138704.0,0
20190424T,144415.0,144415.0,144415.0,144415.0,0
20190425T,45564.0,45564.0,45564.0,45564.0,0
20190426T,63956.0,63956.0,63956.0,63956.0,0
20190430T,72934.0,72934.0,72934.0,72934.0,0
20190502T,80393.0,80393.0,80393.0,80393.0,0
20190503T,88332.0,88332.0,88332.0,88332.0,0
20190506T,87745.0,87745.0,87745.0,87745.0,0
20190507T,86846.0,86846.0,86846.0,86846.0,0
20190508T,89576.0,89576.0,89576.0,89576.0,0
20190509T,92741.0,92741.0,92741.0,92741.0,0
20190510T,99707.0,99707.0,99707.0,99707.0,0
20190513T,99143.0,99143.0,99143.0,99143.0,0
20190514T,105391.0,105391.0,105391.0,105391.0,0
20190515T,107399.0,107399.0,107399.0,107399.0,0
20190516T,114238.0,114238.0,114238.0,114238.0,0
20190517T,120706.0,120706.0,120706.0,120706.0,0
20190520T,133904.0,133904.0,133904.0,133904.0,0
20190521T,133769.0,133769.0,133769.0,133769.0,0
20190522T,139636.0,139636.0,139636.0,139636.0,0
20190523T,145264.0,145264.0,145264.0,145264.0,0
20190524T,167828.0,167828.0,167828.0,167828.0,0
20190527T,175552.0,175552.0,175552.0,175552.0,0
20190528T,172536.0,172536.0,172536.0,172536.0,0
20190529T,162309.0,162309.0,162309.0,162309.0,0
20190530T,50773.0,50773.0,50773.0,50773.0,0
20190531T,65947.0,65947.0,65947.0,65947.0,0
20190603T,86818.0,86818.0,86818.0,86818.0,0
20190604T,90075.0,90075.0,90075.0,90075.0,0
20190606T,91669.0,91669.0,91669.0,91669.0,0
20190607T,98449.0,98449.0,98449.0,98449.0,0
20190610T,106561.0,106561.0,106561.0,106561.0,0
20190611T,117687.0,117687.0,117687.0,117687.0,0
20190612T,119162.0,119162.0,119162.0,119162.0,0
20190613T,122555.0,122555.0,122555.0,122555.0,0
20190614T,126619.0,126619.0,126619.0,126619.0,0
20190617T,126185.0,126185.0,126185.0,126185.0,0
20190618T,130589.0,130589.0,130589.0,130589.0,0
20190619T,136375.0,136375.0,136375.0,136375.0,0
20190620T,160737.0,160737.0,160737.0,160737.0,0
20190621T,161564.0,161564.0,161564.0,161564.0,0
20190624T,158896.0,158896.0,158896.0,158896.0,0
20190625T,160539.0,160539.0,160539.0,160539.0,0
20190626T,156263.0,156263.0,156263.0,156263.0,0
20190627T,50723.0,50723.0,50723.0,50723.0,0
20190628T,63887.0,63887.0,63887.0,63887.0,0
20190701T,75017.0,75017.0,75017.0,75017.0,0
20190702T,82082.0,82082.0,82082.0,82082.0,0
20190703T,88096.0,88096.0,88096.0,88096.0,0
20190704T,93612.0,93612.0,93612.0,93612.0,0
20190705T,97987.0,97987.0,97987.0,97987.0,0
20190708T,99100.0,99100.0,99100.0,99100.0,0
20190709T,112745.0,112745.0,112745.0,112745.0,0
20190710T,115590.0,115590.0,115590.0,115590.0,0
20190711T,124105.0,124105.0,124105.0,124105.0,0
20190712T,132547.0,132547.0,132547.0,132547.0,0
20190715T,139992.0,139992.0,139992.0,139992.0,0
20190716T,155682.0,155682.0,155682.0,155682.0,0
20190717T,164435.0,164435.0,164435.0,164435.0,0
20190718T,159151.0,159151.0,159151.0,159151.0,0
20190719T,147161.0,147161.0,147161.0,147161.0,0
20190722T,146758.0,146758.0,146758.0,146758.0,0
20190723T,146038.0,146038.0,146038.0,146038.0,0
20190724T,139205.0,139205.0,139205.0,139205.0,0
20190725T,64279.0,64279.0,64279.0,64279.0,0
20190726T,87891.0,87891.0,87891.0,87891.0,0
20190729T,93157.0,93157.0,93157.0,93157.0,0
20190730T,98490.0,98490.0,98490.0,98490.0,0
20190731T,110325.0,110325.0,110325.0,110325.0,0
20190801T,108819.0,108819.0,108819.0,108819.0,0
20190802T,118471.0,118471.0,118471.0,118471.0,0
20190805T,117486.0,117486.0,117486.0,117486.0,0
20190806T,126725.0,126725.0,126725.0,126725.0,0
20190807T,127624.0,127624.0,127624.0,127624.0,0
20190808T,136602.0,136602.0,136602.0,136602.0,0
20190809T,146622.0,146622.0,146622.0,146622.0,0
20190813T,144880.0,144880.0,144880.0,144880.0,0
20190814T,157265.0,157265.0,157265.0,157265.0,0
20190816T,165646.0,165646.0,165646.0,165646.0,0
20190819T,167029.0,167029.0,167029.0,167029.0,0
20190820T,166800.0,166800.0,166800.0,166800.0,0
20190821T,161059.0,161059.0,161059.0,161059.0,0
20190822T,154094.0,154094.0,154094.0,154094.0,0
20190823T,162763.0,162763.0,162763.0,162763.0,0
20190826T,164522.0,164522.0,164522.0,164522.0,0
20190827T,167523.0,167523.0,167523.0,167523.0,0
20190828T,155309.0,155309.0,155309.0,155309.0,0
20190829T,144381.0,144381.0,144381.0,144381.0,0
20190830T,77744.0,77744.0,77744.0,77744.0,0
20190903T,82433.0,82433.0,82433.0,82433.0,0
20190904T,91188.0,91188.0,91188.0,91188.0,0
20190905T,102982.0,102982.0,102982.0,102982.0,0
20190906T,115680.0,115680.0,115680.0,115680.0,0
20190909T,129834.0,129834.0,129834.0,129834.0,0
20190911T,148818.0,148818.0,148818.0,148818.0,0
20190912T,146429.0,146429.0,146429.0,146429.0,0
20190913T,158216.0,158216.0,158216.0,158216.0,0
20190916T,153381.0,153381.0,153381.0,153381.0,0
20190917T,140000.0,140000.0,140000.0,140000.0,0
20190918T,147103.0,147103.0,147103.0,147103.0,0
20190919T,135360.0,135360.0,135360.0,135360.0,0
20190920T,166419.0,166419.0,166419.0,166419.0,0
20190923T,171521.0,171521.0,171521.0,171521.0,0
20190924T,175916.0,175916.0,175916.0,175916.0,0
20190925T,162092.0,162092.0,162092.0,162092.0,0
20190926T,64064.0,64064.0,64064.0,64064.0,0
20190927T,81607.0,81607.0,81607.0,81607.0,0
20190930T,89776.0,89776.0,89776.0,89776.0,0
20191001T,95946.0,95946.0,95946.0,95946.0,0
20191003T,108975.0,108975.0,108975.0,108975.0,0
20191004T,112814.0,112814.0,112814.0,112814.0,0
20191007T,122873.0,122873.0,122873.0,122873.0,0
20191009T,134411.0,134411.0,134411.0,134411.0,0
20191010T,141706.0,141706.0,141706.0,141706.0,0
20191011T,148257.0,148257.0,148257.0,148257.0,0
20191014T,156754.0,156754.0,156754.0,156754.0,0
20191015T,168263.0,168263.0,168263.0,168263.0,0
20191016T,169730.0,169730.0,169730.0,169730.0,0
20191017T,183172.0,183172.0,183172.0,183172.0,0
20191018T,192949.0,192949.0,192949.0,192949.0,0
20191022T,204159.0,204159.0,204159.0,204159.0,0
20191023T,210674.0,210674.0,210674.0,210674.0,0
20191024T,207821.0,207821.0,207821.0,207821.0,0
20191025T,204018.0,204018.0,204018.0,204018.0,0
20191029T,215225.0,215225.0,215225.0,215225.0,0
20191030T,202497.0,202497.0,202497.0,202497.0,0
20191031T,83772.0,83772.0,83772.0,83772.0,0
20191101T,106531.0,106531.0,106531.0,106531.0,0
20191104T,118389.0,118389.0,118389.0,118389.0,0
20191105T,128827.0,128827.0,128827.0,128827.0,0
20191106T,138859.0,138859.0,138859.0,138859.0,0
20191107T,144575.0,144575.0,144575.0,144575.0,0
20191108T,149768.0,149768.0,149768.0,149768.0,0
20191111T,160400.0,160400.0,160400.0,160400.0,0
20191113T,159449.0,159449.0,159449.0,159449.0,0
20191114T,165717.0,165717.0,165717.0,165717.0,0
20191115T,175907.0,175907.0,175907.0,175907.0,0
20191118T,182478.0,182478.0,182478.0,182478.0,0
20191119T,191429.0,191429.0,191429.0,191429.0,0
20191120T,200666.0,200666.0,200666.0,200666.0,0
20191121T,201598.0,201598.0,201598.0,201598.0,0
20191122T,196312.0,196312.0,196312.0,196312.0,0
20191125T,200086.0,200086.0,200086.0,200086.0,0
20191126T,190236.0,190236.0,190236.0,190236.0,0
20191127T,178693.0,178693.0,178693.0,178693.0,0
20191128T,71472.0,71472.0,71472.0,71472.0,0
20191129T,92118.0,92118.0,92118.0,92118.0,0
20191202T,106237.0,106237.0,106237.0,106237.0,0
20191203T,116139.0,116139.0,116139.0,116139.0,0
20191204T,125220.0,125220.0,125220.0,125220.0,0
20191205T,125435.0,125435.0,125435.0,125435.0,0
20191206T,133326.0,133326.0,133326.0,133326.0,0
20191209T,139706.0,139706.0,139706.0,139706.0,0
20191210T,143996.0,143996.0,143996.0,143996.0,0
20191211T,154012.0,154012.0,154012.0,154012.0,0
20191212T,161407.0,161407.0,161407.0,161407.0,0
20191213T,167935.0,167935.0,167935.0,167935.0,0
20191216T,174232.0,174232.0,174232.0,174232.0,0
20191217T,183526.0,183526.0,183526.0,183526.0,0
20191218T,184109.0,184109.0,184109.0,184109.0,0
20191219T,185700.0,185700.0,185700.0,185700.0,0
20191220T,182213.0,182213.0,182213.0,182213.0,0
20191223T,173261.0,173261.0,173261.0,173261.0,0
20191224T,149975.0,149975.0,149975.0,149975.0,0
20191226T,42112.0,42112.0,42112.0,42112.0,0
20191227T,55607.0,55607.0,55607.0,55607.0,0
20191230T,61510.0,61510.0,61510.0,61510.0,0
20191231T,66481.0,66481.0,66481.0,66481.0,0
20200101T,71679.0,71679.0,71679.0,71679.0,0
20200102T,84536.0,84536.0,84536.0,84536.0,0
20200103T,88027.0,88027.0,88027.0,88027.0,0
20200106T,90728.0,90728.0,90728.0,90728.0,0
20200107T,96630.0,96630.0,96630.0,96630.0,0
20200108T,103817.0,103817.0,103817.0,103817.0,0
20200109T,111884.0,111884.0,111884.0,111884.0,0
20200110T,116044.0,116044.0,116044.0,116044.0,0
20200113T,124021.0,124021.0,124021.0,124021.0,0
20200114T,131072.0,131072.0,131072.0,131072.0,0
20200115T,135905.0,135905.0,135905.0,135905.0,0
20200116T,137987.0,137987.0,137987.0,137987.0,0
20200117T,150377.0,150377.0,150377.0,150377.0,0
20200120T,142865.0,142865.0,142865.0,142865.0,0
20200121T,143527.0,143527.0,143527.0,143527.0,0
20200122T,145168.0,145168.0,145168.0,145168.0,0
20200123T,149938.0,149938.0,149938.0,149938.0,0
20200124T,153557.0,153557.0,153557.0,153557.0,0
20200127T,145385.0,145385.0,145385.0,145385.0,0
20200128T,138071.0,138071.0,138071.0,138071.0,0
20200129T,129572.0,129572.0,129572.0,129572.0,0
20200130T,52715.0,52715.0,52715.0,52715.0,0
20200131T,65833.0,65833.0,65833.0,65833.0,0
20200203T,85977.0,85977.0,85977.0,85977.0,0
20200204T,97283.0,97283.0,97283.0,97283.0,0
20200205T,106731.0,106731.0,106731.0,106731.0,0
20200206T,116905.0,116905.0,116905.0,116905.0,0
20200207T,122563.0,122563.0,122563.0,122563.0,0
20200210T,126907.0,126907.0,126907.0,126907.0,0
20200211T,135719.0,135719.0,135719.0,135719.0,0
20200212T,145587.0,145587.0,145587.0,145587.0,0
20200213T,145924.0,145924.0,145924.0,145924.0,0
20200214T,144900.0,144900.0,144900.0,144900.0,0
20200217T,147411.0,147411.0,147411.0,147411.0,0
20200218T,138776.0,138776.0,138776.0,138776.0,0
20200219T,151443.0,151443.0,151443.0,151443.0,0
20200220T,149952.0,149952.0,149952.0,149952.0,0
20200224T,128686.0,128686.0,128686.0,128686.0,0
20200225T,127869.0,127869.0,127869.0,127869.0,0
20200226T,113755.0,113755.0,113755.0,113755.0,0
20200227T,54810.0,54810.0,54810.0,54810.0,0
20200228T,65954.0,65954.0,65954.0,65954.0,0
20200302T,75424.0,75424.0,75424.0,75424.0,0
20200303T,83761.0,83761.0,83761.0,83761.0,0
20200304T,83200.0,83200.0,83200.0,83200.0,0
20200305T,90241.0,90241.0,90241.0,90241.0,0
20200306T,83852.0,83852.0,83852.0,83852.0,0
20200309T,78532.0,78532.0,78532.0,78532.0,0
20200311T,89258.0,89258.0,89258.0,89258.0,0
20200312T,70196.0,70196.0,70196.0,70196.0,0
20200313T,75548.0,75548.0,75548.0,75548.0,0
20200316T,70488.0,70488.0,70488.0,70488.0,0
20200317T,74257.0,74257.0,74257.0,74257.0,0
20200318T,72738.0,72738.0,72738.0,72738.0,0
20200319T,72191.0,72191.0,72191.0,72191.0,0
20200320T,86716.0,86716.0,86716.0,86716.0,0
20200323T,61614.0,61614.0,61614.0,61614.0,0
20200324T,63004.0,63004.0,63004.0,63004.0,0
20200325T,56293.0,56293.0,56293.0,56293.0,0
20200326T,18418.0,18418.0,18418.0,18418.0,0
20200327T,30227.0,30227.0,30227.0,30227.0,0
20200330T,35626.0,35626.0,35626.0,35626.0,0
20200331T,44139.0,44139.0,44139.0,44139.0,0
20200401T,46727.0,46727.0,46727.0,46727.0,0
20200403T,53519.0,53519.0,53519.0,53519.0,0
20200407T,69556.0,69556.0,69556.0,69556.0,0
20200408T,73765.0,73765.0,73765.0,73765.0,0
20200409T,87236.0,87236.0,87236.0,87236.0,0
20200413T,91072.0,91072.0,91072.0,91072.0,0
20200415T,99481.0,99481.0,99481.0,99481.0,0
20200416T,112668.0,112668.0,112668.0,112668.0,0
20200417T,119828.0,119828.0,119828.0,119828.0,0
20200420T,123096.0,123096.0,123096.0,123096.0,0
20200421T,114347.0,114347.0,114347.0,114347.0,0
20200422T,127664.0,127664.0,127664.0,127664.0,0
20200423T,134815.0,134815.0,134815.0,134815.0,0
20200424T,129104.0,129104.0,129104.0,129104.0,0
20200427T,137881.0,137881.0,137881.0,137881.0,0
20200428T,136129.0,136129.0,136129.0,136129.0,0
20200429T,125367.0,125367.0,125367.0,125367.0,0
20200430T,57721.0,57721.0,57721.0,57721.0,0
20200504T,67784.0,67784.0,67784.0,67784.0,0
20200505T,81597.0,81597.0,81597.0,81597.0,0
20200506T,90001.0,90001.0,90001.0,90001.0,0
20200507T,93951.0,93951.0,93951.0,93951.0,0
20200508T,102512.0,102512.0,102512.0,102512.0,0
20200511T,109878.0,109878.0,109878.0,109878.0,0
20200512T,103563.0,103563.0,103563.0,103563.0,0
20200513T,109739.0,109739.0,109739.0,109739.0,0
20200514T,109309.0,109309.0,109309.0,109309.0,0
20200515T,110223.0,110223.0,110223.0,110223.0,0
20200518T,110414.0,110414.0,110414.0,110414.0,0
20200519T,125114.0,125114.0,125114.0,125114.0,0
20200520T,129399.0,129399.0,129399.0,129399.0,0
20200521T,131971.0,131971.0,131971.0,131971.0,0
20200522T,123781.0,123781.0,123781.0,123781.0,0
20200526T,119549.0,119549.0,119549.0,119549.0,0
20200527T,111535.0,111535.0,111535.0,111535.0,0
20200528T,54075.0,54075.0,54075.0,54075.0,0
20200529T,70771.0,70771.0,70771.0,70771.0,0
20200601T,95500.0,95500.0,95500.0,95500.0,0
20200602T,119671.0,119671.0,119671.0,119671.0,0
20200603T,138735.0,138735.0,138735.0,138735.0,0
20200604T,147641.0,147641.0,147641.0,147641.0,0
20200605T,169929.0,169929.0,169929.0,169929.0,0
20200608T,178032.0,178032.0,178032.0,178032.0,0
20200609T,178257.0,178257.0,178257.0,178257.0,0
20200610T,195413.0,195413.0,195413.0,195413.0,0
20200611T,182872.0,182872.0,182872.0,182872.0,0
20200612T,184571.0,184571.0,184571.0,184571.0,0
20200615T,181630.0,181630.0,181630.0,181630.0,0
20200616T,186232.0,186232.0,186232.0,186232.0,0
20200617T,197278.0,197278.0,197278.0,197278.0,0
20200618T,213435.0,213435.0,213435.0,213435.0,0
20200619T,225905.0,225905.0,225905.0,225905.0,0
20200622T,224056.0,224056.0,224056.0,224056.0,0
20200623T,220499.0,220499.0,220499.0,220499.0,0
20200624T,180248.0,180248.0,180248.0,180248.0,0
20200625T,51171.0,51171.0,51171.0,51171.0,0
20200626T,69879.0,69879.0,69879.0,69879.0,0
20200629T,78384.0,78384.0,78384.0,78384.0,0
20200630T,84631.0,84631.0,84631.0,84631.0,0
20200701T,96509.0,96509.0,96509.0,96509.0,0
20200702T,109640.0,109640.0,109640.0,109640.0,0
20200703T,121122.0,121122.0,121122.0,121122.0,0
20200706T,139926.0,139926.0,139926.0,139926.0,0
20200707T,147230.0,147230.0,147230.0,147230.0,0
20200708T,147624.0,147624.0,147624.0,147624.0,0
20200709T,165430.0,165430.0,165430.0,165430.0,0
20200710T,161728.0,161728.0,161728.0,161728.0,0
20200713T,165793.0,165793.0,165793.0,165793.0,0
20200714T,153149.0,153149.0,153149.0,153149.0,0
20200715T,167836.0,167836.0,167836.0,167836.0,0
20200716T,178492.0,178492.0,178492.0,178492.0,0
20200717T,193470.0,193470.0,193470.0,193470.0,0
20200720T,204491.0,204491.0,204491.0,204491.0,0
20200721T,215963.0,215963.0,215963.0,215963.0,0
20200722T,215180.0,215180.0,215180.0,215180.0,0
20200723T,222423.0,222423.0,222423.0,222423.0,0
20200724T,211656.0,211656.0,211656.0,211656.0,0
20200727T,207998.0,207998.0,207998.0,207998.0,0
20200728T,203002.0,203002.0,203002.0,203002.0,0
20200729T,175473.0,175473.0,175473.0,175473.0,0
20200730T,70257.0,70257.0,70257.0,70257.0,0
20200803T,98871.0,98871.0,98871.0,98871.0,0
20200804T,112791.0,112791.0,112791.0,112791.0,0
20200805T,120801.0,120801.0,120801.0,120801.0,0
20200806T,133677.0,133677.0,133677.0,133677.0,0
20200807T,149440.0,149440.0,149440.0,149440.0,0
20200810T,162138.0,162138.0,162138.0,162138.0,0
20200811T,168252.0,168252.0,168252.0,168252.0,0
20200812T,175358.0,175358.0,175358.0,175358.0,0
20200813T,186289.0,186289.0,186289.0,186289.0,0
20200814T,179177.0,179177.0,179177.0,179177.0,0
20200817T,196725.0,196725.0,196725.0,196725.0,0
20200818T,206053.0,206053.0,206053.0,206053.0,0
20200819T,208809.0,208809.0,208809.0,208809.0,0
20200820T,203453.0,203453.0,203453.0,203453.0,0
20200821T,206439.0,206439.0,206439.0,206439.0,0
20200824T,208927.0,208927.0,208927.0,208927.0,0
20200825T,200789.0,200789.0,200789.0,200789.0,0
20200826T,184516.0,184516.0,184516.0,184516.0,0
20200827T,65410.0,65410.0,65410.0,65410.0,0
20200828T,88352.0,88352.0,88352.0,88352.0,0
20200831T,82841.0,82841.0,82841.0,82841.0,0
20200901T,96899.0,96899.0,96899.0,96899.0,0
20200902T,109235.0,109235.0,109235.0,109235.0,0
20200903T,118441.0,118441.0,118441.0,118441.0,0
20200904T,119972.0,119972.0,119972.0,119972.0,0
20200907T,125446.0,125446.0,125446.0,125446.0,0
20200908T,130608.0,130608.0,130608.0,130608.0,0
20200909T,132063.0,132063.0,132063.0,132063.0,0
20200910T,147684.0,147684.0,147684.0,147684.0,0
20200911T,156136.0,156136.0,156136.0,156136.0,0
20200914T,161250.0,161250.0,161250.0,161250.0,0
20200915T,166464.0,166464.0,166464.0,166464.0,0
20200916T,169831.0,169831.0,169831.0,169831.0,0
20200917T,166017.0,166017.0,166017.0,166017.0,0
20200918T,159697.0,159697.0,159697.0,159697.0,0
20200921T,136408.0,136408.0,136408.0,136408.0,0
20200922T,130981.0,130981.0,130981.0,130981.0,0
20200923T,113435.0,113435.0,113435.0,113435.0,0
20200924T,59868.0,59868.0,59868.0,59868.0,0
20200925T,74372.0,74372.0,74372.0,74372.0,0
20200928T,87391.0,87391.0,87391.0,87391.0,0
20200929T,93019.0,93019.0,93019.0,93019.0,0
20200930T,100716.0,100716.0,100716.0,100716.0,0
20201001T,115399.0,115399.0,115399.0,115399.0,0
20201005T,124225.0,124225.0,124225.0,124225.0,0
20201006T,136533.0,136533.0,136533.0,136533.0,0
20201007T,145428.0,145428.0,145428.0,145428.0,0
20201008T,154368.0,154368.0,154368.0,154368.0,0
20201009T,165304.0,165304.0,165304.0,165304.0,0
20201012T,165896.0,165896.0,165896.0,165896.0,0
20201013T,162866.0,162866.0,162866.0,162866.0,0
20201014T,163687.0,163687.0,163687.0,163687.0,0
20201015T,153692.0,153692.0,153692.0,153692.0,0
20201016T,166394.0,166394.0,166394.0,166394.0,0
20201019T,179909.0,179909.0,179909.0,179909.0,0
20201020T,182384.0,182384.0,182384.0,182384.0,0
20201021T,178575.0,178575.0,178575.0,178575.0,0
20201022T,185304.0,185304.0,185304.0,185304.0,0
20201023T,186260.0,186260.0,186260.0,186260.0,0
20201026T,166222.0,166222.0,166222.0,166222.0,0
20201027T,180619.0,180619.0,180619.0,180619.0,0
20201028T,153142.0,153142.0,153142.0,153142.0,0
20201029T,59558.0,59558.0,59558.0,59558.0,0
20201030T,76560.0,76560.0,76560.0,76560.0,0
20201102T,97939.0,97939.0,97939.0,97939.0,0
20201103T,119331.0,119331.0,119331.0,119331.0,0
20201104T,124643.0,124643.0,124643.0,124643.0,0
20201105T,153957.0,153957.0,153957.0,153957.0,0
20201106T,171084.0,171084.0,171084.0,171084.0,0
20201109T,189969.0,189969.0,189969.0,189969.0,0
20201110T,209973.0,209973.0,209973.0,209973.0,0
20201111T,220295.0,220295.0,220295.0,220295.0,0
20201112T,223010.0,223010.0,223010.0,223010.0,0
20201113T,237935.0,237935.0,237935.0,237935.0,0
20201117T,261095.0,261095.0,261095.0,261095.0,0
20201118T,267431.0,267431.0,267431.0,267431.0,0
20201119T,247088.0,247088.0,247088.0,247088.0,0
20201120T,254720.0,254720.0,254720.0,254720.0,0
20201123T,245582.0,245582.0,245582.0,245582.0,0
20201124T,245812.0,245812.0,245812.0,245812.0,0
20201125T,208662.0,208662.0,208662.0,208662.0,0
20201126T,71214.0,71214.0,71214.0,71214.0,0
20201127T,88255.0,88255.0,88255.0,88255.0,0
20201201T,104713.0,104713.0,104713.0,104713.0,0
20201202T,115610.0,115610.0,115610.0,115610.0,0
20201203T,137465.0,137465.0,137465.0,137465.0,0
20201204T,151866.0,151866.0,151866.0,151866.0,0
20201207T,163851.0,163851.0,163851.0,163851.0,0
20201208T,166592.0,166592.0,166592.0,166592.0,0
20201209T,179660.0,179660.0,179660.0,179660.0,0
20201210T,181287.0,181287.0,181287.0,181287.0,0
20201211T,189894.0,189894.0,189894.0,189894.0,0
20201214T,202923.0,202923.0,202923.0,202923.0,0
20201215T,211412.0,211412.0,211412.0,211412.0,0
20201216T,219483.0,219483.0,219483.0,219483.0,0
20201217T,223531.0,223531.0,223531.0,223531.0,0
20201218T,223908.0,223908.0,223908.0,223908.0,0
20201221T,187105.0,187105.0,187105.0,187105.0,0
20201222T,199647.0,199647.0,199647.0,199647.0,0
20201223T,216495.0,216495.0,216495.0,216495.0,0
20201224T,212818.0,212818.0,212818.0,212818.0,0
20201228T,220685.0,220685.0,220685.0,220685.0,0
20201229T,221035.0,221035.0,221035.0,221035.0,0
20201230T,199271.0,199271.0,199271.0,199271.0,0
20201231T,69996.0,69996.0,69996.0,69996.0,0
20210101T,88900.0,88900.0,88900.0,88900.0,0
20210104T,108442.0,108442.0,108442.0,108442.0,0
20210105T,121595.0,121595.0,121595.0,121595.0,0
20210106T,132261.0,132261.0,132261.0,132261.0,0
20210107T,150920.0,150920.0,150920.0,150920.0,0
20210108T,171782.0,171782.0,171782.0,171782.0,0
20210111T,188458.0,188458.0,188458.0,188458.0,0
20210112T,195570.0,195570.0,195570.0,195570.0,0
20210113T,198645.0,198645.0,198645.0,198645.0,0
20210114T,208345.0,208345.0,208345.0,208345.0,0
20210115T,204383.0,204383.0,204383.0,204383.0,0
20210118T,199997.0,199997.0,199997.0,199997.0,0
20210119T,212636.0,212636.0,212636.0,212636.0,0
20210120T,219793.0,219793.0,219793.0,219793.0,0
20210121T,211493.0,211493.0,211493.0,211493.0,0
20210122T,201339.0,201339.0,201339.0,201339.0,0
20210125T,196358.0,196358.0,196358.0,196358.0,0
20210127T,162465.0,162465.0,162465.0,162465.0,0
20210128T,72656.0,72656.0,72656.0,72656.0,0
20210129T,90841.0,90841.0,90841.0,90841.0,0
20210201T,120311.0,120311.0,120311.0,120311.0,0
20210202T,145185.0,145185.0,145185.0,145185.0,0
20210203T,167113.0,167113.0,167113.0,167113.0,0
20210204T,186334.0,186334.0,186334.0,186334.0,0
20210205T,199907.0,199907.0,199907.0,199907.0,0
20210208T,215138.0,215138.0,215138.0,215138.0,0
20210209T,223023.0,223023.0,223023.0,223023.0,0
20210210T,228345.0,228345.0,228345.0,228345.0,0
20210211T,240180.0,240180.0,240180.0,240180.0,0
20210212T,243313.0,243313.0,243313.0,243313.0,0
20210215T,252987.0,252987.0,252987.0,252987.0,0
20210216T,246496.0,246496.0,246496.0,246496.0,0
20210217T,246070.0,246070.0,246070.0,246070.0,0
20210218T,237780.0,237780.0,237780.0,237780.0,0
20210219T,217558.0,217558.0,217558.0,217558.0,0
20210222T,206322.0,206322.0,206322.0,206322.0,0
20210223T,209478.0,209478.0,209478.0,209478.0,0
20210224T,195806.0,195806.0,195806.0,195806.0,0
20210225T,81232.0,81232.0,81232.0,81232.0,0
20210226T,101583.0,101583.0,101583.0,101583.0,0
20210301T,117858.0,117858.0,117858.0,117858.0,0
20210302T,129405.0,129405.0,129405.0,129405.0,0
20210303T,147068.0,147068.0,147068.0,147068.0,0
20210304T,149968.0,149968.0,149968.0,149968.0,0
20210305T,150127.0,150127.0,150127.0,150127.0,0
20210308T,158835.0,158835.0,158835.0,158835.0,0
20210309T,163896.0,163896.0,163896.0,163896.0,0
20210310T,173943.0,173943.0,173943.0,173943.0,0
20210312T,172011.0,172011.0,172011.0,172011.0,0
20210315T,171950.0,171950.0,171950.0,171950.0,0
20210316T,179282.0,179282.0,179282.0,179282.0,0
20210317T,169298.0,169298.0,169298.0,169298.0,0
20210318T,156250.0,156250.0,156250.0,156250.0,0
20210319T,172775.0,172775.0,172775.0,172775.0,0
20210322T,177615.0,177615.0,177615.0,177615.0,0
20210323T,177630.0,177630.0,177630.0,177630.0,0
20210324T,155103.0,155103.0,155103.0,155103.0,0
20210325T,77818.0,77818.0,77818.0,77818.0,0
20210326T,96387.0,96387.0,96387.0,96387.0,0
20210330T,108798.0,108798.0,108798.0,108798.0,0
20210331T,127325.0,127325.0,127325.0,127325.0,0
20210401T,141126.0,141126.0,141126.0,141126.0,0
20210405T,144208.0,144208.0,144208.0,144208.0,0
20210406T,159736.0,159736.0,159736.0,159736.0,0
20210407T,169528.0,169528.0,169528.0,169528.0,0
20210408T,179730.0,179730.0,179730.0,179730.0,0
20210409T,184419.0,184419.0,184419.0,184419.0,0
20210412T,171284.0,171284.0,171284.0,171284.0,0
20210413T,188620.0,188620.0,188620.0,188620.0,0
20210415T,199610.0,199610.0,199610.0,199610.0,0
20210416T,221410.0,221410.0,221410.0,221410.0,0
20210419T,211649.0,211649.0,211649.0,211649.0,0
20210420T,217191.0,217191.0,217191.0,217191.0,0
20210422T,233536.0,233536.0,233536.0,233536.0,0
20210423T,230663.0,230663.0,230663.0,230663.0,0
20210426T,237007.0,237007.0,237007.0,237007.0,0
20210427T,243771.0,243771.0,243771.0,243771.0,0
20210428T,225365.0,225365.0,225365.0,225365.0,0
20210429T,90088.0,90088.0,90088.0,90088.0,0
20210430T,139107.0,139107.0,139107.0,139107.0,0
20210503T,157418.0,157418.0,157418.0,157418.0,0
20210504T,170505.0,170505.0,170505.0,170505.0,0
20210505T,188921.0,188921.0,188921.0,188921.0,0
20210506T,205933.0,205933.0,205933.0,205933.0,0
20210507T,220673.0,220673.0,220673.0,220673.0,0
20210510T,237547.0,237547.0,237547.0,237547.0,0
20210511T,235898.0,235898.0,235898.0,235898.0,0
20210512T,230385.0,230385.0,230385.0,230385.0,0
20210514T,233909.0,233909.0,233909.0,233909.0,0
20210517T,253707.0,253707.0,253707.0,253707.0,0
20210518T,270761.0,270761.0,270761.0,270761.0,0
20210519T,269093.0,269093.0,269093.0,269093.0,0
20210520T,259916.0,259916.0,259916.0,259916.0,0
20210521T,273373.0,273373.0,273373.0,273373.0,0
20210524T,268757.0,268757.0,268757.0,268757.0,0
20210525T,263833.0,263833.0,263833.0,263833.0,0
20210526T,249697.0,249697.0,249697.0,249697.0,0
20210527T,110989.0,110989.0,110989.0,110989.0,0
20210528T,142371.0,142371.0,142371.0,142371.0,0
20210531T,168197.0,168197.0,168197.0,168197.0,0
20210601T,178810.0,178810.0,178810.0,178810.0,0
20210602T,196589.0,196589.0,196589.0,196589.0,0
20210603T,212317.0,212317.0,212317.0,212317.0,0
20210604T,226208.0,226208.0,226208.0,226208.0,0
20210607T,233883.0,233883.0,233883.0,233883.0,0
20210608T,243724.0,243724.0,243724.0,243724.0,0
20210609T,231999.0,231999.0,231999.0,231999.0,0
20210610T,260460.0,260460.0,260460.0,260460.0,0
20210611T,276422.0,276422.0,276422.0,276422.0,0
20210614T,278364.0,278364.0,278364.0,278364.0,0
20210615T,292454.0,292454.0,292454.0,292454.0,0
20210616T,279167.0,279167.0,279167.0,279167.0,0
20210617T,274317.0,274317.0,274317.0,274317.0,0
20210618T,256167.0,256167.0,256167.0,256167.0,0
20210621T,257047.0,257047.0,257047.0,257047.0,0
20210622T,256654.0,256654.0,256654.0,256654.0,0
20210623T,242309.0,242309.0,242309.0,242309.0,0
20210624T,133872.0,133872.0,133872.0,133872.0,0
20210625T,167397.0,167397.0,167397.0,167397.0,0
20210628T,183597.0,183597.0,183597.0,183597.0,0
20210629T,192705.0,192705.0,192705.0,192705.0,0
20210630T,200560.0,200560.0,200560.0,200560.0,0
20210701T,210823.0,210823.0,210823.0,210823.0,0
20210702T,219865.0,219865.0,219865.0,219865.0,0
20210705T,231517.0,231517.0,231517.0,231517.0,0
20210706T,239166.0,239166.0,239166.0,239166.0,0
20210707T,254246.0,254246.0,254246.0,254246.0,0
20210708T,244937.0,244937.0,244937.0,244937.0,0
20210709T,252758.0,252758.0,252758.0,252758.0,0
20210712T,257969.0,257969.0,257969.0,257969.0,0
20210713T,273972.0,273972.0,273972.0,273972.0,0
20210714T,287852.0,287852.0,287852.0,287852.0,0
20210715T,304496.0,304496.0,304496.0,304496.0,0
20210716T,306563.0,306563.0,306563.0,306563.0,0
20210719T,290474.0,290474.0,290474.0,290474.0,0
20210720T,280576.0,280576.0,280576.0,280576.0,0
20210722T,302196.0,302196.0,302196.0,302196.0,0
20210723T,310011.0,310011.0,310011.0,310011.0,0
20210726T,316653.0,316653.0,316653.0,316653.0,0
20210727T,308512.0,308512.0,308512.0,308512.0,0
20210728T,281112.0,281112.0,281112.0,281112.0,0
20210729T,164208.0,164208.0,164208.0,164208.0,0
20210730T,191155.0,191155.0,191155.0,191155.0,0
20210802T,211772.0,211772.0,211772.0,211772.0,0
20210803T,235449.0,235449.0,235449.0,235449.0,0
20210804T,250299.0,250299.0,250299.0,250299.0,0
20210805T,252825.0,252825.0,252825.0,252825.0,0
20210806T,261601.0,261601.0,261601.0,261601.0,0
20210809T,268128.0,268128.0,268128.0,268128.0,0
20210810T,276414.0,276414.0,276414.0,276414.0,0
20210811T,277711.0,277711.0,277711.0,277711.0,0
20210812T,303377.0,303377.0,303377.0,303377.0,0
20210813T,330137.0,330137.0,330137.0,330137.0,0
20210816T,341798.0,341798.0,341798.0,341798.0,0
20210817T,345458.0,345458.0,345458.0,345458.0,0
20210818T,338907.0,338907.0,338907.0,338907.0,0
20210820T,315088.0,315088.0,315088.0,315088.0,0
20210823T,315381.0,315381.0,315381.0,315381.0,0
20210824T,329922.0,329922.0,329922.0,329922.0,0
20210825T,299446.0,299446.0,299446.0,299446.0,0
20210826T,137068.0,137068.0,137068.0,137068.0,0
20210827T,166111.0,166111.0,166111.0,166111.0,0
20210830T,194147.0,194147.0,194147.0,194147.0,0
20210831T,221875.0,221875.0,221875.0,221875.0,0
20210901T,235580.0,235580.0,235580.0,235580.0,0
20210902T,260691.0,260691.0,260691.0,260691.0,0
20210903T,281357.0,281357.0,281357.0,281357.0,0
20210906T,295878.0,295878.0,295878.0,295878.0,0
20210907T,303015.0,303015.0,303015.0,303015.0,0
20210908T,307649.0,307649.0,307649.0,307649.0,0
20210909T,315706.0,315706.0,315706.0,315706.0,0
20210913T,327558.0,327558.0,327558.0,327558.0,0
20210914T,349451.0,349451.0,349451.0,349451.0,0
20210915T,367257.0,367257.0,367257.0,367257.0,0
20210916T,374273.0,374273.0,374273.0,374273.0,0
20210917T,375640.0,375640.0,375640.0,375640.0,0
20210920T,362354.0,362354.0,362354.0,362354.0,0
20210921T,375725.0,375725.0,375725.0,375725.0,0
20210922T,391358.0,391358.0,391358.0,391358.0,0
20210923T,418995.0,418995.0,418995.0,418995.0,0
20210924T,412519.0,412519.0,412519.0,412519.0,0
20210927T,416364.0,416364.0,416364.0,416364.0,0
20210928T,376193.0,376193.0,376193.0,376193.0,0
20210929T,352802.0,352802.0,352802.0,352802.0,0
20210930T,139673.0,139673.0,139673.0,139673.0,0
20211001T,172990.0,172990.0,172990.0,172990.0,0
20211004T,201194.0,201194.0,201194.0,201194.0,0
20211005T,223835.0,223835.0,223835.0,223835.0,0
20211006T,230093.0,230093.0,230093.0,230093.0,0
20211007T,254733.0,254733.0,254733.0,254733.0,0
20211008T,275183.0,275183.0,275183.0,275183.0,0
20211011T,291701.0,291701.0,291701.0,291701.0,0
20211012T,305106.0,305106.0,305106.0,305106.0,0
20211013T,326295.0,326295.0,326295.0,326295.0,0
20211014T,338940.0,338940.0,338940.0,338940.0,0
20211018T,351533.0,351533.0,351533.0,351533.0,0
20211019T,352016.0,352016.0,352016.0,352016.0,0
20211020T,342987.0,342987.0,342987.0,342987.0,0
20211021T,337727.0,337727.0,337727.0,337727.0,0
20211022T,331064.0,331064.0,331064.0,331064.0,0
20211025T,328403.0,328403.0,328403.0,328403.0,0
20211026T,330817.0,330817.0,330817.0,330817.0,0
20211027T,307256.0,307256.0,307256.0,307256.0,0
20211028T,142348.0,142348.0,142348.0,142348.0,0
20211029T,195829.0,195829.0,195829.0,195829.0,0
20211101T,218342.0,218342.0,218342.0,218342.0,0
20211102T,232658.0,232658.0,232658.0,232658.0,0
20211103T,242251.0,242251.0,242251.0,242251.0,0
20211108T,268635.0,268635.0,268635.0,268635.0,0
20211109T,279883.0,279883.0,279883.0,279883.0,0
20211110T,292937.0,292937.0,292937.0,292937.0,0
20211111T,288870.0,288870.0,288870.0,288870.0,0
20211112T,312909.0,312909.0,312909.0,312909.0,0
20211115T,322630.0,322630.0,322630.0,322630.0,0
20211116T,329413.0,329413.0,329413.0,329413.0,0
20211117T,342911.0,342911.0,342911.0,342911.0,0
20211118T,315856.0,315856.0,315856.0,315856.0,0
20211122T,281370.0,281370.0,281370.0,281370.0,0
20211123T,295716.0,295716.0,295716.0,295716.0,0
20211124T,275465.0,275465.0,275465.0,275465.0,0
20211125T,155225.0,155225.0,155225.0,155225.0,0
20211126T,172894.0,172894.0,172894.0,172894.0,0
20211129T,194406.0,194406.0,194406.0,194406.0,0
20211130T,207454.0,207454.0,207454.0,207454.0,0
20211201T,228743.0,228743.0,228743.0,228743.0,0
20211202T,249147.0,249147.0,249147.0,249147.0,0
20211203T,255696.0,255696.0,255696.0,255696.0,0
20211206T,254119.0,254119.0,254119.0,254119.0,0
20211207T,269218.0,269218.0,269218.0,269218.0,0
20211208T,291345.0,291345.0,291345.0,291345.0,0
20211209T,306250.0,306250.0,306250.0,306250.0,0
20211210T,323776.0,323776.0,323776.0,323776.0,0
20211213T,320260.0,320260.0,320260.0,320260.0,0
20211214T,322973.0,322973.0,322973.0,322973.0,0
20211215T,319246.0,319246.0,319246.0,319246.0,0
20211216T,323234.0,323234.0,323234.0,323234.0,0
20211217T,317080.0,317080.0,317080.0,317080.0,0
20211220T,287083.0,287083.0,287083.0,287083.0,0
20211221T,316589.0,316589.0,316589.0,316589.0,0
20211222T,344313.0,344313.0,344313.0,344313.0,0
20211223T,357410.0,357410.0,357410.0,357410.0,0
20211224T,356937.0,356937.0,356937.0,356937.0,0
20211227T,370045.0,370045.0,370045.0,370045.0,0
20211228T,375352.0,375352.0,375352.0,375352.0,0
20211229T,346249.0,346249.0,346249.0,346249.0,0
20211230T,146457.0,146457.0,146457.0,146457.0,0
20211231T,184876.0,184876.0,184876.0,184876.0,0
20220103T,220003.0,220003.0,220003.0,220003.0,0
20220104T,243668.0,243668.0,243668.0,243668.0,0
20220105T,271949.0,271949.0,271949.0,271949.0,0
20220106T,277982.0,277982.0,277982.0,277982.0,0
20220107T,300460.0,300460.0,300460.0,300460.0,0
20220110T,334880.0,334880.0,334880.0,334880.0,0
20220111T,351776.0,351776.0,351776.0,351776.0,0
20220112T,393483.0,393483.0,393483.0,393483.0,0
20220113T,415206.0,415206.0,415206.0,415206.0,0
20220114T,425567.0,425567.0,425567.0,425567.0,0
20220117T,444984.0,444984.0,444984.0,444984.0,0
20220118T,418043.0,418043.0,418043.0,418043.0,0
20220119T,420565.0,420565.0,420565.0,420565.0,0
20220120T,405524.0,405524.0,405524.0,405524.0,0
20220121T,386510.0,386510.0,386510.0,386510.0,0
20220124T,321740.0,321740.0,321740.0,321740.0,0
20220125T,316126.0,316126.0,316126.0,316126.0,0
20220127T,174037.0,174037.0,174037.0,174037.0,0
20220128T,203176.0,203176.0,203176.0,203176.0,0
20220131T,219372.0,219372.0,219372.0,219372.0,0
20220201T,239423.0,239423.0,239423.0,239423.0,0
20220202T,268104.0,268104.0,268104.0,268104.0,0
20220203T,276599.0,276599.0,276599.0,276599.0,0
20220204T,296027.0,296027.0,296027.0,296027.0,0
20220207T,295645.0,295645.0,295645.0,295645.0,0
20220208T,304423.0,304423.0,304423.0,304423.0,0
20220209T,332955.0,332955.0,332955.0,332955.0,0
20220210T,350863.0,350863.0,350863.0,350863.0,0
20220211T,342997.0,342997.0,342997.0,342997.0,0
20220214T,306590.0,306590.0,306590.0,306590.0,0
20220215T,332732.0,332732.0,332732.0,332732.0,0
20220216T,336959.0,336959.0,336959.0,336959.0,0
20220217T,341623.0,341623.0,341623.0,341623.0,0
20220218T,344236.0,344236.0,344236.0,344236.0,0
20220221T,326693.0,326693.0,326693.0,326693.0,0
20220222T,298060.0,298060.0,298060.0,298060.0,0
20220223T,277643.0,277643.0,277643.0,277643.0,0
20220224T,127601.0,127601.0,127601.0,127601.0,0
20220225T,164528.0,164528.0,164528.0,164528.0,0
20220228T,202100.0,202100.0,202100.0,202100.0,0
20220302T,224438.0,224438.0,224438.0,224438.0,0
20220303T,239459.0,239459.0,239459.0,239459.0,0
20220304T,242064.0,242064.0,242064.0,242064.0,0
20220307T,242379.0,242379.0,242379.0,242379.0,0
20220308T,250265.0,250265.0,250265.0,250265.0,0
20220309T,270201.0,270201.0,270201.0,270201.0,0
20220310T,289206.0,289206.0,289206.0,289206.0,0
20220311T,316366.0,316366.0,316366.0,316366.0,0
20220314T,341438.0,341438.0,341438.0,341438.0,0
20220315T,326040.0,326040.0,326040.0,326040.0,0
20220316T,359389.0,359389.0,359389.0,359389.0,0
20220317T,397823.0,397823.0,397823.0,397823.0,0
20220321T,400509.0,400509.0,400509.0,400509.0,0
20220322T,414741.0,414741.0,414741.0,414741.0,0
20220323T,424000.0,424000.0,424000.0,424000.0,0
20220324T,437862.0,437862.0,437862.0,437862.0,0
20220325T,436765.0,436765.0,436765.0,436765.0,0
20220328T,425596.0,425596.0,425596.0,425596.0,0
20220329T,423485.0,423485.0,423485.0,423485.0,0
20220330T,395904.0,395904.0,395904.0,395904.0,0
20220331T,136662.0,136662.0,136662.0,136662.0,0
20220401T,181916.0,181916.0,181916.0,181916.0,0
20220404T,221588.0,221588.0,221588.0,221588.0,0
20220405T,244259.0,244259.0,244259.0,244259.0,0
20220406T,261067.0,261067.0,261067.0,261067.0,0
20220407T,267152.0,267152.0,267152.0,267152.0,0
20220408T,297910.0,297910.0,297910.0,297910.0,0
20220411T,318983.0,318983.0,318983.0,318983.0,0
20220412T,305419.0,305419.0,305419.0,305419.0,0
20220413T,312178.0,312178.0,312178.0,312178.0,0
20220418T,317945.0,317945.0,317945.0,317945.0,0
20220419T,308429.0,308429.0,308429.0,308429.0,0
20220420T,336539.0,336539.0,336539.0,336539.0,0
20220421T,382064.0,382064.0,382064.0,382064.0,0
20220422T,364622.0,364622.0,364622.0,364622.0,0
20220425T,341186.0,341186.0,341186.0,341186.0,0
20220426T,363158.0,363158.0,363158.0,363158.0,0
20220427T,328255.0,328255.0,328255.0,328255.0,0
20220428T,164077.0,164077.0,164077.0,164077.0,0
20220429T,201733.0,201733.0,201733.0,201733.0,0
20220502T,219014.0,219014.0,219014.0,219014.0,0
20220504T,219330.0,219330.0,219330.0,219330.0,0
20220505T,231504.0,231504.0,231504.0,231504.0,0
20220506T,245098.0,245098.0,245098.0,245098.0,0
20220509T,253556.0,253556.0,253556.0,253556.0,0
20220510T,262920.0,262920.0,262920.0,262920.0,0
20220511T,267640.0,267640.0,267640.0,267640.0,0
20220512T,265328.0,265328.0,265328.0,265328.0,0
20220513T,291001.0,291001.0,291001.0,291001.0,0
20220516T,317982.0,317982.0,317982.0,317982.0,0
20220517T,356730.0,356730.0,356730.0,356730.0,0
20220518T,367418.0,367418.0,367418.0,367418.0,0
20220519T,345817.0,345817.0,345817.0,345817.0,0
20220520T,380918.0,380918.0,380918.0,380918.0,0
20220523T,392070.0,392070.0,392070.0,392070.0,0
20220524T,390421.0,390421.0,390421.0,390421.0,0
20220525T,345038.0,345038.0,345038.0,345038.0,0
20220526T,161665.0,161665.0,161665.0,161665.0,0
20220527T,205764.0,205764.0,205764.0,205764.0,0
20220530T,244245.0,244245.0,244245.0,244245.0,0
20220531T,264906.0,264906.0,264906.0,264906.0,0
20220601T,274967.0,274967.0,274967.0,274967.0,0
20220602T,299598.0,299598.0,299598.0,299598.0,0
20220603T,325959.0,325959.0,325959.0,325959.0,0
20220606T,340247.0,340247.0,340247.0,340247.0,0
20220607T,339301.0,339301.0,339301.0,339301.0,0
20220608T,341970.0,341970.0,341970.0,341970.0,0
20220609T,359789.0,359789.0,359789.0,359789.0,0
20220610T,357735.0,357735.0,357735.0,357735.0,0
20220613T,337921.0,337921.0,337921.0,337921.0,0
20220614T,344872.0,344872.0,344872.0,344872.0,0
20220615T,353013.0,353013.0,353013.0,353013.0,0
20220616T,324861.0,324861.0,324861.0,324861.0,0
20220617T,341911.0,341911.0,341911.0,341911.0,0
20220620T,359778.0,359778.0,359778.0,359778.0,0
20220621T,388603.0,388603.0,388603.0,388603.0,0
20220622T,385916.0,385916.0,385916.0,385916.0,0
20220623T,412823.0,412823.0,412823.0,412823.0,0
20220624T,429220.0,429220.0,429220.0,429220.0,0
20220627T,443747.0,443747.0,443747.0,443747.0,0
20220628T,444519.0,444519.0,444519.0,444519.0,0
20220629T,404696.0,404696.0,404696.0,404696.0,0
20220630T,164674.0,164674.0,164674.0,164674.0,0
20220701T,221619.0,221619.0,221619.0,221619.0,0
20220704T,254781.0,254781.0,254781.0,254781.0,0
20220705T,268811.0,268811.0,268811.0,268811.0,0
20220706T,306189.0,306189.0,306189.0,306189.0,0
20220707T,339626.0,339626.0,339626.0,339626.0,0
20220708T,376048.0,376048.0,376048.0,376048.0,0
20220711T,395581.0,395581.0,395581.0,395581.0,0
20220712T,394193.0,394193.0,394193.0,394193.0,0
20220713T,405059.0,405059.0,405059.0,405059.0,0
20220714T,402473.0,402473.0,402473.0,402473.0,0
20220715T,435024.0,435024.0,435024.0,435024.0,0
20220718T,474711.0,474711.0,474711.0,474711.0,0
20220719T,495968.0,495968.0,495968.0,495968.0,0
20220720T,520843.0,520843.0,520843.0,520843.0,0
20220721T,570231.0,570231.0,570231.0,570231.0,0
20220722T,577856.0,577856.0,577856.0,577856.0,0
20220725T,563510.0,563510.0,563510.0,563510.0,0
20220726T,530386.0,530386.0,530386.0,530386.0,0
20220727T,501415.0,501415.0,501415.0,501415.0,0
20220728T,198908.0,198908.0,198908.0,198908.0,0
20220729T,252684.0,252684.0,252684.0,252684.0,0
20220801T,301879.0,301879.0,301879.0,301879.0,0
20220802T,319898.0,319898.0,319898.0,319898.0,0
20220803T,334456.0,334456.0,334456.0,334456.0,0
20220804T,343418.0,343418.0,343418.0,343418.0,0
20220805T,379555.0,379555.0,379555.0,379555.0,0
20220808T,414947.0,414947.0,414947.0,414947.0,0
20220810T,429903.0,429903.0,429903.0,429903.0,0
20220811T,453160.0,453160.0,453160.0,453160.0,0
20220812T,479353.0,479353.0,479353.0,479353.0,0
20220816T,514448.0,514448.0,514448.0,514448.0,0
20220817T,539762.0,539762.0,539762.0,539762.0,0
20220818T,541202.0,541202.0,541202.0,541202.0,0
20220819T,482802.0,482802.0,482802.0,482802.0,0
20220822T,457636.0,457636.0,457636.0,457636.0,0
20220823T,451002.0,451002.0,451002.0,451002.0,0
20220824T,416663.0,416663.0,416663.0,416663.0,0
20220825T,157534.0,157534.0,157534.0,157534.0,0
20220826T,192413.0,192413.0,192413.0,192413.0,0
20220829T,214338.0,214338.0,214338.0,214338.0,0
20220830T,244646.0,244646.0,244646.0,244646.0,0
20220901T,261860.0,261860.0,261860.0,261860.0,0
20220902T,284858.0,284858.0,284858.0,284858.0,0
20220905T,306479.0,306479.0,306479.0,306479.0,0
20220906T,321155.0,321155.0,321155.0,321155.0,0
20220907T,332579.0,332579.0,332579.0,332579.0,0
20220908T,357275.0,357275.0,357275.0,357275.0,0
20220909T,379499.0,379499.0,379499.0,379499.0,0
20220912T,410265.0,410265.0,410265.0,410265.0,0
20220913T,431349.0,431349.0,431349.0,431349.0,0
20220914T,437496.0,437496.0,437496.0,437496.0,0
20220915T,439647.0,439647.0,439647.0,439647.0,0
20220916T,410162.0,410162.0,410162.0,410162.0,0
20220919T,444981.0,444981.0,444981.0,444981.0,0
20220920T,466634.0,466634.0,466634.0,466634.0,0
20220921T,456838.0,456838.0,456838.0,456838.0,0
20220922T,452961.0,452961.0,452961.0,452961.0,0
20220923T,417519.0,417519.0,417519.0,417519.0,0
20220926T,377633.0,377633.0,377633.0,377633.0,0
20220927T,375891.0,375891.0,375891.0,375891.0,0
20220928T,345704.0,345704.0,345704.0,345704.0,0
20220929T,165547.0,165547.0,165547.0,165547.0,0
20220930T,200181.0,200181.0,200181.0,200181.0,0
20221003T,222332.0,222332.0,222332.0,222332.0,0
20221004T,246386.0,246386.0,246386.0,246386.0,0
20221006T,270242.0,270242.0,270242.0,270242.0,0
20221007T,286814.0,286814.0,286814.0,286814.0,0
20221010T,298554.0,298554.0,298554.0,298554.0,0
20221011T,291942.0,291942.0,291942.0,291942.0,0
20221012T,312514.0,312514.0,312514.0,312514.0,0
20221013T,318693.0,318693.0,318693.0,318693.0,0
20221014T,335729.0,335729.0,335729.0,335729.0,0
20221017T,361921.0,361921.0,361921.0,361921.0,0
20221018T,384299.0,384299.0,384299.0,384299.0,0
20221019T,389045.0,389045.0,389045.0,389045.0,0
20221020T,389708.0,389708.0,389708.0,389708.0,0
20221021T,397344.0,397344.0,397344.0,397344.0,0
20221025T,397732.0,397732.0,397732.0,397732.0,0
20221027T,162658.0,162658.0,162658.0,162658.0,0
20221028T,226761.0,226761.0,226761.0,226761.0,0
20221031T,268608.0,268608.0,268608.0,268608.0,0
20221101T,308098.0,308098.0,308098.0,308098.0,0
20221102T,320141.0,320141.0,320141.0,320141.0,0
20221103T,336959.0,336959.0,336959.0,336959.0,0
20221104T,375831.0,375831.0,375831.0,375831.0,0
20221107T,406404.0,406404.0,406404.0,406404.0,0
20221109T,436562.0,436562.0,436562.0,436562.0,0
20221110T,427909.0,427909.0,427909.0,427909.0,0
20221111T,483929.0,483929.0,483929.0,483929.0,0
20221114T,530080.0,530080.0,530080.0,530080.0,0
20221115T,545697.0,545697.0,545697.0,545697.0,0
20221116T,537095.0,537095.0,537095.0,537095.0,0
20221117T,536064.0,536064.0,536064.0,536064.0,0
20221118T,508701.0,508701.0,508701.0,508701.0,0
20221121T,497513.0,497513.0,497513.0,497513.0,0
20221122T,493825.0,493825.0,493825.0,493825.0,0
20221123T,463259.0,463259.0,463259.0,463259.0,0
20221124T,200607.0,200607.0,200607.0,200607.0,0
20221125T,245801.0,245801.0,245801.0,245801.0,0
20221128T,280854.0,280854.0,280854.0,280854.0,0
20221129T,306536.0,306536.0,306536.0,306536.0,0
20221130T,335783.0,335783.0,335783.0,335783.0,0
20221201T,364845.0,364845.0,364845.0,364845.0,0
20221202T,372279.0,372279.0,372279.0,372279.0,0
20221205T,388670.0,388670.0,388670.0,388670.0,0
20221206T,387090.0,387090.0,387090.0,387090.0,0
20221207T,386773.0,386773.0,386773.0,386773.0,0
20221208T,409868.0,409868.0,409868.0,409868.0,0
20221209T,408250.0,408250.0,408250.0,408250.0,0
20221212T,436723.0,436723.0,436723.0,436723.0,0
20221213T,454161.0,454161.0,454161.0,454161.0,0
20221214T,485229.0,485229.0,485229.0,485229.0,0
20221215T,462674.0,462674.0,462674.0,462674.0,0
20221216T,446902.0,446902.0,446902.0,446902.0,0
20221219T,495570.0,495570.0,495570.0,495570.0,0
20221220T,480050.0,480050.0,480050.0,480050.0,0
20221221T,446234.0,446234.0,446234.0,446234.0,0
20221222T,434551.0,434551.0,434551.0,434551.0,0
20221223T,393812.0,393812.0,393812.0,393812.0,0
20221226T,431367.0,431367.0,431367.0,431367.0,0
20221227T,448778.0,448778.0,448778.0,448778.0,0
20221228T,419218.0,419218.0,419218.0,419218.0,0
20221229T,203876.0,203876.0,203876.0,203876.0,0
20221230T,238439.0,238439.0,238439.0,238439.0,0
20230102T,280392.0,280392.0,280392.0,280392.0,0
20230103T,302296.0,302296.0,302296.0,302296.0,0
20230104T,303566.0,303566.0,303566.0,303566.0,0
20230105T,322852.0,322852.0,322852.0,322852.0,0
20230106T,333559.0,333559.0,333559.0,333559.0,0
20230109T,369513.0,369513.0,369513.0,369513.0,0
20230110T,370253.0,370253.0,370253.0,370253.0,0
20230111T,389071.0,389071.0,389071.0,389071.0,0
20230112T,391875.0,391875.0,391875.0,391875.0,0
20230113T,418229.0,418229.0,418229.0,418229.0,0
20230116T,423389.0,423389.0,423389.0,423389.0,0
20230117T,437993.0,437993.0,437993.0,437993.0,0
20230118T,475139.0,475139.0,475139.0,475139.0,0
20230119T,472583.0,472583.0,472583.0,472583.0,0
20230120T,469244.0,469244.0,469244.0,469244.0,0
20230123T,479005.0,479005.0,479005.0,479005.0,0
20230124T,436728.0,436728.0,436728.0,436728.0,0
20230125T,177772.0,177772.0,177772.0,177772.0,0
20230127T,210402.0,210402.0,210402.0,210402.0,0
20230130T,243555.0,243555.0,243555.0,243555.0,0
20230131T,271754.0,271754.0,271754.0,271754.0,0
20230201T,273790.0,273790.0,273790.0,273790.0,0
20230202T,312400.0,312400.0,312400.0,312400.0,0
20230203T,366208.0,366208.0,366208.0,366208.0,0
20230206T,401917.0,401917.0,401917.0,401917.0,0
20230207T,415577.0,415577.0,415577.0,415577.0,0
20230208T,459825.0,459825.0,459825.0,459825.0,0
20230209T,487180.0,487180.0,487180.0,487180.0,0
20230210T,503069.0,503069.0,503069.0,503069.0,0
20230213T,491892.0,491892.0,491892.0,491892.0,0
20230214T,519336.0,519336.0,519336.0,519336.0,0
20230215T,552663.0,552663.0,552663.0,552663.0,0
20230216T,575818.0,575818.0,575818.0,575818.0,0
20230217T,530672.0,530672.0,530672.0,530672.0,0
20230220T,514801.0,514801.0,514801.0,514801.0,0
20230221T,487240.0,487240.0,487240.0,487240.0,0
20230222T,416453.0,416453.0,416453.0,416453.0,0
20230223T,181381.0,181381.0,181381.0,181381.0,0
20230224T,218073.0,218073.0,218073.0,218073.0,0
20230227T,243234.0,243234.0,243234.0,243234.0,0
20230228T,272583.0,272583.0,272583.0,272583.0,0
20230301T,301811.0,301811.0,301811.0,301811.0,0
20230302T,317094.0,317094.0,317094.0,317094.0,0
20230303T,350022.0,350022.0,350022.0,350022.0,0
20230306T,374654.0,374654.0,374654.0,374654.0,0
20230308T,409326.0,409326.0,409326.0,409326.0,0
20230309T,399513.0,399513.0,399513.0,399513.0,0
20230310T,388038.0,388038.0,388038.0,388038.0,0
20230313T,378469.0,378469.0,378469.0,378469.0,0
20230314T,370900.0,370900.0,370900.0,370900.0,0
20230315T,385557.0,385557.0,385557.0,385557.0,0
20230316T,388573.0,388573.0,388573.0,388573.0,0
20230317T,407109.0,407109.0,407109.0,407109.0,0
20230320T,394254.0,394254.0,394254.0,394254.0,0
20230321T,418474.0,418474.0,418474.0,418474.0,0
20230322T,428155.0,428155.0,428155.0,428155.0,0
20230323T,419305.0,419305.0,419305.0,419305.0,0
20230324T,388619.0,388619.0,388619.0,388619.0,0
20230327T,398507.0,398507.0,398507.0,398507.0,0
20230328T,359634.0,359634.0,359634.0,359634.0,0
20230329T,178900.0,178900.0,178900.0,178900.0,0
20230331T,232820.0,232820.0,232820.0,232820.0,0
20230403T,266650.0,266650.0,266650.0,266650.0,0
20230405T,313327.0,313327.0,313327.0,313327.0,0
20230406T,342249.0,342249.0,342249.0,342249.0,0
20230410T,375255.0,375255.0,375255.0,375255.0,0
20230411T,417846.0,417846.0,417846.0,417846.0,0
20230412T,473642.0,473642.0,473642.0,473642.0,0
20230413T,487600.0,487600.0,487600.0,487600.0,0
20230417T,502781.0,502781.0,502781.0,502781.0,0
20230418T,517618.0,517618.0,517618.0,517618.0,0
20230419T,526315.0,526315.0,526315.0,526315.0,0
20230420T,535214.0,535214.0,535214.0,535214.0,0
20230421T,533572.0,533572.0,533572.0,533572.0,0
20230424T,533853.0,533853.0,533853.0,533853.0,0
20230425T,528182.0,528182.0,528182.0,528182.0,0
20230426T,504765.0,504765.0,504765.0,504765.0,0
20230427T,225035.0,225035.0,225035.0,225035.0,0
20230428T,284795.0,284795.0,284795.0,284795.0,0
20230502T,319124.0,319124.0,319124.0,319124.0,0
20230503T,342768.0,342768.0,342768.0,342768.0,0
20230504T,380113.0,380113.0,380113.0,380113.0,0
20230505T,397629.0,397629.0,397629.0,397629.0,0
20230508T,454930.0,454930.0,454930.0,454930.0,0
20230509T,461999.0,461999.0,461999.0,461999.0,0
20230510T,485775.0,485775.0,485775.0,485775.0,0
20230511T,522235.0,522235.0,522235.0,522235.0,0
20230512T,538181.0,538181.0,538181.0,538181.0,0
20230515T,563228.0,563228.0,563228.0,563228.0,0
20230516T,561278.0,561278.0,561278.0,561278.0,0
20230517T,535599.0,535599.0,535599.0,535599.0,0
20230518T,519543.0,519543.0,519543.0,519543.0,0
20230519T,518791.0,518791.0,518791.0,518791.0,0
20230522T,532487.0,532487.0,532487.0,532487.0,0
20230523T,522420.0,522420.0,522420.0,522420.0,0
20230524T,484189.0,484189.0,484189.0,484189.0,0
20230525T,206375.0,206375.0,206375.0,206375.0,0
20230526T,268254.0,268254.0,268254.0,268254.0,0
20230529T,305465.0,305465.0,305465.0,305465.0,0
20230530T,327847.0,327847.0,327847.0,327847.0,0
20230531T,334555.0,334555.0,334555.0,334555.0,0
20230601T,360230.0,360230.0,360230.0,360230.0,0
20230602T,393185.0,393185.0,393185.0,393185.0,0
20230605T,426026.0,426026.0,426026.0,426026.0,0
20230606T,455323.0,455323.0,455323.0,455323.0,0
20230607T,492852.0,492852.0,492852.0,492852.0,0
20230608T,478938.0,478938.0,478938.0,478938.0,0
20230609T,488079.0,488079.0,488079.0,488079.0,0
20230612T,516882.0,516882.0,516882.0,516882.0,0
20230613T,548790.0,548790.0,548790.0,548790.0,0
20230614T,570079.0,570079.0,570079.0,570079.0,0
20230615T,567931.0,567931.0,567931.0,567931.0,0
20230616T,603392.0,603392.0,603392.0,603392.0,0
20230619T,597016.0,597016.0,597016.0,597016.0,0
20230620T,600100.0,600100.0,600100.0,600100.0,0
20230621T,599087.0,599087.0,599087.0,599087.0,0
20230622T,560951.0,560951.0,560951.0,560951.0,0
20230623T,532278.0,532278.0,532278.0,532278.0,0
20230626T,536926.0,536926.0,536926.0,536926.0,0
20230627T,482304.0,482304.0,482304.0,482304.0,0
20230628T,194115.0,194115.0,194115.0,194115.0,0
20230630T,259525.0,259525.0,259525.0,259525.0,0
20230703T,291541.0,291541.0,291541.0,291541.0,0
20230704T,320451.0,320451.0,320451.0,320451.0,0
20230705T,355720.0,355720.0,355720.0,355720.0,0
20230706T,387537.0,387537.0,387537.0,387537.0,0
20230707T,388674.0,388674.0,388674.0,388674.0,0
20230710T,413918.0,413918.0,413918.0,413918.0,0
20230711T,451473.0,451473.0,451473.0,451473.0,0
20230712T,477164.0,477164.0,477164.0,477164.0,0
20230713T,476717.0,476717.0,476717.0,476717.0,0
20230714T,520422.0,520422.0,520422.0,520422.0,0
20230717T,533389.0,533389.0,533389.0,533389.0,0
20230718T,536252.0,536252.0,536252.0,536252.0,0
20230719T,531703.0,531703.0,531703.0,531703.0,0
20230720T,516771.0,516771.0,516771.0,516771.0,0
20230721T,506199.0,506199.0,506199.0,506199.0,0
20230724T,508436.0,508436.0,508436.0,508436.0,0
20230725T,499625.0,499625.0,499625.0,499625.0,0
20230726T,480184.0,480184.0,480184.0,480184.0,0
20230727T,214770.0,214770.0,214770.0,214770.0,0
20230728T,258446.0,258446.0,258446.0,258446.0,0
20230731T,303158.0,303158.0,303158.0,303158.0,0
20230801T,330410.0,330410.0,330410.0,330410.0,0
20230802T,316615.0,316615.0,316615.0,316615.0,0
20230803T,330145.0,330145.0,330145.0,330145.0,0
20230804T,362992.0,362992.0,362992.0,362992.0,0
20230807T,394613.0,394613.0,394613.0,394613.0,0
20230808T,403256.0,403256.0,403256.0,403256.0,0
20230809T,426855.0,426855.0,426855.0,426855.0,0
20230810T,426537.0,426537.0,426537.0,426537.0,0
20230811T,434203.0,434203.0,434203.0,434203.0,0
20230814T,439814.0,439814.0,439814.0,439814.0,0
20230816T,451199.0,451199.0,451199.0,451199.0,0
20230817T,446476.0,446476.0,446476.0,446476.0,0
20230818T,442668.0,442668.0,442668.0,442668.0,0
20230821T,474463.0,474463.0,474463.0,474463.0,0
20230822T,486201.0,486201.0,486201.0,486201.0,0
20230823T,498734.0,498734.0,498734.0,498734.0,0
20230824T,498840.0,498840.0,498840.0,498840.0,0
20230825T,468204.0,468204.0,468204.0,468204.0,0
20230828T,493220.0,493220.0,493220.0,493220.0,0
20230829T,487947.0,487947.0,487947.0,487947.0,0
20230830T,450630.0,450630.0,450630.0,450630.0,0
20230831T,207146.0,207146.0,207146.0,207146.0,0
20230901T,288131.0,288131.0,288131.0,288131.0,0
20230904T,338802.0,338802.0,338802.0,338802.0,0
20230905T,364912.0,364912.0,364912.0,364912.0,0
20230906T,373107.0,373107.0,373107.0,373107.0,0
20230907T,407137.0,407137.0,407137.0,407137.0,0
20230908T,435572.0,435572.0,435572.0,435572.0,0
20230911T,471678.0,471678.0,471678.0,471678.0,0
20230912T,440684.0,440684.0,440684.0,440684.0,0
20230913T,471135.0,471135.0,471135.0,471135.0,0
20230914T,499091.0,499091.0,499091.0,499091.0,0
20230915T,534176.0,534176.0,534176.0,534176.0,0
20230918T,535058.0,535058.0,535058.0,535058.0,0
20230920T,519024.0,519024.0,519024.0,519024.0,0
20230921T,479386.0,479386.0,479386.0,479386.0,0
20230922T,477145.0,477145.0,477145.0,477145.0,0
20230925T,473564.0,473564.0,473564.0,473564.0,0
20230926T,461457.0,461457.0,461457.0,461457.0,0
20230927T,426393.0,426393.0,426393.0,426393.0,0
20230928T,193906.0,193906.0,193906.0,193906.0,0
20230929T,248713.0,248713.0,248713.0,248713.0,0
20231003T,282695.0,282695.0,282695.0,282695.0,0
20231004T,285788.0,285788.0,285788.0,285788.0,0
20231005T,316809.0,316809.0,316809.0,316809.0,0
20231006T,352966.0,352966.0,352966.0,352966.0,0
20231009T,354885.0,354885.0,354885.0,354885.0,0
20231010T,398195.0,398195.0,398195.0,398195.0,0
20231011T,431781.0,431781.0,431781.0,431781.0,0
20231012T,472005.0,472005.0,472005.0,472005.0,0
20231013T,479210.0,479210.0,479210.0,479210.0,0
20231016T,493646.0,493646.0,493646.0,493646.0,0
20231017T,508165.0,508165.0,508165.0,508165.0,0
20231018T,487553.0,487553.0,487553.0,487553.0,0
20231019T,494517.0,494517.0,494517.0,494517.0,0
20231020T,453045.0,453045.0,453045.0,453045.0,0
20231023T,374003.0,374003.0,374003.0,374003.0,0
20231025T,339714.0,339714.0,339714.0,339714.0,0
20231026T,201777.0,201777.0,201777.0,201777.0,0
20231027T,295141.0,295141.0,295141.0,295141.0,0
20231030T,325784.0,325784.0,325784.0,325784.0,0
20231031T,348223.0,348223.0,348223.0,348223.0,0
20231101T,369824.0,369824.0,369824.0,369824.0,0
20231102T,414798.0,414798.0,414798.0,414798.0,0
20231103T,453198.0,453198.0,453198.0,453198.0,0
20231106T,503415.0,503415.0,503415.0,503415.0,0
20231107T,524123.0,524123.0,524123.0,524123.0,0
20231108T,548924.0,548924.0,548924.0,548924.0,0
20231109T,580092.0,580092.0,580092.0,580092.0,0
20231110T,590834.0,590834.0,590834.0,590834.0,0
20231113T,628430.0,628430.0,628430.0,628430.0,0
20231115T,690081.0,690081.0,690081.0,690081.0,0
20231116T,719852.0,719852.0,719852.0,719852.0,0
20231117T,727515.0,727515.0,727515.0,727515.0,0
20231120T,719608.0,719608.0,719608.0,719608.0,0
20231121T,738729.0,738729.0,738729.0,738729.0,0
20231122T,729359.0,729359.0,729359.0,729359.0,0
20231123T,731684.0,731684.0,731684.0,731684.0,0
20231124T,703050.0,703050.0,703050.0,703050.0,0
20231128T,699607.0,699607.0,699607.0,699607.0,0
20231129T,659585.0,659585.0,659585.0,659585.0,0
20231130T,245685.0,245685.0,245685.0,245685.0,0
20231201T,324376.0,324376.0,324376.0,324376.0,0
20231204T,402832.0,402832.0,402832.0,402832.0,0
20231205T,447385.0,447385.0,447385.0,447385.0,0
20231206T,474336.0,474336.0,474336.0,474336.0,0
20231207T,501825.0,501825.0,501825.0,501825.0,0
20231208T,515335.0,515335.0,515335.0,515335.0,0
20231211T,553014.0,553014.0,553014.0,553014.0,0
20231212T,567757.0,567757.0,567757.0,567757.0,0
20231213T,575438.0,575438.0,575438.0,575438.0,0
20231214T,616307.0,616307.0,616307.0,616307.0,0
20231215T,653494.0,653494.0,653494.0,653494.0,0
20231218T,660114.0,660114.0,660114.0,660114.0,0
20231219T,655385.0,655385.0,655385.0,655385.0,0
20231220T,547426.0,547426.0,547426.0,547426.0,0
20231221T,578370.0,578370.0,578370.0,578370.0,0
20231222T,587147.0,587147.0,587147.0,587147.0,0
20231226T,616814.0,616814.0,616814.0,616814.0,0
20231227T,567087.0,567087.0,567087.0,567087.0,0
20231228T,217537.0,217537.0,217537.0,217537.0,0
20231229T,275120.0,275120.0,275120.0,275120.0,0
20240101T,308916.0,308916.0,308916.0,308916.0,0
20240102T,338453.0,338453.0,338453.0,338453.0,0
20240103T,371416.0,371416.0,371416.0,371416.0,0
20240104T,420090.0,420090.0,420090.0,420090.0,0
20240105T,427592.0,427592.0,427592.0,427592.0,0
20240108T,431279.0,431279.0,431279.0,431279.0,0
20240109T,453655.0,453655.0,453655.0,453655.0,0
20240110T,479285.0,479285.0,479285.0,479285.0,0
20240111T,551181.0,551181.0,551181.0,551181.0,0
20240112T,605840.0,605840.0,605840.0,605840.0,0
20240115T,636166.0,636166.0,636166.0,636166.0,0
20240116T,623325.0,623325.0,623325.0,623325.0,0
20240117T,563167.0,563167.0,563167.0,563167.0,0
20240118T,572727.0,572727.0,572727.0,572727.0,0
20240119T,610185.0,610185.0,610185.0,610185.0,0
20240123T,518714.0,518714.0,518714.0,518714.0,0
20240124T,514670.0,514670.0,514670.0,514670.0,0
20240125T,237654.0,237654.0,237654.0,237654.0,0
20240129T,316193.0,316193.0,316193.0,316193.0,0
20240130T,338076.0,338076.0,338076.0,338076.0,0
20240131T,382323.0,382323.0,382323.0,382323.0,0
20240201T,424840.0,424840.0,424840.0,424840.0,0
20240202T,475354.0,475354.0,475354.0,475354.0,0
20240205T,497350.0,497350.0,497350.0,497350.0,0
20240206T,548605.0,548605.0,548605.0,548605.0,0
20240207T,559705.0,559705.0,559705.0,559705.0,0
20240208T,557262.0,557262.0,557262.0,557262.0,0
20240209T,556895.0,556895.0,556895.0,556895.0,0
20240212T,544869.0,544869.0,544869.0,544869.0,0
20240213T,571521.0,571521.0,571521.0,571521.0,0
20240214T,594268.0,594268.0,594268.0,594268.0,0
20240215T,622844.0,622844.0,622844.0,622844.0,0
20240216T,649941.0,649941.0,649941.0,649941.0,0
20240219T,666660.0,666660.0,666660.0,666660.0,0
20240220T,660727.0,660727.0,660727.0,660727.0,0
20240221T,643598.0,643598.0,643598.0,643598.0,0
20240223T,659502.0,659502.0,659502.0,659502.0,0
20240226T,631306.0,631306.0,631306.0,631306.0,0
20240227T,619027.0,619027.0,619027.0,619027.0,0
20240228T,527843.0,527843.0,527843.0,527843.0,0
20240229T,232416.0,232416.0,232416.0,232416.0,0
20240301T,312429.0,312429.0,312429.0,312429.0,0
20240304T,368952.0,368952.0,368952.0,368952.0,0
20240305T,394129.0,394129.0,394129.0,394129.0,0
20240306T,402877.0,402877.0,402877.0,402877.0,0
20240307T,435826.0,435826.0,435826.0,435826.0,0
20240311T,437699.0,437699.0,437699.0,437699.0,0
20240312T,436130.0,436130.0,436130.0,436130.0,0
20240313T,384801.0,384801.0,384801.0,384801.0,0
20240314T,416726.0,416726.0,416726.0,416726.0,0
20240315T,424146.0,424146.0,424146.0,424146.0,0
20240318T,462315.0,462315.0,462315.0,462315.0,0
20240319T,449287.0,449287.0,449287.0,449287.0,0
20240320T,474326.0,474326.0,474326.0,474326.0,0
20240321T,505171.0,505171.0,505171.0,505171.0,0
20240322T,540431.0,540431.0,540431.0,540431.0,0
20240326T,532388.0,532388.0,532388.0,532388.0,0
20240327T,485339.0,485339.0,485339.0,485339.0,0
20240328T,228954.0,228954.0,228954.0,228954.0,0
20240401T,294317.0,294317.0,294317.0,294317.0,0
20240402T,344210.0,344210.0,344210.0,344210.0,0
20240403T,371521.0,371521.0,371521.0,371521.0,0
20240404T,392435.0,392435.0,392435.0,392435.0,0
20240405T,428330.0,428330.0,428330.0,428330.0,0
20240408T,476543.0,476543.0,476543.0,476543.0,0
20240409T,501403.0,501403.0,501403.0,501403.0,0
20240410T,533742.0,533742.0,533742.0,533742.0,0
20240412T,526812.0,526812.0,526812.0,526812.0,0
20240415T,503512.0,503512.0,503512.0,503512.0,0
20240416T,502595.0,502595.0,502595.0,502595.0,0
20240418T,488750.0,488750.0,488750.0,488750.0,0
20240419T,501881.0,501881.0,501881.0,501881.0,0
20240422T,529448.0,529448.0,529448.0,529448.0,0
20240423T,523002.0,523002.0,523002.0,523002.0,0
20240424T,502166.0,502166.0,502166.0,502166.0,0
20240425T,278569.0,278569.0,278569.0,278569.0,0
20240426T,382833.0,382833.0,382833.0,382833.0,0
20240429T,426665.0,426665.0,426665.0,426665.0,0
20240430T,455265.0,455265.0,455265.0,455265.0,0
20240502T,513422.0,513422.0,513422.0,513422.0,0
20240503T,496700.0,496700.0,496700.0,496700.0,0
20240506T,508397.0,508397.0,508397.0,508397.0,0
20240507T,493356.0,493356.0,493356.0,493356.0,0
20240508T,529876.0,529876.0,529876.0,529876.0,0
20240509T,513762.0,513762.0,513762.0,513762.0,0
20240510T,544309.0,544309.0,544309.0,544309.0,0
20240513T,562457.0,562457.0,562457.0,562457.0,0
20240514T,602634.0,602634.0,602634.0,602634.0,0
20240515T,620720.0,620720.0,620720.0,620720.0,0
20240516T,639857.0,639857.0,639857.0,639857.0,0
20240517T,688446.0,688446.0,688446.0,688446.0,0
20240521T,722558.0,722558.0,722558.0,722558.0,0
20240522T,712878.0,712878.0,712878.0,712878.0,0
20240523T,747566.0,747566.0,747566.0,747566.0,0
20240524T,746118.0,746118.0,746118.0,746118.0,0
20240527T,713430.0,713430.0,713430.0,713430.0,0
20240528T,677581.0,677581.0,677581.0,677581.0,0
20240529T,579419.0,579419.0,579419.0,579419.0,0
20240530T,215425.0,215425.0,215425.0,215425.0,0
20240531T,272435.0,272435.0,272435.0,272435.0,0
20240603T,343649.0,343649.0,343649.0,343649.0,0
20240604T,277953.0,277953.0,277953.0,277953.0,0
20240605T,334330.0,334330.0,334330.0,334330.0,0
20240606T,389725.0,389725.0,389725.0,389725.0,0
20240607T,475945.0,475945.0,475945.0,475945.0,0
20240610T,513687.0,513687.0,513687.0,513687.0,0
20240611T,564690.0,564690.0,564690.0,564690.0,0
20240612T,606354.0,606354.0,606354.0,606354.0,0
20240613T,647080.0,647080.0,647080.0,647080.0,0
20240614T,677390.0,677390.0,677390.0,677390.0,0
20240618T,704299.0,704299.0,704299.0,704299.0,0
20240619T,691285.0,691285.0,691285.0,691285.0,0
20240620T,726154.0,726154.0,726154.0,726154.0,0
20240621T,681716.0,681716.0,681716.0,681716.0,0
20240624T,705027.0,705027.0,705027.0,705027.0,0
20240625T,684085.0,684085.0,684085.0,684085.0,0
20240626T,649811.0,649811.0,649811.0,649811.0,0
20240627T,286917.0,286917.0,286917.0,286917.0,0
20240628T,364811.0,364811.0,364811.0,364811.0,0
20240701T,412944.0,412944.0,412944.0,412944.0,0
20240702T,445955.0,445955.0,445955.0,445955.0,0
20240703T,493778.0,493778.0,493778.0,493778.0,0
20240704T,535998.0,535998.0,535998.0,535998.0,0
20240705T,583374.0,583374.0,583374.0,583374.0,0
20240708T,605807.0,605807.0,605807.0,605807.0,0
20240709T,651717.0,651717.0,651717.0,651717.0,0
20240710T,625237.0,625237.0,625237.0,625237.0,0
20240711T,664280.0,664280.0,664280.0,664280.0,0
20240712T,716468.0,716468.0,716468.0,716468.0,0
20240715T,752794.0,752794.0,752794.0,752794.0,0
20240716T,746162.0,746162.0,746162.0,746162.0,0
20240718T,792205.0,792205.0,792205.0,792205.0,0
20240719T,712311.0,712311.0,712311.0,712311.0,0
20240722T,692364.0,692364.0,692364.0,692364.0,0
20240723T,649618.0,649618.0,649618.0,649618.0,0
20240724T,607975.0,607975.0,607975.0,607975.0,0
20240725T,319655.0,319655.0,319655.0,319655.0,0
20240726T,438050.0,438050.0,438050.0,438050.0,0
20240729T,492130.0,492130.0,492130.0,492130.0,0
20240730T,538505.0,538505.0,538505.0,538505.0,0
20240731T,583602.0,583602.0,583602.0,583602.0,0
20240801T,621255.0,621255.0,621255.0,621255.0,0
20240802T,591990.0,591990.0,591990.0,591990.0,0
20240805T,542055.0,542055.0,542055.0,542055.0,0
20240806T,558878.0,558878.0,558878.0,558878.0,0
20240807T,620434.0,620434.0,620434.0,620434.0,0
20240808T,629777.0,629777.0,629777.0,629777.0,0
20240809T,685278.0,685278.0,685278.0,685278.0,0
20240812T,729439.0,729439.0,729439.0,729439.0,0
20240813T,709171.0,709171.0,709171.0,709171.0,0
20240814T,721977.0,721977.0,721977.0,721977.0,0
20240816T,798173.0,798173.0,798173.0,798173.0,0
20240819T,837533.0,837533.0,837533.0,837533.0,0
20240820T,863125.0,863125.0,863125.0,863125.0,0
20240821T,880836.0,880836.0,880836.0,880836.0,0
20240822T,893195.0,893195.0,893195.0,893195.0,0
20240823T,887296.0,887296.0,887296.0,887296.0,0
20240826T,895224.0,895224.0,895224.0,895224.0,0
20240827T,867804.0,867804.0,867804.0,867804.0,0
20240828T,800301.0,800301.0,800301.0,800301.0,0
20240829T,347012.0,347012.0,347012.0,347012.0,0
20240830T,446097.0,446097.0,446097.0,446097.0,0
20240902T,503822.0,503822.0,503822.0,503822.0,0
20240903T,546599.0,546599.0,546599.0,546599.0,0
20240904T,567367.0,567367.0,567367.0,567367.0,0
20240905T,603543.0,603543.0,603543.0,603543.0,0
20240906T,574615.0,574615.0,574615.0,574615.0,0
20240909T,613319.0,613319.0,613319.0,613319.0,0
20240910T,658111.0,658111.0,658111.0,658111.0,0
20240911T,678199.0,678199.0,678199.0,678199.0,0
20240912T,757192.0,757192.0,757192.0,757192.0,0
20240913T,795358.0,795358.0,795358.0,795358.0,0
20240916T,821611.0,821611.0,821611.0,821611.0,0
20240917T,845098.0,845098.0,845098.0,845098.0,0
20240918T,807914.0,807914.0,807914.0,807914.0,0
20240919T,823316.0,823316.0,823316.0,823316.0,0
20240920T,899256.0,899256.0,899256.0,899256.0,0
20240923T,943342.0,943342.0,943342.0,943342.0,0
20240924T,926250.0,926250.0,926250.0,926250.0,0
20240925T,829589.0,829589.0,829589.0,829589.0,0
20240926T,379103.0,379103.0,379103.0,379103.0,0
20240927T,458705.0,458705.0,458705.0,458705.0,0
20240930T,479276.0,479276.0,479276.0,479276.0,0
20241001T,531595.0,531595.0,531595.0,531595.0,0
20241003T,533933.0,533933.0,533933.0,533933.0,0
20241004T,536033.0,536033.0,536033.0,536033.0,0
20241007T,536823.0,536823.0,536823.0,536823.0,0
20241008T,576135.0,576135.0,576135.0,576135.0,0
20241009T,624332.0,624332.0,624332.0,624332.0,0
20241010T,672320.0,672320.0,672320.0,672320.0,0
20241011T,710258.0,710258.0,710258.0,710258.0,0
20241014T,758834.0,758834.0,758834.0,758834.0,0
20241015T,754900.0,754900.0,754900.0,754900.0,0
20241016T,779402.0,779402.0,779402.0,779402.0,0
20241017T,781280.0,781280.0,781280.0,781280.0,0
20241018T,809882.0,809882.0,809882.0,809882.0,0
20241021T,783221.0,783221.0,783221.0,783221.0,0
20241022T,737316.0,737316.0,737316.0,737316.0,0
20241023T,780362.0,780362.0,780362.0,780362.0,0
20241024T,815420.0,815420.0,815420.0,815420.0,0
20241025T,744136.0,744136.0,744136.0,744136.0,0
20241028T,778531.0,778531.0,778531.0,778531.0,0
20241029T,781887.0,781887.0,781887.0,781887.0,0
20241030T,714248.0,714248.0,714248.0,714248.0,0
20241031T,405295.0,405295.0,405295.0,405295.0,0
20241104T,536384.0,536384.0,536384.0,536384.0,0
20241105T,591227.0,591227.0,591227.0,591227.0,0
20241106T,685900.0,685900.0,685900.0,685900.0,0
20241107T,702717.0,702717.0,702717.0,702717.0,0
20241108T,742760.0,742760.0,742760.0,742760.0,0
20241111T,723474.0,723474.0,723474.0,723474.0,0
20241112T,686368.0,686368.0,686368.0,686368.0,0
20241113T,679811.0,679811.0,679811.0,679811.0,0
20241114T,716687.0,716687.0,716687.0,716687.0,0
20241118T,735551.0,735551.0,735551.0,735551.0,0
20241119T,725414.0,725414.0,725414.0,725414.0,0
20241121T,756879.0,756879.0,756879.0,756879.0,0
20241122T,849109.0,849109.0,849109.0,849109.0,0
20241125T,911452.0,911452.0,911452.0,911452.0,0
20241126T,917286.0,917286.0,917286.0,917286.0,0
20241127T,868153.0,868153.0,868153.0,868153.0,0
20241128T,418772.0,418772.0,418772.0,418772.0,0
20241129T,511753.0,511753.0,511753.0,511753.0,0
20241202T,594524.0,594524.0,594524.0,594524.0,0
20241203T,674251.0,674251.0,674251.0,674251.0,0
20241204T,710599.0,710599.0,710599.0,710599.0,0
20241205T,763871.0,763871.0,763871.0,763871.0,0
20241206T,828077.0,828077.0,828077.0,828077.0,0
20241209T,866200.0,866200.0,866200.0,866200.0,0
20241210T,899892.0,899892.0,899892.0,899892.0,0
20241211T,948668.0,948668.0,948668.0,948668.0,0
20241212T,949831.0,949831.0,949831.0,949831.0,0
20241213T,956453.0,956453.0,956453.0,956453.0,0
20241216T,983081.0,983081.0,983081.0,983081.0,0
20241217T,939931.0,939931.0,939931.0,939931.0,0
20241218T,902331.0,902331.0,902331.0,902331.0,0
20241219T,863474.0,863474.0,863474.0,863474.0,0
20241220T,739745.0,739745.0,739745.0,739745.0,0
20241223T,758599.0,758599.0,758599.0,758599.0,0
20241224T,698667.0,698667.0,698667.0,698667.0,0
20241226T,343834.0,343834.0,343834.0,343834.0,0
20241227T,399431.0,399431.0,399431.0,399431.0,0
20241230T,422163.0,422163.0,422163.0,422163.0,0
20241231T,459158.0,459158.0,459158.0,459158.0,0
20250101T,499031.0,499031.0,499031.0,499031.0,0
20250102T,593158.0,593158.0,593158.0,593158.0,0
20250103T,598347.0,598347.0,598347.0,598347.0,0
20250106T,544495.0,544495.0,544495.0,544495.0,0
20250107T,584083.0,584083.0,584083.0,584083.0,0
20250108T,609766.0,609766.0,609766.0,609766.0,0
20250109T,646331.0,646331.0,646331.0,646331.0,0
20250110T,638185.0,638185.0,638185.0,638185.0,0
20250113T,637231.0,637231.0,637231.0,637231.0,0
20250114T,683525.0,683525.0,683525.0,683525.0,0
20250115T,730240.0,730240.0,730240.0,730240.0,0
20250116T,785588.0,785588.0,785588.0,785588.0,0
20250117T,808127.0,808127.0,808127.0,808127.0,0
20250120T,867941.0,867941.0,867941.0,867941.0,0
20250121T,797118.0,797118.0,797118.0,797118.0,0
20250122T,843970.0,843970.0,843970.0,843970.0,0
20250123T,909369.0,909369.0,909369.0,909369.0,0
20250124T,862607.0,862607.0,862607.0,862607.0,0
20250127T,796575.0,796575.0,796575.0,796575.0,0
20250128T,795100.0,795100.0,795100.0,795100.0,0
20250129T,787186.0,787186.0,787186.0,787186.0,0
20250130T,405460.0,405460.0,405460.0,405460.0,0
20250131T,508564.0,508564.0,508564.0,508564.0,0
20250203T,630519.0,630519.0,630519.0,630519.0,0
20250204T,712929.0,712929.0,712929.0,712929.0,0
20250205T,767360.0,767360.0,767360.0,767360.0,0
20250206T,781391.0,781391.0,781391.0,781391.0,0
20250207T,800483.0,800483.0,800483.0,800483.0,0
20250210T,786472.0,786472.0,786472.0,786472.0,0
20250211T,735587.0,735587.0,735587.0,735587.0,0
20250212T,746904.0,746904.0,746904.0,746904.0,0
20250213T,792868.0,792868.0,792868.0,792868.0,0
20250214T,743881.0,743881.0,743881.0,743881.0,0
20250217T,812379.0,812379.0,812379.0,812379.0,0
20250218T,820653.0,820653.0,820653.0,820653.0,0
20250219T,867227.0,867227.0,867227.0,867227.0,0
20250220T,906122.0,906122.0,906122.0,906122.0,0
20250221T,849109.0,849109.0,849109.0,849109.0,0
20250224T,847023.0,847023.0,847023.0,847023.0,0
20250225T,776543.0,776543.0,776543.0,776543.0,0
20250227T,402160.0,402160.0,402160.0,402160.0,0
20250228T,452696.0,452696.0,452696.0,452696.0,0
20250303T,527820.0,527820.0,527820.0,527820.0,0
20250304T,587574.0,587574.0,587574.0,587574.0,0
20250305T,662378.0,662378.0,662378.0,662378.0,0
20250306T,722028.0,722028.0,722028.0,722028.0,0
20250307T,762083.0,762083.0,762083.0,762083.0,0
20250310T,773944.0,773944.0,773944.0,773944.0,0
20250311T,818692.0,818692.0,818692.0,818692.0,0
20250312T,839434.0,839434.0,839434.0,839434.0,0
20250313T,845723.0,845723.0,845723.0,845723.0,0
20250317T,907072.0,907072.0,907072.0,907072.0,0
20250318T,962172.0,962172.0,962172.0,962172.0,0
20250319T,1026048.0,1026048.0,1026048.0,1026048.0,0
20250320T,1077969.0,1077969.0,1077969.0,1077969.0,0
20250321T,1098306.0,1098306.0,1098306.0,1098306.0,0
20250324T,1098997.0,1098997.0,1098997.0,1098997.0,0
20250325T,1048787.0,1048787.0,1048787.0,1048787.0,0
20250326T,986122.0,986122.0,986122.0,986122.0,0
20250327T,369799.0,369799.0,369799.0,369799.0,0
20250328T,444845.0,444845.0,444845.0,444845.0,0
20250401T,503071.0,503071.0,503071.0,503071.0,0
20250402T,583614.0,583614.0,583614.0,583614.0,0
20250403T,624912.0,624912.0,624912.0,624912.0,0
20250404T,617804.0,617804.0,617804.0,617804.0,0
20250407T,537930.0,537930.0,537930.0,537930.0,0
20250408T,588925.0,588925.0,588925.0,588925.0,0
20250409T,636363.0,636363.0,636363.0,636363.0,0
20250411T,698962.0,698962.0,698962.0,698962.0,0
20250415T,814439.0,814439.0,814439.0,814439.0,0
20250416T,868285.0,868285.0,868285.0,868285.0,0
20250417T,914375.0,914375.0,914375.0,914375.0,0
20250421T,963807.0,963807.0,963807.0,963807.0,0
20250422T,975083.0,975083.0,975083.0,975083.0,0
20250423T,960761.0,960761.0,960761.0,960761.0,0
20250424T,365044.0,365044.0,365044.0,365044.0,0
20250425T,419026.0,419026.0,419026.0,419026.0,0
20250428T,505998.0,505998.0,505998.0,505998.0,0
20250429T,555870.0,555870.0,555870.0,555870.0,0
20250430T,597517.0,597517.0,597517.0,597517.0,0
20250502T,644932.0,644932.0,644932.0,644932.0,0
20250505T,699987.0,699987.0,699987.0,699987.0,0
20250506T,715179.0,715179.0,715179.0,715179.0,0
20250507T,754842.0,754842.0,754842.0,754842.0,0
20250508T,706889.0,706889.0,706889.0,706889.0,0
20250509T,715777.0,715777.0,715777.0,715777.0,0
20250512T,806731.0,806731.0,806731.0,806731.0,0
20250513T,805838.0,805838.0,805838.0,805838.0,0
20250514T,875644.0,875644.0,875644.0,875644.0,0
20250515T,952718.0,952718.0,952718.0,952718.0,0
20250516T,1003182.0,1003182.0,1003182.0,1003182.0,0
20250519T,1028970.0,1028970.0,1028970.0,1028970.0,0
20250520T,976367.0,976367.0,976367.0,976367.0,0
20250521T,1036854.0,1036854.0,1036854.0,1036854.0,0
20250522T,1006901.0,1006901.0,1006901.0,1006901.0,0
20250523T,1028099.0,1028099.0,1028099.0,1028099.0,0
20250526T,1022797.0,1022797.0,1022797.0,1022797.0,0
20250527T,949029.0,949029.0,949029.0,949029.0,0
20250528T,914338.0,914338.0,914338.0,914338.0,0
20250529T,349930.0,349930.0,349930.0,349930.0,0
20250530T,426902.0,426902.0,426902.0,426902.0,0
20250602T,481968.0,481968.0,481968.0,481968.0,0
20250603T,498699.0,498699.0,498699.0,498699.0,0
20250604T,551308.0,551308.0,551308.0,551308.0,0
20250605T,601486.0,601486.0,601486.0,601486.0,0
20250606T,676974.0,676974.0,676974.0,676974.0,0
20250609T,749114.0,749114.0,749114.0,749114.0,0
20250610T,775593.0,775593.0,775593.0,775593.0,0
20250611T,803753.0,803753.0,803753.0,803753.0,0
20250612T,748662.0,748662.0,748662.0,748662.0,0
20250613T,750939.0,750939.0,750939.0,750939.0,0
20250616T,823783.0,823783.0,823783.0,823783.0,0
20250617T,836075.0,836075.0,836075.0,836075.0,0
20250618T,848205.0,848205.0,848205.0,848205.0,0
20250619T,831823.0,831823.0,831823.0,831823.0,0
20250620T,875350.0,875350.0,875350.0,875350.0,0
20250623T,879756.0,879756.0,879756.0,879756.0,0
20250624T,839482.0,839482.0,839482.0,839482.0,0
20250625T,851771.0,851771.0,851771.0,851771.0,0
20250626T,356366.0,356366.0,356366.0,356366.0,0
20250627T,423331.0,423331.0,423331.0,423331.0,0
20250630T,468774.0,468774.0,468774.0,468774.0,0
20250701T,518696.0,518696.0,518696.0,518696.0,0
20250702T,539171.0,539171.0,539171.0,539171.0,0
20250703T,559744.0,559744.0,559744.0,559744.0,0
20250704T,588444.0,588444.0,588444.0,588444.0,0
20250707T,617453.0,617453.0,617453.0,617453.0,0
20250708T,639027.0,639027.0,639027.0,639027.0,0
20250709T,663894.0,663894.0,663894.0,663894.0,0
20250710T,669380.0,669380.0,669380.0,669380.0,0
20250711T,657360.0,657360.0,657360.0,657360.0,0
20250714T,685108.0,685108.0,685108.0,685108.0,0
20250715T,712326.0,712326.0,712326.0,712326.0,0
20250716T,746085.0,746085.0,746085.0,746085.0,0
20250717T,759648.0,759648.0,759648.0,759648.0,0
20250718T,757931.0,757931.0,757931.0,757931.0,0
20250721T,802340.0,802340.0,802340.0,802340.0,0
20250722T,807623.0,807623.0,807623.0,807623.0,0
20250723T,854341.0,854341.0,854341.0,854341.0,0
20250724T,832794.0,832794.0,832794.0,832794.0,0
20250725T,778123.0,778123.0,778123.0,778123.0,0
20250728T,770153.0,770153.0,770153.0,770153.0,0
20250729T,798683.0,798683.0,798683.0,798683.0,0
20250730T,802441.0,802441.0,802441.0,802441.0,0
20250731T,428931.0,428931.0,428931.0,428931.0,0
20250801T,482178.0,482178.0,482178.0,482178.0,0
20250804T,554202.0,554202.0,554202.0,554202.0,0
20250805T,579042.0,579042.0,579042.0,579042.0,0
20250806T,609232.0,609232.0,609232.0,609232.0,0
20250807T,625358.0,625358.0,625358.0,625358.0,0
20250808T,631457.0,631457.0,631457.0,631457.0,0
20250811T,697423.0,697423.0,697423.0,697423.0,0
20250812T,714861.0,714861.0,714861.0,714861.0,0
20250813T,779424.0,779424.0,779424.0,779424.0,0
20250814T,774573.0,774573.0,774573.0,774573.0,0
20250818T,865309.0,865309.0,865309.0,865309.0,0
20250819T,927910.0,927910.0,927910.0,927910.0,0
20250820T,953816.0,953816.0,953816.0,953816.0,0
20250821T,948945.0,948945.0,948945.0,948945.0,0
20250822T,899360.0,899360.0,899360.0,899360.0,0
20250825T,889099.0,889099.0,889099.0,889099.0,0
20250826T,782407.0,782407.0,782407.0,782407.0,0
20250828T,386021.0,386021.0,386021.0,386021.0,0
20250829T,455853.0,455853.0,455853.0,455853.0,0
20250901T,526719.0,526719.0,526719.0,526719.0,0
20250902T,549646.0,549646.0,549646.0,549646.0,0
20250903T,605326.0,605326.0,605326.0,605326.0,0
20250904T,620395.0,620395.0,620395.0,620395.0,0
20250905T,665772.0,665772.0,665772.0,665772.0,0
20250908T,719981.0,719981.0,719981.0,719981.0,0
20250909T,761471.0,761471.0,761471.0,761471.0,0
20250910T,791247.0,791247.0,791247.0,791247.0,0
20250911T,814639.0,814639.0,814639.0,814639.0,0
20250912T,856971.0,856971.0,856971.0,856971.0,0
20250915T,876605.0,876605.0,876605.0,876605.0,0
20250916T,922648.0,922648.0,922648.0,922648.0,0
20250917T,965204.0,965204.0,965204.0,965204.0,0
20250918T,976654.0,976654.0,976654.0,976654.0,0
20250919T,984326.0,984326.0,984326.0,984326.0,0
20250922T,967832.0,967832.0,967832.0,967832.0,0
20250923T,968557.0,968557.0,968557.0,968557.0,0
20250924T,942803.0,942803.0,942803.0,942803.0,0
20250925T,899821.0,899821.0,899821.0,899821.0,0
20250926T,863185.0,863185.0,863185.0,863185.0,0
20250929T,844681.0,844681.0,844681.0,844681.0,0
20250930T,459457.0,459457.0,459457.0,459457.0,0
20251001T,528532.0,528532.0,528532.0,528532.0,0
20251003T,581776.0,581776.0,581776.0,581776.0,0
20251006T,629756.0,629756.0,629756.0,629756.0,0
20251007T,654274.0,654274.0,654274.0,654274.0,0
20251008T,661873.0,661873.0,661873.0,661873.0,0
20251009T,720045.0,720045.0,720045.0,720045.0,0
20251010T,751195.0,751195.0,751195.0,751195.0,0
20251013T,749888.0,749888.0,749888.0,749888.0,0
20251014T,721582.0,721582.0,721582.0,721582.0,0
20251015T,808758.0,808758.0,808758.0,808758.0,0
20251016T,854428.0,854428.0,854428.0,854428.0,0
20251017T,851596.0,851596.0,851596.0,851596.0,0
20251020T,895362.0,895362.0,895362.0,895362.0,0
20251023T,896430.0,896430.0,896430.0,896430.0,0
20251024T,881047.0,881047.0,881047.0,881047.0,0
20251027T,881176.0,881176.0,881176.0,881176.0,0
20251028T,438652.0,438652.0,438652.0,438652.0,0
20251029T,573616.0,573616.0,573616.0,573616.0,0
20251030T,595393.0,595393.0,595393.0,595393.0,0
20251031T,631042.0,631042.0,631042.0,631042.0,0
20251103T,687538.0,687538.0,687538.0,687538.0,0
20251104T,706128.0,706128.0,706128.0,706128.0,0
20251106T,731091.0,731091.0,731091.0,731091.0,0
20251107T,776637.0,776637.0,776637.0,776637.0,0
20251110T,827921.0,827921.0,827921.0,827921.0,0
20251111T,855910.0,855910.0,855910.0,855910.0,0
20251112T,935248.0,935248.0,935248.0,935248.0,0
20251113T,951843.0,951843.0,951843.0,951843.0,0
20251114T,973170.0,973170.0,973170.0,973170.0,0
20251117T,1029964.0,1029964.0,1029964.0,1029964.0,0
20251118T,1010026.0,1010026.0,1010026.0,1010026.0,0
20251119T,1023004.0,1023004.0,1023004.0,1023004.0,0
20251120T,1001534.0,1001534.0,1001534.0,1001534.0,0
20251121T,916551.0,916551.0,916551.0,916551.0,0
20251124T,855945.0,855945.0,855945.0,855945.0,0
20251125T,431152.0,431152.0,431152.0,431152.0,0
20251126T,530467.0,530467.0,530467.0,530467.0,0
20251127T,561640.0,561640.0,561640.0,561640.0,0
20251128T,598139.0,598139.0,598139.0,598139.0,0
20251201T,637680.0,637680.0,637680.0,637680.0,0
20251202T,656590.0,656590.0,656590.0,656590.0,0
20251203T,658917.0,658917.0,658917.0,658917.0,0
20251204T,692495.0,692495.0,692495.0,692495.0,0
20251205T,752960.0,752960.0,752960.0,752960.0,0
20251208T,745120.0,745120.0,745120.0,745120.0,0
20251209T,745181.0,745181.0,745181.0,745181.0,0
20251210T,776224.0,776224.0,776224.0,776224.0,0
20251211T,831825.0,831825.0,831825.0,831825.0,0
20251212T,890435.0,890435.0,890435.0,890435.0,0
20251215T,915992.0,915992.0,915992.0,915992.0,0
20251216T,895536.0,895536.0,895536.0,895536.0,0
20251217T,906961.0,906961.0,906961.0,906961.0,0
20251218T,937076.0,937076.0,937076.0,937076.0,0
20251219T,1002288.0,1002288.0,1002288.0,1002288.0,0
20251222T,1081649.0,1081649.0,1081649.0,1081649.0,0
20251223T,1067154.0,1067154.0,1067154.0,1067154.0,0
20251224T,1026596.0,1026596.0,1026596.0,1026596.0,0
20251226T,987175.0,987175.0,987175.0,987175.0,0
20251229T,909428.0,909428.0,909428.0,909428.0,0
20251230T,454259.0,454259.0,454259.0,454259.0,0
20251231T,556288.0,556288.0,556288.0,556288.0,0
20260101T,629277.0,629277.0,629277.0,629277.0,0
20260102T,717582.0,717582.0,717582.0,717582.0,0
20260105T,751439.0,751439.0,751439.0,751439.0,0
20260106T,794539.0,794539.0,794539.0,794539.0,0
20260107T,830181.0,830181.0,830181.0,830181.0,0
20260108T,789991.0,789991.0,789991.0,789991.0,0
20260109T,761074.0,761074.0,761074.0,761074.0,0
20260112T,789470.0,789470.0,789470.0,789470.0,0
20260113T,807494.0,807494.0,807494.0,807494.0,0
20260114T,846044.0,846044.0,846044.0,846044.0,0
20260116T,883193.0,883193.0,883193.0,883193.0,0
20260119T,910511.0,910511.0,910511.0,910511.0,0
20260120T,806863.0,806863.0,806863.0,806863.0,0
20260121T,817767.0,817767.0,817767.0,817767.0,0
20260122T,833547.0,833547.0,833547.0,833547.0,0
20260123T,757535.0,757535.0,757535.0,757535.0,0
20260127T,401240.0,401240.0,401240.0,401240.0,0
20260128T,497798.0,497798.0,497798.0,497798.0,0
20260129T,556927.0,556927.0,556927.0,556927.0,0
20260130T,567574.0,567574.0,567574.0,567574.0,0
20260201T,551029.0,551029.0,551029.0,551029.0,0
20260202T,612107.0,612107.0,612107.0,612107.0,0
