20120106T,53172.0,53172.0,53172.0,53172.0,0
20120109T,58806.0,58806.0,58806.0,58806.0,0
20120110T,59505.0,59505.0,59505.0,59505.0,0
20120111T,64230.0,64230.0,64230.0,64230.0,0
20120112T,66816.0,66816.0,66816.0,66816.0,0
20120113T,69245.0,69245.0,69245.0,69245.0,0
20120116T,74181.0,74181.0,74181.0,74181.0,0
20120117T,75643.0,75643.0,75643.0,75643.0,0
20120118T,78869.0,78869.0,78869.0,78869.0,0
20120119T,80524.0,80524.0,80524.0,80524.0,0
20120120T,83115.0,83115.0,83115.0,83115.0,0
20120123T,83301.0,83301.0,83301.0,83301.0,0
20120124T,82419.0,82419.0,82419.0,82419.0,0
20120125T,24454.0,24454.0,24454.0,24454.0,0
20120127T,35684.0,35684.0,35684.0,35684.0,0
20120130T,43608.0,43608.0,43608.0,43608.0,0
20120131T,50174.0,50174.0,50174.0,50174.0,0
20120201T,55150.0,55150.0,55150.0,55150.0,0
20120202T,59204.0,59204.0,59204.0,59204.0,0
20120203T,63261.0,63261.0,63261.0,63261.0,0
20120206T,67286.0,67286.0,67286.0,67286.0,0
20120207T,71245.0,71245.0,71245.0,71245.0,0
20120208T,75689.0,75689.0,75689.0,75689.0,0
20120209T,78146.0,78146.0,78146.0,78146.0,0
20120210T,81848.0,81848.0,81848.0,81848.0,0
20120213T,86340.0,86340.0,86340.0,86340.0,0
20120214T,87650.0,87650.0,87650.0,87650.0,0
20120215T,83960.0,83960.0,83960.0,83960.0,0
20120216T,87126.0,87126.0,87126.0,87126.0,0
20120217T,86828.0,86828.0,86828.0,86828.0,0
20120221T,86340.0,86340.0,86340.0,86340.0,0
20120222T,87579.0,87579.0,87579.0,87579.0,0
20120223T,25858.0,25858.0,25858.0,25858.0,0
20120224T,35470.0,35470.0,35470.0,35470.0,0
20120227T,42112.0,42112.0,42112.0,42112.0,0
20120228T,47389.0,47389.0,47389.0,47389.0,0
20120229T,51180.0,51180.0,51180.0,51180.0,0
20120301T,54873.0,54873.0,54873.0,54873.0,0
20120302T,58226.0,58226.0,58226.0,58226.0,0
20120305T,64558.0,64558.0,64558.0,64558.0,0
20120306T,68478.0,68478.0,68478.0,68478.0,0
20120307T,72996.0,72996.0,72996.0,72996.0,0
20120309T,74627.0,74627.0,74627.0,74627.0,0
20120312T,75739.0,75739.0,75739.0,75739.0,0
20120313T,76454.0,76454.0,76454.0,76454.0,0
20120314T,78233.0,78233.0,78233.0,78233.0,0
20120315T,80760.0,80760.0,80760.0,80760.0,0
20120316T,82945.0,82945.0,82945.0,82945.0,0
20120319T,85822.0,85822.0,85822.0,85822.0,0
20120320T,87307.0,87307.0,87307.0,87307.0,0
20120321T,86262.0,86262.0,86262.0,86262.0,0
20120322T,88138.0,88138.0,88138.0,88138.0,0
20120323T,88388.0,88388.0,88388.0,88388.0,0
20120326T,87603.0,87603.0,87603.0,87603.0,0
20120327T,87942.0,87942.0,87942.0,87942.0,0
20120328T,89651.0,89651.0,89651.0,89651.0,0
20120329T,20525.0,20525.0,20525.0,20525.0,0
20120330T,32123.0,32123.0,32123.0,32123.0,0
20120402T,39530.0,39530.0,39530.0,39530.0,0
20120403T,43545.0,43545.0,43545.0,43545.0,0
20120404T,47330.0,47330.0,47330.0,47330.0,0
20120409T,53731.0,53731.0,53731.0,53731.0,0
20120410T,58786.0,58786.0,58786.0,58786.0,0
20120411T,63258.0,63258.0,63258.0,63258.0,0
20120412T,67777.0,67777.0,67777.0,67777.0,0
20120413T,76178.0,76178.0,76178.0,76178.0,0
20120416T,83644.0,83644.0,83644.0,83644.0,0
20120417T,86710.0,86710.0,86710.0,86710.0,0
20120418T,90077.0,90077.0,90077.0,90077.0,0
20120419T,91889.0,91889.0,91889.0,91889.0,0
20120420T,92613.0,92613.0,92613.0,92613.0,0
20120423T,91996.0,91996.0,91996.0,91996.0,0
20120424T,92490.0,92490.0,92490.0,92490.0,0
20120425T,93440.0,93440.0,93440.0,93440.0,0
20120426T,28330.0,28330.0,28330.0,28330.0,0
20120427T,43935.0,43935.0,43935.0,43935.0,0
20120430T,50299.0,50299.0,50299.0,50299.0,0
20120502T,55312.0,55312.0,55312.0,55312.0,0
20120503T,61408.0,61408.0,61408.0,61408.0,0
20120504T,67271.0,67271.0,67271.0,67271.0,0
20120507T,70865.0,70865.0,70865.0,70865.0,0
20120508T,76358.0,76358.0,76358.0,76358.0,0
20120509T,81859.0,81859.0,81859.0,81859.0,0
20120510T,85205.0,85205.0,85205.0,85205.0,0
20120511T,88166.0,88166.0,88166.0,88166.0,0
20120514T,90861.0,90861.0,90861.0,90861.0,0
20120515T,93159.0,93159.0,93159.0,93159.0,0
20120516T,94518.0,94518.0,94518.0,94518.0,0
20120517T,98041.0,98041.0,98041.0,98041.0,0
20120518T,101442.0,101442.0,101442.0,101442.0,0
20120521T,99977.0,99977.0,99977.0,99977.0,0
20120522T,98180.0,98180.0,98180.0,98180.0,0
20120523T,98969.0,98969.0,98969.0,98969.0,0
20120524T,99338.0,99338.0,99338.0,99338.0,0
20120525T,99025.0,99025.0,99025.0,99025.0,0
20120528T,95396.0,95396.0,95396.0,95396.0,0
20120529T,95303.0,95303.0,95303.0,95303.0,0
20120530T,95414.0,95414.0,95414.0,95414.0,0
20120531T,26030.0,26030.0,26030.0,26030.0,0
20120601T,34763.0,34763.0,34763.0,34763.0,0
20120604T,41496.0,41496.0,41496.0,41496.0,0
20120605T,48312.0,48312.0,48312.0,48312.0,0
20120606T,54201.0,54201.0,54201.0,54201.0,0
20120607T,58441.0,58441.0,58441.0,58441.0,0
20120608T,61992.0,61992.0,61992.0,61992.0,0
20120611T,65095.0,65095.0,65095.0,65095.0,0
20120612T,68404.0,68404.0,68404.0,68404.0,0
20120613T,71641.0,71641.0,71641.0,71641.0,0
20120614T,76023.0,76023.0,76023.0,76023.0,0
20120615T,78553.0,78553.0,78553.0,78553.0,0
20120618T,80080.0,80080.0,80080.0,80080.0,0
20120619T,82587.0,82587.0,82587.0,82587.0,0
20120620T,84225.0,84225.0,84225.0,84225.0,0
20120621T,83162.0,83162.0,83162.0,83162.0,0
20120622T,85387.0,85387.0,85387.0,85387.0,0
20120625T,85348.0,85348.0,85348.0,85348.0,0
20120626T,86294.0,86294.0,86294.0,86294.0,0
20120627T,86344.0,86344.0,86344.0,86344.0,0
20120628T,27162.0,27162.0,27162.0,27162.0,0
20120629T,39310.0,39310.0,39310.0,39310.0,0
20120702T,46767.0,46767.0,46767.0,46767.0,0
20120703T,53992.0,53992.0,53992.0,53992.0,0
20120704T,58216.0,58216.0,58216.0,58216.0,0
20120705T,61828.0,61828.0,61828.0,61828.0,0
20120706T,66824.0,66824.0,66824.0,66824.0,0
20120709T,73101.0,73101.0,73101.0,73101.0,0
20120710T,77197.0,77197.0,77197.0,77197.0,0
20120711T,90385.0,90385.0,90385.0,90385.0,0
20120712T,96454.0,96454.0,96454.0,96454.0,0
20120713T,98940.0,98940.0,98940.0,98940.0,0
20120716T,101018.0,101018.0,101018.0,101018.0,0
20120717T,102029.0,102029.0,102029.0,102029.0,0
20120718T,103408.0,103408.0,103408.0,103408.0,0
20120719T,103136.0,103136.0,103136.0,103136.0,0
20120720T,102217.0,102217.0,102217.0,102217.0,0
20120723T,99777.0,99777.0,99777.0,99777.0,0
20120724T,102045.0,102045.0,102045.0,102045.0,0
20120725T,104692.0,104692.0,104692.0,104692.0,0
20120726T,31213.0,31213.0,31213.0,31213.0,0
20120727T,43190.0,43190.0,43190.0,43190.0,0
20120730T,48566.0,48566.0,48566.0,48566.0,0
20120731T,54127.0,54127.0,54127.0,54127.0,0
20120801T,58481.0,58481.0,58481.0,58481.0,0
20120802T,61612.0,61612.0,61612.0,61612.0,0
20120803T,65017.0,65017.0,65017.0,65017.0,0
20120806T,68143.0,68143.0,68143.0,68143.0,0
20120807T,70694.0,70694.0,70694.0,70694.0,0
20120808T,75387.0,75387.0,75387.0,75387.0,0
20120809T,82760.0,82760.0,82760.0,82760.0,0
20120810T,89518.0,89518.0,89518.0,89518.0,0
20120813T,93673.0,93673.0,93673.0,93673.0,0
20120814T,94620.0,94620.0,94620.0,94620.0,0
20120816T,97477.0,97477.0,97477.0,97477.0,0
20120817T,98391.0,98391.0,98391.0,98391.0,0
20120821T,99804.0,99804.0,99804.0,99804.0,0
20120822T,100459.0,100459.0,100459.0,100459.0,0
20120823T,100714.0,100714.0,100714.0,100714.0,0
20120824T,101325.0,101325.0,101325.0,101325.0,0
20120827T,102223.0,102223.0,102223.0,102223.0,0
20120828T,103654.0,103654.0,103654.0,103654.0,0
20120829T,106444.0,106444.0,106444.0,106444.0,0
20120830T,32617.0,32617.0,32617.0,32617.0,0
20120831T,45026.0,45026.0,45026.0,45026.0,0
20120903T,54998.0,54998.0,54998.0,54998.0,0
20120904T,61208.0,61208.0,61208.0,61208.0,0
20120905T,67438.0,67438.0,67438.0,67438.0,0
20120906T,71705.0,71705.0,71705.0,71705.0,0
20120907T,74640.0,74640.0,74640.0,74640.0,0
20120910T,80132.0,80132.0,80132.0,80132.0,0
20120911T,83355.0,83355.0,83355.0,83355.0,0
20120912T,84413.0,84413.0,84413.0,84413.0,0
20120913T,87079.0,87079.0,87079.0,87079.0,0
20120914T,84963.0,84963.0,84963.0,84963.0,0
20120917T,81326.0,81326.0,81326.0,81326.0,0
20120918T,85609.0,85609.0,85609.0,85609.0,0
20120920T,89956.0,89956.0,89956.0,89956.0,0
20120921T,88074.0,88074.0,88074.0,88074.0,0
20120924T,91950.0,91950.0,91950.0,91950.0,0
20120925T,96468.0,96468.0,96468.0,96468.0,0
20120926T,97281.0,97281.0,97281.0,97281.0,0
20120927T,35215.0,35215.0,35215.0,35215.0,0
20120928T,48548.0,48548.0,48548.0,48548.0,0
20121001T,57518.0,57518.0,57518.0,57518.0,0
20121003T,66654.0,66654.0,66654.0,66654.0,0
20121004T,70885.0,70885.0,70885.0,70885.0,0
20121005T,77490.0,77490.0,77490.0,77490.0,0
20121008T,84679.0,84679.0,84679.0,84679.0,0
20121009T,90262.0,90262.0,90262.0,90262.0,0
20121010T,97876.0,97876.0,97876.0,97876.0,0
20121011T,107285.0,107285.0,107285.0,107285.0,0
20121012T,112997.0,112997.0,112997.0,112997.0,0
20121015T,118018.0,118018.0,118018.0,118018.0,0
20121016T,117864.0,117864.0,117864.0,117864.0,0
20121017T,120525.0,120525.0,120525.0,120525.0,0
20121018T,117258.0,117258.0,117258.0,117258.0,0
20121019T,119611.0,119611.0,119611.0,119611.0,0
20121022T,118171.0,118171.0,118171.0,118171.0,0
20121023T,118556.0,118556.0,118556.0,118556.0,0
20121025T,32662.0,32662.0,32662.0,32662.0,0
20121026T,50817.0,50817.0,50817.0,50817.0,0
20121029T,60356.0,60356.0,60356.0,60356.0,0
20121030T,69696.0,69696.0,69696.0,69696.0,0
20121031T,75177.0,75177.0,75177.0,75177.0,0
20121101T,80249.0,80249.0,80249.0,80249.0,0
20121102T,85610.0,85610.0,85610.0,85610.0,0
20121105T,92545.0,92545.0,92545.0,92545.0,0
20121106T,95927.0,95927.0,95927.0,95927.0,0
20121107T,99805.0,99805.0,99805.0,99805.0,0
20121108T,103435.0,103435.0,103435.0,103435.0,0
20121109T,112013.0,112013.0,112013.0,112013.0,0
20121112T,113501.0,113501.0,113501.0,113501.0,0
20121113T,115021.0,115021.0,115021.0,115021.0,0
20121115T,118660.0,118660.0,118660.0,118660.0,0
20121116T,122729.0,122729.0,122729.0,122729.0,0
20121119T,126985.0,126985.0,126985.0,126985.0,0
20121120T,130760.0,130760.0,130760.0,130760.0,0
20121121T,130512.0,130512.0,130512.0,130512.0,0
20121122T,131164.0,131164.0,131164.0,131164.0,0
20121123T,133209.0,133209.0,133209.0,133209.0,0
20121126T,132632.0,132632.0,132632.0,132632.0,0
20121127T,124573.0,124573.0,124573.0,124573.0,0
20121129T,34489.0,34489.0,34489.0,34489.0,0
20121130T,49518.0,49518.0,49518.0,49518.0,0
20121203T,58995.0,58995.0,58995.0,58995.0,0
20121204T,66228.0,66228.0,66228.0,66228.0,0
20121205T,74849.0,74849.0,74849.0,74849.0,0
20121206T,80846.0,80846.0,80846.0,80846.0,0
20121207T,86506.0,86506.0,86506.0,86506.0,0
20121210T,93841.0,93841.0,93841.0,93841.0,0
20121211T,99522.0,99522.0,99522.0,99522.0,0
20121212T,106487.0,106487.0,106487.0,106487.0,0
20121213T,111222.0,111222.0,111222.0,111222.0,0
20121214T,115882.0,115882.0,115882.0,115882.0,0
20121217T,121260.0,121260.0,121260.0,121260.0,0
20121218T,122246.0,122246.0,122246.0,122246.0,0
20121219T,129022.0,129022.0,129022.0,129022.0,0
20121220T,135456.0,135456.0,135456.0,135456.0,0
20121221T,135732.0,135732.0,135732.0,135732.0,0
20121224T,135742.0,135742.0,135742.0,135742.0,0
20121226T,134570.0,134570.0,134570.0,134570.0,0
20121227T,37258.0,37258.0,37258.0,37258.0,0
20121228T,50532.0,50532.0,50532.0,50532.0,0
20121231T,58458.0,58458.0,58458.0,58458.0,0
20130101T,67109.0,67109.0,67109.0,67109.0,0
20130102T,74755.0,74755.0,74755.0,74755.0,0
20130103T,81335.0,81335.0,81335.0,81335.0,0
20130104T,87825.0,87825.0,87825.0,87825.0,0
20130107T,95890.0,95890.0,95890.0,95890.0,0
20130108T,102744.0,102744.0,102744.0,102744.0,0
20130109T,108782.0,108782.0,108782.0,108782.0,0
20130110T,118403.0,118403.0,118403.0,118403.0,0
20130111T,120465.0,120465.0,120465.0,120465.0,0
20130114T,125716.0,125716.0,125716.0,125716.0,0
20130115T,130153.0,130153.0,130153.0,130153.0,0
20130116T,138725.0,138725.0,138725.0,138725.0,0
20130117T,142876.0,142876.0,142876.0,142876.0,0
20130118T,149932.0,149932.0,149932.0,149932.0,0
20130121T,154429.0,154429.0,154429.0,154429.0,0
20130122T,156321.0,156321.0,156321.0,156321.0,0
20130123T,158295.0,158295.0,158295.0,158295.0,0
20130124T,158517.0,158517.0,158517.0,158517.0,0
20130125T,156447.0,156447.0,156447.0,156447.0,0
20130128T,159861.0,159861.0,159861.0,159861.0,0
20130129T,159193.0,159193.0,159193.0,159193.0,0
20130130T,158903.0,158903.0,158903.0,158903.0,0
20130131T,43768.0,43768.0,43768.0,43768.0,0
20130201T,60949.0,60949.0,60949.0,60949.0,0
20130204T,71606.0,71606.0,71606.0,71606.0,0
20130205T,80195.0,80195.0,80195.0,80195.0,0
20130206T,90091.0,90091.0,90091.0,90091.0,0
20130207T,97793.0,97793.0,97793.0,97793.0,0
20130208T,104632.0,104632.0,104632.0,104632.0,0
20130211T,110006.0,110006.0,110006.0,110006.0,0
20130212T,114233.0,114233.0,114233.0,114233.0,0
20130213T,123944.0,123944.0,123944.0,123944.0,0
20130214T,130846.0,130846.0,130846.0,130846.0,0
20130215T,134088.0,134088.0,134088.0,134088.0,0
20130218T,135068.0,135068.0,135068.0,135068.0,0
20130219T,135301.0,135301.0,135301.0,135301.0,0
20130220T,139187.0,139187.0,139187.0,139187.0,0
20130221T,143663.0,143663.0,143663.0,143663.0,0
20130222T,142536.0,142536.0,142536.0,142536.0,0
20130225T,141082.0,141082.0,141082.0,141082.0,0
20130226T,143432.0,143432.0,143432.0,143432.0,0
20130227T,142532.0,142532.0,142532.0,142532.0,0
20130228T,34835.0,34835.0,34835.0,34835.0,0
20130301T,52276.0,52276.0,52276.0,52276.0,0
20130304T,59914.0,59914.0,59914.0,59914.0,0
20130305T,66650.0,66650.0,66650.0,66650.0,0
20130306T,72115.0,72115.0,72115.0,72115.0,0
20130307T,77744.0,77744.0,77744.0,77744.0,0
20130308T,82010.0,82010.0,82010.0,82010.0,0
20130311T,85999.0,85999.0,85999.0,85999.0,0
20130312T,89245.0,89245.0,89245.0,89245.0,0
20130313T,95187.0,95187.0,95187.0,95187.0,0
20130314T,96515.0,96515.0,96515.0,96515.0,0
20130315T,103280.0,103280.0,103280.0,103280.0,0
20130318T,108790.0,108790.0,108790.0,108790.0,0
20130319T,112603.0,112603.0,112603.0,112603.0,0
20130320T,118351.0,118351.0,118351.0,118351.0,0
20130321T,119842.0,119842.0,119842.0,119842.0,0
20130322T,122382.0,122382.0,122382.0,122382.0,0
20130325T,119777.0,119777.0,119777.0,119777.0,0
20130326T,119545.0,119545.0,119545.0,119545.0,0
20130328T,26640.0,26640.0,26640.0,26640.0,0
20130401T,40177.0,40177.0,40177.0,40177.0,0
20130402T,49847.0,49847.0,49847.0,49847.0,0
20130403T,59259.0,59259.0,59259.0,59259.0,0
20130404T,69181.0,69181.0,69181.0,69181.0,0
20130405T,76704.0,76704.0,76704.0,76704.0,0
20130408T,81710.0,81710.0,81710.0,81710.0,0
20130409T,88212.0,88212.0,88212.0,88212.0,0
20130410T,92539.0,92539.0,92539.0,92539.0,0
20130411T,107888.0,107888.0,107888.0,107888.0,0
20130412T,108948.0,108948.0,108948.0,108948.0,0
20130415T,114346.0,114346.0,114346.0,114346.0,0
20130416T,119359.0,119359.0,119359.0,119359.0,0
20130417T,125335.0,125335.0,125335.0,125335.0,0
20130418T,123585.0,123585.0,123585.0,123585.0,0
20130422T,121969.0,121969.0,121969.0,121969.0,0
20130423T,122202.0,122202.0,122202.0,122202.0,0
20130425T,38308.0,38308.0,38308.0,38308.0,0
20130426T,54119.0,54119.0,54119.0,54119.0,0
20130429T,62891.0,62891.0,62891.0,62891.0,0
20130430T,73604.0,73604.0,73604.0,73604.0,0
20130502T,80485.0,80485.0,80485.0,80485.0,0
20130503T,89028.0,89028.0,89028.0,89028.0,0
20130506T,93100.0,93100.0,93100.0,93100.0,0
20130507T,97040.0,97040.0,97040.0,97040.0,0
20130508T,100811.0,100811.0,100811.0,100811.0,0
20130509T,104575.0,104575.0,104575.0,104575.0,0
20130510T,107917.0,107917.0,107917.0,107917.0,0
20130513T,112773.0,112773.0,112773.0,112773.0,0
20130514T,116771.0,116771.0,116771.0,116771.0,0
20130515T,113832.0,113832.0,113832.0,113832.0,0
20130516T,115491.0,115491.0,115491.0,115491.0,0
20130517T,120154.0,120154.0,120154.0,120154.0,0
20130520T,123993.0,123993.0,123993.0,123993.0,0
20130521T,127785.0,127785.0,127785.0,127785.0,0
20130522T,135411.0,135411.0,135411.0,135411.0,0
20130523T,142729.0,142729.0,142729.0,142729.0,0
20130524T,142932.0,142932.0,142932.0,142932.0,0
20130527T,145549.0,145549.0,145549.0,145549.0,0
20130528T,146480.0,146480.0,146480.0,146480.0,0
20130529T,148076.0,148076.0,148076.0,148076.0,0
20130530T,37344.0,37344.0,37344.0,37344.0,0
20130531T,54477.0,54477.0,54477.0,54477.0,0
20130603T,64133.0,64133.0,64133.0,64133.0,0
20130604T,71853.0,71853.0,71853.0,71853.0,0
20130605T,76966.0,76966.0,76966.0,76966.0,0
20130606T,82637.0,82637.0,82637.0,82637.0,0
20130607T,89861.0,89861.0,89861.0,89861.0,0
20130610T,96721.0,96721.0,96721.0,96721.0,0
20130611T,103273.0,103273.0,103273.0,103273.0,0
20130612T,108160.0,108160.0,108160.0,108160.0,0
20130613T,113444.0,113444.0,113444.0,113444.0,0
20130614T,114313.0,114313.0,114313.0,114313.0,0
20130617T,117693.0,117693.0,117693.0,117693.0,0
20130618T,119289.0,119289.0,119289.0,119289.0,0
20130619T,121189.0,121189.0,121189.0,121189.0,0
20130620T,125988.0,125988.0,125988.0,125988.0,0
20130621T,126820.0,126820.0,126820.0,126820.0,0
20130624T,130288.0,130288.0,130288.0,130288.0,0
20130625T,129900.0,129900.0,129900.0,129900.0,0
20130626T,129806.0,129806.0,129806.0,129806.0,0
20130627T,31390.0,31390.0,31390.0,31390.0,0
20130628T,45433.0,45433.0,45433.0,45433.0,0
20130701T,52973.0,52973.0,52973.0,52973.0,0
20130702T,61404.0,61404.0,61404.0,61404.0,0
20130703T,70589.0,70589.0,70589.0,70589.0,0
20130704T,78444.0,78444.0,78444.0,78444.0,0
20130705T,83091.0,83091.0,83091.0,83091.0,0
20130708T,90742.0,90742.0,90742.0,90742.0,0
20130709T,98205.0,98205.0,98205.0,98205.0,0
20130710T,107810.0,107810.0,107810.0,107810.0,0
20130711T,136586.0,136586.0,136586.0,136586.0,0
20130712T,121281.0,121281.0,121281.0,121281.0,0
20130715T,119528.0,119528.0,119528.0,119528.0,0
20130716T,122722.0,122722.0,122722.0,122722.0,0
20130717T,126379.0,126379.0,126379.0,126379.0,0
20130718T,128190.0,128190.0,128190.0,128190.0,0
20130719T,132821.0,132821.0,132821.0,132821.0,0
20130722T,130172.0,130172.0,130172.0,130172.0,0
20130723T,125240.0,125240.0,125240.0,125240.0,0
20130724T,128550.0,128550.0,128550.0,128550.0,0
20130725T,34436.0,34436.0,34436.0,34436.0,0
20130726T,48860.0,48860.0,48860.0,48860.0,0
20130729T,57833.0,57833.0,57833.0,57833.0,0
20130730T,66168.0,66168.0,66168.0,66168.0,0
20130731T,73753.0,73753.0,73753.0,73753.0,0
20130801T,80149.0,80149.0,80149.0,80149.0,0
20130802T,84384.0,84384.0,84384.0,84384.0,0
20130805T,89019.0,89019.0,89019.0,89019.0,0
20130806T,92140.0,92140.0,92140.0,92140.0,0
20130807T,97002.0,97002.0,97002.0,97002.0,0
20130808T,102194.0,102194.0,102194.0,102194.0,0
20130812T,109010.0,109010.0,109010.0,109010.0,0
20130813T,111982.0,111982.0,111982.0,111982.0,0
20130814T,115207.0,115207.0,115207.0,115207.0,0
20130816T,114463.0,114463.0,114463.0,114463.0,0
20130819T,118989.0,118989.0,118989.0,118989.0,0
20130820T,122212.0,122212.0,122212.0,122212.0,0
20130821T,120474.0,120474.0,120474.0,120474.0,0
20130822T,0.0,0.0,0.0,0.0,0
20130823T,125496.0,125496.0,125496.0,125496.0,0
20130826T,128497.0,128497.0,128497.0,128497.0,0
20130827T,129735.0,129735.0,129735.0,129735.0,0
20130828T,129977.0,129977.0,129977.0,129977.0,0
20130829T,29903.0,29903.0,29903.0,29903.0,0
20130830T,41431.0,41431.0,41431.0,41431.0,0
20130902T,50410.0,50410.0,50410.0,50410.0,0
20130903T,56138.0,56138.0,56138.0,56138.0,0
20130904T,63682.0,63682.0,63682.0,63682.0,0
20130905T,65492.0,65492.0,65492.0,65492.0,0
20130906T,70537.0,70537.0,70537.0,70537.0,0
20130910T,73406.0,73406.0,73406.0,73406.0,0
20130911T,77553.0,77553.0,77553.0,77553.0,0
20130912T,83830.0,83830.0,83830.0,83830.0,0
20130913T,87972.0,87972.0,87972.0,87972.0,0
20130916T,91816.0,91816.0,91816.0,91816.0,0
20130917T,95289.0,95289.0,95289.0,95289.0,0
20130918T,96253.0,96253.0,96253.0,96253.0,0
20130919T,93429.0,93429.0,93429.0,93429.0,0
20130920T,96985.0,96985.0,96985.0,96985.0,0
20130923T,101090.0,101090.0,101090.0,101090.0,0
20130924T,102808.0,102808.0,102808.0,102808.0,0
20130925T,104115.0,104115.0,104115.0,104115.0,0
20130926T,32720.0,32720.0,32720.0,32720.0,0
20130927T,47539.0,47539.0,47539.0,47539.0,0
20130930T,55641.0,55641.0,55641.0,55641.0,0
20131001T,61036.0,61036.0,61036.0,61036.0,0
20131003T,67426.0,67426.0,67426.0,67426.0,0
20131004T,72402.0,72402.0,72402.0,72402.0,0
20131007T,79092.0,79092.0,79092.0,79092.0,0
20131008T,84539.0,84539.0,84539.0,84539.0,0
20131010T,108182.0,108182.0,108182.0,108182.0,0
20131011T,100628.0,100628.0,100628.0,100628.0,0
20131014T,108431.0,108431.0,108431.0,108431.0,0
20131015T,109633.0,109633.0,109633.0,109633.0,0
20131017T,114206.0,114206.0,114206.0,114206.0,0
20131018T,113268.0,113268.0,113268.0,113268.0,0
20131021T,115324.0,115324.0,115324.0,115324.0,0
20131022T,118553.0,118553.0,118553.0,118553.0,0
20131023T,118381.0,118381.0,118381.0,118381.0,0
20131024T,118556.0,118556.0,118556.0,118556.0,0
20131025T,120214.0,120214.0,120214.0,120214.0,0
20131028T,120168.0,120168.0,120168.0,120168.0,0
20131029T,117880.0,117880.0,117880.0,117880.0,0
20131030T,118296.0,118296.0,118296.0,118296.0,0
20131031T,38230.0,38230.0,38230.0,38230.0,0
20131101T,55425.0,55425.0,55425.0,55425.0,0
20131105T,66986.0,66986.0,66986.0,66986.0,0
20131106T,73790.0,73790.0,73790.0,73790.0,0
20131107T,82313.0,82313.0,82313.0,82313.0,0
20131108T,90444.0,90444.0,90444.0,90444.0,0
20131111T,98220.0,98220.0,98220.0,98220.0,0
20131112T,106154.0,106154.0,106154.0,106154.0,0
20131113T,112525.0,112525.0,112525.0,112525.0,0
20131114T,112331.0,112331.0,112331.0,112331.0,0
20131118T,110626.0,110626.0,110626.0,110626.0,0
20131119T,113260.0,113260.0,113260.0,113260.0,0
20131120T,116556.0,116556.0,116556.0,116556.0,0
20131121T,114464.0,114464.0,114464.0,114464.0,0
20131122T,120094.0,120094.0,120094.0,120094.0,0
20131125T,119918.0,119918.0,119918.0,119918.0,0
20131126T,121423.0,121423.0,121423.0,121423.0,0
20131127T,123073.0,123073.0,123073.0,123073.0,0
20131128T,34222.0,34222.0,34222.0,34222.0,0
20131129T,49605.0,49605.0,49605.0,49605.0,0
20131202T,59165.0,59165.0,59165.0,59165.0,0
20131203T,65539.0,65539.0,65539.0,65539.0,0
20131204T,71906.0,71906.0,71906.0,71906.0,0
20131205T,80805.0,80805.0,80805.0,80805.0,0
20131206T,87108.0,87108.0,87108.0,87108.0,0
20131209T,94372.0,94372.0,94372.0,94372.0,0
20131210T,102120.0,102120.0,102120.0,102120.0,0
20131211T,107640.0,107640.0,107640.0,107640.0,0
20131212T,115006.0,115006.0,115006.0,115006.0,0
20131213T,118831.0,118831.0,118831.0,118831.0,0
20131216T,122574.0,122574.0,122574.0,122574.0,0
20131217T,124634.0,124634.0,124634.0,124634.0,0
20131218T,125718.0,125718.0,125718.0,125718.0,0
20131219T,126174.0,126174.0,126174.0,126174.0,0
20131220T,124784.0,124784.0,124784.0,124784.0,0
20131223T,122013.0,122013.0,122013.0,122013.0,0
20131224T,120800.0,120800.0,120800.0,120800.0,0
20131226T,35983.0,35983.0,35983.0,35983.0,0
20131227T,50329.0,50329.0,50329.0,50329.0,0
20131230T,58210.0,58210.0,58210.0,58210.0,0
20131231T,65604.0,65604.0,65604.0,65604.0,0
20140101T,71153.0,71153.0,71153.0,71153.0,0
20140102T,76982.0,76982.0,76982.0,76982.0,0
20140103T,89100.0,89100.0,89100.0,89100.0,0
20140106T,99104.0,99104.0,99104.0,99104.0,0
20140107T,107199.0,107199.0,107199.0,107199.0,0
20140108T,115140.0,115140.0,115140.0,115140.0,0
20140109T,130825.0,130825.0,130825.0,130825.0,0
20140110T,128873.0,128873.0,128873.0,128873.0,0
20140113T,131195.0,131195.0,131195.0,131195.0,0
20140114T,137095.0,137095.0,137095.0,137095.0,0
20140115T,140754.0,140754.0,140754.0,140754.0,0
20140116T,147903.0,147903.0,147903.0,147903.0,0
20140117T,150688.0,150688.0,150688.0,150688.0,0
20140120T,150357.0,150357.0,150357.0,150357.0,0
20140121T,151654.0,151654.0,151654.0,151654.0,0
20140122T,154598.0,154598.0,154598.0,154598.0,0
20140123T,156273.0,156273.0,156273.0,156273.0,0
20140124T,158195.0,158195.0,158195.0,158195.0,0
20140127T,158780.0,158780.0,158780.0,158780.0,0
20140128T,160137.0,160137.0,160137.0,160137.0,0
20140129T,162376.0,162376.0,162376.0,162376.0,0
20140130T,41795.0,41795.0,41795.0,41795.0,0
20140131T,55829.0,55829.0,55829.0,55829.0,0
20140203T,66322.0,66322.0,66322.0,66322.0,0
20140204T,74315.0,74315.0,74315.0,74315.0,0
20140205T,80665.0,80665.0,80665.0,80665.0,0
20140206T,87957.0,87957.0,87957.0,87957.0,0
20140207T,92795.0,92795.0,92795.0,92795.0,0
20140210T,100872.0,100872.0,100872.0,100872.0,0
20140211T,108101.0,108101.0,108101.0,108101.0,0
20140212T,110882.0,110882.0,110882.0,110882.0,0
20140213T,114842.0,114842.0,114842.0,114842.0,0
20140214T,118869.0,118869.0,118869.0,118869.0,0
20140217T,122826.0,122826.0,122826.0,122826.0,0
20140218T,125626.0,125626.0,125626.0,125626.0,0
20140219T,127474.0,127474.0,127474.0,127474.0,0
20140220T,130227.0,130227.0,130227.0,130227.0,0
20140221T,130701.0,130701.0,130701.0,130701.0,0
20140225T,134750.0,134750.0,134750.0,134750.0,0
20140226T,42591.0,42591.0,42591.0,42591.0,0
20140228T,60410.0,60410.0,60410.0,60410.0,0
20140303T,70954.0,70954.0,70954.0,70954.0,0
20140304T,79254.0,79254.0,79254.0,79254.0,0
20140305T,88018.0,88018.0,88018.0,88018.0,0
20140306T,96182.0,96182.0,96182.0,96182.0,0
20140307T,98139.0,98139.0,98139.0,98139.0,0
20140310T,105318.0,105318.0,105318.0,105318.0,0
20140311T,113826.0,113826.0,113826.0,113826.0,0
20140312T,119638.0,119638.0,119638.0,119638.0,0
20140313T,127112.0,127112.0,127112.0,127112.0,0
20140314T,130929.0,130929.0,130929.0,130929.0,0
20140318T,132861.0,132861.0,132861.0,132861.0,0
20140319T,135672.0,135672.0,135672.0,135672.0,0
20140320T,140148.0,140148.0,140148.0,140148.0,0
20140321T,140436.0,140436.0,140436.0,140436.0,0
20140324T,138593.0,138593.0,138593.0,138593.0,0
20140325T,136605.0,136605.0,136605.0,136605.0,0
20140326T,134014.0,134014.0,134014.0,134014.0,0
20140327T,42885.0,42885.0,42885.0,42885.0,0
20140328T,61417.0,61417.0,61417.0,61417.0,0
20140331T,72677.0,72677.0,72677.0,72677.0,0
20140401T,83618.0,83618.0,83618.0,83618.0,0
20140402T,90105.0,90105.0,90105.0,90105.0,0
20140403T,98001.0,98001.0,98001.0,98001.0,0
20140404T,104415.0,104415.0,104415.0,104415.0,0
20140407T,110619.0,110619.0,110619.0,110619.0,0
20140409T,114719.0,114719.0,114719.0,114719.0,0
20140410T,118949.0,118949.0,118949.0,118949.0,0
20140411T,134626.0,134626.0,134626.0,134626.0,0
20140415T,142262.0,142262.0,142262.0,142262.0,0
20140416T,149593.0,149593.0,149593.0,149593.0,0
20140417T,147819.0,147819.0,147819.0,147819.0,0
20140421T,146000.0,146000.0,146000.0,146000.0,0
20140422T,147713.0,147713.0,147713.0,147713.0,0
20140423T,45938.0,45938.0,45938.0,45938.0,0
20140425T,62870.0,62870.0,62870.0,62870.0,0
20140428T,74251.0,74251.0,74251.0,74251.0,0
20140429T,82718.0,82718.0,82718.0,82718.0,0
20140430T,89045.0,89045.0,89045.0,89045.0,0
20140502T,94771.0,94771.0,94771.0,94771.0,0
20140505T,99320.0,99320.0,99320.0,99320.0,0
20140506T,107504.0,107504.0,107504.0,107504.0,0
20140507T,113250.0,113250.0,113250.0,113250.0,0
20140508T,118273.0,118273.0,118273.0,118273.0,0
20140509T,125924.0,125924.0,125924.0,125924.0,0
20140512T,136066.0,136066.0,136066.0,136066.0,0
20140513T,139929.0,139929.0,139929.0,139929.0,0
20140514T,145177.0,145177.0,145177.0,145177.0,0
20140515T,156336.0,156336.0,156336.0,156336.0,0
20140516T,152361.0,152361.0,152361.0,152361.0,0
20140519T,155513.0,155513.0,155513.0,155513.0,0
20140520T,162181.0,162181.0,162181.0,162181.0,0
20140521T,166095.0,166095.0,166095.0,166095.0,0
20140522T,170901.0,170901.0,170901.0,170901.0,0
20140523T,169986.0,169986.0,169986.0,169986.0,0
20140526T,173062.0,173062.0,173062.0,173062.0,0
20140527T,179196.0,179196.0,179196.0,179196.0,0
20140528T,179701.0,179701.0,179701.0,179701.0,0
20140529T,45018.0,45018.0,45018.0,45018.0,0
20140530T,65948.0,65948.0,65948.0,65948.0,0
20140602T,78702.0,78702.0,78702.0,78702.0,0
20140603T,89145.0,89145.0,89145.0,89145.0,0
20140604T,100179.0,100179.0,100179.0,100179.0,0
20140605T,108945.0,108945.0,108945.0,108945.0,0
20140606T,116085.0,116085.0,116085.0,116085.0,0
20140609T,122080.0,122080.0,122080.0,122080.0,0
20140610T,129998.0,129998.0,129998.0,129998.0,0
20140611T,140676.0,140676.0,140676.0,140676.0,0
20140612T,150956.0,150956.0,150956.0,150956.0,0
20140613T,160664.0,160664.0,160664.0,160664.0,0
20140616T,168909.0,168909.0,168909.0,168909.0,0
20140617T,172360.0,172360.0,172360.0,172360.0,0
20140618T,180078.0,180078.0,180078.0,180078.0,0
20140619T,182417.0,182417.0,182417.0,182417.0,0
20140620T,183376.0,183376.0,183376.0,183376.0,0
20140623T,184882.0,184882.0,184882.0,184882.0,0
20140624T,180919.0,180919.0,180919.0,180919.0,0
20140625T,182590.0,182590.0,182590.0,182590.0,0
20140626T,55950.0,55950.0,55950.0,55950.0,0
20140627T,74216.0,74216.0,74216.0,74216.0,0
20140630T,86156.0,86156.0,86156.0,86156.0,0
20140701T,96616.0,96616.0,96616.0,96616.0,0
20140702T,105016.0,105016.0,105016.0,105016.0,0
20140703T,112743.0,112743.0,112743.0,112743.0,0
20140704T,118585.0,118585.0,118585.0,118585.0,0
20140707T,125230.0,125230.0,125230.0,125230.0,0
20140708T,131960.0,131960.0,131960.0,131960.0,0
20140709T,140295.0,140295.0,140295.0,140295.0,0
20140710T,148821.0,148821.0,148821.0,148821.0,0
20140711T,152253.0,152253.0,152253.0,152253.0,0
20140714T,156845.0,156845.0,156845.0,156845.0,0
20140715T,159934.0,159934.0,159934.0,159934.0,0
20140716T,162314.0,162314.0,162314.0,162314.0,0
20140718T,172019.0,172019.0,172019.0,172019.0,0
20140721T,176787.0,176787.0,176787.0,176787.0,0
20140722T,176776.0,176776.0,176776.0,176776.0,0
20140723T,177626.0,177626.0,177626.0,177626.0,0
20140724T,180656.0,180656.0,180656.0,180656.0,0
20140725T,180969.0,180969.0,180969.0,180969.0,0
20140728T,183956.0,183956.0,183956.0,183956.0,0
20140730T,185232.0,185232.0,185232.0,185232.0,0
20140731T,44782.0,44782.0,44782.0,44782.0,0
20140801T,70346.0,70346.0,70346.0,70346.0,0
20140804T,83183.0,83183.0,83183.0,83183.0,0
20140805T,94646.0,94646.0,94646.0,94646.0,0
20140806T,105668.0,105668.0,105668.0,105668.0,0
20140807T,113163.0,113163.0,113163.0,113163.0,0
20140808T,121954.0,121954.0,121954.0,121954.0,0
20140811T,131425.0,131425.0,131425.0,131425.0,0
20140812T,135949.0,135949.0,135949.0,135949.0,0
20140813T,146111.0,146111.0,146111.0,146111.0,0
20140814T,149705.0,149705.0,149705.0,149705.0,0
20140818T,148436.0,148436.0,148436.0,148436.0,0
20140819T,150452.0,150452.0,150452.0,150452.0,0
20140820T,154405.0,154405.0,154405.0,154405.0,0
20140821T,160548.0,160548.0,160548.0,160548.0,0
20140822T,164481.0,164481.0,164481.0,164481.0,0
20140825T,162166.0,162166.0,162166.0,162166.0,0
20140826T,163064.0,163064.0,163064.0,163064.0,0
20140827T,164782.0,164782.0,164782.0,164782.0,0
20140828T,51622.0,51622.0,51622.0,51622.0,0
20140901T,72439.0,72439.0,72439.0,72439.0,0
20140902T,86452.0,86452.0,86452.0,86452.0,0
20140903T,96384.0,96384.0,96384.0,96384.0,0
20140904T,109304.0,109304.0,109304.0,109304.0,0
20140905T,117461.0,117461.0,117461.0,117461.0,0
20140908T,123034.0,123034.0,123034.0,123034.0,0
20140909T,129494.0,129494.0,129494.0,129494.0,0
20140910T,136955.0,136955.0,136955.0,136955.0,0
20140911T,144248.0,144248.0,144248.0,144248.0,0
20140912T,151557.0,151557.0,151557.0,151557.0,0
20140915T,157723.0,157723.0,157723.0,157723.0,0
20140916T,163168.0,163168.0,163168.0,163168.0,0
20140917T,162781.0,162781.0,162781.0,162781.0,0
20140918T,157583.0,157583.0,157583.0,157583.0,0
20140919T,160739.0,160739.0,160739.0,160739.0,0
20140922T,165104.0,165104.0,165104.0,165104.0,0
20140923T,164919.0,164919.0,164919.0,164919.0,0
20140924T,165838.0,165838.0,165838.0,165838.0,0
20140925T,53750.0,53750.0,53750.0,53750.0,0
20140926T,74206.0,74206.0,74206.0,74206.0,0
20140929T,88977.0,88977.0,88977.0,88977.0,0
20140930T,100825.0,100825.0,100825.0,100825.0,0
20141001T,111060.0,111060.0,111060.0,111060.0,0
20141007T,120920.0,120920.0,120920.0,120920.0,0
20141008T,130672.0,130672.0,130672.0,130672.0,0
20141009T,144666.0,144666.0,144666.0,144666.0,0
20141010T,150188.0,150188.0,150188.0,150188.0,0
20141013T,158725.0,158725.0,158725.0,158725.0,0
20141014T,165410.0,165410.0,165410.0,165410.0,0
20141016T,176708.0,176708.0,176708.0,176708.0,0
20141017T,181081.0,181081.0,181081.0,181081.0,0
20141020T,180925.0,180925.0,180925.0,180925.0,0
20141021T,180738.0,180738.0,180738.0,180738.0,0
20141022T,180673.0,180673.0,180673.0,180673.0,0
20141023T,181475.0,181475.0,181475.0,181475.0,0
20141027T,181580.0,181580.0,181580.0,181580.0,0
20141028T,181752.0,181752.0,181752.0,181752.0,0
20141029T,180156.0,180156.0,180156.0,180156.0,0
20141030T,68180.0,68180.0,68180.0,68180.0,0
20141031T,100279.0,100279.0,100279.0,100279.0,0
20141103T,115344.0,115344.0,115344.0,115344.0,0
20141105T,127837.0,127837.0,127837.0,127837.0,0
20141107T,143506.0,143506.0,143506.0,143506.0,0
20141110T,154582.0,154582.0,154582.0,154582.0,0
20141111T,164474.0,164474.0,164474.0,164474.0,0
20141112T,175619.0,175619.0,175619.0,175619.0,0
20141113T,185501.0,185501.0,185501.0,185501.0,0
20141114T,193669.0,193669.0,193669.0,193669.0,0
20141117T,197432.0,197432.0,197432.0,197432.0,0
20141118T,200715.0,200715.0,200715.0,200715.0,0
20141119T,211587.0,211587.0,211587.0,211587.0,0
20141120T,219703.0,219703.0,219703.0,219703.0,0
20141121T,216334.0,216334.0,216334.0,216334.0,0
20141124T,216074.0,216074.0,216074.0,216074.0,0
20141125T,217057.0,217057.0,217057.0,217057.0,0
20141126T,219554.0,219554.0,219554.0,219554.0,0
20141127T,65806.0,65806.0,65806.0,65806.0,0
20141128T,94601.0,94601.0,94601.0,94601.0,0
20141201T,111731.0,111731.0,111731.0,111731.0,0
20141202T,127494.0,127494.0,127494.0,127494.0,0
20141203T,143962.0,143962.0,143962.0,143962.0,0
20141204T,155182.0,155182.0,155182.0,155182.0,0
20141205T,165863.0,165863.0,165863.0,165863.0,0
20141208T,180839.0,180839.0,180839.0,180839.0,0
20141209T,193221.0,193221.0,193221.0,193221.0,0
20141210T,202103.0,202103.0,202103.0,202103.0,0
20141211T,210050.0,210050.0,210050.0,210050.0,0
20141212T,218770.0,218770.0,218770.0,218770.0,0
20141215T,226862.0,226862.0,226862.0,226862.0,0
20141216T,226551.0,226551.0,226551.0,226551.0,0
20141217T,225592.0,225592.0,225592.0,225592.0,0
20141218T,224133.0,224133.0,224133.0,224133.0,0
20141219T,220757.0,220757.0,220757.0,220757.0,0
20141222T,219975.0,219975.0,219975.0,219975.0,0
20141223T,216563.0,216563.0,216563.0,216563.0,0
20141224T,56016.0,56016.0,56016.0,56016.0,0
20141226T,76362.0,76362.0,76362.0,76362.0,0
20141229T,89589.0,89589.0,89589.0,89589.0,0
20141230T,97286.0,97286.0,97286.0,97286.0,0
20141231T,106569.0,106569.0,106569.0,106569.0,0
20150101T,112769.0,112769.0,112769.0,112769.0,0
20150102T,121252.0,121252.0,121252.0,121252.0,0
20150105T,129099.0,129099.0,129099.0,129099.0,0
20150106T,138431.0,138431.0,138431.0,138431.0,0
20150107T,147354.0,147354.0,147354.0,147354.0,0
20150108T,158058.0,158058.0,158058.0,158058.0,0
20150109T,166264.0,166264.0,166264.0,166264.0,0
20150112T,172318.0,172318.0,172318.0,172318.0,0
20150113T,179798.0,179798.0,179798.0,179798.0,0
20150114T,189319.0,189319.0,189319.0,189319.0,0
20150115T,190546.0,190546.0,190546.0,190546.0,0
20150116T,194979.0,194979.0,194979.0,194979.0,0
20150119T,200240.0,200240.0,200240.0,200240.0,0
20150120T,197101.0,197101.0,197101.0,197101.0,0
20150121T,203011.0,203011.0,203011.0,203011.0,0
20150122T,207302.0,207302.0,207302.0,207302.0,0
20150123T,205005.0,205005.0,205005.0,205005.0,0
20150127T,204009.0,204009.0,204009.0,204009.0,0
20150128T,195005.0,195005.0,195005.0,195005.0,0
20150129T,65909.0,65909.0,65909.0,65909.0,0
20150130T,94795.0,94795.0,94795.0,94795.0,0
20150202T,115700.0,115700.0,115700.0,115700.0,0
20150203T,136385.0,136385.0,136385.0,136385.0,0
20150204T,150736.0,150736.0,150736.0,150736.0,0
20150205T,161012.0,161012.0,161012.0,161012.0,0
20150206T,172746.0,172746.0,172746.0,172746.0,0
20150209T,180328.0,180328.0,180328.0,180328.0,0
20150210T,186546.0,186546.0,186546.0,186546.0,0
20150211T,195612.0,195612.0,195612.0,195612.0,0
20150212T,202748.0,202748.0,202748.0,202748.0,0
20150213T,203877.0,203877.0,203877.0,203877.0,0
20150216T,210348.0,210348.0,210348.0,210348.0,0
20150218T,217276.0,217276.0,217276.0,217276.0,0
20150219T,220047.0,220047.0,220047.0,220047.0,0
20150220T,222552.0,222552.0,222552.0,222552.0,0
20150223T,224332.0,224332.0,224332.0,224332.0,0
20150224T,221427.0,221427.0,221427.0,221427.0,0
20150225T,217293.0,217293.0,217293.0,217293.0,0
20150226T,53909.0,53909.0,53909.0,53909.0,0
20150227T,91918.0,91918.0,91918.0,91918.0,0
20150302T,132787.0,132787.0,132787.0,132787.0,0
20150303T,149140.0,149140.0,149140.0,149140.0,0
20150304T,165804.0,165804.0,165804.0,165804.0,0
20150305T,178497.0,178497.0,178497.0,178497.0,0
20150309T,188840.0,188840.0,188840.0,188840.0,0
20150310T,195999.0,195999.0,195999.0,195999.0,0
20150311T,201446.0,201446.0,201446.0,201446.0,0
20150312T,207239.0,207239.0,207239.0,207239.0,0
20150313T,211651.0,211651.0,211651.0,211651.0,0
20150316T,217189.0,217189.0,217189.0,217189.0,0
20150317T,214812.0,214812.0,214812.0,214812.0,0
20150318T,217255.0,217255.0,217255.0,217255.0,0
20150319T,218203.0,218203.0,218203.0,218203.0,0
20150320T,213096.0,213096.0,213096.0,213096.0,0
20150323T,211676.0,211676.0,211676.0,211676.0,0
20150324T,210418.0,210418.0,210418.0,210418.0,0
20150325T,211420.0,211420.0,211420.0,211420.0,0
20150326T,51438.0,51438.0,51438.0,51438.0,0
20150327T,71552.0,71552.0,71552.0,71552.0,0
20150330T,86668.0,86668.0,86668.0,86668.0,0
20150331T,96649.0,96649.0,96649.0,96649.0,0
20150401T,105184.0,105184.0,105184.0,105184.0,0
20150406T,115519.0,115519.0,115519.0,115519.0,0
20150407T,125817.0,125817.0,125817.0,125817.0,0
20150408T,137943.0,137943.0,137943.0,137943.0,0
20150409T,143791.0,143791.0,143791.0,143791.0,0
20150410T,156421.0,156421.0,156421.0,156421.0,0
20150413T,165497.0,165497.0,165497.0,165497.0,0
20150415T,174553.0,174553.0,174553.0,174553.0,0
20150416T,187645.0,187645.0,187645.0,187645.0,0
20150417T,197867.0,197867.0,197867.0,197867.0,0
20150420T,203963.0,203963.0,203963.0,203963.0,0
20150421T,209267.0,209267.0,209267.0,209267.0,0
20150422T,210278.0,210278.0,210278.0,210278.0,0
20150423T,217328.0,217328.0,217328.0,217328.0,0
20150424T,214345.0,214345.0,214345.0,214345.0,0
20150427T,215635.0,215635.0,215635.0,215635.0,0
20150428T,213110.0,213110.0,213110.0,213110.0,0
20150429T,217353.0,217353.0,217353.0,217353.0,0
20150430T,76098.0,76098.0,76098.0,76098.0,0
20150504T,101405.0,101405.0,101405.0,101405.0,0
20150505T,124955.0,124955.0,124955.0,124955.0,0
20150506T,140711.0,140711.0,140711.0,140711.0,0
20150507T,153674.0,153674.0,153674.0,153674.0,0
20150508T,161144.0,161144.0,161144.0,161144.0,0
20150511T,168852.0,168852.0,168852.0,168852.0,0
20150512T,180900.0,180900.0,180900.0,180900.0,0
20150513T,188288.0,188288.0,188288.0,188288.0,0
20150514T,197721.0,197721.0,197721.0,197721.0,0
20150515T,206038.0,206038.0,206038.0,206038.0,0
20150518T,210896.0,210896.0,210896.0,210896.0,0
20150519T,213232.0,213232.0,213232.0,213232.0,0
20150520T,219350.0,219350.0,219350.0,219350.0,0
20150521T,226301.0,226301.0,226301.0,226301.0,0
20150522T,227449.0,227449.0,227449.0,227449.0,0
20150525T,227057.0,227057.0,227057.0,227057.0,0
20150526T,232108.0,232108.0,232108.0,232108.0,0
20150527T,234089.0,234089.0,234089.0,234089.0,0
20150528T,75101.0,75101.0,75101.0,75101.0,0
20150529T,107985.0,107985.0,107985.0,107985.0,0
20150601T,128337.0,128337.0,128337.0,128337.0,0
20150602T,140144.0,140144.0,140144.0,140144.0,0
20150603T,156545.0,156545.0,156545.0,156545.0,0
20150604T,170855.0,170855.0,170855.0,170855.0,0
20150605T,183155.0,183155.0,183155.0,183155.0,0
20150608T,191628.0,191628.0,191628.0,191628.0,0
20150609T,198156.0,198156.0,198156.0,198156.0,0
20150610T,204141.0,204141.0,204141.0,204141.0,0
20150611T,211004.0,211004.0,211004.0,211004.0,0
20150612T,215666.0,215666.0,215666.0,215666.0,0
20150615T,219077.0,219077.0,219077.0,219077.0,0
20150616T,217909.0,217909.0,217909.0,217909.0,0
20150617T,219479.0,219479.0,219479.0,219479.0,0
20150618T,224471.0,224471.0,224471.0,224471.0,0
20150619T,225548.0,225548.0,225548.0,225548.0,0
20150622T,217592.0,217592.0,217592.0,217592.0,0
20150623T,218745.0,218745.0,218745.0,218745.0,0
20150624T,215432.0,215432.0,215432.0,215432.0,0
20150625T,67206.0,67206.0,67206.0,67206.0,0
20150626T,95000.0,95000.0,95000.0,95000.0,0
20150629T,111283.0,111283.0,111283.0,111283.0,0
20150630T,121826.0,121826.0,121826.0,121826.0,0
20150701T,131810.0,131810.0,131810.0,131810.0,0
20150702T,143483.0,143483.0,143483.0,143483.0,0
20150703T,153241.0,153241.0,153241.0,153241.0,0
20150706T,161027.0,161027.0,161027.0,161027.0,0
20150707T,169784.0,169784.0,169784.0,169784.0,0
20150708T,185103.0,185103.0,185103.0,185103.0,0
20150709T,197702.0,197702.0,197702.0,197702.0,0
20150710T,204699.0,204699.0,204699.0,204699.0,0
20150713T,210048.0,210048.0,210048.0,210048.0,0
20150714T,216539.0,216539.0,216539.0,216539.0,0
20150715T,220678.0,220678.0,220678.0,220678.0,0
20150716T,222059.0,222059.0,222059.0,222059.0,0
20150717T,229005.0,229005.0,229005.0,229005.0,0
20150720T,236222.0,236222.0,236222.0,236222.0,0
20150721T,242017.0,242017.0,242017.0,242017.0,0
20150722T,245354.0,245354.0,245354.0,245354.0,0
20150723T,258540.0,258540.0,258540.0,258540.0,0
20150724T,266177.0,266177.0,266177.0,266177.0,0
20150727T,267166.0,267166.0,267166.0,267166.0,0
20150728T,268851.0,268851.0,268851.0,268851.0,0
20150729T,264658.0,264658.0,264658.0,264658.0,0
20150730T,78292.0,78292.0,78292.0,78292.0,0
20150731T,110467.0,110467.0,110467.0,110467.0,0
20150803T,131819.0,131819.0,131819.0,131819.0,0
20150804T,148993.0,148993.0,148993.0,148993.0,0
20150805T,162974.0,162974.0,162974.0,162974.0,0
20150806T,175088.0,175088.0,175088.0,175088.0,0
20150807T,190394.0,190394.0,190394.0,190394.0,0
20150810T,202297.0,202297.0,202297.0,202297.0,0
20150811T,218977.0,218977.0,218977.0,218977.0,0
20150812T,225894.0,225894.0,225894.0,225894.0,0
20150813T,237410.0,237410.0,237410.0,237410.0,0
20150814T,241047.0,241047.0,241047.0,241047.0,0
20150817T,247970.0,247970.0,247970.0,247970.0,0
20150818T,256332.0,256332.0,256332.0,256332.0,0
20150819T,264153.0,264153.0,264153.0,264153.0,0
20150820T,269764.0,269764.0,269764.0,269764.0,0
20150821T,271801.0,271801.0,271801.0,271801.0,0
20150824T,253975.0,253975.0,253975.0,253975.0,0
20150825T,247682.0,247682.0,247682.0,247682.0,0
20150826T,253841.0,253841.0,253841.0,253841.0,0
20150827T,78062.0,78062.0,78062.0,78062.0,0
20150828T,100237.0,100237.0,100237.0,100237.0,0
20150831T,119072.0,119072.0,119072.0,119072.0,0
20150901T,134472.0,134472.0,134472.0,134472.0,0
20150902T,146743.0,146743.0,146743.0,146743.0,0
20150903T,156365.0,156365.0,156365.0,156365.0,0
20150904T,162679.0,162679.0,162679.0,162679.0,0
20150907T,172618.0,172618.0,172618.0,172618.0,0
20150908T,174327.0,174327.0,174327.0,174327.0,0
20150909T,177739.0,177739.0,177739.0,177739.0,0
20150910T,184554.0,184554.0,184554.0,184554.0,0
20150911T,189580.0,189580.0,189580.0,189580.0,0
20150914T,191421.0,191421.0,191421.0,191421.0,0
20150915T,198699.0,198699.0,198699.0,198699.0,0
20150916T,200747.0,200747.0,200747.0,200747.0,0
20150918T,196373.0,196373.0,196373.0,196373.0,0
20150921T,197475.0,197475.0,197475.0,197475.0,0
20150922T,195672.0,195672.0,195672.0,195672.0,0
20150923T,197731.0,197731.0,197731.0,197731.0,0
20150924T,62762.0,62762.0,62762.0,62762.0,0
20150928T,94682.0,94682.0,94682.0,94682.0,0
20150929T,117827.0,117827.0,117827.0,117827.0,0
20150930T,128017.0,128017.0,128017.0,128017.0,0
20151001T,144254.0,144254.0,144254.0,144254.0,0
20151005T,153966.0,153966.0,153966.0,153966.0,0
20151006T,165546.0,165546.0,165546.0,165546.0,0
20151007T,178755.0,178755.0,178755.0,178755.0,0
20151008T,191668.0,191668.0,191668.0,191668.0,0
20151009T,208836.0,208836.0,208836.0,208836.0,0
20151012T,218308.0,218308.0,218308.0,218308.0,0
20151013T,228456.0,228456.0,228456.0,228456.0,0
20151014T,239053.0,239053.0,239053.0,239053.0,0
20151015T,240160.0,240160.0,240160.0,240160.0,0
20151016T,241167.0,241167.0,241167.0,241167.0,0
20151019T,246089.0,246089.0,246089.0,246089.0,0
20151020T,246504.0,246504.0,246504.0,246504.0,0
20151021T,246152.0,246152.0,246152.0,246152.0,0
20151023T,240667.0,240667.0,240667.0,240667.0,0
20151026T,240029.0,240029.0,240029.0,240029.0,0
20151027T,237730.0,237730.0,237730.0,237730.0,0
20151028T,233565.0,233565.0,233565.0,233565.0,0
20151029T,45012.0,45012.0,45012.0,45012.0,0
20151030T,66875.0,66875.0,66875.0,66875.0,0
20151102T,80389.0,80389.0,80389.0,80389.0,0
20151103T,89895.0,89895.0,89895.0,89895.0,0
20151104T,97465.0,97465.0,97465.0,97465.0,0
20151105T,106487.0,106487.0,106487.0,106487.0,0
20151106T,113968.0,113968.0,113968.0,113968.0,0
20151109T,123345.0,123345.0,123345.0,123345.0,0
20151110T,131541.0,131541.0,131541.0,131541.0,0
20151111T,132337.0,132337.0,132337.0,132337.0,0
20151113T,137783.0,137783.0,137783.0,137783.0,0
20151116T,139482.0,139482.0,139482.0,139482.0,0
20151117T,144765.0,144765.0,144765.0,144765.0,0
20151118T,150697.0,150697.0,150697.0,150697.0,0
20151119T,150492.0,150492.0,150492.0,150492.0,0
20151120T,148511.0,148511.0,148511.0,148511.0,0
20151123T,148517.0,148517.0,148517.0,148517.0,0
20151124T,145648.0,145648.0,145648.0,145648.0,0
20151126T,38889.0,38889.0,38889.0,38889.0,0
20151127T,58288.0,58288.0,58288.0,58288.0,0
20151130T,69020.0,69020.0,69020.0,69020.0,0
20151201T,79939.0,79939.0,79939.0,79939.0,0
20151202T,87949.0,87949.0,87949.0,87949.0,0
20151203T,95280.0,95280.0,95280.0,95280.0,0
20151204T,101090.0,101090.0,101090.0,101090.0,0
20151207T,107341.0,107341.0,107341.0,107341.0,0
20151208T,113736.0,113736.0,113736.0,113736.0,0
20151209T,119068.0,119068.0,119068.0,119068.0,0
20151210T,123149.0,123149.0,123149.0,123149.0,0
20151211T,129251.0,129251.0,129251.0,129251.0,0
20151214T,132489.0,132489.0,132489.0,132489.0,0
20151215T,134971.0,134971.0,134971.0,134971.0,0
20151216T,136484.0,136484.0,136484.0,136484.0,0
20151217T,140797.0,140797.0,140797.0,140797.0,0
20151218T,147079.0,147079.0,147079.0,147079.0,0
20151221T,151459.0,151459.0,151459.0,151459.0,0
20151222T,152405.0,152405.0,152405.0,152405.0,0
20151223T,153943.0,153943.0,153943.0,153943.0,0
20151224T,154686.0,154686.0,154686.0,154686.0,0
20151228T,154310.0,154310.0,154310.0,154310.0,0
20151229T,154593.0,154593.0,154593.0,154593.0,0
20151230T,154376.0,154376.0,154376.0,154376.0,0
20151231T,44107.0,44107.0,44107.0,44107.0,0
20160101T,59234.0,59234.0,59234.0,59234.0,0
20160104T,74700.0,74700.0,74700.0,74700.0,0
20160105T,84937.0,84937.0,84937.0,84937.0,0
20160106T,94199.0,94199.0,94199.0,94199.0,0
20160107T,104365.0,104365.0,104365.0,104365.0,0
20160108T,112041.0,112041.0,112041.0,112041.0,0
20160111T,118300.0,118300.0,118300.0,118300.0,0
20160112T,128417.0,128417.0,128417.0,128417.0,0
20160113T,133340.0,133340.0,133340.0,133340.0,0
20160114T,142566.0,142566.0,142566.0,142566.0,0
20160115T,148330.0,148330.0,148330.0,148330.0,0
20160118T,154559.0,154559.0,154559.0,154559.0,0
20160119T,154849.0,154849.0,154849.0,154849.0,0
20160120T,156973.0,156973.0,156973.0,156973.0,0
20160121T,159013.0,159013.0,159013.0,159013.0,0
20160122T,153413.0,153413.0,153413.0,153413.0,0
20160125T,153467.0,153467.0,153467.0,153467.0,0
20160127T,154071.0,154071.0,154071.0,154071.0,0
20160128T,36804.0,36804.0,36804.0,36804.0,0
20160129T,56176.0,56176.0,56176.0,56176.0,0
20160201T,71943.0,71943.0,71943.0,71943.0,0
20160202T,85363.0,85363.0,85363.0,85363.0,0
20160203T,96174.0,96174.0,96174.0,96174.0,0
20160204T,104570.0,104570.0,104570.0,104570.0,0
20160205T,109092.0,109092.0,109092.0,109092.0,0
20160208T,113377.0,113377.0,113377.0,113377.0,0
20160209T,125298.0,125298.0,125298.0,125298.0,0
20160211T,141491.0,141491.0,141491.0,141491.0,0
20160212T,144089.0,144089.0,144089.0,144089.0,0
20160215T,142266.0,142266.0,142266.0,142266.0,0
20160216T,148722.0,148722.0,148722.0,148722.0,0
20160217T,150101.0,150101.0,150101.0,150101.0,0
20160218T,153109.0,153109.0,153109.0,153109.0,0
20160219T,155509.0,155509.0,155509.0,155509.0,0
20160222T,156624.0,156624.0,156624.0,156624.0,0
20160223T,154434.0,154434.0,154434.0,154434.0,0
20160224T,152461.0,152461.0,152461.0,152461.0,0
20160225T,34485.0,34485.0,34485.0,34485.0,0
20160226T,48264.0,48264.0,48264.0,48264.0,0
20160229T,62091.0,62091.0,62091.0,62091.0,0
20160301T,71184.0,71184.0,71184.0,71184.0,0
20160302T,79128.0,79128.0,79128.0,79128.0,0
20160303T,87745.0,87745.0,87745.0,87745.0,0
20160304T,91933.0,91933.0,91933.0,91933.0,0
20160308T,98737.0,98737.0,98737.0,98737.0,0
20160309T,104663.0,104663.0,104663.0,104663.0,0
20160310T,112321.0,112321.0,112321.0,112321.0,0
20160311T,118178.0,118178.0,118178.0,118178.0,0
20160314T,120678.0,120678.0,120678.0,120678.0,0
20160315T,128008.0,128008.0,128008.0,128008.0,0
20160316T,132052.0,132052.0,132052.0,132052.0,0
20160317T,134285.0,134285.0,134285.0,134285.0,0
20160318T,137112.0,137112.0,137112.0,137112.0,0
20160321T,137157.0,137157.0,137157.0,137157.0,0
20160322T,137661.0,137661.0,137661.0,137661.0,0
20160323T,137850.0,137850.0,137850.0,137850.0,0
20160328T,141109.0,141109.0,141109.0,141109.0,0
20160329T,144234.0,144234.0,144234.0,144234.0,0
20160330T,135094.0,135094.0,135094.0,135094.0,0
20160331T,40068.0,40068.0,40068.0,40068.0,0
20160401T,55130.0,55130.0,55130.0,55130.0,0
20160404T,66311.0,66311.0,66311.0,66311.0,0
20160405T,82287.0,82287.0,82287.0,82287.0,0
20160406T,91950.0,91950.0,91950.0,91950.0,0
20160407T,102481.0,102481.0,102481.0,102481.0,0
20160408T,108358.0,108358.0,108358.0,108358.0,0
20160411T,111424.0,111424.0,111424.0,111424.0,0
20160412T,117173.0,117173.0,117173.0,117173.0,0
20160413T,120015.0,120015.0,120015.0,120015.0,0
20160418T,129670.0,129670.0,129670.0,129670.0,0
20160420T,137885.0,137885.0,137885.0,137885.0,0
20160421T,144099.0,144099.0,144099.0,144099.0,0
20160422T,146991.0,146991.0,146991.0,146991.0,0
20160425T,155751.0,155751.0,155751.0,155751.0,0
20160426T,150359.0,150359.0,150359.0,150359.0,0
20160427T,150866.0,150866.0,150866.0,150866.0,0
20160428T,44807.0,44807.0,44807.0,44807.0,0
20160429T,68280.0,68280.0,68280.0,68280.0,0
20160502T,83750.0,83750.0,83750.0,83750.0,0
20160503T,97032.0,97032.0,97032.0,97032.0,0
20160504T,109549.0,109549.0,109549.0,109549.0,0
20160505T,119593.0,119593.0,119593.0,119593.0,0
20160506T,126637.0,126637.0,126637.0,126637.0,0
20160509T,131816.0,131816.0,131816.0,131816.0,0
20160510T,139228.0,139228.0,139228.0,139228.0,0
20160511T,147816.0,147816.0,147816.0,147816.0,0
20160512T,152047.0,152047.0,152047.0,152047.0,0
20160513T,161375.0,161375.0,161375.0,161375.0,0
20160516T,169804.0,169804.0,169804.0,169804.0,0
20160517T,174774.0,174774.0,174774.0,174774.0,0
20160518T,180312.0,180312.0,180312.0,180312.0,0
20160519T,185136.0,185136.0,185136.0,185136.0,0
20160520T,184836.0,184836.0,184836.0,184836.0,0
20160523T,184814.0,184814.0,184814.0,184814.0,0
20160524T,184640.0,184640.0,184640.0,184640.0,0
20160525T,174842.0,174842.0,174842.0,174842.0,0
20160526T,52197.0,52197.0,52197.0,52197.0,0
20160527T,71546.0,71546.0,71546.0,71546.0,0
20160530T,86666.0,86666.0,86666.0,86666.0,0
20160531T,96476.0,96476.0,96476.0,96476.0,0
20160601T,105817.0,105817.0,105817.0,105817.0,0
20160602T,113271.0,113271.0,113271.0,113271.0,0
20160603T,121037.0,121037.0,121037.0,121037.0,0
20160606T,128787.0,128787.0,128787.0,128787.0,0
20160607T,130999.0,130999.0,130999.0,130999.0,0
20160608T,135165.0,135165.0,135165.0,135165.0,0
20160609T,139033.0,139033.0,139033.0,139033.0,0
20160610T,142610.0,142610.0,142610.0,142610.0,0
20160613T,148182.0,148182.0,148182.0,148182.0,0
20160614T,152435.0,152435.0,152435.0,152435.0,0
20160615T,155305.0,155305.0,155305.0,155305.0,0
20160616T,159186.0,159186.0,159186.0,159186.0,0
20160617T,162607.0,162607.0,162607.0,162607.0,0
20160620T,161569.0,161569.0,161569.0,161569.0,0
20160621T,165357.0,165357.0,165357.0,165357.0,0
20160622T,167689.0,167689.0,167689.0,167689.0,0
20160623T,171563.0,171563.0,171563.0,171563.0,0
20160624T,166384.0,166384.0,166384.0,166384.0,0
20160627T,170579.0,170579.0,170579.0,170579.0,0
20160628T,170573.0,170573.0,170573.0,170573.0,0
20160629T,162294.0,162294.0,162294.0,162294.0,0
20160630T,45185.0,45185.0,45185.0,45185.0,0
20160701T,65932.0,65932.0,65932.0,65932.0,0
20160704T,78870.0,78870.0,78870.0,78870.0,0
20160705T,91070.0,91070.0,91070.0,91070.0,0
20160707T,102791.0,102791.0,102791.0,102791.0,0
20160708T,111385.0,111385.0,111385.0,111385.0,0
20160711T,116877.0,116877.0,116877.0,116877.0,0
20160712T,123159.0,123159.0,123159.0,123159.0,0
20160713T,133911.0,133911.0,133911.0,133911.0,0
20160714T,146338.0,146338.0,146338.0,146338.0,0
20160715T,162968.0,162968.0,162968.0,162968.0,0
20160718T,171024.0,171024.0,171024.0,171024.0,0
20160719T,172569.0,172569.0,172569.0,172569.0,0
20160720T,174155.0,174155.0,174155.0,174155.0,0
20160721T,177208.0,177208.0,177208.0,177208.0,0
20160722T,175853.0,175853.0,175853.0,175853.0,0
20160725T,172576.0,172576.0,172576.0,172576.0,0
20160726T,172444.0,172444.0,172444.0,172444.0,0
20160727T,172595.0,172595.0,172595.0,172595.0,0
20160728T,50681.0,50681.0,50681.0,50681.0,0
20160729T,73768.0,73768.0,73768.0,73768.0,0
20160801T,91730.0,91730.0,91730.0,91730.0,0
20160802T,104158.0,104158.0,104158.0,104158.0,0
20160803T,115478.0,115478.0,115478.0,115478.0,0
20160804T,124091.0,124091.0,124091.0,124091.0,0
20160805T,128743.0,128743.0,128743.0,128743.0,0
20160808T,137338.0,137338.0,137338.0,137338.0,0
20160809T,148325.0,148325.0,148325.0,148325.0,0
20160810T,157487.0,157487.0,157487.0,157487.0,0
20160811T,163276.0,163276.0,163276.0,163276.0,0
20160812T,168732.0,168732.0,168732.0,168732.0,0
20160816T,173485.0,173485.0,173485.0,173485.0,0
20160817T,175710.0,175710.0,175710.0,175710.0,0
20160818T,174563.0,174563.0,174563.0,174563.0,0
20160819T,173018.0,173018.0,173018.0,173018.0,0
20160822T,177184.0,177184.0,177184.0,177184.0,0
20160823T,179151.0,179151.0,179151.0,179151.0,0
20160824T,174904.0,174904.0,174904.0,174904.0,0
20160825T,44889.0,44889.0,44889.0,44889.0,0
20160826T,64491.0,64491.0,64491.0,64491.0,0
20160829T,79113.0,79113.0,79113.0,79113.0,0
20160830T,87328.0,87328.0,87328.0,87328.0,0
20160831T,95376.0,95376.0,95376.0,95376.0,0
20160901T,109007.0,109007.0,109007.0,109007.0,0
20160902T,115715.0,115715.0,115715.0,115715.0,0
20160906T,119950.0,119950.0,119950.0,119950.0,0
20160907T,126724.0,126724.0,126724.0,126724.0,0
20160908T,135568.0,135568.0,135568.0,135568.0,0
20160909T,145403.0,145403.0,145403.0,145403.0,0
20160912T,158238.0,158238.0,158238.0,158238.0,0
20160914T,163612.0,163612.0,163612.0,163612.0,0
20160915T,170119.0,170119.0,170119.0,170119.0,0
20160916T,175004.0,175004.0,175004.0,175004.0,0
20160919T,178799.0,178799.0,178799.0,178799.0,0
20160920T,183040.0,183040.0,183040.0,183040.0,0
20160921T,185274.0,185274.0,185274.0,185274.0,0
20160922T,183290.0,183290.0,183290.0,183290.0,0
20160923T,184637.0,184637.0,184637.0,184637.0,0
20160926T,187172.0,187172.0,187172.0,187172.0,0
20160927T,183473.0,183473.0,183473.0,183473.0,0
20160928T,179720.0,179720.0,179720.0,179720.0,0
20160929T,46527.0,46527.0,46527.0,46527.0,0
20160930T,63090.0,63090.0,63090.0,63090.0,0
20161003T,76095.0,76095.0,76095.0,76095.0,0
20161004T,89856.0,89856.0,89856.0,89856.0,0
20161005T,99938.0,99938.0,99938.0,99938.0,0
20161006T,107938.0,107938.0,107938.0,107938.0,0
20161007T,116554.0,116554.0,116554.0,116554.0,0
20161010T,125865.0,125865.0,125865.0,125865.0,0
20161013T,141583.0,141583.0,141583.0,141583.0,0
20161014T,148374.0,148374.0,148374.0,148374.0,0
20161017T,154221.0,154221.0,154221.0,154221.0,0
20161018T,152759.0,152759.0,152759.0,152759.0,0
20161019T,158575.0,158575.0,158575.0,158575.0,0
20161020T,165019.0,165019.0,165019.0,165019.0,0
20161021T,172469.0,172469.0,172469.0,172469.0,0
20161024T,174303.0,174303.0,174303.0,174303.0,0
20161025T,176284.0,176284.0,176284.0,176284.0,0
20161026T,176388.0,176388.0,176388.0,176388.0,0
20161027T,49927.0,49927.0,49927.0,49927.0,0
20161028T,70139.0,70139.0,70139.0,70139.0,0
20161101T,86650.0,86650.0,86650.0,86650.0,0
20161102T,98728.0,98728.0,98728.0,98728.0,0
20161103T,110956.0,110956.0,110956.0,110956.0,0
20161104T,123401.0,123401.0,123401.0,123401.0,0
20161107T,129902.0,129902.0,129902.0,129902.0,0
20161108T,137416.0,137416.0,137416.0,137416.0,0
20161109T,136387.0,136387.0,136387.0,136387.0,0
20161110T,142856.0,142856.0,142856.0,142856.0,0
20161111T,158677.0,158677.0,158677.0,158677.0,0
20161115T,167437.0,167437.0,167437.0,167437.0,0
20161116T,170869.0,170869.0,170869.0,170869.0,0
20161117T,171043.0,171043.0,171043.0,171043.0,0
20161118T,169113.0,169113.0,169113.0,169113.0,0
20161121T,165661.0,165661.0,165661.0,165661.0,0
20161122T,164334.0,164334.0,164334.0,164334.0,0
20161123T,162496.0,162496.0,162496.0,162496.0,0
20161124T,36154.0,36154.0,36154.0,36154.0,0
20161125T,52548.0,52548.0,52548.0,52548.0,0
20161128T,63204.0,63204.0,63204.0,63204.0,0
20161129T,71254.0,71254.0,71254.0,71254.0,0
20161130T,78892.0,78892.0,78892.0,78892.0,0
20161201T,87783.0,87783.0,87783.0,87783.0,0
20161202T,97112.0,97112.0,97112.0,97112.0,0
20161205T,104577.0,104577.0,104577.0,104577.0,0
20161206T,109734.0,109734.0,109734.0,109734.0,0
20161207T,116169.0,116169.0,116169.0,116169.0,0
20161208T,117902.0,117902.0,117902.0,117902.0,0
20161209T,119536.0,119536.0,119536.0,119536.0,0
20161212T,125840.0,125840.0,125840.0,125840.0,0
20161213T,129842.0,129842.0,129842.0,129842.0,0
20161214T,131710.0,131710.0,131710.0,131710.0,0
20161215T,137232.0,137232.0,137232.0,137232.0,0
20161216T,142678.0,142678.0,142678.0,142678.0,0
20161219T,146611.0,146611.0,146611.0,146611.0,0
20161220T,150228.0,150228.0,150228.0,150228.0,0
20161221T,154463.0,154463.0,154463.0,154463.0,0
20161222T,157120.0,157120.0,157120.0,157120.0,0
20161223T,159766.0,159766.0,159766.0,159766.0,0
20161226T,163716.0,163716.0,163716.0,163716.0,0
20161227T,163391.0,163391.0,163391.0,163391.0,0
20161228T,162571.0,162571.0,162571.0,162571.0,0
20161229T,42358.0,42358.0,42358.0,42358.0,0
20161230T,57526.0,57526.0,57526.0,57526.0,0
20170102T,70820.0,70820.0,70820.0,70820.0,0
20170103T,79960.0,79960.0,79960.0,79960.0,0
20170104T,89382.0,89382.0,89382.0,89382.0,0
20170105T,96016.0,96016.0,96016.0,96016.0,0
20170106T,102841.0,102841.0,102841.0,102841.0,0
20170109T,111144.0,111144.0,111144.0,111144.0,0
20170110T,118225.0,118225.0,118225.0,118225.0,0
20170111T,123978.0,123978.0,123978.0,123978.0,0
20170112T,137081.0,137081.0,137081.0,137081.0,0
20170113T,153165.0,153165.0,153165.0,153165.0,0
20170116T,159162.0,159162.0,159162.0,159162.0,0
20170117T,167716.0,167716.0,167716.0,167716.0,0
20170118T,170539.0,170539.0,170539.0,170539.0,0
20170119T,174893.0,174893.0,174893.0,174893.0,0
20170120T,176862.0,176862.0,176862.0,176862.0,0
20170123T,175190.0,175190.0,175190.0,175190.0,0
20170124T,170011.0,170011.0,170011.0,170011.0,0
20170125T,50780.0,50780.0,50780.0,50780.0,0
20170127T,74689.0,74689.0,74689.0,74689.0,0
20170130T,90669.0,90669.0,90669.0,90669.0,0
20170131T,106717.0,106717.0,106717.0,106717.0,0
20170201T,117988.0,117988.0,117988.0,117988.0,0
20170202T,129124.0,129124.0,129124.0,129124.0,0
20170203T,140391.0,140391.0,140391.0,140391.0,0
20170206T,150590.0,150590.0,150590.0,150590.0,0
20170207T,161412.0,161412.0,161412.0,161412.0,0
20170208T,170595.0,170595.0,170595.0,170595.0,0
20170209T,177222.0,177222.0,177222.0,177222.0,0
20170210T,184247.0,184247.0,184247.0,184247.0,0
20170213T,188931.0,188931.0,188931.0,188931.0,0
20170214T,192590.0,192590.0,192590.0,192590.0,0
20170215T,196510.0,196510.0,196510.0,196510.0,0
20170216T,193349.0,193349.0,193349.0,193349.0,0
20170217T,191279.0,191279.0,191279.0,191279.0,0
20170220T,192978.0,192978.0,192978.0,192978.0,0
20170221T,196516.0,196516.0,196516.0,196516.0,0
20170222T,197322.0,197322.0,197322.0,197322.0,0
20170223T,60267.0,60267.0,60267.0,60267.0,0
20170227T,85794.0,85794.0,85794.0,85794.0,0
20170228T,99805.0,99805.0,99805.0,99805.0,0
20170301T,111487.0,111487.0,111487.0,111487.0,0
20170302T,123499.0,123499.0,123499.0,123499.0,0
20170303T,133170.0,133170.0,133170.0,133170.0,0
20170306T,140336.0,140336.0,140336.0,140336.0,0
20170307T,147939.0,147939.0,147939.0,147939.0,0
20170308T,156874.0,156874.0,156874.0,156874.0,0
20170309T,163163.0,163163.0,163163.0,163163.0,0
20170310T,171249.0,171249.0,171249.0,171249.0,0
20170314T,173280.0,173280.0,173280.0,173280.0,0
20170315T,176334.0,176334.0,176334.0,176334.0,0
20170316T,176341.0,176341.0,176341.0,176341.0,0
20170317T,186856.0,186856.0,186856.0,186856.0,0
20170320T,198319.0,198319.0,198319.0,198319.0,0
20170321T,209205.0,209205.0,209205.0,209205.0,0
20170322T,216985.0,216985.0,216985.0,216985.0,0
20170323T,219179.0,219179.0,219179.0,219179.0,0
20170324T,212568.0,212568.0,212568.0,212568.0,0
20170327T,214422.0,214422.0,214422.0,214422.0,0
20170328T,211421.0,211421.0,211421.0,211421.0,0
20170329T,202830.0,202830.0,202830.0,202830.0,0
20170330T,53337.0,53337.0,53337.0,53337.0,0
20170331T,76675.0,76675.0,76675.0,76675.0,0
20170403T,96912.0,96912.0,96912.0,96912.0,0
20170405T,110973.0,110973.0,110973.0,110973.0,0
20170406T,123580.0,123580.0,123580.0,123580.0,0
20170407T,136750.0,136750.0,136750.0,136750.0,0
20170410T,149879.0,149879.0,149879.0,149879.0,0
20170411T,158695.0,158695.0,158695.0,158695.0,0
20170412T,172006.0,172006.0,172006.0,172006.0,0
20170413T,182682.0,182682.0,182682.0,182682.0,0
20170417T,190928.0,190928.0,190928.0,190928.0,0
20170418T,196564.0,196564.0,196564.0,196564.0,0
20170419T,203575.0,203575.0,203575.0,203575.0,0
20170420T,206627.0,206627.0,206627.0,206627.0,0
20170421T,210097.0,210097.0,210097.0,210097.0,0
20170424T,209627.0,209627.0,209627.0,209627.0,0
20170425T,202957.0,202957.0,202957.0,202957.0,0
20170426T,191052.0,191052.0,191052.0,191052.0,0
20170427T,56136.0,56136.0,56136.0,56136.0,0
20170428T,86925.0,86925.0,86925.0,86925.0,0
20170502T,108542.0,108542.0,108542.0,108542.0,0
20170503T,127605.0,127605.0,127605.0,127605.0,0
20170504T,139501.0,139501.0,139501.0,139501.0,0
20170505T,154057.0,154057.0,154057.0,154057.0,0
20170508T,164342.0,164342.0,164342.0,164342.0,0
20170509T,171437.0,171437.0,171437.0,171437.0,0
20170510T,178562.0,178562.0,178562.0,178562.0,0
20170511T,185085.0,185085.0,185085.0,185085.0,0
20170512T,200990.0,200990.0,200990.0,200990.0,0
20170515T,209963.0,209963.0,209963.0,209963.0,0
20170516T,214263.0,214263.0,214263.0,214263.0,0
20170517T,219386.0,219386.0,219386.0,219386.0,0
20170518T,229627.0,229627.0,229627.0,229627.0,0
20170519T,233147.0,233147.0,233147.0,233147.0,0
20170522T,235949.0,235949.0,235949.0,235949.0,0
20170523T,231855.0,231855.0,231855.0,231855.0,0
20170524T,227074.0,227074.0,227074.0,227074.0,0
20170525T,54644.0,54644.0,54644.0,54644.0,0
20170526T,84065.0,84065.0,84065.0,84065.0,0
20170529T,105246.0,105246.0,105246.0,105246.0,0
20170530T,118115.0,118115.0,118115.0,118115.0,0
20170531T,129748.0,129748.0,129748.0,129748.0,0
20170601T,139546.0,139546.0,139546.0,139546.0,0
20170602T,146135.0,146135.0,146135.0,146135.0,0
20170605T,154061.0,154061.0,154061.0,154061.0,0
20170606T,162962.0,162962.0,162962.0,162962.0,0
20170607T,168915.0,168915.0,168915.0,168915.0,0
20170608T,174659.0,174659.0,174659.0,174659.0,0
20170609T,180066.0,180066.0,180066.0,180066.0,0
20170612T,189040.0,189040.0,189040.0,189040.0,0
20170613T,195332.0,195332.0,195332.0,195332.0,0
20170614T,199461.0,199461.0,199461.0,199461.0,0
20170615T,207932.0,207932.0,207932.0,207932.0,0
20170616T,213223.0,213223.0,213223.0,213223.0,0
20170619T,217051.0,217051.0,217051.0,217051.0,0
20170620T,220226.0,220226.0,220226.0,220226.0,0
20170621T,224378.0,224378.0,224378.0,224378.0,0
20170622T,225430.0,225430.0,225430.0,225430.0,0
20170623T,224127.0,224127.0,224127.0,224127.0,0
20170627T,222599.0,222599.0,222599.0,222599.0,0
20170628T,215492.0,215492.0,215492.0,215492.0,0
20170629T,49745.0,49745.0,49745.0,49745.0,0
20170630T,70304.0,70304.0,70304.0,70304.0,0
20170703T,87501.0,87501.0,87501.0,87501.0,0
20170704T,99757.0,99757.0,99757.0,99757.0,0
20170705T,110725.0,110725.0,110725.0,110725.0,0
20170706T,119667.0,119667.0,119667.0,119667.0,0
20170707T,129513.0,129513.0,129513.0,129513.0,0
20170710T,131450.0,131450.0,131450.0,131450.0,0
20170711T,143908.0,143908.0,143908.0,143908.0,0
20170712T,152421.0,152421.0,152421.0,152421.0,0
20170713T,163978.0,163978.0,163978.0,163978.0,0
20170714T,173192.0,173192.0,173192.0,173192.0,0
20170717T,183102.0,183102.0,183102.0,183102.0,0
20170718T,191630.0,191630.0,191630.0,191630.0,0
20170719T,195974.0,195974.0,195974.0,195974.0,0
20170720T,207995.0,207995.0,207995.0,207995.0,0
20170721T,205979.0,205979.0,205979.0,205979.0,0
20170724T,207055.0,207055.0,207055.0,207055.0,0
20170725T,206046.0,206046.0,206046.0,206046.0,0
20170726T,200901.0,200901.0,200901.0,200901.0,0
20170727T,60051.0,60051.0,60051.0,60051.0,0
20170728T,92907.0,92907.0,92907.0,92907.0,0
20170731T,112828.0,112828.0,112828.0,112828.0,0
20170801T,128013.0,128013.0,128013.0,128013.0,0
20170802T,140780.0,140780.0,140780.0,140780.0,0
20170803T,154774.0,154774.0,154774.0,154774.0,0
20170804T,166013.0,166013.0,166013.0,166013.0,0
20170807T,176588.0,176588.0,176588.0,176588.0,0
20170808T,186081.0,186081.0,186081.0,186081.0,0
20170809T,195490.0,195490.0,195490.0,195490.0,0
20170810T,200827.0,200827.0,200827.0,200827.0,0
20170811T,208033.0,208033.0,208033.0,208033.0,0
20170814T,214575.0,214575.0,214575.0,214575.0,0
20170816T,217770.0,217770.0,217770.0,217770.0,0
20170817T,224187.0,224187.0,224187.0,224187.0,0
20170818T,242697.0,242697.0,242697.0,242697.0,0
20170821T,256297.0,256297.0,256297.0,256297.0,0
20170822T,256464.0,256464.0,256464.0,256464.0,0
20170823T,251783.0,251783.0,251783.0,251783.0,0
20170824T,247330.0,247330.0,247330.0,247330.0,0
20170828T,248727.0,248727.0,248727.0,248727.0,0
20170829T,248517.0,248517.0,248517.0,248517.0,0
20170830T,242529.0,242529.0,242529.0,242529.0,0
20170831T,62351.0,62351.0,62351.0,62351.0,0
20170901T,90361.0,90361.0,90361.0,90361.0,0
20170904T,105673.0,105673.0,105673.0,105673.0,0
20170905T,118895.0,118895.0,118895.0,118895.0,0
20170906T,131637.0,131637.0,131637.0,131637.0,0
20170907T,142436.0,142436.0,142436.0,142436.0,0
20170908T,155523.0,155523.0,155523.0,155523.0,0
20170911T,167659.0,167659.0,167659.0,167659.0,0
20170912T,172201.0,172201.0,172201.0,172201.0,0
20170913T,183079.0,183079.0,183079.0,183079.0,0
20170914T,194216.0,194216.0,194216.0,194216.0,0
20170915T,203804.0,203804.0,203804.0,203804.0,0
20170918T,211084.0,211084.0,211084.0,211084.0,0
20170919T,218232.0,218232.0,218232.0,218232.0,0
20170920T,224622.0,224622.0,224622.0,224622.0,0
20170921T,229667.0,229667.0,229667.0,229667.0,0
20170922T,236420.0,236420.0,236420.0,236420.0,0
20170925T,233377.0,233377.0,233377.0,233377.0,0
20170926T,232008.0,232008.0,232008.0,232008.0,0
20170927T,228454.0,228454.0,228454.0,228454.0,0
20170928T,59338.0,59338.0,59338.0,59338.0,0
20170929T,84950.0,84950.0,84950.0,84950.0,0
20171003T,101000.0,101000.0,101000.0,101000.0,0
20171004T,110652.0,110652.0,110652.0,110652.0,0
20171005T,125037.0,125037.0,125037.0,125037.0,0
20171006T,134348.0,134348.0,134348.0,134348.0,0
20171009T,147083.0,147083.0,147083.0,147083.0,0
20171010T,158072.0,158072.0,158072.0,158072.0,0
20171011T,169943.0,169943.0,169943.0,169943.0,0
20171012T,178736.0,178736.0,178736.0,178736.0,0
20171013T,185043.0,185043.0,185043.0,185043.0,0
20171016T,191486.0,191486.0,191486.0,191486.0,0
20171017T,200418.0,200418.0,200418.0,200418.0,0
20171018T,206700.0,206700.0,206700.0,206700.0,0
20171019T,209470.0,209470.0,209470.0,209470.0,0
20171023T,209505.0,209505.0,209505.0,209505.0,0
20171024T,211041.0,211041.0,211041.0,211041.0,0
20171025T,194400.0,194400.0,194400.0,194400.0,0
20171026T,67809.0,67809.0,67809.0,67809.0,0
20171027T,104460.0,104460.0,104460.0,104460.0,0
20171030T,127320.0,127320.0,127320.0,127320.0,0
20171031T,145239.0,145239.0,145239.0,145239.0,0
20171101T,155106.0,155106.0,155106.0,155106.0,0
20171102T,165801.0,165801.0,165801.0,165801.0,0
20171103T,177578.0,177578.0,177578.0,177578.0,0
20171106T,189129.0,189129.0,189129.0,189129.0,0
20171107T,204907.0,204907.0,204907.0,204907.0,0
20171108T,220201.0,220201.0,220201.0,220201.0,0
20171109T,232304.0,232304.0,232304.0,232304.0,0
20171110T,242605.0,242605.0,242605.0,242605.0,0
20171113T,253568.0,253568.0,253568.0,253568.0,0
20171114T,263343.0,263343.0,263343.0,263343.0,0
20171115T,268480.0,268480.0,268480.0,268480.0,0
20171116T,270580.0,270580.0,270580.0,270580.0,0
20171117T,270278.0,270278.0,270278.0,270278.0,0
20171120T,274369.0,274369.0,274369.0,274369.0,0
20171121T,276304.0,276304.0,276304.0,276304.0,0
20171122T,282153.0,282153.0,282153.0,282153.0,0
20171123T,285425.0,285425.0,285425.0,285425.0,0
20171124T,280226.0,280226.0,280226.0,280226.0,0
20171127T,278732.0,278732.0,278732.0,278732.0,0
20171128T,275317.0,275317.0,275317.0,275317.0,0
20171129T,265170.0,265170.0,265170.0,265170.0,0
20171130T,58948.0,58948.0,58948.0,58948.0,0
20171201T,94334.0,94334.0,94334.0,94334.0,0
20171204T,109737.0,109737.0,109737.0,109737.0,0
20171205T,122047.0,122047.0,122047.0,122047.0,0
20171206T,134605.0,134605.0,134605.0,134605.0,0
20171207T,143209.0,143209.0,143209.0,143209.0,0
20171208T,153330.0,153330.0,153330.0,153330.0,0
20171211T,162233.0,162233.0,162233.0,162233.0,0
20171212T,169710.0,169710.0,169710.0,169710.0,0
20171213T,179493.0,179493.0,179493.0,179493.0,0
20171214T,188564.0,188564.0,188564.0,188564.0,0
20171215T,196420.0,196420.0,196420.0,196420.0,0
20171218T,199944.0,199944.0,199944.0,199944.0,0
20171219T,204193.0,204193.0,204193.0,204193.0,0
20171220T,210715.0,210715.0,210715.0,210715.0,0
20171221T,218401.0,218401.0,218401.0,218401.0,0
20171222T,219335.0,219335.0,219335.0,219335.0,0
20171226T,218573.0,218573.0,218573.0,218573.0,0
20171227T,210676.0,210676.0,210676.0,210676.0,0
20171228T,63559.0,63559.0,63559.0,63559.0,0
20171229T,96858.0,96858.0,96858.0,96858.0,0
20180101T,116637.0,116637.0,116637.0,116637.0,0
20180102T,136445.0,136445.0,136445.0,136445.0,0
20180103T,150727.0,150727.0,150727.0,150727.0,0
20180104T,161296.0,161296.0,161296.0,161296.0,0
20180105T,174403.0,174403.0,174403.0,174403.0,0
20180108T,186787.0,186787.0,186787.0,186787.0,0
20180109T,200254.0,200254.0,200254.0,200254.0,0
20180110T,216143.0,216143.0,216143.0,216143.0,0
20180111T,228945.0,228945.0,228945.0,228945.0,0
20180112T,237992.0,237992.0,237992.0,237992.0,0
20180115T,249198.0,249198.0,249198.0,249198.0,0
20180116T,257368.0,257368.0,257368.0,257368.0,0
20180117T,259885.0,259885.0,259885.0,259885.0,0
20180118T,266328.0,266328.0,266328.0,266328.0,0
20180119T,268358.0,268358.0,268358.0,268358.0,0
20180122T,268639.0,268639.0,268639.0,268639.0,0
20180123T,257839.0,257839.0,257839.0,257839.0,0
20180124T,256740.0,256740.0,256740.0,256740.0,0
20180125T,68726.0,68726.0,68726.0,68726.0,0
20180129T,101133.0,101133.0,101133.0,101133.0,0
20180130T,126191.0,126191.0,126191.0,126191.0,0
20180131T,144954.0,144954.0,144954.0,144954.0,0
20180201T,166394.0,166394.0,166394.0,166394.0,0
20180202T,185294.0,185294.0,185294.0,185294.0,0
20180205T,201217.0,201217.0,201217.0,201217.0,0
20180206T,204501.0,204501.0,204501.0,204501.0,0
20180207T,218366.0,218366.0,218366.0,218366.0,0
20180208T,229485.0,229485.0,229485.0,229485.0,0
20180209T,239129.0,239129.0,239129.0,239129.0,0
20180212T,247688.0,247688.0,247688.0,247688.0,0
20180214T,254598.0,254598.0,254598.0,254598.0,0
20180215T,253923.0,253923.0,253923.0,253923.0,0
20180216T,260407.0,260407.0,260407.0,260407.0,0
20180219T,261091.0,261091.0,261091.0,261091.0,0
20180220T,259095.0,259095.0,259095.0,259095.0,0
20180221T,253090.0,253090.0,253090.0,253090.0,0
20180222T,58708.0,58708.0,58708.0,58708.0,0
20180223T,87148.0,87148.0,87148.0,87148.0,0
20180226T,105401.0,105401.0,105401.0,105401.0,0
20180227T,124646.0,124646.0,124646.0,124646.0,0
20180228T,137133.0,137133.0,137133.0,137133.0,0
20180301T,149179.0,149179.0,149179.0,149179.0,0
20180305T,163307.0,163307.0,163307.0,163307.0,0
20180306T,175920.0,175920.0,175920.0,175920.0,0
20180307T,187191.0,187191.0,187191.0,187191.0,0
20180308T,193464.0,193464.0,193464.0,193464.0,0
20180309T,202288.0,202288.0,202288.0,202288.0,0
20180312T,202886.0,202886.0,202886.0,202886.0,0
20180313T,208627.0,208627.0,208627.0,208627.0,0
20180314T,214061.0,214061.0,214061.0,214061.0,0
20180315T,220960.0,220960.0,220960.0,220960.0,0
20180316T,232760.0,232760.0,232760.0,232760.0,0
20180319T,239272.0,239272.0,239272.0,239272.0,0
20180320T,241372.0,241372.0,241372.0,241372.0,0
20180321T,241781.0,241781.0,241781.0,241781.0,0
20180322T,243378.0,243378.0,243378.0,243378.0,0
20180323T,241346.0,241346.0,241346.0,241346.0,0
20180326T,234875.0,234875.0,234875.0,234875.0,0
20180327T,229075.0,229075.0,229075.0,229075.0,0
20180328T,56265.0,56265.0,56265.0,56265.0,0
20180402T,86769.0,86769.0,86769.0,86769.0,0
20180403T,103723.0,103723.0,103723.0,103723.0,0
20180404T,117644.0,117644.0,117644.0,117644.0,0
20180405T,124907.0,124907.0,124907.0,124907.0,0
20180406T,138327.0,138327.0,138327.0,138327.0,0
20180409T,153293.0,153293.0,153293.0,153293.0,0
20180410T,163653.0,163653.0,163653.0,163653.0,0
20180411T,177140.0,177140.0,177140.0,177140.0,0
20180412T,186968.0,186968.0,186968.0,186968.0,0
20180413T,196688.0,196688.0,196688.0,196688.0,0
20180416T,207405.0,207405.0,207405.0,207405.0,0
20180417T,216716.0,216716.0,216716.0,216716.0,0
20180418T,222971.0,222971.0,222971.0,222971.0,0
20180419T,226669.0,226669.0,226669.0,226669.0,0
20180420T,228923.0,228923.0,228923.0,228923.0,0
20180423T,242057.0,242057.0,242057.0,242057.0,0
20180424T,244240.0,244240.0,244240.0,244240.0,0
20180425T,244727.0,244727.0,244727.0,244727.0,0
20180426T,75058.0,75058.0,75058.0,75058.0,0
20180427T,118463.0,118463.0,118463.0,118463.0,0
20180430T,142578.0,142578.0,142578.0,142578.0,0
20180502T,160510.0,160510.0,160510.0,160510.0,0
20180503T,177574.0,177574.0,177574.0,177574.0,0
20180504T,191079.0,191079.0,191079.0,191079.0,0
20180507T,200084.0,200084.0,200084.0,200084.0,0
20180508T,209722.0,209722.0,209722.0,209722.0,0
20180509T,215746.0,215746.0,215746.0,215746.0,0
20180510T,228143.0,228143.0,228143.0,228143.0,0
20180511T,232718.0,232718.0,232718.0,232718.0,0
20180514T,240919.0,240919.0,240919.0,240919.0,0
20180515T,250010.0,250010.0,250010.0,250010.0,0
20180516T,260391.0,260391.0,260391.0,260391.0,0
20180517T,267411.0,267411.0,267411.0,267411.0,0
20180518T,278962.0,278962.0,278962.0,278962.0,0
20180521T,286881.0,286881.0,286881.0,286881.0,0
20180522T,291000.0,291000.0,291000.0,291000.0,0
20180523T,296482.0,296482.0,296482.0,296482.0,0
20180524T,298391.0,298391.0,298391.0,298391.0,0
20180525T,294042.0,294042.0,294042.0,294042.0,0
20180528T,289807.0,289807.0,289807.0,289807.0,0
20180529T,289404.0,289404.0,289404.0,289404.0,0
20180530T,287286.0,287286.0,287286.0,287286.0,0
20180531T,71439.0,71439.0,71439.0,71439.0,0
20180601T,106335.0,106335.0,106335.0,106335.0,0
20180604T,131020.0,131020.0,131020.0,131020.0,0
20180605T,149616.0,149616.0,149616.0,149616.0,0
20180606T,159572.0,159572.0,159572.0,159572.0,0
20180607T,163397.0,163397.0,163397.0,163397.0,0
20180608T,174581.0,174581.0,174581.0,174581.0,0
20180611T,187651.0,187651.0,187651.0,187651.0,0
20180612T,199685.0,199685.0,199685.0,199685.0,0
20180614T,224295.0,224295.0,224295.0,224295.0,0
20180615T,240283.0,240283.0,240283.0,240283.0,0
20180618T,252694.0,252694.0,252694.0,252694.0,0
20180619T,265477.0,265477.0,265477.0,265477.0,0
20180620T,267070.0,267070.0,267070.0,267070.0,0
20180621T,269234.0,269234.0,269234.0,269234.0,0
20180622T,264933.0,264933.0,264933.0,264933.0,0
20180625T,272786.0,272786.0,272786.0,272786.0,0
20180626T,272245.0,272245.0,272245.0,272245.0,0
20180627T,271192.0,271192.0,271192.0,271192.0,0
20180628T,81698.0,81698.0,81698.0,81698.0,0
20180629T,109501.0,109501.0,109501.0,109501.0,0
20180702T,132226.0,132226.0,132226.0,132226.0,0
20180703T,143388.0,143388.0,143388.0,143388.0,0
20180704T,156566.0,156566.0,156566.0,156566.0,0
20180705T,171978.0,171978.0,171978.0,171978.0,0
20180706T,177474.0,177474.0,177474.0,177474.0,0
20180709T,187516.0,187516.0,187516.0,187516.0,0
20180710T,193456.0,193456.0,193456.0,193456.0,0
20180711T,205262.0,205262.0,205262.0,205262.0,0
20180712T,215455.0,215455.0,215455.0,215455.0,0
20180713T,228532.0,228532.0,228532.0,228532.0,0
20180716T,242768.0,242768.0,242768.0,242768.0,0
20180717T,247213.0,247213.0,247213.0,247213.0,0
20180718T,257658.0,257658.0,257658.0,257658.0,0
20180719T,260367.0,260367.0,260367.0,260367.0,0
20180720T,257505.0,257505.0,257505.0,257505.0,0
20180723T,251171.0,251171.0,251171.0,251171.0,0
20180724T,245286.0,245286.0,245286.0,245286.0,0
20180725T,241771.0,241771.0,241771.0,241771.0,0
20180726T,83591.0,83591.0,83591.0,83591.0,0
20180727T,117970.0,117970.0,117970.0,117970.0,0
20180730T,141999.0,141999.0,141999.0,141999.0,0
20180731T,157751.0,157751.0,157751.0,157751.0,0
20180801T,173438.0,173438.0,173438.0,173438.0,0
20180802T,188417.0,188417.0,188417.0,188417.0,0
20180803T,196845.0,196845.0,196845.0,196845.0,0
20180806T,203948.0,203948.0,203948.0,203948.0,0
20180807T,213255.0,213255.0,213255.0,213255.0,0
20180808T,220232.0,220232.0,220232.0,220232.0,0
20180809T,228251.0,228251.0,228251.0,228251.0,0
20180810T,240706.0,240706.0,240706.0,240706.0,0
20180813T,250522.0,250522.0,250522.0,250522.0,0
20180814T,256727.0,256727.0,256727.0,256727.0,0
20180816T,264529.0,264529.0,264529.0,264529.0,0
20180817T,263122.0,263122.0,263122.0,263122.0,0
20180820T,262547.0,262547.0,262547.0,262547.0,0
20180821T,268248.0,268248.0,268248.0,268248.0,0
20180823T,275341.0,275341.0,275341.0,275341.0,0
20180824T,280184.0,280184.0,280184.0,280184.0,0
20180827T,272663.0,272663.0,272663.0,272663.0,0
20180828T,264981.0,264981.0,264981.0,264981.0,0
20180829T,261687.0,261687.0,261687.0,261687.0,0
20180830T,85220.0,85220.0,85220.0,85220.0,0
20180831T,127908.0,127908.0,127908.0,127908.0,0
20180903T,158896.0,158896.0,158896.0,158896.0,0
20180904T,183715.0,183715.0,183715.0,183715.0,0
20180905T,197833.0,197833.0,197833.0,197833.0,0
20180906T,212500.0,212500.0,212500.0,212500.0,0
20180907T,221934.0,221934.0,221934.0,221934.0,0
20180910T,243381.0,243381.0,243381.0,243381.0,0
20180911T,256999.0,256999.0,256999.0,256999.0,0
20180912T,263686.0,263686.0,263686.0,263686.0,0
20180914T,270277.0,270277.0,270277.0,270277.0,0
20180917T,286109.0,286109.0,286109.0,286109.0,0
20180918T,297257.0,297257.0,297257.0,297257.0,0
20180919T,293543.0,293543.0,293543.0,293543.0,0
20180921T,266576.0,266576.0,266576.0,266576.0,0
20180924T,271752.0,271752.0,271752.0,271752.0,0
20180925T,266259.0,266259.0,266259.0,266259.0,0
20180926T,263773.0,263773.0,263773.0,263773.0,0
20180927T,72761.0,72761.0,72761.0,72761.0,0
20180928T,103015.0,103015.0,103015.0,103015.0,0
20181001T,121967.0,121967.0,121967.0,121967.0,0
20181003T,138861.0,138861.0,138861.0,138861.0,0
20181004T,156747.0,156747.0,156747.0,156747.0,0
20181005T,169870.0,169870.0,169870.0,169870.0,0
20181008T,179855.0,179855.0,179855.0,179855.0,0
20181009T,191167.0,191167.0,191167.0,191167.0,0
20181010T,193599.0,193599.0,193599.0,193599.0,0
20181011T,198678.0,198678.0,198678.0,198678.0,0
20181012T,205831.0,205831.0,205831.0,205831.0,0
20181015T,216251.0,216251.0,216251.0,216251.0,0
20181016T,221342.0,221342.0,221342.0,221342.0,0
20181017T,223478.0,223478.0,223478.0,223478.0,0
20181019T,231811.0,231811.0,231811.0,231811.0,0
20181022T,231538.0,231538.0,231538.0,231538.0,0
20181023T,231328.0,231328.0,231328.0,231328.0,0
20181024T,225000.0,225000.0,225000.0,225000.0,0
20181025T,60097.0,60097.0,60097.0,60097.0,0
20181026T,101686.0,101686.0,101686.0,101686.0,0
20181029T,124104.0,124104.0,124104.0,124104.0,0
20181030T,144343.0,144343.0,144343.0,144343.0,0
20181031T,158665.0,158665.0,158665.0,158665.0,0
20181101T,172977.0,172977.0,172977.0,172977.0,0
20181102T,181544.0,181544.0,181544.0,181544.0,0
20181105T,195923.0,195923.0,195923.0,195923.0,0
20181106T,202997.0,202997.0,202997.0,202997.0,0
20181107T,205428.0,205428.0,205428.0,205428.0,0
20181109T,213871.0,213871.0,213871.0,213871.0,0
20181112T,226796.0,226796.0,226796.0,226796.0,0
20181113T,233703.0,233703.0,233703.0,233703.0,0
20181114T,244115.0,244115.0,244115.0,244115.0,0
20181115T,250610.0,250610.0,250610.0,250610.0,0
20181116T,257006.0,257006.0,257006.0,257006.0,0
20181119T,261480.0,261480.0,261480.0,261480.0,0
20181120T,272926.0,272926.0,272926.0,272926.0,0
20181121T,279424.0,279424.0,279424.0,279424.0,0
20181122T,278691.0,278691.0,278691.0,278691.0,0
20181126T,271574.0,271574.0,271574.0,271574.0,0
20181127T,264416.0,264416.0,264416.0,264416.0,0
20181128T,261203.0,261203.0,261203.0,261203.0,0
20181129T,79902.0,79902.0,79902.0,79902.0,0
20181130T,111167.0,111167.0,111167.0,111167.0,0
20181203T,136861.0,136861.0,136861.0,136861.0,0
20181204T,154157.0,154157.0,154157.0,154157.0,0
20181205T,173276.0,173276.0,173276.0,173276.0,0
20181206T,186533.0,186533.0,186533.0,186533.0,0
20181207T,198145.0,198145.0,198145.0,198145.0,0
20181210T,207189.0,207189.0,207189.0,207189.0,0
20181211T,218526.0,218526.0,218526.0,218526.0,0
20181212T,223051.0,223051.0,223051.0,223051.0,0
20181213T,233469.0,233469.0,233469.0,233469.0,0
20181214T,248354.0,248354.0,248354.0,248354.0,0
20181217T,254742.0,254742.0,254742.0,254742.0,0
20181218T,259698.0,259698.0,259698.0,259698.0,0
20181219T,257423.0,257423.0,257423.0,257423.0,0
20181220T,264867.0,264867.0,264867.0,264867.0,0
20181221T,275518.0,275518.0,275518.0,275518.0,0
20181224T,271981.0,271981.0,271981.0,271981.0,0
20181226T,251924.0,251924.0,251924.0,251924.0,0
20181227T,66435.0,66435.0,66435.0,66435.0,0
20181228T,95004.0,95004.0,95004.0,95004.0,0
20181231T,110850.0,110850.0,110850.0,110850.0,0
20190101T,122051.0,122051.0,122051.0,122051.0,0
20190102T,144698.0,144698.0,144698.0,144698.0,0
20190103T,163401.0,163401.0,163401.0,163401.0,0
20190104T,176701.0,176701.0,176701.0,176701.0,0
20190107T,187800.0,187800.0,187800.0,187800.0,0
20190108T,198145.0,198145.0,198145.0,198145.0,0
20190109T,211402.0,211402.0,211402.0,211402.0,0
20190110T,222774.0,222774.0,222774.0,222774.0,0
20190111T,238422.0,238422.0,238422.0,238422.0,0
20190114T,246760.0,246760.0,246760.0,246760.0,0
20190115T,245826.0,245826.0,245826.0,245826.0,0
20190116T,251523.0,251523.0,251523.0,251523.0,0
20190117T,259219.0,259219.0,259219.0,259219.0,0
20190118T,264749.0,264749.0,264749.0,264749.0,0
20190121T,265817.0,265817.0,265817.0,265817.0,0
20190122T,272037.0,272037.0,272037.0,272037.0,0
20190123T,278165.0,278165.0,278165.0,278165.0,0
20190124T,276778.0,276778.0,276778.0,276778.0,0
20190125T,280681.0,280681.0,280681.0,280681.0,0
20190128T,277688.0,277688.0,277688.0,277688.0,0
20190129T,276388.0,276388.0,276388.0,276388.0,0
20190130T,267127.0,267127.0,267127.0,267127.0,0
20190131T,76547.0,76547.0,76547.0,76547.0,0
20190201T,117492.0,117492.0,117492.0,117492.0,0
20190204T,144309.0,144309.0,144309.0,144309.0,0
20190205T,164402.0,164402.0,164402.0,164402.0,0
20190206T,176785.0,176785.0,176785.0,176785.0,0
20190207T,188306.0,188306.0,188306.0,188306.0,0
20190208T,205451.0,205451.0,205451.0,205451.0,0
20190211T,219695.0,219695.0,219695.0,219695.0,0
20190212T,228344.0,228344.0,228344.0,228344.0,0
20190213T,241798.0,241798.0,241798.0,241798.0,0
20190214T,240861.0,240861.0,240861.0,240861.0,0
20190215T,251819.0,251819.0,251819.0,251819.0,0
20190218T,263686.0,263686.0,263686.0,263686.0,0
20190219T,266576.0,266576.0,266576.0,266576.0,0
20190220T,265745.0,265745.0,265745.0,265745.0,0
20190221T,261391.0,261391.0,261391.0,261391.0,0
20190222T,260013.0,260013.0,260013.0,260013.0,0
20190225T,259488.0,259488.0,259488.0,259488.0,0
20190226T,250180.0,250180.0,250180.0,250180.0,0
20190227T,237846.0,237846.0,237846.0,237846.0,0
20190228T,72728.0,72728.0,72728.0,72728.0,0
20190301T,106671.0,106671.0,106671.0,106671.0,0
20190305T,128697.0,128697.0,128697.0,128697.0,0
20190306T,145538.0,145538.0,145538.0,145538.0,0
20190307T,162641.0,162641.0,162641.0,162641.0,0
20190308T,178114.0,178114.0,178114.0,178114.0,0
20190311T,182916.0,182916.0,182916.0,182916.0,0
20190312T,191364.0,191364.0,191364.0,191364.0,0
20190313T,203449.0,203449.0,203449.0,203449.0,0
20190314T,214889.0,214889.0,214889.0,214889.0,0
20190315T,218988.0,218988.0,218988.0,218988.0,0
20190318T,230654.0,230654.0,230654.0,230654.0,0
20190319T,236480.0,236480.0,236480.0,236480.0,0
20190320T,246100.0,246100.0,246100.0,246100.0,0
20190322T,252603.0,252603.0,252603.0,252603.0,0
20190325T,249219.0,249219.0,249219.0,249219.0,0
20190326T,239486.0,239486.0,239486.0,239486.0,0
20190327T,232287.0,232287.0,232287.0,232287.0,0
20190328T,72805.0,72805.0,72805.0,72805.0,0
20190329T,103131.0,103131.0,103131.0,103131.0,0
20190401T,128611.0,128611.0,128611.0,128611.0,0
20190402T,150763.0,150763.0,150763.0,150763.0,0
20190403T,167405.0,167405.0,167405.0,167405.0,0
20190404T,181435.0,181435.0,181435.0,181435.0,0
20190405T,193871.0,193871.0,193871.0,193871.0,0
20190408T,206831.0,206831.0,206831.0,206831.0,0
20190409T,214953.0,214953.0,214953.0,214953.0,0
20190410T,228959.0,228959.0,228959.0,228959.0,0
20190411T,238283.0,238283.0,238283.0,238283.0,0
20190412T,247734.0,247734.0,247734.0,247734.0,0
20190415T,252474.0,252474.0,252474.0,252474.0,0
20190416T,253559.0,253559.0,253559.0,253559.0,0
20190418T,256224.0,256224.0,256224.0,256224.0,0
20190422T,259066.0,259066.0,259066.0,259066.0,0
20190423T,253929.0,253929.0,253929.0,253929.0,0
20190424T,238947.0,238947.0,238947.0,238947.0,0
20190425T,75712.0,75712.0,75712.0,75712.0,0
20190426T,109231.0,109231.0,109231.0,109231.0,0
20190430T,134087.0,134087.0,134087.0,134087.0,0
20190502T,151952.0,151952.0,151952.0,151952.0,0
20190503T,166840.0,166840.0,166840.0,166840.0,0
20190506T,179370.0,179370.0,179370.0,179370.0,0
20190507T,188393.0,188393.0,188393.0,188393.0,0
20190508T,196350.0,196350.0,196350.0,196350.0,0
20190509T,201576.0,201576.0,201576.0,201576.0,0
20190510T,210109.0,210109.0,210109.0,210109.0,0
20190513T,213989.0,213989.0,213989.0,213989.0,0
20190514T,215647.0,215647.0,215647.0,215647.0,0
20190515T,220783.0,220783.0,220783.0,220783.0,0
20190516T,227526.0,227526.0,227526.0,227526.0,0
20190517T,230313.0,230313.0,230313.0,230313.0,0
20190520T,235814.0,235814.0,235814.0,235814.0,0
20190521T,246445.0,246445.0,246445.0,246445.0,0
20190522T,258004.0,258004.0,258004.0,258004.0,0
20190523T,282096.0,282096.0,282096.0,282096.0,0
20190524T,268811.0,268811.0,268811.0,268811.0,0
20190527T,268797.0,268797.0,268797.0,268797.0,0
20190528T,267104.0,267104.0,267104.0,267104.0,0
20190529T,259623.0,259623.0,259623.0,259623.0,0
20190530T,90095.0,90095.0,90095.0,90095.0,0
20190531T,120847.0,120847.0,120847.0,120847.0,0
20190603T,140809.0,140809.0,140809.0,140809.0,0
20190604T,154319.0,154319.0,154319.0,154319.0,0
20190606T,173405.0,173405.0,173405.0,173405.0,0
20190607T,184973.0,184973.0,184973.0,184973.0,0
20190610T,196179.0,196179.0,196179.0,196179.0,0
20190611T,203522.0,203522.0,203522.0,203522.0,0
20190612T,212522.0,212522.0,212522.0,212522.0,0
20190613T,224423.0,224423.0,224423.0,224423.0,0
20190614T,236058.0,236058.0,236058.0,236058.0,0
20190617T,247804.0,247804.0,247804.0,247804.0,0
20190618T,251647.0,251647.0,251647.0,251647.0,0
20190619T,254731.0,254731.0,254731.0,254731.0,0
20190620T,249006.0,249006.0,249006.0,249006.0,0
20190621T,252634.0,252634.0,252634.0,252634.0,0
20190624T,251138.0,251138.0,251138.0,251138.0,0
20190625T,237217.0,237217.0,237217.0,237217.0,0
20190626T,225035.0,225035.0,225035.0,225035.0,0
20190627T,70870.0,70870.0,70870.0,70870.0,0
20190628T,99200.0,99200.0,99200.0,99200.0,0
20190701T,116506.0,116506.0,116506.0,116506.0,0
20190702T,129810.0,129810.0,129810.0,129810.0,0
20190703T,139836.0,139836.0,139836.0,139836.0,0
20190704T,150734.0,150734.0,150734.0,150734.0,0
20190705T,173375.0,173375.0,173375.0,173375.0,0
20190708T,187015.0,187015.0,187015.0,187015.0,0
20190709T,202309.0,202309.0,202309.0,202309.0,0
20190710T,215295.0,215295.0,215295.0,215295.0,0
20190711T,223467.0,223467.0,223467.0,223467.0,0
20190712T,231826.0,231826.0,231826.0,231826.0,0
20190715T,237190.0,237190.0,237190.0,237190.0,0
20190716T,242985.0,242985.0,242985.0,242985.0,0
20190717T,256264.0,256264.0,256264.0,256264.0,0
20190718T,271486.0,271486.0,271486.0,271486.0,0
20190719T,269407.0,269407.0,269407.0,269407.0,0
20190722T,255563.0,255563.0,255563.0,255563.0,0
20190723T,249850.0,249850.0,249850.0,249850.0,0
20190724T,239321.0,239321.0,239321.0,239321.0,0
20190725T,80580.0,80580.0,80580.0,80580.0,0
20190726T,113739.0,113739.0,113739.0,113739.0,0
20190729T,132261.0,132261.0,132261.0,132261.0,0
20190730T,151056.0,151056.0,151056.0,151056.0,0
20190731T,165724.0,165724.0,165724.0,165724.0,0
20190801T,177333.0,177333.0,177333.0,177333.0,0
20190802T,184610.0,184610.0,184610.0,184610.0,0
20190805T,195533.0,195533.0,195533.0,195533.0,0
20190806T,202666.0,202666.0,202666.0,202666.0,0
20190807T,212135.0,212135.0,212135.0,212135.0,0
20190808T,213851.0,213851.0,213851.0,213851.0,0
20190809T,219376.0,219376.0,219376.0,219376.0,0
20190813T,237061.0,237061.0,237061.0,237061.0,0
20190814T,243028.0,243028.0,243028.0,243028.0,0
20190816T,243551.0,243551.0,243551.0,243551.0,0
20190819T,249401.0,249401.0,249401.0,249401.0,0
20190820T,255919.0,255919.0,255919.0,255919.0,0
20190821T,259357.0,259357.0,259357.0,259357.0,0
20190822T,260457.0,260457.0,260457.0,260457.0,0
20190823T,250149.0,250149.0,250149.0,250149.0,0
20190826T,240039.0,240039.0,240039.0,240039.0,0
20190827T,234454.0,234454.0,234454.0,234454.0,0
20190828T,233254.0,233254.0,233254.0,233254.0,0
20190829T,245684.0,245684.0,245684.0,245684.0,0
20190830T,105138.0,105138.0,105138.0,105138.0,0
20190903T,126233.0,126233.0,126233.0,126233.0,0
20190904T,143316.0,143316.0,143316.0,143316.0,0
20190905T,157593.0,157593.0,157593.0,157593.0,0
20190906T,168456.0,168456.0,168456.0,168456.0,0
20190909T,177997.0,177997.0,177997.0,177997.0,0
20190911T,187531.0,187531.0,187531.0,187531.0,0
20190912T,194448.0,194448.0,194448.0,194448.0,0
20190913T,200135.0,200135.0,200135.0,200135.0,0
20190916T,211727.0,211727.0,211727.0,211727.0,0
20190917T,221608.0,221608.0,221608.0,221608.0,0
20190918T,230328.0,230328.0,230328.0,230328.0,0
20190919T,239020.0,239020.0,239020.0,239020.0,0
20190920T,192351.0,192351.0,192351.0,192351.0,0
20190923T,191551.0,191551.0,191551.0,191551.0,0
20190924T,196873.0,196873.0,196873.0,196873.0,0
20190925T,201754.0,201754.0,201754.0,201754.0,0
20190926T,93503.0,93503.0,93503.0,93503.0,0
20190927T,122636.0,122636.0,122636.0,122636.0,0
20190930T,146185.0,146185.0,146185.0,146185.0,0
20191001T,163076.0,163076.0,163076.0,163076.0,0
20191003T,178495.0,178495.0,178495.0,178495.0,0
20191004T,190492.0,190492.0,190492.0,190492.0,0
20191007T,203105.0,203105.0,203105.0,203105.0,0
20191009T,207648.0,207648.0,207648.0,207648.0,0
20191010T,224256.0,224256.0,224256.0,224256.0,0
20191011T,233366.0,233366.0,233366.0,233366.0,0
20191014T,241833.0,241833.0,241833.0,241833.0,0
20191015T,249837.0,249837.0,249837.0,249837.0,0
20191016T,255016.0,255016.0,255016.0,255016.0,0
20191017T,247718.0,247718.0,247718.0,247718.0,0
20191018T,243395.0,243395.0,243395.0,243395.0,0
20191022T,258450.0,258450.0,258450.0,258450.0,0
20191023T,267996.0,267996.0,267996.0,267996.0,0
20191024T,275713.0,275713.0,275713.0,275713.0,0
20191025T,274847.0,274847.0,274847.0,274847.0,0
20191029T,240184.0,240184.0,240184.0,240184.0,0
20191030T,221236.0,221236.0,221236.0,221236.0,0
20191031T,108537.0,108537.0,108537.0,108537.0,0
20191101T,142374.0,142374.0,142374.0,142374.0,0
20191104T,166621.0,166621.0,166621.0,166621.0,0
20191105T,185990.0,185990.0,185990.0,185990.0,0
20191106T,203385.0,203385.0,203385.0,203385.0,0
20191107T,215640.0,215640.0,215640.0,215640.0,0
20191108T,231202.0,231202.0,231202.0,231202.0,0
20191111T,243736.0,243736.0,243736.0,243736.0,0
20191113T,258232.0,258232.0,258232.0,258232.0,0
20191114T,266819.0,266819.0,266819.0,266819.0,0
20191115T,273987.0,273987.0,273987.0,273987.0,0
20191118T,282387.0,282387.0,282387.0,282387.0,0
20191119T,287899.0,287899.0,287899.0,287899.0,0
20191120T,293027.0,293027.0,293027.0,293027.0,0
20191121T,299479.0,299479.0,299479.0,299479.0,0
20191122T,297282.0,297282.0,297282.0,297282.0,0
20191125T,280672.0,280672.0,280672.0,280672.0,0
20191126T,274115.0,274115.0,274115.0,274115.0,0
20191127T,247094.0,247094.0,247094.0,247094.0,0
20191128T,110117.0,110117.0,110117.0,110117.0,0
20191129T,148511.0,148511.0,148511.0,148511.0,0
20191202T,178081.0,178081.0,178081.0,178081.0,0
20191203T,198249.0,198249.0,198249.0,198249.0,0
20191204T,207999.0,207999.0,207999.0,207999.0,0
20191205T,222146.0,222146.0,222146.0,222146.0,0
20191206T,238921.0,238921.0,238921.0,238921.0,0
20191209T,248478.0,248478.0,248478.0,248478.0,0
20191210T,261674.0,261674.0,261674.0,261674.0,0
20191211T,278432.0,278432.0,278432.0,278432.0,0
20191212T,276243.0,276243.0,276243.0,276243.0,0
20191213T,265081.0,265081.0,265081.0,265081.0,0
20191216T,278638.0,278638.0,278638.0,278638.0,0
20191217T,282156.0,282156.0,282156.0,282156.0,0
20191218T,286300.0,286300.0,286300.0,286300.0,0
20191219T,281396.0,281396.0,281396.0,281396.0,0
20191220T,270868.0,270868.0,270868.0,270868.0,0
20191223T,259913.0,259913.0,259913.0,259913.0,0
20191224T,227240.0,227240.0,227240.0,227240.0,0
20191226T,72613.0,72613.0,72613.0,72613.0,0
20191227T,95370.0,95370.0,95370.0,95370.0,0
20191230T,109485.0,109485.0,109485.0,109485.0,0
20191231T,121330.0,121330.0,121330.0,121330.0,0
20200101T,131212.0,131212.0,131212.0,131212.0,0
20200102T,139785.0,139785.0,139785.0,139785.0,0
20200103T,151599.0,151599.0,151599.0,151599.0,0
20200106T,159807.0,159807.0,159807.0,159807.0,0
20200107T,168742.0,168742.0,168742.0,168742.0,0
20200108T,175467.0,175467.0,175467.0,175467.0,0
20200109T,178635.0,178635.0,178635.0,178635.0,0
20200110T,186446.0,186446.0,186446.0,186446.0,0
20200113T,195114.0,195114.0,195114.0,195114.0,0
20200114T,206893.0,206893.0,206893.0,206893.0,0
20200115T,220489.0,220489.0,220489.0,220489.0,0
20200116T,231568.0,231568.0,231568.0,231568.0,0
20200117T,243736.0,243736.0,243736.0,243736.0,0
20200120T,259729.0,259729.0,259729.0,259729.0,0
20200121T,264970.0,264970.0,264970.0,264970.0,0
20200122T,270923.0,270923.0,270923.0,270923.0,0
20200123T,267081.0,267081.0,267081.0,267081.0,0
20200124T,256214.0,256214.0,256214.0,256214.0,0
20200127T,253211.0,253211.0,253211.0,253211.0,0
20200128T,246989.0,246989.0,246989.0,246989.0,0
20200129T,223267.0,223267.0,223267.0,223267.0,0
20200130T,92557.0,92557.0,92557.0,92557.0,0
20200131T,121296.0,121296.0,121296.0,121296.0,0
20200203T,169355.0,169355.0,169355.0,169355.0,0
20200204T,182808.0,182808.0,182808.0,182808.0,0
20200205T,189219.0,189219.0,189219.0,189219.0,0
20200206T,198833.0,198833.0,198833.0,198833.0,0
20200207T,212412.0,212412.0,212412.0,212412.0,0
20200210T,226390.0,226390.0,226390.0,226390.0,0
20200211T,231463.0,231463.0,231463.0,231463.0,0
20200212T,239093.0,239093.0,239093.0,239093.0,0
20200213T,247133.0,247133.0,247133.0,247133.0,0
20200214T,257256.0,257256.0,257256.0,257256.0,0
20200217T,269623.0,269623.0,269623.0,269623.0,0
20200218T,273909.0,273909.0,273909.0,273909.0,0
20200219T,272989.0,272989.0,272989.0,272989.0,0
20200220T,265118.0,265118.0,265118.0,265118.0,0
20200224T,263945.0,263945.0,263945.0,263945.0,0
20200225T,258055.0,258055.0,258055.0,258055.0,0
20200226T,235547.0,235547.0,235547.0,235547.0,0
20200227T,90385.0,90385.0,90385.0,90385.0,0
20200228T,113921.0,113921.0,113921.0,113921.0,0
20200302T,132405.0,132405.0,132405.0,132405.0,0
20200303T,142614.0,142614.0,142614.0,142614.0,0
20200304T,154878.0,154878.0,154878.0,154878.0,0
20200305T,163851.0,163851.0,163851.0,163851.0,0
20200306T,171786.0,171786.0,171786.0,171786.0,0
20200309T,180666.0,180666.0,180666.0,180666.0,0
20200311T,189578.0,189578.0,189578.0,189578.0,0
20200312T,183944.0,183944.0,183944.0,183944.0,0
20200313T,180458.0,180458.0,180458.0,180458.0,0
20200316T,187687.0,187687.0,187687.0,187687.0,0
20200317T,191015.0,191015.0,191015.0,191015.0,0
20200318T,192845.0,192845.0,192845.0,192845.0,0
20200319T,193204.0,193204.0,193204.0,193204.0,0
20200320T,188997.0,188997.0,188997.0,188997.0,0
20200323T,170430.0,170430.0,170430.0,170430.0,0
20200324T,163481.0,163481.0,163481.0,163481.0,0
20200325T,148047.0,148047.0,148047.0,148047.0,0
20200326T,31538.0,31538.0,31538.0,31538.0,0
20200327T,47289.0,47289.0,47289.0,47289.0,0
20200330T,57021.0,57021.0,57021.0,57021.0,0
20200331T,65322.0,65322.0,65322.0,65322.0,0
20200401T,71828.0,71828.0,71828.0,71828.0,0
20200403T,81412.0,81412.0,81412.0,81412.0,0
20200407T,87744.0,87744.0,87744.0,87744.0,0
20200408T,92357.0,92357.0,92357.0,92357.0,0
20200409T,97576.0,97576.0,97576.0,97576.0,0
20200413T,109999.0,109999.0,109999.0,109999.0,0
20200415T,118772.0,118772.0,118772.0,118772.0,0
20200416T,127659.0,127659.0,127659.0,127659.0,0
20200417T,132696.0,132696.0,132696.0,132696.0,0
20200420T,142756.0,142756.0,142756.0,142756.0,0
20200421T,150596.0,150596.0,150596.0,150596.0,0
20200422T,156428.0,156428.0,156428.0,156428.0,0
20200423T,161670.0,161670.0,161670.0,161670.0,0
20200424T,163877.0,163877.0,163877.0,163877.0,0
20200427T,169144.0,169144.0,169144.0,169144.0,0
20200428T,161025.0,161025.0,161025.0,161025.0,0
20200429T,146582.0,146582.0,146582.0,146582.0,0
20200430T,77771.0,77771.0,77771.0,77771.0,0
20200504T,105400.0,105400.0,105400.0,105400.0,0
20200505T,125364.0,125364.0,125364.0,125364.0,0
20200506T,139126.0,139126.0,139126.0,139126.0,0
20200507T,154371.0,154371.0,154371.0,154371.0,0
20200508T,165848.0,165848.0,165848.0,165848.0,0
20200511T,176504.0,176504.0,176504.0,176504.0,0
20200512T,181457.0,181457.0,181457.0,181457.0,0
20200513T,179783.0,179783.0,179783.0,179783.0,0
20200514T,196079.0,196079.0,196079.0,196079.0,0
20200515T,206610.0,206610.0,206610.0,206610.0,0
20200518T,221448.0,221448.0,221448.0,221448.0,0
20200519T,226227.0,226227.0,226227.0,226227.0,0
20200520T,223655.0,223655.0,223655.0,223655.0,0
20200521T,221666.0,221666.0,221666.0,221666.0,0
20200522T,224008.0,224008.0,224008.0,224008.0,0
20200526T,219117.0,219117.0,219117.0,219117.0,0
20200527T,189269.0,189269.0,189269.0,189269.0,0
20200528T,81999.0,81999.0,81999.0,81999.0,0
20200529T,105978.0,105978.0,105978.0,105978.0,0
20200601T,124419.0,124419.0,124419.0,124419.0,0
20200602T,141791.0,141791.0,141791.0,141791.0,0
20200603T,154083.0,154083.0,154083.0,154083.0,0
20200604T,167887.0,167887.0,167887.0,167887.0,0
20200605T,183076.0,183076.0,183076.0,183076.0,0
20200608T,195718.0,195718.0,195718.0,195718.0,0
20200609T,206227.0,206227.0,206227.0,206227.0,0
20200610T,218690.0,218690.0,218690.0,218690.0,0
20200611T,234164.0,234164.0,234164.0,234164.0,0
20200612T,242115.0,242115.0,242115.0,242115.0,0
20200615T,261599.0,261599.0,261599.0,261599.0,0
20200616T,264008.0,264008.0,264008.0,264008.0,0
20200617T,272371.0,272371.0,272371.0,272371.0,0
20200618T,265957.0,265957.0,265957.0,265957.0,0
20200619T,252273.0,252273.0,252273.0,252273.0,0
20200622T,246749.0,246749.0,246749.0,246749.0,0
20200623T,237116.0,237116.0,237116.0,237116.0,0
20200624T,207163.0,207163.0,207163.0,207163.0,0
20200625T,90066.0,90066.0,90066.0,90066.0,0
20200626T,121697.0,121697.0,121697.0,121697.0,0
20200629T,140871.0,140871.0,140871.0,140871.0,0
20200630T,153340.0,153340.0,153340.0,153340.0,0
20200701T,166012.0,166012.0,166012.0,166012.0,0
20200702T,175388.0,175388.0,175388.0,175388.0,0
20200703T,185861.0,185861.0,185861.0,185861.0,0
20200706T,196552.0,196552.0,196552.0,196552.0,0
20200707T,203569.0,203569.0,203569.0,203569.0,0
20200708T,212391.0,212391.0,212391.0,212391.0,0
20200709T,228444.0,228444.0,228444.0,228444.0,0
20200710T,242771.0,242771.0,242771.0,242771.0,0
20200713T,251860.0,251860.0,251860.0,251860.0,0
20200714T,264960.0,264960.0,264960.0,264960.0,0
20200715T,273924.0,273924.0,273924.0,273924.0,0
20200716T,278623.0,278623.0,278623.0,278623.0,0
20200717T,282274.0,282274.0,282274.0,282274.0,0
20200720T,290345.0,290345.0,290345.0,290345.0,0
20200721T,295436.0,295436.0,295436.0,295436.0,0
20200722T,303024.0,303024.0,303024.0,303024.0,0
20200723T,305324.0,305324.0,305324.0,305324.0,0
20200724T,317365.0,317365.0,317365.0,317365.0,0
20200727T,316227.0,316227.0,316227.0,316227.0,0
20200728T,290091.0,290091.0,290091.0,290091.0,0
20200729T,249936.0,249936.0,249936.0,249936.0,0
20200730T,116961.0,116961.0,116961.0,116961.0,0
20200803T,180620.0,180620.0,180620.0,180620.0,0
20200804T,195313.0,195313.0,195313.0,195313.0,0
20200805T,206320.0,206320.0,206320.0,206320.0,0
20200806T,219451.0,219451.0,219451.0,219451.0,0
20200807T,236530.0,236530.0,236530.0,236530.0,0
20200810T,247929.0,247929.0,247929.0,247929.0,0
20200811T,261129.0,261129.0,261129.0,261129.0,0
20200812T,273103.0,273103.0,273103.0,273103.0,0
20200813T,284972.0,284972.0,284972.0,284972.0,0
20200814T,298551.0,298551.0,298551.0,298551.0,0
20200817T,312565.0,312565.0,312565.0,312565.0,0
20200818T,314255.0,314255.0,314255.0,314255.0,0
20200819T,321796.0,321796.0,321796.0,321796.0,0
20200820T,331532.0,331532.0,331532.0,331532.0,0
20200821T,317669.0,317669.0,317669.0,317669.0,0
20200824T,299276.0,299276.0,299276.0,299276.0,0
20200825T,279836.0,279836.0,279836.0,279836.0,0
20200826T,248312.0,248312.0,248312.0,248312.0,0
20200827T,121966.0,121966.0,121966.0,121966.0,0
20200828T,160205.0,160205.0,160205.0,160205.0,0
20200831T,185591.0,185591.0,185591.0,185591.0,0
20200901T,205178.0,205178.0,205178.0,205178.0,0
20200902T,223061.0,223061.0,223061.0,223061.0,0
20200903T,239711.0,239711.0,239711.0,239711.0,0
20200904T,260635.0,260635.0,260635.0,260635.0,0
20200907T,276326.0,276326.0,276326.0,276326.0,0
20200908T,286915.0,286915.0,286915.0,286915.0,0
20200909T,298817.0,298817.0,298817.0,298817.0,0
20200910T,309569.0,309569.0,309569.0,309569.0,0
20200911T,325095.0,325095.0,325095.0,325095.0,0
20200914T,338971.0,338971.0,338971.0,338971.0,0
20200915T,346738.0,346738.0,346738.0,346738.0,0
20200916T,354299.0,354299.0,354299.0,354299.0,0
20200917T,367890.0,367890.0,367890.0,367890.0,0
20200918T,346372.0,346372.0,346372.0,346372.0,0
20200921T,338068.0,338068.0,338068.0,338068.0,0
20200922T,321488.0,321488.0,321488.0,321488.0,0
20200923T,287302.0,287302.0,287302.0,287302.0,0
20200924T,108995.0,108995.0,108995.0,108995.0,0
20200925T,138113.0,138113.0,138113.0,138113.0,0
20200928T,154982.0,154982.0,154982.0,154982.0,0
20200929T,170071.0,170071.0,170071.0,170071.0,0
20200930T,185911.0,185911.0,185911.0,185911.0,0
20201001T,194861.0,194861.0,194861.0,194861.0,0
20201005T,212518.0,212518.0,212518.0,212518.0,0
20201006T,228735.0,228735.0,228735.0,228735.0,0
20201007T,244761.0,244761.0,244761.0,244761.0,0
20201008T,258705.0,258705.0,258705.0,258705.0,0
20201009T,271986.0,271986.0,271986.0,271986.0,0
20201012T,287284.0,287284.0,287284.0,287284.0,0
20201013T,302276.0,302276.0,302276.0,302276.0,0
20201014T,312454.0,312454.0,312454.0,312454.0,0
20201015T,320318.0,320318.0,320318.0,320318.0,0
20201016T,330723.0,330723.0,330723.0,330723.0,0
20201019T,336912.0,336912.0,336912.0,336912.0,0
20201020T,341862.0,341862.0,341862.0,341862.0,0
20201021T,337751.0,337751.0,337751.0,337751.0,0
20201022T,344997.0,344997.0,344997.0,344997.0,0
20201023T,335664.0,335664.0,335664.0,335664.0,0
20201026T,326331.0,326331.0,326331.0,326331.0,0
20201027T,308665.0,308665.0,308665.0,308665.0,0
20201028T,280698.0,280698.0,280698.0,280698.0,0
20201029T,119400.0,119400.0,119400.0,119400.0,0
20201030T,158194.0,158194.0,158194.0,158194.0,0
20201102T,187376.0,187376.0,187376.0,187376.0,0
20201103T,208848.0,208848.0,208848.0,208848.0,0
20201104T,224033.0,224033.0,224033.0,224033.0,0
20201105T,235558.0,235558.0,235558.0,235558.0,0
20201106T,246344.0,246344.0,246344.0,246344.0,0
20201109T,264666.0,264666.0,264666.0,264666.0,0
20201110T,270504.0,270504.0,270504.0,270504.0,0
20201111T,280549.0,280549.0,280549.0,280549.0,0
20201112T,304514.0,304514.0,304514.0,304514.0,0
20201113T,321503.0,321503.0,321503.0,321503.0,0
20201117T,328073.0,328073.0,328073.0,328073.0,0
20201118T,331192.0,331192.0,331192.0,331192.0,0
20201119T,343028.0,343028.0,343028.0,343028.0,0
20201120T,344137.0,344137.0,344137.0,344137.0,0
20201123T,332651.0,332651.0,332651.0,332651.0,0
20201124T,320639.0,320639.0,320639.0,320639.0,0
20201125T,276565.0,276565.0,276565.0,276565.0,0
20201126T,131388.0,131388.0,131388.0,131388.0,0
20201127T,167624.0,167624.0,167624.0,167624.0,0
20201201T,190155.0,190155.0,190155.0,190155.0,0
20201202T,206717.0,206717.0,206717.0,206717.0,0
20201203T,222008.0,222008.0,222008.0,222008.0,0
20201204T,239274.0,239274.0,239274.0,239274.0,0
20201207T,255930.0,255930.0,255930.0,255930.0,0
20201208T,271075.0,271075.0,271075.0,271075.0,0
20201209T,280004.0,280004.0,280004.0,280004.0,0
20201210T,297196.0,297196.0,297196.0,297196.0,0
20201211T,312459.0,312459.0,312459.0,312459.0,0
20201214T,326967.0,326967.0,326967.0,326967.0,0
20201215T,342371.0,342371.0,342371.0,342371.0,0
20201216T,349276.0,349276.0,349276.0,349276.0,0
20201217T,363423.0,363423.0,363423.0,363423.0,0
20201218T,368670.0,368670.0,368670.0,368670.0,0
20201221T,360982.0,360982.0,360982.0,360982.0,0
20201222T,362271.0,362271.0,362271.0,362271.0,0
20201223T,369684.0,369684.0,369684.0,369684.0,0
20201224T,353274.0,353274.0,353274.0,353274.0,0
20201228T,348216.0,348216.0,348216.0,348216.0,0
20201229T,337260.0,337260.0,337260.0,337260.0,0
20201230T,296318.0,296318.0,296318.0,296318.0,0
20201231T,140717.0,140717.0,140717.0,140717.0,0
20210101T,176789.0,176789.0,176789.0,176789.0,0
20210104T,201912.0,201912.0,201912.0,201912.0,0
20210105T,226644.0,226644.0,226644.0,226644.0,0
20210106T,257247.0,257247.0,257247.0,257247.0,0
20210107T,281214.0,281214.0,281214.0,281214.0,0
20210108T,300136.0,300136.0,300136.0,300136.0,0
20210111T,318790.0,318790.0,318790.0,318790.0,0
20210112T,334377.0,334377.0,334377.0,334377.0,0
20210113T,354437.0,354437.0,354437.0,354437.0,0
20210114T,376777.0,376777.0,376777.0,376777.0,0
20210115T,398465.0,398465.0,398465.0,398465.0,0
20210118T,413989.0,413989.0,413989.0,413989.0,0
20210119T,413663.0,413663.0,413663.0,413663.0,0
20210120T,412441.0,412441.0,412441.0,412441.0,0
20210121T,399148.0,399148.0,399148.0,399148.0,0
20210122T,408940.0,408940.0,408940.0,408940.0,0
20210125T,401708.0,401708.0,401708.0,401708.0,0
20210127T,350682.0,350682.0,350682.0,350682.0,0
20210128T,143011.0,143011.0,143011.0,143011.0,0
20210129T,187159.0,187159.0,187159.0,187159.0,0
20210201T,213944.0,213944.0,213944.0,213944.0,0
20210202T,238334.0,238334.0,238334.0,238334.0,0
20210203T,263916.0,263916.0,263916.0,263916.0,0
20210204T,293022.0,293022.0,293022.0,293022.0,0
20210205T,312279.0,312279.0,312279.0,312279.0,0
20210208T,338980.0,338980.0,338980.0,338980.0,0
20210209T,356660.0,356660.0,356660.0,356660.0,0
20210210T,375524.0,375524.0,375524.0,375524.0,0
20210211T,389853.0,389853.0,389853.0,389853.0,0
20210212T,407523.0,407523.0,407523.0,407523.0,0
20210215T,411779.0,411779.0,411779.0,411779.0,0
20210216T,422822.0,422822.0,422822.0,422822.0,0
20210217T,430031.0,430031.0,430031.0,430031.0,0
20210218T,434072.0,434072.0,434072.0,434072.0,0
20210219T,422170.0,422170.0,422170.0,422170.0,0
20210222T,420241.0,420241.0,420241.0,420241.0,0
20210223T,405121.0,405121.0,405121.0,405121.0,0
20210224T,361548.0,361548.0,361548.0,361548.0,0
20210225T,167745.0,167745.0,167745.0,167745.0,0
20210226T,213954.0,213954.0,213954.0,213954.0,0
20210301T,248311.0,248311.0,248311.0,248311.0,0
20210302T,267172.0,267172.0,267172.0,267172.0,0
20210303T,278240.0,278240.0,278240.0,278240.0,0
20210304T,304042.0,304042.0,304042.0,304042.0,0
20210305T,330611.0,330611.0,330611.0,330611.0,0
20210308T,352372.0,352372.0,352372.0,352372.0,0
20210309T,365363.0,365363.0,365363.0,365363.0,0
20210310T,375771.0,375771.0,375771.0,375771.0,0
20210312T,395753.0,395753.0,395753.0,395753.0,0
20210315T,405957.0,405957.0,405957.0,405957.0,0
20210316T,413837.0,413837.0,413837.0,413837.0,0
20210317T,415932.0,415932.0,415932.0,415932.0,0
20210318T,399909.0,399909.0,399909.0,399909.0,0
20210319T,379398.0,379398.0,379398.0,379398.0,0
20210322T,378924.0,378924.0,378924.0,378924.0,0
20210323T,362454.0,362454.0,362454.0,362454.0,0
20210324T,329301.0,329301.0,329301.0,329301.0,0
20210325T,125886.0,125886.0,125886.0,125886.0,0
20210326T,157911.0,157911.0,157911.0,157911.0,0
20210330T,177250.0,177250.0,177250.0,177250.0,0
20210331T,212396.0,212396.0,212396.0,212396.0,0
20210401T,227513.0,227513.0,227513.0,227513.0,0
20210405T,248152.0,248152.0,248152.0,248152.0,0
20210406T,270833.0,270833.0,270833.0,270833.0,0
20210407T,284542.0,284542.0,284542.0,284542.0,0
20210408T,296018.0,296018.0,296018.0,296018.0,0
20210409T,320285.0,320285.0,320285.0,320285.0,0
20210412T,340600.0,340600.0,340600.0,340600.0,0
20210413T,352897.0,352897.0,352897.0,352897.0,0
20210415T,363777.0,363777.0,363777.0,363777.0,0
20210416T,375955.0,375955.0,375955.0,375955.0,0
20210419T,391177.0,391177.0,391177.0,391177.0,0
20210420T,399547.0,399547.0,399547.0,399547.0,0
20210422T,400927.0,400927.0,400927.0,400927.0,0
20210423T,396874.0,396874.0,396874.0,396874.0,0
20210426T,384713.0,384713.0,384713.0,384713.0,0
20210427T,368842.0,368842.0,368842.0,368842.0,0
20210428T,329563.0,329563.0,329563.0,329563.0,0
20210429T,145799.0,145799.0,145799.0,145799.0,0
20210430T,226244.0,226244.0,226244.0,226244.0,0
20210503T,262616.0,262616.0,262616.0,262616.0,0
20210504T,289208.0,289208.0,289208.0,289208.0,0
20210505T,311362.0,311362.0,311362.0,311362.0,0
20210506T,328390.0,328390.0,328390.0,328390.0,0
20210507T,343052.0,343052.0,343052.0,343052.0,0
20210510T,364181.0,364181.0,364181.0,364181.0,0
20210511T,388072.0,388072.0,388072.0,388072.0,0
20210512T,419976.0,419976.0,419976.0,419976.0,0
20210514T,460284.0,460284.0,460284.0,460284.0,0
20210517T,475242.0,475242.0,475242.0,475242.0,0
20210518T,473775.0,473775.0,473775.0,473775.0,0
20210519T,497068.0,497068.0,497068.0,497068.0,0
20210520T,519527.0,519527.0,519527.0,519527.0,0
20210521T,492608.0,492608.0,492608.0,492608.0,0
20210524T,477979.0,477979.0,477979.0,477979.0,0
20210525T,464147.0,464147.0,464147.0,464147.0,0
20210526T,430564.0,430564.0,430564.0,430564.0,0
20210527T,224408.0,224408.0,224408.0,224408.0,0
20210528T,282875.0,282875.0,282875.0,282875.0,0
20210531T,327520.0,327520.0,327520.0,327520.0,0
20210601T,354281.0,354281.0,354281.0,354281.0,0
20210602T,377808.0,377808.0,377808.0,377808.0,0
20210603T,397412.0,397412.0,397412.0,397412.0,0
20210604T,425543.0,425543.0,425543.0,425543.0,0
20210607T,454241.0,454241.0,454241.0,454241.0,0
20210608T,482100.0,482100.0,482100.0,482100.0,0
20210609T,504614.0,504614.0,504614.0,504614.0,0
20210610T,520206.0,520206.0,520206.0,520206.0,0
20210611T,545334.0,545334.0,545334.0,545334.0,0
20210614T,570823.0,570823.0,570823.0,570823.0,0
20210615T,598150.0,598150.0,598150.0,598150.0,0
20210616T,617042.0,617042.0,617042.0,617042.0,0
20210617T,636114.0,636114.0,636114.0,636114.0,0
20210618T,608663.0,608663.0,608663.0,608663.0,0
20210621T,588910.0,588910.0,588910.0,588910.0,0
20210622T,556698.0,556698.0,556698.0,556698.0,0
20210623T,497115.0,497115.0,497115.0,497115.0,0
20210624T,252127.0,252127.0,252127.0,252127.0,0
20210625T,318983.0,318983.0,318983.0,318983.0,0
20210628T,361556.0,361556.0,361556.0,361556.0,0
20210629T,393372.0,393372.0,393372.0,393372.0,0
20210630T,417570.0,417570.0,417570.0,417570.0,0
20210701T,439855.0,439855.0,439855.0,439855.0,0
20210702T,460197.0,460197.0,460197.0,460197.0,0
20210705T,474459.0,474459.0,474459.0,474459.0,0
20210706T,490089.0,490089.0,490089.0,490089.0,0
20210707T,512346.0,512346.0,512346.0,512346.0,0
20210708T,533757.0,533757.0,533757.0,533757.0,0
20210709T,553616.0,553616.0,553616.0,553616.0,0
20210712T,568089.0,568089.0,568089.0,568089.0,0
20210713T,576350.0,576350.0,576350.0,576350.0,0
20210714T,592354.0,592354.0,592354.0,592354.0,0
20210715T,598715.0,598715.0,598715.0,598715.0,0
20210716T,617087.0,617087.0,617087.0,617087.0,0
20210719T,643713.0,643713.0,643713.0,643713.0,0
20210720T,651226.0,651226.0,651226.0,651226.0,0
20210722T,648584.0,648584.0,648584.0,648584.0,0
20210723T,639624.0,639624.0,639624.0,639624.0,0
20210726T,632467.0,632467.0,632467.0,632467.0,0
20210727T,608450.0,608450.0,608450.0,608450.0,0
20210728T,559404.0,559404.0,559404.0,559404.0,0
20210729T,273540.0,273540.0,273540.0,273540.0,0
20210730T,335268.0,335268.0,335268.0,335268.0,0
20210802T,377693.0,377693.0,377693.0,377693.0,0
20210803T,404703.0,404703.0,404703.0,404703.0,0
20210804T,430634.0,430634.0,430634.0,430634.0,0
20210805T,463249.0,463249.0,463249.0,463249.0,0
20210806T,503033.0,503033.0,503033.0,503033.0,0
20210809T,534683.0,534683.0,534683.0,534683.0,0
20210810T,557103.0,557103.0,557103.0,557103.0,0
20210811T,572977.0,572977.0,572977.0,572977.0,0
20210812T,594898.0,594898.0,594898.0,594898.0,0
20210813T,612349.0,612349.0,612349.0,612349.0,0
20210816T,629632.0,629632.0,629632.0,629632.0,0
20210817T,642487.0,642487.0,642487.0,642487.0,0
20210818T,655815.0,655815.0,655815.0,655815.0,0
20210820T,662724.0,662724.0,662724.0,662724.0,0
20210823T,640424.0,640424.0,640424.0,640424.0,0
20210824T,603316.0,603316.0,603316.0,603316.0,0
20210825T,554623.0,554623.0,554623.0,554623.0,0
20210826T,259533.0,259533.0,259533.0,259533.0,0
20210827T,317560.0,317560.0,317560.0,317560.0,0
20210830T,342707.0,342707.0,342707.0,342707.0,0
20210831T,367002.0,367002.0,367002.0,367002.0,0
20210901T,396896.0,396896.0,396896.0,396896.0,0
20210902T,425897.0,425897.0,425897.0,425897.0,0
20210903T,457297.0,457297.0,457297.0,457297.0,0
20210906T,489129.0,489129.0,489129.0,489129.0,0
20210907T,515772.0,515772.0,515772.0,515772.0,0
20210908T,539712.0,539712.0,539712.0,539712.0,0
20210909T,562895.0,562895.0,562895.0,562895.0,0
20210913T,590719.0,590719.0,590719.0,590719.0,0
20210914T,611065.0,611065.0,611065.0,611065.0,0
20210915T,622861.0,622861.0,622861.0,622861.0,0
20210916T,644285.0,644285.0,644285.0,644285.0,0
20210917T,682208.0,682208.0,682208.0,682208.0,0
20210920T,718331.0,718331.0,718331.0,718331.0,0
20210921T,723205.0,723205.0,723205.0,723205.0,0
20210922T,723808.0,723808.0,723808.0,723808.0,0
20210923T,711327.0,711327.0,711327.0,711327.0,0
20210924T,720052.0,720052.0,720052.0,720052.0,0
20210927T,706692.0,706692.0,706692.0,706692.0,0
20210928T,692502.0,692502.0,692502.0,692502.0,0
20210929T,631857.0,631857.0,631857.0,631857.0,0
20210930T,331082.0,331082.0,331082.0,331082.0,0
20211001T,407036.0,407036.0,407036.0,407036.0,0
20211004T,458284.0,458284.0,458284.0,458284.0,0
20211005T,497649.0,497649.0,497649.0,497649.0,0
20211006T,535209.0,535209.0,535209.0,535209.0,0
20211007T,559144.0,559144.0,559144.0,559144.0,0
20211008T,592502.0,592502.0,592502.0,592502.0,0
20211011T,620867.0,620867.0,620867.0,620867.0,0
20211012T,651863.0,651863.0,651863.0,651863.0,0
20211013T,653912.0,653912.0,653912.0,653912.0,0
20211014T,684939.0,684939.0,684939.0,684939.0,0
20211018T,717263.0,717263.0,717263.0,717263.0,0
20211019T,743769.0,743769.0,743769.0,743769.0,0
20211020T,780599.0,780599.0,780599.0,780599.0,0
20211021T,795522.0,795522.0,795522.0,795522.0,0
20211022T,799708.0,799708.0,799708.0,799708.0,0
20211025T,771604.0,771604.0,771604.0,771604.0,0
20211026T,744595.0,744595.0,744595.0,744595.0,0
20211027T,689027.0,689027.0,689027.0,689027.0,0
20211028T,328035.0,328035.0,328035.0,328035.0,0
20211029T,459699.0,459699.0,459699.0,459699.0,0
20211101T,512693.0,512693.0,512693.0,512693.0,0
20211102T,556066.0,556066.0,556066.0,556066.0,0
20211103T,589686.0,589686.0,589686.0,589686.0,0
20211108T,620896.0,620896.0,620896.0,620896.0,0
20211109T,661188.0,661188.0,661188.0,661188.0,0
20211110T,701348.0,701348.0,701348.0,701348.0,0
20211111T,739669.0,739669.0,739669.0,739669.0,0
20211112T,760027.0,760027.0,760027.0,760027.0,0
20211115T,785096.0,785096.0,785096.0,785096.0,0
20211116T,797058.0,797058.0,797058.0,797058.0,0
20211117T,805824.0,805824.0,805824.0,805824.0,0
20211118T,788517.0,788517.0,788517.0,788517.0,0
20211122T,753783.0,753783.0,753783.0,753783.0,0
20211123T,724089.0,724089.0,724089.0,724089.0,0
20211124T,653300.0,653300.0,653300.0,653300.0,0
20211125T,278646.0,278646.0,278646.0,278646.0,0
20211126T,355875.0,355875.0,355875.0,355875.0,0
20211129T,406952.0,406952.0,406952.0,406952.0,0
20211130T,443584.0,443584.0,443584.0,443584.0,0
20211201T,468991.0,468991.0,468991.0,468991.0,0
20211202T,491518.0,491518.0,491518.0,491518.0,0
20211203T,529521.0,529521.0,529521.0,529521.0,0
20211206T,561550.0,561550.0,561550.0,561550.0,0
20211207T,569363.0,569363.0,569363.0,569363.0,0
20211208T,572304.0,572304.0,572304.0,572304.0,0
20211209T,583644.0,583644.0,583644.0,583644.0,0
20211210T,612064.0,612064.0,612064.0,612064.0,0
20211213T,643031.0,643031.0,643031.0,643031.0,0
20211214T,674782.0,674782.0,674782.0,674782.0,0
20211215T,706579.0,706579.0,706579.0,706579.0,0
20211216T,724193.0,724193.0,724193.0,724193.0,0
20211217T,761577.0,761577.0,761577.0,761577.0,0
20211220T,763461.0,763461.0,763461.0,763461.0,0
20211221T,762667.0,762667.0,762667.0,762667.0,0
20211222T,753490.0,753490.0,753490.0,753490.0,0
20211223T,749111.0,749111.0,749111.0,749111.0,0
20211224T,746609.0,746609.0,746609.0,746609.0,0
20211227T,732883.0,732883.0,732883.0,732883.0,0
20211228T,698356.0,698356.0,698356.0,698356.0,0
20211229T,645375.0,645375.0,645375.0,645375.0,0
20211230T,264173.0,264173.0,264173.0,264173.0,0
20211231T,317537.0,317537.0,317537.0,317537.0,0
20220103T,358567.0,358567.0,358567.0,358567.0,0
20220104T,389225.0,389225.0,389225.0,389225.0,0
20220105T,421122.0,421122.0,421122.0,421122.0,0
20220106T,460633.0,460633.0,460633.0,460633.0,0
20220107T,502728.0,502728.0,502728.0,502728.0,0
20220110T,543809.0,543809.0,543809.0,543809.0,0
20220111T,583626.0,583626.0,583626.0,583626.0,0
20220112T,627486.0,627486.0,627486.0,627486.0,0
20220113T,665052.0,665052.0,665052.0,665052.0,0
20220114T,712078.0,712078.0,712078.0,712078.0,0
20220117T,774058.0,774058.0,774058.0,774058.0,0
20220118T,818919.0,818919.0,818919.0,818919.0,0
20220119T,846851.0,846851.0,846851.0,846851.0,0
20220120T,869319.0,869319.0,869319.0,869319.0,0
20220121T,877792.0,877792.0,877792.0,877792.0,0
20220124T,837847.0,837847.0,837847.0,837847.0,0
20220125T,751760.0,751760.0,751760.0,751760.0,0
20220127T,331344.0,331344.0,331344.0,331344.0,0
20220128T,429326.0,429326.0,429326.0,429326.0,0
20220131T,472879.0,472879.0,472879.0,472879.0,0
20220201T,494897.0,494897.0,494897.0,494897.0,0
20220202T,540531.0,540531.0,540531.0,540531.0,0
20220203T,604837.0,604837.0,604837.0,604837.0,0
20220204T,656193.0,656193.0,656193.0,656193.0,0
20220207T,702056.0,702056.0,702056.0,702056.0,0
20220208T,718415.0,718415.0,718415.0,718415.0,0
20220209T,719263.0,719263.0,719263.0,719263.0,0
20220210T,738830.0,738830.0,738830.0,738830.0,0
20220211T,796168.0,796168.0,796168.0,796168.0,0
20220214T,829999.0,829999.0,829999.0,829999.0,0
20220215T,799848.0,799848.0,799848.0,799848.0,0
20220216T,809589.0,809589.0,809589.0,809589.0,0
20220217T,821069.0,821069.0,821069.0,821069.0,0
20220218T,813947.0,813947.0,813947.0,813947.0,0
20220221T,785592.0,785592.0,785592.0,785592.0,0
20220222T,739110.0,739110.0,739110.0,739110.0,0
20220223T,677947.0,677947.0,677947.0,677947.0,0
20220224T,234661.0,234661.0,234661.0,234661.0,0
20220225T,301483.0,301483.0,301483.0,301483.0,0
20220228T,343669.0,343669.0,343669.0,343669.0,0
20220302T,399498.0,399498.0,399498.0,399498.0,0
20220303T,452695.0,452695.0,452695.0,452695.0,0
20220304T,498575.0,498575.0,498575.0,498575.0,0
20220307T,531381.0,531381.0,531381.0,531381.0,0
20220308T,564085.0,564085.0,564085.0,564085.0,0
20220309T,559041.0,559041.0,559041.0,559041.0,0
20220310T,565644.0,565644.0,565644.0,565644.0,0
20220311T,600719.0,600719.0,600719.0,600719.0,0
20220314T,622584.0,622584.0,622584.0,622584.0,0
20220315T,658273.0,658273.0,658273.0,658273.0,0
20220316T,654457.0,654457.0,654457.0,654457.0,0
20220317T,637066.0,637066.0,637066.0,637066.0,0
20220321T,701202.0,701202.0,701202.0,701202.0,0
20220322T,713691.0,713691.0,713691.0,713691.0,0
20220323T,745538.0,745538.0,745538.0,745538.0,0
20220324T,766667.0,766667.0,766667.0,766667.0,0
20220325T,776386.0,776386.0,776386.0,776386.0,0
20220328T,758465.0,758465.0,758465.0,758465.0,0
20220329T,725240.0,725240.0,725240.0,725240.0,0
20220330T,637890.0,637890.0,637890.0,637890.0,0
20220331T,304721.0,304721.0,304721.0,304721.0,0
20220401T,369157.0,369157.0,369157.0,369157.0,0
20220404T,419441.0,419441.0,419441.0,419441.0,0
20220405T,476101.0,476101.0,476101.0,476101.0,0
20220406T,530982.0,530982.0,530982.0,530982.0,0
20220407T,586335.0,586335.0,586335.0,586335.0,0
20220408T,632431.0,632431.0,632431.0,632431.0,0
20220411T,703576.0,703576.0,703576.0,703576.0,0
20220412T,736396.0,736396.0,736396.0,736396.0,0
20220413T,774407.0,774407.0,774407.0,774407.0,0
20220418T,838381.0,838381.0,838381.0,838381.0,0
20220419T,871271.0,871271.0,871271.0,871271.0,0
20220420T,885116.0,885116.0,885116.0,885116.0,0
20220421T,861186.0,861186.0,861186.0,861186.0,0
20220422T,879971.0,879971.0,879971.0,879971.0,0
20220425T,884175.0,884175.0,884175.0,884175.0,0
20220426T,838451.0,838451.0,838451.0,838451.0,0
20220427T,783372.0,783372.0,783372.0,783372.0,0
20220428T,338337.0,338337.0,338337.0,338337.0,0
20220429T,441032.0,441032.0,441032.0,441032.0,0
20220502T,490940.0,490940.0,490940.0,490940.0,0
20220504T,535543.0,535543.0,535543.0,535543.0,0
20220505T,568838.0,568838.0,568838.0,568838.0,0
20220506T,628909.0,628909.0,628909.0,628909.0,0
20220509T,675104.0,675104.0,675104.0,675104.0,0
20220510T,715314.0,715314.0,715314.0,715314.0,0
20220511T,736726.0,736726.0,736726.0,736726.0,0
20220512T,772277.0,772277.0,772277.0,772277.0,0
20220513T,801793.0,801793.0,801793.0,801793.0,0
20220516T,812534.0,812534.0,812534.0,812534.0,0
20220517T,772247.0,772247.0,772247.0,772247.0,0
20220518T,805502.0,805502.0,805502.0,805502.0,0
20220519T,841807.0,841807.0,841807.0,841807.0,0
20220520T,815163.0,815163.0,815163.0,815163.0,0
20220523T,806844.0,806844.0,806844.0,806844.0,0
20220524T,793943.0,793943.0,793943.0,793943.0,0
20220525T,728584.0,728584.0,728584.0,728584.0,0
20220526T,278690.0,278690.0,278690.0,278690.0,0
20220527T,360460.0,360460.0,360460.0,360460.0,0
20220530T,403486.0,403486.0,403486.0,403486.0,0
20220531T,442541.0,442541.0,442541.0,442541.0,0
20220601T,491601.0,491601.0,491601.0,491601.0,0
20220602T,517909.0,517909.0,517909.0,517909.0,0
20220603T,555237.0,555237.0,555237.0,555237.0,0
20220606T,580091.0,580091.0,580091.0,580091.0,0
20220607T,606262.0,606262.0,606262.0,606262.0,0
20220608T,623992.0,623992.0,623992.0,623992.0,0
20220609T,644260.0,644260.0,644260.0,644260.0,0
20220610T,690009.0,690009.0,690009.0,690009.0,0
20220613T,717085.0,717085.0,717085.0,717085.0,0
20220614T,745481.0,745481.0,745481.0,745481.0,0
20220615T,752621.0,752621.0,752621.0,752621.0,0
20220616T,769183.0,769183.0,769183.0,769183.0,0
20220617T,800295.0,800295.0,800295.0,800295.0,0
20220620T,816880.0,816880.0,816880.0,816880.0,0
20220621T,790104.0,790104.0,790104.0,790104.0,0
20220622T,815785.0,815785.0,815785.0,815785.0,0
20220623T,793092.0,793092.0,793092.0,793092.0,0
20220624T,779261.0,779261.0,779261.0,779261.0,0
20220627T,760487.0,760487.0,760487.0,760487.0,0
20220628T,747809.0,747809.0,747809.0,747809.0,0
20220629T,691413.0,691413.0,691413.0,691413.0,0
20220630T,254025.0,254025.0,254025.0,254025.0,0
20220701T,352072.0,352072.0,352072.0,352072.0,0
20220704T,402915.0,402915.0,402915.0,402915.0,0
20220705T,418452.0,418452.0,418452.0,418452.0,0
20220706T,442228.0,442228.0,442228.0,442228.0,0
20220707T,467698.0,467698.0,467698.0,467698.0,0
20220708T,517345.0,517345.0,517345.0,517345.0,0
20220711T,555375.0,555375.0,555375.0,555375.0,0
20220712T,600625.0,600625.0,600625.0,600625.0,0
20220713T,630596.0,630596.0,630596.0,630596.0,0
20220714T,659047.0,659047.0,659047.0,659047.0,0
20220715T,696709.0,696709.0,696709.0,696709.0,0
20220718T,701098.0,701098.0,701098.0,701098.0,0
20220719T,717671.0,717671.0,717671.0,717671.0,0
20220720T,690946.0,690946.0,690946.0,690946.0,0
20220721T,702954.0,702954.0,702954.0,702954.0,0
20220722T,731547.0,731547.0,731547.0,731547.0,0
20220725T,753197.0,753197.0,753197.0,753197.0,0
20220726T,756741.0,756741.0,756741.0,756741.0,0
20220727T,670299.0,670299.0,670299.0,670299.0,0
20220728T,322178.0,322178.0,322178.0,322178.0,0
20220729T,406795.0,406795.0,406795.0,406795.0,0
20220801T,465202.0,465202.0,465202.0,465202.0,0
20220802T,512087.0,512087.0,512087.0,512087.0,0
20220803T,558526.0,558526.0,558526.0,558526.0,0
20220804T,578367.0,578367.0,578367.0,578367.0,0
20220805T,626869.0,626869.0,626869.0,626869.0,0
20220808T,658795.0,658795.0,658795.0,658795.0,0
20220810T,692468.0,692468.0,692468.0,692468.0,0
20220811T,713899.0,713899.0,713899.0,713899.0,0
20220812T,753082.0,753082.0,753082.0,753082.0,0
20220816T,774172.0,774172.0,774172.0,774172.0,0
20220817T,792365.0,792365.0,792365.0,792365.0,0
20220818T,822451.0,822451.0,822451.0,822451.0,0
20220819T,871648.0,871648.0,871648.0,871648.0,0
20220822T,871893.0,871893.0,871893.0,871893.0,0
20220823T,825449.0,825449.0,825449.0,825449.0,0
20220824T,737827.0,737827.0,737827.0,737827.0,0
20220825T,331798.0,331798.0,331798.0,331798.0,0
20220826T,411355.0,411355.0,411355.0,411355.0,0
20220829T,476669.0,476669.0,476669.0,476669.0,0
20220830T,481953.0,481953.0,481953.0,481953.0,0
20220901T,544222.0,544222.0,544222.0,544222.0,0
20220902T,605691.0,605691.0,605691.0,605691.0,0
20220905T,632946.0,632946.0,632946.0,632946.0,0
20220906T,665436.0,665436.0,665436.0,665436.0,0
20220907T,712510.0,712510.0,712510.0,712510.0,0
20220908T,729670.0,729670.0,729670.0,729670.0,0
20220909T,760924.0,760924.0,760924.0,760924.0,0
20220912T,778838.0,778838.0,778838.0,778838.0,0
20220913T,795606.0,795606.0,795606.0,795606.0,0
20220914T,829121.0,829121.0,829121.0,829121.0,0
20220915T,887299.0,887299.0,887299.0,887299.0,0
20220916T,969004.0,969004.0,969004.0,969004.0,0
20220919T,1001166.0,1001166.0,1001166.0,1001166.0,0
20220920T,981805.0,981805.0,981805.0,981805.0,0
20220921T,977773.0,977773.0,977773.0,977773.0,0
20220922T,989911.0,989911.0,989911.0,989911.0,0
20220923T,1000819.0,1000819.0,1000819.0,1000819.0,0
20220926T,955662.0,955662.0,955662.0,955662.0,0
20220927T,918146.0,918146.0,918146.0,918146.0,0
20220928T,826358.0,826358.0,826358.0,826358.0,0
20220929T,331080.0,331080.0,331080.0,331080.0,0
20220930T,396074.0,396074.0,396074.0,396074.0,0
20221003T,468005.0,468005.0,468005.0,468005.0,0
20221004T,484149.0,484149.0,484149.0,484149.0,0
20221006T,520164.0,520164.0,520164.0,520164.0,0
20221007T,563088.0,563088.0,563088.0,563088.0,0
20221010T,606124.0,606124.0,606124.0,606124.0,0
20221011T,660912.0,660912.0,660912.0,660912.0,0
20221012T,671737.0,671737.0,671737.0,671737.0,0
20221013T,717694.0,717694.0,717694.0,717694.0,0
20221014T,739406.0,739406.0,739406.0,739406.0,0
20221017T,753596.0,753596.0,753596.0,753596.0,0
20221018T,739527.0,739527.0,739527.0,739527.0,0
20221019T,755509.0,755509.0,755509.0,755509.0,0
20221020T,757551.0,757551.0,757551.0,757551.0,0
20221021T,751434.0,751434.0,751434.0,751434.0,0
20221025T,646958.0,646958.0,646958.0,646958.0,0
20221027T,288412.0,288412.0,288412.0,288412.0,0
20221028T,395800.0,395800.0,395800.0,395800.0,0
20221031T,456141.0,456141.0,456141.0,456141.0,0
20221101T,503984.0,503984.0,503984.0,503984.0,0
20221102T,546281.0,546281.0,546281.0,546281.0,0
20221103T,583583.0,583583.0,583583.0,583583.0,0
20221104T,631860.0,631860.0,631860.0,631860.0,0
20221107T,682832.0,682832.0,682832.0,682832.0,0
20221109T,741537.0,741537.0,741537.0,741537.0,0
20221110T,800320.0,800320.0,800320.0,800320.0,0
20221111T,845970.0,845970.0,845970.0,845970.0,0
20221114T,901714.0,901714.0,901714.0,901714.0,0
20221115T,922896.0,922896.0,922896.0,922896.0,0
20221116T,940727.0,940727.0,940727.0,940727.0,0
20221117T,961173.0,961173.0,961173.0,961173.0,0
20221118T,935258.0,935258.0,935258.0,935258.0,0
20221121T,920222.0,920222.0,920222.0,920222.0,0
20221122T,869790.0,869790.0,869790.0,869790.0,0
20221123T,773265.0,773265.0,773265.0,773265.0,0
20221124T,333145.0,333145.0,333145.0,333145.0,0
20221125T,418356.0,418356.0,418356.0,418356.0,0
20221128T,476622.0,476622.0,476622.0,476622.0,0
20221129T,523183.0,523183.0,523183.0,523183.0,0
20221130T,553535.0,553535.0,553535.0,553535.0,0
20221201T,584695.0,584695.0,584695.0,584695.0,0
20221202T,629732.0,629732.0,629732.0,629732.0,0
20221205T,666698.0,666698.0,666698.0,666698.0,0
20221206T,706581.0,706581.0,706581.0,706581.0,0
20221207T,746134.0,746134.0,746134.0,746134.0,0
20221208T,773047.0,773047.0,773047.0,773047.0,0
20221209T,816661.0,816661.0,816661.0,816661.0,0
20221212T,853191.0,853191.0,853191.0,853191.0,0
20221213T,875247.0,875247.0,875247.0,875247.0,0
20221214T,897913.0,897913.0,897913.0,897913.0,0
20221215T,949542.0,949542.0,949542.0,949542.0,0
20221216T,985368.0,985368.0,985368.0,985368.0,0
20221219T,1009698.0,1009698.0,1009698.0,1009698.0,0
20221220T,1017353.0,1017353.0,1017353.0,1017353.0,0
20221221T,1011347.0,1011347.0,1011347.0,1011347.0,0
20221222T,1001570.0,1001570.0,1001570.0,1001570.0,0
20221223T,974099.0,974099.0,974099.0,974099.0,0
20221226T,939237.0,939237.0,939237.0,939237.0,0
20221227T,892788.0,892788.0,892788.0,892788.0,0
20221228T,823740.0,823740.0,823740.0,823740.0,0
20221229T,314091.0,314091.0,314091.0,314091.0,0
20221230T,389553.0,389553.0,389553.0,389553.0,0
20230102T,440521.0,440521.0,440521.0,440521.0,0
20230103T,484718.0,484718.0,484718.0,484718.0,0
20230104T,528393.0,528393.0,528393.0,528393.0,0
20230105T,566008.0,566008.0,566008.0,566008.0,0
20230106T,614350.0,614350.0,614350.0,614350.0,0
20230109T,640203.0,640203.0,640203.0,640203.0,0
20230110T,665161.0,665161.0,665161.0,665161.0,0
20230111T,697179.0,697179.0,697179.0,697179.0,0
20230112T,737858.0,737858.0,737858.0,737858.0,0
20230113T,766624.0,766624.0,766624.0,766624.0,0
20230116T,802674.0,802674.0,802674.0,802674.0,0
20230117T,804103.0,804103.0,804103.0,804103.0,0
20230118T,811976.0,811976.0,811976.0,811976.0,0
20230119T,825723.0,825723.0,825723.0,825723.0,0
20230120T,847284.0,847284.0,847284.0,847284.0,0
20230123T,811397.0,811397.0,811397.0,811397.0,0
20230124T,722967.0,722967.0,722967.0,722967.0,0
20230125T,309280.0,309280.0,309280.0,309280.0,0
20230127T,404706.0,404706.0,404706.0,404706.0,0
20230130T,467604.0,467604.0,467604.0,467604.0,0
20230131T,517563.0,517563.0,517563.0,517563.0,0
20230201T,551453.0,551453.0,551453.0,551453.0,0
20230202T,618852.0,618852.0,618852.0,618852.0,0
20230203T,673361.0,673361.0,673361.0,673361.0,0
20230206T,737691.0,737691.0,737691.0,737691.0,0
20230207T,765142.0,765142.0,765142.0,765142.0,0
20230208T,777695.0,777695.0,777695.0,777695.0,0
20230209T,815103.0,815103.0,815103.0,815103.0,0
20230210T,867924.0,867924.0,867924.0,867924.0,0
20230213T,916321.0,916321.0,916321.0,916321.0,0
20230214T,917687.0,917687.0,917687.0,917687.0,0
20230215T,908767.0,908767.0,908767.0,908767.0,0
20230216T,906606.0,906606.0,906606.0,906606.0,0
20230217T,913052.0,913052.0,913052.0,913052.0,0
20230220T,891523.0,891523.0,891523.0,891523.0,0
20230221T,852467.0,852467.0,852467.0,852467.0,0
20230222T,770923.0,770923.0,770923.0,770923.0,0
20230223T,296538.0,296538.0,296538.0,296538.0,0
20230224T,374157.0,374157.0,374157.0,374157.0,0
20230227T,428354.0,428354.0,428354.0,428354.0,0
20230228T,477034.0,477034.0,477034.0,477034.0,0
20230301T,504837.0,504837.0,504837.0,504837.0,0
20230302T,543378.0,543378.0,543378.0,543378.0,0
20230303T,551487.0,551487.0,551487.0,551487.0,0
20230306T,590377.0,590377.0,590377.0,590377.0,0
20230308T,624738.0,624738.0,624738.0,624738.0,0
20230309T,662904.0,662904.0,662904.0,662904.0,0
20230310T,698229.0,698229.0,698229.0,698229.0,0
20230313T,727125.0,727125.0,727125.0,727125.0,0
20230314T,747243.0,747243.0,747243.0,747243.0,0
20230315T,778066.0,778066.0,778066.0,778066.0,0
20230316T,792065.0,792065.0,792065.0,792065.0,0
20230317T,817142.0,817142.0,817142.0,817142.0,0
20230320T,839982.0,839982.0,839982.0,839982.0,0
20230321T,827451.0,827451.0,827451.0,827451.0,0
20230322T,816527.0,816527.0,816527.0,816527.0,0
20230323T,796414.0,796414.0,796414.0,796414.0,0
20230324T,777631.0,777631.0,777631.0,777631.0,0
20230327T,737678.0,737678.0,737678.0,737678.0,0
20230328T,661735.0,661735.0,661735.0,661735.0,0
20230329T,252670.0,252670.0,252670.0,252670.0,0
20230331T,311689.0,311689.0,311689.0,311689.0,0
20230403T,366555.0,366555.0,366555.0,366555.0,0
20230405T,424614.0,424614.0,424614.0,424614.0,0
20230406T,457588.0,457588.0,457588.0,457588.0,0
20230410T,503662.0,503662.0,503662.0,503662.0,0
20230411T,541438.0,541438.0,541438.0,541438.0,0
20230412T,598439.0,598439.0,598439.0,598439.0,0
20230413T,634268.0,634268.0,634268.0,634268.0,0
20230417T,689570.0,689570.0,689570.0,689570.0,0
20230418T,721963.0,721963.0,721963.0,721963.0,0
20230419T,759526.0,759526.0,759526.0,759526.0,0
20230420T,772031.0,772031.0,772031.0,772031.0,0
20230421T,782081.0,782081.0,782081.0,782081.0,0
20230424T,754336.0,754336.0,754336.0,754336.0,0
20230425T,726817.0,726817.0,726817.0,726817.0,0
20230426T,682374.0,682374.0,682374.0,682374.0,0
20230427T,351468.0,351468.0,351468.0,351468.0,0
20230428T,426303.0,426303.0,426303.0,426303.0,0
20230502T,467159.0,467159.0,467159.0,467159.0,0
20230503T,522596.0,522596.0,522596.0,522596.0,0
20230504T,559514.0,559514.0,559514.0,559514.0,0
20230505T,608907.0,608907.0,608907.0,608907.0,0
20230508T,630281.0,630281.0,630281.0,630281.0,0
20230509T,659434.0,659434.0,659434.0,659434.0,0
20230510T,689454.0,689454.0,689454.0,689454.0,0
20230511T,738562.0,738562.0,738562.0,738562.0,0
20230512T,785693.0,785693.0,785693.0,785693.0,0
20230515T,806363.0,806363.0,806363.0,806363.0,0
20230516T,819358.0,819358.0,819358.0,819358.0,0
20230517T,834757.0,834757.0,834757.0,834757.0,0
20230518T,856037.0,856037.0,856037.0,856037.0,0
20230519T,836110.0,836110.0,836110.0,836110.0,0
20230522T,793601.0,793601.0,793601.0,793601.0,0
20230523T,765672.0,765672.0,765672.0,765672.0,0
20230524T,711720.0,711720.0,711720.0,711720.0,0
20230525T,339352.0,339352.0,339352.0,339352.0,0
20230526T,420250.0,420250.0,420250.0,420250.0,0
20230529T,470752.0,470752.0,470752.0,470752.0,0
20230530T,512264.0,512264.0,512264.0,512264.0,0
20230531T,556220.0,556220.0,556220.0,556220.0,0
20230601T,587974.0,587974.0,587974.0,587974.0,0
20230602T,619379.0,619379.0,619379.0,619379.0,0
20230605T,653095.0,653095.0,653095.0,653095.0,0
20230606T,689091.0,689091.0,689091.0,689091.0,0
20230607T,703272.0,703272.0,703272.0,703272.0,0
20230608T,728887.0,728887.0,728887.0,728887.0,0
20230609T,774116.0,774116.0,774116.0,774116.0,0
20230612T,787209.0,787209.0,787209.0,787209.0,0
20230613T,796533.0,796533.0,796533.0,796533.0,0
20230614T,813857.0,813857.0,813857.0,813857.0,0
20230615T,846609.0,846609.0,846609.0,846609.0,0
20230616T,859215.0,859215.0,859215.0,859215.0,0
20230619T,891120.0,891120.0,891120.0,891120.0,0
20230620T,893719.0,893719.0,893719.0,893719.0,0
20230621T,899926.0,899926.0,899926.0,899926.0,0
20230622T,900660.0,900660.0,900660.0,900660.0,0
20230623T,900143.0,900143.0,900143.0,900143.0,0
20230626T,872884.0,872884.0,872884.0,872884.0,0
20230627T,746146.0,746146.0,746146.0,746146.0,0
20230628T,339454.0,339454.0,339454.0,339454.0,0
20230630T,432100.0,432100.0,432100.0,432100.0,0
20230703T,487733.0,487733.0,487733.0,487733.0,0
20230704T,535597.0,535597.0,535597.0,535597.0,0
20230705T,592494.0,592494.0,592494.0,592494.0,0
20230706T,627421.0,627421.0,627421.0,627421.0,0
20230707T,674324.0,674324.0,674324.0,674324.0,0
20230710T,714455.0,714455.0,714455.0,714455.0,0
20230711T,740124.0,740124.0,740124.0,740124.0,0
20230712T,770815.0,770815.0,770815.0,770815.0,0
20230713T,789531.0,789531.0,789531.0,789531.0,0
20230714T,811458.0,811458.0,811458.0,811458.0,0
20230717T,834503.0,834503.0,834503.0,834503.0,0
20230718T,834280.0,834280.0,834280.0,834280.0,0
20230719T,829933.0,829933.0,829933.0,829933.0,0
20230720T,813039.0,813039.0,813039.0,813039.0,0
20230721T,856101.0,856101.0,856101.0,856101.0,0
20230724T,867755.0,867755.0,867755.0,867755.0,0
20230725T,834801.0,834801.0,834801.0,834801.0,0
20230726T,770546.0,770546.0,770546.0,770546.0,0
20230727T,402645.0,402645.0,402645.0,402645.0,0
20230728T,485886.0,485886.0,485886.0,485886.0,0
20230731T,541331.0,541331.0,541331.0,541331.0,0
20230801T,586381.0,586381.0,586381.0,586381.0,0
20230802T,633894.0,633894.0,633894.0,633894.0,0
20230803T,679839.0,679839.0,679839.0,679839.0,0
20230804T,726994.0,726994.0,726994.0,726994.0,0
20230807T,760430.0,760430.0,760430.0,760430.0,0
20230808T,787409.0,787409.0,787409.0,787409.0,0
20230809T,809721.0,809721.0,809721.0,809721.0,0
20230810T,836534.0,836534.0,836534.0,836534.0,0
20230811T,868236.0,868236.0,868236.0,868236.0,0
20230814T,881176.0,881176.0,881176.0,881176.0,0
20230816T,904380.0,904380.0,904380.0,904380.0,0
20230817T,934957.0,934957.0,934957.0,934957.0,0
20230818T,961636.0,961636.0,961636.0,961636.0,0
20230821T,972604.0,972604.0,972604.0,972604.0,0
20230822T,967920.0,967920.0,967920.0,967920.0,0
20230823T,958687.0,958687.0,958687.0,958687.0,0
20230824T,960225.0,960225.0,960225.0,960225.0,0
20230825T,960641.0,960641.0,960641.0,960641.0,0
20230828T,942760.0,942760.0,942760.0,942760.0,0
20230829T,897101.0,897101.0,897101.0,897101.0,0
20230830T,806979.0,806979.0,806979.0,806979.0,0
20230831T,382361.0,382361.0,382361.0,382361.0,0
20230901T,473884.0,473884.0,473884.0,473884.0,0
20230904T,541347.0,541347.0,541347.0,541347.0,0
20230905T,588741.0,588741.0,588741.0,588741.0,0
20230906T,628598.0,628598.0,628598.0,628598.0,0
20230907T,655450.0,655450.0,655450.0,655450.0,0
20230908T,678735.0,678735.0,678735.0,678735.0,0
20230911T,701169.0,701169.0,701169.0,701169.0,0
20230912T,740357.0,740357.0,740357.0,740357.0,0
20230913T,767549.0,767549.0,767549.0,767549.0,0
20230914T,793575.0,793575.0,793575.0,793575.0,0
20230915T,827613.0,827613.0,827613.0,827613.0,0
20230918T,861489.0,861489.0,861489.0,861489.0,0
20230920T,898162.0,898162.0,898162.0,898162.0,0
20230921T,913155.0,913155.0,913155.0,913155.0,0
20230922T,900277.0,900277.0,900277.0,900277.0,0
20230925T,874543.0,874543.0,874543.0,874543.0,0
20230926T,852147.0,852147.0,852147.0,852147.0,0
20230927T,758106.0,758106.0,758106.0,758106.0,0
20230928T,377619.0,377619.0,377619.0,377619.0,0
20230929T,477062.0,477062.0,477062.0,477062.0,0
20231003T,550316.0,550316.0,550316.0,550316.0,0
20231004T,609899.0,609899.0,609899.0,609899.0,0
20231005T,662364.0,662364.0,662364.0,662364.0,0
20231006T,709678.0,709678.0,709678.0,709678.0,0
20231009T,729107.0,729107.0,729107.0,729107.0,0
20231010T,755825.0,755825.0,755825.0,755825.0,0
20231011T,787601.0,787601.0,787601.0,787601.0,0
20231012T,836286.0,836286.0,836286.0,836286.0,0
20231013T,887487.0,887487.0,887487.0,887487.0,0
20231016T,920627.0,920627.0,920627.0,920627.0,0
20231017T,928992.0,928992.0,928992.0,928992.0,0
20231018T,936705.0,936705.0,936705.0,936705.0,0
20231019T,938023.0,938023.0,938023.0,938023.0,0
20231020T,911606.0,911606.0,911606.0,911606.0,0
20231023T,841603.0,841603.0,841603.0,841603.0,0
20231025T,768773.0,768773.0,768773.0,768773.0,0
20231026T,317448.0,317448.0,317448.0,317448.0,0
20231027T,474984.0,474984.0,474984.0,474984.0,0
20231030T,549262.0,549262.0,549262.0,549262.0,0
20231031T,605985.0,605985.0,605985.0,605985.0,0
20231101T,657154.0,657154.0,657154.0,657154.0,0
20231102T,693606.0,693606.0,693606.0,693606.0,0
20231103T,725804.0,725804.0,725804.0,725804.0,0
20231106T,757697.0,757697.0,757697.0,757697.0,0
20231107T,787062.0,787062.0,787062.0,787062.0,0
20231108T,815220.0,815220.0,815220.0,815220.0,0
20231109T,847518.0,847518.0,847518.0,847518.0,0
20231110T,872567.0,872567.0,872567.0,872567.0,0
20231113T,892802.0,892802.0,892802.0,892802.0,0
20231115T,894757.0,894757.0,894757.0,894757.0,0
20231116T,905091.0,905091.0,905091.0,905091.0,0
20231117T,942798.0,942798.0,942798.0,942798.0,0
20231120T,977590.0,977590.0,977590.0,977590.0,0
20231121T,983025.0,983025.0,983025.0,983025.0,0
20231122T,987150.0,987150.0,987150.0,987150.0,0
20231123T,979328.0,979328.0,979328.0,979328.0,0
20231124T,946576.0,946576.0,946576.0,946576.0,0
20231128T,904719.0,904719.0,904719.0,904719.0,0
20231129T,824054.0,824054.0,824054.0,824054.0,0
20231130T,431898.0,431898.0,431898.0,431898.0,0
20231201T,526430.0,526430.0,526430.0,526430.0,0
20231204T,582236.0,582236.0,582236.0,582236.0,0
20231205T,635013.0,635013.0,635013.0,635013.0,0
20231206T,688678.0,688678.0,688678.0,688678.0,0
20231207T,739546.0,739546.0,739546.0,739546.0,0
20231208T,783932.0,783932.0,783932.0,783932.0,0
20231211T,835779.0,835779.0,835779.0,835779.0,0
20231212T,878052.0,878052.0,878052.0,878052.0,0
20231213T,922303.0,922303.0,922303.0,922303.0,0
20231214T,934508.0,934508.0,934508.0,934508.0,0
20231215T,942929.0,942929.0,942929.0,942929.0,0
20231218T,983555.0,983555.0,983555.0,983555.0,0
20231219T,1016590.0,1016590.0,1016590.0,1016590.0,0
20231220T,1003363.0,1003363.0,1003363.0,1003363.0,0
20231221T,1013571.0,1013571.0,1013571.0,1013571.0,0
20231222T,987920.0,987920.0,987920.0,987920.0,0
20231226T,954432.0,954432.0,954432.0,954432.0,0
20231227T,844253.0,844253.0,844253.0,844253.0,0
20231228T,419062.0,419062.0,419062.0,419062.0,0
20231229T,531392.0,531392.0,531392.0,531392.0,0
20240101T,591944.0,591944.0,591944.0,591944.0,0
20240102T,661653.0,661653.0,661653.0,661653.0,0
20240103T,729644.0,729644.0,729644.0,729644.0,0
20240104T,778348.0,778348.0,778348.0,778348.0,0
20240105T,833194.0,833194.0,833194.0,833194.0,0
20240108T,877925.0,877925.0,877925.0,877925.0,0
20240109T,907261.0,907261.0,907261.0,907261.0,0
20240110T,934913.0,934913.0,934913.0,934913.0,0
20240111T,991909.0,991909.0,991909.0,991909.0,0
20240112T,1013582.0,1013582.0,1013582.0,1013582.0,0
20240115T,1036105.0,1036105.0,1036105.0,1036105.0,0
20240116T,1062123.0,1062123.0,1062123.0,1062123.0,0
20240117T,1088267.0,1088267.0,1088267.0,1088267.0,0
20240118T,1116275.0,1116275.0,1116275.0,1116275.0,0
20240119T,1129618.0,1129618.0,1129618.0,1129618.0,0
20240123T,1025563.0,1025563.0,1025563.0,1025563.0,0
20240124T,943619.0,943619.0,943619.0,943619.0,0
20240125T,432091.0,432091.0,432091.0,432091.0,0
20240129T,545276.0,545276.0,545276.0,545276.0,0
20240130T,616636.0,616636.0,616636.0,616636.0,0
20240131T,666906.0,666906.0,666906.0,666906.0,0
20240201T,723831.0,723831.0,723831.0,723831.0,0
20240202T,759498.0,759498.0,759498.0,759498.0,0
20240205T,808105.0,808105.0,808105.0,808105.0,0
20240206T,847979.0,847979.0,847979.0,847979.0,0
20240207T,870508.0,870508.0,870508.0,870508.0,0
20240208T,906499.0,906499.0,906499.0,906499.0,0
20240209T,939861.0,939861.0,939861.0,939861.0,0
20240212T,978497.0,978497.0,978497.0,978497.0,0
20240213T,994756.0,994756.0,994756.0,994756.0,0
20240214T,999901.0,999901.0,999901.0,999901.0,0
20240215T,1029039.0,1029039.0,1029039.0,1029039.0,0
20240216T,1054431.0,1054431.0,1054431.0,1054431.0,0
20240219T,1085875.0,1085875.0,1085875.0,1085875.0,0
20240220T,1111147.0,1111147.0,1111147.0,1111147.0,0
20240221T,1120495.0,1120495.0,1120495.0,1120495.0,0
20240223T,1094403.0,1094403.0,1094403.0,1094403.0,0
20240226T,1071889.0,1071889.0,1071889.0,1071889.0,0
20240227T,1036218.0,1036218.0,1036218.0,1036218.0,0
20240228T,943062.0,943062.0,943062.0,943062.0,0
20240229T,428347.0,428347.0,428347.0,428347.0,0
20240301T,529511.0,529511.0,529511.0,529511.0,0
20240304T,613054.0,613054.0,613054.0,613054.0,0
20240305T,673837.0,673837.0,673837.0,673837.0,0
20240306T,714724.0,714724.0,714724.0,714724.0,0
20240307T,752858.0,752858.0,752858.0,752858.0,0
20240311T,806587.0,806587.0,806587.0,806587.0,0
20240312T,838821.0,838821.0,838821.0,838821.0,0
20240313T,855574.0,855574.0,855574.0,855574.0,0
20240314T,897918.0,897918.0,897918.0,897918.0,0
20240315T,943144.0,943144.0,943144.0,943144.0,0
20240318T,971527.0,971527.0,971527.0,971527.0,0
20240319T,983465.0,983465.0,983465.0,983465.0,0
20240320T,966403.0,966403.0,966403.0,966403.0,0
20240321T,937756.0,937756.0,937756.0,937756.0,0
20240322T,894944.0,894944.0,894944.0,894944.0,0
20240326T,869774.0,869774.0,869774.0,869774.0,0
20240327T,783922.0,783922.0,783922.0,783922.0,0
20240328T,330369.0,330369.0,330369.0,330369.0,0
20240401T,430938.0,430938.0,430938.0,430938.0,0
20240402T,502013.0,502013.0,502013.0,502013.0,0
20240403T,573453.0,573453.0,573453.0,573453.0,0
20240404T,628774.0,628774.0,628774.0,628774.0,0
20240405T,685919.0,685919.0,685919.0,685919.0,0
20240408T,721555.0,721555.0,721555.0,721555.0,0
20240409T,754484.0,754484.0,754484.0,754484.0,0
20240410T,793432.0,793432.0,793432.0,793432.0,0
20240412T,877636.0,877636.0,877636.0,877636.0,0
20240415T,910411.0,910411.0,910411.0,910411.0,0
20240416T,947817.0,947817.0,947817.0,947817.0,0
20240418T,971455.0,971455.0,971455.0,971455.0,0
20240419T,953324.0,953324.0,953324.0,953324.0,0
20240422T,935439.0,935439.0,935439.0,935439.0,0
20240423T,902086.0,902086.0,902086.0,902086.0,0
20240424T,840932.0,840932.0,840932.0,840932.0,0
20240425T,431555.0,431555.0,431555.0,431555.0,0
20240426T,641143.0,641143.0,641143.0,641143.0,0
20240429T,716100.0,716100.0,716100.0,716100.0,0
20240430T,767084.0,767084.0,767084.0,767084.0,0
20240502T,830727.0,830727.0,830727.0,830727.0,0
20240503T,885082.0,885082.0,885082.0,885082.0,0
20240506T,936468.0,936468.0,936468.0,936468.0,0
20240507T,982914.0,982914.0,982914.0,982914.0,0
20240508T,1020910.0,1020910.0,1020910.0,1020910.0,0
20240509T,1059552.0,1059552.0,1059552.0,1059552.0,0
20240510T,1088130.0,1088130.0,1088130.0,1088130.0,0
20240513T,1104780.0,1104780.0,1104780.0,1104780.0,0
20240514T,1131388.0,1131388.0,1131388.0,1131388.0,0
20240515T,1170361.0,1170361.0,1170361.0,1170361.0,0
20240516T,1174324.0,1174324.0,1174324.0,1174324.0,0
20240517T,1208587.0,1208587.0,1208587.0,1208587.0,0
20240521T,1226486.0,1226486.0,1226486.0,1226486.0,0
20240522T,1240879.0,1240879.0,1240879.0,1240879.0,0
20240523T,1186764.0,1186764.0,1186764.0,1186764.0,0
20240524T,1180649.0,1180649.0,1180649.0,1180649.0,0
20240527T,1139029.0,1139029.0,1139029.0,1139029.0,0
20240528T,1122087.0,1122087.0,1122087.0,1122087.0,0
20240529T,1029466.0,1029466.0,1029466.0,1029466.0,0
20240530T,426572.0,426572.0,426572.0,426572.0,0
20240531T,508142.0,508142.0,508142.0,508142.0,0
20240603T,589687.0,589687.0,589687.0,589687.0,0
20240604T,628737.0,628737.0,628737.0,628737.0,0
20240605T,707853.0,707853.0,707853.0,707853.0,0
20240606T,788135.0,788135.0,788135.0,788135.0,0
20240607T,838883.0,838883.0,838883.0,838883.0,0
20240610T,904174.0,904174.0,904174.0,904174.0,0
20240611T,946717.0,946717.0,946717.0,946717.0,0
20240612T,987227.0,987227.0,987227.0,987227.0,0
20240613T,1025972.0,1025972.0,1025972.0,1025972.0,0
20240614T,1074945.0,1074945.0,1074945.0,1074945.0,0
20240618T,1114152.0,1114152.0,1114152.0,1114152.0,0
20240619T,1127508.0,1127508.0,1127508.0,1127508.0,0
20240620T,1165833.0,1165833.0,1165833.0,1165833.0,0
20240621T,1170441.0,1170441.0,1170441.0,1170441.0,0
20240624T,1169148.0,1169148.0,1169148.0,1169148.0,0
20240625T,1106262.0,1106262.0,1106262.0,1106262.0,0
20240626T,1015394.0,1015394.0,1015394.0,1015394.0,0
20240627T,501411.0,501411.0,501411.0,501411.0,0
20240628T,630676.0,630676.0,630676.0,630676.0,0
20240701T,724369.0,724369.0,724369.0,724369.0,0
20240702T,807255.0,807255.0,807255.0,807255.0,0
20240703T,857109.0,857109.0,857109.0,857109.0,0
20240704T,915551.0,915551.0,915551.0,915551.0,0
20240705T,972758.0,972758.0,972758.0,972758.0,0
20240708T,1023768.0,1023768.0,1023768.0,1023768.0,0
20240709T,1056454.0,1056454.0,1056454.0,1056454.0,0
20240710T,1085581.0,1085581.0,1085581.0,1085581.0,0
20240711T,1136255.0,1136255.0,1136255.0,1136255.0,0
20240712T,1173376.0,1173376.0,1173376.0,1173376.0,0
20240715T,1218166.0,1218166.0,1218166.0,1218166.0,0
20240716T,1257730.0,1257730.0,1257730.0,1257730.0,0
20240718T,1253193.0,1253193.0,1253193.0,1253193.0,0
20240719T,1232180.0,1232180.0,1232180.0,1232180.0,0
20240722T,1186910.0,1186910.0,1186910.0,1186910.0,0
20240723T,1147182.0,1147182.0,1147182.0,1147182.0,0
20240724T,1050902.0,1050902.0,1050902.0,1050902.0,0
20240725T,504913.0,504913.0,504913.0,504913.0,0
20240726T,644345.0,644345.0,644345.0,644345.0,0
20240729T,736772.0,736772.0,736772.0,736772.0,0
20240730T,810917.0,810917.0,810917.0,810917.0,0
20240731T,875433.0,875433.0,875433.0,875433.0,0
20240801T,947533.0,947533.0,947533.0,947533.0,0
20240802T,1003318.0,1003318.0,1003318.0,1003318.0,0
20240805T,1037377.0,1037377.0,1037377.0,1037377.0,0
20240806T,1090849.0,1090849.0,1090849.0,1090849.0,0
20240807T,1116758.0,1116758.0,1116758.0,1116758.0,0
20240808T,1166668.0,1166668.0,1166668.0,1166668.0,0
20240809T,1200095.0,1200095.0,1200095.0,1200095.0,0
20240812T,1228919.0,1228919.0,1228919.0,1228919.0,0
20240813T,1268408.0,1268408.0,1268408.0,1268408.0,0
20240814T,1286159.0,1286159.0,1286159.0,1286159.0,0
20240816T,1269875.0,1269875.0,1269875.0,1269875.0,0
20240819T,1302496.0,1302496.0,1302496.0,1302496.0,0
20240820T,1306674.0,1306674.0,1306674.0,1306674.0,0
20240821T,1317978.0,1317978.0,1317978.0,1317978.0,0
20240822T,1339970.0,1339970.0,1339970.0,1339970.0,0
20240823T,1316809.0,1316809.0,1316809.0,1316809.0,0
20240826T,1264200.0,1264200.0,1264200.0,1264200.0,0
20240827T,1225475.0,1225475.0,1225475.0,1225475.0,0
20240828T,1128804.0,1128804.0,1128804.0,1128804.0,0
20240829T,545278.0,545278.0,545278.0,545278.0,0
20240830T,685607.0,685607.0,685607.0,685607.0,0
20240902T,803607.0,803607.0,803607.0,803607.0,0
20240903T,873536.0,873536.0,873536.0,873536.0,0
20240904T,944651.0,944651.0,944651.0,944651.0,0
20240905T,1009571.0,1009571.0,1009571.0,1009571.0,0
20240906T,1060254.0,1060254.0,1060254.0,1060254.0,0
20240909T,1096475.0,1096475.0,1096475.0,1096475.0,0
20240910T,1135928.0,1135928.0,1135928.0,1135928.0,0
20240911T,1194938.0,1194938.0,1194938.0,1194938.0,0
20240912T,1186903.0,1186903.0,1186903.0,1186903.0,0
20240913T,1232155.0,1232155.0,1232155.0,1232155.0,0
20240916T,1259076.0,1259076.0,1259076.0,1259076.0,0
20240917T,1287352.0,1287352.0,1287352.0,1287352.0,0
20240918T,1267390.0,1267390.0,1267390.0,1267390.0,0
20240919T,1278522.0,1278522.0,1278522.0,1278522.0,0
20240920T,1218334.0,1218334.0,1218334.0,1218334.0,0
20240923T,1185388.0,1185388.0,1185388.0,1185388.0,0
20240924T,1156792.0,1156792.0,1156792.0,1156792.0,0
20240925T,1079936.0,1079936.0,1079936.0,1079936.0,0
20240926T,531387.0,531387.0,531387.0,531387.0,0
20240927T,658939.0,658939.0,658939.0,658939.0,0
20240930T,750409.0,750409.0,750409.0,750409.0,0
20241001T,818552.0,818552.0,818552.0,818552.0,0
20241003T,872522.0,872522.0,872522.0,872522.0,0
20241004T,915468.0,915468.0,915468.0,915468.0,0
20241007T,946167.0,946167.0,946167.0,946167.0,0
20241008T,982025.0,982025.0,982025.0,982025.0,0
20241009T,1025631.0,1025631.0,1025631.0,1025631.0,0
20241010T,1083408.0,1083408.0,1083408.0,1083408.0,0
20241011T,1113197.0,1113197.0,1113197.0,1113197.0,0
20241014T,1156991.0,1156991.0,1156991.0,1156991.0,0
20241015T,1213597.0,1213597.0,1213597.0,1213597.0,0
20241016T,1262260.0,1262260.0,1262260.0,1262260.0,0
20241017T,1332750.0,1332750.0,1332750.0,1332750.0,0
20241018T,1378134.0,1378134.0,1378134.0,1378134.0,0
20241021T,1391848.0,1391848.0,1391848.0,1391848.0,0
20241022T,1386198.0,1386198.0,1386198.0,1386198.0,0
20241023T,1389923.0,1389923.0,1389923.0,1389923.0,0
20241024T,1410813.0,1410813.0,1410813.0,1410813.0,0
20241025T,1359450.0,1359450.0,1359450.0,1359450.0,0
20241028T,1308338.0,1308338.0,1308338.0,1308338.0,0
20241029T,1261023.0,1261023.0,1261023.0,1261023.0,0
20241030T,1169397.0,1169397.0,1169397.0,1169397.0,0
20241031T,525961.0,525961.0,525961.0,525961.0,0
20241104T,731783.0,731783.0,731783.0,731783.0,0
20241105T,788154.0,788154.0,788154.0,788154.0,0
20241106T,846906.0,846906.0,846906.0,846906.0,0
20241107T,922415.0,922415.0,922415.0,922415.0,0
20241108T,984223.0,984223.0,984223.0,984223.0,0
20241111T,996060.0,996060.0,996060.0,996060.0,0
20241112T,1061685.0,1061685.0,1061685.0,1061685.0,0
20241113T,1092406.0,1092406.0,1092406.0,1092406.0,0
20241114T,1150253.0,1150253.0,1150253.0,1150253.0,0
20241118T,1177966.0,1177966.0,1177966.0,1177966.0,0
20241119T,1171392.0,1171392.0,1171392.0,1171392.0,0
20241121T,1187061.0,1187061.0,1187061.0,1187061.0,0
20241122T,1139223.0,1139223.0,1139223.0,1139223.0,0
20241125T,1105588.0,1105588.0,1105588.0,1105588.0,0
20241126T,1117150.0,1117150.0,1117150.0,1117150.0,0
20241127T,1050336.0,1050336.0,1050336.0,1050336.0,0
20241128T,523880.0,523880.0,523880.0,523880.0,0
20241129T,652091.0,652091.0,652091.0,652091.0,0
20241202T,741675.0,741675.0,741675.0,741675.0,0
20241203T,800920.0,800920.0,800920.0,800920.0,0
20241204T,869554.0,869554.0,869554.0,869554.0,0
20241205T,901324.0,901324.0,901324.0,901324.0,0
20241206T,943645.0,943645.0,943645.0,943645.0,0
20241209T,1019903.0,1019903.0,1019903.0,1019903.0,0
20241210T,1071258.0,1071258.0,1071258.0,1071258.0,0
20241211T,1112971.0,1112971.0,1112971.0,1112971.0,0
20241212T,1163389.0,1163389.0,1163389.0,1163389.0,0
20241213T,1159999.0,1159999.0,1159999.0,1159999.0,0
20241216T,1211714.0,1211714.0,1211714.0,1211714.0,0
20241217T,1256002.0,1256002.0,1256002.0,1256002.0,0
20241218T,1257513.0,1257513.0,1257513.0,1257513.0,0
20241219T,1250245.0,1250245.0,1250245.0,1250245.0,0
20241220T,1220778.0,1220778.0,1220778.0,1220778.0,0
20241223T,1179074.0,1179074.0,1179074.0,1179074.0,0
20241224T,1078513.0,1078513.0,1078513.0,1078513.0,0
20241226T,459349.0,459349.0,459349.0,459349.0,0
20241227T,593922.0,593922.0,593922.0,593922.0,0
20241230T,687500.0,687500.0,687500.0,687500.0,0
20241231T,756753.0,756753.0,756753.0,756753.0,0
20250101T,815258.0,815258.0,815258.0,815258.0,0
20250102T,860311.0,860311.0,860311.0,860311.0,0
20250103T,912289.0,912289.0,912289.0,912289.0,0
20250106T,949017.0,949017.0,949017.0,949017.0,0
20250107T,990143.0,990143.0,990143.0,990143.0,0
20250108T,1028418.0,1028418.0,1028418.0,1028418.0,0
20250109T,1089312.0,1089312.0,1089312.0,1089312.0,0
20250110T,1124840.0,1124840.0,1124840.0,1124840.0,0
20250113T,1127469.0,1127469.0,1127469.0,1127469.0,0
20250114T,1167137.0,1167137.0,1167137.0,1167137.0,0
20250115T,1202585.0,1202585.0,1202585.0,1202585.0,0
20250116T,1239549.0,1239549.0,1239549.0,1239549.0,0
20250117T,1279667.0,1279667.0,1279667.0,1279667.0,0
20250120T,1312066.0,1312066.0,1312066.0,1312066.0,0
20250121T,1349204.0,1349204.0,1349204.0,1349204.0,0
20250122T,1380116.0,1380116.0,1380116.0,1380116.0,0
20250123T,1393317.0,1393317.0,1393317.0,1393317.0,0
20250124T,1397743.0,1397743.0,1397743.0,1397743.0,0
20250127T,1354654.0,1354654.0,1354654.0,1354654.0,0
20250128T,1304420.0,1304420.0,1304420.0,1304420.0,0
20250129T,1245232.0,1245232.0,1245232.0,1245232.0,0
20250130T,509191.0,509191.0,509191.0,509191.0,0
20250131T,600183.0,600183.0,600183.0,600183.0,0
20250203T,820850.0,820850.0,820850.0,820850.0,0
20250204T,869811.0,869811.0,869811.0,869811.0,0
20250205T,928260.0,928260.0,928260.0,928260.0,0
20250206T,991581.0,991581.0,991581.0,991581.0,0
20250207T,1059804.0,1059804.0,1059804.0,1059804.0,0
20250210T,1116039.0,1116039.0,1116039.0,1116039.0,0
20250211T,1140126.0,1140126.0,1140126.0,1140126.0,0
20250212T,1188077.0,1188077.0,1188077.0,1188077.0,0
20250213T,1226264.0,1226264.0,1226264.0,1226264.0,0
20250214T,1254163.0,1254163.0,1254163.0,1254163.0,0
20250217T,1286786.0,1286786.0,1286786.0,1286786.0,0
20250218T,1302938.0,1302938.0,1302938.0,1302938.0,0
20250219T,1301630.0,1301630.0,1301630.0,1301630.0,0
20250220T,1293855.0,1293855.0,1293855.0,1293855.0,0
20250221T,1298669.0,1298669.0,1298669.0,1298669.0,0
20250224T,1261612.0,1261612.0,1261612.0,1261612.0,0
20250225T,1161738.0,1161738.0,1161738.0,1161738.0,0
20250227T,433692.0,433692.0,433692.0,433692.0,0
20250228T,552609.0,552609.0,552609.0,552609.0,0
20250303T,642001.0,642001.0,642001.0,642001.0,0
20250304T,713178.0,713178.0,713178.0,713178.0,0
20250305T,770410.0,770410.0,770410.0,770410.0,0
20250306T,839405.0,839405.0,839405.0,839405.0,0
20250307T,895309.0,895309.0,895309.0,895309.0,0
20250310T,943750.0,943750.0,943750.0,943750.0,0
20250311T,994832.0,994832.0,994832.0,994832.0,0
20250312T,1033185.0,1033185.0,1033185.0,1033185.0,0
20250313T,1061842.0,1061842.0,1061842.0,1061842.0,0
20250317T,1079617.0,1079617.0,1079617.0,1079617.0,0
20250318T,1058463.0,1058463.0,1058463.0,1058463.0,0
20250319T,1042019.0,1042019.0,1042019.0,1042019.0,0
20250320T,1049880.0,1049880.0,1049880.0,1049880.0,0
20250321T,1010307.0,1010307.0,1010307.0,1010307.0,0
20250324T,960994.0,960994.0,960994.0,960994.0,0
20250325T,957502.0,957502.0,957502.0,957502.0,0
20250326T,928565.0,928565.0,928565.0,928565.0,0
20250327T,442197.0,442197.0,442197.0,442197.0,0
20250328T,542815.0,542815.0,542815.0,542815.0,0
20250401T,613811.0,613811.0,613811.0,613811.0,0
20250402T,676100.0,676100.0,676100.0,676100.0,0
20250403T,752604.0,752604.0,752604.0,752604.0,0
20250404T,819890.0,819890.0,819890.0,819890.0,0
20250407T,823462.0,823462.0,823462.0,823462.0,0
20250408T,863469.0,863469.0,863469.0,863469.0,0
20250409T,922244.0,922244.0,922244.0,922244.0,0
20250411T,950438.0,950438.0,950438.0,950438.0,0
20250415T,985202.0,985202.0,985202.0,985202.0,0
20250416T,1003860.0,1003860.0,1003860.0,1003860.0,0
20250417T,984800.0,984800.0,984800.0,984800.0,0
20250421T,971075.0,971075.0,971075.0,971075.0,0
20250422T,975732.0,975732.0,975732.0,975732.0,0
20250423T,926717.0,926717.0,926717.0,926717.0,0
20250424T,523308.0,523308.0,523308.0,523308.0,0
20250425T,624444.0,624444.0,624444.0,624444.0,0
20250428T,721643.0,721643.0,721643.0,721643.0,0
20250429T,801114.0,801114.0,801114.0,801114.0,0
20250430T,872760.0,872760.0,872760.0,872760.0,0
20250502T,924719.0,924719.0,924719.0,924719.0,0
20250505T,966694.0,966694.0,966694.0,966694.0,0
20250506T,1003289.0,1003289.0,1003289.0,1003289.0,0
20250507T,1033031.0,1033031.0,1033031.0,1033031.0,0
20250508T,1064581.0,1064581.0,1064581.0,1064581.0,0
20250509T,1081758.0,1081758.0,1081758.0,1081758.0,0
20250512T,1078505.0,1078505.0,1078505.0,1078505.0,0
20250513T,1115873.0,1115873.0,1115873.0,1115873.0,0
20250514T,1158434.0,1158434.0,1158434.0,1158434.0,0
20250515T,1165463.0,1165463.0,1165463.0,1165463.0,0
20250516T,1193942.0,1193942.0,1193942.0,1193942.0,0
20250519T,1242665.0,1242665.0,1242665.0,1242665.0,0
20250520T,1280462.0,1280462.0,1280462.0,1280462.0,0
20250521T,1313870.0,1313870.0,1313870.0,1313870.0,0
20250522T,1316839.0,1316839.0,1316839.0,1316839.0,0
20250523T,1306974.0,1306974.0,1306974.0,1306974.0,0
20250526T,1281782.0,1281782.0,1281782.0,1281782.0,0
20250527T,1244159.0,1244159.0,1244159.0,1244159.0,0
20250528T,1158697.0,1158697.0,1158697.0,1158697.0,0
20250529T,522025.0,522025.0,522025.0,522025.0,0
20250530T,672365.0,672365.0,672365.0,672365.0,0
20250602T,756665.0,756665.0,756665.0,756665.0,0
20250603T,816770.0,816770.0,816770.0,816770.0,0
20250604T,881666.0,881666.0,881666.0,881666.0,0
20250605T,921245.0,921245.0,921245.0,921245.0,0
20250606T,969120.0,969120.0,969120.0,969120.0,0
20250609T,1032067.0,1032067.0,1032067.0,1032067.0,0
20250610T,1080854.0,1080854.0,1080854.0,1080854.0,0
20250611T,1123968.0,1123968.0,1123968.0,1123968.0,0
20250612T,1166640.0,1166640.0,1166640.0,1166640.0,0
20250613T,1219513.0,1219513.0,1219513.0,1219513.0,0
20250616T,1244127.0,1244127.0,1244127.0,1244127.0,0
20250617T,1271221.0,1271221.0,1271221.0,1271221.0,0
20250618T,1299182.0,1299182.0,1299182.0,1299182.0,0
20250619T,1292586.0,1292586.0,1292586.0,1292586.0,0
20250620T,1263244.0,1263244.0,1263244.0,1263244.0,0
20250623T,1236552.0,1236552.0,1236552.0,1236552.0,0
20250624T,1193224.0,1193224.0,1193224.0,1193224.0,0
20250625T,1109855.0,1109855.0,1109855.0,1109855.0,0
20250626T,540280.0,540280.0,540280.0,540280.0,0
20250627T,662678.0,662678.0,662678.0,662678.0,0
20250630T,744909.0,744909.0,744909.0,744909.0,0
20250701T,825803.0,825803.0,825803.0,825803.0,0
20250702T,880026.0,880026.0,880026.0,880026.0,0
20250703T,921598.0,921598.0,921598.0,921598.0,0
20250704T,980265.0,980265.0,980265.0,980265.0,0
20250707T,1020925.0,1020925.0,1020925.0,1020925.0,0
20250708T,1061910.0,1061910.0,1061910.0,1061910.0,0
20250709T,1106311.0,1106311.0,1106311.0,1106311.0,0
20250710T,1150041.0,1150041.0,1150041.0,1150041.0,0
20250711T,1195097.0,1195097.0,1195097.0,1195097.0,0
20250714T,1242747.0,1242747.0,1242747.0,1242747.0,0
20250715T,1268090.0,1268090.0,1268090.0,1268090.0,0
20250716T,1308673.0,1308673.0,1308673.0,1308673.0,0
20250717T,1345678.0,1345678.0,1345678.0,1345678.0,0
20250718T,1390433.0,1390433.0,1390433.0,1390433.0,0
20250721T,1426779.0,1426779.0,1426779.0,1426779.0,0
20250722T,1443906.0,1443906.0,1443906.0,1443906.0,0
20250723T,1458971.0,1458971.0,1458971.0,1458971.0,0
20250724T,1455247.0,1455247.0,1455247.0,1455247.0,0
20250725T,1428417.0,1428417.0,1428417.0,1428417.0,0
20250728T,1397333.0,1397333.0,1397333.0,1397333.0,0
20250729T,1349748.0,1349748.0,1349748.0,1349748.0,0
20250730T,1280154.0,1280154.0,1280154.0,1280154.0,0
20250731T,570092.0,570092.0,570092.0,570092.0,0
20250801T,715508.0,715508.0,715508.0,715508.0,0
20250804T,829908.0,829908.0,829908.0,829908.0,0
20250805T,897110.0,897110.0,897110.0,897110.0,0
20250806T,954212.0,954212.0,954212.0,954212.0,0
20250807T,1008638.0,1008638.0,1008638.0,1008638.0,0
20250808T,1079440.0,1079440.0,1079440.0,1079440.0,0
20250811T,1117333.0,1117333.0,1117333.0,1117333.0,0
20250812T,1156513.0,1156513.0,1156513.0,1156513.0,0
20250813T,1186392.0,1186392.0,1186392.0,1186392.0,0
20250814T,1205472.0,1205472.0,1205472.0,1205472.0,0
20250818T,1217407.0,1217407.0,1217407.0,1217407.0,0
20250819T,1242136.0,1242136.0,1242136.0,1242136.0,0
20250820T,1266911.0,1266911.0,1266911.0,1266911.0,0
20250821T,1281827.0,1281827.0,1281827.0,1281827.0,0
20250822T,1283055.0,1283055.0,1283055.0,1283055.0,0
20250825T,1248165.0,1248165.0,1248165.0,1248165.0,0
20250826T,1159630.0,1159630.0,1159630.0,1159630.0,0
20250828T,532989.0,532989.0,532989.0,532989.0,0
20250829T,683364.0,683364.0,683364.0,683364.0,0
20250901T,779804.0,779804.0,779804.0,779804.0,0
20250902T,835404.0,835404.0,835404.0,835404.0,0
20250903T,910160.0,910160.0,910160.0,910160.0,0
20250904T,979211.0,979211.0,979211.0,979211.0,0
20250905T,1014291.0,1014291.0,1014291.0,1014291.0,0
20250908T,1057817.0,1057817.0,1057817.0,1057817.0,0
20250909T,1100416.0,1100416.0,1100416.0,1100416.0,0
20250910T,1132276.0,1132276.0,1132276.0,1132276.0,0
20250911T,1178591.0,1178591.0,1178591.0,1178591.0,0
20250912T,1215735.0,1215735.0,1215735.0,1215735.0,0
20250915T,1252975.0,1252975.0,1252975.0,1252975.0,0
20250916T,1277234.0,1277234.0,1277234.0,1277234.0,0
20250917T,1309245.0,1309245.0,1309245.0,1309245.0,0
20250918T,1348505.0,1348505.0,1348505.0,1348505.0,0
20250919T,1382632.0,1382632.0,1382632.0,1382632.0,0
20250922T,1402522.0,1402522.0,1402522.0,1402522.0,0
20250923T,1424698.0,1424698.0,1424698.0,1424698.0,0
20250924T,1430813.0,1430813.0,1430813.0,1430813.0,0
20250925T,1408383.0,1408383.0,1408383.0,1408383.0,0
20250926T,1366152.0,1366152.0,1366152.0,1366152.0,0
20250929T,1266924.0,1266924.0,1266924.0,1266924.0,0
20250930T,622628.0,622628.0,622628.0,622628.0,0
20251001T,766654.0,766654.0,766654.0,766654.0,0
20251003T,879658.0,879658.0,879658.0,879658.0,0
20251006T,976877.0,976877.0,976877.0,976877.0,0
20251007T,1037638.0,1037638.0,1037638.0,1037638.0,0
20251008T,1104849.0,1104849.0,1104849.0,1104849.0,0
20251009T,1162444.0,1162444.0,1162444.0,1162444.0,0
20251010T,1205566.0,1205566.0,1205566.0,1205566.0,0
20251013T,1212093.0,1212093.0,1212093.0,1212093.0,0
20251014T,1262851.0,1262851.0,1262851.0,1262851.0,0
20251015T,1318463.0,1318463.0,1318463.0,1318463.0,0
20251016T,1329000.0,1329000.0,1329000.0,1329000.0,0
20251017T,1366163.0,1366163.0,1366163.0,1366163.0,0
20251020T,1368778.0,1368778.0,1368778.0,1368778.0,0
20251023T,1317533.0,1317533.0,1317533.0,1317533.0,0
20251024T,1307916.0,1307916.0,1307916.0,1307916.0,0
20251027T,1222714.0,1222714.0,1222714.0,1222714.0,0
20251028T,647746.0,647746.0,647746.0,647746.0,0
20251029T,852758.0,852758.0,852758.0,852758.0,0
20251030T,947269.0,947269.0,947269.0,947269.0,0
20251031T,1054878.0,1054878.0,1054878.0,1054878.0,0
20251103T,1138334.0,1138334.0,1138334.0,1138334.0,0
20251104T,1207449.0,1207449.0,1207449.0,1207449.0,0
20251106T,1294174.0,1294174.0,1294174.0,1294174.0,0
20251107T,1354935.0,1354935.0,1354935.0,1354935.0,0
20251110T,1421837.0,1421837.0,1421837.0,1421837.0,0
20251111T,1465137.0,1465137.0,1465137.0,1465137.0,0
20251112T,1502633.0,1502633.0,1502633.0,1502633.0,0
20251113T,1522109.0,1522109.0,1522109.0,1522109.0,0
20251114T,1563584.0,1563584.0,1563584.0,1563584.0,0
20251117T,1603801.0,1603801.0,1603801.0,1603801.0,0
20251118T,1628357.0,1628357.0,1628357.0,1628357.0,0
20251119T,1620722.0,1620722.0,1620722.0,1620722.0,0
20251120T,1555149.0,1555149.0,1555149.0,1555149.0,0
20251121T,1526642.0,1526642.0,1526642.0,1526642.0,0
20251124T,1436348.0,1436348.0,1436348.0,1436348.0,0
20251125T,657616.0,657616.0,657616.0,657616.0,0
20251126T,833756.0,833756.0,833756.0,833756.0,0
20251127T,938097.0,938097.0,938097.0,938097.0,0
20251128T,1043688.0,1043688.0,1043688.0,1043688.0,0
20251201T,1099623.0,1099623.0,1099623.0,1099623.0,0
20251202T,1144732.0,1144732.0,1144732.0,1144732.0,0
20251203T,1202721.0,1202721.0,1202721.0,1202721.0,0
20251204T,1236073.0,1236073.0,1236073.0,1236073.0,0
20251205T,1306393.0,1306393.0,1306393.0,1306393.0,0
20251208T,1350997.0,1350997.0,1350997.0,1350997.0,0
20251209T,1381523.0,1381523.0,1381523.0,1381523.0,0
20251210T,1435979.0,1435979.0,1435979.0,1435979.0,0
20251211T,1460099.0,1460099.0,1460099.0,1460099.0,0
20251212T,1484738.0,1484738.0,1484738.0,1484738.0,0
20251215T,1513408.0,1513408.0,1513408.0,1513408.0,0
20251216T,1541665.0,1541665.0,1541665.0,1541665.0,0
20251217T,1564379.0,1564379.0,1564379.0,1564379.0,0
20251218T,1563945.0,1563945.0,1563945.0,1563945.0,0
20251219T,1558955.0,1558955.0,1558955.0,1558955.0,0
20251222T,1552651.0,1552651.0,1552651.0,1552651.0,0
20251223T,1537800.0,1537800.0,1537800.0,1537800.0,0
20251224T,1514357.0,1514357.0,1514357.0,1514357.0,0
20251226T,1491923.0,1491923.0,1491923.0,1491923.0,0
20251229T,1413969.0,1413969.0,1413969.0,1413969.0,0
20251230T,659642.0,659642.0,659642.0,659642.0,0
20251231T,799866.0,799866.0,799866.0,799866.0,0
20260101T,911168.0,911168.0,911168.0,911168.0,0
20260102T,1039324.0,1039324.0,1039324.0,1039324.0,0
20260105T,1098917.0,1098917.0,1098917.0,1098917.0,0
20260106T,1177455.0,1177455.0,1177455.0,1177455.0,0
20260107T,1252891.0,1252891.0,1252891.0,1252891.0,0
20260108T,1299919.0,1299919.0,1299919.0,1299919.0,0
20260109T,1341326.0,1341326.0,1341326.0,1341326.0,0
20260112T,1389177.0,1389177.0,1389177.0,1389177.0,0
20260113T,1438308.0,1438308.0,1438308.0,1438308.0,0
20260114T,1496293.0,1496293.0,1496293.0,1496293.0,0
20260116T,1565025.0,1565025.0,1565025.0,1565025.0,0
20260119T,1597292.0,1597292.0,1597292.0,1597292.0,0
20260120T,1551955.0,1551955.0,1551955.0,1551955.0,0
20260121T,1533435.0,1533435.0,1533435.0,1533435.0,0
20260122T,1508906.0,1508906.0,1508906.0,1508906.0,0
20260123T,1397428.0,1397428.0,1397428.0,1397428.0,0
20260127T,512749.0,512749.0,512749.0,512749.0,0
20260128T,672280.0,672280.0,672280.0,672280.0,0
20260129T,786364.0,786364.0,786364.0,786364.0,0
20260130T,878524.0,878524.0,878524.0,878524.0,0
20260201T,917930.0,917930.0,917930.0,917930.0,0
20260202T,987706.0,987706.0,987706.0,987706.0,0
