20120106T,48405.0,48405.0,48405.0,48405.0,0
20120109T,48383.0,48383.0,48383.0,48383.0,0
20120110T,48822.0,48822.0,48822.0,48822.0,0
20120111T,48182.0,48182.0,48182.0,48182.0,0
20120112T,47410.0,47410.0,47410.0,47410.0,0
20120113T,48050.0,48050.0,48050.0,48050.0,0
20120116T,46452.0,46452.0,46452.0,46452.0,0
20120117T,48674.0,48674.0,48674.0,48674.0,0
20120118T,48657.0,48657.0,48657.0,48657.0,0
20120119T,49222.0,49222.0,49222.0,49222.0,0
20120120T,50185.0,50185.0,50185.0,50185.0,0
20120123T,47813.0,47813.0,47813.0,47813.0,0
20120124T,41669.0,41669.0,41669.0,41669.0,0
20120125T,27196.0,27196.0,27196.0,27196.0,0
20120127T,28708.0,28708.0,28708.0,28708.0,0
20120130T,28951.0,28951.0,28951.0,28951.0,0
20120131T,29180.0,29180.0,29180.0,29180.0,0
20120201T,31017.0,31017.0,31017.0,31017.0,0
20120202T,34512.0,34512.0,34512.0,34512.0,0
20120203T,36230.0,36230.0,36230.0,36230.0,0
20120206T,39867.0,39867.0,39867.0,39867.0,0
20120207T,39548.0,39548.0,39548.0,39548.0,0
20120208T,38391.0,38391.0,38391.0,38391.0,0
20120209T,37061.0,37061.0,37061.0,37061.0,0
20120210T,36487.0,36487.0,36487.0,36487.0,0
20120213T,34102.0,34102.0,34102.0,34102.0,0
20120214T,33744.0,33744.0,33744.0,33744.0,0
20120215T,32245.0,32245.0,32245.0,32245.0,0
20120216T,32778.0,32778.0,32778.0,32778.0,0
20120217T,29519.0,29519.0,29519.0,29519.0,0
20120221T,28619.0,28619.0,28619.0,28619.0,0
20120222T,25475.0,25475.0,25475.0,25475.0,0
20120223T,10966.0,10966.0,10966.0,10966.0,0
20120224T,10313.0,10313.0,10313.0,10313.0,0
20120227T,10481.0,10481.0,10481.0,10481.0,0
20120228T,11830.0,11830.0,11830.0,11830.0,0
20120229T,10879.0,10879.0,10879.0,10879.0,0
20120301T,12665.0,12665.0,12665.0,12665.0,0
20120302T,13781.0,13781.0,13781.0,13781.0,0
20120305T,12367.0,12367.0,12367.0,12367.0,0
20120306T,12399.0,12399.0,12399.0,12399.0,0
20120307T,13004.0,13004.0,13004.0,13004.0,0
20120309T,13376.0,13376.0,13376.0,13376.0,0
20120312T,14530.0,14530.0,14530.0,14530.0,0
20120313T,15857.0,15857.0,15857.0,15857.0,0
20120314T,17044.0,17044.0,17044.0,17044.0,0
20120315T,14057.0,14057.0,14057.0,14057.0,0
20120316T,16671.0,16671.0,16671.0,16671.0,0
20120319T,19828.0,19828.0,19828.0,19828.0,0
20120320T,19925.0,19925.0,19925.0,19925.0,0
20120321T,21465.0,21465.0,21465.0,21465.0,0
20120322T,19804.0,19804.0,19804.0,19804.0,0
20120323T,19384.0,19384.0,19384.0,19384.0,0
20120326T,19149.0,19149.0,19149.0,19149.0,0
20120327T,18390.0,18390.0,18390.0,18390.0,0
20120328T,16229.0,16229.0,16229.0,16229.0,0
20120329T,13412.0,13412.0,13412.0,13412.0,0
20120330T,14670.0,14670.0,14670.0,14670.0,0
20120402T,15386.0,15386.0,15386.0,15386.0,0
20120403T,15615.0,15615.0,15615.0,15615.0,0
20120404T,16269.0,16269.0,16269.0,16269.0,0
20120409T,16250.0,16250.0,16250.0,16250.0,0
20120410T,17054.0,17054.0,17054.0,17054.0,0
20120411T,17200.0,17200.0,17200.0,17200.0,0
20120412T,17842.0,17842.0,17842.0,17842.0,0
20120413T,18508.0,18508.0,18508.0,18508.0,0
20120416T,18552.0,18552.0,18552.0,18552.0,0
20120417T,18750.0,18750.0,18750.0,18750.0,0
20120418T,19381.0,19381.0,19381.0,19381.0,0
20120419T,20119.0,20119.0,20119.0,20119.0,0
20120420T,18416.0,18416.0,18416.0,18416.0,0
20120423T,16345.0,16345.0,16345.0,16345.0,0
20120424T,14222.0,14222.0,14222.0,14222.0,0
20120425T,13610.0,13610.0,13610.0,13610.0,0
20120426T,11201.0,11201.0,11201.0,11201.0,0
20120427T,13234.0,13234.0,13234.0,13234.0,0
20120430T,13388.0,13388.0,13388.0,13388.0,0
20120502T,13838.0,13838.0,13838.0,13838.0,0
20120503T,12519.0,12519.0,12519.0,12519.0,0
20120504T,12018.0,12018.0,12018.0,12018.0,0
20120507T,13657.0,13657.0,13657.0,13657.0,0
20120508T,14686.0,14686.0,14686.0,14686.0,0
20120509T,15814.0,15814.0,15814.0,15814.0,0
20120510T,16896.0,16896.0,16896.0,16896.0,0
20120511T,19596.0,19596.0,19596.0,19596.0,0
20120514T,22325.0,22325.0,22325.0,22325.0,0
20120515T,25239.0,25239.0,25239.0,25239.0,0
20120516T,25687.0,25687.0,25687.0,25687.0,0
20120517T,26769.0,26769.0,26769.0,26769.0,0
20120518T,27306.0,27306.0,27306.0,27306.0,0
20120521T,28949.0,28949.0,28949.0,28949.0,0
20120522T,27146.0,27146.0,27146.0,27146.0,0
20120523T,28344.0,28344.0,28344.0,28344.0,0
20120524T,27920.0,27920.0,27920.0,27920.0,0
20120525T,27919.0,27919.0,27919.0,27919.0,0
20120528T,27697.0,27697.0,27697.0,27697.0,0
20120529T,26398.0,26398.0,26398.0,26398.0,0
20120530T,25451.0,25451.0,25451.0,25451.0,0
20120531T,11979.0,11979.0,11979.0,11979.0,0
20120601T,13345.0,13345.0,13345.0,13345.0,0
20120604T,15504.0,15504.0,15504.0,15504.0,0
20120605T,17749.0,17749.0,17749.0,17749.0,0
20120606T,21115.0,21115.0,21115.0,21115.0,0
20120607T,22956.0,22956.0,22956.0,22956.0,0
20120608T,24017.0,24017.0,24017.0,24017.0,0
20120611T,24123.0,24123.0,24123.0,24123.0,0
20120612T,24451.0,24451.0,24451.0,24451.0,0
20120613T,26464.0,26464.0,26464.0,26464.0,0
20120614T,25195.0,25195.0,25195.0,25195.0,0
20120615T,25023.0,25023.0,25023.0,25023.0,0
20120618T,25501.0,25501.0,25501.0,25501.0,0
20120619T,26560.0,26560.0,26560.0,26560.0,0
20120620T,27429.0,27429.0,27429.0,27429.0,0
20120621T,26670.0,26670.0,26670.0,26670.0,0
20120622T,25191.0,25191.0,25191.0,25191.0,0
20120625T,22118.0,22118.0,22118.0,22118.0,0
20120626T,20743.0,20743.0,20743.0,20743.0,0
20120627T,20149.0,20149.0,20149.0,20149.0,0
20120628T,13669.0,13669.0,13669.0,13669.0,0
20120629T,14643.0,14643.0,14643.0,14643.0,0
20120702T,14475.0,14475.0,14475.0,14475.0,0
20120703T,15822.0,15822.0,15822.0,15822.0,0
20120704T,19529.0,19529.0,19529.0,19529.0,0
20120705T,20396.0,20396.0,20396.0,20396.0,0
20120706T,21412.0,21412.0,21412.0,21412.0,0
20120709T,21220.0,21220.0,21220.0,21220.0,0
20120710T,23334.0,23334.0,23334.0,23334.0,0
20120711T,24148.0,24148.0,24148.0,24148.0,0
20120712T,22486.0,22486.0,22486.0,22486.0,0
20120713T,21657.0,21657.0,21657.0,21657.0,0
20120716T,21665.0,21665.0,21665.0,21665.0,0
20120717T,21907.0,21907.0,21907.0,21907.0,0
20120718T,21733.0,21733.0,21733.0,21733.0,0
20120719T,21019.0,21019.0,21019.0,21019.0,0
20120720T,20338.0,20338.0,20338.0,20338.0,0
20120723T,20153.0,20153.0,20153.0,20153.0,0
20120724T,15824.0,15824.0,15824.0,15824.0,0
20120725T,15224.0,15224.0,15224.0,15224.0,0
20120726T,11090.0,11090.0,11090.0,11090.0,0
20120727T,11435.0,11435.0,11435.0,11435.0,0
20120730T,13807.0,13807.0,13807.0,13807.0,0
20120731T,15680.0,15680.0,15680.0,15680.0,0
20120801T,15826.0,15826.0,15826.0,15826.0,0
20120802T,16114.0,16114.0,16114.0,16114.0,0
20120803T,16047.0,16047.0,16047.0,16047.0,0
20120806T,17308.0,17308.0,17308.0,17308.0,0
20120807T,18361.0,18361.0,18361.0,18361.0,0
20120808T,18371.0,18371.0,18371.0,18371.0,0
20120809T,18662.0,18662.0,18662.0,18662.0,0
20120810T,17313.0,17313.0,17313.0,17313.0,0
20120813T,14220.0,14220.0,14220.0,14220.0,0
20120814T,12377.0,12377.0,12377.0,12377.0,0
20120816T,12298.0,12298.0,12298.0,12298.0,0
20120817T,11988.0,11988.0,11988.0,11988.0,0
20120821T,13153.0,13153.0,13153.0,13153.0,0
20120822T,13913.0,13913.0,13913.0,13913.0,0
20120823T,15396.0,15396.0,15396.0,15396.0,0
20120824T,14180.0,14180.0,14180.0,14180.0,0
20120827T,13706.0,13706.0,13706.0,13706.0,0
20120828T,12991.0,12991.0,12991.0,12991.0,0
20120829T,12506.0,12506.0,12506.0,12506.0,0
20120830T,6106.0,6106.0,6106.0,6106.0,0
20120831T,6340.0,6340.0,6340.0,6340.0,0
20120903T,7139.0,7139.0,7139.0,7139.0,0
20120904T,7457.0,7457.0,7457.0,7457.0,0
20120905T,7317.0,7317.0,7317.0,7317.0,0
20120906T,7388.0,7388.0,7388.0,7388.0,0
20120907T,7924.0,7924.0,7924.0,7924.0,0
20120910T,8762.0,8762.0,8762.0,8762.0,0
20120911T,9212.0,9212.0,9212.0,9212.0,0
20120912T,11040.0,11040.0,11040.0,11040.0,0
20120913T,11551.0,11551.0,11551.0,11551.0,0
20120914T,14207.0,14207.0,14207.0,14207.0,0
20120917T,15203.0,15203.0,15203.0,15203.0,0
20120918T,15641.0,15641.0,15641.0,15641.0,0
20120920T,16096.0,16096.0,16096.0,16096.0,0
20120921T,17197.0,17197.0,17197.0,17197.0,0
20120924T,17124.0,17124.0,17124.0,17124.0,0
20120925T,14170.0,14170.0,14170.0,14170.0,0
20120926T,12809.0,12809.0,12809.0,12809.0,0
20120927T,9553.0,9553.0,9553.0,9553.0,0
20120928T,10589.0,10589.0,10589.0,10589.0,0
20121001T,11869.0,11869.0,11869.0,11869.0,0
20121003T,13582.0,13582.0,13582.0,13582.0,0
20121004T,16954.0,16954.0,16954.0,16954.0,0
20121005T,15606.0,15606.0,15606.0,15606.0,0
20121008T,17487.0,17487.0,17487.0,17487.0,0
20121009T,17936.0,17936.0,17936.0,17936.0,0
20121010T,17814.0,17814.0,17814.0,17814.0,0
20121011T,20359.0,20359.0,20359.0,20359.0,0
20121012T,20147.0,20147.0,20147.0,20147.0,0
20121015T,19104.0,19104.0,19104.0,19104.0,0
20121016T,20956.0,20956.0,20956.0,20956.0,0
20121017T,21265.0,21265.0,21265.0,21265.0,0
20121018T,21531.0,21531.0,21531.0,21531.0,0
20121019T,21333.0,21333.0,21333.0,21333.0,0
20121022T,19477.0,19477.0,19477.0,19477.0,0
20121023T,19149.0,19149.0,19149.0,19149.0,0
20121025T,11467.0,11467.0,11467.0,11467.0,0
20121026T,11947.0,11947.0,11947.0,11947.0,0
20121029T,13031.0,13031.0,13031.0,13031.0,0
20121030T,12632.0,12632.0,12632.0,12632.0,0
20121031T,13645.0,13645.0,13645.0,13645.0,0
20121101T,14398.0,14398.0,14398.0,14398.0,0
20121102T,14596.0,14596.0,14596.0,14596.0,0
20121105T,15169.0,15169.0,15169.0,15169.0,0
20121106T,14988.0,14988.0,14988.0,14988.0,0
20121107T,16629.0,16629.0,16629.0,16629.0,0
20121108T,17483.0,17483.0,17483.0,17483.0,0
20121109T,16722.0,16722.0,16722.0,16722.0,0
20121112T,16403.0,16403.0,16403.0,16403.0,0
20121113T,16403.0,16403.0,16403.0,16403.0,0
20121115T,18262.0,18262.0,18262.0,18262.0,0
20121116T,19347.0,19347.0,19347.0,19347.0,0
20121119T,18000.0,18000.0,18000.0,18000.0,0
20121120T,17520.0,17520.0,17520.0,17520.0,0
20121121T,19513.0,19513.0,19513.0,19513.0,0
20121122T,21323.0,21323.0,21323.0,21323.0,0
20121123T,20295.0,20295.0,20295.0,20295.0,0
20121126T,19812.0,19812.0,19812.0,19812.0,0
20121127T,21245.0,21245.0,21245.0,21245.0,0
20121129T,13438.0,13438.0,13438.0,13438.0,0
20121130T,14813.0,14813.0,14813.0,14813.0,0
20121203T,17390.0,17390.0,17390.0,17390.0,0
20121204T,19005.0,19005.0,19005.0,19005.0,0
20121205T,22165.0,22165.0,22165.0,22165.0,0
20121206T,23580.0,23580.0,23580.0,23580.0,0
20121207T,25367.0,25367.0,25367.0,25367.0,0
20121210T,26429.0,26429.0,26429.0,26429.0,0
20121211T,28797.0,28797.0,28797.0,28797.0,0
20121212T,29133.0,29133.0,29133.0,29133.0,0
20121213T,26544.0,26544.0,26544.0,26544.0,0
20121214T,25622.0,25622.0,25622.0,25622.0,0
20121217T,24748.0,24748.0,24748.0,24748.0,0
20121218T,24572.0,24572.0,24572.0,24572.0,0
20121219T,23675.0,23675.0,23675.0,23675.0,0
20121220T,23547.0,23547.0,23547.0,23547.0,0
20121221T,22600.0,22600.0,22600.0,22600.0,0
20121224T,22207.0,22207.0,22207.0,22207.0,0
20121226T,21319.0,21319.0,21319.0,21319.0,0
20121227T,12191.0,12191.0,12191.0,12191.0,0
20121228T,12499.0,12499.0,12499.0,12499.0,0
20121231T,11115.0,11115.0,11115.0,11115.0,0
20130101T,11328.0,11328.0,11328.0,11328.0,0
20130102T,11291.0,11291.0,11291.0,11291.0,0
20130103T,12991.0,12991.0,12991.0,12991.0,0
20130104T,13998.0,13998.0,13998.0,13998.0,0
20130107T,14427.0,14427.0,14427.0,14427.0,0
20130108T,13850.0,13850.0,13850.0,13850.0,0
20130109T,13711.0,13711.0,13711.0,13711.0,0
20130110T,14383.0,14383.0,14383.0,14383.0,0
20130111T,19178.0,19178.0,19178.0,19178.0,0
20130114T,20585.0,20585.0,20585.0,20585.0,0
20130115T,21745.0,21745.0,21745.0,21745.0,0
20130116T,19436.0,19436.0,19436.0,19436.0,0
20130117T,19988.0,19988.0,19988.0,19988.0,0
20130118T,22964.0,22964.0,22964.0,22964.0,0
20130121T,24107.0,24107.0,24107.0,24107.0,0
20130122T,22972.0,22972.0,22972.0,22972.0,0
20130123T,23072.0,23072.0,23072.0,23072.0,0
20130124T,22476.0,22476.0,22476.0,22476.0,0
20130125T,22611.0,22611.0,22611.0,22611.0,0
20130128T,21247.0,21247.0,21247.0,21247.0,0
20130129T,19568.0,19568.0,19568.0,19568.0,0
20130130T,16592.0,16592.0,16592.0,16592.0,0
20130131T,8352.0,8352.0,8352.0,8352.0,0
20130201T,8805.0,8805.0,8805.0,8805.0,0
20130204T,11210.0,11210.0,11210.0,11210.0,0
20130205T,11233.0,11233.0,11233.0,11233.0,0
20130206T,13010.0,13010.0,13010.0,13010.0,0
20130207T,14054.0,14054.0,14054.0,14054.0,0
20130208T,16046.0,16046.0,16046.0,16046.0,0
20130211T,15998.0,15998.0,15998.0,15998.0,0
20130212T,16440.0,16440.0,16440.0,16440.0,0
20130213T,16760.0,16760.0,16760.0,16760.0,0
20130214T,17045.0,17045.0,17045.0,17045.0,0
20130215T,16972.0,16972.0,16972.0,16972.0,0
20130218T,17557.0,17557.0,17557.0,17557.0,0
20130219T,17371.0,17371.0,17371.0,17371.0,0
20130220T,17347.0,17347.0,17347.0,17347.0,0
20130221T,16056.0,16056.0,16056.0,16056.0,0
20130222T,15918.0,15918.0,15918.0,15918.0,0
20130225T,16338.0,16338.0,16338.0,16338.0,0
20130226T,16113.0,16113.0,16113.0,16113.0,0
20130227T,16149.0,16149.0,16149.0,16149.0,0
20130228T,12984.0,12984.0,12984.0,12984.0,0
20130301T,13853.0,13853.0,13853.0,13853.0,0
20130304T,14515.0,14515.0,14515.0,14515.0,0
20130305T,14188.0,14188.0,14188.0,14188.0,0
20130306T,15424.0,15424.0,15424.0,15424.0,0
20130307T,16019.0,16019.0,16019.0,16019.0,0
20130308T,17581.0,17581.0,17581.0,17581.0,0
20130311T,18205.0,18205.0,18205.0,18205.0,0
20130312T,17155.0,17155.0,17155.0,17155.0,0
20130313T,16170.0,16170.0,16170.0,16170.0,0
20130314T,17390.0,17390.0,17390.0,17390.0,0
20130315T,18294.0,18294.0,18294.0,18294.0,0
20130318T,18647.0,18647.0,18647.0,18647.0,0
20130319T,19157.0,19157.0,19157.0,19157.0,0
20130320T,18902.0,18902.0,18902.0,18902.0,0
20130321T,20485.0,20485.0,20485.0,20485.0,0
20130322T,20542.0,20542.0,20542.0,20542.0,0
20130325T,21427.0,21427.0,21427.0,21427.0,0
20130326T,20327.0,20327.0,20327.0,20327.0,0
20130328T,12113.0,12113.0,12113.0,12113.0,0
20130401T,12328.0,12328.0,12328.0,12328.0,0
20130402T,12713.0,12713.0,12713.0,12713.0,0
20130403T,12580.0,12580.0,12580.0,12580.0,0
20130404T,13645.0,13645.0,13645.0,13645.0,0
20130405T,14058.0,14058.0,14058.0,14058.0,0
20130408T,14660.0,14660.0,14660.0,14660.0,0
20130409T,15471.0,15471.0,15471.0,15471.0,0
20130410T,15779.0,15779.0,15779.0,15779.0,0
20130411T,16324.0,16324.0,16324.0,16324.0,0
20130412T,16541.0,16541.0,16541.0,16541.0,0
20130415T,16598.0,16598.0,16598.0,16598.0,0
20130416T,17439.0,17439.0,17439.0,17439.0,0
20130417T,18387.0,18387.0,18387.0,18387.0,0
20130418T,17922.0,17922.0,17922.0,17922.0,0
20130422T,17947.0,17947.0,17947.0,17947.0,0
20130423T,16393.0,16393.0,16393.0,16393.0,0
20130425T,9549.0,9549.0,9549.0,9549.0,0
20130426T,9813.0,9813.0,9813.0,9813.0,0
20130429T,12051.0,12051.0,12051.0,12051.0,0
20130430T,12479.0,12479.0,12479.0,12479.0,0
20130502T,19684.0,19684.0,19684.0,19684.0,0
20130503T,28017.0,28017.0,28017.0,28017.0,0
20130506T,30533.0,30533.0,30533.0,30533.0,0
20130507T,29818.0,29818.0,29818.0,29818.0,0
20130508T,28368.0,28368.0,28368.0,28368.0,0
20130509T,28105.0,28105.0,28105.0,28105.0,0
20130510T,26278.0,26278.0,26278.0,26278.0,0
20130513T,24842.0,24842.0,24842.0,24842.0,0
20130514T,24406.0,24406.0,24406.0,24406.0,0
20130515T,23727.0,23727.0,23727.0,23727.0,0
20130516T,23554.0,23554.0,23554.0,23554.0,0
20130517T,22096.0,22096.0,22096.0,22096.0,0
20130520T,21242.0,21242.0,21242.0,21242.0,0
20130521T,18894.0,18894.0,18894.0,18894.0,0
20130522T,17953.0,17953.0,17953.0,17953.0,0
20130523T,17154.0,17154.0,17154.0,17154.0,0
20130524T,17599.0,17599.0,17599.0,17599.0,0
20130527T,18024.0,18024.0,18024.0,18024.0,0
20130528T,17844.0,17844.0,17844.0,17844.0,0
20130529T,18078.0,18078.0,18078.0,18078.0,0
20130530T,10175.0,10175.0,10175.0,10175.0,0
20130531T,10275.0,10275.0,10275.0,10275.0,0
20130603T,12605.0,12605.0,12605.0,12605.0,0
20130604T,15464.0,15464.0,15464.0,15464.0,0
20130605T,17353.0,17353.0,17353.0,17353.0,0
20130606T,19531.0,19531.0,19531.0,19531.0,0
20130607T,22049.0,22049.0,22049.0,22049.0,0
20130610T,24226.0,24226.0,24226.0,24226.0,0
20130611T,26101.0,26101.0,26101.0,26101.0,0
20130612T,26108.0,26108.0,26108.0,26108.0,0
20130613T,26426.0,26426.0,26426.0,26426.0,0
20130614T,27208.0,27208.0,27208.0,27208.0,0
20130617T,26667.0,26667.0,26667.0,26667.0,0
20130618T,27579.0,27579.0,27579.0,27579.0,0
20130619T,26987.0,26987.0,26987.0,26987.0,0
20130620T,26469.0,26469.0,26469.0,26469.0,0
20130621T,24884.0,24884.0,24884.0,24884.0,0
20130624T,23862.0,23862.0,23862.0,23862.0,0
20130625T,20240.0,20240.0,20240.0,20240.0,0
20130626T,18013.0,18013.0,18013.0,18013.0,0
20130627T,13548.0,13548.0,13548.0,13548.0,0
20130628T,15887.0,15887.0,15887.0,15887.0,0
20130701T,15853.0,15853.0,15853.0,15853.0,0
20130702T,17147.0,17147.0,17147.0,17147.0,0
20130703T,15223.0,15223.0,15223.0,15223.0,0
20130704T,16307.0,16307.0,16307.0,16307.0,0
20130705T,16360.0,16360.0,16360.0,16360.0,0
20130708T,15471.0,15471.0,15471.0,15471.0,0
20130709T,15952.0,15952.0,15952.0,15952.0,0
20130710T,15896.0,15896.0,15896.0,15896.0,0
20130711T,15826.0,15826.0,15826.0,15826.0,0
20130712T,14838.0,14838.0,14838.0,14838.0,0
20130715T,15557.0,15557.0,15557.0,15557.0,0
20130716T,14344.0,14344.0,14344.0,14344.0,0
20130717T,13789.0,13789.0,13789.0,13789.0,0
20130718T,14388.0,14388.0,14388.0,14388.0,0
20130719T,14618.0,14618.0,14618.0,14618.0,0
20130722T,14624.0,14624.0,14624.0,14624.0,0
20130723T,14628.0,14628.0,14628.0,14628.0,0
20130724T,13527.0,13527.0,13527.0,13527.0,0
20130725T,10854.0,10854.0,10854.0,10854.0,0
20130726T,10951.0,10951.0,10951.0,10951.0,0
20130729T,10914.0,10914.0,10914.0,10914.0,0
20130730T,10982.0,10982.0,10982.0,10982.0,0
20130731T,11992.0,11992.0,11992.0,11992.0,0
20130801T,11788.0,11788.0,11788.0,11788.0,0
20130802T,11748.0,11748.0,11748.0,11748.0,0
20130805T,12871.0,12871.0,12871.0,12871.0,0
20130806T,12607.0,12607.0,12607.0,12607.0,0
20130807T,13029.0,13029.0,13029.0,13029.0,0
20130808T,13433.0,13433.0,13433.0,13433.0,0
20130812T,14126.0,14126.0,14126.0,14126.0,0
20130813T,14857.0,14857.0,14857.0,14857.0,0
20130814T,17101.0,17101.0,17101.0,17101.0,0
20130816T,16692.0,16692.0,16692.0,16692.0,0
20130819T,17629.0,17629.0,17629.0,17629.0,0
20130820T,23831.0,23831.0,23831.0,23831.0,0
20130821T,26779.0,26779.0,26779.0,26779.0,0
20130822T,0.0,0.0,0.0,0.0,0
20130823T,29709.0,29709.0,29709.0,29709.0,0
20130826T,28316.0,28316.0,28316.0,28316.0,0
20130827T,30610.0,30610.0,30610.0,30610.0,0
20130828T,28747.0,28747.0,28747.0,28747.0,0
20130829T,20645.0,20645.0,20645.0,20645.0,0
20130830T,33251.0,33251.0,33251.0,33251.0,0
20130902T,33824.0,33824.0,33824.0,33824.0,0
20130903T,32843.0,32843.0,32843.0,32843.0,0
20130904T,32484.0,32484.0,32484.0,32484.0,0
20130905T,30504.0,30504.0,30504.0,30504.0,0
20130906T,29623.0,29623.0,29623.0,29623.0,0
20130910T,27759.0,27759.0,27759.0,27759.0,0
20130911T,27424.0,27424.0,27424.0,27424.0,0
20130912T,24747.0,24747.0,24747.0,24747.0,0
20130913T,22228.0,22228.0,22228.0,22228.0,0
20130916T,21114.0,21114.0,21114.0,21114.0,0
20130917T,19198.0,19198.0,19198.0,19198.0,0
20130918T,19700.0,19700.0,19700.0,19700.0,0
20130919T,20894.0,20894.0,20894.0,20894.0,0
20130920T,19474.0,19474.0,19474.0,19474.0,0
20130923T,18862.0,18862.0,18862.0,18862.0,0
20130924T,18333.0,18333.0,18333.0,18333.0,0
20130925T,17766.0,17766.0,17766.0,17766.0,0
20130926T,7528.0,7528.0,7528.0,7528.0,0
20130927T,8106.0,8106.0,8106.0,8106.0,0
20130930T,8179.0,8179.0,8179.0,8179.0,0
20131001T,8051.0,8051.0,8051.0,8051.0,0
20131003T,7956.0,7956.0,7956.0,7956.0,0
20131004T,8044.0,8044.0,8044.0,8044.0,0
20131007T,8522.0,8522.0,8522.0,8522.0,0
20131008T,8899.0,8899.0,8899.0,8899.0,0
20131010T,9467.0,9467.0,9467.0,9467.0,0
20131011T,9292.0,9292.0,9292.0,9292.0,0
20131014T,10417.0,10417.0,10417.0,10417.0,0
20131015T,10178.0,10178.0,10178.0,10178.0,0
20131017T,9841.0,9841.0,9841.0,9841.0,0
20131018T,10120.0,10120.0,10120.0,10120.0,0
20131021T,14603.0,14603.0,14603.0,14603.0,0
20131022T,19393.0,19393.0,19393.0,19393.0,0
20131023T,18721.0,18721.0,18721.0,18721.0,0
20131024T,19755.0,19755.0,19755.0,19755.0,0
20131025T,19383.0,19383.0,19383.0,19383.0,0
20131028T,19015.0,19015.0,19015.0,19015.0,0
20131029T,19385.0,19385.0,19385.0,19385.0,0
20131030T,18888.0,18888.0,18888.0,18888.0,0
20131031T,6625.0,6625.0,6625.0,6625.0,0
20131101T,7729.0,7729.0,7729.0,7729.0,0
20131105T,8348.0,8348.0,8348.0,8348.0,0
20131106T,8186.0,8186.0,8186.0,8186.0,0
20131107T,9557.0,9557.0,9557.0,9557.0,0
20131108T,9608.0,9608.0,9608.0,9608.0,0
20131111T,10014.0,10014.0,10014.0,10014.0,0
20131112T,10533.0,10533.0,10533.0,10533.0,0
20131113T,10755.0,10755.0,10755.0,10755.0,0
20131114T,11713.0,11713.0,11713.0,11713.0,0
20131118T,12685.0,12685.0,12685.0,12685.0,0
20131119T,16835.0,16835.0,16835.0,16835.0,0
20131120T,18033.0,18033.0,18033.0,18033.0,0
20131121T,17742.0,17742.0,17742.0,17742.0,0
20131122T,18360.0,18360.0,18360.0,18360.0,0
20131125T,18594.0,18594.0,18594.0,18594.0,0
20131126T,19222.0,19222.0,19222.0,19222.0,0
20131127T,19166.0,19166.0,19166.0,19166.0,0
20131128T,14713.0,14713.0,14713.0,14713.0,0
20131129T,17786.0,17786.0,17786.0,17786.0,0
20131202T,18220.0,18220.0,18220.0,18220.0,0
20131203T,20678.0,20678.0,20678.0,20678.0,0
20131204T,23403.0,23403.0,23403.0,23403.0,0
20131205T,24499.0,24499.0,24499.0,24499.0,0
20131206T,28543.0,28543.0,28543.0,28543.0,0
20131209T,33177.0,33177.0,33177.0,33177.0,0
20131210T,32684.0,32684.0,32684.0,32684.0,0
20131211T,31090.0,31090.0,31090.0,31090.0,0
20131212T,30697.0,30697.0,30697.0,30697.0,0
20131213T,31198.0,31198.0,31198.0,31198.0,0
20131216T,33280.0,33280.0,33280.0,33280.0,0
20131217T,33945.0,33945.0,33945.0,33945.0,0
20131218T,30449.0,30449.0,30449.0,30449.0,0
20131219T,20308.0,20308.0,20308.0,20308.0,0
20131220T,19734.0,19734.0,19734.0,19734.0,0
20131223T,19610.0,19610.0,19610.0,19610.0,0
20131224T,19288.0,19288.0,19288.0,19288.0,0
20131226T,6870.0,6870.0,6870.0,6870.0,0
20131227T,6894.0,6894.0,6894.0,6894.0,0
20131230T,6960.0,6960.0,6960.0,6960.0,0
20131231T,7562.0,7562.0,7562.0,7562.0,0
20140101T,7574.0,7574.0,7574.0,7574.0,0
20140102T,6813.0,6813.0,6813.0,6813.0,0
20140103T,7232.0,7232.0,7232.0,7232.0,0
20140106T,8633.0,8633.0,8633.0,8633.0,0
20140107T,8448.0,8448.0,8448.0,8448.0,0
20140108T,8362.0,8362.0,8362.0,8362.0,0
20140109T,7970.0,7970.0,7970.0,7970.0,0
20140110T,8508.0,8508.0,8508.0,8508.0,0
20140113T,10136.0,10136.0,10136.0,10136.0,0
20140114T,10606.0,10606.0,10606.0,10606.0,0
20140115T,11461.0,11461.0,11461.0,11461.0,0
20140116T,11317.0,11317.0,11317.0,11317.0,0
20140117T,10624.0,10624.0,10624.0,10624.0,0
20140120T,9800.0,9800.0,9800.0,9800.0,0
20140121T,10174.0,10174.0,10174.0,10174.0,0
20140122T,10903.0,10903.0,10903.0,10903.0,0
20140123T,10953.0,10953.0,10953.0,10953.0,0
20140124T,10243.0,10243.0,10243.0,10243.0,0
20140127T,9741.0,9741.0,9741.0,9741.0,0
20140128T,10967.0,10967.0,10967.0,10967.0,0
20140129T,9720.0,9720.0,9720.0,9720.0,0
20140130T,3548.0,3548.0,3548.0,3548.0,0
20140131T,3465.0,3465.0,3465.0,3465.0,0
20140203T,4948.0,4948.0,4948.0,4948.0,0
20140204T,6529.0,6529.0,6529.0,6529.0,0
20140205T,7487.0,7487.0,7487.0,7487.0,0
20140206T,7569.0,7569.0,7569.0,7569.0,0
20140207T,7554.0,7554.0,7554.0,7554.0,0
20140210T,8514.0,8514.0,8514.0,8514.0,0
20140211T,8952.0,8952.0,8952.0,8952.0,0
20140212T,9231.0,9231.0,9231.0,9231.0,0
20140213T,9910.0,9910.0,9910.0,9910.0,0
20140214T,10908.0,10908.0,10908.0,10908.0,0
20140217T,11738.0,11738.0,11738.0,11738.0,0
20140218T,13521.0,13521.0,13521.0,13521.0,0
20140219T,14689.0,14689.0,14689.0,14689.0,0
20140220T,14667.0,14667.0,14667.0,14667.0,0
20140221T,15176.0,15176.0,15176.0,15176.0,0
20140225T,15187.0,15187.0,15187.0,15187.0,0
20140226T,8705.0,8705.0,8705.0,8705.0,0
20140228T,8746.0,8746.0,8746.0,8746.0,0
20140303T,8988.0,8988.0,8988.0,8988.0,0
20140304T,9624.0,9624.0,9624.0,9624.0,0
20140305T,10959.0,10959.0,10959.0,10959.0,0
20140306T,11209.0,11209.0,11209.0,11209.0,0
20140307T,13144.0,13144.0,13144.0,13144.0,0
20140310T,13809.0,13809.0,13809.0,13809.0,0
20140311T,15177.0,15177.0,15177.0,15177.0,0
20140312T,15527.0,15527.0,15527.0,15527.0,0
20140313T,16781.0,16781.0,16781.0,16781.0,0
20140314T,15567.0,15567.0,15567.0,15567.0,0
20140318T,15932.0,15932.0,15932.0,15932.0,0
20140319T,16231.0,16231.0,16231.0,16231.0,0
20140320T,16175.0,16175.0,16175.0,16175.0,0
20140321T,21155.0,21155.0,21155.0,21155.0,0
20140324T,21784.0,21784.0,21784.0,21784.0,0
20140325T,23579.0,23579.0,23579.0,23579.0,0
20140326T,19135.0,19135.0,19135.0,19135.0,0
20140327T,7531.0,7531.0,7531.0,7531.0,0
20140328T,7696.0,7696.0,7696.0,7696.0,0
20140331T,8258.0,8258.0,8258.0,8258.0,0
20140401T,7961.0,7961.0,7961.0,7961.0,0
20140402T,15553.0,15553.0,15553.0,15553.0,0
20140403T,16999.0,16999.0,16999.0,16999.0,0
20140404T,23149.0,23149.0,23149.0,23149.0,0
20140407T,30271.0,30271.0,30271.0,30271.0,0
20140409T,32680.0,32680.0,32680.0,32680.0,0
20140410T,32694.0,32694.0,32694.0,32694.0,0
20140411T,30805.0,30805.0,30805.0,30805.0,0
20140415T,27979.0,27979.0,27979.0,27979.0,0
20140416T,28258.0,28258.0,28258.0,28258.0,0
20140417T,18355.0,18355.0,18355.0,18355.0,0
20140421T,16383.0,16383.0,16383.0,16383.0,0
20140422T,16545.0,16545.0,16545.0,16545.0,0
20140423T,8914.0,8914.0,8914.0,8914.0,0
20140425T,10537.0,10537.0,10537.0,10537.0,0
20140428T,12770.0,12770.0,12770.0,12770.0,0
20140429T,13042.0,13042.0,13042.0,13042.0,0
20140430T,11813.0,11813.0,11813.0,11813.0,0
20140502T,11703.0,11703.0,11703.0,11703.0,0
20140505T,12446.0,12446.0,12446.0,12446.0,0
20140506T,12487.0,12487.0,12487.0,12487.0,0
20140507T,12639.0,12639.0,12639.0,12639.0,0
20140508T,12741.0,12741.0,12741.0,12741.0,0
20140509T,15525.0,15525.0,15525.0,15525.0,0
20140512T,16791.0,16791.0,16791.0,16791.0,0
20140513T,20749.0,20749.0,20749.0,20749.0,0
20140514T,22916.0,22916.0,22916.0,22916.0,0
20140515T,25571.0,25571.0,25571.0,25571.0,0
20140516T,27181.0,27181.0,27181.0,27181.0,0
20140519T,30379.0,30379.0,30379.0,30379.0,0
20140520T,31282.0,31282.0,31282.0,31282.0,0
20140521T,27643.0,27643.0,27643.0,27643.0,0
20140522T,27987.0,27987.0,27987.0,27987.0,0
20140523T,28289.0,28289.0,28289.0,28289.0,0
20140526T,28405.0,28405.0,28405.0,28405.0,0
20140527T,24973.0,24973.0,24973.0,24973.0,0
20140528T,23891.0,23891.0,23891.0,23891.0,0
20140529T,15525.0,15525.0,15525.0,15525.0,0
20140530T,16488.0,16488.0,16488.0,16488.0,0
20140602T,18433.0,18433.0,18433.0,18433.0,0
20140603T,17845.0,17845.0,17845.0,17845.0,0
20140604T,17043.0,17043.0,17043.0,17043.0,0
20140605T,16265.0,16265.0,16265.0,16265.0,0
20140606T,16999.0,16999.0,16999.0,16999.0,0
20140609T,17660.0,17660.0,17660.0,17660.0,0
20140610T,17652.0,17652.0,17652.0,17652.0,0
20140611T,18565.0,18565.0,18565.0,18565.0,0
20140612T,20404.0,20404.0,20404.0,20404.0,0
20140613T,21037.0,21037.0,21037.0,21037.0,0
20140616T,23312.0,23312.0,23312.0,23312.0,0
20140617T,24787.0,24787.0,24787.0,24787.0,0
20140618T,25891.0,25891.0,25891.0,25891.0,0
20140619T,27226.0,27226.0,27226.0,27226.0,0
20140620T,28507.0,28507.0,28507.0,28507.0,0
20140623T,28832.0,28832.0,28832.0,28832.0,0
20140624T,28093.0,28093.0,28093.0,28093.0,0
20140625T,24733.0,24733.0,24733.0,24733.0,0
20140626T,15394.0,15394.0,15394.0,15394.0,0
20140627T,17289.0,17289.0,17289.0,17289.0,0
20140630T,15134.0,15134.0,15134.0,15134.0,0
20140701T,17529.0,17529.0,17529.0,17529.0,0
20140702T,18449.0,18449.0,18449.0,18449.0,0
20140703T,19965.0,19965.0,19965.0,19965.0,0
20140704T,19146.0,19146.0,19146.0,19146.0,0
20140707T,20337.0,20337.0,20337.0,20337.0,0
20140708T,20289.0,20289.0,20289.0,20289.0,0
20140709T,20813.0,20813.0,20813.0,20813.0,0
20140710T,21118.0,21118.0,21118.0,21118.0,0
20140711T,21157.0,21157.0,21157.0,21157.0,0
20140714T,22603.0,22603.0,22603.0,22603.0,0
20140715T,24103.0,24103.0,24103.0,24103.0,0
20140716T,25000.0,25000.0,25000.0,25000.0,0
20140718T,26108.0,26108.0,26108.0,26108.0,0
20140721T,26198.0,26198.0,26198.0,26198.0,0
20140722T,26097.0,26097.0,26097.0,26097.0,0
20140723T,24816.0,24816.0,24816.0,24816.0,0
20140724T,25006.0,25006.0,25006.0,25006.0,0
20140725T,24228.0,24228.0,24228.0,24228.0,0
20140728T,22943.0,22943.0,22943.0,22943.0,0
20140730T,22381.0,22381.0,22381.0,22381.0,0
20140731T,8300.0,8300.0,8300.0,8300.0,0
20140801T,9962.0,9962.0,9962.0,9962.0,0
20140804T,10612.0,10612.0,10612.0,10612.0,0
20140805T,12530.0,12530.0,12530.0,12530.0,0
20140806T,12709.0,12709.0,12709.0,12709.0,0
20140807T,13929.0,13929.0,13929.0,13929.0,0
20140808T,14392.0,14392.0,14392.0,14392.0,0
20140811T,14502.0,14502.0,14502.0,14502.0,0
20140812T,14614.0,14614.0,14614.0,14614.0,0
20140813T,14802.0,14802.0,14802.0,14802.0,0
20140814T,15606.0,15606.0,15606.0,15606.0,0
20140818T,15859.0,15859.0,15859.0,15859.0,0
20140819T,15770.0,15770.0,15770.0,15770.0,0
20140820T,16090.0,16090.0,16090.0,16090.0,0
20140821T,16167.0,16167.0,16167.0,16167.0,0
20140822T,17645.0,17645.0,17645.0,17645.0,0
20140825T,16811.0,16811.0,16811.0,16811.0,0
20140826T,16582.0,16582.0,16582.0,16582.0,0
20140827T,16406.0,16406.0,16406.0,16406.0,0
20140828T,7033.0,7033.0,7033.0,7033.0,0
20140901T,8202.0,8202.0,8202.0,8202.0,0
20140902T,9487.0,9487.0,9487.0,9487.0,0
20140903T,10037.0,10037.0,10037.0,10037.0,0
20140904T,9224.0,9224.0,9224.0,9224.0,0
20140905T,9166.0,9166.0,9166.0,9166.0,0
20140908T,9071.0,9071.0,9071.0,9071.0,0
20140909T,9377.0,9377.0,9377.0,9377.0,0
20140910T,9597.0,9597.0,9597.0,9597.0,0
20140911T,9937.0,9937.0,9937.0,9937.0,0
20140912T,10639.0,10639.0,10639.0,10639.0,0
20140915T,11023.0,11023.0,11023.0,11023.0,0
20140916T,11254.0,11254.0,11254.0,11254.0,0
20140917T,11261.0,11261.0,11261.0,11261.0,0
20140918T,11390.0,11390.0,11390.0,11390.0,0
20140919T,11478.0,11478.0,11478.0,11478.0,0
20140922T,11019.0,11019.0,11019.0,11019.0,0
20140923T,10662.0,10662.0,10662.0,10662.0,0
20140924T,10793.0,10793.0,10793.0,10793.0,0
20140925T,5602.0,5602.0,5602.0,5602.0,0
20140926T,5867.0,5867.0,5867.0,5867.0,0
20140929T,6532.0,6532.0,6532.0,6532.0,0
20140930T,7081.0,7081.0,7081.0,7081.0,0
20141001T,7849.0,7849.0,7849.0,7849.0,0
20141007T,8389.0,8389.0,8389.0,8389.0,0
20141008T,9072.0,9072.0,9072.0,9072.0,0
20141009T,10462.0,10462.0,10462.0,10462.0,0
20141010T,10692.0,10692.0,10692.0,10692.0,0
20141013T,11162.0,11162.0,11162.0,11162.0,0
20141014T,11157.0,11157.0,11157.0,11157.0,0
20141016T,11639.0,11639.0,11639.0,11639.0,0
20141017T,11522.0,11522.0,11522.0,11522.0,0
20141020T,11669.0,11669.0,11669.0,11669.0,0
20141021T,11574.0,11574.0,11574.0,11574.0,0
20141022T,11615.0,11615.0,11615.0,11615.0,0
20141023T,11615.0,11615.0,11615.0,11615.0,0
20141027T,12568.0,12568.0,12568.0,12568.0,0
20141028T,12520.0,12520.0,12520.0,12520.0,0
20141029T,14930.0,14930.0,14930.0,14930.0,0
20141030T,12479.0,12479.0,12479.0,12479.0,0
20141031T,12869.0,12869.0,12869.0,12869.0,0
20141103T,13686.0,13686.0,13686.0,13686.0,0
20141105T,13592.0,13592.0,13592.0,13592.0,0
20141107T,13597.0,13597.0,13597.0,13597.0,0
20141110T,13581.0,13581.0,13581.0,13581.0,0
20141111T,13884.0,13884.0,13884.0,13884.0,0
20141112T,14404.0,14404.0,14404.0,14404.0,0
20141113T,15343.0,15343.0,15343.0,15343.0,0
20141114T,16743.0,16743.0,16743.0,16743.0,0
20141117T,17022.0,17022.0,17022.0,17022.0,0
20141118T,17810.0,17810.0,17810.0,17810.0,0
20141119T,18190.0,18190.0,18190.0,18190.0,0
20141120T,18705.0,18705.0,18705.0,18705.0,0
20141121T,19427.0,19427.0,19427.0,19427.0,0
20141124T,19988.0,19988.0,19988.0,19988.0,0
20141125T,20832.0,20832.0,20832.0,20832.0,0
20141126T,21427.0,21427.0,21427.0,21427.0,0
20141127T,12246.0,12246.0,12246.0,12246.0,0
20141128T,13827.0,13827.0,13827.0,13827.0,0
20141201T,13952.0,13952.0,13952.0,13952.0,0
20141202T,14249.0,14249.0,14249.0,14249.0,0
20141203T,15087.0,15087.0,15087.0,15087.0,0
20141204T,15758.0,15758.0,15758.0,15758.0,0
20141205T,16086.0,16086.0,16086.0,16086.0,0
20141208T,16261.0,16261.0,16261.0,16261.0,0
20141209T,15979.0,15979.0,15979.0,15979.0,0
20141210T,16012.0,16012.0,16012.0,16012.0,0
20141211T,16350.0,16350.0,16350.0,16350.0,0
20141212T,17258.0,17258.0,17258.0,17258.0,0
20141215T,17419.0,17419.0,17419.0,17419.0,0
20141216T,20136.0,20136.0,20136.0,20136.0,0
20141217T,22375.0,22375.0,22375.0,22375.0,0
20141218T,23839.0,23839.0,23839.0,23839.0,0
20141219T,25975.0,25975.0,25975.0,25975.0,0
20141222T,26485.0,26485.0,26485.0,26485.0,0
20141223T,24116.0,24116.0,24116.0,24116.0,0
20141224T,18628.0,18628.0,18628.0,18628.0,0
20141226T,18683.0,18683.0,18683.0,18683.0,0
20141229T,20125.0,20125.0,20125.0,20125.0,0
20141230T,20313.0,20313.0,20313.0,20313.0,0
20141231T,21016.0,21016.0,21016.0,21016.0,0
20150101T,22402.0,22402.0,22402.0,22402.0,0
20150102T,22688.0,22688.0,22688.0,22688.0,0
20150105T,23303.0,23303.0,23303.0,23303.0,0
20150106T,23947.0,23947.0,23947.0,23947.0,0
20150107T,24662.0,24662.0,24662.0,24662.0,0
20150108T,25434.0,25434.0,25434.0,25434.0,0
20150109T,25763.0,25763.0,25763.0,25763.0,0
20150112T,25884.0,25884.0,25884.0,25884.0,0
20150113T,26212.0,26212.0,26212.0,26212.0,0
20150114T,26999.0,26999.0,26999.0,26999.0,0
20150115T,26215.0,26215.0,26215.0,26215.0,0
20150116T,25242.0,25242.0,25242.0,25242.0,0
20150119T,25039.0,25039.0,25039.0,25039.0,0
20150120T,25312.0,25312.0,25312.0,25312.0,0
20150121T,26065.0,26065.0,26065.0,26065.0,0
20150122T,25849.0,25849.0,25849.0,25849.0,0
20150123T,26415.0,26415.0,26415.0,26415.0,0
20150127T,26157.0,26157.0,26157.0,26157.0,0
20150128T,25229.0,25229.0,25229.0,25229.0,0
20150129T,17739.0,17739.0,17739.0,17739.0,0
20150130T,18539.0,18539.0,18539.0,18539.0,0
20150202T,18599.0,18599.0,18599.0,18599.0,0
20150203T,19327.0,19327.0,19327.0,19327.0,0
20150204T,19331.0,19331.0,19331.0,19331.0,0
20150205T,19050.0,19050.0,19050.0,19050.0,0
20150206T,18670.0,18670.0,18670.0,18670.0,0
20150209T,19004.0,19004.0,19004.0,19004.0,0
20150210T,20306.0,20306.0,20306.0,20306.0,0
20150211T,20806.0,20806.0,20806.0,20806.0,0
20150212T,21349.0,21349.0,21349.0,21349.0,0
20150213T,21577.0,21577.0,21577.0,21577.0,0
20150216T,21443.0,21443.0,21443.0,21443.0,0
20150218T,21468.0,21468.0,21468.0,21468.0,0
20150219T,22629.0,22629.0,22629.0,22629.0,0
20150220T,23335.0,23335.0,23335.0,23335.0,0
20150223T,23957.0,23957.0,23957.0,23957.0,0
20150224T,24599.0,24599.0,24599.0,24599.0,0
20150225T,24101.0,24101.0,24101.0,24101.0,0
20150226T,18653.0,18653.0,18653.0,18653.0,0
20150227T,19550.0,19550.0,19550.0,19550.0,0
20150302T,22283.0,22283.0,22283.0,22283.0,0
20150303T,20109.0,20109.0,20109.0,20109.0,0
20150304T,20424.0,20424.0,20424.0,20424.0,0
20150305T,20590.0,20590.0,20590.0,20590.0,0
20150309T,20590.0,20590.0,20590.0,20590.0,0
20150310T,20655.0,20655.0,20655.0,20655.0,0
20150311T,20641.0,20641.0,20641.0,20641.0,0
20150312T,20757.0,20757.0,20757.0,20757.0,0
20150313T,19832.0,19832.0,19832.0,19832.0,0
20150316T,19835.0,19835.0,19835.0,19835.0,0
20150317T,20135.0,20135.0,20135.0,20135.0,0
20150318T,20143.0,20143.0,20143.0,20143.0,0
20150319T,22548.0,22548.0,22548.0,22548.0,0
20150320T,22383.0,22383.0,22383.0,22383.0,0
20150323T,24414.0,24414.0,24414.0,24414.0,0
20150324T,26409.0,26409.0,26409.0,26409.0,0
20150325T,21593.0,21593.0,21593.0,21593.0,0
20150326T,9069.0,9069.0,9069.0,9069.0,0
20150327T,9113.0,9113.0,9113.0,9113.0,0
20150330T,9302.0,9302.0,9302.0,9302.0,0
20150331T,9302.0,9302.0,9302.0,9302.0,0
20150401T,9288.0,9288.0,9288.0,9288.0,0
20150406T,9772.0,9772.0,9772.0,9772.0,0
20150407T,10668.0,10668.0,10668.0,10668.0,0
20150408T,11580.0,11580.0,11580.0,11580.0,0
20150409T,14398.0,14398.0,14398.0,14398.0,0
20150410T,14274.0,14274.0,14274.0,14274.0,0
20150413T,14233.0,14233.0,14233.0,14233.0,0
20150415T,16037.0,16037.0,16037.0,16037.0,0
20150416T,17429.0,17429.0,17429.0,17429.0,0
20150417T,19140.0,19140.0,19140.0,19140.0,0
20150420T,19863.0,19863.0,19863.0,19863.0,0
20150421T,21135.0,21135.0,21135.0,21135.0,0
20150422T,20502.0,20502.0,20502.0,20502.0,0
20150423T,22500.0,22500.0,22500.0,22500.0,0
20150424T,22255.0,22255.0,22255.0,22255.0,0
20150427T,22640.0,22640.0,22640.0,22640.0,0
20150428T,22965.0,22965.0,22965.0,22965.0,0
20150429T,22499.0,22499.0,22499.0,22499.0,0
20150430T,11773.0,11773.0,11773.0,11773.0,0
20150504T,11773.0,11773.0,11773.0,11773.0,0
20150505T,11825.0,11825.0,11825.0,11825.0,0
20150506T,11709.0,11709.0,11709.0,11709.0,0
20150507T,12398.0,12398.0,12398.0,12398.0,0
20150508T,12640.0,12640.0,12640.0,12640.0,0
20150511T,12622.0,12622.0,12622.0,12622.0,0
20150512T,16609.0,16609.0,16609.0,16609.0,0
20150513T,16356.0,16356.0,16356.0,16356.0,0
20150514T,17108.0,17108.0,17108.0,17108.0,0
20150515T,19373.0,19373.0,19373.0,19373.0,0
20150518T,21805.0,21805.0,21805.0,21805.0,0
20150519T,22333.0,22333.0,22333.0,22333.0,0
20150520T,23371.0,23371.0,23371.0,23371.0,0
20150521T,23591.0,23591.0,23591.0,23591.0,0
20150522T,24404.0,24404.0,24404.0,24404.0,0
20150525T,25921.0,25921.0,25921.0,25921.0,0
20150526T,27957.0,27957.0,27957.0,27957.0,0
20150527T,28949.0,28949.0,28949.0,28949.0,0
20150528T,11483.0,11483.0,11483.0,11483.0,0
20150529T,12873.0,12873.0,12873.0,12873.0,0
20150601T,13200.0,13200.0,13200.0,13200.0,0
20150602T,12273.0,12273.0,12273.0,12273.0,0
20150603T,12949.0,12949.0,12949.0,12949.0,0
20150604T,15375.0,15375.0,15375.0,15375.0,0
20150605T,19342.0,19342.0,19342.0,19342.0,0
20150608T,20798.0,20798.0,20798.0,20798.0,0
20150609T,21523.0,21523.0,21523.0,21523.0,0
20150610T,23120.0,23120.0,23120.0,23120.0,0
20150611T,23946.0,23946.0,23946.0,23946.0,0
20150612T,26817.0,26817.0,26817.0,26817.0,0
20150615T,28464.0,28464.0,28464.0,28464.0,0
20150616T,29060.0,29060.0,29060.0,29060.0,0
20150617T,30223.0,30223.0,30223.0,30223.0,0
20150618T,30365.0,30365.0,30365.0,30365.0,0
20150619T,31987.0,31987.0,31987.0,31987.0,0
20150622T,34168.0,34168.0,34168.0,34168.0,0
20150623T,33455.0,33455.0,33455.0,33455.0,0
20150624T,32750.0,32750.0,32750.0,32750.0,0
20150625T,14798.0,14798.0,14798.0,14798.0,0
20150626T,15475.0,15475.0,15475.0,15475.0,0
20150629T,17208.0,17208.0,17208.0,17208.0,0
20150630T,18097.0,18097.0,18097.0,18097.0,0
20150701T,20049.0,20049.0,20049.0,20049.0,0
20150702T,20335.0,20335.0,20335.0,20335.0,0
20150703T,20495.0,20495.0,20495.0,20495.0,0
20150706T,21324.0,21324.0,21324.0,21324.0,0
20150707T,21526.0,21526.0,21526.0,21526.0,0
20150708T,22268.0,22268.0,22268.0,22268.0,0
20150709T,22508.0,22508.0,22508.0,22508.0,0
20150710T,23575.0,23575.0,23575.0,23575.0,0
20150713T,24077.0,24077.0,24077.0,24077.0,0
20150714T,24198.0,24198.0,24198.0,24198.0,0
20150715T,24274.0,24274.0,24274.0,24274.0,0
20150716T,24721.0,24721.0,24721.0,24721.0,0
20150717T,27609.0,27609.0,27609.0,27609.0,0
20150720T,26728.0,26728.0,26728.0,26728.0,0
20150721T,28497.0,28497.0,28497.0,28497.0,0
20150722T,28449.0,28449.0,28449.0,28449.0,0
20150723T,29439.0,29439.0,29439.0,29439.0,0
20150724T,31205.0,31205.0,31205.0,31205.0,0
20150727T,31002.0,31002.0,31002.0,31002.0,0
20150728T,31548.0,31548.0,31548.0,31548.0,0
20150729T,31462.0,31462.0,31462.0,31462.0,0
20150730T,24935.0,24935.0,24935.0,24935.0,0
20150731T,26361.0,26361.0,26361.0,26361.0,0
20150803T,27677.0,27677.0,27677.0,27677.0,0
20150804T,27771.0,27771.0,27771.0,27771.0,0
20150805T,28964.0,28964.0,28964.0,28964.0,0
20150806T,29924.0,29924.0,29924.0,29924.0,0
20150807T,34413.0,34413.0,34413.0,34413.0,0
20150810T,35386.0,35386.0,35386.0,35386.0,0
20150811T,35095.0,35095.0,35095.0,35095.0,0
20150812T,35470.0,35470.0,35470.0,35470.0,0
20150813T,36238.0,36238.0,36238.0,36238.0,0
20150814T,36790.0,36790.0,36790.0,36790.0,0
20150817T,38255.0,38255.0,38255.0,38255.0,0
20150818T,38476.0,38476.0,38476.0,38476.0,0
20150819T,37473.0,37473.0,37473.0,37473.0,0
20150820T,36793.0,36793.0,36793.0,36793.0,0
20150821T,38014.0,38014.0,38014.0,38014.0,0
20150824T,40169.0,40169.0,40169.0,40169.0,0
20150825T,41814.0,41814.0,41814.0,41814.0,0
20150826T,45606.0,45606.0,45606.0,45606.0,0
20150827T,32362.0,32362.0,32362.0,32362.0,0
20150828T,33018.0,33018.0,33018.0,33018.0,0
20150831T,33597.0,33597.0,33597.0,33597.0,0
20150901T,34420.0,34420.0,34420.0,34420.0,0
20150902T,33119.0,33119.0,33119.0,33119.0,0
20150903T,34365.0,34365.0,34365.0,34365.0,0
20150904T,36168.0,36168.0,36168.0,36168.0,0
20150907T,35227.0,35227.0,35227.0,35227.0,0
20150908T,39069.0,39069.0,39069.0,39069.0,0
20150909T,40826.0,40826.0,40826.0,40826.0,0
20150910T,42187.0,42187.0,42187.0,42187.0,0
20150911T,47751.0,47751.0,47751.0,47751.0,0
20150914T,47951.0,47951.0,47951.0,47951.0,0
20150915T,46302.0,46302.0,46302.0,46302.0,0
20150916T,47203.0,47203.0,47203.0,47203.0,0
20150918T,47234.0,47234.0,47234.0,47234.0,0
20150921T,47465.0,47465.0,47465.0,47465.0,0
20150922T,48470.0,48470.0,48470.0,48470.0,0
20150923T,45804.0,45804.0,45804.0,45804.0,0
20150924T,33230.0,33230.0,33230.0,33230.0,0
20150928T,34564.0,34564.0,34564.0,34564.0,0
20150929T,34490.0,34490.0,34490.0,34490.0,0
20150930T,35063.0,35063.0,35063.0,35063.0,0
20151001T,35106.0,35106.0,35106.0,35106.0,0
20151005T,38354.0,38354.0,38354.0,38354.0,0
20151006T,37225.0,37225.0,37225.0,37225.0,0
20151007T,38241.0,38241.0,38241.0,38241.0,0
20151008T,35950.0,35950.0,35950.0,35950.0,0
20151009T,37105.0,37105.0,37105.0,37105.0,0
20151012T,37952.0,37952.0,37952.0,37952.0,0
20151013T,36784.0,36784.0,36784.0,36784.0,0
20151014T,37004.0,37004.0,37004.0,37004.0,0
20151015T,36797.0,36797.0,36797.0,36797.0,0
20151016T,37167.0,37167.0,37167.0,37167.0,0
20151019T,37133.0,37133.0,37133.0,37133.0,0
20151020T,36769.0,36769.0,36769.0,36769.0,0
20151021T,36025.0,36025.0,36025.0,36025.0,0
20151023T,36475.0,36475.0,36475.0,36475.0,0
20151026T,34362.0,34362.0,34362.0,34362.0,0
20151027T,28847.0,28847.0,28847.0,28847.0,0
20151028T,25765.0,25765.0,25765.0,25765.0,0
20151029T,14233.0,14233.0,14233.0,14233.0,0
20151030T,14797.0,14797.0,14797.0,14797.0,0
20151102T,16026.0,16026.0,16026.0,16026.0,0
20151103T,16763.0,16763.0,16763.0,16763.0,0
20151104T,16655.0,16655.0,16655.0,16655.0,0
20151105T,17487.0,17487.0,17487.0,17487.0,0
20151106T,17946.0,17946.0,17946.0,17946.0,0
20151109T,20330.0,20330.0,20330.0,20330.0,0
20151110T,21830.0,21830.0,21830.0,21830.0,0
20151111T,21830.0,21830.0,21830.0,21830.0,0
20151113T,21310.0,21310.0,21310.0,21310.0,0
20151116T,22981.0,22981.0,22981.0,22981.0,0
20151117T,23288.0,23288.0,23288.0,23288.0,0
20151118T,23404.0,23404.0,23404.0,23404.0,0
20151119T,23822.0,23822.0,23822.0,23822.0,0
20151120T,24829.0,24829.0,24829.0,24829.0,0
20151123T,25386.0,25386.0,25386.0,25386.0,0
20151124T,26487.0,26487.0,26487.0,26487.0,0
20151126T,19639.0,19639.0,19639.0,19639.0,0
20151127T,20929.0,20929.0,20929.0,20929.0,0
20151130T,21743.0,21743.0,21743.0,21743.0,0
20151201T,22164.0,22164.0,22164.0,22164.0,0
20151202T,22227.0,22227.0,22227.0,22227.0,0
20151203T,22074.0,22074.0,22074.0,22074.0,0
20151204T,22877.0,22877.0,22877.0,22877.0,0
20151207T,23066.0,23066.0,23066.0,23066.0,0
20151208T,23239.0,23239.0,23239.0,23239.0,0
20151209T,24676.0,24676.0,24676.0,24676.0,0
20151210T,24776.0,24776.0,24776.0,24776.0,0
20151211T,23996.0,23996.0,23996.0,23996.0,0
20151214T,24484.0,24484.0,24484.0,24484.0,0
20151215T,25105.0,25105.0,25105.0,25105.0,0
20151216T,25454.0,25454.0,25454.0,25454.0,0
20151217T,26831.0,26831.0,26831.0,26831.0,0
20151218T,28016.0,28016.0,28016.0,28016.0,0
20151221T,28349.0,28349.0,28349.0,28349.0,0
20151222T,28024.0,28024.0,28024.0,28024.0,0
20151223T,28233.0,28233.0,28233.0,28233.0,0
20151224T,28325.0,28325.0,28325.0,28325.0,0
20151228T,28873.0,28873.0,28873.0,28873.0,0
20151229T,28889.0,28889.0,28889.0,28889.0,0
20151230T,28569.0,28569.0,28569.0,28569.0,0
20151231T,16552.0,16552.0,16552.0,16552.0,0
20160101T,16180.0,16180.0,16180.0,16180.0,0
20160104T,16198.0,16198.0,16198.0,16198.0,0
20160105T,16249.0,16249.0,16249.0,16249.0,0
20160106T,17687.0,17687.0,17687.0,17687.0,0
20160107T,18052.0,18052.0,18052.0,18052.0,0
20160108T,18134.0,18134.0,18134.0,18134.0,0
20160111T,18501.0,18501.0,18501.0,18501.0,0
20160112T,18676.0,18676.0,18676.0,18676.0,0
20160113T,19545.0,19545.0,19545.0,19545.0,0
20160114T,19993.0,19993.0,19993.0,19993.0,0
20160115T,20717.0,20717.0,20717.0,20717.0,0
20160118T,21584.0,21584.0,21584.0,21584.0,0
20160119T,23003.0,23003.0,23003.0,23003.0,0
20160120T,24228.0,24228.0,24228.0,24228.0,0
20160121T,24319.0,24319.0,24319.0,24319.0,0
20160122T,25244.0,25244.0,25244.0,25244.0,0
20160125T,25443.0,25443.0,25443.0,25443.0,0
20160127T,25693.0,25693.0,25693.0,25693.0,0
20160128T,18003.0,18003.0,18003.0,18003.0,0
20160129T,20276.0,20276.0,20276.0,20276.0,0
20160201T,20536.0,20536.0,20536.0,20536.0,0
20160202T,20570.0,20570.0,20570.0,20570.0,0
20160203T,21652.0,21652.0,21652.0,21652.0,0
20160204T,22321.0,22321.0,22321.0,22321.0,0
20160205T,22891.0,22891.0,22891.0,22891.0,0
20160208T,23346.0,23346.0,23346.0,23346.0,0
20160209T,23402.0,23402.0,23402.0,23402.0,0
20160211T,23579.0,23579.0,23579.0,23579.0,0
20160212T,26208.0,26208.0,26208.0,26208.0,0
20160215T,27086.0,27086.0,27086.0,27086.0,0
20160216T,27644.0,27644.0,27644.0,27644.0,0
20160217T,27885.0,27885.0,27885.0,27885.0,0
20160218T,28149.0,28149.0,28149.0,28149.0,0
20160219T,27614.0,27614.0,27614.0,27614.0,0
20160222T,27492.0,27492.0,27492.0,27492.0,0
20160223T,27584.0,27584.0,27584.0,27584.0,0
20160224T,27296.0,27296.0,27296.0,27296.0,0
20160225T,18368.0,18368.0,18368.0,18368.0,0
20160226T,19893.0,19893.0,19893.0,19893.0,0
20160229T,19075.0,19075.0,19075.0,19075.0,0
20160301T,18277.0,18277.0,18277.0,18277.0,0
20160302T,19066.0,19066.0,19066.0,19066.0,0
20160303T,20544.0,20544.0,20544.0,20544.0,0
20160304T,21780.0,21780.0,21780.0,21780.0,0
20160308T,21855.0,21855.0,21855.0,21855.0,0
20160309T,19190.0,19190.0,19190.0,19190.0,0
20160310T,20471.0,20471.0,20471.0,20471.0,0
20160311T,20248.0,20248.0,20248.0,20248.0,0
20160314T,19047.0,19047.0,19047.0,19047.0,0
20160315T,18986.0,18986.0,18986.0,18986.0,0
20160316T,19175.0,19175.0,19175.0,19175.0,0
20160317T,19993.0,19993.0,19993.0,19993.0,0
20160318T,19912.0,19912.0,19912.0,19912.0,0
20160321T,20396.0,20396.0,20396.0,20396.0,0
20160322T,20356.0,20356.0,20356.0,20356.0,0
20160323T,20430.0,20430.0,20430.0,20430.0,0
20160328T,20326.0,20326.0,20326.0,20326.0,0
20160329T,20366.0,20366.0,20366.0,20366.0,0
20160330T,20558.0,20558.0,20558.0,20558.0,0
20160331T,16705.0,16705.0,16705.0,16705.0,0
20160401T,17131.0,17131.0,17131.0,17131.0,0
20160404T,17626.0,17626.0,17626.0,17626.0,0
20160405T,17583.0,17583.0,17583.0,17583.0,0
20160406T,17715.0,17715.0,17715.0,17715.0,0
20160407T,16823.0,16823.0,16823.0,16823.0,0
20160408T,16436.0,16436.0,16436.0,16436.0,0
20160411T,16352.0,16352.0,16352.0,16352.0,0
20160412T,18068.0,18068.0,18068.0,18068.0,0
20160413T,18798.0,18798.0,18798.0,18798.0,0
20160418T,17242.0,17242.0,17242.0,17242.0,0
20160420T,16718.0,16718.0,16718.0,16718.0,0
20160421T,17194.0,17194.0,17194.0,17194.0,0
20160422T,17888.0,17888.0,17888.0,17888.0,0
20160425T,18376.0,18376.0,18376.0,18376.0,0
20160426T,19356.0,19356.0,19356.0,19356.0,0
20160427T,17891.0,17891.0,17891.0,17891.0,0
20160428T,12720.0,12720.0,12720.0,12720.0,0
20160429T,12686.0,12686.0,12686.0,12686.0,0
20160502T,12353.0,12353.0,12353.0,12353.0,0
20160503T,11986.0,11986.0,11986.0,11986.0,0
20160504T,11377.0,11377.0,11377.0,11377.0,0
20160505T,11518.0,11518.0,11518.0,11518.0,0
20160506T,11518.0,11518.0,11518.0,11518.0,0
20160509T,11528.0,11528.0,11528.0,11528.0,0
20160510T,11366.0,11366.0,11366.0,11366.0,0
20160511T,11172.0,11172.0,11172.0,11172.0,0
20160512T,11050.0,11050.0,11050.0,11050.0,0
20160513T,10505.0,10505.0,10505.0,10505.0,0
20160516T,10512.0,10512.0,10512.0,10512.0,0
20160517T,10376.0,10376.0,10376.0,10376.0,0
20160518T,10685.0,10685.0,10685.0,10685.0,0
20160519T,10691.0,10691.0,10691.0,10691.0,0
20160520T,10631.0,10631.0,10631.0,10631.0,0
20160523T,10785.0,10785.0,10785.0,10785.0,0
20160524T,10582.0,10582.0,10582.0,10582.0,0
20160525T,10600.0,10600.0,10600.0,10600.0,0
20160526T,10008.0,10008.0,10008.0,10008.0,0
20160527T,10622.0,10622.0,10622.0,10622.0,0
20160530T,10404.0,10404.0,10404.0,10404.0,0
20160531T,10421.0,10421.0,10421.0,10421.0,0
20160601T,10421.0,10421.0,10421.0,10421.0,0
20160602T,10577.0,10577.0,10577.0,10577.0,0
20160603T,10506.0,10506.0,10506.0,10506.0,0
20160606T,10539.0,10539.0,10539.0,10539.0,0
20160607T,11857.0,11857.0,11857.0,11857.0,0
20160608T,11832.0,11832.0,11832.0,11832.0,0
20160609T,11855.0,11855.0,11855.0,11855.0,0
20160610T,10793.0,10793.0,10793.0,10793.0,0
20160613T,9903.0,9903.0,9903.0,9903.0,0
20160614T,10330.0,10330.0,10330.0,10330.0,0
20160615T,10580.0,10580.0,10580.0,10580.0,0
20160616T,11220.0,11220.0,11220.0,11220.0,0
20160617T,11264.0,11264.0,11264.0,11264.0,0
20160620T,11273.0,11273.0,11273.0,11273.0,0
20160621T,11378.0,11378.0,11378.0,11378.0,0
20160622T,11822.0,11822.0,11822.0,11822.0,0
20160623T,12082.0,12082.0,12082.0,12082.0,0
20160624T,12043.0,12043.0,12043.0,12043.0,0
20160627T,11972.0,11972.0,11972.0,11972.0,0
20160628T,11973.0,11973.0,11973.0,11973.0,0
20160629T,12137.0,12137.0,12137.0,12137.0,0
20160630T,8424.0,8424.0,8424.0,8424.0,0
20160701T,8540.0,8540.0,8540.0,8540.0,0
20160704T,8620.0,8620.0,8620.0,8620.0,0
20160705T,8740.0,8740.0,8740.0,8740.0,0
20160707T,9324.0,9324.0,9324.0,9324.0,0
20160708T,10826.0,10826.0,10826.0,10826.0,0
20160711T,12333.0,12333.0,12333.0,12333.0,0
20160712T,12489.0,12489.0,12489.0,12489.0,0
20160713T,11391.0,11391.0,11391.0,11391.0,0
20160714T,10995.0,10995.0,10995.0,10995.0,0
20160715T,10193.0,10193.0,10193.0,10193.0,0
20160718T,10185.0,10185.0,10185.0,10185.0,0
20160719T,9697.0,9697.0,9697.0,9697.0,0
20160720T,9149.0,9149.0,9149.0,9149.0,0
20160721T,9232.0,9232.0,9232.0,9232.0,0
20160722T,9222.0,9222.0,9222.0,9222.0,0
20160725T,9803.0,9803.0,9803.0,9803.0,0
20160726T,9864.0,9864.0,9864.0,9864.0,0
20160727T,9752.0,9752.0,9752.0,9752.0,0
20160728T,6566.0,6566.0,6566.0,6566.0,0
20160729T,6249.0,6249.0,6249.0,6249.0,0
20160801T,6156.0,6156.0,6156.0,6156.0,0
20160802T,6428.0,6428.0,6428.0,6428.0,0
20160803T,7101.0,7101.0,7101.0,7101.0,0
20160804T,7159.0,7159.0,7159.0,7159.0,0
20160805T,7345.0,7345.0,7345.0,7345.0,0
20160808T,7510.0,7510.0,7510.0,7510.0,0
20160809T,7396.0,7396.0,7396.0,7396.0,0
20160810T,7203.0,7203.0,7203.0,7203.0,0
20160811T,8364.0,8364.0,8364.0,8364.0,0
20160812T,9430.0,9430.0,9430.0,9430.0,0
20160816T,9527.0,9527.0,9527.0,9527.0,0
20160817T,9524.0,9524.0,9524.0,9524.0,0
20160818T,10104.0,10104.0,10104.0,10104.0,0
20160819T,11311.0,11311.0,11311.0,11311.0,0
20160822T,11428.0,11428.0,11428.0,11428.0,0
20160823T,11678.0,11678.0,11678.0,11678.0,0
20160824T,12127.0,12127.0,12127.0,12127.0,0
20160825T,7820.0,7820.0,7820.0,7820.0,0
20160826T,7920.0,7920.0,7920.0,7920.0,0
20160829T,7920.0,7920.0,7920.0,7920.0,0
20160830T,7920.0,7920.0,7920.0,7920.0,0
20160831T,7968.0,7968.0,7968.0,7968.0,0
20160901T,7967.0,7967.0,7967.0,7967.0,0
20160902T,8052.0,8052.0,8052.0,8052.0,0
20160906T,8197.0,8197.0,8197.0,8197.0,0
20160907T,8811.0,8811.0,8811.0,8811.0,0
20160908T,8831.0,8831.0,8831.0,8831.0,0
20160909T,9209.0,9209.0,9209.0,9209.0,0
20160912T,8882.0,8882.0,8882.0,8882.0,0
20160914T,8738.0,8738.0,8738.0,8738.0,0
20160915T,8709.0,8709.0,8709.0,8709.0,0
20160916T,8596.0,8596.0,8596.0,8596.0,0
20160919T,8584.0,8584.0,8584.0,8584.0,0
20160920T,8574.0,8574.0,8574.0,8574.0,0
20160921T,8684.0,8684.0,8684.0,8684.0,0
20160922T,8994.0,8994.0,8994.0,8994.0,0
20160923T,9604.0,9604.0,9604.0,9604.0,0
20160926T,8638.0,8638.0,8638.0,8638.0,0
20160927T,8242.0,8242.0,8242.0,8242.0,0
20160928T,8010.0,8010.0,8010.0,8010.0,0
20160929T,5632.0,5632.0,5632.0,5632.0,0
20160930T,4015.0,4015.0,4015.0,4015.0,0
20161003T,4040.0,4040.0,4040.0,4040.0,0
20161004T,4007.0,4007.0,4007.0,4007.0,0
20161005T,4064.0,4064.0,4064.0,4064.0,0
20161006T,4475.0,4475.0,4475.0,4475.0,0
20161007T,4667.0,4667.0,4667.0,4667.0,0
20161010T,4900.0,4900.0,4900.0,4900.0,0
20161013T,4934.0,4934.0,4934.0,4934.0,0
20161014T,4941.0,4941.0,4941.0,4941.0,0
20161017T,5873.0,5873.0,5873.0,5873.0,0
20161018T,6249.0,6249.0,6249.0,6249.0,0
20161019T,6502.0,6502.0,6502.0,6502.0,0
20161020T,7580.0,7580.0,7580.0,7580.0,0
20161021T,8078.0,8078.0,8078.0,8078.0,0
20161024T,8077.0,8077.0,8077.0,8077.0,0
20161025T,8094.0,8094.0,8094.0,8094.0,0
20161026T,7867.0,7867.0,7867.0,7867.0,0
20161027T,6344.0,6344.0,6344.0,6344.0,0
20161028T,4532.0,4532.0,4532.0,4532.0,0
20161101T,4598.0,4598.0,4598.0,4598.0,0
20161102T,4817.0,4817.0,4817.0,4817.0,0
20161103T,4817.0,4817.0,4817.0,4817.0,0
20161104T,5665.0,5665.0,5665.0,5665.0,0
20161107T,6201.0,6201.0,6201.0,6201.0,0
20161108T,6792.0,6792.0,6792.0,6792.0,0
20161109T,6834.0,6834.0,6834.0,6834.0,0
20161110T,6952.0,6952.0,6952.0,6952.0,0
20161111T,7587.0,7587.0,7587.0,7587.0,0
20161115T,7815.0,7815.0,7815.0,7815.0,0
20161116T,8832.0,8832.0,8832.0,8832.0,0
20161117T,9185.0,9185.0,9185.0,9185.0,0
20161118T,9506.0,9506.0,9506.0,9506.0,0
20161121T,9645.0,9645.0,9645.0,9645.0,0
20161122T,10111.0,10111.0,10111.0,10111.0,0
20161123T,10723.0,10723.0,10723.0,10723.0,0
20161124T,7685.0,7685.0,7685.0,7685.0,0
20161125T,7705.0,7705.0,7705.0,7705.0,0
20161128T,7655.0,7655.0,7655.0,7655.0,0
20161129T,7297.0,7297.0,7297.0,7297.0,0
20161130T,8158.0,8158.0,8158.0,8158.0,0
20161201T,7116.0,7116.0,7116.0,7116.0,0
20161202T,6961.0,6961.0,6961.0,6961.0,0
20161205T,7159.0,7159.0,7159.0,7159.0,0
20161206T,7301.0,7301.0,7301.0,7301.0,0
20161207T,7194.0,7194.0,7194.0,7194.0,0
20161208T,7749.0,7749.0,7749.0,7749.0,0
20161209T,7822.0,7822.0,7822.0,7822.0,0
20161212T,8134.0,8134.0,8134.0,8134.0,0
20161213T,8208.0,8208.0,8208.0,8208.0,0
20161214T,8363.0,8363.0,8363.0,8363.0,0
20161215T,8506.0,8506.0,8506.0,8506.0,0
20161216T,8857.0,8857.0,8857.0,8857.0,0
20161219T,9558.0,9558.0,9558.0,9558.0,0
20161220T,9819.0,9819.0,9819.0,9819.0,0
20161221T,9798.0,9798.0,9798.0,9798.0,0
20161222T,9798.0,9798.0,9798.0,9798.0,0
20161223T,9799.0,9799.0,9799.0,9799.0,0
20161226T,9774.0,9774.0,9774.0,9774.0,0
20161227T,9780.0,9780.0,9780.0,9780.0,0
20161228T,10272.0,10272.0,10272.0,10272.0,0
20161229T,7880.0,7880.0,7880.0,7880.0,0
20161230T,7616.0,7616.0,7616.0,7616.0,0
20170102T,8005.0,8005.0,8005.0,8005.0,0
20170103T,8346.0,8346.0,8346.0,8346.0,0
20170104T,8965.0,8965.0,8965.0,8965.0,0
20170105T,9840.0,9840.0,9840.0,9840.0,0
20170106T,10185.0,10185.0,10185.0,10185.0,0
20170109T,10350.0,10350.0,10350.0,10350.0,0
20170110T,10363.0,10363.0,10363.0,10363.0,0
20170111T,10210.0,10210.0,10210.0,10210.0,0
20170112T,10582.0,10582.0,10582.0,10582.0,0
20170113T,10623.0,10623.0,10623.0,10623.0,0
20170116T,10853.0,10853.0,10853.0,10853.0,0
20170117T,11394.0,11394.0,11394.0,11394.0,0
20170118T,11219.0,11219.0,11219.0,11219.0,0
20170119T,10983.0,10983.0,10983.0,10983.0,0
20170120T,11476.0,11476.0,11476.0,11476.0,0
20170123T,11808.0,11808.0,11808.0,11808.0,0
20170124T,11709.0,11709.0,11709.0,11709.0,0
20170125T,9710.0,9710.0,9710.0,9710.0,0
20170127T,10255.0,10255.0,10255.0,10255.0,0
20170130T,10745.0,10745.0,10745.0,10745.0,0
20170131T,10886.0,10886.0,10886.0,10886.0,0
20170201T,11859.0,11859.0,11859.0,11859.0,0
20170202T,12850.0,12850.0,12850.0,12850.0,0
20170203T,15077.0,15077.0,15077.0,15077.0,0
20170206T,15553.0,15553.0,15553.0,15553.0,0
20170207T,15711.0,15711.0,15711.0,15711.0,0
20170208T,16281.0,16281.0,16281.0,16281.0,0
20170209T,16706.0,16706.0,16706.0,16706.0,0
20170210T,16143.0,16143.0,16143.0,16143.0,0
20170213T,15995.0,15995.0,15995.0,15995.0,0
20170214T,15793.0,15793.0,15793.0,15793.0,0
20170215T,15358.0,15358.0,15358.0,15358.0,0
20170216T,15916.0,15916.0,15916.0,15916.0,0
20170217T,43460.0,43460.0,43460.0,43460.0,0
20170220T,43592.0,43592.0,43592.0,43592.0,0
20170221T,43655.0,43655.0,43655.0,43655.0,0
20170222T,43445.0,43445.0,43445.0,43445.0,0
20170223T,36242.0,36242.0,36242.0,36242.0,0
20170227T,36933.0,36933.0,36933.0,36933.0,0
20170228T,36779.0,36779.0,36779.0,36779.0,0
20170301T,36580.0,36580.0,36580.0,36580.0,0
20170302T,37164.0,37164.0,37164.0,37164.0,0
20170303T,37976.0,37976.0,37976.0,37976.0,0
20170306T,40177.0,40177.0,40177.0,40177.0,0
20170307T,43381.0,43381.0,43381.0,43381.0,0
20170308T,47490.0,47490.0,47490.0,47490.0,0
20170309T,43594.0,43594.0,43594.0,43594.0,0
20170310T,42459.0,42459.0,42459.0,42459.0,0
20170314T,40825.0,40825.0,40825.0,40825.0,0
20170315T,40033.0,40033.0,40033.0,40033.0,0
20170316T,39857.0,39857.0,39857.0,39857.0,0
20170317T,39964.0,39964.0,39964.0,39964.0,0
20170320T,38496.0,38496.0,38496.0,38496.0,0
20170321T,37410.0,37410.0,37410.0,37410.0,0
20170322T,36013.0,36013.0,36013.0,36013.0,0
20170323T,36939.0,36939.0,36939.0,36939.0,0
20170324T,37261.0,37261.0,37261.0,37261.0,0
20170327T,37375.0,37375.0,37375.0,37375.0,0
20170328T,36615.0,36615.0,36615.0,36615.0,0
20170329T,35046.0,35046.0,35046.0,35046.0,0
20170330T,17831.0,17831.0,17831.0,17831.0,0
20170331T,17929.0,17929.0,17929.0,17929.0,0
20170403T,18617.0,18617.0,18617.0,18617.0,0
20170405T,19025.0,19025.0,19025.0,19025.0,0
20170406T,19473.0,19473.0,19473.0,19473.0,0
20170407T,19663.0,19663.0,19663.0,19663.0,0
20170410T,19913.0,19913.0,19913.0,19913.0,0
20170411T,20003.0,20003.0,20003.0,20003.0,0
20170412T,20910.0,20910.0,20910.0,20910.0,0
20170413T,21195.0,21195.0,21195.0,21195.0,0
20170417T,21760.0,21760.0,21760.0,21760.0,0
20170418T,22099.0,22099.0,22099.0,22099.0,0
20170419T,22480.0,22480.0,22480.0,22480.0,0
20170420T,22704.0,22704.0,22704.0,22704.0,0
20170421T,23236.0,23236.0,23236.0,23236.0,0
20170424T,25261.0,25261.0,25261.0,25261.0,0
20170425T,27460.0,27460.0,27460.0,27460.0,0
20170426T,29641.0,29641.0,29641.0,29641.0,0
20170427T,27587.0,27587.0,27587.0,27587.0,0
20170428T,29017.0,29017.0,29017.0,29017.0,0
20170502T,30463.0,30463.0,30463.0,30463.0,0
20170503T,31716.0,31716.0,31716.0,31716.0,0
20170504T,34277.0,34277.0,34277.0,34277.0,0
20170505T,33475.0,33475.0,33475.0,33475.0,0
20170508T,31851.0,31851.0,31851.0,31851.0,0
20170509T,32431.0,32431.0,32431.0,32431.0,0
20170510T,29745.0,29745.0,29745.0,29745.0,0
20170511T,29935.0,29935.0,29935.0,29935.0,0
20170512T,30060.0,30060.0,30060.0,30060.0,0
20170515T,29790.0,29790.0,29790.0,29790.0,0
20170516T,29321.0,29321.0,29321.0,29321.0,0
20170517T,31630.0,31630.0,31630.0,31630.0,0
20170518T,31147.0,31147.0,31147.0,31147.0,0
20170519T,31965.0,31965.0,31965.0,31965.0,0
20170522T,30946.0,30946.0,30946.0,30946.0,0
20170523T,29824.0,29824.0,29824.0,29824.0,0
20170524T,29588.0,29588.0,29588.0,29588.0,0
20170525T,21207.0,21207.0,21207.0,21207.0,0
20170526T,26532.0,26532.0,26532.0,26532.0,0
20170529T,28715.0,28715.0,28715.0,28715.0,0
20170530T,28754.0,28754.0,28754.0,28754.0,0
20170531T,34577.0,34577.0,34577.0,34577.0,0
20170601T,34105.0,34105.0,34105.0,34105.0,0
20170602T,34831.0,34831.0,34831.0,34831.0,0
20170605T,35776.0,35776.0,35776.0,35776.0,0
20170606T,35467.0,35467.0,35467.0,35467.0,0
20170607T,34625.0,34625.0,34625.0,34625.0,0
20170608T,33476.0,33476.0,33476.0,33476.0,0
20170609T,32903.0,32903.0,32903.0,32903.0,0
20170612T,34047.0,34047.0,34047.0,34047.0,0
20170613T,34345.0,34345.0,34345.0,34345.0,0
20170614T,34332.0,34332.0,34332.0,34332.0,0
20170615T,34927.0,34927.0,34927.0,34927.0,0
20170616T,36646.0,36646.0,36646.0,36646.0,0
20170619T,36498.0,36498.0,36498.0,36498.0,0
20170620T,36079.0,36079.0,36079.0,36079.0,0
20170621T,35782.0,35782.0,35782.0,35782.0,0
20170622T,35611.0,35611.0,35611.0,35611.0,0
20170623T,34565.0,34565.0,34565.0,34565.0,0
20170627T,33854.0,33854.0,33854.0,33854.0,0
20170628T,33372.0,33372.0,33372.0,33372.0,0
20170629T,18730.0,18730.0,18730.0,18730.0,0
20170630T,19911.0,19911.0,19911.0,19911.0,0
20170703T,20156.0,20156.0,20156.0,20156.0,0
20170704T,20486.0,20486.0,20486.0,20486.0,0
20170705T,21140.0,21140.0,21140.0,21140.0,0
20170706T,21716.0,21716.0,21716.0,21716.0,0
20170707T,22553.0,22553.0,22553.0,22553.0,0
20170710T,22489.0,22489.0,22489.0,22489.0,0
20170711T,23101.0,23101.0,23101.0,23101.0,0
20170712T,23709.0,23709.0,23709.0,23709.0,0
20170713T,24598.0,24598.0,24598.0,24598.0,0
20170714T,24372.0,24372.0,24372.0,24372.0,0
20170717T,23483.0,23483.0,23483.0,23483.0,0
20170718T,23642.0,23642.0,23642.0,23642.0,0
20170719T,25654.0,25654.0,25654.0,25654.0,0
20170720T,26979.0,26979.0,26979.0,26979.0,0
20170721T,27257.0,27257.0,27257.0,27257.0,0
20170724T,27265.0,27265.0,27265.0,27265.0,0
20170725T,28086.0,28086.0,28086.0,28086.0,0
20170726T,31111.0,31111.0,31111.0,31111.0,0
20170727T,16361.0,16361.0,16361.0,16361.0,0
20170728T,15811.0,15811.0,15811.0,15811.0,0
20170731T,15311.0,15311.0,15311.0,15311.0,0
20170801T,15702.0,15702.0,15702.0,15702.0,0
20170802T,16109.0,16109.0,16109.0,16109.0,0
20170803T,16257.0,16257.0,16257.0,16257.0,0
20170804T,16172.0,16172.0,16172.0,16172.0,0
20170807T,17002.0,17002.0,17002.0,17002.0,0
20170808T,18477.0,18477.0,18477.0,18477.0,0
20170809T,18313.0,18313.0,18313.0,18313.0,0
20170810T,18082.0,18082.0,18082.0,18082.0,0
20170811T,18622.0,18622.0,18622.0,18622.0,0
20170814T,19566.0,19566.0,19566.0,19566.0,0
20170816T,20100.0,20100.0,20100.0,20100.0,0
20170817T,21468.0,21468.0,21468.0,21468.0,0
20170818T,22514.0,22514.0,22514.0,22514.0,0
20170821T,22370.0,22370.0,22370.0,22370.0,0
20170822T,22639.0,22639.0,22639.0,22639.0,0
20170823T,23136.0,23136.0,23136.0,23136.0,0
20170824T,24333.0,24333.0,24333.0,24333.0,0
20170828T,23503.0,23503.0,23503.0,23503.0,0
20170829T,20521.0,20521.0,20521.0,20521.0,0
20170830T,20395.0,20395.0,20395.0,20395.0,0
20170831T,12492.0,12492.0,12492.0,12492.0,0
20170901T,14300.0,14300.0,14300.0,14300.0,0
20170904T,15488.0,15488.0,15488.0,15488.0,0
20170905T,15529.0,15529.0,15529.0,15529.0,0
20170906T,16021.0,16021.0,16021.0,16021.0,0
20170907T,16463.0,16463.0,16463.0,16463.0,0
20170908T,17114.0,17114.0,17114.0,17114.0,0
20170911T,17972.0,17972.0,17972.0,17972.0,0
20170912T,18986.0,18986.0,18986.0,18986.0,0
20170913T,21407.0,21407.0,21407.0,21407.0,0
20170914T,21903.0,21903.0,21903.0,21903.0,0
20170915T,21115.0,21115.0,21115.0,21115.0,0
20170918T,21848.0,21848.0,21848.0,21848.0,0
20170919T,21840.0,21840.0,21840.0,21840.0,0
20170920T,22440.0,22440.0,22440.0,22440.0,0
20170921T,22941.0,22941.0,22941.0,22941.0,0
20170922T,24520.0,24520.0,24520.0,24520.0,0
20170925T,24369.0,24369.0,24369.0,24369.0,0
20170926T,26279.0,26279.0,26279.0,26279.0,0
20170927T,23854.0,23854.0,23854.0,23854.0,0
20170928T,14725.0,14725.0,14725.0,14725.0,0
20170929T,18870.0,18870.0,18870.0,18870.0,0
20171003T,20096.0,20096.0,20096.0,20096.0,0
20171004T,20557.0,20557.0,20557.0,20557.0,0
20171005T,19688.0,19688.0,19688.0,19688.0,0
20171006T,21245.0,21245.0,21245.0,21245.0,0
20171009T,21617.0,21617.0,21617.0,21617.0,0
20171010T,22443.0,22443.0,22443.0,22443.0,0
20171011T,22882.0,22882.0,22882.0,22882.0,0
20171012T,24595.0,24595.0,24595.0,24595.0,0
20171013T,24335.0,24335.0,24335.0,24335.0,0
20171016T,24435.0,24435.0,24435.0,24435.0,0
20171017T,25250.0,25250.0,25250.0,25250.0,0
20171018T,25394.0,25394.0,25394.0,25394.0,0
20171019T,25394.0,25394.0,25394.0,25394.0,0
20171023T,25183.0,25183.0,25183.0,25183.0,0
20171024T,25734.0,25734.0,25734.0,25734.0,0
20171025T,34266.0,34266.0,34266.0,34266.0,0
20171026T,26921.0,26921.0,26921.0,26921.0,0
20171027T,27407.0,27407.0,27407.0,27407.0,0
20171030T,28149.0,28149.0,28149.0,28149.0,0
20171031T,29306.0,29306.0,29306.0,29306.0,0
20171101T,31654.0,31654.0,31654.0,31654.0,0
20171102T,34625.0,34625.0,34625.0,34625.0,0
20171103T,35981.0,35981.0,35981.0,35981.0,0
20171106T,39273.0,39273.0,39273.0,39273.0,0
20171107T,38379.0,38379.0,38379.0,38379.0,0
20171108T,42145.0,42145.0,42145.0,42145.0,0
20171109T,42832.0,42832.0,42832.0,42832.0,0
20171110T,44081.0,44081.0,44081.0,44081.0,0
20171113T,44738.0,44738.0,44738.0,44738.0,0
20171114T,44448.0,44448.0,44448.0,44448.0,0
20171115T,47415.0,47415.0,47415.0,47415.0,0
20171116T,48739.0,48739.0,48739.0,48739.0,0
20171117T,49357.0,49357.0,49357.0,49357.0,0
20171120T,48751.0,48751.0,48751.0,48751.0,0
20171121T,49029.0,49029.0,49029.0,49029.0,0
20171122T,50026.0,50026.0,50026.0,50026.0,0
20171123T,48230.0,48230.0,48230.0,48230.0,0
20171124T,47862.0,47862.0,47862.0,47862.0,0
20171127T,48549.0,48549.0,48549.0,48549.0,0
20171128T,48125.0,48125.0,48125.0,48125.0,0
20171129T,47296.0,47296.0,47296.0,47296.0,0
20171130T,36377.0,36377.0,36377.0,36377.0,0
20171201T,36869.0,36869.0,36869.0,36869.0,0
20171204T,38223.0,38223.0,38223.0,38223.0,0
20171205T,39266.0,39266.0,39266.0,39266.0,0
20171206T,40272.0,40272.0,40272.0,40272.0,0
20171207T,42374.0,42374.0,42374.0,42374.0,0
20171208T,43100.0,43100.0,43100.0,43100.0,0
20171211T,42301.0,42301.0,42301.0,42301.0,0
20171212T,43252.0,43252.0,43252.0,43252.0,0
20171213T,44684.0,44684.0,44684.0,44684.0,0
20171214T,44533.0,44533.0,44533.0,44533.0,0
20171215T,42707.0,42707.0,42707.0,42707.0,0
20171218T,42929.0,42929.0,42929.0,42929.0,0
20171219T,44093.0,44093.0,44093.0,44093.0,0
20171220T,44738.0,44738.0,44738.0,44738.0,0
20171221T,44550.0,44550.0,44550.0,44550.0,0
20171222T,44573.0,44573.0,44573.0,44573.0,0
20171226T,44213.0,44213.0,44213.0,44213.0,0
20171227T,45628.0,45628.0,45628.0,45628.0,0
20171228T,24854.0,24854.0,24854.0,24854.0,0
20171229T,25494.0,25494.0,25494.0,25494.0,0
20180101T,26168.0,26168.0,26168.0,26168.0,0
20180102T,27615.0,27615.0,27615.0,27615.0,0
20180103T,28636.0,28636.0,28636.0,28636.0,0
20180104T,29373.0,29373.0,29373.0,29373.0,0
20180105T,32087.0,32087.0,32087.0,32087.0,0
20180108T,37054.0,37054.0,37054.0,37054.0,0
20180109T,37435.0,37435.0,37435.0,37435.0,0
20180110T,39535.0,39535.0,39535.0,39535.0,0
20180111T,39626.0,39626.0,39626.0,39626.0,0
20180112T,39830.0,39830.0,39830.0,39830.0,0
20180115T,41004.0,41004.0,41004.0,41004.0,0
20180116T,42875.0,42875.0,42875.0,42875.0,0
20180117T,46025.0,46025.0,46025.0,46025.0,0
20180118T,48491.0,48491.0,48491.0,48491.0,0
20180119T,48232.0,48232.0,48232.0,48232.0,0
20180122T,51394.0,51394.0,51394.0,51394.0,0
20180123T,55928.0,55928.0,55928.0,55928.0,0
20180124T,55465.0,55465.0,55465.0,55465.0,0
20180125T,32174.0,32174.0,32174.0,32174.0,0
20180129T,34478.0,34478.0,34478.0,34478.0,0
20180130T,34275.0,34275.0,34275.0,34275.0,0
20180131T,34697.0,34697.0,34697.0,34697.0,0
20180201T,35989.0,35989.0,35989.0,35989.0,0
20180202T,36477.0,36477.0,36477.0,36477.0,0
20180205T,32015.0,32015.0,32015.0,32015.0,0
20180206T,31676.0,31676.0,31676.0,31676.0,0
20180207T,33108.0,33108.0,33108.0,33108.0,0
20180208T,33748.0,33748.0,33748.0,33748.0,0
20180209T,34284.0,34284.0,34284.0,34284.0,0
20180212T,35713.0,35713.0,35713.0,35713.0,0
20180214T,37056.0,37056.0,37056.0,37056.0,0
20180215T,38063.0,38063.0,38063.0,38063.0,0
20180216T,40083.0,40083.0,40083.0,40083.0,0
20180219T,41877.0,41877.0,41877.0,41877.0,0
20180220T,42943.0,42943.0,42943.0,42943.0,0
20180221T,44924.0,44924.0,44924.0,44924.0,0
20180222T,26135.0,26135.0,26135.0,26135.0,0
20180223T,27118.0,27118.0,27118.0,27118.0,0
20180226T,24885.0,24885.0,24885.0,24885.0,0
20180227T,25952.0,25952.0,25952.0,25952.0,0
20180228T,27058.0,27058.0,27058.0,27058.0,0
20180301T,29868.0,29868.0,29868.0,29868.0,0
20180305T,30996.0,30996.0,30996.0,30996.0,0
20180306T,33359.0,33359.0,33359.0,33359.0,0
20180307T,34003.0,34003.0,34003.0,34003.0,0
20180308T,35563.0,35563.0,35563.0,35563.0,0
20180309T,35770.0,35770.0,35770.0,35770.0,0
20180312T,37937.0,37937.0,37937.0,37937.0,0
20180313T,40936.0,40936.0,40936.0,40936.0,0
20180314T,42647.0,42647.0,42647.0,42647.0,0
20180315T,40553.0,40553.0,40553.0,40553.0,0
20180316T,39524.0,39524.0,39524.0,39524.0,0
20180319T,37627.0,37627.0,37627.0,37627.0,0
20180320T,37529.0,37529.0,37529.0,37529.0,0
20180321T,37498.0,37498.0,37498.0,37498.0,0
20180322T,36210.0,36210.0,36210.0,36210.0,0
20180323T,35724.0,35724.0,35724.0,35724.0,0
20180326T,34598.0,34598.0,34598.0,34598.0,0
20180327T,33680.0,33680.0,33680.0,33680.0,0
20180328T,17404.0,17404.0,17404.0,17404.0,0
20180402T,17201.0,17201.0,17201.0,17201.0,0
20180403T,17088.0,17088.0,17088.0,17088.0,0
20180404T,18829.0,18829.0,18829.0,18829.0,0
20180405T,20027.0,20027.0,20027.0,20027.0,0
20180406T,20964.0,20964.0,20964.0,20964.0,0
20180409T,20371.0,20371.0,20371.0,20371.0,0
20180410T,21987.0,21987.0,21987.0,21987.0,0
20180411T,23462.0,23462.0,23462.0,23462.0,0
20180412T,25209.0,25209.0,25209.0,25209.0,0
20180413T,26064.0,26064.0,26064.0,26064.0,0
20180416T,25875.0,25875.0,25875.0,25875.0,0
20180417T,24591.0,24591.0,24591.0,24591.0,0
20180418T,24357.0,24357.0,24357.0,24357.0,0
20180419T,28074.0,28074.0,28074.0,28074.0,0
20180420T,31541.0,31541.0,31541.0,31541.0,0
20180423T,31940.0,31940.0,31940.0,31940.0,0
20180424T,31363.0,31363.0,31363.0,31363.0,0
20180425T,32084.0,32084.0,32084.0,32084.0,0
20180426T,21164.0,21164.0,21164.0,21164.0,0
20180427T,25822.0,25822.0,25822.0,25822.0,0
20180430T,26269.0,26269.0,26269.0,26269.0,0
20180502T,26466.0,26466.0,26466.0,26466.0,0
20180503T,25399.0,25399.0,25399.0,25399.0,0
20180504T,26173.0,26173.0,26173.0,26173.0,0
20180507T,27748.0,27748.0,27748.0,27748.0,0
20180508T,29809.0,29809.0,29809.0,29809.0,0
20180509T,32059.0,32059.0,32059.0,32059.0,0
20180510T,34438.0,34438.0,34438.0,34438.0,0
20180511T,34674.0,34674.0,34674.0,34674.0,0
20180514T,36154.0,36154.0,36154.0,36154.0,0
20180515T,37649.0,37649.0,37649.0,37649.0,0
20180516T,37788.0,37788.0,37788.0,37788.0,0
20180517T,39443.0,39443.0,39443.0,39443.0,0
20180518T,41635.0,41635.0,41635.0,41635.0,0
20180521T,41933.0,41933.0,41933.0,41933.0,0
20180522T,41021.0,41021.0,41021.0,41021.0,0
20180523T,41405.0,41405.0,41405.0,41405.0,0
20180524T,43191.0,43191.0,43191.0,43191.0,0
20180525T,44200.0,44200.0,44200.0,44200.0,0
20180528T,43388.0,43388.0,43388.0,43388.0,0
20180529T,44588.0,44588.0,44588.0,44588.0,0
20180530T,45451.0,45451.0,45451.0,45451.0,0
20180531T,31466.0,31466.0,31466.0,31466.0,0
20180601T,34478.0,34478.0,34478.0,34478.0,0
20180604T,38914.0,38914.0,38914.0,38914.0,0
20180605T,40472.0,40472.0,40472.0,40472.0,0
20180606T,39510.0,39510.0,39510.0,39510.0,0
20180607T,39529.0,39529.0,39529.0,39529.0,0
20180608T,39526.0,39526.0,39526.0,39526.0,0
20180611T,40427.0,40427.0,40427.0,40427.0,0
20180612T,41038.0,41038.0,41038.0,41038.0,0
20180614T,44759.0,44759.0,44759.0,44759.0,0
20180615T,45292.0,45292.0,45292.0,45292.0,0
20180618T,45086.0,45086.0,45086.0,45086.0,0
20180619T,43418.0,43418.0,43418.0,43418.0,0
20180620T,41471.0,41471.0,41471.0,41471.0,0
20180621T,40970.0,40970.0,40970.0,40970.0,0
20180622T,39782.0,39782.0,39782.0,39782.0,0
20180625T,39943.0,39943.0,39943.0,39943.0,0
20180626T,40730.0,40730.0,40730.0,40730.0,0
20180627T,47321.0,47321.0,47321.0,47321.0,0
20180628T,29258.0,29258.0,29258.0,29258.0,0
20180629T,30888.0,30888.0,30888.0,30888.0,0
20180702T,32210.0,32210.0,32210.0,32210.0,0
20180703T,33614.0,33614.0,33614.0,33614.0,0
20180704T,34135.0,34135.0,34135.0,34135.0,0
20180705T,34297.0,34297.0,34297.0,34297.0,0
20180706T,34962.0,34962.0,34962.0,34962.0,0
20180709T,35570.0,35570.0,35570.0,35570.0,0
20180710T,35447.0,35447.0,35447.0,35447.0,0
20180711T,35990.0,35990.0,35990.0,35990.0,0
20180712T,35763.0,35763.0,35763.0,35763.0,0
20180713T,36436.0,36436.0,36436.0,36436.0,0
20180716T,35478.0,35478.0,35478.0,35478.0,0
20180717T,33734.0,33734.0,33734.0,33734.0,0
20180718T,33871.0,33871.0,33871.0,33871.0,0
20180719T,35324.0,35324.0,35324.0,35324.0,0
20180720T,35650.0,35650.0,35650.0,35650.0,0
20180723T,36077.0,36077.0,36077.0,36077.0,0
20180724T,35593.0,35593.0,35593.0,35593.0,0
20180725T,35239.0,35239.0,35239.0,35239.0,0
20180726T,28854.0,28854.0,28854.0,28854.0,0
20180727T,29669.0,29669.0,29669.0,29669.0,0
20180730T,32479.0,32479.0,32479.0,32479.0,0
20180731T,30989.0,30989.0,30989.0,30989.0,0
20180801T,31995.0,31995.0,31995.0,31995.0,0
20180802T,32718.0,32718.0,32718.0,32718.0,0
20180803T,33036.0,33036.0,33036.0,33036.0,0
20180806T,33671.0,33671.0,33671.0,33671.0,0
20180807T,34480.0,34480.0,34480.0,34480.0,0
20180808T,34113.0,34113.0,34113.0,34113.0,0
20180809T,37306.0,37306.0,37306.0,37306.0,0
20180810T,38180.0,38180.0,38180.0,38180.0,0
20180813T,36470.0,36470.0,36470.0,36470.0,0
20180814T,37168.0,37168.0,37168.0,37168.0,0
20180816T,37314.0,37314.0,37314.0,37314.0,0
20180817T,37751.0,37751.0,37751.0,37751.0,0
20180820T,37639.0,37639.0,37639.0,37639.0,0
20180821T,38218.0,38218.0,38218.0,38218.0,0
20180823T,38338.0,38338.0,38338.0,38338.0,0
20180824T,38597.0,38597.0,38597.0,38597.0,0
20180827T,38011.0,38011.0,38011.0,38011.0,0
20180828T,36485.0,36485.0,36485.0,36485.0,0
20180829T,37665.0,37665.0,37665.0,37665.0,0
20180830T,22115.0,22115.0,22115.0,22115.0,0
20180831T,23089.0,23089.0,23089.0,23089.0,0
20180903T,24187.0,24187.0,24187.0,24187.0,0
20180904T,24438.0,24438.0,24438.0,24438.0,0
20180905T,24220.0,24220.0,24220.0,24220.0,0
20180906T,24745.0,24745.0,24745.0,24745.0,0
20180907T,25336.0,25336.0,25336.0,25336.0,0
20180910T,25813.0,25813.0,25813.0,25813.0,0
20180911T,26350.0,26350.0,26350.0,26350.0,0
20180912T,25572.0,25572.0,25572.0,25572.0,0
20180914T,25534.0,25534.0,25534.0,25534.0,0
20180917T,26262.0,26262.0,26262.0,26262.0,0
20180918T,26062.0,26062.0,26062.0,26062.0,0
20180919T,26613.0,26613.0,26613.0,26613.0,0
20180921T,26783.0,26783.0,26783.0,26783.0,0
20180924T,25579.0,25579.0,25579.0,25579.0,0
20180925T,24748.0,24748.0,24748.0,24748.0,0
20180926T,25493.0,25493.0,25493.0,25493.0,0
20180927T,19338.0,19338.0,19338.0,19338.0,0
20180928T,19157.0,19157.0,19157.0,19157.0,0
20181001T,21419.0,21419.0,21419.0,21419.0,0
20181003T,22316.0,22316.0,22316.0,22316.0,0
20181004T,25636.0,25636.0,25636.0,25636.0,0
20181005T,24053.0,24053.0,24053.0,24053.0,0
20181008T,23866.0,23866.0,23866.0,23866.0,0
20181009T,24128.0,24128.0,24128.0,24128.0,0
20181010T,24455.0,24455.0,24455.0,24455.0,0
20181011T,24600.0,24600.0,24600.0,24600.0,0
20181012T,25101.0,25101.0,25101.0,25101.0,0
20181015T,26250.0,26250.0,26250.0,26250.0,0
20181016T,26747.0,26747.0,26747.0,26747.0,0
20181017T,27840.0,27840.0,27840.0,27840.0,0
20181019T,29202.0,29202.0,29202.0,29202.0,0
20181022T,32708.0,32708.0,32708.0,32708.0,0
20181023T,35396.0,35396.0,35396.0,35396.0,0
20181024T,40733.0,40733.0,40733.0,40733.0,0
20181025T,27351.0,27351.0,27351.0,27351.0,0
20181026T,28908.0,28908.0,28908.0,28908.0,0
20181029T,31395.0,31395.0,31395.0,31395.0,0
20181030T,32906.0,32906.0,32906.0,32906.0,0
20181031T,32718.0,32718.0,32718.0,32718.0,0
20181101T,32903.0,32903.0,32903.0,32903.0,0
20181102T,32810.0,32810.0,32810.0,32810.0,0
20181105T,34947.0,34947.0,34947.0,34947.0,0
20181106T,33886.0,33886.0,33886.0,33886.0,0
20181107T,33886.0,33886.0,33886.0,33886.0,0
20181109T,33543.0,33543.0,33543.0,33543.0,0
20181112T,32988.0,32988.0,32988.0,32988.0,0
20181113T,33298.0,33298.0,33298.0,33298.0,0
20181114T,35824.0,35824.0,35824.0,35824.0,0
20181115T,36485.0,36485.0,36485.0,36485.0,0
20181116T,36529.0,36529.0,36529.0,36529.0,0
20181119T,37035.0,37035.0,37035.0,37035.0,0
20181120T,36070.0,36070.0,36070.0,36070.0,0
20181121T,35187.0,35187.0,35187.0,35187.0,0
20181122T,35001.0,35001.0,35001.0,35001.0,0
20181126T,36137.0,36137.0,36137.0,36137.0,0
20181127T,39816.0,39816.0,39816.0,39816.0,0
20181128T,46255.0,46255.0,46255.0,46255.0,0
20181129T,36342.0,36342.0,36342.0,36342.0,0
20181130T,45104.0,45104.0,45104.0,45104.0,0
20181203T,47841.0,47841.0,47841.0,47841.0,0
20181204T,49759.0,49759.0,49759.0,49759.0,0
20181205T,50642.0,50642.0,50642.0,50642.0,0
20181206T,56196.0,56196.0,56196.0,56196.0,0
20181207T,58638.0,58638.0,58638.0,58638.0,0
20181210T,55071.0,55071.0,55071.0,55071.0,0
20181211T,53667.0,53667.0,53667.0,53667.0,0
20181212T,55201.0,55201.0,55201.0,55201.0,0
20181213T,56049.0,56049.0,56049.0,56049.0,0
20181214T,53732.0,53732.0,53732.0,53732.0,0
20181217T,51729.0,51729.0,51729.0,51729.0,0
20181218T,48564.0,48564.0,48564.0,48564.0,0
20181219T,47949.0,47949.0,47949.0,47949.0,0
20181220T,45622.0,45622.0,45622.0,45622.0,0
20181221T,38666.0,38666.0,38666.0,38666.0,0
20181224T,37563.0,37563.0,37563.0,37563.0,0
20181226T,34693.0,34693.0,34693.0,34693.0,0
20181227T,11897.0,11897.0,11897.0,11897.0,0
20181228T,12078.0,12078.0,12078.0,12078.0,0
20181231T,11969.0,11969.0,11969.0,11969.0,0
20190101T,12352.0,12352.0,12352.0,12352.0,0
20190102T,12714.0,12714.0,12714.0,12714.0,0
20190103T,12676.0,12676.0,12676.0,12676.0,0
20190104T,12765.0,12765.0,12765.0,12765.0,0
20190107T,12420.0,12420.0,12420.0,12420.0,0
20190108T,15065.0,15065.0,15065.0,15065.0,0
20190109T,15159.0,15159.0,15159.0,15159.0,0
20190110T,16373.0,16373.0,16373.0,16373.0,0
20190111T,16960.0,16960.0,16960.0,16960.0,0
20190114T,17363.0,17363.0,17363.0,17363.0,0
20190115T,20722.0,20722.0,20722.0,20722.0,0
20190116T,21181.0,21181.0,21181.0,21181.0,0
20190117T,21427.0,21427.0,21427.0,21427.0,0
20190118T,21366.0,21366.0,21366.0,21366.0,0
20190121T,21476.0,21476.0,21476.0,21476.0,0
20190122T,22510.0,22510.0,22510.0,22510.0,0
20190123T,21986.0,21986.0,21986.0,21986.0,0
20190124T,24321.0,24321.0,24321.0,24321.0,0
20190125T,23742.0,23742.0,23742.0,23742.0,0
20190128T,24146.0,24146.0,24146.0,24146.0,0
20190129T,22038.0,22038.0,22038.0,22038.0,0
20190130T,21765.0,21765.0,21765.0,21765.0,0
20190131T,11414.0,11414.0,11414.0,11414.0,0
20190201T,14355.0,14355.0,14355.0,14355.0,0
20190204T,16477.0,16477.0,16477.0,16477.0,0
20190205T,17416.0,17416.0,17416.0,17416.0,0
20190206T,19186.0,19186.0,19186.0,19186.0,0
20190207T,21120.0,21120.0,21120.0,21120.0,0
20190208T,22072.0,22072.0,22072.0,22072.0,0
20190211T,23584.0,23584.0,23584.0,23584.0,0
20190212T,24520.0,24520.0,24520.0,24520.0,0
20190213T,26638.0,26638.0,26638.0,26638.0,0
20190214T,32713.0,32713.0,32713.0,32713.0,0
20190215T,28296.0,28296.0,28296.0,28296.0,0
20190218T,28935.0,28935.0,28935.0,28935.0,0
20190219T,29811.0,29811.0,29811.0,29811.0,0
20190220T,29716.0,29716.0,29716.0,29716.0,0
20190221T,30068.0,30068.0,30068.0,30068.0,0
20190222T,32665.0,32665.0,32665.0,32665.0,0
20190225T,29038.0,29038.0,29038.0,29038.0,0
20190226T,27001.0,27001.0,27001.0,27001.0,0
20190227T,24887.0,24887.0,24887.0,24887.0,0
20190228T,7974.0,7974.0,7974.0,7974.0,0
20190301T,10052.0,10052.0,10052.0,10052.0,0
20190305T,15265.0,15265.0,15265.0,15265.0,0
20190306T,18056.0,18056.0,18056.0,18056.0,0
20190307T,20516.0,20516.0,20516.0,20516.0,0
20190308T,21315.0,21315.0,21315.0,21315.0,0
20190311T,22444.0,22444.0,22444.0,22444.0,0
20190312T,24033.0,24033.0,24033.0,24033.0,0
20190313T,26010.0,26010.0,26010.0,26010.0,0
20190314T,23993.0,23993.0,23993.0,23993.0,0
20190315T,26452.0,26452.0,26452.0,26452.0,0
20190318T,26917.0,26917.0,26917.0,26917.0,0
20190319T,28059.0,28059.0,28059.0,28059.0,0
20190320T,33211.0,33211.0,33211.0,33211.0,0
20190322T,35257.0,35257.0,35257.0,35257.0,0
20190325T,33105.0,33105.0,33105.0,33105.0,0
20190326T,31915.0,31915.0,31915.0,31915.0,0
20190327T,30131.0,30131.0,30131.0,30131.0,0
20190328T,10816.0,10816.0,10816.0,10816.0,0
20190329T,12737.0,12737.0,12737.0,12737.0,0
20190401T,18299.0,18299.0,18299.0,18299.0,0
20190402T,21134.0,21134.0,21134.0,21134.0,0
20190403T,21229.0,21229.0,21229.0,21229.0,0
20190404T,21775.0,21775.0,21775.0,21775.0,0
20190405T,23294.0,23294.0,23294.0,23294.0,0
20190408T,21745.0,21745.0,21745.0,21745.0,0
20190409T,21623.0,21623.0,21623.0,21623.0,0
20190410T,17884.0,17884.0,17884.0,17884.0,0
20190411T,18241.0,18241.0,18241.0,18241.0,0
20190412T,19400.0,19400.0,19400.0,19400.0,0
20190415T,20498.0,20498.0,20498.0,20498.0,0
20190416T,21736.0,21736.0,21736.0,21736.0,0
20190418T,21995.0,21995.0,21995.0,21995.0,0
20190422T,20919.0,20919.0,20919.0,20919.0,0
20190423T,20075.0,20075.0,20075.0,20075.0,0
20190424T,20101.0,20101.0,20101.0,20101.0,0
20190425T,5142.0,5142.0,5142.0,5142.0,0
20190426T,6138.0,6138.0,6138.0,6138.0,0
20190430T,5826.0,5826.0,5826.0,5826.0,0
20190502T,8983.0,8983.0,8983.0,8983.0,0
20190503T,10318.0,10318.0,10318.0,10318.0,0
20190506T,11867.0,11867.0,11867.0,11867.0,0
20190507T,12590.0,12590.0,12590.0,12590.0,0
20190508T,12606.0,12606.0,12606.0,12606.0,0
20190509T,12599.0,12599.0,12599.0,12599.0,0
20190510T,13714.0,13714.0,13714.0,13714.0,0
20190513T,13872.0,13872.0,13872.0,13872.0,0
20190514T,15971.0,15971.0,15971.0,15971.0,0
20190515T,16856.0,16856.0,16856.0,16856.0,0
20190516T,19236.0,19236.0,19236.0,19236.0,0
20190517T,18884.0,18884.0,18884.0,18884.0,0
20190520T,21728.0,21728.0,21728.0,21728.0,0
20190521T,20268.0,20268.0,20268.0,20268.0,0
20190522T,21288.0,21288.0,21288.0,21288.0,0
20190523T,33169.0,33169.0,33169.0,33169.0,0
20190524T,33623.0,33623.0,33623.0,33623.0,0
20190527T,33399.0,33399.0,33399.0,33399.0,0
20190528T,34092.0,34092.0,34092.0,34092.0,0
20190529T,29252.0,29252.0,29252.0,29252.0,0
20190530T,18436.0,18436.0,18436.0,18436.0,0
20190531T,17746.0,17746.0,17746.0,17746.0,0
20190603T,18346.0,18346.0,18346.0,18346.0,0
20190604T,21438.0,21438.0,21438.0,21438.0,0
20190606T,25340.0,25340.0,25340.0,25340.0,0
20190607T,26285.0,26285.0,26285.0,26285.0,0
20190610T,26163.0,26163.0,26163.0,26163.0,0
20190611T,27224.0,27224.0,27224.0,27224.0,0
20190612T,27532.0,27532.0,27532.0,27532.0,0
20190613T,14029.0,14029.0,14029.0,14029.0,0
20190614T,13802.0,13802.0,13802.0,13802.0,0
20190617T,14757.0,14757.0,14757.0,14757.0,0
20190618T,15262.0,15262.0,15262.0,15262.0,0
20190619T,16963.0,16963.0,16963.0,16963.0,0
20190620T,18433.0,18433.0,18433.0,18433.0,0
20190621T,19342.0,19342.0,19342.0,19342.0,0
20190624T,20072.0,20072.0,20072.0,20072.0,0
20190625T,20438.0,20438.0,20438.0,20438.0,0
20190626T,21130.0,21130.0,21130.0,21130.0,0
20190627T,7017.0,7017.0,7017.0,7017.0,0
20190628T,6682.0,6682.0,6682.0,6682.0,0
20190701T,6720.0,6720.0,6720.0,6720.0,0
20190702T,6520.0,6520.0,6520.0,6520.0,0
20190703T,7056.0,7056.0,7056.0,7056.0,0
20190704T,9050.0,9050.0,9050.0,9050.0,0
20190705T,8996.0,8996.0,8996.0,8996.0,0
20190708T,8471.0,8471.0,8471.0,8471.0,0
20190709T,9613.0,9613.0,9613.0,9613.0,0
20190710T,9752.0,9752.0,9752.0,9752.0,0
20190711T,10400.0,10400.0,10400.0,10400.0,0
20190712T,12957.0,12957.0,12957.0,12957.0,0
20190715T,14552.0,14552.0,14552.0,14552.0,0
20190716T,14359.0,14359.0,14359.0,14359.0,0
20190717T,16502.0,16502.0,16502.0,16502.0,0
20190718T,18844.0,18844.0,18844.0,18844.0,0
20190719T,21933.0,21933.0,21933.0,21933.0,0
20190722T,22202.0,22202.0,22202.0,22202.0,0
20190723T,23241.0,23241.0,23241.0,23241.0,0
20190724T,24885.0,24885.0,24885.0,24885.0,0
20190725T,12537.0,12537.0,12537.0,12537.0,0
20190726T,13331.0,13331.0,13331.0,13331.0,0
20190729T,14229.0,14229.0,14229.0,14229.0,0
20190730T,15353.0,15353.0,15353.0,15353.0,0
20190731T,16800.0,16800.0,16800.0,16800.0,0
20190801T,18789.0,18789.0,18789.0,18789.0,0
20190802T,19154.0,19154.0,19154.0,19154.0,0
20190805T,18782.0,18782.0,18782.0,18782.0,0
20190806T,19603.0,19603.0,19603.0,19603.0,0
20190807T,20049.0,20049.0,20049.0,20049.0,0
20190808T,21693.0,21693.0,21693.0,21693.0,0
20190809T,23623.0,23623.0,23623.0,23623.0,0
20190813T,25918.0,25918.0,25918.0,25918.0,0
20190814T,25709.0,25709.0,25709.0,25709.0,0
20190816T,26393.0,26393.0,26393.0,26393.0,0
20190819T,27701.0,27701.0,27701.0,27701.0,0
20190820T,28232.0,28232.0,28232.0,28232.0,0
20190821T,28650.0,28650.0,28650.0,28650.0,0
20190822T,28429.0,28429.0,28429.0,28429.0,0
20190823T,29264.0,29264.0,29264.0,29264.0,0
20190826T,25608.0,25608.0,25608.0,25608.0,0
20190827T,26716.0,26716.0,26716.0,26716.0,0
20190828T,26095.0,26095.0,26095.0,26095.0,0
20190829T,38489.0,38489.0,38489.0,38489.0,0
20190830T,8498.0,8498.0,8498.0,8498.0,0
20190903T,8173.0,8173.0,8173.0,8173.0,0
20190904T,8465.0,8465.0,8465.0,8465.0,0
20190905T,10429.0,10429.0,10429.0,10429.0,0
20190906T,10830.0,10830.0,10830.0,10830.0,0
20190909T,12343.0,12343.0,12343.0,12343.0,0
20190911T,13746.0,13746.0,13746.0,13746.0,0
20190912T,20893.0,20893.0,20893.0,20893.0,0
20190913T,21106.0,21106.0,21106.0,21106.0,0
20190916T,21003.0,21003.0,21003.0,21003.0,0
20190917T,21305.0,21305.0,21305.0,21305.0,0
20190918T,21464.0,21464.0,21464.0,21464.0,0
20190919T,20096.0,20096.0,20096.0,20096.0,0
20190920T,20092.0,20092.0,20092.0,20092.0,0
20190923T,25353.0,25353.0,25353.0,25353.0,0
20190924T,23401.0,23401.0,23401.0,23401.0,0
20190925T,21396.0,21396.0,21396.0,21396.0,0
20190926T,11388.0,11388.0,11388.0,11388.0,0
20190927T,11475.0,11475.0,11475.0,11475.0,0
20190930T,11917.0,11917.0,11917.0,11917.0,0
20191001T,11288.0,11288.0,11288.0,11288.0,0
20191003T,11571.0,11571.0,11571.0,11571.0,0
20191004T,11374.0,11374.0,11374.0,11374.0,0
20191007T,11295.0,11295.0,11295.0,11295.0,0
20191009T,11604.0,11604.0,11604.0,11604.0,0
20191010T,13557.0,13557.0,13557.0,13557.0,0
20191011T,13996.0,13996.0,13996.0,13996.0,0
20191014T,16581.0,16581.0,16581.0,16581.0,0
20191015T,17554.0,17554.0,17554.0,17554.0,0
20191016T,19324.0,19324.0,19324.0,19324.0,0
20191017T,21204.0,21204.0,21204.0,21204.0,0
20191018T,21842.0,21842.0,21842.0,21842.0,0
20191022T,25213.0,25213.0,25213.0,25213.0,0
20191023T,25570.0,25570.0,25570.0,25570.0,0
20191024T,28037.0,28037.0,28037.0,28037.0,0
20191025T,31453.0,31453.0,31453.0,31453.0,0
20191029T,31310.0,31310.0,31310.0,31310.0,0
20191030T,32981.0,32981.0,32981.0,32981.0,0
20191031T,17058.0,17058.0,17058.0,17058.0,0
20191101T,18956.0,18956.0,18956.0,18956.0,0
20191104T,21511.0,21511.0,21511.0,21511.0,0
20191105T,22442.0,22442.0,22442.0,22442.0,0
20191106T,23714.0,23714.0,23714.0,23714.0,0
20191107T,24013.0,24013.0,24013.0,24013.0,0
20191108T,24635.0,24635.0,24635.0,24635.0,0
20191111T,24999.0,24999.0,24999.0,24999.0,0
20191113T,25035.0,25035.0,25035.0,25035.0,0
20191114T,25675.0,25675.0,25675.0,25675.0,0
20191115T,26548.0,26548.0,26548.0,26548.0,0
20191118T,26674.0,26674.0,26674.0,26674.0,0
20191119T,27369.0,27369.0,27369.0,27369.0,0
20191120T,26856.0,26856.0,26856.0,26856.0,0
20191121T,23924.0,23924.0,23924.0,23924.0,0
20191122T,24754.0,24754.0,24754.0,24754.0,0
20191125T,24901.0,24901.0,24901.0,24901.0,0
20191126T,31413.0,31413.0,31413.0,31413.0,0
20191127T,33133.0,33133.0,33133.0,33133.0,0
20191128T,7750.0,7750.0,7750.0,7750.0,0
20191129T,9934.0,9934.0,9934.0,9934.0,0
20191202T,11185.0,11185.0,11185.0,11185.0,0
20191203T,11318.0,11318.0,11318.0,11318.0,0
20191204T,12172.0,12172.0,12172.0,12172.0,0
20191205T,12994.0,12994.0,12994.0,12994.0,0
20191206T,14325.0,14325.0,14325.0,14325.0,0
20191209T,14539.0,14539.0,14539.0,14539.0,0
20191210T,16190.0,16190.0,16190.0,16190.0,0
20191211T,17308.0,17308.0,17308.0,17308.0,0
20191212T,19010.0,19010.0,19010.0,19010.0,0
20191213T,19386.0,19386.0,19386.0,19386.0,0
20191216T,19558.0,19558.0,19558.0,19558.0,0
20191217T,20774.0,20774.0,20774.0,20774.0,0
20191218T,21648.0,21648.0,21648.0,21648.0,0
20191219T,22259.0,22259.0,22259.0,22259.0,0
20191220T,23716.0,23716.0,23716.0,23716.0,0
20191223T,26099.0,26099.0,26099.0,26099.0,0
20191224T,27229.0,27229.0,27229.0,27229.0,0
20191226T,15387.0,15387.0,15387.0,15387.0,0
20191227T,15541.0,15541.0,15541.0,15541.0,0
20191230T,15604.0,15604.0,15604.0,15604.0,0
20191231T,15995.0,15995.0,15995.0,15995.0,0
20200101T,16306.0,16306.0,16306.0,16306.0,0
20200102T,17665.0,17665.0,17665.0,17665.0,0
20200103T,19258.0,19258.0,19258.0,19258.0,0
20200106T,20100.0,20100.0,20100.0,20100.0,0
20200107T,21008.0,21008.0,21008.0,21008.0,0
20200108T,20789.0,20789.0,20789.0,20789.0,0
20200109T,19689.0,19689.0,19689.0,19689.0,0
20200110T,21291.0,21291.0,21291.0,21291.0,0
20200113T,21773.0,21773.0,21773.0,21773.0,0
20200114T,23464.0,23464.0,23464.0,23464.0,0
20200115T,24017.0,24017.0,24017.0,24017.0,0
20200116T,23898.0,23898.0,23898.0,23898.0,0
20200117T,25488.0,25488.0,25488.0,25488.0,0
20200120T,25563.0,25563.0,25563.0,25563.0,0
20200121T,25884.0,25884.0,25884.0,25884.0,0
20200122T,26594.0,26594.0,26594.0,26594.0,0
20200123T,26732.0,26732.0,26732.0,26732.0,0
20200124T,27261.0,27261.0,27261.0,27261.0,0
20200127T,27701.0,27701.0,27701.0,27701.0,0
20200128T,32215.0,32215.0,32215.0,32215.0,0
20200129T,34840.0,34840.0,34840.0,34840.0,0
20200130T,18574.0,18574.0,18574.0,18574.0,0
20200131T,24356.0,24356.0,24356.0,24356.0,0
20200203T,30118.0,30118.0,30118.0,30118.0,0
20200204T,33682.0,33682.0,33682.0,33682.0,0
20200205T,34693.0,34693.0,34693.0,34693.0,0
20200206T,37083.0,37083.0,37083.0,37083.0,0
20200207T,37225.0,37225.0,37225.0,37225.0,0
20200210T,37223.0,37223.0,37223.0,37223.0,0
20200211T,36440.0,36440.0,36440.0,36440.0,0
20200212T,35979.0,35979.0,35979.0,35979.0,0
20200213T,35484.0,35484.0,35484.0,35484.0,0
20200214T,35307.0,35307.0,35307.0,35307.0,0
20200217T,34623.0,34623.0,34623.0,34623.0,0
20200218T,35748.0,35748.0,35748.0,35748.0,0
20200219T,36798.0,36798.0,36798.0,36798.0,0
20200220T,40191.0,40191.0,40191.0,40191.0,0
20200224T,41510.0,41510.0,41510.0,41510.0,0
20200225T,43608.0,43608.0,43608.0,43608.0,0
20200226T,45032.0,45032.0,45032.0,45032.0,0
20200227T,25703.0,25703.0,25703.0,25703.0,0
20200228T,35827.0,35827.0,35827.0,35827.0,0
20200302T,37519.0,37519.0,37519.0,37519.0,0
20200303T,38710.0,38710.0,38710.0,38710.0,0
20200304T,35491.0,35491.0,35491.0,35491.0,0
20200305T,37726.0,37726.0,37726.0,37726.0,0
20200306T,40026.0,40026.0,40026.0,40026.0,0
20200309T,42108.0,42108.0,42108.0,42108.0,0
20200311T,41551.0,41551.0,41551.0,41551.0,0
20200312T,45713.0,45713.0,45713.0,45713.0,0
20200313T,54296.0,54296.0,54296.0,54296.0,0
20200316T,60445.0,60445.0,60445.0,60445.0,0
20200317T,67433.0,67433.0,67433.0,67433.0,0
20200318T,72379.0,72379.0,72379.0,72379.0,0
20200319T,76023.0,76023.0,76023.0,76023.0,0
20200320T,83090.0,83090.0,83090.0,83090.0,0
20200323T,81909.0,81909.0,81909.0,81909.0,0
20200324T,77694.0,77694.0,77694.0,77694.0,0
20200325T,69733.0,69733.0,69733.0,69733.0,0
20200326T,32167.0,32167.0,32167.0,32167.0,0
20200327T,34191.0,34191.0,34191.0,34191.0,0
20200330T,42429.0,42429.0,42429.0,42429.0,0
20200331T,47863.0,47863.0,47863.0,47863.0,0
20200401T,48392.0,48392.0,48392.0,48392.0,0
20200403T,49357.0,49357.0,49357.0,49357.0,0
20200407T,51505.0,51505.0,51505.0,51505.0,0
20200408T,56545.0,56545.0,56545.0,56545.0,0
20200409T,64410.0,64410.0,64410.0,64410.0,0
20200413T,67268.0,67268.0,67268.0,67268.0,0
20200415T,69746.0,69746.0,69746.0,69746.0,0
20200416T,66556.0,66556.0,66556.0,66556.0,0
20200417T,66652.0,66652.0,66652.0,66652.0,0
20200420T,67491.0,67491.0,67491.0,67491.0,0
20200421T,71677.0,71677.0,71677.0,71677.0,0
20200422T,72003.0,72003.0,72003.0,72003.0,0
20200423T,66891.0,66891.0,66891.0,66891.0,0
20200424T,67986.0,67986.0,67986.0,67986.0,0
20200427T,67499.0,67499.0,67499.0,67499.0,0
20200428T,50847.0,50847.0,50847.0,50847.0,0
20200429T,50961.0,50961.0,50961.0,50961.0,0
20200430T,36833.0,36833.0,36833.0,36833.0,0
20200504T,35922.0,35922.0,35922.0,35922.0,0
20200505T,34753.0,34753.0,34753.0,34753.0,0
20200506T,36467.0,36467.0,36467.0,36467.0,0
20200507T,42257.0,42257.0,42257.0,42257.0,0
20200508T,50778.0,50778.0,50778.0,50778.0,0
20200511T,51509.0,51509.0,51509.0,51509.0,0
20200512T,42147.0,42147.0,42147.0,42147.0,0
20200513T,40144.0,40144.0,40144.0,40144.0,0
20200514T,38553.0,38553.0,38553.0,38553.0,0
20200515T,36947.0,36947.0,36947.0,36947.0,0
20200518T,38011.0,38011.0,38011.0,38011.0,0
20200519T,40067.0,40067.0,40067.0,40067.0,0
20200520T,40730.0,40730.0,40730.0,40730.0,0
20200521T,43038.0,43038.0,43038.0,43038.0,0
20200522T,49695.0,49695.0,49695.0,49695.0,0
20200526T,49973.0,49973.0,49973.0,49973.0,0
20200527T,60934.0,60934.0,60934.0,60934.0,0
20200528T,39087.0,39087.0,39087.0,39087.0,0
20200529T,55837.0,55837.0,55837.0,55837.0,0
20200601T,58062.0,58062.0,58062.0,58062.0,0
20200602T,62290.0,62290.0,62290.0,62290.0,0
20200603T,63223.0,63223.0,63223.0,63223.0,0
20200604T,59792.0,59792.0,59792.0,59792.0,0
20200605T,56396.0,56396.0,56396.0,56396.0,0
20200608T,59170.0,59170.0,59170.0,59170.0,0
20200609T,57239.0,57239.0,57239.0,57239.0,0
20200610T,57198.0,57198.0,57198.0,57198.0,0
20200611T,56430.0,56430.0,56430.0,56430.0,0
20200612T,56370.0,56370.0,56370.0,56370.0,0
20200615T,56978.0,56978.0,56978.0,56978.0,0
20200616T,57615.0,57615.0,57615.0,57615.0,0
20200617T,56706.0,56706.0,56706.0,56706.0,0
20200618T,60104.0,60104.0,60104.0,60104.0,0
20200619T,61839.0,61839.0,61839.0,61839.0,0
20200622T,61366.0,61366.0,61366.0,61366.0,0
20200623T,63327.0,63327.0,63327.0,63327.0,0
20200624T,54634.0,54634.0,54634.0,54634.0,0
20200625T,24050.0,24050.0,24050.0,24050.0,0
20200626T,29367.0,29367.0,29367.0,29367.0,0
20200629T,31350.0,31350.0,31350.0,31350.0,0
20200630T,33008.0,33008.0,33008.0,33008.0,0
20200701T,34498.0,34498.0,34498.0,34498.0,0
20200702T,35859.0,35859.0,35859.0,35859.0,0
20200703T,35984.0,35984.0,35984.0,35984.0,0
20200706T,36826.0,36826.0,36826.0,36826.0,0
20200707T,37122.0,37122.0,37122.0,37122.0,0
20200708T,38381.0,38381.0,38381.0,38381.0,0
20200709T,37662.0,37662.0,37662.0,37662.0,0
20200710T,32930.0,32930.0,32930.0,32930.0,0
20200713T,30835.0,30835.0,30835.0,30835.0,0
20200714T,26481.0,26481.0,26481.0,26481.0,0
20200715T,26887.0,26887.0,26887.0,26887.0,0
20200716T,25611.0,25611.0,25611.0,25611.0,0
20200717T,27007.0,27007.0,27007.0,27007.0,0
20200720T,31068.0,31068.0,31068.0,31068.0,0
20200721T,32349.0,32349.0,32349.0,32349.0,0
20200722T,31489.0,31489.0,31489.0,31489.0,0
20200723T,33911.0,33911.0,33911.0,33911.0,0
20200724T,35572.0,35572.0,35572.0,35572.0,0
20200727T,32719.0,32719.0,32719.0,32719.0,0
20200728T,33122.0,33122.0,33122.0,33122.0,0
20200729T,33135.0,33135.0,33135.0,33135.0,0
20200730T,21765.0,21765.0,21765.0,21765.0,0
20200803T,23172.0,23172.0,23172.0,23172.0,0
20200804T,21424.0,21424.0,21424.0,21424.0,0
20200805T,20226.0,20226.0,20226.0,20226.0,0
20200806T,20298.0,20298.0,20298.0,20298.0,0
20200807T,20399.0,20399.0,20399.0,20399.0,0
20200810T,20252.0,20252.0,20252.0,20252.0,0
20200811T,20188.0,20188.0,20188.0,20188.0,0
20200812T,20303.0,20303.0,20303.0,20303.0,0
20200813T,20587.0,20587.0,20587.0,20587.0,0
20200814T,21493.0,21493.0,21493.0,21493.0,0
20200817T,22697.0,22697.0,22697.0,22697.0,0
20200818T,23182.0,23182.0,23182.0,23182.0,0
20200819T,24129.0,24129.0,24129.0,24129.0,0
20200820T,22992.0,22992.0,22992.0,22992.0,0
20200821T,25106.0,25106.0,25106.0,25106.0,0
20200824T,26330.0,26330.0,26330.0,26330.0,0
20200825T,27035.0,27035.0,27035.0,27035.0,0
20200826T,27002.0,27002.0,27002.0,27002.0,0
20200827T,24055.0,24055.0,24055.0,24055.0,0
20200828T,28036.0,28036.0,28036.0,28036.0,0
20200831T,28724.0,28724.0,28724.0,28724.0,0
20200901T,29468.0,29468.0,29468.0,29468.0,0
20200902T,29767.0,29767.0,29767.0,29767.0,0
20200903T,31305.0,31305.0,31305.0,31305.0,0
20200904T,31076.0,31076.0,31076.0,31076.0,0
20200907T,30942.0,30942.0,30942.0,30942.0,0
20200908T,31330.0,31330.0,31330.0,31330.0,0
20200909T,28019.0,28019.0,28019.0,28019.0,0
20200910T,26983.0,26983.0,26983.0,26983.0,0
20200911T,26872.0,26872.0,26872.0,26872.0,0
20200914T,29699.0,29699.0,29699.0,29699.0,0
20200915T,32877.0,32877.0,32877.0,32877.0,0
20200916T,33740.0,33740.0,33740.0,33740.0,0
20200917T,33945.0,33945.0,33945.0,33945.0,0
20200918T,34724.0,34724.0,34724.0,34724.0,0
20200921T,35080.0,35080.0,35080.0,35080.0,0
20200922T,36626.0,36626.0,36626.0,36626.0,0
20200923T,37041.0,37041.0,37041.0,37041.0,0
20200924T,28909.0,28909.0,28909.0,28909.0,0
20200925T,29786.0,29786.0,29786.0,29786.0,0
20200928T,30410.0,30410.0,30410.0,30410.0,0
20200929T,30662.0,30662.0,30662.0,30662.0,0
20200930T,30112.0,30112.0,30112.0,30112.0,0
20201001T,29579.0,29579.0,29579.0,29579.0,0
20201005T,30105.0,30105.0,30105.0,30105.0,0
20201006T,30033.0,30033.0,30033.0,30033.0,0
20201007T,29796.0,29796.0,29796.0,29796.0,0
20201008T,29548.0,29548.0,29548.0,29548.0,0
20201009T,29638.0,29638.0,29638.0,29638.0,0
20201012T,30692.0,30692.0,30692.0,30692.0,0
20201013T,30504.0,30504.0,30504.0,30504.0,0
20201014T,31179.0,31179.0,31179.0,31179.0,0
20201015T,31203.0,31203.0,31203.0,31203.0,0
20201016T,31070.0,31070.0,31070.0,31070.0,0
20201019T,31648.0,31648.0,31648.0,31648.0,0
20201020T,32568.0,32568.0,32568.0,32568.0,0
20201021T,33596.0,33596.0,33596.0,33596.0,0
20201022T,35242.0,35242.0,35242.0,35242.0,0
20201023T,35967.0,35967.0,35967.0,35967.0,0
20201026T,35925.0,35925.0,35925.0,35925.0,0
20201027T,36419.0,36419.0,36419.0,36419.0,0
20201028T,35681.0,35681.0,35681.0,35681.0,0
20201029T,20711.0,20711.0,20711.0,20711.0,0
20201030T,22316.0,22316.0,22316.0,22316.0,0
20201102T,22725.0,22725.0,22725.0,22725.0,0
20201103T,25848.0,25848.0,25848.0,25848.0,0
20201104T,28908.0,28908.0,28908.0,28908.0,0
20201105T,30308.0,30308.0,30308.0,30308.0,0
20201106T,30758.0,30758.0,30758.0,30758.0,0
20201109T,30256.0,30256.0,30256.0,30256.0,0
20201110T,31295.0,31295.0,31295.0,31295.0,0
20201111T,32009.0,32009.0,32009.0,32009.0,0
20201112T,32216.0,32216.0,32216.0,32216.0,0
20201113T,31652.0,31652.0,31652.0,31652.0,0
20201117T,32892.0,32892.0,32892.0,32892.0,0
20201118T,33099.0,33099.0,33099.0,33099.0,0
20201119T,33885.0,33885.0,33885.0,33885.0,0
20201120T,33870.0,33870.0,33870.0,33870.0,0
20201123T,33895.0,33895.0,33895.0,33895.0,0
20201124T,34125.0,34125.0,34125.0,34125.0,0
20201125T,33898.0,33898.0,33898.0,33898.0,0
20201126T,27840.0,27840.0,27840.0,27840.0,0
20201127T,28340.0,28340.0,28340.0,28340.0,0
20201201T,29569.0,29569.0,29569.0,29569.0,0
20201202T,29354.0,29354.0,29354.0,29354.0,0
20201203T,30522.0,30522.0,30522.0,30522.0,0
20201204T,31235.0,31235.0,31235.0,31235.0,0
20201207T,31750.0,31750.0,31750.0,31750.0,0
20201208T,32280.0,32280.0,32280.0,32280.0,0
20201209T,31850.0,31850.0,31850.0,31850.0,0
20201210T,28922.0,28922.0,28922.0,28922.0,0
20201211T,28392.0,28392.0,28392.0,28392.0,0
20201214T,29534.0,29534.0,29534.0,29534.0,0
20201215T,29229.0,29229.0,29229.0,29229.0,0
20201216T,29347.0,29347.0,29347.0,29347.0,0
20201217T,29344.0,29344.0,29344.0,29344.0,0
20201218T,28749.0,28749.0,28749.0,28749.0,0
20201221T,27892.0,27892.0,27892.0,27892.0,0
20201222T,27246.0,27246.0,27246.0,27246.0,0
20201223T,27495.0,27495.0,27495.0,27495.0,0
20201224T,27130.0,27130.0,27130.0,27130.0,0
20201228T,26341.0,26341.0,26341.0,26341.0,0
20201229T,25555.0,25555.0,25555.0,25555.0,0
20201230T,24770.0,24770.0,24770.0,24770.0,0
20201231T,16052.0,16052.0,16052.0,16052.0,0
20210101T,16334.0,16334.0,16334.0,16334.0,0
20210104T,17744.0,17744.0,17744.0,17744.0,0
20210105T,16559.0,16559.0,16559.0,16559.0,0
20210106T,16995.0,16995.0,16995.0,16995.0,0
20210107T,18522.0,18522.0,18522.0,18522.0,0
20210108T,18622.0,18622.0,18622.0,18622.0,0
20210111T,18472.0,18472.0,18472.0,18472.0,0
20210112T,18200.0,18200.0,18200.0,18200.0,0
20210113T,17949.0,17949.0,17949.0,17949.0,0
20210114T,17688.0,17688.0,17688.0,17688.0,0
20210115T,17524.0,17524.0,17524.0,17524.0,0
20210118T,16663.0,16663.0,16663.0,16663.0,0
20210119T,17432.0,17432.0,17432.0,17432.0,0
20210120T,16920.0,16920.0,16920.0,16920.0,0
20210121T,16962.0,16962.0,16962.0,16962.0,0
20210122T,17366.0,17366.0,17366.0,17366.0,0
20210125T,18490.0,18490.0,18490.0,18490.0,0
20210127T,18974.0,18974.0,18974.0,18974.0,0
20210128T,14891.0,14891.0,14891.0,14891.0,0
20210129T,17075.0,17075.0,17075.0,17075.0,0
20210201T,16409.0,16409.0,16409.0,16409.0,0
20210202T,17243.0,17243.0,17243.0,17243.0,0
20210203T,20786.0,20786.0,20786.0,20786.0,0
20210204T,21708.0,21708.0,21708.0,21708.0,0
20210205T,23347.0,23347.0,23347.0,23347.0,0
20210208T,24207.0,24207.0,24207.0,24207.0,0
20210209T,23895.0,23895.0,23895.0,23895.0,0
20210210T,22704.0,22704.0,22704.0,22704.0,0
20210211T,21574.0,21574.0,21574.0,21574.0,0
20210212T,22313.0,22313.0,22313.0,22313.0,0
20210215T,21848.0,21848.0,21848.0,21848.0,0
20210216T,21883.0,21883.0,21883.0,21883.0,0
20210217T,22753.0,22753.0,22753.0,22753.0,0
20210218T,23204.0,23204.0,23204.0,23204.0,0
20210219T,23074.0,23074.0,23074.0,23074.0,0
20210222T,21766.0,21766.0,21766.0,21766.0,0
20210223T,22051.0,22051.0,22051.0,22051.0,0
20210224T,23471.0,23471.0,23471.0,23471.0,0
20210225T,20413.0,20413.0,20413.0,20413.0,0
20210226T,21402.0,21402.0,21402.0,21402.0,0
20210301T,23298.0,23298.0,23298.0,23298.0,0
20210302T,26637.0,26637.0,26637.0,26637.0,0
20210303T,28474.0,28474.0,28474.0,28474.0,0
20210304T,29033.0,29033.0,29033.0,29033.0,0
20210305T,29110.0,29110.0,29110.0,29110.0,0
20210308T,31518.0,31518.0,31518.0,31518.0,0
20210309T,29574.0,29574.0,29574.0,29574.0,0
20210310T,29233.0,29233.0,29233.0,29233.0,0
20210312T,30893.0,30893.0,30893.0,30893.0,0
20210315T,31178.0,31178.0,31178.0,31178.0,0
20210316T,32332.0,32332.0,32332.0,32332.0,0
20210317T,32138.0,32138.0,32138.0,32138.0,0
20210318T,32466.0,32466.0,32466.0,32466.0,0
20210319T,30459.0,30459.0,30459.0,30459.0,0
20210322T,30414.0,30414.0,30414.0,30414.0,0
20210323T,29968.0,29968.0,29968.0,29968.0,0
20210324T,29186.0,29186.0,29186.0,29186.0,0
20210325T,19630.0,19630.0,19630.0,19630.0,0
20210326T,19992.0,19992.0,19992.0,19992.0,0
20210330T,20996.0,20996.0,20996.0,20996.0,0
20210331T,20104.0,20104.0,20104.0,20104.0,0
20210401T,20195.0,20195.0,20195.0,20195.0,0
20210405T,19411.0,19411.0,19411.0,19411.0,0
20210406T,18803.0,18803.0,18803.0,18803.0,0
20210407T,20066.0,20066.0,20066.0,20066.0,0
20210408T,21144.0,21144.0,21144.0,21144.0,0
20210409T,22965.0,22965.0,22965.0,22965.0,0
20210412T,21716.0,21716.0,21716.0,21716.0,0
20210413T,22159.0,22159.0,22159.0,22159.0,0
20210415T,24796.0,24796.0,24796.0,24796.0,0
20210416T,26944.0,26944.0,26944.0,26944.0,0
20210419T,27468.0,27468.0,27468.0,27468.0,0
20210420T,27918.0,27918.0,27918.0,27918.0,0
20210422T,29258.0,29258.0,29258.0,29258.0,0
20210423T,30026.0,30026.0,30026.0,30026.0,0
20210426T,34172.0,34172.0,34172.0,34172.0,0
20210427T,38275.0,38275.0,38275.0,38275.0,0
20210428T,44702.0,44702.0,44702.0,44702.0,0
20210429T,24209.0,24209.0,24209.0,24209.0,0
20210430T,33865.0,33865.0,33865.0,33865.0,0
20210503T,31615.0,31615.0,31615.0,31615.0,0
20210504T,30627.0,30627.0,30627.0,30627.0,0
20210505T,32659.0,32659.0,32659.0,32659.0,0
20210506T,38034.0,38034.0,38034.0,38034.0,0
20210507T,39492.0,39492.0,39492.0,39492.0,0
20210510T,38270.0,38270.0,38270.0,38270.0,0
20210511T,37194.0,37194.0,37194.0,37194.0,0
20210512T,39945.0,39945.0,39945.0,39945.0,0
20210514T,37013.0,37013.0,37013.0,37013.0,0
20210517T,39405.0,39405.0,39405.0,39405.0,0
20210518T,38770.0,38770.0,38770.0,38770.0,0
20210519T,41142.0,41142.0,41142.0,41142.0,0
20210520T,43012.0,43012.0,43012.0,43012.0,0
20210521T,43012.0,43012.0,43012.0,43012.0,0
20210524T,41999.0,41999.0,41999.0,41999.0,0
20210525T,41762.0,41762.0,41762.0,41762.0,0
20210526T,41756.0,41756.0,41756.0,41756.0,0
20210527T,29363.0,29363.0,29363.0,29363.0,0
20210528T,30615.0,30615.0,30615.0,30615.0,0
20210531T,31285.0,31285.0,31285.0,31285.0,0
20210601T,31001.0,31001.0,31001.0,31001.0,0
20210602T,32664.0,32664.0,32664.0,32664.0,0
20210603T,32941.0,32941.0,32941.0,32941.0,0
20210604T,33248.0,33248.0,33248.0,33248.0,0
20210607T,33893.0,33893.0,33893.0,33893.0,0
20210608T,33934.0,33934.0,33934.0,33934.0,0
20210609T,31412.0,31412.0,31412.0,31412.0,0
20210610T,31889.0,31889.0,31889.0,31889.0,0
20210611T,32566.0,32566.0,32566.0,32566.0,0
20210614T,32905.0,32905.0,32905.0,32905.0,0
20210615T,32669.0,32669.0,32669.0,32669.0,0
20210616T,30503.0,30503.0,30503.0,30503.0,0
20210617T,30559.0,30559.0,30559.0,30559.0,0
20210618T,30596.0,30596.0,30596.0,30596.0,0
20210621T,30656.0,30656.0,30656.0,30656.0,0
20210622T,30896.0,30896.0,30896.0,30896.0,0
20210623T,32002.0,32002.0,32002.0,32002.0,0
20210624T,16761.0,16761.0,16761.0,16761.0,0
20210625T,18926.0,18926.0,18926.0,18926.0,0
20210628T,19822.0,19822.0,19822.0,19822.0,0
20210629T,20217.0,20217.0,20217.0,20217.0,0
20210630T,22205.0,22205.0,22205.0,22205.0,0
20210701T,22166.0,22166.0,22166.0,22166.0,0
20210702T,22378.0,22378.0,22378.0,22378.0,0
20210705T,22485.0,22485.0,22485.0,22485.0,0
20210706T,26764.0,26764.0,26764.0,26764.0,0
20210707T,26398.0,26398.0,26398.0,26398.0,0
20210708T,26887.0,26887.0,26887.0,26887.0,0
20210709T,25765.0,25765.0,25765.0,25765.0,0
20210712T,27029.0,27029.0,27029.0,27029.0,0
20210713T,29271.0,29271.0,29271.0,29271.0,0
20210714T,29879.0,29879.0,29879.0,29879.0,0
20210715T,30141.0,30141.0,30141.0,30141.0,0
20210716T,31447.0,31447.0,31447.0,31447.0,0
20210719T,31440.0,31440.0,31440.0,31440.0,0
20210720T,33530.0,33530.0,33530.0,33530.0,0
20210722T,36160.0,36160.0,36160.0,36160.0,0
20210723T,39248.0,39248.0,39248.0,39248.0,0
20210726T,41019.0,41019.0,41019.0,41019.0,0
20210727T,42940.0,42940.0,42940.0,42940.0,0
20210728T,44000.0,44000.0,44000.0,44000.0,0
20210729T,18724.0,18724.0,18724.0,18724.0,0
20210730T,19449.0,19449.0,19449.0,19449.0,0
20210802T,19778.0,19778.0,19778.0,19778.0,0
20210803T,25658.0,25658.0,25658.0,25658.0,0
20210804T,31504.0,31504.0,31504.0,31504.0,0
20210805T,33050.0,33050.0,33050.0,33050.0,0
20210806T,33160.0,33160.0,33160.0,33160.0,0
20210809T,34806.0,34806.0,34806.0,34806.0,0
20210810T,35675.0,35675.0,35675.0,35675.0,0
20210811T,36654.0,36654.0,36654.0,36654.0,0
20210812T,39155.0,39155.0,39155.0,39155.0,0
20210813T,42791.0,42791.0,42791.0,42791.0,0
20210816T,44827.0,44827.0,44827.0,44827.0,0
20210817T,46222.0,46222.0,46222.0,46222.0,0
20210818T,46547.0,46547.0,46547.0,46547.0,0
20210820T,44404.0,44404.0,44404.0,44404.0,0
20210823T,47417.0,47417.0,47417.0,47417.0,0
20210824T,47970.0,47970.0,47970.0,47970.0,0
20210825T,49349.0,49349.0,49349.0,49349.0,0
20210826T,19325.0,19325.0,19325.0,19325.0,0
20210827T,19325.0,19325.0,19325.0,19325.0,0
20210830T,20772.0,20772.0,20772.0,20772.0,0
20210831T,21807.0,21807.0,21807.0,21807.0,0
20210901T,24701.0,24701.0,24701.0,24701.0,0
20210902T,24091.0,24091.0,24091.0,24091.0,0
20210903T,25981.0,25981.0,25981.0,25981.0,0
20210906T,27491.0,27491.0,27491.0,27491.0,0
20210907T,27811.0,27811.0,27811.0,27811.0,0
20210908T,28194.0,28194.0,28194.0,28194.0,0
20210909T,28380.0,28380.0,28380.0,28380.0,0
20210913T,28240.0,28240.0,28240.0,28240.0,0
20210914T,28963.0,28963.0,28963.0,28963.0,0
20210915T,30900.0,30900.0,30900.0,30900.0,0
20210916T,33573.0,33573.0,33573.0,33573.0,0
20210917T,33798.0,33798.0,33798.0,33798.0,0
20210920T,35244.0,35244.0,35244.0,35244.0,0
20210921T,37824.0,37824.0,37824.0,37824.0,0
20210922T,40920.0,40920.0,40920.0,40920.0,0
20210923T,45188.0,45188.0,45188.0,45188.0,0
20210924T,46115.0,46115.0,46115.0,46115.0,0
20210927T,46993.0,46993.0,46993.0,46993.0,0
20210928T,43896.0,43896.0,43896.0,43896.0,0
20210929T,41995.0,41995.0,41995.0,41995.0,0
20210930T,28397.0,28397.0,28397.0,28397.0,0
20211001T,29080.0,29080.0,29080.0,29080.0,0
20211004T,31545.0,31545.0,31545.0,31545.0,0
20211005T,32880.0,32880.0,32880.0,32880.0,0
20211006T,35962.0,35962.0,35962.0,35962.0,0
20211007T,40286.0,40286.0,40286.0,40286.0,0
20211008T,43529.0,43529.0,43529.0,43529.0,0
20211011T,44465.0,44465.0,44465.0,44465.0,0
20211012T,44954.0,44954.0,44954.0,44954.0,0
20211013T,45491.0,45491.0,45491.0,45491.0,0
20211014T,46990.0,46990.0,46990.0,46990.0,0
20211018T,49749.0,49749.0,49749.0,49749.0,0
20211019T,49283.0,49283.0,49283.0,49283.0,0
20211020T,49482.0,49482.0,49482.0,49482.0,0
20211021T,46524.0,46524.0,46524.0,46524.0,0
20211022T,46360.0,46360.0,46360.0,46360.0,0
20211025T,49820.0,49820.0,49820.0,49820.0,0
20211026T,50437.0,50437.0,50437.0,50437.0,0
20211027T,50716.0,50716.0,50716.0,50716.0,0
20211028T,37776.0,37776.0,37776.0,37776.0,0
20211029T,42329.0,42329.0,42329.0,42329.0,0
20211101T,42589.0,42589.0,42589.0,42589.0,0
20211102T,43165.0,43165.0,43165.0,43165.0,0
20211103T,42355.0,42355.0,42355.0,42355.0,0
20211108T,43776.0,43776.0,43776.0,43776.0,0
20211109T,44057.0,44057.0,44057.0,44057.0,0
20211110T,44611.0,44611.0,44611.0,44611.0,0
20211111T,44446.0,44446.0,44446.0,44446.0,0
20211112T,46397.0,46397.0,46397.0,46397.0,0
20211115T,50563.0,50563.0,50563.0,50563.0,0
20211116T,54409.0,54409.0,54409.0,54409.0,0
20211117T,55086.0,55086.0,55086.0,55086.0,0
20211118T,55843.0,55843.0,55843.0,55843.0,0
20211122T,56473.0,56473.0,56473.0,56473.0,0
20211123T,57994.0,57994.0,57994.0,57994.0,0
20211124T,59214.0,59214.0,59214.0,59214.0,0
20211125T,45313.0,45313.0,45313.0,45313.0,0
20211126T,43428.0,43428.0,43428.0,43428.0,0
20211129T,44511.0,44511.0,44511.0,44511.0,0
20211130T,42349.0,42349.0,42349.0,42349.0,0
20211201T,43060.0,43060.0,43060.0,43060.0,0
20211202T,43876.0,43876.0,43876.0,43876.0,0
20211203T,43616.0,43616.0,43616.0,43616.0,0
20211206T,43725.0,43725.0,43725.0,43725.0,0
20211207T,43486.0,43486.0,43486.0,43486.0,0
20211208T,43511.0,43511.0,43511.0,43511.0,0
20211209T,44400.0,44400.0,44400.0,44400.0,0
20211210T,43487.0,43487.0,43487.0,43487.0,0
20211213T,43860.0,43860.0,43860.0,43860.0,0
20211214T,43236.0,43236.0,43236.0,43236.0,0
20211215T,42386.0,42386.0,42386.0,42386.0,0
20211216T,42086.0,42086.0,42086.0,42086.0,0
20211217T,45201.0,45201.0,45201.0,45201.0,0
20211220T,45729.0,45729.0,45729.0,45729.0,0
20211221T,47455.0,47455.0,47455.0,47455.0,0
20211222T,48581.0,48581.0,48581.0,48581.0,0
20211223T,49196.0,49196.0,49196.0,49196.0,0
20211224T,49010.0,49010.0,49010.0,49010.0,0
20211227T,50825.0,50825.0,50825.0,50825.0,0
20211228T,53190.0,53190.0,53190.0,53190.0,0
20211229T,53927.0,53927.0,53927.0,53927.0,0
20211230T,37167.0,37167.0,37167.0,37167.0,0
20211231T,37367.0,37367.0,37367.0,37367.0,0
20220103T,38071.0,38071.0,38071.0,38071.0,0
20220104T,40006.0,40006.0,40006.0,40006.0,0
20220105T,42220.0,42220.0,42220.0,42220.0,0
20220106T,42564.0,42564.0,42564.0,42564.0,0
20220107T,43484.0,43484.0,43484.0,43484.0,0
20220110T,45003.0,45003.0,45003.0,45003.0,0
20220111T,45973.0,45973.0,45973.0,45973.0,0
20220112T,47060.0,47060.0,47060.0,47060.0,0
20220113T,48284.0,48284.0,48284.0,48284.0,0
20220114T,48353.0,48353.0,48353.0,48353.0,0
20220117T,50548.0,50548.0,50548.0,50548.0,0
20220118T,50396.0,50396.0,50396.0,50396.0,0
20220119T,48755.0,48755.0,48755.0,48755.0,0
20220120T,48817.0,48817.0,48817.0,48817.0,0
20220121T,50220.0,50220.0,50220.0,50220.0,0
20220124T,50310.0,50310.0,50310.0,50310.0,0
20220125T,51645.0,51645.0,51645.0,51645.0,0
20220127T,31217.0,31217.0,31217.0,31217.0,0
20220128T,32000.0,32000.0,32000.0,32000.0,0
20220131T,35049.0,35049.0,35049.0,35049.0,0
20220201T,38824.0,38824.0,38824.0,38824.0,0
20220202T,37680.0,37680.0,37680.0,37680.0,0
20220203T,37956.0,37956.0,37956.0,37956.0,0
20220204T,39656.0,39656.0,39656.0,39656.0,0
20220207T,38402.0,38402.0,38402.0,38402.0,0
20220208T,39693.0,39693.0,39693.0,39693.0,0
20220209T,43872.0,43872.0,43872.0,43872.0,0
20220210T,45031.0,45031.0,45031.0,45031.0,0
20220211T,44430.0,44430.0,44430.0,44430.0,0
20220214T,44957.0,44957.0,44957.0,44957.0,0
20220215T,45496.0,45496.0,45496.0,45496.0,0
20220216T,46436.0,46436.0,46436.0,46436.0,0
20220217T,46681.0,46681.0,46681.0,46681.0,0
20220218T,46452.0,46452.0,46452.0,46452.0,0
20220221T,45367.0,45367.0,45367.0,45367.0,0
20220222T,46036.0,46036.0,46036.0,46036.0,0
20220223T,47550.0,47550.0,47550.0,47550.0,0
20220224T,33557.0,33557.0,33557.0,33557.0,0
20220225T,33803.0,33803.0,33803.0,33803.0,0
20220228T,35344.0,35344.0,35344.0,35344.0,0
20220302T,38019.0,38019.0,38019.0,38019.0,0
20220303T,38416.0,38416.0,38416.0,38416.0,0
20220304T,40894.0,40894.0,40894.0,40894.0,0
20220307T,41899.0,41899.0,41899.0,41899.0,0
20220308T,47861.0,47861.0,47861.0,47861.0,0
20220309T,48889.0,48889.0,48889.0,48889.0,0
20220310T,53352.0,53352.0,53352.0,53352.0,0
20220311T,54077.0,54077.0,54077.0,54077.0,0
20220314T,54494.0,54494.0,54494.0,54494.0,0
20220315T,54605.0,54605.0,54605.0,54605.0,0
20220316T,56574.0,56574.0,56574.0,56574.0,0
20220317T,58180.0,58180.0,58180.0,58180.0,0
20220321T,59084.0,59084.0,59084.0,59084.0,0
20220322T,58048.0,58048.0,58048.0,58048.0,0
20220323T,57858.0,57858.0,57858.0,57858.0,0
20220324T,57493.0,57493.0,57493.0,57493.0,0
20220325T,57784.0,57784.0,57784.0,57784.0,0
20220328T,58315.0,58315.0,58315.0,58315.0,0
20220329T,57868.0,57868.0,57868.0,57868.0,0
20220330T,57593.0,57593.0,57593.0,57593.0,0
20220331T,42413.0,42413.0,42413.0,42413.0,0
20220401T,44266.0,44266.0,44266.0,44266.0,0
20220404T,43744.0,43744.0,43744.0,43744.0,0
20220405T,45437.0,45437.0,45437.0,45437.0,0
20220406T,43947.0,43947.0,43947.0,43947.0,0
20220407T,41946.0,41946.0,41946.0,41946.0,0
20220408T,42122.0,42122.0,42122.0,42122.0,0
20220411T,42467.0,42467.0,42467.0,42467.0,0
20220412T,42672.0,42672.0,42672.0,42672.0,0
20220413T,42811.0,42811.0,42811.0,42811.0,0
20220418T,42746.0,42746.0,42746.0,42746.0,0
20220419T,45720.0,45720.0,45720.0,45720.0,0
20220420T,47728.0,47728.0,47728.0,47728.0,0
20220421T,47673.0,47673.0,47673.0,47673.0,0
20220422T,47946.0,47946.0,47946.0,47946.0,0
20220425T,49705.0,49705.0,49705.0,49705.0,0
20220426T,49984.0,49984.0,49984.0,49984.0,0
20220427T,49665.0,49665.0,49665.0,49665.0,0
20220428T,40401.0,40401.0,40401.0,40401.0,0
20220429T,42113.0,42113.0,42113.0,42113.0,0
20220502T,43215.0,43215.0,43215.0,43215.0,0
20220504T,43304.0,43304.0,43304.0,43304.0,0
20220505T,44882.0,44882.0,44882.0,44882.0,0
20220506T,44426.0,44426.0,44426.0,44426.0,0
20220509T,45312.0,45312.0,45312.0,45312.0,0
20220510T,46065.0,46065.0,46065.0,46065.0,0
20220511T,46208.0,46208.0,46208.0,46208.0,0
20220512T,46339.0,46339.0,46339.0,46339.0,0
20220513T,46294.0,46294.0,46294.0,46294.0,0
20220516T,46885.0,46885.0,46885.0,46885.0,0
20220517T,47186.0,47186.0,47186.0,47186.0,0
20220518T,49072.0,49072.0,49072.0,49072.0,0
20220519T,51254.0,51254.0,51254.0,51254.0,0
20220520T,51239.0,51239.0,51239.0,51239.0,0
20220523T,50687.0,50687.0,50687.0,50687.0,0
20220524T,53277.0,53277.0,53277.0,53277.0,0
20220525T,56374.0,56374.0,56374.0,56374.0,0
20220526T,44351.0,44351.0,44351.0,44351.0,0
20220527T,45591.0,45591.0,45591.0,45591.0,0
20220530T,46209.0,46209.0,46209.0,46209.0,0
20220531T,44361.0,44361.0,44361.0,44361.0,0
20220601T,43129.0,43129.0,43129.0,43129.0,0
20220602T,43319.0,43319.0,43319.0,43319.0,0
20220603T,45882.0,45882.0,45882.0,45882.0,0
20220606T,45466.0,45466.0,45466.0,45466.0,0
20220607T,44925.0,44925.0,44925.0,44925.0,0
20220608T,44277.0,44277.0,44277.0,44277.0,0
20220609T,44508.0,44508.0,44508.0,44508.0,0
20220610T,44729.0,44729.0,44729.0,44729.0,0
20220613T,41917.0,41917.0,41917.0,41917.0,0
20220614T,40978.0,40978.0,40978.0,40978.0,0
20220615T,40768.0,40768.0,40768.0,40768.0,0
20220616T,43068.0,43068.0,43068.0,43068.0,0
20220617T,45311.0,45311.0,45311.0,45311.0,0
20220620T,47139.0,47139.0,47139.0,47139.0,0
20220621T,49818.0,49818.0,49818.0,49818.0,0
20220622T,50869.0,50869.0,50869.0,50869.0,0
20220623T,48231.0,48231.0,48231.0,48231.0,0
20220624T,48080.0,48080.0,48080.0,48080.0,0
20220627T,52507.0,52507.0,52507.0,52507.0,0
20220628T,57119.0,57119.0,57119.0,57119.0,0
20220629T,59938.0,59938.0,59938.0,59938.0,0
20220630T,47816.0,47816.0,47816.0,47816.0,0
20220701T,50564.0,50564.0,50564.0,50564.0,0
20220704T,51570.0,51570.0,51570.0,51570.0,0
20220705T,58005.0,58005.0,58005.0,58005.0,0
20220706T,59528.0,59528.0,59528.0,59528.0,0
20220707T,64318.0,64318.0,64318.0,64318.0,0
20220708T,64299.0,64299.0,64299.0,64299.0,0
20220711T,64360.0,64360.0,64360.0,64360.0,0
20220712T,62426.0,62426.0,62426.0,62426.0,0
20220713T,62012.0,62012.0,62012.0,62012.0,0
20220714T,63705.0,63705.0,63705.0,63705.0,0
20220715T,61795.0,61795.0,61795.0,61795.0,0
20220718T,61349.0,61349.0,61349.0,61349.0,0
20220719T,62033.0,62033.0,62033.0,62033.0,0
20220720T,65892.0,65892.0,65892.0,65892.0,0
20220721T,65092.0,65092.0,65092.0,65092.0,0
20220722T,64510.0,64510.0,64510.0,64510.0,0
20220725T,64371.0,64371.0,64371.0,64371.0,0
20220726T,64592.0,64592.0,64592.0,64592.0,0
20220727T,65402.0,65402.0,65402.0,65402.0,0
20220728T,47861.0,47861.0,47861.0,47861.0,0
20220729T,48317.0,48317.0,48317.0,48317.0,0
20220801T,48630.0,48630.0,48630.0,48630.0,0
20220802T,48903.0,48903.0,48903.0,48903.0,0
20220803T,48812.0,48812.0,48812.0,48812.0,0
20220804T,47553.0,47553.0,47553.0,47553.0,0
20220805T,47322.0,47322.0,47322.0,47322.0,0
20220808T,47899.0,47899.0,47899.0,47899.0,0
20220810T,48186.0,48186.0,48186.0,48186.0,0
20220811T,48089.0,48089.0,48089.0,48089.0,0
20220812T,49560.0,49560.0,49560.0,49560.0,0
20220816T,47862.0,47862.0,47862.0,47862.0,0
20220817T,47433.0,47433.0,47433.0,47433.0,0
20220818T,47278.0,47278.0,47278.0,47278.0,0
20220819T,48252.0,48252.0,48252.0,48252.0,0
20220822T,49427.0,49427.0,49427.0,49427.0,0
20220823T,49881.0,49881.0,49881.0,49881.0,0
20220824T,49354.0,49354.0,49354.0,49354.0,0
20220825T,39787.0,39787.0,39787.0,39787.0,0
20220826T,40185.0,40185.0,40185.0,40185.0,0
20220829T,39596.0,39596.0,39596.0,39596.0,0
20220830T,39845.0,39845.0,39845.0,39845.0,0
20220901T,40709.0,40709.0,40709.0,40709.0,0
20220902T,41554.0,41554.0,41554.0,41554.0,0
20220905T,41494.0,41494.0,41494.0,41494.0,0
20220906T,41075.0,41075.0,41075.0,41075.0,0
20220907T,42341.0,42341.0,42341.0,42341.0,0
20220908T,46637.0,46637.0,46637.0,46637.0,0
20220909T,50140.0,50140.0,50140.0,50140.0,0
20220912T,50653.0,50653.0,50653.0,50653.0,0
20220913T,51045.0,51045.0,51045.0,51045.0,0
20220914T,51529.0,51529.0,51529.0,51529.0,0
20220915T,57045.0,57045.0,57045.0,57045.0,0
20220916T,61078.0,61078.0,61078.0,61078.0,0
20220919T,63914.0,63914.0,63914.0,63914.0,0
20220920T,67451.0,67451.0,67451.0,67451.0,0
20220921T,67103.0,67103.0,67103.0,67103.0,0
20220922T,66440.0,66440.0,66440.0,66440.0,0
20220923T,67221.0,67221.0,67221.0,67221.0,0
20220926T,65048.0,65048.0,65048.0,65048.0,0
20220927T,67274.0,67274.0,67274.0,67274.0,0
20220928T,69914.0,69914.0,69914.0,69914.0,0
20220929T,50921.0,50921.0,50921.0,50921.0,0
20220930T,51984.0,51984.0,51984.0,51984.0,0
20221003T,53420.0,53420.0,53420.0,53420.0,0
20221004T,53880.0,53880.0,53880.0,53880.0,0
20221006T,54110.0,54110.0,54110.0,54110.0,0
20221007T,54169.0,54169.0,54169.0,54169.0,0
20221010T,54814.0,54814.0,54814.0,54814.0,0
20221011T,57440.0,57440.0,57440.0,57440.0,0
20221012T,58278.0,58278.0,58278.0,58278.0,0
20221013T,59987.0,59987.0,59987.0,59987.0,0
20221014T,60441.0,60441.0,60441.0,60441.0,0
20221017T,61516.0,61516.0,61516.0,61516.0,0
20221018T,64852.0,64852.0,64852.0,64852.0,0
20221019T,66953.0,66953.0,66953.0,66953.0,0
20221020T,66496.0,66496.0,66496.0,66496.0,0
20221021T,69833.0,69833.0,69833.0,69833.0,0
20221025T,68949.0,68949.0,68949.0,68949.0,0
20221027T,53071.0,53071.0,53071.0,53071.0,0
20221028T,54470.0,54470.0,54470.0,54470.0,0
20221031T,54619.0,54619.0,54619.0,54619.0,0
20221101T,56863.0,56863.0,56863.0,56863.0,0
20221102T,57488.0,57488.0,57488.0,57488.0,0
20221103T,57643.0,57643.0,57643.0,57643.0,0
20221104T,61767.0,61767.0,61767.0,61767.0,0
20221107T,63009.0,63009.0,63009.0,63009.0,0
20221109T,63439.0,63439.0,63439.0,63439.0,0
20221110T,66227.0,66227.0,66227.0,66227.0,0
20221111T,71809.0,71809.0,71809.0,71809.0,0
20221114T,72213.0,72213.0,72213.0,72213.0,0
20221115T,72126.0,72126.0,72126.0,72126.0,0
20221116T,74560.0,74560.0,74560.0,74560.0,0
20221117T,76274.0,76274.0,76274.0,76274.0,0
20221118T,78132.0,78132.0,78132.0,78132.0,0
20221121T,79635.0,79635.0,79635.0,79635.0,0
20221122T,78619.0,78619.0,78619.0,78619.0,0
20221123T,75391.0,75391.0,75391.0,75391.0,0
20221124T,45217.0,45217.0,45217.0,45217.0,0
20221125T,45315.0,45315.0,45315.0,45315.0,0
20221128T,45377.0,45377.0,45377.0,45377.0,0
20221129T,45683.0,45683.0,45683.0,45683.0,0
20221130T,47118.0,47118.0,47118.0,47118.0,0
20221201T,47255.0,47255.0,47255.0,47255.0,0
20221202T,46930.0,46930.0,46930.0,46930.0,0
20221205T,47331.0,47331.0,47331.0,47331.0,0
20221206T,47540.0,47540.0,47540.0,47540.0,0
20221207T,49168.0,49168.0,49168.0,49168.0,0
20221208T,51662.0,51662.0,51662.0,51662.0,0
20221209T,52185.0,52185.0,52185.0,52185.0,0
20221212T,51702.0,51702.0,51702.0,51702.0,0
20221213T,49151.0,49151.0,49151.0,49151.0,0
20221214T,48636.0,48636.0,48636.0,48636.0,0
20221215T,48302.0,48302.0,48302.0,48302.0,0
20221216T,48406.0,48406.0,48406.0,48406.0,0
20221219T,47940.0,47940.0,47940.0,47940.0,0
20221220T,46707.0,46707.0,46707.0,46707.0,0
20221221T,45366.0,45366.0,45366.0,45366.0,0
20221222T,46266.0,46266.0,46266.0,46266.0,0
20221223T,47911.0,47911.0,47911.0,47911.0,0
20221226T,48220.0,48220.0,48220.0,48220.0,0
20221227T,48449.0,48449.0,48449.0,48449.0,0
20221228T,49801.0,49801.0,49801.0,49801.0,0
20221229T,35713.0,35713.0,35713.0,35713.0,0
20221230T,36190.0,36190.0,36190.0,36190.0,0
20230102T,36338.0,36338.0,36338.0,36338.0,0
20230103T,37536.0,37536.0,37536.0,37536.0,0
20230104T,38109.0,38109.0,38109.0,38109.0,0
20230105T,38177.0,38177.0,38177.0,38177.0,0
20230106T,39532.0,39532.0,39532.0,39532.0,0
20230109T,39518.0,39518.0,39518.0,39518.0,0
20230110T,39622.0,39622.0,39622.0,39622.0,0
20230111T,39770.0,39770.0,39770.0,39770.0,0
20230112T,40152.0,40152.0,40152.0,40152.0,0
20230113T,40350.0,40350.0,40350.0,40350.0,0
20230116T,41473.0,41473.0,41473.0,41473.0,0
20230117T,41090.0,41090.0,41090.0,41090.0,0
20230118T,43090.0,43090.0,43090.0,43090.0,0
20230119T,45762.0,45762.0,45762.0,45762.0,0
20230120T,45282.0,45282.0,45282.0,45282.0,0
20230123T,45665.0,45665.0,45665.0,45665.0,0
20230124T,48392.0,48392.0,48392.0,48392.0,0
20230125T,37983.0,37983.0,37983.0,37983.0,0
20230127T,39634.0,39634.0,39634.0,39634.0,0
20230130T,39611.0,39611.0,39611.0,39611.0,0
20230131T,44152.0,44152.0,44152.0,44152.0,0
20230201T,45747.0,45747.0,45747.0,45747.0,0
20230202T,48340.0,48340.0,48340.0,48340.0,0
20230203T,49716.0,49716.0,49716.0,49716.0,0
20230206T,48840.0,48840.0,48840.0,48840.0,0
20230207T,50127.0,50127.0,50127.0,50127.0,0
20230208T,52366.0,52366.0,52366.0,52366.0,0
20230209T,52358.0,52358.0,52358.0,52358.0,0
20230210T,52985.0,52985.0,52985.0,52985.0,0
20230213T,52629.0,52629.0,52629.0,52629.0,0
20230214T,53234.0,53234.0,53234.0,53234.0,0
20230215T,54823.0,54823.0,54823.0,54823.0,0
20230216T,53181.0,53181.0,53181.0,53181.0,0
20230217T,53199.0,53199.0,53199.0,53199.0,0
20230220T,55027.0,55027.0,55027.0,55027.0,0
20230221T,56584.0,56584.0,56584.0,56584.0,0
20230222T,62578.0,62578.0,62578.0,62578.0,0
20230223T,44593.0,44593.0,44593.0,44593.0,0
20230224T,45636.0,45636.0,45636.0,45636.0,0
20230227T,45572.0,45572.0,45572.0,45572.0,0
20230228T,45784.0,45784.0,45784.0,45784.0,0
20230301T,45973.0,45973.0,45973.0,45973.0,0
20230302T,47119.0,47119.0,47119.0,47119.0,0
20230303T,50425.0,50425.0,50425.0,50425.0,0
20230306T,50787.0,50787.0,50787.0,50787.0,0
20230308T,51645.0,51645.0,51645.0,51645.0,0
20230309T,52940.0,52940.0,52940.0,52940.0,0
20230310T,55264.0,55264.0,55264.0,55264.0,0
20230313T,57686.0,57686.0,57686.0,57686.0,0
20230314T,58056.0,58056.0,58056.0,58056.0,0
20230315T,61559.0,61559.0,61559.0,61559.0,0
20230316T,61841.0,61841.0,61841.0,61841.0,0
20230317T,62267.0,62267.0,62267.0,62267.0,0
20230320T,63468.0,63468.0,63468.0,63468.0,0
20230321T,63184.0,63184.0,63184.0,63184.0,0
20230322T,64229.0,64229.0,64229.0,64229.0,0
20230323T,65287.0,65287.0,65287.0,65287.0,0
20230324T,66868.0,66868.0,66868.0,66868.0,0
20230327T,67596.0,67596.0,67596.0,67596.0,0
20230328T,67518.0,67518.0,67518.0,67518.0,0
20230329T,46928.0,46928.0,46928.0,46928.0,0
20230331T,48378.0,48378.0,48378.0,48378.0,0
20230403T,49008.0,49008.0,49008.0,49008.0,0
20230405T,49114.0,49114.0,49114.0,49114.0,0
20230406T,50345.0,50345.0,50345.0,50345.0,0
20230410T,51235.0,51235.0,51235.0,51235.0,0
20230411T,51402.0,51402.0,51402.0,51402.0,0
20230412T,52826.0,52826.0,52826.0,52826.0,0
20230413T,54929.0,54929.0,54929.0,54929.0,0
20230417T,55637.0,55637.0,55637.0,55637.0,0
20230418T,56439.0,56439.0,56439.0,56439.0,0
20230419T,57314.0,57314.0,57314.0,57314.0,0
20230420T,56787.0,56787.0,56787.0,56787.0,0
20230421T,58356.0,58356.0,58356.0,58356.0,0
20230424T,58618.0,58618.0,58618.0,58618.0,0
20230425T,55374.0,55374.0,55374.0,55374.0,0
20230426T,57816.0,57816.0,57816.0,57816.0,0
20230427T,45089.0,45089.0,45089.0,45089.0,0
20230428T,45471.0,45471.0,45471.0,45471.0,0
20230502T,46216.0,46216.0,46216.0,46216.0,0
20230503T,47634.0,47634.0,47634.0,47634.0,0
20230504T,48632.0,48632.0,48632.0,48632.0,0
20230505T,50238.0,50238.0,50238.0,50238.0,0
20230508T,51039.0,51039.0,51039.0,51039.0,0
20230509T,51296.0,51296.0,51296.0,51296.0,0
20230510T,52600.0,52600.0,52600.0,52600.0,0
20230511T,53184.0,53184.0,53184.0,53184.0,0
20230512T,53090.0,53090.0,53090.0,53090.0,0
20230515T,55325.0,55325.0,55325.0,55325.0,0
20230516T,56661.0,56661.0,56661.0,56661.0,0
20230517T,57088.0,57088.0,57088.0,57088.0,0
20230518T,58580.0,58580.0,58580.0,58580.0,0
20230519T,58742.0,58742.0,58742.0,58742.0,0
20230522T,58340.0,58340.0,58340.0,58340.0,0
20230523T,58068.0,58068.0,58068.0,58068.0,0
20230524T,60947.0,60947.0,60947.0,60947.0,0
20230525T,49478.0,49478.0,49478.0,49478.0,0
20230526T,50001.0,50001.0,50001.0,50001.0,0
20230529T,50240.0,50240.0,50240.0,50240.0,0
20230530T,50329.0,50329.0,50329.0,50329.0,0
20230531T,52113.0,52113.0,52113.0,52113.0,0
20230601T,55289.0,55289.0,55289.0,55289.0,0
20230602T,56533.0,56533.0,56533.0,56533.0,0
20230605T,60429.0,60429.0,60429.0,60429.0,0
20230606T,61967.0,61967.0,61967.0,61967.0,0
20230607T,63106.0,63106.0,63106.0,63106.0,0
20230608T,64568.0,64568.0,64568.0,64568.0,0
20230609T,61947.0,61947.0,61947.0,61947.0,0
20230612T,60852.0,60852.0,60852.0,60852.0,0
20230613T,62403.0,62403.0,62403.0,62403.0,0
20230614T,68724.0,68724.0,68724.0,68724.0,0
20230615T,71225.0,71225.0,71225.0,71225.0,0
20230616T,74964.0,74964.0,74964.0,74964.0,0
20230619T,75623.0,75623.0,75623.0,75623.0,0
20230620T,77211.0,77211.0,77211.0,77211.0,0
20230621T,76863.0,76863.0,76863.0,76863.0,0
20230622T,76220.0,76220.0,76220.0,76220.0,0
20230623T,77037.0,77037.0,77037.0,77037.0,0
20230626T,78168.0,78168.0,78168.0,78168.0,0
20230627T,79273.0,79273.0,79273.0,79273.0,0
20230628T,73920.0,73920.0,73920.0,73920.0,0
20230630T,80576.0,80576.0,80576.0,80576.0,0
20230703T,89956.0,89956.0,89956.0,89956.0,0
20230704T,95258.0,95258.0,95258.0,95258.0,0
20230705T,98000.0,98000.0,98000.0,98000.0,0
20230706T,97802.0,97802.0,97802.0,97802.0,0
20230707T,98179.0,98179.0,98179.0,98179.0,0
20230710T,98633.0,98633.0,98633.0,98633.0,0
20230711T,102981.0,102981.0,102981.0,102981.0,0
20230712T,103294.0,103294.0,103294.0,103294.0,0
20230713T,106533.0,106533.0,106533.0,106533.0,0
20230714T,118080.0,118080.0,118080.0,118080.0,0
20230717T,122496.0,122496.0,122496.0,122496.0,0
20230718T,123727.0,123727.0,123727.0,123727.0,0
20230719T,125835.0,125835.0,125835.0,125835.0,0
20230720T,111495.0,111495.0,111495.0,111495.0,0
20230721T,113248.0,113248.0,113248.0,113248.0,0
20230724T,111358.0,111358.0,111358.0,111358.0,0
20230725T,116046.0,116046.0,116046.0,116046.0,0
20230726T,122155.0,122155.0,122155.0,122155.0,0
20230727T,96413.0,96413.0,96413.0,96413.0,0
20230728T,99372.0,99372.0,99372.0,99372.0,0
20230731T,105456.0,105456.0,105456.0,105456.0,0
20230801T,106571.0,106571.0,106571.0,106571.0,0
20230802T,106628.0,106628.0,106628.0,106628.0,0
20230803T,108546.0,108546.0,108546.0,108546.0,0
20230804T,107757.0,107757.0,107757.0,107757.0,0
20230807T,106474.0,106474.0,106474.0,106474.0,0
20230808T,106987.0,106987.0,106987.0,106987.0,0
20230809T,107292.0,107292.0,107292.0,107292.0,0
20230810T,108837.0,108837.0,108837.0,108837.0,0
20230811T,112614.0,112614.0,112614.0,112614.0,0
20230814T,115875.0,115875.0,115875.0,115875.0,0
20230816T,118746.0,118746.0,118746.0,118746.0,0
20230817T,125700.0,125700.0,125700.0,125700.0,0
20230818T,125879.0,125879.0,125879.0,125879.0,0
20230821T,127707.0,127707.0,127707.0,127707.0,0
20230822T,129389.0,129389.0,129389.0,129389.0,0
20230823T,129966.0,129966.0,129966.0,129966.0,0
20230824T,129888.0,129888.0,129888.0,129888.0,0
20230825T,127124.0,127124.0,127124.0,127124.0,0
20230828T,125756.0,125756.0,125756.0,125756.0,0
20230829T,125921.0,125921.0,125921.0,125921.0,0
20230830T,123994.0,123994.0,123994.0,123994.0,0
20230831T,103382.0,103382.0,103382.0,103382.0,0
20230901T,110056.0,110056.0,110056.0,110056.0,0
20230904T,111758.0,111758.0,111758.0,111758.0,0
20230905T,113670.0,113670.0,113670.0,113670.0,0
20230906T,117091.0,117091.0,117091.0,117091.0,0
20230907T,117447.0,117447.0,117447.0,117447.0,0
20230908T,119982.0,119982.0,119982.0,119982.0,0
20230911T,126323.0,126323.0,126323.0,126323.0,0
20230912T,131627.0,131627.0,131627.0,131627.0,0
20230913T,131818.0,131818.0,131818.0,131818.0,0
20230914T,133818.0,133818.0,133818.0,133818.0,0
20230915T,136902.0,136902.0,136902.0,136902.0,0
20230918T,134958.0,134958.0,134958.0,134958.0,0
20230920T,131251.0,131251.0,131251.0,131251.0,0
20230921T,136890.0,136890.0,136890.0,136890.0,0
20230922T,141127.0,141127.0,141127.0,141127.0,0
20230925T,142981.0,142981.0,142981.0,142981.0,0
20230926T,145405.0,145405.0,145405.0,145405.0,0
20230927T,148570.0,148570.0,148570.0,148570.0,0
20230928T,137374.0,137374.0,137374.0,137374.0,0
20230929T,139200.0,139200.0,139200.0,139200.0,0
20231003T,139309.0,139309.0,139309.0,139309.0,0
20231004T,139636.0,139636.0,139636.0,139636.0,0
20231005T,139354.0,139354.0,139354.0,139354.0,0
20231006T,140223.0,140223.0,140223.0,140223.0,0
20231009T,141742.0,141742.0,141742.0,141742.0,0
20231010T,138293.0,138293.0,138293.0,138293.0,0
20231011T,139401.0,139401.0,139401.0,139401.0,0
20231012T,139859.0,139859.0,139859.0,139859.0,0
20231013T,143030.0,143030.0,143030.0,143030.0,0
20231016T,140781.0,140781.0,140781.0,140781.0,0
20231017T,143250.0,143250.0,143250.0,143250.0,0
20231018T,148392.0,148392.0,148392.0,148392.0,0
20231019T,147902.0,147902.0,147902.0,147902.0,0
20231020T,149940.0,149940.0,149940.0,149940.0,0
20231023T,150227.0,150227.0,150227.0,150227.0,0
20231025T,151718.0,151718.0,151718.0,151718.0,0
20231026T,133824.0,133824.0,133824.0,133824.0,0
20231027T,155204.0,155204.0,155204.0,155204.0,0
20231030T,155498.0,155498.0,155498.0,155498.0,0
20231031T,156446.0,156446.0,156446.0,156446.0,0
20231101T,157506.0,157506.0,157506.0,157506.0,0
20231102T,157965.0,157965.0,157965.0,157965.0,0
20231103T,159395.0,159395.0,159395.0,159395.0,0
20231106T,158759.0,158759.0,158759.0,158759.0,0
20231107T,158335.0,158335.0,158335.0,158335.0,0
20231108T,155623.0,155623.0,155623.0,155623.0,0
20231109T,157011.0,157011.0,157011.0,157011.0,0
20231110T,157936.0,157936.0,157936.0,157936.0,0
20231113T,158062.0,158062.0,158062.0,158062.0,0
20231115T,157180.0,157180.0,157180.0,157180.0,0
20231116T,153732.0,153732.0,153732.0,153732.0,0
20231117T,150255.0,150255.0,150255.0,150255.0,0
20231120T,150380.0,150380.0,150380.0,150380.0,0
20231121T,146600.0,146600.0,146600.0,146600.0,0
20231122T,139601.0,139601.0,139601.0,139601.0,0
20231123T,135670.0,135670.0,135670.0,135670.0,0
20231124T,134367.0,134367.0,134367.0,134367.0,0
20231128T,134735.0,134735.0,134735.0,134735.0,0
20231129T,143445.0,143445.0,143445.0,143445.0,0
20231130T,113914.0,113914.0,113914.0,113914.0,0
20231201T,120427.0,120427.0,120427.0,120427.0,0
20231204T,124253.0,124253.0,124253.0,124253.0,0
20231205T,125878.0,125878.0,125878.0,125878.0,0
20231206T,125641.0,125641.0,125641.0,125641.0,0
20231207T,122762.0,122762.0,122762.0,122762.0,0
20231208T,123565.0,123565.0,123565.0,123565.0,0
20231211T,124471.0,124471.0,124471.0,124471.0,0
20231212T,123975.0,123975.0,123975.0,123975.0,0
20231213T,123862.0,123862.0,123862.0,123862.0,0
20231214T,122488.0,122488.0,122488.0,122488.0,0
20231215T,123862.0,123862.0,123862.0,123862.0,0
20231218T,123456.0,123456.0,123456.0,123456.0,0
20231219T,116976.0,116976.0,116976.0,116976.0,0
20231220T,114252.0,114252.0,114252.0,114252.0,0
20231221T,113507.0,113507.0,113507.0,113507.0,0
20231222T,116880.0,116880.0,116880.0,116880.0,0
20231226T,117701.0,117701.0,117701.0,117701.0,0
20231227T,120216.0,120216.0,120216.0,120216.0,0
20231228T,71090.0,71090.0,71090.0,71090.0,0
20231229T,72859.0,72859.0,72859.0,72859.0,0
20240101T,73830.0,73830.0,73830.0,73830.0,0
20240102T,75446.0,75446.0,75446.0,75446.0,0
20240103T,74491.0,74491.0,74491.0,74491.0,0
20240104T,73033.0,73033.0,73033.0,73033.0,0
20240105T,73189.0,73189.0,73189.0,73189.0,0
20240108T,73895.0,73895.0,73895.0,73895.0,0
20240109T,74401.0,74401.0,74401.0,74401.0,0
20240110T,74550.0,74550.0,74550.0,74550.0,0
20240111T,81763.0,81763.0,81763.0,81763.0,0
20240112T,88478.0,88478.0,88478.0,88478.0,0
20240115T,89860.0,89860.0,89860.0,89860.0,0
20240116T,90398.0,90398.0,90398.0,90398.0,0
20240117T,91767.0,91767.0,91767.0,91767.0,0
20240118T,92561.0,92561.0,92561.0,92561.0,0
20240119T,100431.0,100431.0,100431.0,100431.0,0
20240123T,113722.0,113722.0,113722.0,113722.0,0
20240124T,113042.0,113042.0,113042.0,113042.0,0
20240125T,58390.0,58390.0,58390.0,58390.0,0
20240129T,62378.0,62378.0,62378.0,62378.0,0
20240130T,62609.0,62609.0,62609.0,62609.0,0
20240131T,63431.0,63431.0,63431.0,63431.0,0
20240201T,61140.0,61140.0,61140.0,61140.0,0
20240202T,69698.0,69698.0,69698.0,69698.0,0
20240205T,75149.0,75149.0,75149.0,75149.0,0
20240206T,77009.0,77009.0,77009.0,77009.0,0
20240207T,79596.0,79596.0,79596.0,79596.0,0
20240208T,83648.0,83648.0,83648.0,83648.0,0
20240209T,89680.0,89680.0,89680.0,89680.0,0
20240212T,89957.0,89957.0,89957.0,89957.0,0
20240213T,90653.0,90653.0,90653.0,90653.0,0
20240214T,92146.0,92146.0,92146.0,92146.0,0
20240215T,94124.0,94124.0,94124.0,94124.0,0
20240216T,95145.0,95145.0,95145.0,95145.0,0
20240219T,96597.0,96597.0,96597.0,96597.0,0
20240220T,98299.0,98299.0,98299.0,98299.0,0
20240221T,100166.0,100166.0,100166.0,100166.0,0
20240223T,103304.0,103304.0,103304.0,103304.0,0
20240226T,98891.0,98891.0,98891.0,98891.0,0
20240227T,98391.0,98391.0,98391.0,98391.0,0
20240228T,107960.0,107960.0,107960.0,107960.0,0
20240229T,71441.0,71441.0,71441.0,71441.0,0
20240301T,76403.0,76403.0,76403.0,76403.0,0
20240304T,83411.0,83411.0,83411.0,83411.0,0
20240305T,86241.0,86241.0,86241.0,86241.0,0
20240306T,94335.0,94335.0,94335.0,94335.0,0
20240307T,106838.0,106838.0,106838.0,106838.0,0
20240311T,107332.0,107332.0,107332.0,107332.0,0
20240312T,110913.0,110913.0,110913.0,110913.0,0
20240313T,113951.0,113951.0,113951.0,113951.0,0
20240314T,114721.0,114721.0,114721.0,114721.0,0
20240315T,119267.0,119267.0,119267.0,119267.0,0
20240318T,118961.0,118961.0,118961.0,118961.0,0
20240319T,119000.0,119000.0,119000.0,119000.0,0
20240320T,119545.0,119545.0,119545.0,119545.0,0
20240321T,121640.0,121640.0,121640.0,121640.0,0
20240322T,123630.0,123630.0,123630.0,123630.0,0
20240326T,124589.0,124589.0,124589.0,124589.0,0
20240327T,129153.0,129153.0,129153.0,129153.0,0
20240328T,77279.0,77279.0,77279.0,77279.0,0
20240401T,80445.0,80445.0,80445.0,80445.0,0
20240402T,73510.0,73510.0,73510.0,73510.0,0
20240403T,79732.0,79732.0,79732.0,79732.0,0
20240404T,84529.0,84529.0,84529.0,84529.0,0
20240405T,88035.0,88035.0,88035.0,88035.0,0
20240408T,85371.0,85371.0,85371.0,85371.0,0
20240409T,85216.0,85216.0,85216.0,85216.0,0
20240410T,86010.0,86010.0,86010.0,86010.0,0
20240412T,86394.0,86394.0,86394.0,86394.0,0
20240415T,85779.0,85779.0,85779.0,85779.0,0
20240416T,89770.0,89770.0,89770.0,89770.0,0
20240418T,95452.0,95452.0,95452.0,95452.0,0
20240419T,97045.0,97045.0,97045.0,97045.0,0
20240422T,101730.0,101730.0,101730.0,101730.0,0
20240423T,109457.0,109457.0,109457.0,109457.0,0
20240424T,119306.0,119306.0,119306.0,119306.0,0
20240425T,85993.0,85993.0,85993.0,85993.0,0
20240426T,104510.0,104510.0,104510.0,104510.0,0
20240429T,103591.0,103591.0,103591.0,103591.0,0
20240430T,101566.0,101566.0,101566.0,101566.0,0
20240502T,95173.0,95173.0,95173.0,95173.0,0
20240503T,93392.0,93392.0,93392.0,93392.0,0
20240506T,89390.0,89390.0,89390.0,89390.0,0
20240507T,96227.0,96227.0,96227.0,96227.0,0
20240508T,106161.0,106161.0,106161.0,106161.0,0
20240509T,113922.0,113922.0,113922.0,113922.0,0
20240510T,119168.0,119168.0,119168.0,119168.0,0
20240513T,134526.0,134526.0,134526.0,134526.0,0
20240514T,142941.0,142941.0,142941.0,142941.0,0
20240515T,143057.0,143057.0,143057.0,143057.0,0
20240516T,148877.0,148877.0,148877.0,148877.0,0
20240517T,152919.0,152919.0,152919.0,152919.0,0
20240521T,159646.0,159646.0,159646.0,159646.0,0
20240522T,164106.0,164106.0,164106.0,164106.0,0
20240523T,175355.0,175355.0,175355.0,175355.0,0
20240524T,201162.0,201162.0,201162.0,201162.0,0
20240527T,211245.0,211245.0,211245.0,211245.0,0
20240528T,209664.0,209664.0,209664.0,209664.0,0
20240529T,211326.0,211326.0,211326.0,211326.0,0
20240530T,128806.0,128806.0,128806.0,128806.0,0
20240531T,128826.0,128826.0,128826.0,128826.0,0
20240603T,132501.0,132501.0,132501.0,132501.0,0
20240604T,143981.0,143981.0,143981.0,143981.0,0
20240605T,145470.0,145470.0,145470.0,145470.0,0
20240606T,158720.0,158720.0,158720.0,158720.0,0
20240607T,170658.0,170658.0,170658.0,170658.0,0
20240610T,180136.0,180136.0,180136.0,180136.0,0
20240611T,183939.0,183939.0,183939.0,183939.0,0
20240612T,186215.0,186215.0,186215.0,186215.0,0
20240613T,188594.0,188594.0,188594.0,188594.0,0
20240614T,190661.0,190661.0,190661.0,190661.0,0
20240618T,192081.0,192081.0,192081.0,192081.0,0
20240619T,201142.0,201142.0,201142.0,201142.0,0
20240620T,204427.0,204427.0,204427.0,204427.0,0
20240621T,206362.0,206362.0,206362.0,206362.0,0
20240624T,190365.0,190365.0,190365.0,190365.0,0
20240625T,180793.0,180793.0,180793.0,180793.0,0
20240626T,190470.0,190470.0,190470.0,190470.0,0
20240627T,56655.0,56655.0,56655.0,56655.0,0
20240628T,57103.0,57103.0,57103.0,57103.0,0
20240701T,57026.0,57026.0,57026.0,57026.0,0
20240702T,60807.0,60807.0,60807.0,60807.0,0
20240703T,67849.0,67849.0,67849.0,67849.0,0
20240704T,74809.0,74809.0,74809.0,74809.0,0
20240705T,87597.0,87597.0,87597.0,87597.0,0
20240708T,96612.0,96612.0,96612.0,96612.0,0
20240709T,112484.0,112484.0,112484.0,112484.0,0
20240710T,116590.0,116590.0,116590.0,116590.0,0
20240711T,125539.0,125539.0,125539.0,125539.0,0
20240712T,133371.0,133371.0,133371.0,133371.0,0
20240715T,147715.0,147715.0,147715.0,147715.0,0
20240716T,150020.0,150020.0,150020.0,150020.0,0
20240718T,157371.0,157371.0,157371.0,157371.0,0
20240719T,161835.0,161835.0,161835.0,161835.0,0
20240722T,157684.0,157684.0,157684.0,157684.0,0
20240723T,172177.0,172177.0,172177.0,172177.0,0
20240724T,196577.0,196577.0,196577.0,196577.0,0
20240725T,82314.0,82314.0,82314.0,82314.0,0
20240726T,88593.0,88593.0,88593.0,88593.0,0
20240729T,106540.0,106540.0,106540.0,106540.0,0
20240730T,119847.0,119847.0,119847.0,119847.0,0
20240731T,129945.0,129945.0,129945.0,129945.0,0
20240801T,136201.0,136201.0,136201.0,136201.0,0
20240802T,146752.0,146752.0,146752.0,146752.0,0
20240805T,146672.0,146672.0,146672.0,146672.0,0
20240806T,148518.0,148518.0,148518.0,148518.0,0
20240807T,149836.0,149836.0,149836.0,149836.0,0
20240808T,151868.0,151868.0,151868.0,151868.0,0
20240809T,157891.0,157891.0,157891.0,157891.0,0
20240812T,158964.0,158964.0,158964.0,158964.0,0
20240813T,159408.0,159408.0,159408.0,159408.0,0
20240814T,161731.0,161731.0,161731.0,161731.0,0
20240816T,169098.0,169098.0,169098.0,169098.0,0
20240819T,180402.0,180402.0,180402.0,180402.0,0
20240820T,190174.0,190174.0,190174.0,190174.0,0
20240821T,196161.0,196161.0,196161.0,196161.0,0
20240822T,189026.0,189026.0,189026.0,189026.0,0
20240823T,181491.0,181491.0,181491.0,181491.0,0
20240826T,182600.0,182600.0,182600.0,182600.0,0
20240827T,193416.0,193416.0,193416.0,193416.0,0
20240828T,211216.0,211216.0,211216.0,211216.0,0
20240829T,124667.0,124667.0,124667.0,124667.0,0
20240830T,134442.0,134442.0,134442.0,134442.0,0
20240902T,142003.0,142003.0,142003.0,142003.0,0
20240903T,141923.0,141923.0,141923.0,141923.0,0
20240904T,145780.0,145780.0,145780.0,145780.0,0
20240905T,151785.0,151785.0,151785.0,151785.0,0
20240906T,151831.0,151831.0,151831.0,151831.0,0
20240909T,152327.0,152327.0,152327.0,152327.0,0
20240910T,156298.0,156298.0,156298.0,156298.0,0
20240911T,162025.0,162025.0,162025.0,162025.0,0
20240912T,169006.0,169006.0,169006.0,169006.0,0
20240913T,179854.0,179854.0,179854.0,179854.0,0
20240916T,182982.0,182982.0,182982.0,182982.0,0
20240917T,183611.0,183611.0,183611.0,183611.0,0
20240918T,186219.0,186219.0,186219.0,186219.0,0
20240919T,186224.0,186224.0,186224.0,186224.0,0
20240920T,206538.0,206538.0,206538.0,206538.0,0
20240923T,216659.0,216659.0,216659.0,216659.0,0
20240924T,221206.0,221206.0,221206.0,221206.0,0
20240925T,230556.0,230556.0,230556.0,230556.0,0
20240926T,101740.0,101740.0,101740.0,101740.0,0
20240927T,104333.0,104333.0,104333.0,104333.0,0
20240930T,106446.0,106446.0,106446.0,106446.0,0
20241001T,106823.0,106823.0,106823.0,106823.0,0
20241003T,105342.0,105342.0,105342.0,105342.0,0
20241004T,106272.0,106272.0,106272.0,106272.0,0
20241007T,109169.0,109169.0,109169.0,109169.0,0
20241008T,112681.0,112681.0,112681.0,112681.0,0
20241009T,114197.0,114197.0,114197.0,114197.0,0
20241010T,115503.0,115503.0,115503.0,115503.0,0
20241011T,116479.0,116479.0,116479.0,116479.0,0
20241014T,117995.0,117995.0,117995.0,117995.0,0
20241015T,121415.0,121415.0,121415.0,121415.0,0
20241016T,120882.0,120882.0,120882.0,120882.0,0
20241017T,125554.0,125554.0,125554.0,125554.0,0
20241018T,133852.0,133852.0,133852.0,133852.0,0
20241021T,140646.0,140646.0,140646.0,140646.0,0
20241022T,142866.0,142866.0,142866.0,142866.0,0
20241023T,143864.0,143864.0,143864.0,143864.0,0
20241024T,145582.0,145582.0,145582.0,145582.0,0
20241025T,147033.0,147033.0,147033.0,147033.0,0
20241028T,146576.0,146576.0,146576.0,146576.0,0
20241029T,152608.0,152608.0,152608.0,152608.0,0
20241030T,156643.0,156643.0,156643.0,156643.0,0
20241031T,66021.0,66021.0,66021.0,66021.0,0
20241104T,71052.0,71052.0,71052.0,71052.0,0
20241105T,91587.0,91587.0,91587.0,91587.0,0
20241106T,111495.0,111495.0,111495.0,111495.0,0
20241107T,113415.0,113415.0,113415.0,113415.0,0
20241108T,116365.0,116365.0,116365.0,116365.0,0
20241111T,119720.0,119720.0,119720.0,119720.0,0
20241112T,121225.0,121225.0,121225.0,121225.0,0
20241113T,121453.0,121453.0,121453.0,121453.0,0
20241114T,126376.0,126376.0,126376.0,126376.0,0
20241118T,129643.0,129643.0,129643.0,129643.0,0
20241119T,136388.0,136388.0,136388.0,136388.0,0
20241121T,140819.0,140819.0,140819.0,140819.0,0
20241122T,145500.0,145500.0,145500.0,145500.0,0
20241125T,184072.0,184072.0,184072.0,184072.0,0
20241126T,186701.0,186701.0,186701.0,186701.0,0
20241127T,200026.0,200026.0,200026.0,200026.0,0
20241128T,98688.0,98688.0,98688.0,98688.0,0
20241129T,103430.0,103430.0,103430.0,103430.0,0
20241202T,105665.0,105665.0,105665.0,105665.0,0
20241203T,109095.0,109095.0,109095.0,109095.0,0
20241204T,118937.0,118937.0,118937.0,118937.0,0
20241205T,125464.0,125464.0,125464.0,125464.0,0
20241206T,141203.0,141203.0,141203.0,141203.0,0
20241209T,142983.0,142983.0,142983.0,142983.0,0
20241210T,147266.0,147266.0,147266.0,147266.0,0
20241211T,151382.0,151382.0,151382.0,151382.0,0
20241212T,156307.0,156307.0,156307.0,156307.0,0
20241213T,160225.0,160225.0,160225.0,160225.0,0
20241216T,161901.0,161901.0,161901.0,161901.0,0
20241217T,164739.0,164739.0,164739.0,164739.0,0
20241218T,169043.0,169043.0,169043.0,169043.0,0
20241219T,169750.0,169750.0,169750.0,169750.0,0
20241220T,176714.0,176714.0,176714.0,176714.0,0
20241223T,178815.0,178815.0,178815.0,178815.0,0
20241224T,183592.0,183592.0,183592.0,183592.0,0
20241226T,133430.0,133430.0,133430.0,133430.0,0
20241227T,136747.0,136747.0,136747.0,136747.0,0
20241230T,141308.0,141308.0,141308.0,141308.0,0
20241231T,149959.0,149959.0,149959.0,149959.0,0
20250101T,152792.0,152792.0,152792.0,152792.0,0
20250102T,154219.0,154219.0,154219.0,154219.0,0
20250103T,152983.0,152983.0,152983.0,152983.0,0
20250106T,155408.0,155408.0,155408.0,155408.0,0
20250107T,163508.0,163508.0,163508.0,163508.0,0
20250108T,171459.0,171459.0,171459.0,171459.0,0
20250109T,174362.0,174362.0,174362.0,174362.0,0
20250110T,180688.0,180688.0,180688.0,180688.0,0
20250113T,188192.0,188192.0,188192.0,188192.0,0
20250114T,189850.0,189850.0,189850.0,189850.0,0
20250115T,195250.0,195250.0,195250.0,195250.0,0
20250116T,199438.0,199438.0,199438.0,199438.0,0
20250117T,211693.0,211693.0,211693.0,211693.0,0
20250120T,226736.0,226736.0,226736.0,226736.0,0
20250121T,235521.0,235521.0,235521.0,235521.0,0
20250122T,245295.0,245295.0,245295.0,245295.0,0
20250123T,252283.0,252283.0,252283.0,252283.0,0
20250124T,257407.0,257407.0,257407.0,257407.0,0
20250127T,263449.0,263449.0,263449.0,263449.0,0
20250128T,271242.0,271242.0,271242.0,271242.0,0
20250129T,284768.0,284768.0,284768.0,284768.0,0
20250130T,145366.0,145366.0,145366.0,145366.0,0
20250131T,152517.0,152517.0,152517.0,152517.0,0
20250203T,185901.0,185901.0,185901.0,185901.0,0
20250204T,202202.0,202202.0,202202.0,202202.0,0
20250205T,215736.0,215736.0,215736.0,215736.0,0
20250206T,220528.0,220528.0,220528.0,220528.0,0
20250207T,223119.0,223119.0,223119.0,223119.0,0
20250210T,225123.0,225123.0,225123.0,225123.0,0
20250211T,228866.0,228866.0,228866.0,228866.0,0
20250212T,225417.0,225417.0,225417.0,225417.0,0
20250213T,231941.0,231941.0,231941.0,231941.0,0
20250214T,232846.0,232846.0,232846.0,232846.0,0
20250217T,235188.0,235188.0,235188.0,235188.0,0
20250218T,239502.0,239502.0,239502.0,239502.0,0
20250219T,239654.0,239654.0,239654.0,239654.0,0
20250220T,244512.0,244512.0,244512.0,244512.0,0
20250221T,247202.0,247202.0,247202.0,247202.0,0
20250224T,247948.0,247948.0,247948.0,247948.0,0
20250225T,250082.0,250082.0,250082.0,250082.0,0
20250227T,160669.0,160669.0,160669.0,160669.0,0
20250228T,167332.0,167332.0,167332.0,167332.0,0
20250303T,170227.0,170227.0,170227.0,170227.0,0
20250304T,171463.0,171463.0,171463.0,171463.0,0
20250305T,176820.0,176820.0,176820.0,176820.0,0
20250306T,183894.0,183894.0,183894.0,183894.0,0
20250307T,190358.0,190358.0,190358.0,190358.0,0
20250310T,194908.0,194908.0,194908.0,194908.0,0
20250311T,197218.0,197218.0,197218.0,197218.0,0
20250312T,204614.0,204614.0,204614.0,204614.0,0
20250313T,214264.0,214264.0,214264.0,214264.0,0
20250317T,228146.0,228146.0,228146.0,228146.0,0
20250318T,235184.0,235184.0,235184.0,235184.0,0
20250319T,244764.0,244764.0,244764.0,244764.0,0
20250320T,249200.0,249200.0,249200.0,249200.0,0
20250321T,258844.0,258844.0,258844.0,258844.0,0
20250324T,266901.0,266901.0,266901.0,266901.0,0
20250325T,260460.0,260460.0,260460.0,260460.0,0
20250326T,273056.0,273056.0,273056.0,273056.0,0
20250327T,151326.0,151326.0,151326.0,151326.0,0
20250328T,166244.0,166244.0,166244.0,166244.0,0
20250401T,171035.0,171035.0,171035.0,171035.0,0
20250402T,177274.0,177274.0,177274.0,177274.0,0
20250403T,182243.0,182243.0,182243.0,182243.0,0
20250404T,211327.0,211327.0,211327.0,211327.0,0
20250407T,238321.0,238321.0,238321.0,238321.0,0
20250408T,253925.0,253925.0,253925.0,253925.0,0
20250409T,267990.0,267990.0,267990.0,267990.0,0
20250411T,276924.0,276924.0,276924.0,276924.0,0
20250415T,283195.0,283195.0,283195.0,283195.0,0
20250416T,302249.0,302249.0,302249.0,302249.0,0
20250417T,321282.0,321282.0,321282.0,321282.0,0
20250421T,348271.0,348271.0,348271.0,348271.0,0
20250422T,370089.0,370089.0,370089.0,370089.0,0
20250423T,408850.0,408850.0,408850.0,408850.0,0
20250424T,184137.0,184137.0,184137.0,184137.0,0
20250425T,202594.0,202594.0,202594.0,202594.0,0
20250428T,209696.0,209696.0,209696.0,209696.0,0
20250429T,213628.0,213628.0,213628.0,213628.0,0
20250430T,215859.0,215859.0,215859.0,215859.0,0
20250502T,222211.0,222211.0,222211.0,222211.0,0
20250505T,222849.0,222849.0,222849.0,222849.0,0
20250506T,231400.0,231400.0,231400.0,231400.0,0
20250507T,230460.0,230460.0,230460.0,230460.0,0
20250508T,235668.0,235668.0,235668.0,235668.0,0
20250509T,243041.0,243041.0,243041.0,243041.0,0
20250512T,243342.0,243342.0,243342.0,243342.0,0
20250513T,236241.0,236241.0,236241.0,236241.0,0
20250514T,242778.0,242778.0,242778.0,242778.0,0
20250515T,246922.0,246922.0,246922.0,246922.0,0
20250516T,253030.0,253030.0,253030.0,253030.0,0
20250519T,262771.0,262771.0,262771.0,262771.0,0
20250520T,275580.0,275580.0,275580.0,275580.0,0
20250521T,278473.0,278473.0,278473.0,278473.0,0
20250522T,280472.0,280472.0,280472.0,280472.0,0
20250523T,283789.0,283789.0,283789.0,283789.0,0
20250526T,296363.0,296363.0,296363.0,296363.0,0
20250527T,300075.0,300075.0,300075.0,300075.0,0
20250528T,319557.0,319557.0,319557.0,319557.0,0
20250529T,167642.0,167642.0,167642.0,167642.0,0
20250530T,176246.0,176246.0,176246.0,176246.0,0
20250602T,185322.0,185322.0,185322.0,185322.0,0
20250603T,186713.0,186713.0,186713.0,186713.0,0
20250604T,187689.0,187689.0,187689.0,187689.0,0
20250605T,190249.0,190249.0,190249.0,190249.0,0
20250606T,201913.0,201913.0,201913.0,201913.0,0
20250609T,213538.0,213538.0,213538.0,213538.0,0
20250610T,219396.0,219396.0,219396.0,219396.0,0
20250611T,226582.0,226582.0,226582.0,226582.0,0
20250612T,229741.0,229741.0,229741.0,229741.0,0
20250613T,236162.0,236162.0,236162.0,236162.0,0
20250616T,235918.0,235918.0,235918.0,235918.0,0
20250617T,239146.0,239146.0,239146.0,239146.0,0
20250618T,244158.0,244158.0,244158.0,244158.0,0
20250619T,249800.0,249800.0,249800.0,249800.0,0
20250620T,254351.0,254351.0,254351.0,254351.0,0
20250623T,258147.0,258147.0,258147.0,258147.0,0
20250624T,262965.0,262965.0,262965.0,262965.0,0
20250625T,263745.0,263745.0,263745.0,263745.0,0
20250626T,112757.0,112757.0,112757.0,112757.0,0
20250627T,119017.0,119017.0,119017.0,119017.0,0
20250630T,121748.0,121748.0,121748.0,121748.0,0
20250701T,125533.0,125533.0,125533.0,125533.0,0
20250702T,126397.0,126397.0,126397.0,126397.0,0
20250703T,127896.0,127896.0,127896.0,127896.0,0
20250704T,131757.0,131757.0,131757.0,131757.0,0
20250707T,132319.0,132319.0,132319.0,132319.0,0
20250708T,136225.0,136225.0,136225.0,136225.0,0
20250709T,141257.0,141257.0,141257.0,141257.0,0
20250710T,144733.0,144733.0,144733.0,144733.0,0
20250711T,154590.0,154590.0,154590.0,154590.0,0
20250714T,157793.0,157793.0,157793.0,157793.0,0
20250715T,164990.0,164990.0,164990.0,164990.0,0
20250716T,182076.0,182076.0,182076.0,182076.0,0
20250717T,187175.0,187175.0,187175.0,187175.0,0
20250718T,193896.0,193896.0,193896.0,193896.0,0
20250721T,197637.0,197637.0,197637.0,197637.0,0
20250722T,204186.0,204186.0,204186.0,204186.0,0
20250723T,207369.0,207369.0,207369.0,207369.0,0
20250724T,211222.0,211222.0,211222.0,211222.0,0
20250725T,217573.0,217573.0,217573.0,217573.0,0
20250728T,221740.0,221740.0,221740.0,221740.0,0
20250729T,235005.0,235005.0,235005.0,235005.0,0
20250730T,247139.0,247139.0,247139.0,247139.0,0
20250731T,127294.0,127294.0,127294.0,127294.0,0
20250801T,131506.0,131506.0,131506.0,131506.0,0
20250804T,136452.0,136452.0,136452.0,136452.0,0
20250805T,144003.0,144003.0,144003.0,144003.0,0
20250806T,149492.0,149492.0,149492.0,149492.0,0
20250807T,152268.0,152268.0,152268.0,152268.0,0
20250808T,155599.0,155599.0,155599.0,155599.0,0
20250811T,163649.0,163649.0,163649.0,163649.0,0
20250812T,164401.0,164401.0,164401.0,164401.0,0
20250813T,167561.0,167561.0,167561.0,167561.0,0
20250814T,177456.0,177456.0,177456.0,177456.0,0
20250818T,189885.0,189885.0,189885.0,189885.0,0
20250819T,191756.0,191756.0,191756.0,191756.0,0
20250820T,202553.0,202553.0,202553.0,202553.0,0
20250821T,203693.0,203693.0,203693.0,203693.0,0
20250822T,215697.0,215697.0,215697.0,215697.0,0
20250825T,234599.0,234599.0,234599.0,234599.0,0
20250826T,250342.0,250342.0,250342.0,250342.0,0
20250828T,155211.0,155211.0,155211.0,155211.0,0
20250829T,160600.0,160600.0,160600.0,160600.0,0
20250901T,161173.0,161173.0,161173.0,161173.0,0
20250902T,167675.0,167675.0,167675.0,167675.0,0
20250903T,173693.0,173693.0,173693.0,173693.0,0
20250904T,184779.0,184779.0,184779.0,184779.0,0
20250905T,189359.0,189359.0,189359.0,189359.0,0
20250908T,191904.0,191904.0,191904.0,191904.0,0
20250909T,193836.0,193836.0,193836.0,193836.0,0
20250910T,196633.0,196633.0,196633.0,196633.0,0
20250911T,196682.0,196682.0,196682.0,196682.0,0
20250912T,197858.0,197858.0,197858.0,197858.0,0
20250915T,197094.0,197094.0,197094.0,197094.0,0
20250916T,196521.0,196521.0,196521.0,196521.0,0
20250917T,205860.0,205860.0,205860.0,205860.0,0
20250918T,209067.0,209067.0,209067.0,209067.0,0
20250919T,199300.0,199300.0,199300.0,199300.0,0
20250922T,211740.0,211740.0,211740.0,211740.0,0
20250923T,218333.0,218333.0,218333.0,218333.0,0
20250924T,221448.0,221448.0,221448.0,221448.0,0
20250925T,227078.0,227078.0,227078.0,227078.0,0
20250926T,238014.0,238014.0,238014.0,238014.0,0
20250929T,246780.0,246780.0,246780.0,246780.0,0
20250930T,175255.0,175255.0,175255.0,175255.0,0
20251001T,178832.0,178832.0,178832.0,178832.0,0
20251003T,190191.0,190191.0,190191.0,190191.0,0
20251006T,202859.0,202859.0,202859.0,202859.0,0
20251007T,196212.0,196212.0,196212.0,196212.0,0
20251008T,200818.0,200818.0,200818.0,200818.0,0
20251009T,206242.0,206242.0,206242.0,206242.0,0
20251010T,209493.0,209493.0,209493.0,209493.0,0
20251013T,214517.0,214517.0,214517.0,214517.0,0
20251014T,217671.0,217671.0,217671.0,217671.0,0
20251015T,223780.0,223780.0,223780.0,223780.0,0
20251016T,227511.0,227511.0,227511.0,227511.0,0
20251017T,232236.0,232236.0,232236.0,232236.0,0
20251020T,234363.0,234363.0,234363.0,234363.0,0
20251023T,232030.0,232030.0,232030.0,232030.0,0
20251024T,233055.0,233055.0,233055.0,233055.0,0
20251027T,243251.0,243251.0,243251.0,243251.0,0
20251028T,157814.0,157814.0,157814.0,157814.0,0
20251029T,163339.0,163339.0,163339.0,163339.0,0
20251030T,162910.0,162910.0,162910.0,162910.0,0
20251031T,169528.0,169528.0,169528.0,169528.0,0
20251103T,173485.0,173485.0,173485.0,173485.0,0
20251104T,179821.0,179821.0,179821.0,179821.0,0
20251106T,188929.0,188929.0,188929.0,188929.0,0
20251107T,195863.0,195863.0,195863.0,195863.0,0
20251110T,202121.0,202121.0,202121.0,202121.0,0
20251111T,201688.0,201688.0,201688.0,201688.0,0
20251112T,203264.0,203264.0,203264.0,203264.0,0
20251113T,207957.0,207957.0,207957.0,207957.0,0
20251114T,208766.0,208766.0,208766.0,208766.0,0
20251117T,210192.0,210192.0,210192.0,210192.0,0
20251118T,211833.0,211833.0,211833.0,211833.0,0
20251119T,215830.0,215830.0,215830.0,215830.0,0
20251120T,221459.0,221459.0,221459.0,221459.0,0
20251121T,232387.0,232387.0,232387.0,232387.0,0
20251124T,243905.0,243905.0,243905.0,243905.0,0
20251125T,155734.0,155734.0,155734.0,155734.0,0
20251126T,160728.0,160728.0,160728.0,160728.0,0
20251127T,169469.0,169469.0,169469.0,169469.0,0
20251128T,170853.0,170853.0,170853.0,170853.0,0
20251201T,178772.0,178772.0,178772.0,178772.0,0
20251202T,178154.0,178154.0,178154.0,178154.0,0
20251203T,184628.0,184628.0,184628.0,184628.0,0
20251204T,177798.0,177798.0,177798.0,177798.0,0
20251205T,183021.0,183021.0,183021.0,183021.0,0
20251208T,197069.0,197069.0,197069.0,197069.0,0
20251209T,200066.0,200066.0,200066.0,200066.0,0
20251210T,197272.0,197272.0,197272.0,197272.0,0
20251211T,201654.0,201654.0,201654.0,201654.0,0
20251212T,206960.0,206960.0,206960.0,206960.0,0
20251215T,216404.0,216404.0,216404.0,216404.0,0
20251216T,220461.0,220461.0,220461.0,220461.0,0
20251217T,222592.0,222592.0,222592.0,222592.0,0
20251218T,229052.0,229052.0,229052.0,229052.0,0
20251219T,232552.0,232552.0,232552.0,232552.0,0
20251222T,235861.0,235861.0,235861.0,235861.0,0
20251223T,234647.0,234647.0,234647.0,234647.0,0
20251224T,240507.0,240507.0,240507.0,240507.0,0
20251226T,243129.0,243129.0,243129.0,243129.0,0
20251229T,250700.0,250700.0,250700.0,250700.0,0
20251230T,142138.0,142138.0,142138.0,142138.0,0
20251231T,145107.0,145107.0,145107.0,145107.0,0
20260101T,151614.0,151614.0,151614.0,151614.0,0
20260102T,175024.0,175024.0,175024.0,175024.0,0
20260105T,181988.0,181988.0,181988.0,181988.0,0
20260106T,192316.0,192316.0,192316.0,192316.0,0
20260107T,192065.0,192065.0,192065.0,192065.0,0
20260108T,207507.0,207507.0,207507.0,207507.0,0
20260109T,207808.0,207808.0,207808.0,207808.0,0
20260112T,216040.0,216040.0,216040.0,216040.0,0
20260113T,230448.0,230448.0,230448.0,230448.0,0
20260114T,239850.0,239850.0,239850.0,239850.0,0
20260116T,251907.0,251907.0,251907.0,251907.0,0
20260119T,258231.0,258231.0,258231.0,258231.0,0
20260120T,261075.0,261075.0,261075.0,261075.0,0
20260121T,270724.0,270724.0,270724.0,270724.0,0
20260122T,272705.0,272705.0,272705.0,272705.0,0
20260123T,270067.0,270067.0,270067.0,270067.0,0
20260127T,163899.0,163899.0,163899.0,163899.0,0
20260128T,186927.0,186927.0,186927.0,186927.0,0
20260129T,208184.0,208184.0,208184.0,208184.0,0
20260130T,214474.0,214474.0,214474.0,214474.0,0
20260201T,226019.0,226019.0,226019.0,226019.0,0
20260202T,233797.0,233797.0,233797.0,233797.0,0
