20120106T,79494.0,79494.0,79494.0,79494.0,0
20120109T,79494.0,79494.0,79494.0,79494.0,0
20120110T,80724.0,80724.0,80724.0,80724.0,0
20120111T,79960.0,79960.0,79960.0,79960.0,0
20120112T,79960.0,79960.0,79960.0,79960.0,0
20120113T,79960.0,79960.0,79960.0,79960.0,0
20120116T,81210.0,81210.0,81210.0,81210.0,0
20120117T,81170.0,81170.0,81170.0,81170.0,0
20120118T,79920.0,79920.0,79920.0,79920.0,0
20120119T,79947.0,79947.0,79947.0,79947.0,0
20120120T,79992.0,79992.0,79992.0,79992.0,0
20120123T,80221.0,80221.0,80221.0,80221.0,0
20120124T,80231.0,80231.0,80231.0,80231.0,0
20120125T,61895.0,61895.0,61895.0,61895.0,0
20120127T,61895.0,61895.0,61895.0,61895.0,0
20120130T,61895.0,61895.0,61895.0,61895.0,0
20120131T,61895.0,61895.0,61895.0,61895.0,0
20120201T,61895.0,61895.0,61895.0,61895.0,0
20120202T,61895.0,61895.0,61895.0,61895.0,0
20120203T,64480.0,64480.0,64480.0,64480.0,0
20120206T,66330.0,66330.0,66330.0,66330.0,0
20120207T,68330.0,68330.0,68330.0,68330.0,0
20120208T,68330.0,68330.0,68330.0,68330.0,0
20120209T,69030.0,69030.0,69030.0,69030.0,0
20120210T,69730.0,69730.0,69730.0,69730.0,0
20120213T,69130.0,69130.0,69130.0,69130.0,0
20120214T,69130.0,69130.0,69130.0,69130.0,0
20120215T,69030.0,69030.0,69030.0,69030.0,0
20120216T,69030.0,69030.0,69030.0,69030.0,0
20120217T,69030.0,69030.0,69030.0,69030.0,0
20120221T,69030.0,69030.0,69030.0,69030.0,0
20120222T,69030.0,69030.0,69030.0,69030.0,0
20120223T,69030.0,69030.0,69030.0,69030.0,0
20120224T,69030.0,69030.0,69030.0,69030.0,0
20120227T,69030.0,69030.0,69030.0,69030.0,0
20120228T,69030.0,69030.0,69030.0,69030.0,0
20120229T,69072.0,69072.0,69072.0,69072.0,0
20120301T,69072.0,69072.0,69072.0,69072.0,0
20120302T,69072.0,69072.0,69072.0,69072.0,0
20120305T,74349.0,74349.0,74349.0,74349.0,0
20120306T,76349.0,76349.0,76349.0,76349.0,0
20120307T,77905.0,77905.0,77905.0,77905.0,0
20120309T,77912.0,77912.0,77912.0,77912.0,0
20120312T,77928.0,77928.0,77928.0,77928.0,0
20120313T,80548.0,80548.0,80548.0,80548.0,0
20120314T,83292.0,83292.0,83292.0,83292.0,0
20120315T,83271.0,83271.0,83271.0,83271.0,0
20120316T,83264.0,83264.0,83264.0,83264.0,0
20120319T,83264.0,83264.0,83264.0,83264.0,0
20120320T,83264.0,83264.0,83264.0,83264.0,0
20120321T,90574.0,90574.0,90574.0,90574.0,0
20120322T,93683.0,93683.0,93683.0,93683.0,0
20120323T,93683.0,93683.0,93683.0,93683.0,0
20120326T,96298.0,96298.0,96298.0,96298.0,0
20120327T,96246.0,96246.0,96246.0,96246.0,0
20120328T,96246.0,96246.0,96246.0,96246.0,0
20120329T,96246.0,96246.0,96246.0,96246.0,0
20120330T,96246.0,96246.0,96246.0,96246.0,0
20120402T,96246.0,96246.0,96246.0,96246.0,0
20120403T,96246.0,96246.0,96246.0,96246.0,0
20120404T,98246.0,98246.0,98246.0,98246.0,0
20120409T,100246.0,100246.0,100246.0,100246.0,0
20120410T,104246.0,104246.0,104246.0,104246.0,0
20120411T,106246.0,106246.0,106246.0,106246.0,0
20120412T,108115.0,108115.0,108115.0,108115.0,0
20120413T,108865.0,108865.0,108865.0,108865.0,0
20120416T,111265.0,111265.0,111265.0,111265.0,0
20120417T,111201.0,111201.0,111201.0,111201.0,0
20120418T,111201.0,111201.0,111201.0,111201.0,0
20120419T,111201.0,111201.0,111201.0,111201.0,0
20120420T,111201.0,111201.0,111201.0,111201.0,0
20120423T,111201.0,111201.0,111201.0,111201.0,0
20120424T,111201.0,111201.0,111201.0,111201.0,0
20120425T,111201.0,111201.0,111201.0,111201.0,0
20120426T,100834.0,100834.0,100834.0,100834.0,0
20120427T,100834.0,100834.0,100834.0,100834.0,0
20120430T,100834.0,100834.0,100834.0,100834.0,0
20120502T,100834.0,100834.0,100834.0,100834.0,0
20120503T,102834.0,102834.0,102834.0,102834.0,0
20120504T,102834.0,102834.0,102834.0,102834.0,0
20120507T,103834.0,103834.0,103834.0,103834.0,0
20120508T,118352.0,118352.0,118352.0,118352.0,0
20120509T,122556.0,122556.0,122556.0,122556.0,0
20120510T,123356.0,123356.0,123356.0,123356.0,0
20120511T,123756.0,123756.0,123756.0,123756.0,0
20120514T,123756.0,123756.0,123756.0,123756.0,0
20120515T,131612.0,131612.0,131612.0,131612.0,0
20120516T,131597.0,131597.0,131597.0,131597.0,0
20120517T,131582.0,131582.0,131582.0,131582.0,0
20120518T,131610.0,131610.0,131610.0,131610.0,0
20120521T,131582.0,131582.0,131582.0,131582.0,0
20120522T,131582.0,131582.0,131582.0,131582.0,0
20120523T,131582.0,131582.0,131582.0,131582.0,0
20120524T,133801.0,133801.0,133801.0,133801.0,0
20120525T,134596.0,134596.0,134596.0,134596.0,0
20120528T,134596.0,134596.0,134596.0,134596.0,0
20120529T,134626.0,134626.0,134626.0,134626.0,0
20120530T,134626.0,134626.0,134626.0,134626.0,0
20120531T,121060.0,121060.0,121060.0,121060.0,0
20120601T,121060.0,121060.0,121060.0,121060.0,0
20120604T,131060.0,131060.0,131060.0,131060.0,0
20120605T,132500.0,132500.0,132500.0,132500.0,0
20120606T,132508.0,132508.0,132508.0,132508.0,0
20120607T,128508.0,128508.0,128508.0,128508.0,0
20120608T,128508.0,128508.0,128508.0,128508.0,0
20120611T,122508.0,122508.0,122508.0,122508.0,0
20120612T,122668.0,122668.0,122668.0,122668.0,0
20120613T,122668.0,122668.0,122668.0,122668.0,0
20120614T,122619.0,122619.0,122619.0,122619.0,0
20120615T,133319.0,133319.0,133319.0,133319.0,0
20120618T,139619.0,139619.0,139619.0,139619.0,0
20120619T,139779.0,139779.0,139779.0,139779.0,0
20120620T,139823.0,139823.0,139823.0,139823.0,0
20120621T,141568.0,141568.0,141568.0,141568.0,0
20120622T,141266.0,141266.0,141266.0,141266.0,0
20120625T,137666.0,137666.0,137666.0,137666.0,0
20120626T,137666.0,137666.0,137666.0,137666.0,0
20120627T,137666.0,137666.0,137666.0,137666.0,0
20120628T,118770.0,118770.0,118770.0,118770.0,0
20120629T,118884.0,118884.0,118884.0,118884.0,0
20120702T,118844.0,118844.0,118844.0,118844.0,0
20120703T,118924.0,118924.0,118924.0,118924.0,0
20120704T,118844.0,118844.0,118844.0,118844.0,0
20120705T,121654.0,121654.0,121654.0,121654.0,0
20120706T,123610.0,123610.0,123610.0,123610.0,0
20120709T,123610.0,123610.0,123610.0,123610.0,0
20120710T,124463.0,124463.0,124463.0,124463.0,0
20120711T,124463.0,124463.0,124463.0,124463.0,0
20120712T,124335.0,124335.0,124335.0,124335.0,0
20120713T,125785.0,125785.0,125785.0,125785.0,0
20120716T,126085.0,126085.0,126085.0,126085.0,0
20120717T,128682.0,128682.0,128682.0,128682.0,0
20120718T,128682.0,128682.0,128682.0,128682.0,0
20120719T,129692.0,129692.0,129692.0,129692.0,0
20120720T,129352.0,129352.0,129352.0,129352.0,0
20120723T,129352.0,129352.0,129352.0,129352.0,0
20120724T,129352.0,129352.0,129352.0,129352.0,0
20120725T,129352.0,129352.0,129352.0,129352.0,0
20120726T,129301.0,129301.0,129301.0,129301.0,0
20120727T,134624.0,134624.0,134624.0,134624.0,0
20120730T,134824.0,134824.0,134824.0,134824.0,0
20120731T,134624.0,134624.0,134624.0,134624.0,0
20120801T,134624.0,134624.0,134624.0,134624.0,0
20120802T,134624.0,134624.0,134624.0,134624.0,0
20120803T,134624.0,134624.0,134624.0,134624.0,0
20120806T,134662.0,134662.0,134662.0,134662.0,0
20120807T,136282.0,136282.0,136282.0,136282.0,0
20120808T,137282.0,137282.0,137282.0,137282.0,0
20120809T,137982.0,137982.0,137982.0,137982.0,0
20120810T,137978.0,137978.0,137978.0,137978.0,0
20120813T,137978.0,137978.0,137978.0,137978.0,0
20120814T,142978.0,142978.0,142978.0,142978.0,0
20120816T,142978.0,142978.0,142978.0,142978.0,0
20120817T,142978.0,142978.0,142978.0,142978.0,0
20120821T,142978.0,142978.0,142978.0,142978.0,0
20120822T,142978.0,142978.0,142978.0,142978.0,0
20120823T,142978.0,142978.0,142978.0,142978.0,0
20120824T,138080.0,138080.0,138080.0,138080.0,0
20120827T,137920.0,137920.0,137920.0,137920.0,0
20120828T,137937.0,137937.0,137937.0,137937.0,0
20120829T,137937.0,137937.0,137937.0,137937.0,0
20120830T,132937.0,132937.0,132937.0,132937.0,0
20120831T,133037.0,133037.0,133037.0,133037.0,0
20120903T,133037.0,133037.0,133037.0,133037.0,0
20120904T,133917.0,133917.0,133917.0,133917.0,0
20120905T,133917.0,133917.0,133917.0,133917.0,0
20120906T,133924.0,133924.0,133924.0,133924.0,0
20120907T,133924.0,133924.0,133924.0,133924.0,0
20120910T,134824.0,134824.0,134824.0,134824.0,0
20120911T,134824.0,134824.0,134824.0,134824.0,0
20120912T,138634.0,138634.0,138634.0,138634.0,0
20120913T,140635.0,140635.0,140635.0,140635.0,0
20120914T,141145.0,141145.0,141145.0,141145.0,0
20120917T,140945.0,140945.0,140945.0,140945.0,0
20120918T,140945.0,140945.0,140945.0,140945.0,0
20120920T,141955.0,141955.0,141955.0,141955.0,0
20120921T,143955.0,143955.0,143955.0,143955.0,0
20120924T,143955.0,143955.0,143955.0,143955.0,0
20120925T,143953.0,143953.0,143953.0,143953.0,0
20120926T,145906.0,145906.0,145906.0,145906.0,0
20120927T,141106.0,141106.0,141106.0,141106.0,0
20120928T,144346.0,144346.0,144346.0,144346.0,0
20121001T,144346.0,144346.0,144346.0,144346.0,0
20121003T,144346.0,144346.0,144346.0,144346.0,0
20121004T,144346.0,144346.0,144346.0,144346.0,0
20121005T,144306.0,144306.0,144306.0,144306.0,0
20121008T,144306.0,144306.0,144306.0,144306.0,0
20121009T,144106.0,144106.0,144106.0,144106.0,0
20121010T,144106.0,144106.0,144106.0,144106.0,0
20121011T,143306.0,143306.0,143306.0,143306.0,0
20121012T,143056.0,143056.0,143056.0,143056.0,0
20121015T,143056.0,143056.0,143056.0,143056.0,0
20121016T,143056.0,143056.0,143056.0,143056.0,0
20121017T,143056.0,143056.0,143056.0,143056.0,0
20121018T,143469.0,143469.0,143469.0,143469.0,0
20121019T,143469.0,143469.0,143469.0,143469.0,0
20121022T,143469.0,143469.0,143469.0,143469.0,0
20121023T,143469.0,143469.0,143469.0,143469.0,0
20121025T,143469.0,143469.0,143469.0,143469.0,0
20121026T,143469.0,143469.0,143469.0,143469.0,0
20121029T,145469.0,145469.0,145469.0,145469.0,0
20121030T,148469.0,148469.0,148469.0,148469.0,0
20121031T,148469.0,148469.0,148469.0,148469.0,0
20121101T,148469.0,148469.0,148469.0,148469.0,0
20121102T,149973.0,149973.0,149973.0,149973.0,0
20121105T,150523.0,150523.0,150523.0,150523.0,0
20121106T,150528.0,150528.0,150528.0,150528.0,0
20121107T,149928.0,149928.0,149928.0,149928.0,0
20121108T,149928.0,149928.0,149928.0,149928.0,0
20121109T,149928.0,149928.0,149928.0,149928.0,0
20121112T,150728.0,150728.0,150728.0,150728.0,0
20121113T,150723.0,150723.0,150723.0,150723.0,0
20121115T,150723.0,150723.0,150723.0,150723.0,0
20121116T,150723.0,150723.0,150723.0,150723.0,0
20121119T,151223.0,151223.0,151223.0,151223.0,0
20121120T,152875.0,152875.0,152875.0,152875.0,0
20121121T,152881.0,152881.0,152881.0,152881.0,0
20121122T,152881.0,152881.0,152881.0,152881.0,0
20121123T,152881.0,152881.0,152881.0,152881.0,0
20121126T,152881.0,152881.0,152881.0,152881.0,0
20121127T,152120.0,152120.0,152120.0,152120.0,0
20121129T,151510.0,151510.0,151510.0,151510.0,0
20121130T,151510.0,151510.0,151510.0,151510.0,0
20121203T,151510.0,151510.0,151510.0,151510.0,0
20121204T,151510.0,151510.0,151510.0,151510.0,0
20121205T,151532.0,151532.0,151532.0,151532.0,0
20121206T,151542.0,151542.0,151542.0,151542.0,0
20121207T,151549.0,151549.0,151549.0,151549.0,0
20121210T,151546.0,151546.0,151546.0,151546.0,0
20121211T,151606.0,151606.0,151606.0,151606.0,0
20121212T,151606.0,151606.0,151606.0,151606.0,0
20121213T,151575.0,151575.0,151575.0,151575.0,0
20121214T,151575.0,151575.0,151575.0,151575.0,0
20121217T,151546.0,151546.0,151546.0,151546.0,0
20121218T,151519.0,151519.0,151519.0,151519.0,0
20121219T,151578.0,151578.0,151578.0,151578.0,0
20121220T,151578.0,151578.0,151578.0,151578.0,0
20121221T,152545.0,152545.0,152545.0,152545.0,0
20121224T,152545.0,152545.0,152545.0,152545.0,0
20121226T,152572.0,152572.0,152572.0,152572.0,0
20121227T,152247.0,152247.0,152247.0,152247.0,0
20121228T,152277.0,152277.0,152277.0,152277.0,0
20121231T,152277.0,152277.0,152277.0,152277.0,0
20130101T,152277.0,152277.0,152277.0,152277.0,0
20130102T,152162.0,152162.0,152162.0,152162.0,0
20130103T,151852.0,151852.0,151852.0,151852.0,0
20130104T,151852.0,151852.0,151852.0,151852.0,0
20130107T,151852.0,151852.0,151852.0,151852.0,0
20130108T,151852.0,151852.0,151852.0,151852.0,0
20130109T,151977.0,151977.0,151977.0,151977.0,0
20130110T,151977.0,151977.0,151977.0,151977.0,0
20130111T,151887.0,151887.0,151887.0,151887.0,0
20130114T,151830.0,151830.0,151830.0,151830.0,0
20130115T,151826.0,151826.0,151826.0,151826.0,0
20130116T,151837.0,151837.0,151837.0,151837.0,0
20130117T,151853.0,151853.0,151853.0,151853.0,0
20130118T,151868.0,151868.0,151868.0,151868.0,0
20130121T,151856.0,151856.0,151856.0,151856.0,0
20130122T,151861.0,151861.0,151861.0,151861.0,0
20130123T,154998.0,154998.0,154998.0,154998.0,0
20130124T,154982.0,154982.0,154982.0,154982.0,0
20130125T,155074.0,155074.0,155074.0,155074.0,0
20130128T,155074.0,155074.0,155074.0,155074.0,0
20130129T,155132.0,155132.0,155132.0,155132.0,0
20130130T,155032.0,155032.0,155032.0,155032.0,0
20130131T,154983.0,154983.0,154983.0,154983.0,0
20130201T,154990.0,154990.0,154990.0,154990.0,0
20130204T,154990.0,154990.0,154990.0,154990.0,0
20130205T,154990.0,154990.0,154990.0,154990.0,0
20130206T,154990.0,154990.0,154990.0,154990.0,0
20130207T,155177.0,155177.0,155177.0,155177.0,0
20130208T,155177.0,155177.0,155177.0,155177.0,0
20130211T,155177.0,155177.0,155177.0,155177.0,0
20130212T,155852.0,155852.0,155852.0,155852.0,0
20130213T,157732.0,157732.0,157732.0,157732.0,0
20130214T,157732.0,157732.0,157732.0,157732.0,0
20130215T,157729.0,157729.0,157729.0,157729.0,0
20130218T,177729.0,177729.0,177729.0,177729.0,0
20130219T,177723.0,177723.0,177723.0,177723.0,0
20130220T,177723.0,177723.0,177723.0,177723.0,0
20130221T,179306.0,179306.0,179306.0,179306.0,0
20130222T,179638.0,179638.0,179638.0,179638.0,0
20130225T,159638.0,159638.0,159638.0,159638.0,0
20130226T,159638.0,159638.0,159638.0,159638.0,0
20130227T,159811.0,159811.0,159811.0,159811.0,0
20130228T,159760.0,159760.0,159760.0,159760.0,0
20130301T,159767.0,159767.0,159767.0,159767.0,0
20130304T,159729.0,159729.0,159729.0,159729.0,0
20130305T,159723.0,159723.0,159723.0,159723.0,0
20130306T,162273.0,162273.0,162273.0,162273.0,0
20130307T,162273.0,162273.0,162273.0,162273.0,0
20130308T,162273.0,162273.0,162273.0,162273.0,0
20130311T,162273.0,162273.0,162273.0,162273.0,0
20130312T,162274.0,162274.0,162274.0,162274.0,0
20130313T,162274.0,162274.0,162274.0,162274.0,0
20130314T,162274.0,162274.0,162274.0,162274.0,0
20130315T,162274.0,162274.0,162274.0,162274.0,0
20130318T,162274.0,162274.0,162274.0,162274.0,0
20130319T,162274.0,162274.0,162274.0,162274.0,0
20130320T,162274.0,162274.0,162274.0,162274.0,0
20130321T,162415.0,162415.0,162415.0,162415.0,0
20130322T,162654.0,162654.0,162654.0,162654.0,0
20130325T,162774.0,162774.0,162774.0,162774.0,0
20130326T,163318.0,163318.0,163318.0,163318.0,0
20130328T,163318.0,163318.0,163318.0,163318.0,0
20130401T,163318.0,163318.0,163318.0,163318.0,0
20130402T,163318.0,163318.0,163318.0,163318.0,0
20130403T,163982.0,163982.0,163982.0,163982.0,0
20130404T,164247.0,164247.0,164247.0,164247.0,0
20130405T,164247.0,164247.0,164247.0,164247.0,0
20130408T,164248.0,164248.0,164248.0,164248.0,0
20130409T,164183.0,164183.0,164183.0,164183.0,0
20130410T,164183.0,164183.0,164183.0,164183.0,0
20130411T,164183.0,164183.0,164183.0,164183.0,0
20130412T,164183.0,164183.0,164183.0,164183.0,0
20130415T,164183.0,164183.0,164183.0,164183.0,0
20130416T,164183.0,164183.0,164183.0,164183.0,0
20130417T,164183.0,164183.0,164183.0,164183.0,0
20130418T,164181.0,164181.0,164181.0,164181.0,0
20130422T,164181.0,164181.0,164181.0,164181.0,0
20130423T,165105.0,165105.0,165105.0,165105.0,0
20130425T,164905.0,164905.0,164905.0,164905.0,0
20130426T,166099.0,166099.0,166099.0,166099.0,0
20130429T,166099.0,166099.0,166099.0,166099.0,0
20130430T,166006.0,166006.0,166006.0,166006.0,0
20130502T,166006.0,166006.0,166006.0,166006.0,0
20130503T,166006.0,166006.0,166006.0,166006.0,0
20130506T,166006.0,166006.0,166006.0,166006.0,0
20130507T,166006.0,166006.0,166006.0,166006.0,0
20130508T,166606.0,166606.0,166606.0,166606.0,0
20130509T,166606.0,166606.0,166606.0,166606.0,0
20130510T,168802.0,168802.0,168802.0,168802.0,0
20130513T,168802.0,168802.0,168802.0,168802.0,0
20130514T,169052.0,169052.0,169052.0,169052.0,0
20130515T,169052.0,169052.0,169052.0,169052.0,0
20130516T,169172.0,169172.0,169172.0,169172.0,0
20130517T,169142.0,169142.0,169142.0,169142.0,0
20130520T,169142.0,169142.0,169142.0,169142.0,0
20130521T,169356.0,169356.0,169356.0,169356.0,0
20130522T,169476.0,169476.0,169476.0,169476.0,0
20130523T,169476.0,169476.0,169476.0,169476.0,0
20130524T,169477.0,169477.0,169477.0,169477.0,0
20130527T,169477.0,169477.0,169477.0,169477.0,0
20130528T,170844.0,170844.0,170844.0,170844.0,0
20130529T,171482.0,171482.0,171482.0,171482.0,0
20130530T,171485.0,171485.0,171485.0,171485.0,0
20130531T,171525.0,171525.0,171525.0,171525.0,0
20130603T,171485.0,171485.0,171485.0,171485.0,0
20130604T,171485.0,171485.0,171485.0,171485.0,0
20130605T,174670.0,174670.0,174670.0,174670.0,0
20130606T,174670.0,174670.0,174670.0,174670.0,0
20130607T,176962.0,176962.0,176962.0,176962.0,0
20130610T,176902.0,176902.0,176902.0,176902.0,0
20130611T,176902.0,176902.0,176902.0,176902.0,0
20130612T,176902.0,176902.0,176902.0,176902.0,0
20130613T,176902.0,176902.0,176902.0,176902.0,0
20130614T,176902.0,176902.0,176902.0,176902.0,0
20130617T,176822.0,176822.0,176822.0,176822.0,0
20130618T,176742.0,176742.0,176742.0,176742.0,0
20130619T,176686.0,176686.0,176686.0,176686.0,0
20130620T,176686.0,176686.0,176686.0,176686.0,0
20130621T,176686.0,176686.0,176686.0,176686.0,0
20130624T,176540.0,176540.0,176540.0,176540.0,0
20130625T,176418.0,176418.0,176418.0,176418.0,0
20130626T,176296.0,176296.0,176296.0,176296.0,0
20130627T,173078.0,173078.0,173078.0,173078.0,0
20130628T,174122.0,174122.0,174122.0,174122.0,0
20130701T,174122.0,174122.0,174122.0,174122.0,0
20130702T,174122.0,174122.0,174122.0,174122.0,0
20130703T,174122.0,174122.0,174122.0,174122.0,0
20130704T,176259.0,176259.0,176259.0,176259.0,0
20130705T,177706.0,177706.0,177706.0,177706.0,0
20130708T,178609.0,178609.0,178609.0,178609.0,0
20130709T,179925.0,179925.0,179925.0,179925.0,0
20130710T,179933.0,179933.0,179933.0,179933.0,0
20130711T,180193.0,180193.0,180193.0,180193.0,0
20130712T,180169.0,180169.0,180169.0,180169.0,0
20130715T,179527.0,179527.0,179527.0,179527.0,0
20130716T,179647.0,179647.0,179647.0,179647.0,0
20130717T,179647.0,179647.0,179647.0,179647.0,0
20130718T,180478.0,180478.0,180478.0,180478.0,0
20130719T,181493.0,181493.0,181493.0,181493.0,0
20130722T,181521.0,181521.0,181521.0,181521.0,0
20130723T,184872.0,184872.0,184872.0,184872.0,0
20130724T,183765.0,183765.0,183765.0,183765.0,0
20130725T,191872.0,191872.0,191872.0,191872.0,0
20130726T,188872.0,188872.0,188872.0,188872.0,0
20130729T,189985.0,189985.0,189985.0,189985.0,0
20130730T,189985.0,189985.0,189985.0,189985.0,0
20130731T,189985.0,189985.0,189985.0,189985.0,0
20130801T,191473.0,191473.0,191473.0,191473.0,0
20130802T,190634.0,190634.0,190634.0,190634.0,0
20130805T,190634.0,190634.0,190634.0,190634.0,0
20130806T,192176.0,192176.0,192176.0,192176.0,0
20130807T,192926.0,192926.0,192926.0,192926.0,0
20130808T,192984.0,192984.0,192984.0,192984.0,0
20130812T,192976.0,192976.0,192976.0,192976.0,0
20130813T,192944.0,192944.0,192944.0,192944.0,0
20130814T,192957.0,192957.0,192957.0,192957.0,0
20130816T,194085.0,194085.0,194085.0,194085.0,0
20130819T,194098.0,194098.0,194098.0,194098.0,0
20130820T,194114.0,194114.0,194114.0,194114.0,0
20130821T,194114.0,194114.0,194114.0,194114.0,0
20130822T,0.0,0.0,0.0,0.0,0
20130823T,195315.0,195315.0,195315.0,195315.0,0
20130826T,195349.0,195349.0,195349.0,195349.0,0
20130827T,195352.0,195352.0,195352.0,195352.0,0
20130828T,195352.0,195352.0,195352.0,195352.0,0
20130829T,193539.0,193539.0,193539.0,193539.0,0
20130830T,193569.0,193569.0,193569.0,193569.0,0
20130902T,193609.0,193609.0,193609.0,193609.0,0
20130903T,193649.0,193649.0,193649.0,193649.0,0
20130904T,193609.0,193609.0,193609.0,193609.0,0
20130905T,194109.0,194109.0,194109.0,194109.0,0
20130906T,194672.0,194672.0,194672.0,194672.0,0
20130910T,195173.0,195173.0,195173.0,195173.0,0
20130911T,195173.0,195173.0,195173.0,195173.0,0
20130912T,195273.0,195273.0,195273.0,195273.0,0
20130913T,195273.0,195273.0,195273.0,195273.0,0
20130916T,196223.0,196223.0,196223.0,196223.0,0
20130917T,196223.0,196223.0,196223.0,196223.0,0
20130918T,196223.0,196223.0,196223.0,196223.0,0
20130919T,196223.0,196223.0,196223.0,196223.0,0
20130920T,196123.0,196123.0,196123.0,196123.0,0
20130923T,196173.0,196173.0,196173.0,196173.0,0
20130924T,196173.0,196173.0,196173.0,196173.0,0
20130925T,196173.0,196173.0,196173.0,196173.0,0
20130926T,195813.0,195813.0,195813.0,195813.0,0
20130927T,195898.0,195898.0,195898.0,195898.0,0
20130930T,196023.0,196023.0,196023.0,196023.0,0
20131001T,196023.0,196023.0,196023.0,196023.0,0
20131003T,197537.0,197537.0,197537.0,197537.0,0
20131004T,197538.0,197538.0,197538.0,197538.0,0
20131007T,198638.0,198638.0,198638.0,198638.0,0
20131008T,199131.0,199131.0,199131.0,199131.0,0
20131010T,199454.0,199454.0,199454.0,199454.0,0
20131011T,199454.0,199454.0,199454.0,199454.0,0
20131014T,199454.0,199454.0,199454.0,199454.0,0
20131015T,199454.0,199454.0,199454.0,199454.0,0
20131017T,200961.0,200961.0,200961.0,200961.0,0
20131018T,200961.0,200961.0,200961.0,200961.0,0
20131021T,200946.0,200946.0,200946.0,200946.0,0
20131022T,200946.0,200946.0,200946.0,200946.0,0
20131023T,201046.0,201046.0,201046.0,201046.0,0
20131024T,201826.0,201826.0,201826.0,201826.0,0
20131025T,201826.0,201826.0,201826.0,201826.0,0
20131028T,201826.0,201826.0,201826.0,201826.0,0
20131029T,201821.0,201821.0,201821.0,201821.0,0
20131030T,201821.0,201821.0,201821.0,201821.0,0
20131031T,202371.0,202371.0,202371.0,202371.0,0
20131101T,202371.0,202371.0,202371.0,202371.0,0
20131105T,202390.0,202390.0,202390.0,202390.0,0
20131106T,203491.0,203491.0,203491.0,203491.0,0
20131107T,204220.0,204220.0,204220.0,204220.0,0
20131108T,203740.0,203740.0,203740.0,203740.0,0
20131111T,203740.0,203740.0,203740.0,203740.0,0
20131112T,203760.0,203760.0,203760.0,203760.0,0
20131113T,203999.0,203999.0,203999.0,203999.0,0
20131114T,204009.0,204009.0,204009.0,204009.0,0
20131118T,204094.0,204094.0,204094.0,204094.0,0
20131119T,205094.0,205094.0,205094.0,205094.0,0
20131120T,204994.0,204994.0,204994.0,204994.0,0
20131121T,208094.0,208094.0,208094.0,208094.0,0
20131122T,208105.0,208105.0,208105.0,208105.0,0
20131125T,208055.0,208055.0,208055.0,208055.0,0
20131126T,208005.0,208005.0,208005.0,208005.0,0
20131127T,208005.0,208005.0,208005.0,208005.0,0
20131128T,208365.0,208365.0,208365.0,208365.0,0
20131129T,208688.0,208688.0,208688.0,208688.0,0
20131202T,223794.0,223794.0,223794.0,223794.0,0
20131203T,223803.0,223803.0,223803.0,223803.0,0
20131204T,223942.0,223942.0,223942.0,223942.0,0
20131205T,223632.0,223632.0,223632.0,223632.0,0
20131206T,223334.0,223334.0,223334.0,223334.0,0
20131209T,215338.0,215338.0,215338.0,215338.0,0
20131210T,208567.0,208567.0,208567.0,208567.0,0
20131211T,208567.0,208567.0,208567.0,208567.0,0
20131212T,210896.0,210896.0,210896.0,210896.0,0
20131213T,211118.0,211118.0,211118.0,211118.0,0
20131216T,209890.0,209890.0,209890.0,209890.0,0
20131217T,208662.0,208662.0,208662.0,208662.0,0
20131218T,207494.0,207494.0,207494.0,207494.0,0
20131219T,207266.0,207266.0,207266.0,207266.0,0
20131220T,205985.0,205985.0,205985.0,205985.0,0
20131223T,204108.0,204108.0,204108.0,204108.0,0
20131224T,202880.0,202880.0,202880.0,202880.0,0
20131226T,195398.0,195398.0,195398.0,195398.0,0
20131227T,195848.0,195848.0,195848.0,195848.0,0
20131230T,195848.0,195848.0,195848.0,195848.0,0
20131231T,195848.0,195848.0,195848.0,195848.0,0
20140101T,195848.0,195848.0,195848.0,195848.0,0
20140102T,195848.0,195848.0,195848.0,195848.0,0
20140103T,195848.0,195848.0,195848.0,195848.0,0
20140106T,196848.0,196848.0,196848.0,196848.0,0
20140107T,196848.0,196848.0,196848.0,196848.0,0
20140108T,196848.0,196848.0,196848.0,196848.0,0
20140109T,196848.0,196848.0,196848.0,196848.0,0
20140110T,196848.0,196848.0,196848.0,196848.0,0
20140113T,197288.0,197288.0,197288.0,197288.0,0
20140114T,196848.0,196848.0,196848.0,196848.0,0
20140115T,196848.0,196848.0,196848.0,196848.0,0
20140116T,197848.0,197848.0,197848.0,197848.0,0
20140117T,197848.0,197848.0,197848.0,197848.0,0
20140120T,197848.0,197848.0,197848.0,197848.0,0
20140121T,198048.0,198048.0,198048.0,198048.0,0
20140122T,198048.0,198048.0,198048.0,198048.0,0
20140123T,198048.0,198048.0,198048.0,198048.0,0
20140124T,198048.0,198048.0,198048.0,198048.0,0
20140127T,199552.0,199552.0,199552.0,199552.0,0
20140128T,199538.0,199538.0,199538.0,199538.0,0
20140129T,199538.0,199538.0,199538.0,199538.0,0
20140130T,199338.0,199338.0,199338.0,199338.0,0
20140131T,202238.0,202238.0,202238.0,202238.0,0
20140203T,203178.0,203178.0,203178.0,203178.0,0
20140204T,203378.0,203378.0,203378.0,203378.0,0
20140205T,203378.0,203378.0,203378.0,203378.0,0
20140206T,203378.0,203378.0,203378.0,203378.0,0
20140207T,204718.0,204718.0,204718.0,204718.0,0
20140210T,203018.0,203018.0,203018.0,203018.0,0
20140211T,203018.0,203018.0,203018.0,203018.0,0
20140212T,203018.0,203018.0,203018.0,203018.0,0
20140213T,203018.0,203018.0,203018.0,203018.0,0
20140214T,203018.0,203018.0,203018.0,203018.0,0
20140217T,204018.0,204018.0,204018.0,204018.0,0
20140218T,203918.0,203918.0,203918.0,203918.0,0
20140219T,203918.0,203918.0,203918.0,203918.0,0
20140220T,203918.0,203918.0,203918.0,203918.0,0
20140221T,203874.0,203874.0,203874.0,203874.0,0
20140225T,203839.0,203839.0,203839.0,203839.0,0
20140226T,202490.0,202490.0,202490.0,202490.0,0
20140228T,202490.0,202490.0,202490.0,202490.0,0
20140303T,202490.0,202490.0,202490.0,202490.0,0
20140304T,202082.0,202082.0,202082.0,202082.0,0
20140305T,202076.0,202076.0,202076.0,202076.0,0
20140306T,202137.0,202137.0,202137.0,202137.0,0
20140307T,202067.0,202067.0,202067.0,202067.0,0
20140310T,201826.0,201826.0,201826.0,201826.0,0
20140311T,201826.0,201826.0,201826.0,201826.0,0
20140312T,201826.0,201826.0,201826.0,201826.0,0
20140313T,203526.0,203526.0,203526.0,203526.0,0
20140314T,203849.0,203849.0,203849.0,203849.0,0
20140318T,203849.0,203849.0,203849.0,203849.0,0
20140319T,203849.0,203849.0,203849.0,203849.0,0
20140320T,203849.0,203849.0,203849.0,203849.0,0
20140321T,203849.0,203849.0,203849.0,203849.0,0
20140324T,203849.0,203849.0,203849.0,203849.0,0
20140325T,203849.0,203849.0,203849.0,203849.0,0
20140326T,203849.0,203849.0,203849.0,203849.0,0
20140327T,202374.0,202374.0,202374.0,202374.0,0
20140328T,201804.0,201804.0,201804.0,201804.0,0
20140331T,201804.0,201804.0,201804.0,201804.0,0
20140401T,201804.0,201804.0,201804.0,201804.0,0
20140402T,202537.0,202537.0,202537.0,202537.0,0
20140403T,203269.0,203269.0,203269.0,203269.0,0
20140404T,203527.0,203527.0,203527.0,203527.0,0
20140407T,203629.0,203629.0,203629.0,203629.0,0
20140409T,203629.0,203629.0,203629.0,203629.0,0
20140410T,202707.0,202707.0,202707.0,202707.0,0
20140411T,202973.0,202973.0,202973.0,202973.0,0
20140415T,202973.0,202973.0,202973.0,202973.0,0
20140416T,205006.0,205006.0,205006.0,205006.0,0
20140417T,203617.0,203617.0,203617.0,203617.0,0
20140421T,202167.0,202167.0,202167.0,202167.0,0
20140422T,201017.0,201017.0,201017.0,201017.0,0
20140423T,200917.0,200917.0,200917.0,200917.0,0
20140425T,201067.0,201067.0,201067.0,201067.0,0
20140428T,201067.0,201067.0,201067.0,201067.0,0
20140429T,201646.0,201646.0,201646.0,201646.0,0
20140430T,201630.0,201630.0,201630.0,201630.0,0
20140502T,201630.0,201630.0,201630.0,201630.0,0
20140505T,201687.0,201687.0,201687.0,201687.0,0
20140506T,199944.0,199944.0,199944.0,199944.0,0
20140507T,200085.0,200085.0,200085.0,200085.0,0
20140508T,202751.0,202751.0,202751.0,202751.0,0
20140509T,207505.0,207505.0,207505.0,207505.0,0
20140512T,206674.0,206674.0,206674.0,206674.0,0
20140513T,206121.0,206121.0,206121.0,206121.0,0
20140514T,211581.0,211581.0,211581.0,211581.0,0
20140515T,215344.0,215344.0,215344.0,215344.0,0
20140516T,202317.0,202317.0,202317.0,202317.0,0
20140519T,204792.0,204792.0,204792.0,204792.0,0
20140520T,204729.0,204729.0,204729.0,204729.0,0
20140521T,204729.0,204729.0,204729.0,204729.0,0
20140522T,205653.0,205653.0,205653.0,205653.0,0
20140523T,205353.0,205353.0,205353.0,205353.0,0
20140526T,201543.0,201543.0,201543.0,201543.0,0
20140527T,202516.0,202516.0,202516.0,202516.0,0
20140528T,202516.0,202516.0,202516.0,202516.0,0
20140529T,201257.0,201257.0,201257.0,201257.0,0
20140530T,201277.0,201277.0,201277.0,201277.0,0
20140602T,201289.0,201289.0,201289.0,201289.0,0
20140603T,201427.0,201427.0,201427.0,201427.0,0
20140604T,201430.0,201430.0,201430.0,201430.0,0
20140605T,201430.0,201430.0,201430.0,201430.0,0
20140606T,202202.0,202202.0,202202.0,202202.0,0
20140609T,202199.0,202199.0,202199.0,202199.0,0
20140610T,202194.0,202194.0,202194.0,202194.0,0
20140611T,202194.0,202194.0,202194.0,202194.0,0
20140612T,202194.0,202194.0,202194.0,202194.0,0
20140613T,202260.0,202260.0,202260.0,202260.0,0
20140616T,202264.0,202264.0,202264.0,202264.0,0
20140617T,205764.0,205764.0,205764.0,205764.0,0
20140618T,209464.0,209464.0,209464.0,209464.0,0
20140619T,209450.0,209450.0,209450.0,209450.0,0
20140620T,208520.0,208520.0,208520.0,208520.0,0
20140623T,204056.0,204056.0,204056.0,204056.0,0
20140624T,203346.0,203346.0,203346.0,203346.0,0
20140625T,200581.0,200581.0,200581.0,200581.0,0
20140626T,193157.0,193157.0,193157.0,193157.0,0
20140627T,197938.0,197938.0,197938.0,197938.0,0
20140630T,197935.0,197935.0,197935.0,197935.0,0
20140701T,197935.0,197935.0,197935.0,197935.0,0
20140702T,200506.0,200506.0,200506.0,200506.0,0
20140703T,203789.0,203789.0,203789.0,203789.0,0
20140704T,204189.0,204189.0,204189.0,204189.0,0
20140707T,204506.0,204506.0,204506.0,204506.0,0
20140708T,205796.0,205796.0,205796.0,205796.0,0
20140709T,205801.0,205801.0,205801.0,205801.0,0
20140710T,205801.0,205801.0,205801.0,205801.0,0
20140711T,205585.0,205585.0,205585.0,205585.0,0
20140714T,208059.0,208059.0,208059.0,208059.0,0
20140715T,208035.0,208035.0,208035.0,208035.0,0
20140716T,208035.0,208035.0,208035.0,208035.0,0
20140718T,208035.0,208035.0,208035.0,208035.0,0
20140721T,208024.0,208024.0,208024.0,208024.0,0
20140722T,208024.0,208024.0,208024.0,208024.0,0
20140723T,210024.0,210024.0,210024.0,210024.0,0
20140724T,210024.0,210024.0,210024.0,210024.0,0
20140725T,210029.0,210029.0,210029.0,210029.0,0
20140728T,210029.0,210029.0,210029.0,210029.0,0
20140730T,210029.0,210029.0,210029.0,210029.0,0
20140731T,209282.0,209282.0,209282.0,209282.0,0
20140801T,209483.0,209483.0,209483.0,209483.0,0
20140804T,212681.0,212681.0,212681.0,212681.0,0
20140805T,212671.0,212671.0,212671.0,212671.0,0
20140806T,212663.0,212663.0,212663.0,212663.0,0
20140807T,212663.0,212663.0,212663.0,212663.0,0
20140808T,212687.0,212687.0,212687.0,212687.0,0
20140811T,212687.0,212687.0,212687.0,212687.0,0
20140812T,212687.0,212687.0,212687.0,212687.0,0
20140813T,212687.0,212687.0,212687.0,212687.0,0
20140814T,212664.0,212664.0,212664.0,212664.0,0
20140818T,213201.0,213201.0,213201.0,213201.0,0
20140819T,213199.0,213199.0,213199.0,213199.0,0
20140820T,213248.0,213248.0,213248.0,213248.0,0
20140821T,213026.0,213026.0,213026.0,213026.0,0
20140822T,216241.0,216241.0,216241.0,216241.0,0
20140825T,216221.0,216221.0,216221.0,216221.0,0
20140826T,216221.0,216221.0,216221.0,216221.0,0
20140827T,219379.0,219379.0,219379.0,219379.0,0
20140828T,220331.0,220331.0,220331.0,220331.0,0
20140901T,223640.0,223640.0,223640.0,223640.0,0
20140902T,227941.0,227941.0,227941.0,227941.0,0
20140903T,228850.0,228850.0,228850.0,228850.0,0
20140904T,228824.0,228824.0,228824.0,228824.0,0
20140905T,229824.0,229824.0,229824.0,229824.0,0
20140908T,230274.0,230274.0,230274.0,230274.0,0
20140909T,229727.0,229727.0,229727.0,229727.0,0
20140910T,228923.0,228923.0,228923.0,228923.0,0
20140911T,228622.0,228622.0,228622.0,228622.0,0
20140912T,228140.0,228140.0,228140.0,228140.0,0
20140915T,230640.0,230640.0,230640.0,230640.0,0
20140916T,233150.0,233150.0,233150.0,233150.0,0
20140917T,235000.0,235000.0,235000.0,235000.0,0
20140918T,235141.0,235141.0,235141.0,235141.0,0
20140919T,235047.0,235047.0,235047.0,235047.0,0
20140922T,232832.0,232832.0,232832.0,232832.0,0
20140923T,232902.0,232902.0,232902.0,232902.0,0
20140924T,232867.0,232867.0,232867.0,232867.0,0
20140925T,233286.0,233286.0,233286.0,233286.0,0
20140926T,233506.0,233506.0,233506.0,233506.0,0
20140929T,233506.0,233506.0,233506.0,233506.0,0
20140930T,233146.0,233146.0,233146.0,233146.0,0
20141001T,235572.0,235572.0,235572.0,235572.0,0
20141007T,237515.0,237515.0,237515.0,237515.0,0
20141008T,237612.0,237612.0,237612.0,237612.0,0
20141009T,237612.0,237612.0,237612.0,237612.0,0
20141010T,237612.0,237612.0,237612.0,237612.0,0
20141013T,237612.0,237612.0,237612.0,237612.0,0
20141014T,237612.0,237612.0,237612.0,237612.0,0
20141016T,237686.0,237686.0,237686.0,237686.0,0
20141017T,237951.0,237951.0,237951.0,237951.0,0
20141020T,237454.0,237454.0,237454.0,237454.0,0
20141021T,237454.0,237454.0,237454.0,237454.0,0
20141022T,238295.0,238295.0,238295.0,238295.0,0
20141023T,238295.0,238295.0,238295.0,238295.0,0
20141027T,238249.0,238249.0,238249.0,238249.0,0
20141028T,238249.0,238249.0,238249.0,238249.0,0
20141029T,240274.0,240274.0,240274.0,240274.0,0
20141030T,239944.0,239944.0,239944.0,239944.0,0
20141031T,304071.0,304071.0,304071.0,304071.0,0
20141103T,304231.0,304231.0,304231.0,304231.0,0
20141105T,304237.0,304237.0,304237.0,304237.0,0
20141107T,304205.0,304205.0,304205.0,304205.0,0
20141110T,304279.0,304279.0,304279.0,304279.0,0
20141111T,304283.0,304283.0,304283.0,304283.0,0
20141112T,304236.0,304236.0,304236.0,304236.0,0
20141113T,304274.0,304274.0,304274.0,304274.0,0
20141114T,304250.0,304250.0,304250.0,304250.0,0
20141117T,304529.0,304529.0,304529.0,304529.0,0
20141118T,302503.0,302503.0,302503.0,302503.0,0
20141119T,300371.0,300371.0,300371.0,300371.0,0
20141120T,298371.0,298371.0,298371.0,298371.0,0
20141121T,296315.0,296315.0,296315.0,296315.0,0
20141124T,296327.0,296327.0,296327.0,296327.0,0
20141125T,296389.0,296389.0,296389.0,296389.0,0
20141126T,297035.0,297035.0,297035.0,297035.0,0
20141127T,296999.0,296999.0,296999.0,296999.0,0
20141128T,298456.0,298456.0,298456.0,298456.0,0
20141201T,298756.0,298756.0,298756.0,298756.0,0
20141202T,299714.0,299714.0,299714.0,299714.0,0
20141203T,298470.0,298470.0,298470.0,298470.0,0
20141204T,296415.0,296415.0,296415.0,296415.0,0
20141205T,294615.0,294615.0,294615.0,294615.0,0
20141208T,297232.0,297232.0,297232.0,297232.0,0
20141209T,297365.0,297365.0,297365.0,297365.0,0
20141210T,297441.0,297441.0,297441.0,297441.0,0
20141211T,294881.0,294881.0,294881.0,294881.0,0
20141212T,294829.0,294829.0,294829.0,294829.0,0
20141215T,294869.0,294869.0,294869.0,294869.0,0
20141216T,293648.0,293648.0,293648.0,293648.0,0
20141217T,294596.0,294596.0,294596.0,294596.0,0
20141218T,292981.0,292981.0,292981.0,292981.0,0
20141219T,296371.0,296371.0,296371.0,296371.0,0
20141222T,292861.0,292861.0,292861.0,292861.0,0
20141223T,285844.0,285844.0,285844.0,285844.0,0
20141224T,209912.0,209912.0,209912.0,209912.0,0
20141226T,208914.0,208914.0,208914.0,208914.0,0
20141229T,209990.0,209990.0,209990.0,209990.0,0
20141230T,209990.0,209990.0,209990.0,209990.0,0
20141231T,205478.0,205478.0,205478.0,205478.0,0
20150101T,205478.0,205478.0,205478.0,205478.0,0
20150102T,205478.0,205478.0,205478.0,205478.0,0
20150105T,205462.0,205462.0,205462.0,205462.0,0
20150106T,206926.0,206926.0,206926.0,206926.0,0
20150107T,209327.0,209327.0,209327.0,209327.0,0
20150108T,209799.0,209799.0,209799.0,209799.0,0
20150109T,209749.0,209749.0,209749.0,209749.0,0
20150112T,209749.0,209749.0,209749.0,209749.0,0
20150113T,210979.0,210979.0,210979.0,210979.0,0
20150114T,210979.0,210979.0,210979.0,210979.0,0
20150115T,210879.0,210879.0,210879.0,210879.0,0
20150116T,212879.0,212879.0,212879.0,212879.0,0
20150119T,215628.0,215628.0,215628.0,215628.0,0
20150120T,216610.0,216610.0,216610.0,216610.0,0
20150121T,218210.0,218210.0,218210.0,218210.0,0
20150122T,218410.0,218410.0,218410.0,218410.0,0
20150123T,217534.0,217534.0,217534.0,217534.0,0
20150127T,216954.0,216954.0,216954.0,216954.0,0
20150128T,219504.0,219504.0,219504.0,219504.0,0
20150129T,220304.0,220304.0,220304.0,220304.0,0
20150130T,222304.0,222304.0,222304.0,222304.0,0
20150202T,224402.0,224402.0,224402.0,224402.0,0
20150203T,229728.0,229728.0,229728.0,229728.0,0
20150204T,232248.0,232248.0,232248.0,232248.0,0
20150205T,232248.0,232248.0,232248.0,232248.0,0
20150206T,233290.0,233290.0,233290.0,233290.0,0
20150209T,236870.0,236870.0,236870.0,236870.0,0
20150210T,240120.0,240120.0,240120.0,240120.0,0
20150211T,240380.0,240380.0,240380.0,240380.0,0
20150212T,240500.0,240500.0,240500.0,240500.0,0
20150213T,242275.0,242275.0,242275.0,242275.0,0
20150216T,242915.0,242915.0,242915.0,242915.0,0
20150218T,243075.0,243075.0,243075.0,243075.0,0
20150219T,242989.0,242989.0,242989.0,242989.0,0
20150220T,244809.0,244809.0,244809.0,244809.0,0
20150223T,245749.0,245749.0,245749.0,245749.0,0
20150224T,245139.0,245139.0,245139.0,245139.0,0
20150225T,245719.0,245719.0,245719.0,245719.0,0
20150226T,239069.0,239069.0,239069.0,239069.0,0
20150227T,241254.0,241254.0,241254.0,241254.0,0
20150302T,241174.0,241174.0,241174.0,241174.0,0
20150303T,241184.0,241184.0,241184.0,241184.0,0
20150304T,240533.0,240533.0,240533.0,240533.0,0
20150305T,241328.0,241328.0,241328.0,241328.0,0
20150309T,241312.0,241312.0,241312.0,241312.0,0
20150310T,243512.0,243512.0,243512.0,243512.0,0
20150311T,244167.0,244167.0,244167.0,244167.0,0
20150312T,244167.0,244167.0,244167.0,244167.0,0
20150313T,246167.0,246167.0,246167.0,246167.0,0
20150316T,247411.0,247411.0,247411.0,247411.0,0
20150317T,247411.0,247411.0,247411.0,247411.0,0
20150318T,247471.0,247471.0,247471.0,247471.0,0
20150319T,247571.0,247571.0,247571.0,247571.0,0
20150320T,248028.0,248028.0,248028.0,248028.0,0
20150323T,250194.0,250194.0,250194.0,250194.0,0
20150324T,251232.0,251232.0,251232.0,251232.0,0
20150325T,251312.0,251312.0,251312.0,251312.0,0
20150326T,290019.0,290019.0,290019.0,290019.0,0
20150327T,293723.0,293723.0,293723.0,293723.0,0
20150330T,297237.0,297237.0,297237.0,297237.0,0
20150331T,297859.0,297859.0,297859.0,297859.0,0
20150401T,298059.0,298059.0,298059.0,298059.0,0
20150406T,297739.0,297739.0,297739.0,297739.0,0
20150407T,296895.0,296895.0,296895.0,296895.0,0
20150408T,298015.0,298015.0,298015.0,298015.0,0
20150409T,298015.0,298015.0,298015.0,298015.0,0
20150410T,298015.0,298015.0,298015.0,298015.0,0
20150413T,298273.0,298273.0,298273.0,298273.0,0
20150415T,298729.0,298729.0,298729.0,298729.0,0
20150416T,298829.0,298829.0,298829.0,298829.0,0
20150417T,300250.0,300250.0,300250.0,300250.0,0
20150420T,302641.0,302641.0,302641.0,302641.0,0
20150421T,301927.0,301927.0,301927.0,301927.0,0
20150422T,304265.0,304265.0,304265.0,304265.0,0
20150423T,303725.0,303725.0,303725.0,303725.0,0
20150424T,305365.0,305365.0,305365.0,305365.0,0
20150427T,304574.0,304574.0,304574.0,304574.0,0
20150428T,305222.0,305222.0,305222.0,305222.0,0
20150429T,305222.0,305222.0,305222.0,305222.0,0
20150430T,305703.0,305703.0,305703.0,305703.0,0
20150504T,305871.0,305871.0,305871.0,305871.0,0
20150505T,305431.0,305431.0,305431.0,305431.0,0
20150506T,305440.0,305440.0,305440.0,305440.0,0
20150507T,305445.0,305445.0,305445.0,305445.0,0
20150508T,306945.0,306945.0,306945.0,306945.0,0
20150511T,306134.0,306134.0,306134.0,306134.0,0
20150512T,306134.0,306134.0,306134.0,306134.0,0
20150513T,306274.0,306274.0,306274.0,306274.0,0
20150514T,306574.0,306574.0,306574.0,306574.0,0
20150515T,306574.0,306574.0,306574.0,306574.0,0
20150518T,306574.0,306574.0,306574.0,306574.0,0
20150519T,306434.0,306434.0,306434.0,306434.0,0
20150520T,307184.0,307184.0,307184.0,307184.0,0
20150521T,307684.0,307684.0,307684.0,307684.0,0
20150522T,307884.0,307884.0,307884.0,307884.0,0
20150525T,309004.0,309004.0,309004.0,309004.0,0
20150526T,310164.0,310164.0,310164.0,310164.0,0
20150527T,311204.0,311204.0,311204.0,311204.0,0
20150528T,312704.0,312704.0,312704.0,312704.0,0
20150529T,312832.0,312832.0,312832.0,312832.0,0
20150601T,314264.0,314264.0,314264.0,314264.0,0
20150602T,315544.0,315544.0,315544.0,315544.0,0
20150603T,316744.0,316744.0,316744.0,316744.0,0
20150604T,316836.0,316836.0,316836.0,316836.0,0
20150605T,316848.0,316848.0,316848.0,316848.0,0
20150608T,318348.0,318348.0,318348.0,318348.0,0
20150609T,318348.0,318348.0,318348.0,318348.0,0
20150610T,318348.0,318348.0,318348.0,318348.0,0
20150611T,318468.0,318468.0,318468.0,318468.0,0
20150612T,319918.0,319918.0,319918.0,319918.0,0
20150615T,320918.0,320918.0,320918.0,320918.0,0
20150616T,320918.0,320918.0,320918.0,320918.0,0
20150617T,322998.0,322998.0,322998.0,322998.0,0
20150618T,324398.0,324398.0,324398.0,324398.0,0
20150619T,325142.0,325142.0,325142.0,325142.0,0
20150622T,326392.0,326392.0,326392.0,326392.0,0
20150623T,325304.0,325304.0,325304.0,325304.0,0
20150624T,319801.0,319801.0,319801.0,319801.0,0
20150625T,245734.0,245734.0,245734.0,245734.0,0
20150626T,247656.0,247656.0,247656.0,247656.0,0
20150629T,245734.0,245734.0,245734.0,245734.0,0
20150630T,247372.0,247372.0,247372.0,247372.0,0
20150701T,247372.0,247372.0,247372.0,247372.0,0
20150702T,247372.0,247372.0,247372.0,247372.0,0
20150703T,248331.0,248331.0,248331.0,248331.0,0
20150706T,248331.0,248331.0,248331.0,248331.0,0
20150707T,248331.0,248331.0,248331.0,248331.0,0
20150708T,247498.0,247498.0,247498.0,247498.0,0
20150709T,248298.0,248298.0,248298.0,248298.0,0
20150710T,248298.0,248298.0,248298.0,248298.0,0
20150713T,248662.0,248662.0,248662.0,248662.0,0
20150714T,248662.0,248662.0,248662.0,248662.0,0
20150715T,248662.0,248662.0,248662.0,248662.0,0
20150716T,248662.0,248662.0,248662.0,248662.0,0
20150717T,249376.0,249376.0,249376.0,249376.0,0
20150720T,249376.0,249376.0,249376.0,249376.0,0
20150721T,249376.0,249376.0,249376.0,249376.0,0
20150722T,249376.0,249376.0,249376.0,249376.0,0
20150723T,249376.0,249376.0,249376.0,249376.0,0
20150724T,249376.0,249376.0,249376.0,249376.0,0
20150727T,249574.0,249574.0,249574.0,249574.0,0
20150728T,249574.0,249574.0,249574.0,249574.0,0
20150729T,249874.0,249874.0,249874.0,249874.0,0
20150730T,252834.0,252834.0,252834.0,252834.0,0
20150731T,252834.0,252834.0,252834.0,252834.0,0
20150803T,252834.0,252834.0,252834.0,252834.0,0
20150804T,252909.0,252909.0,252909.0,252909.0,0
20150805T,253764.0,253764.0,253764.0,253764.0,0
20150806T,253764.0,253764.0,253764.0,253764.0,0
20150807T,253544.0,253544.0,253544.0,253544.0,0
20150810T,253544.0,253544.0,253544.0,253544.0,0
20150811T,255509.0,255509.0,255509.0,255509.0,0
20150812T,255509.0,255509.0,255509.0,255509.0,0
20150813T,255689.0,255689.0,255689.0,255689.0,0
20150814T,255689.0,255689.0,255689.0,255689.0,0
20150817T,255689.0,255689.0,255689.0,255689.0,0
20150818T,255689.0,255689.0,255689.0,255689.0,0
20150819T,255689.0,255689.0,255689.0,255689.0,0
20150820T,255689.0,255689.0,255689.0,255689.0,0
20150821T,253724.0,253724.0,253724.0,253724.0,0
20150824T,255724.0,255724.0,255724.0,255724.0,0
20150825T,257089.0,257089.0,257089.0,257089.0,0
20150826T,258089.0,258089.0,258089.0,258089.0,0
20150827T,258089.0,258089.0,258089.0,258089.0,0
20150828T,258089.0,258089.0,258089.0,258089.0,0
20150831T,256085.0,256085.0,256085.0,256085.0,0
20150901T,257431.0,257431.0,257431.0,257431.0,0
20150902T,257481.0,257481.0,257481.0,257481.0,0
20150903T,257613.0,257613.0,257613.0,257613.0,0
20150904T,257613.0,257613.0,257613.0,257613.0,0
20150907T,257153.0,257153.0,257153.0,257153.0,0
20150908T,257153.0,257153.0,257153.0,257153.0,0
20150909T,257153.0,257153.0,257153.0,257153.0,0
20150910T,258653.0,258653.0,258653.0,258653.0,0
20150911T,260204.0,260204.0,260204.0,260204.0,0
20150914T,260254.0,260254.0,260254.0,260254.0,0
20150915T,260254.0,260254.0,260254.0,260254.0,0
20150916T,262004.0,262004.0,262004.0,262004.0,0
20150918T,260254.0,260254.0,260254.0,260254.0,0
20150921T,260262.0,260262.0,260262.0,260262.0,0
20150922T,260262.0,260262.0,260262.0,260262.0,0
20150923T,260262.0,260262.0,260262.0,260262.0,0
20150924T,171571.0,171571.0,171571.0,171571.0,0
20150928T,171571.0,171571.0,171571.0,171571.0,0
20150929T,171571.0,171571.0,171571.0,171571.0,0
20150930T,171571.0,171571.0,171571.0,171571.0,0
20151001T,171587.3333,171587.3333,171587.3333,171587.3333,0
20151005T,171571.0,171571.0,171571.0,171571.0,0
20151006T,171571.0,171571.0,171571.0,171571.0,0
20151007T,171594.0,171594.0,171594.0,171594.0,0
20151008T,171594.0,171594.0,171594.0,171594.0,0
20151009T,171594.0,171594.0,171594.0,171594.0,0
20151012T,171594.0,171594.0,171594.0,171594.0,0
20151013T,171594.0,171594.0,171594.0,171594.0,0
20151014T,171594.0,171594.0,171594.0,171594.0,0
20151015T,171594.0,171594.0,171594.0,171594.0,0
20151016T,171594.0,171594.0,171594.0,171594.0,0
20151019T,171594.0,171594.0,171594.0,171594.0,0
20151020T,171594.0,171594.0,171594.0,171594.0,0
20151021T,171594.0,171594.0,171594.0,171594.0,0
20151023T,171594.0,171594.0,171594.0,171594.0,0
20151026T,171594.0,171594.0,171594.0,171594.0,0
20151027T,171521.0,171521.0,171521.0,171521.0,0
20151028T,171520.0,171520.0,171520.0,171520.0,0
20151029T,173520.0,173520.0,173520.0,173520.0,0
20151030T,174825.0,174825.0,174825.0,174825.0,0
20151102T,175134.0,175134.0,175134.0,175134.0,0
20151103T,174829.3333,174829.3333,174829.3333,174829.3333,0
20151104T,174829.3333,174829.3333,174829.3333,174829.3333,0
20151105T,174829.0,174829.0,174829.0,174829.0,0
20151106T,195378.0,195378.0,195378.0,195378.0,0
20151109T,195378.0,195378.0,195378.0,195378.0,0
20151110T,196711.0,196711.0,196711.0,196711.0,0
20151111T,196711.0,196711.0,196711.0,196711.0,0
20151113T,196711.0,196711.0,196711.0,196711.0,0
20151116T,197286.0,197286.0,197286.0,197286.0,0
20151117T,198286.0,198286.0,198286.0,198286.0,0
20151118T,199286.0,199286.0,199286.0,199286.0,0
20151119T,199286.0,199286.0,199286.0,199286.0,0
20151120T,199286.0,199286.0,199286.0,199286.0,0
20151123T,200485.0,200485.0,200485.0,200485.0,0
20151124T,201573.0,201573.0,201573.0,201573.0,0
20151126T,179358.0,179358.0,179358.0,179358.0,0
20151127T,179135.0,179135.0,179135.0,179135.0,0
20151130T,179146.0,179146.0,179146.0,179146.0,0
20151201T,177840.0,177840.0,177840.0,177840.0,0
20151202T,178430.0,178430.0,178430.0,178430.0,0
20151203T,178630.0,178630.0,178630.0,178630.0,0
20151204T,182562.0,182562.0,182562.0,182562.0,0
20151207T,184295.0,184295.0,184295.0,184295.0,0
20151208T,183825.0,183825.0,183825.0,183825.0,0
20151209T,183845.0,183845.0,183845.0,183845.0,0
20151210T,183845.0,183845.0,183845.0,183845.0,0
20151211T,183845.0,183845.0,183845.0,183845.0,0
20151214T,183845.0,183845.0,183845.0,183845.0,0
20151215T,183865.0,183865.0,183865.0,183865.0,0
20151216T,184641.0,184641.0,184641.0,184641.0,0
20151217T,183162.0,183162.0,183162.0,183162.0,0
20151218T,183162.0,183162.0,183162.0,183162.0,0
20151221T,183162.0,183162.0,183162.0,183162.0,0
20151222T,183162.0,183162.0,183162.0,183162.0,0
20151223T,183162.0,183162.0,183162.0,183162.0,0
20151224T,183162.0,183162.0,183162.0,183162.0,0
20151228T,182912.0,182912.0,182912.0,182912.0,0
20151229T,181340.0,181340.0,181340.0,181340.0,0
20151230T,179899.0,179899.0,179899.0,179899.0,0
20151231T,162531.0,162531.0,162531.0,162531.0,0
20160101T,162531.0,162531.0,162531.0,162531.0,0
20160104T,162501.0,162501.0,162501.0,162501.0,0
20160105T,162492.0,162492.0,162492.0,162492.0,0
20160106T,162492.0,162492.0,162492.0,162492.0,0
20160107T,162492.0,162492.0,162492.0,162492.0,0
20160108T,162492.0,162492.0,162492.0,162492.0,0
20160111T,165744.0,165744.0,165744.0,165744.0,0
20160112T,165744.0,165744.0,165744.0,165744.0,0
20160113T,165744.0,165744.0,165744.0,165744.0,0
20160114T,165744.0,165744.0,165744.0,165744.0,0
20160115T,165744.0,165744.0,165744.0,165744.0,0
20160118T,165744.0,165744.0,165744.0,165744.0,0
20160119T,165744.0,165744.0,165744.0,165744.0,0
20160120T,166448.0,166448.0,166448.0,166448.0,0
20160121T,166448.0,166448.0,166448.0,166448.0,0
20160122T,166448.0,166448.0,166448.0,166448.0,0
20160125T,166472.0,166472.0,166472.0,166472.0,0
20160127T,166472.0,166472.0,166472.0,166472.0,0
20160128T,166472.0,166472.0,166472.0,166472.0,0
20160129T,166472.0,166472.0,166472.0,166472.0,0
20160201T,167472.0,167472.0,167472.0,167472.0,0
20160202T,167757.0,167757.0,167757.0,167757.0,0
20160203T,167757.0,167757.0,167757.0,167757.0,0
20160204T,167757.0,167757.0,167757.0,167757.0,0
20160205T,167757.0,167757.0,167757.0,167757.0,0
20160208T,167737.0,167737.0,167737.0,167737.0,0
20160209T,167737.0,167737.0,167737.0,167737.0,0
20160211T,169084.0,169084.0,169084.0,169084.0,0
20160212T,169084.0,169084.0,169084.0,169084.0,0
20160215T,169084.0,169084.0,169084.0,169084.0,0
20160216T,169084.0,169084.0,169084.0,169084.0,0
20160217T,169284.0,169284.0,169284.0,169284.0,0
20160218T,168509.0,168509.0,168509.0,168509.0,0
20160219T,168509.0,168509.0,168509.0,168509.0,0
20160222T,168642.0,168642.0,168642.0,168642.0,0
20160223T,168503.0,168503.0,168503.0,168503.0,0
20160224T,168493.0,168493.0,168493.0,168493.0,0
20160225T,167147.0,167147.0,167147.0,167147.0,0
20160226T,167411.0,167411.0,167411.0,167411.0,0
20160229T,167411.0,167411.0,167411.0,167411.0,0
20160301T,167411.0,167411.0,167411.0,167411.0,0
20160302T,167411.0,167411.0,167411.0,167411.0,0
20160303T,167138.0,167138.0,167138.0,167138.0,0
20160304T,167166.0,167166.0,167166.0,167166.0,0
20160308T,167188.0,167188.0,167188.0,167188.0,0
20160309T,167188.0,167188.0,167188.0,167188.0,0
20160310T,167188.0,167188.0,167188.0,167188.0,0
20160311T,167188.0,167188.0,167188.0,167188.0,0
20160314T,172188.0,172188.0,172188.0,172188.0,0
20160315T,172188.0,172188.0,172188.0,172188.0,0
20160316T,172188.0,172188.0,172188.0,172188.0,0
20160317T,172122.0,172122.0,172122.0,172122.0,0
20160318T,172122.0,172122.0,172122.0,172122.0,0
20160321T,172122.0,172122.0,172122.0,172122.0,0
20160322T,172122.0,172122.0,172122.0,172122.0,0
20160323T,172122.0,172122.0,172122.0,172122.0,0
20160328T,172122.0,172122.0,172122.0,172122.0,0
20160329T,172122.0,172122.0,172122.0,172122.0,0
20160330T,172122.0,172122.0,172122.0,172122.0,0
20160331T,164465.0,164465.0,164465.0,164465.0,0
20160401T,164465.0,164465.0,164465.0,164465.0,0
20160404T,169565.0,169565.0,169565.0,169565.0,0
20160405T,167662.0,167662.0,167662.0,167662.0,0
20160406T,167644.0,167644.0,167644.0,167644.0,0
20160407T,167628.0,167628.0,167628.0,167628.0,0
20160408T,167628.0,167628.0,167628.0,167628.0,0
20160411T,167628.0,167628.0,167628.0,167628.0,0
20160412T,167628.0,167628.0,167628.0,167628.0,0
20160413T,167628.0,167628.0,167628.0,167628.0,0
20160418T,167628.0,167628.0,167628.0,167628.0,0
20160420T,168238.0,168238.0,168238.0,168238.0,0
20160421T,168238.0,168238.0,168238.0,168238.0,0
20160422T,168238.0,168238.0,168238.0,168238.0,0
20160425T,168238.0,168238.0,168238.0,168238.0,0
20160426T,168238.0,168238.0,168238.0,168238.0,0
20160427T,168238.0,168238.0,168238.0,168238.0,0
20160428T,164069.0,164069.0,164069.0,164069.0,0
20160429T,164069.0,164069.0,164069.0,164069.0,0
20160502T,164069.0,164069.0,164069.0,164069.0,0
20160503T,164069.0,164069.0,164069.0,164069.0,0
20160504T,164069.0,164069.0,164069.0,164069.0,0
20160505T,164069.0,164069.0,164069.0,164069.0,0
20160506T,164069.0,164069.0,164069.0,164069.0,0
20160509T,164069.0,164069.0,164069.0,164069.0,0
20160510T,164069.0,164069.0,164069.0,164069.0,0
20160511T,164069.0,164069.0,164069.0,164069.0,0
20160512T,164069.0,164069.0,164069.0,164069.0,0
20160513T,164069.0,164069.0,164069.0,164069.0,0
20160516T,164069.0,164069.0,164069.0,164069.0,0
20160517T,164475.0,164475.0,164475.0,164475.0,0
20160518T,164475.0,164475.0,164475.0,164475.0,0
20160519T,164475.0,164475.0,164475.0,164475.0,0
20160520T,164475.0,164475.0,164475.0,164475.0,0
20160523T,165128.0,165128.0,165128.0,165128.0,0
20160524T,165128.0,165128.0,165128.0,165128.0,0
20160525T,165128.0,165128.0,165128.0,165128.0,0
20160526T,164722.0,164722.0,164722.0,164722.0,0
20160527T,165237.0,165237.0,165237.0,165237.0,0
20160530T,165237.0,165237.0,165237.0,165237.0,0
20160531T,165237.0,165237.0,165237.0,165237.0,0
20160601T,165237.0,165237.0,165237.0,165237.0,0
20160602T,165237.0,165237.0,165237.0,165237.0,0
20160603T,165203.0,165203.0,165203.0,165203.0,0
20160606T,165203.0,165203.0,165203.0,165203.0,0
20160607T,165203.0,165203.0,165203.0,165203.0,0
20160608T,165203.0,165203.0,165203.0,165203.0,0
20160609T,165203.0,165203.0,165203.0,165203.0,0
20160610T,165203.0,165203.0,165203.0,165203.0,0
20160613T,165203.0,165203.0,165203.0,165203.0,0
20160614T,165203.0,165203.0,165203.0,165203.0,0
20160615T,165203.0,165203.0,165203.0,165203.0,0
20160616T,165203.0,165203.0,165203.0,165203.0,0
20160617T,165203.0,165203.0,165203.0,165203.0,0
20160620T,165203.0,165203.0,165203.0,165203.0,0
20160621T,165203.0,165203.0,165203.0,165203.0,0
20160622T,165203.0,165203.0,165203.0,165203.0,0
20160623T,165203.0,165203.0,165203.0,165203.0,0
20160624T,165203.0,165203.0,165203.0,165203.0,0
20160627T,165203.0,165203.0,165203.0,165203.0,0
20160628T,165203.0,165203.0,165203.0,165203.0,0
20160629T,165203.0,165203.0,165203.0,165203.0,0
20160630T,148630.0,148630.0,148630.0,148630.0,0
20160701T,148630.0,148630.0,148630.0,148630.0,0
20160704T,148630.0,148630.0,148630.0,148630.0,0
20160705T,148630.0,148630.0,148630.0,148630.0,0
20160707T,148614.0,148614.0,148614.0,148614.0,0
20160708T,148614.0,148614.0,148614.0,148614.0,0
20160711T,148614.0,148614.0,148614.0,148614.0,0
20160712T,148614.0,148614.0,148614.0,148614.0,0
20160713T,150068.0,150068.0,150068.0,150068.0,0
20160714T,150068.0,150068.0,150068.0,150068.0,0
20160715T,150068.0,150068.0,150068.0,150068.0,0
20160718T,150068.0,150068.0,150068.0,150068.0,0
20160719T,150568.0,150568.0,150568.0,150568.0,0
20160720T,151843.0,151843.0,151843.0,151843.0,0
20160721T,151843.0,151843.0,151843.0,151843.0,0
20160722T,152343.0,152343.0,152343.0,152343.0,0
20160725T,152843.0,152843.0,152843.0,152843.0,0
20160726T,152843.0,152843.0,152843.0,152843.0,0
20160727T,152843.0,152843.0,152843.0,152843.0,0
20160728T,152843.0,152843.0,152843.0,152843.0,0
20160729T,152843.0,152843.0,152843.0,152843.0,0
20160801T,152843.0,152843.0,152843.0,152843.0,0
20160802T,153243.0,153243.0,153243.0,153243.0,0
20160803T,153239.0,153239.0,153239.0,153239.0,0
20160804T,153239.0,153239.0,153239.0,153239.0,0
20160805T,153213.0,153213.0,153213.0,153213.0,0
20160808T,153183.0,153183.0,153183.0,153183.0,0
20160809T,154183.0,154183.0,154183.0,154183.0,0
20160810T,155514.0,155514.0,155514.0,155514.0,0
20160811T,156014.0,156014.0,156014.0,156014.0,0
20160812T,156014.0,156014.0,156014.0,156014.0,0
20160816T,155101.0,155101.0,155101.0,155101.0,0
20160817T,155601.0,155601.0,155601.0,155601.0,0
20160818T,155601.0,155601.0,155601.0,155601.0,0
20160819T,155601.0,155601.0,155601.0,155601.0,0
20160822T,155601.0,155601.0,155601.0,155601.0,0
20160823T,155601.0,155601.0,155601.0,155601.0,0
20160824T,153245.0,153245.0,153245.0,153245.0,0
20160825T,153485.0,153485.0,153485.0,153485.0,0
20160826T,154505.0,154505.0,154505.0,154505.0,0
20160829T,154505.0,154505.0,154505.0,154505.0,0
20160830T,154495.0,154495.0,154495.0,154495.0,0
20160831T,154495.0,154495.0,154495.0,154495.0,0
20160901T,154495.0,154495.0,154495.0,154495.0,0
20160902T,154495.0,154495.0,154495.0,154495.0,0
20160906T,153646.0,153646.0,153646.0,153646.0,0
20160907T,153404.0,153404.0,153404.0,153404.0,0
20160908T,153404.0,153404.0,153404.0,153404.0,0
20160909T,154404.0,154404.0,154404.0,154404.0,0
20160912T,154404.0,154404.0,154404.0,154404.0,0
20160914T,154554.0,154554.0,154554.0,154554.0,0
20160915T,154504.0,154504.0,154504.0,154504.0,0
20160916T,154504.0,154504.0,154504.0,154504.0,0
20160919T,155004.0,155004.0,155004.0,155004.0,0
20160920T,155334.0,155334.0,155334.0,155334.0,0
20160921T,155504.0,155504.0,155504.0,155504.0,0
20160922T,155504.0,155504.0,155504.0,155504.0,0
20160923T,155504.0,155504.0,155504.0,155504.0,0
20160926T,155504.0,155504.0,155504.0,155504.0,0
20160927T,156004.0,156004.0,156004.0,156004.0,0
20160928T,156004.0,156004.0,156004.0,156004.0,0
20160929T,155000.0,155000.0,155000.0,155000.0,0
20160930T,155000.0,155000.0,155000.0,155000.0,0
20161003T,155000.0,155000.0,155000.0,155000.0,0
20161004T,155000.0,155000.0,155000.0,155000.0,0
20161005T,155000.0,155000.0,155000.0,155000.0,0
20161006T,155000.0,155000.0,155000.0,155000.0,0
20161007T,155000.0,155000.0,155000.0,155000.0,0
20161010T,155000.0,155000.0,155000.0,155000.0,0
20161013T,155000.0,155000.0,155000.0,155000.0,0
20161014T,155000.0,155000.0,155000.0,155000.0,0
20161017T,155000.0,155000.0,155000.0,155000.0,0
20161018T,155000.0,155000.0,155000.0,155000.0,0
20161019T,155000.0,155000.0,155000.0,155000.0,0
20161020T,155000.0,155000.0,155000.0,155000.0,0
20161021T,155000.0,155000.0,155000.0,155000.0,0
20161024T,155000.0,155000.0,155000.0,155000.0,0
20161025T,155000.0,155000.0,155000.0,155000.0,0
20161026T,155000.0,155000.0,155000.0,155000.0,0
20161027T,155000.0,155000.0,155000.0,155000.0,0
20161028T,155000.0,155000.0,155000.0,155000.0,0
20161101T,155000.0,155000.0,155000.0,155000.0,0
20161102T,155000.0,155000.0,155000.0,155000.0,0
20161103T,155000.0,155000.0,155000.0,155000.0,0
20161104T,155000.0,155000.0,155000.0,155000.0,0
20161107T,155000.0,155000.0,155000.0,155000.0,0
20161108T,155278.0,155278.0,155278.0,155278.0,0
20161109T,155278.0,155278.0,155278.0,155278.0,0
20161110T,155278.0,155278.0,155278.0,155278.0,0
20161111T,155181.0,155181.0,155181.0,155181.0,0
20161115T,155387.0,155387.0,155387.0,155387.0,0
20161116T,155387.0,155387.0,155387.0,155387.0,0
20161117T,155387.0,155387.0,155387.0,155387.0,0
20161118T,155361.0,155361.0,155361.0,155361.0,0
20161121T,156710.0,156710.0,156710.0,156710.0,0
20161122T,156694.0,156694.0,156694.0,156694.0,0
20161123T,156514.0,156514.0,156514.0,156514.0,0
20161124T,155490.0,155490.0,155490.0,155490.0,0
20161125T,155357.0,155357.0,155357.0,155357.0,0
20161128T,155090.0,155090.0,155090.0,155090.0,0
20161129T,155090.0,155090.0,155090.0,155090.0,0
20161130T,155590.0,155590.0,155590.0,155590.0,0
20161201T,155590.0,155590.0,155590.0,155590.0,0
20161202T,156040.0,156040.0,156040.0,156040.0,0
20161205T,156040.0,156040.0,156040.0,156040.0,0
20161206T,156773.0,156773.0,156773.0,156773.0,0
20161207T,156773.0,156773.0,156773.0,156773.0,0
20161208T,156933.0,156933.0,156933.0,156933.0,0
20161209T,156933.0,156933.0,156933.0,156933.0,0
20161212T,156933.0,156933.0,156933.0,156933.0,0
20161213T,156933.0,156933.0,156933.0,156933.0,0
20161214T,156933.0,156933.0,156933.0,156933.0,0
20161215T,156933.0,156933.0,156933.0,156933.0,0
20161216T,156933.0,156933.0,156933.0,156933.0,0
20161219T,156933.0,156933.0,156933.0,156933.0,0
20161220T,157093.0,157093.0,157093.0,157093.0,0
20161221T,157093.0,157093.0,157093.0,157093.0,0
20161222T,157093.0,157093.0,157093.0,157093.0,0
20161223T,157093.0,157093.0,157093.0,157093.0,0
20161226T,157093.0,157093.0,157093.0,157093.0,0
20161227T,157093.0,157093.0,157093.0,157093.0,0
20161228T,157093.0,157093.0,157093.0,157093.0,0
20161229T,141052.0,141052.0,141052.0,141052.0,0
20161230T,145438.0,145438.0,145438.0,145438.0,0
20170102T,145470.0,145470.0,145470.0,145470.0,0
20170103T,145470.0,145470.0,145470.0,145470.0,0
20170104T,145470.0,145470.0,145470.0,145470.0,0
20170105T,145470.0,145470.0,145470.0,145470.0,0
20170106T,145470.0,145470.0,145470.0,145470.0,0
20170109T,145470.0,145470.0,145470.0,145470.0,0
20170110T,145470.0,145470.0,145470.0,145470.0,0
20170111T,145470.0,145470.0,145470.0,145470.0,0
20170112T,145470.0,145470.0,145470.0,145470.0,0
20170113T,145470.0,145470.0,145470.0,145470.0,0
20170116T,145470.0,145470.0,145470.0,145470.0,0
20170117T,145470.0,145470.0,145470.0,145470.0,0
20170118T,145470.0,145470.0,145470.0,145470.0,0
20170119T,145470.0,145470.0,145470.0,145470.0,0
20170120T,143817.0,143817.0,143817.0,143817.0,0
20170123T,143817.0,143817.0,143817.0,143817.0,0
20170124T,143817.0,143817.0,143817.0,143817.0,0
20170125T,143817.0,143817.0,143817.0,143817.0,0
20170127T,143817.0,143817.0,143817.0,143817.0,0
20170130T,143817.0,143817.0,143817.0,143817.0,0
20170131T,143817.0,143817.0,143817.0,143817.0,0
20170201T,143817.0,143817.0,143817.0,143817.0,0
20170202T,143826.0,143826.0,143826.0,143826.0,0
20170203T,143826.0,143826.0,143826.0,143826.0,0
20170206T,143826.0,143826.0,143826.0,143826.0,0
20170207T,144276.0,144276.0,144276.0,144276.0,0
20170208T,144276.0,144276.0,144276.0,144276.0,0
20170209T,143826.0,143826.0,143826.0,143826.0,0
20170210T,143826.0,143826.0,143826.0,143826.0,0
20170213T,142493.0,142493.0,142493.0,142493.0,0
20170214T,142493.0,142493.0,142493.0,142493.0,0
20170215T,142493.0,142493.0,142493.0,142493.0,0
20170216T,142493.0,142493.0,142493.0,142493.0,0
20170217T,142493.0,142493.0,142493.0,142493.0,0
20170220T,142493.0,142493.0,142493.0,142493.0,0
20170221T,142493.0,142493.0,142493.0,142493.0,0
20170222T,141093.0,141093.0,141093.0,141093.0,0
20170223T,141093.0,141093.0,141093.0,141093.0,0
20170227T,141093.0,141093.0,141093.0,141093.0,0
20170228T,141084.0,141084.0,141084.0,141084.0,0
20170301T,141084.0,141084.0,141084.0,141084.0,0
20170302T,141084.0,141084.0,141084.0,141084.0,0
20170303T,141084.0,141084.0,141084.0,141084.0,0
20170306T,141284.0,141284.0,141284.0,141284.0,0
20170307T,141284.0,141284.0,141284.0,141284.0,0
20170308T,141284.0,141284.0,141284.0,141284.0,0
20170309T,152359.0,152359.0,152359.0,152359.0,0
20170310T,152385.0,152385.0,152385.0,152385.0,0
20170314T,146210.0,146210.0,146210.0,146210.0,0
20170315T,145100.0,145100.0,145100.0,145100.0,0
20170316T,145010.0,145010.0,145010.0,145010.0,0
20170317T,142610.0,142610.0,142610.0,142610.0,0
20170320T,142610.0,142610.0,142610.0,142610.0,0
20170321T,142610.0,142610.0,142610.0,142610.0,0
20170322T,142610.0,142610.0,142610.0,142610.0,0
20170323T,142610.0,142610.0,142610.0,142610.0,0
20170324T,142610.0,142610.0,142610.0,142610.0,0
20170327T,142610.0,142610.0,142610.0,142610.0,0
20170328T,142610.0,142610.0,142610.0,142610.0,0
20170329T,142610.0,142610.0,142610.0,142610.0,0
20170330T,142584.0,142584.0,142584.0,142584.0,0
20170331T,142584.0,142584.0,142584.0,142584.0,0
20170403T,142584.0,142584.0,142584.0,142584.0,0
20170405T,142584.0,142584.0,142584.0,142584.0,0
20170406T,142584.0,142584.0,142584.0,142584.0,0
20170407T,142584.0,142584.0,142584.0,142584.0,0
20170410T,142584.0,142584.0,142584.0,142584.0,0
20170411T,142584.0,142584.0,142584.0,142584.0,0
20170412T,142584.0,142584.0,142584.0,142584.0,0
20170413T,142584.0,142584.0,142584.0,142584.0,0
20170417T,142584.0,142584.0,142584.0,142584.0,0
20170418T,142584.0,142584.0,142584.0,142584.0,0
20170419T,142584.0,142584.0,142584.0,142584.0,0
20170420T,142584.0,142584.0,142584.0,142584.0,0
20170421T,142584.0,142584.0,142584.0,142584.0,0
20170424T,142648.0,142648.0,142648.0,142648.0,0
20170425T,142784.0,142784.0,142784.0,142784.0,0
20170426T,143192.0,143192.0,143192.0,143192.0,0
20170427T,142584.0,142584.0,142584.0,142584.0,0
20170428T,142584.0,142584.0,142584.0,142584.0,0
20170502T,142584.0,142584.0,142584.0,142584.0,0
20170503T,142584.0,142584.0,142584.0,142584.0,0
20170504T,142584.0,142584.0,142584.0,142584.0,0
20170505T,142584.0,142584.0,142584.0,142584.0,0
20170508T,142584.0,142584.0,142584.0,142584.0,0
20170509T,142584.0,142584.0,142584.0,142584.0,0
20170510T,142584.0,142584.0,142584.0,142584.0,0
20170511T,142584.0,142584.0,142584.0,142584.0,0
20170512T,142584.0,142584.0,142584.0,142584.0,0
20170515T,142584.0,142584.0,142584.0,142584.0,0
20170516T,142584.0,142584.0,142584.0,142584.0,0
20170517T,142584.0,142584.0,142584.0,142584.0,0
20170518T,142584.0,142584.0,142584.0,142584.0,0
20170519T,142584.0,142584.0,142584.0,142584.0,0
20170522T,142584.0,142584.0,142584.0,142584.0,0
20170523T,142584.0,142584.0,142584.0,142584.0,0
20170524T,142584.0,142584.0,142584.0,142584.0,0
20170525T,142584.0,142584.0,142584.0,142584.0,0
20170526T,142584.0,142584.0,142584.0,142584.0,0
20170529T,142834.0,142834.0,142834.0,142834.0,0
20170530T,142834.0,142834.0,142834.0,142834.0,0
20170531T,142834.0,142834.0,142834.0,142834.0,0
20170601T,142834.0,142834.0,142834.0,142834.0,0
20170602T,142834.0,142834.0,142834.0,142834.0,0
20170605T,142834.0,142834.0,142834.0,142834.0,0
20170606T,142834.0,142834.0,142834.0,142834.0,0
20170607T,142834.0,142834.0,142834.0,142834.0,0
20170608T,142834.0,142834.0,142834.0,142834.0,0
20170609T,142834.0,142834.0,142834.0,142834.0,0
20170612T,142834.0,142834.0,142834.0,142834.0,0
20170613T,142834.0,142834.0,142834.0,142834.0,0
20170614T,142834.0,142834.0,142834.0,142834.0,0
20170615T,141834.0,141834.0,141834.0,141834.0,0
20170616T,141834.0,141834.0,141834.0,141834.0,0
20170619T,140834.0,140834.0,140834.0,140834.0,0
20170620T,140834.0,140834.0,140834.0,140834.0,0
20170621T,140834.0,140834.0,140834.0,140834.0,0
20170622T,139834.0,139834.0,139834.0,139834.0,0
20170623T,137901.0,137901.0,137901.0,137901.0,0
20170627T,135006.0,135006.0,135006.0,135006.0,0
20170628T,131942.0,131942.0,131942.0,131942.0,0
20170629T,122258.0,122258.0,122258.0,122258.0,0
20170630T,122258.0,122258.0,122258.0,122258.0,0
20170703T,122258.0,122258.0,122258.0,122258.0,0
20170704T,122258.0,122258.0,122258.0,122258.0,0
20170705T,122258.0,122258.0,122258.0,122258.0,0
20170706T,122258.0,122258.0,122258.0,122258.0,0
20170707T,122258.0,122258.0,122258.0,122258.0,0
20170710T,122258.0,122258.0,122258.0,122258.0,0
20170711T,122258.0,122258.0,122258.0,122258.0,0
20170712T,122258.0,122258.0,122258.0,122258.0,0
20170713T,122258.0,122258.0,122258.0,122258.0,0
20170714T,122258.0,122258.0,122258.0,122258.0,0
20170717T,122258.0,122258.0,122258.0,122258.0,0
20170718T,122258.0,122258.0,122258.0,122258.0,0
20170719T,122258.0,122258.0,122258.0,122258.0,0
20170720T,122258.0,122258.0,122258.0,122258.0,0
20170721T,122258.0,122258.0,122258.0,122258.0,0
20170724T,122258.0,122258.0,122258.0,122258.0,0
20170725T,122258.0,122258.0,122258.0,122258.0,0
20170726T,122258.0,122258.0,122258.0,122258.0,0
20170727T,122258.0,122258.0,122258.0,122258.0,0
20170728T,122258.0,122258.0,122258.0,122258.0,0
20170731T,122267.0,122267.0,122267.0,122267.0,0
20170801T,122267.0,122267.0,122267.0,122267.0,0
20170802T,122267.0,122267.0,122267.0,122267.0,0
20170803T,122267.0,122267.0,122267.0,122267.0,0
20170804T,122267.0,122267.0,122267.0,122267.0,0
20170807T,122267.0,122267.0,122267.0,122267.0,0
20170808T,122267.0,122267.0,122267.0,122267.0,0
20170809T,122267.0,122267.0,122267.0,122267.0,0
20170810T,122267.0,122267.0,122267.0,122267.0,0
20170811T,122267.0,122267.0,122267.0,122267.0,0
20170814T,122267.0,122267.0,122267.0,122267.0,0
20170816T,122267.0,122267.0,122267.0,122267.0,0
20170817T,122267.0,122267.0,122267.0,122267.0,0
20170818T,122267.0,122267.0,122267.0,122267.0,0
20170821T,122267.0,122267.0,122267.0,122267.0,0
20170822T,122267.0,122267.0,122267.0,122267.0,0
20170823T,122267.0,122267.0,122267.0,122267.0,0
20170824T,122267.0,122267.0,122267.0,122267.0,0
20170828T,122267.0,122267.0,122267.0,122267.0,0
20170829T,122267.0,122267.0,122267.0,122267.0,0
20170830T,122267.0,122267.0,122267.0,122267.0,0
20170831T,122258.0,122258.0,122258.0,122258.0,0
20170901T,122258.0,122258.0,122258.0,122258.0,0
20170904T,122258.0,122258.0,122258.0,122258.0,0
20170905T,122258.0,122258.0,122258.0,122258.0,0
20170906T,122258.0,122258.0,122258.0,122258.0,0
20170907T,122258.0,122258.0,122258.0,122258.0,0
20170908T,122258.0,122258.0,122258.0,122258.0,0
20170911T,122258.0,122258.0,122258.0,122258.0,0
20170912T,124724.0,124724.0,124724.0,124724.0,0
20170913T,124754.0,124754.0,124754.0,124754.0,0
20170914T,124754.0,124754.0,124754.0,124754.0,0
20170915T,124754.0,124754.0,124754.0,124754.0,0
20170918T,124754.0,124754.0,124754.0,124754.0,0
20170919T,124754.0,124754.0,124754.0,124754.0,0
20170920T,124754.0,124754.0,124754.0,124754.0,0
20170921T,124754.0,124754.0,124754.0,124754.0,0
20170922T,124754.0,124754.0,124754.0,124754.0,0
20170925T,124754.0,124754.0,124754.0,124754.0,0
20170926T,124754.0,124754.0,124754.0,124754.0,0
20170927T,124754.0,124754.0,124754.0,124754.0,0
20170928T,124724.0,124724.0,124724.0,124724.0,0
20170929T,124724.0,124724.0,124724.0,124724.0,0
20171003T,124724.0,124724.0,124724.0,124724.0,0
20171004T,124391.0,124391.0,124391.0,124391.0,0
20171005T,124391.0,124391.0,124391.0,124391.0,0
20171006T,124391.0,124391.0,124391.0,124391.0,0
20171009T,123191.0,123191.0,123191.0,123191.0,0
20171010T,123191.0,123191.0,123191.0,123191.0,0
20171011T,123191.0,123191.0,123191.0,123191.0,0
20171012T,122058.0,122058.0,122058.0,122058.0,0
20171013T,120826.0,120826.0,120826.0,120826.0,0
20171016T,119727.0,119727.0,119727.0,119727.0,0
20171017T,119727.0,119727.0,119727.0,119727.0,0
20171018T,119727.0,119727.0,119727.0,119727.0,0
20171019T,119727.0,119727.0,119727.0,119727.0,0
20171023T,119727.0,119727.0,119727.0,119727.0,0
20171024T,119727.0,119727.0,119727.0,119727.0,0
20171025T,119727.0,119727.0,119727.0,119727.0,0
20171026T,119867.0,119867.0,119867.0,119867.0,0
20171027T,119867.0,119867.0,119867.0,119867.0,0
20171030T,119867.0,119867.0,119867.0,119867.0,0
20171031T,119747.0,119747.0,119747.0,119747.0,0
20171101T,119697.0,119697.0,119697.0,119697.0,0
20171102T,119577.0,119577.0,119577.0,119577.0,0
20171103T,119527.0,119527.0,119527.0,119527.0,0
20171106T,119527.0,119527.0,119527.0,119527.0,0
20171107T,118787.0,118787.0,118787.0,118787.0,0
20171108T,118787.0,118787.0,118787.0,118787.0,0
20171109T,118787.0,118787.0,118787.0,118787.0,0
20171110T,118787.0,118787.0,118787.0,118787.0,0
20171113T,118787.0,118787.0,118787.0,118787.0,0
20171114T,118787.0,118787.0,118787.0,118787.0,0
20171115T,118787.0,118787.0,118787.0,118787.0,0
20171116T,118787.0,118787.0,118787.0,118787.0,0
20171117T,118787.0,118787.0,118787.0,118787.0,0
20171120T,118787.0,118787.0,118787.0,118787.0,0
20171121T,118787.0,118787.0,118787.0,118787.0,0
20171122T,118787.0,118787.0,118787.0,118787.0,0
20171123T,118787.0,118787.0,118787.0,118787.0,0
20171124T,118786.6667,118786.6667,118786.6667,118786.6667,0
20171127T,118787.0,118787.0,118787.0,118787.0,0
20171128T,118787.0,118787.0,118787.0,118787.0,0
20171129T,118787.0,118787.0,118787.0,118787.0,0
20171130T,118787.0,118787.0,118787.0,118787.0,0
20171201T,118787.0,118787.0,118787.0,118787.0,0
20171204T,116368.0,116368.0,116368.0,116368.0,0
20171205T,116368.0,116368.0,116368.0,116368.0,0
20171206T,116368.0,116368.0,116368.0,116368.0,0
20171207T,112288.0,112288.0,112288.0,112288.0,0
20171208T,112288.0,112288.0,112288.0,112288.0,0
20171211T,112288.0,112288.0,112288.0,112288.0,0
20171212T,112288.0,112288.0,112288.0,112288.0,0
20171213T,112288.0,112288.0,112288.0,112288.0,0
20171214T,119664.0,119664.0,119664.0,119664.0,0
20171215T,116171.0,116171.0,116171.0,116171.0,0
20171218T,113545.0,113545.0,113545.0,113545.0,0
20171219T,112288.0,112288.0,112288.0,112288.0,0
20171220T,112288.0,112288.0,112288.0,112288.0,0
20171221T,112288.0,112288.0,112288.0,112288.0,0
20171222T,112288.0,112288.0,112288.0,112288.0,0
20171226T,113038.0,113038.0,113038.0,113038.0,0
20171227T,112345.0,112345.0,112345.0,112345.0,0
20171228T,58627.0,58627.0,58627.0,58627.0,0
20171229T,62061.0,62061.0,62061.0,62061.0,0
20180101T,62061.0,62061.0,62061.0,62061.0,0
20180102T,62061.0,62061.0,62061.0,62061.0,0
20180103T,62061.0,62061.0,62061.0,62061.0,0
20180104T,62061.0,62061.0,62061.0,62061.0,0
20180105T,62061.0,62061.0,62061.0,62061.0,0
20180108T,62061.0,62061.0,62061.0,62061.0,0
20180109T,62061.0,62061.0,62061.0,62061.0,0
20180110T,62061.0,62061.0,62061.0,62061.0,0
20180111T,62070.0,62070.0,62070.0,62070.0,0
20180112T,62061.0,62061.0,62061.0,62061.0,0
20180115T,62061.0,62061.0,62061.0,62061.0,0
20180116T,62061.0,62061.0,62061.0,62061.0,0
20180117T,62061.0,62061.0,62061.0,62061.0,0
20180118T,62061.0,62061.0,62061.0,62061.0,0
20180119T,62061.0,62061.0,62061.0,62061.0,0
20180122T,62061.0,62061.0,62061.0,62061.0,0
20180123T,62061.0,62061.0,62061.0,62061.0,0
20180124T,62088.0,62088.0,62088.0,62088.0,0
20180125T,61141.0,61141.0,61141.0,61141.0,0
20180129T,61141.0,61141.0,61141.0,61141.0,0
20180130T,61141.0,61141.0,61141.0,61141.0,0
20180131T,61141.0,61141.0,61141.0,61141.0,0
20180201T,61141.0,61141.0,61141.0,61141.0,0
20180202T,61141.0,61141.0,61141.0,61141.0,0
20180205T,61141.0,61141.0,61141.0,61141.0,0
20180206T,61141.0,61141.0,61141.0,61141.0,0
20180207T,63441.0,63441.0,63441.0,63441.0,0
20180208T,63441.0,63441.0,63441.0,63441.0,0
20180209T,63441.0,63441.0,63441.0,63441.0,0
20180212T,63441.0,63441.0,63441.0,63441.0,0
20180214T,63441.0,63441.0,63441.0,63441.0,0
20180215T,63441.0,63441.0,63441.0,63441.0,0
20180216T,63441.0,63441.0,63441.0,63441.0,0
20180219T,63441.0,63441.0,63441.0,63441.0,0
20180220T,63441.0,63441.0,63441.0,63441.0,0
20180221T,63441.0,63441.0,63441.0,63441.0,0
20180222T,60927.0,60927.0,60927.0,60927.0,0
20180223T,60927.0,60927.0,60927.0,60927.0,0
20180226T,60927.0,60927.0,60927.0,60927.0,0
20180227T,60927.0,60927.0,60927.0,60927.0,0
20180228T,60927.0,60927.0,60927.0,60927.0,0
20180301T,60927.0,60927.0,60927.0,60927.0,0
20180305T,60927.0,60927.0,60927.0,60927.0,0
20180306T,60927.0,60927.0,60927.0,60927.0,0
20180307T,60927.0,60927.0,60927.0,60927.0,0
20180308T,60927.0,60927.0,60927.0,60927.0,0
20180309T,60927.0,60927.0,60927.0,60927.0,0
20180312T,60927.0,60927.0,60927.0,60927.0,0
20180313T,60927.0,60927.0,60927.0,60927.0,0
20180314T,60927.0,60927.0,60927.0,60927.0,0
20180315T,60927.0,60927.0,60927.0,60927.0,0
20180316T,60927.0,60927.0,60927.0,60927.0,0
20180319T,60927.0,60927.0,60927.0,60927.0,0
20180320T,60927.0,60927.0,60927.0,60927.0,0
20180321T,60927.0,60927.0,60927.0,60927.0,0
20180322T,60927.0,60927.0,60927.0,60927.0,0
20180323T,60927.0,60927.0,60927.0,60927.0,0
20180326T,60927.0,60927.0,60927.0,60927.0,0
20180327T,60927.0,60927.0,60927.0,60927.0,0
20180328T,60927.0,60927.0,60927.0,60927.0,0
20180402T,60927.0,60927.0,60927.0,60927.0,0
20180403T,60927.0,60927.0,60927.0,60927.0,0
20180404T,62593.0,62593.0,62593.0,62593.0,0
20180405T,60927.0,60927.0,60927.0,60927.0,0
20180406T,60927.0,60927.0,60927.0,60927.0,0
20180409T,60927.0,60927.0,60927.0,60927.0,0
20180410T,60927.0,60927.0,60927.0,60927.0,0
20180411T,60927.0,60927.0,60927.0,60927.0,0
20180412T,60927.0,60927.0,60927.0,60927.0,0
20180413T,61287.0,61287.0,61287.0,61287.0,0
20180416T,61287.0,61287.0,61287.0,61287.0,0
20180417T,61287.0,61287.0,61287.0,61287.0,0
20180418T,61286.6667,61286.6667,61286.6667,61286.6667,0
20180419T,61287.0,61287.0,61287.0,61287.0,0
20180420T,61287.0,61287.0,61287.0,61287.0,0
20180423T,61287.0,61287.0,61287.0,61287.0,0
20180424T,61287.0,61287.0,61287.0,61287.0,0
20180425T,61287.0,61287.0,61287.0,61287.0,0
20180426T,59947.0,59947.0,59947.0,59947.0,0
20180427T,59947.0,59947.0,59947.0,59947.0,0
20180430T,59947.0,59947.0,59947.0,59947.0,0
20180502T,59947.0,59947.0,59947.0,59947.0,0
20180503T,59947.0,59947.0,59947.0,59947.0,0
20180504T,59947.0,59947.0,59947.0,59947.0,0
20180507T,59301.0,59301.0,59301.0,59301.0,0
20180508T,59301.0,59301.0,59301.0,59301.0,0
20180509T,59301.0,59301.0,59301.0,59301.0,0
20180510T,59301.0,59301.0,59301.0,59301.0,0
20180511T,58861.0,58861.0,58861.0,58861.0,0
20180514T,58861.0,58861.0,58861.0,58861.0,0
20180515T,58861.0,58861.0,58861.0,58861.0,0
20180516T,58861.0,58861.0,58861.0,58861.0,0
20180517T,58861.0,58861.0,58861.0,58861.0,0
20180518T,58861.0,58861.0,58861.0,58861.0,0
20180521T,58861.0,58861.0,58861.0,58861.0,0
20180522T,60490.0,60490.0,60490.0,60490.0,0
20180523T,60490.0,60490.0,60490.0,60490.0,0
20180524T,60490.0,60490.0,60490.0,60490.0,0
20180525T,60490.0,60490.0,60490.0,60490.0,0
20180528T,60490.0,60490.0,60490.0,60490.0,0
20180529T,60490.0,60490.0,60490.0,60490.0,0
20180530T,60490.0,60490.0,60490.0,60490.0,0
20180531T,60490.0,60490.0,60490.0,60490.0,0
20180601T,60490.0,60490.0,60490.0,60490.0,0
20180604T,60490.0,60490.0,60490.0,60490.0,0
20180605T,60490.0,60490.0,60490.0,60490.0,0
20180606T,60490.0,60490.0,60490.0,60490.0,0
20180607T,60490.0,60490.0,60490.0,60490.0,0
20180608T,60490.0,60490.0,60490.0,60490.0,0
20180611T,60490.0,60490.0,60490.0,60490.0,0
20180612T,60490.0,60490.0,60490.0,60490.0,0
20180614T,60490.0,60490.0,60490.0,60490.0,0
20180615T,60490.0,60490.0,60490.0,60490.0,0
20180618T,60490.0,60490.0,60490.0,60490.0,0
20180619T,60490.0,60490.0,60490.0,60490.0,0
20180620T,57462.0,57462.0,57462.0,57462.0,0
20180621T,57462.0,57462.0,57462.0,57462.0,0
20180622T,53811.0,53811.0,53811.0,53811.0,0
20180625T,49979.0,49979.0,49979.0,49979.0,0
20180626T,47035.0,47035.0,47035.0,47035.0,0
20180627T,47034.66667,47034.66667,47034.66667,47034.66667,0
20180628T,30906.0,30906.0,30906.0,30906.0,0
20180629T,30906.0,30906.0,30906.0,30906.0,0
20180702T,30906.0,30906.0,30906.0,30906.0,0
20180703T,30906.0,30906.0,30906.0,30906.0,0
20180704T,30906.0,30906.0,30906.0,30906.0,0
20180705T,30906.0,30906.0,30906.0,30906.0,0
20180706T,30906.0,30906.0,30906.0,30906.0,0
20180709T,30906.0,30906.0,30906.0,30906.0,0
20180710T,31212.0,31212.0,31212.0,31212.0,0
20180711T,31212.0,31212.0,31212.0,31212.0,0
20180712T,31193.0,31193.0,31193.0,31193.0,0
20180713T,31167.0,31167.0,31167.0,31167.0,0
20180716T,31167.0,31167.0,31167.0,31167.0,0
20180717T,31123.0,31123.0,31123.0,31123.0,0
20180718T,31106.0,31106.0,31106.0,31106.0,0
20180719T,31095.0,31095.0,31095.0,31095.0,0
20180720T,31083.0,31083.0,31083.0,31083.0,0
20180723T,31067.0,31067.0,31067.0,31067.0,0
20180724T,31053.0,31053.0,31053.0,31053.0,0
20180725T,31039.0,31039.0,31039.0,31039.0,0
20180726T,31029.0,31029.0,31029.0,31029.0,0
20180727T,31020.0,31020.0,31020.0,31020.0,0
20180730T,31057.0,31057.0,31057.0,31057.0,0
20180731T,31044.0,31044.0,31044.0,31044.0,0
20180801T,31044.0,31044.0,31044.0,31044.0,0
20180802T,31044.0,31044.0,31044.0,31044.0,0
20180803T,31032.0,31032.0,31032.0,31032.0,0
20180806T,30983.0,30983.0,30983.0,30983.0,0
20180807T,30983.0,30983.0,30983.0,30983.0,0
20180808T,30983.0,30983.0,30983.0,30983.0,0
20180809T,30578.0,30578.0,30578.0,30578.0,0
20180810T,30578.0,30578.0,30578.0,30578.0,0
20180813T,30578.0,30578.0,30578.0,30578.0,0
20180814T,30578.0,30578.0,30578.0,30578.0,0
20180816T,30578.0,30578.0,30578.0,30578.0,0
20180817T,30578.0,30578.0,30578.0,30578.0,0
20180820T,30578.0,30578.0,30578.0,30578.0,0
20180821T,30578.0,30578.0,30578.0,30578.0,0
20180823T,30578.0,30578.0,30578.0,30578.0,0
20180824T,30578.0,30578.0,30578.0,30578.0,0
20180827T,30578.0,30578.0,30578.0,30578.0,0
20180828T,30578.0,30578.0,30578.0,30578.0,0
20180829T,30578.0,30578.0,30578.0,30578.0,0
20180830T,30578.0,30578.0,30578.0,30578.0,0
20180831T,30578.0,30578.0,30578.0,30578.0,0
20180903T,30578.0,30578.0,30578.0,30578.0,0
20180904T,30578.0,30578.0,30578.0,30578.0,0
20180905T,30578.0,30578.0,30578.0,30578.0,0
20180906T,30578.0,30578.0,30578.0,30578.0,0
20180907T,30578.0,30578.0,30578.0,30578.0,0
20180910T,30578.0,30578.0,30578.0,30578.0,0
20180911T,30578.0,30578.0,30578.0,30578.0,0
20180912T,30578.0,30578.0,30578.0,30578.0,0
20180914T,30578.0,30578.0,30578.0,30578.0,0
20180917T,30578.0,30578.0,30578.0,30578.0,0
20180918T,30578.0,30578.0,30578.0,30578.0,0
20180919T,30578.0,30578.0,30578.0,30578.0,0
20180921T,30578.0,30578.0,30578.0,30578.0,0
20180924T,30578.0,30578.0,30578.0,30578.0,0
20180925T,30578.0,30578.0,30578.0,30578.0,0
20180926T,30593.0,30593.0,30593.0,30593.0,0
20180927T,30578.0,30578.0,30578.0,30578.0,0
20180928T,30578.0,30578.0,30578.0,30578.0,0
20181001T,30578.0,30578.0,30578.0,30578.0,0
20181003T,30578.0,30578.0,30578.0,30578.0,0
20181004T,30578.0,30578.0,30578.0,30578.0,0
20181005T,30578.0,30578.0,30578.0,30578.0,0
20181008T,30578.0,30578.0,30578.0,30578.0,0
20181009T,30578.0,30578.0,30578.0,30578.0,0
20181010T,30578.0,30578.0,30578.0,30578.0,0
20181011T,30578.0,30578.0,30578.0,30578.0,0
20181012T,30578.0,30578.0,30578.0,30578.0,0
20181015T,30578.0,30578.0,30578.0,30578.0,0
20181016T,30578.0,30578.0,30578.0,30578.0,0
20181017T,30578.0,30578.0,30578.0,30578.0,0
20181019T,30578.0,30578.0,30578.0,30578.0,0
20181022T,30578.0,30578.0,30578.0,30578.0,0
20181023T,30578.0,30578.0,30578.0,30578.0,0
20181024T,32309.0,32309.0,32309.0,32309.0,0
20181025T,33658.0,33658.0,33658.0,33658.0,0
20181026T,33658.0,33658.0,33658.0,33658.0,0
20181029T,33658.0,33658.0,33658.0,33658.0,0
20181030T,33658.0,33658.0,33658.0,33658.0,0
20181031T,33658.0,33658.0,33658.0,33658.0,0
20181101T,33658.0,33658.0,33658.0,33658.0,0
20181102T,33658.0,33658.0,33658.0,33658.0,0
20181105T,33658.0,33658.0,33658.0,33658.0,0
20181106T,33658.0,33658.0,33658.0,33658.0,0
20181107T,33658.0,33658.0,33658.0,33658.0,0
20181109T,33658.0,33658.0,33658.0,33658.0,0
20181112T,33658.0,33658.0,33658.0,33658.0,0
20181113T,33658.0,33658.0,33658.0,33658.0,0
20181114T,33658.0,33658.0,33658.0,33658.0,0
20181115T,33658.0,33658.0,33658.0,33658.0,0
20181116T,33658.0,33658.0,33658.0,33658.0,0
20181119T,33658.0,33658.0,33658.0,33658.0,0
20181120T,33658.0,33658.0,33658.0,33658.0,0
20181121T,33658.0,33658.0,33658.0,33658.0,0
20181122T,33658.0,33658.0,33658.0,33658.0,0
20181126T,33658.0,33658.0,33658.0,33658.0,0
20181127T,33668.0,33668.0,33668.0,33668.0,0
20181128T,33671.0,33671.0,33671.0,33671.0,0
20181129T,33707.0,33707.0,33707.0,33707.0,0
20181130T,33707.0,33707.0,33707.0,33707.0,0
20181203T,31627.0,31627.0,31627.0,31627.0,0
20181204T,30627.0,30627.0,30627.0,30627.0,0
20181205T,30627.0,30627.0,30627.0,30627.0,0
20181206T,30627.0,30627.0,30627.0,30627.0,0
20181207T,30628.0,30628.0,30628.0,30628.0,0
20181210T,34637.0,34637.0,34637.0,34637.0,0
20181211T,37738.0,37738.0,37738.0,37738.0,0
20181212T,37737.0,37737.0,37737.0,37737.0,0
20181213T,35302.0,35302.0,35302.0,35302.0,0
20181214T,35302.0,35302.0,35302.0,35302.0,0
20181217T,33778.0,33778.0,33778.0,33778.0,0
20181218T,33278.0,33278.0,33278.0,33278.0,0
20181219T,33278.0,33278.0,33278.0,33278.0,0
20181220T,33278.0,33278.0,33278.0,33278.0,0
20181221T,32278.0,32278.0,32278.0,32278.0,0
20181224T,32278.0,32278.0,32278.0,32278.0,0
20181226T,32278.0,32278.0,32278.0,32278.0,0
20181227T,26017.0,26017.0,26017.0,26017.0,0
20181228T,26017.0,26017.0,26017.0,26017.0,0
20181231T,25017.0,25017.0,25017.0,25017.0,0
20190101T,25017.0,25017.0,25017.0,25017.0,0
20190102T,24357.0,24357.0,24357.0,24357.0,0
20190103T,24357.0,24357.0,24357.0,24357.0,0
20190104T,24357.0,24357.0,24357.0,24357.0,0
20190107T,24357.0,24357.0,24357.0,24357.0,0
20190108T,24357.0,24357.0,24357.0,24357.0,0
20190109T,24357.0,24357.0,24357.0,24357.0,0
20190110T,24357.0,24357.0,24357.0,24357.0,0
20190111T,24357.0,24357.0,24357.0,24357.0,0
20190114T,24357.0,24357.0,24357.0,24357.0,0
20190115T,24357.0,24357.0,24357.0,24357.0,0
20190116T,24357.0,24357.0,24357.0,24357.0,0
20190117T,24357.0,24357.0,24357.0,24357.0,0
20190118T,24357.0,24357.0,24357.0,24357.0,0
20190121T,24357.0,24357.0,24357.0,24357.0,0
20190122T,24444.0,24444.0,24444.0,24444.0,0
20190123T,24444.0,24444.0,24444.0,24444.0,0
20190124T,24444.0,24444.0,24444.0,24444.0,0
20190125T,24444.0,24444.0,24444.0,24444.0,0
20190128T,24444.0,24444.0,24444.0,24444.0,0
20190129T,24444.0,24444.0,24444.0,24444.0,0
20190130T,24444.0,24444.0,24444.0,24444.0,0
20190131T,24484.0,24484.0,24484.0,24484.0,0
20190201T,24474.0,24474.0,24474.0,24474.0,0
20190204T,24474.0,24474.0,24474.0,24474.0,0
20190205T,24444.0,24444.0,24444.0,24444.0,0
20190206T,24459.0,24459.0,24459.0,24459.0,0
20190207T,24459.0,24459.0,24459.0,24459.0,0
20190208T,24469.0,24469.0,24469.0,24469.0,0
20190211T,24469.0,24469.0,24469.0,24469.0,0
20190212T,24469.0,24469.0,24469.0,24469.0,0
20190213T,24469.0,24469.0,24469.0,24469.0,0
20190214T,24474.0,24474.0,24474.0,24474.0,0
20190215T,24474.0,24474.0,24474.0,24474.0,0
20190218T,25110.0,25110.0,25110.0,25110.0,0
20190219T,25053.0,25053.0,25053.0,25053.0,0
20190220T,25063.0,25063.0,25063.0,25063.0,0
20190221T,24397.0,24397.0,24397.0,24397.0,0
20190222T,24397.0,24397.0,24397.0,24397.0,0
20190225T,24397.0,24397.0,24397.0,24397.0,0
20190226T,24397.0,24397.0,24397.0,24397.0,0
20190227T,25397.0,25397.0,25397.0,25397.0,0
20190228T,25397.0,25397.0,25397.0,25397.0,0
20190301T,25397.0,25397.0,25397.0,25397.0,0
20190305T,25457.0,25457.0,25457.0,25457.0,0
20190306T,25457.0,25457.0,25457.0,25457.0,0
20190307T,33457.0,33457.0,33457.0,33457.0,0
20190308T,33457.0,33457.0,33457.0,33457.0,0
20190311T,33457.0,33457.0,33457.0,33457.0,0
20190312T,33457.0,33457.0,33457.0,33457.0,0
20190313T,33457.0,33457.0,33457.0,33457.0,0
20190314T,33457.0,33457.0,33457.0,33457.0,0
20190315T,33108.0,33108.0,33108.0,33108.0,0
20190318T,31258.0,31258.0,31258.0,31258.0,0
20190319T,31258.0,31258.0,31258.0,31258.0,0
20190320T,30058.0,30058.0,30058.0,30058.0,0
20190322T,30058.0,30058.0,30058.0,30058.0,0
20190325T,28618.0,28618.0,28618.0,28618.0,0
20190326T,28619.0,28619.0,28619.0,28619.0,0
20190327T,27819.0,27819.0,27819.0,27819.0,0
20190328T,26221.0,26221.0,26221.0,26221.0,0
20190329T,24360.0,24360.0,24360.0,24360.0,0
20190401T,32370.0,32370.0,32370.0,32370.0,0
20190402T,32370.0,32370.0,32370.0,32370.0,0
20190403T,32370.0,32370.0,32370.0,32370.0,0
20190404T,32370.0,32370.0,32370.0,32370.0,0
20190405T,32383.0,32383.0,32383.0,32383.0,0
20190408T,32385.0,32385.0,32385.0,32385.0,0
20190409T,32385.0,32385.0,32385.0,32385.0,0
20190410T,32385.0,32385.0,32385.0,32385.0,0
20190411T,32387.0,32387.0,32387.0,32387.0,0
20190412T,32387.0,32387.0,32387.0,32387.0,0
20190415T,32391.0,32391.0,32391.0,32391.0,0
20190416T,32397.0,32397.0,32397.0,32397.0,0
20190418T,32401.0,32401.0,32401.0,32401.0,0
20190422T,32411.0,32411.0,32411.0,32411.0,0
20190423T,33471.0,33471.0,33471.0,33471.0,0
20190424T,33924.0,33924.0,33924.0,33924.0,0
20190425T,26383.0,26383.0,26383.0,26383.0,0
20190426T,26383.0,26383.0,26383.0,26383.0,0
20190430T,26383.0,26383.0,26383.0,26383.0,0
20190502T,26383.0,26383.0,26383.0,26383.0,0
20190503T,26383.0,26383.0,26383.0,26383.0,0
20190506T,31205.0,31205.0,31205.0,31205.0,0
20190507T,31205.0,31205.0,31205.0,31205.0,0
20190508T,31205.0,31205.0,31205.0,31205.0,0
20190509T,31207.0,31207.0,31207.0,31207.0,0
20190510T,31207.0,31207.0,31207.0,31207.0,0
20190513T,32417.0,32417.0,32417.0,32417.0,0
20190514T,32417.0,32417.0,32417.0,32417.0,0
20190515T,32417.0,32417.0,32417.0,32417.0,0
20190516T,32417.0,32417.0,32417.0,32417.0,0
20190517T,32443.0,32443.0,32443.0,32443.0,0
20190520T,31233.0,31233.0,31233.0,31233.0,0
20190521T,34325.0,34325.0,34325.0,34325.0,0
20190522T,34325.0,34325.0,34325.0,34325.0,0
20190523T,28748.0,28748.0,28748.0,28748.0,0
20190524T,28748.0,28748.0,28748.0,28748.0,0
20190527T,28748.0,28748.0,28748.0,28748.0,0
20190528T,28770.0,28770.0,28770.0,28770.0,0
20190529T,28800.0,28800.0,28800.0,28800.0,0
20190530T,24357.0,24357.0,24357.0,24357.0,0
20190531T,24392.0,24392.0,24392.0,24392.0,0
20190603T,24392.0,24392.0,24392.0,24392.0,0
20190604T,24397.0,24397.0,24397.0,24397.0,0
20190606T,24397.0,24397.0,24397.0,24397.0,0
20190607T,24397.0,24397.0,24397.0,24397.0,0
20190610T,24397.0,24397.0,24397.0,24397.0,0
20190611T,24397.0,24397.0,24397.0,24397.0,0
20190612T,24397.0,24397.0,24397.0,24397.0,0
20190613T,24397.0,24397.0,24397.0,24397.0,0
20190614T,24397.0,24397.0,24397.0,24397.0,0
20190617T,24397.0,24397.0,24397.0,24397.0,0
20190618T,24397.0,24397.0,24397.0,24397.0,0
20190619T,24397.0,24397.0,24397.0,24397.0,0
20190620T,24397.0,24397.0,24397.0,24397.0,0
20190621T,24397.0,24397.0,24397.0,24397.0,0
20190624T,24397.0,24397.0,24397.0,24397.0,0
20190625T,24397.0,24397.0,24397.0,24397.0,0
20190626T,24399.0,24399.0,24399.0,24399.0,0
20190627T,16494.0,16494.0,16494.0,16494.0,0
20190628T,16494.0,16494.0,16494.0,16494.0,0
20190701T,16494.0,16494.0,16494.0,16494.0,0
20190702T,16494.0,16494.0,16494.0,16494.0,0
20190703T,16518.0,16518.0,16518.0,16518.0,0
20190704T,16518.0,16518.0,16518.0,16518.0,0
20190705T,20874.0,20874.0,20874.0,20874.0,0
20190708T,20874.0,20874.0,20874.0,20874.0,0
20190709T,21407.0,21407.0,21407.0,21407.0,0
20190710T,21940.0,21940.0,21940.0,21940.0,0
20190711T,21940.0,21940.0,21940.0,21940.0,0
20190712T,21940.0,21940.0,21940.0,21940.0,0
20190715T,21940.0,21940.0,21940.0,21940.0,0
20190716T,21407.0,21407.0,21407.0,21407.0,0
20190717T,26799.0,26799.0,26799.0,26799.0,0
20190718T,26799.0,26799.0,26799.0,26799.0,0
20190719T,26799.0,26799.0,26799.0,26799.0,0
20190722T,27466.0,27466.0,27466.0,27466.0,0
20190723T,27466.0,27466.0,27466.0,27466.0,0
20190724T,27933.0,27933.0,27933.0,27933.0,0
20190725T,23541.0,23541.0,23541.0,23541.0,0
20190726T,23541.0,23541.0,23541.0,23541.0,0
20190729T,23541.0,23541.0,23541.0,23541.0,0
20190730T,23541.0,23541.0,23541.0,23541.0,0
20190731T,23561.0,23561.0,23561.0,23561.0,0
20190801T,23541.0,23541.0,23541.0,23541.0,0
20190802T,23606.0,23606.0,23606.0,23606.0,0
20190805T,23606.0,23606.0,23606.0,23606.0,0
20190806T,23646.0,23646.0,23646.0,23646.0,0
20190807T,23606.0,23606.0,23606.0,23606.0,0
20190808T,23568.0,23568.0,23568.0,23568.0,0
20190809T,23541.0,23541.0,23541.0,23541.0,0
20190813T,23541.0,23541.0,23541.0,23541.0,0
20190814T,23541.0,23541.0,23541.0,23541.0,0
20190816T,23541.0,23541.0,23541.0,23541.0,0
20190819T,23541.0,23541.0,23541.0,23541.0,0
20190820T,23581.0,23581.0,23581.0,23581.0,0
20190821T,23581.0,23581.0,23581.0,23581.0,0
20190822T,28648.0,28648.0,28648.0,28648.0,0
20190823T,28910.0,28910.0,28910.0,28910.0,0
20190826T,23661.0,23661.0,23661.0,23661.0,0
20190827T,23661.0,23661.0,23661.0,23661.0,0
20190828T,23661.0,23661.0,23661.0,23661.0,0
20190829T,23661.0,23661.0,23661.0,23661.0,0
20190830T,16482.0,16482.0,16482.0,16482.0,0
20190903T,21600.0,21600.0,21600.0,21600.0,0
20190904T,21600.0,21600.0,21600.0,21600.0,0
20190905T,21600.0,21600.0,21600.0,21600.0,0
20190906T,21600.0,21600.0,21600.0,21600.0,0
20190909T,20401.0,20401.0,20401.0,20401.0,0
20190911T,20401.0,20401.0,20401.0,20401.0,0
20190912T,20401.0,20401.0,20401.0,20401.0,0
20190913T,27132.0,27132.0,27132.0,27132.0,0
20190916T,27132.0,27132.0,27132.0,27132.0,0
20190917T,27132.0,27132.0,27132.0,27132.0,0
20190918T,27132.0,27132.0,27132.0,27132.0,0
20190919T,33132.0,33132.0,33132.0,33132.0,0
20190920T,16482.0,16482.0,16482.0,16482.0,0
20190923T,16552.0,16552.0,16552.0,16552.0,0
20190924T,16552.0,16552.0,16552.0,16552.0,0
20190925T,16572.0,16572.0,16572.0,16572.0,0
20190926T,16592.0,16592.0,16592.0,16592.0,0
20190927T,21513.0,21513.0,21513.0,21513.0,0
20190930T,21513.0,21513.0,21513.0,21513.0,0
20191001T,23262.0,23262.0,23262.0,23262.0,0
20191003T,23262.0,23262.0,23262.0,23262.0,0
20191004T,26722.0,26722.0,26722.0,26722.0,0
20191007T,26722.0,26722.0,26722.0,26722.0,0
20191009T,26732.0,26732.0,26732.0,26732.0,0
20191010T,26732.0,26732.0,26732.0,26732.0,0
20191011T,26732.0,26732.0,26732.0,26732.0,0
20191014T,24962.0,24962.0,24962.0,24962.0,0
20191015T,23262.0,23262.0,23262.0,23262.0,0
20191016T,23262.0,23262.0,23262.0,23262.0,0
20191017T,28629.0,28629.0,28629.0,28629.0,0
20191018T,30955.0,30955.0,30955.0,30955.0,0
20191022T,34016.0,34016.0,34016.0,34016.0,0
20191023T,34016.0,34016.0,34016.0,34016.0,0
20191024T,34016.0,34016.0,34016.0,34016.0,0
20191025T,16592.0,16592.0,16592.0,16592.0,0
20191029T,16592.0,16592.0,16592.0,16592.0,0
20191030T,16592.0,16592.0,16592.0,16592.0,0
20191031T,16482.0,16482.0,16482.0,16482.0,0
20191101T,16482.0,16482.0,16482.0,16482.0,0
20191104T,16482.0,16482.0,16482.0,16482.0,0
20191105T,16482.0,16482.0,16482.0,16482.0,0
20191106T,16482.0,16482.0,16482.0,16482.0,0
20191107T,16482.0,16482.0,16482.0,16482.0,0
20191108T,16482.0,16482.0,16482.0,16482.0,0
20191111T,16482.0,16482.0,16482.0,16482.0,0
20191113T,16482.0,16482.0,16482.0,16482.0,0
20191114T,16482.0,16482.0,16482.0,16482.0,0
20191115T,16482.0,16482.0,16482.0,16482.0,0
20191118T,16482.0,16482.0,16482.0,16482.0,0
20191119T,16482.0,16482.0,16482.0,16482.0,0
20191120T,16482.0,16482.0,16482.0,16482.0,0
20191121T,16482.0,16482.0,16482.0,16482.0,0
20191122T,16482.0,16482.0,16482.0,16482.0,0
20191125T,16482.0,16482.0,16482.0,16482.0,0
20191126T,16482.0,16482.0,16482.0,16482.0,0
20191127T,16482.0,16482.0,16482.0,16482.0,0
20191128T,16482.0,16482.0,16482.0,16482.0,0
20191129T,16482.0,16482.0,16482.0,16482.0,0
20191202T,16482.0,16482.0,16482.0,16482.0,0
20191203T,16482.0,16482.0,16482.0,16482.0,0
20191204T,16482.0,16482.0,16482.0,16482.0,0
20191205T,16482.0,16482.0,16482.0,16482.0,0
20191206T,16482.0,16482.0,16482.0,16482.0,0
20191209T,16482.0,16482.0,16482.0,16482.0,0
20191210T,16482.0,16482.0,16482.0,16482.0,0
20191211T,16482.0,16482.0,16482.0,16482.0,0
20191212T,16482.0,16482.0,16482.0,16482.0,0
20191213T,16482.0,16482.0,16482.0,16482.0,0
20191216T,16482.0,16482.0,16482.0,16482.0,0
20191217T,16482.0,16482.0,16482.0,16482.0,0
20191218T,16482.0,16482.0,16482.0,16482.0,0
20191219T,16482.0,16482.0,16482.0,16482.0,0
20191220T,16482.0,16482.0,16482.0,16482.0,0
20191223T,16482.0,16482.0,16482.0,16482.0,0
20191224T,16482.0,16482.0,16482.0,16482.0,0
20191226T,4317.0,4317.0,4317.0,4317.0,0
20191227T,4317.0,4317.0,4317.0,4317.0,0
20191230T,4317.0,4317.0,4317.0,4317.0,0
20191231T,4317.0,4317.0,4317.0,4317.0,0
20200101T,4317.0,4317.0,4317.0,4317.0,0
20200102T,4317.0,4317.0,4317.0,4317.0,0
20200103T,4317.0,4317.0,4317.0,4317.0,0
20200106T,4317.0,4317.0,4317.0,4317.0,0
20200107T,4317.0,4317.0,4317.0,4317.0,0
20200108T,4317.0,4317.0,4317.0,4317.0,0
20200109T,4317.0,4317.0,4317.0,4317.0,0
20200110T,4317.0,4317.0,4317.0,4317.0,0
20200113T,4317.0,4317.0,4317.0,4317.0,0
20200114T,4317.0,4317.0,4317.0,4317.0,0
20200115T,4317.0,4317.0,4317.0,4317.0,0
20200116T,4317.0,4317.0,4317.0,4317.0,0
20200117T,4317.0,4317.0,4317.0,4317.0,0
20200120T,4317.0,4317.0,4317.0,4317.0,0
20200121T,4317.0,4317.0,4317.0,4317.0,0
20200122T,4317.0,4317.0,4317.0,4317.0,0
20200123T,4317.0,4317.0,4317.0,4317.0,0
20200124T,4317.0,4317.0,4317.0,4317.0,0
20200127T,4317.0,4317.0,4317.0,4317.0,0
20200128T,4317.0,4317.0,4317.0,4317.0,0
20200129T,4317.0,4317.0,4317.0,4317.0,0
20200130T,4317.0,4317.0,4317.0,4317.0,0
20200131T,4317.0,4317.0,4317.0,4317.0,0
20200203T,4317.0,4317.0,4317.0,4317.0,0
20200204T,4317.0,4317.0,4317.0,4317.0,0
20200205T,4317.0,4317.0,4317.0,4317.0,0
20200206T,4317.0,4317.0,4317.0,4317.0,0
20200207T,4317.0,4317.0,4317.0,4317.0,0
20200210T,4317.0,4317.0,4317.0,4317.0,0
20200211T,4317.0,4317.0,4317.0,4317.0,0
20200212T,4317.0,4317.0,4317.0,4317.0,0
20200213T,4317.0,4317.0,4317.0,4317.0,0
20200214T,4317.0,4317.0,4317.0,4317.0,0
20200217T,4317.0,4317.0,4317.0,4317.0,0
20200218T,4317.0,4317.0,4317.0,4317.0,0
20200219T,4317.0,4317.0,4317.0,4317.0,0
20200220T,4317.0,4317.0,4317.0,4317.0,0
20200224T,4317.0,4317.0,4317.0,4317.0,0
20200225T,4317.0,4317.0,4317.0,4317.0,0
20200226T,6317.0,6317.0,6317.0,6317.0,0
20200227T,11983.0,11983.0,11983.0,11983.0,0
20200228T,18651.0,18651.0,18651.0,18651.0,0
20200302T,18651.0,18651.0,18651.0,18651.0,0
20200303T,18651.0,18651.0,18651.0,18651.0,0
20200304T,18651.0,18651.0,18651.0,18651.0,0
20200305T,18651.0,18651.0,18651.0,18651.0,0
20200306T,18651.0,18651.0,18651.0,18651.0,0
20200309T,18651.0,18651.0,18651.0,18651.0,0
20200311T,18651.0,18651.0,18651.0,18651.0,0
20200312T,21811.0,21811.0,21811.0,21811.0,0
20200313T,23177.0,23177.0,23177.0,23177.0,0
20200316T,19064.0,19064.0,19064.0,19064.0,0
20200317T,19064.0,19064.0,19064.0,19064.0,0
20200318T,19064.0,19064.0,19064.0,19064.0,0
20200319T,19064.0,19064.0,19064.0,19064.0,0
20200320T,19064.0,19064.0,19064.0,19064.0,0
20200323T,19064.0,19064.0,19064.0,19064.0,0
20200324T,19064.0,19064.0,19064.0,19064.0,0
20200325T,19064.0,19064.0,19064.0,19064.0,0
20200326T,4317.0,4317.0,4317.0,4317.0,0
20200327T,4317.0,4317.0,4317.0,4317.0,0
20200330T,4317.0,4317.0,4317.0,4317.0,0
20200331T,4317.0,4317.0,4317.0,4317.0,0
20200401T,4317.0,4317.0,4317.0,4317.0,0
20200403T,4530.0,4530.0,4530.0,4530.0,0
20200407T,4530.0,4530.0,4530.0,4530.0,0
20200408T,4530.0,4530.0,4530.0,4530.0,0
20200409T,4530.0,4530.0,4530.0,4530.0,0
20200413T,4530.0,4530.0,4530.0,4530.0,0
20200415T,4530.0,4530.0,4530.0,4530.0,0
20200416T,4530.0,4530.0,4530.0,4530.0,0
20200417T,4530.0,4530.0,4530.0,4530.0,0
20200420T,4530.0,4530.0,4530.0,4530.0,0
20200421T,4584.0,4584.0,4584.0,4584.0,0
20200422T,4584.0,4584.0,4584.0,4584.0,0
20200423T,4584.0,4584.0,4584.0,4584.0,0
20200424T,4584.0,4584.0,4584.0,4584.0,0
20200427T,4584.0,4584.0,4584.0,4584.0,0
20200428T,4584.0,4584.0,4584.0,4584.0,0
20200429T,4584.0,4584.0,4584.0,4584.0,0
20200430T,4584.0,4584.0,4584.0,4584.0,0
20200504T,4584.0,4584.0,4584.0,4584.0,0
20200505T,4584.0,4584.0,4584.0,4584.0,0
20200506T,4584.0,4584.0,4584.0,4584.0,0
20200507T,4584.0,4584.0,4584.0,4584.0,0
20200508T,4584.0,4584.0,4584.0,4584.0,0
20200511T,4584.0,4584.0,4584.0,4584.0,0
20200512T,4584.0,4584.0,4584.0,4584.0,0
20200513T,4584.0,4584.0,4584.0,4584.0,0
20200514T,4584.0,4584.0,4584.0,4584.0,0
20200515T,6015.0,6015.0,6015.0,6015.0,0
20200518T,4584.0,4584.0,4584.0,4584.0,0
20200519T,4584.0,4584.0,4584.0,4584.0,0
20200520T,4584.0,4584.0,4584.0,4584.0,0
20200521T,4584.0,4584.0,4584.0,4584.0,0
20200522T,4584.0,4584.0,4584.0,4584.0,0
20200526T,4584.0,4584.0,4584.0,4584.0,0
20200527T,4584.0,4584.0,4584.0,4584.0,0
20200528T,4584.0,4584.0,4584.0,4584.0,0
20200529T,4584.0,4584.0,4584.0,4584.0,0
20200601T,4584.0,4584.0,4584.0,4584.0,0
20200602T,4584.0,4584.0,4584.0,4584.0,0
20200603T,4584.0,4584.0,4584.0,4584.0,0
20200604T,4584.0,4584.0,4584.0,4584.0,0
20200605T,4584.0,4584.0,4584.0,4584.0,0
20200608T,4584.0,4584.0,4584.0,4584.0,0
20200609T,4584.0,4584.0,4584.0,4584.0,0
20200610T,4584.0,4584.0,4584.0,4584.0,0
20200611T,4584.0,4584.0,4584.0,4584.0,0
20200612T,4584.0,4584.0,4584.0,4584.0,0
20200615T,4584.0,4584.0,4584.0,4584.0,0
20200616T,4584.0,4584.0,4584.0,4584.0,0
20200617T,4584.0,4584.0,4584.0,4584.0,0
20200618T,4584.0,4584.0,4584.0,4584.0,0
20200619T,4584.0,4584.0,4584.0,4584.0,0
20200622T,4584.0,4584.0,4584.0,4584.0,0
20200623T,4584.0,4584.0,4584.0,4584.0,0
20200624T,4584.0,4584.0,4584.0,4584.0,0
20200625T,267.0,267.0,267.0,267.0,0
20200626T,267.0,267.0,267.0,267.0,0
20200629T,267.0,267.0,267.0,267.0,0
20200630T,267.0,267.0,267.0,267.0,0
20200701T,267.0,267.0,267.0,267.0,0
20200702T,287.0,287.0,287.0,287.0,0
20200703T,287.0,287.0,287.0,287.0,0
20200706T,287.0,287.0,287.0,287.0,0
20200707T,287.0,287.0,287.0,287.0,0
20200708T,267.0,267.0,267.0,267.0,0
20200709T,267.0,267.0,267.0,267.0,0
20200710T,267.0,267.0,267.0,267.0,0
20200713T,267.0,267.0,267.0,267.0,0
20200714T,267.0,267.0,267.0,267.0,0
20200715T,267.0,267.0,267.0,267.0,0
20200716T,267.0,267.0,267.0,267.0,0
20200717T,267.0,267.0,267.0,267.0,0
20200720T,267.0,267.0,267.0,267.0,0
20200721T,267.0,267.0,267.0,267.0,0
20200722T,267.0,267.0,267.0,267.0,0
20200723T,267.0,267.0,267.0,267.0,0
20200724T,267.0,267.0,267.0,267.0,0
20200727T,267.0,267.0,267.0,267.0,0
20200728T,267.0,267.0,267.0,267.0,0
20200729T,267.0,267.0,267.0,267.0,0
20200730T,267.0,267.0,267.0,267.0,0
20200803T,267.0,267.0,267.0,267.0,0
20200804T,267.0,267.0,267.0,267.0,0
20200805T,267.0,267.0,267.0,267.0,0
20200806T,267.0,267.0,267.0,267.0,0
20200807T,267.0,267.0,267.0,267.0,0
20200810T,267.0,267.0,267.0,267.0,0
20200811T,922.0,922.0,922.0,922.0,0
20200812T,1577.0,1577.0,1577.0,1577.0,0
20200813T,1577.0,1577.0,1577.0,1577.0,0
20200814T,1577.0,1577.0,1577.0,1577.0,0
20200817T,1577.0,1577.0,1577.0,1577.0,0
20200818T,1577.0,1577.0,1577.0,1577.0,0
20200819T,1577.0,1577.0,1577.0,1577.0,0
20200820T,1577.0,1577.0,1577.0,1577.0,0
20200821T,1577.0,1577.0,1577.0,1577.0,0
20200824T,1577.0,1577.0,1577.0,1577.0,0
20200825T,922.0,922.0,922.0,922.0,0
20200826T,267.0,267.0,267.0,267.0,0
20200827T,267.0,267.0,267.0,267.0,0
20200828T,267.0,267.0,267.0,267.0,0
20200831T,267.0,267.0,267.0,267.0,0
20200901T,267.0,267.0,267.0,267.0,0
20200902T,267.0,267.0,267.0,267.0,0
20200903T,267.0,267.0,267.0,267.0,0
20200904T,267.0,267.0,267.0,267.0,0
20200907T,267.0,267.0,267.0,267.0,0
20200908T,267.0,267.0,267.0,267.0,0
20200909T,267.0,267.0,267.0,267.0,0
20200910T,267.0,267.0,267.0,267.0,0
20200911T,267.0,267.0,267.0,267.0,0
20200914T,267.0,267.0,267.0,267.0,0
20200915T,267.0,267.0,267.0,267.0,0
20200916T,267.0,267.0,267.0,267.0,0
20200917T,267.0,267.0,267.0,267.0,0
20200918T,267.0,267.0,267.0,267.0,0
20200921T,267.0,267.0,267.0,267.0,0
20200922T,267.0,267.0,267.0,267.0,0
20200923T,267.0,267.0,267.0,267.0,0
20200924T,267.0,267.0,267.0,267.0,0
20200925T,267.0,267.0,267.0,267.0,0
20200928T,267.0,267.0,267.0,267.0,0
20200929T,267.0,267.0,267.0,267.0,0
20200930T,267.0,267.0,267.0,267.0,0
20201001T,267.0,267.0,267.0,267.0,0
20201005T,267.0,267.0,267.0,267.0,0
20201006T,267.0,267.0,267.0,267.0,0
20201007T,267.0,267.0,267.0,267.0,0
20201008T,267.0,267.0,267.0,267.0,0
20201009T,267.0,267.0,267.0,267.0,0
20201012T,267.0,267.0,267.0,267.0,0
20201013T,267.0,267.0,267.0,267.0,0
20201014T,267.0,267.0,267.0,267.0,0
20201015T,267.0,267.0,267.0,267.0,0
20201016T,267.0,267.0,267.0,267.0,0
20201019T,267.0,267.0,267.0,267.0,0
20201020T,267.0,267.0,267.0,267.0,0
20201021T,267.0,267.0,267.0,267.0,0
20201022T,267.0,267.0,267.0,267.0,0
20201023T,267.0,267.0,267.0,267.0,0
20201026T,267.0,267.0,267.0,267.0,0
20201027T,267.0,267.0,267.0,267.0,0
20201028T,267.0,267.0,267.0,267.0,0
20201029T,267.0,267.0,267.0,267.0,0
20201030T,267.0,267.0,267.0,267.0,0
20201102T,267.0,267.0,267.0,267.0,0
20201103T,267.0,267.0,267.0,267.0,0
20201104T,267.0,267.0,267.0,267.0,0
20201105T,267.0,267.0,267.0,267.0,0
20201106T,267.0,267.0,267.0,267.0,0
20201109T,267.0,267.0,267.0,267.0,0
20201110T,267.0,267.0,267.0,267.0,0
20201111T,267.0,267.0,267.0,267.0,0
20201112T,267.0,267.0,267.0,267.0,0
20201113T,267.0,267.0,267.0,267.0,0
20201117T,267.0,267.0,267.0,267.0,0
20201118T,267.0,267.0,267.0,267.0,0
20201119T,267.0,267.0,267.0,267.0,0
20201120T,267.0,267.0,267.0,267.0,0
20201123T,267.0,267.0,267.0,267.0,0
20201124T,267.0,267.0,267.0,267.0,0
20201125T,267.0,267.0,267.0,267.0,0
20201126T,267.0,267.0,267.0,267.0,0
20201127T,267.0,267.0,267.0,267.0,0
20201201T,267.0,267.0,267.0,267.0,0
20201202T,267.0,267.0,267.0,267.0,0
20201203T,267.0,267.0,267.0,267.0,0
20201204T,267.0,267.0,267.0,267.0,0
20201207T,267.0,267.0,267.0,267.0,0
20201208T,267.0,267.0,267.0,267.0,0
20201209T,267.0,267.0,267.0,267.0,0
20201210T,267.0,267.0,267.0,267.0,0
20201211T,267.0,267.0,267.0,267.0,0
20201214T,267.0,267.0,267.0,267.0,0
20201215T,267.0,267.0,267.0,267.0,0
20201216T,267.0,267.0,267.0,267.0,0
20201217T,267.0,267.0,267.0,267.0,0
20201218T,267.0,267.0,267.0,267.0,0
20201221T,267.0,267.0,267.0,267.0,0
20201222T,267.0,267.0,267.0,267.0,0
20201223T,267.0,267.0,267.0,267.0,0
20201224T,367.0,367.0,367.0,367.0,0
20201228T,367.0,367.0,367.0,367.0,0
20201229T,367.0,367.0,367.0,367.0,0
20201230T,367.0,367.0,367.0,367.0,0
20201231T,367.0,367.0,367.0,367.0,0
20210101T,367.0,367.0,367.0,367.0,0
20210104T,1497.0,1497.0,1497.0,1497.0,0
20210105T,1472.0,1472.0,1472.0,1472.0,0
20210106T,1457.0,1457.0,1457.0,1457.0,0
20210107T,1397.0,1397.0,1397.0,1397.0,0
20210108T,1397.0,1397.0,1397.0,1397.0,0
20210111T,1115.0,1115.0,1115.0,1115.0,0
20210112T,832.0,832.0,832.0,832.0,0
20210113T,832.0,832.0,832.0,832.0,0
20210114T,832.0,832.0,832.0,832.0,0
20210115T,832.0,832.0,832.0,832.0,0
20210118T,832.0,832.0,832.0,832.0,0
20210119T,832.0,832.0,832.0,832.0,0
20210120T,549.0,549.0,549.0,549.0,0
20210121T,549.0,549.0,549.0,549.0,0
20210122T,267.0,267.0,267.0,267.0,0
20210125T,267.0,267.0,267.0,267.0,0
20210127T,267.0,267.0,267.0,267.0,0
20210128T,267.0,267.0,267.0,267.0,0
20210129T,267.0,267.0,267.0,267.0,0
20210201T,267.0,267.0,267.0,267.0,0
20210202T,267.0,267.0,267.0,267.0,0
20210203T,267.0,267.0,267.0,267.0,0
20210204T,267.0,267.0,267.0,267.0,0
20210205T,267.0,267.0,267.0,267.0,0
20210208T,267.0,267.0,267.0,267.0,0
20210209T,267.0,267.0,267.0,267.0,0
20210210T,267.0,267.0,267.0,267.0,0
20210211T,267.0,267.0,267.0,267.0,0
20210212T,267.0,267.0,267.0,267.0,0
20210215T,267.0,267.0,267.0,267.0,0
20210216T,267.0,267.0,267.0,267.0,0
20210217T,267.0,267.0,267.0,267.0,0
20210218T,1467.0,1467.0,1467.0,1467.0,0
20210219T,267.0,267.0,267.0,267.0,0
20210222T,267.0,267.0,267.0,267.0,0
20210223T,267.0,267.0,267.0,267.0,0
20210224T,267.0,267.0,267.0,267.0,0
20210225T,267.0,267.0,267.0,267.0,0
20210226T,267.0,267.0,267.0,267.0,0
20210301T,267.0,267.0,267.0,267.0,0
20210302T,267.0,267.0,267.0,267.0,0
20210303T,267.0,267.0,267.0,267.0,0
20210304T,267.0,267.0,267.0,267.0,0
20210305T,267.0,267.0,267.0,267.0,0
20210308T,267.0,267.0,267.0,267.0,0
20210309T,267.0,267.0,267.0,267.0,0
20210310T,267.0,267.0,267.0,267.0,0
20210312T,267.0,267.0,267.0,267.0,0
20210315T,267.0,267.0,267.0,267.0,0
20210316T,267.0,267.0,267.0,267.0,0
20210317T,267.0,267.0,267.0,267.0,0
20210318T,267.0,267.0,267.0,267.0,0
20210319T,267.0,267.0,267.0,267.0,0
20210322T,267.0,267.0,267.0,267.0,0
20210323T,267.0,267.0,267.0,267.0,0
20210324T,267.0,267.0,267.0,267.0,0
20210325T,267.0,267.0,267.0,267.0,0
20210326T,267.0,267.0,267.0,267.0,0
20210330T,267.0,267.0,267.0,267.0,0
20210331T,267.0,267.0,267.0,267.0,0
20210401T,267.0,267.0,267.0,267.0,0
20210405T,267.0,267.0,267.0,267.0,0
20210406T,267.0,267.0,267.0,267.0,0
20210407T,267.0,267.0,267.0,267.0,0
20210408T,267.0,267.0,267.0,267.0,0
20210409T,267.0,267.0,267.0,267.0,0
20210412T,267.0,267.0,267.0,267.0,0
20210413T,267.0,267.0,267.0,267.0,0
20210415T,267.0,267.0,267.0,267.0,0
20210416T,267.0,267.0,267.0,267.0,0
20210419T,267.0,267.0,267.0,267.0,0
20210420T,267.0,267.0,267.0,267.0,0
20210422T,267.0,267.0,267.0,267.0,0
20210423T,267.0,267.0,267.0,267.0,0
20210426T,267.0,267.0,267.0,267.0,0
20210427T,267.0,267.0,267.0,267.0,0
20210428T,267.0,267.0,267.0,267.0,0
20210429T,267.0,267.0,267.0,267.0,0
20210430T,267.0,267.0,267.0,267.0,0
20210503T,267.0,267.0,267.0,267.0,0
20210504T,267.0,267.0,267.0,267.0,0
20210505T,267.0,267.0,267.0,267.0,0
20210506T,267.0,267.0,267.0,267.0,0
20210507T,267.0,267.0,267.0,267.0,0
20210510T,267.0,267.0,267.0,267.0,0
20210511T,267.0,267.0,267.0,267.0,0
20210512T,267.0,267.0,267.0,267.0,0
20210514T,267.0,267.0,267.0,267.0,0
20210517T,267.0,267.0,267.0,267.0,0
20210518T,267.0,267.0,267.0,267.0,0
20210519T,267.0,267.0,267.0,267.0,0
20210520T,267.0,267.0,267.0,267.0,0
20210521T,267.0,267.0,267.0,267.0,0
20210524T,267.0,267.0,267.0,267.0,0
20210525T,267.0,267.0,267.0,267.0,0
20210526T,267.0,267.0,267.0,267.0,0
20210527T,267.0,267.0,267.0,267.0,0
20210528T,267.0,267.0,267.0,267.0,0
20210531T,267.0,267.0,267.0,267.0,0
20210601T,267.0,267.0,267.0,267.0,0
20210602T,267.0,267.0,267.0,267.0,0
20210603T,267.0,267.0,267.0,267.0,0
20210604T,267.0,267.0,267.0,267.0,0
20210607T,267.0,267.0,267.0,267.0,0
20210608T,267.0,267.0,267.0,267.0,0
20210609T,267.0,267.0,267.0,267.0,0
20210610T,267.0,267.0,267.0,267.0,0
20210611T,267.0,267.0,267.0,267.0,0
20210614T,267.0,267.0,267.0,267.0,0
20210615T,267.0,267.0,267.0,267.0,0
20210616T,267.0,267.0,267.0,267.0,0
20210617T,267.0,267.0,267.0,267.0,0
20210618T,267.0,267.0,267.0,267.0,0
20210621T,267.0,267.0,267.0,267.0,0
20210622T,267.0,267.0,267.0,267.0,0
20210623T,267.0,267.0,267.0,267.0,0
20210624T,267.0,267.0,267.0,267.0,0
20210625T,401.0,401.0,401.0,401.0,0
20210628T,401.0,401.0,401.0,401.0,0
20210629T,401.0,401.0,401.0,401.0,0
20210630T,401.0,401.0,401.0,401.0,0
20210701T,401.0,401.0,401.0,401.0,0
20210702T,401.0,401.0,401.0,401.0,0
20210705T,401.0,401.0,401.0,401.0,0
20210706T,401.0,401.0,401.0,401.0,0
20210707T,401.0,401.0,401.0,401.0,0
20210708T,401.0,401.0,401.0,401.0,0
20210709T,401.0,401.0,401.0,401.0,0
20210712T,401.0,401.0,401.0,401.0,0
20210713T,401.0,401.0,401.0,401.0,0
20210714T,401.0,401.0,401.0,401.0,0
20210715T,401.0,401.0,401.0,401.0,0
20210716T,401.0,401.0,401.0,401.0,0
20210719T,401.0,401.0,401.0,401.0,0
20210720T,401.0,401.0,401.0,401.0,0
20210722T,401.0,401.0,401.0,401.0,0
20210723T,401.0,401.0,401.0,401.0,0
20210726T,401.0,401.0,401.0,401.0,0
20210727T,401.0,401.0,401.0,401.0,0
20210728T,401.0,401.0,401.0,401.0,0
20210729T,401.0,401.0,401.0,401.0,0
20210730T,401.0,401.0,401.0,401.0,0
20210802T,401.0,401.0,401.0,401.0,0
20210803T,401.0,401.0,401.0,401.0,0
20210804T,401.0,401.0,401.0,401.0,0
20210805T,401.0,401.0,401.0,401.0,0
20210806T,401.0,401.0,401.0,401.0,0
20210809T,401.0,401.0,401.0,401.0,0
20210810T,401.0,401.0,401.0,401.0,0
20210811T,401.0,401.0,401.0,401.0,0
20210812T,401.0,401.0,401.0,401.0,0
20210813T,401.0,401.0,401.0,401.0,0
20210816T,401.0,401.0,401.0,401.0,0
20210817T,401.0,401.0,401.0,401.0,0
20210818T,401.0,401.0,401.0,401.0,0
20210820T,401.0,401.0,401.0,401.0,0
20210823T,401.0,401.0,401.0,401.0,0
20210824T,401.0,401.0,401.0,401.0,0
20210825T,401.0,401.0,401.0,401.0,0
20210826T,401.0,401.0,401.0,401.0,0
20210827T,401.0,401.0,401.0,401.0,0
20210830T,401.0,401.0,401.0,401.0,0
20210831T,401.0,401.0,401.0,401.0,0
20210901T,401.0,401.0,401.0,401.0,0
20210902T,401.0,401.0,401.0,401.0,0
20210903T,401.0,401.0,401.0,401.0,0
20210906T,401.0,401.0,401.0,401.0,0
20210907T,401.0,401.0,401.0,401.0,0
20210908T,401.0,401.0,401.0,401.0,0
20210909T,401.0,401.0,401.0,401.0,0
20210913T,401.0,401.0,401.0,401.0,0
20210914T,401.0,401.0,401.0,401.0,0
20210915T,401.0,401.0,401.0,401.0,0
20210916T,401.0,401.0,401.0,401.0,0
20210917T,401.0,401.0,401.0,401.0,0
20210920T,401.0,401.0,401.0,401.0,0
20210921T,401.0,401.0,401.0,401.0,0
20210922T,401.0,401.0,401.0,401.0,0
20210923T,401.0,401.0,401.0,401.0,0
20210924T,401.0,401.0,401.0,401.0,0
20210927T,401.0,401.0,401.0,401.0,0
20210928T,401.0,401.0,401.0,401.0,0
20210929T,401.0,401.0,401.0,401.0,0
20210930T,401.0,401.0,401.0,401.0,0
20211001T,401.0,401.0,401.0,401.0,0
20211004T,401.0,401.0,401.0,401.0,0
20211005T,401.0,401.0,401.0,401.0,0
20211006T,401.0,401.0,401.0,401.0,0
20211007T,401.0,401.0,401.0,401.0,0
20211008T,401.0,401.0,401.0,401.0,0
20211011T,401.0,401.0,401.0,401.0,0
20211012T,401.0,401.0,401.0,401.0,0
20211013T,401.0,401.0,401.0,401.0,0
20211014T,401.0,401.0,401.0,401.0,0
20211018T,401.0,401.0,401.0,401.0,0
20211019T,401.0,401.0,401.0,401.0,0
20211020T,401.0,401.0,401.0,401.0,0
20211021T,401.0,401.0,401.0,401.0,0
20211022T,401.0,401.0,401.0,401.0,0
20211025T,401.0,401.0,401.0,401.0,0
20211026T,401.0,401.0,401.0,401.0,0
20211027T,401.0,401.0,401.0,401.0,0
20211028T,401.0,401.0,401.0,401.0,0
20211029T,401.0,401.0,401.0,401.0,0
20211101T,401.0,401.0,401.0,401.0,0
20211102T,401.0,401.0,401.0,401.0,0
20211103T,401.0,401.0,401.0,401.0,0
20211108T,401.0,401.0,401.0,401.0,0
20211109T,401.0,401.0,401.0,401.0,0
20211110T,401.0,401.0,401.0,401.0,0
20211111T,401.0,401.0,401.0,401.0,0
20211112T,401.0,401.0,401.0,401.0,0
20211115T,401.0,401.0,401.0,401.0,0
20211116T,401.0,401.0,401.0,401.0,0
20211117T,401.0,401.0,401.0,401.0,0
20211118T,401.0,401.0,401.0,401.0,0
20211122T,401.0,401.0,401.0,401.0,0
20211123T,401.0,401.0,401.0,401.0,0
20211124T,401.0,401.0,401.0,401.0,0
20211125T,401.0,401.0,401.0,401.0,0
20211126T,401.0,401.0,401.0,401.0,0
20211129T,401.0,401.0,401.0,401.0,0
20211130T,401.0,401.0,401.0,401.0,0
20211201T,401.0,401.0,401.0,401.0,0
20211202T,401.0,401.0,401.0,401.0,0
20211203T,588.0,588.0,588.0,588.0,0
20211206T,588.0,588.0,588.0,588.0,0
20211207T,588.0,588.0,588.0,588.0,0
20211208T,588.0,588.0,588.0,588.0,0
20211209T,588.0,588.0,588.0,588.0,0
20211210T,588.0,588.0,588.0,588.0,0
20211213T,588.0,588.0,588.0,588.0,0
20211214T,588.0,588.0,588.0,588.0,0
20211215T,588.0,588.0,588.0,588.0,0
20211216T,588.0,588.0,588.0,588.0,0
20211217T,819.0,819.0,819.0,819.0,0
20211220T,819.0,819.0,819.0,819.0,0
20211221T,819.0,819.0,819.0,819.0,0
20211222T,819.0,819.0,819.0,819.0,0
20211223T,819.0,819.0,819.0,819.0,0
20211224T,819.0,819.0,819.0,819.0,0
20211227T,819.0,819.0,819.0,819.0,0
20211228T,819.0,819.0,819.0,819.0,0
20211229T,819.0,819.0,819.0,819.0,0
20211230T,819.0,819.0,819.0,819.0,0
20211231T,819.0,819.0,819.0,819.0,0
20220103T,819.0,819.0,819.0,819.0,0
20220104T,819.0,819.0,819.0,819.0,0
20220105T,819.0,819.0,819.0,819.0,0
20220106T,819.0,819.0,819.0,819.0,0
20220107T,819.0,819.0,819.0,819.0,0
20220110T,819.0,819.0,819.0,819.0,0
20220111T,819.0,819.0,819.0,819.0,0
20220112T,819.0,819.0,819.0,819.0,0
20220113T,819.0,819.0,819.0,819.0,0
20220114T,819.0,819.0,819.0,819.0,0
20220117T,819.0,819.0,819.0,819.0,0
20220118T,819.0,819.0,819.0,819.0,0
20220119T,819.0,819.0,819.0,819.0,0
20220120T,819.0,819.0,819.0,819.0,0
20220121T,819.0,819.0,819.0,819.0,0
20220124T,819.0,819.0,819.0,819.0,0
20220125T,819.0,819.0,819.0,819.0,0
20220127T,819.0,819.0,819.0,819.0,0
20220128T,819.0,819.0,819.0,819.0,0
20220131T,819.0,819.0,819.0,819.0,0
20220201T,819.0,819.0,819.0,819.0,0
20220202T,819.0,819.0,819.0,819.0,0
20220203T,819.0,819.0,819.0,819.0,0
20220204T,819.0,819.0,819.0,819.0,0
20220207T,819.0,819.0,819.0,819.0,0
20220208T,819.0,819.0,819.0,819.0,0
20220209T,819.0,819.0,819.0,819.0,0
20220210T,401.0,401.0,401.0,401.0,0
20220211T,819.0,819.0,819.0,819.0,0
20220214T,819.0,819.0,819.0,819.0,0
20220215T,819.0,819.0,819.0,819.0,0
20220216T,819.0,819.0,819.0,819.0,0
20220217T,819.0,819.0,819.0,819.0,0
20220218T,819.0,819.0,819.0,819.0,0
20220221T,819.0,819.0,819.0,819.0,0
20220222T,819.0,819.0,819.0,819.0,0
20220223T,819.0,819.0,819.0,819.0,0
20220224T,819.0,819.0,819.0,819.0,0
20220225T,819.0,819.0,819.0,819.0,0
20220228T,819.0,819.0,819.0,819.0,0
20220302T,819.0,819.0,819.0,819.0,0
20220303T,819.0,819.0,819.0,819.0,0
20220304T,819.0,819.0,819.0,819.0,0
20220307T,819.0,819.0,819.0,819.0,0
20220308T,819.0,819.0,819.0,819.0,0
20220309T,859.0,859.0,859.0,859.0,0
20220310T,819.0,819.0,819.0,819.0,0
20220311T,819.0,819.0,819.0,819.0,0
20220314T,959.0,959.0,959.0,959.0,0
20220315T,959.0,959.0,959.0,959.0,0
20220316T,969.0,969.0,969.0,969.0,0
20220317T,969.0,969.0,969.0,969.0,0
20220321T,939.0,939.0,939.0,939.0,0
20220322T,939.0,939.0,939.0,939.0,0
20220323T,979.0,979.0,979.0,979.0,0
20220324T,959.0,959.0,959.0,959.0,0
20220325T,979.0,979.0,979.0,979.0,0
20220328T,979.0,979.0,979.0,979.0,0
20220329T,979.0,979.0,979.0,979.0,0
20220330T,979.0,979.0,979.0,979.0,0
20220331T,939.0,939.0,939.0,939.0,0
20220401T,979.0,979.0,979.0,979.0,0
20220404T,979.0,979.0,979.0,979.0,0
20220405T,979.0,979.0,979.0,979.0,0
20220406T,979.0,979.0,979.0,979.0,0
20220407T,979.0,979.0,979.0,979.0,0
20220408T,979.0,979.0,979.0,979.0,0
20220411T,979.0,979.0,979.0,979.0,0
20220412T,979.0,979.0,979.0,979.0,0
20220413T,939.0,939.0,939.0,939.0,0
20220418T,939.0,939.0,939.0,939.0,0
20220419T,939.0,939.0,939.0,939.0,0
20220420T,939.0,939.0,939.0,939.0,0
20220421T,979.0,979.0,979.0,979.0,0
20220422T,979.0,979.0,979.0,979.0,0
20220425T,979.0,979.0,979.0,979.0,0
20220426T,939.0,939.0,939.0,939.0,0
20220427T,939.0,939.0,939.0,939.0,0
20220428T,939.0,939.0,939.0,939.0,0
20220429T,939.0,939.0,939.0,939.0,0
20220502T,939.0,939.0,939.0,939.0,0
20220504T,939.0,939.0,939.0,939.0,0
20220505T,939.0,939.0,939.0,939.0,0
20220506T,939.0,939.0,939.0,939.0,0
20220509T,939.0,939.0,939.0,939.0,0
20220510T,939.0,939.0,939.0,939.0,0
20220511T,979.0,979.0,979.0,979.0,0
20220512T,979.0,979.0,979.0,979.0,0
20220513T,979.0,979.0,979.0,979.0,0
20220516T,979.0,979.0,979.0,979.0,0
20220517T,979.0,979.0,979.0,979.0,0
20220518T,979.0,979.0,979.0,979.0,0
20220519T,859.0,859.0,859.0,859.0,0
20220520T,859.0,859.0,859.0,859.0,0
20220523T,859.0,859.0,859.0,859.0,0
20220524T,859.0,859.0,859.0,859.0,0
20220525T,859.0,859.0,859.0,859.0,0
20220526T,819.0,819.0,819.0,819.0,0
20220527T,839.0,839.0,839.0,839.0,0
20220530T,819.0,819.0,819.0,819.0,0
20220531T,819.0,819.0,819.0,819.0,0
20220601T,819.0,819.0,819.0,819.0,0
20220602T,819.0,819.0,819.0,819.0,0
20220603T,819.0,819.0,819.0,819.0,0
20220606T,819.0,819.0,819.0,819.0,0
20220607T,819.0,819.0,819.0,819.0,0
20220608T,819.0,819.0,819.0,819.0,0
20220609T,819.0,819.0,819.0,819.0,0
20220610T,819.0,819.0,819.0,819.0,0
20220613T,859.0,859.0,859.0,859.0,0
20220614T,859.0,859.0,859.0,859.0,0
20220615T,899.0,899.0,899.0,899.0,0
20220616T,819.0,819.0,819.0,819.0,0
20220617T,819.0,819.0,819.0,819.0,0
20220620T,819.0,819.0,819.0,819.0,0
20220621T,819.0,819.0,819.0,819.0,0
20220622T,819.0,819.0,819.0,819.0,0
20220623T,819.0,819.0,819.0,819.0,0
20220624T,819.0,819.0,819.0,819.0,0
20220627T,819.0,819.0,819.0,819.0,0
20220628T,819.0,819.0,819.0,819.0,0
20220629T,819.0,819.0,819.0,819.0,0
20220630T,719.0,719.0,719.0,719.0,0
20220701T,719.0,719.0,719.0,719.0,0
20220704T,719.0,719.0,719.0,719.0,0
20220705T,719.0,719.0,719.0,719.0,0
20220706T,719.0,719.0,719.0,719.0,0
20220707T,719.0,719.0,719.0,719.0,0
20220708T,719.0,719.0,719.0,719.0,0
20220711T,719.0,719.0,719.0,719.0,0
20220712T,719.0,719.0,719.0,719.0,0
20220713T,719.0,719.0,719.0,719.0,0
20220714T,719.0,719.0,719.0,719.0,0
20220715T,719.0,719.0,719.0,719.0,0
20220718T,719.0,719.0,719.0,719.0,0
20220719T,719.0,719.0,719.0,719.0,0
20220720T,719.0,719.0,719.0,719.0,0
20220721T,719.0,719.0,719.0,719.0,0
20220722T,719.0,719.0,719.0,719.0,0
20220725T,719.0,719.0,719.0,719.0,0
20220726T,719.0,719.0,719.0,719.0,0
20220727T,719.0,719.0,719.0,719.0,0
20220728T,774.0,774.0,774.0,774.0,0
20220729T,774.0,774.0,774.0,774.0,0
20220801T,774.0,774.0,774.0,774.0,0
20220802T,774.0,774.0,774.0,774.0,0
20220803T,774.0,774.0,774.0,774.0,0
20220804T,719.0,719.0,719.0,719.0,0
20220805T,719.0,719.0,719.0,719.0,0
20220808T,719.0,719.0,719.0,719.0,0
20220810T,719.0,719.0,719.0,719.0,0
20220811T,719.0,719.0,719.0,719.0,0
20220812T,719.0,719.0,719.0,719.0,0
20220816T,719.0,719.0,719.0,719.0,0
20220817T,719.0,719.0,719.0,719.0,0
20220818T,719.0,719.0,719.0,719.0,0
20220819T,719.0,719.0,719.0,719.0,0
20220822T,719.0,719.0,719.0,719.0,0
20220823T,719.0,719.0,719.0,719.0,0
20220824T,719.0,719.0,719.0,719.0,0
20220825T,719.0,719.0,719.0,719.0,0
20220826T,719.0,719.0,719.0,719.0,0
20220829T,719.0,719.0,719.0,719.0,0
20220830T,719.0,719.0,719.0,719.0,0
20220901T,719.0,719.0,719.0,719.0,0
20220902T,719.0,719.0,719.0,719.0,0
20220905T,719.0,719.0,719.0,719.0,0
20220906T,719.0,719.0,719.0,719.0,0
20220907T,719.0,719.0,719.0,719.0,0
20220908T,719.0,719.0,719.0,719.0,0
20220909T,719.0,719.0,719.0,719.0,0
20220912T,719.0,719.0,719.0,719.0,0
20220913T,719.0,719.0,719.0,719.0,0
20220914T,719.0,719.0,719.0,719.0,0
20220915T,719.0,719.0,719.0,719.0,0
20220916T,719.0,719.0,719.0,719.0,0
20220919T,719.0,719.0,719.0,719.0,0
20220920T,719.0,719.0,719.0,719.0,0
20220921T,719.0,719.0,719.0,719.0,0
20220922T,719.0,719.0,719.0,719.0,0
20220923T,719.0,719.0,719.0,719.0,0
20220926T,719.0,719.0,719.0,719.0,0
20220927T,719.0,719.0,719.0,719.0,0
20220928T,719.0,719.0,719.0,719.0,0
20220929T,719.0,719.0,719.0,719.0,0
20220930T,719.0,719.0,719.0,719.0,0
20221003T,719.0,719.0,719.0,719.0,0
20221004T,719.0,719.0,719.0,719.0,0
20221006T,719.0,719.0,719.0,719.0,0
20221007T,719.0,719.0,719.0,719.0,0
20221010T,719.0,719.0,719.0,719.0,0
20221011T,719.0,719.0,719.0,719.0,0
20221012T,719.0,719.0,719.0,719.0,0
20221013T,719.0,719.0,719.0,719.0,0
20221014T,719.0,719.0,719.0,719.0,0
20221017T,719.0,719.0,719.0,719.0,0
20221018T,719.0,719.0,719.0,719.0,0
20221019T,719.0,719.0,719.0,719.0,0
20221020T,719.0,719.0,719.0,719.0,0
20221021T,719.0,719.0,719.0,719.0,0
20221025T,719.0,719.0,719.0,719.0,0
20221027T,719.0,719.0,719.0,719.0,0
20221028T,719.0,719.0,719.0,719.0,0
20221031T,719.0,719.0,719.0,719.0,0
20221101T,719.0,719.0,719.0,719.0,0
20221102T,719.0,719.0,719.0,719.0,0
20221103T,719.0,719.0,719.0,719.0,0
20221104T,719.0,719.0,719.0,719.0,0
20221107T,719.0,719.0,719.0,719.0,0
20221109T,719.0,719.0,719.0,719.0,0
20221110T,719.0,719.0,719.0,719.0,0
20221111T,719.0,719.0,719.0,719.0,0
20221114T,719.0,719.0,719.0,719.0,0
20221115T,719.0,719.0,719.0,719.0,0
20221116T,719.0,719.0,719.0,719.0,0
20221117T,719.0,719.0,719.0,719.0,0
20221118T,727.0,727.0,727.0,727.0,0
20221121T,727.0,727.0,727.0,727.0,0
20221122T,727.0,727.0,727.0,727.0,0
20221123T,727.0,727.0,727.0,727.0,0
20221124T,719.0,719.0,719.0,719.0,0
20221125T,719.0,719.0,719.0,719.0,0
20221128T,719.0,719.0,719.0,719.0,0
20221129T,719.0,719.0,719.0,719.0,0
20221130T,719.0,719.0,719.0,719.0,0
20221201T,719.0,719.0,719.0,719.0,0
20221202T,719.0,719.0,719.0,719.0,0
20221205T,719.0,719.0,719.0,719.0,0
20221206T,719.0,719.0,719.0,719.0,0
20221207T,719.0,719.0,719.0,719.0,0
20221208T,719.0,719.0,719.0,719.0,0
20221209T,719.0,719.0,719.0,719.0,0
20221212T,719.0,719.0,719.0,719.0,0
20221213T,719.0,719.0,719.0,719.0,0
20221214T,719.0,719.0,719.0,719.0,0
20221215T,719.0,719.0,719.0,719.0,0
20221216T,719.0,719.0,719.0,719.0,0
20221219T,719.0,719.0,719.0,719.0,0
20221220T,719.0,719.0,719.0,719.0,0
20221221T,719.0,719.0,719.0,719.0,0
20221222T,719.0,719.0,719.0,719.0,0
20221223T,719.0,719.0,719.0,719.0,0
20221226T,719.0,719.0,719.0,719.0,0
20221227T,719.0,719.0,719.0,719.0,0
20221228T,719.0,719.0,719.0,719.0,0
20221229T,401.0,401.0,401.0,401.0,0
20221230T,401.0,401.0,401.0,401.0,0
20230102T,401.0,401.0,401.0,401.0,0
20230103T,401.0,401.0,401.0,401.0,0
20230104T,401.0,401.0,401.0,401.0,0
20230105T,401.0,401.0,401.0,401.0,0
20230106T,401.0,401.0,401.0,401.0,0
20230109T,401.0,401.0,401.0,401.0,0
20230110T,401.0,401.0,401.0,401.0,0
20230111T,401.0,401.0,401.0,401.0,0
20230112T,401.0,401.0,401.0,401.0,0
20230113T,401.0,401.0,401.0,401.0,0
20230116T,401.0,401.0,401.0,401.0,0
20230117T,401.0,401.0,401.0,401.0,0
20230118T,401.0,401.0,401.0,401.0,0
20230119T,401.0,401.0,401.0,401.0,0
20230120T,401.0,401.0,401.0,401.0,0
20230123T,401.0,401.0,401.0,401.0,0
20230124T,401.0,401.0,401.0,401.0,0
20230125T,401.0,401.0,401.0,401.0,0
20230127T,1981.0,1981.0,1981.0,1981.0,0
20230130T,1981.0,1981.0,1981.0,1981.0,0
20230131T,1601.0,1601.0,1601.0,1601.0,0
20230201T,1601.0,1601.0,1601.0,1601.0,0
20230202T,1601.0,1601.0,1601.0,1601.0,0
20230203T,1601.0,1601.0,1601.0,1601.0,0
20230206T,1471.0,1471.0,1471.0,1471.0,0
20230207T,1471.0,1471.0,1471.0,1471.0,0
20230208T,1471.0,1471.0,1471.0,1471.0,0
20230209T,1471.0,1471.0,1471.0,1471.0,0
20230210T,1471.0,1471.0,1471.0,1471.0,0
20230213T,1471.0,1471.0,1471.0,1471.0,0
20230214T,1471.0,1471.0,1471.0,1471.0,0
20230215T,1471.0,1471.0,1471.0,1471.0,0
20230216T,1471.0,1471.0,1471.0,1471.0,0
20230217T,1471.0,1471.0,1471.0,1471.0,0
20230220T,1471.0,1471.0,1471.0,1471.0,0
20230221T,1471.0,1471.0,1471.0,1471.0,0
20230222T,1471.0,1471.0,1471.0,1471.0,0
20230223T,401.0,401.0,401.0,401.0,0
20230224T,401.0,401.0,401.0,401.0,0
20230227T,401.0,401.0,401.0,401.0,0
20230228T,401.0,401.0,401.0,401.0,0
20230301T,401.0,401.0,401.0,401.0,0
20230302T,401.0,401.0,401.0,401.0,0
20230303T,401.0,401.0,401.0,401.0,0
20230306T,401.0,401.0,401.0,401.0,0
20230308T,401.0,401.0,401.0,401.0,0
20230309T,401.0,401.0,401.0,401.0,0
20230310T,401.0,401.0,401.0,401.0,0
20230313T,401.0,401.0,401.0,401.0,0
20230314T,401.0,401.0,401.0,401.0,0
20230315T,2201.0,2201.0,2201.0,2201.0,0
20230316T,401.0,401.0,401.0,401.0,0
20230317T,401.0,401.0,401.0,401.0,0
20230320T,401.0,401.0,401.0,401.0,0
20230321T,401.0,401.0,401.0,401.0,0
20230322T,401.0,401.0,401.0,401.0,0
20230323T,401.0,401.0,401.0,401.0,0
20230324T,401.0,401.0,401.0,401.0,0
20230327T,401.0,401.0,401.0,401.0,0
20230328T,401.0,401.0,401.0,401.0,0
20230329T,401.0,401.0,401.0,401.0,0
20230331T,401.0,401.0,401.0,401.0,0
20230403T,401.0,401.0,401.0,401.0,0
20230405T,401.0,401.0,401.0,401.0,0
20230406T,401.0,401.0,401.0,401.0,0
20230410T,401.0,401.0,401.0,401.0,0
20230411T,401.0,401.0,401.0,401.0,0
20230412T,401.0,401.0,401.0,401.0,0
20230413T,401.0,401.0,401.0,401.0,0
20230417T,401.0,401.0,401.0,401.0,0
20230418T,401.0,401.0,401.0,401.0,0
20230419T,401.0,401.0,401.0,401.0,0
20230420T,401.0,401.0,401.0,401.0,0
20230421T,401.0,401.0,401.0,401.0,0
20230424T,401.0,401.0,401.0,401.0,0
20230425T,401.0,401.0,401.0,401.0,0
20230426T,401.0,401.0,401.0,401.0,0
20230427T,401.0,401.0,401.0,401.0,0
20230428T,401.0,401.0,401.0,401.0,0
20230502T,401.0,401.0,401.0,401.0,0
20230503T,401.0,401.0,401.0,401.0,0
20230504T,401.0,401.0,401.0,401.0,0
20230505T,401.0,401.0,401.0,401.0,0
20230508T,401.0,401.0,401.0,401.0,0
20230509T,401.0,401.0,401.0,401.0,0
20230510T,401.0,401.0,401.0,401.0,0
20230511T,401.0,401.0,401.0,401.0,0
20230512T,401.0,401.0,401.0,401.0,0
20230515T,401.0,401.0,401.0,401.0,0
20230516T,401.0,401.0,401.0,401.0,0
20230517T,401.0,401.0,401.0,401.0,0
20230518T,401.0,401.0,401.0,401.0,0
20230519T,401.0,401.0,401.0,401.0,0
20230522T,401.0,401.0,401.0,401.0,0
20230523T,401.0,401.0,401.0,401.0,0
20230524T,401.0,401.0,401.0,401.0,0
20230525T,401.0,401.0,401.0,401.0,0
20230526T,401.0,401.0,401.0,401.0,0
20230529T,401.0,401.0,401.0,401.0,0
20230530T,401.0,401.0,401.0,401.0,0
20230531T,401.0,401.0,401.0,401.0,0
20230601T,401.0,401.0,401.0,401.0,0
20230602T,401.0,401.0,401.0,401.0,0
20230605T,401.0,401.0,401.0,401.0,0
20230606T,401.0,401.0,401.0,401.0,0
20230607T,401.0,401.0,401.0,401.0,0
20230608T,401.0,401.0,401.0,401.0,0
20230609T,401.0,401.0,401.0,401.0,0
20230612T,401.0,401.0,401.0,401.0,0
20230613T,401.0,401.0,401.0,401.0,0
20230614T,401.0,401.0,401.0,401.0,0
20230615T,401.0,401.0,401.0,401.0,0
20230616T,401.0,401.0,401.0,401.0,0
20230619T,401.0,401.0,401.0,401.0,0
20230620T,401.0,401.0,401.0,401.0,0
20230621T,401.0,401.0,401.0,401.0,0
20230622T,401.0,401.0,401.0,401.0,0
20230623T,401.0,401.0,401.0,401.0,0
20230626T,401.0,401.0,401.0,401.0,0
20230627T,401.0,401.0,401.0,401.0,0
20230628T,0.0,0.0,0.0,0.0,0
20230630T,0.0,0.0,0.0,0.0,0
20230703T,0.0,0.0,0.0,0.0,0
20230704T,0.0,0.0,0.0,0.0,0
20230705T,0.0,0.0,0.0,0.0,0
20230706T,0.0,0.0,0.0,0.0,0
20230707T,0.0,0.0,0.0,0.0,0
20230710T,0.0,0.0,0.0,0.0,0
20230711T,0.0,0.0,0.0,0.0,0
20230712T,0.0,0.0,0.0,0.0,0
20230713T,0.0,0.0,0.0,0.0,0
20230714T,0.0,0.0,0.0,0.0,0
20230717T,0.0,0.0,0.0,0.0,0
20230718T,0.0,0.0,0.0,0.0,0
20230719T,0.0,0.0,0.0,0.0,0
20230720T,0.0,0.0,0.0,0.0,0
20230721T,0.0,0.0,0.0,0.0,0
20230724T,0.0,0.0,0.0,0.0,0
20230725T,0.0,0.0,0.0,0.0,0
20230726T,0.0,0.0,0.0,0.0,0
20230727T,0.0,0.0,0.0,0.0,0
20230728T,0.0,0.0,0.0,0.0,0
20230731T,0.0,0.0,0.0,0.0,0
20230801T,0.0,0.0,0.0,0.0,0
20230802T,0.0,0.0,0.0,0.0,0
20230803T,0.0,0.0,0.0,0.0,0
20230804T,0.0,0.0,0.0,0.0,0
20230807T,0.0,0.0,0.0,0.0,0
20230808T,0.0,0.0,0.0,0.0,0
20230809T,0.0,0.0,0.0,0.0,0
20230810T,0.0,0.0,0.0,0.0,0
20230811T,0.0,0.0,0.0,0.0,0
20230814T,0.0,0.0,0.0,0.0,0
20230816T,0.0,0.0,0.0,0.0,0
20230817T,0.0,0.0,0.0,0.0,0
20230818T,0.0,0.0,0.0,0.0,0
20230821T,0.0,0.0,0.0,0.0,0
20230822T,0.0,0.0,0.0,0.0,0
20230823T,0.0,0.0,0.0,0.0,0
20230824T,0.0,0.0,0.0,0.0,0
20230825T,0.0,0.0,0.0,0.0,0
20230828T,0.0,0.0,0.0,0.0,0
20230829T,0.0,0.0,0.0,0.0,0
20230830T,0.0,0.0,0.0,0.0,0
20230831T,0.0,0.0,0.0,0.0,0
20230901T,0.0,0.0,0.0,0.0,0
20230904T,0.0,0.0,0.0,0.0,0
20230905T,0.0,0.0,0.0,0.0,0
20230906T,0.0,0.0,0.0,0.0,0
20230907T,0.0,0.0,0.0,0.0,0
20230908T,0.0,0.0,0.0,0.0,0
20230911T,0.0,0.0,0.0,0.0,0
20230912T,0.0,0.0,0.0,0.0,0
20230913T,0.0,0.0,0.0,0.0,0
20230914T,0.0,0.0,0.0,0.0,0
20230915T,0.0,0.0,0.0,0.0,0
20230918T,0.0,0.0,0.0,0.0,0
20230920T,0.0,0.0,0.0,0.0,0
20230921T,0.0,0.0,0.0,0.0,0
20230922T,0.0,0.0,0.0,0.0,0
20230925T,0.0,0.0,0.0,0.0,0
20230926T,0.0,0.0,0.0,0.0,0
20230927T,0.0,0.0,0.0,0.0,0
20230928T,0.0,0.0,0.0,0.0,0
20230929T,0.0,0.0,0.0,0.0,0
20231003T,0.0,0.0,0.0,0.0,0
20231004T,0.0,0.0,0.0,0.0,0
20231005T,0.0,0.0,0.0,0.0,0
20231006T,0.0,0.0,0.0,0.0,0
20231009T,0.0,0.0,0.0,0.0,0
20231010T,0.0,0.0,0.0,0.0,0
20231011T,0.0,0.0,0.0,0.0,0
20231012T,0.0,0.0,0.0,0.0,0
20231013T,0.0,0.0,0.0,0.0,0
20231016T,0.0,0.0,0.0,0.0,0
20231017T,0.0,0.0,0.0,0.0,0
20231018T,0.0,0.0,0.0,0.0,0
20231019T,0.0,0.0,0.0,0.0,0
20231020T,0.0,0.0,0.0,0.0,0
20231023T,0.0,0.0,0.0,0.0,0
20231025T,0.0,0.0,0.0,0.0,0
20231026T,0.0,0.0,0.0,0.0,0
20231027T,0.0,0.0,0.0,0.0,0
20231030T,0.0,0.0,0.0,0.0,0
20231031T,0.0,0.0,0.0,0.0,0
20231101T,0.0,0.0,0.0,0.0,0
20231102T,0.0,0.0,0.0,0.0,0
20231103T,0.0,0.0,0.0,0.0,0
20231106T,0.0,0.0,0.0,0.0,0
20231107T,0.0,0.0,0.0,0.0,0
20231108T,0.0,0.0,0.0,0.0,0
20231109T,0.0,0.0,0.0,0.0,0
20231110T,0.0,0.0,0.0,0.0,0
20231113T,0.0,0.0,0.0,0.0,0
20231115T,0.0,0.0,0.0,0.0,0
20231116T,0.0,0.0,0.0,0.0,0
20231117T,0.0,0.0,0.0,0.0,0
20231120T,0.0,0.0,0.0,0.0,0
20231121T,0.0,0.0,0.0,0.0,0
20231122T,0.0,0.0,0.0,0.0,0
20231123T,0.0,0.0,0.0,0.0,0
20231124T,0.0,0.0,0.0,0.0,0
20231128T,0.0,0.0,0.0,0.0,0
20231129T,0.0,0.0,0.0,0.0,0
20231130T,0.0,0.0,0.0,0.0,0
20231201T,0.0,0.0,0.0,0.0,0
20231204T,0.0,0.0,0.0,0.0,0
20231205T,0.0,0.0,0.0,0.0,0
20231206T,0.0,0.0,0.0,0.0,0
20231207T,0.0,0.0,0.0,0.0,0
20231208T,0.0,0.0,0.0,0.0,0
20231211T,0.0,0.0,0.0,0.0,0
20231212T,0.0,0.0,0.0,0.0,0
20231213T,0.0,0.0,0.0,0.0,0
20231214T,0.0,0.0,0.0,0.0,0
20231215T,0.0,0.0,0.0,0.0,0
20231218T,0.0,0.0,0.0,0.0,0
20231219T,0.0,0.0,0.0,0.0,0
20231220T,0.0,0.0,0.0,0.0,0
20231221T,0.0,0.0,0.0,0.0,0
20231222T,0.0,0.0,0.0,0.0,0
20231226T,0.0,0.0,0.0,0.0,0
20231227T,0.0,0.0,0.0,0.0,0
20231228T,0.0,0.0,0.0,0.0,0
20231229T,0.0,0.0,0.0,0.0,0
20240101T,0.0,0.0,0.0,0.0,0
20240102T,0.0,0.0,0.0,0.0,0
20240103T,0.0,0.0,0.0,0.0,0
20240104T,0.0,0.0,0.0,0.0,0
20240105T,0.0,0.0,0.0,0.0,0
20240108T,0.0,0.0,0.0,0.0,0
20240109T,0.0,0.0,0.0,0.0,0
20240110T,0.0,0.0,0.0,0.0,0
20240111T,0.0,0.0,0.0,0.0,0
20240112T,0.0,0.0,0.0,0.0,0
20240115T,0.0,0.0,0.0,0.0,0
20240116T,0.0,0.0,0.0,0.0,0
20240117T,0.0,0.0,0.0,0.0,0
20240118T,0.0,0.0,0.0,0.0,0
20240119T,0.0,0.0,0.0,0.0,0
20240123T,0.0,0.0,0.0,0.0,0
20240124T,0.0,0.0,0.0,0.0,0
20240125T,0.0,0.0,0.0,0.0,0
20240129T,0.0,0.0,0.0,0.0,0
20240130T,0.0,0.0,0.0,0.0,0
20240131T,0.0,0.0,0.0,0.0,0
20240201T,0.0,0.0,0.0,0.0,0
20240202T,0.0,0.0,0.0,0.0,0
20240205T,0.0,0.0,0.0,0.0,0
20240206T,0.0,0.0,0.0,0.0,0
20240207T,0.0,0.0,0.0,0.0,0
20240208T,0.0,0.0,0.0,0.0,0
20240209T,0.0,0.0,0.0,0.0,0
20240212T,0.0,0.0,0.0,0.0,0
20240213T,0.0,0.0,0.0,0.0,0
20240214T,0.0,0.0,0.0,0.0,0
20240215T,0.0,0.0,0.0,0.0,0
20240216T,0.0,0.0,0.0,0.0,0
20240219T,0.0,0.0,0.0,0.0,0
20240220T,0.0,0.0,0.0,0.0,0
20240221T,0.0,0.0,0.0,0.0,0
20240223T,0.0,0.0,0.0,0.0,0
20240226T,0.0,0.0,0.0,0.0,0
20240227T,0.0,0.0,0.0,0.0,0
20240228T,0.0,0.0,0.0,0.0,0
20240229T,0.0,0.0,0.0,0.0,0
20240301T,0.0,0.0,0.0,0.0,0
20240304T,0.0,0.0,0.0,0.0,0
20240305T,0.0,0.0,0.0,0.0,0
20240306T,0.0,0.0,0.0,0.0,0
20240307T,0.0,0.0,0.0,0.0,0
20240311T,0.0,0.0,0.0,0.0,0
20240312T,0.0,0.0,0.0,0.0,0
20240313T,0.0,0.0,0.0,0.0,0
20240314T,0.0,0.0,0.0,0.0,0
20240315T,0.0,0.0,0.0,0.0,0
20240318T,0.0,0.0,0.0,0.0,0
20240319T,0.0,0.0,0.0,0.0,0
20240320T,0.0,0.0,0.0,0.0,0
20240321T,0.0,0.0,0.0,0.0,0
20240322T,0.0,0.0,0.0,0.0,0
20240326T,0.0,0.0,0.0,0.0,0
20240327T,0.0,0.0,0.0,0.0,0
20240328T,0.0,0.0,0.0,0.0,0
20240401T,0.0,0.0,0.0,0.0,0
20240402T,0.0,0.0,0.0,0.0,0
20240403T,0.0,0.0,0.0,0.0,0
20240404T,0.0,0.0,0.0,0.0,0
20240405T,0.0,0.0,0.0,0.0,0
20240408T,0.0,0.0,0.0,0.0,0
20240409T,24.0,24.0,24.0,24.0,0
20240410T,0.0,0.0,0.0,0.0,0
20240412T,0.0,0.0,0.0,0.0,0
20240415T,0.0,0.0,0.0,0.0,0
20240416T,0.0,0.0,0.0,0.0,0
20240418T,0.0,0.0,0.0,0.0,0
20240419T,0.0,0.0,0.0,0.0,0
20240422T,0.0,0.0,0.0,0.0,0
20240423T,0.0,0.0,0.0,0.0,0
20240424T,0.0,0.0,0.0,0.0,0
20240425T,100.0,100.0,100.0,100.0,0
20240426T,696.0,696.0,696.0,696.0,0
20240429T,718.0,718.0,718.0,718.0,0
20240430T,1518.0,1518.0,1518.0,1518.0,0
20240502T,1678.0,1678.0,1678.0,1678.0,0
20240503T,2078.0,2078.0,2078.0,2078.0,0
20240506T,2078.0,2078.0,2078.0,2078.0,0
20240507T,2078.0,2078.0,2078.0,2078.0,0
20240508T,2078.0,2078.0,2078.0,2078.0,0
20240509T,2304.0,2304.0,2304.0,2304.0,0
20240510T,2078.0,2078.0,2078.0,2078.0,0
20240513T,2078.0,2078.0,2078.0,2078.0,0
20240514T,2078.0,2078.0,2078.0,2078.0,0
20240515T,2078.0,2078.0,2078.0,2078.0,0
20240516T,2078.0,2078.0,2078.0,2078.0,0
20240517T,2558.0,2558.0,2558.0,2558.0,0
20240521T,2558.0,2558.0,2558.0,2558.0,0
20240522T,2558.0,2558.0,2558.0,2558.0,0
20240523T,3533.0,3533.0,3533.0,3533.0,0
20240524T,3533.0,3533.0,3533.0,3533.0,0
20240527T,3533.0,3533.0,3533.0,3533.0,0
20240528T,3533.0,3533.0,3533.0,3533.0,0
20240529T,3253.0,3253.0,3253.0,3253.0,0
20240530T,3253.0,3253.0,3253.0,3253.0,0
20240531T,3853.0,3853.0,3853.0,3853.0,0
20240603T,3853.0,3853.0,3853.0,3853.0,0
20240604T,2078.0,2078.0,2078.0,2078.0,0
20240605T,2078.0,2078.0,2078.0,2078.0,0
20240606T,2078.0,2078.0,2078.0,2078.0,0
20240607T,2078.0,2078.0,2078.0,2078.0,0
20240610T,2078.0,2078.0,2078.0,2078.0,0
20240611T,2078.0,2078.0,2078.0,2078.0,0
20240612T,2078.0,2078.0,2078.0,2078.0,0
20240613T,2078.0,2078.0,2078.0,2078.0,0
20240614T,2078.0,2078.0,2078.0,2078.0,0
20240618T,2078.0,2078.0,2078.0,2078.0,0
20240619T,2078.0,2078.0,2078.0,2078.0,0
20240620T,2078.0,2078.0,2078.0,2078.0,0
20240621T,2078.0,2078.0,2078.0,2078.0,0
20240624T,2078.0,2078.0,2078.0,2078.0,0
20240625T,2078.0,2078.0,2078.0,2078.0,0
20240626T,2078.0,2078.0,2078.0,2078.0,0
20240627T,2078.0,2078.0,2078.0,2078.0,0
20240628T,2078.0,2078.0,2078.0,2078.0,0
20240701T,2078.0,2078.0,2078.0,2078.0,0
20240702T,2078.0,2078.0,2078.0,2078.0,0
20240703T,2078.0,2078.0,2078.0,2078.0,0
20240704T,2078.0,2078.0,2078.0,2078.0,0
20240705T,2078.0,2078.0,2078.0,2078.0,0
20240708T,2078.0,2078.0,2078.0,2078.0,0
20240709T,2078.0,2078.0,2078.0,2078.0,0
20240710T,2078.0,2078.0,2078.0,2078.0,0
20240711T,2078.0,2078.0,2078.0,2078.0,0
20240712T,2078.0,2078.0,2078.0,2078.0,0
20240715T,2078.0,2078.0,2078.0,2078.0,0
20240716T,2078.0,2078.0,2078.0,2078.0,0
20240718T,2078.0,2078.0,2078.0,2078.0,0
20240719T,2078.0,2078.0,2078.0,2078.0,0
20240722T,2078.0,2078.0,2078.0,2078.0,0
20240723T,2078.0,2078.0,2078.0,2078.0,0
20240724T,2198.0,2198.0,2198.0,2198.0,0
20240725T,2078.0,2078.0,2078.0,2078.0,0
20240726T,2078.0,2078.0,2078.0,2078.0,0
20240729T,2078.0,2078.0,2078.0,2078.0,0
20240730T,2078.0,2078.0,2078.0,2078.0,0
20240731T,2078.0,2078.0,2078.0,2078.0,0
20240801T,2078.0,2078.0,2078.0,2078.0,0
20240802T,2078.0,2078.0,2078.0,2078.0,0
20240805T,2078.0,2078.0,2078.0,2078.0,0
20240806T,2078.0,2078.0,2078.0,2078.0,0
20240807T,2078.0,2078.0,2078.0,2078.0,0
20240808T,2078.0,2078.0,2078.0,2078.0,0
20240809T,2078.0,2078.0,2078.0,2078.0,0
20240812T,2078.0,2078.0,2078.0,2078.0,0
20240813T,2078.0,2078.0,2078.0,2078.0,0
20240814T,2078.0,2078.0,2078.0,2078.0,0
20240816T,2078.0,2078.0,2078.0,2078.0,0
20240819T,2078.0,2078.0,2078.0,2078.0,0
20240820T,2078.0,2078.0,2078.0,2078.0,0
20240821T,2078.0,2078.0,2078.0,2078.0,0
20240822T,2078.0,2078.0,2078.0,2078.0,0
20240823T,2078.0,2078.0,2078.0,2078.0,0
20240826T,2078.0,2078.0,2078.0,2078.0,0
20240827T,2078.0,2078.0,2078.0,2078.0,0
20240828T,2078.0,2078.0,2078.0,2078.0,0
20240829T,2078.0,2078.0,2078.0,2078.0,0
20240830T,2078.0,2078.0,2078.0,2078.0,0
20240902T,2078.0,2078.0,2078.0,2078.0,0
20240903T,2078.0,2078.0,2078.0,2078.0,0
20240904T,2078.0,2078.0,2078.0,2078.0,0
20240905T,2078.0,2078.0,2078.0,2078.0,0
20240906T,2078.0,2078.0,2078.0,2078.0,0
20240909T,2078.0,2078.0,2078.0,2078.0,0
20240910T,2078.0,2078.0,2078.0,2078.0,0
20240911T,2078.0,2078.0,2078.0,2078.0,0
20240912T,2078.0,2078.0,2078.0,2078.0,0
20240913T,2078.0,2078.0,2078.0,2078.0,0
20240916T,2078.0,2078.0,2078.0,2078.0,0
20240917T,2078.0,2078.0,2078.0,2078.0,0
20240918T,2078.0,2078.0,2078.0,2078.0,0
20240919T,2078.0,2078.0,2078.0,2078.0,0
20240920T,2078.0,2078.0,2078.0,2078.0,0
20240923T,2078.0,2078.0,2078.0,2078.0,0
20240924T,2078.0,2078.0,2078.0,2078.0,0
20240925T,2078.0,2078.0,2078.0,2078.0,0
20240926T,2078.0,2078.0,2078.0,2078.0,0
20240927T,2078.0,2078.0,2078.0,2078.0,0
20240930T,2078.0,2078.0,2078.0,2078.0,0
20241001T,2078.0,2078.0,2078.0,2078.0,0
20241003T,2078.0,2078.0,2078.0,2078.0,0
20241004T,2078.0,2078.0,2078.0,2078.0,0
20241007T,2078.0,2078.0,2078.0,2078.0,0
20241008T,2078.0,2078.0,2078.0,2078.0,0
20241009T,2078.0,2078.0,2078.0,2078.0,0
20241010T,2078.0,2078.0,2078.0,2078.0,0
20241011T,2078.0,2078.0,2078.0,2078.0,0
20241014T,2078.0,2078.0,2078.0,2078.0,0
20241015T,2078.0,2078.0,2078.0,2078.0,0
20241016T,2078.0,2078.0,2078.0,2078.0,0
20241017T,2078.0,2078.0,2078.0,2078.0,0
20241018T,2078.0,2078.0,2078.0,2078.0,0
20241021T,2078.0,2078.0,2078.0,2078.0,0
20241022T,2078.0,2078.0,2078.0,2078.0,0
20241023T,2078.0,2078.0,2078.0,2078.0,0
20241024T,2078.0,2078.0,2078.0,2078.0,0
20241025T,2078.0,2078.0,2078.0,2078.0,0
20241028T,2078.0,2078.0,2078.0,2078.0,0
20241029T,2078.0,2078.0,2078.0,2078.0,0
20241030T,2078.0,2078.0,2078.0,2078.0,0
20241031T,2078.0,2078.0,2078.0,2078.0,0
20241104T,2078.0,2078.0,2078.0,2078.0,0
20241105T,2078.0,2078.0,2078.0,2078.0,0
20241106T,2078.0,2078.0,2078.0,2078.0,0
20241107T,2078.0,2078.0,2078.0,2078.0,0
20241108T,2078.0,2078.0,2078.0,2078.0,0
20241111T,2078.0,2078.0,2078.0,2078.0,0
20241112T,2078.0,2078.0,2078.0,2078.0,0
20241113T,2078.0,2078.0,2078.0,2078.0,0
20241114T,2078.0,2078.0,2078.0,2078.0,0
20241118T,2078.0,2078.0,2078.0,2078.0,0
20241119T,2078.0,2078.0,2078.0,2078.0,0
20241121T,2078.0,2078.0,2078.0,2078.0,0
20241122T,2376.0,2376.0,2376.0,2376.0,0
20241125T,2094.0,2094.0,2094.0,2094.0,0
20241126T,1494.0,1494.0,1494.0,1494.0,0
20241127T,196.0,196.0,196.0,196.0,0
20241128T,164.0,164.0,164.0,164.0,0
20241129T,0.0,0.0,0.0,0.0,0
20241202T,0.0,0.0,0.0,0.0,0
20241203T,0.0,0.0,0.0,0.0,0
20241204T,0.0,0.0,0.0,0.0,0
20241205T,0.0,0.0,0.0,0.0,0
20241206T,0.0,0.0,0.0,0.0,0
20241209T,0.0,0.0,0.0,0.0,0
20241210T,0.0,0.0,0.0,0.0,0
20241211T,0.0,0.0,0.0,0.0,0
20241212T,0.0,0.0,0.0,0.0,0
20241213T,500.0,500.0,500.0,500.0,0
20241216T,500.0,500.0,500.0,500.0,0
20241217T,500.0,500.0,500.0,500.0,0
20241218T,500.0,500.0,500.0,500.0,0
20241219T,500.0,500.0,500.0,500.0,0
20241220T,500.0,500.0,500.0,500.0,0
20241223T,500.0,500.0,500.0,500.0,0
20241224T,500.0,500.0,500.0,500.0,0
20241226T,0.0,0.0,0.0,0.0,0
20241227T,0.0,0.0,0.0,0.0,0
20241230T,0.0,0.0,0.0,0.0,0
20241231T,0.0,0.0,0.0,0.0,0
20250101T,0.0,0.0,0.0,0.0,0
20250102T,0.0,0.0,0.0,0.0,0
20250103T,70.0,70.0,70.0,70.0,0
20250106T,70.0,70.0,70.0,70.0,0
20250107T,70.0,70.0,70.0,70.0,0
20250108T,70.0,70.0,70.0,70.0,0
20250109T,70.0,70.0,70.0,70.0,0
20250110T,70.0,70.0,70.0,70.0,0
20250113T,70.0,70.0,70.0,70.0,0
20250114T,70.0,70.0,70.0,70.0,0
20250115T,70.0,70.0,70.0,70.0,0
20250116T,70.0,70.0,70.0,70.0,0
20250117T,70.0,70.0,70.0,70.0,0
20250120T,70.0,70.0,70.0,70.0,0
20250121T,70.0,70.0,70.0,70.0,0
20250122T,70.0,70.0,70.0,70.0,0
20250123T,70.0,70.0,70.0,70.0,0
20250124T,70.0,70.0,70.0,70.0,0
20250127T,70.0,70.0,70.0,70.0,0
20250128T,70.0,70.0,70.0,70.0,0
20250129T,70.0,70.0,70.0,70.0,0
20250130T,70.0,70.0,70.0,70.0,0
20250131T,70.0,70.0,70.0,70.0,0
20250203T,1920.0,1920.0,1920.0,1920.0,0
20250204T,1920.0,1920.0,1920.0,1920.0,0
20250205T,1920.0,1920.0,1920.0,1920.0,0
20250206T,70.0,70.0,70.0,70.0,0
20250207T,70.0,70.0,70.0,70.0,0
20250210T,70.0,70.0,70.0,70.0,0
20250211T,70.0,70.0,70.0,70.0,0
20250212T,70.0,70.0,70.0,70.0,0
20250213T,70.0,70.0,70.0,70.0,0
20250214T,70.0,70.0,70.0,70.0,0
20250217T,70.0,70.0,70.0,70.0,0
20250218T,70.0,70.0,70.0,70.0,0
20250219T,70.0,70.0,70.0,70.0,0
20250220T,70.0,70.0,70.0,70.0,0
20250221T,70.0,70.0,70.0,70.0,0
20250224T,70.0,70.0,70.0,70.0,0
20250225T,70.0,70.0,70.0,70.0,0
20250227T,70.0,70.0,70.0,70.0,0
20250228T,70.0,70.0,70.0,70.0,0
20250303T,3470.0,3470.0,3470.0,3470.0,0
20250304T,4870.0,4870.0,4870.0,4870.0,0
20250305T,4870.0,4870.0,4870.0,4870.0,0
20250306T,4870.0,4870.0,4870.0,4870.0,0
20250307T,4870.0,4870.0,4870.0,4870.0,0
20250310T,2175.0,2175.0,2175.0,2175.0,0
20250311T,2126.0,2126.0,2126.0,2126.0,0
20250312T,1575.0,1575.0,1575.0,1575.0,0
20250313T,1202.0,1202.0,1202.0,1202.0,0
20250317T,926.0,926.0,926.0,926.0,0
20250318T,590.0,590.0,590.0,590.0,0
20250319T,475.0,475.0,475.0,475.0,0
20250320T,388.0,388.0,388.0,388.0,0
20250321T,321.0,321.0,321.0,321.0,0
20250324T,281.0,281.0,281.0,281.0,0
20250325T,137.0,137.0,137.0,137.0,0
20250326T,101.0,101.0,101.0,101.0,0
20250327T,70.0,70.0,70.0,70.0,0
20250328T,70.0,70.0,70.0,70.0,0
20250401T,70.0,70.0,70.0,70.0,0
20250402T,27103.0,27103.0,27103.0,27103.0,0
20250403T,70.0,70.0,70.0,70.0,0
20250404T,70.0,70.0,70.0,70.0,0
20250407T,70.0,70.0,70.0,70.0,0
20250408T,220.0,220.0,220.0,220.0,0
20250409T,310.0,310.0,310.0,310.0,0
20250411T,475.0,475.0,475.0,475.0,0
20250415T,475.0,475.0,475.0,475.0,0
20250416T,475.0,475.0,475.0,475.0,0
20250417T,475.0,475.0,475.0,475.0,0
20250421T,475.0,475.0,475.0,475.0,0
20250422T,525.0,525.0,525.0,525.0,0
20250423T,499.0,499.0,499.0,499.0,0
20250424T,70.0,70.0,70.0,70.0,0
20250425T,70.0,70.0,70.0,70.0,0
20250428T,70.0,70.0,70.0,70.0,0
20250429T,70.0,70.0,70.0,70.0,0
20250430T,70.0,70.0,70.0,70.0,0
20250502T,230.0,230.0,230.0,230.0,0
20250505T,230.0,230.0,230.0,230.0,0
20250506T,70.0,70.0,70.0,70.0,0
20250507T,70.0,70.0,70.0,70.0,0
20250508T,70.0,70.0,70.0,70.0,0
20250509T,70.0,70.0,70.0,70.0,0
20250512T,70.0,70.0,70.0,70.0,0
20250513T,70.0,70.0,70.0,70.0,0
20250514T,70.0,70.0,70.0,70.0,0
20250515T,70.0,70.0,70.0,70.0,0
20250516T,70.0,70.0,70.0,70.0,0
20250519T,70.0,70.0,70.0,70.0,0
20250520T,70.0,70.0,70.0,70.0,0
20250521T,70.0,70.0,70.0,70.0,0
20250522T,70.0,70.0,70.0,70.0,0
20250523T,70.0,70.0,70.0,70.0,0
20250526T,70.0,70.0,70.0,70.0,0
20250527T,70.0,70.0,70.0,70.0,0
20250528T,70.0,70.0,70.0,70.0,0
20250529T,70.0,70.0,70.0,70.0,0
20250530T,70.0,70.0,70.0,70.0,0
20250602T,70.0,70.0,70.0,70.0,0
20250603T,70.0,70.0,70.0,70.0,0
20250604T,70.0,70.0,70.0,70.0,0
20250605T,70.0,70.0,70.0,70.0,0
20250606T,70.0,70.0,70.0,70.0,0
20250609T,70.0,70.0,70.0,70.0,0
20250610T,70.0,70.0,70.0,70.0,0
20250611T,70.0,70.0,70.0,70.0,0
20250612T,70.0,70.0,70.0,70.0,0
20250613T,70.0,70.0,70.0,70.0,0
20250616T,70.0,70.0,70.0,70.0,0
20250617T,70.0,70.0,70.0,70.0,0
20250618T,70.0,70.0,70.0,70.0,0
20250619T,70.0,70.0,70.0,70.0,0
20250620T,70.0,70.0,70.0,70.0,0
20250623T,70.0,70.0,70.0,70.0,0
20250624T,70.0,70.0,70.0,70.0,0
20250625T,70.0,70.0,70.0,70.0,0
20250626T,70.0,70.0,70.0,70.0,0
20250627T,70.0,70.0,70.0,70.0,0
20250630T,70.0,70.0,70.0,70.0,0
20250701T,70.0,70.0,70.0,70.0,0
20250702T,70.0,70.0,70.0,70.0,0
20250703T,70.0,70.0,70.0,70.0,0
20250704T,70.0,70.0,70.0,70.0,0
20250707T,70.0,70.0,70.0,70.0,0
20250708T,70.0,70.0,70.0,70.0,0
20250709T,70.0,70.0,70.0,70.0,0
20250710T,70.0,70.0,70.0,70.0,0
20250711T,70.0,70.0,70.0,70.0,0
20250714T,70.0,70.0,70.0,70.0,0
20250715T,70.0,70.0,70.0,70.0,0
20250716T,70.0,70.0,70.0,70.0,0
20250717T,1570.0,1570.0,1570.0,1570.0,0
20250718T,7570.0,7570.0,7570.0,7570.0,0
20250721T,5911.0,5911.0,5911.0,5911.0,0
20250722T,5911.0,5911.0,5911.0,5911.0,0
20250723T,5911.0,5911.0,5911.0,5911.0,0
20250724T,1570.0,1570.0,1570.0,1570.0,0
20250725T,1570.0,1570.0,1570.0,1570.0,0
20250728T,1570.0,1570.0,1570.0,1570.0,0
20250729T,1570.0,1570.0,1570.0,1570.0,0
20250730T,1570.0,1570.0,1570.0,1570.0,0
20250731T,70.0,70.0,70.0,70.0,0
20250801T,70.0,70.0,70.0,70.0,0
20250804T,70.0,70.0,70.0,70.0,0
20250805T,70.0,70.0,70.0,70.0,0
20250806T,70.0,70.0,70.0,70.0,0
20250807T,70.0,70.0,70.0,70.0,0
20250808T,12070.0,12070.0,12070.0,12070.0,0
20250811T,70.0,70.0,70.0,70.0,0
20250812T,70.0,70.0,70.0,70.0,0
20250813T,1070.0,1070.0,1070.0,1070.0,0
20250814T,5870.0,5870.0,5870.0,5870.0,0
20250818T,2170.0,2170.0,2170.0,2170.0,0
20250819T,950.0,950.0,950.0,950.0,0
20250820T,950.0,950.0,950.0,950.0,0
20250821T,950.0,950.0,950.0,950.0,0
20250822T,950.0,950.0,950.0,950.0,0
20250825T,370.0,370.0,370.0,370.0,0
20250826T,370.0,370.0,370.0,370.0,0
20250828T,370.0,370.0,370.0,370.0,0
20250829T,370.0,370.0,370.0,370.0,0
20250901T,370.0,370.0,370.0,370.0,0
20250902T,370.0,370.0,370.0,370.0,0
20250903T,970.0,970.0,970.0,970.0,0
20250904T,970.0,970.0,970.0,970.0,0
20250905T,970.0,970.0,970.0,970.0,0
20250908T,970.0,970.0,970.0,970.0,0
20250909T,970.0,970.0,970.0,970.0,0
20250910T,970.0,970.0,970.0,970.0,0
20250911T,970.0,970.0,970.0,970.0,0
20250912T,970.0,970.0,970.0,970.0,0
20250915T,970.0,970.0,970.0,970.0,0
20250916T,970.0,970.0,970.0,970.0,0
20250917T,970.0,970.0,970.0,970.0,0
20250918T,963.0,963.0,963.0,963.0,0
20250919T,963.0,963.0,963.0,963.0,0
20250922T,963.0,963.0,963.0,963.0,0
20250923T,963.0,963.0,963.0,963.0,0
20250924T,963.0,963.0,963.0,963.0,0
20250925T,963.0,963.0,963.0,963.0,0
20250926T,25063.0,25063.0,25063.0,25063.0,0
20250929T,13363.0,13363.0,13363.0,13363.0,0
20250930T,9463.0,9463.0,9463.0,9463.0,0
20251001T,10603.0,10603.0,10603.0,10603.0,0
20251003T,10603.0,10603.0,10603.0,10603.0,0
20251006T,10603.0,10603.0,10603.0,10603.0,0
20251007T,10453.0,10453.0,10453.0,10453.0,0
20251008T,10453.0,10453.0,10453.0,10453.0,0
20251009T,11153.0,11153.0,11153.0,11153.0,0
20251010T,11153.0,11153.0,11153.0,11153.0,0
20251013T,11153.0,11153.0,11153.0,11153.0,0
20251014T,11153.0,11153.0,11153.0,11153.0,0
20251015T,11653.0,11653.0,11653.0,11653.0,0
20251016T,12390.0,12390.0,12390.0,12390.0,0
20251017T,11190.0,11190.0,11190.0,11190.0,0
20251020T,11190.0,11190.0,11190.0,11190.0,0
20251023T,12090.0,12090.0,12090.0,12090.0,0
20251024T,12126.0,12126.0,12126.0,12126.0,0
20251027T,12162.0,12162.0,12162.0,12162.0,0
20251028T,972.0,972.0,972.0,972.0,0
20251029T,1013.0,1013.0,1013.0,1013.0,0
20251030T,1263.0,1263.0,1263.0,1263.0,0
20251031T,1263.0,1263.0,1263.0,1263.0,0
20251103T,1263.0,1263.0,1263.0,1263.0,0
20251104T,1263.0,1263.0,1263.0,1263.0,0
20251106T,1263.0,1263.0,1263.0,1263.0,0
20251107T,1381.0,1381.0,1381.0,1381.0,0
20251110T,1381.0,1381.0,1381.0,1381.0,0
20251111T,1381.0,1381.0,1381.0,1381.0,0
20251112T,2381.0,2381.0,2381.0,2381.0,0
20251113T,2381.0,2381.0,2381.0,2381.0,0
20251114T,2381.0,2381.0,2381.0,2381.0,0
20251117T,2381.0,2381.0,2381.0,2381.0,0
20251118T,2381.0,2381.0,2381.0,2381.0,0
20251119T,2381.0,2381.0,2381.0,2381.0,0
20251120T,2381.0,2381.0,2381.0,2381.0,0
20251121T,2381.0,2381.0,2381.0,2381.0,0
20251124T,2381.0,2381.0,2381.0,2381.0,0
20251125T,1950.0,1950.0,1950.0,1950.0,0
20251126T,1950.0,1950.0,1950.0,1950.0,0
20251127T,1950.0,1950.0,1950.0,1950.0,0
20251128T,1950.0,1950.0,1950.0,1950.0,0
20251201T,1950.0,1950.0,1950.0,1950.0,0
20251202T,2950.0,2950.0,2950.0,2950.0,0
20251203T,2950.0,2950.0,2950.0,2950.0,0
20251204T,2950.0,2950.0,2950.0,2950.0,0
20251205T,2950.0,2950.0,2950.0,2950.0,0
20251208T,2975.0,2975.0,2975.0,2975.0,0
20251209T,2950.0,2950.0,2950.0,2950.0,0
20251210T,2950.0,2950.0,2950.0,2950.0,0
20251211T,2950.0,2950.0,2950.0,2950.0,0
20251212T,2950.0,2950.0,2950.0,2950.0,0
20251215T,2950.0,2950.0,2950.0,2950.0,0
20251216T,2950.0,2950.0,2950.0,2950.0,0
20251217T,5877.0,5877.0,5877.0,5877.0,0
20251218T,5877.0,5877.0,5877.0,5877.0,0
20251219T,5877.0,5877.0,5877.0,5877.0,0
20251222T,5877.0,5877.0,5877.0,5877.0,0
20251223T,5877.0,5877.0,5877.0,5877.0,0
20251224T,5847.0,5847.0,5847.0,5847.0,0
20251226T,6847.0,6847.0,6847.0,6847.0,0
20251229T,6847.0,6847.0,6847.0,6847.0,0
20251230T,0.0,0.0,0.0,0.0,0
20251231T,0.0,0.0,0.0,0.0,0
20260101T,0.0,0.0,0.0,0.0,0
20260102T,0.0,0.0,0.0,0.0,0
20260105T,0.0,0.0,0.0,0.0,0
20260106T,0.0,0.0,0.0,0.0,0
20260107T,0.0,0.0,0.0,0.0,0
20260108T,0.0,0.0,0.0,0.0,0
20260109T,7103.0,7103.0,7103.0,7103.0,0
20260112T,2103.0,2103.0,2103.0,2103.0,0
20260113T,2103.0,2103.0,2103.0,2103.0,0
20260114T,12758.0,12758.0,12758.0,12758.0,0
20260116T,2103.0,2103.0,2103.0,2103.0,0
20260119T,2103.0,2103.0,2103.0,2103.0,0
20260120T,2303.0,2303.0,2303.0,2303.0,0
20260121T,2303.0,2303.0,2303.0,2303.0,0
20260122T,2303.0,2303.0,2303.0,2303.0,0
20260123T,2303.0,2303.0,2303.0,2303.0,0
20260127T,200.0,200.0,200.0,200.0,0
20260128T,200.0,200.0,200.0,200.0,0
20260129T,0.0,0.0,0.0,0.0,0
20260130T,0.0,0.0,0.0,0.0,0
20260201T,0.0,0.0,0.0,0.0,0
20260202T,0.0,0.0,0.0,0.0,0
