20120106T,59912.0,59912.0,59912.0,59912.0,0
20120109T,58714.0,58714.0,58714.0,58714.0,0
20120110T,60689.0,60689.0,60689.0,60689.0,0
20120111T,58573.0,58573.0,58573.0,58573.0,0
20120112T,65367.0,65367.0,65367.0,65367.0,0
20120113T,62786.0,62786.0,62786.0,62786.0,0
20120116T,62365.0,62365.0,62365.0,62365.0,0
20120117T,60390.0,60390.0,60390.0,60390.0,0
20120118T,62186.0,62186.0,62186.0,62186.0,0
20120119T,57899.0,57899.0,57899.0,57899.0,0
20120120T,57021.0,57021.0,57021.0,57021.0,0
20120123T,55665.0,55665.0,55665.0,55665.0,0
20120124T,56558.0,56558.0,56558.0,56558.0,0
20120125T,54712.0,54712.0,54712.0,54712.0,0
20120127T,48632.0,48632.0,48632.0,48632.0,0
20120130T,47681.0,47681.0,47681.0,47681.0,0
20120131T,52177.0,52177.0,52177.0,52177.0,0
20120201T,45667.0,45667.0,45667.0,45667.0,0
20120202T,49695.0,49695.0,49695.0,49695.0,0
20120203T,49798.0,49798.0,49798.0,49798.0,0
20120206T,51174.0,51174.0,51174.0,51174.0,0
20120207T,48976.0,48976.0,48976.0,48976.0,0
20120208T,50077.0,50077.0,50077.0,50077.0,0
20120209T,51754.0,51754.0,51754.0,51754.0,0
20120210T,50528.0,50528.0,50528.0,50528.0,0
20120213T,49531.0,49531.0,49531.0,49531.0,0
20120214T,49549.0,49549.0,49549.0,49549.0,0
20120215T,47305.0,47305.0,47305.0,47305.0,0
20120216T,45180.0,45180.0,45180.0,45180.0,0
20120217T,41845.0,41845.0,41845.0,41845.0,0
20120221T,37404.0,37404.0,37404.0,37404.0,0
20120222T,37331.0,37331.0,37331.0,37331.0,0
20120223T,34192.0,34192.0,34192.0,34192.0,0
20120224T,28012.0,28012.0,28012.0,28012.0,0
20120227T,27893.0,27893.0,27893.0,27893.0,0
20120228T,23934.0,23934.0,23934.0,23934.0,0
20120229T,23098.0,23098.0,23098.0,23098.0,0
20120301T,19887.0,19887.0,19887.0,19887.0,0
20120302T,19784.0,19784.0,19784.0,19784.0,0
20120305T,18298.0,18298.0,18298.0,18298.0,0
20120306T,24588.0,24588.0,24588.0,24588.0,0
20120307T,30215.0,30215.0,30215.0,30215.0,0
20120309T,29955.0,29955.0,29955.0,29955.0,0
20120312T,28551.0,28551.0,28551.0,28551.0,0
20120313T,28833.0,28833.0,28833.0,28833.0,0
20120314T,30411.0,30411.0,30411.0,30411.0,0
20120315T,28820.0,28820.0,28820.0,28820.0,0
20120316T,24573.0,24573.0,24573.0,24573.0,0
20120319T,22676.0,22676.0,22676.0,22676.0,0
20120320T,22193.0,22193.0,22193.0,22193.0,0
20120321T,21398.0,21398.0,21398.0,21398.0,0
20120322T,25210.0,25210.0,25210.0,25210.0,0
20120323T,25082.0,25082.0,25082.0,25082.0,0
20120326T,24666.0,24666.0,24666.0,24666.0,0
20120327T,26853.0,26853.0,26853.0,26853.0,0
20120328T,22426.0,22426.0,22426.0,22426.0,0
20120329T,25328.0,25328.0,25328.0,25328.0,0
20120330T,22229.0,22229.0,22229.0,22229.0,0
20120402T,20612.0,20612.0,20612.0,20612.0,0
20120403T,17338.0,17338.0,17338.0,17338.0,0
20120404T,15616.0,15616.0,15616.0,15616.0,0
20120409T,20233.0,20233.0,20233.0,20233.0,0
20120410T,20433.0,20433.0,20433.0,20433.0,0
20120411T,20547.0,20547.0,20547.0,20547.0,0
20120412T,20352.0,20352.0,20352.0,20352.0,0
20120413T,20861.0,20861.0,20861.0,20861.0,0
20120416T,20861.0,20861.0,20861.0,20861.0,0
20120417T,25499.0,25499.0,25499.0,25499.0,0
20120418T,25657.0,25657.0,25657.0,25657.0,0
20120419T,22848.0,22848.0,22848.0,22848.0,0
20120420T,22560.0,22560.0,22560.0,22560.0,0
20120423T,22312.0,22312.0,22312.0,22312.0,0
20120424T,24896.0,24896.0,24896.0,24896.0,0
20120425T,24766.0,24766.0,24766.0,24766.0,0
20120426T,27381.0,27381.0,27381.0,27381.0,0
20120427T,27361.0,27361.0,27361.0,27361.0,0
20120430T,27482.0,27482.0,27482.0,27482.0,0
20120502T,24565.0,24565.0,24565.0,24565.0,0
20120503T,24599.0,24599.0,24599.0,24599.0,0
20120504T,28808.0,28808.0,28808.0,28808.0,0
20120507T,36959.0,36959.0,36959.0,36959.0,0
20120508T,37344.0,37344.0,37344.0,37344.0,0
20120509T,37215.0,37215.0,37215.0,37215.0,0
20120510T,39928.0,39928.0,39928.0,39928.0,0
20120511T,47454.0,47454.0,47454.0,47454.0,0
20120514T,49517.0,49517.0,49517.0,49517.0,0
20120515T,51536.0,51536.0,51536.0,51536.0,0
20120516T,53459.0,53459.0,53459.0,53459.0,0
20120517T,56241.0,56241.0,56241.0,56241.0,0
20120518T,58636.0,58636.0,58636.0,58636.0,0
20120521T,55341.0,55341.0,55341.0,55341.0,0
20120522T,56871.0,56871.0,56871.0,56871.0,0
20120523T,54209.0,54209.0,54209.0,54209.0,0
20120524T,56069.0,56069.0,56069.0,56069.0,0
20120525T,56011.0,56011.0,56011.0,56011.0,0
20120528T,54610.0,54610.0,54610.0,54610.0,0
20120529T,55160.0,55160.0,55160.0,55160.0,0
20120530T,53784.0,53784.0,53784.0,53784.0,0
20120531T,50545.0,50545.0,50545.0,50545.0,0
20120601T,51715.0,51715.0,51715.0,51715.0,0
20120604T,55195.0,55195.0,55195.0,55195.0,0
20120605T,56630.0,56630.0,56630.0,56630.0,0
20120606T,55107.0,55107.0,55107.0,55107.0,0
20120607T,53241.0,53241.0,53241.0,53241.0,0
20120608T,49732.0,49732.0,49732.0,49732.0,0
20120611T,49769.0,49769.0,49769.0,49769.0,0
20120612T,49902.0,49902.0,49902.0,49902.0,0
20120613T,45317.0,45317.0,45317.0,45317.0,0
20120614T,46446.0,46446.0,46446.0,46446.0,0
20120615T,50027.0,50027.0,50027.0,50027.0,0
20120618T,52070.0,52070.0,52070.0,52070.0,0
20120619T,52187.0,52187.0,52187.0,52187.0,0
20120620T,52187.0,52187.0,52187.0,52187.0,0
20120621T,49002.0,49002.0,49002.0,49002.0,0
20120622T,47176.0,47176.0,47176.0,47176.0,0
20120625T,47662.0,47662.0,47662.0,47662.0,0
20120626T,47657.0,47657.0,47657.0,47657.0,0
20120627T,47386.0,47386.0,47386.0,47386.0,0
20120628T,37985.0,37985.0,37985.0,37985.0,0
20120629T,43139.0,43139.0,43139.0,43139.0,0
20120702T,43645.0,43645.0,43645.0,43645.0,0
20120703T,44388.0,44388.0,44388.0,44388.0,0
20120704T,44053.0,44053.0,44053.0,44053.0,0
20120705T,43793.0,43793.0,43793.0,43793.0,0
20120706T,42954.0,42954.0,42954.0,42954.0,0
20120709T,42608.0,42608.0,42608.0,42608.0,0
20120710T,39197.0,39197.0,39197.0,39197.0,0
20120711T,38355.0,38355.0,38355.0,38355.0,0
20120712T,39524.0,39524.0,39524.0,39524.0,0
20120713T,40290.0,40290.0,40290.0,40290.0,0
20120716T,39706.0,39706.0,39706.0,39706.0,0
20120717T,41322.0,41322.0,41322.0,41322.0,0
20120718T,41181.0,41181.0,41181.0,41181.0,0
20120719T,41758.0,41758.0,41758.0,41758.0,0
20120720T,41480.0,41480.0,41480.0,41480.0,0
20120723T,39307.0,39307.0,39307.0,39307.0,0
20120724T,39977.0,39977.0,39977.0,39977.0,0
20120725T,40091.0,40091.0,40091.0,40091.0,0
20120726T,31388.0,31388.0,31388.0,31388.0,0
20120727T,31784.0,31784.0,31784.0,31784.0,0
20120730T,31924.0,31924.0,31924.0,31924.0,0
20120731T,28162.0,28162.0,28162.0,28162.0,0
20120801T,28134.0,28134.0,28134.0,28134.0,0
20120802T,24008.0,24008.0,24008.0,24008.0,0
20120803T,22076.0,22076.0,22076.0,22076.0,0
20120806T,20460.0,20460.0,20460.0,20460.0,0
20120807T,20376.0,20376.0,20376.0,20376.0,0
20120808T,19885.0,19885.0,19885.0,19885.0,0
20120809T,19534.0,19534.0,19534.0,19534.0,0
20120810T,17795.0,17795.0,17795.0,17795.0,0
20120813T,18557.0,18557.0,18557.0,18557.0,0
20120814T,20015.0,20015.0,20015.0,20015.0,0
20120816T,19960.0,19960.0,19960.0,19960.0,0
20120817T,19936.0,19936.0,19936.0,19936.0,0
20120821T,19498.0,19498.0,19498.0,19498.0,0
20120822T,19304.0,19304.0,19304.0,19304.0,0
20120823T,18992.0,18992.0,18992.0,18992.0,0
20120824T,17467.0,17467.0,17467.0,17467.0,0
20120827T,17016.0,17016.0,17016.0,17016.0,0
20120828T,17177.0,17177.0,17177.0,17177.0,0
20120829T,16929.0,16929.0,16929.0,16929.0,0
20120830T,16617.0,16617.0,16617.0,16617.0,0
20120831T,18844.0,18844.0,18844.0,18844.0,0
20120903T,18524.0,18524.0,18524.0,18524.0,0
20120904T,18440.0,18440.0,18440.0,18440.0,0
20120905T,19036.0,19036.0,19036.0,19036.0,0
20120906T,19734.0,19734.0,19734.0,19734.0,0
20120907T,17866.0,17866.0,17866.0,17866.0,0
20120910T,18702.0,18702.0,18702.0,18702.0,0
20120911T,18462.0,18462.0,18462.0,18462.0,0
20120912T,18879.0,18879.0,18879.0,18879.0,0
20120913T,18867.0,18867.0,18867.0,18867.0,0
20120914T,14585.0,14585.0,14585.0,14585.0,0
20120917T,14722.0,14722.0,14722.0,14722.0,0
20120918T,11022.0,11022.0,11022.0,11022.0,0
20120920T,11906.0,11906.0,11906.0,11906.0,0
20120921T,11249.0,11249.0,11249.0,11249.0,0
20120924T,10690.0,10690.0,10690.0,10690.0,0
20120925T,14899.0,14899.0,14899.0,14899.0,0
20120926T,5266.0,5266.0,5266.0,5266.0,0
20120927T,5222.0,5222.0,5222.0,5222.0,0
20120928T,5325.0,5325.0,5325.0,5325.0,0
20121001T,5475.0,5475.0,5475.0,5475.0,0
20121003T,5463.0,5463.0,5463.0,5463.0,0
20121004T,4361.0,4361.0,4361.0,4361.0,0
20121005T,5179.0,5179.0,5179.0,5179.0,0
20121008T,5081.0,5081.0,5081.0,5081.0,0
20121009T,4672.0,4672.0,4672.0,4672.0,0
20121010T,5538.0,5538.0,5538.0,5538.0,0
20121011T,7447.0,7447.0,7447.0,7447.0,0
20121012T,8466.0,8466.0,8466.0,8466.0,0
20121015T,8306.0,8306.0,8306.0,8306.0,0
20121016T,9631.0,9631.0,9631.0,9631.0,0
20121017T,9611.0,9611.0,9611.0,9611.0,0
20121018T,9979.0,9979.0,9979.0,9979.0,0
20121019T,9630.0,9630.0,9630.0,9630.0,0
20121022T,10009.0,10009.0,10009.0,10009.0,0
20121023T,9657.0,9657.0,9657.0,9657.0,0
20121025T,10058.0,10058.0,10058.0,10058.0,0
20121026T,8798.0,8798.0,8798.0,8798.0,0
20121029T,9097.0,9097.0,9097.0,9097.0,0
20121030T,8738.0,8738.0,8738.0,8738.0,0
20121031T,8738.0,8738.0,8738.0,8738.0,0
20121101T,8787.0,8787.0,8787.0,8787.0,0
20121102T,6665.0,6665.0,6665.0,6665.0,0
20121105T,5939.0,5939.0,5939.0,5939.0,0
20121106T,5772.0,5772.0,5772.0,5772.0,0
20121107T,5452.0,5452.0,5452.0,5452.0,0
20121108T,3264.0,3264.0,3264.0,3264.0,0
20121109T,4233.0,4233.0,4233.0,4233.0,0
20121112T,4555.0,4555.0,4555.0,4555.0,0
20121113T,4213.0,4213.0,4213.0,4213.0,0
20121115T,4054.0,4054.0,4054.0,4054.0,0
20121116T,5128.0,5128.0,5128.0,5128.0,0
20121119T,3906.0,3906.0,3906.0,3906.0,0
20121120T,3638.0,3638.0,3638.0,3638.0,0
20121121T,2527.0,2527.0,2527.0,2527.0,0
20121122T,2556.0,2556.0,2556.0,2556.0,0
20121123T,2256.0,2256.0,2256.0,2256.0,0
20121126T,2293.0,2293.0,2293.0,2293.0,0
20121127T,2382.0,2382.0,2382.0,2382.0,0
20121129T,5137.0,5137.0,5137.0,5137.0,0
20121130T,5149.0,5149.0,5149.0,5149.0,0
20121203T,3403.0,3403.0,3403.0,3403.0,0
20121204T,1739.0,1739.0,1739.0,1739.0,0
20121205T,828.0,828.0,828.0,828.0,0
20121206T,109.0,109.0,109.0,109.0,0
20121207T,744.0,744.0,744.0,744.0,0
20121210T,-135.0,-135.0,-135.0,-135.0,0
20121211T,-1187.0,-1187.0,-1187.0,-1187.0,0
20121212T,331.0,331.0,331.0,331.0,0
20121213T,-1135.0,-1135.0,-1135.0,-1135.0,0
20121214T,-1779.0,-1779.0,-1779.0,-1779.0,0
20121217T,-2953.0,-2953.0,-2953.0,-2953.0,0
20121218T,-2858.0,-2858.0,-2858.0,-2858.0,0
20121219T,-3391.0,-3391.0,-3391.0,-3391.0,0
20121220T,-3374.0,-3374.0,-3374.0,-3374.0,0
20121221T,-2763.0,-2763.0,-2763.0,-2763.0,0
20121224T,-2753.0,-2753.0,-2753.0,-2753.0,0
20121226T,-3993.0,-3993.0,-3993.0,-3993.0,0
20121227T,-3139.0,-3139.0,-3139.0,-3139.0,0
20121228T,-3841.0,-3841.0,-3841.0,-3841.0,0
20121231T,-3871.0,-3871.0,-3871.0,-3871.0,0
20130101T,-5274.0,-5274.0,-5274.0,-5274.0,0
20130102T,-5298.0,-5298.0,-5298.0,-5298.0,0
20130103T,-5341.0,-5341.0,-5341.0,-5341.0,0
20130104T,-4457.0,-4457.0,-4457.0,-4457.0,0
20130107T,-4457.0,-4457.0,-4457.0,-4457.0,0
20130108T,-3060.0,-3060.0,-3060.0,-3060.0,0
20130109T,-2377.0,-2377.0,-2377.0,-2377.0,0
20130110T,-704.0,-704.0,-704.0,-704.0,0
20130111T,-1439.0,-1439.0,-1439.0,-1439.0,0
20130114T,-2064.0,-2064.0,-2064.0,-2064.0,0
20130115T,-2904.0,-2904.0,-2904.0,-2904.0,0
20130116T,-1536.0,-1536.0,-1536.0,-1536.0,0
20130117T,-856.0,-856.0,-856.0,-856.0,0
20130118T,-697.0,-697.0,-697.0,-697.0,0
20130121T,-664.0,-664.0,-664.0,-664.0,0
20130122T,-1430.0,-1430.0,-1430.0,-1430.0,0
20130123T,-1892.0,-1892.0,-1892.0,-1892.0,0
20130124T,-551.0,-551.0,-551.0,-551.0,0
20130125T,-1088.0,-1088.0,-1088.0,-1088.0,0
20130128T,-1677.0,-1677.0,-1677.0,-1677.0,0
20130129T,-1777.0,-1777.0,-1777.0,-1777.0,0
20130130T,-1728.0,-1728.0,-1728.0,-1728.0,0
20130131T,-2683.0,-2683.0,-2683.0,-2683.0,0
20130201T,-3135.0,-3135.0,-3135.0,-3135.0,0
20130204T,-3218.0,-3218.0,-3218.0,-3218.0,0
20130205T,-3545.0,-3545.0,-3545.0,-3545.0,0
20130206T,-2683.0,-2683.0,-2683.0,-2683.0,0
20130207T,-4006.0,-4006.0,-4006.0,-4006.0,0
20130208T,-1935.0,-1935.0,-1935.0,-1935.0,0
20130211T,-1695.0,-1695.0,-1695.0,-1695.0,0
20130212T,867.0,867.0,867.0,867.0,0
20130213T,935.0,935.0,935.0,935.0,0
20130214T,2596.0,2596.0,2596.0,2596.0,0
20130215T,2625.0,2625.0,2625.0,2625.0,0
20130218T,1825.0,1825.0,1825.0,1825.0,0
20130219T,1866.0,1866.0,1866.0,1866.0,0
20130220T,785.0,785.0,785.0,785.0,0
20130221T,-259.0,-259.0,-259.0,-259.0,0
20130222T,-194.0,-194.0,-194.0,-194.0,0
20130225T,-933.0,-933.0,-933.0,-933.0,0
20130226T,135.0,135.0,135.0,135.0,0
20130227T,4507.0,4507.0,4507.0,4507.0,0
20130228T,12534.0,12534.0,12534.0,12534.0,0
20130301T,12351.0,12351.0,12351.0,12351.0,0
20130304T,8978.0,8978.0,8978.0,8978.0,0
20130305T,8393.0,8393.0,8393.0,8393.0,0
20130306T,8151.0,8151.0,8151.0,8151.0,0
20130307T,7991.0,7991.0,7991.0,7991.0,0
20130308T,7953.0,7953.0,7953.0,7953.0,0
20130311T,7190.0,7190.0,7190.0,7190.0,0
20130312T,7150.0,7150.0,7150.0,7150.0,0
20130313T,7575.0,7575.0,7575.0,7575.0,0
20130314T,4858.0,4858.0,4858.0,4858.0,0
20130315T,5554.0,5554.0,5554.0,5554.0,0
20130318T,5430.0,5430.0,5430.0,5430.0,0
20130319T,6582.0,6582.0,6582.0,6582.0,0
20130320T,6716.0,6716.0,6716.0,6716.0,0
20130321T,6790.0,6790.0,6790.0,6790.0,0
20130322T,7053.0,7053.0,7053.0,7053.0,0
20130325T,12037.0,12037.0,12037.0,12037.0,0
20130326T,15010.0,15010.0,15010.0,15010.0,0
20130328T,14196.0,14196.0,14196.0,14196.0,0
20130401T,14220.0,14220.0,14220.0,14220.0,0
20130402T,14229.0,14229.0,14229.0,14229.0,0
20130403T,14159.0,14159.0,14159.0,14159.0,0
20130404T,14039.0,14039.0,14039.0,14039.0,0
20130405T,14043.0,14043.0,14043.0,14043.0,0
20130408T,14135.0,14135.0,14135.0,14135.0,0
20130409T,14122.0,14122.0,14122.0,14122.0,0
20130410T,14114.0,14114.0,14114.0,14114.0,0
20130411T,14123.0,14123.0,14123.0,14123.0,0
20130412T,17294.0,17294.0,17294.0,17294.0,0
20130415T,17331.0,17331.0,17331.0,17331.0,0
20130416T,14873.0,14873.0,14873.0,14873.0,0
20130417T,14883.0,14883.0,14883.0,14883.0,0
20130418T,14920.0,14920.0,14920.0,14920.0,0
20130422T,14874.0,14874.0,14874.0,14874.0,0
20130423T,14705.0,14705.0,14705.0,14705.0,0
20130425T,14659.0,14659.0,14659.0,14659.0,0
20130426T,14021.0,14021.0,14021.0,14021.0,0
20130429T,13920.0,13920.0,13920.0,13920.0,0
20130430T,14048.0,14048.0,14048.0,14048.0,0
20130502T,12620.0,12620.0,12620.0,12620.0,0
20130503T,12591.0,12591.0,12591.0,12591.0,0
20130506T,12561.0,12561.0,12561.0,12561.0,0
20130507T,12209.0,12209.0,12209.0,12209.0,0
20130508T,12271.0,12271.0,12271.0,12271.0,0
20130509T,12129.0,12129.0,12129.0,12129.0,0
20130510T,11856.0,11856.0,11856.0,11856.0,0
20130513T,12802.0,12802.0,12802.0,12802.0,0
20130514T,13496.0,13496.0,13496.0,13496.0,0
20130515T,12367.0,12367.0,12367.0,12367.0,0
20130516T,11677.0,11677.0,11677.0,11677.0,0
20130517T,12071.0,12071.0,12071.0,12071.0,0
20130520T,12837.0,12837.0,12837.0,12837.0,0
20130521T,12975.0,12975.0,12975.0,12975.0,0
20130522T,15985.0,15985.0,15985.0,15985.0,0
20130523T,16128.0,16128.0,16128.0,16128.0,0
20130524T,15024.0,15024.0,15024.0,15024.0,0
20130527T,14655.0,14655.0,14655.0,14655.0,0
20130528T,14794.0,14794.0,14794.0,14794.0,0
20130529T,11259.0,11259.0,11259.0,11259.0,0
20130530T,11188.0,11188.0,11188.0,11188.0,0
20130531T,11351.0,11351.0,11351.0,11351.0,0
20130603T,12317.0,12317.0,12317.0,12317.0,0
20130604T,13810.0,13810.0,13810.0,13810.0,0
20130605T,14487.0,14487.0,14487.0,14487.0,0
20130606T,15111.0,15111.0,15111.0,15111.0,0
20130607T,13416.0,13416.0,13416.0,13416.0,0
20130610T,13549.0,13549.0,13549.0,13549.0,0
20130611T,13807.0,13807.0,13807.0,13807.0,0
20130612T,14657.0,14657.0,14657.0,14657.0,0
20130613T,15960.0,15960.0,15960.0,15960.0,0
20130614T,16156.0,16156.0,16156.0,16156.0,0
20130617T,14391.0,14391.0,14391.0,14391.0,0
20130618T,13928.0,13928.0,13928.0,13928.0,0
20130619T,15160.0,15160.0,15160.0,15160.0,0
20130620T,18843.0,18843.0,18843.0,18843.0,0
20130621T,20041.0,20041.0,20041.0,20041.0,0
20130624T,20021.0,20021.0,20021.0,20021.0,0
20130625T,25869.0,25869.0,25869.0,25869.0,0
20130626T,25880.0,25880.0,25880.0,25880.0,0
20130627T,24828.0,24828.0,24828.0,24828.0,0
20130628T,22290.0,22290.0,22290.0,22290.0,0
20130701T,19759.0,19759.0,19759.0,19759.0,0
20130702T,17328.0,17328.0,17328.0,17328.0,0
20130703T,18389.0,18389.0,18389.0,18389.0,0
20130704T,17253.0,17253.0,17253.0,17253.0,0
20130705T,15673.0,15673.0,15673.0,15673.0,0
20130708T,15554.0,15554.0,15554.0,15554.0,0
20130709T,15282.0,15282.0,15282.0,15282.0,0
20130710T,16140.0,16140.0,16140.0,16140.0,0
20130711T,14950.0,14950.0,14950.0,14950.0,0
20130712T,14793.0,14793.0,14793.0,14793.0,0
20130715T,13940.0,13940.0,13940.0,13940.0,0
20130716T,10839.0,10839.0,10839.0,10839.0,0
20130717T,9788.0,9788.0,9788.0,9788.0,0
20130718T,8296.0,8296.0,8296.0,8296.0,0
20130719T,6560.0,6560.0,6560.0,6560.0,0
20130722T,5816.0,5816.0,5816.0,5816.0,0
20130723T,6918.0,6918.0,6918.0,6918.0,0
20130724T,8064.0,8064.0,8064.0,8064.0,0
20130725T,6213.0,6213.0,6213.0,6213.0,0
20130726T,6505.0,6505.0,6505.0,6505.0,0
20130729T,6797.0,6797.0,6797.0,6797.0,0
20130730T,6645.0,6645.0,6645.0,6645.0,0
20130731T,13749.0,13749.0,13749.0,13749.0,0
20130801T,15889.0,15889.0,15889.0,15889.0,0
20130802T,15818.0,15818.0,15818.0,15818.0,0
20130805T,16136.0,16136.0,16136.0,16136.0,0
20130806T,19604.0,19604.0,19604.0,19604.0,0
20130807T,23430.0,23430.0,23430.0,23430.0,0
20130808T,23979.0,23979.0,23979.0,23979.0,0
20130812T,21580.0,21580.0,21580.0,21580.0,0
20130813T,18558.0,18558.0,18558.0,18558.0,0
20130814T,16413.0,16413.0,16413.0,16413.0,0
20130816T,16603.0,16603.0,16603.0,16603.0,0
20130819T,20503.0,20503.0,20503.0,20503.0,0
20130820T,21792.0,21792.0,21792.0,21792.0,0
20130821T,20824.0,20824.0,20824.0,20824.0,0
20130822T,0.0,0.0,0.0,0.0,0
20130823T,19810.0,19810.0,19810.0,19810.0,0
20130826T,19191.0,19191.0,19191.0,19191.0,0
20130827T,20765.0,20765.0,20765.0,20765.0,0
20130828T,14237.0,14237.0,14237.0,14237.0,0
20130829T,14256.0,14256.0,14256.0,14256.0,0
20130830T,11152.0,11152.0,11152.0,11152.0,0
20130902T,8412.0,8412.0,8412.0,8412.0,0
20130903T,8709.0,8709.0,8709.0,8709.0,0
20130904T,9070.0,9070.0,9070.0,9070.0,0
20130905T,6462.0,6462.0,6462.0,6462.0,0
20130906T,6154.0,6154.0,6154.0,6154.0,0
20130910T,885.0,885.0,885.0,885.0,0
20130911T,-1310.0,-1310.0,-1310.0,-1310.0,0
20130912T,-1559.0,-1559.0,-1559.0,-1559.0,0
20130913T,-1552.0,-1552.0,-1552.0,-1552.0,0
20130916T,732.0,732.0,732.0,732.0,0
20130917T,906.0,906.0,906.0,906.0,0
20130918T,-441.0,-441.0,-441.0,-441.0,0
20130919T,-3366.0,-3366.0,-3366.0,-3366.0,0
20130920T,4201.0,4201.0,4201.0,4201.0,0
20130923T,4421.0,4421.0,4421.0,4421.0,0
20130924T,4702.0,4702.0,4702.0,4702.0,0
20130925T,5526.0,5526.0,5526.0,5526.0,0
20130926T,5719.0,5719.0,5719.0,5719.0,0
20130927T,5740.0,5740.0,5740.0,5740.0,0
20130930T,6316.0,6316.0,6316.0,6316.0,0
20131001T,13012.0,13012.0,13012.0,13012.0,0
20131003T,11806.0,11806.0,11806.0,11806.0,0
20131004T,11333.0,11333.0,11333.0,11333.0,0
20131007T,13531.0,13531.0,13531.0,13531.0,0
20131008T,7872.0,7872.0,7872.0,7872.0,0
20131010T,5459.0,5459.0,5459.0,5459.0,0
20131011T,3127.0,3127.0,3127.0,3127.0,0
20131014T,2419.0,2419.0,2419.0,2419.0,0
20131015T,2251.0,2251.0,2251.0,2251.0,0
20131017T,3260.0,3260.0,3260.0,3260.0,0
20131018T,1769.0,1769.0,1769.0,1769.0,0
20131021T,-3389.0,-3389.0,-3389.0,-3389.0,0
20131022T,-3109.0,-3109.0,-3109.0,-3109.0,0
20131023T,-2784.0,-2784.0,-2784.0,-2784.0,0
20131024T,-2809.0,-2809.0,-2809.0,-2809.0,0
20131025T,-2840.0,-2840.0,-2840.0,-2840.0,0
20131028T,-1304.0,-1304.0,-1304.0,-1304.0,0
20131029T,-56.0,-56.0,-56.0,-56.0,0
20131030T,-161.0,-161.0,-161.0,-161.0,0
20131031T,9731.0,9731.0,9731.0,9731.0,0
20131101T,9806.0,9806.0,9806.0,9806.0,0
20131105T,13039.0,13039.0,13039.0,13039.0,0
20131106T,12899.0,12899.0,12899.0,12899.0,0
20131107T,11672.0,11672.0,11672.0,11672.0,0
20131108T,12615.0,12615.0,12615.0,12615.0,0
20131111T,14897.0,14897.0,14897.0,14897.0,0
20131112T,10673.0,10673.0,10673.0,10673.0,0
20131113T,9351.0,9351.0,9351.0,9351.0,0
20131114T,8115.0,8115.0,8115.0,8115.0,0
20131118T,4902.0,4902.0,4902.0,4902.0,0
20131119T,3867.0,3867.0,3867.0,3867.0,0
20131120T,5154.0,5154.0,5154.0,5154.0,0
20131121T,6365.0,6365.0,6365.0,6365.0,0
20131122T,7183.0,7183.0,7183.0,7183.0,0
20131125T,7296.0,7296.0,7296.0,7296.0,0
20131126T,8871.0,8871.0,8871.0,8871.0,0
20131127T,8918.0,8918.0,8918.0,8918.0,0
20131128T,7601.0,7601.0,7601.0,7601.0,0
20131129T,7319.0,7319.0,7319.0,7319.0,0
20131202T,7497.0,7497.0,7497.0,7497.0,0
20131203T,7062.0,7062.0,7062.0,7062.0,0
20131204T,8468.0,8468.0,8468.0,8468.0,0
20131205T,6662.0,6662.0,6662.0,6662.0,0
20131206T,5841.0,5841.0,5841.0,5841.0,0
20131209T,4310.0,4310.0,4310.0,4310.0,0
20131210T,4367.0,4367.0,4367.0,4367.0,0
20131211T,4143.0,4143.0,4143.0,4143.0,0
20131212T,4805.0,4805.0,4805.0,4805.0,0
20131213T,6167.0,6167.0,6167.0,6167.0,0
20131216T,6600.0,6600.0,6600.0,6600.0,0
20131217T,6769.0,6769.0,6769.0,6769.0,0
20131218T,5995.0,5995.0,5995.0,5995.0,0
20131219T,6668.0,6668.0,6668.0,6668.0,0
20131220T,4941.0,4941.0,4941.0,4941.0,0
20131223T,3738.0,3738.0,3738.0,3738.0,0
20131224T,3593.0,3593.0,3593.0,3593.0,0
20131226T,3526.0,3526.0,3526.0,3526.0,0
20131227T,4141.0,4141.0,4141.0,4141.0,0
20131230T,4536.0,4536.0,4536.0,4536.0,0
20131231T,5324.0,5324.0,5324.0,5324.0,0
20140101T,5281.0,5281.0,5281.0,5281.0,0
20140102T,5664.0,5664.0,5664.0,5664.0,0
20140103T,7097.0,7097.0,7097.0,7097.0,0
20140106T,6095.0,6095.0,6095.0,6095.0,0
20140107T,6180.0,6180.0,6180.0,6180.0,0
20140108T,6240.0,6240.0,6240.0,6240.0,0
20140109T,6266.0,6266.0,6266.0,6266.0,0
20140110T,5721.0,5721.0,5721.0,5721.0,0
20140113T,4881.0,4881.0,4881.0,4881.0,0
20140114T,4385.0,4385.0,4385.0,4385.0,0
20140115T,4308.0,4308.0,4308.0,4308.0,0
20140116T,3992.0,3992.0,3992.0,3992.0,0
20140117T,3403.0,3403.0,3403.0,3403.0,0
20140120T,4583.0,4583.0,4583.0,4583.0,0
20140121T,6400.0,6400.0,6400.0,6400.0,0
20140122T,6485.0,6485.0,6485.0,6485.0,0
20140123T,6685.0,6685.0,6685.0,6685.0,0
20140124T,7562.0,7562.0,7562.0,7562.0,0
20140127T,10932.0,10932.0,10932.0,10932.0,0
20140128T,10922.0,10922.0,10922.0,10922.0,0
20140129T,7798.0,7798.0,7798.0,7798.0,0
20140130T,8386.0,8386.0,8386.0,8386.0,0
20140131T,8471.0,8471.0,8471.0,8471.0,0
20140203T,8477.0,8477.0,8477.0,8477.0,0
20140204T,9976.0,9976.0,9976.0,9976.0,0
20140205T,9892.0,9892.0,9892.0,9892.0,0
20140206T,10175.0,10175.0,10175.0,10175.0,0
20140207T,9517.0,9517.0,9517.0,9517.0,0
20140210T,9545.0,9545.0,9545.0,9545.0,0
20140211T,11533.0,11533.0,11533.0,11533.0,0
20140212T,12365.0,12365.0,12365.0,12365.0,0
20140213T,12169.0,12169.0,12169.0,12169.0,0
20140214T,13515.0,13515.0,13515.0,13515.0,0
20140217T,13498.0,13498.0,13498.0,13498.0,0
20140218T,11515.0,11515.0,11515.0,11515.0,0
20140219T,10540.0,10540.0,10540.0,10540.0,0
20140220T,10649.0,10649.0,10649.0,10649.0,0
20140221T,9655.0,9655.0,9655.0,9655.0,0
20140225T,9892.0,9892.0,9892.0,9892.0,0
20140226T,7616.0,7616.0,7616.0,7616.0,0
20140228T,7345.0,7345.0,7345.0,7345.0,0
20140303T,7157.0,7157.0,7157.0,7157.0,0
20140304T,5881.0,5881.0,5881.0,5881.0,0
20140305T,5954.0,5954.0,5954.0,5954.0,0
20140306T,4637.0,4637.0,4637.0,4637.0,0
20140307T,2763.0,2763.0,2763.0,2763.0,0
20140310T,1956.0,1956.0,1956.0,1956.0,0
20140311T,2230.0,2230.0,2230.0,2230.0,0
20140312T,2247.0,2247.0,2247.0,2247.0,0
20140313T,2321.0,2321.0,2321.0,2321.0,0
20140314T,2317.0,2317.0,2317.0,2317.0,0
20140318T,2343.0,2343.0,2343.0,2343.0,0
20140319T,2535.0,2535.0,2535.0,2535.0,0
20140320T,2333.0,2333.0,2333.0,2333.0,0
20140321T,2665.0,2665.0,2665.0,2665.0,0
20140324T,2618.0,2618.0,2618.0,2618.0,0
20140325T,2769.0,2769.0,2769.0,2769.0,0
20140326T,1977.0,1977.0,1977.0,1977.0,0
20140327T,885.0,885.0,885.0,885.0,0
20140328T,931.0,931.0,931.0,931.0,0
20140331T,931.0,931.0,931.0,931.0,0
20140401T,831.0,831.0,831.0,831.0,0
20140402T,1099.0,1099.0,1099.0,1099.0,0
20140403T,851.0,851.0,851.0,851.0,0
20140404T,1063.0,1063.0,1063.0,1063.0,0
20140407T,4162.0,4162.0,4162.0,4162.0,0
20140409T,4812.0,4812.0,4812.0,4812.0,0
20140410T,4348.0,4348.0,4348.0,4348.0,0
20140411T,6195.0,6195.0,6195.0,6195.0,0
20140415T,8769.0,8769.0,8769.0,8769.0,0
20140416T,8950.0,8950.0,8950.0,8950.0,0
20140417T,8054.0,8054.0,8054.0,8054.0,0
20140421T,7850.0,7850.0,7850.0,7850.0,0
20140422T,7881.0,7881.0,7881.0,7881.0,0
20140423T,4730.0,4730.0,4730.0,4730.0,0
20140425T,6049.0,6049.0,6049.0,6049.0,0
20140428T,5817.0,5817.0,5817.0,5817.0,0
20140429T,7515.0,7515.0,7515.0,7515.0,0
20140430T,7464.0,7464.0,7464.0,7464.0,0
20140502T,5922.0,5922.0,5922.0,5922.0,0
20140505T,6074.0,6074.0,6074.0,6074.0,0
20140506T,6100.0,6100.0,6100.0,6100.0,0
20140507T,6307.0,6307.0,6307.0,6307.0,0
20140508T,6305.0,6305.0,6305.0,6305.0,0
20140509T,4023.0,4023.0,4023.0,4023.0,0
20140512T,2025.0,2025.0,2025.0,2025.0,0
20140513T,-168.0,-168.0,-168.0,-168.0,0
20140514T,-243.0,-243.0,-243.0,-243.0,0
20140515T,213.0,213.0,213.0,213.0,0
20140516T,2287.0,2287.0,2287.0,2287.0,0
20140519T,9840.0,9840.0,9840.0,9840.0,0
20140520T,7727.0,7727.0,7727.0,7727.0,0
20140521T,1321.0,1321.0,1321.0,1321.0,0
20140522T,1297.0,1297.0,1297.0,1297.0,0
20140523T,1290.0,1290.0,1290.0,1290.0,0
20140526T,1280.0,1280.0,1280.0,1280.0,0
20140527T,1185.0,1185.0,1185.0,1185.0,0
20140528T,2559.0,2559.0,2559.0,2559.0,0
20140529T,2721.0,2721.0,2721.0,2721.0,0
20140530T,4237.0,4237.0,4237.0,4237.0,0
20140602T,4404.0,4404.0,4404.0,4404.0,0
20140603T,4390.0,4390.0,4390.0,4390.0,0
20140604T,4291.0,4291.0,4291.0,4291.0,0
20140605T,4168.0,4168.0,4168.0,4168.0,0
20140606T,5381.0,5381.0,5381.0,5381.0,0
20140609T,4281.0,4281.0,4281.0,4281.0,0
20140610T,4968.0,4968.0,4968.0,4968.0,0
20140611T,6546.0,6546.0,6546.0,6546.0,0
20140612T,7371.0,7371.0,7371.0,7371.0,0
20140613T,6677.0,6677.0,6677.0,6677.0,0
20140616T,6723.0,6723.0,6723.0,6723.0,0
20140617T,8231.0,8231.0,8231.0,8231.0,0
20140618T,8977.0,8977.0,8977.0,8977.0,0
20140619T,9705.0,9705.0,9705.0,9705.0,0
20140620T,9766.0,9766.0,9766.0,9766.0,0
20140623T,11147.0,11147.0,11147.0,11147.0,0
20140624T,11141.0,11141.0,11141.0,11141.0,0
20140625T,11154.0,11154.0,11154.0,11154.0,0
20140626T,6502.0,6502.0,6502.0,6502.0,0
20140627T,6401.0,6401.0,6401.0,6401.0,0
20140630T,5891.0,5891.0,5891.0,5891.0,0
20140701T,3885.0,3885.0,3885.0,3885.0,0
20140702T,3830.0,3830.0,3830.0,3830.0,0
20140703T,1192.0,1192.0,1192.0,1192.0,0
20140704T,1193.0,1193.0,1193.0,1193.0,0
20140707T,1239.0,1239.0,1239.0,1239.0,0
20140708T,2213.0,2213.0,2213.0,2213.0,0
20140709T,4324.0,4324.0,4324.0,4324.0,0
20140710T,9659.0,9659.0,9659.0,9659.0,0
20140711T,14594.0,14594.0,14594.0,14594.0,0
20140714T,16987.0,16987.0,16987.0,16987.0,0
20140715T,11347.0,11347.0,11347.0,11347.0,0
20140716T,8084.0,8084.0,8084.0,8084.0,0
20140718T,2662.0,2662.0,2662.0,2662.0,0
20140721T,2641.0,2641.0,2641.0,2641.0,0
20140722T,2144.0,2144.0,2144.0,2144.0,0
20140723T,434.0,434.0,434.0,434.0,0
20140724T,-774.0,-774.0,-774.0,-774.0,0
20140725T,-784.0,-784.0,-784.0,-784.0,0
20140728T,1125.0,1125.0,1125.0,1125.0,0
20140730T,628.0,628.0,628.0,628.0,0
20140731T,-3616.0,-3616.0,-3616.0,-3616.0,0
20140801T,280.0,280.0,280.0,280.0,0
20140804T,1855.0,1855.0,1855.0,1855.0,0
20140805T,607.0,607.0,607.0,607.0,0
20140806T,-619.0,-619.0,-619.0,-619.0,0
20140807T,-386.0,-386.0,-386.0,-386.0,0
20140808T,4329.0,4329.0,4329.0,4329.0,0
20140811T,4136.0,4136.0,4136.0,4136.0,0
20140812T,2056.0,2056.0,2056.0,2056.0,0
20140813T,191.0,191.0,191.0,191.0,0
20140814T,154.0,154.0,154.0,154.0,0
20140818T,-1492.0,-1492.0,-1492.0,-1492.0,0
20140819T,-3500.0,-3500.0,-3500.0,-3500.0,0
20140820T,-2905.0,-2905.0,-2905.0,-2905.0,0
20140821T,-2912.0,-2912.0,-2912.0,-2912.0,0
20140822T,-3452.0,-3452.0,-3452.0,-3452.0,0
20140825T,-3452.0,-3452.0,-3452.0,-3452.0,0
20140826T,-3380.0,-3380.0,-3380.0,-3380.0,0
20140827T,-3537.0,-3537.0,-3537.0,-3537.0,0
20140828T,-4719.0,-4719.0,-4719.0,-4719.0,0
20140901T,-5571.0,-5571.0,-5571.0,-5571.0,0
20140902T,-6958.0,-6958.0,-6958.0,-6958.0,0
20140903T,-8479.0,-8479.0,-8479.0,-8479.0,0
20140904T,-8475.0,-8475.0,-8475.0,-8475.0,0
20140905T,-8475.0,-8475.0,-8475.0,-8475.0,0
20140908T,-8479.0,-8479.0,-8479.0,-8479.0,0
20140909T,-8458.0,-8458.0,-8458.0,-8458.0,0
20140910T,-7460.0,-7460.0,-7460.0,-7460.0,0
20140911T,-6577.0,-6577.0,-6577.0,-6577.0,0
20140912T,-5597.0,-5597.0,-5597.0,-5597.0,0
20140915T,-5144.0,-5144.0,-5144.0,-5144.0,0
20140916T,-3603.0,-3603.0,-3603.0,-3603.0,0
20140917T,-776.0,-776.0,-776.0,-776.0,0
20140918T,-1658.0,-1658.0,-1658.0,-1658.0,0
20140919T,-3796.0,-3796.0,-3796.0,-3796.0,0
20140922T,-3796.0,-3796.0,-3796.0,-3796.0,0
20140923T,-3421.0,-3421.0,-3421.0,-3421.0,0
20140924T,-2589.0,-2589.0,-2589.0,-2589.0,0
20140925T,-2821.0,-2821.0,-2821.0,-2821.0,0
20140926T,-1105.0,-1105.0,-1105.0,-1105.0,0
20140929T,-671.0,-671.0,-671.0,-671.0,0
20140930T,-918.0,-918.0,-918.0,-918.0,0
20141001T,-1082.0,-1082.0,-1082.0,-1082.0,0
20141007T,-1753.0,-1753.0,-1753.0,-1753.0,0
20141008T,-587.0,-587.0,-587.0,-587.0,0
20141009T,-1209.0,-1209.0,-1209.0,-1209.0,0
20141010T,2847.0,2847.0,2847.0,2847.0,0
20141013T,3658.0,3658.0,3658.0,3658.0,0
20141014T,3900.0,3900.0,3900.0,3900.0,0
20141016T,5463.0,5463.0,5463.0,5463.0,0
20141017T,8291.0,8291.0,8291.0,8291.0,0
20141020T,6896.0,6896.0,6896.0,6896.0,0
20141021T,4727.0,4727.0,4727.0,4727.0,0
20141022T,3584.0,3584.0,3584.0,3584.0,0
20141023T,3584.0,3584.0,3584.0,3584.0,0
20141027T,1416.0,1416.0,1416.0,1416.0,0
20141028T,1416.0,1416.0,1416.0,1416.0,0
20141029T,120.0,120.0,120.0,120.0,0
20141030T,-3164.0,-3164.0,-3164.0,-3164.0,0
20141031T,-15222.0,-15222.0,-15222.0,-15222.0,0
20141103T,-21069.0,-21069.0,-21069.0,-21069.0,0
20141105T,-21039.0,-21039.0,-21039.0,-21039.0,0
20141107T,-21558.0,-21558.0,-21558.0,-21558.0,0
20141110T,-21602.0,-21602.0,-21602.0,-21602.0,0
20141111T,-21573.0,-21573.0,-21573.0,-21573.0,0
20141112T,-21644.0,-21644.0,-21644.0,-21644.0,0
20141113T,-21645.0,-21645.0,-21645.0,-21645.0,0
20141114T,-23794.0,-23794.0,-23794.0,-23794.0,0
20141117T,-23792.0,-23792.0,-23792.0,-23792.0,0
20141118T,-26895.0,-26895.0,-26895.0,-26895.0,0
20141119T,-27824.0,-27824.0,-27824.0,-27824.0,0
20141120T,-24774.0,-24774.0,-24774.0,-24774.0,0
20141121T,-24501.0,-24501.0,-24501.0,-24501.0,0
20141124T,-28578.0,-28578.0,-28578.0,-28578.0,0
20141125T,-28213.0,-28213.0,-28213.0,-28213.0,0
20141126T,-28644.0,-28644.0,-28644.0,-28644.0,0
20141127T,-26910.0,-26910.0,-26910.0,-26910.0,0
20141128T,-29361.0,-29361.0,-29361.0,-29361.0,0
20141201T,-30630.0,-30630.0,-30630.0,-30630.0,0
20141202T,-26423.0,-26423.0,-26423.0,-26423.0,0
20141203T,-24938.0,-24938.0,-24938.0,-24938.0,0
20141204T,-24920.0,-24920.0,-24920.0,-24920.0,0
20141205T,-25019.0,-25019.0,-25019.0,-25019.0,0
20141208T,-27980.0,-27980.0,-27980.0,-27980.0,0
20141209T,-19493.0,-19493.0,-19493.0,-19493.0,0
20141210T,-18096.0,-18096.0,-18096.0,-18096.0,0
20141211T,-16990.0,-16990.0,-16990.0,-16990.0,0
20141212T,-10823.0,-10823.0,-10823.0,-10823.0,0
20141215T,-6419.0,-6419.0,-6419.0,-6419.0,0
20141216T,-4466.0,-4466.0,-4466.0,-4466.0,0
20141217T,-4585.0,-4585.0,-4585.0,-4585.0,0
20141218T,-10878.0,-10878.0,-10878.0,-10878.0,0
20141219T,-18350.0,-18350.0,-18350.0,-18350.0,0
20141222T,-20379.0,-20379.0,-20379.0,-20379.0,0
20141223T,-21449.0,-21449.0,-21449.0,-21449.0,0
20141224T,-16772.0,-16772.0,-16772.0,-16772.0,0
20141226T,-11468.0,-11468.0,-11468.0,-11468.0,0
20141229T,-10089.0,-10089.0,-10089.0,-10089.0,0
20141230T,-12388.0,-12388.0,-12388.0,-12388.0,0
20141231T,-13386.0,-13386.0,-13386.0,-13386.0,0
20150101T,-13706.0,-13706.0,-13706.0,-13706.0,0
20150102T,-15092.0,-15092.0,-15092.0,-15092.0,0
20150105T,-23414.0,-23414.0,-23414.0,-23414.0,0
20150106T,-14836.0,-14836.0,-14836.0,-14836.0,0
20150107T,-7648.0,-7648.0,-7648.0,-7648.0,0
20150108T,-10608.0,-10608.0,-10608.0,-10608.0,0
20150109T,-9357.0,-9357.0,-9357.0,-9357.0,0
20150112T,-9085.0,-9085.0,-9085.0,-9085.0,0
20150113T,-9977.0,-9977.0,-9977.0,-9977.0,0
20150114T,-11239.0,-11239.0,-11239.0,-11239.0,0
20150115T,-16505.0,-16505.0,-16505.0,-16505.0,0
20150116T,-23085.0,-23085.0,-23085.0,-23085.0,0
20150119T,-27912.0,-27912.0,-27912.0,-27912.0,0
20150120T,-35485.0,-35485.0,-35485.0,-35485.0,0
20150121T,-37996.0,-37996.0,-37996.0,-37996.0,0
20150122T,-37000.0,-37000.0,-37000.0,-37000.0,0
20150123T,-41000.0,-41000.0,-41000.0,-41000.0,0
20150127T,-47208.0,-47208.0,-47208.0,-47208.0,0
20150128T,-49686.0,-49686.0,-49686.0,-49686.0,0
20150129T,-46596.0,-46596.0,-46596.0,-46596.0,0
20150130T,-50596.0,-50596.0,-50596.0,-50596.0,0
20150202T,-47312.0,-47312.0,-47312.0,-47312.0,0
20150203T,-41955.0,-41955.0,-41955.0,-41955.0,0
20150204T,-41979.0,-41979.0,-41979.0,-41979.0,0
20150205T,-41699.0,-41699.0,-41699.0,-41699.0,0
20150206T,-39895.0,-39895.0,-39895.0,-39895.0,0
20150209T,-32126.0,-32126.0,-32126.0,-32126.0,0
20150210T,-30104.0,-30104.0,-30104.0,-30104.0,0
20150211T,-29360.0,-29360.0,-29360.0,-29360.0,0
20150212T,-32327.0,-32327.0,-32327.0,-32327.0,0
20150213T,-47563.0,-47563.0,-47563.0,-47563.0,0
20150216T,-49675.0,-49675.0,-49675.0,-49675.0,0
20150218T,-48705.0,-48705.0,-48705.0,-48705.0,0
20150219T,-51102.0,-51102.0,-51102.0,-51102.0,0
20150220T,-48111.0,-48111.0,-48111.0,-48111.0,0
20150223T,-47393.0,-47393.0,-47393.0,-47393.0,0
20150224T,-33604.0,-33604.0,-33604.0,-33604.0,0
20150225T,-41728.0,-41728.0,-41728.0,-41728.0,0
20150226T,-41741.0,-41741.0,-41741.0,-41741.0,0
20150227T,-49207.0,-49207.0,-49207.0,-49207.0,0
20150302T,-56160.0,-56160.0,-56160.0,-56160.0,0
20150303T,-61813.0,-61813.0,-61813.0,-61813.0,0
20150304T,-62259.0,-62259.0,-62259.0,-62259.0,0
20150305T,-62228.0,-62228.0,-62228.0,-62228.0,0
20150309T,-53240.0,-53240.0,-53240.0,-53240.0,0
20150310T,-45830.0,-45830.0,-45830.0,-45830.0,0
20150311T,-43080.0,-43080.0,-43080.0,-43080.0,0
20150312T,-41799.0,-41799.0,-41799.0,-41799.0,0
20150313T,-35213.0,-35213.0,-35213.0,-35213.0,0
20150316T,-32669.0,-32669.0,-32669.0,-32669.0,0
20150317T,-30534.0,-30534.0,-30534.0,-30534.0,0
20150318T,-29869.0,-29869.0,-29869.0,-29869.0,0
20150319T,-27486.0,-27486.0,-27486.0,-27486.0,0
20150320T,-23167.0,-23167.0,-23167.0,-23167.0,0
20150323T,-23454.0,-23454.0,-23454.0,-23454.0,0
20150324T,-21745.0,-21745.0,-21745.0,-21745.0,0
20150325T,-21878.0,-21878.0,-21878.0,-21878.0,0
20150326T,-29904.0,-29904.0,-29904.0,-29904.0,0
20150327T,-25104.0,-25104.0,-25104.0,-25104.0,0
20150330T,-25038.0,-25038.0,-25038.0,-25038.0,0
20150331T,-27861.0,-27861.0,-27861.0,-27861.0,0
20150401T,-28100.0,-28100.0,-28100.0,-28100.0,0
20150406T,-35861.0,-35861.0,-35861.0,-35861.0,0
20150407T,-41312.0,-41312.0,-41312.0,-41312.0,0
20150408T,-40344.0,-40344.0,-40344.0,-40344.0,0
20150409T,-43083.0,-43083.0,-43083.0,-43083.0,0
20150410T,-46393.0,-46393.0,-46393.0,-46393.0,0
20150413T,-46430.0,-46430.0,-46430.0,-46430.0,0
20150415T,-43592.0,-43592.0,-43592.0,-43592.0,0
20150416T,-35111.0,-35111.0,-35111.0,-35111.0,0
20150417T,-34600.0,-34600.0,-34600.0,-34600.0,0
20150420T,-15293.0,-15293.0,-15293.0,-15293.0,0
20150421T,-9291.0,-9291.0,-9291.0,-9291.0,0
20150422T,-7551.0,-7551.0,-7551.0,-7551.0,0
20150423T,-7668.0,-7668.0,-7668.0,-7668.0,0
20150424T,-1735.0,-1735.0,-1735.0,-1735.0,0
20150427T,2724.0,2724.0,2724.0,2724.0,0
20150428T,2614.0,2614.0,2614.0,2614.0,0
20150429T,-2718.0,-2718.0,-2718.0,-2718.0,0
20150430T,-21026.0,-21026.0,-21026.0,-21026.0,0
20150504T,-22564.0,-22564.0,-22564.0,-22564.0,0
20150505T,-30586.0,-30586.0,-30586.0,-30586.0,0
20150506T,-28313.0,-28313.0,-28313.0,-28313.0,0
20150507T,-13972.0,-13972.0,-13972.0,-13972.0,0
20150508T,-29706.0,-29706.0,-29706.0,-29706.0,0
20150511T,-38226.0,-38226.0,-38226.0,-38226.0,0
20150512T,-32016.0,-32016.0,-32016.0,-32016.0,0
20150513T,-36829.0,-36829.0,-36829.0,-36829.0,0
20150514T,-33307.0,-33307.0,-33307.0,-33307.0,0
20150515T,-33387.0,-33387.0,-33387.0,-33387.0,0
20150518T,-33281.0,-33281.0,-33281.0,-33281.0,0
20150519T,-42853.0,-42853.0,-42853.0,-42853.0,0
20150520T,-39725.0,-39725.0,-39725.0,-39725.0,0
20150521T,-39447.0,-39447.0,-39447.0,-39447.0,0
20150522T,-38449.0,-38449.0,-38449.0,-38449.0,0
20150525T,-39691.0,-39691.0,-39691.0,-39691.0,0
20150526T,-43496.0,-43496.0,-43496.0,-43496.0,0
20150527T,-42856.0,-42856.0,-42856.0,-42856.0,0
20150528T,-36577.0,-36577.0,-36577.0,-36577.0,0
20150529T,-34497.0,-34497.0,-34497.0,-34497.0,0
20150601T,-42848.0,-42848.0,-42848.0,-42848.0,0
20150602T,-39066.0,-39066.0,-39066.0,-39066.0,0
20150603T,-29438.0,-29438.0,-29438.0,-29438.0,0
20150604T,-28437.0,-28437.0,-28437.0,-28437.0,0
20150605T,-30856.0,-30856.0,-30856.0,-30856.0,0
20150608T,-30938.0,-30938.0,-30938.0,-30938.0,0
20150609T,-29264.0,-29264.0,-29264.0,-29264.0,0
20150610T,-30722.0,-30722.0,-30722.0,-30722.0,0
20150611T,-26759.0,-26759.0,-26759.0,-26759.0,0
20150612T,-14914.0,-14914.0,-14914.0,-14914.0,0
20150615T,-21514.0,-21514.0,-21514.0,-21514.0,0
20150616T,-24229.0,-24229.0,-24229.0,-24229.0,0
20150617T,-14624.0,-14624.0,-14624.0,-14624.0,0
20150618T,-24029.0,-24029.0,-24029.0,-24029.0,0
20150619T,-23770.0,-23770.0,-23770.0,-23770.0,0
20150622T,-35011.0,-35011.0,-35011.0,-35011.0,0
20150623T,-44147.0,-44147.0,-44147.0,-44147.0,0
20150624T,-55658.0,-55658.0,-55658.0,-55658.0,0
20150625T,-52579.0,-52579.0,-52579.0,-52579.0,0
20150626T,-47521.0,-47521.0,-47521.0,-47521.0,0
20150629T,-13965.0,-13965.0,-13965.0,-13965.0,0
20150630T,-9700.0,-9700.0,-9700.0,-9700.0,0
20150701T,-12853.0,-12853.0,-12853.0,-12853.0,0
20150702T,-14729.0,-14729.0,-14729.0,-14729.0,0
20150703T,-19181.0,-19181.0,-19181.0,-19181.0,0
20150706T,-24621.0,-24621.0,-24621.0,-24621.0,0
20150707T,-28353.0,-28353.0,-28353.0,-28353.0,0
20150708T,-23727.0,-23727.0,-23727.0,-23727.0,0
20150709T,-19647.0,-19647.0,-19647.0,-19647.0,0
20150710T,-18817.0,-18817.0,-18817.0,-18817.0,0
20150713T,-14530.0,-14530.0,-14530.0,-14530.0,0
20150714T,-17604.0,-17604.0,-17604.0,-17604.0,0
20150715T,-20132.0,-20132.0,-20132.0,-20132.0,0
20150716T,-30117.0,-30117.0,-30117.0,-30117.0,0
20150717T,-31076.0,-31076.0,-31076.0,-31076.0,0
20150720T,-33599.0,-33599.0,-33599.0,-33599.0,0
20150721T,-39299.0,-39299.0,-39299.0,-39299.0,0
20150722T,-39467.0,-39467.0,-39467.0,-39467.0,0
20150723T,-40146.0,-40146.0,-40146.0,-40146.0,0
20150724T,-36676.0,-36676.0,-36676.0,-36676.0,0
20150727T,-28613.0,-28613.0,-28613.0,-28613.0,0
20150728T,-14351.0,-14351.0,-14351.0,-14351.0,0
20150729T,-10662.0,-10662.0,-10662.0,-10662.0,0
20150730T,-18875.0,-18875.0,-18875.0,-18875.0,0
20150731T,-30297.0,-30297.0,-30297.0,-30297.0,0
20150803T,-37272.0,-37272.0,-37272.0,-37272.0,0
20150804T,-42947.0,-42947.0,-42947.0,-42947.0,0
20150805T,-43661.0,-43661.0,-43661.0,-43661.0,0
20150806T,-44434.0,-44434.0,-44434.0,-44434.0,0
20150807T,-42782.0,-42782.0,-42782.0,-42782.0,0
20150810T,-43912.0,-43912.0,-43912.0,-43912.0,0
20150811T,-35431.0,-35431.0,-35431.0,-35431.0,0
20150812T,-32193.0,-32193.0,-32193.0,-32193.0,0
20150813T,-19365.0,-19365.0,-19365.0,-19365.0,0
20150814T,-24020.0,-24020.0,-24020.0,-24020.0,0
20150817T,-25847.0,-25847.0,-25847.0,-25847.0,0
20150818T,-26087.0,-26087.0,-26087.0,-26087.0,0
20150819T,-25797.0,-25797.0,-25797.0,-25797.0,0
20150820T,-15797.0,-15797.0,-15797.0,-15797.0,0
20150821T,-3407.0,-3407.0,-3407.0,-3407.0,0
20150824T,32850.0,32850.0,32850.0,32850.0,0
20150825T,52530.0,52530.0,52530.0,52530.0,0
20150826T,54124.0,54124.0,54124.0,54124.0,0
20150827T,46723.0,46723.0,46723.0,46723.0,0
20150828T,44467.0,44467.0,44467.0,44467.0,0
20150831T,31051.0,31051.0,31051.0,31051.0,0
20150901T,33555.0,33555.0,33555.0,33555.0,0
20150902T,47486.0,47486.0,47486.0,47486.0,0
20150903T,48605.0,48605.0,48605.0,48605.0,0
20150904T,49498.0,49498.0,49498.0,49498.0,0
20150907T,56257.0,56257.0,56257.0,56257.0,0
20150908T,64265.0,64265.0,64265.0,64265.0,0
20150909T,63077.0,63077.0,63077.0,63077.0,0
20150910T,62900.0,62900.0,62900.0,62900.0,0
20150911T,50923.0,50923.0,50923.0,50923.0,0
20150914T,47504.0,47504.0,47504.0,47504.0,0
20150915T,48317.0,48317.0,48317.0,48317.0,0
20150916T,38357.0,38357.0,38357.0,38357.0,0
20150918T,31989.0,31989.0,31989.0,31989.0,0
20150921T,32135.0,32135.0,32135.0,32135.0,0
20150922T,39912.0,39912.0,39912.0,39912.0,0
20150923T,49138.0,49138.0,49138.0,49138.0,0
20150924T,42539.0,42539.0,42539.0,42539.0,0
20150928T,41017.0,41017.0,41017.0,41017.0,0
20150929T,47584.0,47584.0,47584.0,47584.0,0
20150930T,51886.0,51886.0,51886.0,51886.0,0
20151001T,49127.0,49127.0,49127.0,49127.0,0
20151005T,38254.0,38254.0,38254.0,38254.0,0
20151006T,27961.0,27961.0,27961.0,27961.0,0
20151007T,26573.0,26573.0,26573.0,26573.0,0
20151008T,26437.0,26437.0,26437.0,26437.0,0
20151009T,26287.0,26287.0,26287.0,26287.0,0
20151012T,26123.0,26123.0,26123.0,26123.0,0
20151013T,29937.0,29937.0,29937.0,29937.0,0
20151014T,33477.0,33477.0,33477.0,33477.0,0
20151015T,38294.0,38294.0,38294.0,38294.0,0
20151016T,43554.0,43554.0,43554.0,43554.0,0
20151019T,36146.0,36146.0,36146.0,36146.0,0
20151020T,30826.0,30826.0,30826.0,30826.0,0
20151021T,30288.0,30288.0,30288.0,30288.0,0
20151023T,29792.0,29792.0,29792.0,29792.0,0
20151026T,29721.0,29721.0,29721.0,29721.0,0
20151027T,42479.0,42479.0,42479.0,42479.0,0
20151028T,27801.0,27801.0,27801.0,27801.0,0
20151029T,12425.0,12425.0,12425.0,12425.0,0
20151030T,19347.0,19347.0,19347.0,19347.0,0
20151102T,24725.0,24725.0,24725.0,24725.0,0
20151103T,23859.0,23859.0,23859.0,23859.0,0
20151104T,20127.0,20127.0,20127.0,20127.0,0
20151105T,20046.0,20046.0,20046.0,20046.0,0
20151106T,23413.0,23413.0,23413.0,23413.0,0
20151109T,24503.0,24503.0,24503.0,24503.0,0
20151110T,25023.0,25023.0,25023.0,25023.0,0
20151111T,25023.0,25023.0,25023.0,25023.0,0
20151113T,28260.0,28260.0,28260.0,28260.0,0
20151116T,31557.0,31557.0,31557.0,31557.0,0
20151117T,31413.0,31413.0,31413.0,31413.0,0
20151118T,32845.0,32845.0,32845.0,32845.0,0
20151119T,32242.0,32242.0,32242.0,32242.0,0
20151120T,29412.0,29412.0,29412.0,29412.0,0
20151123T,29433.0,29433.0,29433.0,29433.0,0
20151124T,29186.0,29186.0,29186.0,29186.0,0
20151126T,27438.0,27438.0,27438.0,27438.0,0
20151127T,27367.0,27367.0,27367.0,27367.0,0
20151130T,27494.0,27494.0,27494.0,27494.0,0
20151201T,26344.0,26344.0,26344.0,26344.0,0
20151202T,26672.0,26672.0,26672.0,26672.0,0
20151203T,25910.0,25910.0,25910.0,25910.0,0
20151204T,27438.0,27438.0,27438.0,27438.0,0
20151207T,28858.0,28858.0,28858.0,28858.0,0
20151208T,29062.0,29062.0,29062.0,29062.0,0
20151209T,29104.0,29104.0,29104.0,29104.0,0
20151210T,29270.0,29270.0,29270.0,29270.0,0
20151211T,30025.0,30025.0,30025.0,30025.0,0
20151214T,30599.0,30599.0,30599.0,30599.0,0
20151215T,33924.0,33924.0,33924.0,33924.0,0
20151216T,34709.0,34709.0,34709.0,34709.0,0
20151217T,35333.0,35333.0,35333.0,35333.0,0
20151218T,33685.0,33685.0,33685.0,33685.0,0
20151221T,33606.0,33606.0,33606.0,33606.0,0
20151222T,34066.0,34066.0,34066.0,34066.0,0
20151223T,34998.0,34998.0,34998.0,34998.0,0
20151224T,33577.0,33577.0,33577.0,33577.0,0
20151228T,33580.0,33580.0,33580.0,33580.0,0
20151229T,33384.0,33384.0,33384.0,33384.0,0
20151230T,30800.0,30800.0,30800.0,30800.0,0
20151231T,25336.0,25336.0,25336.0,25336.0,0
20160101T,25261.0,25261.0,25261.0,25261.0,0
20160104T,23264.0,23264.0,23264.0,23264.0,0
20160105T,24424.0,24424.0,24424.0,24424.0,0
20160106T,24415.0,24415.0,24415.0,24415.0,0
20160107T,24538.0,24538.0,24538.0,24538.0,0
20160108T,24543.0,24543.0,24543.0,24543.0,0
20160111T,25318.0,25318.0,25318.0,25318.0,0
20160112T,25331.0,25331.0,25331.0,25331.0,0
20160113T,25811.0,25811.0,25811.0,25811.0,0
20160114T,25859.0,25859.0,25859.0,25859.0,0
20160115T,26291.0,26291.0,26291.0,26291.0,0
20160118T,28203.0,28203.0,28203.0,28203.0,0
20160119T,31542.0,31542.0,31542.0,31542.0,0
20160120T,31197.0,31197.0,31197.0,31197.0,0
20160121T,30883.0,30883.0,30883.0,30883.0,0
20160122T,31607.0,31607.0,31607.0,31607.0,0
20160125T,31921.0,31921.0,31921.0,31921.0,0
20160127T,29486.0,29486.0,29486.0,29486.0,0
20160128T,26731.0,26731.0,26731.0,26731.0,0
20160129T,32484.0,32484.0,32484.0,32484.0,0
20160201T,31053.0,31053.0,31053.0,31053.0,0
20160202T,30860.0,30860.0,30860.0,30860.0,0
20160203T,31302.0,31302.0,31302.0,31302.0,0
20160204T,32748.0,32748.0,32748.0,32748.0,0
20160205T,33953.0,33953.0,33953.0,33953.0,0
20160208T,32595.0,32595.0,32595.0,32595.0,0
20160209T,33358.0,33358.0,33358.0,33358.0,0
20160211T,33232.0,33232.0,33232.0,33232.0,0
20160212T,33564.0,33564.0,33564.0,33564.0,0
20160215T,34743.0,34743.0,34743.0,34743.0,0
20160216T,34913.0,34913.0,34913.0,34913.0,0
20160217T,31631.0,31631.0,31631.0,31631.0,0
20160218T,31977.0,31977.0,31977.0,31977.0,0
20160219T,29907.0,29907.0,29907.0,29907.0,0
20160222T,27966.0,27966.0,27966.0,27966.0,0
20160223T,26842.0,26842.0,26842.0,26842.0,0
20160224T,27501.0,27501.0,27501.0,27501.0,0
20160225T,26461.0,26461.0,26461.0,26461.0,0
20160226T,25637.0,25637.0,25637.0,25637.0,0
20160229T,25881.0,25881.0,25881.0,25881.0,0
20160301T,26398.0,26398.0,26398.0,26398.0,0
20160302T,27513.0,27513.0,27513.0,27513.0,0
20160303T,27534.0,27534.0,27534.0,27534.0,0
20160304T,27589.0,27589.0,27589.0,27589.0,0
20160308T,26874.0,26874.0,26874.0,26874.0,0
20160309T,26689.0,26689.0,26689.0,26689.0,0
20160310T,26689.0,26689.0,26689.0,26689.0,0
20160311T,26619.0,26619.0,26619.0,26619.0,0
20160314T,26620.0,26620.0,26620.0,26620.0,0
20160315T,24753.0,24753.0,24753.0,24753.0,0
20160316T,26580.0,26580.0,26580.0,26580.0,0
20160317T,26314.0,26314.0,26314.0,26314.0,0
20160318T,27411.0,27411.0,27411.0,27411.0,0
20160321T,26587.0,26587.0,26587.0,26587.0,0
20160322T,25854.0,25854.0,25854.0,25854.0,0
20160323T,22388.0,22388.0,22388.0,22388.0,0
20160328T,27847.0,27847.0,27847.0,27847.0,0
20160329T,24254.0,24254.0,24254.0,24254.0,0
20160330T,25060.0,25060.0,25060.0,25060.0,0
20160331T,19877.0,19877.0,19877.0,19877.0,0
20160401T,20344.0,20344.0,20344.0,20344.0,0
20160404T,17599.0,17599.0,17599.0,17599.0,0
20160405T,15763.0,15763.0,15763.0,15763.0,0
20160406T,15517.0,15517.0,15517.0,15517.0,0
20160407T,15485.0,15485.0,15485.0,15485.0,0
20160408T,14791.0,14791.0,14791.0,14791.0,0
20160411T,12565.0,12565.0,12565.0,12565.0,0
20160412T,8835.0,8835.0,8835.0,8835.0,0
20160413T,5019.0,5019.0,5019.0,5019.0,0
20160418T,1245.0,1245.0,1245.0,1245.0,0
20160420T,-240.0,-240.0,-240.0,-240.0,0
20160421T,-704.0,-704.0,-704.0,-704.0,0
20160422T,-3345.0,-3345.0,-3345.0,-3345.0,0
20160425T,-3438.0,-3438.0,-3438.0,-3438.0,0
20160426T,-2740.0,-2740.0,-2740.0,-2740.0,0
20160427T,-4704.0,-4704.0,-4704.0,-4704.0,0
20160428T,-752.0,-752.0,-752.0,-752.0,0
20160429T,1478.0,1478.0,1478.0,1478.0,0
20160502T,4415.0,4415.0,4415.0,4415.0,0
20160503T,5038.0,5038.0,5038.0,5038.0,0
20160504T,7166.0,7166.0,7166.0,7166.0,0
20160505T,8877.0,8877.0,8877.0,8877.0,0
20160506T,7577.0,7577.0,7577.0,7577.0,0
20160509T,7205.0,7205.0,7205.0,7205.0,0
20160510T,4571.0,4571.0,4571.0,4571.0,0
20160511T,3565.0,3565.0,3565.0,3565.0,0
20160512T,3895.0,3895.0,3895.0,3895.0,0
20160513T,3988.0,3988.0,3988.0,3988.0,0
20160516T,4801.0,4801.0,4801.0,4801.0,0
20160517T,4234.0,4234.0,4234.0,4234.0,0
20160518T,4685.0,4685.0,4685.0,4685.0,0
20160519T,2898.0,2898.0,2898.0,2898.0,0
20160520T,4190.0,4190.0,4190.0,4190.0,0
20160523T,6135.0,6135.0,6135.0,6135.0,0
20160524T,5761.0,5761.0,5761.0,5761.0,0
20160525T,5408.0,5408.0,5408.0,5408.0,0
20160526T,3268.0,3268.0,3268.0,3268.0,0
20160527T,3247.0,3247.0,3247.0,3247.0,0
20160530T,-6345.0,-6345.0,-6345.0,-6345.0,0
20160531T,-6178.0,-6178.0,-6178.0,-6178.0,0
20160601T,-4553.0,-4553.0,-4553.0,-4553.0,0
20160602T,-5609.0,-5609.0,-5609.0,-5609.0,0
20160603T,-8274.0,-8274.0,-8274.0,-8274.0,0
20160606T,-8609.0,-8609.0,-8609.0,-8609.0,0
20160607T,-8517.0,-8517.0,-8517.0,-8517.0,0
20160608T,-7953.0,-7953.0,-7953.0,-7953.0,0
20160609T,-7950.0,-7950.0,-7950.0,-7950.0,0
20160610T,-8377.0,-8377.0,-8377.0,-8377.0,0
20160613T,-3928.0,-3928.0,-3928.0,-3928.0,0
20160614T,-3258.0,-3258.0,-3258.0,-3258.0,0
20160615T,-1025.0,-1025.0,-1025.0,-1025.0,0
20160616T,-466.0,-466.0,-466.0,-466.0,0
20160617T,-913.0,-913.0,-913.0,-913.0,0
20160620T,4048.0,4048.0,4048.0,4048.0,0
20160621T,868.0,868.0,868.0,868.0,0
20160622T,-305.0,-305.0,-305.0,-305.0,0
20160623T,301.0,301.0,301.0,301.0,0
20160624T,5053.0,5053.0,5053.0,5053.0,0
20160627T,7778.0,7778.0,7778.0,7778.0,0
20160628T,7674.0,7674.0,7674.0,7674.0,0
20160629T,7686.0,7686.0,7686.0,7686.0,0
20160630T,8470.0,8470.0,8470.0,8470.0,0
20160701T,1766.0,1766.0,1766.0,1766.0,0
20160704T,-1304.0,-1304.0,-1304.0,-1304.0,0
20160705T,-7338.0,-7338.0,-7338.0,-7338.0,0
20160707T,-7338.0,-7338.0,-7338.0,-7338.0,0
20160708T,-7325.0,-7325.0,-7325.0,-7325.0,0
20160711T,-7274.0,-7274.0,-7274.0,-7274.0,0
20160712T,-12610.0,-12610.0,-12610.0,-12610.0,0
20160713T,-14614.0,-14614.0,-14614.0,-14614.0,0
20160714T,-14622.0,-14622.0,-14622.0,-14622.0,0
20160715T,-14550.0,-14550.0,-14550.0,-14550.0,0
20160718T,-14974.0,-14974.0,-14974.0,-14974.0,0
20160719T,-15498.0,-15498.0,-15498.0,-15498.0,0
20160720T,-15474.0,-15474.0,-15474.0,-15474.0,0
20160721T,-16653.0,-16653.0,-16653.0,-16653.0,0
20160722T,-16069.0,-16069.0,-16069.0,-16069.0,0
20160725T,-16084.0,-16084.0,-16084.0,-16084.0,0
20160726T,-16084.0,-16084.0,-16084.0,-16084.0,0
20160727T,-16484.0,-16484.0,-16484.0,-16484.0,0
20160728T,-17386.0,-17386.0,-17386.0,-17386.0,0
20160729T,-15530.0,-15530.0,-15530.0,-15530.0,0
20160801T,-15049.0,-15049.0,-15049.0,-15049.0,0
20160802T,-15660.0,-15660.0,-15660.0,-15660.0,0
20160803T,-18139.0,-18139.0,-18139.0,-18139.0,0
20160804T,-13463.0,-13463.0,-13463.0,-13463.0,0
20160805T,-15994.0,-15994.0,-15994.0,-15994.0,0
20160808T,-19534.0,-19534.0,-19534.0,-19534.0,0
20160809T,-19804.0,-19804.0,-19804.0,-19804.0,0
20160810T,-20122.0,-20122.0,-20122.0,-20122.0,0
20160811T,-17485.0,-17485.0,-17485.0,-17485.0,0
20160812T,-17365.0,-17365.0,-17365.0,-17365.0,0
20160816T,-20868.0,-20868.0,-20868.0,-20868.0,0
20160817T,-20868.0,-20868.0,-20868.0,-20868.0,0
20160818T,-20560.0,-20560.0,-20560.0,-20560.0,0
20160819T,-20524.0,-20524.0,-20524.0,-20524.0,0
20160822T,-20486.0,-20486.0,-20486.0,-20486.0,0
20160823T,-20223.0,-20223.0,-20223.0,-20223.0,0
20160824T,-20203.0,-20203.0,-20203.0,-20203.0,0
20160825T,-13350.0,-13350.0,-13350.0,-13350.0,0
20160826T,-15374.0,-15374.0,-15374.0,-15374.0,0
20160829T,-11051.0,-11051.0,-11051.0,-11051.0,0
20160830T,-9765.0,-9765.0,-9765.0,-9765.0,0
20160831T,-14476.0,-14476.0,-14476.0,-14476.0,0
20160901T,-16885.0,-16885.0,-16885.0,-16885.0,0
20160902T,-16895.0,-16895.0,-16895.0,-16895.0,0
20160906T,-20930.0,-20930.0,-20930.0,-20930.0,0
20160907T,-20900.0,-20900.0,-20900.0,-20900.0,0
20160908T,-20899.0,-20899.0,-20899.0,-20899.0,0
20160909T,-20837.0,-20837.0,-20837.0,-20837.0,0
20160912T,-21227.0,-21227.0,-21227.0,-21227.0,0
20160914T,-17080.0,-17080.0,-17080.0,-17080.0,0
20160915T,-7761.0,-7761.0,-7761.0,-7761.0,0
20160916T,-7374.0,-7374.0,-7374.0,-7374.0,0
20160919T,-7370.0,-7370.0,-7370.0,-7370.0,0
20160920T,-7410.0,-7410.0,-7410.0,-7410.0,0
20160921T,-7417.0,-7417.0,-7417.0,-7417.0,0
20160922T,-7736.0,-7736.0,-7736.0,-7736.0,0
20160923T,-9748.0,-9748.0,-9748.0,-9748.0,0
20160926T,-11418.0,-11418.0,-11418.0,-11418.0,0
20160927T,-9752.0,-9752.0,-9752.0,-9752.0,0
20160928T,-9750.0,-9750.0,-9750.0,-9750.0,0
20160929T,-8027.0,-8027.0,-8027.0,-8027.0,0
20160930T,-5436.0,-5436.0,-5436.0,-5436.0,0
20161003T,-6541.0,-6541.0,-6541.0,-6541.0,0
20161004T,-9171.0,-9171.0,-9171.0,-9171.0,0
20161005T,-9184.0,-9184.0,-9184.0,-9184.0,0
20161006T,-9404.0,-9404.0,-9404.0,-9404.0,0
20161007T,-9404.0,-9404.0,-9404.0,-9404.0,0
20161010T,-9404.0,-9404.0,-9404.0,-9404.0,0
20161013T,-8679.0,-8679.0,-8679.0,-8679.0,0
20161014T,-7224.0,-7224.0,-7224.0,-7224.0,0
20161017T,-7037.0,-7037.0,-7037.0,-7037.0,0
20161018T,-6977.0,-6977.0,-6977.0,-6977.0,0
20161019T,-10755.0,-10755.0,-10755.0,-10755.0,0
20161020T,-11344.0,-11344.0,-11344.0,-11344.0,0
20161021T,-11275.0,-11275.0,-11275.0,-11275.0,0
20161024T,-11014.0,-11014.0,-11014.0,-11014.0,0
20161025T,-10715.0,-10715.0,-10715.0,-10715.0,0
20161026T,-10746.0,-10746.0,-10746.0,-10746.0,0
20161027T,-8094.0,-8094.0,-8094.0,-8094.0,0
20161028T,-5806.0,-5806.0,-5806.0,-5806.0,0
20161101T,-5528.0,-5528.0,-5528.0,-5528.0,0
20161102T,-4449.0,-4449.0,-4449.0,-4449.0,0
20161103T,-1827.0,-1827.0,-1827.0,-1827.0,0
20161104T,2179.0,2179.0,2179.0,2179.0,0
20161107T,3301.0,3301.0,3301.0,3301.0,0
20161108T,7296.0,7296.0,7296.0,7296.0,0
20161109T,6968.0,6968.0,6968.0,6968.0,0
20161110T,3106.0,3106.0,3106.0,3106.0,0
20161111T,3507.0,3507.0,3507.0,3507.0,0
20161115T,16820.0,16820.0,16820.0,16820.0,0
20161116T,25373.0,25373.0,25373.0,25373.0,0
20161117T,18794.0,18794.0,18794.0,18794.0,0
20161118T,12042.0,12042.0,12042.0,12042.0,0
20161121T,12539.0,12539.0,12539.0,12539.0,0
20161122T,12595.0,12595.0,12595.0,12595.0,0
20161123T,12711.0,12711.0,12711.0,12711.0,0
20161124T,11826.0,11826.0,11826.0,11826.0,0
20161125T,12110.0,12110.0,12110.0,12110.0,0
20161128T,11125.0,11125.0,11125.0,11125.0,0
20161129T,10420.0,10420.0,10420.0,10420.0,0
20161130T,5951.0,5951.0,5951.0,5951.0,0
20161201T,3641.0,3641.0,3641.0,3641.0,0
20161202T,5955.0,5955.0,5955.0,5955.0,0
20161205T,6219.0,6219.0,6219.0,6219.0,0
20161206T,4885.0,4885.0,4885.0,4885.0,0
20161207T,4810.0,4810.0,4810.0,4810.0,0
20161208T,4034.0,4034.0,4034.0,4034.0,0
20161209T,-653.0,-653.0,-653.0,-653.0,0
20161212T,7883.0,7883.0,7883.0,7883.0,0
20161213T,3345.0,3345.0,3345.0,3345.0,0
20161214T,3220.0,3220.0,3220.0,3220.0,0
20161215T,1610.0,1610.0,1610.0,1610.0,0
20161216T,-2613.0,-2613.0,-2613.0,-2613.0,0
20161219T,-7681.0,-7681.0,-7681.0,-7681.0,0
20161220T,-11698.0,-11698.0,-11698.0,-11698.0,0
20161221T,-12448.0,-12448.0,-12448.0,-12448.0,0
20161222T,-14213.0,-14213.0,-14213.0,-14213.0,0
20161223T,-10632.0,-10632.0,-10632.0,-10632.0,0
20161226T,-10308.0,-10308.0,-10308.0,-10308.0,0
20161227T,-8326.0,-8326.0,-8326.0,-8326.0,0
20161228T,-8940.0,-8940.0,-8940.0,-8940.0,0
20161229T,-10530.0,-10530.0,-10530.0,-10530.0,0
20161230T,-11093.0,-11093.0,-11093.0,-11093.0,0
20170102T,-13806.0,-13806.0,-13806.0,-13806.0,0
20170103T,-15186.0,-15186.0,-15186.0,-15186.0,0
20170104T,-15250.0,-15250.0,-15250.0,-15250.0,0
20170105T,-15888.0,-15888.0,-15888.0,-15888.0,0
20170106T,-15882.0,-15882.0,-15882.0,-15882.0,0
20170109T,-18610.0,-18610.0,-18610.0,-18610.0,0
20170110T,-21278.0,-21278.0,-21278.0,-21278.0,0
20170111T,-21611.0,-21611.0,-21611.0,-21611.0,0
20170112T,-22703.0,-22703.0,-22703.0,-22703.0,0
20170113T,-23175.0,-23175.0,-23175.0,-23175.0,0
20170116T,-22630.0,-22630.0,-22630.0,-22630.0,0
20170117T,-22849.0,-22849.0,-22849.0,-22849.0,0
20170118T,-22961.0,-22961.0,-22961.0,-22961.0,0
20170119T,-23145.0,-23145.0,-23145.0,-23145.0,0
20170120T,-23145.0,-23145.0,-23145.0,-23145.0,0
20170123T,-23170.0,-23170.0,-23170.0,-23170.0,0
20170124T,-20843.0,-20843.0,-20843.0,-20843.0,0
20170125T,-20724.0,-20724.0,-20724.0,-20724.0,0
20170127T,-24139.0,-24139.0,-24139.0,-24139.0,0
20170130T,-23816.0,-23816.0,-23816.0,-23816.0,0
20170131T,-23389.0,-23389.0,-23389.0,-23389.0,0
20170201T,-16356.0,-16356.0,-16356.0,-16356.0,0
20170202T,-7527.0,-7527.0,-7527.0,-7527.0,0
20170203T,-7713.0,-7713.0,-7713.0,-7713.0,0
20170206T,-7584.0,-7584.0,-7584.0,-7584.0,0
20170207T,-8100.0,-8100.0,-8100.0,-8100.0,0
20170208T,-8197.0,-8197.0,-8197.0,-8197.0,0
20170209T,-13422.0,-13422.0,-13422.0,-13422.0,0
20170210T,-13434.0,-13434.0,-13434.0,-13434.0,0
20170213T,-14926.0,-14926.0,-14926.0,-14926.0,0
20170214T,-16280.0,-16280.0,-16280.0,-16280.0,0
20170215T,-15011.0,-15011.0,-15011.0,-15011.0,0
20170216T,-15123.0,-15123.0,-15123.0,-15123.0,0
20170217T,-15978.0,-15978.0,-15978.0,-15978.0,0
20170220T,-13299.0,-13299.0,-13299.0,-13299.0,0
20170221T,-13299.0,-13299.0,-13299.0,-13299.0,0
20170222T,-13744.0,-13744.0,-13744.0,-13744.0,0
20170223T,-13871.0,-13871.0,-13871.0,-13871.0,0
20170227T,-12798.0,-12798.0,-12798.0,-12798.0,0
20170228T,-9099.0,-9099.0,-9099.0,-9099.0,0
20170301T,-8516.0,-8516.0,-8516.0,-8516.0,0
20170302T,-8477.0,-8477.0,-8477.0,-8477.0,0
20170303T,-8255.0,-8255.0,-8255.0,-8255.0,0
20170306T,-7971.0,-7971.0,-7971.0,-7971.0,0
20170307T,-6414.0,-6414.0,-6414.0,-6414.0,0
20170308T,-1953.0,-1953.0,-1953.0,-1953.0,0
20170309T,-1093.0,-1093.0,-1093.0,-1093.0,0
20170310T,1171.0,1171.0,1171.0,1171.0,0
20170314T,-4279.0,-4279.0,-4279.0,-4279.0,0
20170315T,-4363.0,-4363.0,-4363.0,-4363.0,0
20170316T,-3323.0,-3323.0,-3323.0,-3323.0,0
20170317T,195.0,195.0,195.0,195.0,0
20170320T,551.0,551.0,551.0,551.0,0
20170321T,-6649.0,-6649.0,-6649.0,-6649.0,0
20170322T,-8621.0,-8621.0,-8621.0,-8621.0,0
20170323T,-8793.0,-8793.0,-8793.0,-8793.0,0
20170324T,-8769.0,-8769.0,-8769.0,-8769.0,0
20170327T,-8041.0,-8041.0,-8041.0,-8041.0,0
20170328T,-4375.0,-4375.0,-4375.0,-4375.0,0
20170329T,-4242.0,-4242.0,-4242.0,-4242.0,0
20170330T,-4309.0,-4309.0,-4309.0,-4309.0,0
20170331T,-3325.0,-3325.0,-3325.0,-3325.0,0
20170403T,-3415.0,-3415.0,-3415.0,-3415.0,0
20170405T,-8287.0,-8287.0,-8287.0,-8287.0,0
20170406T,-8287.0,-8287.0,-8287.0,-8287.0,0
20170407T,-8330.0,-8330.0,-8330.0,-8330.0,0
20170410T,-6517.0,-6517.0,-6517.0,-6517.0,0
20170411T,-9212.0,-9212.0,-9212.0,-9212.0,0
20170412T,-9202.0,-9202.0,-9202.0,-9202.0,0
20170413T,-8359.0,-8359.0,-8359.0,-8359.0,0
20170417T,-5729.0,-5729.0,-5729.0,-5729.0,0
20170418T,792.0,792.0,792.0,792.0,0
20170419T,908.0,908.0,908.0,908.0,0
20170420T,921.0,921.0,921.0,921.0,0
20170421T,788.0,788.0,788.0,788.0,0
20170424T,735.0,735.0,735.0,735.0,0
20170425T,-1990.0,-1990.0,-1990.0,-1990.0,0
20170426T,-3167.0,-3167.0,-3167.0,-3167.0,0
20170427T,-3704.0,-3704.0,-3704.0,-3704.0,0
20170428T,-2351.0,-2351.0,-2351.0,-2351.0,0
20170502T,-1706.0,-1706.0,-1706.0,-1706.0,0
20170503T,-1720.0,-1720.0,-1720.0,-1720.0,0
20170504T,-2026.0,-2026.0,-2026.0,-2026.0,0
20170505T,581.0,581.0,581.0,581.0,0
20170508T,-117.0,-117.0,-117.0,-117.0,0
20170509T,-85.0,-85.0,-85.0,-85.0,0
20170510T,-139.0,-139.0,-139.0,-139.0,0
20170511T,-139.0,-139.0,-139.0,-139.0,0
20170512T,-153.0,-153.0,-153.0,-153.0,0
20170515T,-177.0,-177.0,-177.0,-177.0,0
20170516T,-229.0,-229.0,-229.0,-229.0,0
20170517T,-255.0,-255.0,-255.0,-255.0,0
20170518T,-2228.0,-2228.0,-2228.0,-2228.0,0
20170519T,-5831.0,-5831.0,-5831.0,-5831.0,0
20170522T,-5577.0,-5577.0,-5577.0,-5577.0,0
20170523T,-5605.0,-5605.0,-5605.0,-5605.0,0
20170524T,-5598.0,-5598.0,-5598.0,-5598.0,0
20170525T,-4876.0,-4876.0,-4876.0,-4876.0,0
20170526T,-4770.0,-4770.0,-4770.0,-4770.0,0
20170529T,-4740.0,-4740.0,-4740.0,-4740.0,0
20170530T,-4435.0,-4435.0,-4435.0,-4435.0,0
20170531T,-4606.0,-4606.0,-4606.0,-4606.0,0
20170601T,-4455.0,-4455.0,-4455.0,-4455.0,0
20170602T,-4424.0,-4424.0,-4424.0,-4424.0,0
20170605T,-4374.0,-4374.0,-4374.0,-4374.0,0
20170606T,-4204.0,-4204.0,-4204.0,-4204.0,0
20170607T,-4205.0,-4205.0,-4205.0,-4205.0,0
20170608T,-3940.0,-3940.0,-3940.0,-3940.0,0
20170609T,-4239.0,-4239.0,-4239.0,-4239.0,0
20170612T,-3563.0,-3563.0,-3563.0,-3563.0,0
20170613T,-3511.0,-3511.0,-3511.0,-3511.0,0
20170614T,-3158.0,-3158.0,-3158.0,-3158.0,0
20170615T,-2852.0,-2852.0,-2852.0,-2852.0,0
20170616T,-2684.0,-2684.0,-2684.0,-2684.0,0
20170619T,-3876.0,-3876.0,-3876.0,-3876.0,0
20170620T,-4916.0,-4916.0,-4916.0,-4916.0,0
20170621T,-4629.0,-4629.0,-4629.0,-4629.0,0
20170622T,-4766.0,-4766.0,-4766.0,-4766.0,0
20170623T,-9117.0,-9117.0,-9117.0,-9117.0,0
20170627T,-9102.0,-9102.0,-9102.0,-9102.0,0
20170628T,-10002.0,-10002.0,-10002.0,-10002.0,0
20170629T,-9290.0,-9290.0,-9290.0,-9290.0,0
20170630T,-9239.0,-9239.0,-9239.0,-9239.0,0
20170703T,-9448.0,-9448.0,-9448.0,-9448.0,0
20170704T,-12163.0,-12163.0,-12163.0,-12163.0,0
20170705T,-12885.0,-12885.0,-12885.0,-12885.0,0
20170706T,-12895.0,-12895.0,-12895.0,-12895.0,0
20170707T,-14757.0,-14757.0,-14757.0,-14757.0,0
20170710T,-12098.0,-12098.0,-12098.0,-12098.0,0
20170711T,-12098.0,-12098.0,-12098.0,-12098.0,0
20170712T,-12098.0,-12098.0,-12098.0,-12098.0,0
20170713T,-12018.0,-12018.0,-12018.0,-12018.0,0
20170714T,-15131.0,-15131.0,-15131.0,-15131.0,0
20170717T,-16355.0,-16355.0,-16355.0,-16355.0,0
20170718T,-17113.0,-17113.0,-17113.0,-17113.0,0
20170719T,-17113.0,-17113.0,-17113.0,-17113.0,0
20170720T,-16472.0,-16472.0,-16472.0,-16472.0,0
20170721T,-19152.0,-19152.0,-19152.0,-19152.0,0
20170724T,-9876.0,-9876.0,-9876.0,-9876.0,0
20170725T,-13456.0,-13456.0,-13456.0,-13456.0,0
20170726T,-10790.0,-10790.0,-10790.0,-10790.0,0
20170727T,-16617.0,-16617.0,-16617.0,-16617.0,0
20170728T,-18684.0,-18684.0,-18684.0,-18684.0,0
20170731T,-16893.0,-16893.0,-16893.0,-16893.0,0
20170801T,-16813.0,-16813.0,-16813.0,-16813.0,0
20170802T,-16819.0,-16819.0,-16819.0,-16819.0,0
20170803T,-16786.0,-16786.0,-16786.0,-16786.0,0
20170804T,-12828.0,-12828.0,-12828.0,-12828.0,0
20170807T,-12831.0,-12831.0,-12831.0,-12831.0,0
20170808T,-12816.0,-12816.0,-12816.0,-12816.0,0
20170809T,-15190.0,-15190.0,-15190.0,-15190.0,0
20170810T,-12477.0,-12477.0,-12477.0,-12477.0,0
20170811T,-10363.0,-10363.0,-10363.0,-10363.0,0
20170814T,-11931.0,-11931.0,-11931.0,-11931.0,0
20170816T,-14500.0,-14500.0,-14500.0,-14500.0,0
20170817T,-14516.0,-14516.0,-14516.0,-14516.0,0
20170818T,-10301.0,-10301.0,-10301.0,-10301.0,0
20170821T,-11093.0,-11093.0,-11093.0,-11093.0,0
20170822T,-8174.0,-8174.0,-8174.0,-8174.0,0
20170823T,-7996.0,-7996.0,-7996.0,-7996.0,0
20170824T,-8106.0,-8106.0,-8106.0,-8106.0,0
20170828T,-9323.0,-9323.0,-9323.0,-9323.0,0
20170829T,-4663.0,-4663.0,-4663.0,-4663.0,0
20170830T,-7187.0,-7187.0,-7187.0,-7187.0,0
20170831T,-6510.0,-6510.0,-6510.0,-6510.0,0
20170901T,-10129.0,-10129.0,-10129.0,-10129.0,0
20170904T,-9974.0,-9974.0,-9974.0,-9974.0,0
20170905T,-10218.0,-10218.0,-10218.0,-10218.0,0
20170906T,-11006.0,-11006.0,-11006.0,-11006.0,0
20170907T,-8488.0,-8488.0,-8488.0,-8488.0,0
20170908T,-8513.0,-8513.0,-8513.0,-8513.0,0
20170911T,-8376.0,-8376.0,-8376.0,-8376.0,0
20170912T,-6378.0,-6378.0,-6378.0,-6378.0,0
20170913T,-3577.0,-3577.0,-3577.0,-3577.0,0
20170914T,-3486.0,-3486.0,-3486.0,-3486.0,0
20170915T,-13678.0,-13678.0,-13678.0,-13678.0,0
20170918T,-10849.0,-10849.0,-10849.0,-10849.0,0
20170919T,-7485.0,-7485.0,-7485.0,-7485.0,0
20170920T,-8731.0,-8731.0,-8731.0,-8731.0,0
20170921T,-8891.0,-8891.0,-8891.0,-8891.0,0
20170922T,-10407.0,-10407.0,-10407.0,-10407.0,0
20170925T,-8895.0,-8895.0,-8895.0,-8895.0,0
20170926T,-9295.0,-9295.0,-9295.0,-9295.0,0
20170927T,-9269.0,-9269.0,-9269.0,-9269.0,0
20170928T,-3049.0,-3049.0,-3049.0,-3049.0,0
20170929T,637.0,637.0,637.0,637.0,0
20171003T,-4682.0,-4682.0,-4682.0,-4682.0,0
20171004T,-4804.0,-4804.0,-4804.0,-4804.0,0
20171005T,-8885.0,-8885.0,-8885.0,-8885.0,0
20171006T,-9923.0,-9923.0,-9923.0,-9923.0,0
20171009T,-13070.0,-13070.0,-13070.0,-13070.0,0
20171010T,-13139.0,-13139.0,-13139.0,-13139.0,0
20171011T,-5739.0,-5739.0,-5739.0,-5739.0,0
20171012T,-9107.0,-9107.0,-9107.0,-9107.0,0
20171013T,-11817.0,-11817.0,-11817.0,-11817.0,0
20171016T,-11596.0,-11596.0,-11596.0,-11596.0,0
20171017T,-11477.0,-11477.0,-11477.0,-11477.0,0
20171018T,-12132.0,-12132.0,-12132.0,-12132.0,0
20171019T,-12132.0,-12132.0,-12132.0,-12132.0,0
20171023T,-11505.0,-11505.0,-11505.0,-11505.0,0
20171024T,-11566.0,-11566.0,-11566.0,-11566.0,0
20171025T,-1109.0,-1109.0,-1109.0,-1109.0,0
20171026T,-4491.0,-4491.0,-4491.0,-4491.0,0
20171027T,-5637.0,-5637.0,-5637.0,-5637.0,0
20171030T,-5437.0,-5437.0,-5437.0,-5437.0,0
20171031T,-7045.0,-7045.0,-7045.0,-7045.0,0
20171101T,-9616.0,-9616.0,-9616.0,-9616.0,0
20171102T,-9661.0,-9661.0,-9661.0,-9661.0,0
20171103T,-5461.0,-5461.0,-5461.0,-5461.0,0
20171106T,-5864.0,-5864.0,-5864.0,-5864.0,0
20171107T,-5563.0,-5563.0,-5563.0,-5563.0,0
20171108T,-7565.0,-7565.0,-7565.0,-7565.0,0
20171109T,-7346.0,-7346.0,-7346.0,-7346.0,0
20171110T,-5373.0,-5373.0,-5373.0,-5373.0,0
20171113T,-5611.0,-5611.0,-5611.0,-5611.0,0
20171114T,-4386.0,-4386.0,-4386.0,-4386.0,0
20171115T,-974.0,-974.0,-974.0,-974.0,0
20171116T,-896.0,-896.0,-896.0,-896.0,0
20171117T,-7194.0,-7194.0,-7194.0,-7194.0,0
20171120T,-11194.0,-11194.0,-11194.0,-11194.0,0
20171121T,-8518.0,-8518.0,-8518.0,-8518.0,0
20171122T,-7864.0,-7864.0,-7864.0,-7864.0,0
20171123T,-7800.0,-7800.0,-7800.0,-7800.0,0
20171124T,-7800.0,-7800.0,-7800.0,-7800.0,0
20171127T,-7812.0,-7812.0,-7812.0,-7812.0,0
20171128T,-7812.0,-7812.0,-7812.0,-7812.0,0
20171129T,-7736.0,-7736.0,-7736.0,-7736.0,0
20171130T,-3855.0,-3855.0,-3855.0,-3855.0,0
20171201T,46.0,46.0,46.0,46.0,0
20171204T,2710.0,2710.0,2710.0,2710.0,0
20171205T,2173.0,2173.0,2173.0,2173.0,0
20171206T,1585.0,1585.0,1585.0,1585.0,0
20171207T,1585.0,1585.0,1585.0,1585.0,0
20171208T,2690.0,2690.0,2690.0,2690.0,0
20171211T,4421.0,4421.0,4421.0,4421.0,0
20171212T,4087.0,4087.0,4087.0,4087.0,0
20171213T,3452.0,3452.0,3452.0,3452.0,0
20171214T,4127.0,4127.0,4127.0,4127.0,0
20171215T,4508.0,4508.0,4508.0,4508.0,0
20171218T,-1387.0,-1387.0,-1387.0,-1387.0,0
20171219T,-1699.0,-1699.0,-1699.0,-1699.0,0
20171220T,-1433.0,-1433.0,-1433.0,-1433.0,0
20171221T,-5602.0,-5602.0,-5602.0,-5602.0,0
20171222T,-5495.0,-5495.0,-5495.0,-5495.0,0
20171226T,-3572.0,-3572.0,-3572.0,-3572.0,0
20171227T,-3206.0,-3206.0,-3206.0,-3206.0,0
20171228T,362.0,362.0,362.0,362.0,0
20171229T,-6373.0,-6373.0,-6373.0,-6373.0,0
20180101T,-6679.0,-6679.0,-6679.0,-6679.0,0
20180102T,-6299.0,-6299.0,-6299.0,-6299.0,0
20180103T,-7038.0,-7038.0,-7038.0,-7038.0,0
20180104T,-5724.0,-5724.0,-5724.0,-5724.0,0
20180105T,-5836.0,-5836.0,-5836.0,-5836.0,0
20180108T,-7432.0,-7432.0,-7432.0,-7432.0,0
20180109T,-13032.0,-13032.0,-13032.0,-13032.0,0
20180110T,-13052.0,-13052.0,-13052.0,-13052.0,0
20180111T,-15351.0,-15351.0,-15351.0,-15351.0,0
20180112T,-16793.0,-16793.0,-16793.0,-16793.0,0
20180115T,-19403.0,-19403.0,-19403.0,-19403.0,0
20180116T,-25802.0,-25802.0,-25802.0,-25802.0,0
20180117T,-26030.0,-26030.0,-26030.0,-26030.0,0
20180118T,-30014.0,-30014.0,-30014.0,-30014.0,0
20180119T,-30014.0,-30014.0,-30014.0,-30014.0,0
20180122T,-36258.0,-36258.0,-36258.0,-36258.0,0
20180123T,-40749.0,-40749.0,-40749.0,-40749.0,0
20180124T,-41560.0,-41560.0,-41560.0,-41560.0,0
20180125T,-46142.0,-46142.0,-46142.0,-46142.0,0
20180129T,-45699.0,-45699.0,-45699.0,-45699.0,0
20180130T,-45522.0,-45522.0,-45522.0,-45522.0,0
20180131T,-42145.0,-42145.0,-42145.0,-42145.0,0
20180201T,-37114.0,-37114.0,-37114.0,-37114.0,0
20180202T,-38353.0,-38353.0,-38353.0,-38353.0,0
20180205T,-37031.0,-37031.0,-37031.0,-37031.0,0
20180206T,-32878.0,-32878.0,-32878.0,-32878.0,0
20180207T,-31328.0,-31328.0,-31328.0,-31328.0,0
20180208T,-32082.0,-32082.0,-32082.0,-32082.0,0
20180209T,-31853.0,-31853.0,-31853.0,-31853.0,0
20180212T,-31620.0,-31620.0,-31620.0,-31620.0,0
20180214T,-31615.0,-31615.0,-31615.0,-31615.0,0
20180215T,-31694.0,-31694.0,-31694.0,-31694.0,0
20180216T,-36243.0,-36243.0,-36243.0,-36243.0,0
20180219T,-33247.0,-33247.0,-33247.0,-33247.0,0
20180220T,-32203.0,-32203.0,-32203.0,-32203.0,0
20180221T,-32203.0,-32203.0,-32203.0,-32203.0,0
20180222T,-30101.0,-30101.0,-30101.0,-30101.0,0
20180223T,-36382.0,-36382.0,-36382.0,-36382.0,0
20180226T,-37513.0,-37513.0,-37513.0,-37513.0,0
20180227T,-39180.0,-39180.0,-39180.0,-39180.0,0
20180228T,-37516.0,-37516.0,-37516.0,-37516.0,0
20180301T,-42620.0,-42620.0,-42620.0,-42620.0,0
20180305T,-41881.0,-41881.0,-41881.0,-41881.0,0
20180306T,-43542.0,-43542.0,-43542.0,-43542.0,0
20180307T,-34962.0,-34962.0,-34962.0,-34962.0,0
20180308T,-26031.0,-26031.0,-26031.0,-26031.0,0
20180309T,-13318.0,-13318.0,-13318.0,-13318.0,0
20180312T,-12389.0,-12389.0,-12389.0,-12389.0,0
20180313T,-12174.0,-12174.0,-12174.0,-12174.0,0
20180314T,-14523.0,-14523.0,-14523.0,-14523.0,0
20180315T,-20662.0,-20662.0,-20662.0,-20662.0,0
20180316T,-15542.0,-15542.0,-15542.0,-15542.0,0
20180319T,-9952.0,-9952.0,-9952.0,-9952.0,0
20180320T,-7365.0,-7365.0,-7365.0,-7365.0,0
20180321T,-3277.0,-3277.0,-3277.0,-3277.0,0
20180322T,-7010.0,-7010.0,-7010.0,-7010.0,0
20180323T,-1692.0,-1692.0,-1692.0,-1692.0,0
20180326T,13635.0,13635.0,13635.0,13635.0,0
20180327T,8225.0,8225.0,8225.0,8225.0,0
20180328T,10793.0,10793.0,10793.0,10793.0,0
20180402T,12196.0,12196.0,12196.0,12196.0,0
20180403T,4534.0,4534.0,4534.0,4534.0,0
20180404T,10016.0,10016.0,10016.0,10016.0,0
20180405T,6558.0,6558.0,6558.0,6558.0,0
20180406T,2635.0,2635.0,2635.0,2635.0,0
20180409T,630.0,630.0,630.0,630.0,0
20180410T,-9456.0,-9456.0,-9456.0,-9456.0,0
20180411T,-9406.0,-9406.0,-9406.0,-9406.0,0
20180412T,-10834.0,-10834.0,-10834.0,-10834.0,0
20180413T,-18335.0,-18335.0,-18335.0,-18335.0,0
20180416T,-16842.0,-16842.0,-16842.0,-16842.0,0
20180417T,-24321.0,-24321.0,-24321.0,-24321.0,0
20180418T,-26000.0,-26000.0,-26000.0,-26000.0,0
20180419T,-31273.0,-31273.0,-31273.0,-31273.0,0
20180420T,-36400.0,-36400.0,-36400.0,-36400.0,0
20180423T,-39298.0,-39298.0,-39298.0,-39298.0,0
20180424T,-39075.0,-39075.0,-39075.0,-39075.0,0
20180425T,-42297.0,-42297.0,-42297.0,-42297.0,0
20180426T,-42683.0,-42683.0,-42683.0,-42683.0,0
20180427T,-51233.0,-51233.0,-51233.0,-51233.0,0
20180430T,-50789.0,-50789.0,-50789.0,-50789.0,0
20180502T,-51393.0,-51393.0,-51393.0,-51393.0,0
20180503T,-51944.0,-51944.0,-51944.0,-51944.0,0
20180504T,-52042.0,-52042.0,-52042.0,-52042.0,0
20180507T,-51204.0,-51204.0,-51204.0,-51204.0,0
20180508T,-48203.0,-48203.0,-48203.0,-48203.0,0
20180509T,-42316.0,-42316.0,-42316.0,-42316.0,0
20180510T,-42323.0,-42323.0,-42323.0,-42323.0,0
20180511T,-42369.0,-42369.0,-42369.0,-42369.0,0
20180514T,-42474.0,-42474.0,-42474.0,-42474.0,0
20180515T,-49425.0,-49425.0,-49425.0,-49425.0,0
20180516T,-48656.0,-48656.0,-48656.0,-48656.0,0
20180517T,-47224.0,-47224.0,-47224.0,-47224.0,0
20180518T,-42036.0,-42036.0,-42036.0,-42036.0,0
20180521T,-38662.0,-38662.0,-38662.0,-38662.0,0
20180522T,-34680.0,-34680.0,-34680.0,-34680.0,0
20180523T,-32602.0,-32602.0,-32602.0,-32602.0,0
20180524T,-30596.0,-30596.0,-30596.0,-30596.0,0
20180525T,-35387.0,-35387.0,-35387.0,-35387.0,0
20180528T,-41560.0,-41560.0,-41560.0,-41560.0,0
20180529T,-42239.0,-42239.0,-42239.0,-42239.0,0
20180530T,-41942.0,-41942.0,-41942.0,-41942.0,0
20180531T,-22311.0,-22311.0,-22311.0,-22311.0,0
20180601T,-29336.0,-29336.0,-29336.0,-29336.0,0
20180604T,-35312.0,-35312.0,-35312.0,-35312.0,0
20180605T,-30073.0,-30073.0,-30073.0,-30073.0,0
20180606T,-30113.0,-30113.0,-30113.0,-30113.0,0
20180607T,-30709.0,-30709.0,-30709.0,-30709.0,0
20180608T,-31872.0,-31872.0,-31872.0,-31872.0,0
20180611T,-29619.0,-29619.0,-29619.0,-29619.0,0
20180612T,-19894.0,-19894.0,-19894.0,-19894.0,0
20180614T,-19174.0,-19174.0,-19174.0,-19174.0,0
20180615T,-20583.0,-20583.0,-20583.0,-20583.0,0
20180618T,-20567.0,-20567.0,-20567.0,-20567.0,0
20180619T,-17131.0,-17131.0,-17131.0,-17131.0,0
20180620T,-15180.0,-15180.0,-15180.0,-15180.0,0
20180621T,-14477.0,-14477.0,-14477.0,-14477.0,0
20180622T,-13677.0,-13677.0,-13677.0,-13677.0,0
20180625T,-15579.0,-15579.0,-15579.0,-15579.0,0
20180626T,-18146.0,-18146.0,-18146.0,-18146.0,0
20180627T,-18827.0,-18827.0,-18827.0,-18827.0,0
20180628T,5.0,5.0,5.0,5.0,0
20180629T,4863.0,4863.0,4863.0,4863.0,0
20180702T,5088.0,5088.0,5088.0,5088.0,0
20180703T,10532.0,10532.0,10532.0,10532.0,0
20180704T,14423.0,14423.0,14423.0,14423.0,0
20180705T,10699.0,10699.0,10699.0,10699.0,0
20180706T,10657.0,10657.0,10657.0,10657.0,0
20180709T,9889.0,9889.0,9889.0,9889.0,0
20180710T,6526.0,6526.0,6526.0,6526.0,0
20180711T,-4338.0,-4338.0,-4338.0,-4338.0,0
20180712T,-6097.0,-6097.0,-6097.0,-6097.0,0
20180713T,-10286.0,-10286.0,-10286.0,-10286.0,0
20180716T,-12804.0,-12804.0,-12804.0,-12804.0,0
20180717T,-10839.0,-10839.0,-10839.0,-10839.0,0
20180718T,-10686.0,-10686.0,-10686.0,-10686.0,0
20180719T,-10686.0,-10686.0,-10686.0,-10686.0,0
20180720T,-17533.0,-17533.0,-17533.0,-17533.0,0
20180723T,-17538.0,-17538.0,-17538.0,-17538.0,0
20180724T,-23595.0,-23595.0,-23595.0,-23595.0,0
20180725T,-25230.0,-25230.0,-25230.0,-25230.0,0
20180726T,-23365.0,-23365.0,-23365.0,-23365.0,0
20180727T,-28230.0,-28230.0,-28230.0,-28230.0,0
20180730T,-40873.0,-40873.0,-40873.0,-40873.0,0
20180731T,-44859.0,-44859.0,-44859.0,-44859.0,0
20180801T,-44433.0,-44433.0,-44433.0,-44433.0,0
20180802T,-40938.0,-40938.0,-40938.0,-40938.0,0
20180803T,-40052.0,-40052.0,-40052.0,-40052.0,0
20180806T,-40420.0,-40420.0,-40420.0,-40420.0,0
20180807T,-42060.0,-42060.0,-42060.0,-42060.0,0
20180808T,-46574.0,-46574.0,-46574.0,-46574.0,0
20180809T,-46517.0,-46517.0,-46517.0,-46517.0,0
20180810T,-46812.0,-46812.0,-46812.0,-46812.0,0
20180813T,-52438.0,-52438.0,-52438.0,-52438.0,0
20180814T,-53847.0,-53847.0,-53847.0,-53847.0,0
20180816T,-53812.0,-53812.0,-53812.0,-53812.0,0
20180817T,-55886.0,-55886.0,-55886.0,-55886.0,0
20180820T,-55934.0,-55934.0,-55934.0,-55934.0,0
20180821T,-59801.0,-59801.0,-59801.0,-59801.0,0
20180823T,-60036.0,-60036.0,-60036.0,-60036.0,0
20180824T,-60522.0,-60522.0,-60522.0,-60522.0,0
20180827T,-60522.0,-60522.0,-60522.0,-60522.0,0
20180828T,-60255.0,-60255.0,-60255.0,-60255.0,0
20180829T,-57989.0,-57989.0,-57989.0,-57989.0,0
20180830T,-56459.0,-56459.0,-56459.0,-56459.0,0
20180831T,-56525.0,-56525.0,-56525.0,-56525.0,0
20180903T,-57645.0,-57645.0,-57645.0,-57645.0,0
20180904T,-53813.0,-53813.0,-53813.0,-53813.0,0
20180905T,-52460.0,-52460.0,-52460.0,-52460.0,0
20180906T,-50974.0,-50974.0,-50974.0,-50974.0,0
20180907T,-49068.0,-49068.0,-49068.0,-49068.0,0
20180910T,-47116.0,-47116.0,-47116.0,-47116.0,0
20180911T,-43680.0,-43680.0,-43680.0,-43680.0,0
20180912T,-40778.0,-40778.0,-40778.0,-40778.0,0
20180914T,-44331.0,-44331.0,-44331.0,-44331.0,0
20180917T,-40352.0,-40352.0,-40352.0,-40352.0,0
20180918T,-38852.0,-38852.0,-38852.0,-38852.0,0
20180919T,-33572.0,-33572.0,-33572.0,-33572.0,0
20180921T,-22504.0,-22504.0,-22504.0,-22504.0,0
20180924T,-15175.0,-15175.0,-15175.0,-15175.0,0
20180925T,-4798.0,-4798.0,-4798.0,-4798.0,0
20180926T,-8810.0,-8810.0,-8810.0,-8810.0,0
20180927T,-5108.0,-5108.0,-5108.0,-5108.0,0
20180928T,1976.0,1976.0,1976.0,1976.0,0
20181001T,1732.0,1732.0,1732.0,1732.0,0
20181003T,3134.0,3134.0,3134.0,3134.0,0
20181004T,22124.0,22124.0,22124.0,22124.0,0
20181005T,40524.0,40524.0,40524.0,40524.0,0
20181008T,51141.0,51141.0,51141.0,51141.0,0
20181009T,52954.0,52954.0,52954.0,52954.0,0
20181010T,44913.0,44913.0,44913.0,44913.0,0
20181011T,58962.0,58962.0,58962.0,58962.0,0
20181012T,48706.0,48706.0,48706.0,48706.0,0
20181015T,41818.0,41818.0,41818.0,41818.0,0
20181016T,40017.0,40017.0,40017.0,40017.0,0
20181017T,41450.0,41450.0,41450.0,41450.0,0
20181019T,56480.0,56480.0,56480.0,56480.0,0
20181022T,61186.0,61186.0,61186.0,61186.0,0
20181023T,66634.0,66634.0,66634.0,66634.0,0
20181024T,65935.0,65935.0,65935.0,65935.0,0
20181025T,63262.0,63262.0,63262.0,63262.0,0
20181026T,68525.0,68525.0,68525.0,68525.0,0
20181029T,62625.0,62625.0,62625.0,62625.0,0
20181030T,57764.0,57764.0,57764.0,57764.0,0
20181031T,56832.0,56832.0,56832.0,56832.0,0
20181101T,49449.0,49449.0,49449.0,49449.0,0
20181102T,45657.0,45657.0,45657.0,45657.0,0
20181105T,44209.0,44209.0,44209.0,44209.0,0
20181106T,44332.0,44332.0,44332.0,44332.0,0
20181107T,44332.0,44332.0,44332.0,44332.0,0
20181109T,41233.0,41233.0,41233.0,41233.0,0
20181112T,40169.0,40169.0,40169.0,40169.0,0
20181113T,41204.0,41204.0,41204.0,41204.0,0
20181114T,45016.0,45016.0,45016.0,45016.0,0
20181115T,43472.0,43472.0,43472.0,43472.0,0
20181116T,42721.0,42721.0,42721.0,42721.0,0
20181119T,37981.0,37981.0,37981.0,37981.0,0
20181120T,35806.0,35806.0,35806.0,35806.0,0
20181121T,35778.0,35778.0,35778.0,35778.0,0
20181122T,39398.0,39398.0,39398.0,39398.0,0
20181126T,42710.0,42710.0,42710.0,42710.0,0
20181127T,46141.0,46141.0,46141.0,46141.0,0
20181128T,37645.0,37645.0,37645.0,37645.0,0
20181129T,40151.0,40151.0,40151.0,40151.0,0
20181130T,42882.0,42882.0,42882.0,42882.0,0
20181203T,38082.0,38082.0,38082.0,38082.0,0
20181204T,37895.0,37895.0,37895.0,37895.0,0
20181205T,39618.0,39618.0,39618.0,39618.0,0
20181206T,47515.0,47515.0,47515.0,47515.0,0
20181207T,54083.0,54083.0,54083.0,54083.0,0
20181210T,56946.0,56946.0,56946.0,56946.0,0
20181211T,59515.0,59515.0,59515.0,59515.0,0
20181212T,55033.0,55033.0,55033.0,55033.0,0
20181213T,46936.0,46936.0,46936.0,46936.0,0
20181214T,41929.0,41929.0,41929.0,41929.0,0
20181217T,36968.0,36968.0,36968.0,36968.0,0
20181218T,33037.0,33037.0,33037.0,33037.0,0
20181219T,33384.0,33384.0,33384.0,33384.0,0
20181220T,32918.0,32918.0,32918.0,32918.0,0
20181221T,41882.0,41882.0,41882.0,41882.0,0
20181224T,55845.0,55845.0,55845.0,55845.0,0
20181226T,55112.0,55112.0,55112.0,55112.0,0
20181227T,56215.0,56215.0,56215.0,56215.0,0
20181228T,52709.0,52709.0,52709.0,52709.0,0
20181231T,56823.0,56823.0,56823.0,56823.0,0
20190101T,56852.0,56852.0,56852.0,56852.0,0
20190102T,60821.0,60821.0,60821.0,60821.0,0
20190103T,61860.0,61860.0,61860.0,61860.0,0
20190104T,59858.0,59858.0,59858.0,59858.0,0
20190107T,53733.0,53733.0,53733.0,53733.0,0
20190108T,53526.0,53526.0,53526.0,53526.0,0
20190109T,49637.0,49637.0,49637.0,49637.0,0
20190110T,43354.0,43354.0,43354.0,43354.0,0
20190111T,41931.0,41931.0,41931.0,41931.0,0
20190114T,41949.0,41949.0,41949.0,41949.0,0
20190115T,40828.0,40828.0,40828.0,40828.0,0
20190116T,38126.0,38126.0,38126.0,38126.0,0
20190117T,33166.0,33166.0,33166.0,33166.0,0
20190118T,32966.0,32966.0,32966.0,32966.0,0
20190121T,22548.0,22548.0,22548.0,22548.0,0
20190122T,22071.0,22071.0,22071.0,22071.0,0
20190123T,23512.0,23512.0,23512.0,23512.0,0
20190124T,27387.0,27387.0,27387.0,27387.0,0
20190125T,21782.0,21782.0,21782.0,21782.0,0
20190128T,29863.0,29863.0,29863.0,29863.0,0
20190129T,34026.0,34026.0,34026.0,34026.0,0
20190130T,34276.0,34276.0,34276.0,34276.0,0
20190131T,29049.0,29049.0,29049.0,29049.0,0
20190201T,23297.0,23297.0,23297.0,23297.0,0
20190204T,17789.0,17789.0,17789.0,17789.0,0
20190205T,9277.0,9277.0,9277.0,9277.0,0
20190206T,1701.0,1701.0,1701.0,1701.0,0
20190207T,-1211.0,-1211.0,-1211.0,-1211.0,0
20190208T,-9968.0,-9968.0,-9968.0,-9968.0,0
20190211T,-9743.0,-9743.0,-9743.0,-9743.0,0
20190212T,-10517.0,-10517.0,-10517.0,-10517.0,0
20190213T,-10453.0,-10453.0,-10453.0,-10453.0,0
20190214T,6463.0,6463.0,6463.0,6463.0,0
20190215T,18218.0,18218.0,18218.0,18218.0,0
20190218T,16910.0,16910.0,16910.0,16910.0,0
20190219T,20907.0,20907.0,20907.0,20907.0,0
20190220T,18725.0,18725.0,18725.0,18725.0,0
20190221T,20907.0,20907.0,20907.0,20907.0,0
20190222T,14020.0,14020.0,14020.0,14020.0,0
20190225T,16532.0,16532.0,16532.0,16532.0,0
20190226T,19877.0,19877.0,19877.0,19877.0,0
20190227T,19007.0,19007.0,19007.0,19007.0,0
20190228T,18910.0,18910.0,18910.0,18910.0,0
20190301T,18947.0,18947.0,18947.0,18947.0,0
20190305T,17961.0,17961.0,17961.0,17961.0,0
20190306T,16834.0,16834.0,16834.0,16834.0,0
20190307T,12964.0,12964.0,12964.0,12964.0,0
20190308T,12889.0,12889.0,12889.0,12889.0,0
20190311T,9307.0,9307.0,9307.0,9307.0,0
20190312T,1542.0,1542.0,1542.0,1542.0,0
20190313T,-241.0,-241.0,-241.0,-241.0,0
20190314T,-5782.0,-5782.0,-5782.0,-5782.0,0
20190315T,-5884.0,-5884.0,-5884.0,-5884.0,0
20190318T,-8282.0,-8282.0,-8282.0,-8282.0,0
20190319T,-3068.0,-3068.0,-3068.0,-3068.0,0
20190320T,-3821.0,-3821.0,-3821.0,-3821.0,0
20190322T,-4845.0,-4845.0,-4845.0,-4845.0,0
20190325T,-5385.0,-5385.0,-5385.0,-5385.0,0
20190326T,-1722.0,-1722.0,-1722.0,-1722.0,0
20190327T,-7695.0,-7695.0,-7695.0,-7695.0,0
20190328T,-13495.0,-13495.0,-13495.0,-13495.0,0
20190329T,-18568.0,-18568.0,-18568.0,-18568.0,0
20190401T,-19079.0,-19079.0,-19079.0,-19079.0,0
20190402T,-23879.0,-23879.0,-23879.0,-23879.0,0
20190403T,-23899.0,-23899.0,-23899.0,-23899.0,0
20190404T,-25198.0,-25198.0,-25198.0,-25198.0,0
20190405T,-26138.0,-26138.0,-26138.0,-26138.0,0
20190408T,-30186.0,-30186.0,-30186.0,-30186.0,0
20190409T,-34352.0,-34352.0,-34352.0,-34352.0,0
20190410T,-33264.0,-33264.0,-33264.0,-33264.0,0
20190411T,-32779.0,-32779.0,-32779.0,-32779.0,0
20190412T,-31285.0,-31285.0,-31285.0,-31285.0,0
20190415T,-29499.0,-29499.0,-29499.0,-29499.0,0
20190416T,-32758.0,-32758.0,-32758.0,-32758.0,0
20190418T,-35912.0,-35912.0,-35912.0,-35912.0,0
20190422T,-26499.0,-26499.0,-26499.0,-26499.0,0
20190423T,-25855.0,-25855.0,-25855.0,-25855.0,0
20190424T,-24208.0,-24208.0,-24208.0,-24208.0,0
20190425T,-36917.0,-36917.0,-36917.0,-36917.0,0
20190426T,-41917.0,-41917.0,-41917.0,-41917.0,0
20190430T,-37841.0,-37841.0,-37841.0,-37841.0,0
20190502T,-40973.0,-40973.0,-40973.0,-40973.0,0
20190503T,-45169.0,-45169.0,-45169.0,-45169.0,0
20190506T,-38051.0,-38051.0,-38051.0,-38051.0,0
20190507T,-30401.0,-30401.0,-30401.0,-30401.0,0
20190508T,-24425.0,-24425.0,-24425.0,-24425.0,0
20190509T,-20934.0,-20934.0,-20934.0,-20934.0,0
20190510T,-14532.0,-14532.0,-14532.0,-14532.0,0
20190513T,-8592.0,-8592.0,-8592.0,-8592.0,0
20190514T,-12880.0,-12880.0,-12880.0,-12880.0,0
20190515T,-11957.0,-11957.0,-11957.0,-11957.0,0
20190516T,-8241.0,-8241.0,-8241.0,-8241.0,0
20190517T,-5123.0,-5123.0,-5123.0,-5123.0,0
20190520T,1898.0,1898.0,1898.0,1898.0,0
20190521T,-2364.0,-2364.0,-2364.0,-2364.0,0
20190522T,-204.0,-204.0,-204.0,-204.0,0
20190523T,10105.0,10105.0,10105.0,10105.0,0
20190524T,11127.0,11127.0,11127.0,11127.0,0
20190527T,11119.0,11119.0,11119.0,11119.0,0
20190528T,13304.0,13304.0,13304.0,13304.0,0
20190529T,15308.0,15308.0,15308.0,15308.0,0
20190530T,9141.0,9141.0,9141.0,9141.0,0
20190531T,9563.0,9563.0,9563.0,9563.0,0
20190603T,5205.0,5205.0,5205.0,5205.0,0
20190604T,11105.0,11105.0,11105.0,11105.0,0
20190606T,17776.0,17776.0,17776.0,17776.0,0
20190607T,20168.0,20168.0,20168.0,20168.0,0
20190610T,19221.0,19221.0,19221.0,19221.0,0
20190611T,13957.0,13957.0,13957.0,13957.0,0
20190612T,16947.0,16947.0,16947.0,16947.0,0
20190613T,9296.0,9296.0,9296.0,9296.0,0
20190614T,12977.0,12977.0,12977.0,12977.0,0
20190617T,19659.0,19659.0,19659.0,19659.0,0
20190618T,22177.0,22177.0,22177.0,22177.0,0
20190619T,18814.0,18814.0,18814.0,18814.0,0
20190620T,13777.0,13777.0,13777.0,13777.0,0
20190621T,14584.0,14584.0,14584.0,14584.0,0
20190624T,17544.0,17544.0,17544.0,17544.0,0
20190625T,17846.0,17846.0,17846.0,17846.0,0
20190626T,18977.0,18977.0,18977.0,18977.0,0
20190627T,6806.0,6806.0,6806.0,6806.0,0
20190628T,9557.0,9557.0,9557.0,9557.0,0
20190701T,2709.0,2709.0,2709.0,2709.0,0
20190702T,3707.0,3707.0,3707.0,3707.0,0
20190703T,-4488.0,-4488.0,-4488.0,-4488.0,0
20190704T,-4361.0,-4361.0,-4361.0,-4361.0,0
20190705T,3420.0,3420.0,3420.0,3420.0,0
20190708T,14257.0,14257.0,14257.0,14257.0,0
20190709T,13458.0,13458.0,13458.0,13458.0,0
20190710T,12816.0,12816.0,12816.0,12816.0,0
20190711T,12816.0,12816.0,12816.0,12816.0,0
20190712T,14994.0,14994.0,14994.0,14994.0,0
20190715T,13994.0,13994.0,13994.0,13994.0,0
20190716T,11006.0,11006.0,11006.0,11006.0,0
20190717T,11267.0,11267.0,11267.0,11267.0,0
20190718T,13264.0,13264.0,13264.0,13264.0,0
20190719T,21032.0,21032.0,21032.0,21032.0,0
20190722T,23490.0,23490.0,23490.0,23490.0,0
20190723T,24978.0,24978.0,24978.0,24978.0,0
20190724T,35398.0,35398.0,35398.0,35398.0,0
20190725T,30692.0,30692.0,30692.0,30692.0,0
20190726T,36332.0,36332.0,36332.0,36332.0,0
20190729T,40789.0,40789.0,40789.0,40789.0,0
20190730T,40010.0,40010.0,40010.0,40010.0,0
20190731T,47857.0,47857.0,47857.0,47857.0,0
20190801T,56303.0,56303.0,56303.0,56303.0,0
20190802T,60199.0,60199.0,60199.0,60199.0,0
20190805T,64877.0,64877.0,64877.0,64877.0,0
20190806T,68490.0,68490.0,68490.0,68490.0,0
20190807T,67661.0,67661.0,67661.0,67661.0,0
20190808T,63681.0,63681.0,63681.0,63681.0,0
20190809T,59018.0,59018.0,59018.0,59018.0,0
20190813T,57510.0,57510.0,57510.0,57510.0,0
20190814T,59303.0,59303.0,59303.0,59303.0,0
20190816T,68580.0,68580.0,68580.0,68580.0,0
20190819T,66777.0,66777.0,66777.0,66777.0,0
20190820T,66831.0,66831.0,66831.0,66831.0,0
20190821T,66911.0,66911.0,66911.0,66911.0,0
20190822T,71229.0,71229.0,71229.0,71229.0,0
20190823T,71883.0,71883.0,71883.0,71883.0,0
20190826T,74082.0,74082.0,74082.0,74082.0,0
20190827T,73498.0,73498.0,73498.0,73498.0,0
20190828T,73331.0,73331.0,73331.0,73331.0,0
20190829T,76026.0,76026.0,76026.0,76026.0,0
20190830T,74440.0,74440.0,74440.0,74440.0,0
20190903T,66408.0,66408.0,66408.0,66408.0,0
20190904T,66851.0,66851.0,66851.0,66851.0,0
20190905T,67973.0,67973.0,67973.0,67973.0,0
20190906T,63145.0,63145.0,63145.0,63145.0,0
20190909T,59015.0,59015.0,59015.0,59015.0,0
20190911T,57970.0,57970.0,57970.0,57970.0,0
20190912T,56702.0,56702.0,56702.0,56702.0,0
20190913T,56092.0,56092.0,56092.0,56092.0,0
20190916T,58095.0,58095.0,58095.0,58095.0,0
20190917T,64599.0,64599.0,64599.0,64599.0,0
20190918T,61740.0,61740.0,61740.0,61740.0,0
20190919T,67017.0,67017.0,67017.0,67017.0,0
20190920T,80995.0,80995.0,80995.0,80995.0,0
20190923T,76719.0,76719.0,76719.0,76719.0,0
20190924T,72463.0,72463.0,72463.0,72463.0,0
20190925T,67359.0,67359.0,67359.0,67359.0,0
20190926T,54349.0,54349.0,54349.0,54349.0,0
20190927T,54345.0,54345.0,54345.0,54345.0,0
20190930T,54785.0,54785.0,54785.0,54785.0,0
20191001T,55304.0,55304.0,55304.0,55304.0,0
20191003T,57104.0,57104.0,57104.0,57104.0,0
20191004T,55271.0,55271.0,55271.0,55271.0,0
20191007T,55325.0,55325.0,55325.0,55325.0,0
20191009T,46716.0,46716.0,46716.0,46716.0,0
20191010T,49741.0,49741.0,49741.0,49741.0,0
20191011T,52741.0,52741.0,52741.0,52741.0,0
20191014T,47606.0,47606.0,47606.0,47606.0,0
20191015T,51231.0,51231.0,51231.0,51231.0,0
20191016T,46583.0,46583.0,46583.0,46583.0,0
20191017T,44708.0,44708.0,44708.0,44708.0,0
20191018T,45240.0,45240.0,45240.0,45240.0,0
20191022T,39450.0,39450.0,39450.0,39450.0,0
20191023T,38237.0,38237.0,38237.0,38237.0,0
20191024T,37723.0,37723.0,37723.0,37723.0,0
20191025T,36899.0,36899.0,36899.0,36899.0,0
20191029T,36704.0,36704.0,36704.0,36704.0,0
20191030T,35524.0,35524.0,35524.0,35524.0,0
20191031T,32911.0,32911.0,32911.0,32911.0,0
20191101T,26507.0,26507.0,26507.0,26507.0,0
20191104T,26208.0,26208.0,26208.0,26208.0,0
20191105T,28985.0,28985.0,28985.0,28985.0,0
20191106T,28650.0,28650.0,28650.0,28650.0,0
20191107T,26650.0,26650.0,26650.0,26650.0,0
20191108T,26864.0,26864.0,26864.0,26864.0,0
20191111T,27786.0,27786.0,27786.0,27786.0,0
20191113T,28346.0,28346.0,28346.0,28346.0,0
20191114T,32372.0,32372.0,32372.0,32372.0,0
20191115T,31961.0,31961.0,31961.0,31961.0,0
20191118T,30294.0,30294.0,30294.0,30294.0,0
20191119T,27200.0,27200.0,27200.0,27200.0,0
20191120T,22850.0,22850.0,22850.0,22850.0,0
20191121T,21298.0,21298.0,21298.0,21298.0,0
20191122T,22527.0,22527.0,22527.0,22527.0,0
20191125T,19730.0,19730.0,19730.0,19730.0,0
20191126T,16404.0,16404.0,16404.0,16404.0,0
20191127T,9468.0,9468.0,9468.0,9468.0,0
20191128T,3170.0,3170.0,3170.0,3170.0,0
20191129T,4822.0,4822.0,4822.0,4822.0,0
20191202T,6634.0,6634.0,6634.0,6634.0,0
20191203T,11662.0,11662.0,11662.0,11662.0,0
20191204T,11843.0,11843.0,11843.0,11843.0,0
20191205T,15137.0,15137.0,15137.0,15137.0,0
20191206T,12731.0,12731.0,12731.0,12731.0,0
20191209T,8556.0,8556.0,8556.0,8556.0,0
20191210T,13706.0,13706.0,13706.0,13706.0,0
20191211T,14855.0,14855.0,14855.0,14855.0,0
20191212T,12297.0,12297.0,12297.0,12297.0,0
20191213T,9251.0,9251.0,9251.0,9251.0,0
20191216T,4372.0,4372.0,4372.0,4372.0,0
20191217T,4938.0,4938.0,4938.0,4938.0,0
20191218T,2887.0,2887.0,2887.0,2887.0,0
20191219T,2221.0,2221.0,2221.0,2221.0,0
20191220T,1787.0,1787.0,1787.0,1787.0,0
20191223T,1257.0,1257.0,1257.0,1257.0,0
20191224T,2805.0,2805.0,2805.0,2805.0,0
20191226T,1375.0,1375.0,1375.0,1375.0,0
20191227T,4352.0,4352.0,4352.0,4352.0,0
20191230T,5293.0,5293.0,5293.0,5293.0,0
20191231T,5161.0,5161.0,5161.0,5161.0,0
20200101T,9745.0,9745.0,9745.0,9745.0,0
20200102T,9003.0,9003.0,9003.0,9003.0,0
20200103T,9002.0,9002.0,9002.0,9002.0,0
20200106T,18323.0,18323.0,18323.0,18323.0,0
20200107T,19876.0,19876.0,19876.0,19876.0,0
20200108T,20660.0,20660.0,20660.0,20660.0,0
20200109T,12696.0,12696.0,12696.0,12696.0,0
20200110T,12696.0,12696.0,12696.0,12696.0,0
20200113T,8696.0,8696.0,8696.0,8696.0,0
20200114T,6332.0,6332.0,6332.0,6332.0,0
20200115T,6081.0,6081.0,6081.0,6081.0,0
20200116T,3560.0,3560.0,3560.0,3560.0,0
20200117T,3493.0,3493.0,3493.0,3493.0,0
20200120T,5411.0,5411.0,5411.0,5411.0,0
20200121T,10719.0,10719.0,10719.0,10719.0,0
20200122T,14275.0,14275.0,14275.0,14275.0,0
20200123T,15784.0,15784.0,15784.0,15784.0,0
20200124T,15745.0,15745.0,15745.0,15745.0,0
20200127T,15292.0,15292.0,15292.0,15292.0,0
20200128T,14887.0,14887.0,14887.0,14887.0,0
20200129T,16588.0,16588.0,16588.0,16588.0,0
20200130T,15724.0,15724.0,15724.0,15724.0,0
20200131T,26993.0,26993.0,26993.0,26993.0,0
20200203T,30319.0,30319.0,30319.0,30319.0,0
20200204T,22039.0,22039.0,22039.0,22039.0,0
20200205T,16002.0,16002.0,16002.0,16002.0,0
20200206T,11366.0,11366.0,11366.0,11366.0,0
20200207T,10773.0,10773.0,10773.0,10773.0,0
20200210T,10773.0,10773.0,10773.0,10773.0,0
20200211T,8767.0,8767.0,8767.0,8767.0,0
20200212T,5156.0,5156.0,5156.0,5156.0,0
20200213T,254.0,254.0,254.0,254.0,0
20200214T,2177.0,2177.0,2177.0,2177.0,0
20200217T,4235.0,4235.0,4235.0,4235.0,0
20200218T,8594.0,8594.0,8594.0,8594.0,0
20200219T,4470.0,4470.0,4470.0,4470.0,0
20200220T,4390.0,4390.0,4390.0,4390.0,0
20200224T,10021.0,10021.0,10021.0,10021.0,0
20200225T,15119.0,15119.0,15119.0,15119.0,0
20200226T,21687.0,21687.0,21687.0,21687.0,0
20200227T,17892.0,17892.0,17892.0,17892.0,0
20200228T,24534.0,24534.0,24534.0,24534.0,0
20200302T,23862.0,23862.0,23862.0,23862.0,0
20200303T,22372.0,22372.0,22372.0,22372.0,0
20200304T,22904.0,22904.0,22904.0,22904.0,0
20200305T,23517.0,23517.0,23517.0,23517.0,0
20200306T,28765.0,28765.0,28765.0,28765.0,0
20200309T,32294.0,32294.0,32294.0,32294.0,0
20200311T,38972.0,38972.0,38972.0,38972.0,0
20200312T,43332.0,43332.0,43332.0,43332.0,0
20200313T,48174.0,48174.0,48174.0,48174.0,0
20200316T,54491.0,54491.0,54491.0,54491.0,0
20200317T,56953.0,56953.0,56953.0,56953.0,0
20200318T,58156.0,58156.0,58156.0,58156.0,0
20200319T,58874.0,58874.0,58874.0,58874.0,0
20200320T,57635.0,57635.0,57635.0,57635.0,0
20200323T,58555.0,58555.0,58555.0,58555.0,0
20200324T,63860.0,63860.0,63860.0,63860.0,0
20200325T,66053.0,66053.0,66053.0,66053.0,0
20200326T,61362.0,61362.0,61362.0,61362.0,0
20200327T,51533.0,51533.0,51533.0,51533.0,0
20200330T,51000.0,51000.0,51000.0,51000.0,0
20200331T,55280.0,55280.0,55280.0,55280.0,0
20200401T,50632.0,50632.0,50632.0,50632.0,0
20200403T,48014.0,48014.0,48014.0,48014.0,0
20200407T,43713.0,43713.0,43713.0,43713.0,0
20200408T,38664.0,38664.0,38664.0,38664.0,0
20200409T,32098.0,32098.0,32098.0,32098.0,0
20200413T,30154.0,30154.0,30154.0,30154.0,0
20200415T,25225.0,25225.0,25225.0,25225.0,0
20200416T,32571.0,32571.0,32571.0,32571.0,0
20200417T,35374.0,35374.0,35374.0,35374.0,0
20200420T,35591.0,35591.0,35591.0,35591.0,0
20200421T,36190.0,36190.0,36190.0,36190.0,0
20200422T,35454.0,35454.0,35454.0,35454.0,0
20200423T,35049.0,35049.0,35049.0,35049.0,0
20200424T,28636.0,28636.0,28636.0,28636.0,0
20200427T,10876.0,10876.0,10876.0,10876.0,0
20200428T,12292.0,12292.0,12292.0,12292.0,0
20200429T,16662.0,16662.0,16662.0,16662.0,0
20200430T,19219.0,19219.0,19219.0,19219.0,0
20200504T,20708.0,20708.0,20708.0,20708.0,0
20200505T,15314.0,15314.0,15314.0,15314.0,0
20200506T,15409.0,15409.0,15409.0,15409.0,0
20200507T,15361.0,15361.0,15361.0,15361.0,0
20200508T,14400.0,14400.0,14400.0,14400.0,0
20200511T,14867.0,14867.0,14867.0,14867.0,0
20200512T,14085.0,14085.0,14085.0,14085.0,0
20200513T,17573.0,17573.0,17573.0,17573.0,0
20200514T,18519.0,18519.0,18519.0,18519.0,0
20200515T,22540.0,22540.0,22540.0,22540.0,0
20200518T,21501.0,21501.0,21501.0,21501.0,0
20200519T,16306.0,16306.0,16306.0,16306.0,0
20200520T,14548.0,14548.0,14548.0,14548.0,0
20200521T,13760.0,13760.0,13760.0,13760.0,0
20200522T,13921.0,13921.0,13921.0,13921.0,0
20200526T,14956.0,14956.0,14956.0,14956.0,0
20200527T,21984.0,21984.0,21984.0,21984.0,0
20200528T,24762.0,24762.0,24762.0,24762.0,0
20200529T,27892.0,27892.0,27892.0,27892.0,0
20200601T,27976.0,27976.0,27976.0,27976.0,0
20200602T,25606.0,25606.0,25606.0,25606.0,0
20200603T,22054.0,22054.0,22054.0,22054.0,0
20200604T,23136.0,23136.0,23136.0,23136.0,0
20200605T,23190.0,23190.0,23190.0,23190.0,0
20200608T,19059.0,19059.0,19059.0,19059.0,0
20200609T,15365.0,15365.0,15365.0,15365.0,0
20200610T,13442.0,13442.0,13442.0,13442.0,0
20200611T,14119.0,14119.0,14119.0,14119.0,0
20200612T,12793.0,12793.0,12793.0,12793.0,0
20200615T,12321.0,12321.0,12321.0,12321.0,0
20200616T,7786.0,7786.0,7786.0,7786.0,0
20200617T,6163.0,6163.0,6163.0,6163.0,0
20200618T,3427.0,3427.0,3427.0,3427.0,0
20200619T,3833.0,3833.0,3833.0,3833.0,0
20200622T,663.0,663.0,663.0,663.0,0
20200623T,-791.0,-791.0,-791.0,-791.0,0
20200624T,-5947.0,-5947.0,-5947.0,-5947.0,0
20200625T,-2713.0,-2713.0,-2713.0,-2713.0,0
20200626T,-3440.0,-3440.0,-3440.0,-3440.0,0
20200629T,-3515.0,-3515.0,-3515.0,-3515.0,0
20200630T,3678.0,3678.0,3678.0,3678.0,0
20200701T,3428.0,3428.0,3428.0,3428.0,0
20200702T,3165.0,3165.0,3165.0,3165.0,0
20200703T,-947.0,-947.0,-947.0,-947.0,0
20200706T,-4850.0,-4850.0,-4850.0,-4850.0,0
20200707T,-6782.0,-6782.0,-6782.0,-6782.0,0
20200708T,-8290.0,-8290.0,-8290.0,-8290.0,0
20200709T,-8567.0,-8567.0,-8567.0,-8567.0,0
20200710T,-9654.0,-9654.0,-9654.0,-9654.0,0
20200713T,-9962.0,-9962.0,-9962.0,-9962.0,0
20200714T,-4024.0,-4024.0,-4024.0,-4024.0,0
20200715T,-8117.0,-8117.0,-8117.0,-8117.0,0
20200716T,-6478.0,-6478.0,-6478.0,-6478.0,0
20200717T,-8197.0,-8197.0,-8197.0,-8197.0,0
20200720T,-10437.0,-10437.0,-10437.0,-10437.0,0
20200721T,-13687.0,-13687.0,-13687.0,-13687.0,0
20200722T,-19279.0,-19279.0,-19279.0,-19279.0,0
20200723T,-21814.0,-21814.0,-21814.0,-21814.0,0
20200724T,-21878.0,-21878.0,-21878.0,-21878.0,0
20200727T,-24878.0,-24878.0,-24878.0,-24878.0,0
20200728T,-25914.0,-25914.0,-25914.0,-25914.0,0
20200729T,-26138.0,-26138.0,-26138.0,-26138.0,0
20200730T,-23936.0,-23936.0,-23936.0,-23936.0,0
20200803T,-16995.0,-16995.0,-16995.0,-16995.0,0
20200804T,-23538.0,-23538.0,-23538.0,-23538.0,0
20200805T,-24458.0,-24458.0,-24458.0,-24458.0,0
20200806T,-24731.0,-24731.0,-24731.0,-24731.0,0
20200807T,-26285.0,-26285.0,-26285.0,-26285.0,0
20200810T,-26354.0,-26354.0,-26354.0,-26354.0,0
20200811T,-27867.0,-27867.0,-27867.0,-27867.0,0
20200812T,-29206.0,-29206.0,-29206.0,-29206.0,0
20200813T,-29206.0,-29206.0,-29206.0,-29206.0,0
20200814T,-27546.0,-27546.0,-27546.0,-27546.0,0
20200817T,-27476.0,-27476.0,-27476.0,-27476.0,0
20200818T,-27342.0,-27342.0,-27342.0,-27342.0,0
20200819T,-26528.0,-26528.0,-26528.0,-26528.0,0
20200820T,-27118.0,-27118.0,-27118.0,-27118.0,0
20200821T,-27735.0,-27735.0,-27735.0,-27735.0,0
20200824T,-27019.0,-27019.0,-27019.0,-27019.0,0
20200825T,-27930.0,-27930.0,-27930.0,-27930.0,0
20200826T,-27399.0,-27399.0,-27399.0,-27399.0,0
20200827T,-28088.0,-28088.0,-28088.0,-28088.0,0
20200828T,-26459.0,-26459.0,-26459.0,-26459.0,0
20200831T,-26639.0,-26639.0,-26639.0,-26639.0,0
20200901T,-22399.0,-22399.0,-22399.0,-22399.0,0
20200902T,-24615.0,-24615.0,-24615.0,-24615.0,0
20200903T,-23770.0,-23770.0,-23770.0,-23770.0,0
20200904T,-19114.0,-19114.0,-19114.0,-19114.0,0
20200907T,-18500.0,-18500.0,-18500.0,-18500.0,0
20200908T,-21741.0,-21741.0,-21741.0,-21741.0,0
20200909T,-15333.0,-15333.0,-15333.0,-15333.0,0
20200910T,-22638.0,-22638.0,-22638.0,-22638.0,0
20200911T,-28031.0,-28031.0,-28031.0,-28031.0,0
20200914T,-29987.0,-29987.0,-29987.0,-29987.0,0
20200915T,-32219.0,-32219.0,-32219.0,-32219.0,0
20200916T,-33327.0,-33327.0,-33327.0,-33327.0,0
20200917T,-33678.0,-33678.0,-33678.0,-33678.0,0
20200918T,-32536.0,-32536.0,-32536.0,-32536.0,0
20200921T,-25010.0,-25010.0,-25010.0,-25010.0,0
20200922T,-21685.0,-21685.0,-21685.0,-21685.0,0
20200923T,-19232.0,-19232.0,-19232.0,-19232.0,0
20200924T,-11924.0,-11924.0,-11924.0,-11924.0,0
20200925T,-20210.0,-20210.0,-20210.0,-20210.0,0
20200928T,-25045.0,-25045.0,-25045.0,-25045.0,0
20200929T,-26160.0,-26160.0,-26160.0,-26160.0,0
20200930T,-25599.0,-25599.0,-25599.0,-25599.0,0
20201001T,-29005.0,-29005.0,-29005.0,-29005.0,0
20201005T,-27868.0,-27868.0,-27868.0,-27868.0,0
20201006T,-29506.0,-29506.0,-29506.0,-29506.0,0
20201007T,-32236.0,-32236.0,-32236.0,-32236.0,0
20201008T,-33411.0,-33411.0,-33411.0,-33411.0,0
20201009T,-33218.0,-33218.0,-33218.0,-33218.0,0
20201012T,-34616.0,-34616.0,-34616.0,-34616.0,0
20201013T,-35473.0,-35473.0,-35473.0,-35473.0,0
20201014T,-36096.0,-36096.0,-36096.0,-36096.0,0
20201015T,-35738.0,-35738.0,-35738.0,-35738.0,0
20201016T,-35687.0,-35687.0,-35687.0,-35687.0,0
20201019T,-37254.0,-37254.0,-37254.0,-37254.0,0
20201020T,-38181.0,-38181.0,-38181.0,-38181.0,0
20201021T,-38293.0,-38293.0,-38293.0,-38293.0,0
20201022T,-35932.0,-35932.0,-35932.0,-35932.0,0
20201023T,-38058.0,-38058.0,-38058.0,-38058.0,0
20201026T,-32940.0,-32940.0,-32940.0,-32940.0,0
20201027T,-33076.0,-33076.0,-33076.0,-33076.0,0
20201028T,-31612.0,-31612.0,-31612.0,-31612.0,0
20201029T,-30844.0,-30844.0,-30844.0,-30844.0,0
20201030T,-29561.0,-29561.0,-29561.0,-29561.0,0
20201102T,-27322.0,-27322.0,-27322.0,-27322.0,0
20201103T,-29652.0,-29652.0,-29652.0,-29652.0,0
20201104T,-31922.0,-31922.0,-31922.0,-31922.0,0
20201105T,-33116.0,-33116.0,-33116.0,-33116.0,0
20201106T,-33177.0,-33177.0,-33177.0,-33177.0,0
20201109T,-31732.0,-31732.0,-31732.0,-31732.0,0
20201110T,-32173.0,-32173.0,-32173.0,-32173.0,0
20201111T,-34491.0,-34491.0,-34491.0,-34491.0,0
20201112T,-35225.0,-35225.0,-35225.0,-35225.0,0
20201113T,-35395.0,-35395.0,-35395.0,-35395.0,0
20201117T,-35696.0,-35696.0,-35696.0,-35696.0,0
20201118T,-36323.0,-36323.0,-36323.0,-36323.0,0
20201119T,-36673.0,-36673.0,-36673.0,-36673.0,0
20201120T,-37043.0,-37043.0,-37043.0,-37043.0,0
20201123T,-36632.0,-36632.0,-36632.0,-36632.0,0
20201124T,-36758.0,-36758.0,-36758.0,-36758.0,0
20201125T,-38164.0,-38164.0,-38164.0,-38164.0,0
20201126T,-38857.0,-38857.0,-38857.0,-38857.0,0
20201127T,-39385.0,-39385.0,-39385.0,-39385.0,0
20201201T,-39035.0,-39035.0,-39035.0,-39035.0,0
20201202T,-40379.0,-40379.0,-40379.0,-40379.0,0
20201203T,-40270.0,-40270.0,-40270.0,-40270.0,0
20201204T,-40930.0,-40930.0,-40930.0,-40930.0,0
20201207T,-41232.0,-41232.0,-41232.0,-41232.0,0
20201208T,-43439.0,-43439.0,-43439.0,-43439.0,0
20201209T,-42909.0,-42909.0,-42909.0,-42909.0,0
20201210T,-42993.0,-42993.0,-42993.0,-42993.0,0
20201211T,-44492.0,-44492.0,-44492.0,-44492.0,0
20201214T,-44582.0,-44582.0,-44582.0,-44582.0,0
20201215T,-43297.0,-43297.0,-43297.0,-43297.0,0
20201216T,-42946.0,-42946.0,-42946.0,-42946.0,0
20201217T,-43287.0,-43287.0,-43287.0,-43287.0,0
20201218T,-43680.0,-43680.0,-43680.0,-43680.0,0
20201221T,-41558.0,-41558.0,-41558.0,-41558.0,0
20201222T,-37559.0,-37559.0,-37559.0,-37559.0,0
20201223T,-38630.0,-38630.0,-38630.0,-38630.0,0
20201224T,-40725.0,-40725.0,-40725.0,-40725.0,0
20201228T,-43302.0,-43302.0,-43302.0,-43302.0,0
20201229T,-43147.0,-43147.0,-43147.0,-43147.0,0
20201230T,-45116.0,-45116.0,-45116.0,-45116.0,0
20201231T,-45197.0,-45197.0,-45197.0,-45197.0,0
20210101T,-44902.0,-44902.0,-44902.0,-44902.0,0
20210104T,-46935.0,-46935.0,-46935.0,-46935.0,0
20210105T,-47665.0,-47665.0,-47665.0,-47665.0,0
20210106T,-41198.0,-41198.0,-41198.0,-41198.0,0
20210107T,-41778.0,-41778.0,-41778.0,-41778.0,0
20210108T,-41626.0,-41626.0,-41626.0,-41626.0,0
20210111T,-41626.0,-41626.0,-41626.0,-41626.0,0
20210112T,-40696.0,-40696.0,-40696.0,-40696.0,0
20210113T,-41190.0,-41190.0,-41190.0,-41190.0,0
20210114T,-41389.0,-41389.0,-41389.0,-41389.0,0
20210115T,-41843.0,-41843.0,-41843.0,-41843.0,0
20210118T,-43778.0,-43778.0,-43778.0,-43778.0,0
20210119T,-43858.0,-43858.0,-43858.0,-43858.0,0
20210120T,-46401.0,-46401.0,-46401.0,-46401.0,0
20210121T,-46048.0,-46048.0,-46048.0,-46048.0,0
20210122T,-39647.0,-39647.0,-39647.0,-39647.0,0
20210125T,-39414.0,-39414.0,-39414.0,-39414.0,0
20210127T,-30521.0,-30521.0,-30521.0,-30521.0,0
20210128T,-29060.0,-29060.0,-29060.0,-29060.0,0
20210129T,-30354.0,-30354.0,-30354.0,-30354.0,0
20210201T,-30076.0,-30076.0,-30076.0,-30076.0,0
20210202T,-35762.0,-35762.0,-35762.0,-35762.0,0
20210203T,-35404.0,-35404.0,-35404.0,-35404.0,0
20210204T,-36405.0,-36405.0,-36405.0,-36405.0,0
20210205T,-40820.0,-40820.0,-40820.0,-40820.0,0
20210208T,-39951.0,-39951.0,-39951.0,-39951.0,0
20210209T,-40347.0,-40347.0,-40347.0,-40347.0,0
20210210T,-40944.0,-40944.0,-40944.0,-40944.0,0
20210211T,-41203.0,-41203.0,-41203.0,-41203.0,0
20210212T,-40912.0,-40912.0,-40912.0,-40912.0,0
20210215T,-40512.0,-40512.0,-40512.0,-40512.0,0
20210216T,-40472.0,-40472.0,-40472.0,-40472.0,0
20210217T,-40438.0,-40438.0,-40438.0,-40438.0,0
20210218T,-41729.0,-41729.0,-41729.0,-41729.0,0
20210219T,-43764.0,-43764.0,-43764.0,-43764.0,0
20210222T,-45148.0,-45148.0,-45148.0,-45148.0,0
20210223T,-45188.0,-45188.0,-45188.0,-45188.0,0
20210224T,-45294.0,-45294.0,-45294.0,-45294.0,0
20210225T,-41586.0,-41586.0,-41586.0,-41586.0,0
20210226T,-33058.0,-33058.0,-33058.0,-33058.0,0
20210301T,-33707.0,-33707.0,-33707.0,-33707.0,0
20210302T,-32828.0,-32828.0,-32828.0,-32828.0,0
20210303T,-35148.0,-35148.0,-35148.0,-35148.0,0
20210304T,-44090.0,-44090.0,-44090.0,-44090.0,0
20210305T,-43209.0,-43209.0,-43209.0,-43209.0,0
20210308T,-44690.0,-44690.0,-44690.0,-44690.0,0
20210309T,-47574.0,-47574.0,-47574.0,-47574.0,0
20210310T,-50402.0,-50402.0,-50402.0,-50402.0,0
20210312T,-49050.0,-49050.0,-49050.0,-49050.0,0
20210315T,-44103.0,-44103.0,-44103.0,-44103.0,0
20210316T,-44133.0,-44133.0,-44133.0,-44133.0,0
20210317T,-36833.0,-36833.0,-36833.0,-36833.0,0
20210318T,-35802.0,-35802.0,-35802.0,-35802.0,0
20210319T,-35986.0,-35986.0,-35986.0,-35986.0,0
20210322T,-38540.0,-38540.0,-38540.0,-38540.0,0
20210323T,-38514.0,-38514.0,-38514.0,-38514.0,0
20210324T,-33323.0,-33323.0,-33323.0,-33323.0,0
20210325T,-25452.0,-25452.0,-25452.0,-25452.0,0
20210326T,-26800.0,-26800.0,-26800.0,-26800.0,0
20210330T,-26515.0,-26515.0,-26515.0,-26515.0,0
20210331T,-24942.0,-24942.0,-24942.0,-24942.0,0
20210401T,-24972.0,-24972.0,-24972.0,-24972.0,0
20210405T,-21773.0,-21773.0,-21773.0,-21773.0,0
20210406T,-22482.0,-22482.0,-22482.0,-22482.0,0
20210407T,-26267.0,-26267.0,-26267.0,-26267.0,0
20210408T,-27087.0,-27087.0,-27087.0,-27087.0,0
20210409T,-28421.0,-28421.0,-28421.0,-28421.0,0
20210412T,-28822.0,-28822.0,-28822.0,-28822.0,0
20210413T,-33263.0,-33263.0,-33263.0,-33263.0,0
20210415T,-41127.0,-41127.0,-41127.0,-41127.0,0
20210416T,-45551.0,-45551.0,-45551.0,-45551.0,0
20210419T,-39575.0,-39575.0,-39575.0,-39575.0,0
20210420T,-45283.0,-45283.0,-45283.0,-45283.0,0
20210422T,-44424.0,-44424.0,-44424.0,-44424.0,0
20210423T,-47571.0,-47571.0,-47571.0,-47571.0,0
20210426T,-50116.0,-50116.0,-50116.0,-50116.0,0
20210427T,-51055.0,-51055.0,-51055.0,-51055.0,0
20210428T,-45325.0,-45325.0,-45325.0,-45325.0,0
20210429T,-38516.0,-38516.0,-38516.0,-38516.0,0
20210430T,-32529.0,-32529.0,-32529.0,-32529.0,0
20210503T,-30066.0,-30066.0,-30066.0,-30066.0,0
20210504T,-31427.0,-31427.0,-31427.0,-31427.0,0
20210505T,-33425.0,-33425.0,-33425.0,-33425.0,0
20210506T,-36776.0,-36776.0,-36776.0,-36776.0,0
20210507T,-37175.0,-37175.0,-37175.0,-37175.0,0
20210510T,-37174.0,-37174.0,-37174.0,-37174.0,0
20210511T,-35595.0,-35595.0,-35595.0,-35595.0,0
20210512T,-33483.0,-33483.0,-33483.0,-33483.0,0
20210514T,-32965.0,-32965.0,-32965.0,-32965.0,0
20210517T,-36318.0,-36318.0,-36318.0,-36318.0,0
20210518T,-38300.0,-38300.0,-38300.0,-38300.0,0
20210519T,-37288.0,-37288.0,-37288.0,-37288.0,0
20210520T,-34286.0,-34286.0,-34286.0,-34286.0,0
20210521T,-38288.0,-38288.0,-38288.0,-38288.0,0
20210524T,-41446.0,-41446.0,-41446.0,-41446.0,0
20210525T,-40441.0,-40441.0,-40441.0,-40441.0,0
20210526T,-40290.0,-40290.0,-40290.0,-40290.0,0
20210527T,-42015.0,-42015.0,-42015.0,-42015.0,0
20210528T,-42805.0,-42805.0,-42805.0,-42805.0,0
20210531T,-42286.0,-42286.0,-42286.0,-42286.0,0
20210601T,-42292.0,-42292.0,-42292.0,-42292.0,0
20210602T,-39314.0,-39314.0,-39314.0,-39314.0,0
20210603T,-39315.0,-39315.0,-39315.0,-39315.0,0
20210604T,-39396.0,-39396.0,-39396.0,-39396.0,0
20210607T,-38396.0,-38396.0,-38396.0,-38396.0,0
20210608T,-39408.0,-39408.0,-39408.0,-39408.0,0
20210609T,-38006.0,-38006.0,-38006.0,-38006.0,0
20210610T,-38002.0,-38002.0,-38002.0,-38002.0,0
20210611T,-41375.0,-41375.0,-41375.0,-41375.0,0
20210614T,-40250.0,-40250.0,-40250.0,-40250.0,0
20210615T,-40230.0,-40230.0,-40230.0,-40230.0,0
20210616T,-38317.0,-38317.0,-38317.0,-38317.0,0
20210617T,-38236.0,-38236.0,-38236.0,-38236.0,0
20210618T,-35949.0,-35949.0,-35949.0,-35949.0,0
20210621T,-33814.0,-33814.0,-33814.0,-33814.0,0
20210622T,-43800.0,-43800.0,-43800.0,-43800.0,0
20210623T,-46801.0,-46801.0,-46801.0,-46801.0,0
20210624T,-52711.0,-52711.0,-52711.0,-52711.0,0
20210625T,-54663.0,-54663.0,-54663.0,-54663.0,0
20210628T,-54645.0,-54645.0,-54645.0,-54645.0,0
20210629T,-55222.0,-55222.0,-55222.0,-55222.0,0
20210630T,-55731.0,-55731.0,-55731.0,-55731.0,0
20210701T,-55838.0,-55838.0,-55838.0,-55838.0,0
20210702T,-55889.0,-55889.0,-55889.0,-55889.0,0
20210705T,-57822.0,-57822.0,-57822.0,-57822.0,0
20210706T,-57453.0,-57453.0,-57453.0,-57453.0,0
20210707T,-55441.0,-55441.0,-55441.0,-55441.0,0
20210708T,-50630.0,-50630.0,-50630.0,-50630.0,0
20210709T,-50714.0,-50714.0,-50714.0,-50714.0,0
20210712T,-50705.0,-50705.0,-50705.0,-50705.0,0
20210713T,-50644.0,-50644.0,-50644.0,-50644.0,0
20210714T,-50364.0,-50364.0,-50364.0,-50364.0,0
20210715T,-50241.0,-50241.0,-50241.0,-50241.0,0
20210716T,-51200.0,-51200.0,-51200.0,-51200.0,0
20210719T,-50084.0,-50084.0,-50084.0,-50084.0,0
20210720T,-48842.0,-48842.0,-48842.0,-48842.0,0
20210722T,-48787.0,-48787.0,-48787.0,-48787.0,0
20210723T,-48848.0,-48848.0,-48848.0,-48848.0,0
20210726T,-49220.0,-49220.0,-49220.0,-49220.0,0
20210727T,-48090.0,-48090.0,-48090.0,-48090.0,0
20210728T,-46947.0,-46947.0,-46947.0,-46947.0,0
20210729T,-48639.0,-48639.0,-48639.0,-48639.0,0
20210730T,-51839.0,-51839.0,-51839.0,-51839.0,0
20210802T,-52595.0,-52595.0,-52595.0,-52595.0,0
20210803T,-53459.0,-53459.0,-53459.0,-53459.0,0
20210804T,-58362.0,-58362.0,-58362.0,-58362.0,0
20210805T,-61344.0,-61344.0,-61344.0,-61344.0,0
20210806T,-62260.0,-62260.0,-62260.0,-62260.0,0
20210809T,-62345.0,-62345.0,-62345.0,-62345.0,0
20210810T,-57881.0,-57881.0,-57881.0,-57881.0,0
20210811T,-56744.0,-56744.0,-56744.0,-56744.0,0
20210812T,-56924.0,-56924.0,-56924.0,-56924.0,0
20210813T,-59619.0,-59619.0,-59619.0,-59619.0,0
20210816T,-62235.0,-62235.0,-62235.0,-62235.0,0
20210817T,-62609.0,-62609.0,-62609.0,-62609.0,0
20210818T,-67499.0,-67499.0,-67499.0,-67499.0,0
20210820T,-68829.0,-68829.0,-68829.0,-68829.0,0
20210823T,-68572.0,-68572.0,-68572.0,-68572.0,0
20210824T,-66572.0,-66572.0,-66572.0,-66572.0,0
20210825T,-70462.0,-70462.0,-70462.0,-70462.0,0
20210826T,-71896.0,-71896.0,-71896.0,-71896.0,0
20210827T,-71896.0,-71896.0,-71896.0,-71896.0,0
20210830T,-72176.0,-72176.0,-72176.0,-72176.0,0
20210831T,-68232.0,-68232.0,-68232.0,-68232.0,0
20210901T,-76383.0,-76383.0,-76383.0,-76383.0,0
20210902T,-76570.0,-76570.0,-76570.0,-76570.0,0
20210903T,-81965.0,-81965.0,-81965.0,-81965.0,0
20210906T,-81511.0,-81511.0,-81511.0,-81511.0,0
20210907T,-84496.0,-84496.0,-84496.0,-84496.0,0
20210908T,-86256.0,-86256.0,-86256.0,-86256.0,0
20210909T,-86121.0,-86121.0,-86121.0,-86121.0,0
20210913T,-86520.0,-86520.0,-86520.0,-86520.0,0
20210914T,-88034.0,-88034.0,-88034.0,-88034.0,0
20210915T,-89500.0,-89500.0,-89500.0,-89500.0,0
20210916T,-91088.0,-91088.0,-91088.0,-91088.0,0
20210917T,-94812.0,-94812.0,-94812.0,-94812.0,0
20210920T,-89080.0,-89080.0,-89080.0,-89080.0,0
20210921T,-89053.0,-89053.0,-89053.0,-89053.0,0
20210922T,-89508.0,-89508.0,-89508.0,-89508.0,0
20210923T,-91714.0,-91714.0,-91714.0,-91714.0,0
20210924T,-89879.0,-89879.0,-89879.0,-89879.0,0
20210927T,-92455.0,-92455.0,-92455.0,-92455.0,0
20210928T,-86404.0,-86404.0,-86404.0,-86404.0,0
20210929T,-84820.0,-84820.0,-84820.0,-84820.0,0
20210930T,-75582.0,-75582.0,-75582.0,-75582.0,0
20211001T,-77977.0,-77977.0,-77977.0,-77977.0,0
20211004T,-77708.0,-77708.0,-77708.0,-77708.0,0
20211005T,-77105.0,-77105.0,-77105.0,-77105.0,0
20211006T,-81447.0,-81447.0,-81447.0,-81447.0,0
20211007T,-80427.0,-80427.0,-80427.0,-80427.0,0
20211008T,-77721.0,-77721.0,-77721.0,-77721.0,0
20211011T,-76563.0,-76563.0,-76563.0,-76563.0,0
20211012T,-76587.0,-76587.0,-76587.0,-76587.0,0
20211013T,-74272.0,-74272.0,-74272.0,-74272.0,0
20211014T,-75892.0,-75892.0,-75892.0,-75892.0,0
20211018T,-74922.0,-74922.0,-74922.0,-74922.0,0
20211019T,-77759.0,-77759.0,-77759.0,-77759.0,0
20211020T,-75857.0,-75857.0,-75857.0,-75857.0,0
20211021T,-77369.0,-77369.0,-77369.0,-77369.0,0
20211022T,-79512.0,-79512.0,-79512.0,-79512.0,0
20211025T,-80252.0,-80252.0,-80252.0,-80252.0,0
20211026T,-81440.0,-81440.0,-81440.0,-81440.0,0
20211027T,-82641.0,-82641.0,-82641.0,-82641.0,0
20211028T,-83375.0,-83375.0,-83375.0,-83375.0,0
20211029T,-83375.0,-83375.0,-83375.0,-83375.0,0
20211101T,-84129.0,-84129.0,-84129.0,-84129.0,0
20211102T,-84558.0,-84558.0,-84558.0,-84558.0,0
20211103T,-85562.0,-85562.0,-85562.0,-85562.0,0
20211108T,-85514.0,-85514.0,-85514.0,-85514.0,0
20211109T,-85545.0,-85545.0,-85545.0,-85545.0,0
20211110T,-77773.0,-77773.0,-77773.0,-77773.0,0
20211111T,-76799.0,-76799.0,-76799.0,-76799.0,0
20211112T,-76783.0,-76783.0,-76783.0,-76783.0,0
20211115T,-76783.0,-76783.0,-76783.0,-76783.0,0
20211116T,-74807.0,-74807.0,-74807.0,-74807.0,0
20211117T,-73872.0,-73872.0,-73872.0,-73872.0,0
20211118T,-73886.0,-73886.0,-73886.0,-73886.0,0
20211122T,-73455.0,-73455.0,-73455.0,-73455.0,0
20211123T,-73446.0,-73446.0,-73446.0,-73446.0,0
20211124T,-73432.0,-73432.0,-73432.0,-73432.0,0
20211125T,-72070.0,-72070.0,-72070.0,-72070.0,0
20211126T,-71719.0,-71719.0,-71719.0,-71719.0,0
20211129T,-69257.0,-69257.0,-69257.0,-69257.0,0
20211130T,-69086.0,-69086.0,-69086.0,-69086.0,0
20211201T,-68926.0,-68926.0,-68926.0,-68926.0,0
20211202T,-69080.0,-69080.0,-69080.0,-69080.0,0
20211203T,-70262.0,-70262.0,-70262.0,-70262.0,0
20211206T,-70879.0,-70879.0,-70879.0,-70879.0,0
20211207T,-71375.0,-71375.0,-71375.0,-71375.0,0
20211208T,-66293.0,-66293.0,-66293.0,-66293.0,0
20211209T,-67194.0,-67194.0,-67194.0,-67194.0,0
20211210T,-67571.0,-67571.0,-67571.0,-67571.0,0
20211213T,-67640.0,-67640.0,-67640.0,-67640.0,0
20211214T,-67870.0,-67870.0,-67870.0,-67870.0,0
20211215T,-68235.0,-68235.0,-68235.0,-68235.0,0
20211216T,-70674.0,-70674.0,-70674.0,-70674.0,0
20211217T,-70246.0,-70246.0,-70246.0,-70246.0,0
20211220T,-62204.0,-62204.0,-62204.0,-62204.0,0
20211221T,-60984.0,-60984.0,-60984.0,-60984.0,0
20211222T,-61612.0,-61612.0,-61612.0,-61612.0,0
20211223T,-60745.0,-60745.0,-60745.0,-60745.0,0
20211224T,-61125.0,-61125.0,-61125.0,-61125.0,0
20211227T,-59952.0,-59952.0,-59952.0,-59952.0,0
20211228T,-60270.0,-60270.0,-60270.0,-60270.0,0
20211229T,-61005.0,-61005.0,-61005.0,-61005.0,0
20211230T,-58737.0,-58737.0,-58737.0,-58737.0,0
20211231T,-56408.0,-56408.0,-56408.0,-56408.0,0
20220103T,-57053.0,-57053.0,-57053.0,-57053.0,0
20220104T,-57047.0,-57047.0,-57047.0,-57047.0,0
20220105T,-56040.0,-56040.0,-56040.0,-56040.0,0
20220106T,-53972.0,-53972.0,-53972.0,-53972.0,0
20220107T,-51338.0,-51338.0,-51338.0,-51338.0,0
20220110T,-51969.0,-51969.0,-51969.0,-51969.0,0
20220111T,-52714.0,-52714.0,-52714.0,-52714.0,0
20220112T,-52829.0,-52829.0,-52829.0,-52829.0,0
20220113T,-53075.0,-53075.0,-53075.0,-53075.0,0
20220114T,-55109.0,-55109.0,-55109.0,-55109.0,0
20220117T,-55109.0,-55109.0,-55109.0,-55109.0,0
20220118T,-51799.0,-51799.0,-51799.0,-51799.0,0
20220119T,-45685.0,-45685.0,-45685.0,-45685.0,0
20220120T,-47534.0,-47534.0,-47534.0,-47534.0,0
20220121T,-43299.0,-43299.0,-43299.0,-43299.0,0
20220124T,-40817.0,-40817.0,-40817.0,-40817.0,0
20220125T,-37596.0,-37596.0,-37596.0,-37596.0,0
20220127T,-44071.0,-44071.0,-44071.0,-44071.0,0
20220128T,-40853.0,-40853.0,-40853.0,-40853.0,0
20220131T,-38181.0,-38181.0,-38181.0,-38181.0,0
20220201T,-40540.0,-40540.0,-40540.0,-40540.0,0
20220202T,-41769.0,-41769.0,-41769.0,-41769.0,0
20220203T,-41517.0,-41517.0,-41517.0,-41517.0,0
20220204T,-38535.0,-38535.0,-38535.0,-38535.0,0
20220207T,-33425.0,-33425.0,-33425.0,-33425.0,0
20220208T,-33305.0,-33305.0,-33305.0,-33305.0,0
20220209T,-36188.0,-36188.0,-36188.0,-36188.0,0
20220210T,-35680.0,-35680.0,-35680.0,-35680.0,0
20220211T,-32114.0,-32114.0,-32114.0,-32114.0,0
20220214T,-31314.0,-31314.0,-31314.0,-31314.0,0
20220215T,-28685.0,-28685.0,-28685.0,-28685.0,0
20220216T,-40296.0,-40296.0,-40296.0,-40296.0,0
20220217T,-43130.0,-43130.0,-43130.0,-43130.0,0
20220218T,-42131.0,-42131.0,-42131.0,-42131.0,0
20220221T,-40882.0,-40882.0,-40882.0,-40882.0,0
20220222T,-41785.0,-41785.0,-41785.0,-41785.0,0
20220223T,-45073.0,-45073.0,-45073.0,-45073.0,0
20220224T,-29228.0,-29228.0,-29228.0,-29228.0,0
20220225T,-44698.0,-44698.0,-44698.0,-44698.0,0
20220228T,-46517.0,-46517.0,-46517.0,-46517.0,0
20220302T,-40076.0,-40076.0,-40076.0,-40076.0,0
20220303T,-49040.0,-49040.0,-49040.0,-49040.0,0
20220304T,-43947.0,-43947.0,-43947.0,-43947.0,0
20220307T,-28959.0,-28959.0,-28959.0,-28959.0,0
20220308T,-24786.0,-24786.0,-24786.0,-24786.0,0
20220309T,-35050.0,-35050.0,-35050.0,-35050.0,0
20220310T,-26452.0,-26452.0,-26452.0,-26452.0,0
20220311T,-23996.0,-23996.0,-23996.0,-23996.0,0
20220314T,-30410.0,-30410.0,-30410.0,-30410.0,0
20220315T,-25515.0,-25515.0,-25515.0,-25515.0,0
20220316T,-26832.0,-26832.0,-26832.0,-26832.0,0
20220317T,-37337.0,-37337.0,-37337.0,-37337.0,0
20220321T,-38210.0,-38210.0,-38210.0,-38210.0,0
20220322T,-50306.0,-50306.0,-50306.0,-50306.0,0
20220323T,-51460.0,-51460.0,-51460.0,-51460.0,0
20220324T,-52596.0,-52596.0,-52596.0,-52596.0,0
20220325T,-50664.0,-50664.0,-50664.0,-50664.0,0
20220328T,-49680.0,-49680.0,-49680.0,-49680.0,0
20220329T,-48621.0,-48621.0,-48621.0,-48621.0,0
20220330T,-54022.0,-54022.0,-54022.0,-54022.0,0
20220331T,-47151.0,-47151.0,-47151.0,-47151.0,0
20220401T,-57833.0,-57833.0,-57833.0,-57833.0,0
20220404T,-64593.0,-64593.0,-64593.0,-64593.0,0
20220405T,-60020.0,-60020.0,-60020.0,-60020.0,0
20220406T,-56666.0,-56666.0,-56666.0,-56666.0,0
20220407T,-49371.0,-49371.0,-49371.0,-49371.0,0
20220408T,-54996.0,-54996.0,-54996.0,-54996.0,0
20220411T,-54387.0,-54387.0,-54387.0,-54387.0,0
20220412T,-47073.0,-47073.0,-47073.0,-47073.0,0
20220413T,-51457.0,-51457.0,-51457.0,-51457.0,0
20220418T,-44507.0,-44507.0,-44507.0,-44507.0,0
20220419T,-49684.0,-49684.0,-49684.0,-49684.0,0
20220420T,-52245.0,-52245.0,-52245.0,-52245.0,0
20220421T,-52301.0,-52301.0,-52301.0,-52301.0,0
20220422T,-47685.0,-47685.0,-47685.0,-47685.0,0
20220425T,-37843.0,-37843.0,-37843.0,-37843.0,0
20220426T,-40886.0,-40886.0,-40886.0,-40886.0,0
20220427T,-38504.0,-38504.0,-38504.0,-38504.0,0
20220428T,-54135.0,-54135.0,-54135.0,-54135.0,0
20220429T,-50728.0,-50728.0,-50728.0,-50728.0,0
20220502T,-53794.0,-53794.0,-53794.0,-53794.0,0
20220504T,-47863.0,-47863.0,-47863.0,-47863.0,0
20220505T,-56672.0,-56672.0,-56672.0,-56672.0,0
20220506T,-51952.0,-51952.0,-51952.0,-51952.0,0
20220509T,-46411.0,-46411.0,-46411.0,-46411.0,0
20220510T,-38561.0,-38561.0,-38561.0,-38561.0,0
20220511T,-36396.0,-36396.0,-36396.0,-36396.0,0
20220512T,-21511.0,-21511.0,-21511.0,-21511.0,0
20220513T,-17910.0,-17910.0,-17910.0,-17910.0,0
20220516T,-19602.0,-19602.0,-19602.0,-19602.0,0
20220517T,-21911.0,-21911.0,-21911.0,-21911.0,0
20220518T,-25942.0,-25942.0,-25942.0,-25942.0,0
20220519T,-19791.0,-19791.0,-19791.0,-19791.0,0
20220520T,-27716.0,-27716.0,-27716.0,-27716.0,0
20220523T,-28522.0,-28522.0,-28522.0,-28522.0,0
20220524T,-28859.0,-28859.0,-28859.0,-28859.0,0
20220525T,-28572.0,-28572.0,-28572.0,-28572.0,0
20220526T,-33560.0,-33560.0,-33560.0,-33560.0,0
20220527T,-37056.0,-37056.0,-37056.0,-37056.0,0
20220530T,-43858.0,-43858.0,-43858.0,-43858.0,0
20220531T,-42325.0,-42325.0,-42325.0,-42325.0,0
20220601T,-45265.0,-45265.0,-45265.0,-45265.0,0
20220602T,-50097.0,-50097.0,-50097.0,-50097.0,0
20220603T,-50614.0,-50614.0,-50614.0,-50614.0,0
20220606T,-58565.0,-58565.0,-58565.0,-58565.0,0
20220607T,-53861.0,-53861.0,-53861.0,-53861.0,0
20220608T,-53532.0,-53532.0,-53532.0,-53532.0,0
20220609T,-58360.0,-58360.0,-58360.0,-58360.0,0
20220610T,-48307.0,-48307.0,-48307.0,-48307.0,0
20220613T,-36842.0,-36842.0,-36842.0,-36842.0,0
20220614T,-29831.0,-29831.0,-29831.0,-29831.0,0
20220615T,-24914.0,-24914.0,-24914.0,-24914.0,0
20220616T,-12929.0,-12929.0,-12929.0,-12929.0,0
20220617T,462.0,462.0,462.0,462.0,0
20220620T,4389.0,4389.0,4389.0,4389.0,0
20220621T,-3488.0,-3488.0,-3488.0,-3488.0,0
20220622T,-3023.0,-3023.0,-3023.0,-3023.0,0
20220623T,-10461.0,-10461.0,-10461.0,-10461.0,0
20220624T,-12493.0,-12493.0,-12493.0,-12493.0,0
20220627T,-9535.0,-9535.0,-9535.0,-9535.0,0
20220628T,-18371.0,-18371.0,-18371.0,-18371.0,0
20220629T,-27495.0,-27495.0,-27495.0,-27495.0,0
20220630T,-16248.0,-16248.0,-16248.0,-16248.0,0
20220701T,-7547.0,-7547.0,-7547.0,-7547.0,0
20220704T,-1897.0,-1897.0,-1897.0,-1897.0,0
20220705T,-6657.0,-6657.0,-6657.0,-6657.0,0
20220706T,-6492.0,-6492.0,-6492.0,-6492.0,0
20220707T,-8447.0,-8447.0,-8447.0,-8447.0,0
20220708T,-14545.0,-14545.0,-14545.0,-14545.0,0
20220711T,-22051.0,-22051.0,-22051.0,-22051.0,0
20220712T,-19532.0,-19532.0,-19532.0,-19532.0,0
20220713T,-4683.0,-4683.0,-4683.0,-4683.0,0
20220714T,-4837.0,-4837.0,-4837.0,-4837.0,0
20220715T,-1153.0,-1153.0,-1153.0,-1153.0,0
20220718T,-2158.0,-2158.0,-2158.0,-2158.0,0
20220719T,-4203.0,-4203.0,-4203.0,-4203.0,0
20220720T,-3600.0,-3600.0,-3600.0,-3600.0,0
20220721T,-4890.0,-4890.0,-4890.0,-4890.0,0
20220722T,-5708.0,-5708.0,-5708.0,-5708.0,0
20220725T,-5932.0,-5932.0,-5932.0,-5932.0,0
20220726T,439.0,439.0,439.0,439.0,0
20220727T,-31.0,-31.0,-31.0,-31.0,0
20220728T,-9463.0,-9463.0,-9463.0,-9463.0,0
20220729T,-307.0,-307.0,-307.0,-307.0,0
20220801T,-4427.0,-4427.0,-4427.0,-4427.0,0
20220802T,-2661.0,-2661.0,-2661.0,-2661.0,0
20220803T,-7333.0,-7333.0,-7333.0,-7333.0,0
20220804T,-4820.0,-4820.0,-4820.0,-4820.0,0
20220805T,-6062.0,-6062.0,-6062.0,-6062.0,0
20220808T,-16592.0,-16592.0,-16592.0,-16592.0,0
20220810T,-19716.0,-19716.0,-19716.0,-19716.0,0
20220811T,-23871.0,-23871.0,-23871.0,-23871.0,0
20220812T,-25221.0,-25221.0,-25221.0,-25221.0,0
20220816T,-26931.0,-26931.0,-26931.0,-26931.0,0
20220817T,-26902.0,-26902.0,-26902.0,-26902.0,0
20220818T,-29922.0,-29922.0,-29922.0,-29922.0,0
20220819T,-25962.0,-25962.0,-25962.0,-25962.0,0
20220822T,-16054.0,-16054.0,-16054.0,-16054.0,0
20220823T,-15944.0,-15944.0,-15944.0,-15944.0,0
20220824T,-19173.0,-19173.0,-19173.0,-19173.0,0
20220825T,-22669.0,-22669.0,-22669.0,-22669.0,0
20220826T,-22396.0,-22396.0,-22396.0,-22396.0,0
20220829T,-18900.0,-18900.0,-18900.0,-18900.0,0
20220830T,-27762.0,-27762.0,-27762.0,-27762.0,0
20220901T,-24509.0,-24509.0,-24509.0,-24509.0,0
20220902T,-15251.0,-15251.0,-15251.0,-15251.0,0
20220905T,-18254.0,-18254.0,-18254.0,-18254.0,0
20220906T,-25499.0,-25499.0,-25499.0,-25499.0,0
20220907T,-25238.0,-25238.0,-25238.0,-25238.0,0
20220908T,-25024.0,-25024.0,-25024.0,-25024.0,0
20220909T,-27158.0,-27158.0,-27158.0,-27158.0,0
20220912T,-31158.0,-31158.0,-31158.0,-31158.0,0
20220913T,-33308.0,-33308.0,-33308.0,-33308.0,0
20220914T,-34672.0,-34672.0,-34672.0,-34672.0,0
20220915T,-34860.0,-34860.0,-34860.0,-34860.0,0
20220916T,-17033.0,-17033.0,-17033.0,-17033.0,0
20220919T,-17980.0,-17980.0,-17980.0,-17980.0,0
20220920T,-27780.0,-27780.0,-27780.0,-27780.0,0
20220921T,-26239.0,-26239.0,-26239.0,-26239.0,0
20220922T,-32545.0,-32545.0,-32545.0,-32545.0,0
20220923T,-19964.0,-19964.0,-19964.0,-19964.0,0
20220926T,-12401.0,-12401.0,-12401.0,-12401.0,0
20220927T,-13963.0,-13963.0,-13963.0,-13963.0,0
20220928T,-12251.0,-12251.0,-12251.0,-12251.0,0
20220929T,-18031.0,-18031.0,-18031.0,-18031.0,0
20220930T,-23715.0,-23715.0,-23715.0,-23715.0,0
20221003T,-15392.0,-15392.0,-15392.0,-15392.0,0
20221004T,-28160.0,-28160.0,-28160.0,-28160.0,0
20221006T,-44464.0,-44464.0,-44464.0,-44464.0,0
20221007T,-49729.0,-49729.0,-49729.0,-49729.0,0
20221010T,-55732.0,-55732.0,-55732.0,-55732.0,0
20221011T,-51270.0,-51270.0,-51270.0,-51270.0,0
20221012T,-54592.0,-54592.0,-54592.0,-54592.0,0
20221013T,-51192.0,-51192.0,-51192.0,-51192.0,0
20221014T,-57607.0,-57607.0,-57607.0,-57607.0,0
20221017T,-55557.0,-55557.0,-55557.0,-55557.0,0
20221018T,-52603.0,-52603.0,-52603.0,-52603.0,0
20221019T,-57509.0,-57509.0,-57509.0,-57509.0,0
20221020T,-59084.0,-59084.0,-59084.0,-59084.0,0
20221021T,-62051.0,-62051.0,-62051.0,-62051.0,0
20221025T,-66597.0,-66597.0,-66597.0,-66597.0,0
20221027T,-66979.0,-66979.0,-66979.0,-66979.0,0
20221028T,-68874.0,-68874.0,-68874.0,-68874.0,0
20221031T,-68088.0,-68088.0,-68088.0,-68088.0,0
20221101T,-67273.0,-67273.0,-67273.0,-67273.0,0
20221102T,-69812.0,-69812.0,-69812.0,-69812.0,0
20221103T,-70229.0,-70229.0,-70229.0,-70229.0,0
20221104T,-70802.0,-70802.0,-70802.0,-70802.0,0
20221107T,-70945.0,-70945.0,-70945.0,-70945.0,0
20221109T,-70963.0,-70963.0,-70963.0,-70963.0,0
20221110T,-70549.0,-70549.0,-70549.0,-70549.0,0
20221111T,-70744.0,-70744.0,-70744.0,-70744.0,0
20221114T,-70648.0,-70648.0,-70648.0,-70648.0,0
20221115T,-71048.0,-71048.0,-71048.0,-71048.0,0
20221116T,-70899.0,-70899.0,-70899.0,-70899.0,0
20221117T,-71899.0,-71899.0,-71899.0,-71899.0,0
20221118T,-72998.0,-72998.0,-72998.0,-72998.0,0
20221121T,-73886.0,-73886.0,-73886.0,-73886.0,0
20221122T,-73178.0,-73178.0,-73178.0,-73178.0,0
20221123T,-73679.0,-73679.0,-73679.0,-73679.0,0
20221124T,-68075.0,-68075.0,-68075.0,-68075.0,0
20221125T,-65277.0,-65277.0,-65277.0,-65277.0,0
20221128T,-65295.0,-65295.0,-65295.0,-65295.0,0
20221129T,-62297.0,-62297.0,-62297.0,-62297.0,0
20221130T,-58624.0,-58624.0,-58624.0,-58624.0,0
20221201T,-56850.0,-56850.0,-56850.0,-56850.0,0
20221202T,-56706.0,-56706.0,-56706.0,-56706.0,0
20221205T,-55251.0,-55251.0,-55251.0,-55251.0,0
20221206T,-51019.0,-51019.0,-51019.0,-51019.0,0
20221207T,-45175.0,-45175.0,-45175.0,-45175.0,0
20221208T,-46115.0,-46115.0,-46115.0,-46115.0,0
20221209T,-43066.0,-43066.0,-43066.0,-43066.0,0
20221212T,-41066.0,-41066.0,-41066.0,-41066.0,0
20221213T,-38536.0,-38536.0,-38536.0,-38536.0,0
20221214T,-43319.0,-43319.0,-43319.0,-43319.0,0
20221215T,-41348.0,-41348.0,-41348.0,-41348.0,0
20221216T,-38651.0,-38651.0,-38651.0,-38651.0,0
20221219T,-38659.0,-38659.0,-38659.0,-38659.0,0
20221220T,-44139.0,-44139.0,-44139.0,-44139.0,0
20221221T,-41110.0,-41110.0,-41110.0,-41110.0,0
20221222T,-41414.0,-41414.0,-41414.0,-41414.0,0
20221223T,-25677.0,-25677.0,-25677.0,-25677.0,0
20221226T,-44878.0,-44878.0,-44878.0,-44878.0,0
20221227T,-53800.0,-53800.0,-53800.0,-53800.0,0
20221228T,-51523.0,-51523.0,-51523.0,-51523.0,0
20221229T,-50938.0,-50938.0,-50938.0,-50938.0,0
20221230T,-48139.0,-48139.0,-48139.0,-48139.0,0
20230102T,-48487.0,-48487.0,-48487.0,-48487.0,0
20230103T,-47560.0,-47560.0,-47560.0,-47560.0,0
20230104T,-45473.0,-45473.0,-45473.0,-45473.0,0
20230105T,-39677.0,-39677.0,-39677.0,-39677.0,0
20230106T,-33588.0,-33588.0,-33588.0,-33588.0,0
20230109T,-37488.0,-37488.0,-37488.0,-37488.0,0
20230110T,-31522.0,-31522.0,-31522.0,-31522.0,0
20230111T,-32924.0,-32924.0,-32924.0,-32924.0,0
20230112T,-31753.0,-31753.0,-31753.0,-31753.0,0
20230113T,-29720.0,-29720.0,-29720.0,-29720.0,0
20230116T,-27720.0,-27720.0,-27720.0,-27720.0,0
20230117T,-31682.0,-31682.0,-31682.0,-31682.0,0
20230118T,-36104.0,-36104.0,-36104.0,-36104.0,0
20230119T,-36057.0,-36057.0,-36057.0,-36057.0,0
20230120T,-40893.0,-40893.0,-40893.0,-40893.0,0
20230123T,-41439.0,-41439.0,-41439.0,-41439.0,0
20230124T,-44035.0,-44035.0,-44035.0,-44035.0,0
20230125T,-28113.0,-28113.0,-28113.0,-28113.0,0
20230127T,-18403.0,-18403.0,-18403.0,-18403.0,0
20230130T,3339.0,3339.0,3339.0,3339.0,0
20230131T,22419.0,22419.0,22419.0,22419.0,0
20230201T,24714.0,24714.0,24714.0,24714.0,0
20230202T,29660.0,29660.0,29660.0,29660.0,0
20230203T,27590.0,27590.0,27590.0,27590.0,0
20230206T,29616.0,29616.0,29616.0,29616.0,0
20230207T,29218.0,29218.0,29218.0,29218.0,0
20230208T,21483.0,21483.0,21483.0,21483.0,0
20230209T,21883.0,21883.0,21883.0,21883.0,0
20230210T,24743.0,24743.0,24743.0,24743.0,0
20230213T,17432.0,17432.0,17432.0,17432.0,0
20230214T,13373.0,13373.0,13373.0,13373.0,0
20230215T,12247.0,12247.0,12247.0,12247.0,0
20230216T,12188.0,12188.0,12188.0,12188.0,0
20230217T,14381.0,14381.0,14381.0,14381.0,0
20230220T,8316.0,8316.0,8316.0,8316.0,0
20230221T,6109.0,6109.0,6109.0,6109.0,0
20230222T,12243.0,12243.0,12243.0,12243.0,0
20230223T,16930.0,16930.0,16930.0,16930.0,0
20230224T,16941.0,16941.0,16941.0,16941.0,0
20230227T,23118.0,23118.0,23118.0,23118.0,0
20230228T,32353.0,32353.0,32353.0,32353.0,0
20230301T,29617.0,29617.0,29617.0,29617.0,0
20230302T,31685.0,31685.0,31685.0,31685.0,0
20230303T,33439.0,33439.0,33439.0,33439.0,0
20230306T,24448.0,24448.0,24448.0,24448.0,0
20230308T,23966.0,23966.0,23966.0,23966.0,0
20230309T,26863.0,26863.0,26863.0,26863.0,0
20230310T,33738.0,33738.0,33738.0,33738.0,0
20230313T,36690.0,36690.0,36690.0,36690.0,0
20230314T,59634.0,59634.0,59634.0,59634.0,0
20230315T,61943.0,61943.0,61943.0,61943.0,0
20230316T,62684.0,62684.0,62684.0,62684.0,0
20230317T,61860.0,61860.0,61860.0,61860.0,0
20230320T,66819.0,66819.0,66819.0,66819.0,0
20230321T,67916.0,67916.0,67916.0,67916.0,0
20230322T,62931.0,62931.0,62931.0,62931.0,0
20230323T,67470.0,67470.0,67470.0,67470.0,0
20230324T,73827.0,73827.0,73827.0,73827.0,0
20230327T,73502.0,73502.0,73502.0,73502.0,0
20230328T,79050.0,79050.0,79050.0,79050.0,0
20230329T,70190.0,70190.0,70190.0,70190.0,0
20230331T,68349.0,68349.0,68349.0,68349.0,0
20230403T,60182.0,60182.0,60182.0,60182.0,0
20230405T,52738.0,52738.0,52738.0,52738.0,0
20230406T,49034.0,49034.0,49034.0,49034.0,0
20230410T,47466.0,47466.0,47466.0,47466.0,0
20230411T,47163.0,47163.0,47163.0,47163.0,0
20230412T,40181.0,40181.0,40181.0,40181.0,0
20230413T,24390.0,24390.0,24390.0,24390.0,0
20230417T,31357.0,31357.0,31357.0,31357.0,0
20230418T,31899.0,31899.0,31899.0,31899.0,0
20230419T,33886.0,33886.0,33886.0,33886.0,0
20230420T,35806.0,35806.0,35806.0,35806.0,0
20230421T,37046.0,37046.0,37046.0,37046.0,0
20230424T,32974.0,32974.0,32974.0,32974.0,0
20230425T,26974.0,26974.0,26974.0,26974.0,0
20230426T,20304.0,20304.0,20304.0,20304.0,0
20230427T,24834.0,24834.0,24834.0,24834.0,0
20230428T,20763.0,20763.0,20763.0,20763.0,0
20230502T,16767.0,16767.0,16767.0,16767.0,0
20230503T,19749.0,19749.0,19749.0,19749.0,0
20230504T,19488.0,19488.0,19488.0,19488.0,0
20230505T,23579.0,23579.0,23579.0,23579.0,0
20230508T,10779.0,10779.0,10779.0,10779.0,0
20230509T,8504.0,8504.0,8504.0,8504.0,0
20230510T,10469.0,10469.0,10469.0,10469.0,0
20230511T,7381.0,7381.0,7381.0,7381.0,0
20230512T,6522.0,6522.0,6522.0,6522.0,0
20230515T,-69.0,-69.0,-69.0,-69.0,0
20230516T,3731.0,3731.0,3731.0,3731.0,0
20230517T,10198.0,10198.0,10198.0,10198.0,0
20230518T,9090.0,9090.0,9090.0,9090.0,0
20230519T,10987.0,10987.0,10987.0,10987.0,0
20230522T,4806.0,4806.0,4806.0,4806.0,0
20230523T,4771.0,4771.0,4771.0,4771.0,0
20230524T,1460.0,1460.0,1460.0,1460.0,0
20230525T,5313.0,5313.0,5313.0,5313.0,0
20230526T,-687.0,-687.0,-687.0,-687.0,0
20230529T,-5687.0,-5687.0,-5687.0,-5687.0,0
20230530T,-5668.0,-5668.0,-5668.0,-5668.0,0
20230531T,-630.0,-630.0,-630.0,-630.0,0
20230601T,6392.0,6392.0,6392.0,6392.0,0
20230602T,3355.0,3355.0,3355.0,3355.0,0
20230605T,1303.0,1303.0,1303.0,1303.0,0
20230606T,4926.0,4926.0,4926.0,4926.0,0
20230607T,4300.0,4300.0,4300.0,4300.0,0
20230608T,4180.0,4180.0,4180.0,4180.0,0
20230609T,10235.0,10235.0,10235.0,10235.0,0
20230612T,9301.0,9301.0,9301.0,9301.0,0
20230613T,7921.0,7921.0,7921.0,7921.0,0
20230614T,10828.0,10828.0,10828.0,10828.0,0
20230615T,12848.0,12848.0,12848.0,12848.0,0
20230616T,7893.0,7893.0,7893.0,7893.0,0
20230619T,9134.0,9134.0,9134.0,9134.0,0
20230620T,7725.0,7725.0,7725.0,7725.0,0
20230621T,4285.0,4285.0,4285.0,4285.0,0
20230622T,2490.0,2490.0,2490.0,2490.0,0
20230623T,8491.0,8491.0,8491.0,8491.0,0
20230626T,6748.0,6748.0,6748.0,6748.0,0
20230627T,3486.0,3486.0,3486.0,3486.0,0
20230628T,-2264.0,-2264.0,-2264.0,-2264.0,0
20230630T,-1398.0,-1398.0,-1398.0,-1398.0,0
20230703T,3062.0,3062.0,3062.0,3062.0,0
20230704T,2816.0,2816.0,2816.0,2816.0,0
20230705T,2534.0,2534.0,2534.0,2534.0,0
20230706T,369.0,369.0,369.0,369.0,0
20230707T,-5421.0,-5421.0,-5421.0,-5421.0,0
20230710T,-7199.0,-7199.0,-7199.0,-7199.0,0
20230711T,-6678.0,-6678.0,-6678.0,-6678.0,0
20230712T,-7923.0,-7923.0,-7923.0,-7923.0,0
20230713T,-8540.0,-8540.0,-8540.0,-8540.0,0
20230714T,-13114.0,-13114.0,-13114.0,-13114.0,0
20230717T,-19286.0,-19286.0,-19286.0,-19286.0,0
20230718T,-18594.0,-18594.0,-18594.0,-18594.0,0
20230719T,-20408.0,-20408.0,-20408.0,-20408.0,0
20230720T,-25923.0,-25923.0,-25923.0,-25923.0,0
20230721T,-25827.0,-25827.0,-25827.0,-25827.0,0
20230724T,-26263.0,-26263.0,-26263.0,-26263.0,0
20230725T,-26812.0,-26812.0,-26812.0,-26812.0,0
20230726T,-28009.0,-28009.0,-28009.0,-28009.0,0
20230727T,-29664.0,-29664.0,-29664.0,-29664.0,0
20230728T,-29159.0,-29159.0,-29159.0,-29159.0,0
20230731T,-28761.0,-28761.0,-28761.0,-28761.0,0
20230801T,-24422.0,-24422.0,-24422.0,-24422.0,0
20230802T,-17754.0,-17754.0,-17754.0,-17754.0,0
20230803T,-16225.0,-16225.0,-16225.0,-16225.0,0
20230804T,-18543.0,-18543.0,-18543.0,-18543.0,0
20230807T,-20211.0,-20211.0,-20211.0,-20211.0,0
20230808T,-20211.0,-20211.0,-20211.0,-20211.0,0
20230809T,-21162.0,-21162.0,-21162.0,-21162.0,0
20230810T,-20983.0,-20983.0,-20983.0,-20983.0,0
20230811T,-23861.0,-23861.0,-23861.0,-23861.0,0
20230814T,-23384.0,-23384.0,-23384.0,-23384.0,0
20230816T,-23170.0,-23170.0,-23170.0,-23170.0,0
20230817T,-23159.0,-23159.0,-23159.0,-23159.0,0
20230818T,-23589.0,-23589.0,-23589.0,-23589.0,0
20230821T,-23360.0,-23360.0,-23360.0,-23360.0,0
20230822T,-22559.0,-22559.0,-22559.0,-22559.0,0
20230823T,-21414.0,-21414.0,-21414.0,-21414.0,0
20230824T,-21123.0,-21123.0,-21123.0,-21123.0,0
20230825T,-21141.0,-21141.0,-21141.0,-21141.0,0
20230828T,-20390.0,-20390.0,-20390.0,-20390.0,0
20230829T,-20670.0,-20670.0,-20670.0,-20670.0,0
20230830T,-20654.0,-20654.0,-20654.0,-20654.0,0
20230831T,-21196.0,-21196.0,-21196.0,-21196.0,0
20230901T,-21356.0,-21356.0,-21356.0,-21356.0,0
20230904T,-21354.0,-21354.0,-21354.0,-21354.0,0
20230905T,-21529.0,-21529.0,-21529.0,-21529.0,0
20230906T,-21447.0,-21447.0,-21447.0,-21447.0,0
20230907T,-20854.0,-20854.0,-20854.0,-20854.0,0
20230908T,-20986.0,-20986.0,-20986.0,-20986.0,0
20230911T,-19722.0,-19722.0,-19722.0,-19722.0,0
20230912T,-19286.0,-19286.0,-19286.0,-19286.0,0
20230913T,-18815.0,-18815.0,-18815.0,-18815.0,0
20230914T,-18790.0,-18790.0,-18790.0,-18790.0,0
20230915T,-19153.0,-19153.0,-19153.0,-19153.0,0
20230918T,-19953.0,-19953.0,-19953.0,-19953.0,0
20230920T,-20629.0,-20629.0,-20629.0,-20629.0,0
20230921T,-23675.0,-23675.0,-23675.0,-23675.0,0
20230922T,-23050.0,-23050.0,-23050.0,-23050.0,0
20230925T,-23369.0,-23369.0,-23369.0,-23369.0,0
20230926T,-25089.0,-25089.0,-25089.0,-25089.0,0
20230927T,-25326.0,-25326.0,-25326.0,-25326.0,0
20230928T,-22058.0,-22058.0,-22058.0,-22058.0,0
20230929T,-18545.0,-18545.0,-18545.0,-18545.0,0
20231003T,-17555.0,-17555.0,-17555.0,-17555.0,0
20231004T,-15904.0,-15904.0,-15904.0,-15904.0,0
20231005T,-17480.0,-17480.0,-17480.0,-17480.0,0
20231006T,-20430.0,-20430.0,-20430.0,-20430.0,0
20231009T,-14899.0,-14899.0,-14899.0,-14899.0,0
20231010T,-15276.0,-15276.0,-15276.0,-15276.0,0
20231011T,-15663.0,-15663.0,-15663.0,-15663.0,0
20231012T,-16185.0,-16185.0,-16185.0,-16185.0,0
20231013T,-16224.0,-16224.0,-16224.0,-16224.0,0
20231016T,-15266.0,-15266.0,-15266.0,-15266.0,0
20231017T,-15901.0,-15901.0,-15901.0,-15901.0,0
20231018T,-13174.0,-13174.0,-13174.0,-13174.0,0
20231019T,-13852.0,-13852.0,-13852.0,-13852.0,0
20231020T,-13378.0,-13378.0,-13378.0,-13378.0,0
20231023T,-17733.0,-17733.0,-17733.0,-17733.0,0
20231025T,-16283.0,-16283.0,-16283.0,-16283.0,0
20231026T,2390.0,2390.0,2390.0,2390.0,0
20231027T,4929.0,4929.0,4929.0,4929.0,0
20231030T,6868.0,6868.0,6868.0,6868.0,0
20231031T,5634.0,5634.0,5634.0,5634.0,0
20231101T,8087.0,8087.0,8087.0,8087.0,0
20231102T,8422.0,8422.0,8422.0,8422.0,0
20231103T,8171.0,8171.0,8171.0,8171.0,0
20231106T,17789.0,17789.0,17789.0,17789.0,0
20231107T,17915.0,17915.0,17915.0,17915.0,0
20231108T,17564.0,17564.0,17564.0,17564.0,0
20231109T,22581.0,22581.0,22581.0,22581.0,0
20231110T,21891.0,21891.0,21891.0,21891.0,0
20231113T,23889.0,23889.0,23889.0,23889.0,0
20231115T,25032.0,25032.0,25032.0,25032.0,0
20231116T,21279.0,21279.0,21279.0,21279.0,0
20231117T,21112.0,21112.0,21112.0,21112.0,0
20231120T,19409.0,19409.0,19409.0,19409.0,0
20231121T,18295.0,18295.0,18295.0,18295.0,0
20231122T,18838.0,18838.0,18838.0,18838.0,0
20231123T,19278.0,19278.0,19278.0,19278.0,0
20231124T,18008.0,18008.0,18008.0,18008.0,0
20231128T,20314.0,20314.0,20314.0,20314.0,0
20231129T,20304.0,20304.0,20304.0,20304.0,0
20231130T,18602.0,18602.0,18602.0,18602.0,0
20231201T,18549.0,18549.0,18549.0,18549.0,0
20231204T,38598.0,38598.0,38598.0,38598.0,0
20231205T,37284.0,37284.0,37284.0,37284.0,0
20231206T,35602.0,35602.0,35602.0,35602.0,0
20231207T,30195.0,30195.0,30195.0,30195.0,0
20231208T,30516.0,30516.0,30516.0,30516.0,0
20231211T,24701.0,24701.0,24701.0,24701.0,0
20231212T,17679.0,17679.0,17679.0,17679.0,0
20231213T,17882.0,17882.0,17882.0,17882.0,0
20231214T,26632.0,26632.0,26632.0,26632.0,0
20231215T,30044.0,30044.0,30044.0,30044.0,0
20231218T,30070.0,30070.0,30070.0,30070.0,0
20231219T,24086.0,24086.0,24086.0,24086.0,0
20231220T,29268.0,29268.0,29268.0,29268.0,0
20231221T,31484.0,31484.0,31484.0,31484.0,0
20231222T,23503.0,23503.0,23503.0,23503.0,0
20231226T,23215.0,23215.0,23215.0,23215.0,0
20231227T,23026.0,23026.0,23026.0,23026.0,0
20231228T,15647.0,15647.0,15647.0,15647.0,0
20231229T,6398.0,6398.0,6398.0,6398.0,0
20240101T,1971.0,1971.0,1971.0,1971.0,0
20240102T,-12566.0,-12566.0,-12566.0,-12566.0,0
20240103T,-18966.0,-18966.0,-18966.0,-18966.0,0
20240104T,-19505.0,-19505.0,-19505.0,-19505.0,0
20240105T,-18374.0,-18374.0,-18374.0,-18374.0,0
20240108T,-19389.0,-19389.0,-19389.0,-19389.0,0
20240109T,-19404.0,-19404.0,-19404.0,-19404.0,0
20240110T,-18986.0,-18986.0,-18986.0,-18986.0,0
20240111T,-26286.0,-26286.0,-26286.0,-26286.0,0
20240112T,-26416.0,-26416.0,-26416.0,-26416.0,0
20240115T,-29590.0,-29590.0,-29590.0,-29590.0,0
20240116T,-29360.0,-29360.0,-29360.0,-29360.0,0
20240117T,-30760.0,-30760.0,-30760.0,-30760.0,0
20240118T,-32027.0,-32027.0,-32027.0,-32027.0,0
20240119T,-34255.0,-34255.0,-34255.0,-34255.0,0
20240123T,-31751.0,-31751.0,-31751.0,-31751.0,0
20240124T,-36691.0,-36691.0,-36691.0,-36691.0,0
20240125T,-34411.0,-34411.0,-34411.0,-34411.0,0
20240129T,-39401.0,-39401.0,-39401.0,-39401.0,0
20240130T,-39140.0,-39140.0,-39140.0,-39140.0,0
20240131T,-34687.0,-34687.0,-34687.0,-34687.0,0
20240201T,-32712.0,-32712.0,-32712.0,-32712.0,0
20240202T,-34039.0,-34039.0,-34039.0,-34039.0,0
20240205T,-34078.0,-34078.0,-34078.0,-34078.0,0
20240206T,-34031.0,-34031.0,-34031.0,-34031.0,0
20240207T,-31986.0,-31986.0,-31986.0,-31986.0,0
20240208T,-26450.0,-26450.0,-26450.0,-26450.0,0
20240209T,-23941.0,-23941.0,-23941.0,-23941.0,0
20240212T,-21395.0,-21395.0,-21395.0,-21395.0,0
20240213T,-20631.0,-20631.0,-20631.0,-20631.0,0
20240214T,-22558.0,-22558.0,-22558.0,-22558.0,0
20240215T,-18295.0,-18295.0,-18295.0,-18295.0,0
20240216T,-20520.0,-20520.0,-20520.0,-20520.0,0
20240219T,-19809.0,-19809.0,-19809.0,-19809.0,0
20240220T,-24782.0,-24782.0,-24782.0,-24782.0,0
20240221T,-21622.0,-21622.0,-21622.0,-21622.0,0
20240223T,-27019.0,-27019.0,-27019.0,-27019.0,0
20240226T,-26987.0,-26987.0,-26987.0,-26987.0,0
20240227T,-31069.0,-31069.0,-31069.0,-31069.0,0
20240228T,-32567.0,-32567.0,-32567.0,-32567.0,0
20240229T,-27987.0,-27987.0,-27987.0,-27987.0,0
20240301T,-35105.0,-35105.0,-35105.0,-35105.0,0
20240304T,-29287.0,-29287.0,-29287.0,-29287.0,0
20240305T,-25020.0,-25020.0,-25020.0,-25020.0,0
20240306T,-24823.0,-24823.0,-24823.0,-24823.0,0
20240307T,-28114.0,-28114.0,-28114.0,-28114.0,0
20240311T,-16923.0,-16923.0,-16923.0,-16923.0,0
20240312T,-20296.0,-20296.0,-20296.0,-20296.0,0
20240313T,-11127.0,-11127.0,-11127.0,-11127.0,0
20240314T,-10596.0,-10596.0,-10596.0,-10596.0,0
20240315T,-9793.0,-9793.0,-9793.0,-9793.0,0
20240318T,-13964.0,-13964.0,-13964.0,-13964.0,0
20240319T,2404.0,2404.0,2404.0,2404.0,0
20240320T,-2555.0,-2555.0,-2555.0,-2555.0,0
20240321T,-2540.0,-2540.0,-2540.0,-2540.0,0
20240322T,1968.0,1968.0,1968.0,1968.0,0
20240326T,8823.0,8823.0,8823.0,8823.0,0
20240327T,7495.0,7495.0,7495.0,7495.0,0
20240328T,-9262.0,-9262.0,-9262.0,-9262.0,0
20240401T,-9137.0,-9137.0,-9137.0,-9137.0,0
20240402T,-10494.0,-10494.0,-10494.0,-10494.0,0
20240403T,-10509.0,-10509.0,-10509.0,-10509.0,0
20240404T,-9988.0,-9988.0,-9988.0,-9988.0,0
20240405T,-10421.0,-10421.0,-10421.0,-10421.0,0
20240408T,-12999.0,-12999.0,-12999.0,-12999.0,0
20240409T,-16145.0,-16145.0,-16145.0,-16145.0,0
20240410T,-19421.0,-19421.0,-19421.0,-19421.0,0
20240412T,-16621.0,-16621.0,-16621.0,-16621.0,0
20240415T,-18784.0,-18784.0,-18784.0,-18784.0,0
20240416T,-19181.0,-19181.0,-19181.0,-19181.0,0
20240418T,-19934.0,-19934.0,-19934.0,-19934.0,0
20240419T,-19961.0,-19961.0,-19961.0,-19961.0,0
20240422T,-21803.0,-21803.0,-21803.0,-21803.0,0
20240423T,-21798.0,-21798.0,-21798.0,-21798.0,0
20240424T,-16801.0,-16801.0,-16801.0,-16801.0,0
20240425T,-13222.0,-13222.0,-13222.0,-13222.0,0
20240426T,-39068.0,-39068.0,-39068.0,-39068.0,0
20240429T,-39444.0,-39444.0,-39444.0,-39444.0,0
20240430T,-40075.0,-40075.0,-40075.0,-40075.0,0
20240502T,-40045.0,-40045.0,-40045.0,-40045.0,0
20240503T,-40281.0,-40281.0,-40281.0,-40281.0,0
20240506T,-41040.0,-41040.0,-41040.0,-41040.0,0
20240507T,-36566.0,-36566.0,-36566.0,-36566.0,0
20240508T,-35413.0,-35413.0,-35413.0,-35413.0,0
20240509T,-27802.0,-27802.0,-27802.0,-27802.0,0
20240510T,-29558.0,-29558.0,-29558.0,-29558.0,0
20240513T,-25397.0,-25397.0,-25397.0,-25397.0,0
20240514T,-25368.0,-25368.0,-25368.0,-25368.0,0
20240515T,-24946.0,-24946.0,-24946.0,-24946.0,0
20240516T,-23182.0,-23182.0,-23182.0,-23182.0,0
20240517T,-22749.0,-22749.0,-22749.0,-22749.0,0
20240521T,-22850.0,-22850.0,-22850.0,-22850.0,0
20240522T,-18645.0,-18645.0,-18645.0,-18645.0,0
20240523T,-21839.0,-21839.0,-21839.0,-21839.0,0
20240524T,-14995.0,-14995.0,-14995.0,-14995.0,0
20240527T,-14648.0,-14648.0,-14648.0,-14648.0,0
20240528T,-9100.0,-9100.0,-9100.0,-9100.0,0
20240529T,-4302.0,-4302.0,-4302.0,-4302.0,0
20240530T,-1066.0,-1066.0,-1066.0,-1066.0,0
20240531T,-2224.0,-2224.0,-2224.0,-2224.0,0
20240603T,8918.0,8918.0,8918.0,8918.0,0
20240604T,10346.0,10346.0,10346.0,10346.0,0
20240605T,9225.0,9225.0,9225.0,9225.0,0
20240606T,8346.0,8346.0,8346.0,8346.0,0
20240607T,7483.0,7483.0,7483.0,7483.0,0
20240610T,11671.0,11671.0,11671.0,11671.0,0
20240611T,8430.0,8430.0,8430.0,8430.0,0
20240612T,-10521.0,-10521.0,-10521.0,-10521.0,0
20240613T,-9901.0,-9901.0,-9901.0,-9901.0,0
20240614T,-22839.0,-22839.0,-22839.0,-22839.0,0
20240618T,-23272.0,-23272.0,-23272.0,-23272.0,0
20240619T,-28600.0,-28600.0,-28600.0,-28600.0,0
20240620T,-41786.0,-41786.0,-41786.0,-41786.0,0
20240621T,-42003.0,-42003.0,-42003.0,-42003.0,0
20240624T,-57081.0,-57081.0,-57081.0,-57081.0,0
20240625T,-56494.0,-56494.0,-56494.0,-56494.0,0
20240626T,-55181.0,-55181.0,-55181.0,-55181.0,0
20240627T,-55430.0,-55430.0,-55430.0,-55430.0,0
20240628T,-53770.0,-53770.0,-53770.0,-53770.0,0
20240701T,-54242.0,-54242.0,-54242.0,-54242.0,0
20240702T,-53575.0,-53575.0,-53575.0,-53575.0,0
20240703T,-64131.0,-64131.0,-64131.0,-64131.0,0
20240704T,-62806.0,-62806.0,-62806.0,-62806.0,0
20240705T,-63694.0,-63694.0,-63694.0,-63694.0,0
20240708T,-65287.0,-65287.0,-65287.0,-65287.0,0
20240709T,-76702.0,-76702.0,-76702.0,-76702.0,0
20240710T,-76267.0,-76267.0,-76267.0,-76267.0,0
20240711T,-76590.0,-76590.0,-76590.0,-76590.0,0
20240712T,-80814.0,-80814.0,-80814.0,-80814.0,0
20240715T,-75067.0,-75067.0,-75067.0,-75067.0,0
20240716T,-79870.0,-79870.0,-79870.0,-79870.0,0
20240718T,-82043.0,-82043.0,-82043.0,-82043.0,0
20240719T,-82276.0,-82276.0,-82276.0,-82276.0,0
20240722T,-68048.0,-68048.0,-68048.0,-68048.0,0
20240723T,-78322.0,-78322.0,-78322.0,-78322.0,0
20240724T,-76479.0,-76479.0,-76479.0,-76479.0,0
20240725T,-78669.0,-78669.0,-78669.0,-78669.0,0
20240726T,-79450.0,-79450.0,-79450.0,-79450.0,0
20240729T,-79241.0,-79241.0,-79241.0,-79241.0,0
20240730T,-79213.0,-79213.0,-79213.0,-79213.0,0
20240731T,-81743.0,-81743.0,-81743.0,-81743.0,0
20240801T,-81520.0,-81520.0,-81520.0,-81520.0,0
20240802T,-90387.0,-90387.0,-90387.0,-90387.0,0
20240805T,-90920.0,-90920.0,-90920.0,-90920.0,0
20240806T,-79838.0,-79838.0,-79838.0,-79838.0,0
20240807T,-80140.0,-80140.0,-80140.0,-80140.0,0
20240808T,-80190.0,-80190.0,-80190.0,-80190.0,0
20240809T,-81542.0,-81542.0,-81542.0,-81542.0,0
20240812T,-81501.0,-81501.0,-81501.0,-81501.0,0
20240813T,-83612.0,-83612.0,-83612.0,-83612.0,0
20240814T,-84394.0,-84394.0,-84394.0,-84394.0,0
20240816T,-83876.0,-83876.0,-83876.0,-83876.0,0
20240819T,-71458.0,-71458.0,-71458.0,-71458.0,0
20240820T,-66226.0,-66226.0,-66226.0,-66226.0,0
20240821T,-66629.0,-66629.0,-66629.0,-66629.0,0
20240822T,-66711.0,-66711.0,-66711.0,-66711.0,0
20240823T,-66795.0,-66795.0,-66795.0,-66795.0,0
20240826T,-65782.0,-65782.0,-65782.0,-65782.0,0
20240827T,-62765.0,-62765.0,-62765.0,-62765.0,0
20240828T,-58478.0,-58478.0,-58478.0,-58478.0,0
20240829T,-56190.0,-56190.0,-56190.0,-56190.0,0
20240830T,-50813.0,-50813.0,-50813.0,-50813.0,0
20240902T,-32466.0,-32466.0,-32466.0,-32466.0,0
20240903T,-48149.0,-48149.0,-48149.0,-48149.0,0
20240904T,-46549.0,-46549.0,-46549.0,-46549.0,0
20240905T,-62040.0,-62040.0,-62040.0,-62040.0,0
20240906T,-76795.0,-76795.0,-76795.0,-76795.0,0
20240909T,-66690.0,-66690.0,-66690.0,-66690.0,0
20240910T,-65703.0,-65703.0,-65703.0,-65703.0,0
20240911T,-68051.0,-68051.0,-68051.0,-68051.0,0
20240912T,-77307.0,-77307.0,-77307.0,-77307.0,0
20240913T,-61054.0,-61054.0,-61054.0,-61054.0,0
20240916T,-56368.0,-56368.0,-56368.0,-56368.0,0
20240917T,-54247.0,-54247.0,-54247.0,-54247.0,0
20240918T,-52327.0,-52327.0,-52327.0,-52327.0,0
20240919T,-51539.0,-51539.0,-51539.0,-51539.0,0
20240920T,-49858.0,-49858.0,-49858.0,-49858.0,0
20240923T,-45580.0,-45580.0,-45580.0,-45580.0,0
20240924T,-45633.0,-45633.0,-45633.0,-45633.0,0
20240925T,-46949.0,-46949.0,-46949.0,-46949.0,0
20240926T,-54625.0,-54625.0,-54625.0,-54625.0,0
20240927T,-54542.0,-54542.0,-54542.0,-54542.0,0
20240930T,-56516.0,-56516.0,-56516.0,-56516.0,0
20241001T,-60299.0,-60299.0,-60299.0,-60299.0,0
20241003T,-66712.0,-66712.0,-66712.0,-66712.0,0
20241004T,-77441.0,-77441.0,-77441.0,-77441.0,0
20241007T,-86310.0,-86310.0,-86310.0,-86310.0,0
20241008T,-70259.0,-70259.0,-70259.0,-70259.0,0
20241009T,-65794.0,-65794.0,-65794.0,-65794.0,0
20241010T,-65381.0,-65381.0,-65381.0,-65381.0,0
20241011T,-65893.0,-65893.0,-65893.0,-65893.0,0
20241014T,-67050.0,-67050.0,-67050.0,-67050.0,0
20241015T,-68953.0,-68953.0,-68953.0,-68953.0,0
20241016T,-71254.0,-71254.0,-71254.0,-71254.0,0
20241017T,-71076.0,-71076.0,-71076.0,-71076.0,0
20241018T,-70024.0,-70024.0,-70024.0,-70024.0,0
20241021T,-70424.0,-70424.0,-70424.0,-70424.0,0
20241022T,-65678.0,-65678.0,-65678.0,-65678.0,0
20241023T,-58677.0,-58677.0,-58677.0,-58677.0,0
20241024T,-58664.0,-58664.0,-58664.0,-58664.0,0
20241025T,-54577.0,-54577.0,-54577.0,-54577.0,0
20241028T,-57606.0,-57606.0,-57606.0,-57606.0,0
20241029T,-53575.0,-53575.0,-53575.0,-53575.0,0
20241030T,-41503.0,-41503.0,-41503.0,-41503.0,0
20241031T,-31888.0,-31888.0,-31888.0,-31888.0,0
20241104T,-31091.0,-31091.0,-31091.0,-31091.0,0
20241105T,-30576.0,-30576.0,-30576.0,-30576.0,0
20241106T,-29787.0,-29787.0,-29787.0,-29787.0,0
20241107T,-29321.0,-29321.0,-29321.0,-29321.0,0
20241108T,-28937.0,-28937.0,-28937.0,-28937.0,0
20241111T,-29092.0,-29092.0,-29092.0,-29092.0,0
20241112T,-29143.0,-29143.0,-29143.0,-29143.0,0
20241113T,-27874.0,-27874.0,-27874.0,-27874.0,0
20241114T,-26874.0,-26874.0,-26874.0,-26874.0,0
20241118T,-25169.0,-25169.0,-25169.0,-25169.0,0
20241119T,-25319.0,-25319.0,-25319.0,-25319.0,0
20241121T,-26884.0,-26884.0,-26884.0,-26884.0,0
20241122T,-25525.0,-25525.0,-25525.0,-25525.0,0
20241125T,-19874.0,-19874.0,-19874.0,-19874.0,0
20241126T,-19010.0,-19010.0,-19010.0,-19010.0,0
20241127T,-19296.0,-19296.0,-19296.0,-19296.0,0
20241128T,-11234.0,-11234.0,-11234.0,-11234.0,0
20241129T,-11739.0,-11739.0,-11739.0,-11739.0,0
20241202T,-10738.0,-10738.0,-10738.0,-10738.0,0
20241203T,-11573.0,-11573.0,-11573.0,-11573.0,0
20241204T,-11464.0,-11464.0,-11464.0,-11464.0,0
20241205T,-9462.0,-9462.0,-9462.0,-9462.0,0
20241206T,-6630.0,-6630.0,-6630.0,-6630.0,0
20241209T,-8530.0,-8530.0,-8530.0,-8530.0,0
20241210T,-7337.0,-7337.0,-7337.0,-7337.0,0
20241211T,-8007.0,-8007.0,-8007.0,-8007.0,0
20241212T,-8219.0,-8219.0,-8219.0,-8219.0,0
20241213T,-8764.0,-8764.0,-8764.0,-8764.0,0
20241216T,-7600.0,-7600.0,-7600.0,-7600.0,0
20241217T,-8559.0,-8559.0,-8559.0,-8559.0,0
20241218T,-8022.0,-8022.0,-8022.0,-8022.0,0
20241219T,-7423.0,-7423.0,-7423.0,-7423.0,0
20241220T,-10092.0,-10092.0,-10092.0,-10092.0,0
20241223T,-10401.0,-10401.0,-10401.0,-10401.0,0
20241224T,-15206.0,-15206.0,-15206.0,-15206.0,0
20241226T,-33344.0,-33344.0,-33344.0,-33344.0,0
20241227T,-7510.0,-7510.0,-7510.0,-7510.0,0
20241230T,-4286.0,-4286.0,-4286.0,-4286.0,0
20241231T,-3449.0,-3449.0,-3449.0,-3449.0,0
20250101T,-3162.0,-3162.0,-3162.0,-3162.0,0
20250102T,213.0,213.0,213.0,213.0,0
20250103T,995.0,995.0,995.0,995.0,0
20250106T,682.0,682.0,682.0,682.0,0
20250107T,-1768.0,-1768.0,-1768.0,-1768.0,0
20250108T,-2736.0,-2736.0,-2736.0,-2736.0,0
20250109T,-3641.0,-3641.0,-3641.0,-3641.0,0
20250110T,-2589.0,-2589.0,-2589.0,-2589.0,0
20250113T,-1687.0,-1687.0,-1687.0,-1687.0,0
20250114T,233.0,233.0,233.0,233.0,0
20250115T,316.0,316.0,316.0,316.0,0
20250116T,16197.0,16197.0,16197.0,16197.0,0
20250117T,26987.0,26987.0,26987.0,26987.0,0
20250120T,27747.0,27747.0,27747.0,27747.0,0
20250121T,29953.0,29953.0,29953.0,29953.0,0
20250122T,39515.0,39515.0,39515.0,39515.0,0
20250123T,40717.0,40717.0,40717.0,40717.0,0
20250124T,41180.0,41180.0,41180.0,41180.0,0
20250127T,34145.0,34145.0,34145.0,34145.0,0
20250128T,19858.0,19858.0,19858.0,19858.0,0
20250129T,37454.0,37454.0,37454.0,37454.0,0
20250130T,18776.0,18776.0,18776.0,18776.0,0
20250131T,15154.0,15154.0,15154.0,15154.0,0
20250203T,19037.0,19037.0,19037.0,19037.0,0
20250204T,8905.0,8905.0,8905.0,8905.0,0
20250205T,8801.0,8801.0,8801.0,8801.0,0
20250206T,8720.0,8720.0,8720.0,8720.0,0
20250207T,10683.0,10683.0,10683.0,10683.0,0
20250210T,11714.0,11714.0,11714.0,11714.0,0
20250211T,15755.0,15755.0,15755.0,15755.0,0
20250212T,26223.0,26223.0,26223.0,26223.0,0
20250213T,25959.0,25959.0,25959.0,25959.0,0
20250214T,22374.0,22374.0,22374.0,22374.0,0
20250217T,21305.0,21305.0,21305.0,21305.0,0
20250218T,20736.0,20736.0,20736.0,20736.0,0
20250219T,25451.0,25451.0,25451.0,25451.0,0
20250220T,29849.0,29849.0,29849.0,29849.0,0
20250221T,28833.0,28833.0,28833.0,28833.0,0
20250224T,29310.0,29310.0,29310.0,29310.0,0
20250225T,25586.0,25586.0,25586.0,25586.0,0
20250227T,26490.0,26490.0,26490.0,26490.0,0
20250228T,39551.0,39551.0,39551.0,39551.0,0
20250303T,43376.0,43376.0,43376.0,43376.0,0
20250304T,46907.0,46907.0,46907.0,46907.0,0
20250305T,47658.0,47658.0,47658.0,47658.0,0
20250306T,56274.0,56274.0,56274.0,56274.0,0
20250307T,54718.0,54718.0,54718.0,54718.0,0
20250310T,54325.0,54325.0,54325.0,54325.0,0
20250311T,59009.0,59009.0,59009.0,59009.0,0
20250312T,59153.0,59153.0,59153.0,59153.0,0
20250313T,62761.0,62761.0,62761.0,62761.0,0
20250317T,62847.0,62847.0,62847.0,62847.0,0
20250318T,63680.0,63680.0,63680.0,63680.0,0
20250319T,70353.0,70353.0,70353.0,70353.0,0
20250320T,74379.0,74379.0,74379.0,74379.0,0
20250321T,74942.0,74942.0,74942.0,74942.0,0
20250324T,70371.0,70371.0,70371.0,70371.0,0
20250325T,62254.0,62254.0,62254.0,62254.0,0
20250326T,64108.0,64108.0,64108.0,64108.0,0
20250327T,58071.0,58071.0,58071.0,58071.0,0
20250328T,58039.0,58039.0,58039.0,58039.0,0
20250401T,67068.0,67068.0,67068.0,67068.0,0
20250402T,69051.0,69051.0,69051.0,69051.0,0
20250403T,76450.0,76450.0,76450.0,76450.0,0
20250404T,75721.0,75721.0,75721.0,75721.0,0
20250407T,76617.0,76617.0,76617.0,76617.0,0
20250408T,79153.0,79153.0,79153.0,79153.0,0
20250409T,78673.0,78673.0,78673.0,78673.0,0
20250411T,78001.0,78001.0,78001.0,78001.0,0
20250415T,79041.0,79041.0,79041.0,79041.0,0
20250416T,79540.0,79540.0,79540.0,79540.0,0
20250417T,78089.0,78089.0,78089.0,78089.0,0
20250421T,76942.0,76942.0,76942.0,76942.0,0
20250422T,72412.0,72412.0,72412.0,72412.0,0
20250423T,70521.0,70521.0,70521.0,70521.0,0
20250424T,67812.0,67812.0,67812.0,67812.0,0
20250425T,64576.0,64576.0,64576.0,64576.0,0
20250428T,53489.0,53489.0,53489.0,53489.0,0
20250429T,44354.0,44354.0,44354.0,44354.0,0
20250430T,41435.0,41435.0,41435.0,41435.0,0
20250502T,41695.0,41695.0,41695.0,41695.0,0
20250505T,40502.0,40502.0,40502.0,40502.0,0
20250506T,38779.0,38779.0,38779.0,38779.0,0
20250507T,34800.0,34800.0,34800.0,34800.0,0
20250508T,42448.0,42448.0,42448.0,42448.0,0
20250509T,59179.0,59179.0,59179.0,59179.0,0
20250512T,52826.0,52826.0,52826.0,52826.0,0
20250513T,48613.0,48613.0,48613.0,48613.0,0
20250514T,48421.0,48421.0,48421.0,48421.0,0
20250515T,30648.0,30648.0,30648.0,30648.0,0
20250516T,32030.0,32030.0,32030.0,32030.0,0
20250519T,31205.0,31205.0,31205.0,31205.0,0
20250520T,16682.0,16682.0,16682.0,16682.0,0
20250521T,-75.0,-75.0,-75.0,-75.0,0
20250522T,-3157.0,-3157.0,-3157.0,-3157.0,0
20250523T,-6214.0,-6214.0,-6214.0,-6214.0,0
20250526T,-13049.0,-13049.0,-13049.0,-13049.0,0
20250527T,9789.0,9789.0,9789.0,9789.0,0
20250528T,12475.0,12475.0,12475.0,12475.0,0
20250529T,36319.0,36319.0,36319.0,36319.0,0
20250530T,35057.0,35057.0,35057.0,35057.0,0
20250602T,40429.0,40429.0,40429.0,40429.0,0
20250603T,45236.0,45236.0,45236.0,45236.0,0
20250604T,44591.0,44591.0,44591.0,44591.0,0
20250605T,39090.0,39090.0,39090.0,39090.0,0
20250606T,39366.0,39366.0,39366.0,39366.0,0
20250609T,42426.0,42426.0,42426.0,42426.0,0
20250610T,39527.0,39527.0,39527.0,39527.0,0
20250611T,36082.0,36082.0,36082.0,36082.0,0
20250612T,43251.0,43251.0,43251.0,43251.0,0
20250613T,53065.0,53065.0,53065.0,53065.0,0
20250616T,46627.0,46627.0,46627.0,46627.0,0
20250617T,46270.0,46270.0,46270.0,46270.0,0
20250618T,42546.0,42546.0,42546.0,42546.0,0
20250619T,42240.0,42240.0,42240.0,42240.0,0
20250620T,30556.0,30556.0,30556.0,30556.0,0
20250623T,32427.0,32427.0,32427.0,32427.0,0
20250624T,34509.0,34509.0,34509.0,34509.0,0
20250625T,30435.0,30435.0,30435.0,30435.0,0
20250626T,28227.0,28227.0,28227.0,28227.0,0
20250627T,28909.0,28909.0,28909.0,28909.0,0
20250630T,30205.0,30205.0,30205.0,30205.0,0
20250701T,29879.0,29879.0,29879.0,29879.0,0
20250702T,31441.0,31441.0,31441.0,31441.0,0
20250703T,33417.0,33417.0,33417.0,33417.0,0
20250704T,31552.0,31552.0,31552.0,31552.0,0
20250707T,31432.0,31432.0,31432.0,31432.0,0
20250708T,31399.0,31399.0,31399.0,31399.0,0
20250709T,31417.0,31417.0,31417.0,31417.0,0
20250710T,31553.0,31553.0,31553.0,31553.0,0
20250711T,34163.0,34163.0,34163.0,34163.0,0
20250714T,35779.0,35779.0,35779.0,35779.0,0
20250715T,35932.0,35932.0,35932.0,35932.0,0
20250716T,37984.0,37984.0,37984.0,37984.0,0
20250717T,40003.0,40003.0,40003.0,40003.0,0
20250718T,35942.0,35942.0,35942.0,35942.0,0
20250721T,37199.0,37199.0,37199.0,37199.0,0
20250722T,36280.0,36280.0,36280.0,36280.0,0
20250723T,33796.0,33796.0,33796.0,33796.0,0
20250724T,28255.0,28255.0,28255.0,28255.0,0
20250725T,24677.0,24677.0,24677.0,24677.0,0
20250728T,22674.0,22674.0,22674.0,22674.0,0
20250729T,29028.0,29028.0,29028.0,29028.0,0
20250730T,25859.0,25859.0,25859.0,25859.0,0
20250731T,30191.0,30191.0,30191.0,30191.0,0
20250801T,31739.0,31739.0,31739.0,31739.0,0
20250804T,31693.0,31693.0,31693.0,31693.0,0
20250805T,33417.0,33417.0,33417.0,33417.0,0
20250806T,33843.0,33843.0,33843.0,33843.0,0
20250807T,36932.0,36932.0,36932.0,36932.0,0
20250808T,41500.0,41500.0,41500.0,41500.0,0
20250811T,39277.0,39277.0,39277.0,39277.0,0
20250812T,38542.0,38542.0,38542.0,38542.0,0
20250813T,37475.0,37475.0,37475.0,37475.0,0
20250814T,34935.0,34935.0,34935.0,34935.0,0
20250818T,37108.0,37108.0,37108.0,37108.0,0
20250819T,36962.0,36962.0,36962.0,36962.0,0
20250820T,32204.0,32204.0,32204.0,32204.0,0
20250821T,30912.0,30912.0,30912.0,30912.0,0
20250822T,28985.0,28985.0,28985.0,28985.0,0
20250825T,27529.0,27529.0,27529.0,27529.0,0
20250826T,27299.0,27299.0,27299.0,27299.0,0
20250828T,36166.0,36166.0,36166.0,36166.0,0
20250829T,36834.0,36834.0,36834.0,36834.0,0
20250901T,34318.0,34318.0,34318.0,34318.0,0
20250902T,34159.0,34159.0,34159.0,34159.0,0
20250903T,35688.0,35688.0,35688.0,35688.0,0
20250904T,34178.0,34178.0,34178.0,34178.0,0
20250905T,36869.0,36869.0,36869.0,36869.0,0
20250908T,38097.0,38097.0,38097.0,38097.0,0
20250909T,37897.0,37897.0,37897.0,37897.0,0
20250910T,38540.0,38540.0,38540.0,38540.0,0
20250911T,38540.0,38540.0,38540.0,38540.0,0
20250912T,38551.0,38551.0,38551.0,38551.0,0
20250915T,36851.0,36851.0,36851.0,36851.0,0
20250916T,39232.0,39232.0,39232.0,39232.0,0
20250917T,41126.0,41126.0,41126.0,41126.0,0
20250918T,43409.0,43409.0,43409.0,43409.0,0
20250919T,43010.0,43010.0,43010.0,43010.0,0
20250922T,42558.0,42558.0,42558.0,42558.0,0
20250923T,45238.0,45238.0,45238.0,45238.0,0
20250924T,43630.0,43630.0,43630.0,43630.0,0
20250925T,46186.0,46186.0,46186.0,46186.0,0
20250926T,48385.0,48385.0,48385.0,48385.0,0
20250929T,47760.0,47760.0,47760.0,47760.0,0
20250930T,50143.0,50143.0,50143.0,50143.0,0
20251001T,51294.0,51294.0,51294.0,51294.0,0
20251003T,51503.0,51503.0,51503.0,51503.0,0
20251006T,48075.0,48075.0,48075.0,48075.0,0
20251007T,46187.0,46187.0,46187.0,46187.0,0
20251008T,47436.0,47436.0,47436.0,47436.0,0
20251009T,44930.0,44930.0,44930.0,44930.0,0
20251010T,44690.0,44690.0,44690.0,44690.0,0
20251013T,47828.0,47828.0,47828.0,47828.0,0
20251014T,44497.0,44497.0,44497.0,44497.0,0
20251015T,42904.0,42904.0,42904.0,42904.0,0
20251016T,46494.0,46494.0,46494.0,46494.0,0
20251017T,42068.0,42068.0,42068.0,42068.0,0
20251020T,39436.0,39436.0,39436.0,39436.0,0
20251023T,31526.0,31526.0,31526.0,31526.0,0
20251024T,37050.0,37050.0,37050.0,37050.0,0
20251027T,36596.0,36596.0,36596.0,36596.0,0
20251028T,26952.0,26952.0,26952.0,26952.0,0
20251029T,35263.0,35263.0,35263.0,35263.0,0
20251030T,36865.0,36865.0,36865.0,36865.0,0
20251031T,38936.0,38936.0,38936.0,38936.0,0
20251103T,39539.0,39539.0,39539.0,39539.0,0
20251104T,38038.0,38038.0,38038.0,38038.0,0
20251106T,39219.0,39219.0,39219.0,39219.0,0
20251107T,38941.0,38941.0,38941.0,38941.0,0
20251110T,38812.0,38812.0,38812.0,38812.0,0
20251111T,38841.0,38841.0,38841.0,38841.0,0
20251112T,49922.0,49922.0,49922.0,49922.0,0
20251113T,49920.0,49920.0,49920.0,49920.0,0
20251114T,54005.0,54005.0,54005.0,54005.0,0
20251117T,53680.0,53680.0,53680.0,53680.0,0
20251118T,53772.0,53772.0,53772.0,53772.0,0
20251119T,53552.0,53552.0,53552.0,53552.0,0
20251120T,65688.0,65688.0,65688.0,65688.0,0
20251121T,59897.0,59897.0,59897.0,59897.0,0
20251124T,42108.0,42108.0,42108.0,42108.0,0
20251125T,42501.0,42501.0,42501.0,42501.0,0
20251126T,42724.0,42724.0,42724.0,42724.0,0
20251127T,42952.0,42952.0,42952.0,42952.0,0
20251128T,43062.0,43062.0,43062.0,43062.0,0
20251201T,41950.0,41950.0,41950.0,41950.0,0
20251202T,34831.0,34831.0,34831.0,34831.0,0
20251203T,25603.0,25603.0,25603.0,25603.0,0
20251204T,25996.0,25996.0,25996.0,25996.0,0
20251205T,34968.0,34968.0,34968.0,34968.0,0
20251208T,35235.0,35235.0,35235.0,35235.0,0
20251209T,35811.0,35811.0,35811.0,35811.0,0
20251210T,35060.0,35060.0,35060.0,35060.0,0
20251211T,35364.0,35364.0,35364.0,35364.0,0
20251212T,43137.0,43137.0,43137.0,43137.0,0
20251215T,43089.0,43089.0,43089.0,43089.0,0
20251216T,44175.0,44175.0,44175.0,44175.0,0
20251217T,45256.0,45256.0,45256.0,45256.0,0
20251218T,45087.0,45087.0,45087.0,45087.0,0
20251219T,45043.0,45043.0,45043.0,45043.0,0
20251222T,44693.0,44693.0,44693.0,44693.0,0
20251223T,43128.0,43128.0,43128.0,43128.0,0
20251224T,33543.0,33543.0,33543.0,33543.0,0
20251226T,36617.0,36617.0,36617.0,36617.0,0
20251229T,40349.0,40349.0,40349.0,40349.0,0
20251230T,33575.0,33575.0,33575.0,33575.0,0
20251231T,37984.0,37984.0,37984.0,37984.0,0
20260101T,38644.0,38644.0,38644.0,38644.0,0
20260102T,41489.0,41489.0,41489.0,41489.0,0
20260105T,41306.0,41306.0,41306.0,41306.0,0
20260106T,41356.0,41356.0,41356.0,41356.0,0
20260107T,41722.0,41722.0,41722.0,41722.0,0
20260108T,37569.0,37569.0,37569.0,37569.0,0
20260109T,38146.0,38146.0,38146.0,38146.0,0
20260112T,38276.0,38276.0,38276.0,38276.0,0
20260113T,38737.0,38737.0,38737.0,38737.0,0
20260114T,41069.0,41069.0,41069.0,41069.0,0
20260116T,41517.0,41517.0,41517.0,41517.0,0
20260119T,41585.0,41585.0,41585.0,41585.0,0
20260120T,40840.0,40840.0,40840.0,40840.0,0
20260121T,44267.0,44267.0,44267.0,44267.0,0
20260122T,47378.0,47378.0,47378.0,47378.0,0
20260123T,49138.0,49138.0,49138.0,49138.0,0
20260127T,49724.0,49724.0,49724.0,49724.0,0
20260128T,49273.0,49273.0,49273.0,49273.0,0
20260129T,70173.0,70173.0,70173.0,70173.0,0
20260130T,73282.0,73282.0,73282.0,73282.0,0
20260201T,65557.0,65557.0,65557.0,65557.0,0
20260202T,70219.0,70219.0,70219.0,70219.0,0
