20120106T,840.0,840.0,840.0,840.0,0
20120109T,840.0,840.0,840.0,840.0,0
20120110T,2268.0,2268.0,2268.0,2268.0,0
20120111T,2291.0,2291.0,2291.0,2291.0,0
20120112T,2291.0,2291.0,2291.0,2291.0,0
20120113T,2160.0,2160.0,2160.0,2160.0,0
20120116T,2160.0,2160.0,2160.0,2160.0,0
20120117T,4240.0,4240.0,4240.0,4240.0,0
20120118T,4240.0,4240.0,4240.0,4240.0,0
20120119T,4240.0,4240.0,4240.0,4240.0,0
20120120T,4443.0,4443.0,4443.0,4443.0,0
20120123T,5627.0,5627.0,5627.0,5627.0,0
20120124T,6477.0,6477.0,6477.0,6477.0,0
20120125T,5662.0,5662.0,5662.0,5662.0,0
20120127T,5702.0,5702.0,5702.0,5702.0,0
20120130T,4902.0,4902.0,4902.0,4902.0,0
20120131T,4902.0,4902.0,4902.0,4902.0,0
20120201T,5702.0,5702.0,5702.0,5702.0,0
20120202T,5758.0,5758.0,5758.0,5758.0,0
20120203T,5814.0,5814.0,5814.0,5814.0,0
20120206T,5814.0,5814.0,5814.0,5814.0,0
20120207T,6169.0,6169.0,6169.0,6169.0,0
20120208T,5834.0,5834.0,5834.0,5834.0,0
20120209T,5834.0,5834.0,5834.0,5834.0,0
20120210T,5862.0,5862.0,5862.0,5862.0,0
20120213T,6112.0,6112.0,6112.0,6112.0,0
20120214T,6112.0,6112.0,6112.0,6112.0,0
20120215T,6084.0,6084.0,6084.0,6084.0,0
20120216T,6084.0,6084.0,6084.0,6084.0,0
20120217T,6013.0,6013.0,6013.0,6013.0,0
20120221T,7439.0,7439.0,7439.0,7439.0,0
20120222T,8950.0,8950.0,8950.0,8950.0,0
20120223T,4269.0,4269.0,4269.0,4269.0,0
20120224T,8280.0,8280.0,8280.0,8280.0,0
20120227T,8463.0,8463.0,8463.0,8463.0,0
20120228T,11389.0,11389.0,11389.0,11389.0,0
20120229T,11349.0,11349.0,11349.0,11349.0,0
20120301T,11220.0,11220.0,11220.0,11220.0,0
20120302T,11232.0,11232.0,11232.0,11232.0,0
20120305T,11334.0,11334.0,11334.0,11334.0,0
20120306T,10115.0,10115.0,10115.0,10115.0,0
20120307T,4541.0,4541.0,4541.0,4541.0,0
20120309T,4496.0,4496.0,4496.0,4496.0,0
20120312T,4548.0,4548.0,4548.0,4548.0,0
20120313T,4448.0,4448.0,4448.0,4448.0,0
20120314T,4448.0,4448.0,4448.0,4448.0,0
20120315T,4504.0,4504.0,4504.0,4504.0,0
20120316T,6321.0,6321.0,6321.0,6321.0,0
20120319T,4713.0,4713.0,4713.0,4713.0,0
20120320T,4645.0,4645.0,4645.0,4645.0,0
20120321T,6406.0,6406.0,6406.0,6406.0,0
20120322T,4414.0,4414.0,4414.0,4414.0,0
20120323T,4414.0,4414.0,4414.0,4414.0,0
20120326T,3840.0,3840.0,3840.0,3840.0,0
20120327T,3772.0,3772.0,3772.0,3772.0,0
20120328T,3956.0,3956.0,3956.0,3956.0,0
20120329T,847.0,847.0,847.0,847.0,0
20120330T,5787.0,5787.0,5787.0,5787.0,0
20120402T,9171.0,9171.0,9171.0,9171.0,0
20120403T,12348.0,12348.0,12348.0,12348.0,0
20120404T,12796.0,12796.0,12796.0,12796.0,0
20120409T,8683.0,8683.0,8683.0,8683.0,0
20120410T,8683.0,8683.0,8683.0,8683.0,0
20120411T,8683.0,8683.0,8683.0,8683.0,0
20120412T,8683.0,8683.0,8683.0,8683.0,0
20120413T,8137.0,8137.0,8137.0,8137.0,0
20120416T,8137.0,8137.0,8137.0,8137.0,0
20120417T,8137.0,8137.0,8137.0,8137.0,0
20120418T,7997.0,7997.0,7997.0,7997.0,0
20120419T,7969.0,7969.0,7969.0,7969.0,0
20120420T,8292.0,8292.0,8292.0,8292.0,0
20120423T,7409.0,7409.0,7409.0,7409.0,0
20120424T,5014.0,5014.0,5014.0,5014.0,0
20120425T,5014.0,5014.0,5014.0,5014.0,0
20120426T,6123.0,6123.0,6123.0,6123.0,0
20120427T,6123.0,6123.0,6123.0,6123.0,0
20120430T,6018.0,6018.0,6018.0,6018.0,0
20120502T,9118.0,9118.0,9118.0,9118.0,0
20120503T,9185.0,9185.0,9185.0,9185.0,0
20120504T,7069.0,7069.0,7069.0,7069.0,0
20120507T,3679.0,3679.0,3679.0,3679.0,0
20120508T,3659.0,3659.0,3659.0,3659.0,0
20120509T,3659.0,3659.0,3659.0,3659.0,0
20120510T,3619.0,3619.0,3619.0,3619.0,0
20120511T,741.0,741.0,741.0,741.0,0
20120514T,741.0,741.0,741.0,741.0,0
20120515T,621.0,621.0,621.0,621.0,0
20120516T,681.0,681.0,681.0,681.0,0
20120517T,731.0,731.0,731.0,731.0,0
20120518T,627.0,627.0,627.0,627.0,0
20120521T,3907.0,3907.0,3907.0,3907.0,0
20120522T,4275.0,4275.0,4275.0,4275.0,0
20120523T,3875.0,3875.0,3875.0,3875.0,0
20120524T,4840.0,4840.0,4840.0,4840.0,0
20120525T,4840.0,4840.0,4840.0,4840.0,0
20120528T,4649.0,4649.0,4649.0,4649.0,0
20120529T,4515.0,4515.0,4515.0,4515.0,0
20120530T,4775.0,4775.0,4775.0,4775.0,0
20120531T,620.0,620.0,620.0,620.0,0
20120601T,634.0,634.0,634.0,634.0,0
20120604T,658.0,658.0,658.0,658.0,0
20120605T,478.0,478.0,478.0,478.0,0
20120606T,231.0,231.0,231.0,231.0,0
20120607T,191.0,191.0,191.0,191.0,0
20120608T,2579.0,2579.0,2579.0,2579.0,0
20120611T,2579.0,2579.0,2579.0,2579.0,0
20120612T,3045.0,3045.0,3045.0,3045.0,0
20120613T,3375.0,3375.0,3375.0,3375.0,0
20120614T,3375.0,3375.0,3375.0,3375.0,0
20120615T,4175.0,4175.0,4175.0,4175.0,0
20120618T,398.0,398.0,398.0,398.0,0
20120619T,329.0,329.0,329.0,329.0,0
20120620T,329.0,329.0,329.0,329.0,0
20120621T,1231.0,1231.0,1231.0,1231.0,0
20120622T,237.0,237.0,237.0,237.0,0
20120625T,231.0,231.0,231.0,231.0,0
20120626T,231.0,231.0,231.0,231.0,0
20120627T,191.0,191.0,191.0,191.0,0
20120628T,155.0,155.0,155.0,155.0,0
20120629T,155.0,155.0,155.0,155.0,0
20120702T,155.0,155.0,155.0,155.0,0
20120703T,155.0,155.0,155.0,155.0,0
20120704T,155.0,155.0,155.0,155.0,0
20120705T,155.0,155.0,155.0,155.0,0
20120706T,155.0,155.0,155.0,155.0,0
20120709T,155.0,155.0,155.0,155.0,0
20120710T,155.0,155.0,155.0,155.0,0
20120711T,155.0,155.0,155.0,155.0,0
20120712T,220.0,220.0,220.0,220.0,0
20120713T,220.0,220.0,220.0,220.0,0
20120716T,745.0,745.0,745.0,745.0,0
20120717T,745.0,745.0,745.0,745.0,0
20120718T,680.0,680.0,680.0,680.0,0
20120719T,94.0,94.0,94.0,94.0,0
20120720T,159.0,159.0,159.0,159.0,0
20120723T,159.0,159.0,159.0,159.0,0
20120724T,288.0,288.0,288.0,288.0,0
20120725T,288.0,288.0,288.0,288.0,0
20120726T,288.0,288.0,288.0,288.0,0
20120727T,288.0,288.0,288.0,288.0,0
20120730T,288.0,288.0,288.0,288.0,0
20120731T,481.0,481.0,481.0,481.0,0
20120801T,492.0,492.0,492.0,492.0,0
20120802T,4310.0,4310.0,4310.0,4310.0,0
20120803T,2897.0,2897.0,2897.0,2897.0,0
20120806T,4358.0,4358.0,4358.0,4358.0,0
20120807T,4164.0,4164.0,4164.0,4164.0,0
20120808T,4214.0,4214.0,4214.0,4214.0,0
20120809T,4214.0,4214.0,4214.0,4214.0,0
20120810T,6454.0,6454.0,6454.0,6454.0,0
20120813T,6261.0,6261.0,6261.0,6261.0,0
20120814T,6261.0,6261.0,6261.0,6261.0,0
20120816T,6261.0,6261.0,6261.0,6261.0,0
20120817T,6261.0,6261.0,6261.0,6261.0,0
20120821T,6211.0,6211.0,6211.0,6211.0,0
20120822T,6211.0,6211.0,6211.0,6211.0,0
20120823T,6211.0,6211.0,6211.0,6211.0,0
20120824T,6276.0,6276.0,6276.0,6276.0,0
20120827T,6292.0,6292.0,6292.0,6292.0,0
20120828T,6292.0,6292.0,6292.0,6292.0,0
20120829T,6392.0,6392.0,6392.0,6392.0,0
20120830T,5616.0,5616.0,5616.0,5616.0,0
20120831T,3633.0,3633.0,3633.0,3633.0,0
20120903T,3822.0,3822.0,3822.0,3822.0,0
20120904T,3822.0,3822.0,3822.0,3822.0,0
20120905T,3245.0,3245.0,3245.0,3245.0,0
20120906T,3245.0,3245.0,3245.0,3245.0,0
20120907T,6109.0,6109.0,6109.0,6109.0,0
20120910T,5509.0,5509.0,5509.0,5509.0,0
20120911T,5509.0,5509.0,5509.0,5509.0,0
20120912T,5320.0,5320.0,5320.0,5320.0,0
20120913T,5320.0,5320.0,5320.0,5320.0,0
20120914T,6740.0,6740.0,6740.0,6740.0,0
20120917T,6740.0,6740.0,6740.0,6740.0,0
20120918T,6860.0,6860.0,6860.0,6860.0,0
20120920T,6360.0,6360.0,6360.0,6360.0,0
20120921T,6360.0,6360.0,6360.0,6360.0,0
20120924T,6360.0,6360.0,6360.0,6360.0,0
20120925T,2020.0,2020.0,2020.0,2020.0,0
20120926T,8260.0,8260.0,8260.0,8260.0,0
20120927T,6860.0,6860.0,6860.0,6860.0,0
20120928T,6860.0,6860.0,6860.0,6860.0,0
20121001T,6860.0,6860.0,6860.0,6860.0,0
20121003T,6860.0,6860.0,6860.0,6860.0,0
20121004T,7860.0,7860.0,7860.0,7860.0,0
20121005T,5860.0,5860.0,5860.0,5860.0,0
20121008T,5006.0,5006.0,5006.0,5006.0,0
20121009T,4924.0,4924.0,4924.0,4924.0,0
20121010T,3947.0,3947.0,3947.0,3947.0,0
20121011T,4660.0,4660.0,4660.0,4660.0,0
20121012T,3505.0,3505.0,3505.0,3505.0,0
20121015T,3665.0,3665.0,3665.0,3665.0,0
20121016T,2333.0,2333.0,2333.0,2333.0,0
20121017T,2343.0,2343.0,2343.0,2343.0,0
20121018T,2120.0,2120.0,2120.0,2120.0,0
20121019T,2335.0,2335.0,2335.0,2335.0,0
20121022T,2120.0,2120.0,2120.0,2120.0,0
20121023T,2313.0,2313.0,2313.0,2313.0,0
20121025T,1574.0,1574.0,1574.0,1574.0,0
20121026T,2674.0,2674.0,2674.0,2674.0,0
20121029T,2674.0,2674.0,2674.0,2674.0,0
20121030T,2845.0,2845.0,2845.0,2845.0,0
20121031T,2845.0,2845.0,2845.0,2845.0,0
20121101T,2845.0,2845.0,2845.0,2845.0,0
20121102T,3573.0,3573.0,3573.0,3573.0,0
20121105T,4574.0,4574.0,4574.0,4574.0,0
20121106T,4574.0,4574.0,4574.0,4574.0,0
20121107T,4574.0,4574.0,4574.0,4574.0,0
20121108T,7058.0,7058.0,7058.0,7058.0,0
20121109T,5849.0,5849.0,5849.0,5849.0,0
20121112T,5693.0,5693.0,5693.0,5693.0,0
20121113T,5853.0,5853.0,5853.0,5853.0,0
20121115T,5853.0,5853.0,5853.0,5853.0,0
20121116T,4565.0,4565.0,4565.0,4565.0,0
20121119T,5965.0,5965.0,5965.0,5965.0,0
20121120T,5901.0,5901.0,5901.0,5901.0,0
20121121T,6681.0,6681.0,6681.0,6681.0,0
20121122T,6681.0,6681.0,6681.0,6681.0,0
20121123T,6681.0,6681.0,6681.0,6681.0,0
20121126T,6681.0,6681.0,6681.0,6681.0,0
20121127T,6521.0,6521.0,6521.0,6521.0,0
20121129T,6344.0,6344.0,6344.0,6344.0,0
20121130T,6344.0,6344.0,6344.0,6344.0,0
20121203T,8644.0,8644.0,8644.0,8644.0,0
20121204T,8644.0,8644.0,8644.0,8644.0,0
20121205T,8644.0,8644.0,8644.0,8644.0,0
20121206T,8644.0,8644.0,8644.0,8644.0,0
20121207T,7944.0,7944.0,7944.0,7944.0,0
20121210T,7944.0,7944.0,7944.0,7944.0,0
20121211T,7944.0,7944.0,7944.0,7944.0,0
20121212T,6144.0,6144.0,6144.0,6144.0,0
20121213T,7607.0,7607.0,7607.0,7607.0,0
20121214T,8287.0,8287.0,8287.0,8287.0,0
20121217T,9287.0,9287.0,9287.0,9287.0,0
20121218T,9224.0,9224.0,9224.0,9224.0,0
20121219T,9224.0,9224.0,9224.0,9224.0,0
20121220T,9224.0,9224.0,9224.0,9224.0,0
20121221T,8687.0,8687.0,8687.0,8687.0,0
20121224T,8687.0,8687.0,8687.0,8687.0,0
20121226T,9624.0,9624.0,9624.0,9624.0,0
20121227T,8624.0,8624.0,8624.0,8624.0,0
20121228T,9324.0,9324.0,9324.0,9324.0,0
20121231T,9324.0,9324.0,9324.0,9324.0,0
20130101T,10684.0,10684.0,10684.0,10684.0,0
20130102T,10684.0,10684.0,10684.0,10684.0,0
20130103T,10684.0,10684.0,10684.0,10684.0,0
20130104T,9784.0,9784.0,9784.0,9784.0,0
20130107T,9784.0,9784.0,9784.0,9784.0,0
20130108T,8384.0,8384.0,8384.0,8384.0,0
20130109T,7704.0,7704.0,7704.0,7704.0,0
20130110T,7704.0,7704.0,7704.0,7704.0,0
20130111T,7760.0,7760.0,7760.0,7760.0,0
20130114T,8204.0,8204.0,8204.0,8204.0,0
20130115T,8824.0,8824.0,8824.0,8824.0,0
20130116T,8179.0,8179.0,8179.0,8179.0,0
20130117T,8124.0,8124.0,8124.0,8124.0,0
20130118T,8124.0,8124.0,8124.0,8124.0,0
20130121T,8124.0,8124.0,8124.0,8124.0,0
20130122T,8179.0,8179.0,8179.0,8179.0,0
20130123T,8179.0,8179.0,8179.0,8179.0,0
20130124T,8179.0,8179.0,8179.0,8179.0,0
20130125T,8684.0,8684.0,8684.0,8684.0,0
20130128T,9284.0,9284.0,9284.0,9284.0,0
20130129T,9339.0,9339.0,9339.0,9339.0,0
20130130T,9339.0,9339.0,9339.0,9339.0,0
20130131T,8939.0,8939.0,8939.0,8939.0,0
20130201T,9439.0,9439.0,9439.0,9439.0,0
20130204T,9439.0,9439.0,9439.0,9439.0,0
20130205T,9607.0,9607.0,9607.0,9607.0,0
20130206T,8752.0,8752.0,8752.0,8752.0,0
20130207T,8752.0,8752.0,8752.0,8752.0,0
20130208T,6692.0,6692.0,6692.0,6692.0,0
20130211T,6452.0,6452.0,6452.0,6452.0,0
20130212T,6452.0,6452.0,6452.0,6452.0,0
20130213T,6452.0,6452.0,6452.0,6452.0,0
20130214T,6452.0,6452.0,6452.0,6452.0,0
20130215T,6452.0,6452.0,6452.0,6452.0,0
20130218T,7752.0,7752.0,7752.0,7752.0,0
20130219T,7752.0,7752.0,7752.0,7752.0,0
20130220T,9250.0,9250.0,9250.0,9250.0,0
20130221T,8025.0,8025.0,8025.0,8025.0,0
20130222T,8025.0,8025.0,8025.0,8025.0,0
20130225T,8735.0,8735.0,8735.0,8735.0,0
20130226T,8035.0,8035.0,8035.0,8035.0,0
20130227T,7375.0,7375.0,7375.0,7375.0,0
20130228T,7818.0,7818.0,7818.0,7818.0,0
20130301T,7808.0,7808.0,7808.0,7808.0,0
20130304T,7813.0,7813.0,7813.0,7813.0,0
20130305T,8413.0,8413.0,8413.0,8413.0,0
20130306T,8663.0,8663.0,8663.0,8663.0,0
20130307T,8663.0,8663.0,8663.0,8663.0,0
20130308T,8895.0,8895.0,8895.0,8895.0,0
20130311T,8890.0,8890.0,8890.0,8890.0,0
20130312T,8890.0,8890.0,8890.0,8890.0,0
20130313T,8365.0,8365.0,8365.0,8365.0,0
20130314T,8790.0,8790.0,8790.0,8790.0,0
20130315T,8845.0,8845.0,8845.0,8845.0,0
20130318T,8890.0,8890.0,8890.0,8890.0,0
20130319T,7545.0,7545.0,7545.0,7545.0,0
20130320T,7545.0,7545.0,7545.0,7545.0,0
20130321T,7485.0,7485.0,7485.0,7485.0,0
20130322T,7485.0,7485.0,7485.0,7485.0,0
20130325T,5485.0,5485.0,5485.0,5485.0,0
20130326T,3630.0,3630.0,3630.0,3630.0,0
20130328T,3590.0,3590.0,3590.0,3590.0,0
20130401T,3590.0,3590.0,3590.0,3590.0,0
20130402T,3590.0,3590.0,3590.0,3590.0,0
20130403T,3660.0,3660.0,3660.0,3660.0,0
20130404T,3660.0,3660.0,3660.0,3660.0,0
20130405T,3660.0,3660.0,3660.0,3660.0,0
20130408T,3590.0,3590.0,3590.0,3590.0,0
20130409T,3590.0,3590.0,3590.0,3590.0,0
20130410T,3590.0,3590.0,3590.0,3590.0,0
20130411T,3590.0,3590.0,3590.0,3590.0,0
20130412T,2390.0,2390.0,2390.0,2390.0,0
20130415T,2390.0,2390.0,2390.0,2390.0,0
20130416T,4890.0,4890.0,4890.0,4890.0,0
20130417T,4890.0,4890.0,4890.0,4890.0,0
20130418T,4890.0,4890.0,4890.0,4890.0,0
20130422T,4890.0,4890.0,4890.0,4890.0,0
20130423T,4890.0,4890.0,4890.0,4890.0,0
20130425T,4890.0,4890.0,4890.0,4890.0,0
20130426T,5490.0,5490.0,5490.0,5490.0,0
20130429T,5490.0,5490.0,5490.0,5490.0,0
20130430T,5490.0,5490.0,5490.0,5490.0,0
20130502T,6790.0,6790.0,6790.0,6790.0,0
20130503T,6790.0,6790.0,6790.0,6790.0,0
20130506T,6790.0,6790.0,6790.0,6790.0,0
20130507T,7290.0,7290.0,7290.0,7290.0,0
20130508T,7290.0,7290.0,7290.0,7290.0,0
20130509T,7290.0,7290.0,7290.0,7290.0,0
20130510T,7490.0,7490.0,7490.0,7490.0,0
20130513T,6423.0,6423.0,6423.0,6423.0,0
20130514T,5623.0,5623.0,5623.0,5623.0,0
20130515T,6890.0,6890.0,6890.0,6890.0,0
20130516T,7590.0,7590.0,7590.0,7590.0,0
20130517T,7590.0,7590.0,7590.0,7590.0,0
20130520T,7590.0,7590.0,7590.0,7590.0,0
20130521T,7590.0,7590.0,7590.0,7590.0,0
20130522T,4241.0,4241.0,4241.0,4241.0,0
20130523T,4041.0,4041.0,4041.0,4041.0,0
20130524T,5141.0,5141.0,5141.0,5141.0,0
20130527T,5690.0,5690.0,5690.0,5690.0,0
20130528T,5690.0,5690.0,5690.0,5690.0,0
20130529T,9260.0,9260.0,9260.0,9260.0,0
20130530T,8847.0,8847.0,8847.0,8847.0,0
20130531T,9012.0,9012.0,9012.0,9012.0,0
20130603T,8178.0,8178.0,8178.0,8178.0,0
20130604T,6858.0,6858.0,6858.0,6858.0,0
20130605T,6858.0,6858.0,6858.0,6858.0,0
20130606T,6807.0,6807.0,6807.0,6807.0,0
20130607T,6858.0,6858.0,6858.0,6858.0,0
20130610T,6858.0,6858.0,6858.0,6858.0,0
20130611T,6858.0,6858.0,6858.0,6858.0,0
20130612T,6087.0,6087.0,6087.0,6087.0,0
20130613T,4887.0,4887.0,4887.0,4887.0,0
20130614T,4787.0,4787.0,4787.0,4787.0,0
20130617T,6487.0,6487.0,6487.0,6487.0,0
20130618T,6538.0,6538.0,6538.0,6538.0,0
20130619T,5318.0,5318.0,5318.0,5318.0,0
20130620T,1718.0,1718.0,1718.0,1718.0,0
20130621T,518.0,518.0,518.0,518.0,0
20130624T,601.0,601.0,601.0,601.0,0
20130625T,550.0,550.0,550.0,550.0,0
20130626T,550.0,550.0,550.0,550.0,0
20130627T,572.0,572.0,572.0,572.0,0
20130628T,2970.0,2970.0,2970.0,2970.0,0
20130701T,5150.0,5150.0,5150.0,5150.0,0
20130702T,5150.0,5150.0,5150.0,5150.0,0
20130703T,3974.0,3974.0,3974.0,3974.0,0
20130704T,5150.0,5150.0,5150.0,5150.0,0
20130705T,6730.0,6730.0,6730.0,6730.0,0
20130708T,5778.0,5778.0,5778.0,5778.0,0
20130709T,5390.0,5390.0,5390.0,5390.0,0
20130710T,4910.0,4910.0,4910.0,4910.0,0
20130711T,6230.0,6230.0,6230.0,6230.0,0
20130712T,5830.0,5830.0,5830.0,5830.0,0
20130715T,5260.0,5260.0,5260.0,5260.0,0
20130716T,7510.0,7510.0,7510.0,7510.0,0
20130717T,9110.0,9110.0,9110.0,9110.0,0
20130718T,10850.0,10850.0,10850.0,10850.0,0
20130719T,10850.0,10850.0,10850.0,10850.0,0
20130722T,11726.0,11726.0,11726.0,11726.0,0
20130723T,10416.0,10416.0,10416.0,10416.0,0
20130724T,8942.0,8942.0,8942.0,8942.0,0
20130725T,8452.0,8452.0,8452.0,8452.0,0
20130726T,8417.0,8417.0,8417.0,8417.0,0
20130729T,8506.0,8506.0,8506.0,8506.0,0
20130730T,7686.0,7686.0,7686.0,7686.0,0
20130731T,2847.0,2847.0,2847.0,2847.0,0
20130801T,3176.0,3176.0,3176.0,3176.0,0
20130802T,3223.0,3223.0,3223.0,3223.0,0
20130805T,3223.0,3223.0,3223.0,3223.0,0
20130806T,90.0,90.0,90.0,90.0,0
20130807T,90.0,90.0,90.0,90.0,0
20130808T,102.0,102.0,102.0,102.0,0
20130812T,710.0,710.0,710.0,710.0,0
20130813T,2710.0,2710.0,2710.0,2710.0,0
20130814T,2710.0,2710.0,2710.0,2710.0,0
20130816T,1445.0,1445.0,1445.0,1445.0,0
20130819T,245.0,245.0,245.0,245.0,0
20130820T,100.0,100.0,100.0,100.0,0
20130821T,100.0,100.0,100.0,100.0,0
20130822T,0.0,0.0,0.0,0.0,0
20130823T,201.0,201.0,201.0,201.0,0
20130826T,0.0,0.0,0.0,0.0,0
20130827T,7.0,7.0,7.0,7.0,0
20130828T,417.0,417.0,417.0,417.0,0
20130829T,140.0,140.0,140.0,140.0,0
20130830T,145.0,145.0,145.0,145.0,0
20130902T,2040.0,2040.0,2040.0,2040.0,0
20130903T,2095.0,2095.0,2095.0,2095.0,0
20130904T,1762.0,1762.0,1762.0,1762.0,0
20130905T,3602.0,3602.0,3602.0,3602.0,0
20130906T,3602.0,3602.0,3602.0,3602.0,0
20130910T,5977.0,5977.0,5977.0,5977.0,0
20130911T,6977.0,6977.0,6977.0,6977.0,0
20130912T,6992.0,6992.0,6992.0,6992.0,0
20130913T,7000.0,7000.0,7000.0,7000.0,0
20130916T,6420.0,6420.0,6420.0,6420.0,0
20130917T,6411.0,6411.0,6411.0,6411.0,0
20130918T,7614.0,7614.0,7614.0,7614.0,0
20130919T,10710.0,10710.0,10710.0,10710.0,0
20130920T,6320.0,6320.0,6320.0,6320.0,0
20130923T,1410.0,1410.0,1410.0,1410.0,0
20130924T,1154.0,1154.0,1154.0,1154.0,0
20130925T,725.0,725.0,725.0,725.0,0
20130926T,331.0,331.0,331.0,331.0,0
20130927T,331.0,331.0,331.0,331.0,0
20130930T,331.0,331.0,331.0,331.0,0
20131001T,331.0,331.0,331.0,331.0,0
20131003T,75.0,75.0,75.0,75.0,0
20131004T,175.0,175.0,175.0,175.0,0
20131007T,230.0,230.0,230.0,230.0,0
20131008T,659.0,659.0,659.0,659.0,0
20131010T,1953.0,1953.0,1953.0,1953.0,0
20131011T,3403.0,3403.0,3403.0,3403.0,0
20131014T,4003.0,4003.0,4003.0,4003.0,0
20131015T,3939.0,3939.0,3939.0,3939.0,0
20131017T,3031.0,3031.0,3031.0,3031.0,0
20131018T,4519.0,4519.0,4519.0,4519.0,0
20131021T,4700.0,4700.0,4700.0,4700.0,0
20131022T,4420.0,4420.0,4420.0,4420.0,0
20131023T,3912.0,3912.0,3912.0,3912.0,0
20131024T,3912.0,3912.0,3912.0,3912.0,0
20131025T,3912.0,3912.0,3912.0,3912.0,0
20131028T,2171.0,2171.0,2171.0,2171.0,0
20131029T,875.0,875.0,875.0,875.0,0
20131030T,850.0,850.0,850.0,850.0,0
20131031T,490.0,490.0,490.0,490.0,0
20131101T,490.0,490.0,490.0,490.0,0
20131105T,390.0,390.0,390.0,390.0,0
20131106T,387.0,387.0,387.0,387.0,0
20131107T,154.0,154.0,154.0,154.0,0
20131108T,154.0,154.0,154.0,154.0,0
20131111T,171.0,171.0,171.0,171.0,0
20131112T,163.0,163.0,163.0,163.0,0
20131113T,179.0,179.0,179.0,179.0,0
20131114T,195.0,195.0,195.0,195.0,0
20131118T,95.0,95.0,95.0,95.0,0
20131119T,666.0,666.0,666.0,666.0,0
20131120T,131.0,131.0,131.0,131.0,0
20131121T,173.0,173.0,173.0,173.0,0
20131122T,181.0,181.0,181.0,181.0,0
20131125T,65.0,65.0,65.0,65.0,0
20131126T,140.0,140.0,140.0,140.0,0
20131127T,149.0,149.0,149.0,149.0,0
20131128T,74.0,74.0,74.0,74.0,0
20131129T,74.0,74.0,74.0,74.0,0
20131202T,65.0,65.0,65.0,65.0,0
20131203T,72.0,72.0,72.0,72.0,0
20131204T,48.0,48.0,48.0,48.0,0
20131205T,73.0,73.0,73.0,73.0,0
20131206T,73.0,73.0,73.0,73.0,0
20131209T,73.0,73.0,73.0,73.0,0
20131210T,73.0,73.0,73.0,73.0,0
20131211T,73.0,73.0,73.0,73.0,0
20131212T,140.0,140.0,140.0,140.0,0
20131213T,123.0,123.0,123.0,123.0,0
20131216T,216.0,216.0,216.0,216.0,0
20131217T,133.0,133.0,133.0,133.0,0
20131218T,21.0,21.0,21.0,21.0,0
20131219T,109.0,109.0,109.0,109.0,0
20131220T,1029.0,1029.0,1029.0,1029.0,0
20131223T,2029.0,2029.0,2029.0,2029.0,0
20131224T,1782.0,1782.0,1782.0,1782.0,0
20131226T,1000.0,1000.0,1000.0,1000.0,0
20131227T,1000.0,1000.0,1000.0,1000.0,0
20131230T,1000.0,1000.0,1000.0,1000.0,0
20131231T,1000.0,1000.0,1000.0,1000.0,0
20140101T,1000.0,1000.0,1000.0,1000.0,0
20140102T,165.0,165.0,165.0,165.0,0
20140103T,195.0,195.0,195.0,195.0,0
20140106T,1175.0,1175.0,1175.0,1175.0,0
20140107T,1122.0,1122.0,1122.0,1122.0,0
20140108T,1128.0,1128.0,1128.0,1128.0,0
20140109T,1134.0,1134.0,1134.0,1134.0,0
20140110T,1067.0,1067.0,1067.0,1067.0,0
20140113T,1590.0,1590.0,1590.0,1590.0,0
20140114T,1990.0,1990.0,1990.0,1990.0,0
20140115T,1190.0,1190.0,1190.0,1190.0,0
20140116T,1190.0,1190.0,1190.0,1190.0,0
20140117T,1282.0,1282.0,1282.0,1282.0,0
20140120T,490.0,490.0,490.0,490.0,0
20140121T,490.0,490.0,490.0,490.0,0
20140122T,290.0,290.0,290.0,290.0,0
20140123T,290.0,290.0,290.0,290.0,0
20140124T,331.0,331.0,331.0,331.0,0
20140127T,523.0,523.0,523.0,523.0,0
20140128T,392.0,392.0,392.0,392.0,0
20140129T,377.0,377.0,377.0,377.0,0
20140130T,377.0,377.0,377.0,377.0,0
20140131T,388.0,388.0,388.0,388.0,0
20140203T,379.0,379.0,379.0,379.0,0
20140204T,379.0,379.0,379.0,379.0,0
20140205T,299.0,299.0,299.0,299.0,0
20140206T,219.0,219.0,219.0,219.0,0
20140207T,260.0,260.0,260.0,260.0,0
20140210T,416.0,416.0,416.0,416.0,0
20140211T,416.0,416.0,416.0,416.0,0
20140212T,260.0,260.0,260.0,260.0,0
20140213T,446.0,446.0,446.0,446.0,0
20140214T,286.0,286.0,286.0,286.0,0
20140217T,286.0,286.0,286.0,286.0,0
20140218T,169.0,169.0,169.0,169.0,0
20140219T,105.0,105.0,105.0,105.0,0
20140220T,245.0,245.0,245.0,245.0,0
20140221T,105.0,105.0,105.0,105.0,0
20140225T,0.0,0.0,0.0,0.0,0
20140226T,0.0,0.0,0.0,0.0,0
20140228T,0.0,0.0,0.0,0.0,0
20140303T,400.0,400.0,400.0,400.0,0
20140304T,0.0,0.0,0.0,0.0,0
20140305T,0.0,0.0,0.0,0.0,0
20140306T,0.0,0.0,0.0,0.0,0
20140307T,102.0,102.0,102.0,102.0,0
20140310T,160.0,160.0,160.0,160.0,0
20140311T,160.0,160.0,160.0,160.0,0
20140312T,160.0,160.0,160.0,160.0,0
20140313T,160.0,160.0,160.0,160.0,0
20140314T,164.0,164.0,164.0,164.0,0
20140318T,160.0,160.0,160.0,160.0,0
20140319T,160.0,160.0,160.0,160.0,0
20140320T,160.0,160.0,160.0,160.0,0
20140321T,160.0,160.0,160.0,160.0,0
20140324T,160.0,160.0,160.0,160.0,0
20140325T,160.0,160.0,160.0,160.0,0
20140326T,160.0,160.0,160.0,160.0,0
20140327T,160.0,160.0,160.0,160.0,0
20140328T,160.0,160.0,160.0,160.0,0
20140331T,160.0,160.0,160.0,160.0,0
20140401T,260.0,260.0,260.0,260.0,0
20140402T,230.0,230.0,230.0,230.0,0
20140403T,230.0,230.0,230.0,230.0,0
20140404T,230.0,230.0,230.0,230.0,0
20140407T,130.0,130.0,130.0,130.0,0
20140409T,130.0,130.0,130.0,130.0,0
20140410T,130.0,130.0,130.0,130.0,0
20140411T,130.0,130.0,130.0,130.0,0
20140415T,180.0,180.0,180.0,180.0,0
20140416T,696.0,696.0,696.0,696.0,0
20140417T,130.0,130.0,130.0,130.0,0
20140421T,130.0,130.0,130.0,130.0,0
20140422T,130.0,130.0,130.0,130.0,0
20140423T,130.0,130.0,130.0,130.0,0
20140425T,130.0,130.0,130.0,130.0,0
20140428T,330.0,330.0,330.0,330.0,0
20140429T,237.0,237.0,237.0,237.0,0
20140430T,237.0,237.0,237.0,237.0,0
20140502T,245.0,245.0,245.0,245.0,0
20140505T,100.0,100.0,100.0,100.0,0
20140506T,100.0,100.0,100.0,100.0,0
20140507T,100.0,100.0,100.0,100.0,0
20140508T,100.0,100.0,100.0,100.0,0
20140509T,1200.0,1200.0,1200.0,1200.0,0
20140512T,2600.0,2600.0,2600.0,2600.0,0
20140513T,4600.0,4600.0,4600.0,4600.0,0
20140514T,4600.0,4600.0,4600.0,4600.0,0
20140515T,4600.0,4600.0,4600.0,4600.0,0
20140516T,3400.0,3400.0,3400.0,3400.0,0
20140519T,1411.0,1411.0,1411.0,1411.0,0
20140520T,1419.0,1419.0,1419.0,1419.0,0
20140521T,2071.0,2071.0,2071.0,2071.0,0
20140522T,2071.0,2071.0,2071.0,2071.0,0
20140523T,2075.0,2075.0,2075.0,2075.0,0
20140526T,2075.0,2075.0,2075.0,2075.0,0
20140527T,2075.0,2075.0,2075.0,2075.0,0
20140528T,675.0,675.0,675.0,675.0,0
20140529T,675.0,675.0,675.0,675.0,0
20140530T,675.0,675.0,675.0,675.0,0
20140602T,675.0,675.0,675.0,675.0,0
20140603T,680.0,680.0,680.0,680.0,0
20140604T,680.0,680.0,680.0,680.0,0
20140605T,680.0,680.0,680.0,680.0,0
20140606T,680.0,680.0,680.0,680.0,0
20140609T,680.0,680.0,680.0,680.0,0
20140610T,684.0,684.0,684.0,684.0,0
20140611T,684.0,684.0,684.0,684.0,0
20140612T,744.0,744.0,744.0,744.0,0
20140613T,850.0,850.0,850.0,850.0,0
20140616T,845.0,845.0,845.0,845.0,0
20140617T,739.0,739.0,739.0,739.0,0
20140618T,932.0,932.0,932.0,932.0,0
20140619T,932.0,932.0,932.0,932.0,0
20140620T,932.0,932.0,932.0,932.0,0
20140623T,821.0,821.0,821.0,821.0,0
20140624T,821.0,821.0,821.0,821.0,0
20140625T,821.0,821.0,821.0,821.0,0
20140626T,356.0,356.0,356.0,356.0,0
20140627T,356.0,356.0,356.0,356.0,0
20140630T,142.0,142.0,142.0,142.0,0
20140701T,142.0,142.0,142.0,142.0,0
20140702T,142.0,142.0,142.0,142.0,0
20140703T,142.0,142.0,142.0,142.0,0
20140704T,142.0,142.0,142.0,142.0,0
20140707T,142.0,142.0,142.0,142.0,0
20140708T,1048.0,1048.0,1048.0,1048.0,0
20140709T,314.0,314.0,314.0,314.0,0
20140710T,1383.0,1383.0,1383.0,1383.0,0
20140711T,1494.0,1494.0,1494.0,1494.0,0
20140714T,1494.0,1494.0,1494.0,1494.0,0
20140715T,1322.0,1322.0,1322.0,1322.0,0
20140716T,1320.0,1320.0,1320.0,1320.0,0
20140718T,1510.0,1510.0,1510.0,1510.0,0
20140721T,1510.0,1510.0,1510.0,1510.0,0
20140722T,1504.0,1504.0,1504.0,1504.0,0
20140723T,1501.0,1501.0,1501.0,1501.0,0
20140724T,2701.0,2701.0,2701.0,2701.0,0
20140725T,2704.0,2704.0,2704.0,2704.0,0
20140728T,2807.0,2807.0,2807.0,2807.0,0
20140730T,2704.0,2704.0,2704.0,2704.0,0
20140731T,4807.0,4807.0,4807.0,4807.0,0
20140801T,3215.0,3215.0,3215.0,3215.0,0
20140804T,1890.0,1890.0,1890.0,1890.0,0
20140805T,2518.0,2518.0,2518.0,2518.0,0
20140806T,3576.0,3576.0,3576.0,3576.0,0
20140807T,3646.0,3646.0,3646.0,3646.0,0
20140808T,1710.0,1710.0,1710.0,1710.0,0
20140811T,1650.0,1650.0,1650.0,1650.0,0
20140812T,1330.0,1330.0,1330.0,1330.0,0
20140813T,2973.0,2973.0,2973.0,2973.0,0
20140814T,2862.0,2862.0,2862.0,2862.0,0
20140818T,4062.0,4062.0,4062.0,4062.0,0
20140819T,6062.0,6062.0,6062.0,6062.0,0
20140820T,5462.0,5462.0,5462.0,5462.0,0
20140821T,5462.0,5462.0,5462.0,5462.0,0
20140822T,5462.0,5462.0,5462.0,5462.0,0
20140825T,5462.0,5462.0,5462.0,5462.0,0
20140826T,5462.0,5462.0,5462.0,5462.0,0
20140827T,5462.0,5462.0,5462.0,5462.0,0
20140828T,6446.0,6446.0,6446.0,6446.0,0
20140901T,7446.0,7446.0,7446.0,7446.0,0
20140902T,8839.0,8839.0,8839.0,8839.0,0
20140903T,10232.0,10232.0,10232.0,10232.0,0
20140904T,10232.0,10232.0,10232.0,10232.0,0
20140905T,10232.0,10232.0,10232.0,10232.0,0
20140908T,10232.0,10232.0,10232.0,10232.0,0
20140909T,10232.0,10232.0,10232.0,10232.0,0
20140910T,10232.0,10232.0,10232.0,10232.0,0
20140911T,9332.0,9332.0,9332.0,9332.0,0
20140912T,9232.0,9232.0,9232.0,9232.0,0
20140915T,8896.0,8896.0,8896.0,8896.0,0
20140916T,8015.0,8015.0,8015.0,8015.0,0
20140917T,6515.0,6515.0,6515.0,6515.0,0
20140918T,6236.0,6236.0,6236.0,6236.0,0
20140919T,8236.0,8236.0,8236.0,8236.0,0
20140922T,8236.0,8236.0,8236.0,8236.0,0
20140923T,8555.0,8555.0,8555.0,8555.0,0
20140924T,7685.0,7685.0,7685.0,7685.0,0
20140925T,7340.0,7340.0,7340.0,7340.0,0
20140926T,7394.0,7394.0,7394.0,7394.0,0
20140929T,7364.0,7364.0,7364.0,7364.0,0
20140930T,7363.0,7363.0,7363.0,7363.0,0
20141001T,7531.0,7531.0,7531.0,7531.0,0
20141007T,7540.0,7540.0,7540.0,7540.0,0
20141008T,6408.0,6408.0,6408.0,6408.0,0
20141009T,6190.0,6190.0,6190.0,6190.0,0
20141010T,6470.0,6470.0,6470.0,6470.0,0
20141013T,4710.0,4710.0,4710.0,4710.0,0
20141014T,4884.0,4884.0,4884.0,4884.0,0
20141016T,3884.0,3884.0,3884.0,3884.0,0
20141017T,1233.0,1233.0,1233.0,1233.0,0
20141020T,1780.0,1780.0,1780.0,1780.0,0
20141021T,3336.0,3336.0,3336.0,3336.0,0
20141022T,3324.0,3324.0,3324.0,3324.0,0
20141023T,3324.0,3324.0,3324.0,3324.0,0
20141027T,5364.0,5364.0,5364.0,5364.0,0
20141028T,5364.0,5364.0,5364.0,5364.0,0
20141029T,6924.0,6924.0,6924.0,6924.0,0
20141030T,8564.0,8564.0,8564.0,8564.0,0
20141031T,25564.0,25564.0,25564.0,25564.0,0
20141103T,31564.0,31564.0,31564.0,31564.0,0
20141105T,31564.0,31564.0,31564.0,31564.0,0
20141107T,31564.0,31564.0,31564.0,31564.0,0
20141110T,31564.0,31564.0,31564.0,31564.0,0
20141111T,31564.0,31564.0,31564.0,31564.0,0
20141112T,31564.0,31564.0,31564.0,31564.0,0
20141113T,31564.0,31564.0,31564.0,31564.0,0
20141114T,33714.0,33714.0,33714.0,33714.0,0
20141117T,33714.0,33714.0,33714.0,33714.0,0
20141118T,36714.0,36714.0,36714.0,36714.0,0
20141119T,37692.0,37692.0,37692.0,37692.0,0
20141120T,34496.0,34496.0,34496.0,34496.0,0
20141121T,35523.0,35523.0,35523.0,35523.0,0
20141124T,39615.0,39615.0,39615.0,39615.0,0
20141125T,38660.0,38660.0,38660.0,38660.0,0
20141126T,38451.0,38451.0,38451.0,38451.0,0
20141127T,37770.0,37770.0,37770.0,37770.0,0
20141128T,40840.0,40840.0,40840.0,40840.0,0
20141201T,42467.0,42467.0,42467.0,42467.0,0
20141202T,40067.0,40067.0,40067.0,40067.0,0
20141203T,38067.0,38067.0,38067.0,38067.0,0
20141204T,38107.0,38107.0,38107.0,38107.0,0
20141205T,38107.0,38107.0,38107.0,38107.0,0
20141208T,39248.0,39248.0,39248.0,39248.0,0
20141209T,31022.0,31022.0,31022.0,31022.0,0
20141210T,29640.0,29640.0,29640.0,29640.0,0
20141211T,28586.0,28586.0,28586.0,28586.0,0
20141212T,24508.0,24508.0,24508.0,24508.0,0
20141215T,20149.0,20149.0,20149.0,20149.0,0
20141216T,18303.0,18303.0,18303.0,18303.0,0
20141217T,18366.0,18366.0,18366.0,18366.0,0
20141218T,22679.0,22679.0,22679.0,22679.0,0
20141219T,29624.0,29624.0,29624.0,29624.0,0
20141222T,31683.0,31683.0,31683.0,31683.0,0
20141223T,33027.0,33027.0,33027.0,33027.0,0
20141224T,26917.0,26917.0,26917.0,26917.0,0
20141226T,24917.0,24917.0,24917.0,24917.0,0
20141229T,24706.0,24706.0,24706.0,24706.0,0
20141230T,27106.0,27106.0,27106.0,27106.0,0
20141231T,27220.0,27220.0,27220.0,27220.0,0
20150101T,27220.0,27220.0,27220.0,27220.0,0
20150102T,28580.0,28580.0,28580.0,28580.0,0
20150105T,35426.0,35426.0,35426.0,35426.0,0
20150106T,29006.0,29006.0,29006.0,29006.0,0
20150107T,22078.0,22078.0,22078.0,22078.0,0
20150108T,21862.0,21862.0,21862.0,21862.0,0
20150109T,21247.0,21247.0,21247.0,21247.0,0
20150112T,21007.0,21007.0,21007.0,21007.0,0
20150113T,22025.0,22025.0,22025.0,22025.0,0
20150114T,22271.0,22271.0,22271.0,22271.0,0
20150115T,29201.0,29201.0,29201.0,29201.0,0
20150116T,35721.0,35721.0,35721.0,35721.0,0
20150119T,37161.0,37161.0,37161.0,37161.0,0
20150120T,44761.0,44761.0,44761.0,44761.0,0
20150121T,47161.0,47161.0,47161.0,47161.0,0
20150122T,47161.0,47161.0,47161.0,47161.0,0
20150123T,51161.0,51161.0,51161.0,51161.0,0
20150127T,57361.0,57361.0,57361.0,57361.0,0
20150128T,59761.0,59761.0,59761.0,59761.0,0
20150129T,54784.0,54784.0,54784.0,54784.0,0
20150130T,58784.0,58784.0,58784.0,58784.0,0
20150202T,56064.0,56064.0,56064.0,56064.0,0
20150203T,51024.0,51024.0,51024.0,51024.0,0
20150204T,51024.0,51024.0,51024.0,51024.0,0
20150205T,50784.0,50784.0,50784.0,50784.0,0
20150206T,48944.0,48944.0,48944.0,48944.0,0
20150209T,41384.0,41384.0,41384.0,41384.0,0
20150210T,39384.0,39384.0,39384.0,39384.0,0
20150211T,39020.0,39020.0,39020.0,39020.0,0
20150212T,42000.0,42000.0,42000.0,42000.0,0
20150213T,56560.0,56560.0,56560.0,56560.0,0
20150216T,58560.0,58560.0,58560.0,58560.0,0
20150218T,58616.0,58616.0,58616.0,58616.0,0
20150219T,61016.0,61016.0,61016.0,61016.0,0
20150220T,57816.0,57816.0,57816.0,57816.0,0
20150223T,57222.0,57222.0,57222.0,57222.0,0
20150224T,51672.0,51672.0,51672.0,51672.0,0
20150225T,51439.0,51439.0,51439.0,51439.0,0
20150226T,50161.0,50161.0,50161.0,50161.0,0
20150227T,59077.0,59077.0,59077.0,59077.0,0
20150302T,68715.0,68715.0,68715.0,68715.0,0
20150303T,73620.0,73620.0,73620.0,73620.0,0
20150304T,73620.0,73620.0,73620.0,73620.0,0
20150305T,73860.0,73860.0,73860.0,73860.0,0
20150309T,63960.0,63960.0,63960.0,63960.0,0
20150310T,56550.0,56550.0,56550.0,56550.0,0
20150311T,53790.0,53790.0,53790.0,53790.0,0
20150312T,53414.0,53414.0,53414.0,53414.0,0
20150313T,51125.0,51125.0,51125.0,51125.0,0
20150316T,48800.0,48800.0,48800.0,48800.0,0
20150317T,48565.0,48565.0,48565.0,48565.0,0
20150318T,48405.0,48405.0,48405.0,48405.0,0
20150319T,48722.0,48722.0,48722.0,48722.0,0
20150320T,46722.0,46722.0,46722.0,46722.0,0
20150323T,42837.0,42837.0,42837.0,42837.0,0
20150324T,42720.0,42720.0,42720.0,42720.0,0
20150325T,42727.0,42727.0,42727.0,42727.0,0
20150326T,38336.0,38336.0,38336.0,38336.0,0
20150327T,34336.0,34336.0,34336.0,34336.0,0
20150330T,33836.0,33836.0,33836.0,33836.0,0
20150331T,41901.0,41901.0,41901.0,41901.0,0
20150401T,42140.0,42140.0,42140.0,42140.0,0
20150406T,49901.0,49901.0,49901.0,49901.0,0
20150407T,55373.0,55373.0,55373.0,55373.0,0
20150408T,54755.0,54755.0,54755.0,54755.0,0
20150409T,57781.0,57781.0,57781.0,57781.0,0
20150410T,61781.0,61781.0,61781.0,61781.0,0
20150413T,61781.0,61781.0,61781.0,61781.0,0
20150415T,61781.0,61781.0,61781.0,61781.0,0
20150416T,57020.0,57020.0,57020.0,57020.0,0
20150417T,57580.0,57580.0,57580.0,57580.0,0
20150420T,48010.0,48010.0,48010.0,48010.0,0
20150421T,41791.0,41791.0,41791.0,41791.0,0
20150422T,39523.0,39523.0,39523.0,39523.0,0
20150423T,39616.0,39616.0,39616.0,39616.0,0
20150424T,33661.0,33661.0,33661.0,33661.0,0
20150427T,30322.0,30322.0,30322.0,30322.0,0
20150428T,27352.0,27352.0,27352.0,27352.0,0
20150429T,27352.0,27352.0,27352.0,27352.0,0
20150430T,24551.0,24551.0,24551.0,24551.0,0
20150504T,27306.0,27306.0,27306.0,27306.0,0
20150505T,35306.0,35306.0,35306.0,35306.0,0
20150506T,35879.0,35879.0,35879.0,35879.0,0
20150507T,25479.0,25479.0,25479.0,25479.0,0
20150508T,37581.0,37581.0,37581.0,37581.0,0
20150511T,46611.0,46611.0,46611.0,46611.0,0
20150512T,39959.0,39959.0,39959.0,39959.0,0
20150513T,44761.0,44761.0,44761.0,44761.0,0
20150514T,44761.0,44761.0,44761.0,44761.0,0
20150515T,44761.0,44761.0,44761.0,44761.0,0
20150518T,44761.0,44761.0,44761.0,44761.0,0
20150519T,52569.0,52569.0,52569.0,52569.0,0
20150520T,52569.0,52569.0,52569.0,52569.0,0
20150521T,52569.0,52569.0,52569.0,52569.0,0
20150522T,52569.0,52569.0,52569.0,52569.0,0
20150525T,52569.0,52569.0,52569.0,52569.0,0
20150526T,53058.0,53058.0,53058.0,53058.0,0
20150527T,53058.0,53058.0,53058.0,53058.0,0
20150528T,42823.0,42823.0,42823.0,42823.0,0
20150529T,42743.0,42743.0,42743.0,42743.0,0
20150601T,50743.0,50743.0,50743.0,50743.0,0
20150602T,50777.0,50777.0,50777.0,50777.0,0
20150603T,47117.0,47117.0,47117.0,47117.0,0
20150604T,47117.0,47117.0,47117.0,47117.0,0
20150605T,46866.0,46866.0,46866.0,46866.0,0
20150608T,46954.0,46954.0,46954.0,46954.0,0
20150609T,43013.0,43013.0,43013.0,43013.0,0
20150610T,43013.0,43013.0,43013.0,43013.0,0
20150611T,42464.0,42464.0,42464.0,42464.0,0
20150612T,32502.0,32502.0,32502.0,32502.0,0
20150615T,36302.0,36302.0,36302.0,36302.0,0
20150616T,39102.0,39102.0,39102.0,39102.0,0
20150617T,39622.0,39622.0,39622.0,39622.0,0
20150618T,50802.0,50802.0,50802.0,50802.0,0
20150619T,50792.0,50792.0,50792.0,50792.0,0
20150622T,60754.0,60754.0,60754.0,60754.0,0
20150623T,71754.0,71754.0,71754.0,71754.0,0
20150624T,78129.0,78129.0,78129.0,78129.0,0
20150625T,66514.0,66514.0,66514.0,66514.0,0
20150626T,66514.0,66514.0,66514.0,66514.0,0
20150629T,48770.0,48770.0,48770.0,48770.0,0
20150630T,44514.0,44514.0,44514.0,44514.0,0
20150701T,48227.0,48227.0,48227.0,48227.0,0
20150702T,48347.0,48347.0,48347.0,48347.0,0
20150703T,48227.0,48227.0,48227.0,48227.0,0
20150706T,56627.0,56627.0,56627.0,56627.0,0
20150707T,60627.0,60627.0,60627.0,60627.0,0
20150708T,58832.0,58832.0,58832.0,58832.0,0
20150709T,55832.0,55832.0,55832.0,55832.0,0
20150710T,60382.0,60382.0,60382.0,60382.0,0
20150713T,55777.0,55777.0,55777.0,55777.0,0
20150714T,57777.0,57777.0,57777.0,57777.0,0
20150715T,57777.0,57777.0,57777.0,57777.0,0
20150716T,65633.0,65633.0,65633.0,65633.0,0
20150717T,65633.0,65633.0,65633.0,65633.0,0
20150720T,65633.0,65633.0,65633.0,65633.0,0
20150721T,65683.0,65683.0,65683.0,65683.0,0
20150722T,65683.0,65683.0,65683.0,65683.0,0
20150723T,65683.0,65683.0,65683.0,65683.0,0
20150724T,66013.0,66013.0,66013.0,66013.0,0
20150727T,59018.0,59018.0,59018.0,59018.0,0
20150728T,49168.0,49168.0,49168.0,49168.0,0
20150729T,49318.0,49318.0,49318.0,49318.0,0
20150730T,45700.0,45700.0,45700.0,45700.0,0
20150731T,55460.0,55460.0,55460.0,55460.0,0
20150803T,62215.0,62215.0,62215.0,62215.0,0
20150804T,63028.0,63028.0,63028.0,63028.0,0
20150805T,63742.0,63742.0,63742.0,63742.0,0
20150806T,63302.0,63302.0,63302.0,63302.0,0
20150807T,62190.0,62190.0,62190.0,62190.0,0
20150810T,62478.0,62478.0,62478.0,62478.0,0
20150811T,56678.0,56678.0,56678.0,56678.0,0
20150812T,56796.0,56796.0,56796.0,56796.0,0
20150813T,44796.0,44796.0,44796.0,44796.0,0
20150814T,48331.0,48331.0,48331.0,48331.0,0
20150817T,46416.0,46416.0,46416.0,46416.0,0
20150818T,46416.0,46416.0,46416.0,46416.0,0
20150819T,46126.0,46126.0,46126.0,46126.0,0
20150820T,37741.0,37741.0,37741.0,37741.0,0
20150821T,28662.0,28662.0,28662.0,28662.0,0
20150824T,13845.0,13845.0,13845.0,13845.0,0
20150825T,9845.0,9845.0,9845.0,9845.0,0
20150826T,8276.0,8276.0,8276.0,8276.0,0
20150827T,6876.0,6876.0,6876.0,6876.0,0
20150828T,6936.0,6936.0,6936.0,6936.0,0
20150831T,6936.0,6936.0,6936.0,6936.0,0
20150901T,8936.0,8936.0,8936.0,8936.0,0
20150902T,10503.0,10503.0,10503.0,10503.0,0
20150903T,10503.0,10503.0,10503.0,10503.0,0
20150904T,10624.0,10624.0,10624.0,10624.0,0
20150907T,10624.0,10624.0,10624.0,10624.0,0
20150908T,10624.0,10624.0,10624.0,10624.0,0
20150909T,10624.0,10624.0,10624.0,10624.0,0
20150910T,11424.0,11424.0,11424.0,11424.0,0
20150911T,15892.0,15892.0,15892.0,15892.0,0
20150914T,16660.0,16660.0,16660.0,16660.0,0
20150915T,15596.0,15596.0,15596.0,15596.0,0
20150916T,14259.0,14259.0,14259.0,14259.0,0
20150918T,15859.0,15859.0,15859.0,15859.0,0
20150921T,15809.0,15809.0,15809.0,15809.0,0
20150922T,15966.0,15966.0,15966.0,15966.0,0
20150923T,14874.0,14874.0,14874.0,14874.0,0
20150924T,12960.0,12960.0,12960.0,12960.0,0
20150928T,14677.0,14677.0,14677.0,14677.0,0
20150929T,12100.0,12100.0,12100.0,12100.0,0
20150930T,11798.0,11798.0,11798.0,11798.0,0
20151001T,11677.0,11677.0,11677.0,11677.0,0
20151005T,12157.0,12157.0,12157.0,12157.0,0
20151006T,11277.0,11277.0,11277.0,11277.0,0
20151007T,11277.0,11277.0,11277.0,11277.0,0
20151008T,11277.0,11277.0,11277.0,11277.0,0
20151009T,11277.0,11277.0,11277.0,11277.0,0
20151012T,11277.0,11277.0,11277.0,11277.0,0
20151013T,13277.0,13277.0,13277.0,13277.0,0
20151014T,13277.0,13277.0,13277.0,13277.0,0
20151015T,13277.0,13277.0,13277.0,13277.0,0
20151016T,11877.0,11877.0,11877.0,11877.0,0
20151019T,13877.0,13877.0,13877.0,13877.0,0
20151020T,15357.0,15357.0,15357.0,15357.0,0
20151021T,15357.0,15357.0,15357.0,15357.0,0
20151023T,15357.0,15357.0,15357.0,15357.0,0
20151026T,14557.0,14557.0,14557.0,14557.0,0
20151027T,10557.0,10557.0,10557.0,10557.0,0
20151028T,9334.0,9334.0,9334.0,9334.0,0
20151029T,5026.0,5026.0,5026.0,5026.0,0
20151030T,5319.0,5319.0,5319.0,5319.0,0
20151102T,4723.0,4723.0,4723.0,4723.0,0
20151103T,5424.0,5424.0,5424.0,5424.0,0
20151104T,5424.0,5424.0,5424.0,5424.0,0
20151105T,4891.0,4891.0,4891.0,4891.0,0
20151106T,4731.0,4731.0,4731.0,4731.0,0
20151109T,5006.0,5006.0,5006.0,5006.0,0
20151110T,5124.0,5124.0,5124.0,5124.0,0
20151111T,5124.0,5124.0,5124.0,5124.0,0
20151113T,5124.0,5124.0,5124.0,5124.0,0
20151116T,5124.0,5124.0,5124.0,5124.0,0
20151117T,5124.0,5124.0,5124.0,5124.0,0
20151118T,5124.0,5124.0,5124.0,5124.0,0
20151119T,5150.0,5150.0,5150.0,5150.0,0
20151120T,5268.0,5268.0,5268.0,5268.0,0
20151123T,5268.0,5268.0,5268.0,5268.0,0
20151124T,5668.0,5668.0,5668.0,5668.0,0
20151126T,5550.0,5550.0,5550.0,5550.0,0
20151127T,5550.0,5550.0,5550.0,5550.0,0
20151130T,5456.0,5456.0,5456.0,5456.0,0
20151201T,5456.0,5456.0,5456.0,5456.0,0
20151202T,4640.0,4640.0,4640.0,4640.0,0
20151203T,5299.0,5299.0,5299.0,5299.0,0
20151204T,5515.0,5515.0,5515.0,5515.0,0
20151207T,5490.0,5490.0,5490.0,5490.0,0
20151208T,5490.0,5490.0,5490.0,5490.0,0
20151209T,5490.0,5490.0,5490.0,5490.0,0
20151210T,5425.0,5425.0,5425.0,5425.0,0
20151211T,5425.0,5425.0,5425.0,5425.0,0
20151214T,5250.0,5250.0,5250.0,5250.0,0
20151215T,5017.0,5017.0,5017.0,5017.0,0
20151216T,4957.0,4957.0,4957.0,4957.0,0
20151217T,4224.0,4224.0,4224.0,4224.0,0
20151218T,4469.0,4469.0,4469.0,4469.0,0
20151221T,4224.0,4224.0,4224.0,4224.0,0
20151222T,4604.0,4604.0,4604.0,4604.0,0
20151223T,5660.0,5660.0,5660.0,5660.0,0
20151224T,4518.0,4518.0,4518.0,4518.0,0
20151228T,4518.0,4518.0,4518.0,4518.0,0
20151229T,4518.0,4518.0,4518.0,4518.0,0
20151230T,4521.0,4521.0,4521.0,4521.0,0
20151231T,4525.0,4525.0,4525.0,4525.0,0
20160101T,4528.0,4528.0,4528.0,4528.0,0
20160104T,6540.0,6540.0,6540.0,6540.0,0
20160105T,5556.0,5556.0,5556.0,5556.0,0
20160106T,5565.0,5565.0,5565.0,5565.0,0
20160107T,5570.0,5570.0,5570.0,5570.0,0
20160108T,5565.0,5565.0,5565.0,5565.0,0
20160111T,5428.0,5428.0,5428.0,5428.0,0
20160112T,5428.0,5428.0,5428.0,5428.0,0
20160113T,5253.0,5253.0,5253.0,5253.0,0
20160114T,5265.0,5265.0,5265.0,5265.0,0
20160115T,5265.0,5265.0,5265.0,5265.0,0
20160118T,4978.0,4978.0,4978.0,4978.0,0
20160119T,6275.0,6275.0,6275.0,6275.0,0
20160120T,6275.0,6275.0,6275.0,6275.0,0
20160121T,6275.0,6275.0,6275.0,6275.0,0
20160122T,5729.0,5729.0,5729.0,5729.0,0
20160125T,5411.0,5411.0,5411.0,5411.0,0
20160127T,5411.0,5411.0,5411.0,5411.0,0
20160128T,5923.0,5923.0,5923.0,5923.0,0
20160129T,4187.0,4187.0,4187.0,4187.0,0
20160201T,4406.0,4406.0,4406.0,4406.0,0
20160202T,4704.0,4704.0,4704.0,4704.0,0
20160203T,4714.0,4714.0,4714.0,4714.0,0
20160204T,4556.0,4556.0,4556.0,4556.0,0
20160205T,4551.0,4551.0,4551.0,4551.0,0
20160208T,4709.0,4709.0,4709.0,4709.0,0
20160209T,4709.0,4709.0,4709.0,4709.0,0
20160211T,4462.0,4462.0,4462.0,4462.0,0
20160212T,4349.0,4349.0,4349.0,4349.0,0
20160215T,4200.0,4200.0,4200.0,4200.0,0
20160216T,4200.0,4200.0,4200.0,4200.0,0
20160217T,4200.0,4200.0,4200.0,4200.0,0
20160218T,4280.0,4280.0,4280.0,4280.0,0
20160219T,4422.0,4422.0,4422.0,4422.0,0
20160222T,4422.0,4422.0,4422.0,4422.0,0
20160223T,5416.0,5416.0,5416.0,5416.0,0
20160224T,5416.0,5416.0,5416.0,5416.0,0
20160225T,5416.0,5416.0,5416.0,5416.0,0
20160226T,5407.0,5407.0,5407.0,5407.0,0
20160229T,5404.0,5404.0,5404.0,5404.0,0
20160301T,4976.0,4976.0,4976.0,4976.0,0
20160302T,4213.0,4213.0,4213.0,4213.0,0
20160303T,4159.0,4159.0,4159.0,4159.0,0
20160304T,3822.0,3822.0,3822.0,3822.0,0
20160308T,3824.0,3824.0,3824.0,3824.0,0
20160309T,3899.0,3899.0,3899.0,3899.0,0
20160310T,3899.0,3899.0,3899.0,3899.0,0
20160311T,3899.0,3899.0,3899.0,3899.0,0
20160314T,3899.0,3899.0,3899.0,3899.0,0
20160315T,4630.0,4630.0,4630.0,4630.0,0
20160316T,4710.0,4710.0,4710.0,4710.0,0
20160317T,4710.0,4710.0,4710.0,4710.0,0
20160318T,3899.0,3899.0,3899.0,3899.0,0
20160321T,3889.0,3889.0,3889.0,3889.0,0
20160322T,5907.0,5907.0,5907.0,5907.0,0
20160323T,9079.0,9079.0,9079.0,9079.0,0
20160328T,4156.0,4156.0,4156.0,4156.0,0
20160329T,5235.0,5235.0,5235.0,5235.0,0
20160330T,4156.0,4156.0,4156.0,4156.0,0
20160331T,4095.0,4095.0,4095.0,4095.0,0
20160401T,4597.0,4597.0,4597.0,4597.0,0
20160404T,4952.0,4952.0,4952.0,4952.0,0
20160405T,5849.0,5849.0,5849.0,5849.0,0
20160406T,5961.0,5961.0,5961.0,5961.0,0
20160407T,6049.0,6049.0,6049.0,6049.0,0
20160408T,6743.0,6743.0,6743.0,6743.0,0
20160411T,6311.0,6311.0,6311.0,6311.0,0
20160412T,6915.0,6915.0,6915.0,6915.0,0
20160413T,6683.0,6683.0,6683.0,6683.0,0
20160418T,6763.0,6763.0,6763.0,6763.0,0
20160420T,8408.0,8408.0,8408.0,8408.0,0
20160421T,8840.0,8840.0,8840.0,8840.0,0
20160422T,11481.0,11481.0,11481.0,11481.0,0
20160425T,11485.0,11485.0,11485.0,11485.0,0
20160426T,10787.0,10787.0,10787.0,10787.0,0
20160427T,12453.0,12453.0,12453.0,12453.0,0
20160428T,8778.0,8778.0,8778.0,8778.0,0
20160429T,7912.0,7912.0,7912.0,7912.0,0
20160502T,6235.0,6235.0,6235.0,6235.0,0
20160503T,6243.0,6243.0,6243.0,6243.0,0
20160504T,6711.0,6711.0,6711.0,6711.0,0
20160505T,6711.0,6711.0,6711.0,6711.0,0
20160506T,8038.0,8038.0,8038.0,8038.0,0
20160509T,6156.0,6156.0,6156.0,6156.0,0
20160510T,6146.0,6146.0,6146.0,6146.0,0
20160511T,6146.0,6146.0,6146.0,6146.0,0
20160512T,5718.0,5718.0,5718.0,5718.0,0
20160513T,6508.0,6508.0,6508.0,6508.0,0
20160516T,6186.0,6186.0,6186.0,6186.0,0
20160517T,5893.0,5893.0,5893.0,5893.0,0
20160518T,5730.0,5730.0,5730.0,5730.0,0
20160519T,7854.0,7854.0,7854.0,7854.0,0
20160520T,7468.0,7468.0,7468.0,7468.0,0
20160523T,7215.0,7215.0,7215.0,7215.0,0
20160524T,7215.0,7215.0,7215.0,7215.0,0
20160525T,5445.0,5445.0,5445.0,5445.0,0
20160526T,4279.0,4279.0,4279.0,4279.0,0
20160527T,4194.0,4194.0,4194.0,4194.0,0
20160530T,12390.0,12390.0,12390.0,12390.0,0
20160531T,12137.0,12137.0,12137.0,12137.0,0
20160601T,10724.0,10724.0,10724.0,10724.0,0
20160602T,11537.0,11537.0,11537.0,11537.0,0
20160603T,14202.0,14202.0,14202.0,14202.0,0
20160606T,14537.0,14537.0,14537.0,14537.0,0
20160607T,14804.0,14804.0,14804.0,14804.0,0
20160608T,14644.0,14644.0,14644.0,14644.0,0
20160609T,14644.0,14644.0,14644.0,14644.0,0
20160610T,15133.0,15133.0,15133.0,15133.0,0
20160613T,11324.0,11324.0,11324.0,11324.0,0
20160614T,11474.0,11474.0,11474.0,11474.0,0
20160615T,9743.0,9743.0,9743.0,9743.0,0
20160616T,9055.0,9055.0,9055.0,9055.0,0
20160617T,9493.0,9493.0,9493.0,9493.0,0
20160620T,8487.0,8487.0,8487.0,8487.0,0
20160621T,11201.0,11201.0,11201.0,11201.0,0
20160622T,12047.0,12047.0,12047.0,12047.0,0
20160623T,11841.0,11841.0,11841.0,11841.0,0
20160624T,9934.0,9934.0,9934.0,9934.0,0
20160627T,7185.0,7185.0,7185.0,7185.0,0
20160628T,7288.0,7288.0,7288.0,7288.0,0
20160629T,7196.0,7196.0,7196.0,7196.0,0
20160630T,6156.0,6156.0,6156.0,6156.0,0
20160701T,12083.0,12083.0,12083.0,12083.0,0
20160704T,12089.0,12089.0,12089.0,12089.0,0
20160705T,15281.0,15281.0,15281.0,15281.0,0
20160707T,15281.0,15281.0,15281.0,15281.0,0
20160708T,15281.0,15281.0,15281.0,15281.0,0
20160711T,15281.0,15281.0,15281.0,15281.0,0
20160712T,20612.0,20612.0,20612.0,20612.0,0
20160713T,22616.0,22616.0,22616.0,22616.0,0
20160714T,22616.0,22616.0,22616.0,22616.0,0
20160715T,22616.0,22616.0,22616.0,22616.0,0
20160718T,22774.0,22774.0,22774.0,22774.0,0
20160719T,23064.0,23064.0,23064.0,23064.0,0
20160720T,23040.0,23040.0,23040.0,23040.0,0
20160721T,24272.0,24272.0,24272.0,24272.0,0
20160722T,23688.0,23688.0,23688.0,23688.0,0
20160725T,23703.0,23703.0,23703.0,23703.0,0
20160726T,23703.0,23703.0,23703.0,23703.0,0
20160727T,24103.0,24103.0,24103.0,24103.0,0
20160728T,25006.0,25006.0,25006.0,25006.0,0
20160729T,24606.0,24606.0,24606.0,24606.0,0
20160801T,24413.0,24413.0,24413.0,24413.0,0
20160802T,25032.0,25032.0,25032.0,25032.0,0
20160803T,27792.0,27792.0,27792.0,27792.0,0
20160804T,23128.0,23128.0,23128.0,23128.0,0
20160805T,25656.0,25656.0,25656.0,25656.0,0
20160808T,29182.0,29182.0,29182.0,29182.0,0
20160809T,29453.0,29453.0,29453.0,29453.0,0
20160810T,29744.0,29744.0,29744.0,29744.0,0
20160811T,27080.0,27080.0,27080.0,27080.0,0
20160812T,26974.0,26974.0,26974.0,26974.0,0
20160816T,30477.0,30477.0,30477.0,30477.0,0
20160817T,30477.0,30477.0,30477.0,30477.0,0
20160818T,30442.0,30442.0,30442.0,30442.0,0
20160819T,30135.0,30135.0,30135.0,30135.0,0
20160822T,30135.0,30135.0,30135.0,30135.0,0
20160823T,29868.0,29868.0,29868.0,29868.0,0
20160824T,29849.0,29849.0,29849.0,29849.0,0
20160825T,22723.0,22723.0,22723.0,22723.0,0
20160826T,24747.0,24747.0,24747.0,24747.0,0
20160829T,20417.0,20417.0,20417.0,20417.0,0
20160830T,20417.0,20417.0,20417.0,20417.0,0
20160831T,26717.0,26717.0,26717.0,26717.0,0
20160901T,29110.0,29110.0,29110.0,29110.0,0
20160902T,29110.0,29110.0,29110.0,29110.0,0
20160906T,33106.0,33106.0,33106.0,33106.0,0
20160907T,33106.0,33106.0,33106.0,33106.0,0
20160908T,33106.0,33106.0,33106.0,33106.0,0
20160909T,33106.0,33106.0,33106.0,33106.0,0
20160912T,33527.0,33527.0,33527.0,33527.0,0
20160914T,29380.0,29380.0,29380.0,29380.0,0
20160915T,20050.0,20050.0,20050.0,20050.0,0
20160916T,19755.0,19755.0,19755.0,19755.0,0
20160919T,19768.0,19768.0,19768.0,19768.0,0
20160920T,19768.0,19768.0,19768.0,19768.0,0
20160921T,19776.0,19776.0,19776.0,19776.0,0
20160922T,20095.0,20095.0,20095.0,20095.0,0
20160923T,22107.0,22107.0,22107.0,22107.0,0
20160926T,23777.0,23777.0,23777.0,23777.0,0
20160927T,22111.0,22111.0,22111.0,22111.0,0
20160928T,22111.0,22111.0,22111.0,22111.0,0
20160929T,22275.0,22275.0,22275.0,22275.0,0
20160930T,22439.0,22439.0,22439.0,22439.0,0
20161003T,23478.0,23478.0,23478.0,23478.0,0
20161004T,26132.0,26132.0,26132.0,26132.0,0
20161005T,26132.0,26132.0,26132.0,26132.0,0
20161006T,26352.0,26352.0,26352.0,26352.0,0
20161007T,26352.0,26352.0,26352.0,26352.0,0
20161010T,26352.0,26352.0,26352.0,26352.0,0
20161013T,25934.0,25934.0,25934.0,25934.0,0
20161014T,24481.0,24481.0,24481.0,24481.0,0
20161017T,24294.0,24294.0,24294.0,24294.0,0
20161018T,24234.0,24234.0,24234.0,24234.0,0
20161019T,27948.0,27948.0,27948.0,27948.0,0
20161020T,27948.0,27948.0,27948.0,27948.0,0
20161021T,27959.0,27959.0,27959.0,27959.0,0
20161024T,27778.0,27778.0,27778.0,27778.0,0
20161025T,27789.0,27789.0,27789.0,27789.0,0
20161026T,27820.0,27820.0,27820.0,27820.0,0
20161027T,23294.0,23294.0,23294.0,23294.0,0
20161028T,23333.0,23333.0,23333.0,23333.0,0
20161101T,23078.0,23078.0,23078.0,23078.0,0
20161102T,21979.0,21979.0,21979.0,21979.0,0
20161103T,19357.0,19357.0,19357.0,19357.0,0
20161104T,15353.0,15353.0,15353.0,15353.0,0
20161107T,14231.0,14231.0,14231.0,14231.0,0
20161108T,10396.0,10396.0,10396.0,10396.0,0
20161109T,10676.0,10676.0,10676.0,10676.0,0
20161110T,14733.0,14733.0,14733.0,14733.0,0
20161111T,14333.0,14333.0,14333.0,14333.0,0
20161115T,5344.0,5344.0,5344.0,5344.0,0
20161116T,8424.0,8424.0,8424.0,8424.0,0
20161117T,8424.0,8424.0,8424.0,8424.0,0
20161118T,8845.0,8845.0,8845.0,8845.0,0
20161121T,8348.0,8348.0,8348.0,8348.0,0
20161122T,8388.0,8388.0,8388.0,8388.0,0
20161123T,8388.0,8388.0,8388.0,8388.0,0
20161124T,9888.0,9888.0,9888.0,9888.0,0
20161125T,9622.0,9622.0,9622.0,9622.0,0
20161128T,10036.0,10036.0,10036.0,10036.0,0
20161129T,10741.0,10741.0,10741.0,10741.0,0
20161130T,14638.0,14638.0,14638.0,14638.0,0
20161201T,17151.0,17151.0,17151.0,17151.0,0
20161202T,15450.0,15450.0,15450.0,15450.0,0
20161205T,15036.0,15036.0,15036.0,15036.0,0
20161206T,15036.0,15036.0,15036.0,15036.0,0
20161207T,15025.0,15025.0,15025.0,15025.0,0
20161208T,15127.0,15127.0,15127.0,15127.0,0
20161209T,19814.0,19814.0,19814.0,19814.0,0
20161212T,11278.0,11278.0,11278.0,11278.0,0
20161213T,15816.0,15816.0,15816.0,15816.0,0
20161214T,15941.0,15941.0,15941.0,15941.0,0
20161215T,17553.0,17553.0,17553.0,17553.0,0
20161216T,21776.0,21776.0,21776.0,21776.0,0
20161219T,26854.0,26854.0,26854.0,26854.0,0
20161220T,31856.0,31856.0,31856.0,31856.0,0
20161221T,32606.0,32606.0,32606.0,32606.0,0
20161222T,34371.0,34371.0,34371.0,34371.0,0
20161223T,30782.0,30782.0,30782.0,30782.0,0
20161226T,30811.0,30811.0,30811.0,30811.0,0
20161227T,29122.0,29122.0,29122.0,29122.0,0
20161228T,30029.0,30029.0,30029.0,30029.0,0
20161229T,32580.0,32580.0,32580.0,32580.0,0
20161230T,33698.0,33698.0,33698.0,33698.0,0
20170102T,36411.0,36411.0,36411.0,36411.0,0
20170103T,36806.0,36806.0,36806.0,36806.0,0
20170104T,36870.0,36870.0,36870.0,36870.0,0
20170105T,36879.0,36879.0,36879.0,36879.0,0
20170106T,36873.0,36873.0,36873.0,36873.0,0
20170109T,39587.0,39587.0,39587.0,39587.0,0
20170110T,42255.0,42255.0,42255.0,42255.0,0
20170111T,42588.0,42588.0,42588.0,42588.0,0
20170112T,43680.0,43680.0,43680.0,43680.0,0
20170113T,44152.0,44152.0,44152.0,44152.0,0
20170116T,43607.0,43607.0,43607.0,43607.0,0
20170117T,43812.0,43812.0,43812.0,43812.0,0
20170118T,43924.0,43924.0,43924.0,43924.0,0
20170119T,44108.0,44108.0,44108.0,44108.0,0
20170120T,44108.0,44108.0,44108.0,44108.0,0
20170123T,44133.0,44133.0,44133.0,44133.0,0
20170124T,41806.0,41806.0,41806.0,41806.0,0
20170125T,41684.0,41684.0,41684.0,41684.0,0
20170127T,45099.0,45099.0,45099.0,45099.0,0
20170130T,45127.0,45127.0,45127.0,45127.0,0
20170131T,45619.0,45619.0,45619.0,45619.0,0
20170201T,44568.0,44568.0,44568.0,44568.0,0
20170202T,44093.0,44093.0,44093.0,44093.0,0
20170203T,44136.0,44136.0,44136.0,44136.0,0
20170206T,44000.0,44000.0,44000.0,44000.0,0
20170207T,44261.0,44261.0,44261.0,44261.0,0
20170208T,44358.0,44358.0,44358.0,44358.0,0
20170209T,44474.0,44474.0,44474.0,44474.0,0
20170210T,44486.0,44486.0,44486.0,44486.0,0
20170213T,44486.0,44486.0,44486.0,44486.0,0
20170214T,45839.0,45839.0,45839.0,45839.0,0
20170215T,44587.0,44587.0,44587.0,44587.0,0
20170216T,44699.0,44699.0,44699.0,44699.0,0
20170217T,44711.0,44711.0,44711.0,44711.0,0
20170220T,42032.0,42032.0,42032.0,42032.0,0
20170221T,42032.0,42032.0,42032.0,42032.0,0
20170222T,42042.0,42042.0,42042.0,42042.0,0
20170223T,35897.0,35897.0,35897.0,35897.0,0
20170227T,34774.0,34774.0,34774.0,34774.0,0
20170228T,31475.0,31475.0,31475.0,31475.0,0
20170301T,30882.0,30882.0,30882.0,30882.0,0
20170302T,30882.0,30882.0,30882.0,30882.0,0
20170303T,30897.0,30897.0,30897.0,30897.0,0
20170306T,30873.0,30873.0,30873.0,30873.0,0
20170307T,30873.0,30873.0,30873.0,30873.0,0
20170308T,30873.0,30873.0,30873.0,30873.0,0
20170309T,31066.0,31066.0,31066.0,31066.0,0
20170310T,29372.0,29372.0,29372.0,29372.0,0
20170314T,29280.0,29280.0,29280.0,29280.0,0
20170315T,29346.0,29346.0,29346.0,29346.0,0
20170316T,29293.0,29293.0,29293.0,29293.0,0
20170317T,28108.0,28108.0,28108.0,28108.0,0
20170320T,28398.0,28398.0,28398.0,28398.0,0
20170321T,29602.0,29602.0,29602.0,29602.0,0
20170322T,30836.0,30836.0,30836.0,30836.0,0
20170323T,30816.0,30816.0,30816.0,30816.0,0
20170324T,30792.0,30792.0,30792.0,30792.0,0
20170327T,30946.0,30946.0,30946.0,30946.0,0
20170328T,27613.0,27613.0,27613.0,27613.0,0
20170329T,27770.0,27770.0,27770.0,27770.0,0
20170330T,27632.0,27632.0,27632.0,27632.0,0
20170331T,27669.0,27669.0,27669.0,27669.0,0
20170403T,27749.0,27749.0,27749.0,27749.0,0
20170405T,31746.0,31746.0,31746.0,31746.0,0
20170406T,31746.0,31746.0,31746.0,31746.0,0
20170407T,31749.0,31749.0,31749.0,31749.0,0
20170410T,29936.0,29936.0,29936.0,29936.0,0
20170411T,32643.0,32643.0,32643.0,32643.0,0
20170412T,32643.0,32643.0,32643.0,32643.0,0
20170413T,31909.0,31909.0,31909.0,31909.0,0
20170417T,29279.0,29279.0,29279.0,29279.0,0
20170418T,22770.0,22770.0,22770.0,22770.0,0
20170419T,22654.0,22654.0,22654.0,22654.0,0
20170420T,22641.0,22641.0,22641.0,22641.0,0
20170421T,22774.0,22774.0,22774.0,22774.0,0
20170424T,22827.0,22827.0,22827.0,22827.0,0
20170425T,25552.0,25552.0,25552.0,25552.0,0
20170426T,26462.0,26462.0,26462.0,26462.0,0
20170427T,26698.0,26698.0,26698.0,26698.0,0
20170428T,25345.0,25345.0,25345.0,25345.0,0
20170502T,25473.0,25473.0,25473.0,25473.0,0
20170503T,25485.0,25485.0,25485.0,25485.0,0
20170504T,26509.0,26509.0,26509.0,26509.0,0
20170505T,23858.0,23858.0,23858.0,23858.0,0
20170508T,23858.0,23858.0,23858.0,23858.0,0
20170509T,23826.0,23826.0,23826.0,23826.0,0
20170510T,23880.0,23880.0,23880.0,23880.0,0
20170511T,23880.0,23880.0,23880.0,23880.0,0
20170512T,23894.0,23894.0,23894.0,23894.0,0
20170515T,23908.0,23908.0,23908.0,23908.0,0
20170516T,23960.0,23960.0,23960.0,23960.0,0
20170517T,23980.0,23980.0,23980.0,23980.0,0
20170518T,21353.0,21353.0,21353.0,21353.0,0
20170519T,23992.0,23992.0,23992.0,23992.0,0
20170522T,24004.0,24004.0,24004.0,24004.0,0
20170523T,24214.0,24214.0,24214.0,24214.0,0
20170524T,24340.0,24340.0,24340.0,24340.0,0
20170525T,21629.0,21629.0,21629.0,21629.0,0
20170526T,21478.0,21478.0,21478.0,21478.0,0
20170529T,21492.0,21492.0,21492.0,21492.0,0
20170530T,21492.0,21492.0,21492.0,21492.0,0
20170531T,21939.0,21939.0,21939.0,21939.0,0
20170601T,21939.0,21939.0,21939.0,21939.0,0
20170602T,21939.0,21939.0,21939.0,21939.0,0
20170605T,21939.0,21939.0,21939.0,21939.0,0
20170606T,21979.0,21979.0,21979.0,21979.0,0
20170607T,21939.0,21939.0,21939.0,21939.0,0
20170608T,22007.0,22007.0,22007.0,22007.0,0
20170609T,22306.0,22306.0,22306.0,22306.0,0
20170612T,22030.0,22030.0,22030.0,22030.0,0
20170613T,22038.0,22038.0,22038.0,22038.0,0
20170614T,21685.0,21685.0,21685.0,21685.0,0
20170615T,21379.0,21379.0,21379.0,21379.0,0
20170616T,20961.0,20961.0,20961.0,20961.0,0
20170619T,20954.0,20954.0,20954.0,20954.0,0
20170620T,20954.0,20954.0,20954.0,20954.0,0
20170621T,20202.0,20202.0,20202.0,20202.0,0
20170622T,20339.0,20339.0,20339.0,20339.0,0
20170623T,24690.0,24690.0,24690.0,24690.0,0
20170627T,24703.0,24703.0,24703.0,24703.0,0
20170628T,24717.0,24717.0,24717.0,24717.0,0
20170629T,24717.0,24717.0,24717.0,24717.0,0
20170630T,26142.0,26142.0,26142.0,26142.0,0
20170703T,26046.0,26046.0,26046.0,26046.0,0
20170704T,28710.0,28710.0,28710.0,28710.0,0
20170705T,28720.0,28720.0,28720.0,28720.0,0
20170706T,28730.0,28730.0,28730.0,28730.0,0
20170707T,30592.0,30592.0,30592.0,30592.0,0
20170710T,27933.0,27933.0,27933.0,27933.0,0
20170711T,27933.0,27933.0,27933.0,27933.0,0
20170712T,27933.0,27933.0,27933.0,27933.0,0
20170713T,27933.0,27933.0,27933.0,27933.0,0
20170714T,30866.0,30866.0,30866.0,30866.0,0
20170717T,30900.0,30900.0,30900.0,30900.0,0
20170718T,33520.0,33520.0,33520.0,33520.0,0
20170719T,33520.0,33520.0,33520.0,33520.0,0
20170720T,33563.0,33563.0,33563.0,33563.0,0
20170721T,33691.0,33691.0,33691.0,33691.0,0
20170724T,28653.0,28653.0,28653.0,28653.0,0
20170725T,31298.0,31298.0,31298.0,31298.0,0
20170726T,29965.0,29965.0,29965.0,29965.0,0
20170727T,33815.0,33815.0,33815.0,33815.0,0
20170728T,35852.0,35852.0,35852.0,35852.0,0
20170731T,35769.0,35769.0,35769.0,35769.0,0
20170801T,35763.0,35763.0,35763.0,35763.0,0
20170802T,35769.0,35769.0,35769.0,35769.0,0
20170803T,35676.0,35676.0,35676.0,35676.0,0
20170804T,31686.0,31686.0,31686.0,31686.0,0
20170807T,31702.0,31702.0,31702.0,31702.0,0
20170808T,31687.0,31687.0,31687.0,31687.0,0
20170809T,32279.0,32279.0,32279.0,32279.0,0
20170810T,29597.0,29597.0,29597.0,29597.0,0
20170811T,27813.0,27813.0,27813.0,27813.0,0
20170814T,29246.0,29246.0,29246.0,29246.0,0
20170816T,31888.0,31888.0,31888.0,31888.0,0
20170817T,31904.0,31904.0,31904.0,31904.0,0
20170818T,31889.0,31889.0,31889.0,31889.0,0
20170821T,31663.0,31663.0,31663.0,31663.0,0
20170822T,28842.0,28842.0,28842.0,28842.0,0
20170823T,29259.0,29259.0,29259.0,29259.0,0
20170824T,29309.0,29309.0,29309.0,29309.0,0
20170828T,30526.0,30526.0,30526.0,30526.0,0
20170829T,25804.0,25804.0,25804.0,25804.0,0
20170830T,28328.0,28328.0,28328.0,28328.0,0
20170831T,29293.0,29293.0,29293.0,29293.0,0
20170901T,32876.0,32876.0,32876.0,32876.0,0
20170904T,32721.0,32721.0,32721.0,32721.0,0
20170905T,32958.0,32958.0,32958.0,32958.0,0
20170906T,32968.0,32968.0,32968.0,32968.0,0
20170907T,30450.0,30450.0,30450.0,30450.0,0
20170908T,30475.0,30475.0,30475.0,30475.0,0
20170911T,30335.0,30335.0,30335.0,30335.0,0
20170912T,28337.0,28337.0,28337.0,28337.0,0
20170913T,25536.0,25536.0,25536.0,25536.0,0
20170914T,25445.0,25445.0,25445.0,25445.0,0
20170915T,32773.0,32773.0,32773.0,32773.0,0
20170918T,29968.0,29968.0,29968.0,29968.0,0
20170919T,26328.0,26328.0,26328.0,26328.0,0
20170920T,27574.0,27574.0,27574.0,27574.0,0
20170921T,27734.0,27734.0,27734.0,27734.0,0
20170922T,27895.0,27895.0,27895.0,27895.0,0
20170925T,26389.0,26389.0,26389.0,26389.0,0
20170926T,26389.0,26389.0,26389.0,26389.0,0
20170927T,26363.0,26363.0,26363.0,26363.0,0
20170928T,25030.0,25030.0,25030.0,25030.0,0
20170929T,19991.0,19991.0,19991.0,19991.0,0
20171003T,19991.0,19991.0,19991.0,19991.0,0
20171004T,20108.0,20108.0,20108.0,20108.0,0
20171005T,24175.0,24175.0,24175.0,24175.0,0
20171006T,25223.0,25223.0,25223.0,25223.0,0
20171009T,28418.0,28418.0,28418.0,28418.0,0
20171010T,28448.0,28448.0,28448.0,28448.0,0
20171011T,28432.0,28432.0,28432.0,28432.0,0
20171012T,29142.0,29142.0,29142.0,29142.0,0
20171013T,31207.0,31207.0,31207.0,31207.0,0
20171016T,30877.0,30877.0,30877.0,30877.0,0
20171017T,30682.0,30682.0,30682.0,30682.0,0
20171018T,31337.0,31337.0,31337.0,31337.0,0
20171019T,31337.0,31337.0,31337.0,31337.0,0
20171023T,31361.0,31361.0,31361.0,31361.0,0
20171024T,31370.0,31370.0,31370.0,31370.0,0
20171025T,21785.0,21785.0,21785.0,21785.0,0
20171026T,20452.0,20452.0,20452.0,20452.0,0
20171027T,21567.0,21567.0,21567.0,21567.0,0
20171030T,21567.0,21567.0,21567.0,21567.0,0
20171031T,23175.0,23175.0,23175.0,23175.0,0
20171101T,25746.0,25746.0,25746.0,25746.0,0
20171102T,25791.0,25791.0,25791.0,25791.0,0
20171103T,22327.0,22327.0,22327.0,22327.0,0
20171106T,22000.0,22000.0,22000.0,22000.0,0
20171107T,21517.0,21517.0,21517.0,21517.0,0
20171108T,23459.0,23459.0,23459.0,23459.0,0
20171109T,23246.0,23246.0,23246.0,23246.0,0
20171110T,21273.0,21273.0,21273.0,21273.0,0
20171113T,21517.0,21517.0,21517.0,21517.0,0
20171114T,20292.0,20292.0,20292.0,20292.0,0
20171115T,16880.0,16880.0,16880.0,16880.0,0
20171116T,16456.0,16456.0,16456.0,16456.0,0
20171117T,22814.0,22814.0,22814.0,22814.0,0
20171120T,26810.0,26810.0,26810.0,26810.0,0
20171121T,24194.0,24194.0,24194.0,24194.0,0
20171122T,23536.0,23536.0,23536.0,23536.0,0
20171123T,23424.0,23424.0,23424.0,23424.0,0
20171124T,23424.0,23424.0,23424.0,23424.0,0
20171127T,23436.0,23436.0,23436.0,23436.0,0
20171128T,23436.0,23436.0,23436.0,23436.0,0
20171129T,23456.0,23456.0,23456.0,23456.0,0
20171130T,20752.0,20752.0,20752.0,20752.0,0
20171201T,16756.0,16756.0,16756.0,16756.0,0
20171204T,14092.0,14092.0,14092.0,14092.0,0
20171205T,14519.0,14519.0,14519.0,14519.0,0
20171206T,15155.0,15155.0,15155.0,15155.0,0
20171207T,15155.0,15155.0,15155.0,15155.0,0
20171208T,15155.0,15155.0,15155.0,15155.0,0
20171211T,19686.0,19686.0,19686.0,19686.0,0
20171212T,19861.0,19861.0,19861.0,19861.0,0
20171213T,20243.0,20243.0,20243.0,20243.0,0
20171214T,20243.0,20243.0,20243.0,20243.0,0
20171215T,20263.0,20263.0,20263.0,20263.0,0
20171218T,25700.0,25700.0,25700.0,25700.0,0
20171219T,26004.0,26004.0,26004.0,26004.0,0
20171220T,26004.0,26004.0,26004.0,26004.0,0
20171221T,30040.0,30040.0,30040.0,30040.0,0
20171222T,29894.0,29894.0,29894.0,29894.0,0
20171226T,33623.0,33623.0,33623.0,33623.0,0
20171227T,33616.0,33616.0,33616.0,33616.0,0
20171228T,28253.0,28253.0,28253.0,28253.0,0
20171229T,29648.0,29648.0,29648.0,29648.0,0
20180101T,29954.0,29954.0,29954.0,29954.0,0
20180102T,29962.0,29962.0,29962.0,29962.0,0
20180103T,30502.0,30502.0,30502.0,30502.0,0
20180104T,30226.0,30226.0,30226.0,30226.0,0
20180105T,30884.0,30884.0,30884.0,30884.0,0
20180108T,32267.0,32267.0,32267.0,32267.0,0
20180109T,34953.0,34953.0,34953.0,34953.0,0
20180110T,34973.0,34973.0,34973.0,34973.0,0
20180111T,37184.0,37184.0,37184.0,37184.0,0
20180112T,38626.0,38626.0,38626.0,38626.0,0
20180115T,41226.0,41226.0,41226.0,41226.0,0
20180116T,44984.0,44984.0,44984.0,44984.0,0
20180117T,45292.0,45292.0,45292.0,45292.0,0
20180118T,48894.0,48894.0,48894.0,48894.0,0
20180119T,48894.0,48894.0,48894.0,48894.0,0
20180122T,55050.0,55050.0,55050.0,55050.0,0
20180123T,59545.0,59545.0,59545.0,59545.0,0
20180124T,60356.0,60356.0,60356.0,60356.0,0
20180125T,62934.0,62934.0,62934.0,62934.0,0
20180129T,62496.0,62496.0,62496.0,62496.0,0
20180130T,62046.0,62046.0,62046.0,62046.0,0
20180131T,58522.0,58522.0,58522.0,58522.0,0
20180201T,49233.0,49233.0,49233.0,49233.0,0
20180202T,50375.0,50375.0,50375.0,50375.0,0
20180205T,49152.0,49152.0,49152.0,49152.0,0
20180206T,49840.0,49840.0,49840.0,49840.0,0
20180207T,49236.0,49236.0,49236.0,49236.0,0
20180208T,50035.0,50035.0,50035.0,50035.0,0
20180209T,50339.0,50339.0,50339.0,50339.0,0
20180212T,50106.0,50106.0,50106.0,50106.0,0
20180214T,50078.0,50078.0,50078.0,50078.0,0
20180215T,50134.0,50134.0,50134.0,50134.0,0
20180216T,50134.0,50134.0,50134.0,50134.0,0
20180219T,47138.0,47138.0,47138.0,47138.0,0
20180220T,46094.0,46094.0,46094.0,46094.0,0
20180221T,46094.0,46094.0,46094.0,46094.0,0
20180222T,42551.0,42551.0,42551.0,42551.0,0
20180223T,48749.0,48749.0,48749.0,48749.0,0
20180226T,50383.0,50383.0,50383.0,50383.0,0
20180227T,53609.0,53609.0,53609.0,53609.0,0
20180228T,53361.0,53361.0,53361.0,53361.0,0
20180301T,58122.0,58122.0,58122.0,58122.0,0
20180305T,60049.0,60049.0,60049.0,60049.0,0
20180306T,60977.0,60977.0,60977.0,60977.0,0
20180307T,52445.0,52445.0,52445.0,52445.0,0
20180308T,46180.0,46180.0,46180.0,46180.0,0
20180309T,38848.0,38848.0,38848.0,38848.0,0
20180312T,40229.0,40229.0,40229.0,40229.0,0
20180313T,41114.0,41114.0,41114.0,41114.0,0
20180314T,43397.0,43397.0,43397.0,43397.0,0
20180315T,50190.0,50190.0,50190.0,50190.0,0
20180316T,45070.0,45070.0,45070.0,45070.0,0
20180319T,36407.0,36407.0,36407.0,36407.0,0
20180320T,35315.0,35315.0,35315.0,35315.0,0
20180321T,35853.0,35853.0,35853.0,35853.0,0
20180322T,36613.0,36613.0,36613.0,36613.0,0
20180323T,30940.0,30940.0,30940.0,30940.0,0
20180326T,16051.0,16051.0,16051.0,16051.0,0
20180327T,21012.0,21012.0,21012.0,21012.0,0
20180328T,15131.0,15131.0,15131.0,15131.0,0
20180402T,15131.0,15131.0,15131.0,15131.0,0
20180403T,22729.0,22729.0,22729.0,22729.0,0
20180404T,17247.0,17247.0,17247.0,17247.0,0
20180405T,20577.0,20577.0,20577.0,20577.0,0
20180406T,24500.0,24500.0,24500.0,24500.0,0
20180409T,26488.0,26488.0,26488.0,26488.0,0
20180410T,34535.0,34535.0,34535.0,34535.0,0
20180411T,34485.0,34485.0,34485.0,34485.0,0
20180412T,35860.0,35860.0,35860.0,35860.0,0
20180413T,43254.0,43254.0,43254.0,43254.0,0
20180416T,42370.0,42370.0,42370.0,42370.0,0
20180417T,49569.0,49569.0,49569.0,49569.0,0
20180418T,51165.0,51165.0,51165.0,51165.0,0
20180419T,56375.0,56375.0,56375.0,56375.0,0
20180420T,61414.0,61414.0,61414.0,61414.0,0
20180423T,64752.0,64752.0,64752.0,64752.0,0
20180424T,64752.0,64752.0,64752.0,64752.0,0
20180425T,67744.0,67744.0,67744.0,67744.0,0
20180426T,67976.0,67976.0,67976.0,67976.0,0
20180427T,76526.0,76526.0,76526.0,76526.0,0
20180430T,76384.0,76384.0,76384.0,76384.0,0
20180502T,77318.0,77318.0,77318.0,77318.0,0
20180503T,77874.0,77874.0,77874.0,77874.0,0
20180504T,77882.0,77882.0,77882.0,77882.0,0
20180507T,77026.0,77026.0,77026.0,77026.0,0
20180508T,73926.0,73926.0,73926.0,73926.0,0
20180509T,68039.0,68039.0,68039.0,68039.0,0
20180510T,68028.0,68028.0,68028.0,68028.0,0
20180511T,68540.0,68540.0,68540.0,68540.0,0
20180514T,68582.0,68582.0,68582.0,68582.0,0
20180515T,75488.0,75488.0,75488.0,75488.0,0
20180516T,74716.0,74716.0,74716.0,74716.0,0
20180517T,73834.0,73834.0,73834.0,73834.0,0
20180518T,68108.0,68108.0,68108.0,68108.0,0
20180521T,64765.0,64765.0,64765.0,64765.0,0
20180522T,64720.0,64720.0,64720.0,64720.0,0
20180523T,62609.0,62609.0,62609.0,62609.0,0
20180524T,62610.0,62610.0,62610.0,62610.0,0
20180525T,62502.0,62502.0,62502.0,62502.0,0
20180528T,67441.0,67441.0,67441.0,67441.0,0
20180529T,67919.0,67919.0,67919.0,67919.0,0
20180530T,67640.0,67640.0,67640.0,67640.0,0
20180531T,46070.0,46070.0,46070.0,46070.0,0
20180601T,53130.0,53130.0,53130.0,53130.0,0
20180604T,59106.0,59106.0,59106.0,59106.0,0
20180605T,58015.0,58015.0,58015.0,58015.0,0
20180606T,58015.0,58015.0,58015.0,58015.0,0
20180607T,59007.0,59007.0,59007.0,59007.0,0
20180608T,63945.0,63945.0,63945.0,63945.0,0
20180611T,61815.0,61815.0,61815.0,61815.0,0
20180612T,53476.0,53476.0,53476.0,53476.0,0
20180614T,53046.0,53046.0,53046.0,53046.0,0
20180615T,50457.0,50457.0,50457.0,50457.0,0
20180618T,50441.0,50441.0,50441.0,50441.0,0
20180619T,47005.0,47005.0,47005.0,47005.0,0
20180620T,47005.0,47005.0,47005.0,47005.0,0
20180621T,46302.0,46302.0,46302.0,46302.0,0
20180622T,45502.0,45502.0,45502.0,45502.0,0
20180625T,47502.0,47502.0,47502.0,47502.0,0
20180626T,50168.0,50168.0,50168.0,50168.0,0
20180627T,50837.0,50837.0,50837.0,50837.0,0
20180628T,31733.0,31733.0,31733.0,31733.0,0
20180629T,27359.0,27359.0,27359.0,27359.0,0
20180702T,27026.0,27026.0,27026.0,27026.0,0
20180703T,23096.0,23096.0,23096.0,23096.0,0
20180704T,23096.0,23096.0,23096.0,23096.0,0
20180705T,26820.0,26820.0,26820.0,26820.0,0
20180706T,26820.0,26820.0,26820.0,26820.0,0
20180709T,27540.0,27540.0,27540.0,27540.0,0
20180710T,30863.0,30863.0,30863.0,30863.0,0
20180711T,36729.0,36729.0,36729.0,36729.0,0
20180712T,38488.0,38488.0,38488.0,38488.0,0
20180713T,42677.0,42677.0,42677.0,42677.0,0
20180716T,46446.0,46446.0,46446.0,46446.0,0
20180717T,48881.0,48881.0,48881.0,48881.0,0
20180718T,48881.0,48881.0,48881.0,48881.0,0
20180719T,48881.0,48881.0,48881.0,48881.0,0
20180720T,55528.0,55528.0,55528.0,55528.0,0
20180723T,55533.0,55533.0,55533.0,55533.0,0
20180724T,61260.0,61260.0,61260.0,61260.0,0
20180725T,62870.0,62870.0,62870.0,62870.0,0
20180726T,60505.0,60505.0,60505.0,60505.0,0
20180727T,65370.0,65370.0,65370.0,65370.0,0
20180730T,77950.0,77950.0,77950.0,77950.0,0
20180731T,82956.0,82956.0,82956.0,82956.0,0
20180801T,83522.0,83522.0,83522.0,83522.0,0
20180802T,79863.0,79863.0,79863.0,79863.0,0
20180803T,78627.0,78627.0,78627.0,78627.0,0
20180806T,78995.0,78995.0,78995.0,78995.0,0
20180807T,80576.0,80576.0,80576.0,80576.0,0
20180808T,85148.0,85148.0,85148.0,85148.0,0
20180809T,85148.0,85148.0,85148.0,85148.0,0
20180810T,84985.0,84985.0,84985.0,84985.0,0
20180813T,85991.0,85991.0,85991.0,85991.0,0
20180814T,85991.0,85991.0,85991.0,85991.0,0
20180816T,85956.0,85956.0,85956.0,85956.0,0
20180817T,88030.0,88030.0,88030.0,88030.0,0
20180820T,88030.0,88030.0,88030.0,88030.0,0
20180821T,91897.0,91897.0,91897.0,91897.0,0
20180823T,92132.0,92132.0,92132.0,92132.0,0
20180824T,92514.0,92514.0,92514.0,92514.0,0
20180827T,92514.0,92514.0,92514.0,92514.0,0
20180828T,92247.0,92247.0,92247.0,92247.0,0
20180829T,92027.0,92027.0,92027.0,92027.0,0
20180830T,90449.0,90449.0,90449.0,90449.0,0
20180831T,91545.0,91545.0,91545.0,91545.0,0
20180903T,92321.0,92321.0,92321.0,92321.0,0
20180904T,88259.0,88259.0,88259.0,88259.0,0
20180905T,86922.0,86922.0,86922.0,86922.0,0
20180906T,85436.0,85436.0,85436.0,85436.0,0
20180907T,84630.0,84630.0,84630.0,84630.0,0
20180910T,82678.0,82678.0,82678.0,82678.0,0
20180911T,79242.0,79242.0,79242.0,79242.0,0
20180912T,76351.0,76351.0,76351.0,76351.0,0
20180914T,79911.0,79911.0,79911.0,79911.0,0
20180917T,75985.0,75985.0,75985.0,75985.0,0
20180918T,74485.0,74485.0,74485.0,74485.0,0
20180919T,69485.0,69485.0,69485.0,69485.0,0
20180921T,58428.0,58428.0,58428.0,58428.0,0
20180924T,51110.0,51110.0,51110.0,51110.0,0
20180925T,40722.0,40722.0,40722.0,40722.0,0
20180926T,44726.0,44726.0,44726.0,44726.0,0
20180927T,46788.0,46788.0,46788.0,46788.0,0
20180928T,42384.0,42384.0,42384.0,42384.0,0
20181001T,41148.0,41148.0,41148.0,41148.0,0
20181003T,42742.0,42742.0,42742.0,42742.0,0
20181004T,36657.0,36657.0,36657.0,36657.0,0
20181005T,30811.0,30811.0,30811.0,30811.0,0
20181008T,29543.0,29543.0,29543.0,29543.0,0
20181009T,28958.0,28958.0,28958.0,28958.0,0
20181010T,34642.0,34642.0,34642.0,34642.0,0
20181011T,26074.0,26074.0,26074.0,26074.0,0
20181012T,29074.0,29074.0,29074.0,29074.0,0
20181015T,31206.0,31206.0,31206.0,31206.0,0
20181016T,32905.0,32905.0,32905.0,32905.0,0
20181017T,33961.0,33961.0,33961.0,33961.0,0
20181019T,29971.0,29971.0,29971.0,29971.0,0
20181022T,29974.0,29974.0,29974.0,29974.0,0
20181023T,28652.0,28652.0,28652.0,28652.0,0
20181024T,30057.0,30057.0,30057.0,30057.0,0
20181025T,27808.0,27808.0,27808.0,27808.0,0
20181026T,27797.0,27797.0,27797.0,27797.0,0
20181029T,31309.0,31309.0,31309.0,31309.0,0
20181030T,30409.0,30409.0,30409.0,30409.0,0
20181031T,32424.0,32424.0,32424.0,32424.0,0
20181101T,30639.0,30639.0,30639.0,30639.0,0
20181102T,28873.0,28873.0,28873.0,28873.0,0
20181105T,28601.0,28601.0,28601.0,28601.0,0
20181106T,28009.0,28009.0,28009.0,28009.0,0
20181107T,28009.0,28009.0,28009.0,28009.0,0
20181109T,28133.0,28133.0,28133.0,28133.0,0
20181112T,28141.0,28141.0,28141.0,28141.0,0
20181113T,28141.0,28141.0,28141.0,28141.0,0
20181114T,28054.0,28054.0,28054.0,28054.0,0
20181115T,28570.0,28570.0,28570.0,28570.0,0
20181116T,29494.0,29494.0,29494.0,29494.0,0
20181119T,29694.0,29694.0,29694.0,29694.0,0
20181120T,30402.0,30402.0,30402.0,30402.0,0
20181121T,29245.0,29245.0,29245.0,29245.0,0
20181122T,28725.0,28725.0,28725.0,28725.0,0
20181126T,26123.0,26123.0,26123.0,26123.0,0
20181127T,26063.0,26063.0,26063.0,26063.0,0
20181128T,26363.0,26363.0,26363.0,26363.0,0
20181129T,23752.0,23752.0,23752.0,23752.0,0
20181130T,22323.0,22323.0,22323.0,22323.0,0
20181203T,21123.0,21123.0,21123.0,21123.0,0
20181204T,21123.0,21123.0,21123.0,21123.0,0
20181205T,21746.0,21746.0,21746.0,21746.0,0
20181206T,21041.0,21041.0,21041.0,21041.0,0
20181207T,20741.0,20741.0,20741.0,20741.0,0
20181210T,20615.0,20615.0,20615.0,20615.0,0
20181211T,19885.0,19885.0,19885.0,19885.0,0
20181212T,23130.0,23130.0,23130.0,23130.0,0
20181213T,23946.0,23946.0,23946.0,23946.0,0
20181214T,24066.0,24066.0,24066.0,24066.0,0
20181217T,24253.0,24253.0,24253.0,24253.0,0
20181218T,24553.0,24553.0,24553.0,24553.0,0
20181219T,24464.0,24464.0,24464.0,24464.0,0
20181220T,24331.0,24331.0,24331.0,24331.0,0
20181221T,21544.0,21544.0,21544.0,21544.0,0
20181224T,18038.0,18038.0,18038.0,18038.0,0
20181226T,20027.0,20027.0,20027.0,20027.0,0
20181227T,19621.0,19621.0,19621.0,19621.0,0
20181228T,19615.0,19615.0,19615.0,19615.0,0
20181231T,19219.0,19219.0,19219.0,19219.0,0
20190101T,18833.0,18833.0,18833.0,18833.0,0
20190102T,18833.0,18833.0,18833.0,18833.0,0
20190103T,18423.0,18423.0,18423.0,18423.0,0
20190104T,18423.0,18423.0,18423.0,18423.0,0
20190107T,18423.0,18423.0,18423.0,18423.0,0
20190108T,18780.0,18780.0,18780.0,18780.0,0
20190109T,18780.0,18780.0,18780.0,18780.0,0
20190110T,19030.0,19030.0,19030.0,19030.0,0
20190111T,19030.0,19030.0,19030.0,19030.0,0
20190114T,19030.0,19030.0,19030.0,19030.0,0
20190115T,18051.0,18051.0,18051.0,18051.0,0
20190116T,18283.0,18283.0,18283.0,18283.0,0
20190117T,21943.0,21943.0,21943.0,21943.0,0
20190118T,22150.0,22150.0,22150.0,22150.0,0
20190121T,30256.0,30256.0,30256.0,30256.0,0
20190122T,30738.0,30738.0,30738.0,30738.0,0
20190123T,31291.0,31291.0,31291.0,31291.0,0
20190124T,31441.0,31441.0,31441.0,31441.0,0
20190125T,33131.0,33131.0,33131.0,33131.0,0
20190128T,30718.0,30718.0,30718.0,30718.0,0
20190129T,36139.0,36139.0,36139.0,36139.0,0
20190130T,31889.0,31889.0,31889.0,31889.0,0
20190131T,30596.0,30596.0,30596.0,30596.0,0
20190201T,32572.0,32572.0,32572.0,32572.0,0
20190204T,33972.0,33972.0,33972.0,33972.0,0
20190205T,38472.0,38472.0,38472.0,38472.0,0
20190206T,43644.0,43644.0,43644.0,43644.0,0
20190207T,45334.0,45334.0,45334.0,45334.0,0
20190208T,49550.0,49550.0,49550.0,49550.0,0
20190211T,49225.0,49225.0,49225.0,49225.0,0
20190212T,47099.0,47099.0,47099.0,47099.0,0
20190213T,47035.0,47035.0,47035.0,47035.0,0
20190214T,29835.0,29835.0,29835.0,29835.0,0
20190215T,30395.0,30395.0,30395.0,30395.0,0
20190218T,30143.0,30143.0,30143.0,30143.0,0
20190219T,28646.0,28646.0,28646.0,28646.0,0
20190220T,27144.0,27144.0,27144.0,27144.0,0
20190221T,24840.0,24840.0,24840.0,24840.0,0
20190222T,24414.0,24414.0,24414.0,24414.0,0
20190225T,20602.0,20602.0,20602.0,20602.0,0
20190226T,16389.0,16389.0,16389.0,16389.0,0
20190227T,15523.0,15523.0,15523.0,15523.0,0
20190228T,16069.0,16069.0,16069.0,16069.0,0
20190301T,16040.0,16040.0,16040.0,16040.0,0
20190305T,15341.0,15341.0,15341.0,15341.0,0
20190306T,16461.0,16461.0,16461.0,16461.0,0
20190307T,20331.0,20331.0,20331.0,20331.0,0
20190308T,20339.0,20339.0,20339.0,20339.0,0
20190311T,24921.0,24921.0,24921.0,24921.0,0
20190312T,32686.0,32686.0,32686.0,32686.0,0
20190313T,34469.0,34469.0,34469.0,34469.0,0
20190314T,39511.0,39511.0,39511.0,39511.0,0
20190315T,39603.0,39603.0,39603.0,39603.0,0
20190318T,41669.0,41669.0,41669.0,41669.0,0
20190319T,41697.0,41697.0,41697.0,41697.0,0
20190320T,43729.0,43729.0,43729.0,43729.0,0
20190322T,44443.0,44443.0,44443.0,44443.0,0
20190325T,42449.0,42449.0,42449.0,42449.0,0
20190326T,39809.0,39809.0,39809.0,39809.0,0
20190327T,45259.0,45259.0,45259.0,45259.0,0
20190328T,46562.0,46562.0,46562.0,46562.0,0
20190329T,51639.0,51639.0,51639.0,51639.0,0
20190401T,52322.0,52322.0,52322.0,52322.0,0
20190402T,56897.0,56897.0,56897.0,56897.0,0
20190403T,56897.0,56897.0,56897.0,56897.0,0
20190404T,58203.0,58203.0,58203.0,58203.0,0
20190405T,59227.0,59227.0,59227.0,59227.0,0
20190408T,63227.0,63227.0,63227.0,63227.0,0
20190409T,67415.0,67415.0,67415.0,67415.0,0
20190410T,66327.0,66327.0,66327.0,66327.0,0
20190411T,65790.0,65790.0,65790.0,65790.0,0
20190412T,64906.0,64906.0,64906.0,64906.0,0
20190415T,64910.0,64910.0,64910.0,64910.0,0
20190416T,68910.0,68910.0,68910.0,68910.0,0
20190418T,71776.0,71776.0,71776.0,71776.0,0
20190422T,63966.0,63966.0,63966.0,63966.0,0
20190423T,63151.0,63151.0,63151.0,63151.0,0
20190424T,61504.0,61504.0,61504.0,61504.0,0
20190425T,65961.0,65961.0,65961.0,65961.0,0
20190426T,70961.0,70961.0,70961.0,70961.0,0
20190430T,68036.0,68036.0,68036.0,68036.0,0
20190502T,71247.0,71247.0,71247.0,71247.0,0
20190503T,75504.0,75504.0,75504.0,75504.0,0
20190506T,68386.0,68386.0,68386.0,68386.0,0
20190507T,60629.0,60629.0,60629.0,60629.0,0
20190508T,54545.0,54545.0,54545.0,54545.0,0
20190509T,51054.0,51054.0,51054.0,51054.0,0
20190510T,44685.0,44685.0,44685.0,44685.0,0
20190513T,38295.0,38295.0,38295.0,38295.0,0
20190514T,42583.0,42583.0,42583.0,42583.0,0
20190515T,41660.0,41660.0,41660.0,41660.0,0
20190516T,41809.0,41809.0,41809.0,41809.0,0
20190517T,43178.0,43178.0,43178.0,43178.0,0
20190520T,42625.0,42625.0,42625.0,42625.0,0
20190521T,47135.0,47135.0,47135.0,47135.0,0
20190522T,47235.0,47235.0,47235.0,47235.0,0
20190523T,38683.0,38683.0,38683.0,38683.0,0
20190524T,38903.0,38903.0,38903.0,38903.0,0
20190527T,38373.0,38373.0,38373.0,38373.0,0
20190528T,37989.0,37989.0,37989.0,37989.0,0
20190529T,35304.0,35304.0,35304.0,35304.0,0
20190530T,36359.0,36359.0,36359.0,36359.0,0
20190531T,36914.0,36914.0,36914.0,36914.0,0
20190603T,41898.0,41898.0,41898.0,41898.0,0
20190604T,35980.0,35980.0,35980.0,35980.0,0
20190606T,29270.0,29270.0,29270.0,29270.0,0
20190607T,26878.0,26878.0,26878.0,26878.0,0
20190610T,28078.0,28078.0,28078.0,28078.0,0
20190611T,33193.0,33193.0,33193.0,33193.0,0
20190612T,30203.0,30203.0,30203.0,30203.0,0
20190613T,33854.0,33854.0,33854.0,33854.0,0
20190614T,29948.0,29948.0,29948.0,29948.0,0
20190617T,24599.0,24599.0,24599.0,24599.0,0
20190618T,21071.0,21071.0,21071.0,21071.0,0
20190619T,23354.0,23354.0,23354.0,23354.0,0
20190620T,27026.0,27026.0,27026.0,27026.0,0
20190621T,26311.0,26311.0,26311.0,26311.0,0
20190624T,23331.0,23331.0,23331.0,23331.0,0
20190625T,26233.0,26233.0,26233.0,26233.0,0
20190626T,23569.0,23569.0,23569.0,23569.0,0
20190627T,36314.0,36314.0,36314.0,36314.0,0
20190628T,32932.0,32932.0,32932.0,32932.0,0
20190701T,36958.0,36958.0,36958.0,36958.0,0
20190702T,35825.0,35825.0,35825.0,35825.0,0
20190703T,44000.0,44000.0,44000.0,44000.0,0
20190704T,44000.0,44000.0,44000.0,44000.0,0
20190705T,36341.0,36341.0,36341.0,36341.0,0
20190708T,25128.0,25128.0,25128.0,25128.0,0
20190709T,26509.0,26509.0,26509.0,26509.0,0
20190710T,27151.0,27151.0,27151.0,27151.0,0
20190711T,27151.0,27151.0,27151.0,27151.0,0
20190712T,25651.0,25651.0,25651.0,25651.0,0
20190715T,26651.0,26651.0,26651.0,26651.0,0
20190716T,29651.0,29651.0,29651.0,29651.0,0
20190717T,29400.0,29400.0,29400.0,29400.0,0
20190718T,27400.0,27400.0,27400.0,27400.0,0
20190719T,21406.0,21406.0,21406.0,21406.0,0
20190722T,19571.0,19571.0,19571.0,19571.0,0
20190723T,19547.0,19547.0,19547.0,19547.0,0
20190724T,14714.0,14714.0,14714.0,14714.0,0
20190725T,14599.0,14599.0,14599.0,14599.0,0
20190726T,9828.0,9828.0,9828.0,9828.0,0
20190729T,9875.0,9875.0,9875.0,9875.0,0
20190730T,9301.0,9301.0,9301.0,9301.0,0
20190731T,8862.0,8862.0,8862.0,8862.0,0
20190801T,8442.0,8442.0,8442.0,8442.0,0
20190802T,8010.0,8010.0,8010.0,8010.0,0
20190805T,7995.0,7995.0,7995.0,7995.0,0
20190806T,7600.0,7600.0,7600.0,7600.0,0
20190807T,7165.0,7165.0,7165.0,7165.0,0
20190808T,6988.0,6988.0,6988.0,6988.0,0
20190809T,6628.0,6628.0,6628.0,6628.0,0
20190813T,7756.0,7756.0,7756.0,7756.0,0
20190814T,7756.0,7756.0,7756.0,7756.0,0
20190816T,8367.0,8367.0,8367.0,8367.0,0
20190819T,8347.0,8347.0,8347.0,8347.0,0
20190820T,8253.0,8253.0,8253.0,8253.0,0
20190821T,8173.0,8173.0,8173.0,8173.0,0
20190822T,7465.0,7465.0,7465.0,7465.0,0
20190823T,7961.0,7961.0,7961.0,7961.0,0
20190826T,6955.0,6955.0,6955.0,6955.0,0
20190827T,7372.0,7372.0,7372.0,7372.0,0
20190828T,7327.0,7327.0,7327.0,7327.0,0
20190829T,7151.0,7151.0,7151.0,7151.0,0
20190830T,7107.0,7107.0,7107.0,7107.0,0
20190903T,11235.0,11235.0,11235.0,11235.0,0
20190904T,11210.0,11210.0,11210.0,11210.0,0
20190905T,10088.0,10088.0,10088.0,10088.0,0
20190906T,9158.0,9158.0,9158.0,9158.0,0
20190909T,9148.0,9148.0,9148.0,9148.0,0
20190911T,8248.0,8248.0,8248.0,8248.0,0
20190912T,8429.0,8429.0,8429.0,8429.0,0
20190913T,4996.0,4996.0,4996.0,4996.0,0
20190916T,5006.0,5006.0,5006.0,5006.0,0
20190917T,8980.0,8980.0,8980.0,8980.0,0
20190918T,11835.0,11835.0,11835.0,11835.0,0
20190919T,12366.0,12366.0,12366.0,12366.0,0
20190920T,3700.0,3700.0,3700.0,3700.0,0
20190923T,3815.0,3815.0,3815.0,3815.0,0
20190924T,6104.0,6104.0,6104.0,6104.0,0
20190925T,3606.0,3606.0,3606.0,3606.0,0
20190926T,4753.0,4753.0,4753.0,4753.0,0
20190927T,4753.0,4753.0,4753.0,4753.0,0
20190930T,7968.0,7968.0,7968.0,7968.0,0
20191001T,7948.0,7948.0,7948.0,7948.0,0
20191003T,7948.0,7948.0,7948.0,7948.0,0
20191004T,7893.0,7893.0,7893.0,7893.0,0
20191007T,7823.0,7823.0,7823.0,7823.0,0
20191009T,7840.0,7840.0,7840.0,7840.0,0
20191010T,7840.0,7840.0,7840.0,7840.0,0
20191011T,7840.0,7840.0,7840.0,7840.0,0
20191014T,7840.0,7840.0,7840.0,7840.0,0
20191015T,7199.0,7199.0,7199.0,7199.0,0
20191016T,7199.0,7199.0,7199.0,7199.0,0
20191017T,11185.0,11185.0,11185.0,11185.0,0
20191018T,11185.0,11185.0,11185.0,11185.0,0
20191022T,16966.0,16966.0,16966.0,16966.0,0
20191023T,17441.0,17441.0,17441.0,17441.0,0
20191024T,17441.0,17441.0,17441.0,17441.0,0
20191025T,17441.0,17441.0,17441.0,17441.0,0
20191029T,17441.0,17441.0,17441.0,17441.0,0
20191030T,18541.0,18541.0,18541.0,18541.0,0
20191031T,19325.0,19325.0,19325.0,19325.0,0
20191101T,25525.0,25525.0,25525.0,25525.0,0
20191104T,25525.0,25525.0,25525.0,25525.0,0
20191105T,25925.0,25925.0,25925.0,25925.0,0
20191106T,26260.0,26260.0,26260.0,26260.0,0
20191107T,28260.0,28260.0,28260.0,28260.0,0
20191108T,26110.0,26110.0,26110.0,26110.0,0
20191111T,25162.0,25162.0,25162.0,25162.0,0
20191113T,24612.0,24612.0,24612.0,24612.0,0
20191114T,20562.0,20562.0,20562.0,20562.0,0
20191115T,20462.0,20462.0,20462.0,20462.0,0
20191118T,22129.0,22129.0,22129.0,22129.0,0
20191119T,25129.0,25129.0,25129.0,25129.0,0
20191120T,27879.0,27879.0,27879.0,27879.0,0
20191121T,29372.0,29372.0,29372.0,29372.0,0
20191122T,25517.0,25517.0,25517.0,25517.0,0
20191125T,28232.0,28232.0,28232.0,28232.0,0
20191126T,32750.0,32750.0,32750.0,32750.0,0
20191127T,38364.0,38364.0,38364.0,38364.0,0
20191128T,39729.0,39729.0,39729.0,39729.0,0
20191129T,40193.0,40193.0,40193.0,40193.0,0
20191202T,38444.0,38444.0,38444.0,38444.0,0
20191203T,33494.0,33494.0,33494.0,33494.0,0
20191204T,33672.0,33672.0,33672.0,33672.0,0
20191205T,29467.0,29467.0,29467.0,29467.0,0
20191206T,31878.0,31878.0,31878.0,31878.0,0
20191209T,36053.0,36053.0,36053.0,36053.0,0
20191210T,30903.0,30903.0,30903.0,30903.0,0
20191211T,29503.0,29503.0,29503.0,29503.0,0
20191212T,32061.0,32061.0,32061.0,32061.0,0
20191213T,34061.0,34061.0,34061.0,34061.0,0
20191216T,38386.0,38386.0,38386.0,38386.0,0
20191217T,37172.0,37172.0,37172.0,37172.0,0
20191218T,39172.0,39172.0,39172.0,39172.0,0
20191219T,39772.0,39772.0,39772.0,39772.0,0
20191220T,40206.0,40206.0,40206.0,40206.0,0
20191223T,40491.0,40491.0,40491.0,40491.0,0
20191224T,38943.0,38943.0,38943.0,38943.0,0
20191226T,36252.0,36252.0,36252.0,36252.0,0
20191227T,33755.0,33755.0,33755.0,33755.0,0
20191230T,34525.0,34525.0,34525.0,34525.0,0
20191231T,37184.0,37184.0,37184.0,37184.0,0
20200101T,33078.0,33078.0,33078.0,33078.0,0
20200102T,35658.0,35658.0,35658.0,35658.0,0
20200103T,35658.0,35658.0,35658.0,35658.0,0
20200106T,26337.0,26337.0,26337.0,26337.0,0
20200107T,24784.0,24784.0,24784.0,24784.0,0
20200108T,25795.0,25795.0,25795.0,25795.0,0
20200109T,33643.0,33643.0,33643.0,33643.0,0
20200110T,33643.0,33643.0,33643.0,33643.0,0
20200113T,36643.0,36643.0,36643.0,36643.0,0
20200114T,38893.0,38893.0,38893.0,38893.0,0
20200115T,38918.0,38918.0,38918.0,38918.0,0
20200116T,41418.0,41418.0,41418.0,41418.0,0
20200117T,41378.0,41378.0,41378.0,41378.0,0
20200120T,39438.0,39438.0,39438.0,39438.0,0
20200121T,34119.0,34119.0,34119.0,34119.0,0
20200122T,26901.0,26901.0,26901.0,26901.0,0
20200123T,25419.0,25419.0,25419.0,25419.0,0
20200124T,25419.0,25419.0,25419.0,25419.0,0
20200127T,25705.0,25705.0,25705.0,25705.0,0
20200128T,23236.0,23236.0,23236.0,23236.0,0
20200129T,21537.0,21537.0,21537.0,21537.0,0
20200130T,18515.0,18515.0,18515.0,18515.0,0
20200131T,13456.0,13456.0,13456.0,13456.0,0
20200203T,14793.0,14793.0,14793.0,14793.0,0
20200204T,12313.0,12313.0,12313.0,12313.0,0
20200205T,15733.0,15733.0,15733.0,15733.0,0
20200206T,18475.0,18475.0,18475.0,18475.0,0
20200207T,18451.0,18451.0,18451.0,18451.0,0
20200210T,18451.0,18451.0,18451.0,18451.0,0
20200211T,20516.0,20516.0,20516.0,20516.0,0
20200212T,23796.0,23796.0,23796.0,23796.0,0
20200213T,25999.0,25999.0,25999.0,25999.0,0
20200214T,24076.0,24076.0,24076.0,24076.0,0
20200217T,22076.0,22076.0,22076.0,22076.0,0
20200218T,17717.0,17717.0,17717.0,17717.0,0
20200219T,21686.0,21686.0,21686.0,21686.0,0
20200220T,21786.0,21786.0,21786.0,21786.0,0
20200224T,17117.0,17117.0,17117.0,17117.0,0
20200225T,14018.0,14018.0,14018.0,14018.0,0
20200226T,13875.0,13875.0,13875.0,13875.0,0
20200227T,11512.0,11512.0,11512.0,11512.0,0
20200228T,11143.0,11143.0,11143.0,11143.0,0
20200302T,10256.0,10256.0,10256.0,10256.0,0
20200303T,9266.0,9266.0,9266.0,9266.0,0
20200304T,10355.0,10355.0,10355.0,10355.0,0
20200305T,10192.0,10192.0,10192.0,10192.0,0
20200306T,8743.0,8743.0,8743.0,8743.0,0
20200309T,9003.0,9003.0,9003.0,9003.0,0
20200311T,8037.0,8037.0,8037.0,8037.0,0
20200312T,8259.0,8259.0,8259.0,8259.0,0
20200313T,3312.0,3312.0,3312.0,3312.0,0
20200316T,6674.0,6674.0,6674.0,6674.0,0
20200317T,4760.0,4760.0,4760.0,4760.0,0
20200318T,5679.0,5679.0,5679.0,5679.0,0
20200319T,5820.0,5820.0,5820.0,5820.0,0
20200320T,3105.0,3105.0,3105.0,3105.0,0
20200323T,3105.0,3105.0,3105.0,3105.0,0
20200324T,1921.0,1921.0,1921.0,1921.0,0
20200325T,1849.0,1849.0,1849.0,1849.0,0
20200326T,2049.0,2049.0,2049.0,2049.0,0
20200327T,3102.0,3102.0,3102.0,3102.0,0
20200330T,2902.0,2902.0,2902.0,2902.0,0
20200331T,4781.0,4781.0,4781.0,4781.0,0
20200401T,3854.0,3854.0,3854.0,3854.0,0
20200403T,3854.0,3854.0,3854.0,3854.0,0
20200407T,4594.0,4594.0,4594.0,4594.0,0
20200408T,4561.0,4561.0,4561.0,4561.0,0
20200409T,6140.0,6140.0,6140.0,6140.0,0
20200413T,6181.0,6181.0,6181.0,6181.0,0
20200415T,7485.0,7485.0,7485.0,7485.0,0
20200416T,4159.0,4159.0,4159.0,4159.0,0
20200417T,4039.0,4039.0,4039.0,4039.0,0
20200420T,5285.0,5285.0,5285.0,5285.0,0
20200421T,4758.0,4758.0,4758.0,4758.0,0
20200422T,4171.0,4171.0,4171.0,4171.0,0
20200423T,4237.0,4237.0,4237.0,4237.0,0
20200424T,4062.0,4062.0,4062.0,4062.0,0
20200427T,4110.0,4110.0,4110.0,4110.0,0
20200428T,4805.0,4805.0,4805.0,4805.0,0
20200429T,4515.0,4515.0,4515.0,4515.0,0
20200430T,4512.0,4512.0,4512.0,4512.0,0
20200504T,6026.0,6026.0,6026.0,6026.0,0
20200505T,7134.0,7134.0,7134.0,7134.0,0
20200506T,7094.0,7094.0,7094.0,7094.0,0
20200507T,7122.0,7122.0,7122.0,7122.0,0
20200508T,7122.0,7122.0,7122.0,7122.0,0
20200511T,7121.0,7121.0,7121.0,7121.0,0
20200512T,6638.0,6638.0,6638.0,6638.0,0
20200513T,5975.0,5975.0,5975.0,5975.0,0
20200514T,5103.0,5103.0,5103.0,5103.0,0
20200515T,5003.0,5003.0,5003.0,5003.0,0
20200518T,7069.0,7069.0,7069.0,7069.0,0
20200519T,12135.0,12135.0,12135.0,12135.0,0
20200520T,11893.0,11893.0,11893.0,11893.0,0
20200521T,12681.0,12681.0,12681.0,12681.0,0
20200522T,12731.0,12731.0,12731.0,12731.0,0
20200526T,12606.0,12606.0,12606.0,12606.0,0
20200527T,8982.0,8982.0,8982.0,8982.0,0
20200528T,7386.0,7386.0,7386.0,7386.0,0
20200529T,10206.0,10206.0,10206.0,10206.0,0
20200601T,10206.0,10206.0,10206.0,10206.0,0
20200602T,10609.0,10609.0,10609.0,10609.0,0
20200603T,11380.0,11380.0,11380.0,11380.0,0
20200604T,13238.0,13238.0,13238.0,13238.0,0
20200605T,13038.0,13038.0,13038.0,13038.0,0
20200608T,14390.0,14390.0,14390.0,14390.0,0
20200609T,16804.0,16804.0,16804.0,16804.0,0
20200610T,17474.0,17474.0,17474.0,17474.0,0
20200611T,18104.0,18104.0,18104.0,18104.0,0
20200612T,18481.0,18481.0,18481.0,18481.0,0
20200615T,19900.0,19900.0,19900.0,19900.0,0
20200616T,20371.0,20371.0,20371.0,20371.0,0
20200617T,20698.0,20698.0,20698.0,20698.0,0
20200618T,20434.0,20434.0,20434.0,20434.0,0
20200619T,20023.0,20023.0,20023.0,20023.0,0
20200622T,20495.0,20495.0,20495.0,20495.0,0
20200623T,20353.0,20353.0,20353.0,20353.0,0
20200624T,22558.0,22558.0,22558.0,22558.0,0
20200625T,18393.0,18393.0,18393.0,18393.0,0
20200626T,19445.0,19445.0,19445.0,19445.0,0
20200629T,19345.0,19345.0,19345.0,19345.0,0
20200630T,16002.0,16002.0,16002.0,16002.0,0
20200701T,16252.0,16252.0,16252.0,16252.0,0
20200702T,16412.0,16412.0,16412.0,16412.0,0
20200703T,20524.0,20524.0,20524.0,20524.0,0
20200706T,24524.0,24524.0,24524.0,24524.0,0
20200707T,26456.0,26456.0,26456.0,26456.0,0
20200708T,25065.0,25065.0,25065.0,25065.0,0
20200709T,25413.0,25413.0,25413.0,25413.0,0
20200710T,25738.0,25738.0,25738.0,25738.0,0
20200713T,26046.0,26046.0,26046.0,26046.0,0
20200714T,20110.0,20110.0,20110.0,20110.0,0
20200715T,24185.0,24185.0,24185.0,24185.0,0
20200716T,22546.0,22546.0,22546.0,22546.0,0
20200717T,24265.0,24265.0,24265.0,24265.0,0
20200720T,26434.0,26434.0,26434.0,26434.0,0
20200721T,29776.0,29776.0,29776.0,29776.0,0
20200722T,29897.0,29897.0,29897.0,29897.0,0
20200723T,32386.0,32386.0,32386.0,32386.0,0
20200724T,32386.0,32386.0,32386.0,32386.0,0
20200727T,35386.0,35386.0,35386.0,35386.0,0
20200728T,36394.0,36394.0,36394.0,36394.0,0
20200729T,36618.0,36618.0,36618.0,36618.0,0
20200730T,34619.0,34619.0,34619.0,34619.0,0
20200803T,30159.0,30159.0,30159.0,30159.0,0
20200804T,36293.0,36293.0,36293.0,36293.0,0
20200805T,36093.0,36093.0,36093.0,36093.0,0
20200806T,36366.0,36366.0,36366.0,36366.0,0
20200807T,37920.0,37920.0,37920.0,37920.0,0
20200810T,37989.0,37989.0,37989.0,37989.0,0
20200811T,38379.0,38379.0,38379.0,38379.0,0
20200812T,39879.0,39879.0,39879.0,39879.0,0
20200813T,39879.0,39879.0,39879.0,39879.0,0
20200814T,38079.0,38079.0,38079.0,38079.0,0
20200817T,37824.0,37824.0,37824.0,37824.0,0
20200818T,37824.0,37824.0,37824.0,37824.0,0
20200819T,37517.0,37517.0,37517.0,37517.0,0
20200820T,37517.0,37517.0,37517.0,37517.0,0
20200821T,37517.0,37517.0,37517.0,37517.0,0
20200824T,36801.0,36801.0,36801.0,36801.0,0
20200825T,37091.0,37091.0,37091.0,37091.0,0
20200826T,36560.0,36560.0,36560.0,36560.0,0
20200827T,36660.0,36660.0,36660.0,36660.0,0
20200828T,35621.0,35621.0,35621.0,35621.0,0
20200831T,35781.0,35781.0,35781.0,35781.0,0
20200901T,30558.0,30558.0,30558.0,30558.0,0
20200902T,32558.0,32558.0,32558.0,32558.0,0
20200903T,31719.0,31719.0,31719.0,31719.0,0
20200904T,28224.0,28224.0,28224.0,28224.0,0
20200907T,27224.0,27224.0,27224.0,27224.0,0
20200908T,30465.0,30465.0,30465.0,30465.0,0
20200909T,23675.0,23675.0,23675.0,23675.0,0
20200910T,29572.0,29572.0,29572.0,29572.0,0
20200911T,34757.0,34757.0,34757.0,34757.0,0
20200914T,35953.0,35953.0,35953.0,35953.0,0
20200915T,37796.0,37796.0,37796.0,37796.0,0
20200916T,39159.0,39159.0,39159.0,39159.0,0
20200917T,39310.0,39310.0,39310.0,39310.0,0
20200918T,37368.0,37368.0,37368.0,37368.0,0
20200921T,28798.0,28798.0,28798.0,28798.0,0
20200922T,25448.0,25448.0,25448.0,25448.0,0
20200923T,23031.0,23031.0,23031.0,23031.0,0
20200924T,21695.0,21695.0,21695.0,21695.0,0
20200925T,22463.0,22463.0,22463.0,22463.0,0
20200928T,26898.0,26898.0,26898.0,26898.0,0
20200929T,28013.0,28013.0,28013.0,28013.0,0
20200930T,27964.0,27964.0,27964.0,27964.0,0
20201001T,31370.0,31370.0,31370.0,31370.0,0
20201005T,30663.0,30663.0,30663.0,30663.0,0
20201006T,32301.0,32301.0,32301.0,32301.0,0
20201007T,34259.0,34259.0,34259.0,34259.0,0
20201008T,35425.0,35425.0,35425.0,35425.0,0
20201009T,35203.0,35203.0,35203.0,35203.0,0
20201012T,36707.0,36707.0,36707.0,36707.0,0
20201013T,37348.0,37348.0,37348.0,37348.0,0
20201014T,38121.0,38121.0,38121.0,38121.0,0
20201015T,37717.0,37717.0,37717.0,37717.0,0
20201016T,37627.0,37627.0,37627.0,37627.0,0
20201019T,39194.0,39194.0,39194.0,39194.0,0
20201020T,40121.0,40121.0,40121.0,40121.0,0
20201021T,40233.0,40233.0,40233.0,40233.0,0
20201022T,37872.0,37872.0,37872.0,37872.0,0
20201023T,39858.0,39858.0,39858.0,39858.0,0
20201026T,34726.0,34726.0,34726.0,34726.0,0
20201027T,34726.0,34726.0,34726.0,34726.0,0
20201028T,33391.0,33391.0,33391.0,33391.0,0
20201029T,32593.0,32593.0,32593.0,32593.0,0
20201030T,31381.0,31381.0,31381.0,31381.0,0
20201102T,29265.0,29265.0,29265.0,29265.0,0
20201103T,31683.0,31683.0,31683.0,31683.0,0
20201104T,34064.0,34064.0,34064.0,34064.0,0
20201105T,35336.0,35336.0,35336.0,35336.0,0
20201106T,35356.0,35356.0,35356.0,35356.0,0
20201109T,35254.0,35254.0,35254.0,35254.0,0
20201110T,35566.0,35566.0,35566.0,35566.0,0
20201111T,38009.0,38009.0,38009.0,38009.0,0
20201112T,38443.0,38443.0,38443.0,38443.0,0
20201113T,38463.0,38463.0,38463.0,38463.0,0
20201117T,38611.0,38611.0,38611.0,38611.0,0
20201118T,39111.0,39111.0,39111.0,39111.0,0
20201119T,38997.0,38997.0,38997.0,38997.0,0
20201120T,39253.0,39253.0,39253.0,39253.0,0
20201123T,38961.0,38961.0,38961.0,38961.0,0
20201124T,39056.0,39056.0,39056.0,39056.0,0
20201125T,40057.0,40057.0,40057.0,40057.0,0
20201126T,40498.0,40498.0,40498.0,40498.0,0
20201127T,41068.0,41068.0,41068.0,41068.0,0
20201201T,40406.0,40406.0,40406.0,40406.0,0
20201202T,41750.0,41750.0,41750.0,41750.0,0
20201203T,41745.0,41745.0,41745.0,41745.0,0
20201204T,42803.0,42803.0,42803.0,42803.0,0
20201207T,43230.0,43230.0,43230.0,43230.0,0
20201208T,45230.0,45230.0,45230.0,45230.0,0
20201209T,45230.0,45230.0,45230.0,45230.0,0
20201210T,45214.0,45214.0,45214.0,45214.0,0
20201211T,47033.0,47033.0,47033.0,47033.0,0
20201214T,47208.0,47208.0,47208.0,47208.0,0
20201215T,45808.0,45808.0,45808.0,45808.0,0
20201216T,45808.0,45808.0,45808.0,45808.0,0
20201217T,46149.0,46149.0,46149.0,46149.0,0
20201218T,46530.0,46530.0,46530.0,46530.0,0
20201221T,43833.0,43833.0,43833.0,43833.0,0
20201222T,39694.0,39694.0,39694.0,39694.0,0
20201223T,41252.0,41252.0,41252.0,41252.0,0
20201224T,43347.0,43347.0,43347.0,43347.0,0
20201228T,46126.0,46126.0,46126.0,46126.0,0
20201229T,46141.0,46141.0,46141.0,46141.0,0
20201230T,48047.0,48047.0,48047.0,48047.0,0
20201231T,46888.0,46888.0,46888.0,46888.0,0
20210101T,46862.0,46862.0,46862.0,46862.0,0
20210104T,48895.0,48895.0,48895.0,48895.0,0
20210105T,49525.0,49525.0,49525.0,49525.0,0
20210106T,43058.0,43058.0,43058.0,43058.0,0
20210107T,43728.0,43728.0,43728.0,43728.0,0
20210108T,43763.0,43763.0,43763.0,43763.0,0
20210111T,43763.0,43763.0,43763.0,43763.0,0
20210112T,43778.0,43778.0,43778.0,43778.0,0
20210113T,44211.0,44211.0,44211.0,44211.0,0
20210114T,44518.0,44518.0,44518.0,44518.0,0
20210115T,44772.0,44772.0,44772.0,44772.0,0
20210118T,47107.0,47107.0,47107.0,47107.0,0
20210119T,47187.0,47187.0,47187.0,47187.0,0
20210120T,49730.0,49730.0,49730.0,49730.0,0
20210121T,49375.0,49375.0,49375.0,49375.0,0
20210122T,42949.0,42949.0,42949.0,42949.0,0
20210125T,42716.0,42716.0,42716.0,42716.0,0
20210127T,33823.0,33823.0,33823.0,33823.0,0
20210128T,30223.0,30223.0,30223.0,30223.0,0
20210129T,31367.0,31367.0,31367.0,31367.0,0
20210201T,36877.0,36877.0,36877.0,36877.0,0
20210202T,42748.0,42748.0,42748.0,42748.0,0
20210203T,42429.0,42429.0,42429.0,42429.0,0
20210204T,42421.0,42421.0,42421.0,42421.0,0
20210205T,42421.0,42421.0,42421.0,42421.0,0
20210208T,41228.0,41228.0,41228.0,41228.0,0
20210209T,41228.0,41228.0,41228.0,41228.0,0
20210210T,41812.0,41812.0,41812.0,41812.0,0
20210211T,42040.0,42040.0,42040.0,42040.0,0
20210212T,41735.0,41735.0,41735.0,41735.0,0
20210215T,41735.0,41735.0,41735.0,41735.0,0
20210216T,41687.0,41687.0,41687.0,41687.0,0
20210217T,41655.0,41655.0,41655.0,41655.0,0
20210218T,43338.0,43338.0,43338.0,43338.0,0
20210219T,45377.0,45377.0,45377.0,45377.0,0
20210222T,46035.0,46035.0,46035.0,46035.0,0
20210223T,46023.0,46023.0,46023.0,46023.0,0
20210224T,46145.0,46145.0,46145.0,46145.0,0
20210225T,42437.0,42437.0,42437.0,42437.0,0
20210226T,33571.0,33571.0,33571.0,33571.0,0
20210301T,34291.0,34291.0,34291.0,34291.0,0
20210302T,33410.0,33410.0,33410.0,33410.0,0
20210303T,35730.0,35730.0,35730.0,35730.0,0
20210304T,44669.0,44669.0,44669.0,44669.0,0
20210305T,43788.0,43788.0,43788.0,43788.0,0
20210308T,45288.0,45288.0,45288.0,45288.0,0
20210309T,48187.0,48187.0,48187.0,48187.0,0
20210310T,51037.0,51037.0,51037.0,51037.0,0
20210312T,49740.0,49740.0,49740.0,49740.0,0
20210315T,44793.0,44793.0,44793.0,44793.0,0
20210316T,44829.0,44829.0,44829.0,44829.0,0
20210317T,37529.0,37529.0,37529.0,37529.0,0
20210318T,36498.0,36498.0,36498.0,36498.0,0
20210319T,36660.0,36660.0,36660.0,36660.0,0
20210322T,39214.0,39214.0,39214.0,39214.0,0
20210323T,39188.0,39188.0,39188.0,39188.0,0
20210324T,33999.0,33999.0,33999.0,33999.0,0
20210325T,26145.0,26145.0,26145.0,26145.0,0
20210326T,28158.0,28158.0,28158.0,28158.0,0
20210330T,27913.0,27913.0,27913.0,27913.0,0
20210331T,26300.0,26300.0,26300.0,26300.0,0
20210401T,26330.0,26330.0,26330.0,26330.0,0
20210405T,22461.0,22461.0,22461.0,22461.0,0
20210406T,23170.0,23170.0,23170.0,23170.0,0
20210407T,26955.0,26955.0,26955.0,26955.0,0
20210408T,27775.0,27775.0,27775.0,27775.0,0
20210409T,29108.0,29108.0,29108.0,29108.0,0
20210412T,29519.0,29519.0,29519.0,29519.0,0
20210413T,33960.0,33960.0,33960.0,33960.0,0
20210415T,41822.0,41822.0,41822.0,41822.0,0
20210416T,46246.0,46246.0,46246.0,46246.0,0
20210419T,40206.0,40206.0,40206.0,40206.0,0
20210420T,45913.0,45913.0,45913.0,45913.0,0
20210422T,46054.0,46054.0,46054.0,46054.0,0
20210423T,49201.0,49201.0,49201.0,49201.0,0
20210426T,51746.0,51746.0,51746.0,51746.0,0
20210427T,52399.0,52399.0,52399.0,52399.0,0
20210428T,46679.0,46679.0,46679.0,46679.0,0
20210429T,39699.0,39699.0,39699.0,39699.0,0
20210430T,35431.0,35431.0,35431.0,35431.0,0
20210503T,33656.0,33656.0,33656.0,33656.0,0
20210504T,34497.0,34497.0,34497.0,34497.0,0
20210505T,36495.0,36495.0,36495.0,36495.0,0
20210506T,39845.0,39845.0,39845.0,39845.0,0
20210507T,40242.0,40242.0,40242.0,40242.0,0
20210510T,40240.0,40240.0,40240.0,40240.0,0
20210511T,38757.0,38757.0,38757.0,38757.0,0
20210512T,36669.0,36669.0,36669.0,36669.0,0
20210514T,36151.0,36151.0,36151.0,36151.0,0
20210517T,39504.0,39504.0,39504.0,39504.0,0
20210518T,41460.0,41460.0,41460.0,41460.0,0
20210519T,40460.0,40460.0,40460.0,40460.0,0
20210520T,37460.0,37460.0,37460.0,37460.0,0
20210521T,41460.0,41460.0,41460.0,41460.0,0
20210524T,44810.0,44810.0,44810.0,44810.0,0
20210525T,43810.0,43810.0,43810.0,43810.0,0
20210526T,43650.0,43650.0,43650.0,43650.0,0
20210527T,43650.0,43650.0,43650.0,43650.0,0
20210528T,44640.0,44640.0,44640.0,44640.0,0
20210531T,44549.0,44549.0,44549.0,44549.0,0
20210601T,44555.0,44555.0,44555.0,44555.0,0
20210602T,41545.0,41545.0,41545.0,41545.0,0
20210603T,41546.0,41546.0,41546.0,41546.0,0
20210604T,41572.0,41572.0,41572.0,41572.0,0
20210607T,40572.0,40572.0,40572.0,40572.0,0
20210608T,41578.0,41578.0,41578.0,41578.0,0
20210609T,40176.0,40176.0,40176.0,40176.0,0
20210610T,40172.0,40172.0,40172.0,40172.0,0
20210611T,43167.0,43167.0,43167.0,43167.0,0
20210614T,42098.0,42098.0,42098.0,42098.0,0
20210615T,42098.0,42098.0,42098.0,42098.0,0
20210616T,40194.0,40194.0,40194.0,40194.0,0
20210617T,40107.0,40107.0,40107.0,40107.0,0
20210618T,37845.0,37845.0,37845.0,37845.0,0
20210621T,35854.0,35854.0,35854.0,35854.0,0
20210622T,45836.0,45836.0,45836.0,45836.0,0
20210623T,48849.0,48849.0,48849.0,48849.0,0
20210624T,54828.0,54828.0,54828.0,54828.0,0
20210625T,56780.0,56780.0,56780.0,56780.0,0
20210628T,56757.0,56757.0,56757.0,56757.0,0
20210629T,57275.0,57275.0,57275.0,57275.0,0
20210630T,57794.0,57794.0,57794.0,57794.0,0
20210701T,57834.0,57834.0,57834.0,57834.0,0
20210702T,57834.0,57834.0,57834.0,57834.0,0
20210705T,59799.0,59799.0,59799.0,59799.0,0
20210706T,59796.0,59796.0,59796.0,59796.0,0
20210707T,57794.0,57794.0,57794.0,57794.0,0
20210708T,53007.0,53007.0,53007.0,53007.0,0
20210709T,53097.0,53097.0,53097.0,53097.0,0
20210712T,53097.0,53097.0,53097.0,53097.0,0
20210713T,53097.0,53097.0,53097.0,53097.0,0
20210714T,53097.0,53097.0,53097.0,53097.0,0
20210715T,53033.0,53033.0,53033.0,53033.0,0
20210716T,53898.0,53898.0,53898.0,53898.0,0
20210719T,52712.0,52712.0,52712.0,52712.0,0
20210720T,51470.0,51470.0,51470.0,51470.0,0
20210722T,51427.0,51427.0,51427.0,51427.0,0
20210723T,51427.0,51427.0,51427.0,51427.0,0
20210726T,51421.0,51421.0,51421.0,51421.0,0
20210727T,50277.0,50277.0,50277.0,50277.0,0
20210728T,50134.0,50134.0,50134.0,50134.0,0
20210729T,51787.0,51787.0,51787.0,51787.0,0
20210730T,54999.0,54999.0,54999.0,54999.0,0
20210802T,55690.0,55690.0,55690.0,55690.0,0
20210803T,56520.0,56520.0,56520.0,56520.0,0
20210804T,61423.0,61423.0,61423.0,61423.0,0
20210805T,64423.0,64423.0,64423.0,64423.0,0
20210806T,65323.0,65323.0,65323.0,65323.0,0
20210809T,65424.0,65424.0,65424.0,65424.0,0
20210810T,65944.0,65944.0,65944.0,65944.0,0
20210811T,64807.0,64807.0,64807.0,64807.0,0
20210812T,64987.0,64987.0,64987.0,64987.0,0
20210813T,68183.0,68183.0,68183.0,68183.0,0
20210816T,71183.0,71183.0,71183.0,71183.0,0
20210817T,71557.0,71557.0,71557.0,71557.0,0
20210818T,76447.0,76447.0,76447.0,76447.0,0
20210820T,76277.0,76277.0,76277.0,76277.0,0
20210823T,76020.0,76020.0,76020.0,76020.0,0
20210824T,74031.0,74031.0,74031.0,74031.0,0
20210825T,77921.0,77921.0,77921.0,77921.0,0
20210826T,78261.0,78261.0,78261.0,78261.0,0
20210827T,78261.0,78261.0,78261.0,78261.0,0
20210830T,78541.0,78541.0,78541.0,78541.0,0
20210831T,80341.0,80341.0,80341.0,80341.0,0
20210901T,88492.0,88492.0,88492.0,88492.0,0
20210902T,88679.0,88679.0,88679.0,88679.0,0
20210903T,94044.0,94044.0,94044.0,94044.0,0
20210906T,93590.0,93590.0,93590.0,93590.0,0
20210907T,96549.0,96549.0,96549.0,96549.0,0
20210908T,98309.0,98309.0,98309.0,98309.0,0
20210909T,97974.0,97974.0,97974.0,97974.0,0
20210913T,97986.0,97986.0,97986.0,97986.0,0
20210914T,99100.0,99100.0,99100.0,99100.0,0
20210915T,100569.0,100569.0,100569.0,100569.0,0
20210916T,102457.0,102457.0,102457.0,102457.0,0
20210917T,105781.0,105781.0,105781.0,105781.0,0
20210920T,99649.0,99649.0,99649.0,99649.0,0
20210921T,99648.0,99648.0,99648.0,99648.0,0
20210922T,99653.0,99653.0,99653.0,99653.0,0
20210923T,100719.0,100719.0,100719.0,100719.0,0
20210924T,99089.0,99089.0,99089.0,99089.0,0
20210927T,99109.0,99109.0,99109.0,99109.0,0
20210928T,93058.0,93058.0,93058.0,93058.0,0
20210929T,91474.0,91474.0,91474.0,91474.0,0
20210930T,82233.0,82233.0,82233.0,82233.0,0
20211001T,84028.0,84028.0,84028.0,84028.0,0
20211004T,84028.0,84028.0,84028.0,84028.0,0
20211005T,84025.0,84025.0,84025.0,84025.0,0
20211006T,88367.0,88367.0,88367.0,88367.0,0
20211007T,87352.0,87352.0,87352.0,87352.0,0
20211008T,84646.0,84646.0,84646.0,84646.0,0
20211011T,83489.0,83489.0,83489.0,83489.0,0
20211012T,83513.0,83513.0,83513.0,83513.0,0
20211013T,81198.0,81198.0,81198.0,81198.0,0
20211014T,81558.0,81558.0,81558.0,81558.0,0
20211018T,80589.0,80589.0,80589.0,80589.0,0
20211019T,83279.0,83279.0,83279.0,83279.0,0
20211020T,84392.0,84392.0,84392.0,84392.0,0
20211021T,85899.0,85899.0,85899.0,85899.0,0
20211022T,87599.0,87599.0,87599.0,87599.0,0
20211025T,88339.0,88339.0,88339.0,88339.0,0
20211026T,89527.0,89527.0,89527.0,89527.0,0
20211027T,90728.0,90728.0,90728.0,90728.0,0
20211028T,90146.0,90146.0,90146.0,90146.0,0
20211029T,90146.0,90146.0,90146.0,90146.0,0
20211101T,90146.0,90146.0,90146.0,90146.0,0
20211102T,90226.0,90226.0,90226.0,90226.0,0
20211103T,91228.0,91228.0,91228.0,91228.0,0
20211108T,91180.0,91180.0,91180.0,91180.0,0
20211109T,91180.0,91180.0,91180.0,91180.0,0
20211110T,91202.0,91202.0,91202.0,91202.0,0
20211111T,90228.0,90228.0,90228.0,90228.0,0
20211112T,90212.0,90212.0,90212.0,90212.0,0
20211115T,90212.0,90212.0,90212.0,90212.0,0
20211116T,88236.0,88236.0,88236.0,88236.0,0
20211117T,87301.0,87301.0,87301.0,87301.0,0
20211118T,87315.0,87315.0,87315.0,87315.0,0
20211122T,86884.0,86884.0,86884.0,86884.0,0
20211123T,86875.0,86875.0,86875.0,86875.0,0
20211124T,86861.0,86861.0,86861.0,86861.0,0
20211125T,86849.0,86849.0,86849.0,86849.0,0
20211126T,86498.0,86498.0,86498.0,86498.0,0
20211129T,86629.0,86629.0,86629.0,86629.0,0
20211130T,86729.0,86729.0,86729.0,86729.0,0
20211201T,86754.0,86754.0,86754.0,86754.0,0
20211202T,86734.0,86734.0,86734.0,86734.0,0
20211203T,88117.0,88117.0,88117.0,88117.0,0
20211206T,89720.0,89720.0,89720.0,89720.0,0
20211207T,89720.0,89720.0,89720.0,89720.0,0
20211208T,86268.0,86268.0,86268.0,86268.0,0
20211209T,86268.0,86268.0,86268.0,86268.0,0
20211210T,86268.0,86268.0,86268.0,86268.0,0
20211213T,86280.0,86280.0,86280.0,86280.0,0
20211214T,85286.0,85286.0,85286.0,85286.0,0
20211215T,84608.0,84608.0,84608.0,84608.0,0
20211216T,85874.0,85874.0,85874.0,85874.0,0
20211217T,85446.0,85446.0,85446.0,85446.0,0
20211220T,77849.0,77849.0,77849.0,77849.0,0
20211221T,76629.0,76629.0,76629.0,76629.0,0
20211222T,77257.0,77257.0,77257.0,77257.0,0
20211223T,75803.0,75803.0,75803.0,75803.0,0
20211224T,75763.0,75763.0,75763.0,75763.0,0
20211227T,74663.0,74663.0,74663.0,74663.0,0
20211228T,74981.0,74981.0,74981.0,74981.0,0
20211229T,75325.0,75325.0,75325.0,75325.0,0
20211230T,73011.0,73011.0,73011.0,73011.0,0
20211231T,71232.0,71232.0,71232.0,71232.0,0
20220103T,71357.0,71357.0,71357.0,71357.0,0
20220104T,71340.0,71340.0,71340.0,71340.0,0
20220105T,71516.0,71516.0,71516.0,71516.0,0
20220106T,71516.0,71516.0,71516.0,71516.0,0
20220107T,71527.0,71527.0,71527.0,71527.0,0
20220110T,71527.0,71527.0,71527.0,71527.0,0
20220111T,71538.0,71538.0,71538.0,71538.0,0
20220112T,71549.0,71549.0,71549.0,71549.0,0
20220113T,71607.0,71607.0,71607.0,71607.0,0
20220114T,72835.0,72835.0,72835.0,72835.0,0
20220117T,72863.0,72863.0,72863.0,72863.0,0
20220118T,68481.0,68481.0,68481.0,68481.0,0
20220119T,64199.0,64199.0,64199.0,64199.0,0
20220120T,63999.0,63999.0,63999.0,63999.0,0
20220121T,59764.0,59764.0,59764.0,59764.0,0
20220124T,57532.0,57532.0,57532.0,57532.0,0
20220125T,54621.0,54621.0,54621.0,54621.0,0
20220127T,61433.0,61433.0,61433.0,61433.0,0
20220128T,58215.0,58215.0,58215.0,58215.0,0
20220131T,57443.0,57443.0,57443.0,57443.0,0
20220201T,59198.0,59198.0,59198.0,59198.0,0
20220202T,60005.0,60005.0,60005.0,60005.0,0
20220203T,59505.0,59505.0,59505.0,59505.0,0
20220204T,56523.0,56523.0,56523.0,56523.0,0
20220207T,51313.0,51313.0,51313.0,51313.0,0
20220208T,50693.0,50693.0,50693.0,50693.0,0
20220209T,53576.0,53576.0,53576.0,53576.0,0
20220210T,53559.0,53559.0,53559.0,53559.0,0
20220211T,50369.0,50369.0,50369.0,50369.0,0
20220214T,50520.0,50520.0,50520.0,50520.0,0
20220215T,47820.0,47820.0,47820.0,47820.0,0
20220216T,59524.0,59524.0,59524.0,59524.0,0
20220217T,64339.0,64339.0,64339.0,64339.0,0
20220218T,63340.0,63340.0,63340.0,63340.0,0
20220221T,61825.0,61825.0,61825.0,61825.0,0
20220222T,62728.0,62728.0,62728.0,62728.0,0
20220223T,64788.0,64788.0,64788.0,64788.0,0
20220224T,51123.0,51123.0,51123.0,51123.0,0
20220225T,66593.0,66593.0,66593.0,66593.0,0
20220228T,68469.0,68469.0,68469.0,68469.0,0
20220302T,61298.0,61298.0,61298.0,61298.0,0
20220303T,67297.0,67297.0,67297.0,67297.0,0
20220304T,60287.0,60287.0,60287.0,60287.0,0
20220307T,47064.0,47064.0,47064.0,47064.0,0
20220308T,42858.0,42858.0,42858.0,42858.0,0
20220309T,52788.0,52788.0,52788.0,52788.0,0
20220310T,56991.0,56991.0,56991.0,56991.0,0
20220311T,55491.0,55491.0,55491.0,55491.0,0
20220314T,61526.0,61526.0,61526.0,61526.0,0
20220315T,56131.0,56131.0,56131.0,56131.0,0
20220316T,57220.0,57220.0,57220.0,57220.0,0
20220317T,66220.0,66220.0,66220.0,66220.0,0
20220321T,66009.0,66009.0,66009.0,66009.0,0
20220322T,75736.0,75736.0,75736.0,75736.0,0
20220323T,76690.0,76690.0,76690.0,76690.0,0
20220324T,76716.0,76716.0,76716.0,76716.0,0
20220325T,74784.0,74784.0,74784.0,74784.0,0
20220328T,73800.0,73800.0,73800.0,73800.0,0
20220329T,73257.0,73257.0,73257.0,73257.0,0
20220330T,78657.0,78657.0,78657.0,78657.0,0
20220331T,78112.0,78112.0,78112.0,78112.0,0
20220401T,87092.0,87092.0,87092.0,87092.0,0
20220404T,87132.0,87132.0,87132.0,87132.0,0
20220405T,82135.0,82135.0,82135.0,82135.0,0
20220406T,76522.0,76522.0,76522.0,76522.0,0
20220407T,70930.0,70930.0,70930.0,70930.0,0
20220408T,73938.0,73938.0,73938.0,73938.0,0
20220411T,74055.0,74055.0,74055.0,74055.0,0
20220412T,65605.0,65605.0,65605.0,65605.0,0
20220413T,69992.0,69992.0,69992.0,69992.0,0
20220418T,62988.0,62988.0,62988.0,62988.0,0
20220419T,68165.0,68165.0,68165.0,68165.0,0
20220420T,69309.0,69309.0,69309.0,69309.0,0
20220421T,69365.0,69365.0,69365.0,69365.0,0
20220422T,64771.0,64771.0,64771.0,64771.0,0
20220425T,55411.0,55411.0,55411.0,55411.0,0
20220426T,58445.0,58445.0,58445.0,58445.0,0
20220427T,56231.0,56231.0,56231.0,56231.0,0
20220428T,71880.0,71880.0,71880.0,71880.0,0
20220429T,72928.0,72928.0,72928.0,72928.0,0
20220502T,73708.0,73708.0,73708.0,73708.0,0
20220504T,68565.0,68565.0,68565.0,68565.0,0
20220505T,72921.0,72921.0,72921.0,72921.0,0
20220506T,68567.0,68567.0,68567.0,68567.0,0
20220509T,63137.0,63137.0,63137.0,63137.0,0
20220510T,55079.0,55079.0,55079.0,55079.0,0
20220511T,54484.0,54484.0,54484.0,54484.0,0
20220512T,42593.0,42593.0,42593.0,42593.0,0
20220513T,38944.0,38944.0,38944.0,38944.0,0
20220516T,40454.0,40454.0,40454.0,40454.0,0
20220517T,45186.0,45186.0,45186.0,45186.0,0
20220518T,49168.0,49168.0,49168.0,49168.0,0
20220519T,43568.0,43568.0,43568.0,43568.0,0
20220520T,50562.0,50562.0,50562.0,50562.0,0
20220523T,55872.0,55872.0,55872.0,55872.0,0
20220524T,56249.0,56249.0,56249.0,56249.0,0
20220525T,55999.0,55999.0,55999.0,55999.0,0
20220526T,59106.0,59106.0,59106.0,59106.0,0
20220527T,62614.0,62614.0,62614.0,62614.0,0
20220530T,69756.0,69756.0,69756.0,69756.0,0
20220531T,68647.0,68647.0,68647.0,68647.0,0
20220601T,71304.0,71304.0,71304.0,71304.0,0
20220602T,75922.0,75922.0,75922.0,75922.0,0
20220603T,75826.0,75826.0,75826.0,75826.0,0
20220606T,81217.0,81217.0,81217.0,81217.0,0
20220607T,75513.0,75513.0,75513.0,75513.0,0
20220608T,72484.0,72484.0,72484.0,72484.0,0
20220609T,77312.0,77312.0,77312.0,77312.0,0
20220610T,67533.0,67533.0,67533.0,67533.0,0
20220613T,56279.0,56279.0,56279.0,56279.0,0
20220614T,50687.0,50687.0,50687.0,50687.0,0
20220615T,49090.0,49090.0,49090.0,49090.0,0
20220616T,38801.0,38801.0,38801.0,38801.0,0
20220617T,26045.0,26045.0,26045.0,26045.0,0
20220620T,20721.0,20721.0,20721.0,20721.0,0
20220621T,24531.0,24531.0,24531.0,24531.0,0
20220622T,24580.0,24580.0,24580.0,24580.0,0
20220623T,31511.0,31511.0,31511.0,31511.0,0
20220624T,33443.0,33443.0,33443.0,33443.0,0
20220627T,34129.0,34129.0,34129.0,34129.0,0
20220628T,42943.0,42943.0,42943.0,42943.0,0
20220629T,51945.0,51945.0,51945.0,51945.0,0
20220630T,52379.0,52379.0,52379.0,52379.0,0
20220701T,49044.0,49044.0,49044.0,49044.0,0
20220704T,43283.0,43283.0,43283.0,43283.0,0
20220705T,47243.0,47243.0,47243.0,47243.0,0
20220706T,45479.0,45479.0,45479.0,45479.0,0
20220707T,46394.0,46394.0,46394.0,46394.0,0
20220708T,51414.0,51414.0,51414.0,51414.0,0
20220711T,59020.0,59020.0,59020.0,59020.0,0
20220712T,56560.0,56560.0,56560.0,56560.0,0
20220713T,42760.0,42760.0,42760.0,42760.0,0
20220714T,41192.0,41192.0,41192.0,41192.0,0
20220715T,37392.0,37392.0,37392.0,37392.0,0
20220718T,38352.0,38352.0,38352.0,38352.0,0
20220719T,40342.0,40342.0,40342.0,40342.0,0
20220720T,37726.0,37726.0,37726.0,37726.0,0
20220721T,38657.0,38657.0,38657.0,38657.0,0
20220722T,39507.0,39507.0,39507.0,39507.0,0
20220725T,39471.0,39471.0,39471.0,39471.0,0
20220726T,38655.0,38655.0,38655.0,38655.0,0
20220727T,39055.0,39055.0,39055.0,39055.0,0
20220728T,42688.0,42688.0,42688.0,42688.0,0
20220729T,41717.0,41717.0,41717.0,41717.0,0
20220801T,47103.0,47103.0,47103.0,47103.0,0
20220802T,49608.0,49608.0,49608.0,49608.0,0
20220803T,53080.0,53080.0,53080.0,53080.0,0
20220804T,49162.0,49162.0,49162.0,49162.0,0
20220805T,50294.0,50294.0,50294.0,50294.0,0
20220808T,60060.0,60060.0,60060.0,60060.0,0
20220810T,62944.0,62944.0,62944.0,62944.0,0
20220811T,66344.0,66344.0,66344.0,66344.0,0
20220812T,67244.0,67244.0,67244.0,67244.0,0
20220816T,69188.0,69188.0,69188.0,69188.0,0
20220817T,69183.0,69183.0,69183.0,69183.0,0
20220818T,72478.0,72478.0,72478.0,72478.0,0
20220819T,68491.0,68491.0,68491.0,68491.0,0
20220822T,58585.0,58585.0,58585.0,58585.0,0
20220823T,58542.0,58542.0,58542.0,58542.0,0
20220824T,61655.0,61655.0,61655.0,61655.0,0
20220825T,60905.0,60905.0,60905.0,60905.0,0
20220826T,60632.0,60632.0,60632.0,60632.0,0
20220829T,57875.0,57875.0,57875.0,57875.0,0
20220830T,67875.0,67875.0,67875.0,67875.0,0
20220901T,64875.0,64875.0,64875.0,64875.0,0
20220902T,58375.0,58375.0,58375.0,58375.0,0
20220905T,60757.0,60757.0,60757.0,60757.0,0
20220906T,65757.0,65757.0,65757.0,65757.0,0
20220907T,60659.0,60659.0,60659.0,60659.0,0
20220908T,60002.0,60002.0,60002.0,60002.0,0
20220909T,62341.0,62341.0,62341.0,62341.0,0
20220912T,66641.0,66641.0,66641.0,66641.0,0
20220913T,75470.0,75470.0,75470.0,75470.0,0
20220914T,78441.0,78441.0,78441.0,78441.0,0
20220915T,75104.0,75104.0,75104.0,75104.0,0
20220916T,59645.0,59645.0,59645.0,59645.0,0
20220919T,60862.0,60862.0,60862.0,60862.0,0
20220920T,70662.0,70662.0,70662.0,70662.0,0
20220921T,68691.0,68691.0,68691.0,68691.0,0
20220922T,72341.0,72341.0,72341.0,72341.0,0
20220923T,60028.0,60028.0,60028.0,60028.0,0
20220926T,52119.0,52119.0,52119.0,52119.0,0
20220927T,52879.0,52879.0,52879.0,52879.0,0
20220928T,50567.0,50567.0,50567.0,50567.0,0
20220929T,53765.0,53765.0,53765.0,53765.0,0
20220930T,59431.0,59431.0,59431.0,59431.0,0
20221003T,56103.0,56103.0,56103.0,56103.0,0
20221004T,68911.0,68911.0,68911.0,68911.0,0
20221006T,81274.0,81274.0,81274.0,81274.0,0
20221007T,85730.0,85730.0,85730.0,85730.0,0
20221010T,91512.0,91512.0,91512.0,91512.0,0
20221011T,87047.0,87047.0,87047.0,87047.0,0
20221012T,86368.0,86368.0,86368.0,86368.0,0
20221013T,83050.0,83050.0,83050.0,83050.0,0
20221014T,89364.0,89364.0,89364.0,89364.0,0
20221017T,87314.0,87314.0,87314.0,87314.0,0
20221018T,84360.0,84360.0,84360.0,84360.0,0
20221019T,89219.0,89219.0,89219.0,89219.0,0
20221020T,90785.0,90785.0,90785.0,90785.0,0
20221021T,93693.0,93693.0,93693.0,93693.0,0
20221025T,97985.0,97985.0,97985.0,97985.0,0
20221027T,93995.0,93995.0,93995.0,93995.0,0
20221028T,95948.0,95948.0,95948.0,95948.0,0
20221031T,95104.0,95104.0,95104.0,95104.0,0
20221101T,94072.0,94072.0,94072.0,94072.0,0
20221102T,93796.0,93796.0,93796.0,93796.0,0
20221103T,93697.0,93697.0,93697.0,93697.0,0
20221104T,93749.0,93749.0,93749.0,93749.0,0
20221107T,93879.0,93879.0,93879.0,93879.0,0
20221109T,93879.0,93879.0,93879.0,93879.0,0
20221110T,93167.0,93167.0,93167.0,93167.0,0
20221111T,93164.0,93164.0,93164.0,93164.0,0
20221114T,93067.0,93067.0,93067.0,93067.0,0
20221115T,93467.0,93467.0,93467.0,93467.0,0
20221116T,93317.0,93317.0,93317.0,93317.0,0
20221117T,94316.0,94316.0,94316.0,94316.0,0
20221118T,95413.0,95413.0,95413.0,95413.0,0
20221121T,96300.0,96300.0,96300.0,96300.0,0
20221122T,95572.0,95572.0,95572.0,95572.0,0
20221123T,96072.0,96072.0,96072.0,96072.0,0
20221124T,89618.0,89618.0,89618.0,89618.0,0
20221125T,86818.0,86818.0,86818.0,86818.0,0
20221128T,86817.0,86817.0,86817.0,86817.0,0
20221129T,86817.0,86817.0,86817.0,86817.0,0
20221130T,83143.0,83143.0,83143.0,83143.0,0
20221201T,82473.0,82473.0,82473.0,82473.0,0
20221202T,82326.0,82326.0,82326.0,82326.0,0
20221205T,80676.0,80676.0,80676.0,80676.0,0
20221206T,76176.0,76176.0,76176.0,76176.0,0
20221207T,70326.0,70326.0,70326.0,70326.0,0
20221208T,70922.0,70922.0,70922.0,70922.0,0
20221209T,67872.0,67872.0,67872.0,67872.0,0
20221212T,65872.0,65872.0,65872.0,65872.0,0
20221213T,65772.0,65772.0,65772.0,65772.0,0
20221214T,70772.0,70772.0,70772.0,70772.0,0
20221215T,68727.0,68727.0,68727.0,68727.0,0
20221216T,65938.0,65938.0,65938.0,65938.0,0
20221219T,65938.0,65938.0,65938.0,65938.0,0
20221220T,71417.0,71417.0,71417.0,71417.0,0
20221221T,68706.0,68706.0,68706.0,68706.0,0
20221222T,70075.0,70075.0,70075.0,70075.0,0
20221223T,57137.0,57137.0,57137.0,57137.0,0
20221226T,73477.0,73477.0,73477.0,73477.0,0
20221227T,82377.0,82377.0,82377.0,82377.0,0
20221228T,81968.0,81968.0,81968.0,81968.0,0
20221229T,81956.0,81956.0,81956.0,81956.0,0
20221230T,80232.0,80232.0,80232.0,80232.0,0
20230102T,80532.0,80532.0,80532.0,80532.0,0
20230103T,79632.0,79632.0,79632.0,79632.0,0
20230104T,77545.0,77545.0,77545.0,77545.0,0
20230105T,76648.0,76648.0,76648.0,76648.0,0
20230106T,72059.0,72059.0,72059.0,72059.0,0
20230109T,75959.0,75959.0,75959.0,75959.0,0
20230110T,69991.0,69991.0,69991.0,69991.0,0
20230111T,71483.0,71483.0,71483.0,71483.0,0
20230112T,71412.0,71412.0,71412.0,71412.0,0
20230113T,69369.0,69369.0,69369.0,69369.0,0
20230116T,67369.0,67369.0,67369.0,67369.0,0
20230117T,71369.0,71369.0,71369.0,71369.0,0
20230118T,75790.0,75790.0,75790.0,75790.0,0
20230119T,75742.0,75742.0,75742.0,75742.0,0
20230120T,80577.0,80577.0,80577.0,80577.0,0
20230123T,81122.0,81122.0,81122.0,81122.0,0
20230124T,83717.0,83717.0,83717.0,83717.0,0
20230125T,68147.0,68147.0,68147.0,68147.0,0
20230127T,59324.0,59324.0,59324.0,59324.0,0
20230130T,46982.0,46982.0,46982.0,46982.0,0
20230131T,31182.0,31182.0,31182.0,31182.0,0
20230201T,28492.0,28492.0,28492.0,28492.0,0
20230202T,23710.0,23710.0,23710.0,23710.0,0
20230203T,24461.0,24461.0,24461.0,24461.0,0
20230206T,22461.0,22461.0,22461.0,22461.0,0
20230207T,22551.0,22551.0,22551.0,22551.0,0
20230208T,29961.0,29961.0,29961.0,29961.0,0
20230209T,29461.0,29461.0,29461.0,29461.0,0
20230210T,29601.0,29601.0,29601.0,29601.0,0
20230213T,36405.0,36405.0,36405.0,36405.0,0
20230214T,38430.0,38430.0,38430.0,38430.0,0
20230215T,39480.0,39480.0,39480.0,39480.0,0
20230216T,39410.0,39410.0,39410.0,39410.0,0
20230217T,36398.0,36398.0,36398.0,36398.0,0
20230220T,37842.0,37842.0,37842.0,37842.0,0
20230221T,39942.0,39942.0,39942.0,39942.0,0
20230222T,34311.0,34311.0,34311.0,34311.0,0
20230223T,27877.0,27877.0,27877.0,27877.0,0
20230224T,27897.0,27897.0,27897.0,27897.0,0
20230227T,22508.0,22508.0,22508.0,22508.0,0
20230228T,21719.0,21719.0,21719.0,21719.0,0
20230301T,21579.0,21579.0,21579.0,21579.0,0
20230302T,21526.0,21526.0,21526.0,21526.0,0
20230303T,20489.0,20489.0,20489.0,20489.0,0
20230306T,21966.0,21966.0,21966.0,21966.0,0
20230308T,22386.0,22386.0,22386.0,22386.0,0
20230309T,20991.0,20991.0,20991.0,20991.0,0
20230310T,22121.0,22121.0,22121.0,22121.0,0
20230313T,23692.0,23692.0,23692.0,23692.0,0
20230314T,21547.0,21547.0,21547.0,21547.0,0
20230315T,21547.0,21547.0,21547.0,21547.0,0
20230316T,20743.0,20743.0,20743.0,20743.0,0
20230317T,20314.0,20314.0,20314.0,20314.0,0
20230320T,18432.0,18432.0,18432.0,18432.0,0
20230321T,18332.0,18332.0,18332.0,18332.0,0
20230322T,18332.0,18332.0,18332.0,18332.0,0
20230323T,15092.0,15092.0,15092.0,15092.0,0
20230324T,14034.0,14034.0,14034.0,14034.0,0
20230327T,14409.0,14409.0,14409.0,14409.0,0
20230328T,14409.0,14409.0,14409.0,14409.0,0
20230329T,16170.0,16170.0,16170.0,16170.0,0
20230331T,14926.0,14926.0,14926.0,14926.0,0
20230403T,14899.0,14899.0,14899.0,14899.0,0
20230405T,17059.0,17059.0,17059.0,17059.0,0
20230406T,18026.0,18026.0,18026.0,18026.0,0
20230410T,18805.0,18805.0,18805.0,18805.0,0
20230411T,18805.0,18805.0,18805.0,18805.0,0
20230412T,20585.0,20585.0,20585.0,20585.0,0
20230413T,32585.0,32585.0,32585.0,32585.0,0
20230417T,25585.0,25585.0,25585.0,25585.0,0
20230418T,20710.0,20710.0,20710.0,20710.0,0
20230419T,18710.0,18710.0,18710.0,18710.0,0
20230420T,16710.0,16710.0,16710.0,16710.0,0
20230421T,15534.0,15534.0,15534.0,15534.0,0
20230424T,19534.0,19534.0,19534.0,19534.0,0
20230425T,25534.0,25534.0,25534.0,25534.0,0
20230426T,31556.0,31556.0,31556.0,31556.0,0
20230427T,26556.0,26556.0,26556.0,26556.0,0
20230428T,30556.0,30556.0,30556.0,30556.0,0
20230502T,33561.0,33561.0,33561.0,33561.0,0
20230503T,30704.0,30704.0,30704.0,30704.0,0
20230504T,31204.0,31204.0,31204.0,31204.0,0
20230505T,27101.0,27101.0,27101.0,27101.0,0
20230508T,37401.0,37401.0,37401.0,37401.0,0
20230509T,39480.0,39480.0,39480.0,39480.0,0
20230510T,37343.0,37343.0,37343.0,37343.0,0
20230511T,40283.0,40283.0,40283.0,40283.0,0
20230512T,41142.0,41142.0,41142.0,41142.0,0
20230515T,47733.0,47733.0,47733.0,47733.0,0
20230516T,43933.0,43933.0,43933.0,43933.0,0
20230517T,37933.0,37933.0,37933.0,37933.0,0
20230518T,39022.0,39022.0,39022.0,39022.0,0
20230519T,37022.0,37022.0,37022.0,37022.0,0
20230522T,43940.0,43940.0,43940.0,43940.0,0
20230523T,44458.0,44458.0,44458.0,44458.0,0
20230524T,47769.0,47769.0,47769.0,47769.0,0
20230525T,45416.0,45416.0,45416.0,45416.0,0
20230526T,51416.0,51416.0,51416.0,51416.0,0
20230529T,56416.0,56416.0,56416.0,56416.0,0
20230530T,56416.0,56416.0,56416.0,56416.0,0
20230531T,51416.0,51416.0,51416.0,51416.0,0
20230601T,44416.0,44416.0,44416.0,44416.0,0
20230602T,46889.0,46889.0,46889.0,46889.0,0
20230605T,48996.0,48996.0,48996.0,48996.0,0
20230606T,44996.0,44996.0,44996.0,44996.0,0
20230607T,46762.0,46762.0,46762.0,46762.0,0
20230608T,46882.0,46882.0,46882.0,46882.0,0
20230609T,40856.0,40856.0,40856.0,40856.0,0
20230612T,41790.0,41790.0,41790.0,41790.0,0
20230613T,44290.0,44290.0,44290.0,44290.0,0
20230614T,43965.0,43965.0,43965.0,43965.0,0
20230615T,41978.0,41978.0,41978.0,41978.0,0
20230616T,46964.0,46964.0,46964.0,46964.0,0
20230619T,45614.0,45614.0,45614.0,45614.0,0
20230620T,45614.0,45614.0,45614.0,45614.0,0
20230621T,49124.0,49124.0,49124.0,49124.0,0
20230622T,50919.0,50919.0,50919.0,50919.0,0
20230623T,44919.0,44919.0,44919.0,44919.0,0
20230626T,47306.0,47306.0,47306.0,47306.0,0
20230627T,51474.0,51474.0,51474.0,51474.0,0
20230628T,55176.0,55176.0,55176.0,55176.0,0
20230630T,55176.0,55176.0,55176.0,55176.0,0
20230703T,50666.0,50666.0,50666.0,50666.0,0
20230704T,50901.0,50901.0,50901.0,50901.0,0
20230705T,50983.0,50983.0,50983.0,50983.0,0
20230706T,53958.0,53958.0,53958.0,53958.0,0
20230707T,58471.0,58471.0,58471.0,58471.0,0
20230710T,58471.0,58471.0,58471.0,58471.0,0
20230711T,56726.0,56726.0,56726.0,56726.0,0
20230712T,56681.0,56681.0,56681.0,56681.0,0
20230713T,57141.0,57141.0,57141.0,57141.0,0
20230714T,62141.0,62141.0,62141.0,62141.0,0
20230717T,69066.0,69066.0,69066.0,69066.0,0
20230718T,69066.0,69066.0,69066.0,69066.0,0
20230719T,69070.0,69070.0,69070.0,69070.0,0
20230720T,74347.0,74347.0,74347.0,74347.0,0
20230721T,74343.0,74343.0,74343.0,74343.0,0
20230724T,74349.0,74349.0,74349.0,74349.0,0
20230725T,74349.0,74349.0,74349.0,74349.0,0
20230726T,74394.0,74394.0,74394.0,74394.0,0
20230727T,74488.0,74488.0,74488.0,74488.0,0
20230728T,77088.0,77088.0,77088.0,77088.0,0
20230731T,77088.0,77088.0,77088.0,77088.0,0
20230801T,72216.0,72216.0,72216.0,72216.0,0
20230802T,66131.0,66131.0,66131.0,66131.0,0
20230803T,64475.0,64475.0,64475.0,64475.0,0
20230804T,64495.0,64495.0,64495.0,64495.0,0
20230807T,66195.0,66195.0,66195.0,66195.0,0
20230808T,66195.0,66195.0,66195.0,66195.0,0
20230809T,67190.0,67190.0,67190.0,67190.0,0
20230810T,67156.0,67156.0,67156.0,67156.0,0
20230811T,69063.0,69063.0,69063.0,69063.0,0
20230814T,69092.0,69092.0,69092.0,69092.0,0
20230816T,69091.0,69091.0,69091.0,69091.0,0
20230817T,69079.0,69079.0,69079.0,69079.0,0
20230818T,69080.0,69080.0,69080.0,69080.0,0
20230821T,68905.0,68905.0,68905.0,68905.0,0
20230822T,68905.0,68905.0,68905.0,68905.0,0
20230823T,68291.0,68291.0,68291.0,68291.0,0
20230824T,67762.0,67762.0,67762.0,67762.0,0
20230825T,67762.0,67762.0,67762.0,67762.0,0
20230828T,67298.0,67298.0,67298.0,67298.0,0
20230829T,67569.0,67569.0,67569.0,67569.0,0
20230830T,67569.0,67569.0,67569.0,67569.0,0
20230831T,67569.0,67569.0,67569.0,67569.0,0
20230901T,67562.0,67562.0,67562.0,67562.0,0
20230904T,67524.0,67524.0,67524.0,67524.0,0
20230905T,67524.0,67524.0,67524.0,67524.0,0
20230906T,67524.0,67524.0,67524.0,67524.0,0
20230907T,67118.0,67118.0,67118.0,67118.0,0
20230908T,67258.0,67258.0,67258.0,67258.0,0
20230911T,65377.0,65377.0,65377.0,65377.0,0
20230912T,65415.0,65415.0,65415.0,65415.0,0
20230913T,65429.0,65429.0,65429.0,65429.0,0
20230914T,65419.0,65419.0,65419.0,65419.0,0
20230915T,65431.0,65431.0,65431.0,65431.0,0
20230918T,65431.0,65431.0,65431.0,65431.0,0
20230920T,65831.0,65831.0,65831.0,65831.0,0
20230921T,67831.0,67831.0,67831.0,67831.0,0
20230922T,67778.0,67778.0,67778.0,67778.0,0
20230925T,67652.0,67652.0,67652.0,67652.0,0
20230926T,69252.0,69252.0,69252.0,69252.0,0
20230927T,69235.0,69235.0,69235.0,69235.0,0
20230928T,69222.0,69222.0,69222.0,69222.0,0
20230929T,69222.0,69222.0,69222.0,69222.0,0
20231003T,69222.0,69222.0,69222.0,69222.0,0
20231004T,68959.0,68959.0,68959.0,68959.0,0
20231005T,69716.0,69716.0,69716.0,69716.0,0
20231006T,73726.0,73726.0,73726.0,73726.0,0
20231009T,69088.0,69088.0,69088.0,69088.0,0
20231010T,68774.0,68774.0,68774.0,68774.0,0
20231011T,68784.0,68784.0,68784.0,68784.0,0
20231012T,68784.0,68784.0,68784.0,68784.0,0
20231013T,68779.0,68779.0,68779.0,68779.0,0
20231016T,68880.0,68880.0,68880.0,68880.0,0
20231017T,69430.0,69430.0,69430.0,69430.0,0
20231018T,66408.0,66408.0,66408.0,66408.0,0
20231019T,67046.0,67046.0,67046.0,67046.0,0
20231020T,67062.0,67062.0,67062.0,67062.0,0
20231023T,71904.0,71904.0,71904.0,71904.0,0
20231025T,72454.0,72454.0,72454.0,72454.0,0
20231026T,61278.0,61278.0,61278.0,61278.0,0
20231027T,61416.0,61416.0,61416.0,61416.0,0
20231030T,61716.0,61716.0,61716.0,61716.0,0
20231031T,60813.0,60813.0,60813.0,60813.0,0
20231101T,61188.0,61188.0,61188.0,61188.0,0
20231102T,61396.0,61396.0,61396.0,61396.0,0
20231103T,61284.0,61284.0,61284.0,61284.0,0
20231106T,60180.0,60180.0,60180.0,60180.0,0
20231107T,60180.0,60180.0,60180.0,60180.0,0
20231108T,60180.0,60180.0,60180.0,60180.0,0
20231109T,60174.0,60174.0,60174.0,60174.0,0
20231110T,60178.0,60178.0,60178.0,60178.0,0
20231113T,58802.0,58802.0,58802.0,58802.0,0
20231115T,57546.0,57546.0,57546.0,57546.0,0
20231116T,56554.0,56554.0,56554.0,56554.0,0
20231117T,56554.0,56554.0,56554.0,56554.0,0
20231120T,56554.0,56554.0,56554.0,56554.0,0
20231121T,57554.0,57554.0,57554.0,57554.0,0
20231122T,57554.0,57554.0,57554.0,57554.0,0
20231123T,57554.0,57554.0,57554.0,57554.0,0
20231124T,57554.0,57554.0,57554.0,57554.0,0
20231128T,55221.0,55221.0,55221.0,55221.0,0
20231129T,55221.0,55221.0,55221.0,55221.0,0
20231130T,51236.0,51236.0,51236.0,51236.0,0
20231201T,51236.0,51236.0,51236.0,51236.0,0
20231204T,49436.0,49436.0,49436.0,49436.0,0
20231205T,48431.0,48431.0,48431.0,48431.0,0
20231206T,48431.0,48431.0,48431.0,48431.0,0
20231207T,48431.0,48431.0,48431.0,48431.0,0
20231208T,48431.0,48431.0,48431.0,48431.0,0
20231211T,48905.0,48905.0,48905.0,48905.0,0
20231212T,49142.0,49142.0,49142.0,49142.0,0
20231213T,49083.0,49083.0,49083.0,49083.0,0
20231214T,55318.0,55318.0,55318.0,55318.0,0
20231215T,54322.0,54322.0,54322.0,54322.0,0
20231218T,54304.0,54304.0,54304.0,54304.0,0
20231219T,64456.0,64456.0,64456.0,64456.0,0
20231220T,59456.0,59456.0,59456.0,59456.0,0
20231221T,56368.0,56368.0,56368.0,56368.0,0
20231222T,64452.0,64452.0,64452.0,64452.0,0
20231226T,67452.0,67452.0,67452.0,67452.0,0
20231227T,67452.0,67452.0,67452.0,67452.0,0
20231228T,68354.0,68354.0,68354.0,68354.0,0
20231229T,73611.0,73611.0,73611.0,73611.0,0
20240101T,73647.0,73647.0,73647.0,73647.0,0
20240102T,74099.0,74099.0,74099.0,74099.0,0
20240103T,77605.0,77605.0,77605.0,77605.0,0
20240104T,78040.0,78040.0,78040.0,78040.0,0
20240105T,78034.0,78034.0,78034.0,78034.0,0
20240108T,79049.0,79049.0,79049.0,79049.0,0
20240109T,79064.0,79064.0,79064.0,79064.0,0
20240110T,77068.0,77068.0,77068.0,77068.0,0
20240111T,81468.0,81468.0,81468.0,81468.0,0
20240112T,81368.0,81368.0,81368.0,81368.0,0
20240115T,85822.0,85822.0,85822.0,85822.0,0
20240116T,85846.0,85846.0,85846.0,85846.0,0
20240117T,85782.0,85782.0,85782.0,85782.0,0
20240118T,86568.0,86568.0,86568.0,86568.0,0
20240119T,88804.0,88804.0,88804.0,88804.0,0
20240123T,86429.0,86429.0,86429.0,86429.0,0
20240124T,91725.0,91725.0,91725.0,91725.0,0
20240125T,90925.0,90925.0,90925.0,90925.0,0
20240129T,95773.0,95773.0,95773.0,95773.0,0
20240130T,97216.0,97216.0,97216.0,97216.0,0
20240131T,91216.0,91216.0,91216.0,91216.0,0
20240201T,88916.0,88916.0,88916.0,88916.0,0
20240202T,90258.0,90258.0,90258.0,90258.0,0
20240205T,90258.0,90258.0,90258.0,90258.0,0
20240206T,90258.0,90258.0,90258.0,90258.0,0
20240207T,88258.0,88258.0,88258.0,88258.0,0
20240208T,83258.0,83258.0,83258.0,83258.0,0
20240209T,80758.0,80758.0,80758.0,80758.0,0
20240212T,78258.0,78258.0,78258.0,78258.0,0
20240213T,75984.0,75984.0,75984.0,75984.0,0
20240214T,77990.0,77990.0,77990.0,77990.0,0
20240215T,75520.0,75520.0,75520.0,75520.0,0
20240216T,77755.0,77755.0,77755.0,77755.0,0
20240219T,77755.0,77755.0,77755.0,77755.0,0
20240220T,82755.0,82755.0,82755.0,82755.0,0
20240221T,79986.0,79986.0,79986.0,79986.0,0
20240223T,83980.0,83980.0,83980.0,83980.0,0
20240226T,83980.0,83980.0,83980.0,83980.0,0
20240227T,87980.0,87980.0,87980.0,87980.0,0
20240228T,87980.0,87980.0,87980.0,87980.0,0
20240229T,82034.0,82034.0,82034.0,82034.0,0
20240301T,89587.0,89587.0,89587.0,89587.0,0
20240304T,89587.0,89587.0,89587.0,89587.0,0
20240305T,85754.0,85754.0,85754.0,85754.0,0
20240306T,85754.0,85754.0,85754.0,85754.0,0
20240307T,86318.0,86318.0,86318.0,86318.0,0
20240311T,78218.0,78218.0,78218.0,78218.0,0
20240312T,80668.0,80668.0,80668.0,80668.0,0
20240313T,71285.0,71285.0,71285.0,71285.0,0
20240314T,71233.0,71233.0,71233.0,71233.0,0
20240315T,71229.0,71229.0,71229.0,71229.0,0
20240318T,75650.0,75650.0,75650.0,75650.0,0
20240319T,60062.0,60062.0,60062.0,60062.0,0
20240320T,65021.0,65021.0,65021.0,65021.0,0
20240321T,64965.0,64965.0,64965.0,64965.0,0
20240322T,60417.0,60417.0,60417.0,60417.0,0
20240326T,53458.0,53458.0,53458.0,53458.0,0
20240327T,54458.0,54458.0,54458.0,54458.0,0
20240328T,46724.0,46724.0,46724.0,46724.0,0
20240401T,46724.0,46724.0,46724.0,46724.0,0
20240402T,47400.0,47400.0,47400.0,47400.0,0
20240403T,47400.0,47400.0,47400.0,47400.0,0
20240404T,47057.0,47057.0,47057.0,47057.0,0
20240405T,47490.0,47490.0,47490.0,47490.0,0
20240408T,50990.0,50990.0,50990.0,50990.0,0
20240409T,53234.0,53234.0,53234.0,53234.0,0
20240410T,56340.0,56340.0,56340.0,56340.0,0
20240412T,53540.0,53540.0,53540.0,53540.0,0
20240415T,53870.0,53870.0,53870.0,53870.0,0
20240416T,54267.0,54267.0,54267.0,54267.0,0
20240418T,54767.0,54767.0,54767.0,54767.0,0
20240419T,54369.0,54369.0,54369.0,54369.0,0
20240422T,55762.0,55762.0,55762.0,55762.0,0
20240423T,55747.0,55747.0,55747.0,55747.0,0
20240424T,54897.0,54897.0,54897.0,54897.0,0
20240425T,51219.0,51219.0,51219.0,51219.0,0
20240426T,102432.0,102432.0,102432.0,102432.0,0
20240429T,102465.0,102465.0,102465.0,102465.0,0
20240430T,102572.0,102572.0,102572.0,102572.0,0
20240502T,102642.0,102642.0,102642.0,102642.0,0
20240503T,102878.0,102878.0,102878.0,102878.0,0
20240506T,103496.0,103496.0,103496.0,103496.0,0
20240507T,103078.0,103078.0,103078.0,103078.0,0
20240508T,101868.0,101868.0,101868.0,101868.0,0
20240509T,100701.0,100701.0,100701.0,100701.0,0
20240510T,102701.0,102701.0,102701.0,102701.0,0
20240513T,102084.0,102084.0,102084.0,102084.0,0
20240514T,102036.0,102036.0,102036.0,102036.0,0
20240515T,101833.0,101833.0,101833.0,101833.0,0
20240516T,101433.0,101433.0,101433.0,101433.0,0
20240517T,101147.0,101147.0,101147.0,101147.0,0
20240521T,101147.0,101147.0,101147.0,101147.0,0
20240522T,101093.0,101093.0,101093.0,101093.0,0
20240523T,104093.0,104093.0,104093.0,104093.0,0
20240524T,104093.0,104093.0,104093.0,104093.0,0
20240527T,104093.0,104093.0,104093.0,104093.0,0
20240528T,104075.0,104075.0,104075.0,104075.0,0
20240529T,110245.0,110245.0,110245.0,110245.0,0
20240530T,111725.0,111725.0,111725.0,111725.0,0
20240531T,113711.0,113711.0,113711.0,113711.0,0
20240603T,112569.0,112569.0,112569.0,112569.0,0
20240604T,102567.0,102567.0,102567.0,102567.0,0
20240605T,102061.0,102061.0,102061.0,102061.0,0
20240606T,102061.0,102061.0,102061.0,102061.0,0
20240607T,102061.0,102061.0,102061.0,102061.0,0
20240610T,101145.0,101145.0,101145.0,101145.0,0
20240611T,100237.0,100237.0,100237.0,100237.0,0
20240612T,119243.0,119243.0,119243.0,119243.0,0
20240613T,118946.0,118946.0,118946.0,118946.0,0
20240614T,131866.0,131866.0,131866.0,131866.0,0
20240618T,131923.0,131923.0,131923.0,131923.0,0
20240619T,131923.0,131923.0,131923.0,131923.0,0
20240620T,137643.0,137643.0,137643.0,137643.0,0
20240621T,138097.0,138097.0,138097.0,138097.0,0
20240624T,146339.0,146339.0,146339.0,146339.0,0
20240625T,145499.0,145499.0,145499.0,145499.0,0
20240626T,144470.0,144470.0,144470.0,144470.0,0
20240627T,143750.0,143750.0,143750.0,143750.0,0
20240628T,143606.0,143606.0,143606.0,143606.0,0
20240701T,143606.0,143606.0,143606.0,143606.0,0
20240702T,143580.0,143580.0,143580.0,143580.0,0
20240703T,143580.0,143580.0,143580.0,143580.0,0
20240704T,143155.0,143155.0,143155.0,143155.0,0
20240705T,144155.0,144155.0,144155.0,144155.0,0
20240708T,145695.0,145695.0,145695.0,145695.0,0
20240709T,151875.0,151875.0,151875.0,151875.0,0
20240710T,153975.0,153975.0,153975.0,153975.0,0
20240711T,153975.0,153975.0,153975.0,153975.0,0
20240712T,158275.0,158275.0,158275.0,158275.0,0
20240715T,153150.0,153150.0,153150.0,153150.0,0
20240716T,157667.0,157667.0,157667.0,157667.0,0
20240718T,159667.0,159667.0,159667.0,159667.0,0
20240719T,160851.0,160851.0,160851.0,160851.0,0
20240722T,149253.0,149253.0,149253.0,149253.0,0
20240723T,149407.0,149407.0,149407.0,149407.0,0
20240724T,149407.0,149407.0,149407.0,149407.0,0
20240725T,151347.0,151347.0,151347.0,151347.0,0
20240726T,152307.0,152307.0,152307.0,152307.0,0
20240729T,151987.0,151987.0,151987.0,151987.0,0
20240730T,151859.0,151859.0,151859.0,151859.0,0
20240731T,154359.0,154359.0,154359.0,154359.0,0
20240801T,154359.0,154359.0,154359.0,154359.0,0
20240802T,158263.0,158263.0,158263.0,158263.0,0
20240805T,161023.0,161023.0,161023.0,161023.0,0
20240806T,150171.0,150171.0,150171.0,150171.0,0
20240807T,150571.0,150571.0,150571.0,150571.0,0
20240808T,150571.0,150571.0,150571.0,150571.0,0
20240809T,150571.0,150571.0,150571.0,150571.0,0
20240812T,150571.0,150571.0,150571.0,150571.0,0
20240813T,152701.0,152701.0,152701.0,152701.0,0
20240814T,153689.0,153689.0,153689.0,153689.0,0
20240816T,153689.0,153689.0,153689.0,153689.0,0
20240819T,151689.0,151689.0,151689.0,151689.0,0
20240820T,147489.0,147489.0,147489.0,147489.0,0
20240821T,147489.0,147489.0,147489.0,147489.0,0
20240822T,147498.0,147498.0,147498.0,147498.0,0
20240823T,147498.0,147498.0,147498.0,147498.0,0
20240826T,146298.0,146298.0,146298.0,146298.0,0
20240827T,145898.0,145898.0,145898.0,145898.0,0
20240828T,144042.0,144042.0,144042.0,144042.0,0
20240829T,139836.0,139836.0,139836.0,139836.0,0
20240830T,140636.0,140636.0,140636.0,140636.0,0
20240902T,140636.0,140636.0,140636.0,140636.0,0
20240903T,151252.0,151252.0,151252.0,151252.0,0
20240904T,149652.0,149652.0,149652.0,149652.0,0
20240905T,164934.0,164934.0,164934.0,164934.0,0
20240906T,173189.0,173189.0,173189.0,173189.0,0
20240909T,158415.0,158415.0,158415.0,158415.0,0
20240910T,157428.0,157428.0,157428.0,157428.0,0
20240911T,157428.0,157428.0,157428.0,157428.0,0
20240912T,165628.0,165628.0,165628.0,165628.0,0
20240913T,163636.0,163636.0,163636.0,163636.0,0
20240916T,158612.0,158612.0,158612.0,158612.0,0
20240917T,158212.0,158212.0,158212.0,158212.0,0
20240918T,157892.0,157892.0,157892.0,157892.0,0
20240919T,157892.0,157892.0,157892.0,157892.0,0
20240920T,157892.0,157892.0,157892.0,157892.0,0
20240923T,153582.0,153582.0,153582.0,153582.0,0
20240924T,153582.0,153582.0,153582.0,153582.0,0
20240925T,155082.0,155082.0,155082.0,155082.0,0
20240926T,154732.0,154732.0,154732.0,154732.0,0
20240927T,154732.0,154732.0,154732.0,154732.0,0
20240930T,156842.0,156842.0,156842.0,156842.0,0
20241001T,160691.0,160691.0,160691.0,160691.0,0
20241003T,166404.0,166404.0,166404.0,166404.0,0
20241004T,175873.0,175873.0,175873.0,175873.0,0
20241007T,186163.0,186163.0,186163.0,186163.0,0
20241008T,183924.0,183924.0,183924.0,183924.0,0
20241009T,183655.0,183655.0,183655.0,183655.0,0
20241010T,183655.0,183655.0,183655.0,183655.0,0
20241011T,183730.0,183730.0,183730.0,183730.0,0
20241014T,183714.0,183714.0,183714.0,183714.0,0
20241015T,184380.0,184380.0,184380.0,184380.0,0
20241016T,184521.0,184521.0,184521.0,184521.0,0
20241017T,184743.0,184743.0,184743.0,184743.0,0
20241018T,183476.0,183476.0,183476.0,183476.0,0
20241021T,184449.0,184449.0,184449.0,184449.0,0
20241022T,181080.0,181080.0,181080.0,181080.0,0
20241023T,181110.0,181110.0,181110.0,181110.0,0
20241024T,180947.0,180947.0,180947.0,180947.0,0
20241025T,177190.0,177190.0,177190.0,177190.0,0
20241028T,180142.0,180142.0,180142.0,180142.0,0
20241029T,180128.0,180128.0,180128.0,180128.0,0
20241030T,180128.0,180128.0,180128.0,180128.0,0
20241031T,170049.0,170049.0,170049.0,170049.0,0
20241104T,170364.0,170364.0,170364.0,170364.0,0
20241105T,170364.0,170364.0,170364.0,170364.0,0
20241106T,170017.0,170017.0,170017.0,170017.0,0
20241107T,169520.0,169520.0,169520.0,169520.0,0
20241108T,169520.0,169520.0,169520.0,169520.0,0
20241111T,169520.0,169520.0,169520.0,169520.0,0
20241112T,169520.0,169520.0,169520.0,169520.0,0
20241113T,169520.0,169520.0,169520.0,169520.0,0
20241114T,169520.0,169520.0,169520.0,169520.0,0
20241118T,169011.0,169011.0,169011.0,169011.0,0
20241119T,169011.0,169011.0,169011.0,169011.0,0
20241121T,168911.0,168911.0,168911.0,168911.0,0
20241122T,168411.0,168411.0,168411.0,168411.0,0
20241125T,164311.0,164311.0,164311.0,164311.0,0
20241126T,164311.0,164311.0,164311.0,164311.0,0
20241127T,163911.0,163911.0,163911.0,163911.0,0
20241128T,155211.0,155211.0,155211.0,155211.0,0
20241129T,155211.0,155211.0,155211.0,155211.0,0
20241202T,155211.0,155211.0,155211.0,155211.0,0
20241203T,155230.0,155230.0,155230.0,155230.0,0
20241204T,155230.0,155230.0,155230.0,155230.0,0
20241205T,156230.0,156230.0,156230.0,156230.0,0
20241206T,154230.0,154230.0,154230.0,154230.0,0
20241209T,153747.0,153747.0,153747.0,153747.0,0
20241210T,153847.0,153847.0,153847.0,153847.0,0
20241211T,153407.0,153407.0,153407.0,153407.0,0
20241212T,152967.0,152967.0,152967.0,152967.0,0
20241213T,152647.0,152647.0,152647.0,152647.0,0
20241216T,152627.0,152627.0,152627.0,152627.0,0
20241217T,153758.0,153758.0,153758.0,153758.0,0
20241218T,153398.0,153398.0,153398.0,153398.0,0
20241219T,153017.0,153017.0,153017.0,153017.0,0
20241220T,155714.0,155714.0,155714.0,155714.0,0
20241223T,155974.0,155974.0,155974.0,155974.0,0
20241224T,155744.0,155744.0,155744.0,155744.0,0
20241226T,154568.0,154568.0,154568.0,154568.0,0
20241227T,154638.0,154638.0,154638.0,154638.0,0
20241230T,154638.0,154638.0,154638.0,154638.0,0
20241231T,153854.0,153854.0,153854.0,153854.0,0
20250101T,153654.0,153654.0,153654.0,153654.0,0
20250102T,153724.0,153724.0,153724.0,153724.0,0
20250103T,153324.0,153324.0,153324.0,153324.0,0
20250106T,154099.0,154099.0,154099.0,154099.0,0
20250107T,154104.0,154104.0,154104.0,154104.0,0
20250108T,154034.0,154034.0,154034.0,154034.0,0
20250109T,154109.0,154109.0,154109.0,154109.0,0
20250110T,150458.0,150458.0,150458.0,150458.0,0
20250113T,149738.0,149738.0,149738.0,149738.0,0
20250114T,149738.0,149738.0,149738.0,149738.0,0
20250115T,149738.0,149738.0,149738.0,149738.0,0
20250116T,152948.0,152948.0,152948.0,152948.0,0
20250117T,152948.0,152948.0,152948.0,152948.0,0
20250120T,152298.0,152298.0,152298.0,152298.0,0
20250121T,152798.0,152798.0,152798.0,152798.0,0
20250122T,152041.0,152041.0,152041.0,152041.0,0
20250123T,151091.0,151091.0,151091.0,151091.0,0
20250124T,150576.0,150576.0,150576.0,150576.0,0
20250127T,146212.0,146212.0,146212.0,146212.0,0
20250128T,114368.0,114368.0,114368.0,114368.0,0
20250129T,62018.0,62018.0,62018.0,62018.0,0
20250130T,49295.0,49295.0,49295.0,49295.0,0
20250131T,55704.0,55704.0,55704.0,55704.0,0
20250203T,49328.0,49328.0,49328.0,49328.0,0
20250204T,59314.0,59314.0,59314.0,59314.0,0
20250205T,59314.0,59314.0,59314.0,59314.0,0
20250206T,59364.0,59364.0,59364.0,59364.0,0
20250207T,57794.0,57794.0,57794.0,57794.0,0
20250210T,56124.0,56124.0,56124.0,56124.0,0
20250211T,52564.0,52564.0,52564.0,52564.0,0
20250212T,49949.0,49949.0,49949.0,49949.0,0
20250213T,49949.0,49949.0,49949.0,49949.0,0
20250214T,53069.0,53069.0,53069.0,53069.0,0
20250217T,53077.0,53077.0,53077.0,53077.0,0
20250218T,53012.0,53012.0,53012.0,53012.0,0
20250219T,51212.0,51212.0,51212.0,51212.0,0
20250220T,51208.0,51208.0,51208.0,51208.0,0
20250221T,51208.0,51208.0,51208.0,51208.0,0
20250224T,51018.0,51018.0,51018.0,51018.0,0
20250225T,55018.0,55018.0,55018.0,55018.0,0
20250227T,53018.0,53018.0,53018.0,53018.0,0
20250228T,47435.0,47435.0,47435.0,47435.0,0
20250303T,44305.0,44305.0,44305.0,44305.0,0
20250304T,41005.0,41005.0,41005.0,41005.0,0
20250305T,41538.0,41538.0,41538.0,41538.0,0
20250306T,42636.0,42636.0,42636.0,42636.0,0
20250307T,44236.0,44236.0,44236.0,44236.0,0
20250310T,44369.0,44369.0,44369.0,44369.0,0
20250311T,44602.0,44602.0,44602.0,44602.0,0
20250312T,44602.0,44602.0,44602.0,44602.0,0
20250313T,43494.0,43494.0,43494.0,43494.0,0
20250317T,43494.0,43494.0,43494.0,43494.0,0
20250318T,43833.0,43833.0,43833.0,43833.0,0
20250319T,41833.0,41833.0,41833.0,41833.0,0
20250320T,39897.0,39897.0,39897.0,39897.0,0
20250321T,39043.0,39043.0,39043.0,39043.0,0
20250324T,42700.0,42700.0,42700.0,42700.0,0
20250325T,42893.0,42893.0,42893.0,42893.0,0
20250326T,40255.0,40255.0,40255.0,40255.0,0
20250327T,40385.0,40385.0,40385.0,40385.0,0
20250328T,40485.0,40485.0,40485.0,40485.0,0
20250401T,31530.0,31530.0,31530.0,31530.0,0
20250402T,31780.0,31780.0,31780.0,31780.0,0
20250403T,31780.0,31780.0,31780.0,31780.0,0
20250404T,31837.0,31837.0,31837.0,31837.0,0
20250407T,27995.0,27995.0,27995.0,27995.0,0
20250408T,28235.0,28235.0,28235.0,28235.0,0
20250409T,27969.0,27969.0,27969.0,27969.0,0
20250411T,27969.0,27969.0,27969.0,27969.0,0
20250415T,27878.0,27878.0,27878.0,27878.0,0
20250416T,27778.0,27778.0,27778.0,27778.0,0
20250417T,28553.0,28553.0,28553.0,28553.0,0
20250421T,28593.0,28593.0,28593.0,28593.0,0
20250422T,31758.0,31758.0,31758.0,31758.0,0
20250423T,33461.0,33461.0,33461.0,33461.0,0
20250424T,33923.0,33923.0,33923.0,33923.0,0
20250425T,33846.0,33846.0,33846.0,33846.0,0
20250428T,38293.0,38293.0,38293.0,38293.0,0
20250429T,44123.0,44123.0,44123.0,44123.0,0
20250430T,45848.0,45848.0,45848.0,45848.0,0
20250502T,42617.0,42617.0,42617.0,42617.0,0
20250505T,43812.0,43812.0,43812.0,43812.0,0
20250506T,43812.0,43812.0,43812.0,43812.0,0
20250507T,41984.0,41984.0,41984.0,41984.0,0
20250508T,34315.0,34315.0,34315.0,34315.0,0
20250509T,27456.0,27456.0,27456.0,27456.0,0
20250512T,30566.0,30566.0,30566.0,30566.0,0
20250513T,35187.0,35187.0,35187.0,35187.0,0
20250514T,35321.0,35321.0,35321.0,35321.0,0
20250515T,48751.0,48751.0,48751.0,48751.0,0
20250516T,47151.0,47151.0,47151.0,47151.0,0
20250519T,48216.0,48216.0,48216.0,48216.0,0
20250520T,65752.0,65752.0,65752.0,65752.0,0
20250521T,82511.0,82511.0,82511.0,82511.0,0
20250522T,85858.0,85858.0,85858.0,85858.0,0
20250523T,88923.0,88923.0,88923.0,88923.0,0
20250526T,92523.0,92523.0,92523.0,92523.0,0
20250527T,73308.0,73308.0,73308.0,73308.0,0
20250528T,71408.0,71408.0,71408.0,71408.0,0
20250529T,40378.0,40378.0,40378.0,40378.0,0
20250530T,41978.0,41978.0,41978.0,41978.0,0
20250602T,36606.0,36606.0,36606.0,36606.0,0
20250603T,34766.0,34766.0,34766.0,34766.0,0
20250604T,35017.0,35017.0,35017.0,35017.0,0
20250605T,38942.0,38942.0,38942.0,38942.0,0
20250606T,39677.0,39677.0,39677.0,39677.0,0
20250609T,39725.0,39725.0,39725.0,39725.0,0
20250610T,40925.0,40925.0,40925.0,40925.0,0
20250611T,42740.0,42740.0,42740.0,42740.0,0
20250612T,37140.0,37140.0,37140.0,37140.0,0
20250613T,34557.0,34557.0,34557.0,34557.0,0
20250616T,39787.0,39787.0,39787.0,39787.0,0
20250617T,39912.0,39912.0,39912.0,39912.0,0
20250618T,43628.0,43628.0,43628.0,43628.0,0
20250619T,43811.0,43811.0,43811.0,43811.0,0
20250620T,51037.0,51037.0,51037.0,51037.0,0
20250623T,48021.0,48021.0,48021.0,48021.0,0
20250624T,42747.0,42747.0,42747.0,42747.0,0
20250625T,45247.0,45247.0,45247.0,45247.0,0
20250626T,47899.0,47899.0,47899.0,47899.0,0
20250627T,49599.0,49599.0,49599.0,49599.0,0
20250630T,48099.0,48099.0,48099.0,48099.0,0
20250701T,48099.0,48099.0,48099.0,48099.0,0
20250702T,45420.0,45420.0,45420.0,45420.0,0
20250703T,42920.0,42920.0,42920.0,42920.0,0
20250704T,43720.0,43720.0,43720.0,43720.0,0
20250707T,43720.0,43720.0,43720.0,43720.0,0
20250708T,43720.0,43720.0,43720.0,43720.0,0
20250709T,43720.0,43720.0,43720.0,43720.0,0
20250710T,43720.0,43720.0,43720.0,43720.0,0
20250711T,41220.0,41220.0,41220.0,41220.0,0
20250714T,36220.0,36220.0,36220.0,36220.0,0
20250715T,36118.0,36118.0,36118.0,36118.0,0
20250716T,34118.0,34118.0,34118.0,34118.0,0
20250717T,32118.0,32118.0,32118.0,32118.0,0
20250718T,31826.0,31826.0,31826.0,31826.0,0
20250721T,29360.0,29360.0,29360.0,29360.0,0
20250722T,29560.0,29560.0,29560.0,29560.0,0
20250723T,31260.0,31260.0,31260.0,31260.0,0
20250724T,37689.0,37689.0,37689.0,37689.0,0
20250725T,37825.0,37825.0,37825.0,37825.0,0
20250728T,38049.0,38049.0,38049.0,38049.0,0
20250729T,31545.0,31545.0,31545.0,31545.0,0
20250730T,34515.0,34515.0,34515.0,34515.0,0
20250731T,32404.0,32404.0,32404.0,32404.0,0
20250801T,31218.0,31218.0,31218.0,31218.0,0
20250804T,31218.0,31218.0,31218.0,31218.0,0
20250805T,29518.0,29518.0,29518.0,29518.0,0
20250806T,29081.0,29081.0,29081.0,29081.0,0
20250807T,27088.0,27088.0,27088.0,27088.0,0
20250808T,25435.0,25435.0,25435.0,25435.0,0
20250811T,27135.0,27135.0,27135.0,27135.0,0
20250812T,27985.0,27985.0,27985.0,27985.0,0
20250813T,29131.0,29131.0,29131.0,29131.0,0
20250814T,31131.0,31131.0,31131.0,31131.0,0
20250818T,34952.0,34952.0,34952.0,34952.0,0
20250819T,35473.0,35473.0,35473.0,35473.0,0
20250820T,40103.0,40103.0,40103.0,40103.0,0
20250821T,40103.0,40103.0,40103.0,40103.0,0
20250822T,41103.0,41103.0,41103.0,41103.0,0
20250825T,41103.0,41103.0,41103.0,41103.0,0
20250826T,42009.0,42009.0,42009.0,42009.0,0
20250828T,37480.0,37480.0,37480.0,37480.0,0
20250829T,38006.0,38006.0,38006.0,38006.0,0
20250901T,40406.0,40406.0,40406.0,40406.0,0
20250902T,40806.0,40806.0,40806.0,40806.0,0
20250903T,39506.0,39506.0,39506.0,39506.0,0
20250904T,41343.0,41343.0,41343.0,41343.0,0
20250905T,38993.0,38993.0,38993.0,38993.0,0
20250908T,37703.0,37703.0,37703.0,37703.0,0
20250909T,37703.0,37703.0,37703.0,37703.0,0
20250910T,39503.0,39503.0,39503.0,39503.0,0
20250911T,39503.0,39503.0,39503.0,39503.0,0
20250912T,39503.0,39503.0,39503.0,39503.0,0
20250915T,41203.0,41203.0,41203.0,41203.0,0
20250916T,40537.0,40537.0,40537.0,40537.0,0
20250917T,39971.0,39971.0,39971.0,39971.0,0
20250918T,39971.0,39971.0,39971.0,39971.0,0
20250919T,40546.0,40546.0,40546.0,40546.0,0
20250922T,40546.0,40546.0,40546.0,40546.0,0
20250923T,38946.0,38946.0,38946.0,38946.0,0
20250924T,38946.0,38946.0,38946.0,38946.0,0
20250925T,37246.0,37246.0,37246.0,37246.0,0
20250926T,35046.0,35046.0,35046.0,35046.0,0
20250929T,35767.0,35767.0,35767.0,35767.0,0
20250930T,33467.0,33467.0,33467.0,33467.0,0
20251001T,33542.0,33542.0,33542.0,33542.0,0
20251003T,33542.0,33542.0,33542.0,33542.0,0
20251006T,36942.0,36942.0,36942.0,36942.0,0
20251007T,37442.0,37442.0,37442.0,37442.0,0
20251008T,34186.0,34186.0,34186.0,34186.0,0
20251009T,34101.0,34101.0,34101.0,34101.0,0
20251010T,34101.0,34101.0,34101.0,34101.0,0
20251013T,34031.0,34031.0,34031.0,34031.0,0
20251014T,34181.0,34181.0,34181.0,34181.0,0
20251015T,35781.0,35781.0,35781.0,35781.0,0
20251016T,39381.0,39381.0,39381.0,39381.0,0
20251017T,39545.0,39545.0,39545.0,39545.0,0
20251020T,39702.0,39702.0,39702.0,39702.0,0
20251023T,45984.0,45984.0,45984.0,45984.0,0
20251024T,39344.0,39344.0,39344.0,39344.0,0
20251027T,39324.0,39324.0,39324.0,39324.0,0
20251028T,46948.0,46948.0,46948.0,46948.0,0
20251029T,39279.0,39279.0,39279.0,39279.0,0
20251030T,37729.0,37729.0,37729.0,37729.0,0
20251031T,35887.0,35887.0,35887.0,35887.0,0
20251103T,35621.0,35621.0,35621.0,35621.0,0
20251104T,36928.0,36928.0,36928.0,36928.0,0
20251106T,36928.0,36928.0,36928.0,36928.0,0
20251107T,37594.0,37594.0,37594.0,37594.0,0
20251110T,37594.0,37594.0,37594.0,37594.0,0
20251111T,37594.0,37594.0,37594.0,37594.0,0
20251112T,37594.0,37594.0,37594.0,37594.0,0
20251113T,37594.0,37594.0,37594.0,37594.0,0
20251114T,37524.0,37524.0,37524.0,37524.0,0
20251117T,37524.0,37524.0,37524.0,37524.0,0
20251118T,37524.0,37524.0,37524.0,37524.0,0
20251119T,37799.0,37799.0,37799.0,37799.0,0
20251120T,37799.0,37799.0,37799.0,37799.0,0
20251121T,37799.0,37799.0,37799.0,37799.0,0
20251124T,37719.0,37719.0,37719.0,37719.0,0
20251125T,35595.0,35595.0,35595.0,35595.0,0
20251126T,35595.0,35595.0,35595.0,35595.0,0
20251127T,35595.0,35595.0,35595.0,35595.0,0
20251128T,35595.0,35595.0,35595.0,35595.0,0
20251201T,35595.0,35595.0,35595.0,35595.0,0
20251202T,40343.0,40343.0,40343.0,40343.0,0
20251203T,44602.0,44602.0,44602.0,44602.0,0
20251204T,44423.0,44423.0,44423.0,44423.0,0
20251205T,35595.0,35595.0,35595.0,35595.0,0
20251208T,35595.0,35595.0,35595.0,35595.0,0
20251209T,33845.0,33845.0,33845.0,33845.0,0
20251210T,34210.0,34210.0,34210.0,34210.0,0
20251211T,34210.0,34210.0,34210.0,34210.0,0
20251212T,34210.0,34210.0,34210.0,34210.0,0
20251215T,34310.0,34310.0,34310.0,34310.0,0
20251216T,33337.0,33337.0,33337.0,33337.0,0
20251217T,33337.0,33337.0,33337.0,33337.0,0
20251218T,33257.0,33257.0,33257.0,33257.0,0
20251219T,33257.0,33257.0,33257.0,33257.0,0
20251222T,33257.0,33257.0,33257.0,33257.0,0
20251223T,34057.0,34057.0,34057.0,34057.0,0
20251224T,34017.0,34017.0,34017.0,34017.0,0
20251226T,34382.0,34382.0,34382.0,34382.0,0
20251229T,35824.0,35824.0,35824.0,35824.0,0
20251230T,36822.0,36822.0,36822.0,36822.0,0
20251231T,36532.0,36532.0,36532.0,36532.0,0
20260101T,36532.0,36532.0,36532.0,36532.0,0
20260102T,38390.0,38390.0,38390.0,38390.0,0
20260105T,38390.0,38390.0,38390.0,38390.0,0
20260106T,38390.0,38390.0,38390.0,38390.0,0
20260107T,38390.0,38390.0,38390.0,38390.0,0
20260108T,38759.0,38759.0,38759.0,38759.0,0
20260109T,38685.0,38685.0,38685.0,38685.0,0
20260112T,38273.0,38273.0,38273.0,38273.0,0
20260113T,37482.0,37482.0,37482.0,37482.0,0
20260114T,36846.0,36846.0,36846.0,36846.0,0
20260116T,36365.0,36365.0,36365.0,36365.0,0
20260119T,36281.0,36281.0,36281.0,36281.0,0
20260120T,35088.0,35088.0,35088.0,35088.0,0
20260121T,30858.0,30858.0,30858.0,30858.0,0
20260122T,27895.0,27895.0,27895.0,27895.0,0
20260123T,26952.0,26952.0,26952.0,26952.0,0
20260127T,25913.0,25913.0,25913.0,25913.0,0
20260128T,32495.0,32495.0,32495.0,32495.0,0
20260129T,35745.0,35745.0,35745.0,35745.0,0
20260130T,33945.0,33945.0,33945.0,33945.0,0
20260201T,35393.0,35393.0,35393.0,35393.0,0
20260202T,31298.0,31298.0,31298.0,31298.0,0
