20120106T,0.0,0.0,0.0,0.0,0
20120109T,0.0,0.0,0.0,0.0,0
20120110T,0.0,0.0,0.0,0.0,0
20120111T,0.0,0.0,0.0,0.0,0
20120112T,0.0,0.0,0.0,0.0,0
20120113T,0.0,0.0,0.0,0.0,0
20120116T,0.0,0.0,0.0,0.0,0
20120117T,0.0,0.0,0.0,0.0,0
20120118T,0.0,0.0,0.0,0.0,0
20120119T,0.0,0.0,0.0,0.0,0
20120120T,0.0,0.0,0.0,0.0,0
20120123T,0.0,0.0,0.0,0.0,0
20120124T,0.0,0.0,0.0,0.0,0
20120125T,0.0,0.0,0.0,0.0,0
20120127T,0.0,0.0,0.0,0.0,0
20120130T,0.0,0.0,0.0,0.0,0
20120131T,0.0,0.0,0.0,0.0,0
20120201T,0.0,0.0,0.0,0.0,0
20120202T,0.0,0.0,0.0,0.0,0
20120203T,0.0,0.0,0.0,0.0,0
20120206T,0.0,0.0,0.0,0.0,0
20120207T,0.0,0.0,0.0,0.0,0
20120208T,0.0,0.0,0.0,0.0,0
20120209T,0.0,0.0,0.0,0.0,0
20120210T,0.0,0.0,0.0,0.0,0
20120213T,0.0,0.0,0.0,0.0,0
20120214T,0.0,0.0,0.0,0.0,0
20120215T,0.0,0.0,0.0,0.0,0
20120216T,0.0,0.0,0.0,0.0,0
20120217T,0.0,0.0,0.0,0.0,0
20120221T,0.0,0.0,0.0,0.0,0
20120222T,0.0,0.0,0.0,0.0,0
20120223T,0.0,0.0,0.0,0.0,0
20120224T,0.0,0.0,0.0,0.0,0
20120227T,0.0,0.0,0.0,0.0,0
20120228T,0.0,0.0,0.0,0.0,0
20120229T,0.0,0.0,0.0,0.0,0
20120301T,0.0,0.0,0.0,0.0,0
20120302T,0.0,0.0,0.0,0.0,0
20120305T,0.0,0.0,0.0,0.0,0
20120306T,0.0,0.0,0.0,0.0,0
20120307T,0.0,0.0,0.0,0.0,0
20120309T,0.0,0.0,0.0,0.0,0
20120312T,0.0,0.0,0.0,0.0,0
20120313T,0.0,0.0,0.0,0.0,0
20120314T,0.0,0.0,0.0,0.0,0
20120315T,0.0,0.0,0.0,0.0,0
20120316T,0.0,0.0,0.0,0.0,0
20120319T,0.0,0.0,0.0,0.0,0
20120320T,0.0,0.0,0.0,0.0,0
20120321T,0.0,0.0,0.0,0.0,0
20120322T,0.0,0.0,0.0,0.0,0
20120323T,0.0,0.0,0.0,0.0,0
20120326T,0.0,0.0,0.0,0.0,0
20120327T,0.0,0.0,0.0,0.0,0
20120328T,0.0,0.0,0.0,0.0,0
20120329T,0.0,0.0,0.0,0.0,0
20120330T,0.0,0.0,0.0,0.0,0
20120402T,0.0,0.0,0.0,0.0,0
20120403T,0.0,0.0,0.0,0.0,0
20120404T,0.0,0.0,0.0,0.0,0
20120409T,0.0,0.0,0.0,0.0,0
20120410T,0.0,0.0,0.0,0.0,0
20120411T,0.0,0.0,0.0,0.0,0
20120412T,0.0,0.0,0.0,0.0,0
20120413T,0.0,0.0,0.0,0.0,0
20120416T,0.0,0.0,0.0,0.0,0
20120417T,0.0,0.0,0.0,0.0,0
20120418T,0.0,0.0,0.0,0.0,0
20120419T,0.0,0.0,0.0,0.0,0
20120420T,0.0,0.0,0.0,0.0,0
20120423T,0.0,0.0,0.0,0.0,0
20120424T,0.0,0.0,0.0,0.0,0
20120425T,0.0,0.0,0.0,0.0,0
20120426T,0.0,0.0,0.0,0.0,0
20120427T,0.0,0.0,0.0,0.0,0
20120430T,0.0,0.0,0.0,0.0,0
20120502T,0.0,0.0,0.0,0.0,0
20120503T,0.0,0.0,0.0,0.0,0
20120504T,0.0,0.0,0.0,0.0,0
20120507T,0.0,0.0,0.0,0.0,0
20120508T,0.0,0.0,0.0,0.0,0
20120509T,0.0,0.0,0.0,0.0,0
20120510T,0.0,0.0,0.0,0.0,0
20120511T,0.0,0.0,0.0,0.0,0
20120514T,0.0,0.0,0.0,0.0,0
20120515T,0.0,0.0,0.0,0.0,0
20120516T,0.0,0.0,0.0,0.0,0
20120517T,0.0,0.0,0.0,0.0,0
20120518T,0.0,0.0,0.0,0.0,0
20120521T,0.0,0.0,0.0,0.0,0
20120522T,0.0,0.0,0.0,0.0,0
20120523T,0.0,0.0,0.0,0.0,0
20120524T,0.0,0.0,0.0,0.0,0
20120525T,0.0,0.0,0.0,0.0,0
20120528T,0.0,0.0,0.0,0.0,0
20120529T,0.0,0.0,0.0,0.0,0
20120530T,0.0,0.0,0.0,0.0,0
20120531T,0.0,0.0,0.0,0.0,0
20120601T,0.0,0.0,0.0,0.0,0
20120604T,0.0,0.0,0.0,0.0,0
20120605T,0.0,0.0,0.0,0.0,0
20120606T,0.0,0.0,0.0,0.0,0
20120607T,0.0,0.0,0.0,0.0,0
20120608T,0.0,0.0,0.0,0.0,0
20120611T,0.0,0.0,0.0,0.0,0
20120612T,0.0,0.0,0.0,0.0,0
20120613T,0.0,0.0,0.0,0.0,0
20120614T,0.0,0.0,0.0,0.0,0
20120615T,0.0,0.0,0.0,0.0,0
20120618T,0.0,0.0,0.0,0.0,0
20120619T,0.0,0.0,0.0,0.0,0
20120620T,0.0,0.0,0.0,0.0,0
20120621T,0.0,0.0,0.0,0.0,0
20120622T,0.0,0.0,0.0,0.0,0
20120625T,0.0,0.0,0.0,0.0,0
20120626T,0.0,0.0,0.0,0.0,0
20120627T,0.0,0.0,0.0,0.0,0
20120628T,0.0,0.0,0.0,0.0,0
20120629T,0.0,0.0,0.0,0.0,0
20120702T,0.0,0.0,0.0,0.0,0
20120703T,0.0,0.0,0.0,0.0,0
20120704T,0.0,0.0,0.0,0.0,0
20120705T,0.0,0.0,0.0,0.0,0
20120706T,0.0,0.0,0.0,0.0,0
20120709T,0.0,0.0,0.0,0.0,0
20120710T,0.0,0.0,0.0,0.0,0
20120711T,0.0,0.0,0.0,0.0,0
20120712T,0.0,0.0,0.0,0.0,0
20120713T,0.0,0.0,0.0,0.0,0
20120716T,0.0,0.0,0.0,0.0,0
20120717T,0.0,0.0,0.0,0.0,0
20120718T,0.0,0.0,0.0,0.0,0
20120719T,0.0,0.0,0.0,0.0,0
20120720T,0.0,0.0,0.0,0.0,0
20120723T,0.0,0.0,0.0,0.0,0
20120724T,0.0,0.0,0.0,0.0,0
20120725T,0.0,0.0,0.0,0.0,0
20120726T,0.0,0.0,0.0,0.0,0
20120727T,0.0,0.0,0.0,0.0,0
20120730T,0.0,0.0,0.0,0.0,0
20120731T,0.0,0.0,0.0,0.0,0
20120801T,0.0,0.0,0.0,0.0,0
20120802T,0.0,0.0,0.0,0.0,0
20120803T,0.0,0.0,0.0,0.0,0
20120806T,0.0,0.0,0.0,0.0,0
20120807T,0.0,0.0,0.0,0.0,0
20120808T,0.0,0.0,0.0,0.0,0
20120809T,0.0,0.0,0.0,0.0,0
20120810T,0.0,0.0,0.0,0.0,0
20120813T,0.0,0.0,0.0,0.0,0
20120814T,0.0,0.0,0.0,0.0,0
20120816T,0.0,0.0,0.0,0.0,0
20120817T,0.0,0.0,0.0,0.0,0
20120821T,0.0,0.0,0.0,0.0,0
20120822T,0.0,0.0,0.0,0.0,0
20120823T,0.0,0.0,0.0,0.0,0
20120824T,0.0,0.0,0.0,0.0,0
20120827T,0.0,0.0,0.0,0.0,0
20120828T,0.0,0.0,0.0,0.0,0
20120829T,0.0,0.0,0.0,0.0,0
20120830T,0.0,0.0,0.0,0.0,0
20120831T,0.0,0.0,0.0,0.0,0
20120903T,0.0,0.0,0.0,0.0,0
20120904T,0.0,0.0,0.0,0.0,0
20120905T,0.0,0.0,0.0,0.0,0
20120906T,0.0,0.0,0.0,0.0,0
20120907T,0.0,0.0,0.0,0.0,0
20120910T,0.0,0.0,0.0,0.0,0
20120911T,0.0,0.0,0.0,0.0,0
20120912T,0.0,0.0,0.0,0.0,0
20120913T,0.0,0.0,0.0,0.0,0
20120914T,0.0,0.0,0.0,0.0,0
20120917T,0.0,0.0,0.0,0.0,0
20120918T,0.0,0.0,0.0,0.0,0
20120920T,0.0,0.0,0.0,0.0,0
20120921T,0.0,0.0,0.0,0.0,0
20120924T,0.0,0.0,0.0,0.0,0
20120925T,0.0,0.0,0.0,0.0,0
20120926T,0.0,0.0,0.0,0.0,0
20120927T,0.0,0.0,0.0,0.0,0
20120928T,0.0,0.0,0.0,0.0,0
20121001T,0.0,0.0,0.0,0.0,0
20121003T,0.0,0.0,0.0,0.0,0
20121004T,0.0,0.0,0.0,0.0,0
20121005T,0.0,0.0,0.0,0.0,0
20121008T,0.0,0.0,0.0,0.0,0
20121009T,0.0,0.0,0.0,0.0,0
20121010T,0.0,0.0,0.0,0.0,0
20121011T,0.0,0.0,0.0,0.0,0
20121012T,0.0,0.0,0.0,0.0,0
20121015T,0.0,0.0,0.0,0.0,0
20121016T,0.0,0.0,0.0,0.0,0
20121017T,0.0,0.0,0.0,0.0,0
20121018T,0.0,0.0,0.0,0.0,0
20121019T,0.0,0.0,0.0,0.0,0
20121022T,0.0,0.0,0.0,0.0,0
20121023T,0.0,0.0,0.0,0.0,0
20121025T,0.0,0.0,0.0,0.0,0
20121026T,0.0,0.0,0.0,0.0,0
20121029T,0.0,0.0,0.0,0.0,0
20121030T,0.0,0.0,0.0,0.0,0
20121031T,0.0,0.0,0.0,0.0,0
20121101T,0.0,0.0,0.0,0.0,0
20121102T,0.0,0.0,0.0,0.0,0
20121105T,0.0,0.0,0.0,0.0,0
20121106T,0.0,0.0,0.0,0.0,0
20121107T,0.0,0.0,0.0,0.0,0
20121108T,0.0,0.0,0.0,0.0,0
20121109T,0.0,0.0,0.0,0.0,0
20121112T,0.0,0.0,0.0,0.0,0
20121113T,0.0,0.0,0.0,0.0,0
20121115T,0.0,0.0,0.0,0.0,0
20121116T,0.0,0.0,0.0,0.0,0
20121119T,0.0,0.0,0.0,0.0,0
20121120T,0.0,0.0,0.0,0.0,0
20121121T,0.0,0.0,0.0,0.0,0
20121122T,0.0,0.0,0.0,0.0,0
20121123T,0.0,0.0,0.0,0.0,0
20121126T,0.0,0.0,0.0,0.0,0
20121127T,0.0,0.0,0.0,0.0,0
20121129T,0.0,0.0,0.0,0.0,0
20121130T,0.0,0.0,0.0,0.0,0
20121203T,0.0,0.0,0.0,0.0,0
20121204T,0.0,0.0,0.0,0.0,0
20121205T,0.0,0.0,0.0,0.0,0
20121206T,0.0,0.0,0.0,0.0,0
20121207T,0.0,0.0,0.0,0.0,0
20121210T,0.0,0.0,0.0,0.0,0
20121211T,0.0,0.0,0.0,0.0,0
20121212T,0.0,0.0,0.0,0.0,0
20121213T,0.0,0.0,0.0,0.0,0
20121214T,0.0,0.0,0.0,0.0,0
20121217T,0.0,0.0,0.0,0.0,0
20121218T,0.0,0.0,0.0,0.0,0
20121219T,0.0,0.0,0.0,0.0,0
20121220T,0.0,0.0,0.0,0.0,0
20121221T,0.0,0.0,0.0,0.0,0
20121224T,0.0,0.0,0.0,0.0,0
20121226T,0.0,0.0,0.0,0.0,0
20121227T,0.0,0.0,0.0,0.0,0
20121228T,0.0,0.0,0.0,0.0,0
20121231T,0.0,0.0,0.0,0.0,0
20130101T,0.0,0.0,0.0,0.0,0
20130102T,0.0,0.0,0.0,0.0,0
20130103T,0.0,0.0,0.0,0.0,0
20130104T,0.0,0.0,0.0,0.0,0
20130107T,0.0,0.0,0.0,0.0,0
20130108T,0.0,0.0,0.0,0.0,0
20130109T,0.0,0.0,0.0,0.0,0
20130110T,0.0,0.0,0.0,0.0,0
20130111T,0.0,0.0,0.0,0.0,0
20130114T,0.0,0.0,0.0,0.0,0
20130115T,0.0,0.0,0.0,0.0,0
20130116T,0.0,0.0,0.0,0.0,0
20130117T,0.0,0.0,0.0,0.0,0
20130118T,0.0,0.0,0.0,0.0,0
20130121T,0.0,0.0,0.0,0.0,0
20130122T,0.0,0.0,0.0,0.0,0
20130123T,0.0,0.0,0.0,0.0,0
20130124T,0.0,0.0,0.0,0.0,0
20130125T,0.0,0.0,0.0,0.0,0
20130128T,0.0,0.0,0.0,0.0,0
20130129T,0.0,0.0,0.0,0.0,0
20130130T,0.0,0.0,0.0,0.0,0
20130131T,0.0,0.0,0.0,0.0,0
20130201T,0.0,0.0,0.0,0.0,0
20130204T,0.0,0.0,0.0,0.0,0
20130205T,0.0,0.0,0.0,0.0,0
20130206T,0.0,0.0,0.0,0.0,0
20130207T,0.0,0.0,0.0,0.0,0
20130208T,0.0,0.0,0.0,0.0,0
20130211T,0.0,0.0,0.0,0.0,0
20130212T,0.0,0.0,0.0,0.0,0
20130213T,0.0,0.0,0.0,0.0,0
20130214T,0.0,0.0,0.0,0.0,0
20130215T,0.0,0.0,0.0,0.0,0
20130218T,0.0,0.0,0.0,0.0,0
20130219T,0.0,0.0,0.0,0.0,0
20130220T,0.0,0.0,0.0,0.0,0
20130221T,0.0,0.0,0.0,0.0,0
20130222T,0.0,0.0,0.0,0.0,0
20130225T,0.0,0.0,0.0,0.0,0
20130226T,0.0,0.0,0.0,0.0,0
20130227T,0.0,0.0,0.0,0.0,0
20130228T,0.0,0.0,0.0,0.0,0
20130301T,0.0,0.0,0.0,0.0,0
20130304T,0.0,0.0,0.0,0.0,0
20130305T,0.0,0.0,0.0,0.0,0
20130306T,0.0,0.0,0.0,0.0,0
20130307T,0.0,0.0,0.0,0.0,0
20130308T,0.0,0.0,0.0,0.0,0
20130311T,0.0,0.0,0.0,0.0,0
20130312T,0.0,0.0,0.0,0.0,0
20130313T,0.0,0.0,0.0,0.0,0
20130314T,0.0,0.0,0.0,0.0,0
20130315T,0.0,0.0,0.0,0.0,0
20130318T,0.0,0.0,0.0,0.0,0
20130319T,0.0,0.0,0.0,0.0,0
20130320T,0.0,0.0,0.0,0.0,0
20130321T,0.0,0.0,0.0,0.0,0
20130322T,0.0,0.0,0.0,0.0,0
20130325T,0.0,0.0,0.0,0.0,0
20130326T,0.0,0.0,0.0,0.0,0
20130328T,0.0,0.0,0.0,0.0,0
20130401T,0.0,0.0,0.0,0.0,0
20130402T,0.0,0.0,0.0,0.0,0
20130403T,0.0,0.0,0.0,0.0,0
20130404T,0.0,0.0,0.0,0.0,0
20130405T,0.0,0.0,0.0,0.0,0
20130408T,0.0,0.0,0.0,0.0,0
20130409T,0.0,0.0,0.0,0.0,0
20130410T,0.0,0.0,0.0,0.0,0
20130411T,0.0,0.0,0.0,0.0,0
20130412T,0.0,0.0,0.0,0.0,0
20130415T,0.0,0.0,0.0,0.0,0
20130416T,0.0,0.0,0.0,0.0,0
20130417T,0.0,0.0,0.0,0.0,0
20130418T,0.0,0.0,0.0,0.0,0
20130422T,0.0,0.0,0.0,0.0,0
20130423T,0.0,0.0,0.0,0.0,0
20130425T,0.0,0.0,0.0,0.0,0
20130426T,0.0,0.0,0.0,0.0,0
20130429T,0.0,0.0,0.0,0.0,0
20130430T,0.0,0.0,0.0,0.0,0
20130502T,0.0,0.0,0.0,0.0,0
20130503T,0.0,0.0,0.0,0.0,0
20130506T,0.0,0.0,0.0,0.0,0
20130507T,0.0,0.0,0.0,0.0,0
20130508T,0.0,0.0,0.0,0.0,0
20130509T,0.0,0.0,0.0,0.0,0
20130510T,0.0,0.0,0.0,0.0,0
20130513T,0.0,0.0,0.0,0.0,0
20130514T,0.0,0.0,0.0,0.0,0
20130515T,0.0,0.0,0.0,0.0,0
20130516T,0.0,0.0,0.0,0.0,0
20130517T,0.0,0.0,0.0,0.0,0
20130520T,0.0,0.0,0.0,0.0,0
20130521T,0.0,0.0,0.0,0.0,0
20130522T,0.0,0.0,0.0,0.0,0
20130523T,0.0,0.0,0.0,0.0,0
20130524T,0.0,0.0,0.0,0.0,0
20130527T,0.0,0.0,0.0,0.0,0
20130528T,0.0,0.0,0.0,0.0,0
20130529T,0.0,0.0,0.0,0.0,0
20130530T,0.0,0.0,0.0,0.0,0
20130531T,0.0,0.0,0.0,0.0,0
20130603T,0.0,0.0,0.0,0.0,0
20130604T,0.0,0.0,0.0,0.0,0
20130605T,0.0,0.0,0.0,0.0,0
20130606T,0.0,0.0,0.0,0.0,0
20130607T,0.0,0.0,0.0,0.0,0
20130610T,0.0,0.0,0.0,0.0,0
20130611T,0.0,0.0,0.0,0.0,0
20130612T,0.0,0.0,0.0,0.0,0
20130613T,0.0,0.0,0.0,0.0,0
20130614T,0.0,0.0,0.0,0.0,0
20130617T,0.0,0.0,0.0,0.0,0
20130618T,0.0,0.0,0.0,0.0,0
20130619T,0.0,0.0,0.0,0.0,0
20130620T,0.0,0.0,0.0,0.0,0
20130621T,0.0,0.0,0.0,0.0,0
20130624T,0.0,0.0,0.0,0.0,0
20130625T,0.0,0.0,0.0,0.0,0
20130626T,0.0,0.0,0.0,0.0,0
20130627T,0.0,0.0,0.0,0.0,0
20130628T,0.0,0.0,0.0,0.0,0
20130701T,0.0,0.0,0.0,0.0,0
20130702T,0.0,0.0,0.0,0.0,0
20130703T,0.0,0.0,0.0,0.0,0
20130704T,0.0,0.0,0.0,0.0,0
20130705T,0.0,0.0,0.0,0.0,0
20130708T,0.0,0.0,0.0,0.0,0
20130709T,0.0,0.0,0.0,0.0,0
20130710T,0.0,0.0,0.0,0.0,0
20130711T,0.0,0.0,0.0,0.0,0
20130712T,0.0,0.0,0.0,0.0,0
20130715T,0.0,0.0,0.0,0.0,0
20130716T,0.0,0.0,0.0,0.0,0
20130717T,0.0,0.0,0.0,0.0,0
20130718T,0.0,0.0,0.0,0.0,0
20130719T,0.0,0.0,0.0,0.0,0
20130722T,0.0,0.0,0.0,0.0,0
20130723T,0.0,0.0,0.0,0.0,0
20130724T,0.0,0.0,0.0,0.0,0
20130725T,0.0,0.0,0.0,0.0,0
20130726T,0.0,0.0,0.0,0.0,0
20130729T,0.0,0.0,0.0,0.0,0
20130730T,0.0,0.0,0.0,0.0,0
20130731T,0.0,0.0,0.0,0.0,0
20130801T,0.0,0.0,0.0,0.0,0
20130802T,0.0,0.0,0.0,0.0,0
20130805T,0.0,0.0,0.0,0.0,0
20130806T,0.0,0.0,0.0,0.0,0
20130807T,0.0,0.0,0.0,0.0,0
20130808T,0.0,0.0,0.0,0.0,0
20130812T,0.0,0.0,0.0,0.0,0
20130813T,0.0,0.0,0.0,0.0,0
20130814T,0.0,0.0,0.0,0.0,0
20130816T,0.0,0.0,0.0,0.0,0
20130819T,0.0,0.0,0.0,0.0,0
20130820T,0.0,0.0,0.0,0.0,0
20130821T,0.0,0.0,0.0,0.0,0
20130822T,0.0,0.0,0.0,0.0,0
20130823T,0.0,0.0,0.0,0.0,0
20130826T,0.0,0.0,0.0,0.0,0
20130827T,0.0,0.0,0.0,0.0,0
20130828T,0.0,0.0,0.0,0.0,0
20130829T,0.0,0.0,0.0,0.0,0
20130830T,0.0,0.0,0.0,0.0,0
20130902T,0.0,0.0,0.0,0.0,0
20130903T,0.0,0.0,0.0,0.0,0
20130904T,0.0,0.0,0.0,0.0,0
20130905T,0.0,0.0,0.0,0.0,0
20130906T,0.0,0.0,0.0,0.0,0
20130910T,0.0,0.0,0.0,0.0,0
20130911T,0.0,0.0,0.0,0.0,0
20130912T,0.0,0.0,0.0,0.0,0
20130913T,0.0,0.0,0.0,0.0,0
20130916T,0.0,0.0,0.0,0.0,0
20130917T,0.0,0.0,0.0,0.0,0
20130918T,0.0,0.0,0.0,0.0,0
20130919T,0.0,0.0,0.0,0.0,0
20130920T,0.0,0.0,0.0,0.0,0
20130923T,0.0,0.0,0.0,0.0,0
20130924T,0.0,0.0,0.0,0.0,0
20130925T,0.0,0.0,0.0,0.0,0
20130926T,0.0,0.0,0.0,0.0,0
20130927T,0.0,0.0,0.0,0.0,0
20130930T,0.0,0.0,0.0,0.0,0
20131001T,0.0,0.0,0.0,0.0,0
20131003T,0.0,0.0,0.0,0.0,0
20131004T,0.0,0.0,0.0,0.0,0
20131007T,0.0,0.0,0.0,0.0,0
20131008T,0.0,0.0,0.0,0.0,0
20131010T,0.0,0.0,0.0,0.0,0
20131011T,0.0,0.0,0.0,0.0,0
20131014T,0.0,0.0,0.0,0.0,0
20131015T,0.0,0.0,0.0,0.0,0
20131017T,0.0,0.0,0.0,0.0,0
20131018T,0.0,0.0,0.0,0.0,0
20131021T,0.0,0.0,0.0,0.0,0
20131022T,0.0,0.0,0.0,0.0,0
20131023T,0.0,0.0,0.0,0.0,0
20131024T,0.0,0.0,0.0,0.0,0
20131025T,0.0,0.0,0.0,0.0,0
20131028T,0.0,0.0,0.0,0.0,0
20131029T,0.0,0.0,0.0,0.0,0
20131030T,0.0,0.0,0.0,0.0,0
20131031T,0.0,0.0,0.0,0.0,0
20131101T,0.0,0.0,0.0,0.0,0
20131105T,0.0,0.0,0.0,0.0,0
20131106T,0.0,0.0,0.0,0.0,0
20131107T,0.0,0.0,0.0,0.0,0
20131108T,0.0,0.0,0.0,0.0,0
20131111T,0.0,0.0,0.0,0.0,0
20131112T,0.0,0.0,0.0,0.0,0
20131113T,0.0,0.0,0.0,0.0,0
20131114T,0.0,0.0,0.0,0.0,0
20131118T,0.0,0.0,0.0,0.0,0
20131119T,0.0,0.0,0.0,0.0,0
20131120T,0.0,0.0,0.0,0.0,0
20131121T,0.0,0.0,0.0,0.0,0
20131122T,0.0,0.0,0.0,0.0,0
20131125T,0.0,0.0,0.0,0.0,0
20131126T,0.0,0.0,0.0,0.0,0
20131127T,0.0,0.0,0.0,0.0,0
20131128T,0.0,0.0,0.0,0.0,0
20131129T,0.0,0.0,0.0,0.0,0
20131202T,0.0,0.0,0.0,0.0,0
20131203T,0.0,0.0,0.0,0.0,0
20131204T,0.0,0.0,0.0,0.0,0
20131205T,0.0,0.0,0.0,0.0,0
20131206T,0.0,0.0,0.0,0.0,0
20131209T,0.0,0.0,0.0,0.0,0
20131210T,0.0,0.0,0.0,0.0,0
20131211T,0.0,0.0,0.0,0.0,0
20131212T,0.0,0.0,0.0,0.0,0
20131213T,0.0,0.0,0.0,0.0,0
20131216T,0.0,0.0,0.0,0.0,0
20131217T,0.0,0.0,0.0,0.0,0
20131218T,0.0,0.0,0.0,0.0,0
20131219T,0.0,0.0,0.0,0.0,0
20131220T,0.0,0.0,0.0,0.0,0
20131223T,0.0,0.0,0.0,0.0,0
20131224T,0.0,0.0,0.0,0.0,0
20131226T,0.0,0.0,0.0,0.0,0
20131227T,0.0,0.0,0.0,0.0,0
20131230T,0.0,0.0,0.0,0.0,0
20131231T,0.0,0.0,0.0,0.0,0
20140101T,0.0,0.0,0.0,0.0,0
20140102T,0.0,0.0,0.0,0.0,0
20140103T,0.0,0.0,0.0,0.0,0
20140106T,0.0,0.0,0.0,0.0,0
20140107T,0.0,0.0,0.0,0.0,0
20140108T,0.0,0.0,0.0,0.0,0
20140109T,0.0,0.0,0.0,0.0,0
20140110T,0.0,0.0,0.0,0.0,0
20140113T,0.0,0.0,0.0,0.0,0
20140114T,0.0,0.0,0.0,0.0,0
20140115T,0.0,0.0,0.0,0.0,0
20140116T,0.0,0.0,0.0,0.0,0
20140117T,0.0,0.0,0.0,0.0,0
20140120T,0.0,0.0,0.0,0.0,0
20140121T,0.0,0.0,0.0,0.0,0
20140122T,0.0,0.0,0.0,0.0,0
20140123T,0.0,0.0,0.0,0.0,0
20140124T,0.0,0.0,0.0,0.0,0
20140127T,0.0,0.0,0.0,0.0,0
20140128T,0.0,0.0,0.0,0.0,0
20140129T,0.0,0.0,0.0,0.0,0
20140130T,0.0,0.0,0.0,0.0,0
20140131T,0.0,0.0,0.0,0.0,0
20140203T,0.0,0.0,0.0,0.0,0
20140204T,0.0,0.0,0.0,0.0,0
20140205T,0.0,0.0,0.0,0.0,0
20140206T,0.0,0.0,0.0,0.0,0
20140207T,0.0,0.0,0.0,0.0,0
20140210T,0.0,0.0,0.0,0.0,0
20140211T,0.0,0.0,0.0,0.0,0
20140212T,0.0,0.0,0.0,0.0,0
20140213T,0.0,0.0,0.0,0.0,0
20140214T,0.0,0.0,0.0,0.0,0
20140217T,0.0,0.0,0.0,0.0,0
20140218T,0.0,0.0,0.0,0.0,0
20140219T,0.0,0.0,0.0,0.0,0
20140220T,0.0,0.0,0.0,0.0,0
20140221T,0.0,0.0,0.0,0.0,0
20140225T,0.0,0.0,0.0,0.0,0
20140226T,0.0,0.0,0.0,0.0,0
20140228T,0.0,0.0,0.0,0.0,0
20140303T,0.0,0.0,0.0,0.0,0
20140304T,0.0,0.0,0.0,0.0,0
20140305T,0.0,0.0,0.0,0.0,0
20140306T,0.0,0.0,0.0,0.0,0
20140307T,0.0,0.0,0.0,0.0,0
20140310T,0.0,0.0,0.0,0.0,0
20140311T,0.0,0.0,0.0,0.0,0
20140312T,0.0,0.0,0.0,0.0,0
20140313T,0.0,0.0,0.0,0.0,0
20140314T,0.0,0.0,0.0,0.0,0
20140318T,0.0,0.0,0.0,0.0,0
20140319T,0.0,0.0,0.0,0.0,0
20140320T,0.0,0.0,0.0,0.0,0
20140321T,0.0,0.0,0.0,0.0,0
20140324T,0.0,0.0,0.0,0.0,0
20140325T,0.0,0.0,0.0,0.0,0
20140326T,0.0,0.0,0.0,0.0,0
20140327T,0.0,0.0,0.0,0.0,0
20140328T,0.0,0.0,0.0,0.0,0
20140331T,0.0,0.0,0.0,0.0,0
20140401T,0.0,0.0,0.0,0.0,0
20140402T,0.0,0.0,0.0,0.0,0
20140403T,0.0,0.0,0.0,0.0,0
20140404T,0.0,0.0,0.0,0.0,0
20140407T,0.0,0.0,0.0,0.0,0
20140409T,0.0,0.0,0.0,0.0,0
20140410T,0.0,0.0,0.0,0.0,0
20140411T,0.0,0.0,0.0,0.0,0
20140415T,0.0,0.0,0.0,0.0,0
20140416T,0.0,0.0,0.0,0.0,0
20140417T,0.0,0.0,0.0,0.0,0
20140421T,0.0,0.0,0.0,0.0,0
20140422T,0.0,0.0,0.0,0.0,0
20140423T,0.0,0.0,0.0,0.0,0
20140425T,0.0,0.0,0.0,0.0,0
20140428T,0.0,0.0,0.0,0.0,0
20140429T,0.0,0.0,0.0,0.0,0
20140430T,0.0,0.0,0.0,0.0,0
20140502T,0.0,0.0,0.0,0.0,0
20140505T,0.0,0.0,0.0,0.0,0
20140506T,0.0,0.0,0.0,0.0,0
20140507T,0.0,0.0,0.0,0.0,0
20140508T,0.0,0.0,0.0,0.0,0
20140509T,0.0,0.0,0.0,0.0,0
20140512T,0.0,0.0,0.0,0.0,0
20140513T,0.0,0.0,0.0,0.0,0
20140514T,0.0,0.0,0.0,0.0,0
20140515T,0.0,0.0,0.0,0.0,0
20140516T,0.0,0.0,0.0,0.0,0
20140519T,0.0,0.0,0.0,0.0,0
20140520T,0.0,0.0,0.0,0.0,0
20140521T,0.0,0.0,0.0,0.0,0
20140522T,0.0,0.0,0.0,0.0,0
20140523T,0.0,0.0,0.0,0.0,0
20140526T,0.0,0.0,0.0,0.0,0
20140527T,0.0,0.0,0.0,0.0,0
20140528T,0.0,0.0,0.0,0.0,0
20140529T,0.0,0.0,0.0,0.0,0
20140530T,0.0,0.0,0.0,0.0,0
20140602T,0.0,0.0,0.0,0.0,0
20140603T,0.0,0.0,0.0,0.0,0
20140604T,0.0,0.0,0.0,0.0,0
20140605T,0.0,0.0,0.0,0.0,0
20140606T,0.0,0.0,0.0,0.0,0
20140609T,0.0,0.0,0.0,0.0,0
20140610T,0.0,0.0,0.0,0.0,0
20140611T,0.0,0.0,0.0,0.0,0
20140612T,0.0,0.0,0.0,0.0,0
20140613T,0.0,0.0,0.0,0.0,0
20140616T,0.0,0.0,0.0,0.0,0
20140617T,0.0,0.0,0.0,0.0,0
20140618T,0.0,0.0,0.0,0.0,0
20140619T,0.0,0.0,0.0,0.0,0
20140620T,0.0,0.0,0.0,0.0,0
20140623T,0.0,0.0,0.0,0.0,0
20140624T,0.0,0.0,0.0,0.0,0
20140625T,0.0,0.0,0.0,0.0,0
20140626T,0.0,0.0,0.0,0.0,0
20140627T,0.0,0.0,0.0,0.0,0
20140630T,0.0,0.0,0.0,0.0,0
20140701T,0.0,0.0,0.0,0.0,0
20140702T,0.0,0.0,0.0,0.0,0
20140703T,0.0,0.0,0.0,0.0,0
20140704T,0.0,0.0,0.0,0.0,0
20140707T,0.0,0.0,0.0,0.0,0
20140708T,0.0,0.0,0.0,0.0,0
20140709T,0.0,0.0,0.0,0.0,0
20140710T,0.0,0.0,0.0,0.0,0
20140711T,0.0,0.0,0.0,0.0,0
20140714T,0.0,0.0,0.0,0.0,0
20140715T,0.0,0.0,0.0,0.0,0
20140716T,0.0,0.0,0.0,0.0,0
20140718T,0.0,0.0,0.0,0.0,0
20140721T,0.0,0.0,0.0,0.0,0
20140722T,0.0,0.0,0.0,0.0,0
20140723T,0.0,0.0,0.0,0.0,0
20140724T,0.0,0.0,0.0,0.0,0
20140725T,0.0,0.0,0.0,0.0,0
20140728T,0.0,0.0,0.0,0.0,0
20140730T,0.0,0.0,0.0,0.0,0
20140731T,0.0,0.0,0.0,0.0,0
20140801T,0.0,0.0,0.0,0.0,0
20140804T,0.0,0.0,0.0,0.0,0
20140805T,0.0,0.0,0.0,0.0,0
20140806T,0.0,0.0,0.0,0.0,0
20140807T,0.0,0.0,0.0,0.0,0
20140808T,0.0,0.0,0.0,0.0,0
20140811T,0.0,0.0,0.0,0.0,0
20140812T,0.0,0.0,0.0,0.0,0
20140813T,0.0,0.0,0.0,0.0,0
20140814T,0.0,0.0,0.0,0.0,0
20140818T,0.0,0.0,0.0,0.0,0
20140819T,0.0,0.0,0.0,0.0,0
20140820T,0.0,0.0,0.0,0.0,0
20140821T,0.0,0.0,0.0,0.0,0
20140822T,0.0,0.0,0.0,0.0,0
20140825T,0.0,0.0,0.0,0.0,0
20140826T,0.0,0.0,0.0,0.0,0
20140827T,0.0,0.0,0.0,0.0,0
20140828T,0.0,0.0,0.0,0.0,0
20140901T,0.0,0.0,0.0,0.0,0
20140902T,0.0,0.0,0.0,0.0,0
20140903T,0.0,0.0,0.0,0.0,0
20140904T,0.0,0.0,0.0,0.0,0
20140905T,0.0,0.0,0.0,0.0,0
20140908T,0.0,0.0,0.0,0.0,0
20140909T,0.0,0.0,0.0,0.0,0
20140910T,0.0,0.0,0.0,0.0,0
20140911T,0.0,0.0,0.0,0.0,0
20140912T,0.0,0.0,0.0,0.0,0
20140915T,0.0,0.0,0.0,0.0,0
20140916T,0.0,0.0,0.0,0.0,0
20140917T,0.0,0.0,0.0,0.0,0
20140918T,0.0,0.0,0.0,0.0,0
20140919T,0.0,0.0,0.0,0.0,0
20140922T,0.0,0.0,0.0,0.0,0
20140923T,0.0,0.0,0.0,0.0,0
20140924T,0.0,0.0,0.0,0.0,0
20140925T,0.0,0.0,0.0,0.0,0
20140926T,0.0,0.0,0.0,0.0,0
20140929T,0.0,0.0,0.0,0.0,0
20140930T,0.0,0.0,0.0,0.0,0
20141001T,0.0,0.0,0.0,0.0,0
20141007T,0.0,0.0,0.0,0.0,0
20141008T,0.0,0.0,0.0,0.0,0
20141009T,0.0,0.0,0.0,0.0,0
20141010T,0.0,0.0,0.0,0.0,0
20141013T,0.0,0.0,0.0,0.0,0
20141014T,0.0,0.0,0.0,0.0,0
20141016T,0.0,0.0,0.0,0.0,0
20141017T,0.0,0.0,0.0,0.0,0
20141020T,0.0,0.0,0.0,0.0,0
20141021T,0.0,0.0,0.0,0.0,0
20141022T,0.0,0.0,0.0,0.0,0
20141023T,0.0,0.0,0.0,0.0,0
20141027T,0.0,0.0,0.0,0.0,0
20141028T,0.0,0.0,0.0,0.0,0
20141029T,0.0,0.0,0.0,0.0,0
20141030T,0.0,0.0,0.0,0.0,0
20141031T,0.0,0.0,0.0,0.0,0
20141103T,0.0,0.0,0.0,0.0,0
20141105T,0.0,0.0,0.0,0.0,0
20141107T,0.0,0.0,0.0,0.0,0
20141110T,0.0,0.0,0.0,0.0,0
20141111T,0.0,0.0,0.0,0.0,0
20141112T,0.0,0.0,0.0,0.0,0
20141113T,0.0,0.0,0.0,0.0,0
20141114T,0.0,0.0,0.0,0.0,0
20141117T,0.0,0.0,0.0,0.0,0
20141118T,0.0,0.0,0.0,0.0,0
20141119T,0.0,0.0,0.0,0.0,0
20141120T,0.0,0.0,0.0,0.0,0
20141121T,0.0,0.0,0.0,0.0,0
20141124T,0.0,0.0,0.0,0.0,0
20141125T,0.0,0.0,0.0,0.0,0
20141126T,0.0,0.0,0.0,0.0,0
20141127T,0.0,0.0,0.0,0.0,0
20141128T,0.0,0.0,0.0,0.0,0
20141201T,0.0,0.0,0.0,0.0,0
20141202T,0.0,0.0,0.0,0.0,0
20141203T,0.0,0.0,0.0,0.0,0
20141204T,0.0,0.0,0.0,0.0,0
20141205T,0.0,0.0,0.0,0.0,0
20141208T,0.0,0.0,0.0,0.0,0
20141209T,0.0,0.0,0.0,0.0,0
20141210T,0.0,0.0,0.0,0.0,0
20141211T,0.0,0.0,0.0,0.0,0
20141212T,0.0,0.0,0.0,0.0,0
20141215T,0.0,0.0,0.0,0.0,0
20141216T,0.0,0.0,0.0,0.0,0
20141217T,0.0,0.0,0.0,0.0,0
20141218T,0.0,0.0,0.0,0.0,0
20141219T,0.0,0.0,0.0,0.0,0
20141222T,0.0,0.0,0.0,0.0,0
20141223T,0.0,0.0,0.0,0.0,0
20141224T,0.0,0.0,0.0,0.0,0
20141226T,0.0,0.0,0.0,0.0,0
20141229T,0.0,0.0,0.0,0.0,0
20141230T,0.0,0.0,0.0,0.0,0
20141231T,0.0,0.0,0.0,0.0,0
20150101T,0.0,0.0,0.0,0.0,0
20150102T,0.0,0.0,0.0,0.0,0
20150105T,0.0,0.0,0.0,0.0,0
20150106T,0.0,0.0,0.0,0.0,0
20150107T,0.0,0.0,0.0,0.0,0
20150108T,0.0,0.0,0.0,0.0,0
20150109T,0.0,0.0,0.0,0.0,0
20150112T,0.0,0.0,0.0,0.0,0
20150113T,0.0,0.0,0.0,0.0,0
20150114T,0.0,0.0,0.0,0.0,0
20150115T,0.0,0.0,0.0,0.0,0
20150116T,0.0,0.0,0.0,0.0,0
20150119T,0.0,0.0,0.0,0.0,0
20150120T,0.0,0.0,0.0,0.0,0
20150121T,0.0,0.0,0.0,0.0,0
20150122T,0.0,0.0,0.0,0.0,0
20150123T,0.0,0.0,0.0,0.0,0
20150127T,0.0,0.0,0.0,0.0,0
20150128T,0.0,0.0,0.0,0.0,0
20150129T,0.0,0.0,0.0,0.0,0
20150130T,0.0,0.0,0.0,0.0,0
20150202T,0.0,0.0,0.0,0.0,0
20150203T,0.0,0.0,0.0,0.0,0
20150204T,0.0,0.0,0.0,0.0,0
20150205T,0.0,0.0,0.0,0.0,0
20150206T,0.0,0.0,0.0,0.0,0
20150209T,0.0,0.0,0.0,0.0,0
20150210T,0.0,0.0,0.0,0.0,0
20150211T,0.0,0.0,0.0,0.0,0
20150212T,0.0,0.0,0.0,0.0,0
20150213T,0.0,0.0,0.0,0.0,0
20150216T,0.0,0.0,0.0,0.0,0
20150218T,0.0,0.0,0.0,0.0,0
20150219T,0.0,0.0,0.0,0.0,0
20150220T,0.0,0.0,0.0,0.0,0
20150223T,0.0,0.0,0.0,0.0,0
20150224T,0.0,0.0,0.0,0.0,0
20150225T,0.0,0.0,0.0,0.0,0
20150226T,0.0,0.0,0.0,0.0,0
20150227T,0.0,0.0,0.0,0.0,0
20150302T,0.0,0.0,0.0,0.0,0
20150303T,0.0,0.0,0.0,0.0,0
20150304T,0.0,0.0,0.0,0.0,0
20150305T,0.0,0.0,0.0,0.0,0
20150309T,0.0,0.0,0.0,0.0,0
20150310T,0.0,0.0,0.0,0.0,0
20150311T,0.0,0.0,0.0,0.0,0
20150312T,0.0,0.0,0.0,0.0,0
20150313T,0.0,0.0,0.0,0.0,0
20150316T,0.0,0.0,0.0,0.0,0
20150317T,0.0,0.0,0.0,0.0,0
20150318T,0.0,0.0,0.0,0.0,0
20150319T,0.0,0.0,0.0,0.0,0
20150320T,0.0,0.0,0.0,0.0,0
20150323T,0.0,0.0,0.0,0.0,0
20150324T,0.0,0.0,0.0,0.0,0
20150325T,0.0,0.0,0.0,0.0,0
20150326T,0.0,0.0,0.0,0.0,0
20150327T,0.0,0.0,0.0,0.0,0
20150330T,0.0,0.0,0.0,0.0,0
20150331T,0.0,0.0,0.0,0.0,0
20150401T,0.0,0.0,0.0,0.0,0
20150406T,0.0,0.0,0.0,0.0,0
20150407T,0.0,0.0,0.0,0.0,0
20150408T,0.0,0.0,0.0,0.0,0
20150409T,0.0,0.0,0.0,0.0,0
20150410T,0.0,0.0,0.0,0.0,0
20150413T,0.0,0.0,0.0,0.0,0
20150415T,0.0,0.0,0.0,0.0,0
20150416T,0.0,0.0,0.0,0.0,0
20150417T,0.0,0.0,0.0,0.0,0
20150420T,0.0,0.0,0.0,0.0,0
20150421T,0.0,0.0,0.0,0.0,0
20150422T,0.0,0.0,0.0,0.0,0
20150423T,0.0,0.0,0.0,0.0,0
20150424T,0.0,0.0,0.0,0.0,0
20150427T,0.0,0.0,0.0,0.0,0
20150428T,0.0,0.0,0.0,0.0,0
20150429T,0.0,0.0,0.0,0.0,0
20150430T,0.0,0.0,0.0,0.0,0
20150504T,0.0,0.0,0.0,0.0,0
20150505T,0.0,0.0,0.0,0.0,0
20150506T,0.0,0.0,0.0,0.0,0
20150507T,0.0,0.0,0.0,0.0,0
20150508T,0.0,0.0,0.0,0.0,0
20150511T,0.0,0.0,0.0,0.0,0
20150512T,0.0,0.0,0.0,0.0,0
20150513T,0.0,0.0,0.0,0.0,0
20150514T,0.0,0.0,0.0,0.0,0
20150515T,0.0,0.0,0.0,0.0,0
20150518T,0.0,0.0,0.0,0.0,0
20150519T,0.0,0.0,0.0,0.0,0
20150520T,0.0,0.0,0.0,0.0,0
20150521T,0.0,0.0,0.0,0.0,0
20150522T,0.0,0.0,0.0,0.0,0
20150525T,0.0,0.0,0.0,0.0,0
20150526T,0.0,0.0,0.0,0.0,0
20150527T,0.0,0.0,0.0,0.0,0
20150528T,0.0,0.0,0.0,0.0,0
20150529T,0.0,0.0,0.0,0.0,0
20150601T,0.0,0.0,0.0,0.0,0
20150602T,0.0,0.0,0.0,0.0,0
20150603T,0.0,0.0,0.0,0.0,0
20150604T,0.0,0.0,0.0,0.0,0
20150605T,0.0,0.0,0.0,0.0,0
20150608T,0.0,0.0,0.0,0.0,0
20150609T,0.0,0.0,0.0,0.0,0
20150610T,0.0,0.0,0.0,0.0,0
20150611T,0.0,0.0,0.0,0.0,0
20150612T,0.0,0.0,0.0,0.0,0
20150615T,0.0,0.0,0.0,0.0,0
20150616T,0.0,0.0,0.0,0.0,0
20150617T,0.0,0.0,0.0,0.0,0
20150618T,0.0,0.0,0.0,0.0,0
20150619T,0.0,0.0,0.0,0.0,0
20150622T,0.0,0.0,0.0,0.0,0
20150623T,0.0,0.0,0.0,0.0,0
20150624T,0.0,0.0,0.0,0.0,0
20150625T,0.0,0.0,0.0,0.0,0
20150626T,0.0,0.0,0.0,0.0,0
20150629T,0.0,0.0,0.0,0.0,0
20150630T,0.0,0.0,0.0,0.0,0
20150701T,0.0,0.0,0.0,0.0,0
20150702T,0.0,0.0,0.0,0.0,0
20150703T,0.0,0.0,0.0,0.0,0
20150706T,0.0,0.0,0.0,0.0,0
20150707T,0.0,0.0,0.0,0.0,0
20150708T,0.0,0.0,0.0,0.0,0
20150709T,0.0,0.0,0.0,0.0,0
20150710T,0.0,0.0,0.0,0.0,0
20150713T,0.0,0.0,0.0,0.0,0
20150714T,0.0,0.0,0.0,0.0,0
20150715T,0.0,0.0,0.0,0.0,0
20150716T,0.0,0.0,0.0,0.0,0
20150717T,0.0,0.0,0.0,0.0,0
20150720T,0.0,0.0,0.0,0.0,0
20150721T,0.0,0.0,0.0,0.0,0
20150722T,0.0,0.0,0.0,0.0,0
20150723T,0.0,0.0,0.0,0.0,0
20150724T,0.0,0.0,0.0,0.0,0
20150727T,0.0,0.0,0.0,0.0,0
20150728T,0.0,0.0,0.0,0.0,0
20150729T,0.0,0.0,0.0,0.0,0
20150730T,0.0,0.0,0.0,0.0,0
20150731T,0.0,0.0,0.0,0.0,0
20150803T,0.0,0.0,0.0,0.0,0
20150804T,0.0,0.0,0.0,0.0,0
20150805T,0.0,0.0,0.0,0.0,0
20150806T,0.0,0.0,0.0,0.0,0
20150807T,0.0,0.0,0.0,0.0,0
20150810T,0.0,0.0,0.0,0.0,0
20150811T,0.0,0.0,0.0,0.0,0
20150812T,0.0,0.0,0.0,0.0,0
20150813T,0.0,0.0,0.0,0.0,0
20150814T,0.0,0.0,0.0,0.0,0
20150817T,0.0,0.0,0.0,0.0,0
20150818T,0.0,0.0,0.0,0.0,0
20150819T,0.0,0.0,0.0,0.0,0
20150820T,0.0,0.0,0.0,0.0,0
20150821T,0.0,0.0,0.0,0.0,0
20150824T,0.0,0.0,0.0,0.0,0
20150825T,0.0,0.0,0.0,0.0,0
20150826T,0.0,0.0,0.0,0.0,0
20150827T,0.0,0.0,0.0,0.0,0
20150828T,0.0,0.0,0.0,0.0,0
20150831T,0.0,0.0,0.0,0.0,0
20150901T,0.0,0.0,0.0,0.0,0
20150902T,0.0,0.0,0.0,0.0,0
20150903T,0.0,0.0,0.0,0.0,0
20150904T,0.0,0.0,0.0,0.0,0
20150907T,0.0,0.0,0.0,0.0,0
20150908T,0.0,0.0,0.0,0.0,0
20150909T,0.0,0.0,0.0,0.0,0
20150910T,0.0,0.0,0.0,0.0,0
20150911T,0.0,0.0,0.0,0.0,0
20150914T,0.0,0.0,0.0,0.0,0
20150915T,0.0,0.0,0.0,0.0,0
20150916T,0.0,0.0,0.0,0.0,0
20150918T,0.0,0.0,0.0,0.0,0
20150921T,0.0,0.0,0.0,0.0,0
20150922T,0.0,0.0,0.0,0.0,0
20150923T,0.0,0.0,0.0,0.0,0
20150924T,0.0,0.0,0.0,0.0,0
20150928T,0.0,0.0,0.0,0.0,0
20150929T,0.0,0.0,0.0,0.0,0
20150930T,0.0,0.0,0.0,0.0,0
20151001T,0.0,0.0,0.0,0.0,0
20151005T,0.0,0.0,0.0,0.0,0
20151006T,0.0,0.0,0.0,0.0,0
20151007T,0.0,0.0,0.0,0.0,0
20151008T,0.0,0.0,0.0,0.0,0
20151009T,0.0,0.0,0.0,0.0,0
20151012T,0.0,0.0,0.0,0.0,0
20151013T,0.0,0.0,0.0,0.0,0
20151014T,0.0,0.0,0.0,0.0,0
20151015T,0.0,0.0,0.0,0.0,0
20151016T,0.0,0.0,0.0,0.0,0
20151019T,0.0,0.0,0.0,0.0,0
20151020T,0.0,0.0,0.0,0.0,0
20151021T,0.0,0.0,0.0,0.0,0
20151023T,0.0,0.0,0.0,0.0,0
20151026T,0.0,0.0,0.0,0.0,0
20151027T,0.0,0.0,0.0,0.0,0
20151028T,0.0,0.0,0.0,0.0,0
20151029T,0.0,0.0,0.0,0.0,0
20151030T,0.0,0.0,0.0,0.0,0
20151102T,0.0,0.0,0.0,0.0,0
20151103T,0.0,0.0,0.0,0.0,0
20151104T,0.0,0.0,0.0,0.0,0
20151105T,0.0,0.0,0.0,0.0,0
20151106T,0.0,0.0,0.0,0.0,0
20151109T,0.0,0.0,0.0,0.0,0
20151110T,0.0,0.0,0.0,0.0,0
20151111T,0.0,0.0,0.0,0.0,0
20151113T,0.0,0.0,0.0,0.0,0
20151116T,0.0,0.0,0.0,0.0,0
20151117T,0.0,0.0,0.0,0.0,0
20151118T,0.0,0.0,0.0,0.0,0
20151119T,0.0,0.0,0.0,0.0,0
20151120T,0.0,0.0,0.0,0.0,0
20151123T,0.0,0.0,0.0,0.0,0
20151124T,0.0,0.0,0.0,0.0,0
20151126T,0.0,0.0,0.0,0.0,0
20151127T,0.0,0.0,0.0,0.0,0
20151130T,0.0,0.0,0.0,0.0,0
20151201T,0.0,0.0,0.0,0.0,0
20151202T,0.0,0.0,0.0,0.0,0
20151203T,0.0,0.0,0.0,0.0,0
20151204T,0.0,0.0,0.0,0.0,0
20151207T,0.0,0.0,0.0,0.0,0
20151208T,0.0,0.0,0.0,0.0,0
20151209T,0.0,0.0,0.0,0.0,0
20151210T,0.0,0.0,0.0,0.0,0
20151211T,0.0,0.0,0.0,0.0,0
20151214T,0.0,0.0,0.0,0.0,0
20151215T,0.0,0.0,0.0,0.0,0
20151216T,0.0,0.0,0.0,0.0,0
20151217T,0.0,0.0,0.0,0.0,0
20151218T,0.0,0.0,0.0,0.0,0
20151221T,0.0,0.0,0.0,0.0,0
20151222T,0.0,0.0,0.0,0.0,0
20151223T,0.0,0.0,0.0,0.0,0
20151224T,0.0,0.0,0.0,0.0,0
20151228T,0.0,0.0,0.0,0.0,0
20151229T,0.0,0.0,0.0,0.0,0
20151230T,0.0,0.0,0.0,0.0,0
20151231T,0.0,0.0,0.0,0.0,0
20160101T,0.0,0.0,0.0,0.0,0
20160104T,0.0,0.0,0.0,0.0,0
20160105T,0.0,0.0,0.0,0.0,0
20160106T,0.0,0.0,0.0,0.0,0
20160107T,0.0,0.0,0.0,0.0,0
20160108T,0.0,0.0,0.0,0.0,0
20160111T,0.0,0.0,0.0,0.0,0
20160112T,0.0,0.0,0.0,0.0,0
20160113T,0.0,0.0,0.0,0.0,0
20160114T,0.0,0.0,0.0,0.0,0
20160115T,0.0,0.0,0.0,0.0,0
20160118T,0.0,0.0,0.0,0.0,0
20160119T,0.0,0.0,0.0,0.0,0
20160120T,0.0,0.0,0.0,0.0,0
20160121T,0.0,0.0,0.0,0.0,0
20160122T,0.0,0.0,0.0,0.0,0
20160125T,0.0,0.0,0.0,0.0,0
20160127T,0.0,0.0,0.0,0.0,0
20160128T,0.0,0.0,0.0,0.0,0
20160129T,0.0,0.0,0.0,0.0,0
20160201T,0.0,0.0,0.0,0.0,0
20160202T,0.0,0.0,0.0,0.0,0
20160203T,0.0,0.0,0.0,0.0,0
20160204T,0.0,0.0,0.0,0.0,0
20160205T,0.0,0.0,0.0,0.0,0
20160208T,0.0,0.0,0.0,0.0,0
20160209T,0.0,0.0,0.0,0.0,0
20160211T,0.0,0.0,0.0,0.0,0
20160212T,0.0,0.0,0.0,0.0,0
20160215T,0.0,0.0,0.0,0.0,0
20160216T,0.0,0.0,0.0,0.0,0
20160217T,0.0,0.0,0.0,0.0,0
20160218T,0.0,0.0,0.0,0.0,0
20160219T,0.0,0.0,0.0,0.0,0
20160222T,0.0,0.0,0.0,0.0,0
20160223T,0.0,0.0,0.0,0.0,0
20160224T,0.0,0.0,0.0,0.0,0
20160225T,0.0,0.0,0.0,0.0,0
20160226T,0.0,0.0,0.0,0.0,0
20160229T,0.0,0.0,0.0,0.0,0
20160301T,0.0,0.0,0.0,0.0,0
20160302T,0.0,0.0,0.0,0.0,0
20160303T,0.0,0.0,0.0,0.0,0
20160304T,0.0,0.0,0.0,0.0,0
20160308T,0.0,0.0,0.0,0.0,0
20160309T,0.0,0.0,0.0,0.0,0
20160310T,0.0,0.0,0.0,0.0,0
20160311T,0.0,0.0,0.0,0.0,0
20160314T,0.0,0.0,0.0,0.0,0
20160315T,0.0,0.0,0.0,0.0,0
20160316T,0.0,0.0,0.0,0.0,0
20160317T,0.0,0.0,0.0,0.0,0
20160318T,0.0,0.0,0.0,0.0,0
20160321T,0.0,0.0,0.0,0.0,0
20160322T,0.0,0.0,0.0,0.0,0
20160323T,0.0,0.0,0.0,0.0,0
20160328T,0.0,0.0,0.0,0.0,0
20160329T,0.0,0.0,0.0,0.0,0
20160330T,0.0,0.0,0.0,0.0,0
20160331T,0.0,0.0,0.0,0.0,0
20160401T,0.0,0.0,0.0,0.0,0
20160404T,0.0,0.0,0.0,0.0,0
20160405T,0.0,0.0,0.0,0.0,0
20160406T,0.0,0.0,0.0,0.0,0
20160407T,0.0,0.0,0.0,0.0,0
20160408T,0.0,0.0,0.0,0.0,0
20160411T,0.0,0.0,0.0,0.0,0
20160412T,0.0,0.0,0.0,0.0,0
20160413T,0.0,0.0,0.0,0.0,0
20160418T,0.0,0.0,0.0,0.0,0
20160420T,0.0,0.0,0.0,0.0,0
20160421T,0.0,0.0,0.0,0.0,0
20160422T,0.0,0.0,0.0,0.0,0
20160425T,0.0,0.0,0.0,0.0,0
20160426T,0.0,0.0,0.0,0.0,0
20160427T,0.0,0.0,0.0,0.0,0
20160428T,0.0,0.0,0.0,0.0,0
20160429T,0.0,0.0,0.0,0.0,0
20160502T,0.0,0.0,0.0,0.0,0
20160503T,0.0,0.0,0.0,0.0,0
20160504T,0.0,0.0,0.0,0.0,0
20160505T,0.0,0.0,0.0,0.0,0
20160506T,0.0,0.0,0.0,0.0,0
20160509T,0.0,0.0,0.0,0.0,0
20160510T,0.0,0.0,0.0,0.0,0
20160511T,0.0,0.0,0.0,0.0,0
20160512T,0.0,0.0,0.0,0.0,0
20160513T,0.0,0.0,0.0,0.0,0
20160516T,0.0,0.0,0.0,0.0,0
20160517T,0.0,0.0,0.0,0.0,0
20160518T,0.0,0.0,0.0,0.0,0
20160519T,0.0,0.0,0.0,0.0,0
20160520T,0.0,0.0,0.0,0.0,0
20160523T,0.0,0.0,0.0,0.0,0
20160524T,0.0,0.0,0.0,0.0,0
20160525T,0.0,0.0,0.0,0.0,0
20160526T,0.0,0.0,0.0,0.0,0
20160527T,0.0,0.0,0.0,0.0,0
20160530T,0.0,0.0,0.0,0.0,0
20160531T,0.0,0.0,0.0,0.0,0
20160601T,0.0,0.0,0.0,0.0,0
20160602T,0.0,0.0,0.0,0.0,0
20160603T,0.0,0.0,0.0,0.0,0
20160606T,0.0,0.0,0.0,0.0,0
20160607T,0.0,0.0,0.0,0.0,0
20160608T,0.0,0.0,0.0,0.0,0
20160609T,0.0,0.0,0.0,0.0,0
20160610T,0.0,0.0,0.0,0.0,0
20160613T,0.0,0.0,0.0,0.0,0
20160614T,0.0,0.0,0.0,0.0,0
20160615T,0.0,0.0,0.0,0.0,0
20160616T,0.0,0.0,0.0,0.0,0
20160617T,0.0,0.0,0.0,0.0,0
20160620T,0.0,0.0,0.0,0.0,0
20160621T,0.0,0.0,0.0,0.0,0
20160622T,0.0,0.0,0.0,0.0,0
20160623T,0.0,0.0,0.0,0.0,0
20160624T,0.0,0.0,0.0,0.0,0
20160627T,0.0,0.0,0.0,0.0,0
20160628T,0.0,0.0,0.0,0.0,0
20160629T,0.0,0.0,0.0,0.0,0
20160630T,0.0,0.0,0.0,0.0,0
20160701T,0.0,0.0,0.0,0.0,0
20160704T,0.0,0.0,0.0,0.0,0
20160705T,0.0,0.0,0.0,0.0,0
20160707T,0.0,0.0,0.0,0.0,0
20160708T,0.0,0.0,0.0,0.0,0
20160711T,0.0,0.0,0.0,0.0,0
20160712T,0.0,0.0,0.0,0.0,0
20160713T,0.0,0.0,0.0,0.0,0
20160714T,0.0,0.0,0.0,0.0,0
20160715T,0.0,0.0,0.0,0.0,0
20160718T,0.0,0.0,0.0,0.0,0
20160719T,0.0,0.0,0.0,0.0,0
20160720T,0.0,0.0,0.0,0.0,0
20160721T,0.0,0.0,0.0,0.0,0
20160722T,0.0,0.0,0.0,0.0,0
20160725T,0.0,0.0,0.0,0.0,0
20160726T,0.0,0.0,0.0,0.0,0
20160727T,0.0,0.0,0.0,0.0,0
20160728T,0.0,0.0,0.0,0.0,0
20160729T,0.0,0.0,0.0,0.0,0
20160801T,0.0,0.0,0.0,0.0,0
20160802T,0.0,0.0,0.0,0.0,0
20160803T,0.0,0.0,0.0,0.0,0
20160804T,0.0,0.0,0.0,0.0,0
20160805T,0.0,0.0,0.0,0.0,0
20160808T,0.0,0.0,0.0,0.0,0
20160809T,0.0,0.0,0.0,0.0,0
20160810T,0.0,0.0,0.0,0.0,0
20160811T,0.0,0.0,0.0,0.0,0
20160812T,0.0,0.0,0.0,0.0,0
20160816T,0.0,0.0,0.0,0.0,0
20160817T,0.0,0.0,0.0,0.0,0
20160818T,0.0,0.0,0.0,0.0,0
20160819T,0.0,0.0,0.0,0.0,0
20160822T,0.0,0.0,0.0,0.0,0
20160823T,0.0,0.0,0.0,0.0,0
20160824T,0.0,0.0,0.0,0.0,0
20160825T,0.0,0.0,0.0,0.0,0
20160826T,0.0,0.0,0.0,0.0,0
20160829T,0.0,0.0,0.0,0.0,0
20160830T,0.0,0.0,0.0,0.0,0
20160831T,0.0,0.0,0.0,0.0,0
20160901T,0.0,0.0,0.0,0.0,0
20160902T,0.0,0.0,0.0,0.0,0
20160906T,0.0,0.0,0.0,0.0,0
20160907T,0.0,0.0,0.0,0.0,0
20160908T,0.0,0.0,0.0,0.0,0
20160909T,0.0,0.0,0.0,0.0,0
20160912T,0.0,0.0,0.0,0.0,0
20160914T,0.0,0.0,0.0,0.0,0
20160915T,0.0,0.0,0.0,0.0,0
20160916T,0.0,0.0,0.0,0.0,0
20160919T,0.0,0.0,0.0,0.0,0
20160920T,0.0,0.0,0.0,0.0,0
20160921T,0.0,0.0,0.0,0.0,0
20160922T,0.0,0.0,0.0,0.0,0
20160923T,0.0,0.0,0.0,0.0,0
20160926T,0.0,0.0,0.0,0.0,0
20160927T,0.0,0.0,0.0,0.0,0
20160928T,0.0,0.0,0.0,0.0,0
20160929T,0.0,0.0,0.0,0.0,0
20160930T,0.0,0.0,0.0,0.0,0
20161003T,0.0,0.0,0.0,0.0,0
20161004T,0.0,0.0,0.0,0.0,0
20161005T,0.0,0.0,0.0,0.0,0
20161006T,0.0,0.0,0.0,0.0,0
20161007T,0.0,0.0,0.0,0.0,0
20161010T,0.0,0.0,0.0,0.0,0
20161013T,0.0,0.0,0.0,0.0,0
20161014T,0.0,0.0,0.0,0.0,0
20161017T,0.0,0.0,0.0,0.0,0
20161018T,0.0,0.0,0.0,0.0,0
20161019T,0.0,0.0,0.0,0.0,0
20161020T,0.0,0.0,0.0,0.0,0
20161021T,0.0,0.0,0.0,0.0,0
20161024T,0.0,0.0,0.0,0.0,0
20161025T,0.0,0.0,0.0,0.0,0
20161026T,0.0,0.0,0.0,0.0,0
20161027T,0.0,0.0,0.0,0.0,0
20161028T,0.0,0.0,0.0,0.0,0
20161101T,0.0,0.0,0.0,0.0,0
20161102T,0.0,0.0,0.0,0.0,0
20161103T,0.0,0.0,0.0,0.0,0
20161104T,0.0,0.0,0.0,0.0,0
20161107T,0.0,0.0,0.0,0.0,0
20161108T,0.0,0.0,0.0,0.0,0
20161109T,0.0,0.0,0.0,0.0,0
20161110T,0.0,0.0,0.0,0.0,0
20161111T,0.0,0.0,0.0,0.0,0
20161115T,0.0,0.0,0.0,0.0,0
20161116T,0.0,0.0,0.0,0.0,0
20161117T,0.0,0.0,0.0,0.0,0
20161118T,0.0,0.0,0.0,0.0,0
20161121T,0.0,0.0,0.0,0.0,0
20161122T,0.0,0.0,0.0,0.0,0
20161123T,0.0,0.0,0.0,0.0,0
20161124T,0.0,0.0,0.0,0.0,0
20161125T,0.0,0.0,0.0,0.0,0
20161128T,0.0,0.0,0.0,0.0,0
20161129T,0.0,0.0,0.0,0.0,0
20161130T,0.0,0.0,0.0,0.0,0
20161201T,0.0,0.0,0.0,0.0,0
20161202T,0.0,0.0,0.0,0.0,0
20161205T,0.0,0.0,0.0,0.0,0
20161206T,0.0,0.0,0.0,0.0,0
20161207T,0.0,0.0,0.0,0.0,0
20161208T,0.0,0.0,0.0,0.0,0
20161209T,0.0,0.0,0.0,0.0,0
20161212T,0.0,0.0,0.0,0.0,0
20161213T,0.0,0.0,0.0,0.0,0
20161214T,0.0,0.0,0.0,0.0,0
20161215T,0.0,0.0,0.0,0.0,0
20161216T,0.0,0.0,0.0,0.0,0
20161219T,0.0,0.0,0.0,0.0,0
20161220T,0.0,0.0,0.0,0.0,0
20161221T,0.0,0.0,0.0,0.0,0
20161222T,0.0,0.0,0.0,0.0,0
20161223T,0.0,0.0,0.0,0.0,0
20161226T,0.0,0.0,0.0,0.0,0
20161227T,0.0,0.0,0.0,0.0,0
20161228T,0.0,0.0,0.0,0.0,0
20161229T,0.0,0.0,0.0,0.0,0
20161230T,0.0,0.0,0.0,0.0,0
20170102T,0.0,0.0,0.0,0.0,0
20170103T,0.0,0.0,0.0,0.0,0
20170104T,0.0,0.0,0.0,0.0,0
20170105T,0.0,0.0,0.0,0.0,0
20170106T,0.0,0.0,0.0,0.0,0
20170109T,0.0,0.0,0.0,0.0,0
20170110T,0.0,0.0,0.0,0.0,0
20170111T,0.0,0.0,0.0,0.0,0
20170112T,0.0,0.0,0.0,0.0,0
20170113T,0.0,0.0,0.0,0.0,0
20170116T,0.0,0.0,0.0,0.0,0
20170117T,0.0,0.0,0.0,0.0,0
20170118T,0.0,0.0,0.0,0.0,0
20170119T,0.0,0.0,0.0,0.0,0
20170120T,0.0,0.0,0.0,0.0,0
20170123T,0.0,0.0,0.0,0.0,0
20170124T,0.0,0.0,0.0,0.0,0
20170125T,0.0,0.0,0.0,0.0,0
20170127T,0.0,0.0,0.0,0.0,0
20170130T,0.0,0.0,0.0,0.0,0
20170131T,0.0,0.0,0.0,0.0,0
20170201T,0.0,0.0,0.0,0.0,0
20170202T,0.0,0.0,0.0,0.0,0
20170203T,0.0,0.0,0.0,0.0,0
20170206T,0.0,0.0,0.0,0.0,0
20170207T,0.0,0.0,0.0,0.0,0
20170208T,0.0,0.0,0.0,0.0,0
20170209T,0.0,0.0,0.0,0.0,0
20170210T,0.0,0.0,0.0,0.0,0
20170213T,0.0,0.0,0.0,0.0,0
20170214T,0.0,0.0,0.0,0.0,0
20170215T,0.0,0.0,0.0,0.0,0
20170216T,0.0,0.0,0.0,0.0,0
20170217T,0.0,0.0,0.0,0.0,0
20170220T,0.0,0.0,0.0,0.0,0
20170221T,0.0,0.0,0.0,0.0,0
20170222T,0.0,0.0,0.0,0.0,0
20170223T,0.0,0.0,0.0,0.0,0
20170227T,0.0,0.0,0.0,0.0,0
20170228T,0.0,0.0,0.0,0.0,0
20170301T,0.0,0.0,0.0,0.0,0
20170302T,0.0,0.0,0.0,0.0,0
20170303T,0.0,0.0,0.0,0.0,0
20170306T,0.0,0.0,0.0,0.0,0
20170307T,0.0,0.0,0.0,0.0,0
20170308T,0.0,0.0,0.0,0.0,0
20170309T,0.0,0.0,0.0,0.0,0
20170310T,0.0,0.0,0.0,0.0,0
20170314T,0.0,0.0,0.0,0.0,0
20170315T,0.0,0.0,0.0,0.0,0
20170316T,0.0,0.0,0.0,0.0,0
20170317T,0.0,0.0,0.0,0.0,0
20170320T,0.0,0.0,0.0,0.0,0
20170321T,0.0,0.0,0.0,0.0,0
20170322T,0.0,0.0,0.0,0.0,0
20170323T,0.0,0.0,0.0,0.0,0
20170324T,0.0,0.0,0.0,0.0,0
20170327T,0.0,0.0,0.0,0.0,0
20170328T,0.0,0.0,0.0,0.0,0
20170329T,0.0,0.0,0.0,0.0,0
20170330T,0.0,0.0,0.0,0.0,0
20170331T,0.0,0.0,0.0,0.0,0
20170403T,0.0,0.0,0.0,0.0,0
20170405T,0.0,0.0,0.0,0.0,0
20170406T,0.0,0.0,0.0,0.0,0
20170407T,0.0,0.0,0.0,0.0,0
20170410T,0.0,0.0,0.0,0.0,0
20170411T,0.0,0.0,0.0,0.0,0
20170412T,0.0,0.0,0.0,0.0,0
20170413T,0.0,0.0,0.0,0.0,0
20170417T,0.0,0.0,0.0,0.0,0
20170418T,0.0,0.0,0.0,0.0,0
20170419T,0.0,0.0,0.0,0.0,0
20170420T,0.0,0.0,0.0,0.0,0
20170421T,0.0,0.0,0.0,0.0,0
20170424T,0.0,0.0,0.0,0.0,0
20170425T,0.0,0.0,0.0,0.0,0
20170426T,0.0,0.0,0.0,0.0,0
20170427T,0.0,0.0,0.0,0.0,0
20170428T,0.0,0.0,0.0,0.0,0
20170502T,0.0,0.0,0.0,0.0,0
20170503T,0.0,0.0,0.0,0.0,0
20170504T,0.0,0.0,0.0,0.0,0
20170505T,0.0,0.0,0.0,0.0,0
20170508T,0.0,0.0,0.0,0.0,0
20170509T,0.0,0.0,0.0,0.0,0
20170510T,0.0,0.0,0.0,0.0,0
20170511T,0.0,0.0,0.0,0.0,0
20170512T,0.0,0.0,0.0,0.0,0
20170515T,0.0,0.0,0.0,0.0,0
20170516T,0.0,0.0,0.0,0.0,0
20170517T,0.0,0.0,0.0,0.0,0
20170518T,0.0,0.0,0.0,0.0,0
20170519T,0.0,0.0,0.0,0.0,0
20170522T,0.0,0.0,0.0,0.0,0
20170523T,0.0,0.0,0.0,0.0,0
20170524T,0.0,0.0,0.0,0.0,0
20170525T,0.0,0.0,0.0,0.0,0
20170526T,0.0,0.0,0.0,0.0,0
20170529T,0.0,0.0,0.0,0.0,0
20170530T,0.0,0.0,0.0,0.0,0
20170531T,0.0,0.0,0.0,0.0,0
20170601T,0.0,0.0,0.0,0.0,0
20170602T,0.0,0.0,0.0,0.0,0
20170605T,0.0,0.0,0.0,0.0,0
20170606T,0.0,0.0,0.0,0.0,0
20170607T,0.0,0.0,0.0,0.0,0
20170608T,0.0,0.0,0.0,0.0,0
20170609T,0.0,0.0,0.0,0.0,0
20170612T,0.0,0.0,0.0,0.0,0
20170613T,0.0,0.0,0.0,0.0,0
20170614T,0.0,0.0,0.0,0.0,0
20170615T,0.0,0.0,0.0,0.0,0
20170616T,0.0,0.0,0.0,0.0,0
20170619T,0.0,0.0,0.0,0.0,0
20170620T,0.0,0.0,0.0,0.0,0
20170621T,0.0,0.0,0.0,0.0,0
20170622T,0.0,0.0,0.0,0.0,0
20170623T,0.0,0.0,0.0,0.0,0
20170627T,0.0,0.0,0.0,0.0,0
20170628T,0.0,0.0,0.0,0.0,0
20170629T,0.0,0.0,0.0,0.0,0
20170630T,0.0,0.0,0.0,0.0,0
20170703T,0.0,0.0,0.0,0.0,0
20170704T,0.0,0.0,0.0,0.0,0
20170705T,0.0,0.0,0.0,0.0,0
20170706T,0.0,0.0,0.0,0.0,0
20170707T,0.0,0.0,0.0,0.0,0
20170710T,0.0,0.0,0.0,0.0,0
20170711T,0.0,0.0,0.0,0.0,0
20170712T,0.0,0.0,0.0,0.0,0
20170713T,0.0,0.0,0.0,0.0,0
20170714T,0.0,0.0,0.0,0.0,0
20170717T,0.0,0.0,0.0,0.0,0
20170718T,0.0,0.0,0.0,0.0,0
20170719T,0.0,0.0,0.0,0.0,0
20170720T,0.0,0.0,0.0,0.0,0
20170721T,0.0,0.0,0.0,0.0,0
20170724T,0.0,0.0,0.0,0.0,0
20170725T,0.0,0.0,0.0,0.0,0
20170726T,0.0,0.0,0.0,0.0,0
20170727T,0.0,0.0,0.0,0.0,0
20170728T,0.0,0.0,0.0,0.0,0
20170731T,0.0,0.0,0.0,0.0,0
20170801T,0.0,0.0,0.0,0.0,0
20170802T,0.0,0.0,0.0,0.0,0
20170803T,0.0,0.0,0.0,0.0,0
20170804T,0.0,0.0,0.0,0.0,0
20170807T,0.0,0.0,0.0,0.0,0
20170808T,0.0,0.0,0.0,0.0,0
20170809T,0.0,0.0,0.0,0.0,0
20170810T,0.0,0.0,0.0,0.0,0
20170811T,0.0,0.0,0.0,0.0,0
20170814T,0.0,0.0,0.0,0.0,0
20170816T,0.0,0.0,0.0,0.0,0
20170817T,0.0,0.0,0.0,0.0,0
20170818T,0.0,0.0,0.0,0.0,0
20170821T,0.0,0.0,0.0,0.0,0
20170822T,0.0,0.0,0.0,0.0,0
20170823T,0.0,0.0,0.0,0.0,0
20170824T,0.0,0.0,0.0,0.0,0
20170828T,0.0,0.0,0.0,0.0,0
20170829T,0.0,0.0,0.0,0.0,0
20170830T,0.0,0.0,0.0,0.0,0
20170831T,0.0,0.0,0.0,0.0,0
20170901T,0.0,0.0,0.0,0.0,0
20170904T,0.0,0.0,0.0,0.0,0
20170905T,0.0,0.0,0.0,0.0,0
20170906T,0.0,0.0,0.0,0.0,0
20170907T,0.0,0.0,0.0,0.0,0
20170908T,0.0,0.0,0.0,0.0,0
20170911T,0.0,0.0,0.0,0.0,0
20170912T,0.0,0.0,0.0,0.0,0
20170913T,0.0,0.0,0.0,0.0,0
20170914T,0.0,0.0,0.0,0.0,0
20170915T,0.0,0.0,0.0,0.0,0
20170918T,0.0,0.0,0.0,0.0,0
20170919T,0.0,0.0,0.0,0.0,0
20170920T,0.0,0.0,0.0,0.0,0
20170921T,0.0,0.0,0.0,0.0,0
20170922T,0.0,0.0,0.0,0.0,0
20170925T,0.0,0.0,0.0,0.0,0
20170926T,0.0,0.0,0.0,0.0,0
20170927T,0.0,0.0,0.0,0.0,0
20170928T,0.0,0.0,0.0,0.0,0
20170929T,0.0,0.0,0.0,0.0,0
20171003T,0.0,0.0,0.0,0.0,0
20171004T,0.0,0.0,0.0,0.0,0
20171005T,0.0,0.0,0.0,0.0,0
20171006T,0.0,0.0,0.0,0.0,0
20171009T,0.0,0.0,0.0,0.0,0
20171010T,0.0,0.0,0.0,0.0,0
20171011T,0.0,0.0,0.0,0.0,0
20171012T,0.0,0.0,0.0,0.0,0
20171013T,0.0,0.0,0.0,0.0,0
20171016T,0.0,0.0,0.0,0.0,0
20171017T,0.0,0.0,0.0,0.0,0
20171018T,0.0,0.0,0.0,0.0,0
20171019T,0.0,0.0,0.0,0.0,0
20171023T,0.0,0.0,0.0,0.0,0
20171024T,0.0,0.0,0.0,0.0,0
20171025T,0.0,0.0,0.0,0.0,0
20171026T,0.0,0.0,0.0,0.0,0
20171027T,0.0,0.0,0.0,0.0,0
20171030T,0.0,0.0,0.0,0.0,0
20171031T,0.0,0.0,0.0,0.0,0
20171101T,0.0,0.0,0.0,0.0,0
20171102T,0.0,0.0,0.0,0.0,0
20171103T,0.0,0.0,0.0,0.0,0
20171106T,0.0,0.0,0.0,0.0,0
20171107T,0.0,0.0,0.0,0.0,0
20171108T,0.0,0.0,0.0,0.0,0
20171109T,0.0,0.0,0.0,0.0,0
20171110T,0.0,0.0,0.0,0.0,0
20171113T,0.0,0.0,0.0,0.0,0
20171114T,0.0,0.0,0.0,0.0,0
20171115T,0.0,0.0,0.0,0.0,0
20171116T,0.0,0.0,0.0,0.0,0
20171117T,0.0,0.0,0.0,0.0,0
20171120T,0.0,0.0,0.0,0.0,0
20171121T,0.0,0.0,0.0,0.0,0
20171122T,0.0,0.0,0.0,0.0,0
20171123T,0.0,0.0,0.0,0.0,0
20171124T,0.0,0.0,0.0,0.0,0
20171127T,0.0,0.0,0.0,0.0,0
20171128T,0.0,0.0,0.0,0.0,0
20171129T,0.0,0.0,0.0,0.0,0
20171130T,0.0,0.0,0.0,0.0,0
20171201T,0.0,0.0,0.0,0.0,0
20171204T,0.0,0.0,0.0,0.0,0
20171205T,0.0,0.0,0.0,0.0,0
20171206T,0.0,0.0,0.0,0.0,0
20171207T,0.0,0.0,0.0,0.0,0
20171208T,0.0,0.0,0.0,0.0,0
20171211T,0.0,0.0,0.0,0.0,0
20171212T,0.0,0.0,0.0,0.0,0
20171213T,0.0,0.0,0.0,0.0,0
20171214T,0.0,0.0,0.0,0.0,0
20171215T,0.0,0.0,0.0,0.0,0
20171218T,0.0,0.0,0.0,0.0,0
20171219T,0.0,0.0,0.0,0.0,0
20171220T,0.0,0.0,0.0,0.0,0
20171221T,0.0,0.0,0.0,0.0,0
20171222T,0.0,0.0,0.0,0.0,0
20171226T,0.0,0.0,0.0,0.0,0
20171227T,0.0,0.0,0.0,0.0,0
20171228T,0.0,0.0,0.0,0.0,0
20171229T,0.0,0.0,0.0,0.0,0
20180101T,0.0,0.0,0.0,0.0,0
20180102T,0.0,0.0,0.0,0.0,0
20180103T,0.0,0.0,0.0,0.0,0
20180104T,0.0,0.0,0.0,0.0,0
20180105T,0.0,0.0,0.0,0.0,0
20180108T,0.0,0.0,0.0,0.0,0
20180109T,0.0,0.0,0.0,0.0,0
20180110T,0.0,0.0,0.0,0.0,0
20180111T,0.0,0.0,0.0,0.0,0
20180112T,0.0,0.0,0.0,0.0,0
20180115T,0.0,0.0,0.0,0.0,0
20180116T,0.0,0.0,0.0,0.0,0
20180117T,0.0,0.0,0.0,0.0,0
20180118T,0.0,0.0,0.0,0.0,0
20180119T,0.0,0.0,0.0,0.0,0
20180122T,0.0,0.0,0.0,0.0,0
20180123T,0.0,0.0,0.0,0.0,0
20180124T,0.0,0.0,0.0,0.0,0
20180125T,0.0,0.0,0.0,0.0,0
20180129T,0.0,0.0,0.0,0.0,0
20180130T,0.0,0.0,0.0,0.0,0
20180131T,0.0,0.0,0.0,0.0,0
20180201T,0.0,0.0,0.0,0.0,0
20180202T,0.0,0.0,0.0,0.0,0
20180205T,0.0,0.0,0.0,0.0,0
20180206T,0.0,0.0,0.0,0.0,0
20180207T,0.0,0.0,0.0,0.0,0
20180208T,0.0,0.0,0.0,0.0,0
20180209T,0.0,0.0,0.0,0.0,0
20180212T,0.0,0.0,0.0,0.0,0
20180214T,0.0,0.0,0.0,0.0,0
20180215T,0.0,0.0,0.0,0.0,0
20180216T,0.0,0.0,0.0,0.0,0
20180219T,0.0,0.0,0.0,0.0,0
20180220T,0.0,0.0,0.0,0.0,0
20180221T,0.0,0.0,0.0,0.0,0
20180222T,0.0,0.0,0.0,0.0,0
20180223T,0.0,0.0,0.0,0.0,0
20180226T,0.0,0.0,0.0,0.0,0
20180227T,0.0,0.0,0.0,0.0,0
20180228T,0.0,0.0,0.0,0.0,0
20180301T,0.0,0.0,0.0,0.0,0
20180305T,0.0,0.0,0.0,0.0,0
20180306T,0.0,0.0,0.0,0.0,0
20180307T,0.0,0.0,0.0,0.0,0
20180308T,0.0,0.0,0.0,0.0,0
20180309T,0.0,0.0,0.0,0.0,0
20180312T,0.0,0.0,0.0,0.0,0
20180313T,0.0,0.0,0.0,0.0,0
20180314T,0.0,0.0,0.0,0.0,0
20180315T,0.0,0.0,0.0,0.0,0
20180316T,0.0,0.0,0.0,0.0,0
20180319T,0.0,0.0,0.0,0.0,0
20180320T,0.0,0.0,0.0,0.0,0
20180321T,0.0,0.0,0.0,0.0,0
20180322T,0.0,0.0,0.0,0.0,0
20180323T,0.0,0.0,0.0,0.0,0
20180326T,0.0,0.0,0.0,0.0,0
20180327T,0.0,0.0,0.0,0.0,0
20180328T,0.0,0.0,0.0,0.0,0
20180402T,0.0,0.0,0.0,0.0,0
20180403T,0.0,0.0,0.0,0.0,0
20180404T,0.0,0.0,0.0,0.0,0
20180405T,0.0,0.0,0.0,0.0,0
20180406T,0.0,0.0,0.0,0.0,0
20180409T,0.0,0.0,0.0,0.0,0
20180410T,0.0,0.0,0.0,0.0,0
20180411T,0.0,0.0,0.0,0.0,0
20180412T,0.0,0.0,0.0,0.0,0
20180413T,0.0,0.0,0.0,0.0,0
20180416T,0.0,0.0,0.0,0.0,0
20180417T,0.0,0.0,0.0,0.0,0
20180418T,0.0,0.0,0.0,0.0,0
20180419T,0.0,0.0,0.0,0.0,0
20180420T,0.0,0.0,0.0,0.0,0
20180423T,0.0,0.0,0.0,0.0,0
20180424T,0.0,0.0,0.0,0.0,0
20180425T,0.0,0.0,0.0,0.0,0
20180426T,0.0,0.0,0.0,0.0,0
20180427T,0.0,0.0,0.0,0.0,0
20180430T,0.0,0.0,0.0,0.0,0
20180502T,0.0,0.0,0.0,0.0,0
20180503T,0.0,0.0,0.0,0.0,0
20180504T,0.0,0.0,0.0,0.0,0
20180507T,0.0,0.0,0.0,0.0,0
20180508T,0.0,0.0,0.0,0.0,0
20180509T,0.0,0.0,0.0,0.0,0
20180510T,0.0,0.0,0.0,0.0,0
20180511T,0.0,0.0,0.0,0.0,0
20180514T,0.0,0.0,0.0,0.0,0
20180515T,0.0,0.0,0.0,0.0,0
20180516T,0.0,0.0,0.0,0.0,0
20180517T,0.0,0.0,0.0,0.0,0
20180518T,0.0,0.0,0.0,0.0,0
20180521T,0.0,0.0,0.0,0.0,0
20180522T,0.0,0.0,0.0,0.0,0
20180523T,0.0,0.0,0.0,0.0,0
20180524T,0.0,0.0,0.0,0.0,0
20180525T,0.0,0.0,0.0,0.0,0
20180528T,0.0,0.0,0.0,0.0,0
20180529T,0.0,0.0,0.0,0.0,0
20180530T,0.0,0.0,0.0,0.0,0
20180531T,0.0,0.0,0.0,0.0,0
20180601T,0.0,0.0,0.0,0.0,0
20180604T,0.0,0.0,0.0,0.0,0
20180605T,0.0,0.0,0.0,0.0,0
20180606T,0.0,0.0,0.0,0.0,0
20180607T,0.0,0.0,0.0,0.0,0
20180608T,0.0,0.0,0.0,0.0,0
20180611T,0.0,0.0,0.0,0.0,0
20180612T,0.0,0.0,0.0,0.0,0
20180614T,0.0,0.0,0.0,0.0,0
20180615T,0.0,0.0,0.0,0.0,0
20180618T,0.0,0.0,0.0,0.0,0
20180619T,0.0,0.0,0.0,0.0,0
20180620T,0.0,0.0,0.0,0.0,0
20180621T,0.0,0.0,0.0,0.0,0
20180622T,0.0,0.0,0.0,0.0,0
20180625T,0.0,0.0,0.0,0.0,0
20180626T,0.0,0.0,0.0,0.0,0
20180627T,0.0,0.0,0.0,0.0,0
20180628T,0.0,0.0,0.0,0.0,0
20180629T,0.0,0.0,0.0,0.0,0
20180702T,0.0,0.0,0.0,0.0,0
20180703T,0.0,0.0,0.0,0.0,0
20180704T,0.0,0.0,0.0,0.0,0
20180705T,0.0,0.0,0.0,0.0,0
20180706T,0.0,0.0,0.0,0.0,0
20180709T,0.0,0.0,0.0,0.0,0
20180710T,0.0,0.0,0.0,0.0,0
20180711T,0.0,0.0,0.0,0.0,0
20180712T,0.0,0.0,0.0,0.0,0
20180713T,0.0,0.0,0.0,0.0,0
20180716T,0.0,0.0,0.0,0.0,0
20180717T,0.0,0.0,0.0,0.0,0
20180718T,0.0,0.0,0.0,0.0,0
20180719T,0.0,0.0,0.0,0.0,0
20180720T,0.0,0.0,0.0,0.0,0
20180723T,0.0,0.0,0.0,0.0,0
20180724T,0.0,0.0,0.0,0.0,0
20180725T,0.0,0.0,0.0,0.0,0
20180726T,0.0,0.0,0.0,0.0,0
20180727T,0.0,0.0,0.0,0.0,0
20180730T,0.0,0.0,0.0,0.0,0
20180731T,0.0,0.0,0.0,0.0,0
20180801T,0.0,0.0,0.0,0.0,0
20180802T,0.0,0.0,0.0,0.0,0
20180803T,0.0,0.0,0.0,0.0,0
20180806T,0.0,0.0,0.0,0.0,0
20180807T,0.0,0.0,0.0,0.0,0
20180808T,0.0,0.0,0.0,0.0,0
20180809T,0.0,0.0,0.0,0.0,0
20180810T,0.0,0.0,0.0,0.0,0
20180813T,0.0,0.0,0.0,0.0,0
20180814T,0.0,0.0,0.0,0.0,0
20180816T,0.0,0.0,0.0,0.0,0
20180817T,0.0,0.0,0.0,0.0,0
20180820T,0.0,0.0,0.0,0.0,0
20180821T,0.0,0.0,0.0,0.0,0
20180823T,0.0,0.0,0.0,0.0,0
20180824T,0.0,0.0,0.0,0.0,0
20180827T,0.0,0.0,0.0,0.0,0
20180828T,0.0,0.0,0.0,0.0,0
20180829T,0.0,0.0,0.0,0.0,0
20180830T,0.0,0.0,0.0,0.0,0
20180831T,0.0,0.0,0.0,0.0,0
20180903T,0.0,0.0,0.0,0.0,0
20180904T,0.0,0.0,0.0,0.0,0
20180905T,0.0,0.0,0.0,0.0,0
20180906T,0.0,0.0,0.0,0.0,0
20180907T,0.0,0.0,0.0,0.0,0
20180910T,0.0,0.0,0.0,0.0,0
20180911T,0.0,0.0,0.0,0.0,0
20180912T,0.0,0.0,0.0,0.0,0
20180914T,0.0,0.0,0.0,0.0,0
20180917T,0.0,0.0,0.0,0.0,0
20180918T,0.0,0.0,0.0,0.0,0
20180919T,0.0,0.0,0.0,0.0,0
20180921T,0.0,0.0,0.0,0.0,0
20180924T,0.0,0.0,0.0,0.0,0
20180925T,0.0,0.0,0.0,0.0,0
20180926T,0.0,0.0,0.0,0.0,0
20180927T,0.0,0.0,0.0,0.0,0
20180928T,0.0,0.0,0.0,0.0,0
20181001T,0.0,0.0,0.0,0.0,0
20181003T,0.0,0.0,0.0,0.0,0
20181004T,0.0,0.0,0.0,0.0,0
20181005T,0.0,0.0,0.0,0.0,0
20181008T,0.0,0.0,0.0,0.0,0
20181009T,0.0,0.0,0.0,0.0,0
20181010T,0.0,0.0,0.0,0.0,0
20181011T,0.0,0.0,0.0,0.0,0
20181012T,0.0,0.0,0.0,0.0,0
20181015T,0.0,0.0,0.0,0.0,0
20181016T,0.0,0.0,0.0,0.0,0
20181017T,0.0,0.0,0.0,0.0,0
20181019T,0.0,0.0,0.0,0.0,0
20181022T,0.0,0.0,0.0,0.0,0
20181023T,0.0,0.0,0.0,0.0,0
20181024T,0.0,0.0,0.0,0.0,0
20181025T,0.0,0.0,0.0,0.0,0
20181026T,0.0,0.0,0.0,0.0,0
20181029T,0.0,0.0,0.0,0.0,0
20181030T,0.0,0.0,0.0,0.0,0
20181031T,0.0,0.0,0.0,0.0,0
20181101T,0.0,0.0,0.0,0.0,0
20181102T,0.0,0.0,0.0,0.0,0
20181105T,0.0,0.0,0.0,0.0,0
20181106T,0.0,0.0,0.0,0.0,0
20181107T,0.0,0.0,0.0,0.0,0
20181109T,0.0,0.0,0.0,0.0,0
20181112T,0.0,0.0,0.0,0.0,0
20181113T,0.0,0.0,0.0,0.0,0
20181114T,0.0,0.0,0.0,0.0,0
20181115T,0.0,0.0,0.0,0.0,0
20181116T,0.0,0.0,0.0,0.0,0
20181119T,0.0,0.0,0.0,0.0,0
20181120T,0.0,0.0,0.0,0.0,0
20181121T,0.0,0.0,0.0,0.0,0
20181122T,0.0,0.0,0.0,0.0,0
20181126T,0.0,0.0,0.0,0.0,0
20181127T,0.0,0.0,0.0,0.0,0
20181128T,0.0,0.0,0.0,0.0,0
20181129T,0.0,0.0,0.0,0.0,0
20181130T,0.0,0.0,0.0,0.0,0
20181203T,0.0,0.0,0.0,0.0,0
20181204T,0.0,0.0,0.0,0.0,0
20181205T,0.0,0.0,0.0,0.0,0
20181206T,0.0,0.0,0.0,0.0,0
20181207T,0.0,0.0,0.0,0.0,0
20181210T,0.0,0.0,0.0,0.0,0
20181211T,0.0,0.0,0.0,0.0,0
20181212T,0.0,0.0,0.0,0.0,0
20181213T,0.0,0.0,0.0,0.0,0
20181214T,0.0,0.0,0.0,0.0,0
20181217T,0.0,0.0,0.0,0.0,0
20181218T,0.0,0.0,0.0,0.0,0
20181219T,0.0,0.0,0.0,0.0,0
20181220T,0.0,0.0,0.0,0.0,0
20181221T,0.0,0.0,0.0,0.0,0
20181224T,0.0,0.0,0.0,0.0,0
20181226T,0.0,0.0,0.0,0.0,0
20181227T,0.0,0.0,0.0,0.0,0
20181228T,0.0,0.0,0.0,0.0,0
20181231T,0.0,0.0,0.0,0.0,0
20190101T,0.0,0.0,0.0,0.0,0
20190102T,0.0,0.0,0.0,0.0,0
20190103T,0.0,0.0,0.0,0.0,0
20190104T,0.0,0.0,0.0,0.0,0
20190107T,0.0,0.0,0.0,0.0,0
20190108T,0.0,0.0,0.0,0.0,0
20190109T,0.0,0.0,0.0,0.0,0
20190110T,0.0,0.0,0.0,0.0,0
20190111T,0.0,0.0,0.0,0.0,0
20190114T,0.0,0.0,0.0,0.0,0
20190115T,0.0,0.0,0.0,0.0,0
20190116T,0.0,0.0,0.0,0.0,0
20190117T,0.0,0.0,0.0,0.0,0
20190118T,0.0,0.0,0.0,0.0,0
20190121T,0.0,0.0,0.0,0.0,0
20190122T,0.0,0.0,0.0,0.0,0
20190123T,0.0,0.0,0.0,0.0,0
20190124T,0.0,0.0,0.0,0.0,0
20190125T,0.0,0.0,0.0,0.0,0
20190128T,0.0,0.0,0.0,0.0,0
20190129T,0.0,0.0,0.0,0.0,0
20190130T,0.0,0.0,0.0,0.0,0
20190131T,0.0,0.0,0.0,0.0,0
20190201T,0.0,0.0,0.0,0.0,0
20190204T,0.0,0.0,0.0,0.0,0
20190205T,0.0,0.0,0.0,0.0,0
20190206T,0.0,0.0,0.0,0.0,0
20190207T,0.0,0.0,0.0,0.0,0
20190208T,0.0,0.0,0.0,0.0,0
20190211T,0.0,0.0,0.0,0.0,0
20190212T,0.0,0.0,0.0,0.0,0
20190213T,0.0,0.0,0.0,0.0,0
20190214T,0.0,0.0,0.0,0.0,0
20190215T,0.0,0.0,0.0,0.0,0
20190218T,0.0,0.0,0.0,0.0,0
20190219T,0.0,0.0,0.0,0.0,0
20190220T,0.0,0.0,0.0,0.0,0
20190221T,0.0,0.0,0.0,0.0,0
20190222T,0.0,0.0,0.0,0.0,0
20190225T,0.0,0.0,0.0,0.0,0
20190226T,0.0,0.0,0.0,0.0,0
20190227T,0.0,0.0,0.0,0.0,0
20190228T,0.0,0.0,0.0,0.0,0
20190301T,0.0,0.0,0.0,0.0,0
20190305T,0.0,0.0,0.0,0.0,0
20190306T,0.0,0.0,0.0,0.0,0
20190307T,0.0,0.0,0.0,0.0,0
20190308T,0.0,0.0,0.0,0.0,0
20190311T,0.0,0.0,0.0,0.0,0
20190312T,0.0,0.0,0.0,0.0,0
20190313T,0.0,0.0,0.0,0.0,0
20190314T,0.0,0.0,0.0,0.0,0
20190315T,0.0,0.0,0.0,0.0,0
20190318T,0.0,0.0,0.0,0.0,0
20190319T,0.0,0.0,0.0,0.0,0
20190320T,0.0,0.0,0.0,0.0,0
20190322T,0.0,0.0,0.0,0.0,0
20190325T,0.0,0.0,0.0,0.0,0
20190326T,0.0,0.0,0.0,0.0,0
20190327T,0.0,0.0,0.0,0.0,0
20190328T,0.0,0.0,0.0,0.0,0
20190329T,0.0,0.0,0.0,0.0,0
20190401T,0.0,0.0,0.0,0.0,0
20190402T,0.0,0.0,0.0,0.0,0
20190403T,0.0,0.0,0.0,0.0,0
20190404T,0.0,0.0,0.0,0.0,0
20190405T,0.0,0.0,0.0,0.0,0
20190408T,0.0,0.0,0.0,0.0,0
20190409T,0.0,0.0,0.0,0.0,0
20190410T,0.0,0.0,0.0,0.0,0
20190411T,0.0,0.0,0.0,0.0,0
20190412T,0.0,0.0,0.0,0.0,0
20190415T,0.0,0.0,0.0,0.0,0
20190416T,0.0,0.0,0.0,0.0,0
20190418T,0.0,0.0,0.0,0.0,0
20190422T,0.0,0.0,0.0,0.0,0
20190423T,0.0,0.0,0.0,0.0,0
20190424T,0.0,0.0,0.0,0.0,0
20190425T,0.0,0.0,0.0,0.0,0
20190426T,0.0,0.0,0.0,0.0,0
20190430T,0.0,0.0,0.0,0.0,0
20190502T,0.0,0.0,0.0,0.0,0
20190503T,0.0,0.0,0.0,0.0,0
20190506T,0.0,0.0,0.0,0.0,0
20190507T,0.0,0.0,0.0,0.0,0
20190508T,0.0,0.0,0.0,0.0,0
20190509T,0.0,0.0,0.0,0.0,0
20190510T,0.0,0.0,0.0,0.0,0
20190513T,0.0,0.0,0.0,0.0,0
20190514T,0.0,0.0,0.0,0.0,0
20190515T,0.0,0.0,0.0,0.0,0
20190516T,0.0,0.0,0.0,0.0,0
20190517T,0.0,0.0,0.0,0.0,0
20190520T,0.0,0.0,0.0,0.0,0
20190521T,0.0,0.0,0.0,0.0,0
20190522T,0.0,0.0,0.0,0.0,0
20190523T,0.0,0.0,0.0,0.0,0
20190524T,0.0,0.0,0.0,0.0,0
20190527T,0.0,0.0,0.0,0.0,0
20190528T,0.0,0.0,0.0,0.0,0
20190529T,0.0,0.0,0.0,0.0,0
20190530T,0.0,0.0,0.0,0.0,0
20190531T,0.0,0.0,0.0,0.0,0
20190603T,0.0,0.0,0.0,0.0,0
20190604T,0.0,0.0,0.0,0.0,0
20190606T,0.0,0.0,0.0,0.0,0
20190607T,0.0,0.0,0.0,0.0,0
20190610T,0.0,0.0,0.0,0.0,0
20190611T,0.0,0.0,0.0,0.0,0
20190612T,0.0,0.0,0.0,0.0,0
20190613T,0.0,0.0,0.0,0.0,0
20190614T,0.0,0.0,0.0,0.0,0
20190617T,0.0,0.0,0.0,0.0,0
20190618T,0.0,0.0,0.0,0.0,0
20190619T,0.0,0.0,0.0,0.0,0
20190620T,0.0,0.0,0.0,0.0,0
20190621T,0.0,0.0,0.0,0.0,0
20190624T,0.0,0.0,0.0,0.0,0
20190625T,0.0,0.0,0.0,0.0,0
20190626T,0.0,0.0,0.0,0.0,0
20190627T,0.0,0.0,0.0,0.0,0
20190628T,0.0,0.0,0.0,0.0,0
20190701T,0.0,0.0,0.0,0.0,0
20190702T,0.0,0.0,0.0,0.0,0
20190703T,0.0,0.0,0.0,0.0,0
20190704T,0.0,0.0,0.0,0.0,0
20190705T,0.0,0.0,0.0,0.0,0
20190708T,0.0,0.0,0.0,0.0,0
20190709T,0.0,0.0,0.0,0.0,0
20190710T,0.0,0.0,0.0,0.0,0
20190711T,0.0,0.0,0.0,0.0,0
20190712T,0.0,0.0,0.0,0.0,0
20190715T,0.0,0.0,0.0,0.0,0
20190716T,0.0,0.0,0.0,0.0,0
20190717T,0.0,0.0,0.0,0.0,0
20190718T,0.0,0.0,0.0,0.0,0
20190719T,0.0,0.0,0.0,0.0,0
20190722T,0.0,0.0,0.0,0.0,0
20190723T,0.0,0.0,0.0,0.0,0
20190724T,0.0,0.0,0.0,0.0,0
20190725T,0.0,0.0,0.0,0.0,0
20190726T,0.0,0.0,0.0,0.0,0
20190729T,0.0,0.0,0.0,0.0,0
20190730T,0.0,0.0,0.0,0.0,0
20190731T,990658.0,990658.0,990658.0,990658.0,0
20190801T,1004183.0,1004183.0,1004183.0,1004183.0,0
20190802T,0.0,0.0,0.0,0.0,0
20190805T,0.0,0.0,0.0,0.0,0
20190806T,0.0,0.0,0.0,0.0,0
20190807T,0.0,0.0,0.0,0.0,0
20190808T,0.0,0.0,0.0,0.0,0
20190809T,0.0,0.0,0.0,0.0,0
20190813T,0.0,0.0,0.0,0.0,0
20190814T,0.0,0.0,0.0,0.0,0
20190816T,0.0,0.0,0.0,0.0,0
20190819T,0.0,0.0,0.0,0.0,0
20190820T,0.0,0.0,0.0,0.0,0
20190821T,0.0,0.0,0.0,0.0,0
20190822T,0.0,0.0,0.0,0.0,0
20190823T,0.0,0.0,0.0,0.0,0
20190826T,0.0,0.0,0.0,0.0,0
20190827T,0.0,0.0,0.0,0.0,0
20190828T,0.0,0.0,0.0,0.0,0
20190829T,0.0,0.0,0.0,0.0,0
20190830T,0.0,0.0,0.0,0.0,0
20190903T,0.0,0.0,0.0,0.0,0
20190904T,0.0,0.0,0.0,0.0,0
20190905T,0.0,0.0,0.0,0.0,0
20190906T,0.0,0.0,0.0,0.0,0
20190909T,0.0,0.0,0.0,0.0,0
20190911T,0.0,0.0,0.0,0.0,0
20190912T,0.0,0.0,0.0,0.0,0
20190913T,0.0,0.0,0.0,0.0,0
20190916T,0.0,0.0,0.0,0.0,0
20190917T,0.0,0.0,0.0,0.0,0
20190918T,0.0,0.0,0.0,0.0,0
20190919T,0.0,0.0,0.0,0.0,0
20190920T,0.0,0.0,0.0,0.0,0
20190923T,0.0,0.0,0.0,0.0,0
20190924T,0.0,0.0,0.0,0.0,0
20190925T,0.0,0.0,0.0,0.0,0
20190926T,0.0,0.0,0.0,0.0,0
20190927T,0.0,0.0,0.0,0.0,0
20190930T,0.0,0.0,0.0,0.0,0
20191001T,0.0,0.0,0.0,0.0,0
20191003T,0.0,0.0,0.0,0.0,0
20191004T,0.0,0.0,0.0,0.0,0
20191007T,0.0,0.0,0.0,0.0,0
20191009T,0.0,0.0,0.0,0.0,0
20191010T,0.0,0.0,0.0,0.0,0
20191011T,0.0,0.0,0.0,0.0,0
20191014T,0.0,0.0,0.0,0.0,0
20191015T,0.0,0.0,0.0,0.0,0
20191016T,0.0,0.0,0.0,0.0,0
20191017T,0.0,0.0,0.0,0.0,0
20191018T,0.0,0.0,0.0,0.0,0
20191022T,0.0,0.0,0.0,0.0,0
20191023T,0.0,0.0,0.0,0.0,0
20191024T,0.0,0.0,0.0,0.0,0
20191025T,0.0,0.0,0.0,0.0,0
20191029T,0.0,0.0,0.0,0.0,0
20191030T,0.0,0.0,0.0,0.0,0
20191031T,0.0,0.0,0.0,0.0,0
20191101T,0.0,0.0,0.0,0.0,0
20191104T,0.0,0.0,0.0,0.0,0
20191105T,0.0,0.0,0.0,0.0,0
20191106T,0.0,0.0,0.0,0.0,0
20191107T,0.0,0.0,0.0,0.0,0
20191108T,0.0,0.0,0.0,0.0,0
20191111T,0.0,0.0,0.0,0.0,0
20191113T,0.0,0.0,0.0,0.0,0
20191114T,0.0,0.0,0.0,0.0,0
20191115T,0.0,0.0,0.0,0.0,0
20191118T,0.0,0.0,0.0,0.0,0
20191119T,0.0,0.0,0.0,0.0,0
20191120T,0.0,0.0,0.0,0.0,0
20191121T,0.0,0.0,0.0,0.0,0
20191122T,0.0,0.0,0.0,0.0,0
20191125T,0.0,0.0,0.0,0.0,0
20191126T,0.0,0.0,0.0,0.0,0
20191127T,0.0,0.0,0.0,0.0,0
20191128T,0.0,0.0,0.0,0.0,0
20191129T,0.0,0.0,0.0,0.0,0
20191202T,0.0,0.0,0.0,0.0,0
20191203T,0.0,0.0,0.0,0.0,0
20191204T,0.0,0.0,0.0,0.0,0
20191205T,0.0,0.0,0.0,0.0,0
20191206T,0.0,0.0,0.0,0.0,0
20191209T,0.0,0.0,0.0,0.0,0
20191210T,0.0,0.0,0.0,0.0,0
20191211T,0.0,0.0,0.0,0.0,0
20191212T,0.0,0.0,0.0,0.0,0
20191213T,0.0,0.0,0.0,0.0,0
20191216T,0.0,0.0,0.0,0.0,0
20191217T,0.0,0.0,0.0,0.0,0
20191218T,0.0,0.0,0.0,0.0,0
20191219T,0.0,0.0,0.0,0.0,0
20191220T,0.0,0.0,0.0,0.0,0
20191223T,0.0,0.0,0.0,0.0,0
20191224T,0.0,0.0,0.0,0.0,0
20191226T,0.0,0.0,0.0,0.0,0
20191227T,0.0,0.0,0.0,0.0,0
20191230T,0.0,0.0,0.0,0.0,0
20191231T,0.0,0.0,0.0,0.0,0
20200101T,0.0,0.0,0.0,0.0,0
20200102T,0.0,0.0,0.0,0.0,0
20200103T,0.0,0.0,0.0,0.0,0
20200106T,0.0,0.0,0.0,0.0,0
20200107T,0.0,0.0,0.0,0.0,0
20200108T,0.0,0.0,0.0,0.0,0
20200109T,0.0,0.0,0.0,0.0,0
20200110T,0.0,0.0,0.0,0.0,0
20200113T,0.0,0.0,0.0,0.0,0
20200114T,0.0,0.0,0.0,0.0,0
20200115T,0.0,0.0,0.0,0.0,0
20200116T,0.0,0.0,0.0,0.0,0
20200117T,0.0,0.0,0.0,0.0,0
20200120T,0.0,0.0,0.0,0.0,0
20200121T,0.0,0.0,0.0,0.0,0
20200122T,0.0,0.0,0.0,0.0,0
20200123T,0.0,0.0,0.0,0.0,0
20200124T,0.0,0.0,0.0,0.0,0
20200127T,0.0,0.0,0.0,0.0,0
20200128T,0.0,0.0,0.0,0.0,0
20200129T,0.0,0.0,0.0,0.0,0
20200130T,0.0,0.0,0.0,0.0,0
20200131T,0.0,0.0,0.0,0.0,0
20200203T,0.0,0.0,0.0,0.0,0
20200204T,0.0,0.0,0.0,0.0,0
20200205T,0.0,0.0,0.0,0.0,0
20200206T,0.0,0.0,0.0,0.0,0
20200207T,0.0,0.0,0.0,0.0,0
20200210T,0.0,0.0,0.0,0.0,0
20200211T,0.0,0.0,0.0,0.0,0
20200212T,0.0,0.0,0.0,0.0,0
20200213T,0.0,0.0,0.0,0.0,0
20200214T,0.0,0.0,0.0,0.0,0
20200217T,0.0,0.0,0.0,0.0,0
20200218T,0.0,0.0,0.0,0.0,0
20200219T,0.0,0.0,0.0,0.0,0
20200220T,0.0,0.0,0.0,0.0,0
20200224T,0.0,0.0,0.0,0.0,0
20200225T,0.0,0.0,0.0,0.0,0
20200226T,0.0,0.0,0.0,0.0,0
20200227T,0.0,0.0,0.0,0.0,0
20200228T,0.0,0.0,0.0,0.0,0
20200302T,0.0,0.0,0.0,0.0,0
20200303T,0.0,0.0,0.0,0.0,0
20200304T,0.0,0.0,0.0,0.0,0
20200305T,0.0,0.0,0.0,0.0,0
20200306T,0.0,0.0,0.0,0.0,0
20200309T,0.0,0.0,0.0,0.0,0
20200311T,0.0,0.0,0.0,0.0,0
20200312T,0.0,0.0,0.0,0.0,0
20200313T,0.0,0.0,0.0,0.0,0
20200316T,0.0,0.0,0.0,0.0,0
20200317T,0.0,0.0,0.0,0.0,0
20200318T,0.0,0.0,0.0,0.0,0
20200319T,0.0,0.0,0.0,0.0,0
20200320T,0.0,0.0,0.0,0.0,0
20200323T,0.0,0.0,0.0,0.0,0
20200324T,0.0,0.0,0.0,0.0,0
20200325T,0.0,0.0,0.0,0.0,0
20200326T,0.0,0.0,0.0,0.0,0
20200327T,0.0,0.0,0.0,0.0,0
20200330T,0.0,0.0,0.0,0.0,0
20200331T,0.0,0.0,0.0,0.0,0
20200401T,0.0,0.0,0.0,0.0,0
20200403T,0.0,0.0,0.0,0.0,0
20200407T,0.0,0.0,0.0,0.0,0
20200408T,0.0,0.0,0.0,0.0,0
20200409T,0.0,0.0,0.0,0.0,0
20200413T,0.0,0.0,0.0,0.0,0
20200415T,0.0,0.0,0.0,0.0,0
20200416T,0.0,0.0,0.0,0.0,0
20200417T,0.0,0.0,0.0,0.0,0
20200420T,0.0,0.0,0.0,0.0,0
20200421T,0.0,0.0,0.0,0.0,0
20200422T,0.0,0.0,0.0,0.0,0
20200423T,0.0,0.0,0.0,0.0,0
20200424T,0.0,0.0,0.0,0.0,0
20200427T,0.0,0.0,0.0,0.0,0
20200428T,0.0,0.0,0.0,0.0,0
20200429T,0.0,0.0,0.0,0.0,0
20200430T,0.0,0.0,0.0,0.0,0
20200504T,0.0,0.0,0.0,0.0,0
20200505T,0.0,0.0,0.0,0.0,0
20200506T,0.0,0.0,0.0,0.0,0
20200507T,0.0,0.0,0.0,0.0,0
20200508T,0.0,0.0,0.0,0.0,0
20200511T,0.0,0.0,0.0,0.0,0
20200512T,0.0,0.0,0.0,0.0,0
20200513T,0.0,0.0,0.0,0.0,0
20200514T,0.0,0.0,0.0,0.0,0
20200515T,0.0,0.0,0.0,0.0,0
20200518T,0.0,0.0,0.0,0.0,0
20200519T,0.0,0.0,0.0,0.0,0
20200520T,0.0,0.0,0.0,0.0,0
20200521T,0.0,0.0,0.0,0.0,0
20200522T,0.0,0.0,0.0,0.0,0
20200526T,0.0,0.0,0.0,0.0,0
20200527T,0.0,0.0,0.0,0.0,0
20200528T,0.0,0.0,0.0,0.0,0
20200529T,0.0,0.0,0.0,0.0,0
20200601T,0.0,0.0,0.0,0.0,0
20200602T,0.0,0.0,0.0,0.0,0
20200603T,0.0,0.0,0.0,0.0,0
20200604T,0.0,0.0,0.0,0.0,0
20200605T,0.0,0.0,0.0,0.0,0
20200608T,0.0,0.0,0.0,0.0,0
20200609T,0.0,0.0,0.0,0.0,0
20200610T,0.0,0.0,0.0,0.0,0
20200611T,0.0,0.0,0.0,0.0,0
20200612T,0.0,0.0,0.0,0.0,0
20200615T,0.0,0.0,0.0,0.0,0
20200616T,0.0,0.0,0.0,0.0,0
20200617T,0.0,0.0,0.0,0.0,0
20200618T,0.0,0.0,0.0,0.0,0
20200619T,0.0,0.0,0.0,0.0,0
20200622T,0.0,0.0,0.0,0.0,0
20200623T,0.0,0.0,0.0,0.0,0
20200624T,0.0,0.0,0.0,0.0,0
20200625T,0.0,0.0,0.0,0.0,0
20200626T,0.0,0.0,0.0,0.0,0
20200629T,0.0,0.0,0.0,0.0,0
20200630T,0.0,0.0,0.0,0.0,0
20200701T,0.0,0.0,0.0,0.0,0
20200702T,0.0,0.0,0.0,0.0,0
20200703T,0.0,0.0,0.0,0.0,0
20200706T,0.0,0.0,0.0,0.0,0
20200707T,0.0,0.0,0.0,0.0,0
20200708T,0.0,0.0,0.0,0.0,0
20200709T,0.0,0.0,0.0,0.0,0
20200710T,0.0,0.0,0.0,0.0,0
20200713T,0.0,0.0,0.0,0.0,0
20200714T,0.0,0.0,0.0,0.0,0
20200715T,0.0,0.0,0.0,0.0,0
20200716T,0.0,0.0,0.0,0.0,0
20200717T,0.0,0.0,0.0,0.0,0
20200720T,0.0,0.0,0.0,0.0,0
20200721T,0.0,0.0,0.0,0.0,0
20200722T,0.0,0.0,0.0,0.0,0
20200723T,0.0,0.0,0.0,0.0,0
20200724T,0.0,0.0,0.0,0.0,0
20200727T,0.0,0.0,0.0,0.0,0
20200728T,0.0,0.0,0.0,0.0,0
20200729T,0.0,0.0,0.0,0.0,0
20200730T,0.0,0.0,0.0,0.0,0
20200803T,0.0,0.0,0.0,0.0,0
20200804T,0.0,0.0,0.0,0.0,0
20200805T,0.0,0.0,0.0,0.0,0
20200806T,0.0,0.0,0.0,0.0,0
20200807T,0.0,0.0,0.0,0.0,0
20200810T,0.0,0.0,0.0,0.0,0
20200811T,0.0,0.0,0.0,0.0,0
20200812T,0.0,0.0,0.0,0.0,0
20200813T,0.0,0.0,0.0,0.0,0
20200814T,0.0,0.0,0.0,0.0,0
20200817T,0.0,0.0,0.0,0.0,0
20200818T,0.0,0.0,0.0,0.0,0
20200819T,0.0,0.0,0.0,0.0,0
20200820T,0.0,0.0,0.0,0.0,0
20200821T,0.0,0.0,0.0,0.0,0
20200824T,0.0,0.0,0.0,0.0,0
20200825T,0.0,0.0,0.0,0.0,0
20200826T,0.0,0.0,0.0,0.0,0
20200827T,0.0,0.0,0.0,0.0,0
20200828T,0.0,0.0,0.0,0.0,0
20200831T,0.0,0.0,0.0,0.0,0
20200901T,0.0,0.0,0.0,0.0,0
20200902T,0.0,0.0,0.0,0.0,0
20200903T,0.0,0.0,0.0,0.0,0
20200904T,0.0,0.0,0.0,0.0,0
20200907T,0.0,0.0,0.0,0.0,0
20200908T,0.0,0.0,0.0,0.0,0
20200909T,0.0,0.0,0.0,0.0,0
20200910T,0.0,0.0,0.0,0.0,0
20200911T,0.0,0.0,0.0,0.0,0
20200914T,0.0,0.0,0.0,0.0,0
20200915T,0.0,0.0,0.0,0.0,0
20200916T,0.0,0.0,0.0,0.0,0
20200917T,0.0,0.0,0.0,0.0,0
20200918T,0.0,0.0,0.0,0.0,0
20200921T,0.0,0.0,0.0,0.0,0
20200922T,0.0,0.0,0.0,0.0,0
20200923T,0.0,0.0,0.0,0.0,0
20200924T,0.0,0.0,0.0,0.0,0
20200925T,0.0,0.0,0.0,0.0,0
20200928T,0.0,0.0,0.0,0.0,0
20200929T,0.0,0.0,0.0,0.0,0
20200930T,0.0,0.0,0.0,0.0,0
20201001T,0.0,0.0,0.0,0.0,0
20201005T,0.0,0.0,0.0,0.0,0
20201006T,0.0,0.0,0.0,0.0,0
20201007T,0.0,0.0,0.0,0.0,0
20201008T,0.0,0.0,0.0,0.0,0
20201009T,0.0,0.0,0.0,0.0,0
20201012T,0.0,0.0,0.0,0.0,0
20201013T,0.0,0.0,0.0,0.0,0
20201014T,0.0,0.0,0.0,0.0,0
20201015T,0.0,0.0,0.0,0.0,0
20201016T,0.0,0.0,0.0,0.0,0
20201019T,0.0,0.0,0.0,0.0,0
20201020T,0.0,0.0,0.0,0.0,0
20201021T,0.0,0.0,0.0,0.0,0
20201022T,0.0,0.0,0.0,0.0,0
20201023T,0.0,0.0,0.0,0.0,0
20201026T,0.0,0.0,0.0,0.0,0
20201027T,0.0,0.0,0.0,0.0,0
20201028T,0.0,0.0,0.0,0.0,0
20201029T,0.0,0.0,0.0,0.0,0
20201030T,0.0,0.0,0.0,0.0,0
20201102T,0.0,0.0,0.0,0.0,0
20201103T,0.0,0.0,0.0,0.0,0
20201104T,0.0,0.0,0.0,0.0,0
20201105T,0.0,0.0,0.0,0.0,0
20201106T,0.0,0.0,0.0,0.0,0
20201109T,0.0,0.0,0.0,0.0,0
20201110T,0.0,0.0,0.0,0.0,0
20201111T,0.0,0.0,0.0,0.0,0
20201112T,0.0,0.0,0.0,0.0,0
20201113T,0.0,0.0,0.0,0.0,0
20201117T,0.0,0.0,0.0,0.0,0
20201118T,0.0,0.0,0.0,0.0,0
20201119T,0.0,0.0,0.0,0.0,0
20201120T,0.0,0.0,0.0,0.0,0
20201123T,0.0,0.0,0.0,0.0,0
20201124T,0.0,0.0,0.0,0.0,0
20201125T,0.0,0.0,0.0,0.0,0
20201126T,0.0,0.0,0.0,0.0,0
20201127T,0.0,0.0,0.0,0.0,0
20201201T,0.0,0.0,0.0,0.0,0
20201202T,0.0,0.0,0.0,0.0,0
20201203T,0.0,0.0,0.0,0.0,0
20201204T,0.0,0.0,0.0,0.0,0
20201207T,0.0,0.0,0.0,0.0,0
20201208T,0.0,0.0,0.0,0.0,0
20201209T,0.0,0.0,0.0,0.0,0
20201210T,0.0,0.0,0.0,0.0,0
20201211T,0.0,0.0,0.0,0.0,0
20201214T,0.0,0.0,0.0,0.0,0
20201215T,0.0,0.0,0.0,0.0,0
20201216T,0.0,0.0,0.0,0.0,0
20201217T,0.0,0.0,0.0,0.0,0
20201218T,0.0,0.0,0.0,0.0,0
20201221T,0.0,0.0,0.0,0.0,0
20201222T,0.0,0.0,0.0,0.0,0
20201223T,0.0,0.0,0.0,0.0,0
20201224T,0.0,0.0,0.0,0.0,0
20201228T,0.0,0.0,0.0,0.0,0
20201229T,0.0,0.0,0.0,0.0,0
20201230T,0.0,0.0,0.0,0.0,0
20201231T,0.0,0.0,0.0,0.0,0
20210101T,0.0,0.0,0.0,0.0,0
20210104T,0.0,0.0,0.0,0.0,0
20210105T,0.0,0.0,0.0,0.0,0
20210106T,0.0,0.0,0.0,0.0,0
20210107T,0.0,0.0,0.0,0.0,0
20210108T,0.0,0.0,0.0,0.0,0
20210111T,0.0,0.0,0.0,0.0,0
20210112T,0.0,0.0,0.0,0.0,0
20210113T,0.0,0.0,0.0,0.0,0
20210114T,0.0,0.0,0.0,0.0,0
20210115T,0.0,0.0,0.0,0.0,0
20210118T,0.0,0.0,0.0,0.0,0
20210119T,0.0,0.0,0.0,0.0,0
20210120T,0.0,0.0,0.0,0.0,0
20210121T,0.0,0.0,0.0,0.0,0
20210122T,0.0,0.0,0.0,0.0,0
20210125T,0.0,0.0,0.0,0.0,0
20210127T,0.0,0.0,0.0,0.0,0
20210128T,0.0,0.0,0.0,0.0,0
20210129T,0.0,0.0,0.0,0.0,0
20210201T,0.0,0.0,0.0,0.0,0
20210202T,0.0,0.0,0.0,0.0,0
20210203T,0.0,0.0,0.0,0.0,0
20210204T,0.0,0.0,0.0,0.0,0
20210205T,0.0,0.0,0.0,0.0,0
20210208T,0.0,0.0,0.0,0.0,0
20210209T,0.0,0.0,0.0,0.0,0
20210210T,0.0,0.0,0.0,0.0,0
20210211T,0.0,0.0,0.0,0.0,0
20210212T,0.0,0.0,0.0,0.0,0
20210215T,0.0,0.0,0.0,0.0,0
20210216T,0.0,0.0,0.0,0.0,0
20210217T,0.0,0.0,0.0,0.0,0
20210218T,0.0,0.0,0.0,0.0,0
20210219T,0.0,0.0,0.0,0.0,0
20210222T,0.0,0.0,0.0,0.0,0
20210223T,0.0,0.0,0.0,0.0,0
20210224T,0.0,0.0,0.0,0.0,0
20210225T,0.0,0.0,0.0,0.0,0
20210226T,0.0,0.0,0.0,0.0,0
20210301T,0.0,0.0,0.0,0.0,0
20210302T,0.0,0.0,0.0,0.0,0
20210303T,0.0,0.0,0.0,0.0,0
20210304T,0.0,0.0,0.0,0.0,0
20210305T,0.0,0.0,0.0,0.0,0
20210308T,0.0,0.0,0.0,0.0,0
20210309T,0.0,0.0,0.0,0.0,0
20210310T,0.0,0.0,0.0,0.0,0
20210312T,0.0,0.0,0.0,0.0,0
20210315T,0.0,0.0,0.0,0.0,0
20210316T,0.0,0.0,0.0,0.0,0
20210317T,0.0,0.0,0.0,0.0,0
20210318T,0.0,0.0,0.0,0.0,0
20210319T,0.0,0.0,0.0,0.0,0
20210322T,0.0,0.0,0.0,0.0,0
20210323T,0.0,0.0,0.0,0.0,0
20210324T,0.0,0.0,0.0,0.0,0
20210325T,0.0,0.0,0.0,0.0,0
20210326T,0.0,0.0,0.0,0.0,0
20210330T,0.0,0.0,0.0,0.0,0
20210331T,0.0,0.0,0.0,0.0,0
20210401T,0.0,0.0,0.0,0.0,0
20210405T,0.0,0.0,0.0,0.0,0
20210406T,0.0,0.0,0.0,0.0,0
20210407T,0.0,0.0,0.0,0.0,0
20210408T,0.0,0.0,0.0,0.0,0
20210409T,0.0,0.0,0.0,0.0,0
20210412T,0.0,0.0,0.0,0.0,0
20210413T,0.0,0.0,0.0,0.0,0
20210415T,0.0,0.0,0.0,0.0,0
20210416T,0.0,0.0,0.0,0.0,0
20210419T,0.0,0.0,0.0,0.0,0
20210420T,0.0,0.0,0.0,0.0,0
20210422T,0.0,0.0,0.0,0.0,0
20210423T,0.0,0.0,0.0,0.0,0
20210426T,0.0,0.0,0.0,0.0,0
20210427T,0.0,0.0,0.0,0.0,0
20210428T,0.0,0.0,0.0,0.0,0
20210429T,0.0,0.0,0.0,0.0,0
20210430T,0.0,0.0,0.0,0.0,0
20210503T,0.0,0.0,0.0,0.0,0
20210504T,0.0,0.0,0.0,0.0,0
20210505T,0.0,0.0,0.0,0.0,0
20210506T,0.0,0.0,0.0,0.0,0
20210507T,0.0,0.0,0.0,0.0,0
20210510T,0.0,0.0,0.0,0.0,0
20210511T,0.0,0.0,0.0,0.0,0
20210512T,0.0,0.0,0.0,0.0,0
20210514T,0.0,0.0,0.0,0.0,0
20210517T,0.0,0.0,0.0,0.0,0
20210518T,0.0,0.0,0.0,0.0,0
20210519T,0.0,0.0,0.0,0.0,0
20210520T,0.0,0.0,0.0,0.0,0
20210521T,0.0,0.0,0.0,0.0,0
20210524T,0.0,0.0,0.0,0.0,0
20210525T,0.0,0.0,0.0,0.0,0
20210526T,0.0,0.0,0.0,0.0,0
20210527T,0.0,0.0,0.0,0.0,0
20210528T,0.0,0.0,0.0,0.0,0
20210531T,0.0,0.0,0.0,0.0,0
20210601T,0.0,0.0,0.0,0.0,0
20210602T,0.0,0.0,0.0,0.0,0
20210603T,0.0,0.0,0.0,0.0,0
20210604T,0.0,0.0,0.0,0.0,0
20210607T,0.0,0.0,0.0,0.0,0
20210608T,0.0,0.0,0.0,0.0,0
20210609T,0.0,0.0,0.0,0.0,0
20210610T,0.0,0.0,0.0,0.0,0
20210611T,0.0,0.0,0.0,0.0,0
20210614T,0.0,0.0,0.0,0.0,0
20210615T,0.0,0.0,0.0,0.0,0
20210616T,0.0,0.0,0.0,0.0,0
20210617T,0.0,0.0,0.0,0.0,0
20210618T,0.0,0.0,0.0,0.0,0
20210621T,0.0,0.0,0.0,0.0,0
20210622T,0.0,0.0,0.0,0.0,0
20210623T,0.0,0.0,0.0,0.0,0
20210624T,0.0,0.0,0.0,0.0,0
20210625T,0.0,0.0,0.0,0.0,0
20210628T,0.0,0.0,0.0,0.0,0
20210629T,0.0,0.0,0.0,0.0,0
20210630T,0.0,0.0,0.0,0.0,0
20210701T,0.0,0.0,0.0,0.0,0
20210702T,0.0,0.0,0.0,0.0,0
20210705T,0.0,0.0,0.0,0.0,0
20210706T,0.0,0.0,0.0,0.0,0
20210707T,0.0,0.0,0.0,0.0,0
20210708T,0.0,0.0,0.0,0.0,0
20210709T,0.0,0.0,0.0,0.0,0
20210712T,0.0,0.0,0.0,0.0,0
20210713T,0.0,0.0,0.0,0.0,0
20210714T,0.0,0.0,0.0,0.0,0
20210715T,0.0,0.0,0.0,0.0,0
20210716T,0.0,0.0,0.0,0.0,0
20210719T,0.0,0.0,0.0,0.0,0
20210720T,0.0,0.0,0.0,0.0,0
20210722T,0.0,0.0,0.0,0.0,0
20210723T,0.0,0.0,0.0,0.0,0
20210726T,0.0,0.0,0.0,0.0,0
20210727T,0.0,0.0,0.0,0.0,0
20210728T,0.0,0.0,0.0,0.0,0
20210729T,0.0,0.0,0.0,0.0,0
20210730T,0.0,0.0,0.0,0.0,0
20210802T,0.0,0.0,0.0,0.0,0
20210803T,0.0,0.0,0.0,0.0,0
20210804T,0.0,0.0,0.0,0.0,0
20210805T,0.0,0.0,0.0,0.0,0
20210806T,0.0,0.0,0.0,0.0,0
20210809T,0.0,0.0,0.0,0.0,0
20210810T,0.0,0.0,0.0,0.0,0
20210811T,0.0,0.0,0.0,0.0,0
20210812T,0.0,0.0,0.0,0.0,0
20210813T,0.0,0.0,0.0,0.0,0
20210816T,0.0,0.0,0.0,0.0,0
20210817T,0.0,0.0,0.0,0.0,0
20210818T,0.0,0.0,0.0,0.0,0
20210820T,0.0,0.0,0.0,0.0,0
20210823T,0.0,0.0,0.0,0.0,0
20210824T,0.0,0.0,0.0,0.0,0
20210825T,0.0,0.0,0.0,0.0,0
20210826T,0.0,0.0,0.0,0.0,0
20210827T,0.0,0.0,0.0,0.0,0
20210830T,0.0,0.0,0.0,0.0,0
20210831T,0.0,0.0,0.0,0.0,0
20210901T,0.0,0.0,0.0,0.0,0
20210902T,0.0,0.0,0.0,0.0,0
20210903T,0.0,0.0,0.0,0.0,0
20210906T,0.0,0.0,0.0,0.0,0
20210907T,0.0,0.0,0.0,0.0,0
20210908T,0.0,0.0,0.0,0.0,0
20210909T,0.0,0.0,0.0,0.0,0
20210913T,0.0,0.0,0.0,0.0,0
20210914T,0.0,0.0,0.0,0.0,0
20210915T,0.0,0.0,0.0,0.0,0
20210916T,0.0,0.0,0.0,0.0,0
20210917T,0.0,0.0,0.0,0.0,0
20210920T,0.0,0.0,0.0,0.0,0
20210921T,0.0,0.0,0.0,0.0,0
20210922T,0.0,0.0,0.0,0.0,0
20210923T,0.0,0.0,0.0,0.0,0
20210924T,0.0,0.0,0.0,0.0,0
20210927T,0.0,0.0,0.0,0.0,0
20210928T,0.0,0.0,0.0,0.0,0
20210929T,0.0,0.0,0.0,0.0,0
20210930T,0.0,0.0,0.0,0.0,0
20211001T,0.0,0.0,0.0,0.0,0
20211004T,0.0,0.0,0.0,0.0,0
20211005T,0.0,0.0,0.0,0.0,0
20211006T,0.0,0.0,0.0,0.0,0
20211007T,0.0,0.0,0.0,0.0,0
20211008T,0.0,0.0,0.0,0.0,0
20211011T,0.0,0.0,0.0,0.0,0
20211012T,0.0,0.0,0.0,0.0,0
20211013T,0.0,0.0,0.0,0.0,0
20211014T,0.0,0.0,0.0,0.0,0
20211018T,0.0,0.0,0.0,0.0,0
20211019T,0.0,0.0,0.0,0.0,0
20211020T,0.0,0.0,0.0,0.0,0
20211021T,0.0,0.0,0.0,0.0,0
20211022T,0.0,0.0,0.0,0.0,0
20211025T,0.0,0.0,0.0,0.0,0
20211026T,0.0,0.0,0.0,0.0,0
20211027T,0.0,0.0,0.0,0.0,0
20211028T,0.0,0.0,0.0,0.0,0
20211029T,0.0,0.0,0.0,0.0,0
20211101T,0.0,0.0,0.0,0.0,0
20211102T,0.0,0.0,0.0,0.0,0
20211103T,0.0,0.0,0.0,0.0,0
20211108T,0.0,0.0,0.0,0.0,0
20211109T,0.0,0.0,0.0,0.0,0
20211110T,0.0,0.0,0.0,0.0,0
20211111T,0.0,0.0,0.0,0.0,0
20211112T,0.0,0.0,0.0,0.0,0
20211115T,0.0,0.0,0.0,0.0,0
20211116T,0.0,0.0,0.0,0.0,0
20211117T,0.0,0.0,0.0,0.0,0
20211118T,0.0,0.0,0.0,0.0,0
20211122T,0.0,0.0,0.0,0.0,0
20211123T,0.0,0.0,0.0,0.0,0
20211124T,0.0,0.0,0.0,0.0,0
20211125T,0.0,0.0,0.0,0.0,0
20211126T,0.0,0.0,0.0,0.0,0
20211129T,0.0,0.0,0.0,0.0,0
20211130T,0.0,0.0,0.0,0.0,0
20211201T,0.0,0.0,0.0,0.0,0
20211202T,0.0,0.0,0.0,0.0,0
20211203T,0.0,0.0,0.0,0.0,0
20211206T,0.0,0.0,0.0,0.0,0
20211207T,0.0,0.0,0.0,0.0,0
20211208T,0.0,0.0,0.0,0.0,0
20211209T,0.0,0.0,0.0,0.0,0
20211210T,0.0,0.0,0.0,0.0,0
20211213T,0.0,0.0,0.0,0.0,0
20211214T,0.0,0.0,0.0,0.0,0
20211215T,0.0,0.0,0.0,0.0,0
20211216T,0.0,0.0,0.0,0.0,0
20211217T,0.0,0.0,0.0,0.0,0
20211220T,0.0,0.0,0.0,0.0,0
20211221T,0.0,0.0,0.0,0.0,0
20211222T,0.0,0.0,0.0,0.0,0
20211223T,0.0,0.0,0.0,0.0,0
20211224T,0.0,0.0,0.0,0.0,0
20211227T,0.0,0.0,0.0,0.0,0
20211228T,0.0,0.0,0.0,0.0,0
20211229T,0.0,0.0,0.0,0.0,0
20211230T,0.0,0.0,0.0,0.0,0
20211231T,0.0,0.0,0.0,0.0,0
20220103T,0.0,0.0,0.0,0.0,0
20220104T,0.0,0.0,0.0,0.0,0
20220105T,0.0,0.0,0.0,0.0,0
20220106T,0.0,0.0,0.0,0.0,0
20220107T,0.0,0.0,0.0,0.0,0
20220110T,0.0,0.0,0.0,0.0,0
20220111T,0.0,0.0,0.0,0.0,0
20220112T,0.0,0.0,0.0,0.0,0
20220113T,0.0,0.0,0.0,0.0,0
20220114T,0.0,0.0,0.0,0.0,0
20220117T,0.0,0.0,0.0,0.0,0
20220118T,0.0,0.0,0.0,0.0,0
20220119T,0.0,0.0,0.0,0.0,0
20220120T,0.0,0.0,0.0,0.0,0
20220121T,0.0,0.0,0.0,0.0,0
20220124T,0.0,0.0,0.0,0.0,0
20220125T,0.0,0.0,0.0,0.0,0
20220127T,0.0,0.0,0.0,0.0,0
20220128T,0.0,0.0,0.0,0.0,0
20220131T,0.0,0.0,0.0,0.0,0
20220201T,0.0,0.0,0.0,0.0,0
20220202T,0.0,0.0,0.0,0.0,0
20220203T,0.0,0.0,0.0,0.0,0
20220204T,0.0,0.0,0.0,0.0,0
20220207T,0.0,0.0,0.0,0.0,0
20220208T,0.0,0.0,0.0,0.0,0
20220209T,0.0,0.0,0.0,0.0,0
20220210T,0.0,0.0,0.0,0.0,0
20220211T,0.0,0.0,0.0,0.0,0
20220214T,0.0,0.0,0.0,0.0,0
20220215T,0.0,0.0,0.0,0.0,0
20220216T,0.0,0.0,0.0,0.0,0
20220217T,0.0,0.0,0.0,0.0,0
20220218T,0.0,0.0,0.0,0.0,0
20220221T,0.0,0.0,0.0,0.0,0
20220222T,0.0,0.0,0.0,0.0,0
20220223T,0.0,0.0,0.0,0.0,0
20220224T,0.0,0.0,0.0,0.0,0
20220225T,0.0,0.0,0.0,0.0,0
20220228T,0.0,0.0,0.0,0.0,0
20220302T,0.0,0.0,0.0,0.0,0
20220303T,0.0,0.0,0.0,0.0,0
20220304T,0.0,0.0,0.0,0.0,0
20220307T,0.0,0.0,0.0,0.0,0
20220308T,0.0,0.0,0.0,0.0,0
20220309T,0.0,0.0,0.0,0.0,0
20220310T,0.0,0.0,0.0,0.0,0
20220311T,0.0,0.0,0.0,0.0,0
20220314T,0.0,0.0,0.0,0.0,0
20220315T,0.0,0.0,0.0,0.0,0
20220316T,0.0,0.0,0.0,0.0,0
20220317T,0.0,0.0,0.0,0.0,0
20220321T,0.0,0.0,0.0,0.0,0
20220322T,0.0,0.0,0.0,0.0,0
20220323T,0.0,0.0,0.0,0.0,0
20220324T,0.0,0.0,0.0,0.0,0
20220325T,0.0,0.0,0.0,0.0,0
20220328T,0.0,0.0,0.0,0.0,0
20220329T,0.0,0.0,0.0,0.0,0
20220330T,0.0,0.0,0.0,0.0,0
20220331T,0.0,0.0,0.0,0.0,0
20220401T,0.0,0.0,0.0,0.0,0
20220404T,0.0,0.0,0.0,0.0,0
20220405T,0.0,0.0,0.0,0.0,0
20220406T,0.0,0.0,0.0,0.0,0
20220407T,0.0,0.0,0.0,0.0,0
20220408T,0.0,0.0,0.0,0.0,0
20220411T,0.0,0.0,0.0,0.0,0
20220412T,0.0,0.0,0.0,0.0,0
20220413T,0.0,0.0,0.0,0.0,0
20220418T,0.0,0.0,0.0,0.0,0
20220419T,0.0,0.0,0.0,0.0,0
20220420T,0.0,0.0,0.0,0.0,0
20220421T,0.0,0.0,0.0,0.0,0
20220422T,0.0,0.0,0.0,0.0,0
20220425T,0.0,0.0,0.0,0.0,0
20220426T,0.0,0.0,0.0,0.0,0
20220427T,0.0,0.0,0.0,0.0,0
20220428T,0.0,0.0,0.0,0.0,0
20220429T,0.0,0.0,0.0,0.0,0
20220502T,0.0,0.0,0.0,0.0,0
20220504T,0.0,0.0,0.0,0.0,0
20220505T,0.0,0.0,0.0,0.0,0
20220506T,0.0,0.0,0.0,0.0,0
20220509T,0.0,0.0,0.0,0.0,0
20220510T,0.0,0.0,0.0,0.0,0
20220511T,0.0,0.0,0.0,0.0,0
20220512T,0.0,0.0,0.0,0.0,0
20220513T,0.0,0.0,0.0,0.0,0
20220516T,0.0,0.0,0.0,0.0,0
20220517T,0.0,0.0,0.0,0.0,0
20220518T,0.0,0.0,0.0,0.0,0
20220519T,0.0,0.0,0.0,0.0,0
20220520T,0.0,0.0,0.0,0.0,0
20220523T,0.0,0.0,0.0,0.0,0
20220524T,0.0,0.0,0.0,0.0,0
20220525T,0.0,0.0,0.0,0.0,0
20220526T,0.0,0.0,0.0,0.0,0
20220527T,0.0,0.0,0.0,0.0,0
20220530T,0.0,0.0,0.0,0.0,0
20220531T,0.0,0.0,0.0,0.0,0
20220601T,0.0,0.0,0.0,0.0,0
20220602T,0.0,0.0,0.0,0.0,0
20220603T,0.0,0.0,0.0,0.0,0
20220606T,0.0,0.0,0.0,0.0,0
20220607T,0.0,0.0,0.0,0.0,0
20220608T,0.0,0.0,0.0,0.0,0
20220609T,0.0,0.0,0.0,0.0,0
20220610T,0.0,0.0,0.0,0.0,0
20220613T,0.0,0.0,0.0,0.0,0
20220614T,0.0,0.0,0.0,0.0,0
20220615T,0.0,0.0,0.0,0.0,0
20220616T,0.0,0.0,0.0,0.0,0
20220617T,0.0,0.0,0.0,0.0,0
20220620T,0.0,0.0,0.0,0.0,0
20220621T,0.0,0.0,0.0,0.0,0
20220622T,0.0,0.0,0.0,0.0,0
20220623T,0.0,0.0,0.0,0.0,0
20220624T,0.0,0.0,0.0,0.0,0
20220627T,0.0,0.0,0.0,0.0,0
20220628T,0.0,0.0,0.0,0.0,0
20220629T,0.0,0.0,0.0,0.0,0
20220630T,0.0,0.0,0.0,0.0,0
20220701T,0.0,0.0,0.0,0.0,0
20220704T,0.0,0.0,0.0,0.0,0
20220705T,0.0,0.0,0.0,0.0,0
20220706T,0.0,0.0,0.0,0.0,0
20220707T,0.0,0.0,0.0,0.0,0
20220708T,0.0,0.0,0.0,0.0,0
20220711T,0.0,0.0,0.0,0.0,0
20220712T,0.0,0.0,0.0,0.0,0
20220713T,0.0,0.0,0.0,0.0,0
20220714T,0.0,0.0,0.0,0.0,0
20220715T,0.0,0.0,0.0,0.0,0
20220718T,0.0,0.0,0.0,0.0,0
20220719T,0.0,0.0,0.0,0.0,0
20220720T,0.0,0.0,0.0,0.0,0
20220721T,0.0,0.0,0.0,0.0,0
20220722T,0.0,0.0,0.0,0.0,0
20220725T,0.0,0.0,0.0,0.0,0
20220726T,0.0,0.0,0.0,0.0,0
20220727T,0.0,0.0,0.0,0.0,0
20220728T,0.0,0.0,0.0,0.0,0
20220729T,0.0,0.0,0.0,0.0,0
20220801T,0.0,0.0,0.0,0.0,0
20220802T,0.0,0.0,0.0,0.0,0
20220803T,0.0,0.0,0.0,0.0,0
20220804T,0.0,0.0,0.0,0.0,0
20220805T,0.0,0.0,0.0,0.0,0
20220808T,0.0,0.0,0.0,0.0,0
20220810T,0.0,0.0,0.0,0.0,0
20220811T,0.0,0.0,0.0,0.0,0
20220812T,0.0,0.0,0.0,0.0,0
20220816T,0.0,0.0,0.0,0.0,0
20220817T,0.0,0.0,0.0,0.0,0
20220818T,0.0,0.0,0.0,0.0,0
20220819T,0.0,0.0,0.0,0.0,0
20220822T,0.0,0.0,0.0,0.0,0
20220823T,0.0,0.0,0.0,0.0,0
20220824T,0.0,0.0,0.0,0.0,0
20220825T,0.0,0.0,0.0,0.0,0
20220826T,0.0,0.0,0.0,0.0,0
20220829T,0.0,0.0,0.0,0.0,0
20220830T,0.0,0.0,0.0,0.0,0
20220901T,0.0,0.0,0.0,0.0,0
20220902T,0.0,0.0,0.0,0.0,0
20220905T,0.0,0.0,0.0,0.0,0
20220906T,0.0,0.0,0.0,0.0,0
20220907T,0.0,0.0,0.0,0.0,0
20220908T,0.0,0.0,0.0,0.0,0
20220909T,0.0,0.0,0.0,0.0,0
20220912T,0.0,0.0,0.0,0.0,0
20220913T,0.0,0.0,0.0,0.0,0
20220914T,0.0,0.0,0.0,0.0,0
20220915T,0.0,0.0,0.0,0.0,0
20220916T,0.0,0.0,0.0,0.0,0
20220919T,0.0,0.0,0.0,0.0,0
20220920T,0.0,0.0,0.0,0.0,0
20220921T,0.0,0.0,0.0,0.0,0
20220922T,0.0,0.0,0.0,0.0,0
20220923T,0.0,0.0,0.0,0.0,0
20220926T,0.0,0.0,0.0,0.0,0
20220927T,0.0,0.0,0.0,0.0,0
20220928T,0.0,0.0,0.0,0.0,0
20220929T,0.0,0.0,0.0,0.0,0
20220930T,0.0,0.0,0.0,0.0,0
20221003T,0.0,0.0,0.0,0.0,0
20221004T,0.0,0.0,0.0,0.0,0
20221006T,0.0,0.0,0.0,0.0,0
20221007T,0.0,0.0,0.0,0.0,0
20221010T,0.0,0.0,0.0,0.0,0
20221011T,0.0,0.0,0.0,0.0,0
20221012T,0.0,0.0,0.0,0.0,0
20221013T,0.0,0.0,0.0,0.0,0
20221014T,0.0,0.0,0.0,0.0,0
20221017T,0.0,0.0,0.0,0.0,0
20221018T,0.0,0.0,0.0,0.0,0
20221019T,0.0,0.0,0.0,0.0,0
20221020T,0.0,0.0,0.0,0.0,0
20221021T,0.0,0.0,0.0,0.0,0
20221025T,0.0,0.0,0.0,0.0,0
20221027T,0.0,0.0,0.0,0.0,0
20221028T,0.0,0.0,0.0,0.0,0
20221031T,0.0,0.0,0.0,0.0,0
20221101T,0.0,0.0,0.0,0.0,0
20221102T,0.0,0.0,0.0,0.0,0
20221103T,0.0,0.0,0.0,0.0,0
20221104T,0.0,0.0,0.0,0.0,0
20221107T,0.0,0.0,0.0,0.0,0
20221109T,0.0,0.0,0.0,0.0,0
20221110T,0.0,0.0,0.0,0.0,0
20221111T,0.0,0.0,0.0,0.0,0
20221114T,0.0,0.0,0.0,0.0,0
20221115T,0.0,0.0,0.0,0.0,0
20221116T,0.0,0.0,0.0,0.0,0
20221117T,0.0,0.0,0.0,0.0,0
20221118T,0.0,0.0,0.0,0.0,0
20221121T,0.0,0.0,0.0,0.0,0
20221122T,0.0,0.0,0.0,0.0,0
20221123T,0.0,0.0,0.0,0.0,0
20221124T,0.0,0.0,0.0,0.0,0
20221125T,0.0,0.0,0.0,0.0,0
20221128T,0.0,0.0,0.0,0.0,0
20221129T,0.0,0.0,0.0,0.0,0
20221130T,0.0,0.0,0.0,0.0,0
20221201T,0.0,0.0,0.0,0.0,0
20221202T,0.0,0.0,0.0,0.0,0
20221205T,0.0,0.0,0.0,0.0,0
20221206T,0.0,0.0,0.0,0.0,0
20221207T,0.0,0.0,0.0,0.0,0
20221208T,0.0,0.0,0.0,0.0,0
20221209T,0.0,0.0,0.0,0.0,0
20221212T,0.0,0.0,0.0,0.0,0
20221213T,0.0,0.0,0.0,0.0,0
20221214T,0.0,0.0,0.0,0.0,0
20221215T,0.0,0.0,0.0,0.0,0
20221216T,0.0,0.0,0.0,0.0,0
20221219T,0.0,0.0,0.0,0.0,0
20221220T,0.0,0.0,0.0,0.0,0
20221221T,0.0,0.0,0.0,0.0,0
20221222T,0.0,0.0,0.0,0.0,0
20221223T,0.0,0.0,0.0,0.0,0
20221226T,0.0,0.0,0.0,0.0,0
20221227T,0.0,0.0,0.0,0.0,0
20221228T,0.0,0.0,0.0,0.0,0
20221229T,0.0,0.0,0.0,0.0,0
20221230T,0.0,0.0,0.0,0.0,0
20230102T,0.0,0.0,0.0,0.0,0
20230103T,0.0,0.0,0.0,0.0,0
20230104T,0.0,0.0,0.0,0.0,0
20230105T,0.0,0.0,0.0,0.0,0
20230106T,0.0,0.0,0.0,0.0,0
20230109T,0.0,0.0,0.0,0.0,0
20230110T,0.0,0.0,0.0,0.0,0
20230111T,0.0,0.0,0.0,0.0,0
20230112T,0.0,0.0,0.0,0.0,0
20230113T,0.0,0.0,0.0,0.0,0
20230116T,0.0,0.0,0.0,0.0,0
20230117T,0.0,0.0,0.0,0.0,0
20230118T,0.0,0.0,0.0,0.0,0
20230119T,0.0,0.0,0.0,0.0,0
20230120T,0.0,0.0,0.0,0.0,0
20230123T,0.0,0.0,0.0,0.0,0
20230124T,0.0,0.0,0.0,0.0,0
20230125T,0.0,0.0,0.0,0.0,0
20230127T,0.0,0.0,0.0,0.0,0
20230130T,0.0,0.0,0.0,0.0,0
20230131T,0.0,0.0,0.0,0.0,0
20230201T,0.0,0.0,0.0,0.0,0
20230202T,0.0,0.0,0.0,0.0,0
20230203T,0.0,0.0,0.0,0.0,0
20230206T,0.0,0.0,0.0,0.0,0
20230207T,0.0,0.0,0.0,0.0,0
20230208T,0.0,0.0,0.0,0.0,0
20230209T,0.0,0.0,0.0,0.0,0
20230210T,0.0,0.0,0.0,0.0,0
20230213T,0.0,0.0,0.0,0.0,0
20230214T,0.0,0.0,0.0,0.0,0
20230215T,0.0,0.0,0.0,0.0,0
20230216T,0.0,0.0,0.0,0.0,0
20230217T,0.0,0.0,0.0,0.0,0
20230220T,0.0,0.0,0.0,0.0,0
20230221T,0.0,0.0,0.0,0.0,0
20230222T,0.0,0.0,0.0,0.0,0
20230223T,0.0,0.0,0.0,0.0,0
20230224T,0.0,0.0,0.0,0.0,0
20230227T,0.0,0.0,0.0,0.0,0
20230228T,0.0,0.0,0.0,0.0,0
20230301T,0.0,0.0,0.0,0.0,0
20230302T,0.0,0.0,0.0,0.0,0
20230303T,0.0,0.0,0.0,0.0,0
20230306T,0.0,0.0,0.0,0.0,0
20230308T,0.0,0.0,0.0,0.0,0
20230309T,0.0,0.0,0.0,0.0,0
20230310T,0.0,0.0,0.0,0.0,0
20230313T,0.0,0.0,0.0,0.0,0
20230314T,0.0,0.0,0.0,0.0,0
20230315T,0.0,0.0,0.0,0.0,0
20230316T,0.0,0.0,0.0,0.0,0
20230317T,0.0,0.0,0.0,0.0,0
20230320T,0.0,0.0,0.0,0.0,0
20230321T,0.0,0.0,0.0,0.0,0
20230322T,0.0,0.0,0.0,0.0,0
20230323T,0.0,0.0,0.0,0.0,0
20230324T,0.0,0.0,0.0,0.0,0
20230327T,0.0,0.0,0.0,0.0,0
20230328T,0.0,0.0,0.0,0.0,0
20230329T,0.0,0.0,0.0,0.0,0
20230331T,0.0,0.0,0.0,0.0,0
20230403T,0.0,0.0,0.0,0.0,0
20230405T,0.0,0.0,0.0,0.0,0
20230406T,0.0,0.0,0.0,0.0,0
20230410T,0.0,0.0,0.0,0.0,0
20230411T,0.0,0.0,0.0,0.0,0
20230412T,0.0,0.0,0.0,0.0,0
20230413T,0.0,0.0,0.0,0.0,0
20230417T,0.0,0.0,0.0,0.0,0
20230418T,0.0,0.0,0.0,0.0,0
20230419T,0.0,0.0,0.0,0.0,0
20230420T,0.0,0.0,0.0,0.0,0
20230421T,0.0,0.0,0.0,0.0,0
20230424T,0.0,0.0,0.0,0.0,0
20230425T,0.0,0.0,0.0,0.0,0
20230426T,0.0,0.0,0.0,0.0,0
20230427T,0.0,0.0,0.0,0.0,0
20230428T,0.0,0.0,0.0,0.0,0
20230502T,0.0,0.0,0.0,0.0,0
20230503T,0.0,0.0,0.0,0.0,0
20230504T,0.0,0.0,0.0,0.0,0
20230505T,0.0,0.0,0.0,0.0,0
20230508T,0.0,0.0,0.0,0.0,0
20230509T,0.0,0.0,0.0,0.0,0
20230510T,0.0,0.0,0.0,0.0,0
20230511T,0.0,0.0,0.0,0.0,0
20230512T,0.0,0.0,0.0,0.0,0
20230515T,0.0,0.0,0.0,0.0,0
20230516T,0.0,0.0,0.0,0.0,0
20230517T,0.0,0.0,0.0,0.0,0
20230518T,0.0,0.0,0.0,0.0,0
20230519T,0.0,0.0,0.0,0.0,0
20230522T,0.0,0.0,0.0,0.0,0
20230523T,0.0,0.0,0.0,0.0,0
20230524T,0.0,0.0,0.0,0.0,0
20230525T,0.0,0.0,0.0,0.0,0
20230526T,0.0,0.0,0.0,0.0,0
20230529T,0.0,0.0,0.0,0.0,0
20230530T,0.0,0.0,0.0,0.0,0
20230531T,0.0,0.0,0.0,0.0,0
20230601T,0.0,0.0,0.0,0.0,0
20230602T,0.0,0.0,0.0,0.0,0
20230605T,0.0,0.0,0.0,0.0,0
20230606T,0.0,0.0,0.0,0.0,0
20230607T,0.0,0.0,0.0,0.0,0
20230608T,0.0,0.0,0.0,0.0,0
20230609T,0.0,0.0,0.0,0.0,0
20230612T,0.0,0.0,0.0,0.0,0
20230613T,0.0,0.0,0.0,0.0,0
20230614T,0.0,0.0,0.0,0.0,0
20230615T,0.0,0.0,0.0,0.0,0
20230616T,0.0,0.0,0.0,0.0,0
20230619T,0.0,0.0,0.0,0.0,0
20230620T,0.0,0.0,0.0,0.0,0
20230621T,0.0,0.0,0.0,0.0,0
20230622T,0.0,0.0,0.0,0.0,0
20230623T,0.0,0.0,0.0,0.0,0
20230626T,0.0,0.0,0.0,0.0,0
20230627T,1474006.0,1474006.0,1474006.0,1474006.0,0
20230628T,1416093.0,1416093.0,1416093.0,1416093.0,0
20230630T,1427785.0,1427785.0,1427785.0,1427785.0,0
20230703T,1430459.0,1430459.0,1430459.0,1430459.0,0
20230704T,1423876.0,1423876.0,1423876.0,1423876.0,0
20230705T,1429600.0,1429600.0,1429600.0,1429600.0,0
20230706T,1439877.0,1439877.0,1439877.0,1439877.0,0
20230707T,1451002.0,1451002.0,1451002.0,1451002.0,0
20230710T,1461005.0,1461005.0,1461005.0,1461005.0,0
20230711T,1459809.0,1459809.0,1459809.0,1459809.0,0
20230712T,1472162.0,1472162.0,1472162.0,1472162.0,0
20230713T,1448206.0,1448206.0,1448206.0,1448206.0,0
20230714T,1452790.0,1452790.0,1452790.0,1452790.0,0
20230717T,1456974.0,1456974.0,1456974.0,1456974.0,0
20230718T,1451168.0,1451168.0,1451168.0,1451168.0,0
20230719T,1449015.0,1449015.0,1449015.0,1449015.0,0
20230720T,1416731.0,1416731.0,1416731.0,1416731.0,0
20230721T,1450272.0,1450272.0,1450272.0,1450272.0,0
20230724T,1459954.0,1459954.0,1459954.0,1459954.0,0
20230725T,1480882.0,1480882.0,1480882.0,1480882.0,0
20230726T,1489939.0,1489939.0,1489939.0,1489939.0,0
20230727T,1467805.0,1467805.0,1467805.0,1467805.0,0
20230728T,1488623.0,1488623.0,1488623.0,1488623.0,0
20230731T,1500663.0,1500663.0,1500663.0,1500663.0,0
20230801T,1506179.0,1506179.0,1506179.0,1506179.0,0
20230802T,1510591.0,1510591.0,1510591.0,1510591.0,0
20230803T,1528917.0,1528917.0,1528917.0,1528917.0,0
20230804T,1539518.0,1539518.0,1539518.0,1539518.0,0
20230807T,1556593.0,1556593.0,1556593.0,1556593.0,0
20230808T,1555204.0,1555204.0,1555204.0,1555204.0,0
20230809T,1560666.0,1560666.0,1560666.0,1560666.0,0
20230810T,1561794.0,1561794.0,1561794.0,1561794.0,0
20230811T,1570171.0,1570171.0,1570171.0,1570171.0,0
20230814T,1567088.0,1567088.0,1567088.0,1567088.0,0
20230816T,1567106.0,1567106.0,1567106.0,1567106.0,0
20230817T,1572853.0,1572853.0,1572853.0,1572853.0,0
20230818T,1570428.0,1570428.0,1570428.0,1570428.0,0
20230821T,1577228.0,1577228.0,1577228.0,1577228.0,0
20230822T,1577766.0,1577766.0,1577766.0,1577766.0,0
20230823T,1583303.0,1583303.0,1583303.0,1583303.0,0
20230824T,1585805.0,1585805.0,1585805.0,1585805.0,0
20230825T,1583417.0,1583417.0,1583417.0,1583417.0,0
20230828T,1591581.0,1591581.0,1591581.0,1591581.0,0
20230829T,1597762.0,1597762.0,1597762.0,1597762.0,0
20230830T,1598200.0,1598200.0,1598200.0,1598200.0,0
20230831T,1597902.0,1597902.0,1597902.0,1597902.0,0
20230901T,1612436.0,1612436.0,1612436.0,1612436.0,0
20230904T,1636756.0,1636756.0,1636756.0,1636756.0,0
20230905T,1637794.0,1637794.0,1637794.0,1637794.0,0
20230906T,1641922.0,1641922.0,1641922.0,1641922.0,0
20230907T,1644275.0,1644275.0,1644275.0,1644275.0,0
20230908T,1643518.0,1643518.0,1643518.0,1643518.0,0
20230911T,1644074.0,1644074.0,1644074.0,1644074.0,0
20230912T,1632055.0,1632055.0,1632055.0,1632055.0,0
20230913T,1642584.0,1642584.0,1642584.0,1642584.0,0
20230914T,1649171.0,1649171.0,1649171.0,1649171.0,0
20230915T,1675906.0,1675906.0,1675906.0,1675906.0,0
20230918T,1679146.0,1679146.0,1679146.0,1679146.0,0
20230920T,1715281.0,1715281.0,1715281.0,1715281.0,0
20230921T,1713327.0,1713327.0,1713327.0,1713327.0,0
20230922T,1721380.0,1721380.0,1721380.0,1721380.0,0
20230925T,1734019.0,1734019.0,1734019.0,1734019.0,0
20230926T,1735591.0,1735591.0,1735591.0,1735591.0,0
20230927T,1742455.0,1742455.0,1742455.0,1742455.0,0
20230928T,1723942.0,1723942.0,1723942.0,1723942.0,0
20230929T,1731196.0,1731196.0,1731196.0,1731196.0,0
20231003T,1734356.0,1734356.0,1734356.0,1734356.0,0
20231004T,1735914.0,1735914.0,1735914.0,1735914.0,0
20231005T,1733534.0,1733534.0,1733534.0,1733534.0,0
20231006T,1742722.0,1742722.0,1742722.0,1742722.0,0
20231009T,1742041.0,1742041.0,1742041.0,1742041.0,0
20231010T,1756448.0,1756448.0,1756448.0,1756448.0,0
20231011T,1765043.0,1765043.0,1765043.0,1765043.0,0
20231012T,1775442.0,1775442.0,1775442.0,1775442.0,0
20231013T,1770533.0,1770533.0,1770533.0,1770533.0,0
20231016T,1774539.0,1774539.0,1774539.0,1774539.0,0
20231017T,1777798.0,1777798.0,1777798.0,1777798.0,0
20231018T,1791007.0,1791007.0,1791007.0,1791007.0,0
20231019T,1790997.0,1790997.0,1790997.0,1790997.0,0
20231020T,1780226.0,1780226.0,1780226.0,1780226.0,0
20231023T,1778709.0,1778709.0,1778709.0,1778709.0,0
20231025T,1792518.0,1792518.0,1792518.0,1792518.0,0
20231026T,1767710.0,1767710.0,1767710.0,1767710.0,0
20231027T,1941387.0,1941387.0,1941387.0,1941387.0,0
20231030T,1941907.0,1941907.0,1941907.0,1941907.0,0
20231031T,1940066.0,1940066.0,1940066.0,1940066.0,0
20231101T,1943016.0,1943016.0,1943016.0,1943016.0,0
20231102T,1947403.0,1947403.0,1947403.0,1947403.0,0
20231103T,1944256.0,1944256.0,1944256.0,1944256.0,0
20231106T,1946753.0,1946753.0,1946753.0,1946753.0,0
20231107T,1953275.0,1953275.0,1953275.0,1953275.0,0
20231108T,1948687.0,1948687.0,1948687.0,1948687.0,0
20231109T,1954416.0,1954416.0,1954416.0,1954416.0,0
20231110T,1955062.0,1955062.0,1955062.0,1955062.0,0
20231113T,1953926.0,1953926.0,1953926.0,1953926.0,0
20231115T,1957782.0,1957782.0,1957782.0,1957782.0,0
20231116T,1955133.0,1955133.0,1955133.0,1955133.0,0
20231117T,1978850.0,1978850.0,1978850.0,1978850.0,0
20231120T,1982469.0,1982469.0,1982469.0,1982469.0,0
20231121T,1987399.0,1987399.0,1987399.0,1987399.0,0
20231122T,1994250.0,1994250.0,1994250.0,1994250.0,0
20231123T,1989390.0,1989390.0,1989390.0,1989390.0,0
20231124T,1989140.0,1989140.0,1989140.0,1989140.0,0
20231128T,2003215.0,2003215.0,2003215.0,2003215.0,0
20231129T,2017498.0,2017498.0,2017498.0,2017498.0,0
20231130T,2003068.0,2003068.0,2003068.0,2003068.0,0
20231201T,2012773.0,2012773.0,2012773.0,2012773.0,0
20231204T,2007168.0,2007168.0,2007168.0,2007168.0,0
20231205T,1993102.0,1993102.0,1993102.0,1993102.0,0
20231206T,2005424.0,2005424.0,2005424.0,2005424.0,0
20231207T,2024536.0,2024536.0,2024536.0,2024536.0,0
20231208T,2022928.0,2022928.0,2022928.0,2022928.0,0
20231211T,2024972.0,2024972.0,2024972.0,2024972.0,0
20231212T,2031867.0,2031867.0,2031867.0,2031867.0,0
20231213T,2047088.0,2047088.0,2047088.0,2047088.0,0
20231214T,2050504.0,2050504.0,2050504.0,2050504.0,0
20231215T,2026544.0,2026544.0,2026544.0,2026544.0,0
20231218T,2024463.0,2024463.0,2024463.0,2024463.0,0
20231219T,2025663.0,2025663.0,2025663.0,2025663.0,0
20231220T,2016749.0,2016749.0,2016749.0,2016749.0,0
20231221T,2038578.0,2038578.0,2038578.0,2038578.0,0
20231222T,2053651.0,2053651.0,2053651.0,2053651.0,0
20231226T,2060113.0,2060113.0,2060113.0,2060113.0,0
20231227T,2059738.0,2059738.0,2059738.0,2059738.0,0
20231228T,2011591.0,2011591.0,2011591.0,2011591.0,0
20231229T,2046698.0,2046698.0,2046698.0,2046698.0,0
20240101T,2055584.0,2055584.0,2055584.0,2055584.0,0
20240102T,2059977.0,2059977.0,2059977.0,2059977.0,0
20240103T,2067473.0,2067473.0,2067473.0,2067473.0,0
20240104T,2087197.0,2087197.0,2087197.0,2087197.0,0
20240105T,2077976.0,2077976.0,2077976.0,2077976.0,0
20240108T,2067691.0,2067691.0,2067691.0,2067691.0,0
20240109T,2066335.0,2066335.0,2066335.0,2066335.0,0
20240110T,2089705.0,2089705.0,2089705.0,2089705.0,0
20240111T,2098155.0,2098155.0,2098155.0,2098155.0,0
20240112T,2106274.0,2106274.0,2106274.0,2106274.0,0
20240115T,2105255.0,2105255.0,2105255.0,2105255.0,0
20240116T,2094056.0,2094056.0,2094056.0,2094056.0,0
20240117T,2117578.0,2117578.0,2117578.0,2117578.0,0
20240118T,2144198.0,2144198.0,2144198.0,2144198.0,0
20240119T,2157087.0,2157087.0,2157087.0,2157087.0,0
20240123T,2133872.0,2133872.0,2133872.0,2133872.0,0
20240124T,2192355.0,2192355.0,2192355.0,2192355.0,0
20240125T,2122815.0,2122815.0,2122815.0,2122815.0,0
20240129T,2152394.0,2152394.0,2152394.0,2152394.0,0
20240130T,2171415.0,2171415.0,2171415.0,2171415.0,0
20240131T,2186881.0,2186881.0,2186881.0,2186881.0,0
20240201T,2186008.0,2186008.0,2186008.0,2186008.0,0
20240202T,2212014.0,2212014.0,2212014.0,2212014.0,0
20240205T,2201282.0,2201282.0,2201282.0,2201282.0,0
20240206T,2211305.0,2211305.0,2211305.0,2211305.0,0
20240207T,2218658.0,2218658.0,2218658.0,2218658.0,0
20240208T,2224434.0,2224434.0,2224434.0,2224434.0,0
20240209T,2218386.0,2218386.0,2218386.0,2218386.0,0
20240212T,2228781.0,2228781.0,2228781.0,2228781.0,0
20240213T,2248525.0,2248525.0,2248525.0,2248525.0,0
20240214T,2254049.0,2254049.0,2254049.0,2254049.0,0
20240215T,2261105.0,2261105.0,2261105.0,2261105.0,0
20240216T,2272133.0,2272133.0,2272133.0,2272133.0,0
20240219T,2271513.0,2271513.0,2271513.0,2271513.0,0
20240220T,2250775.0,2250775.0,2250775.0,2250775.0,0
20240221T,2232050.0,2232050.0,2232050.0,2232050.0,0
20240223T,2237825.0,2237825.0,2237825.0,2237825.0,0
20240226T,2238529.0,2238529.0,2238529.0,2238529.0,0
20240227T,2233269.0,2233269.0,2233269.0,2233269.0,0
20240228T,2223040.0,2223040.0,2223040.0,2223040.0,0
20240229T,2220776.0,2220776.0,2220776.0,2220776.0,0
20240301T,2228034.0,2228034.0,2228034.0,2228034.0,0
20240304T,2233833.0,2233833.0,2233833.0,2233833.0,0
20240305T,2234663.0,2234663.0,2234663.0,2234663.0,0
20240306T,2237484.0,2237484.0,2237484.0,2237484.0,0
20240307T,2234024.0,2234024.0,2234024.0,2234024.0,0
20240311T,2244713.0,2244713.0,2244713.0,2244713.0,0
20240312T,2263001.0,2263001.0,2263001.0,2263001.0,0
20240313T,2277047.0,2277047.0,2277047.0,2277047.0,0
20240314T,2299370.0,2299370.0,2299370.0,2299370.0,0
20240315T,2290209.0,2290209.0,2290209.0,2290209.0,0
20240318T,2295130.0,2295130.0,2295130.0,2295130.0,0
20240319T,2316732.0,2316732.0,2316732.0,2316732.0,0
20240320T,2330338.0,2330338.0,2330338.0,2330338.0,0
20240321T,2350203.0,2350203.0,2350203.0,2350203.0,0
20240322T,2365672.0,2365672.0,2365672.0,2365672.0,0
20240326T,2387624.0,2387624.0,2387624.0,2387624.0,0
20240327T,2360958.0,2360958.0,2360958.0,2360958.0,0
20240328T,2311005.0,2311005.0,2311005.0,2311005.0,0
20240401T,2326411.0,2326411.0,2326411.0,2326411.0,0
20240402T,2340538.0,2340538.0,2340538.0,2340538.0,0
20240403T,2339109.0,2339109.0,2339109.0,2339109.0,0
20240404T,2316130.0,2316130.0,2316130.0,2316130.0,0
20240405T,2281024.0,2281024.0,2281024.0,2281024.0,0
20240408T,2285405.0,2285405.0,2285405.0,2285405.0,0
20240409T,2289145.0,2289145.0,2289145.0,2289145.0,0
20240410T,2275792.0,2275792.0,2275792.0,2275792.0,0
20240412T,2313813.0,2313813.0,2313813.0,2313813.0,0
20240415T,2338917.0,2338917.0,2338917.0,2338917.0,0
20240416T,2341304.0,2341304.0,2341304.0,2341304.0,0
20240418T,2346040.0,2346040.0,2346040.0,2346040.0,0
20240419T,2334615.0,2334615.0,2334615.0,2334615.0,0
20240422T,2353543.0,2353543.0,2353543.0,2353543.0,0
20240423T,2369768.0,2369768.0,2369768.0,2369768.0,0
20240424T,2382916.0,2382916.0,2382916.0,2382916.0,0
20240425T,2371893.0,2371893.0,2371893.0,2371893.0,0
20240426T,2879429.0,2879429.0,2879429.0,2879429.0,0
20240429T,2884709.0,2884709.0,2884709.0,2884709.0,0
20240430T,2895233.0,2895233.0,2895233.0,2895233.0,0
20240502T,2932295.0,2932295.0,2932295.0,2932295.0,0
20240503T,2959942.0,2959942.0,2959942.0,2959942.0,0
20240506T,2979419.0,2979419.0,2979419.0,2979419.0,0
20240507T,2986575.0,2986575.0,2986575.0,2986575.0,0
20240508T,3023623.0,3023623.0,3023623.0,3023623.0,0
20240509T,3048527.0,3048527.0,3048527.0,3048527.0,0
20240510T,3047643.0,3047643.0,3047643.0,3047643.0,0
20240513T,3070895.0,3070895.0,3070895.0,3070895.0,0
20240514T,3072869.0,3072869.0,3072869.0,3072869.0,0
20240515T,3051861.0,3051861.0,3051861.0,3051861.0,0
20240516T,3012499.0,3012499.0,3012499.0,3012499.0,0
20240517T,2993224.0,2993224.0,2993224.0,2993224.0,0
20240521T,2989943.0,2989943.0,2989943.0,2989943.0,0
20240522T,2972181.0,2972181.0,2972181.0,2972181.0,0
20240523T,2946202.0,2946202.0,2946202.0,2946202.0,0
20240524T,2959298.0,2959298.0,2959298.0,2959298.0,0
20240527T,2978844.0,2978844.0,2978844.0,2978844.0,0
20240528T,2982040.0,2982040.0,2982040.0,2982040.0,0
20240529T,3025952.0,3025952.0,3025952.0,3025952.0,0
20240530T,2931291.0,2931291.0,2931291.0,2931291.0,0
20240531T,2978798.0,2978798.0,2978798.0,2978798.0,0
20240603T,2950223.0,2950223.0,2950223.0,2950223.0,0
20240604T,2894195.0,2894195.0,2894195.0,2894195.0,0
20240605T,2891264.0,2891264.0,2891264.0,2891264.0,0
20240606T,2912585.0,2912585.0,2912585.0,2912585.0,0
20240607T,2865828.0,2865828.0,2865828.0,2865828.0,0
20240610T,2830562.0,2830562.0,2830562.0,2830562.0,0
20240611T,2846325.0,2846325.0,2846325.0,2846325.0,0
20240612T,2837961.0,2837961.0,2837961.0,2837961.0,0
20240613T,2816408.0,2816408.0,2816408.0,2816408.0,0
20240614T,2802978.0,2802978.0,2802978.0,2802978.0,0
20240618T,2818744.0,2818744.0,2818744.0,2818744.0,0
20240619T,2807058.0,2807058.0,2807058.0,2807058.0,0
20240620T,2810128.0,2810128.0,2810128.0,2810128.0,0
20240621T,2811348.0,2811348.0,2811348.0,2811348.0,0
20240624T,2860591.0,2860591.0,2860591.0,2860591.0,0
20240625T,2875375.0,2875375.0,2875375.0,2875375.0,0
20240626T,2930184.0,2930184.0,2930184.0,2930184.0,0
20240627T,2841131.0,2841131.0,2841131.0,2841131.0,0
20240628T,2909051.0,2909051.0,2909051.0,2909051.0,0
20240701T,2924877.0,2924877.0,2924877.0,2924877.0,0
20240702T,2947525.0,2947525.0,2947525.0,2947525.0,0
20240703T,2959536.0,2959536.0,2959536.0,2959536.0,0
20240704T,2965356.0,2965356.0,2965356.0,2965356.0,0
20240705T,2992348.0,2992348.0,2992348.0,2992348.0,0
20240708T,2996961.0,2996961.0,2996961.0,2996961.0,0
20240709T,3009443.0,3009443.0,3009443.0,3009443.0,0
20240710T,3005322.0,3005322.0,3005322.0,3005322.0,0
20240711T,3026855.0,3026855.0,3026855.0,3026855.0,0
20240712T,3012321.0,3012321.0,3012321.0,3012321.0,0
20240715T,3021357.0,3021357.0,3021357.0,3021357.0,0
20240716T,3030483.0,3030483.0,3030483.0,3030483.0,0
20240718T,3019036.0,3019036.0,3019036.0,3019036.0,0
20240719T,2984258.0,2984258.0,2984258.0,2984258.0,0
20240722T,3004882.0,3004882.0,3004882.0,3004882.0,0
20240723T,3012607.0,3012607.0,3012607.0,3012607.0,0
20240724T,3030950.0,3030950.0,3030950.0,3030950.0,0
20240725T,2965593.0,2965593.0,2965593.0,2965593.0,0
20240726T,2992856.0,2992856.0,2992856.0,2992856.0,0
20240729T,3015014.0,3015014.0,3015014.0,3015014.0,0
20240730T,3027457.0,3027457.0,3027457.0,3027457.0,0
20240731T,3035720.0,3035720.0,3035720.0,3035720.0,0
20240801T,3010461.0,3010461.0,3010461.0,3010461.0,0
20240802T,2985122.0,2985122.0,2985122.0,2985122.0,0
20240805T,3021250.0,3021250.0,3021250.0,3021250.0,0
20240806T,3029018.0,3029018.0,3029018.0,3029018.0,0
20240807T,3068436.0,3068436.0,3068436.0,3068436.0,0
20240808T,3029308.0,3029308.0,3029308.0,3029308.0,0
20240809T,3056046.0,3056046.0,3056046.0,3056046.0,0
20240812T,3077025.0,3077025.0,3077025.0,3077025.0,0
20240813T,3064118.0,3064118.0,3064118.0,3064118.0,0
20240814T,3055107.0,3055107.0,3055107.0,3055107.0,0
20240816T,3085435.0,3085435.0,3085435.0,3085435.0,0
20240819T,3097588.0,3097588.0,3097588.0,3097588.0,0
20240820T,3116749.0,3116749.0,3116749.0,3116749.0,0
20240821T,3152514.0,3152514.0,3152514.0,3152514.0,0
20240822T,3160045.0,3160045.0,3160045.0,3160045.0,0
20240823T,3166333.0,3166333.0,3166333.0,3166333.0,0
20240826T,3180125.0,3180125.0,3180125.0,3180125.0,0
20240827T,3181116.0,3181116.0,3181116.0,3181116.0,0
20240828T,3191447.0,3191447.0,3191447.0,3191447.0,0
20240829T,3102359.0,3102359.0,3102359.0,3102359.0,0
20240830T,3148188.0,3148188.0,3148188.0,3148188.0,0
20240902T,3136486.0,3136486.0,3136486.0,3136486.0,0
20240903T,3143525.0,3143525.0,3143525.0,3143525.0,0
20240904T,3144163.0,3144163.0,3144163.0,3144163.0,0
20240905T,3164787.0,3164787.0,3164787.0,3164787.0,0
20240906T,3115510.0,3115510.0,3115510.0,3115510.0,0
20240909T,3115590.0,3115590.0,3115590.0,3115590.0,0
20240910T,3096234.0,3096234.0,3096234.0,3096234.0,0
20240911T,3067459.0,3067459.0,3067459.0,3067459.0,0
20240912T,3033707.0,3033707.0,3033707.0,3033707.0,0
20240913T,3040294.0,3040294.0,3040294.0,3040294.0,0
20240916T,3050893.0,3050893.0,3050893.0,3050893.0,0
20240917T,3060898.0,3060898.0,3060898.0,3060898.0,0
20240918T,3053168.0,3053168.0,3053168.0,3053168.0,0
20240919T,3089727.0,3089727.0,3089727.0,3089727.0,0
20240920T,3081313.0,3081313.0,3081313.0,3081313.0,0
20240923T,3082736.0,3082736.0,3082736.0,3082736.0,0
20240924T,3108522.0,3108522.0,3108522.0,3108522.0,0
20240925T,3119711.0,3119711.0,3119711.0,3119711.0,0
20240926T,3039019.0,3039019.0,3039019.0,3039019.0,0
20240927T,3122378.0,3122378.0,3122378.0,3122378.0,0
20240930T,3160201.0,3160201.0,3160201.0,3160201.0,0
20241001T,3195728.0,3195728.0,3195728.0,3195728.0,0
20241003T,3262548.0,3262548.0,3262548.0,3262548.0,0
20241004T,3298445.0,3298445.0,3298445.0,3298445.0,0
20241007T,3371235.0,3371235.0,3371235.0,3371235.0,0
20241008T,3372687.0,3372687.0,3372687.0,3372687.0,0
20241009T,3346037.0,3346037.0,3346037.0,3346037.0,0
20241010T,3364829.0,3364829.0,3364829.0,3364829.0,0
20241011T,3375530.0,3375530.0,3375530.0,3375530.0,0
20241014T,3391114.0,3391114.0,3391114.0,3391114.0,0
20241015T,3396597.0,3396597.0,3396597.0,3396597.0,0
20241016T,3418257.0,3418257.0,3418257.0,3418257.0,0
20241017T,3431148.0,3431148.0,3431148.0,3431148.0,0
20241018T,3470094.0,3470094.0,3470094.0,3470094.0,0
20241021T,3437122.0,3437122.0,3437122.0,3437122.0,0
20241022T,3444196.0,3444196.0,3444196.0,3444196.0,0
20241023T,3467970.0,3467970.0,3467970.0,3467970.0,0
20241024T,3484860.0,3484860.0,3484860.0,3484860.0,0
20241025T,3501685.0,3501685.0,3501685.0,3501685.0,0
20241028T,3517823.0,3517823.0,3517823.0,3517823.0,0
20241029T,3513871.0,3513871.0,3513871.0,3513871.0,0
20241030T,3537886.0,3537886.0,3537886.0,3537886.0,0
20241031T,3425080.0,3425080.0,3425080.0,3425080.0,0
20241104T,3857181.0,3857181.0,3857181.0,3857181.0,0
20241105T,3856567.0,3856567.0,3856567.0,3856567.0,0
20241106T,3852011.0,3852011.0,3852011.0,3852011.0,0
20241107T,3830113.0,3830113.0,3830113.0,3830113.0,0
20241108T,3822775.0,3822775.0,3822775.0,3822775.0,0
20241111T,3810116.0,3810116.0,3810116.0,3810116.0,0
20241112T,3785976.0,3785976.0,3785976.0,3785976.0,0
20241113T,3793107.0,3793107.0,3793107.0,3793107.0,0
20241114T,3792092.0,3792092.0,3792092.0,3792092.0,0
20241118T,3795166.0,3795166.0,3795166.0,3795166.0,0
20241119T,3784309.0,3784309.0,3784309.0,3784309.0,0
20241121T,3769831.0,3769831.0,3769831.0,3769831.0,0
20241122T,3785943.0,3785943.0,3785943.0,3785943.0,0
20241125T,3781707.0,3781707.0,3781707.0,3781707.0,0
20241126T,3789283.0,3789283.0,3789283.0,3789283.0,0
20241127T,3812836.0,3812836.0,3812836.0,3812836.0,0
20241128T,3804907.0,3804907.0,3804907.0,3804907.0,0
20241129T,3876030.0,3876030.0,3876030.0,3876030.0,0
20241202T,3913065.0,3913065.0,3913065.0,3913065.0,0
20241203T,3895445.0,3895445.0,3895445.0,3895445.0,0
20241204T,3856982.0,3856982.0,3856982.0,3856982.0,0
20241205T,3843948.0,3843948.0,3843948.0,3843948.0,0
20241206T,3875716.0,3875716.0,3875716.0,3875716.0,0
20241209T,3870756.0,3870756.0,3870756.0,3870756.0,0
20241210T,3873717.0,3873717.0,3873717.0,3873717.0,0
20241211T,3880497.0,3880497.0,3880497.0,3880497.0,0
20241212T,3897145.0,3897145.0,3897145.0,3897145.0,0
20241213T,3916388.0,3916388.0,3916388.0,3916388.0,0
20241216T,3925273.0,3925273.0,3925273.0,3925273.0,0
20241217T,3948755.0,3948755.0,3948755.0,3948755.0,0
20241218T,3960564.0,3960564.0,3960564.0,3960564.0,0
20241219T,3982935.0,3982935.0,3982935.0,3982935.0,0
20241220T,4002110.0,4002110.0,4002110.0,4002110.0,0
20241223T,4006159.0,4006159.0,4006159.0,4006159.0,0
20241224T,4022478.0,4022478.0,4022478.0,4022478.0,0
20241226T,3936847.0,3936847.0,3936847.0,3936847.0,0
20241227T,3961889.0,3961889.0,3961889.0,3961889.0,0
20241230T,3998595.0,3998595.0,3998595.0,3998595.0,0
20241231T,4021545.0,4021545.0,4021545.0,4021545.0,0
20250101T,4015584.0,4015584.0,4015584.0,4015584.0,0
20250102T,4016210.0,4016210.0,4016210.0,4016210.0,0
20250103T,4015793.0,4015793.0,4015793.0,4015793.0,0
20250106T,3994640.0,3994640.0,3994640.0,3994640.0,0
20250107T,3993786.0,3993786.0,3993786.0,3993786.0,0
20250108T,4004616.0,4004616.0,4004616.0,4004616.0,0
20250109T,4021971.0,4021971.0,4021971.0,4021971.0,0
20250110T,4020241.0,4020241.0,4020241.0,4020241.0,0
20250113T,4048054.0,4048054.0,4048054.0,4048054.0,0
20250114T,4101120.0,4101120.0,4101120.0,4101120.0,0
20250115T,4092156.0,4092156.0,4092156.0,4092156.0,0
20250116T,4081482.0,4081482.0,4081482.0,4081482.0,0
20250117T,4073134.0,4073134.0,4073134.0,4073134.0,0
20250120T,4004567.0,4004567.0,4004567.0,4004567.0,0
20250121T,4100880.0,4100880.0,4100880.0,4100880.0,0
20250122T,4116482.0,4116482.0,4116482.0,4116482.0,0
20250123T,4161728.0,4161728.0,4161728.0,4161728.0,0
20250124T,4175447.0,4175447.0,4175447.0,4175447.0,0
20250127T,4168096.0,4168096.0,4168096.0,4168096.0,0
20250128T,4174243.0,4174243.0,4174243.0,4174243.0,0
20250129T,4162113.0,4162113.0,4162113.0,4162113.0,0
20250130T,4005566.0,4005566.0,4005566.0,4005566.0,0
20250131T,4031547.0,4031547.0,4031547.0,4031547.0,0
20250203T,4038400.0,4038400.0,4038400.0,4038400.0,0
20250204T,4024616.0,4024616.0,4024616.0,4024616.0,0
20250205T,4028023.0,4028023.0,4028023.0,4028023.0,0
20250206T,4045352.0,4045352.0,4045352.0,4045352.0,0
20250207T,4057831.0,4057831.0,4057831.0,4057831.0,0
20250210T,4085235.0,4085235.0,4085235.0,4085235.0,0
20250211T,4119358.0,4119358.0,4119358.0,4119358.0,0
20250212T,4171479.0,4171479.0,4171479.0,4171479.0,0
20250213T,4174346.0,4174346.0,4174346.0,4174346.0,0
20250214T,4193471.0,4193471.0,4193471.0,4193471.0,0
20250217T,4244655.0,4244655.0,4244655.0,4244655.0,0
20250218T,4230890.0,4230890.0,4230890.0,4230890.0,0
20250219T,4249252.0,4249252.0,4249252.0,4249252.0,0
20250220T,4249869.0,4249869.0,4249869.0,4249869.0,0
20250221T,4244883.0,4244883.0,4244883.0,4244883.0,0
20250224T,4282387.0,4282387.0,4282387.0,4282387.0,0
20250225T,4277499.0,4277499.0,4277499.0,4277499.0,0
20250227T,4113598.0,4113598.0,4113598.0,4113598.0,0
20250228T,4195062.0,4195062.0,4195062.0,4195062.0,0
20250303T,4231662.0,4231662.0,4231662.0,4231662.0,0
20250304T,4234839.0,4234839.0,4234839.0,4234839.0,0
20250305T,4237113.0,4237113.0,4237113.0,4237113.0,0
20250306T,4202795.0,4202795.0,4202795.0,4202795.0,0
20250307T,4188027.0,4188027.0,4188027.0,4188027.0,0
20250310T,4154517.0,4154517.0,4154517.0,4154517.0,0
20250311T,4168162.0,4168162.0,4168162.0,4168162.0,0
20250312T,4147923.0,4147923.0,4147923.0,4147923.0,0
20250313T,4130985.0,4130985.0,4130985.0,4130985.0,0
20250317T,4170703.0,4170703.0,4170703.0,4170703.0,0
20250318T,4165414.0,4165414.0,4165414.0,4165414.0,0
20250319T,4139933.0,4139933.0,4139933.0,4139933.0,0
20250320T,4086698.0,4086698.0,4086698.0,4086698.0,0
20250321T,4071867.0,4071867.0,4071867.0,4071867.0,0
20250324T,4055382.0,4055382.0,4055382.0,4055382.0,0
20250325T,4031619.0,4031619.0,4031619.0,4031619.0,0
20250326T,4049334.0,4049334.0,4049334.0,4049334.0,0
20250327T,3940939.0,3940939.0,3940939.0,3940939.0,0
20250328T,3959119.0,3959119.0,3959119.0,3959119.0,0
20250401T,4010110.0,4010110.0,4010110.0,4010110.0,0
20250402T,4036122.0,4036122.0,4036122.0,4036122.0,0
20250403T,4042907.0,4042907.0,4042907.0,4042907.0,0
20250404T,4021448.0,4021448.0,4021448.0,4021448.0,0
20250407T,4076546.0,4076546.0,4076546.0,4076546.0,0
20250408T,4075748.0,4075748.0,4075748.0,4075748.0,0
20250409T,4079583.0,4079583.0,4079583.0,4079583.0,0
20250411T,4128865.0,4128865.0,4128865.0,4128865.0,0
20250415T,4098530.0,4098530.0,4098530.0,4098530.0,0
20250416T,4037246.0,4037246.0,4037246.0,4037246.0,0
20250417T,4007771.0,4007771.0,4007771.0,4007771.0,0
20250421T,3992597.0,3992597.0,3992597.0,3992597.0,0
20250422T,3982472.0,3982472.0,3982472.0,3982472.0,0
20250423T,3973239.0,3973239.0,3973239.0,3973239.0,0
20250424T,3829258.0,3829258.0,3829258.0,3829258.0,0
20250425T,3832817.0,3832817.0,3832817.0,3832817.0,0
20250428T,3876004.0,3876004.0,3876004.0,3876004.0,0
20250429T,3870820.0,3870820.0,3870820.0,3870820.0,0
20250430T,3885764.0,3885764.0,3885764.0,3885764.0,0
20250502T,3905341.0,3905341.0,3905341.0,3905341.0,0
20250505T,3941781.0,3941781.0,3941781.0,3941781.0,0
20250506T,3914875.0,3914875.0,3914875.0,3914875.0,0
20250507T,3963000.0,3963000.0,3963000.0,3963000.0,0
20250508T,3928661.0,3928661.0,3928661.0,3928661.0,0
20250509T,3966636.0,3966636.0,3966636.0,3966636.0,0
20250512T,3990311.0,3990311.0,3990311.0,3990311.0,0
20250513T,4016987.0,4016987.0,4016987.0,4016987.0,0
20250514T,4036915.0,4036915.0,4036915.0,4036915.0,0
20250515T,4041588.0,4041588.0,4041588.0,4041588.0,0
20250516T,4065895.0,4065895.0,4065895.0,4065895.0,0
20250519T,3997666.0,3997666.0,3997666.0,3997666.0,0
20250520T,4093011.0,4093011.0,4093011.0,4093011.0,0
20250521T,4098855.0,4098855.0,4098855.0,4098855.0,0
20250522T,4127418.0,4127418.0,4127418.0,4127418.0,0
20250523T,4140864.0,4140864.0,4140864.0,4140864.0,0
20250526T,4145379.0,4145379.0,4145379.0,4145379.0,0
20250527T,4190398.0,4190398.0,4190398.0,4190398.0,0
20250528T,4193047.0,4193047.0,4193047.0,4193047.0,0
20250529T,4084561.0,4084561.0,4084561.0,4084561.0,0
20250530T,4147159.0,4147159.0,4147159.0,4147159.0,0
20250602T,4180004.0,4180004.0,4180004.0,4180004.0,0
20250603T,4209450.0,4209450.0,4209450.0,4209450.0,0
20250604T,4240997.0,4240997.0,4240997.0,4240997.0,0
20250605T,4249621.0,4249621.0,4249621.0,4249621.0,0
20250606T,4263952.0,4263952.0,4263952.0,4263952.0,0
20250609T,4266718.0,4266718.0,4266718.0,4266718.0,0
20250610T,4243010.0,4243010.0,4243010.0,4243010.0,0
20250611T,4232139.0,4232139.0,4232139.0,4232139.0,0
20250612T,4217977.0,4217977.0,4217977.0,4217977.0,0
20250613T,4214077.0,4214077.0,4214077.0,4214077.0,0
20250616T,4242839.0,4242839.0,4242839.0,4242839.0,0
20250617T,4218769.0,4218769.0,4218769.0,4218769.0,0
20250618T,4232423.0,4232423.0,4232423.0,4232423.0,0
20250619T,4213740.0,4213740.0,4213740.0,4213740.0,0
20250620T,4201247.0,4201247.0,4201247.0,4201247.0,0
20250623T,4218231.0,4218231.0,4218231.0,4218231.0,0
20250624T,4204314.0,4204314.0,4204314.0,4204314.0,0
20250625T,4149629.0,4149629.0,4149629.0,4149629.0,0
20250626T,3934963.0,3934963.0,3934963.0,3934963.0,0
20250627T,3989483.0,3989483.0,3989483.0,3989483.0,0
20250630T,4003040.0,4003040.0,4003040.0,4003040.0,0
20250701T,4023863.0,4023863.0,4023863.0,4023863.0,0
20250702T,4036986.0,4036986.0,4036986.0,4036986.0,0
20250703T,4048355.0,4048355.0,4048355.0,4048355.0,0
20250704T,4062203.0,4062203.0,4062203.0,4062203.0,0
20250707T,4069666.0,4069666.0,4069666.0,4069666.0,0
20250708T,4087096.0,4087096.0,4087096.0,4087096.0,0
20250709T,4093606.0,4093606.0,4093606.0,4093606.0,0
20250710T,4082043.0,4082043.0,4082043.0,4082043.0,0
20250711T,4089237.0,4089237.0,4089237.0,4089237.0,0
20250714T,4119849.0,4119849.0,4119849.0,4119849.0,0
20250715T,4134516.0,4134516.0,4134516.0,4134516.0,0
20250716T,4129261.0,4129261.0,4129261.0,4129261.0,0
20250717T,4145910.0,4145910.0,4145910.0,4145910.0,0
20250718T,4169491.0,4169491.0,4169491.0,4169491.0,0
20250721T,4185557.0,4185557.0,4185557.0,4185557.0,0
20250722T,4180362.0,4180362.0,4180362.0,4180362.0,0
20250723T,4199042.0,4199042.0,4199042.0,4199042.0,0
20250724T,4194286.0,4194286.0,4194286.0,4194286.0,0
20250725T,4177036.0,4177036.0,4177036.0,4177036.0,0
20250728T,4219448.0,4219448.0,4219448.0,4219448.0,0
20250729T,4268535.0,4268535.0,4268535.0,4268535.0,0
20250730T,4235742.0,4235742.0,4235742.0,4235742.0,0
20250731T,4088400.0,4088400.0,4088400.0,4088400.0,0
20250801T,4070595.0,4070595.0,4070595.0,4070595.0,0
20250804T,4101490.0,4101490.0,4101490.0,4101490.0,0
20250805T,4088900.0,4088900.0,4088900.0,4088900.0,0
20250806T,4091303.0,4091303.0,4091303.0,4091303.0,0
20250807T,4137466.0,4137466.0,4137466.0,4137466.0,0
20250808T,4141371.0,4141371.0,4141371.0,4141371.0,0
20250811T,4161780.0,4161780.0,4161780.0,4161780.0,0
20250812T,4153113.0,4153113.0,4153113.0,4153113.0,0
20250813T,4192352.0,4192352.0,4192352.0,4192352.0,0
20250814T,4191769.0,4191769.0,4191769.0,4191769.0,0
20250818T,4224036.0,4224036.0,4224036.0,4224036.0,0
20250819T,4239748.0,4239748.0,4239748.0,4239748.0,0
20250820T,4234101.0,4234101.0,4234101.0,4234101.0,0
20250821T,4209068.0,4209068.0,4209068.0,4209068.0,0
20250822T,4182884.0,4182884.0,4182884.0,4182884.0,0
20250825T,4187175.0,4187175.0,4187175.0,4187175.0,0
20250826T,4224558.0,4224558.0,4224558.0,4224558.0,0
20250828T,4126575.0,4126575.0,4126575.0,4126575.0,0
20250829T,4185943.0,4185943.0,4185943.0,4185943.0,0
20250901T,4219457.0,4219457.0,4219457.0,4219457.0,0
20250902T,4212135.0,4212135.0,4212135.0,4212135.0,0
20250903T,4220715.0,4220715.0,4220715.0,4220715.0,0
20250904T,4197781.0,4197781.0,4197781.0,4197781.0,0
20250905T,4209326.0,4209326.0,4209326.0,4209326.0,0
20250908T,4232344.0,4232344.0,4232344.0,4232344.0,0
20250909T,4235877.0,4235877.0,4235877.0,4235877.0,0
20250910T,4249862.0,4249862.0,4249862.0,4249862.0,0
20250911T,4248290.0,4248290.0,4248290.0,4248290.0,0
20250912T,4246237.0,4246237.0,4246237.0,4246237.0,0
20250915T,4263774.0,4263774.0,4263774.0,4263774.0,0
20250916T,4260175.0,4260175.0,4260175.0,4260175.0,0
20250917T,4255042.0,4255042.0,4255042.0,4255042.0,0
20250918T,4256764.0,4256764.0,4256764.0,4256764.0,0
20250919T,4259402.0,4259402.0,4259402.0,4259402.0,0
20250922T,4262643.0,4262643.0,4262643.0,4262643.0,0
20250923T,4281903.0,4281903.0,4281903.0,4281903.0,0
20250924T,4280183.0,4280183.0,4280183.0,4280183.0,0
20250925T,4314499.0,4314499.0,4314499.0,4314499.0,0
20250926T,4320859.0,4320859.0,4320859.0,4320859.0,0
20250929T,4370163.0,4370163.0,4370163.0,4370163.0,0
20250930T,4336439.0,4336439.0,4336439.0,4336439.0,0
20251001T,4347017.0,4347017.0,4347017.0,4347017.0,0
20251003T,4350929.0,4350929.0,4350929.0,4350929.0,0
20251006T,4357897.0,4357897.0,4357897.0,4357897.0,0
20251007T,4360121.0,4360121.0,4360121.0,4360121.0,0
20251008T,4338757.0,4338757.0,4338757.0,4338757.0,0
20251009T,4361961.0,4361961.0,4361961.0,4361961.0,0
20251010T,4363652.0,4363652.0,4363652.0,4363652.0,0
20251013T,4316856.0,4316856.0,4316856.0,4316856.0,0
20251014T,4299694.0,4299694.0,4299694.0,4299694.0,0
20251015T,4319256.0,4319256.0,4319256.0,4319256.0,0
20251016T,4296969.0,4296969.0,4296969.0,4296969.0,0
20251017T,4267368.0,4267368.0,4267368.0,4267368.0,0
20251020T,4277330.0,4277330.0,4277330.0,4277330.0,0
20251023T,4299020.0,4299020.0,4299020.0,4299020.0,0
20251024T,4293879.0,4293879.0,4293879.0,4293879.0,0
20251027T,4319034.0,4319034.0,4319034.0,4319034.0,0
20251028T,4213327.0,4213327.0,4213327.0,4213327.0,0
20251029T,4554840.0,4554840.0,4554840.0,4554840.0,0
20251030T,4550857.0,4550857.0,4550857.0,4550857.0,0
20251031T,4605700.0,4605700.0,4605700.0,4605700.0,0
20251103T,4606278.0,4606278.0,4606278.0,4606278.0,0
20251104T,4576919.0,4576919.0,4576919.0,4576919.0,0
20251106T,4602829.0,4602829.0,4602829.0,4602829.0,0
20251107T,4623296.0,4623296.0,4623296.0,4623296.0,0
20251110T,4661672.0,4661672.0,4661672.0,4661672.0,0
20251111T,4677248.0,4677248.0,4677248.0,4677248.0,0
20251112T,4681045.0,4681045.0,4681045.0,4681045.0,0
20251113T,4661903.0,4661903.0,4661903.0,4661903.0,0
20251114T,4674539.0,4674539.0,4674539.0,4674539.0,0
20251117T,4677748.0,4677748.0,4677748.0,4677748.0,0
20251118T,4674304.0,4674304.0,4674304.0,4674304.0,0
20251119T,4664748.0,4664748.0,4664748.0,4664748.0,0
20251120T,4648909.0,4648909.0,4648909.0,4648909.0,0
20251121T,4653984.0,4653984.0,4653984.0,4653984.0,0
20251124T,4706040.0,4706040.0,4706040.0,4706040.0,0
20251125T,4593285.0,4593285.0,4593285.0,4593285.0,0
20251126T,4619187.0,4619187.0,4619187.0,4619187.0,0
20251127T,4621901.0,4621901.0,4621901.0,4621901.0,0
20251128T,4648267.0,4648267.0,4648267.0,4648267.0,0
20251201T,4608153.0,4608153.0,4608153.0,4608153.0,0
20251202T,4681914.0,4681914.0,4681914.0,4681914.0,0
20251203T,4694262.0,4694262.0,4694262.0,4694262.0,0
20251204T,4694282.0,4694282.0,4694282.0,4694282.0,0
20251205T,4717312.0,4717312.0,4717312.0,4717312.0,0
20251208T,4720771.0,4720771.0,4720771.0,4720771.0,0
20251209T,4753169.0,4753169.0,4753169.0,4753169.0,0
20251210T,4736616.0,4736616.0,4736616.0,4736616.0,0
20251211T,4759713.0,4759713.0,4759713.0,4759713.0,0
20251212T,4762076.0,4762076.0,4762076.0,4762076.0,0
20251215T,4761125.0,4761125.0,4761125.0,4761125.0,0
20251216T,4752558.0,4752558.0,4752558.0,4752558.0,0
20251217T,4747410.0,4747410.0,4747410.0,4747410.0,0
20251218T,4752763.0,4752763.0,4752763.0,4752763.0,0
20251219T,4789686.0,4789686.0,4789686.0,4789686.0,0
20251222T,4788760.0,4788760.0,4788760.0,4788760.0,0
20251223T,4792558.0,4792558.0,4792558.0,4792558.0,0
20251224T,4785422.0,4785422.0,4785422.0,4785422.0,0
20251226T,4803478.0,4803478.0,4803478.0,4803478.0,0
20251229T,4811013.0,4811013.0,4811013.0,4811013.0,0
20251230T,4744409.0,4744409.0,4744409.0,4744409.0,0
20251231T,4767701.0,4767701.0,4767701.0,4767701.0,0
20260101T,4781311.0,4781311.0,4781311.0,4781311.0,0
20260102T,4782243.0,4782243.0,4782243.0,4782243.0,0
20260105T,4741792.0,4741792.0,4741792.0,4741792.0,0
20260106T,4748743.0,4748743.0,4748743.0,4748743.0,0
20260107T,4757009.0,4757009.0,4757009.0,4757009.0,0
20260108T,4747809.0,4747809.0,4747809.0,4747809.0,0
20260109T,4771673.0,4771673.0,4771673.0,4771673.0,0
20260112T,4819092.0,4819092.0,4819092.0,4819092.0,0
20260113T,4808646.0,4808646.0,4808646.0,4808646.0,0
20260114T,4833812.0,4833812.0,4833812.0,4833812.0,0
20260116T,4858241.0,4858241.0,4858241.0,4858241.0,0
20260119T,4838104.0,4838104.0,4838104.0,4838104.0,0
20260120T,4799946.0,4799946.0,4799946.0,4799946.0,0
20260121T,4810118.0,4810118.0,4810118.0,4810118.0,0
20260122T,4813881.0,4813881.0,4813881.0,4813881.0,0
20260123T,4789894.0,4789894.0,4789894.0,4789894.0,0
20260127T,4686662.0,4686662.0,4686662.0,4686662.0,0
20260128T,4668799.0,4668799.0,4668799.0,4668799.0,0
20260129T,4654516.0,4654516.0,4654516.0,4654516.0,0
20260130T,4604291.0,4604291.0,4604291.0,4604291.0,0
20260201T,4548914.0,4548914.0,4548914.0,4548914.0,0
20260202T,4556046.0,4556046.0,4556046.0,4556046.0,0
