20120106T,345590.0,345590.0,345590.0,345590.0,0
20120109T,344876.0,344876.0,344876.0,344876.0,0
20120110T,355335.0,355335.0,355335.0,355335.0,0
20120111T,360428.0,360428.0,360428.0,360428.0,0
20120112T,363076.0,363076.0,363076.0,363076.0,0
20120113T,377022.0,377022.0,377022.0,377022.0,0
20120116T,380517.0,380517.0,380517.0,380517.0,0
20120117T,385526.0,385526.0,385526.0,385526.0,0
20120118T,390528.0,390528.0,390528.0,390528.0,0
20120119T,402643.0,402643.0,402643.0,402643.0,0
20120120T,429620.0,429620.0,429620.0,429620.0,0
20120123T,441303.0,441303.0,441303.0,441303.0,0
20120124T,439822.0,439822.0,439822.0,439822.0,0
20120125T,340122.0,340122.0,340122.0,340122.0,0
20120127T,351480.0,351480.0,351480.0,351480.0,0
20120130T,355058.0,355058.0,355058.0,355058.0,0
20120131T,357301.0,357301.0,357301.0,357301.0,0
20120201T,353458.0,353458.0,353458.0,353458.0,0
20120202T,362132.0,362132.0,362132.0,362132.0,0
20120203T,370999.0,370999.0,370999.0,370999.0,0
20120206T,374388.0,374388.0,374388.0,374388.0,0
20120207T,381352.0,381352.0,381352.0,381352.0,0
20120208T,380239.0,380239.0,380239.0,380239.0,0
20120209T,386924.0,386924.0,386924.0,386924.0,0
20120210T,383741.0,383741.0,383741.0,383741.0,0
20120213T,384278.0,384278.0,384278.0,384278.0,0
20120214T,382519.0,382519.0,382519.0,382519.0,0
20120215T,383281.0,383281.0,383281.0,383281.0,0
20120216T,371558.0,371558.0,371558.0,371558.0,0
20120217T,369714.0,369714.0,369714.0,369714.0,0
20120221T,378240.0,378240.0,378240.0,378240.0,0
20120222T,364277.0,364277.0,364277.0,364277.0,0
20120223T,248963.0,248963.0,248963.0,248963.0,0
20120224T,245561.0,245561.0,245561.0,245561.0,0
20120227T,244309.0,244309.0,244309.0,244309.0,0
20120228T,247753.0,247753.0,247753.0,247753.0,0
20120229T,246503.0,246503.0,246503.0,246503.0,0
20120301T,247722.0,247722.0,247722.0,247722.0,0
20120302T,243784.0,243784.0,243784.0,243784.0,0
20120305T,243636.0,243636.0,243636.0,243636.0,0
20120306T,247284.0,247284.0,247284.0,247284.0,0
20120307T,249141.0,249141.0,249141.0,249141.0,0
20120309T,253751.0,253751.0,253751.0,253751.0,0
20120312T,256102.0,256102.0,256102.0,256102.0,0
20120313T,263729.0,263729.0,263729.0,263729.0,0
20120314T,268409.0,268409.0,268409.0,268409.0,0
20120315T,272092.0,272092.0,272092.0,272092.0,0
20120316T,274022.0,274022.0,274022.0,274022.0,0
20120319T,271708.0,271708.0,271708.0,271708.0,0
20120320T,273947.0,273947.0,273947.0,273947.0,0
20120321T,278997.0,278997.0,278997.0,278997.0,0
20120322T,278886.0,278886.0,278886.0,278886.0,0
20120323T,285222.0,285222.0,285222.0,285222.0,0
20120326T,286980.0,286980.0,286980.0,286980.0,0
20120327T,284665.0,284665.0,284665.0,284665.0,0
20120328T,290732.7077,290732.7077,290732.7077,290732.7077,0
20120329T,173114.0,173114.0,173114.0,173114.0,0
20120330T,180601.0,180601.0,180601.0,180601.0,0
20120402T,181194.0,181194.0,181194.0,181194.0,0
20120403T,188998.0,188998.0,188998.0,188998.0,0
20120404T,189711.0,189711.0,189711.0,189711.0,0
20120409T,189178.0,189178.0,189178.0,189178.0,0
20120410T,190731.0,190731.0,190731.0,190731.0,0
20120411T,196521.0,196521.0,196521.0,196521.0,0
20120412T,199590.0,199590.0,199590.0,199590.0,0
20120413T,202259.0,202259.0,202259.0,202259.0,0
20120416T,203213.0,203213.0,203213.0,203213.0,0
20120417T,207338.0,207338.0,207338.0,207338.0,0
20120418T,204337.0,204337.0,204337.0,204337.0,0
20120419T,200521.0,200521.0,200521.0,200521.0,0
20120420T,198102.0,198102.0,198102.0,198102.0,0
20120423T,203026.0,203026.0,203026.0,203026.0,0
20120424T,208819.0,208819.0,208819.0,208819.0,0
20120425T,216358.0,216358.0,216358.0,216358.0,0
20120426T,159814.0,159814.0,159814.0,159814.0,0
20120427T,175774.0,175774.0,175774.0,175774.0,0
20120430T,177922.0,177922.0,177922.0,177922.0,0
20120502T,178372.0,178372.0,178372.0,178372.0,0
20120503T,178576.0,178576.0,178576.0,178576.0,0
20120504T,179236.0,179236.0,179236.0,179236.0,0
20120507T,178084.0,178084.0,178084.0,178084.0,0
20120508T,182246.0,182246.0,182246.0,182246.0,0
20120509T,181869.0,181869.0,181869.0,181869.0,0
20120510T,190200.0,190200.0,190200.0,190200.0,0
20120511T,192935.0,192935.0,192935.0,192935.0,0
20120514T,202357.0,202357.0,202357.0,202357.0,0
20120515T,205309.0,205309.0,205309.0,205309.0,0
20120516T,215622.0,215622.0,215622.0,215622.0,0
20120517T,225747.0,225747.0,225747.0,225747.0,0
20120518T,237378.0,237378.0,237378.0,237378.0,0
20120521T,241576.0,241576.0,241576.0,241576.0,0
20120522T,250226.0,250226.0,250226.0,250226.0,0
20120523T,258084.0,258084.0,258084.0,258084.0,0
20120524T,276422.0,276422.0,276422.0,276422.0,0
20120525T,285415.0,285415.0,285415.0,285415.0,0
20120528T,293775.0,293775.0,293775.0,293775.0,0
20120529T,311505.0,311505.0,311505.0,311505.0,0
20120530T,322681.0,322681.0,322681.0,322681.0,0
20120531T,234216.0,234216.0,234216.0,234216.0,0
20120601T,244223.0,244223.0,244223.0,244223.0,0
20120604T,248945.0,248945.0,248945.0,248945.0,0
20120605T,261298.0,261298.0,261298.0,261298.0,0
20120606T,285181.0,285181.0,285181.0,285181.0,0
20120607T,303429.0,303429.0,303429.0,303429.0,0
20120608T,311638.0,311638.0,311638.0,311638.0,0
20120611T,313737.0,313737.0,313737.0,313737.0,0
20120612T,309160.0,309160.0,309160.0,309160.0,0
20120613T,307532.0,307532.0,307532.0,307532.0,0
20120614T,302126.0,302126.0,302126.0,302126.0,0
20120615T,306255.0,306255.0,306255.0,306255.0,0
20120618T,299513.0,299513.0,299513.0,299513.0,0
20120619T,307787.0,307787.0,307787.0,307787.0,0
20120620T,312677.0,312677.0,312677.0,312677.0,0
20120621T,316089.0,316089.0,316089.0,316089.0,0
20120622T,311821.0,311821.0,311821.0,311821.0,0
20120625T,310653.0,310653.0,310653.0,310653.0,0
20120626T,321733.0,321733.0,321733.0,321733.0,0
20120627T,318261.0,318261.0,318261.0,318261.0,0
20120628T,236097.0,236097.0,236097.0,236097.0,0
20120629T,238104.0,238104.0,238104.0,238104.0,0
20120702T,246319.0,246319.0,246319.0,246319.0,0
20120703T,247671.0,247671.0,247671.0,247671.0,0
20120704T,253319.0,253319.0,253319.0,253319.0,0
20120705T,255290.0,255290.0,255290.0,255290.0,0
20120706T,258649.0,258649.0,258649.0,258649.0,0
20120709T,259119.0,259119.0,259119.0,259119.0,0
20120710T,266771.0,266771.0,266771.0,266771.0,0
20120711T,265092.0,265092.0,265092.0,265092.0,0
20120712T,259039.0,259039.0,259039.0,259039.0,0
20120713T,260903.0,260903.0,260903.0,260903.0,0
20120716T,261808.0,261808.0,261808.0,261808.0,0
20120717T,259259.0,259259.0,259259.0,259259.0,0
20120718T,259676.0,259676.0,259676.0,259676.0,0
20120719T,271698.0,271698.0,271698.0,271698.0,0
20120720T,270474.0,270474.0,270474.0,270474.0,0
20120723T,274516.0,274516.0,274516.0,274516.0,0
20120724T,288230.0,288230.0,288230.0,288230.0,0
20120725T,288947.0,288947.0,288947.0,288947.0,0
20120726T,228839.0,228839.0,228839.0,228839.0,0
20120727T,232993.0,232993.0,232993.0,232993.0,0
20120730T,245207.0,245207.0,245207.0,245207.0,0
20120731T,251970.0,251970.0,251970.0,251970.0,0
20120801T,256837.0,256837.0,256837.0,256837.0,0
20120802T,255555.0,255555.0,255555.0,255555.0,0
20120803T,254580.0,254580.0,254580.0,254580.0,0
20120806T,266775.0,266775.0,266775.0,266775.0,0
20120807T,279014.0,279014.0,279014.0,279014.0,0
20120808T,282040.0,282040.0,282040.0,282040.0,0
20120809T,278387.0,278387.0,278387.0,278387.0,0
20120810T,272771.0,272771.0,272771.0,272771.0,0
20120813T,267561.0,267561.0,267561.0,267561.0,0
20120814T,264609.0,264609.0,264609.0,264609.0,0
20120816T,257156.0,257156.0,257156.0,257156.0,0
20120817T,255462.0,255462.0,255462.0,255462.0,0
20120821T,260482.0,260482.0,260482.0,260482.0,0
20120822T,263489.0,263489.0,263489.0,263489.0,0
20120823T,269055.0,269055.0,269055.0,269055.0,0
20120824T,266846.0,266846.0,266846.0,266846.0,0
20120827T,272685.0,272685.0,272685.0,272685.0,0
20120828T,271829.0,271829.0,271829.0,271829.0,0
20120829T,266431.0,266431.0,266431.0,266431.0,0
20120830T,198963.0,198963.0,198963.0,198963.0,0
20120831T,201827.0,201827.0,201827.0,201827.0,0
20120903T,201846.0,201846.0,201846.0,201846.0,0
20120904T,198834.0,198834.0,198834.0,198834.0,0
20120905T,194022.0,194022.0,194022.0,194022.0,0
20120906T,198964.0,198964.0,198964.0,198964.0,0
20120907T,209430.0,209430.0,209430.0,209430.0,0
20120910T,207309.0,207309.0,207309.0,207309.0,0
20120911T,212886.0,212886.0,212886.0,212886.0,0
20120912T,219017.0,219017.0,219017.0,219017.0,0
20120913T,220966.0,220966.0,220966.0,220966.0,0
20120914T,238864.0,238864.0,238864.0,238864.0,0
20120917T,255767.0,255767.0,255767.0,255767.0,0
20120918T,257861.0,257861.0,257861.0,257861.0,0
20120920T,253790.0,253790.0,253790.0,253790.0,0
20120921T,260713.0,260713.0,260713.0,260713.0,0
20120924T,267636.0,267636.0,267636.0,267636.0,0
20120925T,278801.0,278801.0,278801.0,278801.0,0
20120926T,279267.0,279267.0,279267.0,279267.0,0
20120927T,194707.0,194707.0,194707.0,194707.0,0
20120928T,205146.0,205146.0,205146.0,205146.0,0
20121001T,205108.0,205108.0,205108.0,205108.0,0
20121003T,207003.0,207003.0,207003.0,207003.0,0
20121004T,208246.0,208246.0,208246.0,208246.0,0
20121005T,204141.0,204141.0,204141.0,204141.0,0
20121008T,197127.0,197127.0,197127.0,197127.0,0
20121009T,195185.0,195185.0,195185.0,195185.0,0
20121010T,190052.0,190052.0,190052.0,190052.0,0
20121011T,195469.0,195469.0,195469.0,195469.0,0
20121012T,192457.0,192457.0,192457.0,192457.0,0
20121015T,194843.0,194843.0,194843.0,194843.0,0
20121016T,191667.0,191667.0,191667.0,191667.0,0
20121017T,194580.0,194580.0,194580.0,194580.0,0
20121018T,206995.0,206995.0,206995.0,206995.0,0
20121019T,208644.0,208644.0,208644.0,208644.0,0
20121022T,229071.0,229071.0,229071.0,229071.0,0
20121023T,245443.0,245443.0,245443.0,245443.0,0
20121025T,186903.0,186903.0,186903.0,186903.0,0
20121026T,198503.0,198503.0,198503.0,198503.0,0
20121029T,198676.0,198676.0,198676.0,198676.0,0
20121030T,200296.0,200296.0,200296.0,200296.0,0
20121031T,204442.0,204442.0,204442.0,204442.0,0
20121101T,210266.0,210266.0,210266.0,210266.0,0
20121102T,213079.0,213079.0,213079.0,213079.0,0
20121105T,213686.0,213686.0,213686.0,213686.0,0
20121106T,217888.0,217888.0,217888.0,217888.0,0
20121107T,225182.0,225182.0,225182.0,225182.0,0
20121108T,221279.0,221279.0,221279.0,221279.0,0
20121109T,218646.0,218646.0,218646.0,218646.0,0
20121112T,220240.0,220240.0,220240.0,220240.0,0
20121113T,220109.0,220109.0,220109.0,220109.0,0
20121115T,216869.0,216869.0,216869.0,216869.0,0
20121116T,221288.0,221288.0,221288.0,221288.0,0
20121119T,225280.0,225280.0,225280.0,225280.0,0
20121120T,231386.0,231386.0,231386.0,231386.0,0
20121121T,241139.0,241139.0,241139.0,241139.0,0
20121122T,243794.0,243794.0,243794.0,243794.0,0
20121123T,253600.0,253600.0,253600.0,253600.0,0
20121126T,268285.0,268285.0,268285.0,268285.0,0
20121127T,287066.0,287066.0,287066.0,287066.0,0
20121129T,205948.0,205948.0,205948.0,205948.0,0
20121130T,212815.0,212815.0,212815.0,212815.0,0
20121203T,211355.0,211355.0,211355.0,211355.0,0
20121204T,214439.0,214439.0,214439.0,214439.0,0
20121205T,221549.0,221549.0,221549.0,221549.0,0
20121206T,222213.0,222213.0,222213.0,222213.0,0
20121207T,218367.0,218367.0,218367.0,218367.0,0
20121210T,217001.0,217001.0,217001.0,217001.0,0
20121211T,215457.0,215457.0,215457.0,215457.0,0
20121212T,217943.0,217943.0,217943.0,217943.0,0
20121213T,215256.0,215256.0,215256.0,215256.0,0
20121214T,218223.0,218223.0,218223.0,218223.0,0
20121217T,217321.0,217321.0,217321.0,217321.0,0
20121218T,227314.0,227314.0,227314.0,227314.0,0
20121219T,241707.0,241707.0,241707.0,241707.0,0
20121220T,249957.0,249957.0,249957.0,249957.0,0
20121221T,253773.0,253773.0,253773.0,253773.0,0
20121224T,255283.0,255283.0,255283.0,255283.0,0
20121226T,256237.0,256237.0,256237.0,256237.0,0
20121227T,151545.0,151545.0,151545.0,151545.0,0
20121228T,153135.0,153135.0,153135.0,153135.0,0
20121231T,151066.0,151066.0,151066.0,151066.0,0
20130101T,151214.0,151214.0,151214.0,151214.0,0
20130102T,154405.0,154405.0,154405.0,154405.0,0
20130103T,159208.0,159208.0,159208.0,159208.0,0
20130104T,162040.0,162040.0,162040.0,162040.0,0
20130107T,162342.0,162342.0,162342.0,162342.0,0
20130108T,162265.0,162265.0,162265.0,162265.0,0
20130109T,162948.0,162948.0,162948.0,162948.0,0
20130110T,161190.0,161190.0,161190.0,161190.0,0
20130111T,162699.0,162699.0,162699.0,162699.0,0
20130114T,168334.0,168334.0,168334.0,168334.0,0
20130115T,171483.0,171483.0,171483.0,171483.0,0
20130116T,174315.0,174315.0,174315.0,174315.0,0
20130117T,184206.0,184206.0,184206.0,184206.0,0
20130118T,189117.0,189117.0,189117.0,189117.0,0
20130121T,199390.0,199390.0,199390.0,199390.0,0
20130122T,202549.0,202549.0,202549.0,202549.0,0
20130123T,203182.0,203182.0,203182.0,203182.0,0
20130124T,204946.0,204946.0,204946.0,204946.0,0
20130125T,208433.0,208433.0,208433.0,208433.0,0
20130128T,221996.0,221996.0,221996.0,221996.0,0
20130129T,247705.0,247705.0,247705.0,247705.0,0
20130130T,258608.0,258608.0,258608.0,258608.0,0
20130131T,189685.0,189685.0,189685.0,189685.0,0
20130201T,193075.0,193075.0,193075.0,193075.0,0
20130204T,201351.0,201351.0,201351.0,201351.0,0
20130205T,207597.0,207597.0,207597.0,207597.0,0
20130206T,219043.0,219043.0,219043.0,219043.0,0
20130207T,224652.0,224652.0,224652.0,224652.0,0
20130208T,228880.0,228880.0,228880.0,228880.0,0
20130211T,230931.0,230931.0,230931.0,230931.0,0
20130212T,232028.0,232028.0,232028.0,232028.0,0
20130213T,243524.0,243524.0,243524.0,243524.0,0
20130214T,243771.0,243771.0,243771.0,243771.0,0
20130215T,249537.0,249537.0,249537.0,249537.0,0
20130218T,253524.0,253524.0,253524.0,253524.0,0
20130219T,262942.0,262942.0,262942.0,262942.0,0
20130220T,270479.0,270479.0,270479.0,270479.0,0
20130221T,276116.0,276116.0,276116.0,276116.0,0
20130222T,285433.0,285433.0,285433.0,285433.0,0
20130225T,293364.0,293364.0,293364.0,293364.0,0
20130226T,309105.0,309105.0,309105.0,309105.0,0
20130227T,336129.0,336129.0,336129.0,336129.0,0
20130228T,195152.0,195152.0,195152.0,195152.0,0
20130301T,210245.0,210245.0,210245.0,210245.0,0
20130304T,224991.0,224991.0,224991.0,224991.0,0
20130305T,237475.0,237475.0,237475.0,237475.0,0
20130306T,249433.0,249433.0,249433.0,249433.0,0
20130307T,254990.0,254990.0,254990.0,254990.0,0
20130308T,265428.0,265428.0,265428.0,265428.0,0
20130311T,272345.0,272345.0,272345.0,272345.0,0
20130312T,277234.0,277234.0,277234.0,277234.0,0
20130313T,280326.0,280326.0,280326.0,280326.0,0
20130314T,282925.0,282925.0,282925.0,282925.0,0
20130315T,279823.0,279823.0,279823.0,279823.0,0
20130318T,279168.0,279168.0,279168.0,279168.0,0
20130319T,280908.0,280908.0,280908.0,280908.0,0
20130320T,284975.0,284975.0,284975.0,284975.0,0
20130321T,295056.0,295056.0,295056.0,295056.0,0
20130322T,298336.0,298336.0,298336.0,298336.0,0
20130325T,305219.0,305219.0,305219.0,305219.0,0
20130326T,317477.0,317477.0,317477.0,317477.0,0
20130328T,217753.0,217753.0,217753.0,217753.0,0
20130401T,222170.0,222170.0,222170.0,222170.0,0
20130402T,229909.0,229909.0,229909.0,229909.0,0
20130403T,240658.0,240658.0,240658.0,240658.0,0
20130404T,244379.0,244379.0,244379.0,244379.0,0
20130405T,249446.0,249446.0,249446.0,249446.0,0
20130408T,250618.0,250618.0,250618.0,250618.0,0
20130409T,267788.0,267788.0,267788.0,267788.0,0
20130410T,279091.0,279091.0,279091.0,279091.0,0
20130411T,305018.0,305018.0,305018.0,305018.0,0
20130412T,312112.0,312112.0,312112.0,312112.0,0
20130415T,318537.0,318537.0,318537.0,318537.0,0
20130416T,324878.0,324878.0,324878.0,324878.0,0
20130417T,326583.0,326583.0,326583.0,326583.0,0
20130418T,323432.0,323432.0,323432.0,323432.0,0
20130422T,334935.0,334935.0,334935.0,334935.0,0
20130423T,324668.0,324668.0,324668.0,324668.0,0
20130425T,236779.0,236779.0,236779.0,236779.0,0
20130426T,238479.0,238479.0,238479.0,238479.0,0
20130429T,240025.0,240025.0,240025.0,240025.0,0
20130430T,243295.0,243295.0,243295.0,243295.0,0
20130502T,242249.0,242249.0,242249.0,242249.0,0
20130503T,233283.0,233283.0,233283.0,233283.0,0
20130506T,235010.0,235010.0,235010.0,235010.0,0
20130507T,232805.0,232805.0,232805.0,232805.0,0
20130508T,232509.0,232509.0,232509.0,232509.0,0
20130509T,233061.0,233061.0,233061.0,233061.0,0
20130510T,237860.0,237860.0,237860.0,237860.0,0
20130513T,235151.0,235151.0,235151.0,235151.0,0
20130514T,242094.0,242094.0,242094.0,242094.0,0
20130515T,250219.0,250219.0,250219.0,250219.0,0
20130516T,252784.0,252784.0,252784.0,252784.0,0
20130517T,253585.0,253585.0,253585.0,253585.0,0
20130520T,249173.0,249173.0,249173.0,249173.0,0
20130521T,245953.0,245953.0,245953.0,245953.0,0
20130522T,244926.0,244926.0,244926.0,244926.0,0
20130523T,251048.0,251048.0,251048.0,251048.0,0
20130524T,246346.0,246346.0,246346.0,246346.0,0
20130527T,279126.0,279126.0,279126.0,279126.0,0
20130528T,312185.0,312185.0,312185.0,312185.0,0
20130529T,338324.0,338324.0,338324.0,338324.0,0
20130530T,284408.0,284408.0,284408.0,284408.0,0
20130531T,297612.0,297612.0,297612.0,297612.0,0
20130603T,306790.0,306790.0,306790.0,306790.0,0
20130604T,307708.0,307708.0,307708.0,307708.0,0
20130605T,307781.0,307781.0,307781.0,307781.0,0
20130606T,308477.0,308477.0,308477.0,308477.0,0
20130607T,312418.0,312418.0,312418.0,312418.0,0
20130610T,318141.0,318141.0,318141.0,318141.0,0
20130611T,320057.0,320057.0,320057.0,320057.0,0
20130612T,325128.0,325128.0,325128.0,325128.0,0
20130613T,329956.0,329956.0,329956.0,329956.0,0
20130614T,333938.0,333938.0,333938.0,333938.0,0
20130617T,339476.0,339476.0,339476.0,339476.0,0
20130618T,345408.0,345408.0,345408.0,345408.0,0
20130619T,356943.0,356943.0,356943.0,356943.0,0
20130620T,372227.0,372227.0,372227.0,372227.0,0
20130621T,388342.0,388342.0,388342.0,388342.0,0
20130624T,411583.0,411583.0,411583.0,411583.0,0
20130625T,435558.0,435558.0,435558.0,435558.0,0
20130626T,463820.0,463820.0,463820.0,463820.0,0
20130627T,267251.0,267251.0,267251.0,267251.0,0
20130628T,283725.0,283725.0,283725.0,283725.0,0
20130701T,289714.0,289714.0,289714.0,289714.0,0
20130702T,299637.0,299637.0,299637.0,299637.0,0
20130703T,310005.0,310005.0,310005.0,310005.0,0
20130704T,321171.0,321171.0,321171.0,321171.0,0
20130705T,330294.0,330294.0,330294.0,330294.0,0
20130708T,335185.0,335185.0,335185.0,335185.0,0
20130709T,335271.0,335271.0,335271.0,335271.0,0
20130710T,339794.0,339794.0,339794.0,339794.0,0
20130711T,340604.0,340604.0,340604.0,340604.0,0
20130712T,359511.0,359511.0,359511.0,359511.0,0
20130715T,364018.0,364018.0,364018.0,364018.0,0
20130716T,362214.0,362214.0,362214.0,362214.0,0
20130717T,364598.0,364598.0,364598.0,364598.0,0
20130718T,373492.0,373492.0,373492.0,373492.0,0
20130719T,368501.0,368501.0,368501.0,368501.0,0
20130722T,375408.0,375408.0,375408.0,375408.0,0
20130723T,381895.0,381895.0,381895.0,381895.0,0
20130724T,382356.0,382356.0,382356.0,382356.0,0
20130725T,288030.0,288030.0,288030.0,288030.0,0
20130726T,295395.0,295395.0,295395.0,295395.0,0
20130729T,296927.0,296927.0,296927.0,296927.0,0
20130730T,304557.0,304557.0,304557.0,304557.0,0
20130731T,325370.0,325370.0,325370.0,325370.0,0
20130801T,340387.0,340387.0,340387.0,340387.0,0
20130802T,355998.0,355998.0,355998.0,355998.0,0
20130805T,361381.0,361381.0,361381.0,361381.0,0
20130806T,370331.0,370331.0,370331.0,370331.0,0
20130807T,381035.0,381035.0,381035.0,381035.0,0
20130808T,380406.0,380406.0,380406.0,380406.0,0
20130812T,384538.0,384538.0,384538.0,384538.0,0
20130813T,387967.0,387967.0,387967.0,387967.0,0
20130814T,402605.0,402605.0,402605.0,402605.0,0
20130816T,430790.0,430790.0,430790.0,430790.0,0
20130819T,447376.0,447376.0,447376.0,447376.0,0
20130820T,458204.0,458204.0,458204.0,458204.0,0
20130821T,489365.0,489365.0,489365.0,489365.0,0
20130822T,0.0,0.0,0.0,0.0,0
20130823T,526140.0,526140.0,526140.0,526140.0,0
20130826T,540420.0,540420.0,540420.0,540420.0,0
20130827T,566363.0,566363.0,566363.0,566363.0,0
20130828T,611358.0,611358.0,611358.0,611358.0,0
20130829T,400352.0,400352.0,400352.0,400352.0,0
20130830T,438158.0,438158.0,438158.0,438158.0,0
20130902T,455283.0,455283.0,455283.0,455283.0,0
20130903T,472391.0,472391.0,472391.0,472391.0,0
20130904T,488007.0,488007.0,488007.0,488007.0,0
20130905T,487744.0,487744.0,487744.0,487744.0,0
20130906T,505532.0,505532.0,505532.0,505532.0,0
20130910T,502879.0,502879.0,502879.0,502879.0,0
20130911T,492986.0,492986.0,492986.0,492986.0,0
20130912T,490104.0,490104.0,490104.0,490104.0,0
20130913T,489688.0,489688.0,489688.0,489688.0,0
20130916T,481285.0,481285.0,481285.0,481285.0,0
20130917T,473939.0,473939.0,473939.0,473939.0,0
20130918T,467983.0,467983.0,467983.0,467983.0,0
20130919T,443298.0,443298.0,443298.0,443298.0,0
20130920T,419568.0,419568.0,419568.0,419568.0,0
20130923T,418970.0,418970.0,418970.0,418970.0,0
20130924T,424906.0,424906.0,424906.0,424906.0,0
20130925T,419069.0,419069.0,419069.0,419069.0,0
20130926T,345325.0,345325.0,345325.0,345325.0,0
20130927T,351792.0,351792.0,351792.0,351792.0,0
20130930T,359067.0,359067.0,359067.0,359067.0,0
20131001T,361010.0,361010.0,361010.0,361010.0,0
20131003T,360714.0,360714.0,360714.0,360714.0,0
20131004T,366064.0,366064.0,366064.0,366064.0,0
20131007T,365065.0,365065.0,365065.0,365065.0,0
20131008T,368910.0,368910.0,368910.0,368910.0,0
20131010T,373595.0,373595.0,373595.0,373595.0,0
20131011T,376741.0,376741.0,376741.0,376741.0,0
20131014T,376215.0,376215.0,376215.0,376215.0,0
20131015T,373659.4,373659.4,373659.4,373659.4,0
20131017T,370217.0,370217.0,370217.0,370217.0,0
20131018T,369248.0,369248.0,369248.0,369248.0,0
20131021T,366310.0,366310.0,366310.0,366310.0,0
20131022T,366236.0,366236.0,366236.0,366236.0,0
20131023T,370205.0,370205.0,370205.0,370205.0,0
20131024T,371411.0,371411.0,371411.0,371411.0,0
20131025T,366064.0,366064.0,366064.0,366064.0,0
20131028T,375393.0,375393.0,375393.0,375393.0,0
20131029T,384137.0,384137.0,384137.0,384137.0,0
20131030T,392606.0,392606.0,392606.0,392606.0,0
20131031T,336706.0,336706.0,336706.0,336706.0,0
20131101T,351033.0,351033.0,351033.0,351033.0,0
20131105T,355871.0,355871.0,355871.0,355871.0,0
20131106T,352688.0,352688.0,352688.0,352688.0,0
20131107T,357604.0,357604.0,357604.0,357604.0,0
20131108T,359254.0,359254.0,359254.0,359254.0,0
20131111T,358671.0,358671.0,358671.0,358671.0,0
20131112T,357260.0,357260.0,357260.0,357260.0,0
20131113T,359876.0,359876.0,359876.0,359876.0,0
20131114T,369030.0,369030.0,369030.0,369030.0,0
20131118T,368763.0,368763.0,368763.0,368763.0,0
20131119T,370767.0,370767.0,370767.0,370767.0,0
20131120T,365795.0,365795.0,365795.0,365795.0,0
20131121T,365506.0,365506.0,365506.0,365506.0,0
20131122T,367039.0,367039.0,367039.0,367039.0,0
20131125T,396161.0,396161.0,396161.0,396161.0,0
20131126T,402458.0,402458.0,402458.0,402458.0,0
20131127T,402991.0,402991.0,402991.0,402991.0,0
20131128T,348127.0,348127.0,348127.0,348127.0,0
20131129T,356041.0,356041.0,356041.0,356041.0,0
20131202T,357887.0,357887.0,357887.0,357887.0,0
20131203T,357483.0,357483.0,357483.0,357483.0,0
20131204T,356086.0,356086.0,356086.0,356086.0,0
20131205T,376196.0,376196.0,376196.0,376196.0,0
20131206T,378878.0,378878.0,378878.0,378878.0,0
20131209T,395335.0,395335.0,395335.0,395335.0,0
20131210T,386492.0,386492.0,386492.0,386492.0,0
20131211T,382087.0,382087.0,382087.0,382087.0,0
20131212T,376909.0,376909.0,376909.0,376909.0,0
20131213T,366168.0,366168.0,366168.0,366168.0,0
20131216T,367863.0,367863.0,367863.0,367863.0,0
20131217T,370040.0,370040.0,370040.0,370040.0,0
20131218T,359907.0,359907.0,359907.0,359907.0,0
20131219T,340222.0,340222.0,340222.0,340222.0,0
20131220T,353251.0,353251.0,353251.0,353251.0,0
20131223T,386011.0,386011.0,386011.0,386011.0,0
20131224T,382404.0,382404.0,382404.0,382404.0,0
20131226T,290089.0,290089.0,290089.0,290089.0,0
20131227T,287741.0,287741.0,287741.0,287741.0,0
20131230T,291036.0,291036.0,291036.0,291036.0,0
20131231T,293646.0,293646.0,293646.0,293646.0,0
20140101T,293900.0,293900.0,293900.0,293900.0,0
20140102T,298649.0,298649.0,298649.0,298649.0,0
20140103T,301719.0,301719.0,301719.0,301719.0,0
20140106T,309240.0,309240.0,309240.0,309240.0,0
20140107T,316475.0,316475.0,316475.0,316475.0,0
20140108T,314644.0,314644.0,314644.0,314644.0,0
20140109T,316639.0,316639.0,316639.0,316639.0,0
20140110T,322387.0,322387.0,322387.0,322387.0,0
20140113T,328093.0,328093.0,328093.0,328093.0,0
20140114T,333339.0,333339.0,333339.0,333339.0,0
20140115T,340064.0,340064.0,340064.0,340064.0,0
20140116T,343821.0,343821.0,343821.0,343821.0,0
20140117T,344541.0,344541.0,344541.0,344541.0,0
20140120T,351505.0,351505.0,351505.0,351505.0,0
20140121T,357006.0,357006.0,357006.0,357006.0,0
20140122T,355483.0,355483.0,355483.0,355483.0,0
20140123T,359171.0,359171.0,359171.0,359171.0,0
20140124T,356978.0,356978.0,356978.0,356978.0,0
20140127T,365281.0,365281.0,365281.0,365281.0,0
20140128T,374975.0,374975.0,374975.0,374975.0,0
20140129T,379842.0,379842.0,379842.0,379842.0,0
20140130T,294977.0,294977.0,294977.0,294977.0,0
20140131T,295197.0,295197.0,295197.0,295197.0,0
20140203T,298355.0,298355.0,298355.0,298355.0,0
20140204T,301109.0,301109.0,301109.0,301109.0,0
20140205T,306059.0,306059.0,306059.0,306059.0,0
20140206T,315138.0,315138.0,315138.0,315138.0,0
20140207T,323691.0,323691.0,323691.0,323691.0,0
20140210T,322174.0,322174.0,322174.0,322174.0,0
20140211T,324958.0,324958.0,324958.0,324958.0,0
20140212T,337987.0,337987.0,337987.0,337987.0,0
20140213T,338119.0,338119.0,338119.0,338119.0,0
20140214T,339184.0,339184.0,339184.0,339184.0,0
20140217T,338184.0,338184.0,338184.0,338184.0,0
20140218T,340728.0,340728.0,340728.0,340728.0,0
20140219T,343576.0,343576.0,343576.0,343576.0,0
20140220T,340065.0,340065.0,340065.0,340065.0,0
20140221T,349213.0,349213.0,349213.0,349213.0,0
20140225T,384640.0,384640.0,384640.0,384640.0,0
20140226T,315036.0,315036.0,315036.0,315036.0,0
20140228T,316805.0,316805.0,316805.0,316805.0,0
20140303T,318824.0,318824.0,318824.0,318824.0,0
20140304T,325211.0,325211.0,325211.0,325211.0,0
20140305T,337832.0,337832.0,337832.0,337832.0,0
20140306T,345507.0,345507.0,345507.0,345507.0,0
20140307T,362560.0,362560.0,362560.0,362560.0,0
20140310T,367782.0,367782.0,367782.0,367782.0,0
20140311T,366299.0,366299.0,366299.0,366299.0,0
20140312T,361380.0,361380.0,361380.0,361380.0,0
20140313T,360281.0,360281.0,360281.0,360281.0,0
20140314T,354859.0,354859.0,354859.0,354859.0,0
20140318T,346412.4536,346412.4536,346412.4536,346412.4536,0
20140319T,344980.0,344980.0,344980.0,344980.0,0
20140320T,336559.0,336559.0,336559.0,336559.0,0
20140321T,335273.0,335273.0,335273.0,335273.0,0
20140324T,344027.0,344027.0,344027.0,344027.0,0
20140325T,369359.0,369359.0,369359.0,369359.0,0
20140326T,383132.0,383132.0,383132.0,383132.0,0
20140327T,346489.0,346489.0,346489.0,346489.0,0
20140328T,354207.0,354207.0,354207.0,354207.0,0
20140331T,357349.0,357349.0,357349.0,357349.0,0
20140401T,359351.0,359351.0,359351.0,359351.0,0
20140402T,373078.0,373078.0,373078.0,373078.0,0
20140403T,371787.0,371787.0,371787.0,371787.0,0
20140404T,366865.0,366865.0,366865.0,366865.0,0
20140407T,360762.0,360762.0,360762.0,360762.0,0
20140409T,358434.0,358434.0,358434.0,358434.0,0
20140410T,358509.0,358509.0,358509.0,358509.0,0
20140411T,353474.0,353474.0,353474.0,353474.0,0
20140415T,348934.0,348934.0,348934.0,348934.0,0
20140416T,342188.0,342188.0,342188.0,342188.0,0
20140417T,353454.0,353454.0,353454.0,353454.0,0
20140421T,376716.0,376716.0,376716.0,376716.0,0
20140422T,386374.0,386374.0,386374.0,386374.0,0
20140423T,392513.0,392513.0,392513.0,392513.0,0
20140425T,393136.0,393136.0,393136.0,393136.0,0
20140428T,393038.0,393038.0,393038.0,393038.0,0
20140429T,382550.0,382550.0,382550.0,382550.0,0
20140430T,386270.0,386270.0,386270.0,386270.0,0
20140502T,391412.0,391412.0,391412.0,391412.0,0
20140505T,393419.0,393419.0,393419.0,393419.0,0
20140506T,392963.0,392963.0,392963.0,392963.0,0
20140507T,388393.0,388393.0,388393.0,388393.0,0
20140508T,386437.0,386437.0,386437.0,386437.0,0
20140509T,393288.0,393288.0,393288.0,393288.0,0
20140512T,403005.0,403005.0,403005.0,403005.0,0
20140513T,405018.0,405018.0,405018.0,405018.0,0
20140514T,384798.0,384798.0,384798.0,384798.0,0
20140515T,361188.0,361188.0,361188.0,361188.0,0
20140516T,354104.0,354104.0,354104.0,354104.0,0
20140519T,332583.0,332583.0,332583.0,332583.0,0
20140520T,323172.0,323172.0,323172.0,323172.0,0
20140521T,325068.0,325068.0,325068.0,325068.0,0
20140522T,331930.0,331930.0,331930.0,331930.0,0
20140523T,339958.0,339958.0,339958.0,339958.0,0
20140526T,377939.0,377939.0,377939.0,377939.0,0
20140527T,382396.0,382396.0,382396.0,382396.0,0
20140528T,395479.0,395479.0,395479.0,395479.0,0
20140529T,335325.0,335325.0,335325.0,335325.0,0
20140530T,330543.0,330543.0,330543.0,330543.0,0
20140602T,337606.0,337606.0,337606.0,337606.0,0
20140603T,342361.0,342361.0,342361.0,342361.0,0
20140604T,363767.0,363767.0,363767.0,363767.0,0
20140605T,384722.0,384722.0,384722.0,384722.0,0
20140606T,399903.0,399903.0,399903.0,399903.0,0
20140609T,406760.0,406760.0,406760.0,406760.0,0
20140610T,418715.0,418715.0,418715.0,418715.0,0
20140611T,419364.0,419364.0,419364.0,419364.0,0
20140612T,422690.0,422690.0,422690.0,422690.0,0
20140613T,422221.0,422221.0,422221.0,422221.0,0
20140616T,424587.0,424587.0,424587.0,424587.0,0
20140617T,412657.0,412657.0,412657.0,412657.0,0
20140618T,414548.0,414548.0,414548.0,414548.0,0
20140619T,417194.0,417194.0,417194.0,417194.0,0
20140620T,422227.0,422227.0,422227.0,422227.0,0
20140623T,440719.0,440719.0,440719.0,440719.0,0
20140624T,457305.0,457305.0,457305.0,457305.0,0
20140625T,461925.0,461925.0,461925.0,461925.0,0
20140626T,362208.0,362208.0,362208.0,362208.0,0
20140627T,358326.0,358326.0,358326.0,358326.0,0
20140630T,359216.0,359216.0,359216.0,359216.0,0
20140701T,369334.0,369334.0,369334.0,369334.0,0
20140702T,374029.0,374029.0,374029.0,374029.0,0
20140703T,381670.0,381670.0,381670.0,381670.0,0
20140704T,380488.0,380488.0,380488.0,380488.0,0
20140707T,395477.0,395477.0,395477.0,395477.0,0
20140708T,394244.0,394244.0,394244.0,394244.0,0
20140709T,397975.0,397975.0,397975.0,397975.0,0
20140710T,414044.0,414044.0,414044.0,414044.0,0
20140711T,425501.0,425501.0,425501.0,425501.0,0
20140714T,420796.0,420796.0,420796.0,420796.0,0
20140715T,425740.0,425740.0,425740.0,425740.0,0
20140716T,432805.0,432805.0,432805.0,432805.0,0
20140718T,441741.0,441741.0,441741.0,441741.0,0
20140721T,450816.0,450816.0,450816.0,450816.0,0
20140722T,457116.0,457116.0,457116.0,457116.0,0
20140723T,464608.0,464608.0,464608.0,464608.0,0
20140724T,461783.0,461783.0,461783.0,461783.0,0
20140725T,460734.0,460734.0,460734.0,460734.0,0
20140728T,466659.0,466659.0,466659.0,466659.0,0
20140730T,486752.0,486752.0,486752.0,486752.0,0
20140731T,394357.0,394357.0,394357.0,394357.0,0
20140801T,402775.0,402775.0,402775.0,402775.0,0
20140804T,413619.0,413619.0,413619.0,413619.0,0
20140805T,416079.0,416079.0,416079.0,416079.0,0
20140806T,412894.0,412894.0,412894.0,412894.0,0
20140807T,414356.0,414356.0,414356.0,414356.0,0
20140808T,411368.0,411368.0,411368.0,411368.0,0
20140811T,422704.0,422704.0,422704.0,422704.0,0
20140812T,435794.0,435794.0,435794.0,435794.0,0
20140813T,448756.0,448756.0,448756.0,448756.0,0
20140814T,448936.0,448936.0,448936.0,448936.0,0
20140818T,458144.0,458144.0,458144.0,458144.0,0
20140819T,466624.0,466624.0,466624.0,466624.0,0
20140820T,465486.0,465486.0,465486.0,465486.0,0
20140821T,471719.0,471719.0,471719.0,471719.0,0
20140822T,474082.0,474082.0,474082.0,474082.0,0
20140825T,490707.0,490707.0,490707.0,490707.0,0
20140826T,498939.0,498939.0,498939.0,498939.0,0
20140827T,505644.0,505644.0,505644.0,505644.0,0
20140828T,399064.0,399064.0,399064.0,399064.0,0
20140901T,407420.0,407420.0,407420.0,407420.0,0
20140902T,411257.0,411257.0,411257.0,411257.0,0
20140903T,419120.0,419120.0,419120.0,419120.0,0
20140904T,413322.0,413322.0,413322.0,413322.0,0
20140905T,403541.0,403541.0,403541.0,403541.0,0
20140908T,404396.0,404396.0,404396.0,404396.0,0
20140909T,405659.0,405659.0,405659.0,405659.0,0
20140910T,401253.0,401253.0,401253.0,401253.0,0
20140911T,399463.0,399463.0,399463.0,399463.0,0
20140912T,398789.0,398789.0,398789.0,398789.0,0
20140915T,396224.0,396224.0,396224.0,396224.0,0
20140916T,397370.0,397370.0,397370.0,397370.0,0
20140917T,396540.0,396540.0,396540.0,396540.0,0
20140918T,396662.0,396662.0,396662.0,396662.0,0
20140919T,397241.0,397241.0,397241.0,397241.0,0
20140922T,402592.0,402592.0,402592.0,402592.0,0
20140923T,403708.0,403708.0,403708.0,403708.0,0
20140924T,406539.0,406539.0,406539.0,406539.0,0
20140925T,304569.0,304569.0,304569.0,304569.0,0
20140926T,299224.0,299224.0,299224.0,299224.0,0
20140929T,298531.0,298531.0,298531.0,298531.0,0
20140930T,301722.0,301722.0,301722.0,301722.0,0
20141001T,302148.0,302148.0,302148.0,302148.0,0
20141007T,296440.0,296440.0,296440.0,296440.0,0
20141008T,290214.0,290214.0,290214.0,290214.0,0
20141009T,290503.0,290503.0,290503.0,290503.0,0
20141010T,292368.0,292368.0,292368.0,292368.0,0
20141013T,294079.0,294079.0,294079.0,294079.0,0
20141014T,295747.0,295747.0,295747.0,295747.0,0
20141016T,300376.0,300376.0,300376.0,300376.0,0
20141017T,300259.0,300259.0,300259.0,300259.0,0
20141020T,309199.0,309199.0,309199.0,309199.0,0
20141021T,311200.0,311200.0,311200.0,311200.0,0
20141022T,315208.0,315208.0,315208.0,315208.0,0
20141023T,315993.0,315993.0,315993.0,315993.0,0
20141027T,320793.0,320793.0,320793.0,320793.0,0
20141028T,330670.0,330670.0,330670.0,330670.0,0
20141029T,339564.0,339564.0,339564.0,339564.0,0
20141030T,418544.0,418544.0,418544.0,418544.0,0
20141031T,439813.0,439813.0,439813.0,439813.0,0
20141103T,437217.0,437217.0,437217.0,437217.0,0
20141105T,437333.0,437333.0,437333.0,437333.0,0
20141107T,433455.0,433455.0,433455.0,433455.0,0
20141110T,427334.0,427334.0,427334.0,427334.0,0
20141111T,432056.0,432056.0,432056.0,432056.0,0
20141112T,443836.0,443836.0,443836.0,443836.0,0
20141113T,445953.0,445953.0,445953.0,445953.0,0
20141114T,451635.0,451635.0,451635.0,451635.0,0
20141117T,453191.0,453191.0,453191.0,453191.0,0
20141118T,460238.0,460238.0,460238.0,460238.0,0
20141119T,465620.0,465620.0,465620.0,465620.0,0
20141120T,464490.0,464490.0,464490.0,464490.0,0
20141121T,462699.0,462699.0,462699.0,462699.0,0
20141124T,470979.0,470979.0,470979.0,470979.0,0
20141125T,478847.0,478847.0,478847.0,478847.0,0
20141126T,503903.0,503903.0,503903.0,503903.0,0
20141127T,441240.0,441240.0,441240.0,441240.0,0
20141128T,458958.0,458958.0,458958.0,458958.0,0
20141201T,470040.0,470040.0,470040.0,470040.0,0
20141202T,465742.0,465742.0,465742.0,465742.0,0
20141203T,454366.0,454366.0,454366.0,454366.0,0
20141204T,455215.0,455215.0,455215.0,455215.0,0
20141205T,450898.0,450898.0,450898.0,450898.0,0
20141208T,443351.0,443351.0,443351.0,443351.0,0
20141209T,431223.0,431223.0,431223.0,431223.0,0
20141210T,431464.0,431464.0,431464.0,431464.0,0
20141211T,424696.0,424696.0,424696.0,424696.0,0
20141212T,423422.0,423422.0,423422.0,423422.0,0
20141215T,416856.0,416856.0,416856.0,416856.0,0
20141216T,409608.0,409608.0,409608.0,409608.0,0
20141217T,408623.0,408623.0,408623.0,408623.0,0
20141218T,415398.0,415398.0,415398.0,415398.0,0
20141219T,421381.0,421381.0,421381.0,421381.0,0
20141222T,440449.0,440449.0,440449.0,440449.0,0
20141223T,454817.0,454817.0,454817.0,454817.0,0
20141224T,377842.0,377842.0,377842.0,377842.0,0
20141226T,379782.0,379782.0,379782.0,379782.0,0
20141229T,376554.0,376554.0,376554.0,376554.0,0
20141230T,377215.0,377215.0,377215.0,377215.0,0
20141231T,376509.0,376509.0,376509.0,376509.0,0
20150101T,377015.0,377015.0,377015.0,377015.0,0
20150102T,376960.7852,376960.7852,376960.7852,376960.7852,0
20150105T,377746.0,377746.0,377746.0,377746.0,0
20150106T,375812.0,375812.0,375812.0,375812.0,0
20150107T,379860.0,379860.0,379860.0,379860.0,0
20150108T,392079.0,392079.0,392079.0,392079.0,0
20150109T,414137.0,414137.0,414137.0,414137.0,0
20150112T,416066.0,416066.0,416066.0,416066.0,0
20150113T,420219.0,420219.0,420219.0,420219.0,0
20150114T,420509.0,420509.0,420509.0,420509.0,0
20150115T,436477.0,436477.0,436477.0,436477.0,0
20150116T,453597.0,453597.0,453597.0,453597.0,0
20150119T,457583.0,457583.0,457583.0,457583.0,0
20150120T,467248.0,467248.0,467248.0,467248.0,0
20150121T,474148.0,474148.0,474148.0,474148.0,0
20150122T,467422.0,467422.0,467422.0,467422.0,0
20150123T,470073.0,470073.0,470073.0,470073.0,0
20150127T,504237.0,504237.0,504237.0,504237.0,0
20150128T,532965.0,532965.0,532965.0,532965.0,0
20150129T,455777.0,455777.0,455777.0,455777.0,0
20150130T,453225.0,453225.0,453225.0,453225.0,0
20150202T,444498.0,444498.0,444498.0,444498.0,0
20150203T,428435.0,428435.0,428435.0,428435.0,0
20150204T,428190.0,428190.0,428190.0,428190.0,0
20150205T,425956.0,425956.0,425956.0,425956.0,0
20150206T,421864.0,421864.0,421864.0,421864.0,0
20150209T,420233.0,420233.0,420233.0,420233.0,0
20150210T,424006.0,424006.0,424006.0,424006.0,0
20150211T,423372.0,423372.0,423372.0,423372.0,0
20150212T,418766.0,418766.0,418766.0,418766.0,0
20150213T,421513.0,421513.0,421513.0,421513.0,0
20150216T,417333.0,417333.0,417333.0,417333.0,0
20150218T,423964.0,423964.0,423964.0,423964.0,0
20150219T,424319.0,424319.0,424319.0,424319.0,0
20150220T,419080.0,419080.0,419080.0,419080.0,0
20150223T,455011.0,455011.0,455011.0,455011.0,0
20150224T,477162.0,477162.0,477162.0,477162.0,0
20150225T,497029.0,497029.0,497029.0,497029.0,0
20150226T,404397.0,404397.0,404397.0,404397.0,0
20150227T,415765.0,415765.0,415765.0,415765.0,0
20150302T,415960.0,415960.0,415960.0,415960.0,0
20150303T,425262.0,425262.0,425262.0,425262.0,0
20150304T,422547.0,422547.0,422547.0,422547.0,0
20150305T,422602.0,422602.0,422602.0,422602.0,0
20150309T,421810.0,421810.0,421810.0,421810.0,0
20150310T,425427.0,425427.0,425427.0,425427.0,0
20150311T,432050.0,432050.0,432050.0,432050.0,0
20150312T,442766.0,442766.0,442766.0,442766.0,0
20150313T,459856.0,459856.0,459856.0,459856.0,0
20150316T,471832.0,471832.0,471832.0,471832.0,0
20150317T,486202.0,486202.0,486202.0,486202.0,0
20150318T,520269.0,520269.0,520269.0,520269.0,0
20150319T,515128.0,515128.0,515128.0,515128.0,0
20150320T,517165.0,517165.0,517165.0,517165.0,0
20150323T,523469.0,523469.0,523469.0,523469.0,0
20150324T,537882.0,537882.0,537882.0,537882.0,0
20150325T,535599.0,535599.0,535599.0,535599.0,0
20150326T,439468.0,439468.0,439468.0,439468.0,0
20150327T,445311.0,445311.0,445311.0,445311.0,0
20150330T,459452.0,459452.0,459452.0,459452.0,0
20150331T,472745.0,472745.0,472745.0,472745.0,0
20150401T,469366.0,469366.0,469366.0,469366.0,0
20150406T,479532.0,479532.0,479532.0,479532.0,0
20150407T,479266.0,479266.0,479266.0,479266.0,0
20150408T,475322.0,475322.0,475322.0,475322.0,0
20150409T,476324.0,476324.0,476324.0,476324.0,0
20150410T,469083.0,469083.0,469083.0,469083.0,0
20150413T,468474.0,468474.0,468474.0,468474.0,0
20150415T,474260.0,474260.0,474260.0,474260.0,0
20150416T,480343.0,480343.0,480343.0,480343.0,0
20150417T,475153.0,475153.0,475153.0,475153.0,0
20150420T,476639.0,476639.0,476639.0,476639.0,0
20150421T,474569.0,474569.0,474569.0,474569.0,0
20150422T,473796.0,473796.0,473796.0,473796.0,0
20150423T,478386.0,478386.0,478386.0,478386.0,0
20150424T,482272.0,482272.0,482272.0,482272.0,0
20150427T,498005.0,498005.0,498005.0,498005.0,0
20150428T,528973.0,528973.0,528973.0,528973.0,0
20150429T,534714.0,534714.0,534714.0,534714.0,0
20150430T,478664.0,478664.0,478664.0,478664.0,0
20150504T,500830.0,500830.0,500830.0,500830.0,0
20150505T,516558.0,516558.0,516558.0,516558.0,0
20150506T,535392.0,535392.0,535392.0,535392.0,0
20150507T,549290.0,549290.0,549290.0,549290.0,0
20150508T,571120.0,571120.0,571120.0,571120.0,0
20150511T,586520.0,586520.0,586520.0,586520.0,0
20150512T,608265.0,608265.0,608265.0,608265.0,0
20150513T,615557.0,615557.0,615557.0,615557.0,0
20150514T,621365.0,621365.0,621365.0,621365.0,0
20150515T,627207.0,627207.0,627207.0,627207.0,0
20150518T,631820.0,631820.0,631820.0,631820.0,0
20150519T,641002.0,641002.0,641002.0,641002.0,0
20150520T,647237.0,647237.0,647237.0,647237.0,0
20150521T,668131.0,668131.0,668131.0,668131.0,0
20150522T,677647.0,677647.0,677647.0,677647.0,0
20150525T,689598.0,689598.0,689598.0,689598.0,0
20150526T,716107.0,716107.0,716107.0,716107.0,0
20150527T,737582.0,737582.0,737582.0,737582.0,0
20150528T,612445.0,612445.0,612445.0,612445.0,0
20150529T,642891.0,642891.0,642891.0,642891.0,0
20150601T,649635.0,649635.0,649635.0,649635.0,0
20150602T,657355.0,657355.0,657355.0,657355.0,0
20150603T,664121.0,664121.0,664121.0,664121.0,0
20150604T,669569.0,669569.0,669569.0,669569.0,0
20150605T,672441.0,672441.0,672441.0,672441.0,0
20150608T,680699.0,680699.0,680699.0,680699.0,0
20150609T,687306.0,687306.0,687306.0,687306.0,0
20150610T,682604.0,682604.0,682604.0,682604.0,0
20150611T,690859.0,690859.0,690859.0,690859.0,0
20150612T,698534.0,698534.0,698534.0,698534.0,0
20150615T,702058.0,702058.0,702058.0,702058.0,0
20150616T,709211.0,709211.0,709211.0,709211.0,0
20150617T,721473.0,721473.0,721473.0,721473.0,0
20150618T,740661.0,740661.0,740661.0,740661.0,0
20150619T,763161.0,763161.0,763161.0,763161.0,0
20150622T,811888.0,811888.0,811888.0,811888.0,0
20150623T,844164.0,844164.0,844164.0,844164.0,0
20150624T,866470.0,866470.0,866470.0,866470.0,0
20150625T,613248.0,613248.0,613248.0,613248.0,0
20150626T,621471.0,621471.0,621471.0,621471.0,0
20150629T,626203.0,626203.0,626203.0,626203.0,0
20150630T,632105.0,632105.0,632105.0,632105.0,0
20150701T,646507.0,646507.0,646507.0,646507.0,0
20150702T,660108.0,660108.0,660108.0,660108.0,0
20150703T,676189.0,676189.0,676189.0,676189.0,0
20150706T,680626.0,680626.0,680626.0,680626.0,0
20150707T,684895.0,684895.0,684895.0,684895.0,0
20150708T,671167.0,671167.0,671167.0,671167.0,0
20150709T,672390.0,672390.0,672390.0,672390.0,0
20150710T,655967.0,655967.0,655967.0,655967.0,0
20150713T,642473.0,642473.0,642473.0,642473.0,0
20150714T,638434.0,638434.0,638434.0,638434.0,0
20150715T,652784.0,652784.0,652784.0,652784.0,0
20150716T,670097.0,670097.0,670097.0,670097.0,0
20150717T,671860.0,671860.0,671860.0,671860.0,0
20150720T,667563.0,667563.0,667563.0,667563.0,0
20150721T,670899.0,670899.0,670899.0,670899.0,0
20150722T,677047.0,677047.0,677047.0,677047.0,0
20150723T,676109.0,676109.0,676109.0,676109.0,0
20150724T,676138.0,676138.0,676138.0,676138.0,0
20150727T,684612.0,684612.0,684612.0,684612.0,0
20150728T,703651.0,703651.0,703651.0,703651.0,0
20150729T,725838.0,725838.0,725838.0,725838.0,0
20150730T,587665.0,587665.0,587665.0,587665.0,0
20150731T,611133.0,611133.0,611133.0,611133.0,0
20150803T,622799.0,622799.0,622799.0,622799.0,0
20150804T,642061.0,642061.0,642061.0,642061.0,0
20150805T,652645.0,652645.0,652645.0,652645.0,0
20150806T,657426.0,657426.0,657426.0,657426.0,0
20150807T,654672.0,654672.0,654672.0,654672.0,0
20150810T,655526.0,655526.0,655526.0,655526.0,0
20150811T,657198.0,657198.0,657198.0,657198.0,0
20150812T,674951.0,674951.0,674951.0,674951.0,0
20150813T,688353.0,688353.0,688353.0,688353.0,0
20150814T,696094.0,696094.0,696094.0,696094.0,0
20150817T,696861.0,696861.0,696861.0,696861.0,0
20150818T,711037.0,711037.0,711037.0,711037.0,0
20150819T,723900.0,723900.0,723900.0,723900.0,0
20150820T,739505.0,739505.0,739505.0,739505.0,0
20150821T,748791.0,748791.0,748791.0,748791.0,0
20150824T,798938.0,798938.0,798938.0,798938.0,0
20150825T,853391.0,853391.0,853391.0,853391.0,0
20150826T,877360.0,877360.0,877360.0,877360.0,0
20150827T,645328.0,645328.0,645328.0,645328.0,0
20150828T,660149.0,660149.0,660149.0,660149.0,0
20150831T,682399.0,682399.0,682399.0,682399.0,0
20150901T,681489.0,681489.0,681489.0,681489.0,0
20150902T,688550.0,688550.0,688550.0,688550.0,0
20150903T,702255.0,702255.0,702255.0,702255.0,0
20150904T,718685.0,718685.0,718685.0,718685.0,0
20150907T,724285.0,724285.0,724285.0,724285.0,0
20150908T,734360.0,734360.0,734360.0,734360.0,0
20150909T,749820.0,749820.0,749820.0,749820.0,0
20150910T,757706.0,757706.0,757706.0,757706.0,0
20150911T,765633.0,765633.0,765633.0,765633.0,0
20150914T,780103.0,780103.0,780103.0,780103.0,0
20150915T,788020.0,788020.0,788020.0,788020.0,0
20150916T,814019.0,814019.0,814019.0,814019.0,0
20150918T,846758.0,846758.0,846758.0,846758.0,0
20150921T,875981.0,875981.0,875981.0,875981.0,0
20150922T,921452.0,921452.0,921452.0,921452.0,0
20150923T,943036.0,943036.0,943036.0,943036.0,0
20150924T,740626.0,740626.0,740626.0,740626.0,0
20150928T,749876.0,749876.0,749876.0,749876.0,0
20150929T,771125.0,771125.0,771125.0,771125.0,0
20150930T,788129.0,788129.0,788129.0,788129.0,0
20151001T,793629.0,793629.0,793629.0,793629.0,0
20151005T,808955.0,808955.0,808955.0,808955.0,0
20151006T,816515.0,816515.0,816515.0,816515.0,0
20151007T,810092.0,810092.0,810092.0,810092.0,0
20151008T,800311.0,800311.0,800311.0,800311.0,0
20151009T,803085.0,803085.0,803085.0,803085.0,0
20151012T,804041.0,804041.0,804041.0,804041.0,0
20151013T,797819.0,797819.0,797819.0,797819.0,0
20151014T,790464.0,790464.0,790464.0,790464.0,0
20151015T,788471.0,788471.0,788471.0,788471.0,0
20151016T,782638.0,782638.0,782638.0,782638.0,0
20151019T,786621.0,786621.0,786621.0,786621.0,0
20151020T,792721.0,792721.0,792721.0,792721.0,0
20151021T,790293.0,790293.0,790293.0,790293.0,0
20151023T,766363.0,766363.0,766363.0,766363.0,0
20151026T,726174.0,726174.0,726174.0,726174.0,0
20151027T,660476.0,660476.0,660476.0,660476.0,0
20151028T,549782.0,549782.0,549782.0,549782.0,0
20151029T,374439.0,374439.0,374439.0,374439.0,0
20151030T,378624.0,378624.0,378624.0,378624.0,0
20151102T,385155.0,385155.0,385155.0,385155.0,0
20151103T,389589.0,389589.0,389589.0,389589.0,0
20151104T,393935.0,393935.0,393935.0,393935.0,0
20151105T,383699.0,383699.0,383699.0,383699.0,0
20151106T,381093.0,381093.0,381093.0,381093.0,0
20151109T,388034.0,388034.0,388034.0,388034.0,0
20151110T,390859.0,390859.0,390859.0,390859.0,0
20151111T,391045.0,391045.0,391045.0,391045.0,0
20151113T,386542.0,386542.0,386542.0,386542.0,0
20151116T,386827.0,386827.0,386827.0,386827.0,0
20151117T,390836.0,390836.0,390836.0,390836.0,0
20151118T,395044.0,395044.0,395044.0,395044.0,0
20151119T,404252.0,404252.0,404252.0,404252.0,0
20151120T,413286.0,413286.0,413286.0,413286.0,0
20151123T,436894.0,436894.0,436894.0,436894.0,0
20151124T,456348.0,456348.0,456348.0,456348.0,0
20151126T,380670.0,380670.0,380670.0,380670.0,0
20151127T,389516.0,389516.0,389516.0,389516.0,0
20151130T,400483.0,400483.0,400483.0,400483.0,0
20151201T,409040.0,409040.0,409040.0,409040.0,0
20151202T,413097.0,413097.0,413097.0,413097.0,0
20151203T,412572.0,412572.0,412572.0,412572.0,0
20151204T,413128.0,413128.0,413128.0,413128.0,0
20151207T,409188.0,409188.0,409188.0,409188.0,0
20151208T,410391.0,410391.0,410391.0,410391.0,0
20151209T,414650.0,414650.0,414650.0,414650.0,0
20151210T,417487.0,417487.0,417487.0,417487.0,0
20151211T,422230.0,422230.0,422230.0,422230.0,0
20151214T,425908.0,425908.0,425908.0,425908.0,0
20151215T,432001.0,432001.0,432001.0,432001.0,0
20151216T,439485.0,439485.0,439485.0,439485.0,0
20151217T,444303.0,444303.0,444303.0,444303.0,0
20151218T,441357.0,441357.0,441357.0,441357.0,0
20151221T,440100.0,440100.0,440100.0,440100.0,0
20151222T,443528.0,443528.0,443528.0,443528.0,0
20151223T,453489.0,453489.0,453489.0,453489.0,0
20151224T,454027.0,454027.0,454027.0,454027.0,0
20151228T,476760.0,476760.0,476760.0,476760.0,0
20151229T,483022.0,483022.0,483022.0,483022.0,0
20151230T,494189.0,494189.0,494189.0,494189.0,0
20151231T,395248.0,395248.0,395248.0,395248.0,0
20160101T,394862.0,394862.0,394862.0,394862.0,0
20160104T,396775.0,396775.0,396775.0,396775.0,0
20160105T,402524.0,402524.0,402524.0,402524.0,0
20160106T,408996.0,408996.0,408996.0,408996.0,0
20160107T,413661.0,413661.0,413661.0,413661.0,0
20160108T,415497.0,415497.0,415497.0,415497.0,0
20160111T,416268.0,416268.0,416268.0,416268.0,0
20160112T,417974.0,417974.0,417974.0,417974.0,0
20160113T,426238.0,426238.0,426238.0,426238.0,0
20160114T,440264.0,440264.0,440264.0,440264.0,0
20160115T,450472.0,450472.0,450472.0,450472.0,0
20160118T,451438.0,451438.0,451438.0,451438.0,0
20160119T,454344.0,454344.0,454344.0,454344.0,0
20160120T,460133.0,460133.0,460133.0,460133.0,0
20160121T,461003.0,461003.0,461003.0,461003.0,0
20160122T,467495.0,467495.0,467495.0,467495.0,0
20160125T,496220.0,496220.0,496220.0,496220.0,0
20160127T,539853.0,539853.0,539853.0,539853.0,0
20160128T,475241.0,475241.0,475241.0,475241.0,0
20160129T,493051.0,493051.0,493051.0,493051.0,0
20160201T,509774.0,509774.0,509774.0,509774.0,0
20160202T,514487.0,514487.0,514487.0,514487.0,0
20160203T,517638.0,517638.0,517638.0,517638.0,0
20160204T,527106.0,527106.0,527106.0,527106.0,0
20160205T,531807.0,531807.0,531807.0,531807.0,0
20160208T,532650.0,532650.0,532650.0,532650.0,0
20160209T,523651.0,523651.0,523651.0,523651.0,0
20160211T,520477.0,520477.0,520477.0,520477.0,0
20160212T,529988.0,529988.0,529988.0,529988.0,0
20160215T,547978.0,547978.0,547978.0,547978.0,0
20160216T,549182.0,549182.0,549182.0,549182.0,0
20160217T,552368.0,552368.0,552368.0,552368.0,0
20160218T,563819.0,563819.0,563819.0,563819.0,0
20160219T,561390.0,561390.0,561390.0,561390.0,0
20160222T,578298.0,578298.0,578298.0,578298.0,0
20160223T,591342.0,591342.0,591342.0,591342.0,0
20160224T,604746.0,604746.0,604746.0,604746.0,0
20160225T,530438.0,530438.0,530438.0,530438.0,0
20160226T,544933.0,544933.0,544933.0,544933.0,0
20160229T,564217.0,564217.0,564217.0,564217.0,0
20160301T,572443.0,572443.0,572443.0,572443.0,0
20160302T,580910.0,580910.0,580910.0,580910.0,0
20160303T,584626.0,584626.0,584626.0,584626.0,0
20160304T,584426.0,584426.0,584426.0,584426.0,0
20160308T,580138.0,580138.0,580138.0,580138.0,0
20160309T,562604.0,562604.0,562604.0,562604.0,0
20160310T,558123.0,558123.0,558123.0,558123.0,0
20160311T,550840.0,550840.0,550840.0,550840.0,0
20160314T,546887.0,546887.0,546887.0,546887.0,0
20160315T,538450.0,538450.0,538450.0,538450.0,0
20160316T,525620.0,525620.0,525620.0,525620.0,0
20160317T,534150.0,534150.0,534150.0,534150.0,0
20160318T,531998.0,531998.0,531998.0,531998.0,0
20160321T,535284.0,535284.0,535284.0,535284.0,0
20160322T,526344.0,526344.0,526344.0,526344.0,0
20160323T,514076.0,514076.0,514076.0,514076.0,0
20160328T,502166.0,502166.0,502166.0,502166.0,0
20160329T,509800.0,509800.0,509800.0,509800.0,0
20160330T,517228.0,517228.0,517228.0,517228.0,0
20160331T,424133.0,424133.0,424133.0,424133.0,0
20160401T,426422.0,426422.0,426422.0,426422.0,0
20160404T,425645.0,425645.0,425645.0,425645.0,0
20160405T,430550.0,430550.0,430550.0,430550.0,0
20160406T,436829.0,436829.0,436829.0,436829.0,0
20160407T,438101.0,438101.0,438101.0,438101.0,0
20160408T,435254.0,435254.0,435254.0,435254.0,0
20160411T,435672.0,435672.0,435672.0,435672.0,0
20160412T,438803.0,438803.0,438803.0,438803.0,0
20160413T,441438.0,441438.0,441438.0,441438.0,0
20160418T,450900.0,450900.0,450900.0,450900.0,0
20160420T,446049.0,446049.0,446049.0,446049.0,0
20160421T,459213.0,459213.0,459213.0,459213.0,0
20160422T,457876.0,457876.0,457876.0,457876.0,0
20160425T,477328.0,477328.0,477328.0,477328.0,0
20160426T,473447.0,473447.0,473447.0,473447.0,0
20160427T,475588.0,475588.0,475588.0,475588.0,0
20160428T,403755.0,403755.0,403755.0,403755.0,0
20160429T,408090.0,408090.0,408090.0,408090.0,0
20160502T,407164.0,407164.0,407164.0,407164.0,0
20160503T,408020.0,408020.0,408020.0,408020.0,0
20160504T,405136.0,405136.0,405136.0,405136.0,0
20160505T,410459.0,410459.0,410459.0,410459.0,0
20160506T,415948.0,415948.0,415948.0,415948.0,0
20160509T,411450.0,411450.0,411450.0,411450.0,0
20160510T,411340.0,411340.0,411340.0,411340.0,0
20160511T,420366.0,420366.0,420366.0,420366.0,0
20160512T,428200.0,428200.0,428200.0,428200.0,0
20160513T,428467.0,428467.0,428467.0,428467.0,0
20160516T,430805.0,430805.0,430805.0,430805.0,0
20160517T,439664.0,439664.0,439664.0,439664.0,0
20160518T,443224.0,443224.0,443224.0,443224.0,0
20160519T,452755.0,452755.0,452755.0,452755.0,0
20160520T,450825.0,450825.0,450825.0,450825.0,0
20160523T,465210.0,465210.0,465210.0,465210.0,0
20160524T,481664.0,481664.0,481664.0,481664.0,0
20160525T,502489.0,502489.0,502489.0,502489.0,0
20160526T,413492.0,413492.0,413492.0,413492.0,0
20160527T,429867.0,429867.0,429867.0,429867.0,0
20160530T,431993.0,431993.0,431993.0,431993.0,0
20160531T,441799.0,441799.0,441799.0,441799.0,0
20160601T,456997.0,456997.0,456997.0,456997.0,0
20160602T,467438.0,467438.0,467438.0,467438.0,0
20160603T,467519.0,467519.0,467519.0,467519.0,0
20160606T,462607.0,462607.0,462607.0,462607.0,0
20160607T,457835.0,457835.0,457835.0,457835.0,0
20160608T,459088.0,459088.0,459088.0,459088.0,0
20160609T,453110.0,453110.0,453110.0,453110.0,0
20160610T,447956.0,447956.0,447956.0,447956.0,0
20160613T,439034.0,439034.0,439034.0,439034.0,0
20160614T,441662.0,441662.0,441662.0,441662.0,0
20160615T,441025.0,441025.0,441025.0,441025.0,0
20160616T,442323.0,442323.0,442323.0,442323.0,0
20160617T,445060.0,445060.0,445060.0,445060.0,0
20160620T,447720.0,447720.0,447720.0,447720.0,0
20160621T,451044.0,451044.0,451044.0,451044.0,0
20160622T,456296.0,456296.0,456296.0,456296.0,0
20160623T,457226.0,457226.0,457226.0,457226.0,0
20160624T,456055.0,456055.0,456055.0,456055.0,0
20160627T,460611.0,460611.0,460611.0,460611.0,0
20160628T,446315.0,446315.0,446315.0,446315.0,0
20160629T,441717.0,441717.0,441717.0,441717.0,0
20160630T,304125.0,304125.0,304125.0,304125.0,0
20160701T,309383.0,309383.0,309383.0,309383.0,0
20160704T,316929.0,316929.0,316929.0,316929.0,0
20160705T,319389.0,319389.0,319389.0,319389.0,0
20160707T,317982.0,317982.0,317982.0,317982.0,0
20160708T,324602.0,324602.0,324602.0,324602.0,0
20160711T,324792.0,324792.0,324792.0,324792.0,0
20160712T,328563.0,328563.0,328563.0,328563.0,0
20160713T,330689.0,330689.0,330689.0,330689.0,0
20160714T,330530.0,330530.0,330530.0,330530.0,0
20160715T,330631.0,330631.0,330631.0,330631.0,0
20160718T,328198.0,328198.0,328198.0,328198.0,0
20160719T,330553.0,330553.0,330553.0,330553.0,0
20160720T,328507.0,328507.0,328507.0,328507.0,0
20160721T,329316.0,329316.0,329316.0,329316.0,0
20160722T,319634.0,319634.0,319634.0,319634.0,0
20160725T,323686.0,323686.0,323686.0,323686.0,0
20160726T,330615.0,330615.0,330615.0,330615.0,0
20160727T,346892.0,346892.0,346892.0,346892.0,0
20160728T,280743.0,280743.0,280743.0,280743.0,0
20160729T,282419.0,282419.0,282419.0,282419.0,0
20160801T,284042.0,284042.0,284042.0,284042.0,0
20160802T,287624.0,287624.0,287624.0,287624.0,0
20160803T,286170.0,286170.0,286170.0,286170.0,0
20160804T,289192.0,289192.0,289192.0,289192.0,0
20160805T,294799.0,294799.0,294799.0,294799.0,0
20160808T,295467.0,295467.0,295467.0,295467.0,0
20160809T,293146.0,293146.0,293146.0,293146.0,0
20160810T,292621.0,292621.0,292621.0,292621.0,0
20160811T,290031.0,290031.0,290031.0,290031.0,0
20160812T,295895.0,295895.0,295895.0,295895.0,0
20160816T,299325.0,299325.0,299325.0,299325.0,0
20160817T,302912.0,302912.0,302912.0,302912.0,0
20160818T,307176.0,307176.0,307176.0,307176.0,0
20160819T,303133.0,303133.0,303133.0,303133.0,0
20160822T,316159.0,316159.0,316159.0,316159.0,0
20160823T,332315.0,332315.0,332315.0,332315.0,0
20160824T,345500.0,345500.0,345500.0,345500.0,0
20160825T,248628.0,248628.0,248628.0,248628.0,0
20160826T,253996.0,253996.0,253996.0,253996.0,0
20160829T,261506.0,261506.0,261506.0,261506.0,0
20160830T,264995.0,264995.0,264995.0,264995.0,0
20160831T,278233.0,278233.0,278233.0,278233.0,0
20160901T,278563.0,278563.0,278563.0,278563.0,0
20160902T,283401.0,283401.0,283401.0,283401.0,0
20160906T,290929.0,290929.0,290929.0,290929.0,0
20160907T,285687.0,285687.0,285687.0,285687.0,0
20160908T,283940.0,283940.0,283940.0,283940.0,0
20160909T,274893.0,274893.0,274893.0,274893.0,0
20160912T,273020.0,273020.0,273020.0,273020.0,0
20160914T,272907.0,272907.0,272907.0,272907.0,0
20160915T,268737.0,268737.0,268737.0,268737.0,0
20160916T,271832.0,271832.0,271832.0,271832.0,0
20160919T,275569.0,275569.0,275569.0,275569.0,0
20160920T,272796.0,272796.0,272796.0,272796.0,0
20160921T,270010.0,270010.0,270010.0,270010.0,0
20160922T,267245.0,267245.0,267245.0,267245.0,0
20160923T,264246.0,264246.0,264246.0,264246.0,0
20160926T,272509.0,272509.0,272509.0,272509.0,0
20160927T,294768.0,294768.0,294768.0,294768.0,0
20160928T,297341.0,297341.0,297341.0,297341.0,0
20160929T,265105.0,265105.0,265105.0,265105.0,0
20160930T,275448.0,275448.0,275448.0,275448.0,0
20161003T,283481.0,283481.0,283481.0,283481.0,0
20161004T,284460.0,284460.0,284460.0,284460.0,0
20161005T,283570.0,283570.0,283570.0,283570.0,0
20161006T,284646.0,284646.0,284646.0,284646.0,0
20161007T,286945.0,286945.0,286945.0,286945.0,0
20161010T,286336.0,286336.0,286336.0,286336.0,0
20161013T,288975.0,288975.0,288975.0,288975.0,0
20161014T,294552.0,294552.0,294552.0,294552.0,0
20161017T,302588.0,302588.0,302588.0,302588.0,0
20161018T,314122.0,314122.0,314122.0,314122.0,0
20161019T,316421.0,316421.0,316421.0,316421.0,0
20161020T,325200.0,325200.0,325200.0,325200.0,0
20161021T,324202.0,324202.0,324202.0,324202.0,0
20161024T,335415.0,335415.0,335415.0,335415.0,0
20161025T,355317.0,355317.0,355317.0,355317.0,0
20161026T,362325.0,362325.0,362325.0,362325.0,0
20161027T,271051.0,271051.0,271051.0,271051.0,0
20161028T,293199.0,293199.0,293199.0,293199.0,0
20161101T,302706.0,302706.0,302706.0,302706.0,0
20161102T,304774.0,304774.0,304774.0,304774.0,0
20161103T,306549.0,306549.0,306549.0,306549.0,0
20161104T,306160.0,306160.0,306160.0,306160.0,0
20161107T,310348.0,310348.0,310348.0,310348.0,0
20161108T,312277.0,312277.0,312277.0,312277.0,0
20161109T,321621.0,321621.0,321621.0,321621.0,0
20161110T,326274.0,326274.0,326274.0,326274.0,0
20161111T,319345.0,319345.0,319345.0,319345.0,0
20161115T,318443.0,318443.0,318443.0,318443.0,0
20161116T,322353.0,322353.0,322353.0,322353.0,0
20161117T,323976.0,323976.0,323976.0,323976.0,0
20161118T,333786.0,333786.0,333786.0,333786.0,0
20161121T,357421.0,357421.0,357421.0,357421.0,0
20161122T,380971.0,380971.0,380971.0,380971.0,0
20161123T,407504.0,407504.0,407504.0,407504.0,0
20161124T,325721.0,325721.0,325721.0,325721.0,0
20161125T,339225.0,339225.0,339225.0,339225.0,0
20161128T,349025.0,349025.0,349025.0,349025.0,0
20161129T,359867.0,359867.0,359867.0,359867.0,0
20161130T,374925.0,374925.0,374925.0,374925.0,0
20161201T,379478.0,379478.0,379478.0,379478.0,0
20161202T,376491.0,376491.0,376491.0,376491.0,0
20161205T,374765.0,374765.0,374765.0,374765.0,0
20161206T,374996.0,374996.0,374996.0,374996.0,0
20161207T,374202.0,374202.0,374202.0,374202.0,0
20161208T,379080.0,379080.0,379080.0,379080.0,0
20161209T,380030.0,380030.0,380030.0,380030.0,0
20161212T,377688.0,377688.0,377688.0,377688.0,0
20161213T,377066.0,377066.0,377066.0,377066.0,0
20161214T,383661.0,383661.0,383661.0,383661.0,0
20161215T,381045.0,381045.0,381045.0,381045.0,0
20161216T,380662.0,380662.0,380662.0,380662.0,0
20161219T,375060.0,375060.0,375060.0,375060.0,0
20161220T,370356.0,370356.0,370356.0,370356.0,0
20161221T,368944.0,368944.0,368944.0,368944.0,0
20161222T,370845.0,370845.0,370845.0,370845.0,0
20161223T,382723.0,382723.0,382723.0,382723.0,0
20161226T,391995.0,391995.0,391995.0,391995.0,0
20161227T,411028.0,411028.0,411028.0,411028.0,0
20161228T,420313.0,420313.0,420313.0,420313.0,0
20161229T,344095.0,344095.0,344095.0,344095.0,0
20161230T,357012.0,357012.0,357012.0,357012.0,0
20170102T,361000.0,361000.0,361000.0,361000.0,0
20170103T,366599.0,366599.0,366599.0,366599.0,0
20170104T,370166.0,370166.0,370166.0,370166.0,0
20170105T,374003.0,374003.0,374003.0,374003.0,0
20170106T,374853.0,374853.0,374853.0,374853.0,0
20170109T,374662.0,374662.0,374662.0,374662.0,0
20170110T,380943.0,380943.0,380943.0,380943.0,0
20170111T,395808.0,395808.0,395808.0,395808.0,0
20170112T,409901.0,409901.0,409901.0,409901.0,0
20170113T,416490.0,416490.0,416490.0,416490.0,0
20170116T,414427.0,414427.0,414427.0,414427.0,0
20170117T,419022.0,419022.0,419022.0,419022.0,0
20170118T,424405.0,424405.0,424405.0,424405.0,0
20170119T,430648.0,430648.0,430648.0,430648.0,0
20170120T,436578.0,436578.0,436578.0,436578.0,0
20170123T,481486.0,481486.0,481486.0,481486.0,0
20170124T,533014.0,533014.0,533014.0,533014.0,0
20170125T,416361.0,416361.0,416361.0,416361.0,0
20170127T,436352.0,436352.0,436352.0,436352.0,0
20170130T,445404.0,445404.0,445404.0,445404.0,0
20170131T,441983.0,441983.0,441983.0,441983.0,0
20170201T,446813.0,446813.0,446813.0,446813.0,0
20170202T,447533.0,447533.0,447533.0,447533.0,0
20170203T,450930.0,450930.0,450930.0,450930.0,0
20170206T,452763.0,452763.0,452763.0,452763.0,0
20170207T,453729.0,453729.0,453729.0,453729.0,0
20170208T,450097.0,450097.0,450097.0,450097.0,0
20170209T,456577.0,456577.0,456577.0,456577.0,0
20170210T,460874.0,460874.0,460874.0,460874.0,0
20170213T,462933.0,462933.0,462933.0,462933.0,0
20170214T,462898.0,462898.0,462898.0,462898.0,0
20170215T,458476.0,458476.0,458476.0,458476.0,0
20170216T,457238.0,457238.0,457238.0,457238.0,0
20170217T,429486.0,429486.0,429486.0,429486.0,0
20170220T,468545.0,468545.0,468545.0,468545.0,0
20170221T,487415.0,487415.0,487415.0,487415.0,0
20170222T,496784.0,496784.0,496784.0,496784.0,0
20170223T,359628.0,359628.0,359628.0,359628.0,0
20170227T,361381.0,361381.0,361381.0,361381.0,0
20170228T,369615.0,369615.0,369615.0,369615.0,0
20170301T,369126.0,369126.0,369126.0,369126.0,0
20170302T,370221.0,370221.0,370221.0,370221.0,0
20170303T,374766.0,374766.0,374766.0,374766.0,0
20170306T,376181.0,376181.0,376181.0,376181.0,0
20170307T,367299.0,367299.0,367299.0,367299.0,0
20170308T,368445.0,368445.0,368445.0,368445.0,0
20170309T,369137.0,369137.0,369137.0,369137.0,0
20170310T,366694.0,366694.0,366694.0,366694.0,0
20170314T,375323.0,375323.0,375323.0,375323.0,0
20170315T,376714.0,376714.0,376714.0,376714.0,0
20170316T,379868.0,379868.0,379868.0,379868.0,0
20170317T,382033.0,382033.0,382033.0,382033.0,0
20170320T,374668.0,374668.0,374668.0,374668.0,0
20170321T,365304.0,365304.0,365304.0,365304.0,0
20170322T,358190.0,358190.0,358190.0,358190.0,0
20170323T,357646.0,357646.0,357646.0,357646.0,0
20170324T,357847.0,357847.0,357847.0,357847.0,0
20170327T,373173.0,373173.0,373173.0,373173.0,0
20170328T,467233.0,467233.0,467233.0,467233.0,0
20170329T,557606.0,557606.0,557606.0,557606.0,0
20170330T,433596.0,433596.0,433596.0,433596.0,0
20170331T,443022.0,443022.0,443022.0,443022.0,0
20170403T,451190.0,451190.0,451190.0,451190.0,0
20170405T,453557.0,453557.0,453557.0,453557.0,0
20170406T,449240.0,449240.0,449240.0,449240.0,0
20170407T,448977.0,448977.0,448977.0,448977.0,0
20170410T,452217.0,452217.0,452217.0,452217.0,0
20170411T,455223.0,455223.0,455223.0,455223.0,0
20170412T,452453.0,452453.0,452453.0,452453.0,0
20170413T,449995.0,449995.0,449995.0,449995.0,0
20170417T,448274.0,448274.0,448274.0,448274.0,0
20170418T,448456.0,448456.0,448456.0,448456.0,0
20170419T,447979.0,447979.0,447979.0,447979.0,0
20170420T,440069.0,440069.0,440069.0,440069.0,0
20170421T,439240.0,439240.0,439240.0,439240.0,0
20170424T,499233.0,499233.0,499233.0,499233.0,0
20170425T,559243.0,559243.0,559243.0,559243.0,0
20170426T,598032.0,598032.0,598032.0,598032.0,0
20170427T,353587.0,353587.0,353587.0,353587.0,0
20170428T,378013.0,378013.0,378013.0,378013.0,0
20170502T,383702.0,383702.0,383702.0,383702.0,0
20170503T,386477.0,386477.0,386477.0,386477.0,0
20170504T,392868.0,392868.0,392868.0,392868.0,0
20170505T,393034.0,393034.0,393034.0,393034.0,0
20170508T,395372.0,395372.0,395372.0,395372.0,0
20170509T,393154.0,393154.0,393154.0,393154.0,0
20170510T,400335.0,400335.0,400335.0,400335.0,0
20170511T,406965.0,406965.0,406965.0,406965.0,0
20170512T,411008.0,411008.0,411008.0,411008.0,0
20170515T,414635.0,414635.0,414635.0,414635.0,0
20170516T,418581.0,418581.0,418581.0,418581.0,0
20170517T,426144.0,426144.0,426144.0,426144.0,0
20170518T,418297.0,418297.0,418297.0,418297.0,0
20170519T,421081.0,421081.0,421081.0,421081.0,0
20170522T,451335.0,451335.0,451335.0,451335.0,0
20170523T,489929.0,489929.0,489929.0,489929.0,0
20170524T,520677.0,520677.0,520677.0,520677.0,0
20170525T,388046.0,388046.0,388046.0,388046.0,0
20170526T,399979.0,399979.0,399979.0,399979.0,0
20170529T,406245.0,406245.0,406245.0,406245.0,0
20170530T,419765.0,419765.0,419765.0,419765.0,0
20170531T,438842.0,438842.0,438842.0,438842.0,0
20170601T,435711.0,435711.0,435711.0,435711.0,0
20170602T,427481.0,427481.0,427481.0,427481.0,0
20170605T,431805.0,431805.0,431805.0,431805.0,0
20170606T,427546.0,427546.0,427546.0,427546.0,0
20170607T,427869.0,427869.0,427869.0,427869.0,0
20170608T,428370.0,428370.0,428370.0,428370.0,0
20170609T,429734.0,429734.0,429734.0,429734.0,0
20170612T,429789.0,429789.0,429789.0,429789.0,0
20170613T,431444.0,431444.0,431444.0,431444.0,0
20170614T,431334.0,431334.0,431334.0,431334.0,0
20170615T,424763.0,424763.0,424763.0,424763.0,0
20170616T,421867.0,421867.0,421867.0,421867.0,0
20170619T,417984.0,417984.0,417984.0,417984.0,0
20170620T,418666.0,418666.0,418666.0,418666.0,0
20170621T,415714.0,415714.0,415714.0,415714.0,0
20170622T,412731.0,412731.0,412731.0,412731.0,0
20170623T,413788.0,413788.0,413788.0,413788.0,0
20170627T,431353.0,431353.0,431353.0,431353.0,0
20170628T,462794.0,462794.0,462794.0,462794.0,0
20170629T,371488.0,371488.0,371488.0,371488.0,0
20170630T,384591.0,384591.0,384591.0,384591.0,0
20170703T,397277.0,397277.0,397277.0,397277.0,0
20170704T,398917.0,398917.0,398917.0,398917.0,0
20170705T,402402.0,402402.0,402402.0,402402.0,0
20170706T,409078.0,409078.0,409078.0,409078.0,0
20170707T,410322.0,410322.0,410322.0,410322.0,0
20170710T,410919.0,410919.0,410919.0,410919.0,0
20170711T,404990.0,404990.0,404990.0,404990.0,0
20170712T,402197.0,402197.0,402197.0,402197.0,0
20170713T,408279.0,408279.0,408279.0,408279.0,0
20170714T,405638.0,405638.0,405638.0,405638.0,0
20170717T,399574.0,399574.0,399574.0,399574.0,0
20170718T,376876.0,376876.0,376876.0,376876.0,0
20170719T,371198.0,371198.0,371198.0,371198.0,0
20170720T,365490.0,365490.0,365490.0,365490.0,0
20170721T,366720.0,366720.0,366720.0,366720.0,0
20170724T,379436.0,379436.0,379436.0,379436.0,0
20170725T,382586.0,382586.0,382586.0,382586.0,0
20170726T,394454.0,394454.0,394454.0,394454.0,0
20170727T,303094.0,303094.0,303094.0,303094.0,0
20170728T,315733.0,315733.0,315733.0,315733.0,0
20170731T,324279.0,324279.0,324279.0,324279.0,0
20170801T,328232.0,328232.0,328232.0,328232.0,0
20170802T,329247.0,329247.0,329247.0,329247.0,0
20170803T,333823.0,333823.0,333823.0,333823.0,0
20170804T,336678.0,336678.0,336678.0,336678.0,0
20170807T,333940.0,333940.0,333940.0,333940.0,0
20170808T,334551.0,334551.0,334551.0,334551.0,0
20170809T,338419.0,338419.0,338419.0,338419.0,0
20170810T,343827.0,343827.0,343827.0,343827.0,0
20170811T,347935.0,347935.0,347935.0,347935.0,0
20170814T,353753.0,353753.0,353753.0,353753.0,0
20170816T,357392.0,357392.0,357392.0,357392.0,0
20170817T,364953.0,364953.0,364953.0,364953.0,0
20170818T,361455.0,361455.0,361455.0,361455.0,0
20170821T,368229.0,368229.0,368229.0,368229.0,0
20170822T,372961.0,372961.0,372961.0,372961.0,0
20170823T,368800.0,368800.0,368800.0,368800.0,0
20170824T,364919.0,364919.0,364919.0,364919.0,0
20170828T,366508.0,366508.0,366508.0,366508.0,0
20170829T,364835.0,364835.0,364835.0,364835.0,0
20170830T,367810.0,367810.0,367810.0,367810.0,0
20170831T,303035.0,303035.0,303035.0,303035.0,0
20170901T,310951.0,310951.0,310951.0,310951.0,0
20170904T,317223.0,317223.0,317223.0,317223.0,0
20170905T,322343.0,322343.0,322343.0,322343.0,0
20170906T,333116.0,333116.0,333116.0,333116.0,0
20170907T,334654.0,334654.0,334654.0,334654.0,0
20170908T,336031.0,336031.0,336031.0,336031.0,0
20170911T,339961.0,339961.0,339961.0,339961.0,0
20170912T,345305.0,345305.0,345305.0,345305.0,0
20170913T,349477.0,349477.0,349477.0,349477.0,0
20170914T,352362.0,352362.0,352362.0,352362.0,0
20170915T,357407.0,357407.0,357407.0,357407.0,0
20170918T,361302.0,361302.0,361302.0,361302.0,0
20170919T,368211.0,368211.0,368211.0,368211.0,0
20170920T,365632.0,365632.0,365632.0,365632.0,0
20170921T,365123.0,365123.0,365123.0,365123.0,0
20170922T,365783.0,365783.0,365783.0,365783.0,0
20170925T,358983.0,358983.0,358983.0,358983.0,0
20170926T,366272.0,366272.0,366272.0,366272.0,0
20170927T,379132.0,379132.0,379132.0,379132.0,0
20170928T,344964.0,344964.0,344964.0,344964.0,0
20170929T,360593.0,360593.0,360593.0,360593.0,0
20171003T,381090.0,381090.0,381090.0,381090.0,0
20171004T,397689.0,397689.0,397689.0,397689.0,0
20171005T,401061.0,401061.0,401061.0,401061.0,0
20171006T,405309.0,405309.0,405309.0,405309.0,0
20171009T,408063.0,408063.0,408063.0,408063.0,0
20171010T,415938.0,415938.0,415938.0,415938.0,0
20171011T,424693.0,424693.0,424693.0,424693.0,0
20171012T,435422.0,435422.0,435422.0,435422.0,0
20171013T,445331.0,445331.0,445331.0,445331.0,0
20171016T,447641.0,447641.0,447641.0,447641.0,0
20171017T,448842.0,448842.0,448842.0,448842.0,0
20171018T,436720.0,436720.0,436720.0,436720.0,0
20171019T,436424.0,436424.0,436424.0,436424.0,0
20171023T,438108.0,438108.0,438108.0,438108.0,0
20171024T,439689.0,439689.0,439689.0,439689.0,0
20171025T,462411.0,462411.0,462411.0,462411.0,0
20171026T,431354.0,431354.0,431354.0,431354.0,0
20171027T,438813.0,438813.0,438813.0,438813.0,0
20171030T,449375.0,449375.0,449375.0,449375.0,0
20171031T,456132.0,456132.0,456132.0,456132.0,0
20171101T,463158.0,463158.0,463158.0,463158.0,0
20171102T,464815.0,464815.0,464815.0,464815.0,0
20171103T,469620.0,469620.0,469620.0,469620.0,0
20171106T,467999.0,467999.0,467999.0,467999.0,0
20171107T,462091.0,462091.0,462091.0,462091.0,0
20171108T,455796.0,455796.0,455796.0,455796.0,0
20171109T,454191.0,454191.0,454191.0,454191.0,0
20171110T,458668.0,458668.0,458668.0,458668.0,0
20171113T,457940.0,457940.0,457940.0,457940.0,0
20171114T,445809.0,445809.0,445809.0,445809.0,0
20171115T,443217.0,443217.0,443217.0,443217.0,0
20171116T,438880.0,438880.0,438880.0,438880.0,0
20171117T,431970.0,431970.0,431970.0,431970.0,0
20171120T,428375.0,428375.0,428375.0,428375.0,0
20171121T,428386.0,428386.0,428386.0,428386.0,0
20171122T,427304.0,427304.0,427304.0,427304.0,0
20171123T,421184.0,421184.0,421184.0,421184.0,0
20171124T,416584.0,416584.0,416584.0,416584.0,0
20171127T,413721.0,413721.0,413721.0,413721.0,0
20171128T,408814.0,408814.0,408814.0,408814.0,0
20171129T,403279.0,403279.0,403279.0,403279.0,0
20171130T,361678.0,361678.0,361678.0,361678.0,0
20171201T,370263.0,370263.0,370263.0,370263.0,0
20171204T,378931.0,378931.0,378931.0,378931.0,0
20171205T,386389.0,386389.0,386389.0,386389.0,0
20171206T,397637.0,397637.0,397637.0,397637.0,0
20171207T,399970.0,399970.0,399970.0,399970.0,0
20171208T,407594.0,407594.0,407594.0,407594.0,0
20171211T,414379.0,414379.0,414379.0,414379.0,0
20171212T,421313.0,421313.0,421313.0,421313.0,0
20171213T,422203.0,422203.0,422203.0,422203.0,0
20171214T,429076.0,429076.0,429076.0,429076.0,0
20171215T,436073.0,436073.0,436073.0,436073.0,0
20171218T,440266.0,440266.0,440266.0,440266.0,0
20171219T,445348.0,445348.0,445348.0,445348.0,0
20171220T,442699.0,442699.0,442699.0,442699.0,0
20171221T,437782.0,437782.0,437782.0,437782.0,0
20171222T,434443.0,434443.0,434443.0,434443.0,0
20171226T,437468.0,437468.0,437468.0,437468.0,0
20171227T,446814.0,446814.0,446814.0,446814.0,0
20171228T,368518.0,368518.0,368518.0,368518.0,0
20171229T,382888.0,382888.0,382888.0,382888.0,0
20180101T,382288.0,382288.0,382288.0,382288.0,0
20180102T,386403.0,386403.0,386403.0,386403.0,0
20180103T,388519.0,388519.0,388519.0,388519.0,0
20180104T,389179.0,389179.0,389179.0,389179.0,0
20180105T,392917.0,392917.0,392917.0,392917.0,0
20180108T,395687.0,395687.0,395687.0,395687.0,0
20180109T,400743.0,400743.0,400743.0,400743.0,0
20180110T,405268.0,405268.0,405268.0,405268.0,0
20180111T,410665.0,410665.0,410665.0,410665.0,0
20180112T,421735.0,421735.0,421735.0,421735.0,0
20180115T,435985.0,435985.0,435985.0,435985.0,0
20180116T,446523.0,446523.0,446523.0,446523.0,0
20180117T,461957.0,461957.0,461957.0,461957.0,0
20180118T,474991.0,474991.0,474991.0,474991.0,0
20180119T,480383.0,480383.0,480383.0,480383.0,0
20180122T,485961.0,485961.0,485961.0,485961.0,0
20180123T,503700.0,503700.0,503700.0,503700.0,0
20180124T,513917.0,513917.0,513917.0,513917.0,0
20180125T,462772.0,462772.0,462772.0,462772.0,0
20180129T,484850.0,484850.0,484850.0,484850.0,0
20180130T,498445.0,498445.0,498445.0,498445.0,0
20180131T,499000.0,499000.0,499000.0,499000.0,0
20180201T,508405.0,508405.0,508405.0,508405.0,0
20180202T,517913.0,517913.0,517913.0,517913.0,0
20180205T,524349.0,524349.0,524349.0,524349.0,0
20180206T,533975.0,533975.0,533975.0,533975.0,0
20180207T,552137.0,552137.0,552137.0,552137.0,0
20180208T,563818.0,563818.0,563818.0,563818.0,0
20180209T,562864.0,562864.0,562864.0,562864.0,0
20180212T,567153.0,567153.0,567153.0,567153.0,0
20180214T,573301.0,573301.0,573301.0,573301.0,0
20180215T,574320.0,574320.0,574320.0,574320.0,0
20180216T,568782.0,568782.0,568782.0,568782.0,0
20180219T,570921.0,570921.0,570921.0,570921.0,0
20180220T,584230.0,584230.0,584230.0,584230.0,0
20180221T,603577.0,603577.0,603577.0,603577.0,0
20180222T,529222.0,529222.0,529222.0,529222.0,0
20180223T,545012.0,545012.0,545012.0,545012.0,0
20180226T,550020.0,550020.0,550020.0,550020.0,0
20180227T,560554.0,560554.0,560554.0,560554.0,0
20180228T,575454.0,575454.0,575454.0,575454.0,0
20180301T,576773.0,576773.0,576773.0,576773.0,0
20180305T,580923.0,580923.0,580923.0,580923.0,0
20180306T,593579.0,593579.0,593579.0,593579.0,0
20180307T,601254.0,601254.0,601254.0,601254.0,0
20180308T,606876.0,606876.0,606876.0,606876.0,0
20180309T,610497.0,610497.0,610497.0,610497.0,0
20180312T,621650.0,621650.0,621650.0,621650.0,0
20180313T,626569.0,626569.0,626569.0,626569.0,0
20180314T,631397.0,631397.0,631397.0,631397.0,0
20180315T,630061.0,630061.0,630061.0,630061.0,0
20180316T,633180.0,633180.0,633180.0,633180.0,0
20180319T,633103.0,633103.0,633103.0,633103.0,0
20180320T,637897.0,637897.0,637897.0,637897.0,0
20180321T,635515.0,635515.0,635515.0,635515.0,0
20180322T,634825.0,634825.0,634825.0,634825.0,0
20180323T,631661.0,631661.0,631661.0,631661.0,0
20180326T,640099.0,640099.0,640099.0,640099.0,0
20180327T,653555.0,653555.0,653555.0,653555.0,0
20180328T,605355.0,605355.0,605355.0,605355.0,0
20180402T,621197.0,621197.0,621197.0,621197.0,0
20180403T,624488.0,624488.0,624488.0,624488.0,0
20180404T,629293.0,629293.0,629293.0,629293.0,0
20180405T,643714.0,643714.0,643714.0,643714.0,0
20180406T,643678.0,643678.0,643678.0,643678.0,0
20180409T,642904.0,642904.0,642904.0,642904.0,0
20180410T,647921.0,647921.0,647921.0,647921.0,0
20180411T,649821.0,649821.0,649821.0,649821.0,0
20180412T,655067.0,655067.0,655067.0,655067.0,0
20180413T,658813.0,658813.0,658813.0,658813.0,0
20180416T,662103.0,662103.0,662103.0,662103.0,0
20180417T,661648.0,661648.0,661648.0,661648.0,0
20180418T,663387.0,663387.0,663387.0,663387.0,0
20180419T,660895.0,660895.0,660895.0,660895.0,0
20180420T,653587.0,653587.0,653587.0,653587.0,0
20180423T,653579.0,653579.0,653579.0,653579.0,0
20180424T,659215.0,659215.0,659215.0,659215.0,0
20180425T,667175.0,667175.0,667175.0,667175.0,0
20180426T,611909.0,611909.0,611909.0,611909.0,0
20180427T,640882.0,640882.0,640882.0,640882.0,0
20180430T,646690.0,646690.0,646690.0,646690.0,0
20180502T,649860.0,649860.0,649860.0,649860.0,0
20180503T,656555.0,656555.0,656555.0,656555.0,0
20180504T,660723.0,660723.0,660723.0,660723.0,0
20180507T,665254.0,665254.0,665254.0,665254.0,0
20180508T,671432.0,671432.0,671432.0,671432.0,0
20180509T,676163.0,676163.0,676163.0,676163.0,0
20180510T,678882.0,678882.0,678882.0,678882.0,0
20180511T,686976.0,686976.0,686976.0,686976.0,0
20180514T,691972.0,691972.0,691972.0,691972.0,0
20180515T,696678.0,696678.0,696678.0,696678.0,0
20180516T,698289.0,698289.0,698289.0,698289.0,0
20180517T,701476.0,701476.0,701476.0,701476.0,0
20180518T,703309.0,703309.0,703309.0,703309.0,0
20180521T,701644.0,701644.0,701644.0,701644.0,0
20180522T,704568.0,704568.0,704568.0,704568.0,0
20180523T,710094.0,710094.0,710094.0,710094.0,0
20180524T,711386.0,711386.0,711386.0,711386.0,0
20180525T,704538.0,704538.0,704538.0,704538.0,0
20180528T,704928.0,704928.0,704928.0,704928.0,0
20180529T,722408.0,722408.0,722408.0,722408.0,0
20180530T,734574.0,734574.0,734574.0,734574.0,0
20180531T,658734.0,658734.0,658734.0,658734.0,0
20180601T,675432.0,675432.0,675432.0,675432.0,0
20180604T,679575.0,679575.0,679575.0,679575.0,0
20180605T,680676.0,680676.0,680676.0,680676.0,0
20180606T,687232.0,687232.0,687232.0,687232.0,0
20180607T,693914.0,693914.0,693914.0,693914.0,0
20180608T,695719.0,695719.0,695719.0,695719.0,0
20180611T,701549.0,701549.0,701549.0,701549.0,0
20180612T,708323.0,708323.0,708323.0,708323.0,0
20180614T,702705.0,702705.0,702705.0,702705.0,0
20180615T,708780.0,708780.0,708780.0,708780.0,0
20180618T,712902.0,712902.0,712902.0,712902.0,0
20180619T,712352.0,712352.0,712352.0,712352.0,0
20180620T,712968.0,712968.0,712968.0,712968.0,0
20180621T,702396.0,702396.0,702396.0,702396.0,0
20180622T,696020.0,696020.0,696020.0,696020.0,0
20180625T,686877.0,686877.0,686877.0,686877.0,0
20180626T,693418.0,693418.0,693418.0,693418.0,0
20180627T,698629.0,698629.0,698629.0,698629.0,0
20180628T,630598.0,630598.0,630598.0,630598.0,0
20180629T,643686.0,643686.0,643686.0,643686.0,0
20180702T,653650.0,653650.0,653650.0,653650.0,0
20180703T,658894.0,658894.0,658894.0,658894.0,0
20180704T,659188.0,659188.0,659188.0,659188.0,0
20180705T,659641.0,659641.0,659641.0,659641.0,0
20180706T,660838.0,660838.0,660838.0,660838.0,0
20180709T,659546.0,659546.0,659546.0,659546.0,0
20180710T,660749.0,660749.0,660749.0,660749.0,0
20180711T,663937.0,663937.0,663937.0,663937.0,0
20180712T,673518.0,673518.0,673518.0,673518.0,0
20180713T,679773.0,679773.0,679773.0,679773.0,0
20180716T,676441.0,676441.0,676441.0,676441.0,0
20180717T,679634.0,679634.0,679634.0,679634.0,0
20180718T,675653.0,675653.0,675653.0,675653.0,0
20180719T,674959.0,674959.0,674959.0,674959.0,0
20180720T,674240.0,674240.0,674240.0,674240.0,0
20180723T,670996.0,670996.0,670996.0,670996.0,0
20180724T,683569.0,683569.0,683569.0,683569.0,0
20180725T,690786.0,690786.0,690786.0,690786.0,0
20180726T,631227.0,631227.0,631227.0,631227.0,0
20180727T,649328.0,649328.0,649328.0,649328.0,0
20180730T,664174.0,664174.0,664174.0,664174.0,0
20180731T,675030.0,675030.0,675030.0,675030.0,0
20180801T,683347.0,683347.0,683347.0,683347.0,0
20180802T,684872.0,684872.0,684872.0,684872.0,0
20180803T,685467.0,685467.0,685467.0,685467.0,0
20180806T,689214.0,689214.0,689214.0,689214.0,0
20180807T,692073.0,692073.0,692073.0,692073.0,0
20180808T,693760.0,693760.0,693760.0,693760.0,0
20180809T,702030.0,702030.0,702030.0,702030.0,0
20180810T,705553.0,705553.0,705553.0,705553.0,0
20180813T,711759.0,711759.0,711759.0,711759.0,0
20180814T,715492.0,715492.0,715492.0,715492.0,0
20180816T,717657.0,717657.0,717657.0,717657.0,0
20180817T,726084.0,726084.0,726084.0,726084.0,0
20180820T,729340.0,729340.0,729340.0,729340.0,0
20180821T,727714.0,727714.0,727714.0,727714.0,0
20180823T,728635.0,728635.0,728635.0,728635.0,0
20180824T,726185.0,726185.0,726185.0,726185.0,0
20180827T,734568.0,734568.0,734568.0,734568.0,0
20180828T,736421.0,736421.0,736421.0,736421.0,0
20180829T,761809.0,761809.0,761809.0,761809.0,0
20180830T,673895.0,673895.0,673895.0,673895.0,0
20180831T,679452.0,679452.0,679452.0,679452.0,0
20180903T,674107.0,674107.0,674107.0,674107.0,0
20180904T,671863.0,671863.0,671863.0,671863.0,0
20180905T,674423.0,674423.0,674423.0,674423.0,0
20180906T,681492.0,681492.0,681492.0,681492.0,0
20180907T,692614.0,692614.0,692614.0,692614.0,0
20180910T,694764.0,694764.0,694764.0,694764.0,0
20180911T,696829.0,696829.0,696829.0,696829.0,0
20180912T,707228.0,707228.0,707228.0,707228.0,0
20180914T,712008.0,712008.0,712008.0,712008.0,0
20180917T,710534.0,710534.0,710534.0,710534.0,0
20180918T,708593.0,708593.0,708593.0,708593.0,0
20180919T,710858.0,710858.0,710858.0,710858.0,0
20180921T,731474.0,731474.0,731474.0,731474.0,0
20180924T,733757.0,733757.0,733757.0,733757.0,0
20180925T,753114.0,753114.0,753114.0,753114.0,0
20180926T,762527.0,762527.0,762527.0,762527.0,0
20180927T,687132.0,687132.0,687132.0,687132.0,0
20180928T,709916.0,709916.0,709916.0,709916.0,0
20181001T,731004.0,731004.0,731004.0,731004.0,0
20181003T,737301.0,737301.0,737301.0,737301.0,0
20181004T,746491.0,746491.0,746491.0,746491.0,0
20181005T,757984.0,757984.0,757984.0,757984.0,0
20181008T,778391.0,778391.0,778391.0,778391.0,0
20181009T,787014.0,787014.0,787014.0,787014.0,0
20181010T,801658.0,801658.0,801658.0,801658.0,0
20181011T,808440.0,808440.0,808440.0,808440.0,0
20181012T,811768.0,811768.0,811768.0,811768.0,0
20181015T,810027.0,810027.0,810027.0,810027.0,0
20181016T,815220.0,815220.0,815220.0,815220.0,0
20181017T,827632.0,827632.0,827632.0,827632.0,0
20181019T,825450.0,825450.0,825450.0,825450.0,0
20181022T,833124.0,833124.0,833124.0,833124.0,0
20181023T,854863.0,854863.0,854863.0,854863.0,0
20181024T,869372.0,869372.0,869372.0,869372.0,0
20181025T,771721.0,771721.0,771721.0,771721.0,0
20181026T,885922.0,885922.0,885922.0,885922.0,0
20181029T,903243.0,903243.0,903243.0,903243.0,0
20181030T,900043.0,900043.0,900043.0,900043.0,0
20181031T,917203.0,917203.0,917203.0,917203.0,0
20181101T,920042.0,920042.0,920042.0,920042.0,0
20181102T,916320.0,916320.0,916320.0,916320.0,0
20181105T,908561.0,908561.0,908561.0,908561.0,0
20181106T,898105.0,898105.0,898105.0,898105.0,0
20181107T,898884.0,898884.0,898884.0,898884.0,0
20181109T,896601.0,896601.0,896601.0,896601.0,0
20181112T,893345.0,893345.0,893345.0,893345.0,0
20181113T,892092.0,892092.0,892092.0,892092.0,0
20181114T,892406.0,892406.0,892406.0,892406.0,0
20181115T,893718.0,893718.0,893718.0,893718.0,0
20181116T,896428.0,896428.0,896428.0,896428.0,0
20181119T,896646.0,896646.0,896646.0,896646.0,0
20181120T,892172.0,892172.0,892172.0,892172.0,0
20181121T,895463.0,895463.0,895463.0,895463.0,0
20181122T,895003.0,895003.0,895003.0,895003.0,0
20181126T,913336.0,913336.0,913336.0,913336.0,0
20181127T,921112.0,921112.0,921112.0,921112.0,0
20181128T,927762.0,927762.0,927762.0,927762.0,0
20181129T,854312.0,854312.0,854312.0,854312.0,0
20181130T,879023.0,879023.0,879023.0,879023.0,0
20181203T,891799.0,891799.0,891799.0,891799.0,0
20181204T,893300.0,893300.0,893300.0,893300.0,0
20181205T,883104.0,883104.0,883104.0,883104.0,0
20181206T,881893.0,881893.0,881893.0,881893.0,0
20181207T,892761.0,892761.0,892761.0,892761.0,0
20181210T,886786.0,886786.0,886786.0,886786.0,0
20181211T,892255.0,892255.0,892255.0,892255.0,0
20181212T,894962.0,894962.0,894962.0,894962.0,0
20181213T,895357.0,895357.0,895357.0,895357.0,0
20181214T,897875.0,897875.0,897875.0,897875.0,0
20181217T,897011.0,897011.0,897011.0,897011.0,0
20181218T,895322.0,895322.0,895322.0,895322.0,0
20181219T,896403.0,896403.0,896403.0,896403.0,0
20181220T,889328.0,889328.0,889328.0,889328.0,0
20181221T,879604.0,879604.0,879604.0,879604.0,0
20181224T,888995.0,888995.0,888995.0,888995.0,0
20181226T,904012.0,904012.0,904012.0,904012.0,0
20181227T,774449.0,774449.0,774449.0,774449.0,0
20181228T,786881.0,786881.0,786881.0,786881.0,0
20181231T,789457.0,789457.0,789457.0,789457.0,0
20190101T,789094.0,789094.0,789094.0,789094.0,0
20190102T,787724.0,787724.0,787724.0,787724.0,0
20190103T,787437.0,787437.0,787437.0,787437.0,0
20190104T,794410.0,794410.0,794410.0,794410.0,0
20190107T,799782.0,799782.0,799782.0,799782.0,0
20190108T,807826.0,807826.0,807826.0,807826.0,0
20190109T,808393.0,808393.0,808393.0,808393.0,0
20190110T,811800.0,811800.0,811800.0,811800.0,0
20190111T,813751.0,813751.0,813751.0,813751.0,0
20190114T,820596.0,820596.0,820596.0,820596.0,0
20190115T,831639.0,831639.0,831639.0,831639.0,0
20190116T,839479.0,839479.0,839479.0,839479.0,0
20190117T,845174.0,845174.0,845174.0,845174.0,0
20190118T,849497.0,849497.0,849497.0,849497.0,0
20190121T,860835.0,860835.0,860835.0,860835.0,0
20190122T,868894.0,868894.0,868894.0,868894.0,0
20190123T,864240.0,864240.0,864240.0,864240.0,0
20190124T,881987.0,881987.0,881987.0,881987.0,0
20190125T,889047.0,889047.0,889047.0,889047.0,0
20190128T,905781.0,905781.0,905781.0,905781.0,0
20190129T,918240.0,918240.0,918240.0,918240.0,0
20190130T,939708.0,939708.0,939708.0,939708.0,0
20190131T,880814.0,880814.0,880814.0,880814.0,0
20190201T,910173.0,910173.0,910173.0,910173.0,0
20190204T,917631.0,917631.0,917631.0,917631.0,0
20190205T,917912.0,917912.0,917912.0,917912.0,0
20190206T,927235.0,927235.0,927235.0,927235.0,0
20190207T,931783.0,931783.0,931783.0,931783.0,0
20190208T,934668.0,934668.0,934668.0,934668.0,0
20190211T,935563.0,935563.0,935563.0,935563.0,0
20190212T,935181.0,935181.0,935181.0,935181.0,0
20190213T,933026.0,933026.0,933026.0,933026.0,0
20190214T,937892.0,937892.0,937892.0,937892.0,0
20190215T,936967.0,936967.0,936967.0,936967.0,0
20190218T,943426.0,943426.0,943426.0,943426.0,0
20190219T,952224.0,952224.0,952224.0,952224.0,0
20190220T,955652.0,955652.0,955652.0,955652.0,0
20190221T,958424.0,958424.0,958424.0,958424.0,0
20190222T,952773.0,952773.0,952773.0,952773.0,0
20190225T,950099.0,950099.0,950099.0,950099.0,0
20190226T,964860.0,964860.0,964860.0,964860.0,0
20190227T,972709.0,972709.0,972709.0,972709.0,0
20190228T,881849.0,881849.0,881849.0,881849.0,0
20190301T,894247.0,894247.0,894247.0,894247.0,0
20190305T,904583.0,904583.0,904583.0,904583.0,0
20190306T,903956.0,903956.0,903956.0,903956.0,0
20190307T,896717.0,896717.0,896717.0,896717.0,0
20190308T,886331.0,886331.0,886331.0,886331.0,0
20190311T,895420.0,895420.0,895420.0,895420.0,0
20190312T,898632.0,898632.0,898632.0,898632.0,0
20190313T,894857.0,894857.0,894857.0,894857.0,0
20190314T,899111.0,899111.0,899111.0,899111.0,0
20190315T,891856.0,891856.0,891856.0,891856.0,0
20190318T,887129.0,887129.0,887129.0,887129.0,0
20190319T,885656.0,885656.0,885656.0,885656.0,0
20190320T,883346.0,883346.0,883346.0,883346.0,0
20190322T,877141.0,877141.0,877141.0,877141.0,0
20190325T,886229.0,886229.0,886229.0,886229.0,0
20190326T,912185.0,912185.0,912185.0,912185.0,0
20190327T,915468.0,915468.0,915468.0,915468.0,0
20190328T,829760.0,829760.0,829760.0,829760.0,0
20190329T,841847.0,841847.0,841847.0,841847.0,0
20190401T,848407.0,848407.0,848407.0,848407.0,0
20190402T,861958.0,861958.0,861958.0,861958.0,0
20190403T,877823.0,877823.0,877823.0,877823.0,0
20190404T,869696.0,869696.0,869696.0,869696.0,0
20190405T,864302.0,864302.0,864302.0,864302.0,0
20190408T,857631.0,857631.0,857631.0,857631.0,0
20190409T,849397.0,849397.0,849397.0,849397.0,0
20190410T,844408.0,844408.0,844408.0,844408.0,0
20190411T,836155.0,836155.0,836155.0,836155.0,0
20190412T,830308.0,830308.0,830308.0,830308.0,0
20190415T,835011.0,835011.0,835011.0,835011.0,0
20190416T,837457.0,837457.0,837457.0,837457.0,0
20190418T,839120.0,839120.0,839120.0,839120.0,0
20190422T,858347.0,858347.0,858347.0,858347.0,0
20190423T,891237.0,891237.0,891237.0,891237.0,0
20190424T,914445.0,914445.0,914445.0,914445.0,0
20190425T,756592.0,756592.0,756592.0,756592.0,0
20190426T,811380.0,811380.0,811380.0,811380.0,0
20190430T,825005.0,825005.0,825005.0,825005.0,0
20190502T,840861.0,840861.0,840861.0,840861.0,0
20190503T,851646.0,851646.0,851646.0,851646.0,0
20190506T,853328.0,853328.0,853328.0,853328.0,0
20190507T,861082.0,861082.0,861082.0,861082.0,0
20190508T,853165.0,853165.0,853165.0,853165.0,0
20190509T,847145.0,847145.0,847145.0,847145.0,0
20190510T,852466.0,852466.0,852466.0,852466.0,0
20190513T,867071.0,867071.0,867071.0,867071.0,0
20190514T,870715.0,870715.0,870715.0,870715.0,0
20190515T,878019.0,878019.0,878019.0,878019.0,0
20190516T,886387.0,886387.0,886387.0,886387.0,0
20190517T,892804.0,892804.0,892804.0,892804.0,0
20190520T,899125.0,899125.0,899125.0,899125.0,0
20190521T,891877.0,891877.0,891877.0,891877.0,0
20190522T,889411.0,889411.0,889411.0,889411.0,0
20190523T,886214.0,886214.0,886214.0,886214.0,0
20190524T,879017.0,879017.0,879017.0,879017.0,0
20190527T,889141.0,889141.0,889141.0,889141.0,0
20190528T,880713.0,880713.0,880713.0,880713.0,0
20190529T,860713.0,860713.0,860713.0,860713.0,0
20190530T,778561.0,778561.0,778561.0,778561.0,0
20190531T,826624.0,826624.0,826624.0,826624.0,0
20190603T,845443.0,845443.0,845443.0,845443.0,0
20190604T,842676.0,842676.0,842676.0,842676.0,0
20190606T,835610.0,835610.0,835610.0,835610.0,0
20190607T,829919.0,829919.0,829919.0,829919.0,0
20190610T,832907.0,832907.0,832907.0,832907.0,0
20190611T,835553.0,835553.0,835553.0,835553.0,0
20190612T,831961.0,831961.0,831961.0,831961.0,0
20190613T,834293.0,834293.0,834293.0,834293.0,0
20190614T,827032.0,827032.0,827032.0,827032.0,0
20190617T,826267.0,826267.0,826267.0,826267.0,0
20190618T,830561.0,830561.0,830561.0,830561.0,0
20190619T,829810.0,829810.0,829810.0,829810.0,0
20190620T,844765.0,844765.0,844765.0,844765.0,0
20190621T,841644.0,841644.0,841644.0,841644.0,0
20190624T,847431.0,847431.0,847431.0,847431.0,0
20190625T,837812.0,837812.0,837812.0,837812.0,0
20190626T,846665.0,846665.0,846665.0,846665.0,0
20190627T,776512.0,776512.0,776512.0,776512.0,0
20190628T,783481.0,783481.0,783481.0,783481.0,0
20190701T,786493.0,786493.0,786493.0,786493.0,0
20190702T,789699.0,789699.0,789699.0,789699.0,0
20190703T,794804.0,794804.0,794804.0,794804.0,0
20190704T,797464.0,797464.0,797464.0,797464.0,0
20190705T,801095.0,801095.0,801095.0,801095.0,0
20190708T,803165.0,803165.0,803165.0,803165.0,0
20190709T,812102.0,812102.0,812102.0,812102.0,0
20190710T,818112.0,818112.0,818112.0,818112.0,0
20190711T,824721.0,824721.0,824721.0,824721.0,0
20190712T,833885.0,833885.0,833885.0,833885.0,0
20190715T,840528.0,840528.0,840528.0,840528.0,0
20190716T,844389.0,844389.0,844389.0,844389.0,0
20190717T,841816.0,841816.0,841816.0,841816.0,0
20190718T,851507.0,851507.0,851507.0,851507.0,0
20190719T,856913.0,856913.0,856913.0,856913.0,0
20190722T,880147.0,880147.0,880147.0,880147.0,0
20190723T,868192.0,868192.0,868192.0,868192.0,0
20190724T,873697.0,873697.0,873697.0,873697.0,0
20190725T,815857.0,815857.0,815857.0,815857.0,0
20190726T,831189.0,831189.0,831189.0,831189.0,0
20190729T,837474.0,837474.0,837474.0,837474.0,0
20190730T,859961.0,859961.0,859961.0,859961.0,0
20190731T,875475.0,875475.0,875475.0,875475.0,0
20190801T,881701.0,881701.0,881701.0,881701.0,0
20190802T,904141.0,904141.0,904141.0,904141.0,0
20190805T,932007.0,932007.0,932007.0,932007.0,0
20190806T,939427.0,939427.0,939427.0,939427.0,0
20190807T,945792.0,945792.0,945792.0,945792.0,0
20190808T,947563.0,947563.0,947563.0,947563.0,0
20190809T,951152.0,951152.0,951152.0,951152.0,0
20190813T,948317.0,948317.0,948317.0,948317.0,0
20190814T,949845.0,949845.0,949845.0,949845.0,0
20190816T,945977.0,945977.0,945977.0,945977.0,0
20190819T,940740.0,940740.0,940740.0,940740.0,0
20190820T,939972.0,939972.0,939972.0,939972.0,0
20190821T,940659.0,940659.0,940659.0,940659.0,0
20190822T,952522.0,952522.0,952522.0,952522.0,0
20190823T,960855.0,960855.0,960855.0,960855.0,0
20190826T,984466.0,984466.0,984466.0,984466.0,0
20190827T,990884.0,990884.0,990884.0,990884.0,0
20190828T,984643.0,984643.0,984643.0,984643.0,0
20190829T,1000602.0,1000602.0,1000602.0,1000602.0,0
20190830T,943656.0,943656.0,943656.0,943656.0,0
20190903T,940596.0,940596.0,940596.0,940596.0,0
20190904T,941321.0,941321.0,941321.0,941321.0,0
20190905T,948145.0,948145.0,948145.0,948145.0,0
20190906T,943945.0,943945.0,943945.0,943945.0,0
20190909T,938964.0,938964.0,938964.0,938964.0,0
20190911T,946112.0,946112.0,946112.0,946112.0,0
20190912T,938221.0,938221.0,938221.0,938221.0,0
20190913T,943198.0,943198.0,943198.0,943198.0,0
20190916T,944480.0,944480.0,944480.0,944480.0,0
20190917T,954850.0,954850.0,954850.0,954850.0,0
20190918T,970453.0,970453.0,970453.0,970453.0,0
20190919T,976750.0,976750.0,976750.0,976750.0,0
20190920T,1009803.0,1009803.0,1009803.0,1009803.0,0
20190923T,1029944.0,1029944.0,1029944.0,1029944.0,0
20190924T,1015142.0,1015142.0,1015142.0,1015142.0,0
20190925T,997268.0,997268.0,997268.0,997268.0,0
20190926T,947956.0,947956.0,947956.0,947956.0,0
20190927T,938545.0,938545.0,938545.0,938545.0,0
20190930T,943741.0,943741.0,943741.0,943741.0,0
20191001T,951043.0,951043.0,951043.0,951043.0,0
20191003T,954673.0,954673.0,954673.0,954673.0,0
20191004T,948326.0,948326.0,948326.0,948326.0,0
20191007T,950560.0,950560.0,950560.0,950560.0,0
20191009T,950880.0,950880.0,950880.0,950880.0,0
20191010T,950857.0,950857.0,950857.0,950857.0,0
20191011T,947394.0,947394.0,947394.0,947394.0,0
20191014T,950024.0,950024.0,950024.0,950024.0,0
20191015T,957893.0,957893.0,957893.0,957893.0,0
20191016T,965326.0,965326.0,965326.0,965326.0,0
20191017T,969763.0,969763.0,969763.0,969763.0,0
20191018T,971071.0,971071.0,971071.0,971071.0,0
20191022T,971446.0,971446.0,971446.0,971446.0,0
20191023T,976894.0,976894.0,976894.0,976894.0,0
20191024T,975946.0,975946.0,975946.0,975946.0,0
20191025T,982213.0,982213.0,982213.0,982213.0,0
20191029T,965789.0,965789.0,965789.0,965789.0,0
20191030T,950186.0,950186.0,950186.0,950186.0,0
20191031T,909782.0,909782.0,909782.0,909782.0,0
20191101T,987966.0,987966.0,987966.0,987966.0,0
20191104T,986591.0,986591.0,986591.0,986591.0,0
20191105T,984660.0,984660.0,984660.0,984660.0,0
20191106T,979127.0,979127.0,979127.0,979127.0,0
20191107T,984296.0,984296.0,984296.0,984296.0,0
20191108T,986236.0,986236.0,986236.0,986236.0,0
20191111T,990394.0,990394.0,990394.0,990394.0,0
20191113T,994111.0,994111.0,994111.0,994111.0,0
20191114T,999304.0,999304.0,999304.0,999304.0,0
20191115T,1001521.0,1001521.0,1001521.0,1001521.0,0
20191118T,999074.0,999074.0,999074.0,999074.0,0
20191119T,997170.0,997170.0,997170.0,997170.0,0
20191120T,1004572.0,1004572.0,1004572.0,1004572.0,0
20191121T,1003332.0,1003332.0,1003332.0,1003332.0,0
20191122T,1008725.0,1008725.0,1008725.0,1008725.0,0
20191125T,1038535.0,1038535.0,1038535.0,1038535.0,0
20191126T,1060024.0,1060024.0,1060024.0,1060024.0,0
20191127T,1039033.0,1039033.0,1039033.0,1039033.0,0
20191128T,1013975.0,1013975.0,1013975.0,1013975.0,0
20191129T,1023743.0,1023743.0,1023743.0,1023743.0,0
20191202T,1021171.0,1021171.0,1021171.0,1021171.0,0
20191203T,1009105.0,1009105.0,1009105.0,1009105.0,0
20191204T,1011180.0,1011180.0,1011180.0,1011180.0,0
20191205T,1008823.0,1008823.0,1008823.0,1008823.0,0
20191206T,1006982.0,1006982.0,1006982.0,1006982.0,0
20191209T,1010195.0,1010195.0,1010195.0,1010195.0,0
20191210T,1003549.0,1003549.0,1003549.0,1003549.0,0
20191211T,1005525.0,1005525.0,1005525.0,1005525.0,0
20191212T,1002064.0,1002064.0,1002064.0,1002064.0,0
20191213T,1003971.0,1003971.0,1003971.0,1003971.0,0
20191216T,998800.0,998800.0,998800.0,998800.0,0
20191217T,1010483.0,1010483.0,1010483.0,1010483.0,0
20191218T,1018178.0,1018178.0,1018178.0,1018178.0,0
20191219T,1021452.0,1021452.0,1021452.0,1021452.0,0
20191220T,1040164.0,1040164.0,1040164.0,1040164.0,0
20191223T,1031389.0,1031389.0,1031389.0,1031389.0,0
20191224T,1014549.0,1014549.0,1014549.0,1014549.0,0
20191226T,961057.0,961057.0,961057.0,961057.0,0
20191227T,972161.0,972161.0,972161.0,972161.0,0
20191230T,968168.0,968168.0,968168.0,968168.0,0
20191231T,959877.0,959877.0,959877.0,959877.0,0
20200101T,959994.0,959994.0,959994.0,959994.0,0
20200102T,972264.0,972264.0,972264.0,972264.0,0
20200103T,982020.0,982020.0,982020.0,982020.0,0
20200106T,982209.0,982209.0,982209.0,982209.0,0
20200107T,986280.0,986280.0,986280.0,986280.0,0
20200108T,989858.0,989858.0,989858.0,989858.0,0
20200109T,993307.0,993307.0,993307.0,993307.0,0
20200110T,998596.0,998596.0,998596.0,998596.0,0
20200113T,1002062.0,1002062.0,1002062.0,1002062.0,0
20200114T,1016848.0,1016848.0,1016848.0,1016848.0,0
20200115T,1016725.0,1016725.0,1016725.0,1016725.0,0
20200116T,1017250.0,1017250.0,1017250.0,1017250.0,0
20200117T,1017874.0,1017874.0,1017874.0,1017874.0,0
20200120T,1012380.0,1012380.0,1012380.0,1012380.0,0
20200121T,1008352.0,1008352.0,1008352.0,1008352.0,0
20200122T,1004676.0,1004676.0,1004676.0,1004676.0,0
20200123T,1008809.0,1008809.0,1008809.0,1008809.0,0
20200124T,1013150.0,1013150.0,1013150.0,1013150.0,0
20200127T,1016400.0,1016400.0,1016400.0,1016400.0,0
20200128T,1000564.0,1000564.0,1000564.0,1000564.0,0
20200129T,1016093.0,1016093.0,1016093.0,1016093.0,0
20200130T,867760.0,867760.0,867760.0,867760.0,0
20200131T,896066.0,896066.0,896066.0,896066.0,0
20200203T,931422.0,931422.0,931422.0,931422.0,0
20200204T,952217.0,952217.0,952217.0,952217.0,0
20200205T,965321.0,965321.0,965321.0,965321.0,0
20200206T,970974.0,970974.0,970974.0,970974.0,0
20200207T,976653.0,976653.0,976653.0,976653.0,0
20200210T,979154.0,979154.0,979154.0,979154.0,0
20200211T,983152.0,983152.0,983152.0,983152.0,0
20200212T,984662.0,984662.0,984662.0,984662.0,0
20200213T,984544.0,984544.0,984544.0,984544.0,0
20200214T,972906.0,972906.0,972906.0,972906.0,0
20200217T,967073.0,967073.0,967073.0,967073.0,0
20200218T,962885.0,962885.0,962885.0,962885.0,0
20200219T,972984.0,972984.0,972984.0,972984.0,0
20200220T,975623.0,975623.0,975623.0,975623.0,0
20200224T,991570.0,991570.0,991570.0,991570.0,0
20200225T,981581.0,981581.0,981581.0,981581.0,0
20200226T,991817.0,991817.0,991817.0,991817.0,0
20200227T,811471.0,811471.0,811471.0,811471.0,0
20200228T,857083.0,857083.0,857083.0,857083.0,0
20200302T,867624.0,867624.0,867624.0,867624.0,0
20200303T,888852.0,888852.0,888852.0,888852.0,0
20200304T,900639.0,900639.0,900639.0,900639.0,0
20200305T,910086.0,910086.0,910086.0,910086.0,0
20200306T,924498.0,924498.0,924498.0,924498.0,0
20200309T,936239.0,936239.0,936239.0,936239.0,0
20200311T,953951.0,953951.0,953951.0,953951.0,0
20200312T,990873.0,990873.0,990873.0,990873.0,0
20200313T,999630.0,999630.0,999630.0,999630.0,0
20200316T,988630.0,988630.0,988630.0,988630.0,0
20200317T,995126.0,995126.0,995126.0,995126.0,0
20200318T,1016791.0,1016791.0,1016791.0,1016791.0,0
20200319T,1025164.0,1025164.0,1025164.0,1025164.0,0
20200320T,1018818.0,1018818.0,1018818.0,1018818.0,0
20200323T,1008970.0,1008970.0,1008970.0,1008970.0,0
20200324T,971597.0,971597.0,971597.0,971597.0,0
20200325T,956805.0,956805.0,956805.0,956805.0,0
20200326T,893030.0,893030.0,893030.0,893030.0,0
20200327T,902751.0,902751.0,902751.0,902751.0,0
20200330T,936295.0,936295.0,936295.0,936295.0,0
20200331T,955025.0,955025.0,955025.0,955025.0,0
20200401T,965511.0,965511.0,965511.0,965511.0,0
20200403T,976016.0,976016.0,976016.0,976016.0,0
20200407T,994550.0,994550.0,994550.0,994550.0,0
20200408T,985961.0,985961.0,985961.0,985961.0,0
20200409T,996629.0,996629.0,996629.0,996629.0,0
20200413T,999636.0,999636.0,999636.0,999636.0,0
20200415T,1004990.0,1004990.0,1004990.0,1004990.0,0
20200416T,1015383.0,1015383.0,1015383.0,1015383.0,0
20200417T,1011512.0,1011512.0,1011512.0,1011512.0,0
20200420T,1005948.0,1005948.0,1005948.0,1005948.0,0
20200421T,999892.0,999892.0,999892.0,999892.0,0
20200422T,1012392.0,1012392.0,1012392.0,1012392.0,0
20200423T,1016091.0,1016091.0,1016091.0,1016091.0,0
20200424T,1018595.0,1018595.0,1018595.0,1018595.0,0
20200427T,1028555.0,1028555.0,1028555.0,1028555.0,0
20200428T,1020546.0,1020546.0,1020546.0,1020546.0,0
20200429T,1019478.0,1019478.0,1019478.0,1019478.0,0
20200430T,1005085.0,1005085.0,1005085.0,1005085.0,0
20200504T,998309.0,998309.0,998309.0,998309.0,0
20200505T,1002703.0,1002703.0,1002703.0,1002703.0,0
20200506T,1018129.0,1018129.0,1018129.0,1018129.0,0
20200507T,992466.0,992466.0,992466.0,992466.0,0
20200508T,993356.0,993356.0,993356.0,993356.0,0
20200511T,1005006.0,1005006.0,1005006.0,1005006.0,0
20200512T,999340.0,999340.0,999340.0,999340.0,0
20200513T,1009993.0,1009993.0,1009993.0,1009993.0,0
20200514T,999145.0,999145.0,999145.0,999145.0,0
20200515T,991262.0,991262.0,991262.0,991262.0,0
20200518T,989455.0,989455.0,989455.0,989455.0,0
20200519T,1013602.0,1013602.0,1013602.0,1013602.0,0
20200520T,1028345.0,1028345.0,1028345.0,1028345.0,0
20200521T,1048786.0,1048786.0,1048786.0,1048786.0,0
20200522T,1058656.0,1058656.0,1058656.0,1058656.0,0
20200526T,1045169.0,1045169.0,1045169.0,1045169.0,0
20200527T,1051892.0,1051892.0,1051892.0,1051892.0,0
20200528T,1035381.0,1035381.0,1035381.0,1035381.0,0
20200529T,1054980.0,1054980.0,1054980.0,1054980.0,0
20200601T,1056075.0,1056075.0,1056075.0,1056075.0,0
20200602T,1055160.0,1055160.0,1055160.0,1055160.0,0
20200603T,1053551.0,1053551.0,1053551.0,1053551.0,0
20200604T,1048692.0,1048692.0,1048692.0,1048692.0,0
20200605T,1056601.0,1056601.0,1056601.0,1056601.0,0
20200608T,1063446.0,1063446.0,1063446.0,1063446.0,0
20200609T,1075669.0,1075669.0,1075669.0,1075669.0,0
20200610T,1070297.0,1070297.0,1070297.0,1070297.0,0
20200611T,1063117.0,1063117.0,1063117.0,1063117.0,0
20200612T,1063764.0,1063764.0,1063764.0,1063764.0,0
20200615T,1047880.0,1047880.0,1047880.0,1047880.0,0
20200616T,1054230.0,1054230.0,1054230.0,1054230.0,0
20200617T,1067357.0,1067357.0,1067357.0,1067357.0,0
20200618T,1072277.0,1072277.0,1072277.0,1072277.0,0
20200619T,1081723.0,1081723.0,1081723.0,1081723.0,0
20200622T,1061774.0,1061774.0,1061774.0,1061774.0,0
20200623T,1020756.0,1020756.0,1020756.0,1020756.0,0
20200624T,972532.0,972532.0,972532.0,972532.0,0
20200625T,895514.0,895514.0,895514.0,895514.0,0
20200626T,903006.0,903006.0,903006.0,903006.0,0
20200629T,899899.0,899899.0,899899.0,899899.0,0
20200630T,914987.0,914987.0,914987.0,914987.0,0
20200701T,915405.0,915405.0,915405.0,915405.0,0
20200702T,925976.0,925976.0,925976.0,925976.0,0
20200703T,925699.0,925699.0,925699.0,925699.0,0
20200706T,934776.0,934776.0,934776.0,934776.0,0
20200707T,932829.0,932829.0,932829.0,932829.0,0
20200708T,929382.0,929382.0,929382.0,929382.0,0
20200709T,918215.0,918215.0,918215.0,918215.0,0
20200710T,910228.0,910228.0,910228.0,910228.0,0
20200713T,898090.0,898090.0,898090.0,898090.0,0
20200714T,878702.0,878702.0,878702.0,878702.0,0
20200715T,880064.0,880064.0,880064.0,880064.0,0
20200716T,879236.0,879236.0,879236.0,879236.0,0
20200717T,880806.0,880806.0,880806.0,880806.0,0
20200720T,881158.0,881158.0,881158.0,881158.0,0
20200721T,882503.0,882503.0,882503.0,882503.0,0
20200722T,881401.0,881401.0,881401.0,881401.0,0
20200723T,869316.0,869316.0,869316.0,869316.0,0
20200724T,862193.0,862193.0,862193.0,862193.0,0
20200727T,875562.0,875562.0,875562.0,875562.0,0
20200728T,858353.0,858353.0,858353.0,858353.0,0
20200729T,846107.0,846107.0,846107.0,846107.0,0
20200730T,793061.0,793061.0,793061.0,793061.0,0
20200803T,795915.0,795915.0,795915.0,795915.0,0
20200804T,801253.0,801253.0,801253.0,801253.0,0
20200805T,807042.0,807042.0,807042.0,807042.0,0
20200806T,805801.0,805801.0,805801.0,805801.0,0
20200807T,797735.0,797735.0,797735.0,797735.0,0
20200810T,802478.0,802478.0,802478.0,802478.0,0
20200811T,785257.0,785257.0,785257.0,785257.0,0
20200812T,782295.0,782295.0,782295.0,782295.0,0
20200813T,780807.0,780807.0,780807.0,780807.0,0
20200814T,777992.0,777992.0,777992.0,777992.0,0
20200817T,774080.0,774080.0,774080.0,774080.0,0
20200818T,772300.0,772300.0,772300.0,772300.0,0
20200819T,771168.0,771168.0,771168.0,771168.0,0
20200820T,766391.0,766391.0,766391.0,766391.0,0
20200821T,768592.0,768592.0,768592.0,768592.0,0
20200824T,775653.0,775653.0,775653.0,775653.0,0
20200825T,767221.0,767221.0,767221.0,767221.0,0
20200826T,763582.0,763582.0,763582.0,763582.0,0
20200827T,718659.0,718659.0,718659.0,718659.0,0
20200828T,725142.0,725142.0,725142.0,725142.0,0
20200831T,707500.0,707500.0,707500.0,707500.0,0
20200901T,699474.0,699474.0,699474.0,699474.0,0
20200902T,697581.0,697581.0,697581.0,697581.0,0
20200903T,692695.0,692695.0,692695.0,692695.0,0
20200904T,678474.0,678474.0,678474.0,678474.0,0
20200907T,682343.0,682343.0,682343.0,682343.0,0
20200908T,682980.0,682980.0,682980.0,682980.0,0
20200909T,687318.0,687318.0,687318.0,687318.0,0
20200910T,686681.0,686681.0,686681.0,686681.0,0
20200911T,687430.0,687430.0,687430.0,687430.0,0
20200914T,693271.0,693271.0,693271.0,693271.0,0
20200915T,689474.0,689474.0,689474.0,689474.0,0
20200916T,682801.0,682801.0,682801.0,682801.0,0
20200917T,680656.0,680656.0,680656.0,680656.0,0
20200918T,665587.0,665587.0,665587.0,665587.0,0
20200921T,663895.0,663895.0,663895.0,663895.0,0
20200922T,661419.0,661419.0,661419.0,661419.0,0
20200923T,663558.0,663558.0,663558.0,663558.0,0
20200924T,628513.0,628513.0,628513.0,628513.0,0
20200925T,643390.0,643390.0,643390.0,643390.0,0
20200928T,645598.0,645598.0,645598.0,645598.0,0
20200929T,653870.0,653870.0,653870.0,653870.0,0
20200930T,656244.0,656244.0,656244.0,656244.0,0
20201001T,655445.0,655445.0,655445.0,655445.0,0
20201005T,650592.0,650592.0,650592.0,650592.0,0
20201006T,653615.0,653615.0,653615.0,653615.0,0
20201007T,651209.0,651209.0,651209.0,651209.0,0
20201008T,654969.0,654969.0,654969.0,654969.0,0
20201009T,650375.0,650375.0,650375.0,650375.0,0
20201012T,644475.0,644475.0,644475.0,644475.0,0
20201013T,637108.0,637108.0,637108.0,637108.0,0
20201014T,632783.0,632783.0,632783.0,632783.0,0
20201015T,632796.0,632796.0,632796.0,632796.0,0
20201016T,632012.0,632012.0,632012.0,632012.0,0
20201019T,634805.0,634805.0,634805.0,634805.0,0
20201020T,629909.0,629909.0,629909.0,629909.0,0
20201021T,630864.0,630864.0,630864.0,630864.0,0
20201022T,633035.0,633035.0,633035.0,633035.0,0
20201023T,631239.0,631239.0,631239.0,631239.0,0
20201026T,639449.0,639449.0,639449.0,639449.0,0
20201027T,657812.0,657812.0,657812.0,657812.0,0
20201028T,650293.0,650293.0,650293.0,650293.0,0
20201029T,645052.0,645052.0,645052.0,645052.0,0
20201030T,703023.0,703023.0,703023.0,703023.0,0
20201102T,725464.0,725464.0,725464.0,725464.0,0
20201103T,732851.0,732851.0,732851.0,732851.0,0
20201104T,744097.0,744097.0,744097.0,744097.0,0
20201105T,757963.0,757963.0,757963.0,757963.0,0
20201106T,766431.0,766431.0,766431.0,766431.0,0
20201109T,773330.0,773330.0,773330.0,773330.0,0
20201110T,776154.0,776154.0,776154.0,776154.0,0
20201111T,780259.0,780259.0,780259.0,780259.0,0
20201112T,781748.0,781748.0,781748.0,781748.0,0
20201113T,773992.0,773992.0,773992.0,773992.0,0
20201117T,783683.0,783683.0,783683.0,783683.0,0
20201118T,785377.0,785377.0,785377.0,785377.0,0
20201119T,776542.0,776542.0,776542.0,776542.0,0
20201120T,770998.0,770998.0,770998.0,770998.0,0
20201123T,765793.0,765793.0,765793.0,765793.0,0
20201124T,758456.0,758456.0,758456.0,758456.0,0
20201125T,757701.0,757701.0,757701.0,757701.0,0
20201126T,748965.0,748965.0,748965.0,748965.0,0
20201127T,753523.0,753523.0,753523.0,753523.0,0
20201201T,759256.0,759256.0,759256.0,759256.0,0
20201202T,763577.0,763577.0,763577.0,763577.0,0
20201203T,757054.0,757054.0,757054.0,757054.0,0
20201204T,747482.0,747482.0,747482.0,747482.0,0
20201207T,751404.0,751404.0,751404.0,751404.0,0
20201208T,753909.0,753909.0,753909.0,753909.0,0
20201209T,744867.0,744867.0,744867.0,744867.0,0
20201210T,739356.0,739356.0,739356.0,739356.0,0
20201211T,738679.0,738679.0,738679.0,738679.0,0
20201214T,735867.0,735867.0,735867.0,735867.0,0
20201215T,730528.0,730528.0,730528.0,730528.0,0
20201216T,724306.0,724306.0,724306.0,724306.0,0
20201217T,720473.0,720473.0,720473.0,720473.0,0
20201218T,719818.0,719818.0,719818.0,719818.0,0
20201221T,724836.0,724836.0,724836.0,724836.0,0
20201222T,723561.0,723561.0,723561.0,723561.0,0
20201223T,721448.0,721448.0,721448.0,721448.0,0
20201224T,723787.0,723787.0,723787.0,723787.0,0
20201228T,714621.0,714621.0,714621.0,714621.0,0
20201229T,707229.0,707229.0,707229.0,707229.0,0
20201230T,698257.0,698257.0,698257.0,698257.0,0
20201231T,656641.0,656641.0,656641.0,656641.0,0
20210101T,660873.0,660873.0,660873.0,660873.0,0
20210104T,675786.0,675786.0,675786.0,675786.0,0
20210105T,676665.0,676665.0,676665.0,676665.0,0
20210106T,673833.0,673833.0,673833.0,673833.0,0
20210107T,680280.0,680280.0,680280.0,680280.0,0
20210108T,686932.0,686932.0,686932.0,686932.0,0
20210111T,691147.0,691147.0,691147.0,691147.0,0
20210112T,697133.0,697133.0,697133.0,697133.0,0
20210113T,691622.0,691622.0,691622.0,691622.0,0
20210114T,688405.0,688405.0,688405.0,688405.0,0
20210115T,682323.0,682323.0,682323.0,682323.0,0
20210118T,688098.0,688098.0,688098.0,688098.0,0
20210119T,690095.0,690095.0,690095.0,690095.0,0
20210120T,688777.0,688777.0,688777.0,688777.0,0
20210121T,691082.0,691082.0,691082.0,691082.0,0
20210122T,687322.0,687322.0,687322.0,687322.0,0
20210125T,693023.0,693023.0,693023.0,693023.0,0
20210127T,676178.0,676178.0,676178.0,676178.0,0
20210128T,643353.0,643353.0,643353.0,643353.0,0
20210129T,646483.0,646483.0,646483.0,646483.0,0
20210201T,671069.0,671069.0,671069.0,671069.0,0
20210202T,666007.0,666007.0,666007.0,666007.0,0
20210203T,662651.0,662651.0,662651.0,662651.0,0
20210204T,669932.0,669932.0,669932.0,669932.0,0
20210205T,671723.0,671723.0,671723.0,671723.0,0
20210208T,678344.0,678344.0,678344.0,678344.0,0
20210209T,679701.0,679701.0,679701.0,679701.0,0
20210210T,679198.0,679198.0,679198.0,679198.0,0
20210211T,685625.0,685625.0,685625.0,685625.0,0
20210212T,686329.0,686329.0,686329.0,686329.0,0
20210215T,692847.0,692847.0,692847.0,692847.0,0
20210216T,689246.0,689246.0,689246.0,689246.0,0
20210217T,689605.0,689605.0,689605.0,689605.0,0
20210218T,685721.0,685721.0,685721.0,685721.0,0
20210219T,687087.0,687087.0,687087.0,687087.0,0
20210222T,696595.0,696595.0,696595.0,696595.0,0
20210223T,701992.0,701992.0,701992.0,701992.0,0
20210224T,693003.0,693003.0,693003.0,693003.0,0
20210225T,622674.0,622674.0,622674.0,622674.0,0
20210226T,640623.0,640623.0,640623.0,640623.0,0
20210301T,645420.0,645420.0,645420.0,645420.0,0
20210302T,651631.0,651631.0,651631.0,651631.0,0
20210303T,649914.0,649914.0,649914.0,649914.0,0
20210304T,642828.0,642828.0,642828.0,642828.0,0
20210305T,644246.0,644246.0,644246.0,644246.0,0
20210308T,645484.0,645484.0,645484.0,645484.0,0
20210309T,644524.0,644524.0,644524.0,644524.0,0
20210310T,636446.0,636446.0,636446.0,636446.0,0
20210312T,623680.0,623680.0,623680.0,623680.0,0
20210315T,615636.0,615636.0,615636.0,615636.0,0
20210316T,615262.0,615262.0,615262.0,615262.0,0
20210317T,611496.0,611496.0,611496.0,611496.0,0
20210318T,614844.0,614844.0,614844.0,614844.0,0
20210319T,628942.0,628942.0,628942.0,628942.0,0
20210322T,626522.0,626522.0,626522.0,626522.0,0
20210323T,618290.0,618290.0,618290.0,618290.0,0
20210324T,603776.0,603776.0,603776.0,603776.0,0
20210325T,587212.0,587212.0,587212.0,587212.0,0
20210326T,594845.0,594845.0,594845.0,594845.0,0
20210330T,618491.0,618491.0,618491.0,618491.0,0
20210331T,599613.0,599613.0,599613.0,599613.0,0
20210401T,597049.0,597049.0,597049.0,597049.0,0
20210405T,589714.0,589714.0,589714.0,589714.0,0
20210406T,586829.0,586829.0,586829.0,586829.0,0
20210407T,589303.0,589303.0,589303.0,589303.0,0
20210408T,587118.0,587118.0,587118.0,587118.0,0
20210409T,585247.0,585247.0,585247.0,585247.0,0
20210412T,594159.0,594159.0,594159.0,594159.0,0
20210413T,606519.0,606519.0,606519.0,606519.0,0
20210415T,604339.0,604339.0,604339.0,604339.0,0
20210416T,610897.0,610897.0,610897.0,610897.0,0
20210419T,616015.0,616015.0,616015.0,616015.0,0
20210420T,616496.0,616496.0,616496.0,616496.0,0
20210422T,631389.0,631389.0,631389.0,631389.0,0
20210423T,644115.0,644115.0,644115.0,644115.0,0
20210426T,658281.0,658281.0,658281.0,658281.0,0
20210427T,676507.0,676507.0,676507.0,676507.0,0
20210428T,688986.0,688986.0,688986.0,688986.0,0
20210429T,622015.0,622015.0,622015.0,622015.0,0
20210430T,764474.0,764474.0,764474.0,764474.0,0
20210503T,775698.0,775698.0,775698.0,775698.0,0
20210504T,797263.0,797263.0,797263.0,797263.0,0
20210505T,807519.0,807519.0,807519.0,807519.0,0
20210506T,809407.0,809407.0,809407.0,809407.0,0
20210507T,815029.0,815029.0,815029.0,815029.0,0
20210510T,816640.0,816640.0,816640.0,816640.0,0
20210511T,812651.0,812651.0,812651.0,812651.0,0
20210512T,792375.0,792375.0,792375.0,792375.0,0
20210514T,787849.0,787849.0,787849.0,787849.0,0
20210517T,800286.0,800286.0,800286.0,800286.0,0
20210518T,802609.0,802609.0,802609.0,802609.0,0
20210519T,797624.0,797624.0,797624.0,797624.0,0
20210520T,793398.0,793398.0,793398.0,793398.0,0
20210521T,799092.0,799092.0,799092.0,799092.0,0
20210524T,797053.0,797053.0,797053.0,797053.0,0
20210525T,771142.0,771142.0,771142.0,771142.0,0
20210526T,757129.0,757129.0,757129.0,757129.0,0
20210527T,707199.0,707199.0,707199.0,707199.0,0
20210528T,713594.0,713594.0,713594.0,713594.0,0
20210531T,716399.0,716399.0,716399.0,716399.0,0
20210601T,718258.0,718258.0,718258.0,718258.0,0
20210602T,697989.0,697989.0,697989.0,697989.0,0
20210603T,693534.0,693534.0,693534.0,693534.0,0
20210604T,686884.0,686884.0,686884.0,686884.0,0
20210607T,684284.0,684284.0,684284.0,684284.0,0
20210608T,678890.0,678890.0,678890.0,678890.0,0
20210609T,685002.0,685002.0,685002.0,685002.0,0
20210610T,700400.0,700400.0,700400.0,700400.0,0
20210611T,706405.0,706405.0,706405.0,706405.0,0
20210614T,714042.0,714042.0,714042.0,714042.0,0
20210615T,724674.0,724674.0,724674.0,724674.0,0
20210616T,725464.0,725464.0,725464.0,725464.0,0
20210617T,731827.0,731827.0,731827.0,731827.0,0
20210618T,726790.0,726790.0,726790.0,726790.0,0
20210621T,728186.0,728186.0,728186.0,728186.0,0
20210622T,728405.0,728405.0,728405.0,728405.0,0
20210623T,715652.0,715652.0,715652.0,715652.0,0
20210624T,659202.0,659202.0,659202.0,659202.0,0
20210625T,668604.0,668604.0,668604.0,668604.0,0
20210628T,667808.0,667808.0,667808.0,667808.0,0
20210629T,665807.0,665807.0,665807.0,665807.0,0
20210630T,668057.0,668057.0,668057.0,668057.0,0
20210701T,669970.0,669970.0,669970.0,669970.0,0
20210702T,672407.0,672407.0,672407.0,672407.0,0
20210705T,682686.0,682686.0,682686.0,682686.0,0
20210706T,696645.0,696645.0,696645.0,696645.0,0
20210707T,697690.0,697690.0,697690.0,697690.0,0
20210708T,689294.0,689294.0,689294.0,689294.0,0
20210709T,687321.0,687321.0,687321.0,687321.0,0
20210712T,689536.0,689536.0,689536.0,689536.0,0
20210713T,696646.0,696646.0,696646.0,696646.0,0
20210714T,699668.0,699668.0,699668.0,699668.0,0
20210715T,702775.0,702775.0,702775.0,702775.0,0
20210716T,706337.0,706337.0,706337.0,706337.0,0
20210719T,699233.0,699233.0,699233.0,699233.0,0
20210720T,697382.0,697382.0,697382.0,697382.0,0
20210722T,712079.0,712079.0,712079.0,712079.0,0
20210723T,719341.0,719341.0,719341.0,719341.0,0
20210726T,726695.0,726695.0,726695.0,726695.0,0
20210727T,723523.0,723523.0,723523.0,723523.0,0
20210728T,711524.0,711524.0,711524.0,711524.0,0
20210729T,679011.0,679011.0,679011.0,679011.0,0
20210730T,702720.0,702720.0,702720.0,702720.0,0
20210802T,706346.0,706346.0,706346.0,706346.0,0
20210803T,711749.0,711749.0,711749.0,711749.0,0
20210804T,719888.0,719888.0,719888.0,719888.0,0
20210805T,721431.0,721431.0,721431.0,721431.0,0
20210806T,715836.0,715836.0,715836.0,715836.0,0
20210809T,715625.0,715625.0,715625.0,715625.0,0
20210810T,722039.0,722039.0,722039.0,722039.0,0
20210811T,724896.0,724896.0,724896.0,724896.0,0
20210812T,736212.0,736212.0,736212.0,736212.0,0
20210813T,750169.0,750169.0,750169.0,750169.0,0
20210816T,755428.0,755428.0,755428.0,755428.0,0
20210817T,773478.0,773478.0,773478.0,773478.0,0
20210818T,784173.0,784173.0,784173.0,784173.0,0
20210820T,802511.0,802511.0,802511.0,802511.0,0
20210823T,827374.0,827374.0,827374.0,827374.0,0
20210824T,837076.0,837076.0,837076.0,837076.0,0
20210825T,839923.0,839923.0,839923.0,839923.0,0
20210826T,822074.0,822074.0,822074.0,822074.0,0
20210827T,840437.0,840437.0,840437.0,840437.0,0
20210830T,862592.0,862592.0,862592.0,862592.0,0
20210831T,896918.0,896918.0,896918.0,896918.0,0
20210901T,897101.0,897101.0,897101.0,897101.0,0
20210902T,903305.0,903305.0,903305.0,903305.0,0
20210903T,902099.0,902099.0,902099.0,902099.0,0
20210906T,899637.0,899637.0,899637.0,899637.0,0
20210907T,890678.0,890678.0,890678.0,890678.0,0
20210908T,885189.0,885189.0,885189.0,885189.0,0
20210909T,883216.0,883216.0,883216.0,883216.0,0
20210913T,883192.0,883192.0,883192.0,883192.0,0
20210914T,887351.0,887351.0,887351.0,887351.0,0
20210915T,887390.0,887390.0,887390.0,887390.0,0
20210916T,886724.0,886724.0,886724.0,886724.0,0
20210917T,879869.0,879869.0,879869.0,879869.0,0
20210920T,878178.0,878178.0,878178.0,878178.0,0
20210921T,880682.0,880682.0,880682.0,880682.0,0
20210922T,884503.0,884503.0,884503.0,884503.0,0
20210923T,898212.0,898212.0,898212.0,898212.0,0
20210924T,895411.0,895411.0,895411.0,895411.0,0
20210927T,886776.0,886776.0,886776.0,886776.0,0
20210928T,867313.0,867313.0,867313.0,867313.0,0
20210929T,838378.0,838378.0,838378.0,838378.0,0
20210930T,744976.0,744976.0,744976.0,744976.0,0
20211001T,746154.0,746154.0,746154.0,746154.0,0
20211004T,750361.0,750361.0,750361.0,750361.0,0
20211005T,753173.0,753173.0,753173.0,753173.0,0
20211006T,753094.0,753094.0,753094.0,753094.0,0
20211007T,767603.0,767603.0,767603.0,767603.0,0
20211008T,764944.0,764944.0,764944.0,764944.0,0
20211011T,766868.0,766868.0,766868.0,766868.0,0
20211012T,764180.0,764180.0,764180.0,764180.0,0
20211013T,771802.0,771802.0,771802.0,771802.0,0
20211014T,775483.0,775483.0,775483.0,775483.0,0
20211018T,778436.0,778436.0,778436.0,778436.0,0
20211019T,774123.0,774123.0,774123.0,774123.0,0
20211020T,764755.0,764755.0,764755.0,764755.0,0
20211021T,757056.0,757056.0,757056.0,757056.0,0
20211022T,758655.0,758655.0,758655.0,758655.0,0
20211025T,769521.0,769521.0,769521.0,769521.0,0
20211026T,748756.0,748756.0,748756.0,748756.0,0
20211027T,733801.0,733801.0,733801.0,733801.0,0
20211028T,680137.0,680137.0,680137.0,680137.0,0
20211029T,832409.0,832409.0,832409.0,832409.0,0
20211101T,836070.0,836070.0,836070.0,836070.0,0
20211102T,829712.0,829712.0,829712.0,829712.0,0
20211103T,838255.0,838255.0,838255.0,838255.0,0
20211108T,842471.0,842471.0,842471.0,842471.0,0
20211109T,837094.0,837094.0,837094.0,837094.0,0
20211110T,839245.0,839245.0,839245.0,839245.0,0
20211111T,841205.0,841205.0,841205.0,841205.0,0
20211112T,850384.0,850384.0,850384.0,850384.0,0
20211115T,854859.0,854859.0,854859.0,854859.0,0
20211116T,865136.0,865136.0,865136.0,865136.0,0
20211117T,871125.0,871125.0,871125.0,871125.0,0
20211118T,873726.0,873726.0,873726.0,873726.0,0
20211122T,881779.0,881779.0,881779.0,881779.0,0
20211123T,898267.0,898267.0,898267.0,898267.0,0
20211124T,885354.0,885354.0,885354.0,885354.0,0
20211125T,868300.0,868300.0,868300.0,868300.0,0
20211126T,906290.0,906290.0,906290.0,906290.0,0
20211129T,928735.0,928735.0,928735.0,928735.0,0
20211130T,969560.0,969560.0,969560.0,969560.0,0
20211201T,992556.0,992556.0,992556.0,992556.0,0
20211202T,1000283.0,1000283.0,1000283.0,1000283.0,0
20211203T,990535.0,990535.0,990535.0,990535.0,0
20211206T,983584.0,983584.0,983584.0,983584.0,0
20211207T,993499.0,993499.0,993499.0,993499.0,0
20211208T,989330.0,989330.0,989330.0,989330.0,0
20211209T,981274.0,981274.0,981274.0,981274.0,0
20211210T,971276.0,971276.0,971276.0,971276.0,0
20211213T,953134.0,953134.0,953134.0,953134.0,0
20211214T,943160.0,943160.0,943160.0,943160.0,0
20211215T,929488.0,929488.0,929488.0,929488.0,0
20211216T,915410.0,915410.0,915410.0,915410.0,0
20211217T,909362.0,909362.0,909362.0,909362.0,0
20211220T,915474.0,915474.0,915474.0,915474.0,0
20211221T,937032.0,937032.0,937032.0,937032.0,0
20211222T,943356.0,943356.0,943356.0,943356.0,0
20211223T,950343.0,950343.0,950343.0,950343.0,0
20211224T,946178.0,946178.0,946178.0,946178.0,0
20211227T,954742.0,954742.0,954742.0,954742.0,0
20211228T,956314.0,956314.0,956314.0,956314.0,0
20211229T,950835.0,950835.0,950835.0,950835.0,0
20211230T,910758.0,910758.0,910758.0,910758.0,0
20211231T,921474.0,921474.0,921474.0,921474.0,0
20220103T,913854.0,913854.0,913854.0,913854.0,0
20220104T,902986.0,902986.0,902986.0,902986.0,0
20220105T,900849.0,900849.0,900849.0,900849.0,0
20220106T,897790.0,897790.0,897790.0,897790.0,0
20220107T,904122.0,904122.0,904122.0,904122.0,0
20220110T,906864.0,906864.0,906864.0,906864.0,0
20220111T,898348.0,898348.0,898348.0,898348.0,0
20220112T,902258.0,902258.0,902258.0,902258.0,0
20220113T,905302.0,905302.0,905302.0,905302.0,0
20220114T,902015.0,902015.0,902015.0,902015.0,0
20220117T,898165.0,898165.0,898165.0,898165.0,0
20220118T,903336.0,903336.0,903336.0,903336.0,0
20220119T,918139.0,918139.0,918139.0,918139.0,0
20220120T,911996.0,911996.0,911996.0,911996.0,0
20220121T,931632.0,931632.0,931632.0,931632.0,0
20220124T,943273.0,943273.0,943273.0,943273.0,0
20220125T,962887.0,962887.0,962887.0,962887.0,0
20220127T,914167.0,914167.0,914167.0,914167.0,0
20220128T,923409.0,923409.0,923409.0,923409.0,0
20220131T,945857.0,945857.0,945857.0,945857.0,0
20220201T,974095.0,974095.0,974095.0,974095.0,0
20220202T,976159.0,976159.0,976159.0,976159.0,0
20220203T,968223.0,968223.0,968223.0,968223.0,0
20220204T,959367.0,959367.0,959367.0,959367.0,0
20220207T,971672.0,971672.0,971672.0,971672.0,0
20220208T,985675.0,985675.0,985675.0,985675.0,0
20220209T,989359.0,989359.0,989359.0,989359.0,0
20220210T,994049.0,994049.0,994049.0,994049.0,0
20220211T,989361.0,989361.0,989361.0,989361.0,0
20220214T,1005910.0,1005910.0,1005910.0,1005910.0,0
20220215T,1020668.0,1020668.0,1020668.0,1020668.0,0
20220216T,1025711.0,1025711.0,1025711.0,1025711.0,0
20220217T,1047061.0,1047061.0,1047061.0,1047061.0,0
20220218T,1058842.0,1058842.0,1058842.0,1058842.0,0
20220221T,1075618.0,1075618.0,1075618.0,1075618.0,0
20220222T,1095677.0,1095677.0,1095677.0,1095677.0,0
20220223T,1100921.0,1100921.0,1100921.0,1100921.0,0
20220224T,1160257.0,1160257.0,1160257.0,1160257.0,0
20220225T,1191952.0,1191952.0,1191952.0,1191952.0,0
20220228T,1235683.0,1235683.0,1235683.0,1235683.0,0
20220302T,1254559.0,1254559.0,1254559.0,1254559.0,0
20220303T,1257567.0,1257567.0,1257567.0,1257567.0,0
20220304T,1258192.0,1258192.0,1258192.0,1258192.0,0
20220307T,1266682.0,1266682.0,1266682.0,1266682.0,0
20220308T,1260144.0,1260144.0,1260144.0,1260144.0,0
20220309T,1257550.0,1257550.0,1257550.0,1257550.0,0
20220310T,1251258.0,1251258.0,1251258.0,1251258.0,0
20220311T,1247850.0,1247850.0,1247850.0,1247850.0,0
20220314T,1237407.0,1237407.0,1237407.0,1237407.0,0
20220315T,1227978.0,1227978.0,1227978.0,1227978.0,0
20220316T,1230324.0,1230324.0,1230324.0,1230324.0,0
20220317T,1225476.0,1225476.0,1225476.0,1225476.0,0
20220321T,1209509.0,1209509.0,1209509.0,1209509.0,0
20220322T,1199089.0,1199089.0,1199089.0,1199089.0,0
20220323T,1189993.0,1189993.0,1189993.0,1189993.0,0
20220324T,1202392.0,1202392.0,1202392.0,1202392.0,0
20220325T,1203255.0,1203255.0,1203255.0,1203255.0,0
20220328T,1211488.0,1211488.0,1211488.0,1211488.0,0
20220329T,1201441.0,1201441.0,1201441.0,1201441.0,0
20220330T,1200189.0,1200189.0,1200189.0,1200189.0,0
20220331T,1071287.0,1071287.0,1071287.0,1071287.0,0
20220401T,1079394.0,1079394.0,1079394.0,1079394.0,0
20220404T,1083078.0,1083078.0,1083078.0,1083078.0,0
20220405T,1063415.0,1063415.0,1063415.0,1063415.0,0
20220406T,1051687.0,1051687.0,1051687.0,1051687.0,0
20220407T,1026040.0,1026040.0,1026040.0,1026040.0,0
20220408T,1013080.0,1013080.0,1013080.0,1013080.0,0
20220411T,1017057.0,1017057.0,1017057.0,1017057.0,0
20220412T,1011229.0,1011229.0,1011229.0,1011229.0,0
20220413T,1013250.0,1013250.0,1013250.0,1013250.0,0
20220418T,1017744.0,1017744.0,1017744.0,1017744.0,0
20220419T,1034522.0,1034522.0,1034522.0,1034522.0,0
20220420T,1057676.0,1057676.0,1057676.0,1057676.0,0
20220421T,1082023.0,1082023.0,1082023.0,1082023.0,0
20220422T,1083447.0,1083447.0,1083447.0,1083447.0,0
20220425T,1101107.0,1101107.0,1101107.0,1101107.0,0
20220426T,1107105.0,1107105.0,1107105.0,1107105.0,0
20220427T,1099162.0,1099162.0,1099162.0,1099162.0,0
20220428T,1060211.0,1060211.0,1060211.0,1060211.0,0
20220429T,1095339.0,1095339.0,1095339.0,1095339.0,0
20220502T,1106182.0,1106182.0,1106182.0,1106182.0,0
20220504T,1107422.0,1107422.0,1107422.0,1107422.0,0
20220505T,1121976.0,1121976.0,1121976.0,1121976.0,0
20220506T,1138120.0,1138120.0,1138120.0,1138120.0,0
20220509T,1153980.0,1153980.0,1153980.0,1153980.0,0
20220510T,1171831.0,1171831.0,1171831.0,1171831.0,0
20220511T,1187311.0,1187311.0,1187311.0,1187311.0,0
20220512T,1196998.0,1196998.0,1196998.0,1196998.0,0
20220513T,1221983.0,1221983.0,1221983.0,1221983.0,0
20220516T,1249165.0,1249165.0,1249165.0,1249165.0,0
20220517T,1266398.0,1266398.0,1266398.0,1266398.0,0
20220518T,1270680.0,1270680.0,1270680.0,1270680.0,0
20220519T,1306589.0,1306589.0,1306589.0,1306589.0,0
20220520T,1338770.0,1338770.0,1338770.0,1338770.0,0
20220523T,1359169.0,1359169.0,1359169.0,1359169.0,0
20220524T,1366781.0,1366781.0,1366781.0,1366781.0,0
20220525T,1378777.0,1378777.0,1378777.0,1378777.0,0
20220526T,1360760.0,1360760.0,1360760.0,1360760.0,0
20220527T,1375838.0,1375838.0,1375838.0,1375838.0,0
20220530T,1398796.0,1398796.0,1398796.0,1398796.0,0
20220531T,1413627.0,1413627.0,1413627.0,1413627.0,0
20220601T,1404073.0,1404073.0,1404073.0,1404073.0,0
20220602T,1403595.0,1403595.0,1403595.0,1403595.0,0
20220603T,1401506.0,1401506.0,1401506.0,1401506.0,0
20220606T,1403360.0,1403360.0,1403360.0,1403360.0,0
20220607T,1378959.0,1378959.0,1378959.0,1378959.0,0
20220608T,1366548.0,1366548.0,1366548.0,1366548.0,0
20220609T,1368439.0,1368439.0,1368439.0,1368439.0,0
20220610T,1342919.0,1342919.0,1342919.0,1342919.0,0
20220613T,1349352.0,1349352.0,1349352.0,1349352.0,0
20220614T,1356293.0,1356293.0,1356293.0,1356293.0,0
20220615T,1350728.0,1350728.0,1350728.0,1350728.0,0
20220616T,1363515.0,1363515.0,1363515.0,1363515.0,0
20220617T,1364469.0,1364469.0,1364469.0,1364469.0,0
20220620T,1388043.0,1388043.0,1388043.0,1388043.0,0
20220621T,1403253.0,1403253.0,1403253.0,1403253.0,0
20220622T,1422312.0,1422312.0,1422312.0,1422312.0,0
20220623T,1448620.0,1448620.0,1448620.0,1448620.0,0
20220624T,1452560.0,1452560.0,1452560.0,1452560.0,0
20220627T,1446415.0,1446415.0,1446415.0,1446415.0,0
20220628T,1422525.0,1422525.0,1422525.0,1422525.0,0
20220629T,1400430.0,1400430.0,1400430.0,1400430.0,0
20220630T,1358399.0,1358399.0,1358399.0,1358399.0,0
20220701T,1381163.0,1381163.0,1381163.0,1381163.0,0
20220704T,1378329.0,1378329.0,1378329.0,1378329.0,0
20220705T,1385320.0,1385320.0,1385320.0,1385320.0,0
20220706T,1401051.0,1401051.0,1401051.0,1401051.0,0
20220707T,1396787.0,1396787.0,1396787.0,1396787.0,0
20220708T,1399725.0,1399725.0,1399725.0,1399725.0,0
20220711T,1393388.0,1393388.0,1393388.0,1393388.0,0
20220712T,1375587.0,1375587.0,1375587.0,1375587.0,0
20220713T,1370717.0,1370717.0,1370717.0,1370717.0,0
20220714T,1359481.0,1359481.0,1359481.0,1359481.0,0
20220715T,1365266.0,1365266.0,1365266.0,1365266.0,0
20220718T,1373951.0,1373951.0,1373951.0,1373951.0,0
20220719T,1372975.0,1372975.0,1372975.0,1372975.0,0
20220720T,1378599.0,1378599.0,1378599.0,1378599.0,0
20220721T,1389520.0,1389520.0,1389520.0,1389520.0,0
20220722T,1403983.0,1403983.0,1403983.0,1403983.0,0
20220725T,1403957.0,1403957.0,1403957.0,1403957.0,0
20220726T,1380841.0,1380841.0,1380841.0,1380841.0,0
20220727T,1377581.0,1377581.0,1377581.0,1377581.0,0
20220728T,1268861.0,1268861.0,1268861.0,1268861.0,0
20220729T,1271166.0,1271166.0,1271166.0,1271166.0,0
20220801T,1269975.0,1269975.0,1269975.0,1269975.0,0
20220802T,1270318.0,1270318.0,1270318.0,1270318.0,0
20220803T,1263193.0,1263193.0,1263193.0,1263193.0,0
20220804T,1276426.0,1276426.0,1276426.0,1276426.0,0
20220805T,1283566.0,1283566.0,1283566.0,1283566.0,0
20220808T,1285054.0,1285054.0,1285054.0,1285054.0,0
20220810T,1277986.0,1277986.0,1277986.0,1277986.0,0
20220811T,1288537.0,1288537.0,1288537.0,1288537.0,0
20220812T,1295682.0,1295682.0,1295682.0,1295682.0,0
20220816T,1305193.0,1305193.0,1305193.0,1305193.0,0
20220817T,1295802.0,1295802.0,1295802.0,1295802.0,0
20220818T,1276460.0,1276460.0,1276460.0,1276460.0,0
20220819T,1264544.0,1264544.0,1264544.0,1264544.0,0
20220822T,1270320.0,1270320.0,1270320.0,1270320.0,0
20220823T,1270127.0,1270127.0,1270127.0,1270127.0,0
20220824T,1246101.0,1246101.0,1246101.0,1246101.0,0
20220825T,1153865.0,1153865.0,1153865.0,1153865.0,0
20220826T,1155781.0,1155781.0,1155781.0,1155781.0,0
20220829T,1151703.0,1151703.0,1151703.0,1151703.0,0
20220830T,1167705.0,1167705.0,1167705.0,1167705.0,0
20220901T,1152407.0,1152407.0,1152407.0,1152407.0,0
20220902T,1138753.0,1138753.0,1138753.0,1138753.0,0
20220905T,1143671.0,1143671.0,1143671.0,1143671.0,0
20220906T,1139546.0,1139546.0,1139546.0,1139546.0,0
20220907T,1124437.0,1124437.0,1124437.0,1124437.0,0
20220908T,1113562.0,1113562.0,1113562.0,1113562.0,0
20220909T,1113552.0,1113552.0,1113552.0,1113552.0,0
20220912T,1107698.0,1107698.0,1107698.0,1107698.0,0
20220913T,1092617.0,1092617.0,1092617.0,1092617.0,0
20220914T,1095983.0,1095983.0,1095983.0,1095983.0,0
20220915T,1077713.0,1077713.0,1077713.0,1077713.0,0
20220916T,1062346.0,1062346.0,1062346.0,1062346.0,0
20220919T,1058853.0,1058853.0,1058853.0,1058853.0,0
20220920T,1060402.0,1060402.0,1060402.0,1060402.0,0
20220921T,1052576.0,1052576.0,1052576.0,1052576.0,0
20220922T,1059543.0,1059543.0,1059543.0,1059543.0,0
20220923T,1047050.0,1047050.0,1047050.0,1047050.0,0
20220926T,1047583.0,1047583.0,1047583.0,1047583.0,0
20220927T,1056534.0,1056534.0,1056534.0,1056534.0,0
20220928T,1037294.0,1037294.0,1037294.0,1037294.0,0
20220929T,1001123.0,1001123.0,1001123.0,1001123.0,0
20220930T,1032309.0,1032309.0,1032309.0,1032309.0,0
20221003T,1030327.0,1030327.0,1030327.0,1030327.0,0
20221004T,1038899.0,1038899.0,1038899.0,1038899.0,0
20221006T,1033056.0,1033056.0,1033056.0,1033056.0,0
20221007T,1028425.0,1028425.0,1028425.0,1028425.0,0
20221010T,1032233.0,1032233.0,1032233.0,1032233.0,0
20221011T,1034166.0,1034166.0,1034166.0,1034166.0,0
20221012T,1047933.0,1047933.0,1047933.0,1047933.0,0
20221013T,1049781.0,1049781.0,1049781.0,1049781.0,0
20221014T,1070013.0,1070013.0,1070013.0,1070013.0,0
20221017T,1083831.0,1083831.0,1083831.0,1083831.0,0
20221018T,1090832.0,1090832.0,1090832.0,1090832.0,0
20221019T,1107972.0,1107972.0,1107972.0,1107972.0,0
20221020T,1117696.0,1117696.0,1117696.0,1117696.0,0
20221021T,1124279.0,1124279.0,1124279.0,1124279.0,0
20221025T,1133004.0,1133004.0,1133004.0,1133004.0,0
20221027T,1071976.0,1071976.0,1071976.0,1071976.0,0
20221028T,1134666.0,1134666.0,1134666.0,1134666.0,0
20221031T,1148004.0,1148004.0,1148004.0,1148004.0,0
20221101T,1152740.0,1152740.0,1152740.0,1152740.0,0
20221102T,1140802.0,1140802.0,1140802.0,1140802.0,0
20221103T,1138034.0,1138034.0,1138034.0,1138034.0,0
20221104T,1142844.0,1142844.0,1142844.0,1142844.0,0
20221107T,1149209.0,1149209.0,1149209.0,1149209.0,0
20221109T,1156257.0,1156257.0,1156257.0,1156257.0,0
20221110T,1156414.0,1156414.0,1156414.0,1156414.0,0
20221111T,1157392.0,1157392.0,1157392.0,1157392.0,0
20221114T,1154030.0,1154030.0,1154030.0,1154030.0,0
20221115T,1140817.0,1140817.0,1140817.0,1140817.0,0
20221116T,1137234.0,1137234.0,1137234.0,1137234.0,0
20221117T,1141120.0,1141120.0,1141120.0,1141120.0,0
20221118T,1140632.0,1140632.0,1140632.0,1140632.0,0
20221121T,1132932.0,1132932.0,1132932.0,1132932.0,0
20221122T,1123481.0,1123481.0,1123481.0,1123481.0,0
20221123T,1113034.0,1113034.0,1113034.0,1113034.0,0
20221124T,1058523.0,1058523.0,1058523.0,1058523.0,0
20221125T,1059536.0,1059536.0,1059536.0,1059536.0,0
20221128T,1039671.0,1039671.0,1039671.0,1039671.0,0
20221129T,1044295.0,1044295.0,1044295.0,1044295.0,0
20221130T,1052242.0,1052242.0,1052242.0,1052242.0,0
20221201T,1053180.0,1053180.0,1053180.0,1053180.0,0
20221202T,1032730.0,1032730.0,1032730.0,1032730.0,0
20221205T,1014751.0,1014751.0,1014751.0,1014751.0,0
20221206T,1004037.0,1004037.0,1004037.0,1004037.0,0
20221207T,995015.0,995015.0,995015.0,995015.0,0
20221208T,990491.0,990491.0,990491.0,990491.0,0
20221209T,983198.0,983198.0,983198.0,983198.0,0
20221212T,984268.0,984268.0,984268.0,984268.0,0
20221213T,975355.0,975355.0,975355.0,975355.0,0
20221214T,980182.0,980182.0,980182.0,980182.0,0
20221215T,969207.0,969207.0,969207.0,969207.0,0
20221216T,985097.0,985097.0,985097.0,985097.0,0
20221219T,993933.0,993933.0,993933.0,993933.0,0
20221220T,989703.0,989703.0,989703.0,989703.0,0
20221221T,990834.0,990834.0,990834.0,990834.0,0
20221222T,1002242.0,1002242.0,1002242.0,1002242.0,0
20221223T,1017782.0,1017782.0,1017782.0,1017782.0,0
20221226T,1031923.0,1031923.0,1031923.0,1031923.0,0
20221227T,1035635.0,1035635.0,1035635.0,1035635.0,0
20221228T,1035763.0,1035763.0,1035763.0,1035763.0,0
20221229T,985590.0,985590.0,985590.0,985590.0,0
20221230T,1000421.0,1000421.0,1000421.0,1000421.0,0
20230102T,1013011.0,1013011.0,1013011.0,1013011.0,0
20230103T,1020163.0,1020163.0,1020163.0,1020163.0,0
20230104T,1021577.0,1021577.0,1021577.0,1021577.0,0
20230105T,1038747.0,1038747.0,1038747.0,1038747.0,0
20230106T,1042040.0,1042040.0,1042040.0,1042040.0,0
20230109T,1059058.0,1059058.0,1059058.0,1059058.0,0
20230110T,1065795.0,1065795.0,1065795.0,1065795.0,0
20230111T,1062470.0,1062470.0,1062470.0,1062470.0,0
20230112T,1058605.0,1058605.0,1058605.0,1058605.0,0
20230113T,1064524.0,1064524.0,1064524.0,1064524.0,0
20230116T,1061462.0,1061462.0,1061462.0,1061462.0,0
20230117T,1074423.0,1074423.0,1074423.0,1074423.0,0
20230118T,1096143.0,1096143.0,1096143.0,1096143.0,0
20230119T,1102981.0,1102981.0,1102981.0,1102981.0,0
20230120T,1114640.0,1114640.0,1114640.0,1114640.0,0
20230123T,1139442.0,1139442.0,1139442.0,1139442.0,0
20230124T,1155536.0,1155536.0,1155536.0,1155536.0,0
20230125T,1081148.0,1081148.0,1081148.0,1081148.0,0
20230127T,1106152.0,1106152.0,1106152.0,1106152.0,0
20230130T,1119970.0,1119970.0,1119970.0,1119970.0,0
20230131T,1110111.0,1110111.0,1110111.0,1110111.0,0
20230201T,1134267.0,1134267.0,1134267.0,1134267.0,0
20230202T,1141384.0,1141384.0,1141384.0,1141384.0,0
20230203T,1135758.0,1135758.0,1135758.0,1135758.0,0
20230206T,1135789.0,1135789.0,1135789.0,1135789.0,0
20230207T,1126531.0,1126531.0,1126531.0,1126531.0,0
20230208T,1140433.0,1140433.0,1140433.0,1140433.0,0
20230209T,1142547.0,1142547.0,1142547.0,1142547.0,0
20230210T,1138962.0,1138962.0,1138962.0,1138962.0,0
20230213T,1137062.0,1137062.0,1137062.0,1137062.0,0
20230214T,1158219.0,1158219.0,1158219.0,1158219.0,0
20230215T,1167932.0,1167932.0,1167932.0,1167932.0,0
20230216T,1180577.0,1180577.0,1180577.0,1180577.0,0
20230217T,1180278.0,1180278.0,1180278.0,1180278.0,0
20230220T,1183590.0,1183590.0,1183590.0,1183590.0,0
20230221T,1184908.0,1184908.0,1184908.0,1184908.0,0
20230222T,1191675.0,1191675.0,1191675.0,1191675.0,0
20230223T,1135671.0,1135671.0,1135671.0,1135671.0,0
20230224T,1142888.0,1142888.0,1142888.0,1142888.0,0
20230227T,1154286.0,1154286.0,1154286.0,1154286.0,0
20230228T,1163011.0,1163011.0,1163011.0,1163011.0,0
20230301T,1169066.0,1169066.0,1169066.0,1169066.0,0
20230302T,1138151.0,1138151.0,1138151.0,1138151.0,0
20230303T,1154418.0,1154418.0,1154418.0,1154418.0,0
20230306T,1151395.0,1151395.0,1151395.0,1151395.0,0
20230308T,1159827.0,1159827.0,1159827.0,1159827.0,0
20230309T,1147058.0,1147058.0,1147058.0,1147058.0,0
20230310T,1137937.0,1137937.0,1137937.0,1137937.0,0
20230313T,1132850.0,1132850.0,1132850.0,1132850.0,0
20230314T,1136177.0,1136177.0,1136177.0,1136177.0,0
20230315T,1137417.0,1137417.0,1137417.0,1137417.0,0
20230316T,1137140.0,1137140.0,1137140.0,1137140.0,0
20230317T,1133837.0,1133837.0,1133837.0,1133837.0,0
20230320T,1129418.0,1129418.0,1129418.0,1129418.0,0
20230321T,1141502.0,1141502.0,1141502.0,1141502.0,0
20230322T,1156185.0,1156185.0,1156185.0,1156185.0,0
20230323T,1160642.0,1160642.0,1160642.0,1160642.0,0
20230324T,1164829.0,1164829.0,1164829.0,1164829.0,0
20230327T,1169772.0,1169772.0,1169772.0,1169772.0,0
20230328T,1162136.0,1162136.0,1162136.0,1162136.0,0
20230329T,1092395.0,1092395.0,1092395.0,1092395.0,0
20230331T,1103944.0,1103944.0,1103944.0,1103944.0,0
20230403T,1100712.0,1100712.0,1100712.0,1100712.0,0
20230405T,1114999.0,1114999.0,1114999.0,1114999.0,0
20230406T,1126919.0,1126919.0,1126919.0,1126919.0,0
20230410T,1149722.0,1149722.0,1149722.0,1149722.0,0
20230411T,1163384.0,1163384.0,1163384.0,1163384.0,0
20230412T,1173184.0,1173184.0,1173184.0,1173184.0,0
20230413T,1183836.0,1183836.0,1183836.0,1183836.0,0
20230417T,1188370.0,1188370.0,1188370.0,1188370.0,0
20230418T,1182226.0,1182226.0,1182226.0,1182226.0,0
20230419T,1187763.0,1187763.0,1187763.0,1187763.0,0
20230420T,1209697.0,1209697.0,1209697.0,1209697.0,0
20230421T,1187471.0,1187471.0,1187471.0,1187471.0,0
20230424T,1246288.0,1246288.0,1246288.0,1246288.0,0
20230425T,1243097.0,1243097.0,1243097.0,1243097.0,0
20230426T,1220797.0,1220797.0,1220797.0,1220797.0,0
20230427T,1150532.0,1150532.0,1150532.0,1150532.0,0
20230428T,1166606.0,1166606.0,1166606.0,1166606.0,0
20230502T,1175795.0,1175795.0,1175795.0,1175795.0,0
20230503T,1166024.0,1166024.0,1166024.0,1166024.0,0
20230504T,1163142.0,1163142.0,1163142.0,1163142.0,0
20230505T,1164431.0,1164431.0,1164431.0,1164431.0,0
20230508T,1192073.0,1192073.0,1192073.0,1192073.0,0
20230509T,1205082.0,1205082.0,1205082.0,1205082.0,0
20230510T,1217163.0,1217163.0,1217163.0,1217163.0,0
20230511T,1246256.0,1246256.0,1246256.0,1246256.0,0
20230512T,1240398.0,1240398.0,1240398.0,1240398.0,0
20230515T,1245218.0,1245218.0,1245218.0,1245218.0,0
20230516T,1245933.0,1245933.0,1245933.0,1245933.0,0
20230517T,1234034.0,1234034.0,1234034.0,1234034.0,0
20230518T,1241764.0,1241764.0,1241764.0,1241764.0,0
20230519T,1264640.0,1264640.0,1264640.0,1264640.0,0
20230522T,1278223.0,1278223.0,1278223.0,1278223.0,0
20230523T,1279761.0,1279761.0,1279761.0,1279761.0,0
20230524T,1281755.0,1281755.0,1281755.0,1281755.0,0
20230525T,1224415.0,1224415.0,1224415.0,1224415.0,0
20230526T,1253203.0,1253203.0,1253203.0,1253203.0,0
20230529T,1274210.0,1274210.0,1274210.0,1274210.0,0
20230530T,1275335.0,1275335.0,1275335.0,1275335.0,0
20230531T,1288597.0,1288597.0,1288597.0,1288597.0,0
20230601T,1293390.0,1293390.0,1293390.0,1293390.0,0
20230602T,1293156.0,1293156.0,1293156.0,1293156.0,0
20230605T,1292433.0,1292433.0,1292433.0,1292433.0,0
20230606T,1293510.0,1293510.0,1293510.0,1293510.0,0
20230607T,1310935.0,1310935.0,1310935.0,1310935.0,0
20230608T,1298389.0,1298389.0,1298389.0,1298389.0,0
20230609T,1297166.0,1297166.0,1297166.0,1297166.0,0
20230612T,1302914.0,1302914.0,1302914.0,1302914.0,0
20230613T,1313422.0,1313422.0,1313422.0,1313422.0,0
20230614T,1319144.0,1319144.0,1319144.0,1319144.0,0
20230615T,1323482.0,1323482.0,1323482.0,1323482.0,0
20230616T,1345743.0,1345743.0,1345743.0,1345743.0,0
20230619T,1333191.0,1333191.0,1333191.0,1333191.0,0
20230620T,1333877.0,1333877.0,1333877.0,1333877.0,0
20230621T,1338858.0,1338858.0,1338858.0,1338858.0,0
20230622T,1326830.0,1326830.0,1326830.0,1326830.0,0
20230623T,1341495.0,1341495.0,1341495.0,1341495.0,0
20230626T,1353336.0,1353336.0,1353336.0,1353336.0,0
20230627T,1370304.0,1370304.0,1370304.0,1370304.0,0
20230628T,1245336.0,1245336.0,1245336.0,1245336.0,0
20230630T,1264598.0,1264598.0,1264598.0,1264598.0,0
20230703T,1261960.0,1261960.0,1261960.0,1261960.0,0
20230704T,1256349.0,1256349.0,1256349.0,1256349.0,0
20230705T,1257849.0,1257849.0,1257849.0,1257849.0,0
20230706T,1282742.0,1282742.0,1282742.0,1282742.0,0
20230707T,1270955.0,1270955.0,1270955.0,1270955.0,0
20230710T,1266216.0,1266216.0,1266216.0,1266216.0,0
20230711T,1267781.0,1267781.0,1267781.0,1267781.0,0
20230712T,1263784.0,1263784.0,1263784.0,1263784.0,0
20230713T,1246145.0,1246145.0,1246145.0,1246145.0,0
20230714T,1267534.0,1267534.0,1267534.0,1267534.0,0
20230717T,1257967.0,1257967.0,1257967.0,1257967.0,0
20230718T,1267390.0,1267390.0,1267390.0,1267390.0,0
20230719T,1288927.0,1288927.0,1288927.0,1288927.0,0
20230720T,1276439.0,1276439.0,1276439.0,1276439.0,0
20230721T,1267702.0,1267702.0,1267702.0,1267702.0,0
20230724T,1273079.0,1273079.0,1273079.0,1273079.0,0
20230725T,1282003.0,1282003.0,1282003.0,1282003.0,0
20230726T,1280144.0,1280144.0,1280144.0,1280144.0,0
20230727T,1162900.0,1162900.0,1162900.0,1162900.0,0
20230728T,1171403.0,1171403.0,1171403.0,1171403.0,0
20230731T,1167975.0,1167975.0,1167975.0,1167975.0,0
20230801T,1163380.0,1163380.0,1163380.0,1163380.0,0
20230802T,1148432.0,1148432.0,1148432.0,1148432.0,0
20230803T,1139738.0,1139738.0,1139738.0,1139738.0,0
20230804T,1153252.0,1153252.0,1153252.0,1153252.0,0
20230807T,1168380.0,1168380.0,1168380.0,1168380.0,0
20230808T,1165911.0,1165911.0,1165911.0,1165911.0,0
20230809T,1158994.0,1158994.0,1158994.0,1158994.0,0
20230810T,1158523.0,1158523.0,1158523.0,1158523.0,0
20230811T,1135253.0,1135253.0,1135253.0,1135253.0,0
20230814T,1139574.0,1139574.0,1139574.0,1139574.0,0
20230816T,1143714.0,1143714.0,1143714.0,1143714.0,0
20230817T,1127630.0,1127630.0,1127630.0,1127630.0,0
20230818T,1111986.0,1111986.0,1111986.0,1111986.0,0
20230821T,1128069.0,1128069.0,1128069.0,1128069.0,0
20230822T,1131633.0,1131633.0,1131633.0,1131633.0,0
20230823T,1131899.0,1131899.0,1131899.0,1131899.0,0
20230824T,1155862.0,1155862.0,1155862.0,1155862.0,0
20230825T,1153733.0,1153733.0,1153733.0,1153733.0,0
20230828T,1164188.0,1164188.0,1164188.0,1164188.0,0
20230829T,1165080.0,1165080.0,1165080.0,1165080.0,0
20230830T,1159019.0,1159019.0,1159019.0,1159019.0,0
20230831T,1087781.0,1087781.0,1087781.0,1087781.0,0
20230901T,1102811.0,1102811.0,1102811.0,1102811.0,0
20230904T,1097839.0,1097839.0,1097839.0,1097839.0,0
20230905T,1095624.0,1095624.0,1095624.0,1095624.0,0
20230906T,1092679.0,1092679.0,1092679.0,1092679.0,0
20230907T,1095095.0,1095095.0,1095095.0,1095095.0,0
20230908T,1099686.0,1099686.0,1099686.0,1099686.0,0
20230911T,1106886.0,1106886.0,1106886.0,1106886.0,0
20230912T,1103228.0,1103228.0,1103228.0,1103228.0,0
20230913T,1118419.0,1118419.0,1118419.0,1118419.0,0
20230914T,1140026.0,1140026.0,1140026.0,1140026.0,0
20230915T,1159978.0,1159978.0,1159978.0,1159978.0,0
20230918T,1163465.0,1163465.0,1163465.0,1163465.0,0
20230920T,1159521.0,1159521.0,1159521.0,1159521.0,0
20230921T,1160666.0,1160666.0,1160666.0,1160666.0,0
20230922T,1162408.0,1162408.0,1162408.0,1162408.0,0
20230925T,1187659.0,1187659.0,1187659.0,1187659.0,0
20230926T,1182108.0,1182108.0,1182108.0,1182108.0,0
20230927T,1180316.0,1180316.0,1180316.0,1180316.0,0
20230928T,1106010.0,1106010.0,1106010.0,1106010.0,0
20230929T,1125383.0,1125383.0,1125383.0,1125383.0,0
20231003T,1103843.0,1103843.0,1103843.0,1103843.0,0
20231004T,1105831.0,1105831.0,1105831.0,1105831.0,0
20231005T,1093710.0,1093710.0,1093710.0,1093710.0,0
20231006T,1102634.0,1102634.0,1102634.0,1102634.0,0
20231009T,1097785.0,1097785.0,1097785.0,1097785.0,0
20231010T,1110146.0,1110146.0,1110146.0,1110146.0,0
20231011T,1119065.0,1119065.0,1119065.0,1119065.0,0
20231012T,1123534.0,1123534.0,1123534.0,1123534.0,0
20231013T,1119920.0,1119920.0,1119920.0,1119920.0,0
20231016T,1118793.0,1118793.0,1118793.0,1118793.0,0
20231017T,1129964.0,1129964.0,1129964.0,1129964.0,0
20231018T,1135710.0,1135710.0,1135710.0,1135710.0,0
20231019T,1139000.0,1139000.0,1139000.0,1139000.0,0
20231020T,1131290.0,1131290.0,1131290.0,1131290.0,0
20231023T,1173189.0,1173189.0,1173189.0,1173189.0,0
20231025T,1167306.0,1167306.0,1167306.0,1167306.0,0
20231026T,1049328.0,1049328.0,1049328.0,1049328.0,0
20231027T,1175188.0,1175188.0,1175188.0,1175188.0,0
20231030T,1166010.0,1166010.0,1166010.0,1166010.0,0
20231031T,1168354.0,1168354.0,1168354.0,1168354.0,0
20231101T,1173052.0,1173052.0,1173052.0,1173052.0,0
20231102T,1189567.0,1189567.0,1189567.0,1189567.0,0
20231103T,1210952.0,1210952.0,1210952.0,1210952.0,0
20231106T,1215175.0,1215175.0,1215175.0,1215175.0,0
20231107T,1228654.0,1228654.0,1228654.0,1228654.0,0
20231108T,1233592.0,1233592.0,1233592.0,1233592.0,0
20231109T,1228900.0,1228900.0,1228900.0,1228900.0,0
20231110T,1223862.0,1223862.0,1223862.0,1223862.0,0
20231113T,1223690.0,1223690.0,1223690.0,1223690.0,0
20231115T,1261331.0,1261331.0,1261331.0,1261331.0,0
20231116T,1293136.0,1293136.0,1293136.0,1293136.0,0
20231117T,1320424.0,1320424.0,1320424.0,1320424.0,0
20231120T,1316784.0,1316784.0,1316784.0,1316784.0,0
20231121T,1343388.0,1343388.0,1343388.0,1343388.0,0
20231122T,1362488.0,1362488.0,1362488.0,1362488.0,0
20231123T,1370362.0,1370362.0,1370362.0,1370362.0,0
20231124T,1390691.0,1390691.0,1390691.0,1390691.0,0
20231128T,1425868.0,1425868.0,1425868.0,1425868.0,0
20231129T,1461434.0,1461434.0,1461434.0,1461434.0,0
20231130T,1352528.0,1352528.0,1352528.0,1352528.0,0
20231201T,1386860.0,1386860.0,1386860.0,1386860.0,0
20231204T,1418203.0,1418203.0,1418203.0,1418203.0,0
20231205T,1419809.0,1419809.0,1419809.0,1419809.0,0
20231206T,1406392.0,1406392.0,1406392.0,1406392.0,0
20231207T,1384098.0,1384098.0,1384098.0,1384098.0,0
20231208T,1387725.0,1387725.0,1387725.0,1387725.0,0
20231211T,1375784.0,1375784.0,1375784.0,1375784.0,0
20231212T,1379999.0,1379999.0,1379999.0,1379999.0,0
20231213T,1358827.0,1358827.0,1358827.0,1358827.0,0
20231214T,1325828.0,1325828.0,1325828.0,1325828.0,0
20231215T,1338668.0,1338668.0,1338668.0,1338668.0,0
20231218T,1319271.0,1319271.0,1319271.0,1319271.0,0
20231219T,1304518.0,1304518.0,1304518.0,1304518.0,0
20231220T,1373635.0,1373635.0,1373635.0,1373635.0,0
20231221T,1347505.0,1347505.0,1347505.0,1347505.0,0
20231222T,1392990.0,1392990.0,1392990.0,1392990.0,0
20231226T,1396800.0,1396800.0,1396800.0,1396800.0,0
20231227T,1423012.0,1423012.0,1423012.0,1423012.0,0
20231228T,1425072.0,1425072.0,1425072.0,1425072.0,0
20231229T,1412959.0,1412959.0,1412959.0,1412959.0,0
20240101T,1397510.0,1397510.0,1397510.0,1397510.0,0
20240102T,1425213.0,1425213.0,1425213.0,1425213.0,0
20240103T,1414441.0,1414441.0,1414441.0,1414441.0,0
20240104T,1416082.0,1416082.0,1416082.0,1416082.0,0
20240105T,1424992.0,1424992.0,1424992.0,1424992.0,0
20240108T,1419606.0,1419606.0,1419606.0,1419606.0,0
20240109T,1442048.0,1442048.0,1442048.0,1442048.0,0
20240110T,1447692.0,1447692.0,1447692.0,1447692.0,0
20240111T,1467417.0,1467417.0,1467417.0,1467417.0,0
20240112T,1471574.0,1471574.0,1471574.0,1471574.0,0
20240115T,1482726.0,1482726.0,1482726.0,1482726.0,0
20240116T,1470342.0,1470342.0,1470342.0,1470342.0,0
20240117T,1467435.0,1467435.0,1467435.0,1467435.0,0
20240118T,1455587.0,1455587.0,1455587.0,1455587.0,0
20240119T,1512453.0,1512453.0,1512453.0,1512453.0,0
20240123T,1563444.0,1563444.0,1563444.0,1563444.0,0
20240124T,1601668.0,1601668.0,1601668.0,1601668.0,0
20240125T,1490432.0,1490432.0,1490432.0,1490432.0,0
20240129T,1562704.0,1562704.0,1562704.0,1562704.0,0
20240130T,1555881.0,1555881.0,1555881.0,1555881.0,0
20240131T,1571610.0,1571610.0,1571610.0,1571610.0,0
20240201T,1577870.0,1577870.0,1577870.0,1577870.0,0
20240202T,1630414.0,1630414.0,1630414.0,1630414.0,0
20240205T,1638597.0,1638597.0,1638597.0,1638597.0,0
20240206T,1611934.0,1611934.0,1611934.0,1611934.0,0
20240207T,1580112.0,1580112.0,1580112.0,1580112.0,0
20240208T,1554011.0,1554011.0,1554011.0,1554011.0,0
20240209T,1562708.0,1562708.0,1562708.0,1562708.0,0
20240212T,1588225.0,1588225.0,1588225.0,1588225.0,0
20240213T,1600270.0,1600270.0,1600270.0,1600270.0,0
20240214T,1600998.0,1600998.0,1600998.0,1600998.0,0
20240215T,1599477.0,1599477.0,1599477.0,1599477.0,0
20240216T,1614300.0,1614300.0,1614300.0,1614300.0,0
20240219T,1600673.0,1600673.0,1600673.0,1600673.0,0
20240220T,1588555.0,1588555.0,1588555.0,1588555.0,0
20240221T,1587761.0,1587761.0,1587761.0,1587761.0,0
20240223T,1636643.0,1636643.0,1636643.0,1636643.0,0
20240226T,1623880.0,1623880.0,1623880.0,1623880.0,0
20240227T,1655435.0,1655435.0,1655435.0,1655435.0,0
20240228T,1664948.0,1664948.0,1664948.0,1664948.0,0
20240229T,1631721.0,1631721.0,1631721.0,1631721.0,0
20240301T,1670078.0,1670078.0,1670078.0,1670078.0,0
20240304T,1648296.0,1648296.0,1648296.0,1648296.0,0
20240305T,1642391.0,1642391.0,1642391.0,1642391.0,0
20240306T,1623319.0,1623319.0,1623319.0,1623319.0,0
20240307T,1630524.0,1630524.0,1630524.0,1630524.0,0
20240311T,1632405.0,1632405.0,1632405.0,1632405.0,0
20240312T,1633318.0,1633318.0,1633318.0,1633318.0,0
20240313T,1665304.0,1665304.0,1665304.0,1665304.0,0
20240314T,1656918.0,1656918.0,1656918.0,1656918.0,0
20240315T,1665113.0,1665113.0,1665113.0,1665113.0,0
20240318T,1664086.0,1664086.0,1664086.0,1664086.0,0
20240319T,1673726.0,1673726.0,1673726.0,1673726.0,0
20240320T,1701839.0,1701839.0,1701839.0,1701839.0,0
20240321T,1727153.0,1727153.0,1727153.0,1727153.0,0
20240322T,1734742.0,1734742.0,1734742.0,1734742.0,0
20240326T,1773084.0,1773084.0,1773084.0,1773084.0,0
20240327T,1800839.0,1800839.0,1800839.0,1800839.0,0
20240328T,1764420.0,1764420.0,1764420.0,1764420.0,0
20240401T,1782859.0,1782859.0,1782859.0,1782859.0,0
20240402T,1779943.0,1779943.0,1779943.0,1779943.0,0
20240403T,1718820.0,1718820.0,1718820.0,1718820.0,0
20240404T,1682950.0,1682950.0,1682950.0,1682950.0,0
20240405T,1664391.0,1664391.0,1664391.0,1664391.0,0
20240408T,1654562.0,1654562.0,1654562.0,1654562.0,0
20240409T,1663791.0,1663791.0,1663791.0,1663791.0,0
20240410T,1684471.0,1684471.0,1684471.0,1684471.0,0
20240412T,1643995.0,1643995.0,1643995.0,1643995.0,0
20240415T,1657154.0,1657154.0,1657154.0,1657154.0,0
20240416T,1634803.0,1634803.0,1634803.0,1634803.0,0
20240418T,1653985.0,1653985.0,1653985.0,1653985.0,0
20240419T,1673940.0,1673940.0,1673940.0,1673940.0,0
20240422T,1719748.0,1719748.0,1719748.0,1719748.0,0
20240423T,1708155.0,1708155.0,1708155.0,1708155.0,0
20240424T,1720531.0,1720531.0,1720531.0,1720531.0,0
20240425T,1731484.0,1731484.0,1731484.0,1731484.0,0
20240426T,1976109.0,1976109.0,1976109.0,1976109.0,0
20240429T,2003084.0,2003084.0,2003084.0,2003084.0,0
20240430T,2103311.0,2103311.0,2103311.0,2103311.0,0
20240502T,2154520.0,2154520.0,2154520.0,2154520.0,0
20240503T,2054967.0,2054967.0,2054967.0,2054967.0,0
20240506T,2082915.0,2082915.0,2082915.0,2082915.0,0
20240507T,2102826.0,2102826.0,2102826.0,2102826.0,0
20240508T,2094189.0,2094189.0,2094189.0,2094189.0,0
20240509T,2080569.0,2080569.0,2080569.0,2080569.0,0
20240510T,2086359.0,2086359.0,2086359.0,2086359.0,0
20240513T,2087699.0,2087699.0,2087699.0,2087699.0,0
20240514T,2053382.0,2053382.0,2053382.0,2053382.0,0
20240515T,2039531.0,2039531.0,2039531.0,2039531.0,0
20240516T,2020581.0,2020581.0,2020581.0,2020581.0,0
20240517T,2013900.0,2013900.0,2013900.0,2013900.0,0
20240521T,2048464.0,2048464.0,2048464.0,2048464.0,0
20240522T,2056274.0,2056274.0,2056274.0,2056274.0,0
20240523T,2127408.0,2127408.0,2127408.0,2127408.0,0
20240524T,2148508.0,2148508.0,2148508.0,2148508.0,0
20240527T,2235375.0,2235375.0,2235375.0,2235375.0,0
20240528T,2247895.0,2247895.0,2247895.0,2247895.0,0
20240529T,2251152.0,2251152.0,2251152.0,2251152.0,0
20240530T,2039149.0,2039149.0,2039149.0,2039149.0,0
20240531T,2068556.0,2068556.0,2068556.0,2068556.0,0
20240603T,2130913.0,2130913.0,2130913.0,2130913.0,0
20240604T,2149257.0,2149257.0,2149257.0,2149257.0,0
20240605T,2159759.0,2159759.0,2159759.0,2159759.0,0
20240606T,2164751.0,2164751.0,2164751.0,2164751.0,0
20240607T,2177792.0,2177792.0,2177792.0,2177792.0,0
20240610T,2113362.0,2113362.0,2113362.0,2113362.0,0
20240611T,2118183.0,2118183.0,2118183.0,2118183.0,0
20240612T,2095456.0,2095456.0,2095456.0,2095456.0,0
20240613T,2089235.0,2089235.0,2089235.0,2089235.0,0
20240614T,2086515.0,2086515.0,2086515.0,2086515.0,0
20240618T,2101673.0,2101673.0,2101673.0,2101673.0,0
20240619T,2191710.0,2191710.0,2191710.0,2191710.0,0
20240620T,2167039.0,2167039.0,2167039.0,2167039.0,0
20240621T,2176788.0,2176788.0,2176788.0,2176788.0,0
20240624T,2203890.0,2203890.0,2203890.0,2203890.0,0
20240625T,2251132.0,2251132.0,2251132.0,2251132.0,0
20240626T,2297830.0,2297830.0,2297830.0,2297830.0,0
20240627T,2263338.0,2263338.0,2263338.0,2263338.0,0
20240628T,2300237.0,2300237.0,2300237.0,2300237.0,0
20240701T,2295539.0,2295539.0,2295539.0,2295539.0,0
20240702T,2261927.0,2261927.0,2261927.0,2261927.0,0
20240703T,2344381.0,2344381.0,2344381.0,2344381.0,0
20240704T,2331635.0,2331635.0,2331635.0,2331635.0,0
20240705T,2360710.0,2360710.0,2360710.0,2360710.0,0
20240708T,2321984.0,2321984.0,2321984.0,2321984.0,0
20240709T,2345618.0,2345618.0,2345618.0,2345618.0,0
20240710T,2341706.0,2341706.0,2341706.0,2341706.0,0
20240711T,2315691.0,2315691.0,2315691.0,2315691.0,0
20240712T,2380566.0,2380566.0,2380566.0,2380566.0,0
20240715T,2410878.0,2410878.0,2410878.0,2410878.0,0
20240716T,2393067.0,2393067.0,2393067.0,2393067.0,0
20240718T,2508043.0,2508043.0,2508043.0,2508043.0,0
20240719T,2516089.0,2516089.0,2516089.0,2516089.0,0
20240722T,2564326.0,2564326.0,2564326.0,2564326.0,0
20240723T,2505796.0,2505796.0,2505796.0,2505796.0,0
20240724T,2495652.0,2495652.0,2495652.0,2495652.0,0
20240725T,2377998.0,2377998.0,2377998.0,2377998.0,0
20240726T,2416975.0,2416975.0,2416975.0,2416975.0,0
20240729T,2390024.0,2390024.0,2390024.0,2390024.0,0
20240730T,2375220.0,2375220.0,2375220.0,2375220.0,0
20240731T,2386065.0,2386065.0,2386065.0,2386065.0,0
20240801T,2414470.0,2414470.0,2414470.0,2414470.0,0
20240802T,2376125.0,2376125.0,2376125.0,2376125.0,0
20240805T,2412119.0,2412119.0,2412119.0,2412119.0,0
20240806T,2413730.0,2413730.0,2413730.0,2413730.0,0
20240807T,2423138.0,2423138.0,2423138.0,2423138.0,0
20240808T,2316374.0,2316374.0,2316374.0,2316374.0,0
20240809T,2341456.0,2341456.0,2341456.0,2341456.0,0
20240812T,2330862.0,2330862.0,2330862.0,2330862.0,0
20240813T,2322954.0,2322954.0,2322954.0,2322954.0,0
20240814T,2334384.0,2334384.0,2334384.0,2334384.0,0
20240816T,2381598.0,2381598.0,2381598.0,2381598.0,0
20240819T,2383138.0,2383138.0,2383138.0,2383138.0,0
20240820T,2396442.0,2396442.0,2396442.0,2396442.0,0
20240821T,2424031.0,2424031.0,2424031.0,2424031.0,0
20240822T,2399669.0,2399669.0,2399669.0,2399669.0,0
20240823T,2426009.0,2426009.0,2426009.0,2426009.0,0
20240826T,2460692.0,2460692.0,2460692.0,2460692.0,0
20240827T,2482432.0,2482432.0,2482432.0,2482432.0,0
20240828T,2474521.0,2474521.0,2474521.0,2474521.0,0
20240829T,2364194.0,2364194.0,2364194.0,2364194.0,0
20240830T,2418202.0,2418202.0,2418202.0,2418202.0,0
20240902T,2443080.0,2443080.0,2443080.0,2443080.0,0
20240903T,2455100.0,2455100.0,2455100.0,2455100.0,0
20240904T,2420647.0,2420647.0,2420647.0,2420647.0,0
20240905T,2385539.0,2385539.0,2385539.0,2385539.0,0
20240906T,2351840.0,2351840.0,2351840.0,2351840.0,0
20240909T,2338480.0,2338480.0,2338480.0,2338480.0,0
20240910T,2320119.0,2320119.0,2320119.0,2320119.0,0
20240911T,2321764.0,2321764.0,2321764.0,2321764.0,0
20240912T,2398893.0,2398893.0,2398893.0,2398893.0,0
20240913T,2377559.0,2377559.0,2377559.0,2377559.0,0
20240916T,2353337.0,2353337.0,2353337.0,2353337.0,0
20240917T,2359064.0,2359064.0,2359064.0,2359064.0,0
20240918T,2368226.0,2368226.0,2368226.0,2368226.0,0
20240919T,2401334.0,2401334.0,2401334.0,2401334.0,0
20240920T,2577289.0,2577289.0,2577289.0,2577289.0,0
20240923T,2566415.0,2566415.0,2566415.0,2566415.0,0
20240924T,2577102.0,2577102.0,2577102.0,2577102.0,0
20240925T,2530899.0,2530899.0,2530899.0,2530899.0,0
20240926T,2534501.0,2534501.0,2534501.0,2534501.0,0
20240927T,2589412.0,2589412.0,2589412.0,2589412.0,0
20240930T,2566428.0,2566428.0,2566428.0,2566428.0,0
20241001T,2559442.0,2559442.0,2559442.0,2559442.0,0
20241003T,2495456.0,2495456.0,2495456.0,2495456.0,0
20241004T,2481915.0,2481915.0,2481915.0,2481915.0,0
20241007T,2579765.0,2579765.0,2579765.0,2579765.0,0
20241008T,2567838.0,2567838.0,2567838.0,2567838.0,0
20241009T,2567949.0,2567949.0,2567949.0,2567949.0,0
20241010T,2536617.0,2536617.0,2536617.0,2536617.0,0
20241011T,2534672.0,2534672.0,2534672.0,2534672.0,0
20241014T,2527425.0,2527425.0,2527425.0,2527425.0,0
20241015T,2508977.0,2508977.0,2508977.0,2508977.0,0
20241016T,2508317.0,2508317.0,2508317.0,2508317.0,0
20241017T,2523515.0,2523515.0,2523515.0,2523515.0,0
20241018T,2524036.0,2524036.0,2524036.0,2524036.0,0
20241021T,2495682.0,2495682.0,2495682.0,2495682.0,0
20241022T,2524773.0,2524773.0,2524773.0,2524773.0,0
20241023T,2577110.0,2577110.0,2577110.0,2577110.0,0
20241024T,2605754.0,2605754.0,2605754.0,2605754.0,0
20241025T,2703745.0,2703745.0,2703745.0,2703745.0,0
20241028T,2732186.0,2732186.0,2732186.0,2732186.0,0
20241029T,2758739.0,2758739.0,2758739.0,2758739.0,0
20241030T,2729592.0,2729592.0,2729592.0,2729592.0,0
20241031T,2654268.0,2654268.0,2654268.0,2654268.0,0
20241104T,3023303.0,3023303.0,3023303.0,3023303.0,0
20241105T,3049417.0,3049417.0,3049417.0,3049417.0,0
20241106T,3028001.0,3028001.0,3028001.0,3028001.0,0
20241107T,2988614.0,2988614.0,2988614.0,2988614.0,0
20241108T,2999405.0,2999405.0,2999405.0,2999405.0,0
20241111T,2974813.0,2974813.0,2974813.0,2974813.0,0
20241112T,2962882.0,2962882.0,2962882.0,2962882.0,0
20241113T,2994109.0,2994109.0,2994109.0,2994109.0,0
20241114T,2988718.0,2988718.0,2988718.0,2988718.0,0
20241118T,3004899.0,3004899.0,3004899.0,3004899.0,0
20241119T,3038722.0,3038722.0,3038722.0,3038722.0,0
20241121T,2999364.0,2999364.0,2999364.0,2999364.0,0
20241122T,3102622.0,3102622.0,3102622.0,3102622.0,0
20241125T,3237846.0,3237846.0,3237846.0,3237846.0,0
20241126T,3171031.0,3171031.0,3171031.0,3171031.0,0
20241127T,3153318.0,3153318.0,3153318.0,3153318.0,0
20241128T,2928170.0,2928170.0,2928170.0,2928170.0,0
20241129T,2990584.0,2990584.0,2990584.0,2990584.0,0
20241202T,3013704.0,3013704.0,3013704.0,3013704.0,0
20241203T,3013372.0,3013372.0,3013372.0,3013372.0,0
20241204T,2945000.0,2945000.0,2945000.0,2945000.0,0
20241205T,3052220.0,3052220.0,3052220.0,3052220.0,0
20241206T,3065987.0,3065987.0,3065987.0,3065987.0,0
20241209T,3009969.0,3009969.0,3009969.0,3009969.0,0
20241210T,2992704.0,2992704.0,2992704.0,2992704.0,0
20241211T,2978937.0,2978937.0,2978937.0,2978937.0,0
20241212T,2951016.0,2951016.0,2951016.0,2951016.0,0
20241213T,3027265.0,3027265.0,3027265.0,3027265.0,0
20241216T,2994911.0,2994911.0,2994911.0,2994911.0,0
20241217T,2943712.0,2943712.0,2943712.0,2943712.0,0
20241218T,2967110.0,2967110.0,2967110.0,2967110.0,0
20241219T,2958839.0,2958839.0,2958839.0,2958839.0,0
20241220T,2983127.0,2983127.0,2983127.0,2983127.0,0
20241223T,3081283.0,3081283.0,3081283.0,3081283.0,0
20241224T,3121221.0,3121221.0,3121221.0,3121221.0,0
20241226T,3070623.0,3070623.0,3070623.0,3070623.0,0
20241227T,3105408.0,3105408.0,3105408.0,3105408.0,0
20241230T,3157837.0,3157837.0,3157837.0,3157837.0,0
20241231T,3126066.0,3126066.0,3126066.0,3126066.0,0
20250101T,3108566.0,3108566.0,3108566.0,3108566.0,0
20250102T,3244099.0,3244099.0,3244099.0,3244099.0,0
20250103T,3257556.0,3257556.0,3257556.0,3257556.0,0
20250106T,3241505.0,3241505.0,3241505.0,3241505.0,0
20250107T,3268746.0,3268746.0,3268746.0,3268746.0,0
20250108T,3248241.0,3248241.0,3248241.0,3248241.0,0
20250109T,3210373.0,3210373.0,3210373.0,3210373.0,0
20250110T,3266583.0,3266583.0,3266583.0,3266583.0,0
20250113T,3348464.0,3348464.0,3348464.0,3348464.0,0
20250114T,3395666.0,3395666.0,3395666.0,3395666.0,0
20250115T,3442354.0,3442354.0,3442354.0,3442354.0,0
20250116T,3375036.0,3375036.0,3375036.0,3375036.0,0
20250117T,3371180.0,3371180.0,3371180.0,3371180.0,0
20250120T,3397849.0,3397849.0,3397849.0,3397849.0,0
20250121T,3376423.0,3376423.0,3376423.0,3376423.0,0
20250122T,3424507.0,3424507.0,3424507.0,3424507.0,0
20250123T,3436627.0,3436627.0,3436627.0,3436627.0,0
20250124T,3446700.0,3446700.0,3446700.0,3446700.0,0
20250127T,3486885.0,3486885.0,3486885.0,3486885.0,0
20250128T,3545498.0,3545498.0,3545498.0,3545498.0,0
20250129T,3576994.0,3576994.0,3576994.0,3576994.0,0
20250130T,3424273.0,3424273.0,3424273.0,3424273.0,0
20250131T,3420894.0,3420894.0,3420894.0,3420894.0,0
20250203T,3426291.0,3426291.0,3426291.0,3426291.0,0
20250204T,3447168.0,3447168.0,3447168.0,3447168.0,0
20250205T,3427784.0,3427784.0,3427784.0,3427784.0,0
20250206T,3429465.0,3429465.0,3429465.0,3429465.0,0
20250207T,3450833.0,3450833.0,3450833.0,3450833.0,0
20250210T,3435202.0,3435202.0,3435202.0,3435202.0,0
20250211T,3442298.0,3442298.0,3442298.0,3442298.0,0
20250212T,3481825.0,3481825.0,3481825.0,3481825.0,0
20250213T,3485053.0,3485053.0,3485053.0,3485053.0,0
20250214T,3507963.0,3507963.0,3507963.0,3507963.0,0
20250217T,3546805.0,3546805.0,3546805.0,3546805.0,0
20250218T,3546932.0,3546932.0,3546932.0,3546932.0,0
20250219T,3563970.0,3563970.0,3563970.0,3563970.0,0
20250220T,3582076.0,3582076.0,3582076.0,3582076.0,0
20250221T,3572785.0,3572785.0,3572785.0,3572785.0,0
20250224T,3592999.0,3592999.0,3592999.0,3592999.0,0
20250225T,3606249.0,3606249.0,3606249.0,3606249.0,0
20250227T,3486150.0,3486150.0,3486150.0,3486150.0,0
20250228T,3574400.0,3574400.0,3574400.0,3574400.0,0
20250303T,3635110.0,3635110.0,3635110.0,3635110.0,0
20250304T,3653109.0,3653109.0,3653109.0,3653109.0,0
20250305T,3652948.0,3652948.0,3652948.0,3652948.0,0
20250306T,3636896.0,3636896.0,3636896.0,3636896.0,0
20250307T,3611711.0,3611711.0,3611711.0,3611711.0,0
20250310T,3590713.0,3590713.0,3590713.0,3590713.0,0
20250311T,3609627.0,3609627.0,3609627.0,3609627.0,0
20250312T,3622467.0,3622467.0,3622467.0,3622467.0,0
20250313T,3607434.0,3607434.0,3607434.0,3607434.0,0
20250317T,3641486.0,3641486.0,3641486.0,3641486.0,0
20250318T,3669200.0,3669200.0,3669200.0,3669200.0,0
20250319T,3668225.0,3668225.0,3668225.0,3668225.0,0
20250320T,3699508.0,3699508.0,3699508.0,3699508.0,0
20250321T,3747290.0,3747290.0,3747290.0,3747290.0,0
20250324T,3752018.0,3752018.0,3752018.0,3752018.0,0
20250325T,3785672.0,3785672.0,3785672.0,3785672.0,0
20250326T,3795529.0,3795529.0,3795529.0,3795529.0,0
20250327T,3604424.0,3604424.0,3604424.0,3604424.0,0
20250328T,3598796.0,3598796.0,3598796.0,3598796.0,0
20250401T,3607974.0,3607974.0,3607974.0,3607974.0,0
20250402T,3635983.0,3635983.0,3635983.0,3635983.0,0
20250403T,3617374.0,3617374.0,3617374.0,3617374.0,0
20250404T,3600846.0,3600846.0,3600846.0,3600846.0,0
20250407T,3640186.0,3640186.0,3640186.0,3640186.0,0
20250408T,3631179.0,3631179.0,3631179.0,3631179.0,0
20250409T,3626565.0,3626565.0,3626565.0,3626565.0,0
20250411T,3693538.0,3693538.0,3693538.0,3693538.0,0
20250415T,3738114.0,3738114.0,3738114.0,3738114.0,0
20250416T,3735114.0,3735114.0,3735114.0,3735114.0,0
20250417T,3832190.0,3832190.0,3832190.0,3832190.0,0
20250421T,3882777.0,3882777.0,3882777.0,3882777.0,0
20250422T,3938634.0,3938634.0,3938634.0,3938634.0,0
20250423T,3956970.0,3956970.0,3956970.0,3956970.0,0
20250424T,3694179.0,3694179.0,3694179.0,3694179.0,0
20250425T,3737502.0,3737502.0,3737502.0,3737502.0,0
20250428T,3790565.0,3790565.0,3790565.0,3790565.0,0
20250429T,3810157.0,3810157.0,3810157.0,3810157.0,0
20250430T,3851423.0,3851423.0,3851423.0,3851423.0,0
20250502T,3863497.0,3863497.0,3863497.0,3863497.0,0
20250505T,3881795.0,3881795.0,3881795.0,3881795.0,0
20250506T,3898468.0,3898468.0,3898468.0,3898468.0,0
20250507T,3922361.0,3922361.0,3922361.0,3922361.0,0
20250508T,3928529.0,3928529.0,3928529.0,3928529.0,0
20250509T,3884178.0,3884178.0,3884178.0,3884178.0,0
20250512T,3962710.0,3962710.0,3962710.0,3962710.0,0
20250513T,3887954.0,3887954.0,3887954.0,3887954.0,0
20250514T,3890500.0,3890500.0,3890500.0,3890500.0,0
20250515T,3949363.0,3949363.0,3949363.0,3949363.0,0
20250516T,3933185.0,3933185.0,3933185.0,3933185.0,0
20250519T,3899659.0,3899659.0,3899659.0,3899659.0,0
20250520T,3855700.0,3855700.0,3855700.0,3855700.0,0
20250521T,3882569.0,3882569.0,3882569.0,3882569.0,0
20250522T,3858553.0,3858553.0,3858553.0,3858553.0,0
20250523T,3887844.0,3887844.0,3887844.0,3887844.0,0
20250526T,3902849.0,3902849.0,3902849.0,3902849.0,0
20250527T,3918735.0,3918735.0,3918735.0,3918735.0,0
20250528T,3886244.0,3886244.0,3886244.0,3886244.0,0
20250529T,3728862.0,3728862.0,3728862.0,3728862.0,0
20250530T,3695772.0,3695772.0,3695772.0,3695772.0,0
20250602T,3686593.0,3686593.0,3686593.0,3686593.0,0
20250603T,3674315.0,3674315.0,3674315.0,3674315.0,0
20250604T,3680849.0,3680849.0,3680849.0,3680849.0,0
20250605T,3702217.0,3702217.0,3702217.0,3702217.0,0
20250606T,3732708.0,3732708.0,3732708.0,3732708.0,0
20250609T,3739938.0,3739938.0,3739938.0,3739938.0,0
20250610T,3703529.0,3703529.0,3703529.0,3703529.0,0
20250611T,3689537.0,3689537.0,3689537.0,3689537.0,0
20250612T,3663750.0,3663750.0,3663750.0,3663750.0,0
20250613T,3646370.0,3646370.0,3646370.0,3646370.0,0
20250616T,3688504.0,3688504.0,3688504.0,3688504.0,0
20250617T,3686095.0,3686095.0,3686095.0,3686095.0,0
20250618T,3693439.0,3693439.0,3693439.0,3693439.0,0
20250619T,3690210.0,3690210.0,3690210.0,3690210.0,0
20250620T,3747434.0,3747434.0,3747434.0,3747434.0,0
20250623T,3693140.0,3693140.0,3693140.0,3693140.0,0
20250624T,3707375.0,3707375.0,3707375.0,3707375.0,0
20250625T,3693426.0,3693426.0,3693426.0,3693426.0,0
20250626T,3529240.0,3529240.0,3529240.0,3529240.0,0
20250627T,3543851.0,3543851.0,3543851.0,3543851.0,0
20250630T,3520669.0,3520669.0,3520669.0,3520669.0,0
20250701T,3520760.0,3520760.0,3520760.0,3520760.0,0
20250702T,3528126.0,3528126.0,3528126.0,3528126.0,0
20250703T,3522295.0,3522295.0,3522295.0,3522295.0,0
20250704T,3527844.0,3527844.0,3527844.0,3527844.0,0
20250707T,3527997.0,3527997.0,3527997.0,3527997.0,0
20250708T,3523251.0,3523251.0,3523251.0,3523251.0,0
20250709T,3524965.0,3524965.0,3524965.0,3524965.0,0
20250710T,3477277.0,3477277.0,3477277.0,3477277.0,0
20250711T,3480173.0,3480173.0,3480173.0,3480173.0,0
20250714T,3490705.0,3490705.0,3490705.0,3490705.0,0
20250715T,3495595.0,3495595.0,3495595.0,3495595.0,0
20250716T,3475270.0,3475270.0,3475270.0,3475270.0,0
20250717T,3472100.0,3472100.0,3472100.0,3472100.0,0
20250718T,3470940.0,3470940.0,3470940.0,3470940.0,0
20250721T,3438974.0,3438974.0,3438974.0,3438974.0,0
20250722T,3426583.0,3426583.0,3426583.0,3426583.0,0
20250723T,3438153.0,3438153.0,3438153.0,3438153.0,0
20250724T,3405753.0,3405753.0,3405753.0,3405753.0,0
20250725T,3399653.0,3399653.0,3399653.0,3399653.0,0
20250728T,3418612.0,3418612.0,3418612.0,3418612.0,0
20250729T,3458703.0,3458703.0,3458703.0,3458703.0,0
20250730T,3480187.0,3480187.0,3480187.0,3480187.0,0
20250731T,3346518.0,3346518.0,3346518.0,3346518.0,0
20250801T,3340768.0,3340768.0,3340768.0,3340768.0,0
20250804T,3357670.0,3357670.0,3357670.0,3357670.0,0
20250805T,3341824.0,3341824.0,3341824.0,3341824.0,0
20250806T,3338651.0,3338651.0,3338651.0,3338651.0,0
20250807T,3365626.0,3365626.0,3365626.0,3365626.0,0
20250808T,3360738.0,3360738.0,3360738.0,3360738.0,0
20250811T,3395836.0,3395836.0,3395836.0,3395836.0,0
20250812T,3415322.0,3415322.0,3415322.0,3415322.0,0
20250813T,3453645.0,3453645.0,3453645.0,3453645.0,0
20250814T,3457494.0,3457494.0,3457494.0,3457494.0,0
20250818T,3498037.0,3498037.0,3498037.0,3498037.0,0
20250819T,3520500.0,3520500.0,3520500.0,3520500.0,0
20250820T,3527057.0,3527057.0,3527057.0,3527057.0,0
20250821T,3522787.0,3522787.0,3522787.0,3522787.0,0
20250822T,3513079.0,3513079.0,3513079.0,3513079.0,0
20250825T,3533216.0,3533216.0,3533216.0,3533216.0,0
20250826T,3502113.0,3502113.0,3502113.0,3502113.0,0
20250828T,3412601.0,3412601.0,3412601.0,3412601.0,0
20250829T,3437632.0,3437632.0,3437632.0,3437632.0,0
20250901T,3451292.0,3451292.0,3451292.0,3451292.0,0
20250902T,3438460.0,3438460.0,3438460.0,3438460.0,0
20250903T,3415196.0,3415196.0,3415196.0,3415196.0,0
20250904T,3401019.0,3401019.0,3401019.0,3401019.0,0
20250905T,3400599.0,3400599.0,3400599.0,3400599.0,0
20250908T,3415244.0,3415244.0,3415244.0,3415244.0,0
20250909T,3414716.0,3414716.0,3414716.0,3414716.0,0
20250910T,3418777.0,3418777.0,3418777.0,3418777.0,0
20250911T,3405470.0,3405470.0,3405470.0,3405470.0,0
20250912T,3414956.0,3414956.0,3414956.0,3414956.0,0
20250915T,3400446.0,3400446.0,3400446.0,3400446.0,0
20250916T,3423953.0,3423953.0,3423953.0,3423953.0,0
20250917T,3430475.0,3430475.0,3430475.0,3430475.0,0
20250918T,3444136.0,3444136.0,3444136.0,3444136.0,0
20250919T,3471838.0,3471838.0,3471838.0,3471838.0,0
20250922T,3481617.0,3481617.0,3481617.0,3481617.0,0
20250923T,3501287.0,3501287.0,3501287.0,3501287.0,0
20250924T,3510851.0,3510851.0,3510851.0,3510851.0,0
20250925T,3495527.0,3495527.0,3495527.0,3495527.0,0
20250926T,3518668.0,3518668.0,3518668.0,3518668.0,0
20250929T,3546355.0,3546355.0,3546355.0,3546355.0,0
20250930T,3460076.0,3460076.0,3460076.0,3460076.0,0
20251001T,3471753.0,3471753.0,3471753.0,3471753.0,0
20251003T,3449772.0,3449772.0,3449772.0,3449772.0,0
20251006T,3447351.0,3447351.0,3447351.0,3447351.0,0
20251007T,3434287.0,3434287.0,3434287.0,3434287.0,0
20251008T,3410946.0,3410946.0,3410946.0,3410946.0,0
20251009T,3415024.0,3415024.0,3415024.0,3415024.0,0
20251010T,3431900.0,3431900.0,3431900.0,3431900.0,0
20251013T,3404984.0,3404984.0,3404984.0,3404984.0,0
20251014T,3376799.0,3376799.0,3376799.0,3376799.0,0
20251015T,3389785.0,3389785.0,3389785.0,3389785.0,0
20251016T,3400227.0,3400227.0,3400227.0,3400227.0,0
20251017T,3420732.0,3420732.0,3420732.0,3420732.0,0
20251020T,3480413.0,3480413.0,3480413.0,3480413.0,0
20251023T,3571637.0,3571637.0,3571637.0,3571637.0,0
20251024T,3564140.0,3564140.0,3564140.0,3564140.0,0
20251027T,3604193.0,3604193.0,3604193.0,3604193.0,0
20251028T,3414298.0,3414298.0,3414298.0,3414298.0,0
20251029T,3676025.0,3676025.0,3676025.0,3676025.0,0
20251030T,3650425.0,3650425.0,3650425.0,3650425.0,0
20251031T,3649154.0,3649154.0,3649154.0,3649154.0,0
20251103T,3645001.0,3645001.0,3645001.0,3645001.0,0
20251104T,3619752.0,3619752.0,3619752.0,3619752.0,0
20251106T,3633537.0,3633537.0,3633537.0,3633537.0,0
20251107T,3634807.0,3634807.0,3634807.0,3634807.0,0
20251110T,3629666.0,3629666.0,3629666.0,3629666.0,0
20251111T,3623407.0,3623407.0,3623407.0,3623407.0,0
20251112T,3650380.0,3650380.0,3650380.0,3650380.0,0
20251113T,3642001.0,3642001.0,3642001.0,3642001.0,0
20251114T,3637417.0,3637417.0,3637417.0,3637417.0,0
20251117T,3644935.0,3644935.0,3644935.0,3644935.0,0
20251118T,3627794.0,3627794.0,3627794.0,3627794.0,0
20251119T,3646707.0,3646707.0,3646707.0,3646707.0,0
20251120T,3600024.0,3600024.0,3600024.0,3600024.0,0
20251121T,3603690.0,3603690.0,3603690.0,3603690.0,0
20251124T,3648854.0,3648854.0,3648854.0,3648854.0,0
20251125T,3535070.0,3535070.0,3535070.0,3535070.0,0
20251126T,3550169.0,3550169.0,3550169.0,3550169.0,0
20251127T,3550551.0,3550551.0,3550551.0,3550551.0,0
20251128T,3552919.0,3552919.0,3552919.0,3552919.0,0
20251201T,3560171.0,3560171.0,3560171.0,3560171.0,0
20251202T,3578068.0,3578068.0,3578068.0,3578068.0,0
20251203T,3559664.0,3559664.0,3559664.0,3559664.0,0
20251204T,3568873.0,3568873.0,3568873.0,3568873.0,0
20251205T,3607359.0,3607359.0,3607359.0,3607359.0,0
20251208T,3614111.0,3614111.0,3614111.0,3614111.0,0
20251209T,3624204.0,3624204.0,3624204.0,3624204.0,0
20251210T,3619602.0,3619602.0,3619602.0,3619602.0,0
20251211T,3641360.0,3641360.0,3641360.0,3641360.0,0
20251212T,3663171.0,3663171.0,3663171.0,3663171.0,0
20251215T,3650541.0,3650541.0,3650541.0,3650541.0,0
20251216T,3615421.0,3615421.0,3615421.0,3615421.0,0
20251217T,3626053.0,3626053.0,3626053.0,3626053.0,0
20251218T,3671498.0,3671498.0,3671498.0,3671498.0,0
20251219T,3724896.0,3724896.0,3724896.0,3724896.0,0
20251222T,3736025.0,3736025.0,3736025.0,3736025.0,0
20251223T,3759315.0,3759315.0,3759315.0,3759315.0,0
20251224T,3764653.0,3764653.0,3764653.0,3764653.0,0
20251226T,3769173.0,3769173.0,3769173.0,3769173.0,0
20251229T,3771181.0,3771181.0,3771181.0,3771181.0,0
20251230T,3747664.0,3747664.0,3747664.0,3747664.0,0
20251231T,3789837.0,3789837.0,3789837.0,3789837.0,0
20260101T,3791169.0,3791169.0,3791169.0,3791169.0,0
20260102T,3797976.0,3797976.0,3797976.0,3797976.0,0
20260105T,3783346.0,3783346.0,3783346.0,3783346.0,0
20260106T,3797157.0,3797157.0,3797157.0,3797157.0,0
20260107T,3793690.0,3793690.0,3793690.0,3793690.0,0
20260108T,3780276.0,3780276.0,3780276.0,3780276.0,0
20260109T,3797317.0,3797317.0,3797317.0,3797317.0,0
20260112T,3805862.0,3805862.0,3805862.0,3805862.0,0
20260113T,3803240.0,3803240.0,3803240.0,3803240.0,0
20260114T,3821973.0,3821973.0,3821973.0,3821973.0,0
20260116T,3828614.0,3828614.0,3828614.0,3828614.0,0
20260119T,3832704.0,3832704.0,3832704.0,3832704.0,0
20260120T,3866269.0,3866269.0,3866269.0,3866269.0,0
20260121T,3924045.0,3924045.0,3924045.0,3924045.0,0
20260122T,3963325.0,3963325.0,3963325.0,3963325.0,0
20260123T,3958924.0,3958924.0,3958924.0,3958924.0,0
20260127T,3858413.0,3858413.0,3858413.0,3858413.0,0
20260128T,3863697.0,3863697.0,3863697.0,3863697.0,0
20260129T,3800728.0,3800728.0,3800728.0,3800728.0,0
20260130T,3775270.0,3775270.0,3775270.0,3775270.0,0
20260201T,3775339.0,3775339.0,3775339.0,3775339.0,0
20260202T,3791721.0,3791721.0,3791721.0,3791721.0,0
