20120106T,7622.0,7622.0,7622.0,7622.0,0
20120109T,7339.0,7339.0,7339.0,7339.0,0
20120110T,7686.0,7686.0,7686.0,7686.0,0
20120111T,8359.0,8359.0,8359.0,8359.0,0
20120112T,8471.0,8471.0,8471.0,8471.0,0
20120113T,9847.0,9847.0,9847.0,9847.0,0
20120116T,11585.0,11585.0,11585.0,11585.0,0
20120117T,12046.0,12046.0,12046.0,12046.0,0
20120118T,12937.0,12937.0,12937.0,12937.0,0
20120119T,13695.0,13695.0,13695.0,13695.0,0
20120120T,14409.0,14409.0,14409.0,14409.0,0
20120123T,13794.0,13794.0,13794.0,13794.0,0
20120124T,11406.0,11406.0,11406.0,11406.0,0
20120125T,1435.0,1435.0,1435.0,1435.0,0
20120127T,3559.0,3559.0,3559.0,3559.0,0
20120130T,5070.0,5070.0,5070.0,5070.0,0
20120131T,7579.0,7579.0,7579.0,7579.0,0
20120201T,7701.0,7701.0,7701.0,7701.0,0
20120202T,8580.0,8580.0,8580.0,8580.0,0
20120203T,8795.0,8795.0,8795.0,8795.0,0
20120206T,8768.0,8768.0,8768.0,8768.0,0
20120207T,10045.0,10045.0,10045.0,10045.0,0
20120208T,10075.0,10075.0,10075.0,10075.0,0
20120209T,10377.0,10377.0,10377.0,10377.0,0
20120210T,10506.0,10506.0,10506.0,10506.0,0
20120213T,11501.0,11501.0,11501.0,11501.0,0
20120214T,12197.0,12197.0,12197.0,12197.0,0
20120215T,12213.0,12213.0,12213.0,12213.0,0
20120216T,11760.0,11760.0,11760.0,11760.0,0
20120217T,11462.0,11462.0,11462.0,11462.0,0
20120221T,10840.0,10840.0,10840.0,10840.0,0
20120222T,10807.0,10807.0,10807.0,10807.0,0
20120223T,968.0,968.0,968.0,968.0,0
20120224T,4766.0,4766.0,4766.0,4766.0,0
20120227T,6382.0,6382.0,6382.0,6382.0,0
20120228T,7824.0,7824.0,7824.0,7824.0,0
20120229T,9095.0,9095.0,9095.0,9095.0,0
20120301T,9575.0,9575.0,9575.0,9575.0,0
20120302T,10309.0,10309.0,10309.0,10309.0,0
20120305T,10789.0,10789.0,10789.0,10789.0,0
20120306T,10986.0,10986.0,10986.0,10986.0,0
20120307T,12000.0,12000.0,12000.0,12000.0,0
20120309T,12654.0,12654.0,12654.0,12654.0,0
20120312T,14175.0,14175.0,14175.0,14175.0,0
20120313T,11913.0,11913.0,11913.0,11913.0,0
20120314T,12177.0,12177.0,12177.0,12177.0,0
20120315T,12667.0,12667.0,12667.0,12667.0,0
20120316T,12308.0,12308.0,12308.0,12308.0,0
20120319T,12369.0,12369.0,12369.0,12369.0,0
20120320T,12344.0,12344.0,12344.0,12344.0,0
20120321T,12760.0,12760.0,12760.0,12760.0,0
20120322T,12582.0,12582.0,12582.0,12582.0,0
20120323T,13015.0,13015.0,13015.0,13015.0,0
20120326T,13852.0,13852.0,13852.0,13852.0,0
20120327T,14071.0,14071.0,14071.0,14071.0,0
20120328T,13668.0,13668.0,13668.0,13668.0,0
20120329T,602.0,602.0,602.0,602.0,0
20120330T,2651.0,2651.0,2651.0,2651.0,0
20120402T,3539.0,3539.0,3539.0,3539.0,0
20120403T,4371.0,4371.0,4371.0,4371.0,0
20120404T,5248.0,5248.0,5248.0,5248.0,0
20120409T,5723.0,5723.0,5723.0,5723.0,0
20120410T,6701.0,6701.0,6701.0,6701.0,0
20120411T,7448.0,7448.0,7448.0,7448.0,0
20120412T,7458.0,7458.0,7458.0,7458.0,0
20120413T,8299.0,8299.0,8299.0,8299.0,0
20120416T,9860.0,9860.0,9860.0,9860.0,0
20120417T,10520.0,10520.0,10520.0,10520.0,0
20120418T,10108.0,10108.0,10108.0,10108.0,0
20120419T,10529.0,10529.0,10529.0,10529.0,0
20120420T,10433.0,10433.0,10433.0,10433.0,0
20120423T,9763.0,9763.0,9763.0,9763.0,0
20120424T,9080.0,9080.0,9080.0,9080.0,0
20120425T,8956.0,8956.0,8956.0,8956.0,0
20120426T,917.0,917.0,917.0,917.0,0
20120427T,3684.0,3684.0,3684.0,3684.0,0
20120430T,4269.0,4269.0,4269.0,4269.0,0
20120502T,5354.0,5354.0,5354.0,5354.0,0
20120503T,5553.0,5553.0,5553.0,5553.0,0
20120504T,5966.0,5966.0,5966.0,5966.0,0
20120507T,8025.0,8025.0,8025.0,8025.0,0
20120508T,8722.0,8722.0,8722.0,8722.0,0
20120509T,9277.0,9277.0,9277.0,9277.0,0
20120510T,10061.0,10061.0,10061.0,10061.0,0
20120511T,11400.0,11400.0,11400.0,11400.0,0
20120514T,11932.0,11932.0,11932.0,11932.0,0
20120515T,13352.0,13352.0,13352.0,13352.0,0
20120516T,13192.0,13192.0,13192.0,13192.0,0
20120517T,13933.0,13933.0,13933.0,13933.0,0
20120518T,14732.0,14732.0,14732.0,14732.0,0
20120521T,14086.0,14086.0,14086.0,14086.0,0
20120522T,14872.0,14872.0,14872.0,14872.0,0
20120523T,15135.0,15135.0,15135.0,15135.0,0
20120524T,15796.0,15796.0,15796.0,15796.0,0
20120525T,16910.0,16910.0,16910.0,16910.0,0
20120528T,15407.0,15407.0,15407.0,15407.0,0
20120529T,14736.0,14736.0,14736.0,14736.0,0
20120530T,15492.0,15492.0,15492.0,15492.0,0
20120531T,1199.0,1199.0,1199.0,1199.0,0
20120601T,4099.0,4099.0,4099.0,4099.0,0
20120604T,6081.0,6081.0,6081.0,6081.0,0
20120605T,6933.0,6933.0,6933.0,6933.0,0
20120606T,8045.0,8045.0,8045.0,8045.0,0
20120607T,9209.0,9209.0,9209.0,9209.0,0
20120608T,9968.0,9968.0,9968.0,9968.0,0
20120611T,11128.0,11128.0,11128.0,11128.0,0
20120612T,11609.0,11609.0,11609.0,11609.0,0
20120613T,11818.0,11818.0,11818.0,11818.0,0
20120614T,12822.0,12822.0,12822.0,12822.0,0
20120615T,12661.0,12661.0,12661.0,12661.0,0
20120618T,12340.0,12340.0,12340.0,12340.0,0
20120619T,12323.0,12323.0,12323.0,12323.0,0
20120620T,11928.0,11928.0,11928.0,11928.0,0
20120621T,12457.0,12457.0,12457.0,12457.0,0
20120622T,13002.0,13002.0,13002.0,13002.0,0
20120625T,13180.0,13180.0,13180.0,13180.0,0
20120626T,12624.0,12624.0,12624.0,12624.0,0
20120627T,11368.0,11368.0,11368.0,11368.0,0
20120628T,119.0,119.0,119.0,119.0,0
20120629T,4369.0,4369.0,4369.0,4369.0,0
20120702T,5999.0,5999.0,5999.0,5999.0,0
20120703T,6841.0,6841.0,6841.0,6841.0,0
20120704T,7577.0,7577.0,7577.0,7577.0,0
20120705T,7474.0,7474.0,7474.0,7474.0,0
20120706T,8380.0,8380.0,8380.0,8380.0,0
20120709T,8338.0,8338.0,8338.0,8338.0,0
20120710T,9944.0,9944.0,9944.0,9944.0,0
20120711T,11563.0,11563.0,11563.0,11563.0,0
20120712T,13213.0,13213.0,13213.0,13213.0,0
20120713T,15944.0,15944.0,15944.0,15944.0,0
20120716T,15568.0,15568.0,15568.0,15568.0,0
20120717T,15345.0,15345.0,15345.0,15345.0,0
20120718T,16487.0,16487.0,16487.0,16487.0,0
20120719T,16049.0,16049.0,16049.0,16049.0,0
20120720T,16633.0,16633.0,16633.0,16633.0,0
20120723T,15670.0,15670.0,15670.0,15670.0,0
20120724T,14248.0,14248.0,14248.0,14248.0,0
20120725T,14439.0,14439.0,14439.0,14439.0,0
20120726T,282.0,282.0,282.0,282.0,0
20120727T,3990.0,3990.0,3990.0,3990.0,0
20120730T,7092.0,7092.0,7092.0,7092.0,0
20120731T,7772.0,7772.0,7772.0,7772.0,0
20120801T,10734.0,10734.0,10734.0,10734.0,0
20120802T,11077.0,11077.0,11077.0,11077.0,0
20120803T,12616.0,12616.0,12616.0,12616.0,0
20120806T,13616.0,13616.0,13616.0,13616.0,0
20120807T,15012.0,15012.0,15012.0,15012.0,0
20120808T,14217.0,14217.0,14217.0,14217.0,0
20120809T,15615.0,15615.0,15615.0,15615.0,0
20120810T,16648.0,16648.0,16648.0,16648.0,0
20120813T,18532.0,18532.0,18532.0,18532.0,0
20120814T,17665.0,17665.0,17665.0,17665.0,0
20120816T,18060.0,18060.0,18060.0,18060.0,0
20120817T,17744.0,17744.0,17744.0,17744.0,0
20120821T,18192.0,18192.0,18192.0,18192.0,0
20120822T,17752.0,17752.0,17752.0,17752.0,0
20120823T,18187.0,18187.0,18187.0,18187.0,0
20120824T,17045.0,17045.0,17045.0,17045.0,0
20120827T,15803.0,15803.0,15803.0,15803.0,0
20120828T,16500.0,16500.0,16500.0,16500.0,0
20120829T,15103.0,15103.0,15103.0,15103.0,0
20120830T,680.0,680.0,680.0,680.0,0
20120831T,4387.0,4387.0,4387.0,4387.0,0
20120903T,5928.0,5928.0,5928.0,5928.0,0
20120904T,7758.0,7758.0,7758.0,7758.0,0
20120905T,8453.0,8453.0,8453.0,8453.0,0
20120906T,9180.0,9180.0,9180.0,9180.0,0
20120907T,9765.0,9765.0,9765.0,9765.0,0
20120910T,10249.0,10249.0,10249.0,10249.0,0
20120911T,11505.0,11505.0,11505.0,11505.0,0
20120912T,10402.0,10402.0,10402.0,10402.0,0
20120913T,11127.0,11127.0,11127.0,11127.0,0
20120914T,9489.0,9489.0,9489.0,9489.0,0
20120917T,9826.0,9826.0,9826.0,9826.0,0
20120918T,10781.0,10781.0,10781.0,10781.0,0
20120920T,12433.0,12433.0,12433.0,12433.0,0
20120921T,12429.0,12429.0,12429.0,12429.0,0
20120924T,13105.0,13105.0,13105.0,13105.0,0
20120925T,12717.0,12717.0,12717.0,12717.0,0
20120926T,13734.0,13734.0,13734.0,13734.0,0
20120927T,620.0,620.0,620.0,620.0,0
20120928T,5714.0,5714.0,5714.0,5714.0,0
20121001T,7419.0,7419.0,7419.0,7419.0,0
20121003T,8688.0,8688.0,8688.0,8688.0,0
20121004T,10400.0,10400.0,10400.0,10400.0,0
20121005T,10312.0,10312.0,10312.0,10312.0,0
20121008T,11819.0,11819.0,11819.0,11819.0,0
20121009T,13001.0,13001.0,13001.0,13001.0,0
20121010T,16615.0,16615.0,16615.0,16615.0,0
20121011T,16688.0,16688.0,16688.0,16688.0,0
20121012T,15591.0,15591.0,15591.0,15591.0,0
20121015T,18276.0,18276.0,18276.0,18276.0,0
20121016T,16908.0,16908.0,16908.0,16908.0,0
20121017T,20058.0,20058.0,20058.0,20058.0,0
20121018T,21506.0,21506.0,21506.0,21506.0,0
20121019T,21959.0,21959.0,21959.0,21959.0,0
20121022T,20662.0,20662.0,20662.0,20662.0,0
20121023T,19290.0,19290.0,19290.0,19290.0,0
20121025T,745.0,745.0,745.0,745.0,0
20121026T,7199.0,7199.0,7199.0,7199.0,0
20121029T,9400.0,9400.0,9400.0,9400.0,0
20121030T,9926.0,9926.0,9926.0,9926.0,0
20121031T,10424.0,10424.0,10424.0,10424.0,0
20121101T,10268.0,10268.0,10268.0,10268.0,0
20121102T,11170.0,11170.0,11170.0,11170.0,0
20121105T,11465.0,11465.0,11465.0,11465.0,0
20121106T,12172.0,12172.0,12172.0,12172.0,0
20121107T,13832.0,13832.0,13832.0,13832.0,0
20121108T,13915.0,13915.0,13915.0,13915.0,0
20121109T,16443.0,16443.0,16443.0,16443.0,0
20121112T,17304.0,17304.0,17304.0,17304.0,0
20121113T,16808.0,16808.0,16808.0,16808.0,0
20121115T,17436.0,17436.0,17436.0,17436.0,0
20121116T,18121.0,18121.0,18121.0,18121.0,0
20121119T,20090.0,20090.0,20090.0,20090.0,0
20121120T,21737.0,21737.0,21737.0,21737.0,0
20121121T,22080.0,22080.0,22080.0,22080.0,0
20121122T,21658.0,21658.0,21658.0,21658.0,0
20121123T,21735.0,21735.0,21735.0,21735.0,0
20121126T,19576.0,19576.0,19576.0,19576.0,0
20121127T,18879.0,18879.0,18879.0,18879.0,0
20121129T,100.0,100.0,100.0,100.0,0
20121130T,5825.0,5825.0,5825.0,5825.0,0
20121203T,7574.0,7574.0,7574.0,7574.0,0
20121204T,7953.0,7953.0,7953.0,7953.0,0
20121205T,9019.0,9019.0,9019.0,9019.0,0
20121206T,10177.0,10177.0,10177.0,10177.0,0
20121207T,10667.0,10667.0,10667.0,10667.0,0
20121210T,11032.0,11032.0,11032.0,11032.0,0
20121211T,12040.0,12040.0,12040.0,12040.0,0
20121212T,12444.0,12444.0,12444.0,12444.0,0
20121213T,11919.0,11919.0,11919.0,11919.0,0
20121214T,12042.0,12042.0,12042.0,12042.0,0
20121217T,11517.0,11517.0,11517.0,11517.0,0
20121218T,11951.0,11951.0,11951.0,11951.0,0
20121219T,12430.0,12430.0,12430.0,12430.0,0
20121220T,13424.0,13424.0,13424.0,13424.0,0
20121221T,13150.0,13150.0,13150.0,13150.0,0
20121224T,11421.0,11421.0,11421.0,11421.0,0
20121226T,9451.0,9451.0,9451.0,9451.0,0
20121227T,1539.0,1539.0,1539.0,1539.0,0
20121228T,7039.0,7039.0,7039.0,7039.0,0
20121231T,8444.0,8444.0,8444.0,8444.0,0
20130101T,9515.0,9515.0,9515.0,9515.0,0
20130102T,10611.0,10611.0,10611.0,10611.0,0
20130103T,12340.0,12340.0,12340.0,12340.0,0
20130104T,14518.0,14518.0,14518.0,14518.0,0
20130107T,14827.0,14827.0,14827.0,14827.0,0
20130108T,16438.0,16438.0,16438.0,16438.0,0
20130109T,18133.0,18133.0,18133.0,18133.0,0
20130110T,21283.0,21283.0,21283.0,21283.0,0
20130111T,20052.0,20052.0,20052.0,20052.0,0
20130114T,21876.0,21876.0,21876.0,21876.0,0
20130115T,24802.0,24802.0,24802.0,24802.0,0
20130116T,23453.0,23453.0,23453.0,23453.0,0
20130117T,22795.0,22795.0,22795.0,22795.0,0
20130118T,21797.0,21797.0,21797.0,21797.0,0
20130121T,24065.0,24065.0,24065.0,24065.0,0
20130122T,27505.0,27505.0,27505.0,27505.0,0
20130123T,26625.0,26625.0,26625.0,26625.0,0
20130124T,25920.0,25920.0,25920.0,25920.0,0
20130125T,25954.0,25954.0,25954.0,25954.0,0
20130128T,29582.0,29582.0,29582.0,29582.0,0
20130129T,27747.0,27747.0,27747.0,27747.0,0
20130130T,27301.0,27301.0,27301.0,27301.0,0
20130131T,489.0,489.0,489.0,489.0,0
20130201T,7824.0,7824.0,7824.0,7824.0,0
20130204T,12808.0,12808.0,12808.0,12808.0,0
20130205T,14127.0,14127.0,14127.0,14127.0,0
20130206T,14823.0,14823.0,14823.0,14823.0,0
20130207T,16032.0,16032.0,16032.0,16032.0,0
20130208T,18028.0,18028.0,18028.0,18028.0,0
20130211T,19170.0,19170.0,19170.0,19170.0,0
20130212T,20422.0,20422.0,20422.0,20422.0,0
20130213T,20394.0,20394.0,20394.0,20394.0,0
20130214T,22487.0,22487.0,22487.0,22487.0,0
20130215T,24297.0,24297.0,24297.0,24297.0,0
20130218T,24953.0,24953.0,24953.0,24953.0,0
20130219T,24820.0,24820.0,24820.0,24820.0,0
20130220T,24230.0,24230.0,24230.0,24230.0,0
20130221T,28906.0,28906.0,28906.0,28906.0,0
20130222T,32050.0,32050.0,32050.0,32050.0,0
20130225T,31605.0,31605.0,31605.0,31605.0,0
20130226T,34476.0,34476.0,34476.0,34476.0,0
20130227T,35468.0,35468.0,35468.0,35468.0,0
20130228T,61.0,61.0,61.0,61.0,0
20130301T,5059.0,5059.0,5059.0,5059.0,0
20130304T,9271.0,9271.0,9271.0,9271.0,0
20130305T,10463.0,10463.0,10463.0,10463.0,0
20130306T,12657.0,12657.0,12657.0,12657.0,0
20130307T,15705.0,15705.0,15705.0,15705.0,0
20130308T,15261.0,15261.0,15261.0,15261.0,0
20130311T,15792.0,15792.0,15792.0,15792.0,0
20130312T,16952.0,16952.0,16952.0,16952.0,0
20130313T,18736.0,18736.0,18736.0,18736.0,0
20130314T,20919.0,20919.0,20919.0,20919.0,0
20130315T,22052.0,22052.0,22052.0,22052.0,0
20130318T,21993.0,21993.0,21993.0,21993.0,0
20130319T,20719.0,20719.0,20719.0,20719.0,0
20130320T,22110.0,22110.0,22110.0,22110.0,0
20130321T,20993.0,20993.0,20993.0,20993.0,0
20130322T,21876.0,21876.0,21876.0,21876.0,0
20130325T,19901.0,19901.0,19901.0,19901.0,0
20130326T,19465.0,19465.0,19465.0,19465.0,0
20130328T,2.0,2.0,2.0,2.0,0
20130401T,6292.0,6292.0,6292.0,6292.0,0
20130402T,8449.0,8449.0,8449.0,8449.0,0
20130403T,11090.0,11090.0,11090.0,11090.0,0
20130404T,11583.0,11583.0,11583.0,11583.0,0
20130405T,13706.0,13706.0,13706.0,13706.0,0
20130408T,14439.0,14439.0,14439.0,14439.0,0
20130409T,15230.0,15230.0,15230.0,15230.0,0
20130410T,16729.0,16729.0,16729.0,16729.0,0
20130411T,19271.0,19271.0,19271.0,19271.0,0
20130412T,20767.0,20767.0,20767.0,20767.0,0
20130415T,21995.0,21995.0,21995.0,21995.0,0
20130416T,22673.0,22673.0,22673.0,22673.0,0
20130417T,23530.0,23530.0,23530.0,23530.0,0
20130418T,22924.0,22924.0,22924.0,22924.0,0
20130422T,24167.0,24167.0,24167.0,24167.0,0
20130423T,25301.0,25301.0,25301.0,25301.0,0
20130425T,1837.0,1837.0,1837.0,1837.0,0
20130426T,10292.0,10292.0,10292.0,10292.0,0
20130429T,13274.0,13274.0,13274.0,13274.0,0
20130430T,15069.0,15069.0,15069.0,15069.0,0
20130502T,16955.0,16955.0,16955.0,16955.0,0
20130503T,17645.0,17645.0,17645.0,17645.0,0
20130506T,19090.0,19090.0,19090.0,19090.0,0
20130507T,19514.0,19514.0,19514.0,19514.0,0
20130508T,20198.0,20198.0,20198.0,20198.0,0
20130509T,22111.0,22111.0,22111.0,22111.0,0
20130510T,23043.0,23043.0,23043.0,23043.0,0
20130513T,24338.0,24338.0,24338.0,24338.0,0
20130514T,26037.0,26037.0,26037.0,26037.0,0
20130515T,26844.0,26844.0,26844.0,26844.0,0
20130516T,28217.0,28217.0,28217.0,28217.0,0
20130517T,29914.0,29914.0,29914.0,29914.0,0
20130520T,30826.0,30826.0,30826.0,30826.0,0
20130521T,33398.0,33398.0,33398.0,33398.0,0
20130522T,34935.0,34935.0,34935.0,34935.0,0
20130523T,42012.0,42012.0,42012.0,42012.0,0
20130524T,41682.0,41682.0,41682.0,41682.0,0
20130527T,40837.0,40837.0,40837.0,40837.0,0
20130528T,41304.0,41304.0,41304.0,41304.0,0
20130529T,35977.0,35977.0,35977.0,35977.0,0
20130530T,1256.0,1256.0,1256.0,1256.0,0
20130531T,5290.0,5290.0,5290.0,5290.0,0
20130603T,12849.0,12849.0,12849.0,12849.0,0
20130604T,14650.0,14650.0,14650.0,14650.0,0
20130605T,15995.0,15995.0,15995.0,15995.0,0
20130606T,17465.0,17465.0,17465.0,17465.0,0
20130607T,18645.0,18645.0,18645.0,18645.0,0
20130610T,19468.0,19468.0,19468.0,19468.0,0
20130611T,20097.0,20097.0,20097.0,20097.0,0
20130612T,20830.0,20830.0,20830.0,20830.0,0
20130613T,20526.0,20526.0,20526.0,20526.0,0
20130614T,19820.0,19820.0,19820.0,19820.0,0
20130617T,20767.0,20767.0,20767.0,20767.0,0
20130618T,20005.0,20005.0,20005.0,20005.0,0
20130619T,20207.0,20207.0,20207.0,20207.0,0
20130620T,21171.0,21171.0,21171.0,21171.0,0
20130621T,22129.0,22129.0,22129.0,22129.0,0
20130624T,22414.0,22414.0,22414.0,22414.0,0
20130625T,22514.0,22514.0,22514.0,22514.0,0
20130626T,21805.0,21805.0,21805.0,21805.0,0
20130627T,131.0,131.0,131.0,131.0,0
20130628T,5555.0,5555.0,5555.0,5555.0,0
20130701T,6117.0,6117.0,6117.0,6117.0,0
20130702T,7559.0,7559.0,7559.0,7559.0,0
20130703T,7446.0,7446.0,7446.0,7446.0,0
20130704T,8077.0,8077.0,8077.0,8077.0,0
20130705T,12401.0,12401.0,12401.0,12401.0,0
20130708T,13315.0,13315.0,13315.0,13315.0,0
20130709T,14339.0,14339.0,14339.0,14339.0,0
20130710T,14840.0,14840.0,14840.0,14840.0,0
20130711T,18047.0,18047.0,18047.0,18047.0,0
20130712T,16561.0,16561.0,16561.0,16561.0,0
20130715T,17792.0,17792.0,17792.0,17792.0,0
20130716T,19671.0,19671.0,19671.0,19671.0,0
20130717T,22989.0,22989.0,22989.0,22989.0,0
20130718T,24487.0,24487.0,24487.0,24487.0,0
20130719T,26451.0,26451.0,26451.0,26451.0,0
20130722T,25477.0,25477.0,25477.0,25477.0,0
20130723T,25677.0,25677.0,25677.0,25677.0,0
20130724T,27344.0,27344.0,27344.0,27344.0,0
20130725T,3950.0,3950.0,3950.0,3950.0,0
20130726T,9359.0,9359.0,9359.0,9359.0,0
20130729T,10596.0,10596.0,10596.0,10596.0,0
20130730T,11721.0,11721.0,11721.0,11721.0,0
20130731T,12567.0,12567.0,12567.0,12567.0,0
20130801T,14598.0,14598.0,14598.0,14598.0,0
20130802T,17751.0,17751.0,17751.0,17751.0,0
20130805T,24151.0,24151.0,24151.0,24151.0,0
20130806T,26227.0,26227.0,26227.0,26227.0,0
20130807T,27577.0,27577.0,27577.0,27577.0,0
20130808T,28695.0,28695.0,28695.0,28695.0,0
20130812T,29656.0,29656.0,29656.0,29656.0,0
20130813T,30901.0,30901.0,30901.0,30901.0,0
20130814T,32776.0,32776.0,32776.0,32776.0,0
20130816T,31324.0,31324.0,31324.0,31324.0,0
20130819T,32770.0,32770.0,32770.0,32770.0,0
20130820T,33249.0,33249.0,33249.0,33249.0,0
20130821T,34928.0,34928.0,34928.0,34928.0,0
20130822T,0.0,0.0,0.0,0.0,0
20130823T,34480.0,34480.0,34480.0,34480.0,0
20130826T,35043.0,35043.0,35043.0,35043.0,0
20130827T,34892.0,34892.0,34892.0,34892.0,0
20130828T,36347.0,36347.0,36347.0,36347.0,0
20130829T,1366.0,1366.0,1366.0,1366.0,0
20130830T,5206.0,5206.0,5206.0,5206.0,0
20130902T,7016.0,7016.0,7016.0,7016.0,0
20130903T,8131.0,8131.0,8131.0,8131.0,0
20130904T,10024.0,10024.0,10024.0,10024.0,0
20130905T,10703.0,10703.0,10703.0,10703.0,0
20130906T,11769.0,11769.0,11769.0,11769.0,0
20130910T,13945.0,13945.0,13945.0,13945.0,0
20130911T,14887.0,14887.0,14887.0,14887.0,0
20130912T,15240.0,15240.0,15240.0,15240.0,0
20130913T,15809.0,15809.0,15809.0,15809.0,0
20130916T,16583.0,16583.0,16583.0,16583.0,0
20130917T,16874.0,16874.0,16874.0,16874.0,0
20130918T,16860.0,16860.0,16860.0,16860.0,0
20130919T,18454.0,18454.0,18454.0,18454.0,0
20130920T,18660.0,18660.0,18660.0,18660.0,0
20130923T,19157.0,19157.0,19157.0,19157.0,0
20130924T,19080.0,19080.0,19080.0,19080.0,0
20130925T,19482.0,19482.0,19482.0,19482.0,0
20130926T,2618.0,2618.0,2618.0,2618.0,0
20130927T,5938.0,5938.0,5938.0,5938.0,0
20130930T,7228.0,7228.0,7228.0,7228.0,0
20131001T,7974.0,7974.0,7974.0,7974.0,0
20131003T,9834.0,9834.0,9834.0,9834.0,0
20131004T,11102.0,11102.0,11102.0,11102.0,0
20131007T,11633.0,11633.0,11633.0,11633.0,0
20131008T,13798.0,13798.0,13798.0,13798.0,0
20131010T,16911.0,16911.0,16911.0,16911.0,0
20131011T,17819.0,17819.0,17819.0,17819.0,0
20131014T,19014.0,19014.0,19014.0,19014.0,0
20131015T,19873.0,19873.0,19873.0,19873.0,0
20131017T,20243.0,20243.0,20243.0,20243.0,0
20131018T,19969.0,19969.0,19969.0,19969.0,0
20131021T,21187.0,21187.0,21187.0,21187.0,0
20131022T,21588.0,21588.0,21588.0,21588.0,0
20131023T,22782.0,22782.0,22782.0,22782.0,0
20131024T,23033.0,23033.0,23033.0,23033.0,0
20131025T,22651.0,22651.0,22651.0,22651.0,0
20131028T,21392.0,21392.0,21392.0,21392.0,0
20131029T,21788.0,21788.0,21788.0,21788.0,0
20131030T,21300.0,21300.0,21300.0,21300.0,0
20131031T,1334.0,1334.0,1334.0,1334.0,0
20131101T,4791.0,4791.0,4791.0,4791.0,0
20131105T,6567.0,6567.0,6567.0,6567.0,0
20131106T,8379.0,8379.0,8379.0,8379.0,0
20131107T,9545.0,9545.0,9545.0,9545.0,0
20131108T,11026.0,11026.0,11026.0,11026.0,0
20131111T,11638.0,11638.0,11638.0,11638.0,0
20131112T,13014.0,13014.0,13014.0,13014.0,0
20131113T,13701.0,13701.0,13701.0,13701.0,0
20131114T,14108.0,14108.0,14108.0,14108.0,0
20131118T,15288.0,15288.0,15288.0,15288.0,0
20131119T,15441.0,15441.0,15441.0,15441.0,0
20131120T,15751.0,15751.0,15751.0,15751.0,0
20131121T,17381.0,17381.0,17381.0,17381.0,0
20131122T,18230.0,18230.0,18230.0,18230.0,0
20131125T,18527.0,18527.0,18527.0,18527.0,0
20131126T,19313.0,19313.0,19313.0,19313.0,0
20131127T,18466.0,18466.0,18466.0,18466.0,0
20131128T,760.0,760.0,760.0,760.0,0
20131129T,2939.0,2939.0,2939.0,2939.0,0
20131202T,5356.0,5356.0,5356.0,5356.0,0
20131203T,8550.0,8550.0,8550.0,8550.0,0
20131204T,10073.0,10073.0,10073.0,10073.0,0
20131205T,10511.0,10511.0,10511.0,10511.0,0
20131206T,11080.0,11080.0,11080.0,11080.0,0
20131209T,10893.0,10893.0,10893.0,10893.0,0
20131210T,11609.0,11609.0,11609.0,11609.0,0
20131211T,11915.0,11915.0,11915.0,11915.0,0
20131212T,12200.0,12200.0,12200.0,12200.0,0
20131213T,12895.0,12895.0,12895.0,12895.0,0
20131216T,12632.0,12632.0,12632.0,12632.0,0
20131217T,13469.0,13469.0,13469.0,13469.0,0
20131218T,12924.0,12924.0,12924.0,12924.0,0
20131219T,13716.0,13716.0,13716.0,13716.0,0
20131220T,12903.0,12903.0,12903.0,12903.0,0
20131223T,11723.0,11723.0,11723.0,11723.0,0
20131224T,11337.0,11337.0,11337.0,11337.0,0
20131226T,0.0,0.0,0.0,0.0,0
20131227T,1421.0,1421.0,1421.0,1421.0,0
20131230T,3091.0,3091.0,3091.0,3091.0,0
20131231T,4248.0,4248.0,4248.0,4248.0,0
20140101T,4519.0,4519.0,4519.0,4519.0,0
20140102T,6334.0,6334.0,6334.0,6334.0,0
20140103T,8227.0,8227.0,8227.0,8227.0,0
20140106T,9817.0,9817.0,9817.0,9817.0,0
20140107T,13534.0,13534.0,13534.0,13534.0,0
20140108T,13831.0,13831.0,13831.0,13831.0,0
20140109T,16099.0,16099.0,16099.0,16099.0,0
20140110T,16715.0,16715.0,16715.0,16715.0,0
20140113T,18172.0,18172.0,18172.0,18172.0,0
20140114T,19037.0,19037.0,19037.0,19037.0,0
20140115T,21603.0,21603.0,21603.0,21603.0,0
20140116T,22911.0,22911.0,22911.0,22911.0,0
20140117T,23123.0,23123.0,23123.0,23123.0,0
20140120T,22323.0,22323.0,22323.0,22323.0,0
20140121T,21724.0,21724.0,21724.0,21724.0,0
20140122T,21406.0,21406.0,21406.0,21406.0,0
20140123T,21935.0,21935.0,21935.0,21935.0,0
20140124T,22008.0,22008.0,22008.0,22008.0,0
20140127T,22718.0,22718.0,22718.0,22718.0,0
20140128T,22816.0,22816.0,22816.0,22816.0,0
20140129T,23104.0,23104.0,23104.0,23104.0,0
20140130T,520.0,520.0,520.0,520.0,0
20140131T,3971.0,3971.0,3971.0,3971.0,0
20140203T,6468.0,6468.0,6468.0,6468.0,0
20140204T,8726.0,8726.0,8726.0,8726.0,0
20140205T,9917.0,9917.0,9917.0,9917.0,0
20140206T,11008.0,11008.0,11008.0,11008.0,0
20140207T,11528.0,11528.0,11528.0,11528.0,0
20140210T,12291.0,12291.0,12291.0,12291.0,0
20140211T,13059.0,13059.0,13059.0,13059.0,0
20140212T,13828.0,13828.0,13828.0,13828.0,0
20140213T,13742.0,13742.0,13742.0,13742.0,0
20140214T,14401.0,14401.0,14401.0,14401.0,0
20140217T,14541.0,14541.0,14541.0,14541.0,0
20140218T,14177.0,14177.0,14177.0,14177.0,0
20140219T,14420.0,14420.0,14420.0,14420.0,0
20140220T,14638.0,14638.0,14638.0,14638.0,0
20140221T,14133.0,14133.0,14133.0,14133.0,0
20140225T,13715.0,13715.0,13715.0,13715.0,0
20140226T,883.0,883.0,883.0,883.0,0
20140228T,6616.0,6616.0,6616.0,6616.0,0
20140303T,8303.0,8303.0,8303.0,8303.0,0
20140304T,9183.0,9183.0,9183.0,9183.0,0
20140305T,10021.0,10021.0,10021.0,10021.0,0
20140306T,10578.0,10578.0,10578.0,10578.0,0
20140307T,14162.0,14162.0,14162.0,14162.0,0
20140310T,15726.0,15726.0,15726.0,15726.0,0
20140311T,17825.0,17825.0,17825.0,17825.0,0
20140312T,19168.0,19168.0,19168.0,19168.0,0
20140313T,22277.0,22277.0,22277.0,22277.0,0
20140314T,22377.0,22377.0,22377.0,22377.0,0
20140318T,21642.0,21642.0,21642.0,21642.0,0
20140319T,21979.0,21979.0,21979.0,21979.0,0
20140320T,20697.0,20697.0,20697.0,20697.0,0
20140321T,17626.0,17626.0,17626.0,17626.0,0
20140324T,16905.0,16905.0,16905.0,16905.0,0
20140325T,16513.0,16513.0,16513.0,16513.0,0
20140326T,16700.0,16700.0,16700.0,16700.0,0
20140327T,643.0,643.0,643.0,643.0,0
20140328T,5166.0,5166.0,5166.0,5166.0,0
20140331T,6806.0,6806.0,6806.0,6806.0,0
20140401T,8237.0,8237.0,8237.0,8237.0,0
20140402T,9185.0,9185.0,9185.0,9185.0,0
20140403T,9515.0,9515.0,9515.0,9515.0,0
20140404T,10421.0,10421.0,10421.0,10421.0,0
20140407T,10437.0,10437.0,10437.0,10437.0,0
20140409T,11376.0,11376.0,11376.0,11376.0,0
20140410T,12467.0,12467.0,12467.0,12467.0,0
20140411T,13539.0,13539.0,13539.0,13539.0,0
20140415T,12763.0,12763.0,12763.0,12763.0,0
20140416T,12788.0,12788.0,12788.0,12788.0,0
20140417T,12479.0,12479.0,12479.0,12479.0,0
20140421T,12179.0,12179.0,12179.0,12179.0,0
20140422T,12941.0,12941.0,12941.0,12941.0,0
20140423T,1280.0,1280.0,1280.0,1280.0,0
20140425T,6674.0,6674.0,6674.0,6674.0,0
20140428T,9331.0,9331.0,9331.0,9331.0,0
20140429T,10337.0,10337.0,10337.0,10337.0,0
20140430T,11373.0,11373.0,11373.0,11373.0,0
20140502T,11688.0,11688.0,11688.0,11688.0,0
20140505T,12384.0,12384.0,12384.0,12384.0,0
20140506T,12018.0,12018.0,12018.0,12018.0,0
20140507T,12586.0,12586.0,12586.0,12586.0,0
20140508T,12997.0,12997.0,12997.0,12997.0,0
20140509T,13755.0,13755.0,13755.0,13755.0,0
20140512T,15843.0,15843.0,15843.0,15843.0,0
20140513T,16921.0,16921.0,16921.0,16921.0,0
20140514T,19218.0,19218.0,19218.0,19218.0,0
20140515T,20367.0,20367.0,20367.0,20367.0,0
20140516T,19533.0,19533.0,19533.0,19533.0,0
20140519T,20108.0,20108.0,20108.0,20108.0,0
20140520T,21241.0,21241.0,21241.0,21241.0,0
20140521T,21734.0,21734.0,21734.0,21734.0,0
20140522T,23312.0,23312.0,23312.0,23312.0,0
20140523T,24167.0,24167.0,24167.0,24167.0,0
20140526T,25193.0,25193.0,25193.0,25193.0,0
20140527T,25411.0,25411.0,25411.0,25411.0,0
20140528T,25722.0,25722.0,25722.0,25722.0,0
20140529T,0.0,0.0,0.0,0.0,0
20140530T,4418.0,4418.0,4418.0,4418.0,0
20140602T,7125.0,7125.0,7125.0,7125.0,0
20140603T,10435.0,10435.0,10435.0,10435.0,0
20140604T,12240.0,12240.0,12240.0,12240.0,0
20140605T,14638.0,14638.0,14638.0,14638.0,0
20140606T,16893.0,16893.0,16893.0,16893.0,0
20140609T,17994.0,17994.0,17994.0,17994.0,0
20140610T,19225.0,19225.0,19225.0,19225.0,0
20140611T,20077.0,20077.0,20077.0,20077.0,0
20140612T,20492.0,20492.0,20492.0,20492.0,0
20140613T,20196.0,20196.0,20196.0,20196.0,0
20140616T,20169.0,20169.0,20169.0,20169.0,0
20140617T,21147.0,21147.0,21147.0,21147.0,0
20140618T,21060.0,21060.0,21060.0,21060.0,0
20140619T,21343.0,21343.0,21343.0,21343.0,0
20140620T,20700.0,20700.0,20700.0,20700.0,0
20140623T,19434.0,19434.0,19434.0,19434.0,0
20140624T,19022.0,19022.0,19022.0,19022.0,0
20140625T,18202.0,18202.0,18202.0,18202.0,0
20140626T,1019.0,1019.0,1019.0,1019.0,0
20140627T,5368.0,5368.0,5368.0,5368.0,0
20140630T,10119.0,10119.0,10119.0,10119.0,0
20140701T,13092.0,13092.0,13092.0,13092.0,0
20140702T,14533.0,14533.0,14533.0,14533.0,0
20140703T,15774.0,15774.0,15774.0,15774.0,0
20140704T,17184.0,17184.0,17184.0,17184.0,0
20140707T,18918.0,18918.0,18918.0,18918.0,0
20140708T,19976.0,19976.0,19976.0,19976.0,0
20140709T,20789.0,20789.0,20789.0,20789.0,0
20140710T,22016.0,22016.0,22016.0,22016.0,0
20140711T,22342.0,22342.0,22342.0,22342.0,0
20140714T,23490.0,23490.0,23490.0,23490.0,0
20140715T,23656.0,23656.0,23656.0,23656.0,0
20140716T,24192.0,24192.0,24192.0,24192.0,0
20140718T,26267.0,26267.0,26267.0,26267.0,0
20140721T,26259.0,26259.0,26259.0,26259.0,0
20140722T,25538.0,25538.0,25538.0,25538.0,0
20140723T,24967.0,24967.0,24967.0,24967.0,0
20140724T,24851.0,24851.0,24851.0,24851.0,0
20140725T,24409.0,24409.0,24409.0,24409.0,0
20140728T,23879.0,23879.0,23879.0,23879.0,0
20140730T,23322.0,23322.0,23322.0,23322.0,0
20140731T,201.0,201.0,201.0,201.0,0
20140801T,7553.0,7553.0,7553.0,7553.0,0
20140804T,10092.0,10092.0,10092.0,10092.0,0
20140805T,11979.0,11979.0,11979.0,11979.0,0
20140806T,12964.0,12964.0,12964.0,12964.0,0
20140807T,13705.0,13705.0,13705.0,13705.0,0
20140808T,13730.0,13730.0,13730.0,13730.0,0
20140811T,14334.0,14334.0,14334.0,14334.0,0
20140812T,16153.0,16153.0,16153.0,16153.0,0
20140813T,15242.0,15242.0,15242.0,15242.0,0
20140814T,15319.0,15319.0,15319.0,15319.0,0
20140818T,15896.0,15896.0,15896.0,15896.0,0
20140819T,16254.0,16254.0,16254.0,16254.0,0
20140820T,17547.0,17547.0,17547.0,17547.0,0
20140821T,18359.0,18359.0,18359.0,18359.0,0
20140822T,17765.0,17765.0,17765.0,17765.0,0
20140825T,16673.0,16673.0,16673.0,16673.0,0
20140826T,16028.0,16028.0,16028.0,16028.0,0
20140827T,14878.0,14878.0,14878.0,14878.0,0
20140828T,213.0,213.0,213.0,213.0,0
20140901T,6448.0,6448.0,6448.0,6448.0,0
20140902T,9048.0,9048.0,9048.0,9048.0,0
20140903T,9591.0,9591.0,9591.0,9591.0,0
20140904T,10923.0,10923.0,10923.0,10923.0,0
20140905T,11717.0,11717.0,11717.0,11717.0,0
20140908T,11958.0,11958.0,11958.0,11958.0,0
20140909T,12848.0,12848.0,12848.0,12848.0,0
20140910T,13635.0,13635.0,13635.0,13635.0,0
20140911T,13887.0,13887.0,13887.0,13887.0,0
20140912T,14744.0,14744.0,14744.0,14744.0,0
20140915T,15091.0,15091.0,15091.0,15091.0,0
20140916T,14630.0,14630.0,14630.0,14630.0,0
20140917T,15064.0,15064.0,15064.0,15064.0,0
20140918T,18212.0,18212.0,18212.0,18212.0,0
20140919T,17963.0,17963.0,17963.0,17963.0,0
20140922T,18952.0,18952.0,18952.0,18952.0,0
20140923T,18588.0,18588.0,18588.0,18588.0,0
20140924T,17120.0,17120.0,17120.0,17120.0,0
20140925T,365.0,365.0,365.0,365.0,0
20140926T,7182.0,7182.0,7182.0,7182.0,0
20140929T,8758.0,8758.0,8758.0,8758.0,0
20140930T,9275.0,9275.0,9275.0,9275.0,0
20141001T,9948.0,9948.0,9948.0,9948.0,0
20141007T,10910.0,10910.0,10910.0,10910.0,0
20141008T,12165.0,12165.0,12165.0,12165.0,0
20141009T,13780.0,13780.0,13780.0,13780.0,0
20141010T,14186.0,14186.0,14186.0,14186.0,0
20141013T,14951.0,14951.0,14951.0,14951.0,0
20141014T,15913.0,15913.0,15913.0,15913.0,0
20141016T,16246.0,16246.0,16246.0,16246.0,0
20141017T,17012.0,17012.0,17012.0,17012.0,0
20141020T,18020.0,18020.0,18020.0,18020.0,0
20141021T,18708.0,18708.0,18708.0,18708.0,0
20141022T,18567.0,18567.0,18567.0,18567.0,0
20141023T,18567.0,18567.0,18567.0,18567.0,0
20141027T,17329.0,17329.0,17329.0,17329.0,0
20141028T,16301.0,16301.0,16301.0,16301.0,0
20141029T,15560.0,15560.0,15560.0,15560.0,0
20141030T,718.0,718.0,718.0,718.0,0
20141031T,10226.0,10226.0,10226.0,10226.0,0
20141103T,12480.0,12480.0,12480.0,12480.0,0
20141105T,14082.0,14082.0,14082.0,14082.0,0
20141107T,16418.0,16418.0,16418.0,16418.0,0
20141110T,18181.0,18181.0,18181.0,18181.0,0
20141111T,20920.0,20920.0,20920.0,20920.0,0
20141112T,21915.0,21915.0,21915.0,21915.0,0
20141113T,22608.0,22608.0,22608.0,22608.0,0
20141114T,23416.0,23416.0,23416.0,23416.0,0
20141117T,23217.0,23217.0,23217.0,23217.0,0
20141118T,23750.0,23750.0,23750.0,23750.0,0
20141119T,23542.0,23542.0,23542.0,23542.0,0
20141120T,23033.0,23033.0,23033.0,23033.0,0
20141121T,22325.0,22325.0,22325.0,22325.0,0
20141124T,22071.0,22071.0,22071.0,22071.0,0
20141125T,20252.0,20252.0,20252.0,20252.0,0
20141126T,18820.0,18820.0,18820.0,18820.0,0
20141127T,280.0,280.0,280.0,280.0,0
20141128T,12447.0,12447.0,12447.0,12447.0,0
20141201T,13691.0,13691.0,13691.0,13691.0,0
20141202T,16352.0,16352.0,16352.0,16352.0,0
20141203T,18060.0,18060.0,18060.0,18060.0,0
20141204T,18767.0,18767.0,18767.0,18767.0,0
20141205T,18904.0,18904.0,18904.0,18904.0,0
20141208T,17881.0,17881.0,17881.0,17881.0,0
20141209T,16709.0,16709.0,16709.0,16709.0,0
20141210T,18411.0,18411.0,18411.0,18411.0,0
20141211T,19082.0,19082.0,19082.0,19082.0,0
20141212T,18879.0,18879.0,18879.0,18879.0,0
20141215T,20119.0,20119.0,20119.0,20119.0,0
20141216T,17798.0,17798.0,17798.0,17798.0,0
20141217T,17524.0,17524.0,17524.0,17524.0,0
20141218T,18312.0,18312.0,18312.0,18312.0,0
20141219T,18468.0,18468.0,18468.0,18468.0,0
20141222T,18234.0,18234.0,18234.0,18234.0,0
20141223T,16243.0,16243.0,16243.0,16243.0,0
20141224T,0.0,0.0,0.0,0.0,0
20141226T,7769.0,7769.0,7769.0,7769.0,0
20141229T,11185.0,11185.0,11185.0,11185.0,0
20141230T,13946.0,13946.0,13946.0,13946.0,0
20141231T,15914.0,15914.0,15914.0,15914.0,0
20150101T,17116.0,17116.0,17116.0,17116.0,0
20150102T,17840.0,17840.0,17840.0,17840.0,0
20150105T,20057.0,20057.0,20057.0,20057.0,0
20150106T,19265.0,19265.0,19265.0,19265.0,0
20150107T,21158.0,21158.0,21158.0,21158.0,0
20150108T,23188.0,23188.0,23188.0,23188.0,0
20150109T,24754.0,24754.0,24754.0,24754.0,0
20150112T,25833.0,25833.0,25833.0,25833.0,0
20150113T,26089.0,26089.0,26089.0,26089.0,0
20150114T,26354.0,26354.0,26354.0,26354.0,0
20150115T,27502.0,27502.0,27502.0,27502.0,0
20150116T,28358.0,28358.0,28358.0,28358.0,0
20150119T,29323.0,29323.0,29323.0,29323.0,0
20150120T,28780.0,28780.0,28780.0,28780.0,0
20150121T,29848.0,29848.0,29848.0,29848.0,0
20150122T,32219.0,32219.0,32219.0,32219.0,0
20150123T,33407.0,33407.0,33407.0,33407.0,0
20150127T,32094.0,32094.0,32094.0,32094.0,0
20150128T,31364.0,31364.0,31364.0,31364.0,0
20150129T,0.0,0.0,0.0,0.0,0
20150130T,10855.0,10855.0,10855.0,10855.0,0
20150202T,14734.0,14734.0,14734.0,14734.0,0
20150203T,17191.0,17191.0,17191.0,17191.0,0
20150204T,17566.0,17566.0,17566.0,17566.0,0
20150205T,17471.0,17471.0,17471.0,17471.0,0
20150206T,18050.0,18050.0,18050.0,18050.0,0
20150209T,18640.0,18640.0,18640.0,18640.0,0
20150210T,22613.0,22613.0,22613.0,22613.0,0
20150211T,24699.0,24699.0,24699.0,24699.0,0
20150212T,25153.0,25153.0,25153.0,25153.0,0
20150213T,25933.0,25933.0,25933.0,25933.0,0
20150216T,27223.0,27223.0,27223.0,27223.0,0
20150218T,27536.0,27536.0,27536.0,27536.0,0
20150219T,29700.0,29700.0,29700.0,29700.0,0
20150220T,29184.0,29184.0,29184.0,29184.0,0
20150223T,28254.0,28254.0,28254.0,28254.0,0
20150224T,24169.0,24169.0,24169.0,24169.0,0
20150225T,21734.0,21734.0,21734.0,21734.0,0
20150226T,18.0,18.0,18.0,18.0,0
20150227T,9513.0,9513.0,9513.0,9513.0,0
20150302T,18188.0,18188.0,18188.0,18188.0,0
20150303T,21098.0,21098.0,21098.0,21098.0,0
20150304T,23820.0,23820.0,23820.0,23820.0,0
20150305T,25152.0,25152.0,25152.0,25152.0,0
20150309T,25279.0,25279.0,25279.0,25279.0,0
20150310T,25236.0,25236.0,25236.0,25236.0,0
20150311T,24920.0,24920.0,24920.0,24920.0,0
20150312T,26628.0,26628.0,26628.0,26628.0,0
20150313T,25757.0,25757.0,25757.0,25757.0,0
20150316T,26405.0,26405.0,26405.0,26405.0,0
20150317T,26423.0,26423.0,26423.0,26423.0,0
20150318T,26615.0,26615.0,26615.0,26615.0,0
20150319T,24779.0,24779.0,24779.0,24779.0,0
20150320T,24449.0,24449.0,24449.0,24449.0,0
20150323T,24730.0,24730.0,24730.0,24730.0,0
20150324T,22972.0,22972.0,22972.0,22972.0,0
20150325T,22844.0,22844.0,22844.0,22844.0,0
20150326T,88.0,88.0,88.0,88.0,0
20150327T,7943.0,7943.0,7943.0,7943.0,0
20150330T,10467.0,10467.0,10467.0,10467.0,0
20150331T,11255.0,11255.0,11255.0,11255.0,0
20150401T,13067.0,13067.0,13067.0,13067.0,0
20150406T,14559.0,14559.0,14559.0,14559.0,0
20150407T,16125.0,16125.0,16125.0,16125.0,0
20150408T,17168.0,17168.0,17168.0,17168.0,0
20150409T,17481.0,17481.0,17481.0,17481.0,0
20150410T,19785.0,19785.0,19785.0,19785.0,0
20150413T,21398.0,21398.0,21398.0,21398.0,0
20150415T,21556.0,21556.0,21556.0,21556.0,0
20150416T,22033.0,22033.0,22033.0,22033.0,0
20150417T,21320.0,21320.0,21320.0,21320.0,0
20150420T,20993.0,20993.0,20993.0,20993.0,0
20150421T,22035.0,22035.0,22035.0,22035.0,0
20150422T,22581.0,22581.0,22581.0,22581.0,0
20150423T,22536.0,22536.0,22536.0,22536.0,0
20150424T,22475.0,22475.0,22475.0,22475.0,0
20150427T,21112.0,21112.0,21112.0,21112.0,0
20150428T,21455.0,21455.0,21455.0,21455.0,0
20150429T,21211.0,21211.0,21211.0,21211.0,0
20150430T,1035.0,1035.0,1035.0,1035.0,0
20150504T,9628.0,9628.0,9628.0,9628.0,0
20150505T,12615.0,12615.0,12615.0,12615.0,0
20150506T,12383.0,12383.0,12383.0,12383.0,0
20150507T,13041.0,13041.0,13041.0,13041.0,0
20150508T,14673.0,14673.0,14673.0,14673.0,0
20150511T,16222.0,16222.0,16222.0,16222.0,0
20150512T,16306.0,16306.0,16306.0,16306.0,0
20150513T,18520.0,18520.0,18520.0,18520.0,0
20150514T,20371.0,20371.0,20371.0,20371.0,0
20150515T,20764.0,20764.0,20764.0,20764.0,0
20150518T,21423.0,21423.0,21423.0,21423.0,0
20150519T,20821.0,20821.0,20821.0,20821.0,0
20150520T,20509.0,20509.0,20509.0,20509.0,0
20150521T,21130.0,21130.0,21130.0,21130.0,0
20150522T,20644.0,20644.0,20644.0,20644.0,0
20150525T,19102.0,19102.0,19102.0,19102.0,0
20150526T,17949.0,17949.0,17949.0,17949.0,0
20150527T,17384.0,17384.0,17384.0,17384.0,0
20150528T,62.0,62.0,62.0,62.0,0
20150529T,10436.0,10436.0,10436.0,10436.0,0
20150601T,11874.0,11874.0,11874.0,11874.0,0
20150602T,11373.0,11373.0,11373.0,11373.0,0
20150603T,11922.0,11922.0,11922.0,11922.0,0
20150604T,12542.0,12542.0,12542.0,12542.0,0
20150605T,13712.0,13712.0,13712.0,13712.0,0
20150608T,13931.0,13931.0,13931.0,13931.0,0
20150609T,14733.0,14733.0,14733.0,14733.0,0
20150610T,15256.0,15256.0,15256.0,15256.0,0
20150611T,14952.0,14952.0,14952.0,14952.0,0
20150612T,15199.0,15199.0,15199.0,15199.0,0
20150615T,15202.0,15202.0,15202.0,15202.0,0
20150616T,15806.0,15806.0,15806.0,15806.0,0
20150617T,16179.0,16179.0,16179.0,16179.0,0
20150618T,18199.0,18199.0,18199.0,18199.0,0
20150619T,18949.0,18949.0,18949.0,18949.0,0
20150622T,19056.0,19056.0,19056.0,19056.0,0
20150623T,18648.0,18648.0,18648.0,18648.0,0
20150624T,16813.0,16813.0,16813.0,16813.0,0
20150625T,263.0,263.0,263.0,263.0,0
20150626T,9249.0,9249.0,9249.0,9249.0,0
20150629T,9987.0,9987.0,9987.0,9987.0,0
20150630T,11768.0,11768.0,11768.0,11768.0,0
20150701T,13384.0,13384.0,13384.0,13384.0,0
20150702T,15289.0,15289.0,15289.0,15289.0,0
20150703T,16133.0,16133.0,16133.0,16133.0,0
20150706T,17386.0,17386.0,17386.0,17386.0,0
20150707T,19218.0,19218.0,19218.0,19218.0,0
20150708T,19571.0,19571.0,19571.0,19571.0,0
20150709T,20304.0,20304.0,20304.0,20304.0,0
20150710T,20556.0,20556.0,20556.0,20556.0,0
20150713T,21568.0,21568.0,21568.0,21568.0,0
20150714T,22368.0,22368.0,22368.0,22368.0,0
20150715T,22220.0,22220.0,22220.0,22220.0,0
20150716T,24053.0,24053.0,24053.0,24053.0,0
20150717T,25945.0,25945.0,25945.0,25945.0,0
20150720T,28500.0,28500.0,28500.0,28500.0,0
20150721T,27636.0,27636.0,27636.0,27636.0,0
20150722T,29366.0,29366.0,29366.0,29366.0,0
20150723T,33064.0,33064.0,33064.0,33064.0,0
20150724T,33750.0,33750.0,33750.0,33750.0,0
20150727T,29882.0,29882.0,29882.0,29882.0,0
20150728T,28991.0,28991.0,28991.0,28991.0,0
20150729T,26037.0,26037.0,26037.0,26037.0,0
20150730T,1027.0,1027.0,1027.0,1027.0,0
20150731T,12078.0,12078.0,12078.0,12078.0,0
20150803T,14044.0,14044.0,14044.0,14044.0,0
20150804T,16914.0,16914.0,16914.0,16914.0,0
20150805T,18624.0,18624.0,18624.0,18624.0,0
20150806T,19705.0,19705.0,19705.0,19705.0,0
20150807T,22080.0,22080.0,22080.0,22080.0,0
20150810T,22664.0,22664.0,22664.0,22664.0,0
20150811T,23041.0,23041.0,23041.0,23041.0,0
20150812T,23093.0,23093.0,23093.0,23093.0,0
20150813T,25367.0,25367.0,25367.0,25367.0,0
20150814T,27646.0,27646.0,27646.0,27646.0,0
20150817T,28491.0,28491.0,28491.0,28491.0,0
20150818T,28895.0,28895.0,28895.0,28895.0,0
20150819T,29191.0,29191.0,29191.0,29191.0,0
20150820T,28538.0,28538.0,28538.0,28538.0,0
20150821T,28287.0,28287.0,28287.0,28287.0,0
20150824T,27484.0,27484.0,27484.0,27484.0,0
20150825T,29300.0,29300.0,29300.0,29300.0,0
20150826T,28217.0,28217.0,28217.0,28217.0,0
20150827T,572.0,572.0,572.0,572.0,0
20150828T,8055.0,8055.0,8055.0,8055.0,0
20150831T,10303.0,10303.0,10303.0,10303.0,0
20150901T,12861.0,12861.0,12861.0,12861.0,0
20150902T,15695.0,15695.0,15695.0,15695.0,0
20150903T,17127.0,17127.0,17127.0,17127.0,0
20150904T,17162.0,17162.0,17162.0,17162.0,0
20150907T,17832.0,17832.0,17832.0,17832.0,0
20150908T,19112.0,19112.0,19112.0,19112.0,0
20150909T,19797.0,19797.0,19797.0,19797.0,0
20150910T,21124.0,21124.0,21124.0,21124.0,0
20150911T,21223.0,21223.0,21223.0,21223.0,0
20150914T,22002.0,22002.0,22002.0,22002.0,0
20150915T,21938.0,21938.0,21938.0,21938.0,0
20150916T,21562.0,21562.0,21562.0,21562.0,0
20150918T,19552.0,19552.0,19552.0,19552.0,0
20150921T,19326.0,19326.0,19326.0,19326.0,0
20150922T,16447.0,16447.0,16447.0,16447.0,0
20150923T,15025.0,15025.0,15025.0,15025.0,0
20150924T,3.0,3.0,3.0,3.0,0
20150928T,8399.0,8399.0,8399.0,8399.0,0
20150929T,10952.0,10952.0,10952.0,10952.0,0
20150930T,13694.0,13694.0,13694.0,13694.0,0
20151001T,15600.0,15600.0,15600.0,15600.0,0
20151005T,17653.0,17653.0,17653.0,17653.0,0
20151006T,20126.0,20126.0,20126.0,20126.0,0
20151007T,21882.0,21882.0,21882.0,21882.0,0
20151008T,22594.0,22594.0,22594.0,22594.0,0
20151009T,23537.0,23537.0,23537.0,23537.0,0
20151012T,22578.0,22578.0,22578.0,22578.0,0
20151013T,24411.0,24411.0,24411.0,24411.0,0
20151014T,24761.0,24761.0,24761.0,24761.0,0
20151015T,25505.0,25505.0,25505.0,25505.0,0
20151016T,25058.0,25058.0,25058.0,25058.0,0
20151019T,24699.0,24699.0,24699.0,24699.0,0
20151020T,24413.0,24413.0,24413.0,24413.0,0
20151021T,23495.0,23495.0,23495.0,23495.0,0
20151023T,20921.0,20921.0,20921.0,20921.0,0
20151026T,19785.0,19785.0,19785.0,19785.0,0
20151027T,23559.0,23559.0,23559.0,23559.0,0
20151028T,23113.0,23113.0,23113.0,23113.0,0
20151029T,150.0,150.0,150.0,150.0,0
20151030T,6992.0,6992.0,6992.0,6992.0,0
20151102T,9016.0,9016.0,9016.0,9016.0,0
20151103T,10022.0,10022.0,10022.0,10022.0,0
20151104T,11169.0,11169.0,11169.0,11169.0,0
20151105T,11804.0,11804.0,11804.0,11804.0,0
20151106T,12000.0,12000.0,12000.0,12000.0,0
20151109T,12885.0,12885.0,12885.0,12885.0,0
20151110T,12734.0,12734.0,12734.0,12734.0,0
20151111T,12734.0,12734.0,12734.0,12734.0,0
20151113T,13874.0,13874.0,13874.0,13874.0,0
20151116T,14064.0,14064.0,14064.0,14064.0,0
20151117T,15065.0,15065.0,15065.0,15065.0,0
20151118T,14773.0,14773.0,14773.0,14773.0,0
20151119T,14371.0,14371.0,14371.0,14371.0,0
20151120T,14528.0,14528.0,14528.0,14528.0,0
20151123T,14617.0,14617.0,14617.0,14617.0,0
20151124T,13691.0,13691.0,13691.0,13691.0,0
20151126T,216.0,216.0,216.0,216.0,0
20151127T,5623.0,5623.0,5623.0,5623.0,0
20151130T,7159.0,7159.0,7159.0,7159.0,0
20151201T,8503.0,8503.0,8503.0,8503.0,0
20151202T,9505.0,9505.0,9505.0,9505.0,0
20151203T,10087.0,10087.0,10087.0,10087.0,0
20151204T,10904.0,10904.0,10904.0,10904.0,0
20151207T,11720.0,11720.0,11720.0,11720.0,0
20151208T,11629.0,11629.0,11629.0,11629.0,0
20151209T,11368.0,11368.0,11368.0,11368.0,0
20151210T,12170.0,12170.0,12170.0,12170.0,0
20151211T,12140.0,12140.0,12140.0,12140.0,0
20151214T,14115.0,14115.0,14115.0,14115.0,0
20151215T,14859.0,14859.0,14859.0,14859.0,0
20151216T,14729.0,14729.0,14729.0,14729.0,0
20151217T,15855.0,15855.0,15855.0,15855.0,0
20151218T,17338.0,17338.0,17338.0,17338.0,0
20151221T,17419.0,17419.0,17419.0,17419.0,0
20151222T,19016.0,19016.0,19016.0,19016.0,0
20151223T,18622.0,18622.0,18622.0,18622.0,0
20151224T,18747.0,18747.0,18747.0,18747.0,0
20151228T,18842.0,18842.0,18842.0,18842.0,0
20151229T,18517.0,18517.0,18517.0,18517.0,0
20151230T,18063.0,18063.0,18063.0,18063.0,0
20151231T,839.0,839.0,839.0,839.0,0
20160101T,3876.0,3876.0,3876.0,3876.0,0
20160104T,7882.0,7882.0,7882.0,7882.0,0
20160105T,9633.0,9633.0,9633.0,9633.0,0
20160106T,10944.0,10944.0,10944.0,10944.0,0
20160107T,10479.0,10479.0,10479.0,10479.0,0
20160108T,11496.0,11496.0,11496.0,11496.0,0
20160111T,12580.0,12580.0,12580.0,12580.0,0
20160112T,13595.0,13595.0,13595.0,13595.0,0
20160113T,15463.0,15463.0,15463.0,15463.0,0
20160114T,16193.0,16193.0,16193.0,16193.0,0
20160115T,15353.0,15353.0,15353.0,15353.0,0
20160118T,15954.0,15954.0,15954.0,15954.0,0
20160119T,15977.0,15977.0,15977.0,15977.0,0
20160120T,16886.0,16886.0,16886.0,16886.0,0
20160121T,16187.0,16187.0,16187.0,16187.0,0
20160122T,17245.0,17245.0,17245.0,17245.0,0
20160125T,16851.0,16851.0,16851.0,16851.0,0
20160127T,16487.0,16487.0,16487.0,16487.0,0
20160128T,200.0,200.0,200.0,200.0,0
20160129T,6519.0,6519.0,6519.0,6519.0,0
20160201T,8471.0,8471.0,8471.0,8471.0,0
20160202T,9004.0,9004.0,9004.0,9004.0,0
20160203T,9916.0,9916.0,9916.0,9916.0,0
20160204T,11414.0,11414.0,11414.0,11414.0,0
20160205T,12755.0,12755.0,12755.0,12755.0,0
20160208T,13360.0,13360.0,13360.0,13360.0,0
20160209T,13440.0,13440.0,13440.0,13440.0,0
20160211T,13906.0,13906.0,13906.0,13906.0,0
20160212T,15039.0,15039.0,15039.0,15039.0,0
20160215T,15801.0,15801.0,15801.0,15801.0,0
20160216T,15594.0,15594.0,15594.0,15594.0,0
20160217T,16345.0,16345.0,16345.0,16345.0,0
20160218T,16961.0,16961.0,16961.0,16961.0,0
20160219T,17167.0,17167.0,17167.0,17167.0,0
20160222T,17411.0,17411.0,17411.0,17411.0,0
20160223T,16692.0,16692.0,16692.0,16692.0,0
20160224T,15449.0,15449.0,15449.0,15449.0,0
20160225T,100.0,100.0,100.0,100.0,0
20160226T,4570.0,4570.0,4570.0,4570.0,0
20160229T,6313.0,6313.0,6313.0,6313.0,0
20160301T,8925.0,8925.0,8925.0,8925.0,0
20160302T,11078.0,11078.0,11078.0,11078.0,0
20160303T,11932.0,11932.0,11932.0,11932.0,0
20160304T,13084.0,13084.0,13084.0,13084.0,0
20160308T,14214.0,14214.0,14214.0,14214.0,0
20160309T,15765.0,15765.0,15765.0,15765.0,0
20160310T,16528.0,16528.0,16528.0,16528.0,0
20160311T,17017.0,17017.0,17017.0,17017.0,0
20160314T,17448.0,17448.0,17448.0,17448.0,0
20160315T,17749.0,17749.0,17749.0,17749.0,0
20160316T,17836.0,17836.0,17836.0,17836.0,0
20160317T,17959.0,17959.0,17959.0,17959.0,0
20160318T,18019.0,18019.0,18019.0,18019.0,0
20160321T,18813.0,18813.0,18813.0,18813.0,0
20160322T,19547.0,19547.0,19547.0,19547.0,0
20160323T,19314.0,19314.0,19314.0,19314.0,0
20160328T,18873.0,18873.0,18873.0,18873.0,0
20160329T,17952.0,17952.0,17952.0,17952.0,0
20160330T,17322.0,17322.0,17322.0,17322.0,0
20160331T,0.0,0.0,0.0,0.0,0
20160401T,4257.0,4257.0,4257.0,4257.0,0
20160404T,6130.0,6130.0,6130.0,6130.0,0
20160405T,7827.0,7827.0,7827.0,7827.0,0
20160406T,9999.0,9999.0,9999.0,9999.0,0
20160407T,10782.0,10782.0,10782.0,10782.0,0
20160408T,11808.0,11808.0,11808.0,11808.0,0
20160411T,12667.0,12667.0,12667.0,12667.0,0
20160412T,14403.0,14403.0,14403.0,14403.0,0
20160413T,16746.0,16746.0,16746.0,16746.0,0
20160418T,18840.0,18840.0,18840.0,18840.0,0
20160420T,19964.0,19964.0,19964.0,19964.0,0
20160421T,21858.0,21858.0,21858.0,21858.0,0
20160422T,23230.0,23230.0,23230.0,23230.0,0
20160425T,23232.0,23232.0,23232.0,23232.0,0
20160426T,23971.0,23971.0,23971.0,23971.0,0
20160427T,23862.0,23862.0,23862.0,23862.0,0
20160428T,140.0,140.0,140.0,140.0,0
20160429T,6085.0,6085.0,6085.0,6085.0,0
20160502T,7983.0,7983.0,7983.0,7983.0,0
20160503T,10160.0,10160.0,10160.0,10160.0,0
20160504T,12367.0,12367.0,12367.0,12367.0,0
20160505T,13610.0,13610.0,13610.0,13610.0,0
20160506T,14677.0,14677.0,14677.0,14677.0,0
20160509T,15971.0,15971.0,15971.0,15971.0,0
20160510T,17212.0,17212.0,17212.0,17212.0,0
20160511T,18291.0,18291.0,18291.0,18291.0,0
20160512T,19370.0,19370.0,19370.0,19370.0,0
20160513T,19259.0,19259.0,19259.0,19259.0,0
20160516T,19785.0,19785.0,19785.0,19785.0,0
20160517T,20160.0,20160.0,20160.0,20160.0,0
20160518T,21269.0,21269.0,21269.0,21269.0,0
20160519T,20784.0,20784.0,20784.0,20784.0,0
20160520T,20049.0,20049.0,20049.0,20049.0,0
20160523T,19846.0,19846.0,19846.0,19846.0,0
20160524T,20961.0,20961.0,20961.0,20961.0,0
20160525T,21546.0,21546.0,21546.0,21546.0,0
20160526T,0.0,0.0,0.0,0.0,0
20160527T,8743.0,8743.0,8743.0,8743.0,0
20160530T,11522.0,11522.0,11522.0,11522.0,0
20160531T,13544.0,13544.0,13544.0,13544.0,0
20160601T,15661.0,15661.0,15661.0,15661.0,0
20160602T,16538.0,16538.0,16538.0,16538.0,0
20160603T,17622.0,17622.0,17622.0,17622.0,0
20160606T,18566.0,18566.0,18566.0,18566.0,0
20160607T,18309.0,18309.0,18309.0,18309.0,0
20160608T,18927.0,18927.0,18927.0,18927.0,0
20160609T,19410.0,19410.0,19410.0,19410.0,0
20160610T,19875.0,19875.0,19875.0,19875.0,0
20160613T,19731.0,19731.0,19731.0,19731.0,0
20160614T,20576.0,20576.0,20576.0,20576.0,0
20160615T,21661.0,21661.0,21661.0,21661.0,0
20160616T,22658.0,22658.0,22658.0,22658.0,0
20160617T,23211.0,23211.0,23211.0,23211.0,0
20160620T,24010.0,24010.0,24010.0,24010.0,0
20160621T,25094.0,25094.0,25094.0,25094.0,0
20160622T,25370.0,25370.0,25370.0,25370.0,0
20160623T,26104.0,26104.0,26104.0,26104.0,0
20160624T,26285.0,26285.0,26285.0,26285.0,0
20160627T,25460.0,25460.0,25460.0,25460.0,0
20160628T,26147.0,26147.0,26147.0,26147.0,0
20160629T,26087.0,26087.0,26087.0,26087.0,0
20160630T,0.0,0.0,0.0,0.0,0
20160701T,5087.0,5087.0,5087.0,5087.0,0
20160704T,8221.0,8221.0,8221.0,8221.0,0
20160705T,10571.0,10571.0,10571.0,10571.0,0
20160707T,13568.0,13568.0,13568.0,13568.0,0
20160708T,14819.0,14819.0,14819.0,14819.0,0
20160711T,16427.0,16427.0,16427.0,16427.0,0
20160712T,19280.0,19280.0,19280.0,19280.0,0
20160713T,20649.0,20649.0,20649.0,20649.0,0
20160714T,22440.0,22440.0,22440.0,22440.0,0
20160715T,24453.0,24453.0,24453.0,24453.0,0
20160718T,25022.0,25022.0,25022.0,25022.0,0
20160719T,24970.0,24970.0,24970.0,24970.0,0
20160720T,25481.0,25481.0,25481.0,25481.0,0
20160721T,25937.0,25937.0,25937.0,25937.0,0
20160722T,26090.0,26090.0,26090.0,26090.0,0
20160725T,26591.0,26591.0,26591.0,26591.0,0
20160726T,25820.0,25820.0,25820.0,25820.0,0
20160727T,25736.0,25736.0,25736.0,25736.0,0
20160728T,0.0,0.0,0.0,0.0,0
20160729T,5455.0,5455.0,5455.0,5455.0,0
20160801T,9619.0,9619.0,9619.0,9619.0,0
20160802T,10919.0,10919.0,10919.0,10919.0,0
20160803T,12268.0,12268.0,12268.0,12268.0,0
20160804T,13616.0,13616.0,13616.0,13616.0,0
20160805T,15518.0,15518.0,15518.0,15518.0,0
20160808T,17433.0,17433.0,17433.0,17433.0,0
20160809T,18167.0,18167.0,18167.0,18167.0,0
20160810T,18374.0,18374.0,18374.0,18374.0,0
20160811T,19177.0,19177.0,19177.0,19177.0,0
20160812T,20197.0,20197.0,20197.0,20197.0,0
20160816T,20420.0,20420.0,20420.0,20420.0,0
20160817T,21234.0,21234.0,21234.0,21234.0,0
20160818T,22138.0,22138.0,22138.0,22138.0,0
20160819T,23958.0,23958.0,23958.0,23958.0,0
20160822T,23184.0,23184.0,23184.0,23184.0,0
20160823T,22675.0,22675.0,22675.0,22675.0,0
20160824T,22448.0,22448.0,22448.0,22448.0,0
20160825T,0.0,0.0,0.0,0.0,0
20160826T,7801.0,7801.0,7801.0,7801.0,0
20160829T,11704.0,11704.0,11704.0,11704.0,0
20160830T,13897.0,13897.0,13897.0,13897.0,0
20160831T,16201.0,16201.0,16201.0,16201.0,0
20160901T,17923.0,17923.0,17923.0,17923.0,0
20160902T,19593.0,19593.0,19593.0,19593.0,0
20160906T,22466.0,22466.0,22466.0,22466.0,0
20160907T,23870.0,23870.0,23870.0,23870.0,0
20160908T,24900.0,24900.0,24900.0,24900.0,0
20160909T,26395.0,26395.0,26395.0,26395.0,0
20160912T,25608.0,25608.0,25608.0,25608.0,0
20160914T,26721.0,26721.0,26721.0,26721.0,0
20160915T,27156.0,27156.0,27156.0,27156.0,0
20160916T,27874.0,27874.0,27874.0,27874.0,0
20160919T,28917.0,28917.0,28917.0,28917.0,0
20160920T,29229.0,29229.0,29229.0,29229.0,0
20160921T,29322.0,29322.0,29322.0,29322.0,0
20160922T,27889.0,27889.0,27889.0,27889.0,0
20160923T,27997.0,27997.0,27997.0,27997.0,0
20160926T,27728.0,27728.0,27728.0,27728.0,0
20160927T,27665.0,27665.0,27665.0,27665.0,0
20160928T,27350.0,27350.0,27350.0,27350.0,0
20160929T,1150.0,1150.0,1150.0,1150.0,0
20160930T,8962.0,8962.0,8962.0,8962.0,0
20161003T,12404.0,12404.0,12404.0,12404.0,0
20161004T,14567.0,14567.0,14567.0,14567.0,0
20161005T,16273.0,16273.0,16273.0,16273.0,0
20161006T,18235.0,18235.0,18235.0,18235.0,0
20161007T,19496.0,19496.0,19496.0,19496.0,0
20161010T,20420.0,20420.0,20420.0,20420.0,0
20161013T,22478.0,22478.0,22478.0,22478.0,0
20161014T,23950.0,23950.0,23950.0,23950.0,0
20161017T,23750.0,23750.0,23750.0,23750.0,0
20161018T,26109.0,26109.0,26109.0,26109.0,0
20161019T,27267.0,27267.0,27267.0,27267.0,0
20161020T,28061.0,28061.0,28061.0,28061.0,0
20161021T,28453.0,28453.0,28453.0,28453.0,0
20161024T,28443.0,28443.0,28443.0,28443.0,0
20161025T,28592.0,28592.0,28592.0,28592.0,0
20161026T,27975.0,27975.0,27975.0,27975.0,0
20161027T,466.0,466.0,466.0,466.0,0
20161028T,6995.0,6995.0,6995.0,6995.0,0
20161101T,10702.0,10702.0,10702.0,10702.0,0
20161102T,13922.0,13922.0,13922.0,13922.0,0
20161103T,15514.0,15514.0,15514.0,15514.0,0
20161104T,18352.0,18352.0,18352.0,18352.0,0
20161107T,19695.0,19695.0,19695.0,19695.0,0
20161108T,20731.0,20731.0,20731.0,20731.0,0
20161109T,22332.0,22332.0,22332.0,22332.0,0
20161110T,24055.0,24055.0,24055.0,24055.0,0
20161111T,24764.0,24764.0,24764.0,24764.0,0
20161115T,26374.0,26374.0,26374.0,26374.0,0
20161116T,27141.0,27141.0,27141.0,27141.0,0
20161117T,26409.0,26409.0,26409.0,26409.0,0
20161118T,26877.0,26877.0,26877.0,26877.0,0
20161121T,27296.0,27296.0,27296.0,27296.0,0
20161122T,28818.0,28818.0,28818.0,28818.0,0
20161123T,28867.0,28867.0,28867.0,28867.0,0
20161124T,162.0,162.0,162.0,162.0,0
20161125T,6338.0,6338.0,6338.0,6338.0,0
20161128T,8605.0,8605.0,8605.0,8605.0,0
20161129T,10723.0,10723.0,10723.0,10723.0,0
20161130T,12187.0,12187.0,12187.0,12187.0,0
20161201T,13058.0,13058.0,13058.0,13058.0,0
20161202T,13289.0,13289.0,13289.0,13289.0,0
20161205T,13828.0,13828.0,13828.0,13828.0,0
20161206T,14410.0,14410.0,14410.0,14410.0,0
20161207T,14805.0,14805.0,14805.0,14805.0,0
20161208T,15563.0,15563.0,15563.0,15563.0,0
20161209T,15784.0,15784.0,15784.0,15784.0,0
20161212T,16647.0,16647.0,16647.0,16647.0,0
20161213T,17086.0,17086.0,17086.0,17086.0,0
20161214T,16979.0,16979.0,16979.0,16979.0,0
20161215T,17315.0,17315.0,17315.0,17315.0,0
20161216T,17780.0,17780.0,17780.0,17780.0,0
20161219T,17998.0,17998.0,17998.0,17998.0,0
20161220T,18664.0,18664.0,18664.0,18664.0,0
20161221T,19031.0,19031.0,19031.0,19031.0,0
20161222T,18785.0,18785.0,18785.0,18785.0,0
20161223T,18794.0,18794.0,18794.0,18794.0,0
20161226T,18558.0,18558.0,18558.0,18558.0,0
20161227T,18565.0,18565.0,18565.0,18565.0,0
20161228T,18204.0,18204.0,18204.0,18204.0,0
20161229T,75.0,75.0,75.0,75.0,0
20161230T,4513.0,4513.0,4513.0,4513.0,0
20170102T,6249.0,6249.0,6249.0,6249.0,0
20170103T,7514.0,7514.0,7514.0,7514.0,0
20170104T,9168.0,9168.0,9168.0,9168.0,0
20170105T,10360.0,10360.0,10360.0,10360.0,0
20170106T,11601.0,11601.0,11601.0,11601.0,0
20170109T,12845.0,12845.0,12845.0,12845.0,0
20170110T,14229.0,14229.0,14229.0,14229.0,0
20170111T,16748.0,16748.0,16748.0,16748.0,0
20170112T,18411.0,18411.0,18411.0,18411.0,0
20170113T,19487.0,19487.0,19487.0,19487.0,0
20170116T,21307.0,21307.0,21307.0,21307.0,0
20170117T,23602.0,23602.0,23602.0,23602.0,0
20170118T,24608.0,24608.0,24608.0,24608.0,0
20170119T,24733.0,24733.0,24733.0,24733.0,0
20170120T,24338.0,24338.0,24338.0,24338.0,0
20170123T,23544.0,23544.0,23544.0,23544.0,0
20170124T,22951.0,22951.0,22951.0,22951.0,0
20170125T,228.0,228.0,228.0,228.0,0
20170127T,7497.0,7497.0,7497.0,7497.0,0
20170130T,10304.0,10304.0,10304.0,10304.0,0
20170131T,11760.0,11760.0,11760.0,11760.0,0
20170201T,13456.0,13456.0,13456.0,13456.0,0
20170202T,14974.0,14974.0,14974.0,14974.0,0
20170203T,17461.0,17461.0,17461.0,17461.0,0
20170206T,18717.0,18717.0,18717.0,18717.0,0
20170207T,20016.0,20016.0,20016.0,20016.0,0
20170208T,21438.0,21438.0,21438.0,21438.0,0
20170209T,23653.0,23653.0,23653.0,23653.0,0
20170210T,23899.0,23899.0,23899.0,23899.0,0
20170213T,23510.0,23510.0,23510.0,23510.0,0
20170214T,24136.0,24136.0,24136.0,24136.0,0
20170215T,24470.0,24470.0,24470.0,24470.0,0
20170216T,25562.0,25562.0,25562.0,25562.0,0
20170217T,26221.0,26221.0,26221.0,26221.0,0
20170220T,26937.0,26937.0,26937.0,26937.0,0
20170221T,27356.0,27356.0,27356.0,27356.0,0
20170222T,27311.0,27311.0,27311.0,27311.0,0
20170223T,588.0,588.0,588.0,588.0,0
20170227T,7531.0,7531.0,7531.0,7531.0,0
20170228T,11465.0,11465.0,11465.0,11465.0,0
20170301T,13469.0,13469.0,13469.0,13469.0,0
20170302T,13924.0,13924.0,13924.0,13924.0,0
20170303T,15727.0,15727.0,15727.0,15727.0,0
20170306T,16566.0,16566.0,16566.0,16566.0,0
20170307T,17471.0,17471.0,17471.0,17471.0,0
20170308T,18615.0,18615.0,18615.0,18615.0,0
20170309T,19603.0,19603.0,19603.0,19603.0,0
20170310T,20495.0,20495.0,20495.0,20495.0,0
20170314T,21303.0,21303.0,21303.0,21303.0,0
20170315T,21963.0,21963.0,21963.0,21963.0,0
20170316T,22694.0,22694.0,22694.0,22694.0,0
20170317T,23893.0,23893.0,23893.0,23893.0,0
20170320T,24912.0,24912.0,24912.0,24912.0,0
20170321T,25859.0,25859.0,25859.0,25859.0,0
20170322T,25700.0,25700.0,25700.0,25700.0,0
20170323T,26208.0,26208.0,26208.0,26208.0,0
20170324T,27113.0,27113.0,27113.0,27113.0,0
20170327T,28157.0,28157.0,28157.0,28157.0,0
20170328T,28173.0,28173.0,28173.0,28173.0,0
20170329T,27556.0,27556.0,27556.0,27556.0,0
20170330T,580.0,580.0,580.0,580.0,0
20170331T,8177.0,8177.0,8177.0,8177.0,0
20170403T,10962.0,10962.0,10962.0,10962.0,0
20170405T,13713.0,13713.0,13713.0,13713.0,0
20170406T,16605.0,16605.0,16605.0,16605.0,0
20170407T,16664.0,16664.0,16664.0,16664.0,0
20170410T,19055.0,19055.0,19055.0,19055.0,0
20170411T,21591.0,21591.0,21591.0,21591.0,0
20170412T,22689.0,22689.0,22689.0,22689.0,0
20170413T,23902.0,23902.0,23902.0,23902.0,0
20170417T,24087.0,24087.0,24087.0,24087.0,0
20170418T,25277.0,25277.0,25277.0,25277.0,0
20170419T,26201.0,26201.0,26201.0,26201.0,0
20170420T,27458.0,27458.0,27458.0,27458.0,0
20170421T,27391.0,27391.0,27391.0,27391.0,0
20170424T,27282.0,27282.0,27282.0,27282.0,0
20170425T,27068.0,27068.0,27068.0,27068.0,0
20170426T,24769.0,24769.0,24769.0,24769.0,0
20170427T,77.0,77.0,77.0,77.0,0
20170428T,5991.0,5991.0,5991.0,5991.0,0
20170502T,8366.0,8366.0,8366.0,8366.0,0
20170503T,11023.0,11023.0,11023.0,11023.0,0
20170504T,12342.0,12342.0,12342.0,12342.0,0
20170505T,13608.0,13608.0,13608.0,13608.0,0
20170508T,15188.0,15188.0,15188.0,15188.0,0
20170509T,16526.0,16526.0,16526.0,16526.0,0
20170510T,17437.0,17437.0,17437.0,17437.0,0
20170511T,18337.0,18337.0,18337.0,18337.0,0
20170512T,18851.0,18851.0,18851.0,18851.0,0
20170515T,19825.0,19825.0,19825.0,19825.0,0
20170516T,21280.0,21280.0,21280.0,21280.0,0
20170517T,22105.0,22105.0,22105.0,22105.0,0
20170518T,21355.0,21355.0,21355.0,21355.0,0
20170519T,22215.0,22215.0,22215.0,22215.0,0
20170522T,22259.0,22259.0,22259.0,22259.0,0
20170523T,22981.0,22981.0,22981.0,22981.0,0
20170524T,23914.0,23914.0,23914.0,23914.0,0
20170525T,0.0,0.0,0.0,0.0,0
20170526T,9552.0,9552.0,9552.0,9552.0,0
20170529T,12219.0,12219.0,12219.0,12219.0,0
20170530T,15904.0,15904.0,15904.0,15904.0,0
20170531T,18233.0,18233.0,18233.0,18233.0,0
20170601T,19299.0,19299.0,19299.0,19299.0,0
20170602T,19972.0,19972.0,19972.0,19972.0,0
20170605T,20824.0,20824.0,20824.0,20824.0,0
20170606T,21663.0,21663.0,21663.0,21663.0,0
20170607T,23146.0,23146.0,23146.0,23146.0,0
20170608T,24596.0,24596.0,24596.0,24596.0,0
20170609T,26031.0,26031.0,26031.0,26031.0,0
20170612T,26849.0,26849.0,26849.0,26849.0,0
20170613T,27837.0,27837.0,27837.0,27837.0,0
20170614T,29152.0,29152.0,29152.0,29152.0,0
20170615T,30229.0,30229.0,30229.0,30229.0,0
20170616T,31058.0,31058.0,31058.0,31058.0,0
20170619T,32492.0,32492.0,32492.0,32492.0,0
20170620T,33248.0,33248.0,33248.0,33248.0,0
20170621T,33479.0,33479.0,33479.0,33479.0,0
20170622T,33684.0,33684.0,33684.0,33684.0,0
20170623T,32910.0,32910.0,32910.0,32910.0,0
20170627T,31851.0,31851.0,31851.0,31851.0,0
20170628T,31682.0,31682.0,31682.0,31682.0,0
20170629T,269.0,269.0,269.0,269.0,0
20170630T,6132.0,6132.0,6132.0,6132.0,0
20170703T,8607.0,8607.0,8607.0,8607.0,0
20170704T,10675.0,10675.0,10675.0,10675.0,0
20170705T,12232.0,12232.0,12232.0,12232.0,0
20170706T,14023.0,14023.0,14023.0,14023.0,0
20170707T,15932.0,15932.0,15932.0,15932.0,0
20170710T,19386.0,19386.0,19386.0,19386.0,0
20170711T,20820.0,20820.0,20820.0,20820.0,0
20170712T,22453.0,22453.0,22453.0,22453.0,0
20170713T,23913.0,23913.0,23913.0,23913.0,0
20170714T,24254.0,24254.0,24254.0,24254.0,0
20170717T,25375.0,25375.0,25375.0,25375.0,0
20170718T,26829.0,26829.0,26829.0,26829.0,0
20170719T,28314.0,28314.0,28314.0,28314.0,0
20170720T,28828.0,28828.0,28828.0,28828.0,0
20170721T,29994.0,29994.0,29994.0,29994.0,0
20170724T,31048.0,31048.0,31048.0,31048.0,0
20170725T,31714.0,31714.0,31714.0,31714.0,0
20170726T,31370.0,31370.0,31370.0,31370.0,0
20170727T,1423.0,1423.0,1423.0,1423.0,0
20170728T,11455.0,11455.0,11455.0,11455.0,0
20170731T,15844.0,15844.0,15844.0,15844.0,0
20170801T,19143.0,19143.0,19143.0,19143.0,0
20170802T,21728.0,21728.0,21728.0,21728.0,0
20170803T,23787.0,23787.0,23787.0,23787.0,0
20170804T,26245.0,26245.0,26245.0,26245.0,0
20170807T,29137.0,29137.0,29137.0,29137.0,0
20170808T,31805.0,31805.0,31805.0,31805.0,0
20170809T,32591.0,32591.0,32591.0,32591.0,0
20170810T,33277.0,33277.0,33277.0,33277.0,0
20170811T,35461.0,35461.0,35461.0,35461.0,0
20170814T,36499.0,36499.0,36499.0,36499.0,0
20170816T,37332.0,37332.0,37332.0,37332.0,0
20170817T,37538.0,37538.0,37538.0,37538.0,0
20170818T,40252.0,40252.0,40252.0,40252.0,0
20170821T,41788.0,41788.0,41788.0,41788.0,0
20170822T,42474.0,42474.0,42474.0,42474.0,0
20170823T,44040.0,44040.0,44040.0,44040.0,0
20170824T,44069.0,44069.0,44069.0,44069.0,0
20170828T,44500.0,44500.0,44500.0,44500.0,0
20170829T,43099.0,43099.0,43099.0,43099.0,0
20170830T,42774.0,42774.0,42774.0,42774.0,0
20170831T,0.0,0.0,0.0,0.0,0
20170901T,7639.0,7639.0,7639.0,7639.0,0
20170904T,9211.0,9211.0,9211.0,9211.0,0
20170905T,10980.0,10980.0,10980.0,10980.0,0
20170906T,12270.0,12270.0,12270.0,12270.0,0
20170907T,14452.0,14452.0,14452.0,14452.0,0
20170908T,15804.0,15804.0,15804.0,15804.0,0
20170911T,17928.0,17928.0,17928.0,17928.0,0
20170912T,19705.0,19705.0,19705.0,19705.0,0
20170913T,21749.0,21749.0,21749.0,21749.0,0
20170914T,23368.0,23368.0,23368.0,23368.0,0
20170915T,23575.0,23575.0,23575.0,23575.0,0
20170918T,25024.0,25024.0,25024.0,25024.0,0
20170919T,25888.0,25888.0,25888.0,25888.0,0
20170920T,26740.0,26740.0,26740.0,26740.0,0
20170921T,28091.0,28091.0,28091.0,28091.0,0
20170922T,26400.0,26400.0,26400.0,26400.0,0
20170925T,26905.0,26905.0,26905.0,26905.0,0
20170926T,27311.0,27311.0,27311.0,27311.0,0
20170927T,25937.0,25937.0,25937.0,25937.0,0
20170928T,21.0,21.0,21.0,21.0,0
20170929T,6046.0,6046.0,6046.0,6046.0,0
20171003T,8007.0,8007.0,8007.0,8007.0,0
20171004T,9521.0,9521.0,9521.0,9521.0,0
20171005T,12951.0,12951.0,12951.0,12951.0,0
20171006T,14730.0,14730.0,14730.0,14730.0,0
20171009T,16233.0,16233.0,16233.0,16233.0,0
20171010T,17749.0,17749.0,17749.0,17749.0,0
20171011T,17125.0,17125.0,17125.0,17125.0,0
20171012T,18965.0,18965.0,18965.0,18965.0,0
20171013T,19985.0,19985.0,19985.0,19985.0,0
20171016T,19960.0,19960.0,19960.0,19960.0,0
20171017T,20815.0,20815.0,20815.0,20815.0,0
20171018T,22286.0,22286.0,22286.0,22286.0,0
20171019T,22286.0,22286.0,22286.0,22286.0,0
20171023T,23652.0,23652.0,23652.0,23652.0,0
20171024T,24436.0,24436.0,24436.0,24436.0,0
20171025T,25315.0,25315.0,25315.0,25315.0,0
20171026T,703.0,703.0,703.0,703.0,0
20171027T,12038.0,12038.0,12038.0,12038.0,0
20171030T,14861.0,14861.0,14861.0,14861.0,0
20171031T,16865.0,16865.0,16865.0,16865.0,0
20171101T,18041.0,18041.0,18041.0,18041.0,0
20171102T,19853.0,19853.0,19853.0,19853.0,0
20171103T,21294.0,21294.0,21294.0,21294.0,0
20171106T,23485.0,23485.0,23485.0,23485.0,0
20171107T,23473.0,23473.0,23473.0,23473.0,0
20171108T,24582.0,24582.0,24582.0,24582.0,0
20171109T,25676.0,25676.0,25676.0,25676.0,0
20171110T,24084.0,24084.0,24084.0,24084.0,0
20171113T,24294.0,24294.0,24294.0,24294.0,0
20171114T,24774.0,24774.0,24774.0,24774.0,0
20171115T,24807.0,24807.0,24807.0,24807.0,0
20171116T,25815.0,25815.0,25815.0,25815.0,0
20171117T,26279.0,26279.0,26279.0,26279.0,0
20171120T,27087.0,27087.0,27087.0,27087.0,0
20171121T,27742.0,27742.0,27742.0,27742.0,0
20171122T,28138.0,28138.0,28138.0,28138.0,0
20171123T,28177.0,28177.0,28177.0,28177.0,0
20171124T,27979.0,27979.0,27979.0,27979.0,0
20171127T,27210.0,27210.0,27210.0,27210.0,0
20171128T,26104.0,26104.0,26104.0,26104.0,0
20171129T,25577.0,25577.0,25577.0,25577.0,0
20171130T,459.0,459.0,459.0,459.0,0
20171201T,5860.0,5860.0,5860.0,5860.0,0
20171204T,7697.0,7697.0,7697.0,7697.0,0
20171205T,9326.0,9326.0,9326.0,9326.0,0
20171206T,9835.0,9835.0,9835.0,9835.0,0
20171207T,12252.0,12252.0,12252.0,12252.0,0
20171208T,13287.0,13287.0,13287.0,13287.0,0
20171211T,14073.0,14073.0,14073.0,14073.0,0
20171212T,14577.0,14577.0,14577.0,14577.0,0
20171213T,14277.0,14277.0,14277.0,14277.0,0
20171214T,14747.0,14747.0,14747.0,14747.0,0
20171215T,15101.0,15101.0,15101.0,15101.0,0
20171218T,15889.0,15889.0,15889.0,15889.0,0
20171219T,16648.0,16648.0,16648.0,16648.0,0
20171220T,17722.0,17722.0,17722.0,17722.0,0
20171221T,18135.0,18135.0,18135.0,18135.0,0
20171222T,18244.0,18244.0,18244.0,18244.0,0
20171226T,18906.0,18906.0,18906.0,18906.0,0
20171227T,18908.0,18908.0,18908.0,18908.0,0
20171228T,261.0,261.0,261.0,261.0,0
20171229T,6188.0,6188.0,6188.0,6188.0,0
20180101T,7169.0,7169.0,7169.0,7169.0,0
20180102T,12045.0,12045.0,12045.0,12045.0,0
20180103T,16185.0,16185.0,16185.0,16185.0,0
20180104T,18829.0,18829.0,18829.0,18829.0,0
20180105T,19996.0,19996.0,19996.0,19996.0,0
20180108T,21315.0,21315.0,21315.0,21315.0,0
20180109T,22649.0,22649.0,22649.0,22649.0,0
20180110T,23946.0,23946.0,23946.0,23946.0,0
20180111T,25954.0,25954.0,25954.0,25954.0,0
20180112T,26597.0,26597.0,26597.0,26597.0,0
20180115T,28430.0,28430.0,28430.0,28430.0,0
20180116T,28724.0,28724.0,28724.0,28724.0,0
20180117T,29695.0,29695.0,29695.0,29695.0,0
20180118T,29776.0,29776.0,29776.0,29776.0,0
20180119T,30033.0,30033.0,30033.0,30033.0,0
20180122T,30785.0,30785.0,30785.0,30785.0,0
20180123T,32107.0,32107.0,32107.0,32107.0,0
20180124T,32355.0,32355.0,32355.0,32355.0,0
20180125T,357.0,357.0,357.0,357.0,0
20180129T,8346.0,8346.0,8346.0,8346.0,0
20180130T,10741.0,10741.0,10741.0,10741.0,0
20180131T,12664.0,12664.0,12664.0,12664.0,0
20180201T,14614.0,14614.0,14614.0,14614.0,0
20180202T,15646.0,15646.0,15646.0,15646.0,0
20180205T,18609.0,18609.0,18609.0,18609.0,0
20180206T,18912.0,18912.0,18912.0,18912.0,0
20180207T,19996.0,19996.0,19996.0,19996.0,0
20180208T,22679.0,22679.0,22679.0,22679.0,0
20180209T,25129.0,25129.0,25129.0,25129.0,0
20180212T,27123.0,27123.0,27123.0,27123.0,0
20180214T,27391.0,27391.0,27391.0,27391.0,0
20180215T,28369.0,28369.0,28369.0,28369.0,0
20180216T,27358.0,27358.0,27358.0,27358.0,0
20180219T,27746.0,27746.0,27746.0,27746.0,0
20180220T,26588.0,26588.0,26588.0,26588.0,0
20180221T,26013.0,26013.0,26013.0,26013.0,0
20180222T,491.0,491.0,491.0,491.0,0
20180223T,7576.0,7576.0,7576.0,7576.0,0
20180226T,11267.0,11267.0,11267.0,11267.0,0
20180227T,13837.0,13837.0,13837.0,13837.0,0
20180228T,16265.0,16265.0,16265.0,16265.0,0
20180301T,17832.0,17832.0,17832.0,17832.0,0
20180305T,18742.0,18742.0,18742.0,18742.0,0
20180306T,19276.0,19276.0,19276.0,19276.0,0
20180307T,21019.0,21019.0,21019.0,21019.0,0
20180308T,22509.0,22509.0,22509.0,22509.0,0
20180309T,23305.0,23305.0,23305.0,23305.0,0
20180312T,24889.0,24889.0,24889.0,24889.0,0
20180313T,27302.0,27302.0,27302.0,27302.0,0
20180314T,28240.0,28240.0,28240.0,28240.0,0
20180315T,28613.0,28613.0,28613.0,28613.0,0
20180316T,28850.0,28850.0,28850.0,28850.0,0
20180319T,27510.0,27510.0,27510.0,27510.0,0
20180320T,27853.0,27853.0,27853.0,27853.0,0
20180321T,27712.0,27712.0,27712.0,27712.0,0
20180322T,27086.0,27086.0,27086.0,27086.0,0
20180323T,27327.0,27327.0,27327.0,27327.0,0
20180326T,27457.0,27457.0,27457.0,27457.0,0
20180327T,27391.0,27391.0,27391.0,27391.0,0
20180328T,218.0,218.0,218.0,218.0,0
20180402T,6120.0,6120.0,6120.0,6120.0,0
20180403T,8514.0,8514.0,8514.0,8514.0,0
20180404T,9883.0,9883.0,9883.0,9883.0,0
20180405T,11947.0,11947.0,11947.0,11947.0,0
20180406T,13961.0,13961.0,13961.0,13961.0,0
20180409T,15774.0,15774.0,15774.0,15774.0,0
20180410T,18122.0,18122.0,18122.0,18122.0,0
20180411T,20016.0,20016.0,20016.0,20016.0,0
20180412T,21083.0,21083.0,21083.0,21083.0,0
20180413T,22232.0,22232.0,22232.0,22232.0,0
20180416T,21682.0,21682.0,21682.0,21682.0,0
20180417T,22593.0,22593.0,22593.0,22593.0,0
20180418T,23213.0,23213.0,23213.0,23213.0,0
20180419T,25703.0,25703.0,25703.0,25703.0,0
20180420T,28762.0,28762.0,28762.0,28762.0,0
20180423T,28901.0,28901.0,28901.0,28901.0,0
20180424T,28722.0,28722.0,28722.0,28722.0,0
20180425T,27854.0,27854.0,27854.0,27854.0,0
20180426T,994.0,994.0,994.0,994.0,0
20180427T,9701.0,9701.0,9701.0,9701.0,0
20180430T,13979.0,13979.0,13979.0,13979.0,0
20180502T,16451.0,16451.0,16451.0,16451.0,0
20180503T,21526.0,21526.0,21526.0,21526.0,0
20180504T,23222.0,23222.0,23222.0,23222.0,0
20180507T,27936.0,27936.0,27936.0,27936.0,0
20180508T,29542.0,29542.0,29542.0,29542.0,0
20180509T,30594.0,30594.0,30594.0,30594.0,0
20180510T,31484.0,31484.0,31484.0,31484.0,0
20180511T,33569.0,33569.0,33569.0,33569.0,0
20180514T,33861.0,33861.0,33861.0,33861.0,0
20180515T,35048.0,35048.0,35048.0,35048.0,0
20180516T,35471.0,35471.0,35471.0,35471.0,0
20180517T,36037.0,36037.0,36037.0,36037.0,0
20180518T,35309.0,35309.0,35309.0,35309.0,0
20180521T,34855.0,34855.0,34855.0,34855.0,0
20180522T,36033.0,36033.0,36033.0,36033.0,0
20180523T,36733.0,36733.0,36733.0,36733.0,0
20180524T,37688.0,37688.0,37688.0,37688.0,0
20180525T,39435.0,39435.0,39435.0,39435.0,0
20180528T,40858.0,40858.0,40858.0,40858.0,0
20180529T,40594.0,40594.0,40594.0,40594.0,0
20180530T,39011.0,39011.0,39011.0,39011.0,0
20180531T,1571.0,1571.0,1571.0,1571.0,0
20180601T,14790.0,14790.0,14790.0,14790.0,0
20180604T,17668.0,17668.0,17668.0,17668.0,0
20180605T,19385.0,19385.0,19385.0,19385.0,0
20180606T,20759.0,20759.0,20759.0,20759.0,0
20180607T,21638.0,21638.0,21638.0,21638.0,0
20180608T,24071.0,24071.0,24071.0,24071.0,0
20180611T,25006.0,25006.0,25006.0,25006.0,0
20180612T,26686.0,26686.0,26686.0,26686.0,0
20180614T,29649.0,29649.0,29649.0,29649.0,0
20180615T,30393.0,30393.0,30393.0,30393.0,0
20180618T,30311.0,30311.0,30311.0,30311.0,0
20180619T,31432.0,31432.0,31432.0,31432.0,0
20180620T,32496.0,32496.0,32496.0,32496.0,0
20180621T,32424.0,32424.0,32424.0,32424.0,0
20180622T,32094.0,32094.0,32094.0,32094.0,0
20180625T,31444.0,31444.0,31444.0,31444.0,0
20180626T,31295.0,31295.0,31295.0,31295.0,0
20180627T,31603.0,31603.0,31603.0,31603.0,0
20180628T,2160.0,2160.0,2160.0,2160.0,0
20180629T,9408.0,9408.0,9408.0,9408.0,0
20180702T,11312.0,11312.0,11312.0,11312.0,0
20180703T,13422.0,13422.0,13422.0,13422.0,0
20180704T,13920.0,13920.0,13920.0,13920.0,0
20180705T,15839.0,15839.0,15839.0,15839.0,0
20180706T,16706.0,16706.0,16706.0,16706.0,0
20180709T,18248.0,18248.0,18248.0,18248.0,0
20180710T,20042.0,20042.0,20042.0,20042.0,0
20180711T,19155.0,19155.0,19155.0,19155.0,0
20180712T,20751.0,20751.0,20751.0,20751.0,0
20180713T,21230.0,21230.0,21230.0,21230.0,0
20180716T,21089.0,21089.0,21089.0,21089.0,0
20180717T,23388.0,23388.0,23388.0,23388.0,0
20180718T,24768.0,24768.0,24768.0,24768.0,0
20180719T,25327.0,25327.0,25327.0,25327.0,0
20180720T,25018.0,25018.0,25018.0,25018.0,0
20180723T,25364.0,25364.0,25364.0,25364.0,0
20180724T,26261.0,26261.0,26261.0,26261.0,0
20180725T,27095.0,27095.0,27095.0,27095.0,0
20180726T,1249.0,1249.0,1249.0,1249.0,0
20180727T,12553.0,12553.0,12553.0,12553.0,0
20180730T,15479.0,15479.0,15479.0,15479.0,0
20180731T,20709.0,20709.0,20709.0,20709.0,0
20180801T,23073.0,23073.0,23073.0,23073.0,0
20180802T,23995.0,23995.0,23995.0,23995.0,0
20180803T,25106.0,25106.0,25106.0,25106.0,0
20180806T,27021.0,27021.0,27021.0,27021.0,0
20180807T,27598.0,27598.0,27598.0,27598.0,0
20180808T,29759.0,29759.0,29759.0,29759.0,0
20180809T,30837.0,30837.0,30837.0,30837.0,0
20180810T,32286.0,32286.0,32286.0,32286.0,0
20180813T,32037.0,32037.0,32037.0,32037.0,0
20180814T,32941.0,32941.0,32941.0,32941.0,0
20180816T,32430.0,32430.0,32430.0,32430.0,0
20180817T,33508.0,33508.0,33508.0,33508.0,0
20180820T,33938.0,33938.0,33938.0,33938.0,0
20180821T,35119.0,35119.0,35119.0,35119.0,0
20180823T,36199.0,36199.0,36199.0,36199.0,0
20180824T,36460.0,36460.0,36460.0,36460.0,0
20180827T,36760.0,36760.0,36760.0,36760.0,0
20180828T,36468.0,36468.0,36468.0,36468.0,0
20180829T,35966.0,35966.0,35966.0,35966.0,0
20180830T,2391.0,2391.0,2391.0,2391.0,0
20180831T,13360.0,13360.0,13360.0,13360.0,0
20180903T,17349.0,17349.0,17349.0,17349.0,0
20180904T,20486.0,20486.0,20486.0,20486.0,0
20180905T,21631.0,21631.0,21631.0,21631.0,0
20180906T,23098.0,23098.0,23098.0,23098.0,0
20180907T,25336.0,25336.0,25336.0,25336.0,0
20180910T,26548.0,26548.0,26548.0,26548.0,0
20180911T,26583.0,26583.0,26583.0,26583.0,0
20180912T,27317.0,27317.0,27317.0,27317.0,0
20180914T,28414.0,28414.0,28414.0,28414.0,0
20180917T,30351.0,30351.0,30351.0,30351.0,0
20180918T,31488.0,31488.0,31488.0,31488.0,0
20180919T,31257.0,31257.0,31257.0,31257.0,0
20180921T,30692.0,30692.0,30692.0,30692.0,0
20180924T,29340.0,29340.0,29340.0,29340.0,0
20180925T,28167.0,28167.0,28167.0,28167.0,0
20180926T,27732.0,27732.0,27732.0,27732.0,0
20180927T,2202.0,2202.0,2202.0,2202.0,0
20180928T,8273.0,8273.0,8273.0,8273.0,0
20181001T,10561.0,10561.0,10561.0,10561.0,0
20181003T,16533.0,16533.0,16533.0,16533.0,0
20181004T,18929.0,18929.0,18929.0,18929.0,0
20181005T,20913.0,20913.0,20913.0,20913.0,0
20181008T,22923.0,22923.0,22923.0,22923.0,0
20181009T,25310.0,25310.0,25310.0,25310.0,0
20181010T,28123.0,28123.0,28123.0,28123.0,0
20181011T,28497.0,28497.0,28497.0,28497.0,0
20181012T,31689.0,31689.0,31689.0,31689.0,0
20181015T,33064.0,33064.0,33064.0,33064.0,0
20181016T,35109.0,35109.0,35109.0,35109.0,0
20181017T,34616.0,34616.0,34616.0,34616.0,0
20181019T,34847.0,34847.0,34847.0,34847.0,0
20181022T,34564.0,34564.0,34564.0,34564.0,0
20181023T,33428.0,33428.0,33428.0,33428.0,0
20181024T,33814.0,33814.0,33814.0,33814.0,0
20181025T,5856.0,5856.0,5856.0,5856.0,0
20181026T,16727.0,16727.0,16727.0,16727.0,0
20181029T,22618.0,22618.0,22618.0,22618.0,0
20181030T,26043.0,26043.0,26043.0,26043.0,0
20181031T,29195.0,29195.0,29195.0,29195.0,0
20181101T,32624.0,32624.0,32624.0,32624.0,0
20181102T,36405.0,36405.0,36405.0,36405.0,0
20181105T,37939.0,37939.0,37939.0,37939.0,0
20181106T,39985.0,39985.0,39985.0,39985.0,0
20181107T,39985.0,39985.0,39985.0,39985.0,0
20181109T,41483.0,41483.0,41483.0,41483.0,0
20181112T,42099.0,42099.0,42099.0,42099.0,0
20181113T,42629.0,42629.0,42629.0,42629.0,0
20181114T,43851.0,43851.0,43851.0,43851.0,0
20181115T,44889.0,44889.0,44889.0,44889.0,0
20181116T,46689.0,46689.0,46689.0,46689.0,0
20181119T,47563.0,47563.0,47563.0,47563.0,0
20181120T,47354.0,47354.0,47354.0,47354.0,0
20181121T,48588.0,48588.0,48588.0,48588.0,0
20181122T,48052.0,48052.0,48052.0,48052.0,0
20181126T,48457.0,48457.0,48457.0,48457.0,0
20181127T,48436.0,48436.0,48436.0,48436.0,0
20181128T,48194.0,48194.0,48194.0,48194.0,0
20181129T,10217.0,10217.0,10217.0,10217.0,0
20181130T,17905.0,17905.0,17905.0,17905.0,0
20181203T,21082.0,21082.0,21082.0,21082.0,0
20181204T,22239.0,22239.0,22239.0,22239.0,0
20181205T,25130.0,25130.0,25130.0,25130.0,0
20181206T,26299.0,26299.0,26299.0,26299.0,0
20181207T,28332.0,28332.0,28332.0,28332.0,0
20181210T,30675.0,30675.0,30675.0,30675.0,0
20181211T,32744.0,32744.0,32744.0,32744.0,0
20181212T,35391.0,35391.0,35391.0,35391.0,0
20181213T,37008.0,37008.0,37008.0,37008.0,0
20181214T,37666.0,37666.0,37666.0,37666.0,0
20181217T,38946.0,38946.0,38946.0,38946.0,0
20181218T,39654.0,39654.0,39654.0,39654.0,0
20181219T,40252.0,40252.0,40252.0,40252.0,0
20181220T,40992.0,40992.0,40992.0,40992.0,0
20181221T,41156.0,41156.0,41156.0,41156.0,0
20181224T,39344.0,39344.0,39344.0,39344.0,0
20181226T,38021.0,38021.0,38021.0,38021.0,0
20181227T,8313.0,8313.0,8313.0,8313.0,0
20181228T,13913.0,13913.0,13913.0,13913.0,0
20181231T,16183.0,16183.0,16183.0,16183.0,0
20190101T,17246.0,17246.0,17246.0,17246.0,0
20190102T,21430.0,21430.0,21430.0,21430.0,0
20190103T,27696.0,27696.0,27696.0,27696.0,0
20190104T,32102.0,32102.0,32102.0,32102.0,0
20190107T,33167.0,33167.0,33167.0,33167.0,0
20190108T,33867.0,33867.0,33867.0,33867.0,0
20190109T,36649.0,36649.0,36649.0,36649.0,0
20190110T,40205.0,40205.0,40205.0,40205.0,0
20190111T,42429.0,42429.0,42429.0,42429.0,0
20190114T,43549.0,43549.0,43549.0,43549.0,0
20190115T,46135.0,46135.0,46135.0,46135.0,0
20190116T,47197.0,47197.0,47197.0,47197.0,0
20190117T,48518.0,48518.0,48518.0,48518.0,0
20190118T,50137.0,50137.0,50137.0,50137.0,0
20190121T,51192.0,51192.0,51192.0,51192.0,0
20190122T,51882.0,51882.0,51882.0,51882.0,0
20190123T,51887.0,51887.0,51887.0,51887.0,0
20190124T,53084.0,53084.0,53084.0,53084.0,0
20190125T,52492.0,52492.0,52492.0,52492.0,0
20190128T,50962.0,50962.0,50962.0,50962.0,0
20190129T,50771.0,50771.0,50771.0,50771.0,0
20190130T,51214.0,51214.0,51214.0,51214.0,0
20190131T,10438.0,10438.0,10438.0,10438.0,0
20190201T,20654.0,20654.0,20654.0,20654.0,0
20190204T,24656.0,24656.0,24656.0,24656.0,0
20190205T,26091.0,26091.0,26091.0,26091.0,0
20190206T,30230.0,30230.0,30230.0,30230.0,0
20190207T,33027.0,33027.0,33027.0,33027.0,0
20190208T,35103.0,35103.0,35103.0,35103.0,0
20190211T,38913.0,38913.0,38913.0,38913.0,0
20190212T,40763.0,40763.0,40763.0,40763.0,0
20190213T,40970.0,40970.0,40970.0,40970.0,0
20190214T,43528.0,43528.0,43528.0,43528.0,0
20190215T,45498.0,45498.0,45498.0,45498.0,0
20190218T,45245.0,45245.0,45245.0,45245.0,0
20190219T,46580.0,46580.0,46580.0,46580.0,0
20190220T,47862.0,47862.0,47862.0,47862.0,0
20190221T,47891.0,47891.0,47891.0,47891.0,0
20190222T,49290.0,49290.0,49290.0,49290.0,0
20190225T,49946.0,49946.0,49946.0,49946.0,0
20190226T,47949.0,47949.0,47949.0,47949.0,0
20190227T,48610.0,48610.0,48610.0,48610.0,0
20190228T,7454.0,7454.0,7454.0,7454.0,0
20190301T,17126.0,17126.0,17126.0,17126.0,0
20190305T,22513.0,22513.0,22513.0,22513.0,0
20190306T,24568.0,24568.0,24568.0,24568.0,0
20190307T,26353.0,26353.0,26353.0,26353.0,0
20190308T,29065.0,29065.0,29065.0,29065.0,0
20190311T,29199.0,29199.0,29199.0,29199.0,0
20190312T,31363.0,31363.0,31363.0,31363.0,0
20190313T,32139.0,32139.0,32139.0,32139.0,0
20190314T,32667.0,32667.0,32667.0,32667.0,0
20190315T,33908.0,33908.0,33908.0,33908.0,0
20190318T,36066.0,36066.0,36066.0,36066.0,0
20190319T,37045.0,37045.0,37045.0,37045.0,0
20190320T,38221.0,38221.0,38221.0,38221.0,0
20190322T,39033.0,39033.0,39033.0,39033.0,0
20190325T,37090.0,37090.0,37090.0,37090.0,0
20190326T,35088.0,35088.0,35088.0,35088.0,0
20190327T,34259.0,34259.0,34259.0,34259.0,0
20190328T,6247.0,6247.0,6247.0,6247.0,0
20190329T,13020.0,13020.0,13020.0,13020.0,0
20190401T,14910.0,14910.0,14910.0,14910.0,0
20190402T,17068.0,17068.0,17068.0,17068.0,0
20190403T,19194.0,19194.0,19194.0,19194.0,0
20190404T,20297.0,20297.0,20297.0,20297.0,0
20190405T,21401.0,21401.0,21401.0,21401.0,0
20190408T,22681.0,22681.0,22681.0,22681.0,0
20190409T,23238.0,23238.0,23238.0,23238.0,0
20190410T,24256.0,24256.0,24256.0,24256.0,0
20190411T,24557.0,24557.0,24557.0,24557.0,0
20190412T,24713.0,24713.0,24713.0,24713.0,0
20190415T,25352.0,25352.0,25352.0,25352.0,0
20190416T,31079.0,31079.0,31079.0,31079.0,0
20190418T,30179.0,30179.0,30179.0,30179.0,0
20190422T,28711.0,28711.0,28711.0,28711.0,0
20190423T,28640.0,28640.0,28640.0,28640.0,0
20190424T,26571.0,26571.0,26571.0,26571.0,0
20190425T,9910.0,9910.0,9910.0,9910.0,0
20190426T,17464.0,17464.0,17464.0,17464.0,0
20190430T,20038.0,20038.0,20038.0,20038.0,0
20190502T,21940.0,21940.0,21940.0,21940.0,0
20190503T,21683.0,21683.0,21683.0,21683.0,0
20190506T,25797.0,25797.0,25797.0,25797.0,0
20190507T,26949.0,26949.0,26949.0,26949.0,0
20190508T,28686.0,28686.0,28686.0,28686.0,0
20190509T,29084.0,29084.0,29084.0,29084.0,0
20190510T,29907.0,29907.0,29907.0,29907.0,0
20190513T,30404.0,30404.0,30404.0,30404.0,0
20190514T,30957.0,30957.0,30957.0,30957.0,0
20190515T,29305.0,29305.0,29305.0,29305.0,0
20190516T,29168.0,29168.0,29168.0,29168.0,0
20190517T,28970.0,28970.0,28970.0,28970.0,0
20190520T,31319.0,31319.0,31319.0,31319.0,0
20190521T,33437.0,33437.0,33437.0,33437.0,0
20190522T,35087.0,35087.0,35087.0,35087.0,0
20190523T,34634.0,34634.0,34634.0,34634.0,0
20190524T,33981.0,33981.0,33981.0,33981.0,0
20190527T,33490.0,33490.0,33490.0,33490.0,0
20190528T,32978.0,32978.0,32978.0,32978.0,0
20190529T,28373.0,28373.0,28373.0,28373.0,0
20190530T,6905.0,6905.0,6905.0,6905.0,0
20190531T,14336.0,14336.0,14336.0,14336.0,0
20190603T,16438.0,16438.0,16438.0,16438.0,0
20190604T,17900.0,17900.0,17900.0,17900.0,0
20190606T,18166.0,18166.0,18166.0,18166.0,0
20190607T,19415.0,19415.0,19415.0,19415.0,0
20190610T,19756.0,19756.0,19756.0,19756.0,0
20190611T,19801.0,19801.0,19801.0,19801.0,0
20190612T,19794.0,19794.0,19794.0,19794.0,0
20190613T,20665.0,20665.0,20665.0,20665.0,0
20190614T,20393.0,20393.0,20393.0,20393.0,0
20190617T,19721.0,19721.0,19721.0,19721.0,0
20190618T,19368.0,19368.0,19368.0,19368.0,0
20190619T,20128.0,20128.0,20128.0,20128.0,0
20190620T,20194.0,20194.0,20194.0,20194.0,0
20190621T,20940.0,20940.0,20940.0,20940.0,0
20190624T,20128.0,20128.0,20128.0,20128.0,0
20190625T,19243.0,19243.0,19243.0,19243.0,0
20190626T,18567.0,18567.0,18567.0,18567.0,0
20190627T,2177.0,2177.0,2177.0,2177.0,0
20190628T,6251.0,6251.0,6251.0,6251.0,0
20190701T,7217.0,7217.0,7217.0,7217.0,0
20190702T,8373.0,8373.0,8373.0,8373.0,0
20190703T,9310.0,9310.0,9310.0,9310.0,0
20190704T,10360.0,10360.0,10360.0,10360.0,0
20190705T,9884.0,9884.0,9884.0,9884.0,0
20190708T,11012.0,11012.0,11012.0,11012.0,0
20190709T,13059.0,13059.0,13059.0,13059.0,0
20190710T,13415.0,13415.0,13415.0,13415.0,0
20190711T,14613.0,14613.0,14613.0,14613.0,0
20190712T,15452.0,15452.0,15452.0,15452.0,0
20190715T,15736.0,15736.0,15736.0,15736.0,0
20190716T,17943.0,17943.0,17943.0,17943.0,0
20190717T,18344.0,18344.0,18344.0,18344.0,0
20190718T,18049.0,18049.0,18049.0,18049.0,0
20190719T,17258.0,17258.0,17258.0,17258.0,0
20190722T,16301.0,16301.0,16301.0,16301.0,0
20190723T,14455.0,14455.0,14455.0,14455.0,0
20190724T,11684.0,11684.0,11684.0,11684.0,0
20190725T,4227.0,4227.0,4227.0,4227.0,0
20190726T,8148.0,8148.0,8148.0,8148.0,0
20190729T,10342.0,10342.0,10342.0,10342.0,0
20190730T,11194.0,11194.0,11194.0,11194.0,0
20190731T,11877.0,11877.0,11877.0,11877.0,0
20190801T,13315.0,13315.0,13315.0,13315.0,0
20190802T,14395.0,14395.0,14395.0,14395.0,0
20190805T,14358.0,14358.0,14358.0,14358.0,0
20190806T,15381.0,15381.0,15381.0,15381.0,0
20190807T,15852.0,15852.0,15852.0,15852.0,0
20190808T,16414.0,16414.0,16414.0,16414.0,0
20190809T,17203.0,17203.0,17203.0,17203.0,0
20190813T,18242.0,18242.0,18242.0,18242.0,0
20190814T,18910.0,18910.0,18910.0,18910.0,0
20190816T,18633.0,18633.0,18633.0,18633.0,0
20190819T,19431.0,19431.0,19431.0,19431.0,0
20190820T,19838.0,19838.0,19838.0,19838.0,0
20190821T,19814.0,19814.0,19814.0,19814.0,0
20190822T,20293.0,20293.0,20293.0,20293.0,0
20190823T,20829.0,20829.0,20829.0,20829.0,0
20190826T,20249.0,20249.0,20249.0,20249.0,0
20190827T,18733.0,18733.0,18733.0,18733.0,0
20190828T,15946.0,15946.0,15946.0,15946.0,0
20190829T,14256.0,14256.0,14256.0,14256.0,0
20190830T,8149.0,8149.0,8149.0,8149.0,0
20190903T,10335.0,10335.0,10335.0,10335.0,0
20190904T,11765.0,11765.0,11765.0,11765.0,0
20190905T,12578.0,12578.0,12578.0,12578.0,0
20190906T,13442.0,13442.0,13442.0,13442.0,0
20190909T,14102.0,14102.0,14102.0,14102.0,0
20190911T,15449.0,15449.0,15449.0,15449.0,0
20190912T,16495.0,16495.0,16495.0,16495.0,0
20190913T,16519.0,16519.0,16519.0,16519.0,0
20190916T,17319.0,17319.0,17319.0,17319.0,0
20190917T,17933.0,17933.0,17933.0,17933.0,0
20190918T,17745.0,17745.0,17745.0,17745.0,0
20190919T,18671.0,18671.0,18671.0,18671.0,0
20190920T,20454.0,20454.0,20454.0,20454.0,0
20190923T,21390.0,21390.0,21390.0,21390.0,0
20190924T,20681.0,20681.0,20681.0,20681.0,0
20190925T,19875.0,19875.0,19875.0,19875.0,0
20190926T,3525.0,3525.0,3525.0,3525.0,0
20190927T,6949.0,6949.0,6949.0,6949.0,0
20190930T,8316.0,8316.0,8316.0,8316.0,0
20191001T,10115.0,10115.0,10115.0,10115.0,0
20191003T,11475.0,11475.0,11475.0,11475.0,0
20191004T,12154.0,12154.0,12154.0,12154.0,0
20191007T,12322.0,12322.0,12322.0,12322.0,0
20191009T,13793.0,13793.0,13793.0,13793.0,0
20191010T,14533.0,14533.0,14533.0,14533.0,0
20191011T,16436.0,16436.0,16436.0,16436.0,0
20191014T,16844.0,16844.0,16844.0,16844.0,0
20191015T,18055.0,18055.0,18055.0,18055.0,0
20191016T,18375.0,18375.0,18375.0,18375.0,0
20191017T,19730.0,19730.0,19730.0,19730.0,0
20191018T,21995.0,21995.0,21995.0,21995.0,0
20191022T,25937.0,25937.0,25937.0,25937.0,0
20191023T,27077.0,27077.0,27077.0,27077.0,0
20191024T,26771.0,26771.0,26771.0,26771.0,0
20191025T,26451.0,26451.0,26451.0,26451.0,0
20191029T,26064.0,26064.0,26064.0,26064.0,0
20191030T,23407.0,23407.0,23407.0,23407.0,0
20191031T,6883.0,6883.0,6883.0,6883.0,0
20191101T,13853.0,13853.0,13853.0,13853.0,0
20191104T,15768.0,15768.0,15768.0,15768.0,0
20191105T,16928.0,16928.0,16928.0,16928.0,0
20191106T,17494.0,17494.0,17494.0,17494.0,0
20191107T,18504.0,18504.0,18504.0,18504.0,0
20191108T,20243.0,20243.0,20243.0,20243.0,0
20191111T,21012.0,21012.0,21012.0,21012.0,0
20191113T,22046.0,22046.0,22046.0,22046.0,0
20191114T,22580.0,22580.0,22580.0,22580.0,0
20191115T,22312.0,22312.0,22312.0,22312.0,0
20191118T,23131.0,23131.0,23131.0,23131.0,0
20191119T,23424.0,23424.0,23424.0,23424.0,0
20191120T,24337.0,24337.0,24337.0,24337.0,0
20191121T,23595.0,23595.0,23595.0,23595.0,0
20191122T,22314.0,22314.0,22314.0,22314.0,0
20191125T,21223.0,21223.0,21223.0,21223.0,0
20191126T,19214.0,19214.0,19214.0,19214.0,0
20191127T,16456.0,16456.0,16456.0,16456.0,0
20191128T,4590.0,4590.0,4590.0,4590.0,0
20191129T,10231.0,10231.0,10231.0,10231.0,0
20191202T,12743.0,12743.0,12743.0,12743.0,0
20191203T,13593.0,13593.0,13593.0,13593.0,0
20191204T,14290.0,14290.0,14290.0,14290.0,0
20191205T,15051.0,15051.0,15051.0,15051.0,0
20191206T,16253.0,16253.0,16253.0,16253.0,0
20191209T,16463.0,16463.0,16463.0,16463.0,0
20191210T,16795.0,16795.0,16795.0,16795.0,0
20191211T,17010.0,17010.0,17010.0,17010.0,0
20191212T,16627.0,16627.0,16627.0,16627.0,0
20191213T,16409.0,16409.0,16409.0,16409.0,0
20191216T,16222.0,16222.0,16222.0,16222.0,0
20191217T,16002.0,16002.0,16002.0,16002.0,0
20191218T,15918.0,15918.0,15918.0,15918.0,0
20191219T,15269.0,15269.0,15269.0,15269.0,0
20191220T,15912.0,15912.0,15912.0,15912.0,0
20191223T,14412.0,14412.0,14412.0,14412.0,0
20191224T,12202.0,12202.0,12202.0,12202.0,0
20191226T,4992.0,4992.0,4992.0,4992.0,0
20191227T,8171.0,8171.0,8171.0,8171.0,0
20191230T,9574.0,9574.0,9574.0,9574.0,0
20191231T,10716.0,10716.0,10716.0,10716.0,0
20200101T,11303.0,11303.0,11303.0,11303.0,0
20200102T,14076.0,14076.0,14076.0,14076.0,0
20200103T,15665.0,15665.0,15665.0,15665.0,0
20200106T,16185.0,16185.0,16185.0,16185.0,0
20200107T,17069.0,17069.0,17069.0,17069.0,0
20200108T,18012.0,18012.0,18012.0,18012.0,0
20200109T,21047.0,21047.0,21047.0,21047.0,0
20200110T,21975.0,21975.0,21975.0,21975.0,0
20200113T,23271.0,23271.0,23271.0,23271.0,0
20200114T,24678.0,24678.0,24678.0,24678.0,0
20200115T,26504.0,26504.0,26504.0,26504.0,0
20200116T,27282.0,27282.0,27282.0,27282.0,0
20200117T,28061.0,28061.0,28061.0,28061.0,0
20200120T,28420.0,28420.0,28420.0,28420.0,0
20200121T,28952.0,28952.0,28952.0,28952.0,0
20200122T,29515.0,29515.0,29515.0,29515.0,0
20200123T,30501.0,30501.0,30501.0,30501.0,0
20200124T,30185.0,30185.0,30185.0,30185.0,0
20200127T,27704.0,27704.0,27704.0,27704.0,0
20200128T,26417.0,26417.0,26417.0,26417.0,0
20200129T,22530.0,22530.0,22530.0,22530.0,0
20200130T,5376.0,5376.0,5376.0,5376.0,0
20200131T,11040.0,11040.0,11040.0,11040.0,0
20200203T,13085.0,13085.0,13085.0,13085.0,0
20200204T,14669.0,14669.0,14669.0,14669.0,0
20200205T,16188.0,16188.0,16188.0,16188.0,0
20200206T,17017.0,17017.0,17017.0,17017.0,0
20200207T,18127.0,18127.0,18127.0,18127.0,0
20200210T,17785.0,17785.0,17785.0,17785.0,0
20200211T,18808.0,18808.0,18808.0,18808.0,0
20200212T,18887.0,18887.0,18887.0,18887.0,0
20200213T,19652.0,19652.0,19652.0,19652.0,0
20200214T,20274.0,20274.0,20274.0,20274.0,0
20200217T,19819.0,19819.0,19819.0,19819.0,0
20200218T,22006.0,22006.0,22006.0,22006.0,0
20200219T,22766.0,22766.0,22766.0,22766.0,0
20200220T,22621.0,22621.0,22621.0,22621.0,0
20200224T,21143.0,21143.0,21143.0,21143.0,0
20200225T,18842.0,18842.0,18842.0,18842.0,0
20200226T,16923.0,16923.0,16923.0,16923.0,0
20200227T,4129.0,4129.0,4129.0,4129.0,0
20200228T,8851.0,8851.0,8851.0,8851.0,0
20200302T,10918.0,10918.0,10918.0,10918.0,0
20200303T,12750.0,12750.0,12750.0,12750.0,0
20200304T,13637.0,13637.0,13637.0,13637.0,0
20200305T,14730.0,14730.0,14730.0,14730.0,0
20200306T,15419.0,15419.0,15419.0,15419.0,0
20200309T,14220.0,14220.0,14220.0,14220.0,0
20200311T,14976.0,14976.0,14976.0,14976.0,0
20200312T,14949.0,14949.0,14949.0,14949.0,0
20200313T,15775.0,15775.0,15775.0,15775.0,0
20200316T,16081.0,16081.0,16081.0,16081.0,0
20200317T,15993.0,15993.0,15993.0,15993.0,0
20200318T,16193.0,16193.0,16193.0,16193.0,0
20200319T,16108.0,16108.0,16108.0,16108.0,0
20200320T,16361.0,16361.0,16361.0,16361.0,0
20200323T,16036.0,16036.0,16036.0,16036.0,0
20200324T,15392.0,15392.0,15392.0,15392.0,0
20200325T,15002.0,15002.0,15002.0,15002.0,0
20200326T,3197.0,3197.0,3197.0,3197.0,0
20200327T,3846.0,3846.0,3846.0,3846.0,0
20200330T,4336.0,4336.0,4336.0,4336.0,0
20200331T,4278.0,4278.0,4278.0,4278.0,0
20200401T,4657.0,4657.0,4657.0,4657.0,0
20200403T,4988.0,4988.0,4988.0,4988.0,0
20200407T,5015.0,5015.0,5015.0,5015.0,0
20200408T,5386.0,5386.0,5386.0,5386.0,0
20200409T,5743.0,5743.0,5743.0,5743.0,0
20200413T,7497.0,7497.0,7497.0,7497.0,0
20200415T,8391.0,8391.0,8391.0,8391.0,0
20200416T,8761.0,8761.0,8761.0,8761.0,0
20200417T,11305.0,11305.0,11305.0,11305.0,0
20200420T,12339.0,12339.0,12339.0,12339.0,0
20200421T,13012.0,13012.0,13012.0,13012.0,0
20200422T,14116.0,14116.0,14116.0,14116.0,0
20200423T,14690.0,14690.0,14690.0,14690.0,0
20200424T,14843.0,14843.0,14843.0,14843.0,0
20200427T,14339.0,14339.0,14339.0,14339.0,0
20200428T,13114.0,13114.0,13114.0,13114.0,0
20200429T,11400.0,11400.0,11400.0,11400.0,0
20200430T,4304.0,4304.0,4304.0,4304.0,0
20200504T,7277.0,7277.0,7277.0,7277.0,0
20200505T,9123.0,9123.0,9123.0,9123.0,0
20200506T,10086.0,10086.0,10086.0,10086.0,0
20200507T,12853.0,12853.0,12853.0,12853.0,0
20200508T,13998.0,13998.0,13998.0,13998.0,0
20200511T,14793.0,14793.0,14793.0,14793.0,0
20200512T,15784.0,15784.0,15784.0,15784.0,0
20200513T,16813.0,16813.0,16813.0,16813.0,0
20200514T,17387.0,17387.0,17387.0,17387.0,0
20200515T,18463.0,18463.0,18463.0,18463.0,0
20200518T,17566.0,17566.0,17566.0,17566.0,0
20200519T,18885.0,18885.0,18885.0,18885.0,0
20200520T,17666.0,17666.0,17666.0,17666.0,0
20200521T,16882.0,16882.0,16882.0,16882.0,0
20200522T,17233.0,17233.0,17233.0,17233.0,0
20200526T,14881.0,14881.0,14881.0,14881.0,0
20200527T,12467.0,12467.0,12467.0,12467.0,0
20200528T,4137.0,4137.0,4137.0,4137.0,0
20200529T,9427.0,9427.0,9427.0,9427.0,0
20200601T,11456.0,11456.0,11456.0,11456.0,0
20200602T,12587.0,12587.0,12587.0,12587.0,0
20200603T,14372.0,14372.0,14372.0,14372.0,0
20200604T,15619.0,15619.0,15619.0,15619.0,0
20200605T,17276.0,17276.0,17276.0,17276.0,0
20200608T,18418.0,18418.0,18418.0,18418.0,0
20200609T,19798.0,19798.0,19798.0,19798.0,0
20200610T,20684.0,20684.0,20684.0,20684.0,0
20200611T,24217.0,24217.0,24217.0,24217.0,0
20200612T,24706.0,24706.0,24706.0,24706.0,0
20200615T,25974.0,25974.0,25974.0,25974.0,0
20200616T,25505.0,25505.0,25505.0,25505.0,0
20200617T,25052.0,25052.0,25052.0,25052.0,0
20200618T,24737.0,24737.0,24737.0,24737.0,0
20200619T,25967.0,25967.0,25967.0,25967.0,0
20200622T,24709.0,24709.0,24709.0,24709.0,0
20200623T,22515.0,22515.0,22515.0,22515.0,0
20200624T,18499.0,18499.0,18499.0,18499.0,0
20200625T,3464.0,3464.0,3464.0,3464.0,0
20200626T,10869.0,10869.0,10869.0,10869.0,0
20200629T,13195.0,13195.0,13195.0,13195.0,0
20200630T,14221.0,14221.0,14221.0,14221.0,0
20200701T,15225.0,15225.0,15225.0,15225.0,0
20200702T,16829.0,16829.0,16829.0,16829.0,0
20200703T,17565.0,17565.0,17565.0,17565.0,0
20200706T,18423.0,18423.0,18423.0,18423.0,0
20200707T,19573.0,19573.0,19573.0,19573.0,0
20200708T,20893.0,20893.0,20893.0,20893.0,0
20200709T,21842.0,21842.0,21842.0,21842.0,0
20200710T,23181.0,23181.0,23181.0,23181.0,0
20200713T,22993.0,22993.0,22993.0,22993.0,0
20200714T,23295.0,23295.0,23295.0,23295.0,0
20200715T,23934.0,23934.0,23934.0,23934.0,0
20200716T,23797.0,23797.0,23797.0,23797.0,0
20200717T,24099.0,24099.0,24099.0,24099.0,0
20200720T,23449.0,23449.0,23449.0,23449.0,0
20200721T,23107.0,23107.0,23107.0,23107.0,0
20200722T,22133.0,22133.0,22133.0,22133.0,0
20200723T,20090.0,20090.0,20090.0,20090.0,0
20200724T,20096.0,20096.0,20096.0,20096.0,0
20200727T,18940.0,18940.0,18940.0,18940.0,0
20200728T,17154.0,17154.0,17154.0,17154.0,0
20200729T,15573.0,15573.0,15573.0,15573.0,0
20200730T,6034.0,6034.0,6034.0,6034.0,0
20200803T,15710.0,15710.0,15710.0,15710.0,0
20200804T,16109.0,16109.0,16109.0,16109.0,0
20200805T,17404.0,17404.0,17404.0,17404.0,0
20200806T,18202.0,18202.0,18202.0,18202.0,0
20200807T,19176.0,19176.0,19176.0,19176.0,0
20200810T,20174.0,20174.0,20174.0,20174.0,0
20200811T,21402.0,21402.0,21402.0,21402.0,0
20200812T,22246.0,22246.0,22246.0,22246.0,0
20200813T,23482.0,23482.0,23482.0,23482.0,0
20200814T,23989.0,23989.0,23989.0,23989.0,0
20200817T,25954.0,25954.0,25954.0,25954.0,0
20200818T,25680.0,25680.0,25680.0,25680.0,0
20200819T,25228.0,25228.0,25228.0,25228.0,0
20200820T,25672.0,25672.0,25672.0,25672.0,0
20200821T,24921.0,24921.0,24921.0,24921.0,0
20200824T,22669.0,22669.0,22669.0,22669.0,0
20200825T,21252.0,21252.0,21252.0,21252.0,0
20200826T,18325.0,18325.0,18325.0,18325.0,0
20200827T,6738.0,6738.0,6738.0,6738.0,0
20200828T,13152.0,13152.0,13152.0,13152.0,0
20200831T,17137.0,17137.0,17137.0,17137.0,0
20200901T,17283.0,17283.0,17283.0,17283.0,0
20200902T,18977.0,18977.0,18977.0,18977.0,0
20200903T,19931.0,19931.0,19931.0,19931.0,0
20200904T,20567.0,20567.0,20567.0,20567.0,0
20200907T,20851.0,20851.0,20851.0,20851.0,0
20200908T,20542.0,20542.0,20542.0,20542.0,0
20200909T,21688.0,21688.0,21688.0,21688.0,0
20200910T,22166.0,22166.0,22166.0,22166.0,0
20200911T,23513.0,23513.0,23513.0,23513.0,0
20200914T,24882.0,24882.0,24882.0,24882.0,0
20200915T,25662.0,25662.0,25662.0,25662.0,0
20200916T,26610.0,26610.0,26610.0,26610.0,0
20200917T,27543.0,27543.0,27543.0,27543.0,0
20200918T,26683.0,26683.0,26683.0,26683.0,0
20200921T,24009.0,24009.0,24009.0,24009.0,0
20200922T,21463.0,21463.0,21463.0,21463.0,0
20200923T,19189.0,19189.0,19189.0,19189.0,0
20200924T,6518.0,6518.0,6518.0,6518.0,0
20200925T,13096.0,13096.0,13096.0,13096.0,0
20200928T,14851.0,14851.0,14851.0,14851.0,0
20200929T,16218.0,16218.0,16218.0,16218.0,0
20200930T,17261.0,17261.0,17261.0,17261.0,0
20201001T,18033.0,18033.0,18033.0,18033.0,0
20201005T,19091.0,19091.0,19091.0,19091.0,0
20201006T,19709.0,19709.0,19709.0,19709.0,0
20201007T,20149.0,20149.0,20149.0,20149.0,0
20201008T,21281.0,21281.0,21281.0,21281.0,0
20201009T,21757.0,21757.0,21757.0,21757.0,0
20201012T,22912.0,22912.0,22912.0,22912.0,0
20201013T,23604.0,23604.0,23604.0,23604.0,0
20201014T,24591.0,24591.0,24591.0,24591.0,0
20201015T,23770.0,23770.0,23770.0,23770.0,0
20201016T,24137.0,24137.0,24137.0,24137.0,0
20201019T,23697.0,23697.0,23697.0,23697.0,0
20201020T,24339.0,24339.0,24339.0,24339.0,0
20201021T,24395.0,24395.0,24395.0,24395.0,0
20201022T,24030.0,24030.0,24030.0,24030.0,0
20201023T,24142.0,24142.0,24142.0,24142.0,0
20201026T,23001.0,23001.0,23001.0,23001.0,0
20201027T,21642.0,21642.0,21642.0,21642.0,0
20201028T,19815.0,19815.0,19815.0,19815.0,0
20201029T,6397.0,6397.0,6397.0,6397.0,0
20201030T,11757.0,11757.0,11757.0,11757.0,0
20201102T,13046.0,13046.0,13046.0,13046.0,0
20201103T,14131.0,14131.0,14131.0,14131.0,0
20201104T,15622.0,15622.0,15622.0,15622.0,0
20201105T,16345.0,16345.0,16345.0,16345.0,0
20201106T,17665.0,17665.0,17665.0,17665.0,0
20201109T,18780.0,18780.0,18780.0,18780.0,0
20201110T,19802.0,19802.0,19802.0,19802.0,0
20201111T,21049.0,21049.0,21049.0,21049.0,0
20201112T,22526.0,22526.0,22526.0,22526.0,0
20201113T,22520.0,22520.0,22520.0,22520.0,0
20201117T,22670.0,22670.0,22670.0,22670.0,0
20201118T,23573.0,23573.0,23573.0,23573.0,0
20201119T,25034.0,25034.0,25034.0,25034.0,0
20201120T,25134.0,25134.0,25134.0,25134.0,0
20201123T,23305.0,23305.0,23305.0,23305.0,0
20201124T,21844.0,21844.0,21844.0,21844.0,0
20201125T,18979.0,18979.0,18979.0,18979.0,0
20201126T,6614.0,6614.0,6614.0,6614.0,0
20201127T,13789.0,13789.0,13789.0,13789.0,0
20201201T,15067.0,15067.0,15067.0,15067.0,0
20201202T,16346.0,16346.0,16346.0,16346.0,0
20201203T,17304.0,17304.0,17304.0,17304.0,0
20201204T,18416.0,18416.0,18416.0,18416.0,0
20201207T,19517.0,19517.0,19517.0,19517.0,0
20201208T,20464.0,20464.0,20464.0,20464.0,0
20201209T,20822.0,20822.0,20822.0,20822.0,0
20201210T,21343.0,21343.0,21343.0,21343.0,0
20201211T,21818.0,21818.0,21818.0,21818.0,0
20201214T,24471.0,24471.0,24471.0,24471.0,0
20201215T,24863.0,24863.0,24863.0,24863.0,0
20201216T,26264.0,26264.0,26264.0,26264.0,0
20201217T,27762.0,27762.0,27762.0,27762.0,0
20201218T,27852.0,27852.0,27852.0,27852.0,0
20201221T,28771.0,28771.0,28771.0,28771.0,0
20201222T,27607.0,27607.0,27607.0,27607.0,0
20201223T,26944.0,26944.0,26944.0,26944.0,0
20201224T,27781.0,27781.0,27781.0,27781.0,0
20201228T,28091.0,28091.0,28091.0,28091.0,0
20201229T,26705.0,26705.0,26705.0,26705.0,0
20201230T,24822.0,24822.0,24822.0,24822.0,0
20201231T,9789.0,9789.0,9789.0,9789.0,0
20210101T,15574.0,15574.0,15574.0,15574.0,0
20210104T,19303.0,19303.0,19303.0,19303.0,0
20210105T,21489.0,21489.0,21489.0,21489.0,0
20210106T,23580.0,23580.0,23580.0,23580.0,0
20210107T,24712.0,24712.0,24712.0,24712.0,0
20210108T,26580.0,26580.0,26580.0,26580.0,0
20210111T,28609.0,28609.0,28609.0,28609.0,0
20210112T,30669.0,30669.0,30669.0,30669.0,0
20210113T,33713.0,33713.0,33713.0,33713.0,0
20210114T,33814.0,33814.0,33814.0,33814.0,0
20210115T,34821.0,34821.0,34821.0,34821.0,0
20210118T,35356.0,35356.0,35356.0,35356.0,0
20210119T,36594.0,36594.0,36594.0,36594.0,0
20210120T,37013.0,37013.0,37013.0,37013.0,0
20210121T,37249.0,37249.0,37249.0,37249.0,0
20210122T,38306.0,38306.0,38306.0,38306.0,0
20210125T,33168.0,33168.0,33168.0,33168.0,0
20210127T,29978.0,29978.0,29978.0,29978.0,0
20210128T,10524.0,10524.0,10524.0,10524.0,0
20210129T,17799.0,17799.0,17799.0,17799.0,0
20210201T,20593.0,20593.0,20593.0,20593.0,0
20210202T,24787.0,24787.0,24787.0,24787.0,0
20210203T,27156.0,27156.0,27156.0,27156.0,0
20210204T,28765.0,28765.0,28765.0,28765.0,0
20210205T,32053.0,32053.0,32053.0,32053.0,0
20210208T,35277.0,35277.0,35277.0,35277.0,0
20210209T,36900.0,36900.0,36900.0,36900.0,0
20210210T,38372.0,38372.0,38372.0,38372.0,0
20210211T,40308.0,40308.0,40308.0,40308.0,0
20210212T,41058.0,41058.0,41058.0,41058.0,0
20210215T,40527.0,40527.0,40527.0,40527.0,0
20210216T,42305.0,42305.0,42305.0,42305.0,0
20210217T,42587.0,42587.0,42587.0,42587.0,0
20210218T,43740.0,43740.0,43740.0,43740.0,0
20210219T,42911.0,42911.0,42911.0,42911.0,0
20210222T,44930.0,44930.0,44930.0,44930.0,0
20210223T,45825.0,45825.0,45825.0,45825.0,0
20210224T,43891.0,43891.0,43891.0,43891.0,0
20210225T,15774.0,15774.0,15774.0,15774.0,0
20210226T,22822.0,22822.0,22822.0,22822.0,0
20210301T,24771.0,24771.0,24771.0,24771.0,0
20210302T,27376.0,27376.0,27376.0,27376.0,0
20210303T,30558.0,30558.0,30558.0,30558.0,0
20210304T,32435.0,32435.0,32435.0,32435.0,0
20210305T,33937.0,33937.0,33937.0,33937.0,0
20210308T,34968.0,34968.0,34968.0,34968.0,0
20210309T,35599.0,35599.0,35599.0,35599.0,0
20210310T,36354.0,36354.0,36354.0,36354.0,0
20210312T,37183.0,37183.0,37183.0,37183.0,0
20210315T,37973.0,37973.0,37973.0,37973.0,0
20210316T,38196.0,38196.0,38196.0,38196.0,0
20210317T,37249.0,37249.0,37249.0,37249.0,0
20210318T,36594.0,36594.0,36594.0,36594.0,0
20210319T,37552.0,37552.0,37552.0,37552.0,0
20210322T,36695.0,36695.0,36695.0,36695.0,0
20210323T,35685.0,35685.0,35685.0,35685.0,0
20210324T,33659.0,33659.0,33659.0,33659.0,0
20210325T,15331.0,15331.0,15331.0,15331.0,0
20210326T,20824.0,20824.0,20824.0,20824.0,0
20210330T,23960.0,23960.0,23960.0,23960.0,0
20210331T,25241.0,25241.0,25241.0,25241.0,0
20210401T,28102.0,28102.0,28102.0,28102.0,0
20210405T,30665.0,30665.0,30665.0,30665.0,0
20210406T,32034.0,32034.0,32034.0,32034.0,0
20210407T,33395.0,33395.0,33395.0,33395.0,0
20210408T,35184.0,35184.0,35184.0,35184.0,0
20210409T,37469.0,37469.0,37469.0,37469.0,0
20210412T,38844.0,38844.0,38844.0,38844.0,0
20210413T,40029.0,40029.0,40029.0,40029.0,0
20210415T,41081.0,41081.0,41081.0,41081.0,0
20210416T,42146.0,42146.0,42146.0,42146.0,0
20210419T,43768.0,43768.0,43768.0,43768.0,0
20210420T,45976.0,45976.0,45976.0,45976.0,0
20210422T,46894.0,46894.0,46894.0,46894.0,0
20210423T,47613.0,47613.0,47613.0,47613.0,0
20210426T,47550.0,47550.0,47550.0,47550.0,0
20210427T,45947.0,45947.0,45947.0,45947.0,0
20210428T,43827.0,43827.0,43827.0,43827.0,0
20210429T,15507.0,15507.0,15507.0,15507.0,0
20210430T,25383.0,25383.0,25383.0,25383.0,0
20210503T,27027.0,27027.0,27027.0,27027.0,0
20210504T,30169.0,30169.0,30169.0,30169.0,0
20210505T,32128.0,32128.0,32128.0,32128.0,0
20210506T,34609.0,34609.0,34609.0,34609.0,0
20210507T,38597.0,38597.0,38597.0,38597.0,0
20210510T,43211.0,43211.0,43211.0,43211.0,0
20210511T,45786.0,45786.0,45786.0,45786.0,0
20210512T,48577.0,48577.0,48577.0,48577.0,0
20210514T,50723.0,50723.0,50723.0,50723.0,0
20210517T,52727.0,52727.0,52727.0,52727.0,0
20210518T,55458.0,55458.0,55458.0,55458.0,0
20210519T,60050.0,60050.0,60050.0,60050.0,0
20210520T,60417.0,60417.0,60417.0,60417.0,0
20210521T,60650.0,60650.0,60650.0,60650.0,0
20210524T,57101.0,57101.0,57101.0,57101.0,0
20210525T,51870.0,51870.0,51870.0,51870.0,0
20210526T,47041.0,47041.0,47041.0,47041.0,0
20210527T,18501.0,18501.0,18501.0,18501.0,0
20210528T,26317.0,26317.0,26317.0,26317.0,0
20210531T,31879.0,31879.0,31879.0,31879.0,0
20210601T,34459.0,34459.0,34459.0,34459.0,0
20210602T,42927.0,42927.0,42927.0,42927.0,0
20210603T,52208.0,52208.0,52208.0,52208.0,0
20210604T,58603.0,58603.0,58603.0,58603.0,0
20210607T,66892.0,66892.0,66892.0,66892.0,0
20210608T,70916.0,70916.0,70916.0,70916.0,0
20210609T,75910.0,75910.0,75910.0,75910.0,0
20210610T,77506.0,77506.0,77506.0,77506.0,0
20210611T,82026.0,82026.0,82026.0,82026.0,0
20210614T,83447.0,83447.0,83447.0,83447.0,0
20210615T,87713.0,87713.0,87713.0,87713.0,0
20210616T,90345.0,90345.0,90345.0,90345.0,0
20210617T,89114.0,89114.0,89114.0,89114.0,0
20210618T,84093.0,84093.0,84093.0,84093.0,0
20210621T,80997.0,80997.0,80997.0,80997.0,0
20210622T,73470.0,73470.0,73470.0,73470.0,0
20210623T,70383.0,70383.0,70383.0,70383.0,0
20210624T,16721.0,16721.0,16721.0,16721.0,0
20210625T,31482.0,31482.0,31482.0,31482.0,0
20210628T,37515.0,37515.0,37515.0,37515.0,0
20210629T,41260.0,41260.0,41260.0,41260.0,0
20210630T,43344.0,43344.0,43344.0,43344.0,0
20210701T,45325.0,45325.0,45325.0,45325.0,0
20210702T,47334.0,47334.0,47334.0,47334.0,0
20210705T,48069.0,48069.0,48069.0,48069.0,0
20210706T,52671.0,52671.0,52671.0,52671.0,0
20210707T,56156.0,56156.0,56156.0,56156.0,0
20210708T,60956.0,60956.0,60956.0,60956.0,0
20210709T,62234.0,62234.0,62234.0,62234.0,0
20210712T,64494.0,64494.0,64494.0,64494.0,0
20210713T,65168.0,65168.0,65168.0,65168.0,0
20210714T,65227.0,65227.0,65227.0,65227.0,0
20210715T,65914.0,65914.0,65914.0,65914.0,0
20210716T,67105.0,67105.0,67105.0,67105.0,0
20210719T,71342.0,71342.0,71342.0,71342.0,0
20210720T,71094.0,71094.0,71094.0,71094.0,0
20210722T,68578.0,68578.0,68578.0,68578.0,0
20210723T,64458.0,64458.0,64458.0,64458.0,0
20210726T,62871.0,62871.0,62871.0,62871.0,0
20210727T,60763.0,60763.0,60763.0,60763.0,0
20210728T,60613.0,60613.0,60613.0,60613.0,0
20210729T,25659.0,25659.0,25659.0,25659.0,0
20210730T,33770.0,33770.0,33770.0,33770.0,0
20210802T,35547.0,35547.0,35547.0,35547.0,0
20210803T,37603.0,37603.0,37603.0,37603.0,0
20210804T,40640.0,40640.0,40640.0,40640.0,0
20210805T,43327.0,43327.0,43327.0,43327.0,0
20210806T,45280.0,45280.0,45280.0,45280.0,0
20210809T,46625.0,46625.0,46625.0,46625.0,0
20210810T,49977.0,49977.0,49977.0,49977.0,0
20210811T,52294.0,52294.0,52294.0,52294.0,0
20210812T,54069.0,54069.0,54069.0,54069.0,0
20210813T,56622.0,56622.0,56622.0,56622.0,0
20210816T,59043.0,59043.0,59043.0,59043.0,0
20210817T,59703.0,59703.0,59703.0,59703.0,0
20210818T,60330.0,60330.0,60330.0,60330.0,0
20210820T,62037.0,62037.0,62037.0,62037.0,0
20210823T,58853.0,58853.0,58853.0,58853.0,0
20210824T,55774.0,55774.0,55774.0,55774.0,0
20210825T,50554.0,50554.0,50554.0,50554.0,0
20210826T,24424.0,24424.0,24424.0,24424.0,0
20210827T,32725.0,32725.0,32725.0,32725.0,0
20210830T,35027.0,35027.0,35027.0,35027.0,0
20210831T,37557.0,37557.0,37557.0,37557.0,0
20210901T,39498.0,39498.0,39498.0,39498.0,0
20210902T,42436.0,42436.0,42436.0,42436.0,0
20210903T,45889.0,45889.0,45889.0,45889.0,0
20210906T,49039.0,49039.0,49039.0,49039.0,0
20210907T,51646.0,51646.0,51646.0,51646.0,0
20210908T,54178.0,54178.0,54178.0,54178.0,0
20210909T,55389.0,55389.0,55389.0,55389.0,0
20210913T,55990.0,55990.0,55990.0,55990.0,0
20210914T,59414.0,59414.0,59414.0,59414.0,0
20210915T,64338.0,64338.0,64338.0,64338.0,0
20210916T,71090.0,71090.0,71090.0,71090.0,0
20210917T,72724.0,72724.0,72724.0,72724.0,0
20210920T,72349.0,72349.0,72349.0,72349.0,0
20210921T,71809.0,71809.0,71809.0,71809.0,0
20210922T,73804.0,73804.0,73804.0,73804.0,0
20210923T,76658.0,76658.0,76658.0,76658.0,0
20210924T,79779.0,79779.0,79779.0,79779.0,0
20210927T,74811.0,74811.0,74811.0,74811.0,0
20210928T,75188.0,75188.0,75188.0,75188.0,0
20210929T,70640.0,70640.0,70640.0,70640.0,0
20210930T,30231.0,30231.0,30231.0,30231.0,0
20211001T,45545.0,45545.0,45545.0,45545.0,0
20211004T,50604.0,50604.0,50604.0,50604.0,0
20211005T,54897.0,54897.0,54897.0,54897.0,0
20211006T,61580.0,61580.0,61580.0,61580.0,0
20211007T,65268.0,65268.0,65268.0,65268.0,0
20211008T,69359.0,69359.0,69359.0,69359.0,0
20211011T,73963.0,73963.0,73963.0,73963.0,0
20211012T,79979.0,79979.0,79979.0,79979.0,0
20211013T,85542.0,85542.0,85542.0,85542.0,0
20211014T,91188.0,91188.0,91188.0,91188.0,0
20211018T,97107.0,97107.0,97107.0,97107.0,0
20211019T,101469.0,101469.0,101469.0,101469.0,0
20211020T,103572.0,103572.0,103572.0,103572.0,0
20211021T,105838.0,105838.0,105838.0,105838.0,0
20211022T,102334.0,102334.0,102334.0,102334.0,0
20211025T,97679.0,97679.0,97679.0,97679.0,0
20211026T,93563.0,93563.0,93563.0,93563.0,0
20211027T,85888.0,85888.0,85888.0,85888.0,0
20211028T,28562.0,28562.0,28562.0,28562.0,0
20211029T,43737.0,43737.0,43737.0,43737.0,0
20211101T,45629.0,45629.0,45629.0,45629.0,0
20211102T,51159.0,51159.0,51159.0,51159.0,0
20211103T,55681.0,55681.0,55681.0,55681.0,0
20211108T,60275.0,60275.0,60275.0,60275.0,0
20211109T,64552.0,64552.0,64552.0,64552.0,0
20211110T,68890.0,68890.0,68890.0,68890.0,0
20211111T,71638.0,71638.0,71638.0,71638.0,0
20211112T,70672.0,70672.0,70672.0,70672.0,0
20211115T,73692.0,73692.0,73692.0,73692.0,0
20211116T,74371.0,74371.0,74371.0,74371.0,0
20211117T,76320.0,76320.0,76320.0,76320.0,0
20211118T,74845.0,74845.0,74845.0,74845.0,0
20211122T,73841.0,73841.0,73841.0,73841.0,0
20211123T,71716.0,71716.0,71716.0,71716.0,0
20211124T,70075.0,70075.0,70075.0,70075.0,0
20211125T,28095.0,28095.0,28095.0,28095.0,0
20211126T,35838.0,35838.0,35838.0,35838.0,0
20211129T,40541.0,40541.0,40541.0,40541.0,0
20211130T,43423.0,43423.0,43423.0,43423.0,0
20211201T,43000.0,43000.0,43000.0,43000.0,0
20211202T,45029.0,45029.0,45029.0,45029.0,0
20211203T,47270.0,47270.0,47270.0,47270.0,0
20211206T,49436.0,49436.0,49436.0,49436.0,0
20211207T,49642.0,49642.0,49642.0,49642.0,0
20211208T,49128.0,49128.0,49128.0,49128.0,0
20211209T,51614.0,51614.0,51614.0,51614.0,0
20211210T,55043.0,55043.0,55043.0,55043.0,0
20211213T,57062.0,57062.0,57062.0,57062.0,0
20211214T,59795.0,59795.0,59795.0,59795.0,0
20211215T,62227.0,62227.0,62227.0,62227.0,0
20211216T,64010.0,64010.0,64010.0,64010.0,0
20211217T,65847.0,65847.0,65847.0,65847.0,0
20211220T,67487.0,67487.0,67487.0,67487.0,0
20211221T,67922.0,67922.0,67922.0,67922.0,0
20211222T,69219.0,69219.0,69219.0,69219.0,0
20211223T,68885.0,68885.0,68885.0,68885.0,0
20211224T,68899.0,68899.0,68899.0,68899.0,0
20211227T,71367.0,71367.0,71367.0,71367.0,0
20211228T,71963.0,71963.0,71963.0,71963.0,0
20211229T,71791.0,71791.0,71791.0,71791.0,0
20211230T,31467.0,31467.0,31467.0,31467.0,0
20211231T,40080.0,40080.0,40080.0,40080.0,0
20220103T,42159.0,42159.0,42159.0,42159.0,0
20220104T,43274.0,43274.0,43274.0,43274.0,0
20220105T,47165.0,47165.0,47165.0,47165.0,0
20220106T,49471.0,49471.0,49471.0,49471.0,0
20220107T,54575.0,54575.0,54575.0,54575.0,0
20220110T,59422.0,59422.0,59422.0,59422.0,0
20220111T,60407.0,60407.0,60407.0,60407.0,0
20220112T,63629.0,63629.0,63629.0,63629.0,0
20220113T,67034.0,67034.0,67034.0,67034.0,0
20220114T,71210.0,71210.0,71210.0,71210.0,0
20220117T,76079.0,76079.0,76079.0,76079.0,0
20220118T,82752.0,82752.0,82752.0,82752.0,0
20220119T,84231.0,84231.0,84231.0,84231.0,0
20220120T,82477.0,82477.0,82477.0,82477.0,0
20220121T,78258.0,78258.0,78258.0,78258.0,0
20220124T,78487.0,78487.0,78487.0,78487.0,0
20220125T,72054.0,72054.0,72054.0,72054.0,0
20220127T,28773.0,28773.0,28773.0,28773.0,0
20220128T,38729.0,38729.0,38729.0,38729.0,0
20220131T,39371.0,39371.0,39371.0,39371.0,0
20220201T,42503.0,42503.0,42503.0,42503.0,0
20220202T,44062.0,44062.0,44062.0,44062.0,0
20220203T,48674.0,48674.0,48674.0,48674.0,0
20220204T,51713.0,51713.0,51713.0,51713.0,0
20220207T,58806.0,58806.0,58806.0,58806.0,0
20220208T,60779.0,60779.0,60779.0,60779.0,0
20220209T,64433.0,64433.0,64433.0,64433.0,0
20220210T,64193.0,64193.0,64193.0,64193.0,0
20220211T,67817.0,67817.0,67817.0,67817.0,0
20220214T,68044.0,68044.0,68044.0,68044.0,0
20220215T,70453.0,70453.0,70453.0,70453.0,0
20220216T,71525.0,71525.0,71525.0,71525.0,0
20220217T,73249.0,73249.0,73249.0,73249.0,0
20220218T,72150.0,72150.0,72150.0,72150.0,0
20220221T,71522.0,71522.0,71522.0,71522.0,0
20220222T,71016.0,71016.0,71016.0,71016.0,0
20220223T,69259.0,69259.0,69259.0,69259.0,0
20220224T,23260.0,23260.0,23260.0,23260.0,0
20220225T,28432.0,28432.0,28432.0,28432.0,0
20220228T,31109.0,31109.0,31109.0,31109.0,0
20220302T,35556.0,35556.0,35556.0,35556.0,0
20220303T,37708.0,37708.0,37708.0,37708.0,0
20220304T,39337.0,39337.0,39337.0,39337.0,0
20220307T,43513.0,43513.0,43513.0,43513.0,0
20220308T,45950.0,45950.0,45950.0,45950.0,0
20220309T,48069.0,48069.0,48069.0,48069.0,0
20220310T,50316.0,50316.0,50316.0,50316.0,0
20220311T,52837.0,52837.0,52837.0,52837.0,0
20220314T,56848.0,56848.0,56848.0,56848.0,0
20220315T,59230.0,59230.0,59230.0,59230.0,0
20220316T,60926.0,60926.0,60926.0,60926.0,0
20220317T,62106.0,62106.0,62106.0,62106.0,0
20220321T,63970.0,63970.0,63970.0,63970.0,0
20220322T,67019.0,67019.0,67019.0,67019.0,0
20220323T,68168.0,68168.0,68168.0,68168.0,0
20220324T,68122.0,68122.0,68122.0,68122.0,0
20220325T,66919.0,66919.0,66919.0,66919.0,0
20220328T,62496.0,62496.0,62496.0,62496.0,0
20220329T,60485.0,60485.0,60485.0,60485.0,0
20220330T,57409.0,57409.0,57409.0,57409.0,0
20220331T,8701.0,8701.0,8701.0,8701.0,0
20220401T,15284.0,15284.0,15284.0,15284.0,0
20220404T,18687.0,18687.0,18687.0,18687.0,0
20220405T,22389.0,22389.0,22389.0,22389.0,0
20220406T,25855.0,25855.0,25855.0,25855.0,0
20220407T,28789.0,28789.0,28789.0,28789.0,0
20220408T,30159.0,30159.0,30159.0,30159.0,0
20220411T,32575.0,32575.0,32575.0,32575.0,0
20220412T,35166.0,35166.0,35166.0,35166.0,0
20220413T,35256.0,35256.0,35256.0,35256.0,0
20220418T,34957.0,34957.0,34957.0,34957.0,0
20220419T,36053.0,36053.0,36053.0,36053.0,0
20220420T,37113.0,37113.0,37113.0,37113.0,0
20220421T,35832.0,35832.0,35832.0,35832.0,0
20220422T,38095.0,38095.0,38095.0,38095.0,0
20220425T,38867.0,38867.0,38867.0,38867.0,0
20220426T,37076.0,37076.0,37076.0,37076.0,0
20220427T,32055.0,32055.0,32055.0,32055.0,0
20220428T,8103.0,8103.0,8103.0,8103.0,0
20220429T,15177.0,15177.0,15177.0,15177.0,0
20220502T,17150.0,17150.0,17150.0,17150.0,0
20220504T,18505.0,18505.0,18505.0,18505.0,0
20220505T,19409.0,19409.0,19409.0,19409.0,0
20220506T,21844.0,21844.0,21844.0,21844.0,0
20220509T,23444.0,23444.0,23444.0,23444.0,0
20220510T,26360.0,26360.0,26360.0,26360.0,0
20220511T,28217.0,28217.0,28217.0,28217.0,0
20220512T,31454.0,31454.0,31454.0,31454.0,0
20220513T,33859.0,33859.0,33859.0,33859.0,0
20220516T,33428.0,33428.0,33428.0,33428.0,0
20220517T,31144.0,31144.0,31144.0,31144.0,0
20220518T,32652.0,32652.0,32652.0,32652.0,0
20220519T,34072.0,34072.0,34072.0,34072.0,0
20220520T,31199.0,31199.0,31199.0,31199.0,0
20220523T,33005.0,33005.0,33005.0,33005.0,0
20220524T,33300.0,33300.0,33300.0,33300.0,0
20220525T,31749.0,31749.0,31749.0,31749.0,0
20220526T,10050.0,10050.0,10050.0,10050.0,0
20220527T,15569.0,15569.0,15569.0,15569.0,0
20220530T,18201.0,18201.0,18201.0,18201.0,0
20220531T,21641.0,21641.0,21641.0,21641.0,0
20220601T,24517.0,24517.0,24517.0,24517.0,0
20220602T,26173.0,26173.0,26173.0,26173.0,0
20220603T,27908.0,27908.0,27908.0,27908.0,0
20220606T,28284.0,28284.0,28284.0,28284.0,0
20220607T,31402.0,31402.0,31402.0,31402.0,0
20220608T,31983.0,31983.0,31983.0,31983.0,0
20220609T,32697.0,32697.0,32697.0,32697.0,0
20220610T,37004.0,37004.0,37004.0,37004.0,0
20220613T,38040.0,38040.0,38040.0,38040.0,0
20220614T,38896.0,38896.0,38896.0,38896.0,0
20220615T,39738.0,39738.0,39738.0,39738.0,0
20220616T,40946.0,40946.0,40946.0,40946.0,0
20220617T,41419.0,41419.0,41419.0,41419.0,0
20220620T,41423.0,41423.0,41423.0,41423.0,0
20220621T,40776.0,40776.0,40776.0,40776.0,0
20220622T,43764.0,43764.0,43764.0,43764.0,0
20220623T,44844.0,44844.0,44844.0,44844.0,0
20220624T,43506.0,43506.0,43506.0,43506.0,0
20220627T,43069.0,43069.0,43069.0,43069.0,0
20220628T,41680.0,41680.0,41680.0,41680.0,0
20220629T,40301.0,40301.0,40301.0,40301.0,0
20220630T,10442.0,10442.0,10442.0,10442.0,0
20220701T,18616.0,18616.0,18616.0,18616.0,0
20220704T,20808.0,20808.0,20808.0,20808.0,0
20220705T,22157.0,22157.0,22157.0,22157.0,0
20220706T,22579.0,22579.0,22579.0,22579.0,0
20220707T,24265.0,24265.0,24265.0,24265.0,0
20220708T,29449.0,29449.0,29449.0,29449.0,0
20220711T,31270.0,31270.0,31270.0,31270.0,0
20220712T,34115.0,34115.0,34115.0,34115.0,0
20220713T,35732.0,35732.0,35732.0,35732.0,0
20220714T,36454.0,36454.0,36454.0,36454.0,0
20220715T,38382.0,38382.0,38382.0,38382.0,0
20220718T,36616.0,36616.0,36616.0,36616.0,0
20220719T,38212.0,38212.0,38212.0,38212.0,0
20220720T,36754.0,36754.0,36754.0,36754.0,0
20220721T,36909.0,36909.0,36909.0,36909.0,0
20220722T,36486.0,36486.0,36486.0,36486.0,0
20220725T,37228.0,37228.0,37228.0,37228.0,0
20220726T,36875.0,36875.0,36875.0,36875.0,0
20220727T,36234.0,36234.0,36234.0,36234.0,0
20220728T,8358.0,8358.0,8358.0,8358.0,0
20220729T,13767.0,13767.0,13767.0,13767.0,0
20220801T,15021.0,15021.0,15021.0,15021.0,0
20220802T,17281.0,17281.0,17281.0,17281.0,0
20220803T,18486.0,18486.0,18486.0,18486.0,0
20220804T,21538.0,21538.0,21538.0,21538.0,0
20220805T,23296.0,23296.0,23296.0,23296.0,0
20220808T,23991.0,23991.0,23991.0,23991.0,0
20220810T,28416.0,28416.0,28416.0,28416.0,0
20220811T,30076.0,30076.0,30076.0,30076.0,0
20220812T,30471.0,30471.0,30471.0,30471.0,0
20220816T,32138.0,32138.0,32138.0,32138.0,0
20220817T,34537.0,34537.0,34537.0,34537.0,0
20220818T,36030.0,36030.0,36030.0,36030.0,0
20220819T,41541.0,41541.0,41541.0,41541.0,0
20220822T,40669.0,40669.0,40669.0,40669.0,0
20220823T,37610.0,37610.0,37610.0,37610.0,0
20220824T,36078.0,36078.0,36078.0,36078.0,0
20220825T,8501.0,8501.0,8501.0,8501.0,0
20220826T,15413.0,15413.0,15413.0,15413.0,0
20220829T,19078.0,19078.0,19078.0,19078.0,0
20220830T,21229.0,21229.0,21229.0,21229.0,0
20220901T,24911.0,24911.0,24911.0,24911.0,0
20220902T,27232.0,27232.0,27232.0,27232.0,0
20220905T,27843.0,27843.0,27843.0,27843.0,0
20220906T,31795.0,31795.0,31795.0,31795.0,0
20220907T,36645.0,36645.0,36645.0,36645.0,0
20220908T,40341.0,40341.0,40341.0,40341.0,0
20220909T,41109.0,41109.0,41109.0,41109.0,0
20220912T,42383.0,42383.0,42383.0,42383.0,0
20220913T,43288.0,43288.0,43288.0,43288.0,0
20220914T,44730.0,44730.0,44730.0,44730.0,0
20220915T,48347.0,48347.0,48347.0,48347.0,0
20220916T,51448.0,51448.0,51448.0,51448.0,0
20220919T,51140.0,51140.0,51140.0,51140.0,0
20220920T,51230.0,51230.0,51230.0,51230.0,0
20220921T,52476.0,52476.0,52476.0,52476.0,0
20220922T,54438.0,54438.0,54438.0,54438.0,0
20220923T,55764.0,55764.0,55764.0,55764.0,0
20220926T,51125.0,51125.0,51125.0,51125.0,0
20220927T,45712.0,45712.0,45712.0,45712.0,0
20220928T,43591.0,43591.0,43591.0,43591.0,0
20220929T,10192.0,10192.0,10192.0,10192.0,0
20220930T,16685.0,16685.0,16685.0,16685.0,0
20221003T,20346.0,20346.0,20346.0,20346.0,0
20221004T,22739.0,22739.0,22739.0,22739.0,0
20221006T,22854.0,22854.0,22854.0,22854.0,0
20221007T,25759.0,25759.0,25759.0,25759.0,0
20221010T,29732.0,29732.0,29732.0,29732.0,0
20221011T,33952.0,33952.0,33952.0,33952.0,0
20221012T,34137.0,34137.0,34137.0,34137.0,0
20221013T,39146.0,39146.0,39146.0,39146.0,0
20221014T,42468.0,42468.0,42468.0,42468.0,0
20221017T,42595.0,42595.0,42595.0,42595.0,0
20221018T,44429.0,44429.0,44429.0,44429.0,0
20221019T,47860.0,47860.0,47860.0,47860.0,0
20221020T,48057.0,48057.0,48057.0,48057.0,0
20221021T,51776.0,51776.0,51776.0,51776.0,0
20221025T,43309.0,43309.0,43309.0,43309.0,0
20221027T,7208.0,7208.0,7208.0,7208.0,0
20221028T,17759.0,17759.0,17759.0,17759.0,0
20221031T,22054.0,22054.0,22054.0,22054.0,0
20221101T,24304.0,24304.0,24304.0,24304.0,0
20221102T,27576.0,27576.0,27576.0,27576.0,0
20221103T,29995.0,29995.0,29995.0,29995.0,0
20221104T,31674.0,31674.0,31674.0,31674.0,0
20221107T,33128.0,33128.0,33128.0,33128.0,0
20221109T,33704.0,33704.0,33704.0,33704.0,0
20221110T,36894.0,36894.0,36894.0,36894.0,0
20221111T,40846.0,40846.0,40846.0,40846.0,0
20221114T,40415.0,40415.0,40415.0,40415.0,0
20221115T,40097.0,40097.0,40097.0,40097.0,0
20221116T,41840.0,41840.0,41840.0,41840.0,0
20221117T,41785.0,41785.0,41785.0,41785.0,0
20221118T,42727.0,42727.0,42727.0,42727.0,0
20221121T,41898.0,41898.0,41898.0,41898.0,0
20221122T,38024.0,38024.0,38024.0,38024.0,0
20221123T,30729.0,30729.0,30729.0,30729.0,0
20221124T,5202.0,5202.0,5202.0,5202.0,0
20221125T,15896.0,15896.0,15896.0,15896.0,0
20221128T,19957.0,19957.0,19957.0,19957.0,0
20221129T,22351.0,22351.0,22351.0,22351.0,0
20221130T,24460.0,24460.0,24460.0,24460.0,0
20221201T,25511.0,25511.0,25511.0,25511.0,0
20221202T,27498.0,27498.0,27498.0,27498.0,0
20221205T,30149.0,30149.0,30149.0,30149.0,0
20221206T,31586.0,31586.0,31586.0,31586.0,0
20221207T,32295.0,32295.0,32295.0,32295.0,0
20221208T,32847.0,32847.0,32847.0,32847.0,0
20221209T,35590.0,35590.0,35590.0,35590.0,0
20221212T,35923.0,35923.0,35923.0,35923.0,0
20221213T,36700.0,36700.0,36700.0,36700.0,0
20221214T,36541.0,36541.0,36541.0,36541.0,0
20221215T,42407.0,42407.0,42407.0,42407.0,0
20221216T,42686.0,42686.0,42686.0,42686.0,0
20221219T,40714.0,40714.0,40714.0,40714.0,0
20221220T,41318.0,41318.0,41318.0,41318.0,0
20221221T,43979.0,43979.0,43979.0,43979.0,0
20221222T,40911.0,40911.0,40911.0,40911.0,0
20221223T,37942.0,37942.0,37942.0,37942.0,0
20221226T,32960.0,32960.0,32960.0,32960.0,0
20221227T,30008.0,30008.0,30008.0,30008.0,0
20221228T,26864.0,26864.0,26864.0,26864.0,0
20221229T,5435.0,5435.0,5435.0,5435.0,0
20221230T,13077.0,13077.0,13077.0,13077.0,0
20230102T,18268.0,18268.0,18268.0,18268.0,0
20230103T,21729.0,21729.0,21729.0,21729.0,0
20230104T,26765.0,26765.0,26765.0,26765.0,0
20230105T,28334.0,28334.0,28334.0,28334.0,0
20230106T,31394.0,31394.0,31394.0,31394.0,0
20230109T,34790.0,34790.0,34790.0,34790.0,0
20230110T,38939.0,38939.0,38939.0,38939.0,0
20230111T,39876.0,39876.0,39876.0,39876.0,0
20230112T,41732.0,41732.0,41732.0,41732.0,0
20230113T,41305.0,41305.0,41305.0,41305.0,0
20230116T,43180.0,43180.0,43180.0,43180.0,0
20230117T,42846.0,42846.0,42846.0,42846.0,0
20230118T,44500.0,44500.0,44500.0,44500.0,0
20230119T,46107.0,46107.0,46107.0,46107.0,0
20230120T,50436.0,50436.0,50436.0,50436.0,0
20230123T,48597.0,48597.0,48597.0,48597.0,0
20230124T,43163.0,43163.0,43163.0,43163.0,0
20230125T,13729.0,13729.0,13729.0,13729.0,0
20230127T,38594.0,38594.0,38594.0,38594.0,0
20230130T,50575.0,50575.0,50575.0,50575.0,0
20230131T,62592.0,62592.0,62592.0,62592.0,0
20230201T,67983.0,67983.0,67983.0,67983.0,0
20230202T,91201.0,91201.0,91201.0,91201.0,0
20230203T,98456.0,98456.0,98456.0,98456.0,0
20230206T,100616.0,100616.0,100616.0,100616.0,0
20230207T,81094.0,81094.0,81094.0,81094.0,0
20230208T,61081.0,61081.0,61081.0,61081.0,0
20230209T,58941.0,58941.0,58941.0,58941.0,0
20230210T,59717.0,59717.0,59717.0,59717.0,0
20230213T,60559.0,60559.0,60559.0,60559.0,0
20230214T,58432.0,58432.0,58432.0,58432.0,0
20230215T,57830.0,57830.0,57830.0,57830.0,0
20230216T,59701.0,59701.0,59701.0,59701.0,0
20230217T,56457.0,56457.0,56457.0,56457.0,0
20230220T,58045.0,58045.0,58045.0,58045.0,0
20230221T,54527.0,54527.0,54527.0,54527.0,0
20230222T,49193.0,49193.0,49193.0,49193.0,0
20230223T,8399.0,8399.0,8399.0,8399.0,0
20230224T,19725.0,19725.0,19725.0,19725.0,0
20230227T,22372.0,22372.0,22372.0,22372.0,0
20230228T,26607.0,26607.0,26607.0,26607.0,0
20230301T,25913.0,25913.0,25913.0,25913.0,0
20230302T,29254.0,29254.0,29254.0,29254.0,0
20230303T,26995.0,26995.0,26995.0,26995.0,0
20230306T,28885.0,28885.0,28885.0,28885.0,0
20230308T,30763.0,30763.0,30763.0,30763.0,0
20230309T,35942.0,35942.0,35942.0,35942.0,0
20230310T,38478.0,38478.0,38478.0,38478.0,0
20230313T,40469.0,40469.0,40469.0,40469.0,0
20230314T,43128.0,43128.0,43128.0,43128.0,0
20230315T,44085.0,44085.0,44085.0,44085.0,0
20230316T,45457.0,45457.0,45457.0,45457.0,0
20230317T,46021.0,46021.0,46021.0,46021.0,0
20230320T,48013.0,48013.0,48013.0,48013.0,0
20230321T,49290.0,49290.0,49290.0,49290.0,0
20230322T,51514.0,51514.0,51514.0,51514.0,0
20230323T,52292.0,52292.0,52292.0,52292.0,0
20230324T,52764.0,52764.0,52764.0,52764.0,0
20230327T,48203.0,48203.0,48203.0,48203.0,0
20230328T,41975.0,41975.0,41975.0,41975.0,0
20230329T,7514.0,7514.0,7514.0,7514.0,0
20230331T,21383.0,21383.0,21383.0,21383.0,0
20230403T,27585.0,27585.0,27585.0,27585.0,0
20230405T,30531.0,30531.0,30531.0,30531.0,0
20230406T,33164.0,33164.0,33164.0,33164.0,0
20230410T,37930.0,37930.0,37930.0,37930.0,0
20230411T,41664.0,41664.0,41664.0,41664.0,0
20230412T,44062.0,44062.0,44062.0,44062.0,0
20230413T,51603.0,51603.0,51603.0,51603.0,0
20230417T,54505.0,54505.0,54505.0,54505.0,0
20230418T,58949.0,58949.0,58949.0,58949.0,0
20230419T,61987.0,61987.0,61987.0,61987.0,0
20230420T,65410.0,65410.0,65410.0,65410.0,0
20230421T,66675.0,66675.0,66675.0,66675.0,0
20230424T,64780.0,64780.0,64780.0,64780.0,0
20230425T,65100.0,65100.0,65100.0,65100.0,0
20230426T,59948.0,59948.0,59948.0,59948.0,0
20230427T,9396.0,9396.0,9396.0,9396.0,0
20230428T,23861.0,23861.0,23861.0,23861.0,0
20230502T,28202.0,28202.0,28202.0,28202.0,0
20230503T,34111.0,34111.0,34111.0,34111.0,0
20230504T,35632.0,35632.0,35632.0,35632.0,0
20230505T,41654.0,41654.0,41654.0,41654.0,0
20230508T,42915.0,42915.0,42915.0,42915.0,0
20230509T,46965.0,46965.0,46965.0,46965.0,0
20230510T,51277.0,51277.0,51277.0,51277.0,0
20230511T,55965.0,55965.0,55965.0,55965.0,0
20230512T,57905.0,57905.0,57905.0,57905.0,0
20230515T,59885.0,59885.0,59885.0,59885.0,0
20230516T,62577.0,62577.0,62577.0,62577.0,0
20230517T,65422.0,65422.0,65422.0,65422.0,0
20230518T,67945.0,67945.0,67945.0,67945.0,0
20230519T,66303.0,66303.0,66303.0,66303.0,0
20230522T,68049.0,68049.0,68049.0,68049.0,0
20230523T,65301.0,65301.0,65301.0,65301.0,0
20230524T,57024.0,57024.0,57024.0,57024.0,0
20230525T,10384.0,10384.0,10384.0,10384.0,0
20230526T,28454.0,28454.0,28454.0,28454.0,0
20230529T,33804.0,33804.0,33804.0,33804.0,0
20230530T,37222.0,37222.0,37222.0,37222.0,0
20230531T,43188.0,43188.0,43188.0,43188.0,0
20230601T,46155.0,46155.0,46155.0,46155.0,0
20230602T,48218.0,48218.0,48218.0,48218.0,0
20230605T,50102.0,50102.0,50102.0,50102.0,0
20230606T,51397.0,51397.0,51397.0,51397.0,0
20230607T,53057.0,53057.0,53057.0,53057.0,0
20230608T,60115.0,60115.0,60115.0,60115.0,0
20230609T,61252.0,61252.0,61252.0,61252.0,0
20230612T,62624.0,62624.0,62624.0,62624.0,0
20230613T,63653.0,63653.0,63653.0,63653.0,0
20230614T,66664.0,66664.0,66664.0,66664.0,0
20230615T,69649.0,69649.0,69649.0,69649.0,0
20230616T,69377.0,69377.0,69377.0,69377.0,0
20230619T,73551.0,73551.0,73551.0,73551.0,0
20230620T,74164.0,74164.0,74164.0,74164.0,0
20230621T,74547.0,74547.0,74547.0,74547.0,0
20230622T,76934.0,76934.0,76934.0,76934.0,0
20230623T,79440.0,79440.0,79440.0,79440.0,0
20230626T,76517.0,76517.0,76517.0,76517.0,0
20230627T,58347.0,58347.0,58347.0,58347.0,0
20230628T,10550.0,10550.0,10550.0,10550.0,0
20230630T,27436.0,27436.0,27436.0,27436.0,0
20230703T,31877.0,31877.0,31877.0,31877.0,0
20230704T,34911.0,34911.0,34911.0,34911.0,0
20230705T,38900.0,38900.0,38900.0,38900.0,0
20230706T,40606.0,40606.0,40606.0,40606.0,0
20230707T,46995.0,46995.0,46995.0,46995.0,0
20230710T,51388.0,51388.0,51388.0,51388.0,0
20230711T,52334.0,52334.0,52334.0,52334.0,0
20230712T,57199.0,57199.0,57199.0,57199.0,0
20230713T,58700.0,58700.0,58700.0,58700.0,0
20230714T,59643.0,59643.0,59643.0,59643.0,0
20230717T,61598.0,61598.0,61598.0,61598.0,0
20230718T,65288.0,65288.0,65288.0,65288.0,0
20230719T,65667.0,65667.0,65667.0,65667.0,0
20230720T,68092.0,68092.0,68092.0,68092.0,0
20230721T,75375.0,75375.0,75375.0,75375.0,0
20230724T,77586.0,77586.0,77586.0,77586.0,0
20230725T,77014.0,77014.0,77014.0,77014.0,0
20230726T,66832.0,66832.0,66832.0,66832.0,0
20230727T,13272.0,13272.0,13272.0,13272.0,0
20230728T,29056.0,29056.0,29056.0,29056.0,0
20230731T,33971.0,33971.0,33971.0,33971.0,0
20230801T,37242.0,37242.0,37242.0,37242.0,0
20230802T,42102.0,42102.0,42102.0,42102.0,0
20230803T,47476.0,47476.0,47476.0,47476.0,0
20230804T,49590.0,49590.0,49590.0,49590.0,0
20230807T,50151.0,50151.0,50151.0,50151.0,0
20230808T,54069.0,54069.0,54069.0,54069.0,0
20230809T,55399.0,55399.0,55399.0,55399.0,0
20230810T,59074.0,59074.0,59074.0,59074.0,0
20230811T,62204.0,62204.0,62204.0,62204.0,0
20230814T,63592.0,63592.0,63592.0,63592.0,0
20230816T,63732.0,63732.0,63732.0,63732.0,0
20230817T,66338.0,66338.0,66338.0,66338.0,0
20230818T,67587.0,67587.0,67587.0,67587.0,0
20230821T,66202.0,66202.0,66202.0,66202.0,0
20230822T,66660.0,66660.0,66660.0,66660.0,0
20230823T,66897.0,66897.0,66897.0,66897.0,0
20230824T,70149.0,70149.0,70149.0,70149.0,0
20230825T,73285.0,73285.0,73285.0,73285.0,0
20230828T,72765.0,72765.0,72765.0,72765.0,0
20230829T,67570.0,67570.0,67570.0,67570.0,0
20230830T,60010.0,60010.0,60010.0,60010.0,0
20230831T,17407.0,17407.0,17407.0,17407.0,0
20230901T,30792.0,30792.0,30792.0,30792.0,0
20230904T,37142.0,37142.0,37142.0,37142.0,0
20230905T,44503.0,44503.0,44503.0,44503.0,0
20230906T,48981.0,48981.0,48981.0,48981.0,0
20230907T,52051.0,52051.0,52051.0,52051.0,0
20230908T,55642.0,55642.0,55642.0,55642.0,0
20230911T,58779.0,58779.0,58779.0,58779.0,0
20230912T,66107.0,66107.0,66107.0,66107.0,0
20230913T,70495.0,70495.0,70495.0,70495.0,0
20230914T,75021.0,75021.0,75021.0,75021.0,0
20230915T,79341.0,79341.0,79341.0,79341.0,0
20230918T,82738.0,82738.0,82738.0,82738.0,0
20230920T,84530.0,84530.0,84530.0,84530.0,0
20230921T,86364.0,86364.0,86364.0,86364.0,0
20230922T,85540.0,85540.0,85540.0,85540.0,0
20230925T,81315.0,81315.0,81315.0,81315.0,0
20230926T,79090.0,79090.0,79090.0,79090.0,0
20230927T,71114.0,71114.0,71114.0,71114.0,0
20230928T,12629.0,12629.0,12629.0,12629.0,0
20230929T,30078.0,30078.0,30078.0,30078.0,0
20231003T,34217.0,34217.0,34217.0,34217.0,0
20231004T,39036.0,39036.0,39036.0,39036.0,0
20231005T,41825.0,41825.0,41825.0,41825.0,0
20231006T,43173.0,43173.0,43173.0,43173.0,0
20231009T,47085.0,47085.0,47085.0,47085.0,0
20231010T,47350.0,47350.0,47350.0,47350.0,0
20231011T,49964.0,49964.0,49964.0,49964.0,0
20231012T,53170.0,53170.0,53170.0,53170.0,0
20231013T,56982.0,56982.0,56982.0,56982.0,0
20231016T,62065.0,62065.0,62065.0,62065.0,0
20231017T,63184.0,63184.0,63184.0,63184.0,0
20231018T,67385.0,67385.0,67385.0,67385.0,0
20231019T,68192.0,68192.0,68192.0,68192.0,0
20231020T,68382.0,68382.0,68382.0,68382.0,0
20231023T,60519.0,60519.0,60519.0,60519.0,0
20231025T,43949.0,43949.0,43949.0,43949.0,0
20231026T,9632.0,9632.0,9632.0,9632.0,0
20231027T,27189.0,27189.0,27189.0,27189.0,0
20231030T,32767.0,32767.0,32767.0,32767.0,0
20231031T,37063.0,37063.0,37063.0,37063.0,0
20231101T,44020.0,44020.0,44020.0,44020.0,0
20231102T,47349.0,47349.0,47349.0,47349.0,0
20231103T,50686.0,50686.0,50686.0,50686.0,0
20231106T,51858.0,51858.0,51858.0,51858.0,0
20231107T,55037.0,55037.0,55037.0,55037.0,0
20231108T,57911.0,57911.0,57911.0,57911.0,0
20231109T,60044.0,60044.0,60044.0,60044.0,0
20231110T,64290.0,64290.0,64290.0,64290.0,0
20231113T,69021.0,69021.0,69021.0,69021.0,0
20231115T,75019.0,75019.0,75019.0,75019.0,0
20231116T,76784.0,76784.0,76784.0,76784.0,0
20231117T,80067.0,80067.0,80067.0,80067.0,0
20231120T,80980.0,80980.0,80980.0,80980.0,0
20231121T,81991.0,81991.0,81991.0,81991.0,0
20231122T,82724.0,82724.0,82724.0,82724.0,0
20231123T,81897.0,81897.0,81897.0,81897.0,0
20231124T,81412.0,81412.0,81412.0,81412.0,0
20231128T,76927.0,76927.0,76927.0,76927.0,0
20231129T,68231.0,68231.0,68231.0,68231.0,0
20231130T,8860.0,8860.0,8860.0,8860.0,0
20231201T,33747.0,33747.0,33747.0,33747.0,0
20231204T,40747.0,40747.0,40747.0,40747.0,0
20231205T,45516.0,45516.0,45516.0,45516.0,0
20231206T,57084.0,57084.0,57084.0,57084.0,0
20231207T,63018.0,63018.0,63018.0,63018.0,0
20231208T,68193.0,68193.0,68193.0,68193.0,0
20231211T,72081.0,72081.0,72081.0,72081.0,0
20231212T,74125.0,74125.0,74125.0,74125.0,0
20231213T,82874.0,82874.0,82874.0,82874.0,0
20231214T,90519.0,90519.0,90519.0,90519.0,0
20231215T,99329.0,99329.0,99329.0,99329.0,0
20231218T,103945.0,103945.0,103945.0,103945.0,0
20231219T,104437.0,104437.0,104437.0,104437.0,0
20231220T,109902.0,109902.0,109902.0,109902.0,0
20231221T,108555.0,108555.0,108555.0,108555.0,0
20231222T,120258.0,120258.0,120258.0,120258.0,0
20231226T,108312.0,108312.0,108312.0,108312.0,0
20231227T,94338.0,94338.0,94338.0,94338.0,0
20231228T,9268.0,9268.0,9268.0,9268.0,0
20231229T,34436.0,34436.0,34436.0,34436.0,0
20240101T,38642.0,38642.0,38642.0,38642.0,0
20240102T,43511.0,43511.0,43511.0,43511.0,0
20240103T,49744.0,49744.0,49744.0,49744.0,0
20240104T,54242.0,54242.0,54242.0,54242.0,0
20240105T,60422.0,60422.0,60422.0,60422.0,0
20240108T,67873.0,67873.0,67873.0,67873.0,0
20240109T,73463.0,73463.0,73463.0,73463.0,0
20240110T,76747.0,76747.0,76747.0,76747.0,0
20240111T,90257.0,90257.0,90257.0,90257.0,0
20240112T,94872.0,94872.0,94872.0,94872.0,0
20240115T,101507.0,101507.0,101507.0,101507.0,0
20240116T,110444.0,110444.0,110444.0,110444.0,0
20240117T,120637.0,120637.0,120637.0,120637.0,0
20240118T,122594.0,122594.0,122594.0,122594.0,0
20240119T,124175.0,124175.0,124175.0,124175.0,0
20240123T,110578.0,110578.0,110578.0,110578.0,0
20240124T,90516.0,90516.0,90516.0,90516.0,0
20240125T,8390.0,8390.0,8390.0,8390.0,0
20240129T,37813.0,37813.0,37813.0,37813.0,0
20240130T,49467.0,49467.0,49467.0,49467.0,0
20240131T,54644.0,54644.0,54644.0,54644.0,0
20240201T,61290.0,61290.0,61290.0,61290.0,0
20240202T,66350.0,66350.0,66350.0,66350.0,0
20240205T,71828.0,71828.0,71828.0,71828.0,0
20240206T,76459.0,76459.0,76459.0,76459.0,0
20240207T,80100.0,80100.0,80100.0,80100.0,0
20240208T,86420.0,86420.0,86420.0,86420.0,0
20240209T,90845.0,90845.0,90845.0,90845.0,0
20240212T,96709.0,96709.0,96709.0,96709.0,0
20240213T,99683.0,99683.0,99683.0,99683.0,0
20240214T,105640.0,105640.0,105640.0,105640.0,0
20240215T,109097.0,109097.0,109097.0,109097.0,0
20240216T,118463.0,118463.0,118463.0,118463.0,0
20240219T,122243.0,122243.0,122243.0,122243.0,0
20240220T,124807.0,124807.0,124807.0,124807.0,0
20240221T,127771.0,127771.0,127771.0,127771.0,0
20240223T,135092.0,135092.0,135092.0,135092.0,0
20240226T,133344.0,133344.0,133344.0,133344.0,0
20240227T,117137.0,117137.0,117137.0,117137.0,0
20240228T,99897.0,99897.0,99897.0,99897.0,0
20240229T,9543.0,9543.0,9543.0,9543.0,0
20240301T,35200.0,35200.0,35200.0,35200.0,0
20240304T,41064.0,41064.0,41064.0,41064.0,0
20240305T,49692.0,49692.0,49692.0,49692.0,0
20240306T,67822.0,67822.0,67822.0,67822.0,0
20240307T,72165.0,72165.0,72165.0,72165.0,0
20240311T,77641.0,77641.0,77641.0,77641.0,0
20240312T,73272.0,73272.0,73272.0,73272.0,0
20240313T,74911.0,74911.0,74911.0,74911.0,0
20240314T,77606.0,77606.0,77606.0,77606.0,0
20240315T,81404.0,81404.0,81404.0,81404.0,0
20240318T,87751.0,87751.0,87751.0,87751.0,0
20240319T,98974.0,98974.0,98974.0,98974.0,0
20240320T,99071.0,99071.0,99071.0,99071.0,0
20240321T,96084.0,96084.0,96084.0,96084.0,0
20240322T,94614.0,94614.0,94614.0,94614.0,0
20240326T,86871.0,86871.0,86871.0,86871.0,0
20240327T,78941.0,78941.0,78941.0,78941.0,0
20240328T,16483.0,16483.0,16483.0,16483.0,0
20240401T,45847.0,45847.0,45847.0,45847.0,0
20240402T,54429.0,54429.0,54429.0,54429.0,0
20240403T,63411.0,63411.0,63411.0,63411.0,0
20240404T,68946.0,68946.0,68946.0,68946.0,0
20240405T,72975.0,72975.0,72975.0,72975.0,0
20240408T,77426.0,77426.0,77426.0,77426.0,0
20240409T,82907.0,82907.0,82907.0,82907.0,0
20240410T,87924.0,87924.0,87924.0,87924.0,0
20240412T,96068.0,96068.0,96068.0,96068.0,0
20240415T,100634.0,100634.0,100634.0,100634.0,0
20240416T,110013.0,110013.0,110013.0,110013.0,0
20240418T,118170.0,118170.0,118170.0,118170.0,0
20240419T,113074.0,113074.0,113074.0,113074.0,0
20240422T,110257.0,110257.0,110257.0,110257.0,0
20240423T,104805.0,104805.0,104805.0,104805.0,0
20240424T,95382.0,95382.0,95382.0,95382.0,0
20240425T,16457.0,16457.0,16457.0,16457.0,0
20240426T,53497.0,53497.0,53497.0,53497.0,0
20240429T,64317.0,64317.0,64317.0,64317.0,0
20240430T,70984.0,70984.0,70984.0,70984.0,0
20240502T,89218.0,89218.0,89218.0,89218.0,0
20240503T,107228.0,107228.0,107228.0,107228.0,0
20240506T,128479.0,128479.0,128479.0,128479.0,0
20240507T,141748.0,141748.0,141748.0,141748.0,0
20240508T,142747.0,142747.0,142747.0,142747.0,0
20240509T,139897.0,139897.0,139897.0,139897.0,0
20240510T,142845.0,142845.0,142845.0,142845.0,0
20240513T,146332.0,146332.0,146332.0,146332.0,0
20240514T,152075.0,152075.0,152075.0,152075.0,0
20240515T,151360.0,151360.0,151360.0,151360.0,0
20240516T,152746.0,152746.0,152746.0,152746.0,0
20240517T,157397.0,157397.0,157397.0,157397.0,0
20240521T,166775.0,166775.0,166775.0,166775.0,0
20240522T,177938.0,177938.0,177938.0,177938.0,0
20240523T,187490.0,187490.0,187490.0,187490.0,0
20240524T,198172.0,198172.0,198172.0,198172.0,0
20240527T,202291.0,202291.0,202291.0,202291.0,0
20240528T,200130.0,200130.0,200130.0,200130.0,0
20240529T,189057.0,189057.0,189057.0,189057.0,0
20240530T,31908.0,31908.0,31908.0,31908.0,0
20240531T,64356.0,64356.0,64356.0,64356.0,0
20240603T,86059.0,86059.0,86059.0,86059.0,0
20240604T,108027.0,108027.0,108027.0,108027.0,0
20240605T,116812.0,116812.0,116812.0,116812.0,0
20240606T,129979.0,129979.0,129979.0,129979.0,0
20240607T,138895.0,138895.0,138895.0,138895.0,0
20240610T,146233.0,146233.0,146233.0,146233.0,0
20240611T,150928.0,150928.0,150928.0,150928.0,0
20240612T,157159.0,157159.0,157159.0,157159.0,0
20240613T,161076.0,161076.0,161076.0,161076.0,0
20240614T,164598.0,164598.0,164598.0,164598.0,0
20240618T,167236.0,167236.0,167236.0,167236.0,0
20240619T,175995.0,175995.0,175995.0,175995.0,0
20240620T,186274.0,186274.0,186274.0,186274.0,0
20240621T,193360.0,193360.0,193360.0,193360.0,0
20240624T,189765.0,189765.0,189765.0,189765.0,0
20240625T,187628.0,187628.0,187628.0,187628.0,0
20240626T,179266.0,179266.0,179266.0,179266.0,0
20240627T,24695.0,24695.0,24695.0,24695.0,0
20240628T,56769.0,56769.0,56769.0,56769.0,0
20240701T,71222.0,71222.0,71222.0,71222.0,0
20240702T,86719.0,86719.0,86719.0,86719.0,0
20240703T,95463.0,95463.0,95463.0,95463.0,0
20240704T,105318.0,105318.0,105318.0,105318.0,0
20240705T,112902.0,112902.0,112902.0,112902.0,0
20240708T,122413.0,122413.0,122413.0,122413.0,0
20240709T,131961.0,131961.0,131961.0,131961.0,0
20240710T,140716.0,140716.0,140716.0,140716.0,0
20240711T,144618.0,144618.0,144618.0,144618.0,0
20240712T,152287.0,152287.0,152287.0,152287.0,0
20240715T,157356.0,157356.0,157356.0,157356.0,0
20240716T,165717.0,165717.0,165717.0,165717.0,0
20240718T,161579.0,161579.0,161579.0,161579.0,0
20240719T,170426.0,170426.0,170426.0,170426.0,0
20240722T,171535.0,171535.0,171535.0,171535.0,0
20240723T,165821.0,165821.0,165821.0,165821.0,0
20240724T,159351.0,159351.0,159351.0,159351.0,0
20240725T,31338.0,31338.0,31338.0,31338.0,0
20240726T,61232.0,61232.0,61232.0,61232.0,0
20240729T,73419.0,73419.0,73419.0,73419.0,0
20240730T,86491.0,86491.0,86491.0,86491.0,0
20240731T,94902.0,94902.0,94902.0,94902.0,0
20240801T,107187.0,107187.0,107187.0,107187.0,0
20240802T,118504.0,118504.0,118504.0,118504.0,0
20240805T,133470.0,133470.0,133470.0,133470.0,0
20240806T,136330.0,136330.0,136330.0,136330.0,0
20240807T,138641.0,138641.0,138641.0,138641.0,0
20240808T,146343.0,146343.0,146343.0,146343.0,0
20240809T,149078.0,149078.0,149078.0,149078.0,0
20240812T,155875.0,155875.0,155875.0,155875.0,0
20240813T,159643.0,159643.0,159643.0,159643.0,0
20240814T,163963.0,163963.0,163963.0,163963.0,0
20240816T,161719.0,161719.0,161719.0,161719.0,0
20240819T,163791.0,163791.0,163791.0,163791.0,0
20240820T,166258.0,166258.0,166258.0,166258.0,0
20240821T,173845.0,173845.0,173845.0,173845.0,0
20240822T,181866.0,181866.0,181866.0,181866.0,0
20240823T,189370.0,189370.0,189370.0,189370.0,0
20240826T,193510.0,193510.0,193510.0,193510.0,0
20240827T,187009.0,187009.0,187009.0,187009.0,0
20240828T,193265.0,193265.0,193265.0,193265.0,0
20240829T,37228.0,37228.0,37228.0,37228.0,0
20240830T,66671.0,66671.0,66671.0,66671.0,0
20240902T,78237.0,78237.0,78237.0,78237.0,0
20240903T,84290.0,84290.0,84290.0,84290.0,0
20240904T,90324.0,90324.0,90324.0,90324.0,0
20240905T,97466.0,97466.0,97466.0,97466.0,0
20240906T,106244.0,106244.0,106244.0,106244.0,0
20240909T,106703.0,106703.0,106703.0,106703.0,0
20240910T,105950.0,105950.0,105950.0,105950.0,0
20240911T,111143.0,111143.0,111143.0,111143.0,0
20240912T,107538.0,107538.0,107538.0,107538.0,0
20240913T,113968.0,113968.0,113968.0,113968.0,0
20240916T,121595.0,121595.0,121595.0,121595.0,0
20240917T,124570.0,124570.0,124570.0,124570.0,0
20240918T,128962.0,128962.0,128962.0,128962.0,0
20240919T,133315.0,133315.0,133315.0,133315.0,0
20240920T,131644.0,131644.0,131644.0,131644.0,0
20240923T,135694.0,135694.0,135694.0,135694.0,0
20240924T,137077.0,137077.0,137077.0,137077.0,0
20240925T,135755.0,135755.0,135755.0,135755.0,0
20240926T,35898.0,35898.0,35898.0,35898.0,0
20240927T,67330.0,67330.0,67330.0,67330.0,0
20240930T,92016.0,92016.0,92016.0,92016.0,0
20241001T,104230.0,104230.0,104230.0,104230.0,0
20241003T,128818.0,128818.0,128818.0,128818.0,0
20241004T,145309.0,145309.0,145309.0,145309.0,0
20241007T,159470.0,159470.0,159470.0,159470.0,0
20241008T,162299.0,162299.0,162299.0,162299.0,0
20241009T,169670.0,169670.0,169670.0,169670.0,0
20241010T,172310.0,172310.0,172310.0,172310.0,0
20241011T,167386.0,167386.0,167386.0,167386.0,0
20241014T,163815.0,163815.0,163815.0,163815.0,0
20241015T,168664.0,168664.0,168664.0,168664.0,0
20241016T,171811.0,171811.0,171811.0,171811.0,0
20241017T,185967.0,185967.0,185967.0,185967.0,0
20241018T,190351.0,190351.0,190351.0,190351.0,0
20241021T,205252.0,205252.0,205252.0,205252.0,0
20241022T,212275.0,212275.0,212275.0,212275.0,0
20241023T,218320.0,218320.0,218320.0,218320.0,0
20241024T,236122.0,236122.0,236122.0,236122.0,0
20241025T,243033.0,243033.0,243033.0,243033.0,0
20241028T,242892.0,242892.0,242892.0,242892.0,0
20241029T,245837.0,245837.0,245837.0,245837.0,0
20241030T,237497.0,237497.0,237497.0,237497.0,0
20241031T,40827.0,40827.0,40827.0,40827.0,0
20241104T,76035.0,76035.0,76035.0,76035.0,0
20241105T,95011.0,95011.0,95011.0,95011.0,0
20241106T,106796.0,106796.0,106796.0,106796.0,0
20241107T,130192.0,130192.0,130192.0,130192.0,0
20241108T,142554.0,142554.0,142554.0,142554.0,0
20241111T,148394.0,148394.0,148394.0,148394.0,0
20241112T,158571.0,158571.0,158571.0,158571.0,0
20241113T,163370.0,163370.0,163370.0,163370.0,0
20241114T,169771.0,169771.0,169771.0,169771.0,0
20241118T,180532.0,180532.0,180532.0,180532.0,0
20241119T,194923.0,194923.0,194923.0,194923.0,0
20241121T,207777.0,207777.0,207777.0,207777.0,0
20241122T,221549.0,221549.0,221549.0,221549.0,0
20241125T,219709.0,219709.0,219709.0,219709.0,0
20241126T,218448.0,218448.0,218448.0,218448.0,0
20241127T,217701.0,217701.0,217701.0,217701.0,0
20241128T,48443.0,48443.0,48443.0,48443.0,0
20241129T,96722.0,96722.0,96722.0,96722.0,0
20241202T,117313.0,117313.0,117313.0,117313.0,0
20241203T,126560.0,126560.0,126560.0,126560.0,0
20241204T,144332.0,144332.0,144332.0,144332.0,0
20241205T,163558.0,163558.0,163558.0,163558.0,0
20241206T,174142.0,174142.0,174142.0,174142.0,0
20241209T,181104.0,181104.0,181104.0,181104.0,0
20241210T,184751.0,184751.0,184751.0,184751.0,0
20241211T,188661.0,188661.0,188661.0,188661.0,0
20241212T,196250.0,196250.0,196250.0,196250.0,0
20241213T,207259.0,207259.0,207259.0,207259.0,0
20241216T,216641.0,216641.0,216641.0,216641.0,0
20241217T,226464.0,226464.0,226464.0,226464.0,0
20241218T,237546.0,237546.0,237546.0,237546.0,0
20241219T,243149.0,243149.0,243149.0,243149.0,0
20241220T,248857.0,248857.0,248857.0,248857.0,0
20241223T,260214.0,260214.0,260214.0,260214.0,0
20241224T,263929.0,263929.0,263929.0,263929.0,0
20241226T,58069.0,58069.0,58069.0,58069.0,0
20241227T,133525.0,133525.0,133525.0,133525.0,0
20241230T,180731.0,180731.0,180731.0,180731.0,0
20241231T,207896.0,207896.0,207896.0,207896.0,0
20250101T,231330.0,231330.0,231330.0,231330.0,0
20250102T,251652.0,251652.0,251652.0,251652.0,0
20250103T,277965.0,277965.0,277965.0,277965.0,0
20250106T,306480.0,306480.0,306480.0,306480.0,0
20250107T,327211.0,327211.0,327211.0,327211.0,0
20250108T,315478.0,315478.0,315478.0,315478.0,0
20250109T,321795.0,321795.0,321795.0,321795.0,0
20250110T,340000.0,340000.0,340000.0,340000.0,0
20250113T,346398.0,346398.0,346398.0,346398.0,0
20250114T,366653.0,366653.0,366653.0,366653.0,0
20250115T,372881.0,372881.0,372881.0,372881.0,0
20250116T,385472.0,385472.0,385472.0,385472.0,0
20250117T,398254.0,398254.0,398254.0,398254.0,0
20250120T,408424.0,408424.0,408424.0,408424.0,0
20250121T,418408.0,418408.0,418408.0,418408.0,0
20250122T,426501.0,426501.0,426501.0,426501.0,0
20250123T,433521.0,433521.0,433521.0,433521.0,0
20250124T,443274.0,443274.0,443274.0,443274.0,0
20250127T,453888.0,453888.0,453888.0,453888.0,0
20250128T,468731.0,468731.0,468731.0,468731.0,0
20250129T,502973.0,502973.0,502973.0,502973.0,0
20250130T,87944.0,87944.0,87944.0,87944.0,0
20250131T,133517.0,133517.0,133517.0,133517.0,0
20250203T,170299.0,170299.0,170299.0,170299.0,0
20250204T,186156.0,186156.0,186156.0,186156.0,0
20250205T,206327.0,206327.0,206327.0,206327.0,0
20250206T,227087.0,227087.0,227087.0,227087.0,0
20250207T,232486.0,232486.0,232486.0,232486.0,0
20250210T,241937.0,241937.0,241937.0,241937.0,0
20250211T,252156.0,252156.0,252156.0,252156.0,0
20250212T,267069.0,267069.0,267069.0,267069.0,0
20250213T,266925.0,266925.0,266925.0,266925.0,0
20250214T,266795.0,266795.0,266795.0,266795.0,0
20250217T,280946.0,280946.0,280946.0,280946.0,0
20250218T,294463.0,294463.0,294463.0,294463.0,0
20250219T,314962.0,314962.0,314962.0,314962.0,0
20250220T,327133.0,327133.0,327133.0,327133.0,0
20250221T,351899.0,351899.0,351899.0,351899.0,0
20250224T,358175.0,358175.0,358175.0,358175.0,0
20250225T,349139.0,349139.0,349139.0,349139.0,0
20250227T,103835.0,103835.0,103835.0,103835.0,0
20250228T,150789.0,150789.0,150789.0,150789.0,0
20250303T,162861.0,162861.0,162861.0,162861.0,0
20250304T,173907.0,173907.0,173907.0,173907.0,0
20250305T,180598.0,180598.0,180598.0,180598.0,0
20250306T,194858.0,194858.0,194858.0,194858.0,0
20250307T,212159.0,212159.0,212159.0,212159.0,0
20250310T,231593.0,231593.0,231593.0,231593.0,0
20250311T,252237.0,252237.0,252237.0,252237.0,0
20250312T,263066.0,263066.0,263066.0,263066.0,0
20250313T,272321.0,272321.0,272321.0,272321.0,0
20250317T,275908.0,275908.0,275908.0,275908.0,0
20250318T,275220.0,275220.0,275220.0,275220.0,0
20250319T,290947.0,290947.0,290947.0,290947.0,0
20250320T,302405.0,302405.0,302405.0,302405.0,0
20250321T,316531.0,316531.0,316531.0,316531.0,0
20250324T,336931.0,336931.0,336931.0,336931.0,0
20250325T,362875.0,362875.0,362875.0,362875.0,0
20250326T,345267.0,345267.0,345267.0,345267.0,0
20250327T,68149.0,68149.0,68149.0,68149.0,0
20250328T,110521.0,110521.0,110521.0,110521.0,0
20250401T,133228.0,133228.0,133228.0,133228.0,0
20250402T,148973.0,148973.0,148973.0,148973.0,0
20250403T,173097.0,173097.0,173097.0,173097.0,0
20250404T,201052.0,201052.0,201052.0,201052.0,0
20250407T,269003.0,269003.0,269003.0,269003.0,0
20250408T,278628.0,278628.0,278628.0,278628.0,0
20250409T,283584.0,283584.0,283584.0,283584.0,0
20250411T,300570.0,300570.0,300570.0,300570.0,0
20250415T,296997.0,296997.0,296997.0,296997.0,0
20250416T,312526.0,312526.0,312526.0,312526.0,0
20250417T,336947.0,336947.0,336947.0,336947.0,0
20250421T,357741.0,357741.0,357741.0,357741.0,0
20250422T,374968.0,374968.0,374968.0,374968.0,0
20250423T,368238.0,368238.0,368238.0,368238.0,0
20250424T,98829.0,98829.0,98829.0,98829.0,0
20250425T,148154.0,148154.0,148154.0,148154.0,0
20250428T,165200.0,165200.0,165200.0,165200.0,0
20250429T,172321.0,172321.0,172321.0,172321.0,0
20250430T,177058.0,177058.0,177058.0,177058.0,0
20250502T,183852.0,183852.0,183852.0,183852.0,0
20250505T,200809.0,200809.0,200809.0,200809.0,0
20250506T,205756.0,205756.0,205756.0,205756.0,0
20250507T,223215.0,223215.0,223215.0,223215.0,0
20250508T,237870.0,237870.0,237870.0,237870.0,0
20250509T,260748.0,260748.0,260748.0,260748.0,0
20250512T,271517.0,271517.0,271517.0,271517.0,0
20250513T,284867.0,284867.0,284867.0,284867.0,0
20250514T,286984.0,286984.0,286984.0,286984.0,0
20250515T,287251.0,287251.0,287251.0,287251.0,0
20250516T,292169.0,292169.0,292169.0,292169.0,0
20250519T,301206.0,301206.0,301206.0,301206.0,0
20250520T,317406.0,317406.0,317406.0,317406.0,0
20250521T,322278.0,322278.0,322278.0,322278.0,0
20250522T,336226.0,336226.0,336226.0,336226.0,0
20250523T,347265.0,347265.0,347265.0,347265.0,0
20250526T,384299.0,384299.0,384299.0,384299.0,0
20250527T,407982.0,407982.0,407982.0,407982.0,0
20250528T,386491.0,386491.0,386491.0,386491.0,0
20250529T,71327.0,71327.0,71327.0,71327.0,0
20250530T,95462.0,95462.0,95462.0,95462.0,0
20250602T,113911.0,113911.0,113911.0,113911.0,0
20250603T,133662.0,133662.0,133662.0,133662.0,0
20250604T,135910.0,135910.0,135910.0,135910.0,0
20250605T,148078.0,148078.0,148078.0,148078.0,0
20250606T,160224.0,160224.0,160224.0,160224.0,0
20250609T,167213.0,167213.0,167213.0,167213.0,0
20250610T,171737.0,171737.0,171737.0,171737.0,0
20250611T,180341.0,180341.0,180341.0,180341.0,0
20250612T,192673.0,192673.0,192673.0,192673.0,0
20250613T,199487.0,199487.0,199487.0,199487.0,0
20250616T,201377.0,201377.0,201377.0,201377.0,0
20250617T,207891.0,207891.0,207891.0,207891.0,0
20250618T,214616.0,214616.0,214616.0,214616.0,0
20250619T,225425.0,225425.0,225425.0,225425.0,0
20250620T,235747.0,235747.0,235747.0,235747.0,0
20250623T,249016.0,249016.0,249016.0,249016.0,0
20250624T,261712.0,261712.0,261712.0,261712.0,0
20250625T,247622.0,247622.0,247622.0,247622.0,0
20250626T,67671.0,67671.0,67671.0,67671.0,0
20250627T,91864.0,91864.0,91864.0,91864.0,0
20250630T,110027.0,110027.0,110027.0,110027.0,0
20250701T,122266.0,122266.0,122266.0,122266.0,0
20250702T,135636.0,135636.0,135636.0,135636.0,0
20250703T,151101.0,151101.0,151101.0,151101.0,0
20250704T,154536.0,154536.0,154536.0,154536.0,0
20250707T,156750.0,156750.0,156750.0,156750.0,0
20250708T,159181.0,159181.0,159181.0,159181.0,0
20250709T,172657.0,172657.0,172657.0,172657.0,0
20250710T,170133.0,170133.0,170133.0,170133.0,0
20250711T,173111.0,173111.0,173111.0,173111.0,0
20250714T,174124.0,174124.0,174124.0,174124.0,0
20250715T,173748.0,173748.0,173748.0,173748.0,0
20250716T,174952.0,174952.0,174952.0,174952.0,0
20250717T,176573.0,176573.0,176573.0,176573.0,0
20250718T,188746.0,188746.0,188746.0,188746.0,0
20250721T,188378.0,188378.0,188378.0,188378.0,0
20250722T,194032.0,194032.0,194032.0,194032.0,0
20250723T,195454.0,195454.0,195454.0,195454.0,0
20250724T,197657.0,197657.0,197657.0,197657.0,0
20250725T,201355.0,201355.0,201355.0,201355.0,0
20250728T,194216.0,194216.0,194216.0,194216.0,0
20250729T,185616.0,185616.0,185616.0,185616.0,0
20250730T,168862.0,168862.0,168862.0,168862.0,0
20250731T,34665.0,34665.0,34665.0,34665.0,0
20250801T,48180.0,48180.0,48180.0,48180.0,0
20250804T,56756.0,56756.0,56756.0,56756.0,0
20250805T,66382.0,66382.0,66382.0,66382.0,0
20250806T,70798.0,70798.0,70798.0,70798.0,0
20250807T,75643.0,75643.0,75643.0,75643.0,0
20250808T,86148.0,86148.0,86148.0,86148.0,0
20250811T,91882.0,91882.0,91882.0,91882.0,0
20250812T,98228.0,98228.0,98228.0,98228.0,0
20250813T,105040.0,105040.0,105040.0,105040.0,0
20250814T,113474.0,113474.0,113474.0,113474.0,0
20250818T,118500.0,118500.0,118500.0,118500.0,0
20250819T,121137.0,121137.0,121137.0,121137.0,0
20250820T,125722.0,125722.0,125722.0,125722.0,0
20250821T,131079.0,131079.0,131079.0,131079.0,0
20250822T,134738.0,134738.0,134738.0,134738.0,0
20250825T,129348.0,129348.0,129348.0,129348.0,0
20250826T,121425.0,121425.0,121425.0,121425.0,0
20250828T,46159.0,46159.0,46159.0,46159.0,0
20250829T,62511.0,62511.0,62511.0,62511.0,0
20250901T,70508.0,70508.0,70508.0,70508.0,0
20250902T,81501.0,81501.0,81501.0,81501.0,0
20250903T,87769.0,87769.0,87769.0,87769.0,0
20250904T,90673.0,90673.0,90673.0,90673.0,0
20250905T,93806.0,93806.0,93806.0,93806.0,0
20250908T,98675.0,98675.0,98675.0,98675.0,0
20250909T,101037.0,101037.0,101037.0,101037.0,0
20250910T,105513.0,105513.0,105513.0,105513.0,0
20250911T,107961.0,107961.0,107961.0,107961.0,0
20250912T,111769.0,111769.0,111769.0,111769.0,0
20250915T,113338.0,113338.0,113338.0,113338.0,0
20250916T,114255.0,114255.0,114255.0,114255.0,0
20250917T,122759.0,122759.0,122759.0,122759.0,0
20250918T,127524.0,127524.0,127524.0,127524.0,0
20250919T,127039.0,127039.0,127039.0,127039.0,0
20250922T,127312.0,127312.0,127312.0,127312.0,0
20250923T,126524.0,126524.0,126524.0,126524.0,0
20250924T,132671.0,132671.0,132671.0,132671.0,0
20250925T,139531.0,139531.0,139531.0,139531.0,0
20250926T,143871.0,143871.0,143871.0,143871.0,0
20250929T,112209.0,112209.0,112209.0,112209.0,0
20250930T,45799.0,45799.0,45799.0,45799.0,0
20251001T,58891.0,58891.0,58891.0,58891.0,0
20251003T,73532.0,73532.0,73532.0,73532.0,0
20251006T,85338.0,85338.0,85338.0,85338.0,0
20251007T,91984.0,91984.0,91984.0,91984.0,0
20251008T,101582.0,101582.0,101582.0,101582.0,0
20251009T,106260.0,106260.0,106260.0,106260.0,0
20251010T,108234.0,108234.0,108234.0,108234.0,0
20251013T,109605.0,109605.0,109605.0,109605.0,0
20251014T,115126.0,115126.0,115126.0,115126.0,0
20251015T,120991.0,120991.0,120991.0,120991.0,0
20251016T,124507.0,124507.0,124507.0,124507.0,0
20251017T,134792.0,134792.0,134792.0,134792.0,0
20251020T,141104.0,141104.0,141104.0,141104.0,0
20251023T,147930.0,147930.0,147930.0,147930.0,0
20251024T,143007.0,143007.0,143007.0,143007.0,0
20251027T,128951.0,128951.0,128951.0,128951.0,0
20251028T,38563.0,38563.0,38563.0,38563.0,0
20251029T,59812.0,59812.0,59812.0,59812.0,0
20251030T,75221.0,75221.0,75221.0,75221.0,0
20251031T,92660.0,92660.0,92660.0,92660.0,0
20251103T,103571.0,103571.0,103571.0,103571.0,0
20251104T,118364.0,118364.0,118364.0,118364.0,0
20251106T,133868.0,133868.0,133868.0,133868.0,0
20251107T,139763.0,139763.0,139763.0,139763.0,0
20251110T,140367.0,140367.0,140367.0,140367.0,0
20251111T,146612.0,146612.0,146612.0,146612.0,0
20251112T,139604.0,139604.0,139604.0,139604.0,0
20251113T,146407.0,146407.0,146407.0,146407.0,0
20251114T,150914.0,150914.0,150914.0,150914.0,0
20251117T,154233.0,154233.0,154233.0,154233.0,0
20251118T,160303.0,160303.0,160303.0,160303.0,0
20251119T,157246.0,157246.0,157246.0,157246.0,0
20251120T,150602.0,150602.0,150602.0,150602.0,0
20251121T,146850.0,146850.0,146850.0,146850.0,0
20251124T,101964.0,101964.0,101964.0,101964.0,0
20251125T,31437.0,31437.0,31437.0,31437.0,0
20251126T,45118.0,45118.0,45118.0,45118.0,0
20251127T,54498.0,54498.0,54498.0,54498.0,0
20251128T,62057.0,62057.0,62057.0,62057.0,0
20251201T,72135.0,72135.0,72135.0,72135.0,0
20251202T,79659.0,79659.0,79659.0,79659.0,0
20251203T,89565.0,89565.0,89565.0,89565.0,0
20251204T,91114.0,91114.0,91114.0,91114.0,0
20251205T,91544.0,91544.0,91544.0,91544.0,0
20251208T,104104.0,104104.0,104104.0,104104.0,0
20251209T,107479.0,107479.0,107479.0,107479.0,0
20251210T,110709.0,110709.0,110709.0,110709.0,0
20251211T,111935.0,111935.0,111935.0,111935.0,0
20251212T,116141.0,116141.0,116141.0,116141.0,0
20251215T,120619.0,120619.0,120619.0,120619.0,0
20251216T,123957.0,123957.0,123957.0,123957.0,0
20251217T,134950.0,134950.0,134950.0,134950.0,0
20251218T,139193.0,139193.0,139193.0,139193.0,0
20251219T,137772.0,137772.0,137772.0,137772.0,0
20251222T,149226.0,149226.0,149226.0,149226.0,0
20251223T,159174.0,159174.0,159174.0,159174.0,0
20251224T,148205.0,148205.0,148205.0,148205.0,0
20251226T,141804.0,141804.0,141804.0,141804.0,0
20251229T,118330.0,118330.0,118330.0,118330.0,0
20251230T,46480.0,46480.0,46480.0,46480.0,0
20251231T,65451.0,65451.0,65451.0,65451.0,0
20260101T,73953.0,73953.0,73953.0,73953.0,0
20260102T,81809.0,81809.0,81809.0,81809.0,0
20260105T,96644.0,96644.0,96644.0,96644.0,0
20260106T,111985.0,111985.0,111985.0,111985.0,0
20260107T,124408.0,124408.0,124408.0,124408.0,0
20260108T,145578.0,145578.0,145578.0,145578.0,0
20260109T,153773.0,153773.0,153773.0,153773.0,0
20260112T,160839.0,160839.0,160839.0,160839.0,0
20260113T,175132.0,175132.0,175132.0,175132.0,0
20260114T,193963.0,193963.0,193963.0,193963.0,0
20260116T,208238.0,208238.0,208238.0,208238.0,0
20260119T,218729.0,218729.0,218729.0,218729.0,0
20260120T,237548.0,237548.0,237548.0,237548.0,0
20260121T,236226.0,236226.0,236226.0,236226.0,0
20260122T,209336.0,209336.0,209336.0,209336.0,0
20260123T,193252.0,193252.0,193252.0,193252.0,0
20260127T,55226.0,55226.0,55226.0,55226.0,0
20260128T,74586.0,74586.0,74586.0,74586.0,0
20260129T,90890.0,90890.0,90890.0,90890.0,0
20260130T,111605.0,111605.0,111605.0,111605.0,0
20260201T,123080.0,123080.0,123080.0,123080.0,0
20260202T,127839.0,127839.0,127839.0,127839.0,0
