20120106T,505897.0,505897.0,505897.0,505897.0,0
20120109T,521849.0,521849.0,521849.0,521849.0,0
20120110T,531665.0,531665.0,531665.0,531665.0,0
20120111T,541223.0,541223.0,541223.0,541223.0,0
20120112T,562440.0,562440.0,562440.0,562440.0,0
20120113T,566797.0,566797.0,566797.0,566797.0,0
20120116T,571461.0,571461.0,571461.0,571461.0,0
20120117T,598247.0,598247.0,598247.0,598247.0,0
20120118T,618997.0,618997.0,618997.0,618997.0,0
20120119T,629974.0,629974.0,629974.0,629974.0,0
20120120T,662604.0,662604.0,662604.0,662604.0,0
20120123T,686693.0,686693.0,686693.0,686693.0,0
20120124T,706081.0,706081.0,706081.0,706081.0,0
20120125T,419322.0,419322.0,419322.0,419322.0,0
20120127T,443923.0,443923.0,443923.0,443923.0,0
20120130T,483690.0,483690.0,483690.0,483690.0,0
20120131T,494705.0,494705.0,494705.0,494705.0,0
20120201T,514354.0,514354.0,514354.0,514354.0,0
20120202T,531741.0,531741.0,531741.0,531741.0,0
20120203T,527435.0,527435.0,527435.0,527435.0,0
20120206T,544556.0,544556.0,544556.0,544556.0,0
20120207T,561446.0,561446.0,561446.0,561446.0,0
20120208T,578404.0,578404.0,578404.0,578404.0,0
20120209T,585737.0,585737.0,585737.0,585737.0,0
20120210T,625069.0,625069.0,625069.0,625069.0,0
20120213T,626079.0,626079.0,626079.0,626079.0,0
20120214T,623218.0,623218.0,623218.0,623218.0,0
20120215T,630915.0,630915.0,630915.0,630915.0,0
20120216T,703799.0,703799.0,703799.0,703799.0,0
20120217T,757022.0,757022.0,757022.0,757022.0,0
20120221T,772535.0,772535.0,772535.0,772535.0,0
20120222T,822296.0,822296.0,822296.0,822296.0,0
20120223T,578049.0,578049.0,578049.0,578049.0,0
20120224T,631061.0,631061.0,631061.0,631061.0,0
20120227T,694737.0,694737.0,694737.0,694737.0,0
20120228T,707010.0,707010.0,707010.0,707010.0,0
20120229T,729105.0,729105.0,729105.0,729105.0,0
20120301T,737035.0,737035.0,737035.0,737035.0,0
20120302T,736097.0,736097.0,736097.0,736097.0,0
20120305T,762482.0,762482.0,762482.0,762482.0,0
20120306T,763205.0,763205.0,763205.0,763205.0,0
20120307T,777276.0,777276.0,777276.0,777276.0,0
20120309T,775735.0,775735.0,775735.0,775735.0,0
20120312T,754007.0,754007.0,754007.0,754007.0,0
20120313T,753836.0,753836.0,753836.0,753836.0,0
20120314T,800102.0,800102.0,800102.0,800102.0,0
20120315T,812511.0,812511.0,812511.0,812511.0,0
20120316T,814180.0,814180.0,814180.0,814180.0,0
20120319T,835524.0,835524.0,835524.0,835524.0,0
20120320T,838156.0,838156.0,838156.0,838156.0,0
20120321T,840856.0,840856.0,840856.0,840856.0,0
20120322T,874019.0,874019.0,874019.0,874019.0,0
20120323T,969521.0,969521.0,969521.0,969521.0,0
20120326T,1023210.0,1023210.0,1023210.0,1023210.0,0
20120327T,988550.0,988550.0,988550.0,988550.0,0
20120328T,976395.0,976395.0,976395.0,976395.0,0
20120329T,521972.0,521972.0,521972.0,521972.0,0
20120330T,496136.0,496136.0,496136.0,496136.0,0
20120402T,522706.0,522706.0,522706.0,522706.0,0
20120403T,525356.0,525356.0,525356.0,525356.0,0
20120404T,552921.0,552921.0,552921.0,552921.0,0
20120409T,589670.0,589670.0,589670.0,589670.0,0
20120410T,608779.0,608779.0,608779.0,608779.0,0
20120411T,641551.0,641551.0,641551.0,641551.0,0
20120412T,648361.0,648361.0,648361.0,648361.0,0
20120413T,681621.0,681621.0,681621.0,681621.0,0
20120416T,681182.0,681182.0,681182.0,681182.0,0
20120417T,656277.0,656277.0,656277.0,656277.0,0
20120418T,678184.0,678184.0,678184.0,678184.0,0
20120419T,679332.0,679332.0,679332.0,679332.0,0
20120420T,705950.0,705950.0,705950.0,705950.0,0
20120423T,738274.0,738274.0,738274.0,738274.0,0
20120424T,738531.0,738531.0,738531.0,738531.0,0
20120425T,735216.0,735216.0,735216.0,735216.0,0
20120426T,403992.0,403992.0,403992.0,403992.0,0
20120427T,425955.0,425955.0,425955.0,425955.0,0
20120430T,439342.0,439342.0,439342.0,439342.0,0
20120502T,454222.0,454222.0,454222.0,454222.0,0
20120503T,494827.0,494827.0,494827.0,494827.0,0
20120504T,550808.0,550808.0,550808.0,550808.0,0
20120507T,603015.0,603015.0,603015.0,603015.0,0
20120508T,655936.0,655936.0,655936.0,655936.0,0
20120509T,709674.0,709674.0,709674.0,709674.0,0
20120510T,714754.0,714754.0,714754.0,714754.0,0
20120511T,766128.0,766128.0,766128.0,766128.0,0
20120514T,772607.0,772607.0,772607.0,772607.0,0
20120515T,775879.0,775879.0,775879.0,775879.0,0
20120516T,852569.0,852569.0,852569.0,852569.0,0
20120517T,862890.0,862890.0,862890.0,862890.0,0
20120518T,859902.0,859902.0,859902.0,859902.0,0
20120521T,865911.0,865911.0,865911.0,865911.0,0
20120522T,886285.0,886285.0,886285.0,886285.0,0
20120523T,935011.0,935011.0,935011.0,935011.0,0
20120524T,892443.0,892443.0,892443.0,892443.0,0
20120525T,896439.0,896439.0,896439.0,896439.0,0
20120528T,874463.0,874463.0,874463.0,874463.0,0
20120529T,879812.0,879812.0,879812.0,879812.0,0
20120530T,922426.0,922426.0,922426.0,922426.0,0
20120531T,634922.0,634922.0,634922.0,634922.0,0
20120601T,733329.0,733329.0,733329.0,733329.0,0
20120604T,746086.0,746086.0,746086.0,746086.0,0
20120605T,758659.0,758659.0,758659.0,758659.0,0
20120606T,738109.0,738109.0,738109.0,738109.0,0
20120607T,732524.0,732524.0,732524.0,732524.0,0
20120608T,754550.0,754550.0,754550.0,754550.0,0
20120611T,778194.0,778194.0,778194.0,778194.0,0
20120612T,801811.0,801811.0,801811.0,801811.0,0
20120613T,809653.0,809653.0,809653.0,809653.0,0
20120614T,844939.0,844939.0,844939.0,844939.0,0
20120615T,857987.0,857987.0,857987.0,857987.0,0
20120618T,873411.0,873411.0,873411.0,873411.0,0
20120619T,874907.0,874907.0,874907.0,874907.0,0
20120620T,888250.0,888250.0,888250.0,888250.0,0
20120621T,903912.0,903912.0,903912.0,903912.0,0
20120622T,953036.0,953036.0,953036.0,953036.0,0
20120625T,977365.0,977365.0,977365.0,977365.0,0
20120626T,1016632.0,1016632.0,1016632.0,1016632.0,0
20120627T,1046496.0,1046496.0,1046496.0,1046496.0,0
20120628T,487501.0,487501.0,487501.0,487501.0,0
20120629T,532155.0,532155.0,532155.0,532155.0,0
20120702T,544075.0,544075.0,544075.0,544075.0,0
20120703T,558653.0,558653.0,558653.0,558653.0,0
20120704T,569664.0,569664.0,569664.0,569664.0,0
20120705T,583872.0,583872.0,583872.0,583872.0,0
20120706T,607008.0,607008.0,607008.0,607008.0,0
20120709T,642933.0,642933.0,642933.0,642933.0,0
20120710T,670764.0,670764.0,670764.0,670764.0,0
20120711T,680780.0,680780.0,680780.0,680780.0,0
20120712T,744300.0,744300.0,744300.0,744300.0,0
20120713T,749438.0,749438.0,749438.0,749438.0,0
20120716T,741016.0,741016.0,741016.0,741016.0,0
20120717T,733460.0,733460.0,733460.0,733460.0,0
20120718T,737893.0,737893.0,737893.0,737893.0,0
20120719T,735137.0,735137.0,735137.0,735137.0,0
20120720T,744674.0,744674.0,744674.0,744674.0,0
20120723T,836853.0,836853.0,836853.0,836853.0,0
20120724T,832228.0,832228.0,832228.0,832228.0,0
20120725T,841634.0,841634.0,841634.0,841634.0,0
20120726T,495349.0,495349.0,495349.0,495349.0,0
20120727T,509068.0,509068.0,509068.0,509068.0,0
20120730T,514757.0,514757.0,514757.0,514757.0,0
20120731T,528031.0,528031.0,528031.0,528031.0,0
20120801T,536864.0,536864.0,536864.0,536864.0,0
20120802T,578812.0,578812.0,578812.0,578812.0,0
20120803T,599232.0,599232.0,599232.0,599232.0,0
20120806T,596254.0,596254.0,596254.0,596254.0,0
20120807T,613296.0,613296.0,613296.0,613296.0,0
20120808T,617803.0,617803.0,617803.0,617803.0,0
20120809T,630658.0,630658.0,630658.0,630658.0,0
20120810T,637366.0,637366.0,637366.0,637366.0,0
20120813T,647859.0,647859.0,647859.0,647859.0,0
20120814T,673103.0,673103.0,673103.0,673103.0,0
20120816T,677588.0,677588.0,677588.0,677588.0,0
20120817T,691977.0,691977.0,691977.0,691977.0,0
20120821T,693670.0,693670.0,693670.0,693670.0,0
20120822T,717108.0,717108.0,717108.0,717108.0,0
20120823T,741628.0,741628.0,741628.0,741628.0,0
20120824T,781574.0,781574.0,781574.0,781574.0,0
20120827T,777430.0,777430.0,777430.0,777430.0,0
20120828T,773737.0,773737.0,773737.0,773737.0,0
20120829T,758605.0,758605.0,758605.0,758605.0,0
20120830T,463590.0,463590.0,463590.0,463590.0,0
20120831T,498805.0,498805.0,498805.0,498805.0,0
20120903T,530528.0,530528.0,530528.0,530528.0,0
20120904T,544990.0,544990.0,544990.0,544990.0,0
20120905T,567684.0,567684.0,567684.0,567684.0,0
20120906T,610697.0,610697.0,610697.0,610697.0,0
20120907T,611017.0,611017.0,611017.0,611017.0,0
20120910T,621783.0,621783.0,621783.0,621783.0,0
20120911T,631760.0,631760.0,631760.0,631760.0,0
20120912T,646274.0,646274.0,646274.0,646274.0,0
20120913T,646757.0,646757.0,646757.0,646757.0,0
20120914T,671878.0,671878.0,671878.0,671878.0,0
20120917T,681357.0,681357.0,681357.0,681357.0,0
20120918T,692886.0,692886.0,692886.0,692886.0,0
20120920T,699064.0,699064.0,699064.0,699064.0,0
20120921T,715345.0,715345.0,715345.0,715345.0,0
20120924T,722607.0,722607.0,722607.0,722607.0,0
20120925T,739682.0,739682.0,739682.0,739682.0,0
20120926T,761662.0,761662.0,761662.0,761662.0,0
20120927T,504269.0,504269.0,504269.0,504269.0,0
20120928T,541547.0,541547.0,541547.0,541547.0,0
20121001T,567872.0,567872.0,567872.0,567872.0,0
20121003T,604974.0,604974.0,604974.0,604974.0,0
20121004T,614201.0,614201.0,614201.0,614201.0,0
20121005T,629307.0,629307.0,629307.0,629307.0,0
20121008T,643009.0,643009.0,643009.0,643009.0,0
20121009T,640367.0,640367.0,640367.0,640367.0,0
20121010T,660074.0,660074.0,660074.0,660074.0,0
20121011T,668925.0,668925.0,668925.0,668925.0,0
20121012T,709637.0,709637.0,709637.0,709637.0,0
20121015T,698266.0,698266.0,698266.0,698266.0,0
20121016T,702392.0,702392.0,702392.0,702392.0,0
20121017T,715226.0,715226.0,715226.0,715226.0,0
20121018T,702470.0,702470.0,702470.0,702470.0,0
20121019T,713701.0,713701.0,713701.0,713701.0,0
20121022T,703724.0,703724.0,703724.0,703724.0,0
20121023T,728448.0,728448.0,728448.0,728448.0,0
20121025T,524986.0,524986.0,524986.0,524986.0,0
20121026T,621376.0,621376.0,621376.0,621376.0,0
20121029T,678711.0,678711.0,678711.0,678711.0,0
20121030T,729261.0,729261.0,729261.0,729261.0,0
20121031T,741362.0,741362.0,741362.0,741362.0,0
20121101T,775145.0,775145.0,775145.0,775145.0,0
20121102T,779726.0,779726.0,779726.0,779726.0,0
20121105T,782448.0,782448.0,782448.0,782448.0,0
20121106T,780685.0,780685.0,780685.0,780685.0,0
20121107T,773440.0,773440.0,773440.0,773440.0,0
20121108T,795290.0,795290.0,795290.0,795290.0,0
20121109T,825418.0,825418.0,825418.0,825418.0,0
20121112T,830722.0,830722.0,830722.0,830722.0,0
20121113T,835538.0,835538.0,835538.0,835538.0,0
20121115T,849395.0,849395.0,849395.0,849395.0,0
20121116T,873149.0,873149.0,873149.0,873149.0,0
20121119T,876941.0,876941.0,876941.0,876941.0,0
20121120T,876824.0,876824.0,876824.0,876824.0,0
20121121T,889495.0,889495.0,889495.0,889495.0,0
20121122T,893492.0,893492.0,893492.0,893492.0,0
20121123T,888994.0,888994.0,888994.0,888994.0,0
20121126T,884325.0,884325.0,884325.0,884325.0,0
20121127T,877173.0,877173.0,877173.0,877173.0,0
20121129T,508516.0,508516.0,508516.0,508516.0,0
20121130T,545740.0,545740.0,545740.0,545740.0,0
20121203T,570825.0,570825.0,570825.0,570825.0,0
20121204T,583867.0,583867.0,583867.0,583867.0,0
20121205T,596539.0,596539.0,596539.0,596539.0,0
20121206T,609470.0,609470.0,609470.0,609470.0,0
20121207T,619500.0,619500.0,619500.0,619500.0,0
20121210T,629766.0,629766.0,629766.0,629766.0,0
20121211T,633554.0,633554.0,633554.0,633554.0,0
20121212T,638303.0,638303.0,638303.0,638303.0,0
20121213T,653927.0,653927.0,653927.0,653927.0,0
20121214T,657282.0,657282.0,657282.0,657282.0,0
20121217T,673463.0,673463.0,673463.0,673463.0,0
20121218T,675207.0,675207.0,675207.0,675207.0,0
20121219T,687140.0,687140.0,687140.0,687140.0,0
20121220T,701408.0,701408.0,701408.0,701408.0,0
20121221T,747071.0,747071.0,747071.0,747071.0,0
20121224T,755776.0,755776.0,755776.0,755776.0,0
20121226T,749933.0,749933.0,749933.0,749933.0,0
20121227T,393752.0,393752.0,393752.0,393752.0,0
20121228T,477814.0,477814.0,477814.0,477814.0,0
20121231T,519503.0,519503.0,519503.0,519503.0,0
20130101T,551617.0,551617.0,551617.0,551617.0,0
20130102T,564654.0,564654.0,564654.0,564654.0,0
20130103T,553264.0,553264.0,553264.0,553264.0,0
20130104T,582362.0,582362.0,582362.0,582362.0,0
20130107T,590440.0,590440.0,590440.0,590440.0,0
20130108T,607589.0,607589.0,607589.0,607589.0,0
20130109T,606100.0,606100.0,606100.0,606100.0,0
20130110T,629681.0,629681.0,629681.0,629681.0,0
20130111T,655535.0,655535.0,655535.0,655535.0,0
20130114T,652826.0,652826.0,652826.0,652826.0,0
20130115T,671182.0,671182.0,671182.0,671182.0,0
20130116T,746612.0,746612.0,746612.0,746612.0,0
20130117T,746598.0,746598.0,746598.0,746598.0,0
20130118T,745816.0,745816.0,745816.0,745816.0,0
20130121T,742817.0,742817.0,742817.0,742817.0,0
20130122T,748377.0,748377.0,748377.0,748377.0,0
20130123T,769569.0,769569.0,769569.0,769569.0,0
20130124T,765700.0,765700.0,765700.0,765700.0,0
20130125T,766686.0,766686.0,766686.0,766686.0,0
20130128T,755151.0,755151.0,755151.0,755151.0,0
20130129T,739740.0,739740.0,739740.0,739740.0,0
20130130T,746578.0,746578.0,746578.0,746578.0,0
20130131T,423553.0,423553.0,423553.0,423553.0,0
20130201T,479165.0,479165.0,479165.0,479165.0,0
20130204T,497315.0,497315.0,497315.0,497315.0,0
20130205T,563678.0,563678.0,563678.0,563678.0,0
20130206T,584072.0,584072.0,584072.0,584072.0,0
20130207T,629677.0,629677.0,629677.0,629677.0,0
20130208T,661159.0,661159.0,661159.0,661159.0,0
20130211T,673342.0,673342.0,673342.0,673342.0,0
20130212T,677685.0,677685.0,677685.0,677685.0,0
20130213T,690452.0,690452.0,690452.0,690452.0,0
20130214T,703701.0,703701.0,703701.0,703701.0,0
20130215T,768513.0,768513.0,768513.0,768513.0,0
20130218T,772100.0,772100.0,772100.0,772100.0,0
20130219T,761715.0,761715.0,761715.0,761715.0,0
20130220T,747822.0,747822.0,747822.0,747822.0,0
20130221T,806527.0,806527.0,806527.0,806527.0,0
20130222T,831411.0,831411.0,831411.0,831411.0,0
20130225T,835826.0,835826.0,835826.0,835826.0,0
20130226T,878092.0,878092.0,878092.0,878092.0,0
20130227T,855067.0,855067.0,855067.0,855067.0,0
20130228T,588352.0,588352.0,588352.0,588352.0,0
20130301T,606861.0,606861.0,606861.0,606861.0,0
20130304T,626146.0,626146.0,626146.0,626146.0,0
20130305T,625495.0,625495.0,625495.0,625495.0,0
20130306T,637591.0,637591.0,637591.0,637591.0,0
20130307T,639729.0,639729.0,639729.0,639729.0,0
20130308T,629455.0,629455.0,629455.0,629455.0,0
20130311T,681707.0,681707.0,681707.0,681707.0,0
20130312T,875396.0,875396.0,875396.0,875396.0,0
20130313T,902275.0,902275.0,902275.0,902275.0,0
20130314T,812776.0,812776.0,812776.0,812776.0,0
20130315T,863275.0,863275.0,863275.0,863275.0,0
20130318T,893535.0,893535.0,893535.0,893535.0,0
20130319T,855416.0,855416.0,855416.0,855416.0,0
20130320T,847288.0,847288.0,847288.0,847288.0,0
20130321T,825704.0,825704.0,825704.0,825704.0,0
20130322T,825383.0,825383.0,825383.0,825383.0,0
20130325T,801931.0,801931.0,801931.0,801931.0,0
20130326T,786681.0,786681.0,786681.0,786681.0,0
20130328T,505685.0,505685.0,505685.0,505685.0,0
20130401T,527532.0,527532.0,527532.0,527532.0,0
20130402T,556334.0,556334.0,556334.0,556334.0,0
20130403T,568802.0,568802.0,568802.0,568802.0,0
20130404T,647652.0,647652.0,647652.0,647652.0,0
20130405T,666918.0,666918.0,666918.0,666918.0,0
20130408T,692768.0,692768.0,692768.0,692768.0,0
20130409T,740050.0,740050.0,740050.0,740050.0,0
20130410T,740878.0,740878.0,740878.0,740878.0,0
20130411T,752297.0,752297.0,752297.0,752297.0,0
20130412T,757540.0,757540.0,757540.0,757540.0,0
20130415T,760978.0,760978.0,760978.0,760978.0,0
20130416T,717943.0,717943.0,717943.0,717943.0,0
20130417T,712754.0,712754.0,712754.0,712754.0,0
20130418T,717814.0,717814.0,717814.0,717814.0,0
20130422T,706298.0,706298.0,706298.0,706298.0,0
20130423T,724284.0,724284.0,724284.0,724284.0,0
20130425T,525899.0,525899.0,525899.0,525899.0,0
20130426T,534266.0,534266.0,534266.0,534266.0,0
20130429T,540956.0,540956.0,540956.0,540956.0,0
20130430T,583717.0,583717.0,583717.0,583717.0,0
20130502T,593024.0,593024.0,593024.0,593024.0,0
20130503T,602801.0,602801.0,602801.0,602801.0,0
20130506T,594228.0,594228.0,594228.0,594228.0,0
20130507T,604532.0,604532.0,604532.0,604532.0,0
20130508T,632332.0,632332.0,632332.0,632332.0,0
20130509T,642418.0,642418.0,642418.0,642418.0,0
20130510T,636121.0,636121.0,636121.0,636121.0,0
20130513T,676248.0,676248.0,676248.0,676248.0,0
20130514T,687016.0,687016.0,687016.0,687016.0,0
20130515T,708329.0,708329.0,708329.0,708329.0,0
20130516T,712022.0,712022.0,712022.0,712022.0,0
20130517T,720737.0,720737.0,720737.0,720737.0,0
20130520T,704689.0,704689.0,704689.0,704689.0,0
20130521T,715017.0,715017.0,715017.0,715017.0,0
20130522T,722186.0,722186.0,722186.0,722186.0,0
20130523T,785522.0,785522.0,785522.0,785522.0,0
20130524T,773727.0,773727.0,773727.0,773727.0,0
20130527T,758973.0,758973.0,758973.0,758973.0,0
20130528T,746221.0,746221.0,746221.0,746221.0,0
20130529T,748927.0,748927.0,748927.0,748927.0,0
20130530T,489016.0,489016.0,489016.0,489016.0,0
20130531T,533860.0,533860.0,533860.0,533860.0,0
20130603T,600018.0,600018.0,600018.0,600018.0,0
20130604T,619369.0,619369.0,619369.0,619369.0,0
20130605T,647565.0,647565.0,647565.0,647565.0,0
20130606T,691098.0,691098.0,691098.0,691098.0,0
20130607T,759734.0,759734.0,759734.0,759734.0,0
20130610T,776845.0,776845.0,776845.0,776845.0,0
20130611T,880793.0,880793.0,880793.0,880793.0,0
20130612T,905144.0,905144.0,905144.0,905144.0,0
20130613T,946409.0,946409.0,946409.0,946409.0,0
20130614T,949453.0,949453.0,949453.0,949453.0,0
20130617T,938387.0,938387.0,938387.0,938387.0,0
20130618T,927504.0,927504.0,927504.0,927504.0,0
20130619T,899701.0,899701.0,899701.0,899701.0,0
20130620T,971736.0,971736.0,971736.0,971736.0,0
20130621T,975082.0,975082.0,975082.0,975082.0,0
20130624T,1053670.0,1053670.0,1053670.0,1053670.0,0
20130625T,1027706.0,1027706.0,1027706.0,1027706.0,0
20130626T,1036773.0,1036773.0,1036773.0,1036773.0,0
20130627T,629115.0,629115.0,629115.0,629115.0,0
20130628T,633308.0,633308.0,633308.0,633308.0,0
20130701T,623646.0,623646.0,623646.0,623646.0,0
20130702T,640059.0,640059.0,640059.0,640059.0,0
20130703T,668047.0,668047.0,668047.0,668047.0,0
20130704T,695522.0,695522.0,695522.0,695522.0,0
20130705T,698605.0,698605.0,698605.0,698605.0,0
20130708T,704215.0,704215.0,704215.0,704215.0,0
20130709T,727188.0,727188.0,727188.0,727188.0,0
20130710T,729024.0,729024.0,729024.0,729024.0,0
20130711T,742522.0,742522.0,742522.0,742522.0,0
20130712T,725904.0,725904.0,725904.0,725904.0,0
20130715T,700314.0,700314.0,700314.0,700314.0,0
20130716T,761371.0,761371.0,761371.0,761371.0,0
20130717T,774936.0,774936.0,774936.0,774936.0,0
20130718T,774101.0,774101.0,774101.0,774101.0,0
20130719T,786467.0,786467.0,786467.0,786467.0,0
20130722T,777898.0,777898.0,777898.0,777898.0,0
20130723T,794564.0,794564.0,794564.0,794564.0,0
20130724T,829880.0,829880.0,829880.0,829880.0,0
20130725T,541973.0,541973.0,541973.0,541973.0,0
20130726T,605733.0,605733.0,605733.0,605733.0,0
20130729T,636993.0,636993.0,636993.0,636993.0,0
20130730T,693411.0,693411.0,693411.0,693411.0,0
20130731T,758331.0,758331.0,758331.0,758331.0,0
20130801T,796662.0,796662.0,796662.0,796662.0,0
20130802T,853284.0,853284.0,853284.0,853284.0,0
20130805T,842514.0,842514.0,842514.0,842514.0,0
20130806T,910503.0,910503.0,910503.0,910503.0,0
20130807T,915555.0,915555.0,915555.0,915555.0,0
20130808T,908649.0,908649.0,908649.0,908649.0,0
20130812T,906377.0,906377.0,906377.0,906377.0,0
20130813T,864782.0,864782.0,864782.0,864782.0,0
20130814T,853249.0,853249.0,853249.0,853249.0,0
20130816T,978785.0,978785.0,978785.0,978785.0,0
20130819T,940036.0,940036.0,940036.0,940036.0,0
20130820T,980227.0,980227.0,980227.0,980227.0,0
20130821T,997006.0,997006.0,997006.0,997006.0,0
20130822T,0.0,0.0,0.0,0.0,0
20130823T,1002205.0,1002205.0,1002205.0,1002205.0,0
20130826T,947489.0,947489.0,947489.0,947489.0,0
20130827T,972668.0,972668.0,972668.0,972668.0,0
20130828T,1021043.0,1021043.0,1021043.0,1021043.0,0
20130829T,684287.0,684287.0,684287.0,684287.0,0
20130830T,739802.0,739802.0,739802.0,739802.0,0
20130902T,757001.0,757001.0,757001.0,757001.0,0
20130903T,781534.0,781534.0,781534.0,781534.0,0
20130904T,807903.0,807903.0,807903.0,807903.0,0
20130905T,785131.0,785131.0,785131.0,785131.0,0
20130906T,779246.0,779246.0,779246.0,779246.0,0
20130910T,808901.0,808901.0,808901.0,808901.0,0
20130911T,847296.0,847296.0,847296.0,847296.0,0
20130912T,883787.0,883787.0,883787.0,883787.0,0
20130913T,904052.0,904052.0,904052.0,904052.0,0
20130916T,899637.0,899637.0,899637.0,899637.0,0
20130917T,900512.0,900512.0,900512.0,900512.0,0
20130918T,889119.0,889119.0,889119.0,889119.0,0
20130919T,910050.0,910050.0,910050.0,910050.0,0
20130920T,935364.0,935364.0,935364.0,935364.0,0
20130923T,1019954.0,1019954.0,1019954.0,1019954.0,0
20130924T,1024574.0,1024574.0,1024574.0,1024574.0,0
20130925T,1025528.0,1025528.0,1025528.0,1025528.0,0
20130926T,499507.0,499507.0,499507.0,499507.0,0
20130927T,518453.0,518453.0,518453.0,518453.0,0
20130930T,562593.0,562593.0,562593.0,562593.0,0
20131001T,593201.0,593201.0,593201.0,593201.0,0
20131003T,607481.0,607481.0,607481.0,607481.0,0
20131004T,618881.0,618881.0,618881.0,618881.0,0
20131007T,621767.0,621767.0,621767.0,621767.0,0
20131008T,637658.0,637658.0,637658.0,637658.0,0
20131010T,664913.0,664913.0,664913.0,664913.0,0
20131011T,630472.0,630472.0,630472.0,630472.0,0
20131014T,623128.0,623128.0,623128.0,623128.0,0
20131015T,652975.0,652975.0,652975.0,652975.0,0
20131017T,636824.0,636824.0,636824.0,636824.0,0
20131018T,633172.0,633172.0,633172.0,633172.0,0
20131021T,619728.0,619728.0,619728.0,619728.0,0
20131022T,637120.0,637120.0,637120.0,637120.0,0
20131023T,722774.0,722774.0,722774.0,722774.0,0
20131024T,729272.0,729272.0,729272.0,729272.0,0
20131025T,732738.0,732738.0,732738.0,732738.0,0
20131028T,747424.0,747424.0,747424.0,747424.0,0
20131029T,737611.0,737611.0,737611.0,737611.0,0
20131030T,721725.0,721725.0,721725.0,721725.0,0
20131031T,422766.0,422766.0,422766.0,422766.0,0
20131101T,469587.0,469587.0,469587.0,469587.0,0
20131105T,490440.0,490440.0,490440.0,490440.0,0
20131106T,511573.0,511573.0,511573.0,511573.0,0
20131107T,537923.0,537923.0,537923.0,537923.0,0
20131108T,568932.0,568932.0,568932.0,568932.0,0
20131111T,595168.0,595168.0,595168.0,595168.0,0
20131112T,643563.0,643563.0,643563.0,643563.0,0
20131113T,661646.0,661646.0,661646.0,661646.0,0
20131114T,663521.0,663521.0,663521.0,663521.0,0
20131118T,617753.0,617753.0,617753.0,617753.0,0
20131119T,617811.0,617811.0,617811.0,617811.0,0
20131120T,631129.0,631129.0,631129.0,631129.0,0
20131121T,664352.0,664352.0,664352.0,664352.0,0
20131122T,686322.0,686322.0,686322.0,686322.0,0
20131125T,678574.0,678574.0,678574.0,678574.0,0
20131126T,673226.0,673226.0,673226.0,673226.0,0
20131127T,680474.0,680474.0,680474.0,680474.0,0
20131128T,484600.0,484600.0,484600.0,484600.0,0
20131129T,547782.0,547782.0,547782.0,547782.0,0
20131202T,576017.0,576017.0,576017.0,576017.0,0
20131203T,633437.0,633437.0,633437.0,633437.0,0
20131204T,667691.0,667691.0,667691.0,667691.0,0
20131205T,668216.0,668216.0,668216.0,668216.0,0
20131206T,679889.0,679889.0,679889.0,679889.0,0
20131209T,648208.0,648208.0,648208.0,648208.0,0
20131210T,620077.0,620077.0,620077.0,620077.0,0
20131211T,613348.0,613348.0,613348.0,613348.0,0
20131212T,625720.0,625720.0,625720.0,625720.0,0
20131213T,661442.0,661442.0,661442.0,661442.0,0
20131216T,674746.0,674746.0,674746.0,674746.0,0
20131217T,674907.0,674907.0,674907.0,674907.0,0
20131218T,673077.0,673077.0,673077.0,673077.0,0
20131219T,685381.0,685381.0,685381.0,685381.0,0
20131220T,691252.0,691252.0,691252.0,691252.0,0
20131223T,687195.0,687195.0,687195.0,687195.0,0
20131224T,692270.0,692270.0,692270.0,692270.0,0
20131226T,307089.0,307089.0,307089.0,307089.0,0
20131227T,293336.0,293336.0,293336.0,293336.0,0
20131230T,319535.0,319535.0,319535.0,319535.0,0
20131231T,318402.0,318402.0,318402.0,318402.0,0
20140101T,320592.0,320592.0,320592.0,320592.0,0
20140102T,336294.0,336294.0,336294.0,336294.0,0
20140103T,389658.0,389658.0,389658.0,389658.0,0
20140106T,416591.0,416591.0,416591.0,416591.0,0
20140107T,428801.0,428801.0,428801.0,428801.0,0
20140108T,432380.0,432380.0,432380.0,432380.0,0
20140109T,464565.0,464565.0,464565.0,464565.0,0
20140110T,470673.0,470673.0,470673.0,470673.0,0
20140113T,474941.0,474941.0,474941.0,474941.0,0
20140114T,471256.0,471256.0,471256.0,471256.0,0
20140115T,456936.0,456936.0,456936.0,456936.0,0
20140116T,442389.0,442389.0,442389.0,442389.0,0
20140117T,451851.0,451851.0,451851.0,451851.0,0
20140120T,451141.0,451141.0,451141.0,451141.0,0
20140121T,440442.0,440442.0,440442.0,440442.0,0
20140122T,457143.0,457143.0,457143.0,457143.0,0
20140123T,457329.0,457329.0,457329.0,457329.0,0
20140124T,498635.0,498635.0,498635.0,498635.0,0
20140127T,543657.0,543657.0,543657.0,543657.0,0
20140128T,563360.0,563360.0,563360.0,563360.0,0
20140129T,560112.0,560112.0,560112.0,560112.0,0
20140130T,458855.0,458855.0,458855.0,458855.0,0
20140131T,492026.0,492026.0,492026.0,492026.0,0
20140203T,571221.0,571221.0,571221.0,571221.0,0
20140204T,647697.0,647697.0,647697.0,647697.0,0
20140205T,656893.0,656893.0,656893.0,656893.0,0
20140206T,696492.0,696492.0,696492.0,696492.0,0
20140207T,689530.0,689530.0,689530.0,689530.0,0
20140210T,685345.0,685345.0,685345.0,685345.0,0
20140211T,688544.0,688544.0,688544.0,688544.0,0
20140212T,677187.0,677187.0,677187.0,677187.0,0
20140213T,692276.0,692276.0,692276.0,692276.0,0
20140214T,689122.0,689122.0,689122.0,689122.0,0
20140217T,672150.0,672150.0,672150.0,672150.0,0
20140218T,684997.0,684997.0,684997.0,684997.0,0
20140219T,697826.0,697826.0,697826.0,697826.0,0
20140220T,705932.0,705932.0,705932.0,705932.0,0
20140221T,705252.0,705252.0,705252.0,705252.0,0
20140225T,706311.0,706311.0,706311.0,706311.0,0
20140226T,358452.0,358452.0,358452.0,358452.0,0
20140228T,374671.0,374671.0,374671.0,374671.0,0
20140303T,396333.0,396333.0,396333.0,396333.0,0
20140304T,413375.0,413375.0,413375.0,413375.0,0
20140305T,411427.0,411427.0,411427.0,411427.0,0
20140306T,434942.0,434942.0,434942.0,434942.0,0
20140307T,462688.0,462688.0,462688.0,462688.0,0
20140310T,482226.0,482226.0,482226.0,482226.0,0
20140311T,489990.0,489990.0,489990.0,489990.0,0
20140312T,500970.0,500970.0,500970.0,500970.0,0
20140313T,491103.0,491103.0,491103.0,491103.0,0
20140314T,498647.0,498647.0,498647.0,498647.0,0
20140318T,505727.0,505727.0,505727.0,505727.0,0
20140319T,493938.0,493938.0,493938.0,493938.0,0
20140320T,501889.0,501889.0,501889.0,501889.0,0
20140321T,528846.0,528846.0,528846.0,528846.0,0
20140324T,536569.0,536569.0,536569.0,536569.0,0
20140325T,564498.0,564498.0,564498.0,564498.0,0
20140326T,583974.0,583974.0,583974.0,583974.0,0
20140327T,348951.0,348951.0,348951.0,348951.0,0
20140328T,364827.0,364827.0,364827.0,364827.0,0
20140331T,393091.0,393091.0,393091.0,393091.0,0
20140401T,395730.0,395730.0,395730.0,395730.0,0
20140402T,413461.0,413461.0,413461.0,413461.0,0
20140403T,456805.0,456805.0,456805.0,456805.0,0
20140404T,478078.0,478078.0,478078.0,478078.0,0
20140407T,481765.0,481765.0,481765.0,481765.0,0
20140409T,493611.0,493611.0,493611.0,493611.0,0
20140410T,523169.0,523169.0,523169.0,523169.0,0
20140411T,523685.0,523685.0,523685.0,523685.0,0
20140415T,524446.0,524446.0,524446.0,524446.0,0
20140416T,540803.0,540803.0,540803.0,540803.0,0
20140417T,552019.0,552019.0,552019.0,552019.0,0
20140421T,568525.0,568525.0,568525.0,568525.0,0
20140422T,578911.0,578911.0,578911.0,578911.0,0
20140423T,387435.0,387435.0,387435.0,387435.0,0
20140425T,408444.0,408444.0,408444.0,408444.0,0
20140428T,429992.0,429992.0,429992.0,429992.0,0
20140429T,440486.0,440486.0,440486.0,440486.0,0
20140430T,489608.0,489608.0,489608.0,489608.0,0
20140502T,529168.0,529168.0,529168.0,529168.0,0
20140505T,545443.0,545443.0,545443.0,545443.0,0
20140506T,545772.0,545772.0,545772.0,545772.0,0
20140507T,541062.0,541062.0,541062.0,541062.0,0
20140508T,548119.0,548119.0,548119.0,548119.0,0
20140509T,583184.0,583184.0,583184.0,583184.0,0
20140512T,622573.0,622573.0,622573.0,622573.0,0
20140513T,639703.0,639703.0,639703.0,639703.0,0
20140514T,649442.0,649442.0,649442.0,649442.0,0
20140515T,711436.0,711436.0,711436.0,711436.0,0
20140516T,704278.0,704278.0,704278.0,704278.0,0
20140519T,735469.0,735469.0,735469.0,735469.0,0
20140520T,745982.0,745982.0,745982.0,745982.0,0
20140521T,791557.0,791557.0,791557.0,791557.0,0
20140522T,809767.0,809767.0,809767.0,809767.0,0
20140523T,829405.0,829405.0,829405.0,829405.0,0
20140526T,834882.0,834882.0,834882.0,834882.0,0
20140527T,833072.0,833072.0,833072.0,833072.0,0
20140528T,839749.0,839749.0,839749.0,839749.0,0
20140529T,336211.0,336211.0,336211.0,336211.0,0
20140530T,356279.0,356279.0,356279.0,356279.0,0
20140602T,375404.0,375404.0,375404.0,375404.0,0
20140603T,378373.0,378373.0,378373.0,378373.0,0
20140604T,385992.0,385992.0,385992.0,385992.0,0
20140605T,389403.0,389403.0,389403.0,389403.0,0
20140606T,402375.0,402375.0,402375.0,402375.0,0
20140609T,423919.0,423919.0,423919.0,423919.0,0
20140610T,433861.0,433861.0,433861.0,433861.0,0
20140611T,446592.0,446592.0,446592.0,446592.0,0
20140612T,450647.0,450647.0,450647.0,450647.0,0
20140613T,483946.0,483946.0,483946.0,483946.0,0
20140616T,505010.0,505010.0,505010.0,505010.0,0
20140617T,534938.0,534938.0,534938.0,534938.0,0
20140618T,541025.0,541025.0,541025.0,541025.0,0
20140619T,574932.0,574932.0,574932.0,574932.0,0
20140620T,591374.0,591374.0,591374.0,591374.0,0
20140623T,616617.0,616617.0,616617.0,616617.0,0
20140624T,615730.0,615730.0,615730.0,615730.0,0
20140625T,609725.0,609725.0,609725.0,609725.0,0
20140626T,325260.0,325260.0,325260.0,325260.0,0
20140627T,360120.0,360120.0,360120.0,360120.0,0
20140630T,377014.0,377014.0,377014.0,377014.0,0
20140701T,383702.0,383702.0,383702.0,383702.0,0
20140702T,396962.0,396962.0,396962.0,396962.0,0
20140703T,401902.0,401902.0,401902.0,401902.0,0
20140704T,422626.0,422626.0,422626.0,422626.0,0
20140707T,424217.0,424217.0,424217.0,424217.0,0
20140708T,487474.0,487474.0,487474.0,487474.0,0
20140709T,495946.0,495946.0,495946.0,495946.0,0
20140710T,499960.0,499960.0,499960.0,499960.0,0
20140711T,531817.0,531817.0,531817.0,531817.0,0
20140714T,534635.0,534635.0,534635.0,534635.0,0
20140715T,526101.0,526101.0,526101.0,526101.0,0
20140716T,570080.0,570080.0,570080.0,570080.0,0
20140718T,611205.0,611205.0,611205.0,611205.0,0
20140721T,605061.0,605061.0,605061.0,605061.0,0
20140722T,600735.0,600735.0,600735.0,600735.0,0
20140723T,606671.0,606671.0,606671.0,606671.0,0
20140724T,597757.0,597757.0,597757.0,597757.0,0
20140725T,607672.0,607672.0,607672.0,607672.0,0
20140728T,610000.0,610000.0,610000.0,610000.0,0
20140730T,621899.0,621899.0,621899.0,621899.0,0
20140731T,329476.0,329476.0,329476.0,329476.0,0
20140801T,403007.0,403007.0,403007.0,403007.0,0
20140804T,399530.0,399530.0,399530.0,399530.0,0
20140805T,399747.0,399747.0,399747.0,399747.0,0
20140806T,417913.0,417913.0,417913.0,417913.0,0
20140807T,417879.0,417879.0,417879.0,417879.0,0
20140808T,460367.0,460367.0,460367.0,460367.0,0
20140811T,456277.0,456277.0,456277.0,456277.0,0
20140812T,449048.0,449048.0,449048.0,449048.0,0
20140813T,468391.0,468391.0,468391.0,468391.0,0
20140814T,470068.0,470068.0,470068.0,470068.0,0
20140818T,481598.0,481598.0,481598.0,481598.0,0
20140819T,482795.0,482795.0,482795.0,482795.0,0
20140820T,488695.0,488695.0,488695.0,488695.0,0
20140821T,496106.0,496106.0,496106.0,496106.0,0
20140822T,506555.0,506555.0,506555.0,506555.0,0
20140825T,515903.0,515903.0,515903.0,515903.0,0
20140826T,523695.0,523695.0,523695.0,523695.0,0
20140827T,532401.0,532401.0,532401.0,532401.0,0
20140828T,271539.0,271539.0,271539.0,271539.0,0
20140901T,285224.0,285224.0,285224.0,285224.0,0
20140902T,299071.0,299071.0,299071.0,299071.0,0
20140903T,302170.0,302170.0,302170.0,302170.0,0
20140904T,317749.0,317749.0,317749.0,317749.0,0
20140905T,347030.0,347030.0,347030.0,347030.0,0
20140908T,369938.0,369938.0,369938.0,369938.0,0
20140909T,374104.0,374104.0,374104.0,374104.0,0
20140910T,413490.0,413490.0,413490.0,413490.0,0
20140911T,433711.0,433711.0,433711.0,433711.0,0
20140912T,442062.0,442062.0,442062.0,442062.0,0
20140915T,453336.0,453336.0,453336.0,453336.0,0
20140916T,482712.0,482712.0,482712.0,482712.0,0
20140917T,496456.0,496456.0,496456.0,496456.0,0
20140918T,503565.0,503565.0,503565.0,503565.0,0
20140919T,507073.0,507073.0,507073.0,507073.0,0
20140922T,511678.0,511678.0,511678.0,511678.0,0
20140923T,555643.0,555643.0,555643.0,555643.0,0
20140924T,565188.0,565188.0,565188.0,565188.0,0
20140925T,416788.0,416788.0,416788.0,416788.0,0
20140926T,460974.0,460974.0,460974.0,460974.0,0
20140929T,492529.0,492529.0,492529.0,492529.0,0
20140930T,509580.0,509580.0,509580.0,509580.0,0
20141001T,529553.0,529553.0,529553.0,529553.0,0
20141007T,540996.0,540996.0,540996.0,540996.0,0
20141008T,559099.0,559099.0,559099.0,559099.0,0
20141009T,546864.0,546864.0,546864.0,546864.0,0
20141010T,605833.0,605833.0,605833.0,605833.0,0
20141013T,623657.0,623657.0,623657.0,623657.0,0
20141014T,640732.0,640732.0,640732.0,640732.0,0
20141016T,672293.0,672293.0,672293.0,672293.0,0
20141017T,722481.0,722481.0,722481.0,722481.0,0
20141020T,696241.0,696241.0,696241.0,696241.0,0
20141021T,705670.0,705670.0,705670.0,705670.0,0
20141022T,717625.0,717625.0,717625.0,717625.0,0
20141023T,718478.0,718478.0,718478.0,718478.0,0
20141027T,709105.0,709105.0,709105.0,709105.0,0
20141028T,709245.0,709245.0,709245.0,709245.0,0
20141029T,729769.0,729769.0,729769.0,729769.0,0
20141030T,432931.0,432931.0,432931.0,432931.0,0
20141031T,779760.0,779760.0,779760.0,779760.0,0
20141103T,784823.0,784823.0,784823.0,784823.0,0
20141105T,816942.0,816942.0,816942.0,816942.0,0
20141107T,832314.0,832314.0,832314.0,832314.0,0
20141110T,839366.0,839366.0,839366.0,839366.0,0
20141111T,839757.0,839757.0,839757.0,839757.0,0
20141112T,844318.0,844318.0,844318.0,844318.0,0
20141113T,852285.0,852285.0,852285.0,852285.0,0
20141114T,902538.0,902538.0,902538.0,902538.0,0
20141117T,912196.0,912196.0,912196.0,912196.0,0
20141118T,920772.0,920772.0,920772.0,920772.0,0
20141119T,981166.0,981166.0,981166.0,981166.0,0
20141120T,1016193.0,1016193.0,1016193.0,1016193.0,0
20141121T,1012602.0,1012602.0,1012602.0,1012602.0,0
20141124T,1021262.0,1021262.0,1021262.0,1021262.0,0
20141125T,1054295.0,1054295.0,1054295.0,1054295.0,0
20141126T,1118002.0,1118002.0,1118002.0,1118002.0,0
20141127T,652066.0,652066.0,652066.0,652066.0,0
20141128T,697670.0,697670.0,697670.0,697670.0,0
20141201T,718927.0,718927.0,718927.0,718927.0,0
20141202T,731330.0,731330.0,731330.0,731330.0,0
20141203T,752538.0,752538.0,752538.0,752538.0,0
20141204T,757528.0,757528.0,757528.0,757528.0,0
20141205T,762888.0,762888.0,762888.0,762888.0,0
20141208T,871230.0,871230.0,871230.0,871230.0,0
20141209T,941615.0,941615.0,941615.0,941615.0,0
20141210T,951510.0,951510.0,951510.0,951510.0,0
20141211T,1003711.0,1003711.0,1003711.0,1003711.0,0
20141212T,1035682.0,1035682.0,1035682.0,1035682.0,0
20141215T,1036221.0,1036221.0,1036221.0,1036221.0,0
20141216T,1140357.0,1140357.0,1140357.0,1140357.0,0
20141217T,1236071.0,1236071.0,1236071.0,1236071.0,0
20141218T,1264010.0,1264010.0,1264010.0,1264010.0,0
20141219T,1326406.0,1326406.0,1326406.0,1326406.0,0
20141222T,1321909.0,1321909.0,1321909.0,1321909.0,0
20141223T,1365970.0,1365970.0,1365970.0,1365970.0,0
20141224T,698881.0,698881.0,698881.0,698881.0,0
20141226T,720361.0,720361.0,720361.0,720361.0,0
20141229T,787206.0,787206.0,787206.0,787206.0,0
20141230T,822977.0,822977.0,822977.0,822977.0,0
20141231T,838359.0,838359.0,838359.0,838359.0,0
20150101T,874345.0,874345.0,874345.0,874345.0,0
20150102T,867084.0,867084.0,867084.0,867084.0,0
20150105T,885753.0,885753.0,885753.0,885753.0,0
20150106T,977321.0,977321.0,977321.0,977321.0,0
20150107T,1054758.0,1054758.0,1054758.0,1054758.0,0
20150108T,1063656.0,1063656.0,1063656.0,1063656.0,0
20150109T,1106586.0,1106586.0,1106586.0,1106586.0,0
20150112T,1108095.0,1108095.0,1108095.0,1108095.0,0
20150113T,1088384.0,1088384.0,1088384.0,1088384.0,0
20150114T,1109144.0,1109144.0,1109144.0,1109144.0,0
20150115T,1130312.0,1130312.0,1130312.0,1130312.0,0
20150116T,1149761.0,1149761.0,1149761.0,1149761.0,0
20150119T,1137042.0,1137042.0,1137042.0,1137042.0,0
20150120T,1132067.0,1132067.0,1132067.0,1132067.0,0
20150121T,1112662.0,1112662.0,1112662.0,1112662.0,0
20150122T,1131423.0,1131423.0,1131423.0,1131423.0,0
20150123T,1120337.0,1120337.0,1120337.0,1120337.0,0
20150127T,1110412.0,1110412.0,1110412.0,1110412.0,0
20150128T,1133118.0,1133118.0,1133118.0,1133118.0,0
20150129T,508105.0,508105.0,508105.0,508105.0,0
20150130T,587918.0,587918.0,587918.0,587918.0,0
20150202T,625099.0,625099.0,625099.0,625099.0,0
20150203T,656569.0,656569.0,656569.0,656569.0,0
20150204T,687581.0,687581.0,687581.0,687581.0,0
20150205T,700911.0,700911.0,700911.0,700911.0,0
20150206T,725362.0,725362.0,725362.0,725362.0,0
20150209T,849722.0,849722.0,849722.0,849722.0,0
20150210T,894165.0,894165.0,894165.0,894165.0,0
20150211T,911032.0,911032.0,911032.0,911032.0,0
20150212T,918277.0,918277.0,918277.0,918277.0,0
20150213T,946888.0,946888.0,946888.0,946888.0,0
20150216T,952867.0,952867.0,952867.0,952867.0,0
20150218T,956382.0,956382.0,956382.0,956382.0,0
20150219T,945656.0,945656.0,945656.0,945656.0,0
20150220T,955738.0,955738.0,955738.0,955738.0,0
20150223T,921802.0,921802.0,921802.0,921802.0,0
20150224T,886073.0,886073.0,886073.0,886073.0,0
20150225T,872473.0,872473.0,872473.0,872473.0,0
20150226T,426164.0,426164.0,426164.0,426164.0,0
20150227T,490278.0,490278.0,490278.0,490278.0,0
20150302T,574363.0,574363.0,574363.0,574363.0,0
20150303T,576230.0,576230.0,576230.0,576230.0,0
20150304T,591029.0,591029.0,591029.0,591029.0,0
20150305T,609455.0,609455.0,609455.0,609455.0,0
20150309T,764369.0,764369.0,764369.0,764369.0,0
20150310T,808069.0,808069.0,808069.0,808069.0,0
20150311T,837821.0,837821.0,837821.0,837821.0,0
20150312T,853055.0,853055.0,853055.0,853055.0,0
20150313T,914365.0,914365.0,914365.0,914365.0,0
20150316T,935720.0,935720.0,935720.0,935720.0,0
20150317T,956924.0,956924.0,956924.0,956924.0,0
20150318T,982193.0,982193.0,982193.0,982193.0,0
20150319T,989898.0,989898.0,989898.0,989898.0,0
20150320T,982946.0,982946.0,982946.0,982946.0,0
20150323T,985115.0,985115.0,985115.0,985115.0,0
20150324T,974530.0,974530.0,974530.0,974530.0,0
20150325T,1027773.0,1027773.0,1027773.0,1027773.0,0
20150326T,606437.0,606437.0,606437.0,606437.0,0
20150327T,720061.0,720061.0,720061.0,720061.0,0
20150330T,721859.0,721859.0,721859.0,721859.0,0
20150331T,725567.0,725567.0,725567.0,725567.0,0
20150401T,836418.0,836418.0,836418.0,836418.0,0
20150406T,841780.0,841780.0,841780.0,841780.0,0
20150407T,882551.0,882551.0,882551.0,882551.0,0
20150408T,888868.0,888868.0,888868.0,888868.0,0
20150409T,877249.0,877249.0,877249.0,877249.0,0
20150410T,901127.0,901127.0,901127.0,901127.0,0
20150413T,905903.0,905903.0,905903.0,905903.0,0
20150415T,922029.0,922029.0,922029.0,922029.0,0
20150416T,1024697.0,1024697.0,1024697.0,1024697.0,0
20150417T,1071605.0,1071605.0,1071605.0,1071605.0,0
20150420T,1125455.0,1125455.0,1125455.0,1125455.0,0
20150421T,1213381.0,1213381.0,1213381.0,1213381.0,0
20150422T,1255656.0,1255656.0,1255656.0,1255656.0,0
20150423T,1260293.0,1260293.0,1260293.0,1260293.0,0
20150424T,1257652.0,1257652.0,1257652.0,1257652.0,0
20150427T,1236075.0,1236075.0,1236075.0,1236075.0,0
20150428T,1266339.0,1266339.0,1266339.0,1266339.0,0
20150429T,1211299.0,1211299.0,1211299.0,1211299.0,0
20150430T,859189.0,859189.0,859189.0,859189.0,0
20150504T,1029599.0,1029599.0,1029599.0,1029599.0,0
20150505T,1042406.0,1042406.0,1042406.0,1042406.0,0
20150506T,1078542.0,1078542.0,1078542.0,1078542.0,0
20150507T,1196535.0,1196535.0,1196535.0,1196535.0,0
20150508T,1204524.0,1204524.0,1204524.0,1204524.0,0
20150511T,1246404.0,1246404.0,1246404.0,1246404.0,0
20150512T,1295464.0,1295464.0,1295464.0,1295464.0,0
20150513T,1314052.0,1314052.0,1314052.0,1314052.0,0
20150514T,1317921.0,1317921.0,1317921.0,1317921.0,0
20150515T,1310259.0,1310259.0,1310259.0,1310259.0,0
20150518T,1332712.0,1332712.0,1332712.0,1332712.0,0
20150519T,1334724.0,1334724.0,1334724.0,1334724.0,0
20150520T,1331193.0,1331193.0,1331193.0,1331193.0,0
20150521T,1335225.0,1335225.0,1335225.0,1335225.0,0
20150522T,1340495.0,1340495.0,1340495.0,1340495.0,0
20150525T,1350561.0,1350561.0,1350561.0,1350561.0,0
20150526T,1329888.0,1329888.0,1329888.0,1329888.0,0
20150527T,1310704.0,1310704.0,1310704.0,1310704.0,0
20150528T,811619.0,811619.0,811619.0,811619.0,0
20150529T,857630.0,857630.0,857630.0,857630.0,0
20150601T,881818.0,881818.0,881818.0,881818.0,0
20150602T,948321.0,948321.0,948321.0,948321.0,0
20150603T,1038695.0,1038695.0,1038695.0,1038695.0,0
20150604T,1122563.0,1122563.0,1122563.0,1122563.0,0
20150605T,1166270.0,1166270.0,1166270.0,1166270.0,0
20150608T,1190103.0,1190103.0,1190103.0,1190103.0,0
20150609T,1235631.0,1235631.0,1235631.0,1235631.0,0
20150610T,1289630.0,1289630.0,1289630.0,1289630.0,0
20150611T,1366025.0,1366025.0,1366025.0,1366025.0,0
20150612T,1385228.0,1385228.0,1385228.0,1385228.0,0
20150615T,1403967.0,1403967.0,1403967.0,1403967.0,0
20150616T,1416828.0,1416828.0,1416828.0,1416828.0,0
20150617T,1416354.0,1416354.0,1416354.0,1416354.0,0
20150618T,1445562.0,1445562.0,1445562.0,1445562.0,0
20150619T,1471963.0,1471963.0,1471963.0,1471963.0,0
20150622T,1500922.0,1500922.0,1500922.0,1500922.0,0
20150623T,1521024.0,1521024.0,1521024.0,1521024.0,0
20150624T,1527917.0,1527917.0,1527917.0,1527917.0,0
20150625T,865510.0,865510.0,865510.0,865510.0,0
20150626T,919418.0,919418.0,919418.0,919418.0,0
20150629T,975728.0,975728.0,975728.0,975728.0,0
20150630T,1018138.0,1018138.0,1018138.0,1018138.0,0
20150701T,1041544.0,1041544.0,1041544.0,1041544.0,0
20150702T,1060754.0,1060754.0,1060754.0,1060754.0,0
20150703T,1109981.0,1109981.0,1109981.0,1109981.0,0
20150706T,1159374.0,1159374.0,1159374.0,1159374.0,0
20150707T,1263230.0,1263230.0,1263230.0,1263230.0,0
20150708T,1370228.0,1370228.0,1370228.0,1370228.0,0
20150709T,1396359.0,1396359.0,1396359.0,1396359.0,0
20150710T,1406415.0,1406415.0,1406415.0,1406415.0,0
20150713T,1395249.0,1395249.0,1395249.0,1395249.0,0
20150714T,1411431.0,1411431.0,1411431.0,1411431.0,0
20150715T,1426135.0,1426135.0,1426135.0,1426135.0,0
20150716T,1459062.0,1459062.0,1459062.0,1459062.0,0
20150717T,1511272.0,1511272.0,1511272.0,1511272.0,0
20150720T,1529438.0,1529438.0,1529438.0,1529438.0,0
20150721T,1498881.0,1498881.0,1498881.0,1498881.0,0
20150722T,1493557.0,1493557.0,1493557.0,1493557.0,0
20150723T,1517429.0,1517429.0,1517429.0,1517429.0,0
20150724T,1517555.0,1517555.0,1517555.0,1517555.0,0
20150727T,1570677.0,1570677.0,1570677.0,1570677.0,0
20150728T,1598978.0,1598978.0,1598978.0,1598978.0,0
20150729T,1613249.0,1613249.0,1613249.0,1613249.0,0
20150730T,863761.0,863761.0,863761.0,863761.0,0
20150731T,893061.0,893061.0,893061.0,893061.0,0
20150803T,901569.0,901569.0,901569.0,901569.0,0
20150804T,961007.0,961007.0,961007.0,961007.0,0
20150805T,982684.0,982684.0,982684.0,982684.0,0
20150806T,1000783.0,1000783.0,1000783.0,1000783.0,0
20150807T,1015399.0,1015399.0,1015399.0,1015399.0,0
20150810T,1028949.0,1028949.0,1028949.0,1028949.0,0
20150811T,1076659.0,1076659.0,1076659.0,1076659.0,0
20150812T,1182297.0,1182297.0,1182297.0,1182297.0,0
20150813T,1220576.0,1220576.0,1220576.0,1220576.0,0
20150814T,1238524.0,1238524.0,1238524.0,1238524.0,0
20150817T,1240847.0,1240847.0,1240847.0,1240847.0,0
20150818T,1258010.0,1258010.0,1258010.0,1258010.0,0
20150819T,1283484.0,1283484.0,1283484.0,1283484.0,0
20150820T,1333535.0,1333535.0,1333535.0,1333535.0,0
20150821T,1385734.0,1385734.0,1385734.0,1385734.0,0
20150824T,1439770.0,1439770.0,1439770.0,1439770.0,0
20150825T,1424029.0,1424029.0,1424029.0,1424029.0,0
20150826T,1442674.0,1442674.0,1442674.0,1442674.0,0
20150827T,949134.0,949134.0,949134.0,949134.0,0
20150828T,1131609.0,1131609.0,1131609.0,1131609.0,0
20150831T,1235205.0,1235205.0,1235205.0,1235205.0,0
20150901T,1329178.0,1329178.0,1329178.0,1329178.0,0
20150902T,1377949.0,1377949.0,1377949.0,1377949.0,0
20150903T,1487539.0,1487539.0,1487539.0,1487539.0,0
20150904T,1575431.0,1575431.0,1575431.0,1575431.0,0
20150907T,1606776.0,1606776.0,1606776.0,1606776.0,0
20150908T,1627567.0,1627567.0,1627567.0,1627567.0,0
20150909T,1580481.0,1580481.0,1580481.0,1580481.0,0
20150910T,1593663.0,1593663.0,1593663.0,1593663.0,0
20150911T,1584905.0,1584905.0,1584905.0,1584905.0,0
20150914T,1599099.0,1599099.0,1599099.0,1599099.0,0
20150915T,1599674.0,1599674.0,1599674.0,1599674.0,0
20150916T,1601159.0,1601159.0,1601159.0,1601159.0,0
20150918T,1600050.0,1600050.0,1600050.0,1600050.0,0
20150921T,1628801.0,1628801.0,1628801.0,1628801.0,0
20150922T,1724646.0,1724646.0,1724646.0,1724646.0,0
20150923T,1739245.0,1739245.0,1739245.0,1739245.0,0
20150924T,743504.0,743504.0,743504.0,743504.0,0
20150928T,793305.0,793305.0,793305.0,793305.0,0
20150929T,896621.0,896621.0,896621.0,896621.0,0
20150930T,896811.0,896811.0,896811.0,896811.0,0
20151001T,850833.3333,850833.3333,850833.3333,850833.3333,0
20151005T,837689.0,837689.0,837689.0,837689.0,0
20151006T,863465.0,863465.0,863465.0,863465.0,0
20151007T,869185.0,869185.0,869185.0,869185.0,0
20151008T,899348.0,899348.0,899348.0,899348.0,0
20151009T,917277.0,917277.0,917277.0,917277.0,0
20151012T,904978.0,904978.0,904978.0,904978.0,0
20151013T,918940.0,918940.0,918940.0,918940.0,0
20151014T,864149.0,864149.0,864149.0,864149.0,0
20151015T,841791.0,841791.0,841791.0,841791.0,0
20151016T,855343.0,855343.0,855343.0,855343.0,0
20151019T,868796.0,868796.0,868796.0,868796.0,0
20151020T,872740.0,872740.0,872740.0,872740.0,0
20151021T,894609.0,894609.0,894609.0,894609.0,0
20151023T,881394.0,881394.0,881394.0,881394.0,0
20151026T,870590.0,870590.0,870590.0,870590.0,0
20151027T,843271.0,843271.0,843271.0,843271.0,0
20151028T,865666.0,865666.0,865666.0,865666.0,0
20151029T,293523.0,293523.0,293523.0,293523.0,0
20151030T,348831.0,348831.0,348831.0,348831.0,0
20151102T,401233.0,401233.0,401233.0,401233.0,0
20151103T,416944.0,416944.0,416944.0,416944.0,0
20151104T,420811.0,420811.0,420811.0,420811.0,0
20151105T,428053.0,428053.0,428053.0,428053.0,0
20151106T,440449.0,440449.0,440449.0,440449.0,0
20151109T,445283.0,445283.0,445283.0,445283.0,0
20151110T,473778.0,473778.0,473778.0,473778.0,0
20151111T,473778.0,473778.0,473778.0,473778.0,0
20151113T,491860.0,491860.0,491860.0,491860.0,0
20151116T,518025.0,518025.0,518025.0,518025.0,0
20151117T,517094.0,517094.0,517094.0,517094.0,0
20151118T,534415.0,534415.0,534415.0,534415.0,0
20151119T,529522.0,529522.0,529522.0,529522.0,0
20151120T,521663.0,521663.0,521663.0,521663.0,0
20151123T,513580.0,513580.0,513580.0,513580.0,0
20151124T,508781.0,508781.0,508781.0,508781.0,0
20151126T,319800.0,319800.0,319800.0,319800.0,0
20151127T,387444.0,387444.0,387444.0,387444.0,0
20151130T,400604.0,400604.0,400604.0,400604.0,0
20151201T,414272.0,414272.0,414272.0,414272.0,0
20151202T,424183.0,424183.0,424183.0,424183.0,0
20151203T,442811.0,442811.0,442811.0,442811.0,0
20151204T,462313.0,462313.0,462313.0,462313.0,0
20151207T,462012.0,462012.0,462012.0,462012.0,0
20151208T,474715.0,474715.0,474715.0,474715.0,0
20151209T,517481.0,517481.0,517481.0,517481.0,0
20151210T,524038.0,524038.0,524038.0,524038.0,0
20151211T,531496.0,531496.0,531496.0,531496.0,0
20151214T,567505.0,567505.0,567505.0,567505.0,0
20151215T,568858.0,568858.0,568858.0,568858.0,0
20151216T,552897.0,552897.0,552897.0,552897.0,0
20151217T,525010.0,525010.0,525010.0,525010.0,0
20151218T,517909.0,517909.0,517909.0,517909.0,0
20151221T,530674.0,530674.0,530674.0,530674.0,0
20151222T,530338.0,530338.0,530338.0,530338.0,0
20151223T,526098.0,526098.0,526098.0,526098.0,0
20151224T,523453.0,523453.0,523453.0,523453.0,0
20151228T,520793.0,520793.0,520793.0,520793.0,0
20151229T,513639.0,513639.0,513639.0,513639.0,0
20151230T,513785.0,513785.0,513785.0,513785.0,0
20151231T,210179.0,210179.0,210179.0,210179.0,0
20160101T,224176.0,224176.0,224176.0,224176.0,0
20160104T,330727.0,330727.0,330727.0,330727.0,0
20160105T,381167.0,381167.0,381167.0,381167.0,0
20160106T,395477.0,395477.0,395477.0,395477.0,0
20160107T,469342.0,469342.0,469342.0,469342.0,0
20160108T,486750.0,486750.0,486750.0,486750.0,0
20160111T,517441.0,517441.0,517441.0,517441.0,0
20160112T,539903.0,539903.0,539903.0,539903.0,0
20160113T,550960.0,550960.0,550960.0,550960.0,0
20160114T,568182.0,568182.0,568182.0,568182.0,0
20160115T,587162.0,587162.0,587162.0,587162.0,0
20160118T,601469.0,601469.0,601469.0,601469.0,0
20160119T,624333.0,624333.0,624333.0,624333.0,0
20160120T,677490.0,677490.0,677490.0,677490.0,0
20160121T,690318.0,690318.0,690318.0,690318.0,0
20160122T,677427.0,677427.0,677427.0,677427.0,0
20160125T,662996.0,662996.0,662996.0,662996.0,0
20160127T,647648.0,647648.0,647648.0,647648.0,0
20160128T,340209.0,340209.0,340209.0,340209.0,0
20160129T,366942.0,366942.0,366942.0,366942.0,0
20160201T,391896.0,391896.0,391896.0,391896.0,0
20160202T,383732.0,383732.0,383732.0,383732.0,0
20160203T,403512.0,403512.0,403512.0,403512.0,0
20160204T,418014.0,418014.0,418014.0,418014.0,0
20160205T,428549.0,428549.0,428549.0,428549.0,0
20160208T,446003.0,446003.0,446003.0,446003.0,0
20160209T,518724.0,518724.0,518724.0,518724.0,0
20160211T,597309.0,597309.0,597309.0,597309.0,0
20160212T,619049.0,619049.0,619049.0,619049.0,0
20160215T,627409.0,627409.0,627409.0,627409.0,0
20160216T,617919.0,617919.0,617919.0,617919.0,0
20160217T,613478.0,613478.0,613478.0,613478.0,0
20160218T,587578.0,587578.0,587578.0,587578.0,0
20160219T,545139.0,545139.0,545139.0,545139.0,0
20160222T,538158.0,538158.0,538158.0,538158.0,0
20160223T,525157.0,525157.0,525157.0,525157.0,0
20160224T,509152.0,509152.0,509152.0,509152.0,0
20160225T,318438.0,318438.0,318438.0,318438.0,0
20160226T,335616.0,335616.0,335616.0,335616.0,0
20160229T,351214.0,351214.0,351214.0,351214.0,0
20160301T,389821.0,389821.0,389821.0,389821.0,0
20160302T,431250.0,431250.0,431250.0,431250.0,0
20160303T,436354.0,436354.0,436354.0,436354.0,0
20160304T,448288.0,448288.0,448288.0,448288.0,0
20160308T,444345.0,444345.0,444345.0,444345.0,0
20160309T,452921.0,452921.0,452921.0,452921.0,0
20160310T,466380.0,466380.0,466380.0,466380.0,0
20160311T,466982.0,466982.0,466982.0,466982.0,0
20160314T,469687.0,469687.0,469687.0,469687.0,0
20160315T,477921.0,477921.0,477921.0,477921.0,0
20160316T,500465.0,500465.0,500465.0,500465.0,0
20160317T,508716.0,508716.0,508716.0,508716.0,0
20160318T,512897.0,512897.0,512897.0,512897.0,0
20160321T,492452.0,492452.0,492452.0,492452.0,0
20160322T,492136.0,492136.0,492136.0,492136.0,0
20160323T,490194.0,490194.0,490194.0,490194.0,0
20160328T,489551.0,489551.0,489551.0,489551.0,0
20160329T,497192.0,497192.0,497192.0,497192.0,0
20160330T,480755.0,480755.0,480755.0,480755.0,0
20160331T,240373.0,240373.0,240373.0,240373.0,0
20160401T,291903.0,291903.0,291903.0,291903.0,0
20160404T,303410.0,303410.0,303410.0,303410.0,0
20160405T,343180.0,343180.0,343180.0,343180.0,0
20160406T,349993.0,349993.0,349993.0,349993.0,0
20160407T,356579.0,356579.0,356579.0,356579.0,0
20160408T,368879.0,368879.0,368879.0,368879.0,0
20160411T,379441.0,379441.0,379441.0,379441.0,0
20160412T,397386.0,397386.0,397386.0,397386.0,0
20160413T,444021.0,444021.0,444021.0,444021.0,0
20160418T,450227.0,450227.0,450227.0,450227.0,0
20160420T,441662.0,441662.0,441662.0,441662.0,0
20160421T,442212.0,442212.0,442212.0,442212.0,0
20160422T,452280.0,452280.0,452280.0,452280.0,0
20160425T,476307.0,476307.0,476307.0,476307.0,0
20160426T,483136.0,483136.0,483136.0,483136.0,0
20160427T,491675.0,491675.0,491675.0,491675.0,0
20160428T,264895.0,264895.0,264895.0,264895.0,0
20160429T,324642.0,324642.0,324642.0,324642.0,0
20160502T,332821.0,332821.0,332821.0,332821.0,0
20160503T,353663.0,353663.0,353663.0,353663.0,0
20160504T,373946.0,373946.0,373946.0,373946.0,0
20160505T,397590.0,397590.0,397590.0,397590.0,0
20160506T,407018.0,407018.0,407018.0,407018.0,0
20160509T,421082.0,421082.0,421082.0,421082.0,0
20160510T,434624.0,434624.0,434624.0,434624.0,0
20160511T,453004.0,453004.0,453004.0,453004.0,0
20160512T,462531.0,462531.0,462531.0,462531.0,0
20160513T,479942.0,479942.0,479942.0,479942.0,0
20160516T,494428.0,494428.0,494428.0,494428.0,0
20160517T,493739.0,493739.0,493739.0,493739.0,0
20160518T,496918.0,496918.0,496918.0,496918.0,0
20160519T,506515.0,506515.0,506515.0,506515.0,0
20160520T,512147.0,512147.0,512147.0,512147.0,0
20160523T,512810.0,512810.0,512810.0,512810.0,0
20160524T,504064.0,504064.0,504064.0,504064.0,0
20160525T,496403.0,496403.0,496403.0,496403.0,0
20160526T,289346.0,289346.0,289346.0,289346.0,0
20160527T,294200.0,294200.0,294200.0,294200.0,0
20160530T,310856.0,310856.0,310856.0,310856.0,0
20160531T,313353.0,313353.0,313353.0,313353.0,0
20160601T,326621.0,326621.0,326621.0,326621.0,0
20160602T,338165.0,338165.0,338165.0,338165.0,0
20160603T,343769.0,343769.0,343769.0,343769.0,0
20160606T,344603.0,344603.0,344603.0,344603.0,0
20160607T,345892.0,345892.0,345892.0,345892.0,0
20160608T,369253.0,369253.0,369253.0,369253.0,0
20160609T,384709.0,384709.0,384709.0,384709.0,0
20160610T,392838.0,392838.0,392838.0,392838.0,0
20160613T,409995.0,409995.0,409995.0,409995.0,0
20160614T,444516.0,444516.0,444516.0,444516.0,0
20160615T,470045.0,470045.0,470045.0,470045.0,0
20160616T,485335.0,485335.0,485335.0,485335.0,0
20160617T,496842.0,496842.0,496842.0,496842.0,0
20160620T,490072.0,490072.0,490072.0,490072.0,0
20160621T,481056.0,481056.0,481056.0,481056.0,0
20160622T,496922.0,496922.0,496922.0,496922.0,0
20160623T,521432.0,521432.0,521432.0,521432.0,0
20160624T,539452.0,539452.0,539452.0,539452.0,0
20160627T,539122.0,539122.0,539122.0,539122.0,0
20160628T,550136.0,550136.0,550136.0,550136.0,0
20160629T,559767.0,559767.0,559767.0,559767.0,0
20160630T,245266.0,245266.0,245266.0,245266.0,0
20160701T,262639.0,262639.0,262639.0,262639.0,0
20160704T,277811.0,277811.0,277811.0,277811.0,0
20160705T,290474.0,290474.0,290474.0,290474.0,0
20160707T,297166.0,297166.0,297166.0,297166.0,0
20160708T,307651.0,307651.0,307651.0,307651.0,0
20160711T,319575.0,319575.0,319575.0,319575.0,0
20160712T,323172.0,323172.0,323172.0,323172.0,0
20160713T,335965.0,335965.0,335965.0,335965.0,0
20160714T,348028.0,348028.0,348028.0,348028.0,0
20160715T,354805.0,354805.0,354805.0,354805.0,0
20160718T,368730.0,368730.0,368730.0,368730.0,0
20160719T,378333.0,378333.0,378333.0,378333.0,0
20160720T,386029.0,386029.0,386029.0,386029.0,0
20160721T,396230.0,396230.0,396230.0,396230.0,0
20160722T,401598.0,401598.0,401598.0,401598.0,0
20160725T,405672.0,405672.0,405672.0,405672.0,0
20160726T,407689.0,407689.0,407689.0,407689.0,0
20160727T,408396.0,408396.0,408396.0,408396.0,0
20160728T,260792.0,260792.0,260792.0,260792.0,0
20160729T,285076.0,285076.0,285076.0,285076.0,0
20160801T,304763.0,304763.0,304763.0,304763.0,0
20160802T,321927.0,321927.0,321927.0,321927.0,0
20160803T,346933.0,346933.0,346933.0,346933.0,0
20160804T,374703.0,374703.0,374703.0,374703.0,0
20160805T,382335.0,382335.0,382335.0,382335.0,0
20160808T,391120.0,391120.0,391120.0,391120.0,0
20160809T,408237.0,408237.0,408237.0,408237.0,0
20160810T,434344.0,434344.0,434344.0,434344.0,0
20160811T,450335.0,450335.0,450335.0,450335.0,0
20160812T,439842.0,439842.0,439842.0,439842.0,0
20160816T,448740.0,448740.0,448740.0,448740.0,0
20160817T,461018.0,461018.0,461018.0,461018.0,0
20160818T,474355.0,474355.0,474355.0,474355.0,0
20160819T,486157.0,486157.0,486157.0,486157.0,0
20160822T,482232.0,482232.0,482232.0,482232.0,0
20160823T,480568.0,480568.0,480568.0,480568.0,0
20160824T,496259.0,496259.0,496259.0,496259.0,0
20160825T,302337.0,302337.0,302337.0,302337.0,0
20160826T,340273.0,340273.0,340273.0,340273.0,0
20160829T,353647.0,353647.0,353647.0,353647.0,0
20160830T,345853.0,345853.0,345853.0,345853.0,0
20160831T,352707.0,352707.0,352707.0,352707.0,0
20160901T,373629.0,373629.0,373629.0,373629.0,0
20160902T,387406.0,387406.0,387406.0,387406.0,0
20160906T,399292.0,399292.0,399292.0,399292.0,0
20160907T,410736.0,410736.0,410736.0,410736.0,0
20160908T,418066.0,418066.0,418066.0,418066.0,0
20160909T,440897.0,440897.0,440897.0,440897.0,0
20160912T,492331.0,492331.0,492331.0,492331.0,0
20160914T,510741.0,510741.0,510741.0,510741.0,0
20160915T,512245.0,512245.0,512245.0,512245.0,0
20160916T,512242.0,512242.0,512242.0,512242.0,0
20160919T,521179.0,521179.0,521179.0,521179.0,0
20160920T,526991.0,526991.0,526991.0,526991.0,0
20160921T,550929.0,550929.0,550929.0,550929.0,0
20160922T,554055.0,554055.0,554055.0,554055.0,0
20160923T,545986.0,545986.0,545986.0,545986.0,0
20160926T,571523.0,571523.0,571523.0,571523.0,0
20160927T,581942.0,581942.0,581942.0,581942.0,0
20160928T,599355.0,599355.0,599355.0,599355.0,0
20160929T,292107.0,292107.0,292107.0,292107.0,0
20160930T,332748.0,332748.0,332748.0,332748.0,0
20161003T,334539.0,334539.0,334539.0,334539.0,0
20161004T,341740.0,341740.0,341740.0,341740.0,0
20161005T,350434.0,350434.0,350434.0,350434.0,0
20161006T,358089.0,358089.0,358089.0,358089.0,0
20161007T,373457.0,373457.0,373457.0,373457.0,0
20161010T,366443.0,366443.0,366443.0,366443.0,0
20161013T,406982.0,406982.0,406982.0,406982.0,0
20161014T,436535.0,436535.0,436535.0,436535.0,0
20161017T,431614.0,431614.0,431614.0,431614.0,0
20161018T,432888.0,432888.0,432888.0,432888.0,0
20161019T,448626.0,448626.0,448626.0,448626.0,0
20161020T,421677.0,421677.0,421677.0,421677.0,0
20161021T,429392.0,429392.0,429392.0,429392.0,0
20161024T,430910.0,430910.0,430910.0,430910.0,0
20161025T,429239.0,429239.0,429239.0,429239.0,0
20161026T,433348.0,433348.0,433348.0,433348.0,0
20161027T,262774.0,262774.0,262774.0,262774.0,0
20161028T,300027.0,300027.0,300027.0,300027.0,0
20161101T,302368.0,302368.0,302368.0,302368.0,0
20161102T,339157.0,339157.0,339157.0,339157.0,0
20161103T,355872.0,355872.0,355872.0,355872.0,0
20161104T,395894.0,395894.0,395894.0,395894.0,0
20161107T,398262.0,398262.0,398262.0,398262.0,0
20161108T,408388.0,408388.0,408388.0,408388.0,0
20161109T,433665.0,433665.0,433665.0,433665.0,0
20161110T,435095.0,435095.0,435095.0,435095.0,0
20161111T,484421.0,484421.0,484421.0,484421.0,0
20161115T,471023.0,471023.0,471023.0,471023.0,0
20161116T,481163.0,481163.0,481163.0,481163.0,0
20161117T,489263.0,489263.0,489263.0,489263.0,0
20161118T,500729.0,500729.0,500729.0,500729.0,0
20161121T,515111.0,515111.0,515111.0,515111.0,0
20161122T,495064.0,495064.0,495064.0,495064.0,0
20161123T,487300.0,487300.0,487300.0,487300.0,0
20161124T,304080.0,304080.0,304080.0,304080.0,0
20161125T,335755.0,335755.0,335755.0,335755.0,0
20161128T,363190.0,363190.0,363190.0,363190.0,0
20161129T,379720.0,379720.0,379720.0,379720.0,0
20161130T,386922.0,386922.0,386922.0,386922.0,0
20161201T,400685.0,400685.0,400685.0,400685.0,0
20161202T,411408.0,411408.0,411408.0,411408.0,0
20161205T,417896.0,417896.0,417896.0,417896.0,0
20161206T,423723.0,423723.0,423723.0,423723.0,0
20161207T,435183.0,435183.0,435183.0,435183.0,0
20161208T,437308.0,437308.0,437308.0,437308.0,0
20161209T,441020.0,441020.0,441020.0,441020.0,0
20161212T,446804.0,446804.0,446804.0,446804.0,0
20161213T,448699.0,448699.0,448699.0,448699.0,0
20161214T,447207.0,447207.0,447207.0,447207.0,0
20161215T,459704.0,459704.0,459704.0,459704.0,0
20161216T,474045.0,474045.0,474045.0,474045.0,0
20161219T,483608.0,483608.0,483608.0,483608.0,0
20161220T,480442.0,480442.0,480442.0,480442.0,0
20161221T,492686.0,492686.0,492686.0,492686.0,0
20161222T,495447.0,495447.0,495447.0,495447.0,0
20161223T,495473.0,495473.0,495473.0,495473.0,0
20161226T,502280.0,502280.0,502280.0,502280.0,0
20161227T,509669.0,509669.0,509669.0,509669.0,0
20161228T,519140.0,519140.0,519140.0,519140.0,0
20161229T,274933.0,274933.0,274933.0,274933.0,0
20161230T,303081.0,303081.0,303081.0,303081.0,0
20170102T,329766.0,329766.0,329766.0,329766.0,0
20170103T,348384.0,348384.0,348384.0,348384.0,0
20170104T,360075.0,360075.0,360075.0,360075.0,0
20170105T,334655.0,334655.0,334655.0,334655.0,0
20170106T,346899.0,346899.0,346899.0,346899.0,0
20170109T,355771.0,355771.0,355771.0,355771.0,0
20170110T,360316.0,360316.0,360316.0,360316.0,0
20170111T,369134.0,369134.0,369134.0,369134.0,0
20170112T,378482.0,378482.0,378482.0,378482.0,0
20170113T,391844.0,391844.0,391844.0,391844.0,0
20170116T,405322.0,405322.0,405322.0,405322.0,0
20170117T,414925.0,414925.0,414925.0,414925.0,0
20170118T,410244.0,410244.0,410244.0,410244.0,0
20170119T,419199.0,419199.0,419199.0,419199.0,0
20170120T,442378.0,442378.0,442378.0,442378.0,0
20170123T,431557.0,431557.0,431557.0,431557.0,0
20170124T,429578.0,429578.0,429578.0,429578.0,0
20170125T,249871.0,249871.0,249871.0,249871.0,0
20170127T,266501.0,266501.0,266501.0,266501.0,0
20170130T,306345.0,306345.0,306345.0,306345.0,0
20170131T,365391.0,365391.0,365391.0,365391.0,0
20170201T,373123.0,373123.0,373123.0,373123.0,0
20170202T,384762.0,384762.0,384762.0,384762.0,0
20170203T,391729.0,391729.0,391729.0,391729.0,0
20170206T,402668.0,402668.0,402668.0,402668.0,0
20170207T,416708.0,416708.0,416708.0,416708.0,0
20170208T,432637.0,432637.0,432637.0,432637.0,0
20170209T,445654.0,445654.0,445654.0,445654.0,0
20170210T,458681.0,458681.0,458681.0,458681.0,0
20170213T,454903.0,454903.0,454903.0,454903.0,0
20170214T,457238.0,457238.0,457238.0,457238.0,0
20170215T,469584.0,469584.0,469584.0,469584.0,0
20170216T,466790.0,466790.0,466790.0,466790.0,0
20170217T,473939.0,473939.0,473939.0,473939.0,0
20170220T,470455.0,470455.0,470455.0,470455.0,0
20170221T,467198.0,467198.0,467198.0,467198.0,0
20170222T,463554.0,463554.0,463554.0,463554.0,0
20170223T,233105.0,233105.0,233105.0,233105.0,0
20170227T,252243.0,252243.0,252243.0,252243.0,0
20170228T,271238.0,271238.0,271238.0,271238.0,0
20170301T,289385.0,289385.0,289385.0,289385.0,0
20170302T,291297.0,291297.0,291297.0,291297.0,0
20170303T,302814.0,302814.0,302814.0,302814.0,0
20170306T,304155.0,304155.0,304155.0,304155.0,0
20170307T,305340.0,305340.0,305340.0,305340.0,0
20170308T,328803.0,328803.0,328803.0,328803.0,0
20170309T,332079.0,332079.0,332079.0,332079.0,0
20170310T,337193.0,337193.0,337193.0,337193.0,0
20170314T,350295.0,350295.0,350295.0,350295.0,0
20170315T,359023.0,359023.0,359023.0,359023.0,0
20170316T,355661.0,355661.0,355661.0,355661.0,0
20170317T,364936.0,364936.0,364936.0,364936.0,0
20170320T,365348.0,365348.0,365348.0,365348.0,0
20170321T,361971.0,361971.0,361971.0,361971.0,0
20170322T,390771.0,390771.0,390771.0,390771.0,0
20170323T,393858.0,393858.0,393858.0,393858.0,0
20170324T,409857.0,409857.0,409857.0,409857.0,0
20170327T,412166.0,412166.0,412166.0,412166.0,0
20170328T,413831.0,413831.0,413831.0,413831.0,0
20170329T,422510.0,422510.0,422510.0,422510.0,0
20170330T,239335.0,239335.0,239335.0,239335.0,0
20170331T,252440.0,252440.0,252440.0,252440.0,0
20170403T,265226.0,265226.0,265226.0,265226.0,0
20170405T,283862.0,283862.0,283862.0,283862.0,0
20170406T,284596.0,284596.0,284596.0,284596.0,0
20170407T,308805.0,308805.0,308805.0,308805.0,0
20170410T,315787.0,315787.0,315787.0,315787.0,0
20170411T,327876.0,327876.0,327876.0,327876.0,0
20170412T,347097.0,347097.0,347097.0,347097.0,0
20170413T,376261.0,376261.0,376261.0,376261.0,0
20170417T,382712.0,382712.0,382712.0,382712.0,0
20170418T,401007.0,401007.0,401007.0,401007.0,0
20170419T,432390.0,432390.0,432390.0,432390.0,0
20170420T,435541.0,435541.0,435541.0,435541.0,0
20170421T,449003.0,449003.0,449003.0,449003.0,0
20170424T,437554.0,437554.0,437554.0,437554.0,0
20170425T,431030.0,431030.0,431030.0,431030.0,0
20170426T,437306.0,437306.0,437306.0,437306.0,0
20170427T,227881.0,227881.0,227881.0,227881.0,0
20170428T,271119.0,271119.0,271119.0,271119.0,0
20170502T,278522.0,278522.0,278522.0,278522.0,0
20170503T,292962.0,292962.0,292962.0,292962.0,0
20170504T,303574.0,303574.0,303574.0,303574.0,0
20170505T,327653.0,327653.0,327653.0,327653.0,0
20170508T,330850.0,330850.0,330850.0,330850.0,0
20170509T,335981.0,335981.0,335981.0,335981.0,0
20170510T,338232.0,338232.0,338232.0,338232.0,0
20170511T,340521.0,340521.0,340521.0,340521.0,0
20170512T,344636.0,344636.0,344636.0,344636.0,0
20170515T,343139.0,343139.0,343139.0,343139.0,0
20170516T,340245.0,340245.0,340245.0,340245.0,0
20170517T,350511.0,350511.0,350511.0,350511.0,0
20170518T,376527.0,376527.0,376527.0,376527.0,0
20170519T,393853.0,393853.0,393853.0,393853.0,0
20170522T,392617.0,392617.0,392617.0,392617.0,0
20170523T,427917.0,427917.0,427917.0,427917.0,0
20170524T,432078.0,432078.0,432078.0,432078.0,0
20170525T,256016.0,256016.0,256016.0,256016.0,0
20170526T,269382.0,269382.0,269382.0,269382.0,0
20170529T,273032.0,273032.0,273032.0,273032.0,0
20170530T,276862.0,276862.0,276862.0,276862.0,0
20170531T,298060.0,298060.0,298060.0,298060.0,0
20170601T,306573.0,306573.0,306573.0,306573.0,0
20170602T,310618.0,310618.0,310618.0,310618.0,0
20170605T,312539.0,312539.0,312539.0,312539.0,0
20170606T,317458.0,317458.0,317458.0,317458.0,0
20170607T,321610.0,321610.0,321610.0,321610.0,0
20170608T,324984.0,324984.0,324984.0,324984.0,0
20170609T,339795.0,339795.0,339795.0,339795.0,0
20170612T,359036.0,359036.0,359036.0,359036.0,0
20170613T,362881.0,362881.0,362881.0,362881.0,0
20170614T,365097.0,365097.0,365097.0,365097.0,0
20170615T,374600.0,374600.0,374600.0,374600.0,0
20170616T,387614.0,387614.0,387614.0,387614.0,0
20170619T,385600.0,385600.0,385600.0,385600.0,0
20170620T,395764.0,395764.0,395764.0,395764.0,0
20170621T,418401.0,418401.0,418401.0,418401.0,0
20170622T,421759.0,421759.0,421759.0,421759.0,0
20170623T,451408.0,451408.0,451408.0,451408.0,0
20170627T,467360.0,467360.0,467360.0,467360.0,0
20170628T,480453.0,480453.0,480453.0,480453.0,0
20170629T,269339.0,269339.0,269339.0,269339.0,0
20170630T,298750.0,298750.0,298750.0,298750.0,0
20170703T,306546.0,306546.0,306546.0,306546.0,0
20170704T,316883.0,316883.0,316883.0,316883.0,0
20170705T,323335.0,323335.0,323335.0,323335.0,0
20170706T,324751.0,324751.0,324751.0,324751.0,0
20170707T,336198.0,336198.0,336198.0,336198.0,0
20170710T,342603.0,342603.0,342603.0,342603.0,0
20170711T,335222.0,335222.0,335222.0,335222.0,0
20170712T,355473.0,355473.0,355473.0,355473.0,0
20170713T,365419.0,365419.0,365419.0,365419.0,0
20170714T,367716.0,367716.0,367716.0,367716.0,0
20170717T,383897.0,383897.0,383897.0,383897.0,0
20170718T,420363.0,420363.0,420363.0,420363.0,0
20170719T,433542.0,433542.0,433542.0,433542.0,0
20170720T,433900.0,433900.0,433900.0,433900.0,0
20170721T,403548.0,403548.0,403548.0,403548.0,0
20170724T,419769.0,419769.0,419769.0,419769.0,0
20170725T,427171.0,427171.0,427171.0,427171.0,0
20170726T,450804.0,450804.0,450804.0,450804.0,0
20170727T,254054.0,254054.0,254054.0,254054.0,0
20170728T,285290.0,285290.0,285290.0,285290.0,0
20170731T,305111.0,305111.0,305111.0,305111.0,0
20170801T,309736.0,309736.0,309736.0,309736.0,0
20170802T,309218.0,309218.0,309218.0,309218.0,0
20170803T,320669.0,320669.0,320669.0,320669.0,0
20170804T,333103.0,333103.0,333103.0,333103.0,0
20170807T,338267.0,338267.0,338267.0,338267.0,0
20170808T,358942.0,358942.0,358942.0,358942.0,0
20170809T,394028.0,394028.0,394028.0,394028.0,0
20170810T,411412.0,411412.0,411412.0,411412.0,0
20170811T,439139.0,439139.0,439139.0,439139.0,0
20170814T,453772.0,453772.0,453772.0,453772.0,0
20170816T,455158.0,455158.0,455158.0,455158.0,0
20170817T,461126.0,461126.0,461126.0,461126.0,0
20170818T,454270.0,454270.0,454270.0,454270.0,0
20170821T,458186.0,458186.0,458186.0,458186.0,0
20170822T,478067.0,478067.0,478067.0,478067.0,0
20170823T,478293.0,478293.0,478293.0,478293.0,0
20170824T,469557.0,469557.0,469557.0,469557.0,0
20170828T,463904.0,463904.0,463904.0,463904.0,0
20170829T,457175.0,457175.0,457175.0,457175.0,0
20170830T,452380.0,452380.0,452380.0,452380.0,0
20170831T,300732.0,300732.0,300732.0,300732.0,0
20170901T,325234.0,325234.0,325234.0,325234.0,0
20170904T,341166.0,341166.0,341166.0,341166.0,0
20170905T,350392.0,350392.0,350392.0,350392.0,0
20170906T,365629.0,365629.0,365629.0,365629.0,0
20170907T,375609.0,375609.0,375609.0,375609.0,0
20170908T,389177.0,389177.0,389177.0,389177.0,0
20170911T,386833.0,386833.0,386833.0,386833.0,0
20170912T,392158.0,392158.0,392158.0,392158.0,0
20170913T,404153.0,404153.0,404153.0,404153.0,0
20170914T,410013.0,410013.0,410013.0,410013.0,0
20170915T,412032.0,412032.0,412032.0,412032.0,0
20170918T,410223.0,410223.0,410223.0,410223.0,0
20170919T,423507.0,423507.0,423507.0,423507.0,0
20170920T,436545.0,436545.0,436545.0,436545.0,0
20170921T,424038.0,424038.0,424038.0,424038.0,0
20170922T,444621.0,444621.0,444621.0,444621.0,0
20170925T,459569.0,459569.0,459569.0,459569.0,0
20170926T,468346.0,468346.0,468346.0,468346.0,0
20170927T,484976.0,484976.0,484976.0,484976.0,0
20170928T,340949.0,340949.0,340949.0,340949.0,0
20170929T,362415.0,362415.0,362415.0,362415.0,0
20171003T,364865.0,364865.0,364865.0,364865.0,0
20171004T,366040.0,366040.0,366040.0,366040.0,0
20171005T,370354.0,370354.0,370354.0,370354.0,0
20171006T,374682.0,374682.0,374682.0,374682.0,0
20171009T,381278.0,381278.0,381278.0,381278.0,0
20171010T,388611.0,388611.0,388611.0,388611.0,0
20171011T,404458.0,404458.0,404458.0,404458.0,0
20171012T,392122.0,392122.0,392122.0,392122.0,0
20171013T,403027.0,403027.0,403027.0,403027.0,0
20171016T,399278.0,399278.0,399278.0,399278.0,0
20171017T,405198.0,405198.0,405198.0,405198.0,0
20171018T,401359.0,401359.0,401359.0,401359.0,0
20171019T,401359.0,401359.0,401359.0,401359.0,0
20171023T,399641.0,399641.0,399641.0,399641.0,0
20171024T,396077.0,396077.0,396077.0,396077.0,0
20171025T,388325.0,388325.0,388325.0,388325.0,0
20171026T,259652.0,259652.0,259652.0,259652.0,0
20171027T,269070.0,269070.0,269070.0,269070.0,0
20171030T,279029.0,279029.0,279029.0,279029.0,0
20171031T,304805.0,304805.0,304805.0,304805.0,0
20171101T,304617.0,304617.0,304617.0,304617.0,0
20171102T,313224.0,313224.0,313224.0,313224.0,0
20171103T,338720.0,338720.0,338720.0,338720.0,0
20171106T,341693.0,341693.0,341693.0,341693.0,0
20171107T,380892.0,380892.0,380892.0,380892.0,0
20171108T,383811.0,383811.0,383811.0,383811.0,0
20171109T,380378.0,380378.0,380378.0,380378.0,0
20171110T,392304.0,392304.0,392304.0,392304.0,0
20171113T,395310.0,395310.0,395310.0,395310.0,0
20171114T,387176.0,387176.0,387176.0,387176.0,0
20171115T,403067.0,403067.0,403067.0,403067.0,0
20171116T,414156.0,414156.0,414156.0,414156.0,0
20171117T,422848.0,422848.0,422848.0,422848.0,0
20171120T,425761.0,425761.0,425761.0,425761.0,0
20171121T,459858.0,459858.0,459858.0,459858.0,0
20171122T,468080.0,468080.0,468080.0,468080.0,0
20171123T,455144.0,455144.0,455144.0,455144.0,0
20171124T,454445.3333,454445.3333,454445.3333,454445.3333,0
20171127T,474808.0,474808.0,474808.0,474808.0,0
20171128T,490505.0,490505.0,490505.0,490505.0,0
20171129T,500997.0,500997.0,500997.0,500997.0,0
20171130T,368972.0,368972.0,368972.0,368972.0,0
20171201T,424970.0,424970.0,424970.0,424970.0,0
20171204T,439879.0,439879.0,439879.0,439879.0,0
20171205T,448205.0,448205.0,448205.0,448205.0,0
20171206T,470853.0,470853.0,470853.0,470853.0,0
20171207T,459276.0,459276.0,459276.0,459276.0,0
20171208T,467439.0,467439.0,467439.0,467439.0,0
20171211T,462968.0,462968.0,462968.0,462968.0,0
20171212T,467108.0,467108.0,467108.0,467108.0,0
20171213T,468387.0,468387.0,468387.0,468387.0,0
20171214T,460984.0,460984.0,460984.0,460984.0,0
20171215T,483804.0,483804.0,483804.0,483804.0,0
20171218T,492586.0,492586.0,492586.0,492586.0,0
20171219T,493955.0,493955.0,493955.0,493955.0,0
20171220T,516247.0,516247.0,516247.0,516247.0,0
20171221T,510783.0,510783.0,510783.0,510783.0,0
20171222T,505437.0,505437.0,505437.0,505437.0,0
20171226T,513987.0,513987.0,513987.0,513987.0,0
20171227T,528500.0,528500.0,528500.0,528500.0,0
20171228T,232244.0,232244.0,232244.0,232244.0,0
20171229T,273241.0,273241.0,273241.0,273241.0,0
20180101T,282059.0,282059.0,282059.0,282059.0,0
20180102T,298743.0,298743.0,298743.0,298743.0,0
20180103T,304621.0,304621.0,304621.0,304621.0,0
20180104T,294452.0,294452.0,294452.0,294452.0,0
20180105T,308661.0,308661.0,308661.0,308661.0,0
20180108T,323801.0,323801.0,323801.0,323801.0,0
20180109T,323927.0,323927.0,323927.0,323927.0,0
20180110T,332580.0,332580.0,332580.0,332580.0,0
20180111T,337139.0,337139.0,337139.0,337139.0,0
20180112T,339622.0,339622.0,339622.0,339622.0,0
20180115T,332769.0,332769.0,332769.0,332769.0,0
20180116T,340777.0,340777.0,340777.0,340777.0,0
20180117T,347303.0,347303.0,347303.0,347303.0,0
20180118T,320016.0,320016.0,320016.0,320016.0,0
20180119T,334069.0,334069.0,334069.0,334069.0,0
20180122T,326508.0,326508.0,326508.0,326508.0,0
20180123T,332320.0,332320.0,332320.0,332320.0,0
20180124T,345073.0,345073.0,345073.0,345073.0,0
20180125T,214072.0,214072.0,214072.0,214072.0,0
20180129T,238773.0,238773.0,238773.0,238773.0,0
20180130T,251731.0,251731.0,251731.0,251731.0,0
20180131T,267139.0,267139.0,267139.0,267139.0,0
20180201T,262298.0,262298.0,262298.0,262298.0,0
20180202T,316836.0,316836.0,316836.0,316836.0,0
20180205T,334675.0,334675.0,334675.0,334675.0,0
20180206T,384715.0,384715.0,384715.0,384715.0,0
20180207T,406641.0,406641.0,406641.0,406641.0,0
20180208T,404676.0,404676.0,404676.0,404676.0,0
20180209T,438335.0,438335.0,438335.0,438335.0,0
20180212T,425867.0,425867.0,425867.0,425867.0,0
20180214T,444354.0,444354.0,444354.0,444354.0,0
20180215T,438792.0,438792.0,438792.0,438792.0,0
20180216T,444964.0,444964.0,444964.0,444964.0,0
20180219T,447444.0,447444.0,447444.0,447444.0,0
20180220T,443314.0,443314.0,443314.0,443314.0,0
20180221T,436269.0,436269.0,436269.0,436269.0,0
20180222T,238383.0,238383.0,238383.0,238383.0,0
20180223T,264919.0,264919.0,264919.0,264919.0,0
20180226T,281843.0,281843.0,281843.0,281843.0,0
20180227T,293639.0,293639.0,293639.0,293639.0,0
20180228T,305923.0,305923.0,305923.0,305923.0,0
20180301T,300873.0,300873.0,300873.0,300873.0,0
20180305T,314324.0,314324.0,314324.0,314324.0,0
20180306T,330959.0,330959.0,330959.0,330959.0,0
20180307T,338544.0,338544.0,338544.0,338544.0,0
20180308T,339274.0,339274.0,339274.0,339274.0,0
20180309T,349983.0,349983.0,349983.0,349983.0,0
20180312T,346421.0,346421.0,346421.0,346421.0,0
20180313T,347639.0,347639.0,347639.0,347639.0,0
20180314T,353041.0,353041.0,353041.0,353041.0,0
20180315T,357439.0,357439.0,357439.0,357439.0,0
20180316T,361514.0,361514.0,361514.0,361514.0,0
20180319T,397270.0,397270.0,397270.0,397270.0,0
20180320T,391165.0,391165.0,391165.0,391165.0,0
20180321T,394004.0,394004.0,394004.0,394004.0,0
20180322T,389385.0,389385.0,389385.0,389385.0,0
20180323T,390398.0,390398.0,390398.0,390398.0,0
20180326T,398704.0,398704.0,398704.0,398704.0,0
20180327T,405083.0,405083.0,405083.0,405083.0,0
20180328T,290971.0,290971.0,290971.0,290971.0,0
20180402T,304625.0,304625.0,304625.0,304625.0,0
20180403T,315077.0,315077.0,315077.0,315077.0,0
20180404T,327593.0,327593.0,327593.0,327593.0,0
20180405T,332409.0,332409.0,332409.0,332409.0,0
20180406T,341729.0,341729.0,341729.0,341729.0,0
20180409T,343414.0,343414.0,343414.0,343414.0,0
20180410T,350172.0,350172.0,350172.0,350172.0,0
20180411T,372689.0,372689.0,372689.0,372689.0,0
20180412T,374699.0,374699.0,374699.0,374699.0,0
20180413T,382329.0,382329.0,382329.0,382329.0,0
20180416T,389851.0,389851.0,389851.0,389851.0,0
20180417T,396491.0,396491.0,396491.0,396491.0,0
20180418T,399425.0,399425.0,399425.0,399425.0,0
20180419T,400176.0,400176.0,400176.0,400176.0,0
20180420T,398303.0,398303.0,398303.0,398303.0,0
20180423T,412192.0,412192.0,412192.0,412192.0,0
20180424T,418583.0,418583.0,418583.0,418583.0,0
20180425T,426395.0,426395.0,426395.0,426395.0,0
20180426T,275645.0,275645.0,275645.0,275645.0,0
20180427T,282240.0,282240.0,282240.0,282240.0,0
20180430T,305893.0,305893.0,305893.0,305893.0,0
20180502T,321824.0,321824.0,321824.0,321824.0,0
20180503T,324077.0,324077.0,324077.0,324077.0,0
20180504T,342049.0,342049.0,342049.0,342049.0,0
20180507T,353094.0,353094.0,353094.0,353094.0,0
20180508T,359009.0,359009.0,359009.0,359009.0,0
20180509T,364808.0,364808.0,364808.0,364808.0,0
20180510T,362648.0,362648.0,362648.0,362648.0,0
20180511T,355743.0,355743.0,355743.0,355743.0,0
20180514T,362319.0,362319.0,362319.0,362319.0,0
20180515T,382697.0,382697.0,382697.0,382697.0,0
20180516T,402990.0,402990.0,402990.0,402990.0,0
20180517T,400805.0,400805.0,400805.0,400805.0,0
20180518T,416597.0,416597.0,416597.0,416597.0,0
20180521T,429395.0,429395.0,429395.0,429395.0,0
20180522T,429548.0,429548.0,429548.0,429548.0,0
20180523T,432088.0,432088.0,432088.0,432088.0,0
20180524T,429474.0,429474.0,429474.0,429474.0,0
20180525T,429221.0,429221.0,429221.0,429221.0,0
20180528T,427712.0,427712.0,427712.0,427712.0,0
20180529T,438002.0,438002.0,438002.0,438002.0,0
20180530T,442812.0,442812.0,442812.0,442812.0,0
20180531T,264911.0,264911.0,264911.0,264911.0,0
20180601T,289976.0,289976.0,289976.0,289976.0,0
20180604T,309530.0,309530.0,309530.0,309530.0,0
20180605T,314384.0,314384.0,314384.0,314384.0,0
20180606T,320417.0,320417.0,320417.0,320417.0,0
20180607T,318553.0,318553.0,318553.0,318553.0,0
20180608T,354757.0,354757.0,354757.0,354757.0,0
20180611T,361113.0,361113.0,361113.0,361113.0,0
20180612T,362035.0,362035.0,362035.0,362035.0,0
20180614T,359439.0,359439.0,359439.0,359439.0,0
20180615T,388320.0,388320.0,388320.0,388320.0,0
20180618T,386683.0,386683.0,386683.0,386683.0,0
20180619T,417984.0,417984.0,417984.0,417984.0,0
20180620T,422164.0,422164.0,422164.0,422164.0,0
20180621T,410943.0,410943.0,410943.0,410943.0,0
20180622T,421817.0,421817.0,421817.0,421817.0,0
20180625T,421695.0,421695.0,421695.0,421695.0,0
20180626T,426616.0,426616.0,426616.0,426616.0,0
20180627T,439778.0,439778.0,439778.0,439778.0,0
20180628T,270807.0,270807.0,270807.0,270807.0,0
20180629T,273375.0,273375.0,273375.0,273375.0,0
20180702T,280520.0,280520.0,280520.0,280520.0,0
20180703T,290140.0,290140.0,290140.0,290140.0,0
20180704T,292647.0,292647.0,292647.0,292647.0,0
20180705T,289472.0,289472.0,289472.0,289472.0,0
20180706T,291182.0,291182.0,291182.0,291182.0,0
20180709T,292718.0,292718.0,292718.0,292718.0,0
20180710T,289977.0,289977.0,289977.0,289977.0,0
20180711T,301677.0,301677.0,301677.0,301677.0,0
20180712T,318079.0,318079.0,318079.0,318079.0,0
20180713T,321857.0,321857.0,321857.0,321857.0,0
20180716T,333612.0,333612.0,333612.0,333612.0,0
20180717T,349340.0,349340.0,349340.0,349340.0,0
20180718T,386464.0,386464.0,386464.0,386464.0,0
20180719T,418515.0,418515.0,418515.0,418515.0,0
20180720T,422301.0,422301.0,422301.0,422301.0,0
20180723T,416637.0,416637.0,416637.0,416637.0,0
20180724T,418234.0,418234.0,418234.0,418234.0,0
20180725T,415691.0,415691.0,415691.0,415691.0,0
20180726T,231427.0,231427.0,231427.0,231427.0,0
20180727T,233818.0,233818.0,233818.0,233818.0,0
20180730T,235277.0,235277.0,235277.0,235277.0,0
20180731T,248234.0,248234.0,248234.0,248234.0,0
20180801T,257097.0,257097.0,257097.0,257097.0,0
20180802T,255957.0,255957.0,255957.0,255957.0,0
20180803T,247086.0,247086.0,247086.0,247086.0,0
20180806T,248130.0,248130.0,248130.0,248130.0,0
20180807T,246709.0,246709.0,246709.0,246709.0,0
20180808T,239350.0,239350.0,239350.0,239350.0,0
20180809T,234315.0,234315.0,234315.0,234315.0,0
20180810T,238988.0,238988.0,238988.0,238988.0,0
20180813T,250819.0,250819.0,250819.0,250819.0,0
20180814T,261337.0,261337.0,261337.0,261337.0,0
20180816T,268604.0,268604.0,268604.0,268604.0,0
20180817T,276325.0,276325.0,276325.0,276325.0,0
20180820T,284332.0,284332.0,284332.0,284332.0,0
20180821T,283525.0,283525.0,283525.0,283525.0,0
20180823T,291479.0,291479.0,291479.0,291479.0,0
20180824T,294192.0,294192.0,294192.0,294192.0,0
20180827T,292341.0,292341.0,292341.0,292341.0,0
20180828T,296720.0,296720.0,296720.0,296720.0,0
20180829T,304145.0,304145.0,304145.0,304145.0,0
20180830T,213598.0,213598.0,213598.0,213598.0,0
20180831T,243916.0,243916.0,243916.0,243916.0,0
20180903T,261775.0,261775.0,261775.0,261775.0,0
20180904T,290720.0,290720.0,290720.0,290720.0,0
20180905T,335698.0,335698.0,335698.0,335698.0,0
20180906T,354428.0,354428.0,354428.0,354428.0,0
20180907T,363371.0,363371.0,363371.0,363371.0,0
20180910T,408221.0,408221.0,408221.0,408221.0,0
20180911T,413052.0,413052.0,413052.0,413052.0,0
20180912T,405906.0,405906.0,405906.0,405906.0,0
20180914T,397731.0,397731.0,397731.0,397731.0,0
20180917T,396918.0,396918.0,396918.0,396918.0,0
20180918T,419677.0,419677.0,419677.0,419677.0,0
20180919T,411184.0,411184.0,411184.0,411184.0,0
20180921T,407324.0,407324.0,407324.0,407324.0,0
20180924T,434288.0,434288.0,434288.0,434288.0,0
20180925T,442369.0,442369.0,442369.0,442369.0,0
20180926T,465511.0,465511.0,465511.0,465511.0,0
20180927T,254589.0,254589.0,254589.0,254589.0,0
20180928T,284311.0,284311.0,284311.0,284311.0,0
20181001T,297118.0,297118.0,297118.0,297118.0,0
20181003T,299524.0,299524.0,299524.0,299524.0,0
20181004T,336036.0,336036.0,336036.0,336036.0,0
20181005T,381352.0,381352.0,381352.0,381352.0,0
20181008T,380611.0,380611.0,380611.0,380611.0,0
20181009T,371986.0,371986.0,371986.0,371986.0,0
20181010T,375845.0,375845.0,375845.0,375845.0,0
20181011T,367850.0,367850.0,367850.0,367850.0,0
20181012T,372371.0,372371.0,372371.0,372371.0,0
20181015T,393602.0,393602.0,393602.0,393602.0,0
20181016T,408915.0,408915.0,408915.0,408915.0,0
20181017T,401814.0,401814.0,401814.0,401814.0,0
20181019T,401616.0,401616.0,401616.0,401616.0,0
20181022T,422318.0,422318.0,422318.0,422318.0,0
20181023T,415406.0,415406.0,415406.0,415406.0,0
20181024T,405504.0,405504.0,405504.0,405504.0,0
20181025T,235973.0,235973.0,235973.0,235973.0,0
20181026T,325388.0,325388.0,325388.0,325388.0,0
20181029T,337844.0,337844.0,337844.0,337844.0,0
20181030T,361145.0,361145.0,361145.0,361145.0,0
20181031T,365252.0,365252.0,365252.0,365252.0,0
20181101T,337143.0,337143.0,337143.0,337143.0,0
20181102T,355344.0,355344.0,355344.0,355344.0,0
20181105T,381090.0,381090.0,381090.0,381090.0,0
20181106T,397398.0,397398.0,397398.0,397398.0,0
20181107T,397179.0,397179.0,397179.0,397179.0,0
20181109T,394407.0,394407.0,394407.0,394407.0,0
20181112T,407669.0,407669.0,407669.0,407669.0,0
20181113T,419188.0,419188.0,419188.0,419188.0,0
20181114T,427274.0,427274.0,427274.0,427274.0,0
20181115T,418418.0,418418.0,418418.0,418418.0,0
20181116T,425739.0,425739.0,425739.0,425739.0,0
20181119T,416976.0,416976.0,416976.0,416976.0,0
20181120T,419633.0,419633.0,419633.0,419633.0,0
20181121T,437879.0,437879.0,437879.0,437879.0,0
20181122T,445825.0,445825.0,445825.0,445825.0,0
20181126T,442947.0,442947.0,442947.0,442947.0,0
20181127T,433719.0,433719.0,433719.0,433719.0,0
20181128T,456213.0,456213.0,456213.0,456213.0,0
20181129T,252044.0,252044.0,252044.0,252044.0,0
20181130T,299763.0,299763.0,299763.0,299763.0,0
20181203T,298939.0,298939.0,298939.0,298939.0,0
20181204T,304817.0,304817.0,304817.0,304817.0,0
20181205T,287334.0,287334.0,287334.0,287334.0,0
20181206T,297304.0,297304.0,297304.0,297304.0,0
20181207T,305307.0,305307.0,305307.0,305307.0,0
20181210T,305046.0,305046.0,305046.0,305046.0,0
20181211T,328733.0,328733.0,328733.0,328733.0,0
20181212T,336631.0,336631.0,336631.0,336631.0,0
20181213T,346960.0,346960.0,346960.0,346960.0,0
20181214T,363458.0,363458.0,363458.0,363458.0,0
20181217T,370398.0,370398.0,370398.0,370398.0,0
20181218T,377363.0,377363.0,377363.0,377363.0,0
20181219T,378153.0,378153.0,378153.0,378153.0,0
20181220T,374160.0,374160.0,374160.0,374160.0,0
20181221T,393214.0,393214.0,393214.0,393214.0,0
20181224T,416431.0,416431.0,416431.0,416431.0,0
20181226T,419850.0,419850.0,419850.0,419850.0,0
20181227T,224606.0,224606.0,224606.0,224606.0,0
20181228T,253108.0,253108.0,253108.0,253108.0,0
20181231T,274229.0,274229.0,274229.0,274229.0,0
20190101T,276532.0,276532.0,276532.0,276532.0,0
20190102T,293155.0,293155.0,293155.0,293155.0,0
20190103T,312289.0,312289.0,312289.0,312289.0,0
20190104T,320490.0,320490.0,320490.0,320490.0,0
20190107T,328307.0,328307.0,328307.0,328307.0,0
20190108T,332084.0,332084.0,332084.0,332084.0,0
20190109T,355263.0,355263.0,355263.0,355263.0,0
20190110T,350636.0,350636.0,350636.0,350636.0,0
20190111T,363210.0,363210.0,363210.0,363210.0,0
20190114T,379446.0,379446.0,379446.0,379446.0,0
20190115T,382551.0,382551.0,382551.0,382551.0,0
20190116T,393291.0,393291.0,393291.0,393291.0,0
20190117T,383196.0,383196.0,383196.0,383196.0,0
20190118T,381657.0,381657.0,381657.0,381657.0,0
20190121T,380123.0,380123.0,380123.0,380123.0,0
20190122T,416444.0,416444.0,416444.0,416444.0,0
20190123T,442921.0,442921.0,442921.0,442921.0,0
20190124T,429209.0,429209.0,429209.0,429209.0,0
20190125T,437272.0,437272.0,437272.0,437272.0,0
20190128T,459867.0,459867.0,459867.0,459867.0,0
20190129T,460409.0,460409.0,460409.0,460409.0,0
20190130T,459036.0,459036.0,459036.0,459036.0,0
20190131T,284170.0,284170.0,284170.0,284170.0,0
20190201T,294912.0,294912.0,294912.0,294912.0,0
20190204T,322784.0,322784.0,322784.0,322784.0,0
20190205T,322934.0,322934.0,322934.0,322934.0,0
20190206T,330760.0,330760.0,330760.0,330760.0,0
20190207T,318433.0,318433.0,318433.0,318433.0,0
20190208T,325667.0,325667.0,325667.0,325667.0,0
20190211T,340770.0,340770.0,340770.0,340770.0,0
20190212T,360758.0,360758.0,360758.0,360758.0,0
20190213T,362774.0,362774.0,362774.0,362774.0,0
20190214T,365836.0,365836.0,365836.0,365836.0,0
20190215T,380470.0,380470.0,380470.0,380470.0,0
20190218T,387977.0,387977.0,387977.0,387977.0,0
20190219T,381774.0,381774.0,381774.0,381774.0,0
20190220T,389165.0,389165.0,389165.0,389165.0,0
20190221T,360108.0,360108.0,360108.0,360108.0,0
20190222T,362582.0,362582.0,362582.0,362582.0,0
20190225T,347818.0,347818.0,347818.0,347818.0,0
20190226T,346139.0,346139.0,346139.0,346139.0,0
20190227T,375674.0,375674.0,375674.0,375674.0,0
20190228T,268553.0,268553.0,268553.0,268553.0,0
20190301T,289956.0,289956.0,289956.0,289956.0,0
20190305T,292426.0,292426.0,292426.0,292426.0,0
20190306T,293061.0,293061.0,293061.0,293061.0,0
20190307T,277113.0,277113.0,277113.0,277113.0,0
20190308T,286909.0,286909.0,286909.0,286909.0,0
20190311T,282021.0,282021.0,282021.0,282021.0,0
20190312T,293978.0,293978.0,293978.0,293978.0,0
20190313T,320713.0,320713.0,320713.0,320713.0,0
20190314T,298951.0,298951.0,298951.0,298951.0,0
20190315T,314804.0,314804.0,314804.0,314804.0,0
20190318T,331434.0,331434.0,331434.0,331434.0,0
20190319T,331574.0,331574.0,331574.0,331574.0,0
20190320T,340688.0,340688.0,340688.0,340688.0,0
20190322T,370775.0,370775.0,370775.0,370775.0,0
20190325T,404638.0,404638.0,404638.0,404638.0,0
20190326T,415012.0,415012.0,415012.0,415012.0,0
20190327T,430464.0,430464.0,430464.0,430464.0,0
20190328T,245395.0,245395.0,245395.0,245395.0,0
20190329T,264440.0,264440.0,264440.0,264440.0,0
20190401T,277996.0,277996.0,277996.0,277996.0,0
20190402T,277639.0,277639.0,277639.0,277639.0,0
20190403T,292514.0,292514.0,292514.0,292514.0,0
20190404T,284689.0,284689.0,284689.0,284689.0,0
20190405T,298131.0,298131.0,298131.0,298131.0,0
20190408T,316493.0,316493.0,316493.0,316493.0,0
20190409T,320401.0,320401.0,320401.0,320401.0,0
20190410T,339567.0,339567.0,339567.0,339567.0,0
20190411T,319053.0,319053.0,319053.0,319053.0,0
20190412T,330713.0,330713.0,330713.0,330713.0,0
20190415T,340954.0,340954.0,340954.0,340954.0,0
20190416T,353681.0,353681.0,353681.0,353681.0,0
20190418T,353012.0,353012.0,353012.0,353012.0,0
20190422T,383294.0,383294.0,383294.0,383294.0,0
20190423T,402908.0,402908.0,402908.0,402908.0,0
20190424T,405534.0,405534.0,405534.0,405534.0,0
20190425T,233166.0,233166.0,233166.0,233166.0,0
20190426T,253513.0,253513.0,253513.0,253513.0,0
20190430T,274014.0,274014.0,274014.0,274014.0,0
20190502T,269076.0,269076.0,269076.0,269076.0,0
20190503T,275870.0,275870.0,275870.0,275870.0,0
20190506T,289834.0,289834.0,289834.0,289834.0,0
20190507T,305918.0,305918.0,305918.0,305918.0,0
20190508T,321658.0,321658.0,321658.0,321658.0,0
20190509T,297690.0,297690.0,297690.0,297690.0,0
20190510T,317820.0,317820.0,317820.0,317820.0,0
20190513T,317217.0,317217.0,317217.0,317217.0,0
20190514T,314643.0,314643.0,314643.0,314643.0,0
20190515T,316211.0,316211.0,316211.0,316211.0,0
20190516T,268633.0,268633.0,268633.0,268633.0,0
20190517T,275870.0,275870.0,275870.0,275870.0,0
20190520T,288470.0,288470.0,288470.0,288470.0,0
20190521T,328178.0,328178.0,328178.0,328178.0,0
20190522T,334881.0,334881.0,334881.0,334881.0,0
20190523T,339375.0,339375.0,339375.0,339375.0,0
20190524T,341607.0,341607.0,341607.0,341607.0,0
20190527T,340677.0,340677.0,340677.0,340677.0,0
20190528T,351672.0,351672.0,351672.0,351672.0,0
20190529T,369596.0,369596.0,369596.0,369596.0,0
20190530T,237375.0,237375.0,237375.0,237375.0,0
20190531T,267162.0,267162.0,267162.0,267162.0,0
20190603T,266955.0,266955.0,266955.0,266955.0,0
20190604T,282395.0,282395.0,282395.0,282395.0,0
20190606T,283092.0,283092.0,283092.0,283092.0,0
20190607T,285386.0,285386.0,285386.0,285386.0,0
20190610T,292791.0,292791.0,292791.0,292791.0,0
20190611T,299872.0,299872.0,299872.0,299872.0,0
20190612T,315625.0,315625.0,315625.0,315625.0,0
20190613T,311639.0,311639.0,311639.0,311639.0,0
20190614T,324618.0,324618.0,324618.0,324618.0,0
20190617T,349887.0,349887.0,349887.0,349887.0,0
20190618T,368569.0,368569.0,368569.0,368569.0,0
20190619T,375252.0,375252.0,375252.0,375252.0,0
20190620T,340506.0,340506.0,340506.0,340506.0,0
20190621T,356457.0,356457.0,356457.0,356457.0,0
20190624T,360283.0,360283.0,360283.0,360283.0,0
20190625T,355524.0,355524.0,355524.0,355524.0,0
20190626T,347380.0,347380.0,347380.0,347380.0,0
20190627T,154835.0,154835.0,154835.0,154835.0,0
20190628T,176087.0,176087.0,176087.0,176087.0,0
20190701T,186056.0,186056.0,186056.0,186056.0,0
20190702T,194818.0,194818.0,194818.0,194818.0,0
20190703T,197671.0,197671.0,197671.0,197671.0,0
20190704T,171935.0,171935.0,171935.0,171935.0,0
20190705T,189290.0,189290.0,189290.0,189290.0,0
20190708T,216060.0,216060.0,216060.0,216060.0,0
20190709T,229789.0,229789.0,229789.0,229789.0,0
20190710T,240881.0,240881.0,240881.0,240881.0,0
20190711T,231367.0,231367.0,231367.0,231367.0,0
20190712T,238639.0,238639.0,238639.0,238639.0,0
20190715T,247172.0,247172.0,247172.0,247172.0,0
20190716T,249600.0,249600.0,249600.0,249600.0,0
20190717T,257247.0,257247.0,257247.0,257247.0,0
20190718T,247409.0,247409.0,247409.0,247409.0,0
20190719T,268640.0,268640.0,268640.0,268640.0,0
20190722T,272231.0,272231.0,272231.0,272231.0,0
20190723T,278502.0,278502.0,278502.0,278502.0,0
20190724T,253587.0,253587.0,253587.0,253587.0,0
20190725T,166419.0,166419.0,166419.0,166419.0,0
20190726T,176583.0,176583.0,176583.0,176583.0,0
20190729T,199042.0,199042.0,199042.0,199042.0,0
20190730T,215763.0,215763.0,215763.0,215763.0,0
20190731T,230761.0,230761.0,230761.0,230761.0,0
20190801T,231492.0,231492.0,231492.0,231492.0,0
20190802T,240395.0,240395.0,240395.0,240395.0,0
20190805T,244790.0,244790.0,244790.0,244790.0,0
20190806T,252897.0,252897.0,252897.0,252897.0,0
20190807T,250731.0,250731.0,250731.0,250731.0,0
20190808T,250328.0,250328.0,250328.0,250328.0,0
20190809T,253365.0,253365.0,253365.0,253365.0,0
20190813T,267830.0,267830.0,267830.0,267830.0,0
20190814T,264774.0,264774.0,264774.0,264774.0,0
20190816T,275088.0,275088.0,275088.0,275088.0,0
20190819T,281168.0,281168.0,281168.0,281168.0,0
20190820T,290413.0,290413.0,290413.0,290413.0,0
20190821T,304823.0,304823.0,304823.0,304823.0,0
20190822T,290798.0,290798.0,290798.0,290798.0,0
20190823T,295288.0,295288.0,295288.0,295288.0,0
20190826T,303585.0,303585.0,303585.0,303585.0,0
20190827T,326873.0,326873.0,326873.0,326873.0,0
20190828T,363686.0,363686.0,363686.0,363686.0,0
20190829T,385110.0,385110.0,385110.0,385110.0,0
20190830T,301851.0,301851.0,301851.0,301851.0,0
20190903T,310826.0,310826.0,310826.0,310826.0,0
20190904T,303266.0,303266.0,303266.0,303266.0,0
20190905T,269048.0,269048.0,269048.0,269048.0,0
20190906T,288785.0,288785.0,288785.0,288785.0,0
20190909T,294012.0,294012.0,294012.0,294012.0,0
20190911T,307659.0,307659.0,307659.0,307659.0,0
20190912T,301397.0,301397.0,301397.0,301397.0,0
20190913T,315679.0,315679.0,315679.0,315679.0,0
20190916T,341037.0,341037.0,341037.0,341037.0,0
20190917T,381409.0,381409.0,381409.0,381409.0,0
20190918T,376676.0,376676.0,376676.0,376676.0,0
20190919T,335351.0,335351.0,335351.0,335351.0,0
20190920T,343167.0,343167.0,343167.0,343167.0,0
20190923T,382466.0,382466.0,382466.0,382466.0,0
20190924T,391388.0,391388.0,391388.0,391388.0,0
20190925T,413461.0,413461.0,413461.0,413461.0,0
20190926T,199445.0,199445.0,199445.0,199445.0,0
20190927T,233528.0,233528.0,233528.0,233528.0,0
20190930T,251538.0,251538.0,251538.0,251538.0,0
20191001T,266963.0,266963.0,266963.0,266963.0,0
20191003T,241166.0,241166.0,241166.0,241166.0,0
20191004T,284852.0,284852.0,284852.0,284852.0,0
20191007T,283751.0,283751.0,283751.0,283751.0,0
20191009T,292715.0,292715.0,292715.0,292715.0,0
20191010T,262391.0,262391.0,262391.0,262391.0,0
20191011T,265397.0,265397.0,265397.0,265397.0,0
20191014T,275930.0,275930.0,275930.0,275930.0,0
20191015T,276786.0,276786.0,276786.0,276786.0,0
20191016T,270375.0,270375.0,270375.0,270375.0,0
20191017T,252872.0,252872.0,252872.0,252872.0,0
20191018T,261946.0,261946.0,261946.0,261946.0,0
20191022T,271852.0,271852.0,271852.0,271852.0,0
20191023T,286081.0,286081.0,286081.0,286081.0,0
20191024T,244126.0,244126.0,244126.0,244126.0,0
20191025T,269257.0,269257.0,269257.0,269257.0,0
20191029T,283565.0,283565.0,283565.0,283565.0,0
20191030T,327927.0,327927.0,327927.0,327927.0,0
20191031T,223375.0,223375.0,223375.0,223375.0,0
20191101T,236251.0,236251.0,236251.0,236251.0,0
20191104T,254604.0,254604.0,254604.0,254604.0,0
20191105T,262630.0,262630.0,262630.0,262630.0,0
20191106T,273139.0,273139.0,273139.0,273139.0,0
20191107T,221375.0,221375.0,221375.0,221375.0,0
20191108T,242586.0,242586.0,242586.0,242586.0,0
20191111T,255543.0,255543.0,255543.0,255543.0,0
20191113T,261666.0,261666.0,261666.0,261666.0,0
20191114T,239354.0,239354.0,239354.0,239354.0,0
20191115T,256705.0,256705.0,256705.0,256705.0,0
20191118T,256466.0,256466.0,256466.0,256466.0,0
20191119T,270311.0,270311.0,270311.0,270311.0,0
20191120T,280452.0,280452.0,280452.0,280452.0,0
20191121T,265802.0,265802.0,265802.0,265802.0,0
20191122T,287944.0,287944.0,287944.0,287944.0,0
20191125T,286430.0,286430.0,286430.0,286430.0,0
20191126T,301733.0,301733.0,301733.0,301733.0,0
20191127T,301688.0,301688.0,301688.0,301688.0,0
20191128T,216538.0,216538.0,216538.0,216538.0,0
20191129T,252883.0,252883.0,252883.0,252883.0,0
20191202T,257669.0,257669.0,257669.0,257669.0,0
20191203T,261154.0,261154.0,261154.0,261154.0,0
20191204T,254437.0,254437.0,254437.0,254437.0,0
20191205T,230933.0,230933.0,230933.0,230933.0,0
20191206T,272871.0,272871.0,272871.0,272871.0,0
20191209T,268937.0,268937.0,268937.0,268937.0,0
20191210T,278472.0,278472.0,278472.0,278472.0,0
20191211T,272743.0,272743.0,272743.0,272743.0,0
20191212T,259324.0,259324.0,259324.0,259324.0,0
20191213T,278547.0,278547.0,278547.0,278547.0,0
20191216T,278547.0,278547.0,278547.0,278547.0,0
20191217T,274690.0,274690.0,274690.0,274690.0,0
20191218T,264156.0,264156.0,264156.0,264156.0,0
20191219T,263402.0,263402.0,263402.0,263402.0,0
20191220T,275864.0,275864.0,275864.0,275864.0,0
20191223T,296537.0,296537.0,296537.0,296537.0,0
20191224T,316146.0,316146.0,316146.0,316146.0,0
20191226T,179330.0,179330.0,179330.0,179330.0,0
20191227T,199164.0,199164.0,199164.0,199164.0,0
20191230T,209683.0,209683.0,209683.0,209683.0,0
20191231T,222521.0,222521.0,222521.0,222521.0,0
20200101T,226473.0,226473.0,226473.0,226473.0,0
20200102T,228210.0,228210.0,228210.0,228210.0,0
20200103T,270074.0,270074.0,270074.0,270074.0,0
20200106T,281109.0,281109.0,281109.0,281109.0,0
20200107T,314411.0,314411.0,314411.0,314411.0,0
20200108T,305666.0,305666.0,305666.0,305666.0,0
20200109T,279644.0,279644.0,279644.0,279644.0,0
20200110T,298587.0,298587.0,298587.0,298587.0,0
20200113T,314236.0,314236.0,314236.0,314236.0,0
20200114T,334968.0,334968.0,334968.0,334968.0,0
20200115T,343072.0,343072.0,343072.0,343072.0,0
20200116T,296715.0,296715.0,296715.0,296715.0,0
20200117T,318181.0,318181.0,318181.0,318181.0,0
20200120T,349319.0,349319.0,349319.0,349319.0,0
20200121T,350764.0,350764.0,350764.0,350764.0,0
20200122T,369701.0,369701.0,369701.0,369701.0,0
20200123T,331638.0,331638.0,331638.0,331638.0,0
20200124T,345541.0,345541.0,345541.0,345541.0,0
20200127T,355212.0,355212.0,355212.0,355212.0,0
20200128T,364736.0,364736.0,364736.0,364736.0,0
20200129T,367176.0,367176.0,367176.0,367176.0,0
20200130T,222172.0,222172.0,222172.0,222172.0,0
20200131T,246651.0,246651.0,246651.0,246651.0,0
20200203T,290206.0,290206.0,290206.0,290206.0,0
20200204T,290209.0,290209.0,290209.0,290209.0,0
20200205T,299932.0,299932.0,299932.0,299932.0,0
20200206T,257156.0,257156.0,257156.0,257156.0,0
20200207T,276631.0,276631.0,276631.0,276631.0,0
20200210T,293382.0,293382.0,293382.0,293382.0,0
20200211T,300354.0,300354.0,300354.0,300354.0,0
20200212T,308921.0,308921.0,308921.0,308921.0,0
20200213T,277877.0,277877.0,277877.0,277877.0,0
20200214T,300032.0,300032.0,300032.0,300032.0,0
20200217T,304568.0,304568.0,304568.0,304568.0,0
20200218T,322828.0,322828.0,322828.0,322828.0,0
20200219T,327791.0,327791.0,327791.0,327791.0,0
20200220T,308322.0,308322.0,308322.0,308322.0,0
20200224T,343741.0,343741.0,343741.0,343741.0,0
20200225T,326362.0,326362.0,326362.0,326362.0,0
20200226T,344496.0,344496.0,344496.0,344496.0,0
20200227T,249788.0,249788.0,249788.0,249788.0,0
20200228T,285197.0,285197.0,285197.0,285197.0,0
20200302T,329945.0,329945.0,329945.0,329945.0,0
20200303T,354588.0,354588.0,354588.0,354588.0,0
20200304T,357342.0,357342.0,357342.0,357342.0,0
20200305T,315488.0,315488.0,315488.0,315488.0,0
20200306T,356140.0,356140.0,356140.0,356140.0,0
20200309T,385093.0,385093.0,385093.0,385093.0,0
20200311T,397352.0,397352.0,397352.0,397352.0,0
20200312T,375190.0,375190.0,375190.0,375190.0,0
20200313T,359703.0,359703.0,359703.0,359703.0,0
20200316T,360893.0,360893.0,360893.0,360893.0,0
20200317T,370549.0,370549.0,370549.0,370549.0,0
20200318T,370839.0,370839.0,370839.0,370839.0,0
20200319T,345156.0,345156.0,345156.0,345156.0,0
20200320T,356833.0,356833.0,356833.0,356833.0,0
20200323T,350542.0,350542.0,350542.0,350542.0,0
20200324T,358726.0,358726.0,358726.0,358726.0,0
20200325T,369228.0,369228.0,369228.0,369228.0,0
20200326T,139616.0,139616.0,139616.0,139616.0,0
20200327T,148728.0,148728.0,148728.0,148728.0,0
20200330T,158671.0,158671.0,158671.0,158671.0,0
20200331T,154160.0,154160.0,154160.0,154160.0,0
20200401T,150831.0,150831.0,150831.0,150831.0,0
20200403T,160559.0,160559.0,160559.0,160559.0,0
20200407T,161883.0,161883.0,161883.0,161883.0,0
20200408T,170603.0,170603.0,170603.0,170603.0,0
20200409T,151578.0,151578.0,151578.0,151578.0,0
20200413T,160143.0,160143.0,160143.0,160143.0,0
20200415T,170643.0,170643.0,170643.0,170643.0,0
20200416T,160604.0,160604.0,160604.0,160604.0,0
20200417T,176436.0,176436.0,176436.0,176436.0,0
20200420T,177342.0,177342.0,177342.0,177342.0,0
20200421T,180777.0,180777.0,180777.0,180777.0,0
20200422T,177799.0,177799.0,177799.0,177799.0,0
20200423T,160748.0,160748.0,160748.0,160748.0,0
20200424T,174759.0,174759.0,174759.0,174759.0,0
20200427T,184101.0,184101.0,184101.0,184101.0,0
20200428T,190233.0,190233.0,190233.0,190233.0,0
20200429T,199611.0,199611.0,199611.0,199611.0,0
20200430T,147237.0,147237.0,147237.0,147237.0,0
20200504T,165828.0,165828.0,165828.0,165828.0,0
20200505T,170810.0,170810.0,170810.0,170810.0,0
20200506T,175269.0,175269.0,175269.0,175269.0,0
20200507T,162538.0,162538.0,162538.0,162538.0,0
20200508T,175463.0,175463.0,175463.0,175463.0,0
20200511T,185056.0,185056.0,185056.0,185056.0,0
20200512T,191837.0,191837.0,191837.0,191837.0,0
20200513T,185051.0,185051.0,185051.0,185051.0,0
20200514T,178231.0,178231.0,178231.0,178231.0,0
20200515T,189013.0,189013.0,189013.0,189013.0,0
20200518T,201607.0,201607.0,201607.0,201607.0,0
20200519T,194625.0,194625.0,194625.0,194625.0,0
20200520T,188752.0,188752.0,188752.0,188752.0,0
20200521T,173675.0,173675.0,173675.0,173675.0,0
20200522T,210152.0,210152.0,210152.0,210152.0,0
20200526T,226505.0,226505.0,226505.0,226505.0,0
20200527T,239200.0,239200.0,239200.0,239200.0,0
20200528T,159482.0,159482.0,159482.0,159482.0,0
20200529T,180042.0,180042.0,180042.0,180042.0,0
20200601T,193456.0,193456.0,193456.0,193456.0,0
20200602T,195654.0,195654.0,195654.0,195654.0,0
20200603T,221436.0,221436.0,221436.0,221436.0,0
20200604T,187404.0,187404.0,187404.0,187404.0,0
20200605T,204726.0,204726.0,204726.0,204726.0,0
20200608T,226696.0,226696.0,226696.0,226696.0,0
20200609T,232520.0,232520.0,232520.0,232520.0,0
20200610T,233876.0,233876.0,233876.0,233876.0,0
20200611T,227880.0,227880.0,227880.0,227880.0,0
20200612T,237425.0,237425.0,237425.0,237425.0,0
20200615T,254793.0,254793.0,254793.0,254793.0,0
20200616T,257625.0,257625.0,257625.0,257625.0,0
20200617T,259255.0,259255.0,259255.0,259255.0,0
20200618T,229784.0,229784.0,229784.0,229784.0,0
20200619T,244948.0,244948.0,244948.0,244948.0,0
20200622T,254358.0,254358.0,254358.0,254358.0,0
20200623T,255311.0,255311.0,255311.0,255311.0,0
20200624T,274371.0,274371.0,274371.0,274371.0,0
20200625T,148003.0,148003.0,148003.0,148003.0,0
20200626T,173400.0,173400.0,173400.0,173400.0,0
20200629T,191828.0,191828.0,191828.0,191828.0,0
20200630T,211135.0,211135.0,211135.0,211135.0,0
20200701T,213247.0,213247.0,213247.0,213247.0,0
20200702T,182469.0,182469.0,182469.0,182469.0,0
20200703T,195218.0,195218.0,195218.0,195218.0,0
20200706T,214488.0,214488.0,214488.0,214488.0,0
20200707T,227342.0,227342.0,227342.0,227342.0,0
20200708T,249298.0,249298.0,249298.0,249298.0,0
20200709T,207011.0,207011.0,207011.0,207011.0,0
20200710T,252530.0,252530.0,252530.0,252530.0,0
20200713T,259762.0,259762.0,259762.0,259762.0,0
20200714T,268156.0,268156.0,268156.0,268156.0,0
20200715T,271079.0,271079.0,271079.0,271079.0,0
20200716T,226881.0,226881.0,226881.0,226881.0,0
20200717T,250860.0,250860.0,250860.0,250860.0,0
20200720T,255723.0,255723.0,255723.0,255723.0,0
20200721T,271312.0,271312.0,271312.0,271312.0,0
20200722T,289223.0,289223.0,289223.0,289223.0,0
20200723T,248387.0,248387.0,248387.0,248387.0,0
20200724T,264006.0,264006.0,264006.0,264006.0,0
20200727T,270020.0,270020.0,270020.0,270020.0,0
20200728T,274159.0,274159.0,274159.0,274159.0,0
20200729T,283050.0,283050.0,283050.0,283050.0,0
20200730T,178470.0,178470.0,178470.0,178470.0,0
20200803T,222830.0,222830.0,222830.0,222830.0,0
20200804T,213864.0,213864.0,213864.0,213864.0,0
20200805T,225057.0,225057.0,225057.0,225057.0,0
20200806T,183071.0,183071.0,183071.0,183071.0,0
20200807T,209418.0,209418.0,209418.0,209418.0,0
20200810T,215135.0,215135.0,215135.0,215135.0,0
20200811T,222111.0,222111.0,222111.0,222111.0,0
20200812T,231698.0,231698.0,231698.0,231698.0,0
20200813T,199907.0,199907.0,199907.0,199907.0,0
20200814T,222812.0,222812.0,222812.0,222812.0,0
20200817T,239218.0,239218.0,239218.0,239218.0,0
20200818T,243891.0,243891.0,243891.0,243891.0,0
20200819T,247855.0,247855.0,247855.0,247855.0,0
20200820T,227915.0,227915.0,227915.0,227915.0,0
20200821T,246615.0,246615.0,246615.0,246615.0,0
20200824T,259281.0,259281.0,259281.0,259281.0,0
20200825T,270766.0,270766.0,270766.0,270766.0,0
20200826T,286089.0,286089.0,286089.0,286089.0,0
20200827T,204552.0,204552.0,204552.0,204552.0,0
20200828T,250053.0,250053.0,250053.0,250053.0,0
20200831T,277257.0,277257.0,277257.0,277257.0,0
20200901T,281166.0,281166.0,281166.0,281166.0,0
20200902T,283530.0,283530.0,283530.0,283530.0,0
20200903T,251678.0,251678.0,251678.0,251678.0,0
20200904T,273406.0,273406.0,273406.0,273406.0,0
20200907T,289948.0,289948.0,289948.0,289948.0,0
20200908T,293897.0,293897.0,293897.0,293897.0,0
20200909T,319880.0,319880.0,319880.0,319880.0,0
20200910T,286348.0,286348.0,286348.0,286348.0,0
20200911T,324749.0,324749.0,324749.0,324749.0,0
20200914T,346726.0,346726.0,346726.0,346726.0,0
20200915T,336294.0,336294.0,336294.0,336294.0,0
20200916T,342291.0,342291.0,342291.0,342291.0,0
20200917T,311534.0,311534.0,311534.0,311534.0,0
20200918T,326607.0,326607.0,326607.0,326607.0,0
20200921T,337937.0,337937.0,337937.0,337937.0,0
20200922T,359909.0,359909.0,359909.0,359909.0,0
20200923T,385861.0,385861.0,385861.0,385861.0,0
20200924T,265072.0,265072.0,265072.0,265072.0,0
20200925T,283967.0,283967.0,283967.0,283967.0,0
20200928T,289047.0,289047.0,289047.0,289047.0,0
20200929T,287685.0,287685.0,287685.0,287685.0,0
20200930T,300369.0,300369.0,300369.0,300369.0,0
20201001T,257875.0,257875.0,257875.0,257875.0,0
20201005T,288869.0,288869.0,288869.0,288869.0,0
20201006T,298784.0,298784.0,298784.0,298784.0,0
20201007T,319571.0,319571.0,319571.0,319571.0,0
20201008T,290264.0,290264.0,290264.0,290264.0,0
20201009T,319739.0,319739.0,319739.0,319739.0,0
20201012T,337449.0,337449.0,337449.0,337449.0,0
20201013T,343625.0,343625.0,343625.0,343625.0,0
20201014T,358618.0,358618.0,358618.0,358618.0,0
20201015T,317792.0,317792.0,317792.0,317792.0,0
20201016T,336156.0,336156.0,336156.0,336156.0,0
20201019T,346876.0,346876.0,346876.0,346876.0,0
20201020T,358603.0,358603.0,358603.0,358603.0,0
20201021T,366214.0,366214.0,366214.0,366214.0,0
20201022T,303257.0,303257.0,303257.0,303257.0,0
20201023T,326914.0,326914.0,326914.0,326914.0,0
20201026T,333507.0,333507.0,333507.0,333507.0,0
20201027T,365458.0,365458.0,365458.0,365458.0,0
20201028T,382787.0,382787.0,382787.0,382787.0,0
20201029T,226497.0,226497.0,226497.0,226497.0,0
20201030T,266823.0,266823.0,266823.0,266823.0,0
20201102T,270815.0,270815.0,270815.0,270815.0,0
20201103T,299877.0,299877.0,299877.0,299877.0,0
20201104T,303158.0,303158.0,303158.0,303158.0,0
20201105T,245157.0,245157.0,245157.0,245157.0,0
20201106T,304782.0,304782.0,304782.0,304782.0,0
20201109T,319515.0,319515.0,319515.0,319515.0,0
20201110T,346959.0,346959.0,346959.0,346959.0,0
20201111T,360029.0,360029.0,360029.0,360029.0,0
20201112T,273548.0,273548.0,273548.0,273548.0,0
20201113T,288706.0,288706.0,288706.0,288706.0,0
20201117T,298760.0,298760.0,298760.0,298760.0,0
20201118T,326208.0,326208.0,326208.0,326208.0,0
20201119T,281050.0,281050.0,281050.0,281050.0,0
20201120T,312433.0,312433.0,312433.0,312433.0,0
20201123T,319628.0,319628.0,319628.0,319628.0,0
20201124T,355852.0,355852.0,355852.0,355852.0,0
20201125T,382535.0,382535.0,382535.0,382535.0,0
20201126T,202751.0,202751.0,202751.0,202751.0,0
20201127T,236862.0,236862.0,236862.0,236862.0,0
20201201T,246611.0,246611.0,246611.0,246611.0,0
20201202T,271214.0,271214.0,271214.0,271214.0,0
20201203T,220010.0,220010.0,220010.0,220010.0,0
20201204T,252490.0,252490.0,252490.0,252490.0,0
20201207T,259602.0,259602.0,259602.0,259602.0,0
20201208T,251937.0,251937.0,251937.0,251937.0,0
20201209T,264174.0,264174.0,264174.0,264174.0,0
20201210T,232185.0,232185.0,232185.0,232185.0,0
20201211T,261239.0,261239.0,261239.0,261239.0,0
20201214T,269770.0,269770.0,269770.0,269770.0,0
20201215T,285950.0,285950.0,285950.0,285950.0,0
20201216T,300293.0,300293.0,300293.0,300293.0,0
20201217T,252461.0,252461.0,252461.0,252461.0,0
20201218T,280094.0,280094.0,280094.0,280094.0,0
20201221T,317400.0,317400.0,317400.0,317400.0,0
20201222T,323108.0,323108.0,323108.0,323108.0,0
20201223T,318777.0,318777.0,318777.0,318777.0,0
20201224T,271453.0,271453.0,271453.0,271453.0,0
20201228T,308046.0,308046.0,308046.0,308046.0,0
20201229T,332339.0,332339.0,332339.0,332339.0,0
20201230T,355636.0,355636.0,355636.0,355636.0,0
20201231T,155413.0,155413.0,155413.0,155413.0,0
20210101T,197426.0,197426.0,197426.0,197426.0,0
20210104T,219042.0,219042.0,219042.0,219042.0,0
20210105T,235732.0,235732.0,235732.0,235732.0,0
20210106T,268708.0,268708.0,268708.0,268708.0,0
20210107T,219081.0,219081.0,219081.0,219081.0,0
20210108T,255594.0,255594.0,255594.0,255594.0,0
20210111T,284610.0,284610.0,284610.0,284610.0,0
20210112T,284255.0,284255.0,284255.0,284255.0,0
20210113T,334642.0,334642.0,334642.0,334642.0,0
20210114T,256446.0,256446.0,256446.0,256446.0,0
20210115T,296144.0,296144.0,296144.0,296144.0,0
20210118T,307676.0,307676.0,307676.0,307676.0,0
20210119T,295056.0,295056.0,295056.0,295056.0,0
20210120T,301465.0,301465.0,301465.0,301465.0,0
20210121T,243944.0,243944.0,243944.0,243944.0,0
20210122T,277896.0,277896.0,277896.0,277896.0,0
20210125T,291896.0,291896.0,291896.0,291896.0,0
20210127T,315242.0,315242.0,315242.0,315242.0,0
20210128T,188953.0,188953.0,188953.0,188953.0,0
20210129T,232784.0,232784.0,232784.0,232784.0,0
20210201T,308362.0,308362.0,308362.0,308362.0,0
20210202T,347654.0,347654.0,347654.0,347654.0,0
20210203T,333980.0,333980.0,333980.0,333980.0,0
20210204T,258942.0,258942.0,258942.0,258942.0,0
20210205T,299876.0,299876.0,299876.0,299876.0,0
20210208T,322860.0,322860.0,322860.0,322860.0,0
20210209T,328958.0,328958.0,328958.0,328958.0,0
20210210T,346224.0,346224.0,346224.0,346224.0,0
20210211T,287666.0,287666.0,287666.0,287666.0,0
20210212T,305364.0,305364.0,305364.0,305364.0,0
20210215T,324917.0,324917.0,324917.0,324917.0,0
20210216T,358818.0,358818.0,358818.0,358818.0,0
20210217T,365159.0,365159.0,365159.0,365159.0,0
20210218T,292102.0,292102.0,292102.0,292102.0,0
20210219T,345213.0,345213.0,345213.0,345213.0,0
20210222T,382119.0,382119.0,382119.0,382119.0,0
20210223T,403039.0,403039.0,403039.0,403039.0,0
20210224T,408243.0,408243.0,408243.0,408243.0,0
20210225T,222356.0,222356.0,222356.0,222356.0,0
20210226T,284030.0,284030.0,284030.0,284030.0,0
20210301T,291494.0,291494.0,291494.0,291494.0,0
20210302T,300643.0,300643.0,300643.0,300643.0,0
20210303T,355072.0,355072.0,355072.0,355072.0,0
20210304T,282217.0,282217.0,282217.0,282217.0,0
20210305T,311234.0,311234.0,311234.0,311234.0,0
20210308T,330985.0,330985.0,330985.0,330985.0,0
20210309T,344518.0,344518.0,344518.0,344518.0,0
20210310T,294820.0,294820.0,294820.0,294820.0,0
20210312T,356231.0,356231.0,356231.0,356231.0,0
20210315T,372624.0,372624.0,372624.0,372624.0,0
20210316T,373778.0,373778.0,373778.0,373778.0,0
20210317T,374198.0,374198.0,374198.0,374198.0,0
20210318T,314216.0,314216.0,314216.0,314216.0,0
20210319T,358253.0,358253.0,358253.0,358253.0,0
20210322T,386292.0,386292.0,386292.0,386292.0,0
20210323T,404694.0,404694.0,404694.0,404694.0,0
20210324T,420519.0,420519.0,420519.0,420519.0,0
20210325T,243188.0,243188.0,243188.0,243188.0,0
20210326T,269995.0,269995.0,269995.0,269995.0,0
20210330T,270355.0,270355.0,270355.0,270355.0,0
20210331T,336493.0,336493.0,336493.0,336493.0,0
20210401T,251597.0,251597.0,251597.0,251597.0,0
20210405T,286204.0,286204.0,286204.0,286204.0,0
20210406T,318301.0,318301.0,318301.0,318301.0,0
20210407T,325920.0,325920.0,325920.0,325920.0,0
20210408T,271626.0,271626.0,271626.0,271626.0,0
20210409T,305666.0,305666.0,305666.0,305666.0,0
20210412T,320151.0,320151.0,320151.0,320151.0,0
20210413T,346293.0,346293.0,346293.0,346293.0,0
20210415T,305132.0,305132.0,305132.0,305132.0,0
20210416T,345986.0,345986.0,345986.0,345986.0,0
20210419T,384483.0,384483.0,384483.0,384483.0,0
20210420T,382533.0,382533.0,382533.0,382533.0,0
20210422T,309520.0,309520.0,309520.0,309520.0,0
20210423T,318276.0,318276.0,318276.0,318276.0,0
20210426T,348619.0,348619.0,348619.0,348619.0,0
20210427T,369808.0,369808.0,369808.0,369808.0,0
20210428T,407909.0,407909.0,407909.0,407909.0,0
20210429T,223800.0,223800.0,223800.0,223800.0,0
20210430T,273039.0,273039.0,273039.0,273039.0,0
20210503T,326734.0,326734.0,326734.0,326734.0,0
20210504T,332037.0,332037.0,332037.0,332037.0,0
20210505T,337285.0,337285.0,337285.0,337285.0,0
20210506T,271225.0,271225.0,271225.0,271225.0,0
20210507T,299023.0,299023.0,299023.0,299023.0,0
20210510T,337506.0,337506.0,337506.0,337506.0,0
20210511T,358047.0,358047.0,358047.0,358047.0,0
20210512T,317034.0,317034.0,317034.0,317034.0,0
20210514T,371077.0,371077.0,371077.0,371077.0,0
20210517T,387567.0,387567.0,387567.0,387567.0,0
20210518T,428581.0,428581.0,428581.0,428581.0,0
20210519T,431150.0,431150.0,431150.0,431150.0,0
20210520T,356690.0,356690.0,356690.0,356690.0,0
20210521T,371955.0,371955.0,371955.0,371955.0,0
20210524T,375791.0,375791.0,375791.0,375791.0,0
20210525T,400895.0,400895.0,400895.0,400895.0,0
20210526T,449315.0,449315.0,449315.0,449315.0,0
20210527T,230936.0,230936.0,230936.0,230936.0,0
20210528T,294883.0,294883.0,294883.0,294883.0,0
20210531T,325528.0,325528.0,325528.0,325528.0,0
20210601T,319821.0,319821.0,319821.0,319821.0,0
20210602T,321293.0,321293.0,321293.0,321293.0,0
20210603T,258665.0,258665.0,258665.0,258665.0,0
20210604T,316276.0,316276.0,316276.0,316276.0,0
20210607T,346591.0,346591.0,346591.0,346591.0,0
20210608T,359791.0,359791.0,359791.0,359791.0,0
20210609T,317183.0,317183.0,317183.0,317183.0,0
20210610T,256765.0,256765.0,256765.0,256765.0,0
20210611T,293554.0,293554.0,293554.0,293554.0,0
20210614T,328181.0,328181.0,328181.0,328181.0,0
20210615T,323639.0,323639.0,323639.0,323639.0,0
20210616T,361790.0,361790.0,361790.0,361790.0,0
20210617T,295337.0,295337.0,295337.0,295337.0,0
20210618T,338783.0,338783.0,338783.0,338783.0,0
20210621T,356970.0,356970.0,356970.0,356970.0,0
20210622T,398506.0,398506.0,398506.0,398506.0,0
20210623T,447987.0,447987.0,447987.0,447987.0,0
20210624T,206555.0,206555.0,206555.0,206555.0,0
20210625T,267609.0,267609.0,267609.0,267609.0,0
20210628T,304125.0,304125.0,304125.0,304125.0,0
20210629T,358075.0,358075.0,358075.0,358075.0,0
20210630T,350707.0,350707.0,350707.0,350707.0,0
20210701T,301210.0,301210.0,301210.0,301210.0,0
20210702T,302772.0,302772.0,302772.0,302772.0,0
20210705T,308752.0,308752.0,308752.0,308752.0,0
20210706T,331708.0,331708.0,331708.0,331708.0,0
20210707T,378679.0,378679.0,378679.0,378679.0,0
20210708T,344156.0,344156.0,344156.0,344156.0,0
20210709T,409771.0,409771.0,409771.0,409771.0,0
20210712T,413833.0,413833.0,413833.0,413833.0,0
20210713T,387051.0,387051.0,387051.0,387051.0,0
20210714T,409212.0,409212.0,409212.0,409212.0,0
20210715T,329749.0,329749.0,329749.0,329749.0,0
20210716T,391888.0,391888.0,391888.0,391888.0,0
20210719T,431783.0,431783.0,431783.0,431783.0,0
20210720T,465416.0,465416.0,465416.0,465416.0,0
20210722T,358257.0,358257.0,358257.0,358257.0,0
20210723T,403935.0,403935.0,403935.0,403935.0,0
20210726T,420608.0,420608.0,420608.0,420608.0,0
20210727T,474813.0,474813.0,474813.0,474813.0,0
20210728T,457316.0,457316.0,457316.0,457316.0,0
20210729T,323091.0,323091.0,323091.0,323091.0,0
20210730T,372195.0,372195.0,372195.0,372195.0,0
20210802T,418748.0,418748.0,418748.0,418748.0,0
20210803T,521553.0,521553.0,521553.0,521553.0,0
20210804T,546394.0,546394.0,546394.0,546394.0,0
20210805T,400339.0,400339.0,400339.0,400339.0,0
20210806T,410716.0,410716.0,410716.0,410716.0,0
20210809T,386535.0,386535.0,386535.0,386535.0,0
20210810T,420223.0,420223.0,420223.0,420223.0,0
20210811T,428299.0,428299.0,428299.0,428299.0,0
20210812T,359606.0,359606.0,359606.0,359606.0,0
20210813T,521118.0,521118.0,521118.0,521118.0,0
20210816T,540901.0,540901.0,540901.0,540901.0,0
20210817T,617375.0,617375.0,617375.0,617375.0,0
20210818T,414894.0,414894.0,414894.0,414894.0,0
20210820T,533123.0,533123.0,533123.0,533123.0,0
20210823T,510271.0,510271.0,510271.0,510271.0,0
20210824T,532226.0,532226.0,532226.0,532226.0,0
20210825T,561182.0,561182.0,561182.0,561182.0,0
20210826T,369159.0,369159.0,369159.0,369159.0,0
20210827T,423699.0,423699.0,423699.0,423699.0,0
20210830T,509074.0,509074.0,509074.0,509074.0,0
20210831T,568039.0,568039.0,568039.0,568039.0,0
20210901T,503761.0,503761.0,503761.0,503761.0,0
20210902T,383257.0,383257.0,383257.0,383257.0,0
20210903T,442107.0,442107.0,442107.0,442107.0,0
20210906T,490284.0,490284.0,490284.0,490284.0,0
20210907T,501395.0,501395.0,501395.0,501395.0,0
20210908T,471346.0,471346.0,471346.0,471346.0,0
20210909T,443631.0,443631.0,443631.0,443631.0,0
20210913T,478700.0,478700.0,478700.0,478700.0,0
20210914T,485312.0,485312.0,485312.0,485312.0,0
20210915T,499365.0,499365.0,499365.0,499365.0,0
20210916T,439413.0,439413.0,439413.0,439413.0,0
20210917T,510541.0,510541.0,510541.0,510541.0,0
20210920T,513270.0,513270.0,513270.0,513270.0,0
20210921T,556086.0,556086.0,556086.0,556086.0,0
20210922T,593017.0,593017.0,593017.0,593017.0,0
20210923T,455077.0,455077.0,455077.0,455077.0,0
20210924T,503033.0,503033.0,503033.0,503033.0,0
20210927T,538110.0,538110.0,538110.0,538110.0,0
20210928T,639053.0,639053.0,639053.0,639053.0,0
20210929T,705401.0,705401.0,705401.0,705401.0,0
20210930T,384997.0,384997.0,384997.0,384997.0,0
20211001T,440340.0,440340.0,440340.0,440340.0,0
20211004T,471028.0,471028.0,471028.0,471028.0,0
20211005T,476751.0,476751.0,476751.0,476751.0,0
20211006T,520451.0,520451.0,520451.0,520451.0,0
20211007T,406681.0,406681.0,406681.0,406681.0,0
20211008T,456552.0,456552.0,456552.0,456552.0,0
20211011T,487145.0,487145.0,487145.0,487145.0,0
20211012T,501015.0,501015.0,501015.0,501015.0,0
20211013T,527177.0,527177.0,527177.0,527177.0,0
20211014T,451819.0,451819.0,451819.0,451819.0,0
20211018T,512780.0,512780.0,512780.0,512780.0,0
20211019T,542155.0,542155.0,542155.0,542155.0,0
20211020T,544096.0,544096.0,544096.0,544096.0,0
20211021T,488165.0,488165.0,488165.0,488165.0,0
20211022T,556771.0,556771.0,556771.0,556771.0,0
20211025T,576042.0,576042.0,576042.0,576042.0,0
20211026T,599054.0,599054.0,599054.0,599054.0,0
20211027T,632058.0,632058.0,632058.0,632058.0,0
20211028T,376276.0,376276.0,376276.0,376276.0,0
20211029T,429264.0,429264.0,429264.0,429264.0,0
20211101T,469209.0,469209.0,469209.0,469209.0,0
20211102T,490698.0,490698.0,490698.0,490698.0,0
20211103T,393951.0,393951.0,393951.0,393951.0,0
20211108T,467144.0,467144.0,467144.0,467144.0,0
20211109T,474251.0,474251.0,474251.0,474251.0,0
20211110T,517614.0,517614.0,517614.0,517614.0,0
20211111T,446745.0,446745.0,446745.0,446745.0,0
20211112T,497266.0,497266.0,497266.0,497266.0,0
20211115T,516868.0,516868.0,516868.0,516868.0,0
20211116T,529079.0,529079.0,529079.0,529079.0,0
20211117T,537884.0,537884.0,537884.0,537884.0,0
20211118T,465544.0,465544.0,465544.0,465544.0,0
20211122T,546604.0,546604.0,546604.0,546604.0,0
20211123T,590037.0,590037.0,590037.0,590037.0,0
20211124T,596728.0,596728.0,596728.0,596728.0,0
20211125T,443943.0,443943.0,443943.0,443943.0,0
20211126T,514588.0,514588.0,514588.0,514588.0,0
20211129T,503267.0,503267.0,503267.0,503267.0,0
20211130T,535905.0,535905.0,535905.0,535905.0,0
20211201T,610977.0,610977.0,610977.0,610977.0,0
20211202T,505808.0,505808.0,505808.0,505808.0,0
20211203T,548342.0,548342.0,548342.0,548342.0,0
20211206T,592765.0,592765.0,592765.0,592765.0,0
20211207T,612648.0,612648.0,612648.0,612648.0,0
20211208T,619520.0,619520.0,619520.0,619520.0,0
20211209T,519105.0,519105.0,519105.0,519105.0,0
20211210T,552617.0,552617.0,552617.0,552617.0,0
20211213T,596453.0,596453.0,596453.0,596453.0,0
20211214T,629968.0,629968.0,629968.0,629968.0,0
20211215T,666661.0,666661.0,666661.0,666661.0,0
20211216T,559041.0,559041.0,559041.0,559041.0,0
20211217T,663241.0,663241.0,663241.0,663241.0,0
20211220T,698207.0,698207.0,698207.0,698207.0,0
20211221T,652918.0,652918.0,652918.0,652918.0,0
20211222T,651754.0,651754.0,651754.0,651754.0,0
20211223T,546004.0,546004.0,546004.0,546004.0,0
20211224T,548826.0,548826.0,548826.0,548826.0,0
20211227T,628974.0,628974.0,628974.0,628974.0,0
20211228T,638375.0,638375.0,638375.0,638375.0,0
20211229T,661854.0,661854.0,661854.0,661854.0,0
20211230T,276554.0,276554.0,276554.0,276554.0,0
20211231T,313560.0,313560.0,313560.0,313560.0,0
20220103T,342071.0,342071.0,342071.0,342071.0,0
20220104T,356149.0,356149.0,356149.0,356149.0,0
20220105T,406587.0,406587.0,406587.0,406587.0,0
20220106T,364489.0,364489.0,364489.0,364489.0,0
20220107T,387453.0,387453.0,387453.0,387453.0,0
20220110T,426241.0,426241.0,426241.0,426241.0,0
20220111T,410344.0,410344.0,410344.0,410344.0,0
20220112T,447241.0,447241.0,447241.0,447241.0,0
20220113T,408138.0,408138.0,408138.0,408138.0,0
20220114T,484547.0,484547.0,484547.0,484547.0,0
20220117T,491162.0,491162.0,491162.0,491162.0,0
20220118T,506789.0,506789.0,506789.0,506789.0,0
20220119T,602841.0,602841.0,602841.0,602841.0,0
20220120T,486111.0,486111.0,486111.0,486111.0,0
20220121T,541248.0,541248.0,541248.0,541248.0,0
20220124T,592697.0,592697.0,592697.0,592697.0,0
20220125T,588422.0,588422.0,588422.0,588422.0,0
20220127T,359235.0,359235.0,359235.0,359235.0,0
20220128T,395462.0,395462.0,395462.0,395462.0,0
20220131T,411888.0,411888.0,411888.0,411888.0,0
20220201T,448103.0,448103.0,448103.0,448103.0,0
20220202T,459550.0,459550.0,459550.0,459550.0,0
20220203T,386736.0,386736.0,386736.0,386736.0,0
20220204T,467096.0,467096.0,467096.0,467096.0,0
20220207T,511890.0,511890.0,511890.0,511890.0,0
20220208T,539719.0,539719.0,539719.0,539719.0,0
20220209T,554395.0,554395.0,554395.0,554395.0,0
20220210T,418836.0,418836.0,418836.0,418836.0,0
20220211T,520660.0,520660.0,520660.0,520660.0,0
20220214T,540172.0,540172.0,540172.0,540172.0,0
20220215T,580504.0,580504.0,580504.0,580504.0,0
20220216T,583153.0,583153.0,583153.0,583153.0,0
20220217T,464193.0,464193.0,464193.0,464193.0,0
20220218T,490909.0,490909.0,490909.0,490909.0,0
20220221T,532235.0,532235.0,532235.0,532235.0,0
20220222T,581059.0,581059.0,581059.0,581059.0,0
20220223T,606640.0,606640.0,606640.0,606640.0,0
20220224T,384475.0,384475.0,384475.0,384475.0,0
20220225T,436234.0,436234.0,436234.0,436234.0,0
20220228T,484774.0,484774.0,484774.0,484774.0,0
20220302T,519204.0,519204.0,519204.0,519204.0,0
20220303T,430991.0,430991.0,430991.0,430991.0,0
20220304T,463171.0,463171.0,463171.0,463171.0,0
20220307T,519098.0,519098.0,519098.0,519098.0,0
20220308T,590046.0,590046.0,590046.0,590046.0,0
20220309T,587049.0,587049.0,587049.0,587049.0,0
20220310T,478382.0,478382.0,478382.0,478382.0,0
20220311T,508747.0,508747.0,508747.0,508747.0,0
20220314T,555779.0,555779.0,555779.0,555779.0,0
20220315T,589377.0,589377.0,589377.0,589377.0,0
20220316T,632586.0,632586.0,632586.0,632586.0,0
20220317T,547294.0,547294.0,547294.0,547294.0,0
20220321T,630182.0,630182.0,630182.0,630182.0,0
20220322T,641844.0,641844.0,641844.0,641844.0,0
20220323T,641330.0,641330.0,641330.0,641330.0,0
20220324T,571231.0,571231.0,571231.0,571231.0,0
20220325T,596155.0,596155.0,596155.0,596155.0,0
20220328T,627379.0,627379.0,627379.0,627379.0,0
20220329T,651594.0,651594.0,651594.0,651594.0,0
20220330T,680881.0,680881.0,680881.0,680881.0,0
20220331T,253187.0,253187.0,253187.0,253187.0,0
20220401T,286690.0,286690.0,286690.0,286690.0,0
20220404T,389143.0,389143.0,389143.0,389143.0,0
20220405T,434108.0,434108.0,434108.0,434108.0,0
20220406T,450072.0,450072.0,450072.0,450072.0,0
20220407T,379599.0,379599.0,379599.0,379599.0,0
20220408T,444267.0,444267.0,444267.0,444267.0,0
20220411T,447307.0,447307.0,447307.0,447307.0,0
20220412T,477303.0,477303.0,477303.0,477303.0,0
20220413T,455554.0,455554.0,455554.0,455554.0,0
20220418T,510994.0,510994.0,510994.0,510994.0,0
20220419T,536423.0,536423.0,536423.0,536423.0,0
20220420T,568053.0,568053.0,568053.0,568053.0,0
20220421T,504139.0,504139.0,504139.0,504139.0,0
20220422T,563640.0,563640.0,563640.0,563640.0,0
20220425T,621294.0,621294.0,621294.0,621294.0,0
20220426T,672830.0,672830.0,672830.0,672830.0,0
20220427T,733738.0,733738.0,733738.0,733738.0,0
20220428T,371233.0,371233.0,371233.0,371233.0,0
20220429T,484299.0,484299.0,484299.0,484299.0,0
20220502T,492065.0,492065.0,492065.0,492065.0,0
20220504T,513568.0,513568.0,513568.0,513568.0,0
20220505T,397649.0,397649.0,397649.0,397649.0,0
20220506T,520614.0,520614.0,520614.0,520614.0,0
20220509T,567629.0,567629.0,567629.0,567629.0,0
20220510T,611770.0,611770.0,611770.0,611770.0,0
20220511T,645152.0,645152.0,645152.0,645152.0,0
20220512T,615133.0,615133.0,615133.0,615133.0,0
20220513T,584158.0,584158.0,584158.0,584158.0,0
20220516T,569031.0,569031.0,569031.0,569031.0,0
20220517T,617032.0,617032.0,617032.0,617032.0,0
20220518T,667874.0,667874.0,667874.0,667874.0,0
20220519T,562931.0,562931.0,562931.0,562931.0,0
20220520T,613723.0,613723.0,613723.0,613723.0,0
20220523T,633154.0,633154.0,633154.0,633154.0,0
20220524T,661978.0,661978.0,661978.0,661978.0,0
20220525T,659639.0,659639.0,659639.0,659639.0,0
20220526T,272488.0,272488.0,272488.0,272488.0,0
20220527T,404118.0,404118.0,404118.0,404118.0,0
20220530T,412405.0,412405.0,412405.0,412405.0,0
20220531T,438831.0,438831.0,438831.0,438831.0,0
20220601T,476717.0,476717.0,476717.0,476717.0,0
20220602T,354919.0,354919.0,354919.0,354919.0,0
20220603T,414053.0,414053.0,414053.0,414053.0,0
20220606T,408294.0,408294.0,408294.0,408294.0,0
20220607T,445024.0,445024.0,445024.0,445024.0,0
20220608T,418010.0,418010.0,418010.0,418010.0,0
20220609T,357841.0,357841.0,357841.0,357841.0,0
20220610T,464866.0,464866.0,464866.0,464866.0,0
20220613T,489001.0,489001.0,489001.0,489001.0,0
20220614T,525473.0,525473.0,525473.0,525473.0,0
20220615T,563291.0,563291.0,563291.0,563291.0,0
20220616T,518986.0,518986.0,518986.0,518986.0,0
20220617T,577317.0,577317.0,577317.0,577317.0,0
20220620T,593914.0,593914.0,593914.0,593914.0,0
20220621T,600026.0,600026.0,600026.0,600026.0,0
20220622T,662168.0,662168.0,662168.0,662168.0,0
20220623T,506611.0,506611.0,506611.0,506611.0,0
20220624T,526233.0,526233.0,526233.0,526233.0,0
20220627T,564190.0,564190.0,564190.0,564190.0,0
20220628T,603173.0,603173.0,603173.0,603173.0,0
20220629T,637263.0,637263.0,637263.0,637263.0,0
20220630T,319390.0,319390.0,319390.0,319390.0,0
20220701T,403833.0,403833.0,403833.0,403833.0,0
20220704T,426467.0,426467.0,426467.0,426467.0,0
20220705T,469008.0,469008.0,469008.0,469008.0,0
20220706T,511231.0,511231.0,511231.0,511231.0,0
20220707T,373101.0,373101.0,373101.0,373101.0,0
20220708T,361293.0,361293.0,361293.0,361293.0,0
20220711T,435967.0,435967.0,435967.0,435967.0,0
20220712T,433803.0,433803.0,433803.0,433803.0,0
20220713T,441195.0,441195.0,441195.0,441195.0,0
20220714T,363361.0,363361.0,363361.0,363361.0,0
20220715T,454881.0,454881.0,454881.0,454881.0,0
20220718T,462072.0,462072.0,462072.0,462072.0,0
20220719T,513470.0,513470.0,513470.0,513470.0,0
20220720T,495878.0,495878.0,495878.0,495878.0,0
20220721T,327425.0,327425.0,327425.0,327425.0,0
20220722T,405425.0,405425.0,405425.0,405425.0,0
20220725T,443084.0,443084.0,443084.0,443084.0,0
20220726T,467245.0,467245.0,467245.0,467245.0,0
20220727T,538738.0,538738.0,538738.0,538738.0,0
20220728T,236755.0,236755.0,236755.0,236755.0,0
20220729T,338075.0,338075.0,338075.0,338075.0,0
20220801T,375617.0,375617.0,375617.0,375617.0,0
20220802T,422015.0,422015.0,422015.0,422015.0,0
20220803T,413234.0,413234.0,413234.0,413234.0,0
20220804T,283325.0,283325.0,283325.0,283325.0,0
20220805T,323591.0,323591.0,323591.0,323591.0,0
20220808T,398313.0,398313.0,398313.0,398313.0,0
20220810T,420277.0,420277.0,420277.0,420277.0,0
20220811T,291092.0,291092.0,291092.0,291092.0,0
20220812T,349509.0,349509.0,349509.0,349509.0,0
20220816T,392173.0,392173.0,392173.0,392173.0,0
20220817T,462024.0,462024.0,462024.0,462024.0,0
20220818T,357980.0,357980.0,357980.0,357980.0,0
20220819T,425975.0,425975.0,425975.0,425975.0,0
20220822T,474374.0,474374.0,474374.0,474374.0,0
20220823T,537485.0,537485.0,537485.0,537485.0,0
20220824T,580645.0,580645.0,580645.0,580645.0,0
20220825T,324405.0,324405.0,324405.0,324405.0,0
20220826T,412945.0,412945.0,412945.0,412945.0,0
20220829T,459633.0,459633.0,459633.0,459633.0,0
20220830T,551716.0,551716.0,551716.0,551716.0,0
20220901T,335574.0,335574.0,335574.0,335574.0,0
20220902T,421276.0,421276.0,421276.0,421276.0,0
20220905T,456962.0,456962.0,456962.0,456962.0,0
20220906T,494140.0,494140.0,494140.0,494140.0,0
20220907T,541202.0,541202.0,541202.0,541202.0,0
20220908T,351072.0,351072.0,351072.0,351072.0,0
20220909T,460300.0,460300.0,460300.0,460300.0,0
20220912T,474808.0,474808.0,474808.0,474808.0,0
20220913T,472699.0,472699.0,472699.0,472699.0,0
20220914T,513749.0,513749.0,513749.0,513749.0,0
20220915T,393810.0,393810.0,393810.0,393810.0,0
20220916T,520557.0,520557.0,520557.0,520557.0,0
20220919T,518625.0,518625.0,518625.0,518625.0,0
20220920T,531773.0,531773.0,531773.0,531773.0,0
20220921T,567948.0,567948.0,567948.0,567948.0,0
20220922T,443265.0,443265.0,443265.0,443265.0,0
20220923T,547774.0,547774.0,547774.0,547774.0,0
20220926T,637683.0,637683.0,637683.0,637683.0,0
20220927T,682184.0,682184.0,682184.0,682184.0,0
20220928T,767956.0,767956.0,767956.0,767956.0,0
20220929T,406662.0,406662.0,406662.0,406662.0,0
20220930T,480416.0,480416.0,480416.0,480416.0,0
20221003T,546250.0,546250.0,546250.0,546250.0,0
20221004T,570410.0,570410.0,570410.0,570410.0,0
20221006T,410119.0,410119.0,410119.0,410119.0,0
20221007T,457581.0,457581.0,457581.0,457581.0,0
20221010T,603504.0,603504.0,603504.0,603504.0,0
20221011T,606821.0,606821.0,606821.0,606821.0,0
20221012T,650981.0,650981.0,650981.0,650981.0,0
20221013T,548921.0,548921.0,548921.0,548921.0,0
20221014T,556864.0,556864.0,556864.0,556864.0,0
20221017T,669430.0,669430.0,669430.0,669430.0,0
20221018T,625631.0,625631.0,625631.0,625631.0,0
20221019T,725110.0,725110.0,725110.0,725110.0,0
20221020T,583104.0,583104.0,583104.0,583104.0,0
20221021T,731922.0,731922.0,731922.0,731922.0,0
20221025T,635690.0,635690.0,635690.0,635690.0,0
20221027T,325968.0,325968.0,325968.0,325968.0,0
20221028T,402436.0,402436.0,402436.0,402436.0,0
20221031T,429443.0,429443.0,429443.0,429443.0,0
20221101T,561838.0,561838.0,561838.0,561838.0,0
20221102T,572489.0,572489.0,572489.0,572489.0,0
20221103T,415762.0,415762.0,415762.0,415762.0,0
20221104T,562272.0,562272.0,562272.0,562272.0,0
20221107T,554822.0,554822.0,554822.0,554822.0,0
20221109T,625633.0,625633.0,625633.0,625633.0,0
20221110T,479680.0,479680.0,479680.0,479680.0,0
20221111T,581537.0,581537.0,581537.0,581537.0,0
20221114T,582781.0,582781.0,582781.0,582781.0,0
20221115T,597731.0,597731.0,597731.0,597731.0,0
20221116T,638828.0,638828.0,638828.0,638828.0,0
20221117T,486112.0,486112.0,486112.0,486112.0,0
20221118T,599129.0,599129.0,599129.0,599129.0,0
20221121T,635340.0,635340.0,635340.0,635340.0,0
20221122T,644411.0,644411.0,644411.0,644411.0,0
20221123T,726364.0,726364.0,726364.0,726364.0,0
20221124T,399841.0,399841.0,399841.0,399841.0,0
20221125T,495410.0,495410.0,495410.0,495410.0,0
20221128T,573322.0,573322.0,573322.0,573322.0,0
20221129T,535277.0,535277.0,535277.0,535277.0,0
20221130T,627300.0,627300.0,627300.0,627300.0,0
20221201T,446538.0,446538.0,446538.0,446538.0,0
20221202T,514514.0,514514.0,514514.0,514514.0,0
20221205T,562969.0,562969.0,562969.0,562969.0,0
20221206T,604407.0,604407.0,604407.0,604407.0,0
20221207T,613975.0,613975.0,613975.0,613975.0,0
20221208T,473967.0,473967.0,473967.0,473967.0,0
20221209T,633384.0,633384.0,633384.0,633384.0,0
20221212T,685095.0,685095.0,685095.0,685095.0,0
20221213T,701022.0,701022.0,701022.0,701022.0,0
20221214T,681549.0,681549.0,681549.0,681549.0,0
20221215T,501969.0,501969.0,501969.0,501969.0,0
20221216T,601968.0,601968.0,601968.0,601968.0,0
20221219T,664414.0,664414.0,664414.0,664414.0,0
20221220T,677996.0,677996.0,677996.0,677996.0,0
20221221T,708298.0,708298.0,708298.0,708298.0,0
20221222T,520982.0,520982.0,520982.0,520982.0,0
20221223T,643781.0,643781.0,643781.0,643781.0,0
20221226T,669367.0,669367.0,669367.0,669367.0,0
20221227T,666517.0,666517.0,666517.0,666517.0,0
20221228T,671956.0,671956.0,671956.0,671956.0,0
20221229T,302517.0,302517.0,302517.0,302517.0,0
20221230T,454932.0,454932.0,454932.0,454932.0,0
20230102T,513885.0,513885.0,513885.0,513885.0,0
20230103T,544095.0,544095.0,544095.0,544095.0,0
20230104T,615838.0,615838.0,615838.0,615838.0,0
20230105T,422909.0,422909.0,422909.0,422909.0,0
20230106T,606490.0,606490.0,606490.0,606490.0,0
20230109T,649063.0,649063.0,649063.0,649063.0,0
20230110T,697051.0,697051.0,697051.0,697051.0,0
20230111T,728995.0,728995.0,728995.0,728995.0,0
20230112T,491223.0,491223.0,491223.0,491223.0,0
20230113T,626460.0,626460.0,626460.0,626460.0,0
20230116T,702083.0,702083.0,702083.0,702083.0,0
20230117T,709987.0,709987.0,709987.0,709987.0,0
20230118T,724105.0,724105.0,724105.0,724105.0,0
20230119T,472758.0,472758.0,472758.0,472758.0,0
20230120T,659031.0,659031.0,659031.0,659031.0,0
20230123T,731844.0,731844.0,731844.0,731844.0,0
20230124T,744107.0,744107.0,744107.0,744107.0,0
20230125T,481437.0,481437.0,481437.0,481437.0,0
20230127T,672936.0,672936.0,672936.0,672936.0,0
20230130T,717736.0,717736.0,717736.0,717736.0,0
20230131T,706897.0,706897.0,706897.0,706897.0,0
20230201T,689291.0,689291.0,689291.0,689291.0,0
20230202T,562747.0,562747.0,562747.0,562747.0,0
20230203T,597362.0,597362.0,597362.0,597362.0,0
20230206T,694134.0,694134.0,694134.0,694134.0,0
20230207T,707262.0,707262.0,707262.0,707262.0,0
20230208T,778917.0,778917.0,778917.0,778917.0,0
20230209T,524854.0,524854.0,524854.0,524854.0,0
20230210T,669699.0,669699.0,669699.0,669699.0,0
20230213T,765654.0,765654.0,765654.0,765654.0,0
20230214T,701315.0,701315.0,701315.0,701315.0,0
20230215T,760851.0,760851.0,760851.0,760851.0,0
20230216T,646335.0,646335.0,646335.0,646335.0,0
20230217T,804601.0,804601.0,804601.0,804601.0,0
20230220T,887383.0,887383.0,887383.0,887383.0,0
20230221T,845535.0,845535.0,845535.0,845535.0,0
20230222T,991056.0,991056.0,991056.0,991056.0,0
20230223T,654135.0,654135.0,654135.0,654135.0,0
20230224T,721743.0,721743.0,721743.0,721743.0,0
20230227T,826403.0,826403.0,826403.0,826403.0,0
20230228T,827881.0,827881.0,827881.0,827881.0,0
20230301T,913760.0,913760.0,913760.0,913760.0,0
20230302T,659097.0,659097.0,659097.0,659097.0,0
20230303T,794504.0,794504.0,794504.0,794504.0,0
20230306T,793364.0,793364.0,793364.0,793364.0,0
20230308T,969561.0,969561.0,969561.0,969561.0,0
20230309T,656238.0,656238.0,656238.0,656238.0,0
20230310T,792218.0,792218.0,792218.0,792218.0,0
20230313T,867105.0,867105.0,867105.0,867105.0,0
20230314T,952025.0,952025.0,952025.0,952025.0,0
20230315T,929426.0,929426.0,929426.0,929426.0,0
20230316T,850441.0,850441.0,850441.0,850441.0,0
20230317T,873035.0,873035.0,873035.0,873035.0,0
20230320T,913276.0,913276.0,913276.0,913276.0,0
20230321T,931435.0,931435.0,931435.0,931435.0,0
20230322T,903309.0,903309.0,903309.0,903309.0,0
20230323T,759843.0,759843.0,759843.0,759843.0,0
20230324T,840844.0,840844.0,840844.0,840844.0,0
20230327T,985159.0,985159.0,985159.0,985159.0,0
20230328T,984061.0,984061.0,984061.0,984061.0,0
20230329T,562016.0,562016.0,562016.0,562016.0,0
20230331T,741853.0,741853.0,741853.0,741853.0,0
20230403T,785521.0,785521.0,785521.0,785521.0,0
20230405T,991080.0,991080.0,991080.0,991080.0,0
20230406T,591818.0,591818.0,591818.0,591818.0,0
20230410T,763894.0,763894.0,763894.0,763894.0,0
20230411T,825873.0,825873.0,825873.0,825873.0,0
20230412T,948476.0,948476.0,948476.0,948476.0,0
20230413T,750538.0,750538.0,750538.0,750538.0,0
20230417T,938506.0,938506.0,938506.0,938506.0,0
20230418T,909283.0,909283.0,909283.0,909283.0,0
20230419T,953806.0,953806.0,953806.0,953806.0,0
20230420T,736075.0,736075.0,736075.0,736075.0,0
20230421T,886042.0,886042.0,886042.0,886042.0,0
20230424T,1010300.0,1010300.0,1010300.0,1010300.0,0
20230425T,972737.0,972737.0,972737.0,972737.0,0
20230426T,1095534.0,1095534.0,1095534.0,1095534.0,0
20230427T,542335.0,542335.0,542335.0,542335.0,0
20230428T,822220.0,822220.0,822220.0,822220.0,0
20230502T,810618.0,810618.0,810618.0,810618.0,0
20230503T,914205.0,914205.0,914205.0,914205.0,0
20230504T,634312.0,634312.0,634312.0,634312.0,0
20230505T,910111.0,910111.0,910111.0,910111.0,0
20230508T,892874.0,892874.0,892874.0,892874.0,0
20230509T,845629.0,845629.0,845629.0,845629.0,0
20230510T,935307.0,935307.0,935307.0,935307.0,0
20230511T,700629.0,700629.0,700629.0,700629.0,0
20230512T,897414.0,897414.0,897414.0,897414.0,0
20230515T,1096586.0,1096586.0,1096586.0,1096586.0,0
20230516T,935678.0,935678.0,935678.0,935678.0,0
20230517T,940915.0,940915.0,940915.0,940915.0,0
20230518T,752272.0,752272.0,752272.0,752272.0,0
20230519T,838118.0,838118.0,838118.0,838118.0,0
20230522T,963099.0,963099.0,963099.0,963099.0,0
20230523T,983164.0,983164.0,983164.0,983164.0,0
20230524T,1005247.0,1005247.0,1005247.0,1005247.0,0
20230525T,543169.0,543169.0,543169.0,543169.0,0
20230526T,820433.0,820433.0,820433.0,820433.0,0
20230529T,847076.0,847076.0,847076.0,847076.0,0
20230530T,793353.0,793353.0,793353.0,793353.0,0
20230531T,952205.0,952205.0,952205.0,952205.0,0
20230601T,611704.0,611704.0,611704.0,611704.0,0
20230602T,815999.0,815999.0,815999.0,815999.0,0
20230605T,919124.0,919124.0,919124.0,919124.0,0
20230606T,796364.0,796364.0,796364.0,796364.0,0
20230607T,970969.0,970969.0,970969.0,970969.0,0
20230608T,686182.0,686182.0,686182.0,686182.0,0
20230609T,846724.0,846724.0,846724.0,846724.0,0
20230612T,919305.0,919305.0,919305.0,919305.0,0
20230613T,832437.0,832437.0,832437.0,832437.0,0
20230614T,1000356.0,1000356.0,1000356.0,1000356.0,0
20230615T,712902.0,712902.0,712902.0,712902.0,0
20230616T,958290.0,958290.0,958290.0,958290.0,0
20230619T,949669.0,949669.0,949669.0,949669.0,0
20230620T,770304.0,770304.0,770304.0,770304.0,0
20230621T,863664.0,863664.0,863664.0,863664.0,0
20230622T,711498.0,711498.0,711498.0,711498.0,0
20230623T,939324.0,939324.0,939324.0,939324.0,0
20230626T,944234.0,944234.0,944234.0,944234.0,0
20230627T,1080793.0,1080793.0,1080793.0,1080793.0,0
20230628T,605638.0,605638.0,605638.0,605638.0,0
20230630T,936860.0,936860.0,936860.0,936860.0,0
20230703T,1005238.0,1005238.0,1005238.0,1005238.0,0
20230704T,1013912.0,1013912.0,1013912.0,1013912.0,0
20230705T,983322.0,983322.0,983322.0,983322.0,0
20230706T,696458.0,696458.0,696458.0,696458.0,0
20230707T,918096.0,918096.0,918096.0,918096.0,0
20230710T,930324.0,930324.0,930324.0,930324.0,0
20230711T,952149.0,952149.0,952149.0,952149.0,0
20230712T,1021936.0,1021936.0,1021936.0,1021936.0,0
20230713T,815379.0,815379.0,815379.0,815379.0,0
20230714T,811944.0,811944.0,811944.0,811944.0,0
20230717T,1111764.0,1111764.0,1111764.0,1111764.0,0
20230718T,940140.0,940140.0,940140.0,940140.0,0
20230719T,1030774.0,1030774.0,1030774.0,1030774.0,0
20230720T,722255.0,722255.0,722255.0,722255.0,0
20230721T,1016006.0,1016006.0,1016006.0,1016006.0,0
20230724T,1094744.0,1094744.0,1094744.0,1094744.0,0
20230725T,1118199.0,1118199.0,1118199.0,1118199.0,0
20230726T,1092623.0,1092623.0,1092623.0,1092623.0,0
20230727T,640602.0,640602.0,640602.0,640602.0,0
20230728T,1085903.0,1085903.0,1085903.0,1085903.0,0
20230731T,1152814.0,1152814.0,1152814.0,1152814.0,0
20230801T,1023103.0,1023103.0,1023103.0,1023103.0,0
20230802T,1223913.0,1223913.0,1223913.0,1223913.0,0
20230803T,762735.0,762735.0,762735.0,762735.0,0
20230804T,1096766.0,1096766.0,1096766.0,1096766.0,0
20230807T,1255001.0,1255001.0,1255001.0,1255001.0,0
20230808T,1246744.0,1246744.0,1246744.0,1246744.0,0
20230809T,1178039.0,1178039.0,1178039.0,1178039.0,0
20230810T,734297.0,734297.0,734297.0,734297.0,0
20230811T,949243.0,949243.0,949243.0,949243.0,0
20230814T,981989.0,981989.0,981989.0,981989.0,0
20230816T,1171420.0,1171420.0,1171420.0,1171420.0,0
20230817T,699415.0,699415.0,699415.0,699415.0,0
20230818T,1077398.0,1077398.0,1077398.0,1077398.0,0
20230821T,1233222.0,1233222.0,1233222.0,1233222.0,0
20230822T,1138827.0,1138827.0,1138827.0,1138827.0,0
20230823T,1358965.0,1358965.0,1358965.0,1358965.0,0
20230824T,847341.0,847341.0,847341.0,847341.0,0
20230825T,1111364.0,1111364.0,1111364.0,1111364.0,0
20230828T,1323333.0,1323333.0,1323333.0,1323333.0,0
20230829T,1359671.0,1359671.0,1359671.0,1359671.0,0
20230830T,1256467.0,1256467.0,1256467.0,1256467.0,0
20230831T,792077.0,792077.0,792077.0,792077.0,0
20230901T,1088340.0,1088340.0,1088340.0,1088340.0,0
20230904T,1135486.0,1135486.0,1135486.0,1135486.0,0
20230905T,1341799.0,1341799.0,1341799.0,1341799.0,0
20230906T,1149076.0,1149076.0,1149076.0,1149076.0,0
20230907T,940896.0,940896.0,940896.0,940896.0,0
20230908T,1126560.0,1126560.0,1126560.0,1126560.0,0
20230911T,1293877.0,1293877.0,1293877.0,1293877.0,0
20230912T,1449545.0,1449545.0,1449545.0,1449545.0,0
20230913T,1124971.0,1124971.0,1124971.0,1124971.0,0
20230914T,938846.0,938846.0,938846.0,938846.0,0
20230915T,1058600.0,1058600.0,1058600.0,1058600.0,0
20230918T,1006295.0,1006295.0,1006295.0,1006295.0,0
20230920T,903042.0,903042.0,903042.0,903042.0,0
20230921T,1077157.0,1077157.0,1077157.0,1077157.0,0
20230922T,1241680.0,1241680.0,1241680.0,1241680.0,0
20230925T,1330218.0,1330218.0,1330218.0,1330218.0,0
20230926T,1291935.0,1291935.0,1291935.0,1291935.0,0
20230927T,1487716.0,1487716.0,1487716.0,1487716.0,0
20230928T,843334.0,843334.0,843334.0,843334.0,0
20230929T,904711.0,904711.0,904711.0,904711.0,0
20231003T,1288781.0,1288781.0,1288781.0,1288781.0,0
20231004T,1116111.0,1116111.0,1116111.0,1116111.0,0
20231005T,859512.0,859512.0,859512.0,859512.0,0
20231006T,1018432.0,1018432.0,1018432.0,1018432.0,0
20231009T,1011490.0,1011490.0,1011490.0,1011490.0,0
20231010T,1038766.0,1038766.0,1038766.0,1038766.0,0
20231011T,964871.0,964871.0,964871.0,964871.0,0
20231012T,862420.0,862420.0,862420.0,862420.0,0
20231013T,1121746.0,1121746.0,1121746.0,1121746.0,0
20231016T,1201209.0,1201209.0,1201209.0,1201209.0,0
20231017T,1253466.0,1253466.0,1253466.0,1253466.0,0
20231018T,1046653.0,1046653.0,1046653.0,1046653.0,0
20231019T,1029048.0,1029048.0,1029048.0,1029048.0,0
20231020T,1244605.0,1244605.0,1244605.0,1244605.0,0
20231023T,1158787.0,1158787.0,1158787.0,1158787.0,0
20231025T,1378040.0,1378040.0,1378040.0,1378040.0,0
20231026T,995195.0,995195.0,995195.0,995195.0,0
20231027T,1177731.0,1177731.0,1177731.0,1177731.0,0
20231030T,1393690.0,1393690.0,1393690.0,1393690.0,0
20231031T,1356258.0,1356258.0,1356258.0,1356258.0,0
20231101T,1238045.0,1238045.0,1238045.0,1238045.0,0
20231102T,992595.0,992595.0,992595.0,992595.0,0
20231103T,1210550.0,1210550.0,1210550.0,1210550.0,0
20231106T,1284714.0,1284714.0,1284714.0,1284714.0,0
20231107T,1378577.0,1378577.0,1378577.0,1378577.0,0
20231108T,1206299.0,1206299.0,1206299.0,1206299.0,0
20231109T,1116234.0,1116234.0,1116234.0,1116234.0,0
20231110T,1238214.0,1238214.0,1238214.0,1238214.0,0
20231113T,1241032.0,1241032.0,1241032.0,1241032.0,0
20231115T,1124435.0,1124435.0,1124435.0,1124435.0,0
20231116T,1088872.0,1088872.0,1088872.0,1088872.0,0
20231117T,1521612.0,1521612.0,1521612.0,1521612.0,0
20231120T,1507093.0,1507093.0,1507093.0,1507093.0,0
20231121T,1463459.0,1463459.0,1463459.0,1463459.0,0
20231122T,1221423.0,1221423.0,1221423.0,1221423.0,0
20231123T,1008844.0,1008844.0,1008844.0,1008844.0,0
20231124T,1192573.0,1192573.0,1192573.0,1192573.0,0
20231128T,1328171.0,1328171.0,1328171.0,1328171.0,0
20231129T,1703877.0,1703877.0,1703877.0,1703877.0,0
20231130T,812225.0,812225.0,812225.0,812225.0,0
20231201T,1117865.0,1117865.0,1117865.0,1117865.0,0
20231204T,1663142.0,1663142.0,1663142.0,1663142.0,0
20231205T,1515136.0,1515136.0,1515136.0,1515136.0,0
20231206T,1224236.0,1224236.0,1224236.0,1224236.0,0
20231207T,979416.0,979416.0,979416.0,979416.0,0
20231208T,1269681.0,1269681.0,1269681.0,1269681.0,0
20231211T,1273071.0,1273071.0,1273071.0,1273071.0,0
20231212T,1183729.0,1183729.0,1183729.0,1183729.0,0
20231213T,1081546.0,1081546.0,1081546.0,1081546.0,0
20231214T,994076.0,994076.0,994076.0,994076.0,0
20231215T,1246225.0,1246225.0,1246225.0,1246225.0,0
20231218T,1245128.0,1245128.0,1245128.0,1245128.0,0
20231219T,1510465.0,1510465.0,1510465.0,1510465.0,0
20231220T,1081214.0,1081214.0,1081214.0,1081214.0,0
20231221T,1140869.0,1140869.0,1140869.0,1140869.0,0
20231222T,1335030.0,1335030.0,1335030.0,1335030.0,0
20231226T,1676716.0,1676716.0,1676716.0,1676716.0,0
20231227T,2104904.0,2104904.0,2104904.0,2104904.0,0
20231228T,637189.0,637189.0,637189.0,637189.0,0
20231229T,1009728.0,1009728.0,1009728.0,1009728.0,0
20240101T,1506615.0,1506615.0,1506615.0,1506615.0,0
20240102T,1397784.0,1397784.0,1397784.0,1397784.0,0
20240103T,1014892.0,1014892.0,1014892.0,1014892.0,0
20240104T,831868.0,831868.0,831868.0,831868.0,0
20240105T,1121257.0,1121257.0,1121257.0,1121257.0,0
20240108T,1156891.0,1156891.0,1156891.0,1156891.0,0
20240109T,1166029.0,1166029.0,1166029.0,1166029.0,0
20240110T,983388.0,983388.0,983388.0,983388.0,0
20240111T,793616.0,793616.0,793616.0,793616.0,0
20240112T,1287572.0,1287572.0,1287572.0,1287572.0,0
20240115T,1578879.0,1578879.0,1578879.0,1578879.0,0
20240116T,1648382.0,1648382.0,1648382.0,1648382.0,0
20240117T,1247091.0,1247091.0,1247091.0,1247091.0,0
20240118T,1083783.0,1083783.0,1083783.0,1083783.0,0
20240119T,1307858.0,1307858.0,1307858.0,1307858.0,0
20240123T,1321585.0,1321585.0,1321585.0,1321585.0,0
20240124T,1556906.0,1556906.0,1556906.0,1556906.0,0
20240125T,761971.0,761971.0,761971.0,761971.0,0
20240129T,1195157.0,1195157.0,1195157.0,1195157.0,0
20240130T,1164380.0,1164380.0,1164380.0,1164380.0,0
20240131T,711909.0,711909.0,711909.0,711909.0,0
20240201T,798935.0,798935.0,798935.0,798935.0,0
20240202T,1050207.0,1050207.0,1050207.0,1050207.0,0
20240205T,1067987.0,1067987.0,1067987.0,1067987.0,0
20240206T,1113757.0,1113757.0,1113757.0,1113757.0,0
20240207T,841504.0,841504.0,841504.0,841504.0,0
20240208T,931532.0,931532.0,931532.0,931532.0,0
20240209T,1006217.0,1006217.0,1006217.0,1006217.0,0
20240212T,1135584.0,1135584.0,1135584.0,1135584.0,0
20240213T,1163291.0,1163291.0,1163291.0,1163291.0,0
20240214T,978840.0,978840.0,978840.0,978840.0,0
20240215T,833954.0,833954.0,833954.0,833954.0,0
20240216T,1108076.0,1108076.0,1108076.0,1108076.0,0
20240219T,1181790.0,1181790.0,1181790.0,1181790.0,0
20240220T,1345696.0,1345696.0,1345696.0,1345696.0,0
20240221T,912799.0,912799.0,912799.0,912799.0,0
20240223T,1106615.0,1106615.0,1106615.0,1106615.0,0
20240226T,1186467.0,1186467.0,1186467.0,1186467.0,0
20240227T,1250518.0,1250518.0,1250518.0,1250518.0,0
20240228T,1354155.0,1354155.0,1354155.0,1354155.0,0
20240229T,687032.0,687032.0,687032.0,687032.0,0
20240301T,1190949.0,1190949.0,1190949.0,1190949.0,0
20240304T,1104290.0,1104290.0,1104290.0,1104290.0,0
20240305T,1198133.0,1198133.0,1198133.0,1198133.0,0
20240306T,968749.0,968749.0,968749.0,968749.0,0
20240307T,930592.0,930592.0,930592.0,930592.0,0
20240311T,1114810.0,1114810.0,1114810.0,1114810.0,0
20240312T,932561.0,932561.0,932561.0,932561.0,0
20240313T,1049017.0,1049017.0,1049017.0,1049017.0,0
20240314T,809521.0,809521.0,809521.0,809521.0,0
20240315T,1086112.0,1086112.0,1086112.0,1086112.0,0
20240318T,1017641.0,1017641.0,1017641.0,1017641.0,0
20240319T,1127099.0,1127099.0,1127099.0,1127099.0,0
20240320T,878277.0,878277.0,878277.0,878277.0,0
20240321T,896347.0,896347.0,896347.0,896347.0,0
20240322T,997496.0,997496.0,997496.0,997496.0,0
20240326T,1129772.0,1129772.0,1129772.0,1129772.0,0
20240327T,1094201.0,1094201.0,1094201.0,1094201.0,0
20240328T,794298.0,794298.0,794298.0,794298.0,0
20240401T,911432.0,911432.0,911432.0,911432.0,0
20240402T,989980.0,989980.0,989980.0,989980.0,0
20240403T,774806.0,774806.0,774806.0,774806.0,0
20240404T,675154.0,675154.0,675154.0,675154.0,0
20240405T,1234691.0,1234691.0,1234691.0,1234691.0,0
20240408T,1237367.0,1237367.0,1237367.0,1237367.0,0
20240409T,1411672.0,1411672.0,1411672.0,1411672.0,0
20240410T,668388.0,668388.0,668388.0,668388.0,0
20240412T,945747.0,945747.0,945747.0,945747.0,0
20240415T,1127796.0,1127796.0,1127796.0,1127796.0,0
20240416T,919998.0,919998.0,919998.0,919998.0,0
20240418T,984380.0,984380.0,984380.0,984380.0,0
20240419T,1266032.0,1266032.0,1266032.0,1266032.0,0
20240422T,1309047.0,1309047.0,1309047.0,1309047.0,0
20240423T,1351477.0,1351477.0,1351477.0,1351477.0,0
20240424T,1037442.0,1037442.0,1037442.0,1037442.0,0
20240425T,901922.0,901922.0,901922.0,901922.0,0
20240426T,1737493.0,1737493.0,1737493.0,1737493.0,0
20240429T,2116981.0,2116981.0,2116981.0,2116981.0,0
20240430T,1835752.0,1835752.0,1835752.0,1835752.0,0
20240502T,1379918.0,1379918.0,1379918.0,1379918.0,0
20240503T,1612735.0,1612735.0,1612735.0,1612735.0,0
20240506T,1640980.0,1640980.0,1640980.0,1640980.0,0
20240507T,1854636.0,1854636.0,1854636.0,1854636.0,0
20240508T,1641664.0,1641664.0,1641664.0,1641664.0,0
20240509T,1318799.0,1318799.0,1318799.0,1318799.0,0
20240510T,1547332.0,1547332.0,1547332.0,1547332.0,0
20240513T,1608992.0,1608992.0,1608992.0,1608992.0,0
20240514T,1601985.0,1601985.0,1601985.0,1601985.0,0
20240515T,1425736.0,1425736.0,1425736.0,1425736.0,0
20240516T,1383384.0,1383384.0,1383384.0,1383384.0,0
20240517T,1568169.0,1568169.0,1568169.0,1568169.0,0
20240521T,1776866.0,1776866.0,1776866.0,1776866.0,0
20240522T,1592632.0,1592632.0,1592632.0,1592632.0,0
20240523T,1311766.0,1311766.0,1311766.0,1311766.0,0
20240524T,1633526.0,1633526.0,1633526.0,1633526.0,0
20240527T,1796911.0,1796911.0,1796911.0,1796911.0,0
20240528T,1930746.0,1930746.0,1930746.0,1930746.0,0
20240529T,1574948.0,1574948.0,1574948.0,1574948.0,0
20240530T,1039355.0,1039355.0,1039355.0,1039355.0,0
20240531T,1370781.0,1370781.0,1370781.0,1370781.0,0
20240603T,1618005.0,1618005.0,1618005.0,1618005.0,0
20240604T,1721699.0,1721699.0,1721699.0,1721699.0,0
20240605T,1651253.0,1651253.0,1651253.0,1651253.0,0
20240606T,1012162.0,1012162.0,1012162.0,1012162.0,0
20240607T,1551868.0,1551868.0,1551868.0,1551868.0,0
20240610T,1534068.0,1534068.0,1534068.0,1534068.0,0
20240611T,1536069.0,1536069.0,1536069.0,1536069.0,0
20240612T,1610072.0,1610072.0,1610072.0,1610072.0,0
20240613T,1186857.0,1186857.0,1186857.0,1186857.0,0
20240614T,1626605.0,1626605.0,1626605.0,1626605.0,0
20240618T,1792079.0,1792079.0,1792079.0,1792079.0,0
20240619T,1831803.0,1831803.0,1831803.0,1831803.0,0
20240620T,1433318.0,1433318.0,1433318.0,1433318.0,0
20240621T,1573376.0,1573376.0,1573376.0,1573376.0,0
20240624T,1974267.0,1974267.0,1974267.0,1974267.0,0
20240625T,2578585.0,2578585.0,2578585.0,2578585.0,0
20240626T,2242227.0,2242227.0,2242227.0,2242227.0,0
20240627T,1159936.0,1159936.0,1159936.0,1159936.0,0
20240628T,1363794.0,1363794.0,1363794.0,1363794.0,0
20240701T,1469038.0,1469038.0,1469038.0,1469038.0,0
20240702T,1391060.0,1391060.0,1391060.0,1391060.0,0
20240703T,1314003.0,1314003.0,1314003.0,1314003.0,0
20240704T,1212745.0,1212745.0,1212745.0,1212745.0,0
20240705T,1737430.0,1737430.0,1737430.0,1737430.0,0
20240708T,1697646.0,1697646.0,1697646.0,1697646.0,0
20240709T,1632369.0,1632369.0,1632369.0,1632369.0,0
20240710T,1393275.0,1393275.0,1393275.0,1393275.0,0
20240711T,915632.0,915632.0,915632.0,915632.0,0
20240712T,1230079.0,1230079.0,1230079.0,1230079.0,0
20240715T,1524314.0,1524314.0,1524314.0,1524314.0,0
20240716T,1273969.0,1273969.0,1273969.0,1273969.0,0
20240718T,876804.0,876804.0,876804.0,876804.0,0
20240719T,1333071.0,1333071.0,1333071.0,1333071.0,0
20240722T,1399484.0,1399484.0,1399484.0,1399484.0,0
20240723T,1553080.0,1553080.0,1553080.0,1553080.0,0
20240724T,1746173.0,1746173.0,1746173.0,1746173.0,0
20240725T,1007710.0,1007710.0,1007710.0,1007710.0,0
20240726T,1723392.0,1723392.0,1723392.0,1723392.0,0
20240729T,1676123.0,1676123.0,1676123.0,1676123.0,0
20240730T,1743688.0,1743688.0,1743688.0,1743688.0,0
20240731T,1828682.0,1828682.0,1828682.0,1828682.0,0
20240801T,1090867.0,1090867.0,1090867.0,1090867.0,0
20240802T,1625636.0,1625636.0,1625636.0,1625636.0,0
20240805T,1762677.0,1762677.0,1762677.0,1762677.0,0
20240806T,2064652.0,2064652.0,2064652.0,2064652.0,0
20240807T,2167622.0,2167622.0,2167622.0,2167622.0,0
20240808T,1395899.0,1395899.0,1395899.0,1395899.0,0
20240809T,1604862.0,1604862.0,1604862.0,1604862.0,0
20240812T,1617167.0,1617167.0,1617167.0,1617167.0,0
20240813T,2007677.0,2007677.0,2007677.0,2007677.0,0
20240814T,1317975.0,1317975.0,1317975.0,1317975.0,0
20240816T,1689840.0,1689840.0,1689840.0,1689840.0,0
20240819T,1663947.0,1663947.0,1663947.0,1663947.0,0
20240820T,1810866.0,1810866.0,1810866.0,1810866.0,0
20240821T,1772511.0,1772511.0,1772511.0,1772511.0,0
20240822T,1436608.0,1436608.0,1436608.0,1436608.0,0
20240823T,1817534.0,1817534.0,1817534.0,1817534.0,0
20240826T,2004639.0,2004639.0,2004639.0,2004639.0,0
20240827T,1962509.0,1962509.0,1962509.0,1962509.0,0
20240828T,2066482.0,2066482.0,2066482.0,2066482.0,0
20240829T,1353418.0,1353418.0,1353418.0,1353418.0,0
20240830T,1839486.0,1839486.0,1839486.0,1839486.0,0
20240902T,1885213.0,1885213.0,1885213.0,1885213.0,0
20240903T,2030474.0,2030474.0,2030474.0,2030474.0,0
20240904T,1900875.0,1900875.0,1900875.0,1900875.0,0
20240905T,1444659.0,1444659.0,1444659.0,1444659.0,0
20240906T,1941685.0,1941685.0,1941685.0,1941685.0,0
20240909T,1980725.0,1980725.0,1980725.0,1980725.0,0
20240910T,2048112.0,2048112.0,2048112.0,2048112.0,0
20240911T,1906489.0,1906489.0,1906489.0,1906489.0,0
20240912T,1616873.0,1616873.0,1616873.0,1616873.0,0
20240913T,1939766.0,1939766.0,1939766.0,1939766.0,0
20240916T,1831532.0,1831532.0,1831532.0,1831532.0,0
20240917T,1897341.0,1897341.0,1897341.0,1897341.0,0
20240918T,1978878.0,1978878.0,1978878.0,1978878.0,0
20240919T,1746916.0,1746916.0,1746916.0,1746916.0,0
20240920T,2545703.0,2545703.0,2545703.0,2545703.0,0
20240923T,2819999.0,2819999.0,2819999.0,2819999.0,0
20240924T,2811555.0,2811555.0,2811555.0,2811555.0,0
20240925T,2612220.0,2612220.0,2612220.0,2612220.0,0
20240926T,1552760.0,1552760.0,1552760.0,1552760.0,0
20240927T,2148632.0,2148632.0,2148632.0,2148632.0,0
20240930T,2378254.0,2378254.0,2378254.0,2378254.0,0
20241001T,2121100.0,2121100.0,2121100.0,2121100.0,0
20241003T,1555236.0,1555236.0,1555236.0,1555236.0,0
20241004T,2036459.0,2036459.0,2036459.0,2036459.0,0
20241007T,2158670.0,2158670.0,2158670.0,2158670.0,0
20241008T,2318230.0,2318230.0,2318230.0,2318230.0,0
20241009T,2084230.0,2084230.0,2084230.0,2084230.0,0
20241010T,1643475.0,1643475.0,1643475.0,1643475.0,0
20241011T,1753651.0,1753651.0,1753651.0,1753651.0,0
20241014T,1791370.0,1791370.0,1791370.0,1791370.0,0
20241015T,1773561.0,1773561.0,1773561.0,1773561.0,0
20241016T,1922808.0,1922808.0,1922808.0,1922808.0,0
20241017T,1579638.0,1579638.0,1579638.0,1579638.0,0
20241018T,1983391.0,1983391.0,1983391.0,1983391.0,0
20241021T,2078384.0,2078384.0,2078384.0,2078384.0,0
20241022T,1998733.0,1998733.0,1998733.0,1998733.0,0
20241023T,2038762.0,2038762.0,2038762.0,2038762.0,0
20241024T,1883261.0,1883261.0,1883261.0,1883261.0,0
20241025T,2414928.0,2414928.0,2414928.0,2414928.0,0
20241028T,2494866.0,2494866.0,2494866.0,2494866.0,0
20241029T,2875664.0,2875664.0,2875664.0,2875664.0,0
20241030T,2433724.0,2433724.0,2433724.0,2433724.0,0
20241031T,1683734.0,1683734.0,1683734.0,1683734.0,0
20241104T,1911832.0,1911832.0,1911832.0,1911832.0,0
20241105T,2233609.0,2233609.0,2233609.0,2233609.0,0
20241106T,2285525.0,2285525.0,2285525.0,2285525.0,0
20241107T,1645426.0,1645426.0,1645426.0,1645426.0,0
20241108T,2089607.0,2089607.0,2089607.0,2089607.0,0
20241111T,2165875.0,2165875.0,2165875.0,2165875.0,0
20241112T,2256226.0,2256226.0,2256226.0,2256226.0,0
20241113T,2436007.0,2436007.0,2436007.0,2436007.0,0
20241114T,1877055.0,1877055.0,1877055.0,1877055.0,0
20241118T,2013197.0,2013197.0,2013197.0,2013197.0,0
20241119T,2077909.0,2077909.0,2077909.0,2077909.0,0
20241121T,1729509.0,1729509.0,1729509.0,1729509.0,0
20241122T,2376013.0,2376013.0,2376013.0,2376013.0,0
20241125T,2524494.0,2524494.0,2524494.0,2524494.0,0
20241126T,2492606.0,2492606.0,2492606.0,2492606.0,0
20241127T,1985360.0,1985360.0,1985360.0,1985360.0,0
20241128T,1296235.0,1296235.0,1296235.0,1296235.0,0
20241129T,1401211.0,1401211.0,1401211.0,1401211.0,0
20241202T,1923448.0,1923448.0,1923448.0,1923448.0,0
20241203T,2055146.0,2055146.0,2055146.0,2055146.0,0
20241204T,2296439.0,2296439.0,2296439.0,2296439.0,0
20241205T,1562527.0,1562527.0,1562527.0,1562527.0,0
20241206T,1842955.0,1842955.0,1842955.0,1842955.0,0
20241209T,2082961.0,2082961.0,2082961.0,2082961.0,0
20241210T,2176958.0,2176958.0,2176958.0,2176958.0,0
20241211T,2166226.0,2166226.0,2166226.0,2166226.0,0
20241212T,1530963.0,1530963.0,1530963.0,1530963.0,0
20241213T,2161479.0,2161479.0,2161479.0,2161479.0,0
20241216T,2245395.0,2245395.0,2245395.0,2245395.0,0
20241217T,2158102.0,2158102.0,2158102.0,2158102.0,0
20241218T,2093082.0,2093082.0,2093082.0,2093082.0,0
20241219T,1722562.0,1722562.0,1722562.0,1722562.0,0
20241220T,2135422.0,2135422.0,2135422.0,2135422.0,0
20241223T,2230530.0,2230530.0,2230530.0,2230530.0,0
20241224T,2310375.0,2310375.0,2310375.0,2310375.0,0
20241226T,969612.0,969612.0,969612.0,969612.0,0
20241227T,1027180.0,1027180.0,1027180.0,1027180.0,0
20241230T,1090101.0,1090101.0,1090101.0,1090101.0,0
20241231T,1398048.0,1398048.0,1398048.0,1398048.0,0
20250101T,1467525.0,1467525.0,1467525.0,1467525.0,0
20250102T,1046469.0,1046469.0,1046469.0,1046469.0,0
20250103T,1231911.0,1231911.0,1231911.0,1231911.0,0
20250106T,1288557.0,1288557.0,1288557.0,1288557.0,0
20250107T,1256928.0,1256928.0,1256928.0,1256928.0,0
20250108T,1327306.0,1327306.0,1327306.0,1327306.0,0
20250109T,1083977.0,1083977.0,1083977.0,1083977.0,0
20250110T,1328826.0,1328826.0,1328826.0,1328826.0,0
20250113T,1585139.0,1585139.0,1585139.0,1585139.0,0
20250114T,1632758.0,1632758.0,1632758.0,1632758.0,0
20250115T,1543010.0,1543010.0,1543010.0,1543010.0,0
20250116T,1249862.0,1249862.0,1249862.0,1249862.0,0
20250117T,1322284.0,1322284.0,1322284.0,1322284.0,0
20250120T,1480698.0,1480698.0,1480698.0,1480698.0,0
20250121T,1561029.0,1561029.0,1561029.0,1561029.0,0
20250122T,1574613.0,1574613.0,1574613.0,1574613.0,0
20250123T,1409174.0,1409174.0,1409174.0,1409174.0,0
20250124T,1617940.0,1617940.0,1617940.0,1617940.0,0
20250127T,1717472.0,1717472.0,1717472.0,1717472.0,0
20250128T,1996036.0,1996036.0,1996036.0,1996036.0,0
20250129T,2281236.0,2281236.0,2281236.0,2281236.0,0
20250130T,416492.0,416492.0,416492.0,416492.0,0
20250131T,511026.0,511026.0,511026.0,511026.0,0
20250203T,628750.0,628750.0,628750.0,628750.0,0
20250204T,687826.0,687826.0,687826.0,687826.0,0
20250205T,749243.0,749243.0,749243.0,749243.0,0
20250206T,542163.0,542163.0,542163.0,542163.0,0
20250207T,598457.0,598457.0,598457.0,598457.0,0
20250210T,643738.0,643738.0,643738.0,643738.0,0
20250211T,692555.0,692555.0,692555.0,692555.0,0
20250212T,673625.0,673625.0,673625.0,673625.0,0
20250213T,554308.0,554308.0,554308.0,554308.0,0
20250214T,640303.0,640303.0,640303.0,640303.0,0
20250217T,649153.0,649153.0,649153.0,649153.0,0
20250218T,678049.0,678049.0,678049.0,678049.0,0
20250219T,672286.0,672286.0,672286.0,672286.0,0
20250220T,576591.0,576591.0,576591.0,576591.0,0
20250221T,662780.0,662780.0,662780.0,662780.0,0
20250224T,872668.0,872668.0,872668.0,872668.0,0
20250225T,1028325.0,1028325.0,1028325.0,1028325.0,0
20250227T,489910.0,489910.0,489910.0,489910.0,0
20250228T,676796.0,676796.0,676796.0,676796.0,0
20250303T,705798.0,705798.0,705798.0,705798.0,0
20250304T,802644.0,802644.0,802644.0,802644.0,0
20250305T,895318.0,895318.0,895318.0,895318.0,0
20250306T,658914.0,658914.0,658914.0,658914.0,0
20250307T,837641.0,837641.0,837641.0,837641.0,0
20250310T,882920.0,882920.0,882920.0,882920.0,0
20250311T,1042012.0,1042012.0,1042012.0,1042012.0,0
20250312T,1077536.0,1077536.0,1077536.0,1077536.0,0
20250313T,741833.0,741833.0,741833.0,741833.0,0
20250317T,886098.0,886098.0,886098.0,886098.0,0
20250318T,906678.0,906678.0,906678.0,906678.0,0
20250319T,955048.0,955048.0,955048.0,955048.0,0
20250320T,743274.0,743274.0,743274.0,743274.0,0
20250321T,873970.0,873970.0,873970.0,873970.0,0
20250324T,994522.0,994522.0,994522.0,994522.0,0
20250325T,1116435.0,1116435.0,1116435.0,1116435.0,0
20250326T,1143462.0,1143462.0,1143462.0,1143462.0,0
20250327T,462358.0,462358.0,462358.0,462358.0,0
20250328T,657809.0,657809.0,657809.0,657809.0,0
20250401T,764881.0,764881.0,764881.0,764881.0,0
20250402T,807159.0,807159.0,807159.0,807159.0,0
20250403T,616140.0,616140.0,616140.0,616140.0,0
20250404T,803645.0,803645.0,803645.0,803645.0,0
20250407T,920621.0,920621.0,920621.0,920621.0,0
20250408T,1170381.0,1170381.0,1170381.0,1170381.0,0
20250409T,845424.0,845424.0,845424.0,845424.0,0
20250411T,987474.0,987474.0,987474.0,987474.0,0
20250415T,872292.0,872292.0,872292.0,872292.0,0
20250416T,871790.0,871790.0,871790.0,871790.0,0
20250417T,726542.0,726542.0,726542.0,726542.0,0
20250421T,900352.0,900352.0,900352.0,900352.0,0
20250422T,995954.0,995954.0,995954.0,995954.0,0
20250423T,1119334.0,1119334.0,1119334.0,1119334.0,0
20250424T,428577.0,428577.0,428577.0,428577.0,0
20250425T,523402.0,523402.0,523402.0,523402.0,0
20250428T,709134.0,709134.0,709134.0,709134.0,0
20250429T,712810.0,712810.0,712810.0,712810.0,0
20250430T,471444.0,471444.0,471444.0,471444.0,0
20250502T,568051.0,568051.0,568051.0,568051.0,0
20250505T,586039.0,586039.0,586039.0,586039.0,0
20250506T,695590.0,695590.0,695590.0,695590.0,0
20250507T,772772.0,772772.0,772772.0,772772.0,0
20250508T,724421.0,724421.0,724421.0,724421.0,0
20250509T,720011.0,720011.0,720011.0,720011.0,0
20250512T,869014.0,869014.0,869014.0,869014.0,0
20250513T,956897.0,956897.0,956897.0,956897.0,0
20250514T,945278.0,945278.0,945278.0,945278.0,0
20250515T,729360.0,729360.0,729360.0,729360.0,0
20250516T,762939.0,762939.0,762939.0,762939.0,0
20250519T,774956.0,774956.0,774956.0,774956.0,0
20250520T,827213.0,827213.0,827213.0,827213.0,0
20250521T,912881.0,912881.0,912881.0,912881.0,0
20250522T,689688.0,689688.0,689688.0,689688.0,0
20250523T,762030.0,762030.0,762030.0,762030.0,0
20250526T,881553.0,881553.0,881553.0,881553.0,0
20250527T,1005050.0,1005050.0,1005050.0,1005050.0,0
20250528T,841639.0,841639.0,841639.0,841639.0,0
20250529T,333194.0,333194.0,333194.0,333194.0,0
20250530T,451396.0,451396.0,451396.0,451396.0,0
20250602T,579674.0,579674.0,579674.0,579674.0,0
20250603T,634210.0,634210.0,634210.0,634210.0,0
20250604T,612458.0,612458.0,612458.0,612458.0,0
20250605T,493695.0,493695.0,493695.0,493695.0,0
20250606T,541230.0,541230.0,541230.0,541230.0,0
20250609T,551372.0,551372.0,551372.0,551372.0,0
20250610T,599786.0,599786.0,599786.0,599786.0,0
20250611T,706236.0,706236.0,706236.0,706236.0,0
20250612T,538638.0,538638.0,538638.0,538638.0,0
20250613T,593490.0,593490.0,593490.0,593490.0,0
20250616T,618169.0,618169.0,618169.0,618169.0,0
20250617T,619198.0,619198.0,619198.0,619198.0,0
20250618T,618216.0,618216.0,618216.0,618216.0,0
20250619T,536702.0,536702.0,536702.0,536702.0,0
20250620T,649320.0,649320.0,649320.0,649320.0,0
20250623T,704144.0,704144.0,704144.0,704144.0,0
20250624T,684667.0,684667.0,684667.0,684667.0,0
20250625T,810579.0,810579.0,810579.0,810579.0,0
20250626T,367235.0,367235.0,367235.0,367235.0,0
20250627T,393527.0,393527.0,393527.0,393527.0,0
20250630T,390817.0,390817.0,390817.0,390817.0,0
20250701T,485234.0,485234.0,485234.0,485234.0,0
20250702T,472715.0,472715.0,472715.0,472715.0,0
20250703T,374127.0,374127.0,374127.0,374127.0,0
20250704T,429805.0,429805.0,429805.0,429805.0,0
20250707T,437331.0,437331.0,437331.0,437331.0,0
20250708T,440443.0,440443.0,440443.0,440443.0,0
20250709T,443364.0,443364.0,443364.0,443364.0,0
20250710T,378421.0,378421.0,378421.0,378421.0,0
20250711T,448301.0,448301.0,448301.0,448301.0,0
20250714T,442669.0,442669.0,442669.0,442669.0,0
20250715T,461212.0,461212.0,461212.0,461212.0,0
20250716T,493511.0,493511.0,493511.0,493511.0,0
20250717T,390103.0,390103.0,390103.0,390103.0,0
20250718T,460414.0,460414.0,460414.0,460414.0,0
20250721T,474567.0,474567.0,474567.0,474567.0,0
20250722T,528219.0,528219.0,528219.0,528219.0,0
20250723T,540459.0,540459.0,540459.0,540459.0,0
20250724T,456262.0,456262.0,456262.0,456262.0,0
20250725T,558610.0,558610.0,558610.0,558610.0,0
20250728T,588880.0,588880.0,588880.0,588880.0,0
20250729T,591027.0,591027.0,591027.0,591027.0,0
20250730T,568923.0,568923.0,568923.0,568923.0,0
20250731T,327252.0,327252.0,327252.0,327252.0,0
20250801T,411973.0,411973.0,411973.0,411973.0,0
20250804T,406572.0,406572.0,406572.0,406572.0,0
20250805T,456499.0,456499.0,456499.0,456499.0,0
20250806T,532016.0,532016.0,532016.0,532016.0,0
20250807T,416437.0,416437.0,416437.0,416437.0,0
20250808T,480816.0,480816.0,480816.0,480816.0,0
20250811T,517729.0,517729.0,517729.0,517729.0,0
20250812T,512828.0,512828.0,512828.0,512828.0,0
20250813T,562039.0,562039.0,562039.0,562039.0,0
20250814T,420447.0,420447.0,420447.0,420447.0,0
20250818T,506654.0,506654.0,506654.0,506654.0,0
20250819T,525440.0,525440.0,525440.0,525440.0,0
20250820T,562212.0,562212.0,562212.0,562212.0,0
20250821T,444635.0,444635.0,444635.0,444635.0,0
20250822T,527827.0,527827.0,527827.0,527827.0,0
20250825T,549594.0,549594.0,549594.0,549594.0,0
20250826T,591883.0,591883.0,591883.0,591883.0,0
20250828T,427322.0,427322.0,427322.0,427322.0,0
20250829T,523898.0,523898.0,523898.0,523898.0,0
20250901T,586370.0,586370.0,586370.0,586370.0,0
20250902T,450744.0,450744.0,450744.0,450744.0,0
20250903T,519945.0,519945.0,519945.0,519945.0,0
20250904T,564196.0,564196.0,564196.0,564196.0,0
20250905T,621360.0,621360.0,621360.0,621360.0,0
20250908T,697622.0,697622.0,697622.0,697622.0,0
20250909T,467098.0,467098.0,467098.0,467098.0,0
20250910T,536331.0,536331.0,536331.0,536331.0,0
20250911T,589398.0,589398.0,589398.0,589398.0,0
20250912T,678980.0,678980.0,678980.0,678980.0,0
20250915T,717993.0,717993.0,717993.0,717993.0,0
20250916T,490570.0,490570.0,490570.0,490570.0,0
20250917T,547466.0,547466.0,547466.0,547466.0,0
20250918T,616493.0,616493.0,616493.0,616493.0,0
20250919T,635317.0,635317.0,635317.0,635317.0,0
20250922T,667889.0,667889.0,667889.0,667889.0,0
20250923T,505629.0,505629.0,505629.0,505629.0,0
20250924T,591874.0,591874.0,591874.0,591874.0,0
20250925T,661734.0,661734.0,661734.0,661734.0,0
20250926T,753826.0,753826.0,753826.0,753826.0,0
20250929T,819160.0,819160.0,819160.0,819160.0,0
20250930T,440915.0,440915.0,440915.0,440915.0,0
20251001T,575568.0,575568.0,575568.0,575568.0,0
20251003T,714678.0,714678.0,714678.0,714678.0,0
20251006T,749022.0,749022.0,749022.0,749022.0,0
20251007T,473007.0,473007.0,473007.0,473007.0,0
20251008T,561138.0,561138.0,561138.0,561138.0,0
20251009T,585061.0,585061.0,585061.0,585061.0,0
20251010T,705720.0,705720.0,705720.0,705720.0,0
20251013T,696850.0,696850.0,696850.0,696850.0,0
20251014T,505650.0,505650.0,505650.0,505650.0,0
20251015T,603176.0,603176.0,603176.0,603176.0,0
20251016T,717269.0,717269.0,717269.0,717269.0,0
20251017T,789945.0,789945.0,789945.0,789945.0,0
20251020T,580985.0,580985.0,580985.0,580985.0,0
20251023T,689573.0,689573.0,689573.0,689573.0,0
20251024T,744535.0,744535.0,744535.0,744535.0,0
20251027T,776267.0,776267.0,776267.0,776267.0,0
20251028T,380878.0,380878.0,380878.0,380878.0,0
20251029T,454756.0,454756.0,454756.0,454756.0,0
20251030T,542950.0,542950.0,542950.0,542950.0,0
20251031T,599062.0,599062.0,599062.0,599062.0,0
20251103T,630742.0,630742.0,630742.0,630742.0,0
20251104T,488825.0,488825.0,488825.0,488825.0,0
20251106T,572350.0,572350.0,572350.0,572350.0,0
20251107T,682286.0,682286.0,682286.0,682286.0,0
20251110T,727079.0,727079.0,727079.0,727079.0,0
20251111T,511315.0,511315.0,511315.0,511315.0,0
20251112T,535568.0,535568.0,535568.0,535568.0,0
20251113T,615249.0,615249.0,615249.0,615249.0,0
20251114T,701210.0,701210.0,701210.0,701210.0,0
20251117T,766693.0,766693.0,766693.0,766693.0,0
20251118T,537393.0,537393.0,537393.0,537393.0,0
20251119T,602099.0,602099.0,602099.0,602099.0,0
20251120T,683292.0,683292.0,683292.0,683292.0,0
20251121T,708500.0,708500.0,708500.0,708500.0,0
20251124T,745652.0,745652.0,745652.0,745652.0,0
20251125T,493176.0,493176.0,493176.0,493176.0,0
20251126T,573151.0,573151.0,573151.0,573151.0,0
20251127T,576487.0,576487.0,576487.0,576487.0,0
20251128T,685279.0,685279.0,685279.0,685279.0,0
20251201T,712115.0,712115.0,712115.0,712115.0,0
20251202T,550028.0,550028.0,550028.0,550028.0,0
20251203T,632883.0,632883.0,632883.0,632883.0,0
20251204T,668844.0,668844.0,668844.0,668844.0,0
20251205T,756389.0,756389.0,756389.0,756389.0,0
20251208T,739535.0,739535.0,739535.0,739535.0,0
20251209T,608159.0,608159.0,608159.0,608159.0,0
20251210T,650118.0,650118.0,650118.0,650118.0,0
20251211T,666359.0,666359.0,666359.0,666359.0,0
20251212T,729096.0,729096.0,729096.0,729096.0,0
20251215T,763103.0,763103.0,763103.0,763103.0,0
20251216T,588565.0,588565.0,588565.0,588565.0,0
20251217T,645027.0,645027.0,645027.0,645027.0,0
20251218T,656757.0,656757.0,656757.0,656757.0,0
20251219T,715180.0,715180.0,715180.0,715180.0,0
20251222T,814734.0,814734.0,814734.0,814734.0,0
20251223T,573085.0,573085.0,573085.0,573085.0,0
20251224T,648076.0,648076.0,648076.0,648076.0,0
20251226T,703783.0,703783.0,703783.0,703783.0,0
20251229T,720964.0,720964.0,720964.0,720964.0,0
20251230T,441109.0,441109.0,441109.0,441109.0,0
20251231T,585571.0,585571.0,585571.0,585571.0,0
20260101T,590943.0,590943.0,590943.0,590943.0,0
20260102T,665567.0,665567.0,665567.0,665567.0,0
20260105T,689832.0,689832.0,689832.0,689832.0,0
20260106T,547400.0,547400.0,547400.0,547400.0,0
20260107T,613246.0,613246.0,613246.0,613246.0,0
20260108T,708632.0,708632.0,708632.0,708632.0,0
20260109T,784362.0,784362.0,784362.0,784362.0,0
20260112T,887279.0,887279.0,887279.0,887279.0,0
20260113T,615309.0,615309.0,615309.0,615309.0,0
20260114T,725949.0,725949.0,725949.0,725949.0,0
20260116T,795533.0,795533.0,795533.0,795533.0,0
20260119T,841401.0,841401.0,841401.0,841401.0,0
20260120T,681612.0,681612.0,681612.0,681612.0,0
20260121T,826152.0,826152.0,826152.0,826152.0,0
20260122T,831576.0,831576.0,831576.0,831576.0,0
20260123T,951191.0,951191.0,951191.0,951191.0,0
20260127T,601639.0,601639.0,601639.0,601639.0,0
20260128T,701765.0,701765.0,701765.0,701765.0,0
20260129T,737850.0,737850.0,737850.0,737850.0,0
20260130T,827394.0,827394.0,827394.0,827394.0,0
20260201T,936860.0,936860.0,936860.0,936860.0,0
20260202T,1010595.0,1010595.0,1010595.0,1010595.0,0
