20120106T,234725.0,234725.0,234725.0,234725.0,0
20120109T,229988.0,229988.0,229988.0,229988.0,0
20120110T,268363.0,268363.0,268363.0,268363.0,0
20120111T,280895.0,280895.0,280895.0,280895.0,0
20120112T,281197.0,281197.0,281197.0,281197.0,0
20120113T,294930.0,294930.0,294930.0,294930.0,0
20120116T,294237.0,294237.0,294237.0,294237.0,0
20120117T,336727.0,336727.0,336727.0,336727.0,0
20120118T,329506.0,329506.0,329506.0,329506.0,0
20120119T,367494.0,367494.0,367494.0,367494.0,0
20120120T,425358.0,425358.0,425358.0,425358.0,0
20120123T,445198.0,445198.0,445198.0,445198.0,0
20120124T,465504.0,465504.0,465504.0,465504.0,0
20120125T,339833.0,339833.0,339833.0,339833.0,0
20120127T,349267.0,349267.0,349267.0,349267.0,0
20120130T,311188.0,311188.0,311188.0,311188.0,0
20120131T,321173.0,321173.0,321173.0,321173.0,0
20120201T,309022.0,309022.0,309022.0,309022.0,0
20120202T,318929.0,318929.0,318929.0,318929.0,0
20120203T,328706.0,328706.0,328706.0,328706.0,0
20120206T,363826.0,363826.0,363826.0,363826.0,0
20120207T,388383.0,388383.0,388383.0,388383.0,0
20120208T,400135.0,400135.0,400135.0,400135.0,0
20120209T,401638.0,401638.0,401638.0,401638.0,0
20120210T,382697.0,382697.0,382697.0,382697.0,0
20120213T,374673.0,374673.0,374673.0,374673.0,0
20120214T,375652.0,375652.0,375652.0,375652.0,0
20120215T,408329.0,408329.0,408329.0,408329.0,0
20120216T,407862.0,407862.0,407862.0,407862.0,0
20120217T,426013.0,426013.0,426013.0,426013.0,0
20120221T,445340.0,445340.0,445340.0,445340.0,0
20120222T,510178.0,510178.0,510178.0,510178.0,0
20120223T,371861.0,371861.0,371861.0,371861.0,0
20120224T,393217.0,393217.0,393217.0,393217.0,0
20120227T,366014.0,366014.0,366014.0,366014.0,0
20120228T,394811.0,394811.0,394811.0,394811.0,0
20120229T,397121.0,397121.0,397121.0,397121.0,0
20120301T,383762.0,383762.0,383762.0,383762.0,0
20120302T,380995.0,380995.0,380995.0,380995.0,0
20120305T,385819.0,385819.0,385819.0,385819.0,0
20120306T,396261.0,396261.0,396261.0,396261.0,0
20120307T,373079.0,373079.0,373079.0,373079.0,0
20120309T,393989.0,393989.0,393989.0,393989.0,0
20120312T,379436.0,379436.0,379436.0,379436.0,0
20120313T,373939.0,373939.0,373939.0,373939.0,0
20120314T,396395.0,396395.0,396395.0,396395.0,0
20120315T,407104.0,407104.0,407104.0,407104.0,0
20120316T,424183.0,424183.0,424183.0,424183.0,0
20120319T,435927.0,435927.0,435927.0,435927.0,0
20120320T,429063.0,429063.0,429063.0,429063.0,0
20120321T,408255.0,408255.0,408255.0,408255.0,0
20120322T,412802.0,412802.0,412802.0,412802.0,0
20120323T,423179.0,423179.0,423179.0,423179.0,0
20120326T,417116.0,417116.0,417116.0,417116.0,0
20120327T,441924.0,441924.0,441924.0,441924.0,0
20120328T,471345.0,471345.0,471345.0,471345.0,0
20120329T,264439.0,264439.0,264439.0,264439.0,0
20120330T,242417.0,242417.0,242417.0,242417.0,0
20120402T,240979.0,240979.0,240979.0,240979.0,0
20120403T,251718.0,251718.0,251718.0,251718.0,0
20120404T,242120.0,242120.0,242120.0,242120.0,0
20120409T,219189.0,219189.0,219189.0,219189.0,0
20120410T,206871.0,206871.0,206871.0,206871.0,0
20120411T,207822.0,207822.0,207822.0,207822.0,0
20120412T,219800.0,219800.0,219800.0,219800.0,0
20120413T,224490.0,224490.0,224490.0,224490.0,0
20120416T,217980.0,217980.0,217980.0,217980.0,0
20120417T,237155.0,237155.0,237155.0,237155.0,0
20120418T,259423.0,259423.0,259423.0,259423.0,0
20120419T,284068.0,284068.0,284068.0,284068.0,0
20120420T,282788.0,282788.0,282788.0,282788.0,0
20120423T,275302.0,275302.0,275302.0,275302.0,0
20120424T,284117.0,284117.0,284117.0,284117.0,0
20120425T,316018.0,316018.0,316018.0,316018.0,0
20120426T,216044.0,216044.0,216044.0,216044.0,0
20120427T,195246.0,195246.0,195246.0,195246.0,0
20120430T,208497.0,208497.0,208497.0,208497.0,0
20120502T,202030.0,202030.0,202030.0,202030.0,0
20120503T,199197.0,199197.0,199197.0,199197.0,0
20120504T,189791.0,189791.0,189791.0,189791.0,0
20120507T,195049.0,195049.0,195049.0,195049.0,0
20120508T,206190.0,206190.0,206190.0,206190.0,0
20120509T,212222.0,212222.0,212222.0,212222.0,0
20120510T,218061.0,218061.0,218061.0,218061.0,0
20120511T,228752.0,228752.0,228752.0,228752.0,0
20120514T,231313.0,231313.0,231313.0,231313.0,0
20120515T,229575.0,229575.0,229575.0,229575.0,0
20120516T,227887.0,227887.0,227887.0,227887.0,0
20120517T,234536.0,234536.0,234536.0,234536.0,0
20120518T,223383.0,223383.0,223383.0,223383.0,0
20120521T,213991.0,213991.0,213991.0,213991.0,0
20120522T,222980.0,222980.0,222980.0,222980.0,0
20120523T,210398.0,210398.0,210398.0,210398.0,0
20120524T,206444.0,206444.0,206444.0,206444.0,0
20120525T,199177.0,199177.0,199177.0,199177.0,0
20120528T,220045.0,220045.0,220045.0,220045.0,0
20120529T,234815.0,234815.0,234815.0,234815.0,0
20120530T,250685.0,250685.0,250685.0,250685.0,0
20120531T,83044.0,83044.0,83044.0,83044.0,0
20120601T,83727.0,83727.0,83727.0,83727.0,0
20120604T,89205.0,89205.0,89205.0,89205.0,0
20120605T,92167.0,92167.0,92167.0,92167.0,0
20120606T,89900.0,89900.0,89900.0,89900.0,0
20120607T,126476.0,126476.0,126476.0,126476.0,0
20120608T,123906.0,123906.0,123906.0,123906.0,0
20120611T,135604.0,135604.0,135604.0,135604.0,0
20120612T,146018.0,146018.0,146018.0,146018.0,0
20120613T,180829.0,180829.0,180829.0,180829.0,0
20120614T,177988.0,177988.0,177988.0,177988.0,0
20120615T,194571.0,194571.0,194571.0,194571.0,0
20120618T,214274.0,214274.0,214274.0,214274.0,0
20120619T,219200.0,219200.0,219200.0,219200.0,0
20120620T,230973.0,230973.0,230973.0,230973.0,0
20120621T,248904.0,248904.0,248904.0,248904.0,0
20120622T,262948.0,262948.0,262948.0,262948.0,0
20120625T,306415.0,306415.0,306415.0,306415.0,0
20120626T,350352.0,350352.0,350352.0,350352.0,0
20120627T,359850.0,359850.0,359850.0,359850.0,0
20120628T,244146.0,244146.0,244146.0,244146.0,0
20120629T,303692.0,303692.0,303692.0,303692.0,0
20120702T,308065.0,308065.0,308065.0,308065.0,0
20120703T,319059.0,319059.0,319059.0,319059.0,0
20120704T,337707.0,337707.0,337707.0,337707.0,0
20120705T,346185.0,346185.0,346185.0,346185.0,0
20120706T,341585.0,341585.0,341585.0,341585.0,0
20120709T,342313.0,342313.0,342313.0,342313.0,0
20120710T,349565.0,349565.0,349565.0,349565.0,0
20120711T,347896.0,347896.0,347896.0,347896.0,0
20120712T,347103.0,347103.0,347103.0,347103.0,0
20120713T,352697.0,352697.0,352697.0,352697.0,0
20120716T,355101.0,355101.0,355101.0,355101.0,0
20120717T,366684.0,366684.0,366684.0,366684.0,0
20120718T,358882.0,358882.0,358882.0,358882.0,0
20120719T,389558.0,389558.0,389558.0,389558.0,0
20120720T,383733.0,383733.0,383733.0,383733.0,0
20120723T,381166.0,381166.0,381166.0,381166.0,0
20120724T,381691.0,381691.0,381691.0,381691.0,0
20120725T,369900.0,369900.0,369900.0,369900.0,0
20120726T,252199.0,252199.0,252199.0,252199.0,0
20120727T,288467.0,288467.0,288467.0,288467.0,0
20120730T,311536.0,311536.0,311536.0,311536.0,0
20120731T,320805.0,320805.0,320805.0,320805.0,0
20120801T,327064.0,327064.0,327064.0,327064.0,0
20120802T,332127.0,332127.0,332127.0,332127.0,0
20120803T,327438.0,327438.0,327438.0,327438.0,0
20120806T,340617.0,340617.0,340617.0,340617.0,0
20120807T,374304.0,374304.0,374304.0,374304.0,0
20120808T,394190.0,394190.0,394190.0,394190.0,0
20120809T,400491.0,400491.0,400491.0,400491.0,0
20120810T,404284.0,404284.0,404284.0,404284.0,0
20120813T,414792.0,414792.0,414792.0,414792.0,0
20120814T,423988.0,423988.0,423988.0,423988.0,0
20120816T,425637.0,425637.0,425637.0,425637.0,0
20120817T,436179.0,436179.0,436179.0,436179.0,0
20120821T,448749.0,448749.0,448749.0,448749.0,0
20120822T,450439.0,450439.0,450439.0,450439.0,0
20120823T,460399.0,460399.0,460399.0,460399.0,0
20120824T,467447.0,467447.0,467447.0,467447.0,0
20120827T,480776.0,480776.0,480776.0,480776.0,0
20120828T,523006.0,523006.0,523006.0,523006.0,0
20120829T,512308.0,512308.0,512308.0,512308.0,0
20120830T,307005.0,307005.0,307005.0,307005.0,0
20120831T,272696.0,272696.0,272696.0,272696.0,0
20120903T,266084.0,266084.0,266084.0,266084.0,0
20120904T,245576.0,245576.0,245576.0,245576.0,0
20120905T,237740.0,237740.0,237740.0,237740.0,0
20120906T,221141.0,221141.0,221141.0,221141.0,0
20120907T,249600.0,249600.0,249600.0,249600.0,0
20120910T,223736.0,223736.0,223736.0,223736.0,0
20120911T,236682.0,236682.0,236682.0,236682.0,0
20120912T,252368.0,252368.0,252368.0,252368.0,0
20120913T,259239.0,259239.0,259239.0,259239.0,0
20120914T,293939.0,293939.0,293939.0,293939.0,0
20120917T,325422.0,325422.0,325422.0,325422.0,0
20120918T,336696.0,336696.0,336696.0,336696.0,0
20120920T,348807.0,348807.0,348807.0,348807.0,0
20120921T,359735.0,359735.0,359735.0,359735.0,0
20120924T,394276.0,394276.0,394276.0,394276.0,0
20120925T,453693.0,453693.0,453693.0,453693.0,0
20120926T,495472.0,495472.0,495472.0,495472.0,0
20120927T,331424.0,331424.0,331424.0,331424.0,0
20120928T,378297.0,378297.0,378297.0,378297.0,0
20121001T,383196.0,383196.0,383196.0,383196.0,0
20121003T,414343.0,414343.0,414343.0,414343.0,0
20121004T,425877.0,425877.0,425877.0,425877.0,0
20121005T,428934.0,428934.0,428934.0,428934.0,0
20121008T,440863.0,440863.0,440863.0,440863.0,0
20121009T,446253.0,446253.0,446253.0,446253.0,0
20121010T,418995.0,418995.0,418995.0,418995.0,0
20121011T,437850.0,437850.0,437850.0,437850.0,0
20121012T,426257.0,426257.0,426257.0,426257.0,0
20121015T,434790.0,434790.0,434790.0,434790.0,0
20121016T,426218.0,426218.0,426218.0,426218.0,0
20121017T,430277.0,430277.0,430277.0,430277.0,0
20121018T,443121.0,443121.0,443121.0,443121.0,0
20121019T,439265.0,439265.0,439265.0,439265.0,0
20121022T,482508.0,482508.0,482508.0,482508.0,0
20121023T,491642.0,491642.0,491642.0,491642.0,0
20121025T,306420.0,306420.0,306420.0,306420.0,0
20121026T,297368.0,297368.0,297368.0,297368.0,0
20121029T,291516.0,291516.0,291516.0,291516.0,0
20121030T,272815.0,272815.0,272815.0,272815.0,0
20121031T,270992.0,270992.0,270992.0,270992.0,0
20121101T,270442.0,270442.0,270442.0,270442.0,0
20121102T,303079.0,303079.0,303079.0,303079.0,0
20121105T,308638.0,308638.0,308638.0,308638.0,0
20121106T,314490.0,314490.0,314490.0,314490.0,0
20121107T,319152.0,319152.0,319152.0,319152.0,0
20121108T,307168.0,307168.0,307168.0,307168.0,0
20121109T,300004.0,300004.0,300004.0,300004.0,0
20121112T,283520.0,283520.0,283520.0,283520.0,0
20121113T,288003.0,288003.0,288003.0,288003.0,0
20121115T,233242.0,233242.0,233242.0,233242.0,0
20121116T,204113.0,204113.0,204113.0,204113.0,0
20121119T,200181.0,200181.0,200181.0,200181.0,0
20121120T,200925.0,200925.0,200925.0,200925.0,0
20121121T,206467.0,206467.0,206467.0,206467.0,0
20121122T,212423.0,212423.0,212423.0,212423.0,0
20121123T,216131.0,216131.0,216131.0,216131.0,0
20121126T,227544.0,227544.0,227544.0,227544.0,0
20121127T,299566.0,299566.0,299566.0,299566.0,0
20121129T,254575.0,254575.0,254575.0,254575.0,0
20121130T,286656.0,286656.0,286656.0,286656.0,0
20121203T,284636.0,284636.0,284636.0,284636.0,0
20121204T,278535.0,278535.0,278535.0,278535.0,0
20121205T,282131.0,282131.0,282131.0,282131.0,0
20121206T,280596.0,280596.0,280596.0,280596.0,0
20121207T,291757.0,291757.0,291757.0,291757.0,0
20121210T,289777.0,289777.0,289777.0,289777.0,0
20121211T,299820.0,299820.0,299820.0,299820.0,0
20121212T,306366.0,306366.0,306366.0,306366.0,0
20121213T,304580.0,304580.0,304580.0,304580.0,0
20121214T,302475.0,302475.0,302475.0,302475.0,0
20121217T,303196.0,303196.0,303196.0,303196.0,0
20121218T,312232.0,312232.0,312232.0,312232.0,0
20121219T,312219.0,312219.0,312219.0,312219.0,0
20121220T,311614.0,311614.0,311614.0,311614.0,0
20121221T,319747.0,319747.0,319747.0,319747.0,0
20121224T,335523.0,335523.0,335523.0,335523.0,0
20121226T,376920.0,376920.0,376920.0,376920.0,0
20121227T,219067.0,219067.0,219067.0,219067.0,0
20121228T,221911.0,221911.0,221911.0,221911.0,0
20121231T,214468.0,214468.0,214468.0,214468.0,0
20130101T,210223.0,210223.0,210223.0,210223.0,0
20130102T,219369.0,219369.0,219369.0,219369.0,0
20130103T,229118.0,229118.0,229118.0,229118.0,0
20130104T,221862.0,221862.0,221862.0,221862.0,0
20130107T,215550.0,215550.0,215550.0,215550.0,0
20130108T,213432.0,213432.0,213432.0,213432.0,0
20130109T,215102.0,215102.0,215102.0,215102.0,0
20130110T,223787.0,223787.0,223787.0,223787.0,0
20130111T,225010.0,225010.0,225010.0,225010.0,0
20130114T,224089.0,224089.0,224089.0,224089.0,0
20130115T,217824.0,217824.0,217824.0,217824.0,0
20130116T,209042.0,209042.0,209042.0,209042.0,0
20130117T,205900.0,205900.0,205900.0,205900.0,0
20130118T,214070.0,214070.0,214070.0,214070.0,0
20130121T,215910.0,215910.0,215910.0,215910.0,0
20130122T,213539.0,213539.0,213539.0,213539.0,0
20130123T,207469.0,207469.0,207469.0,207469.0,0
20130124T,190875.0,190875.0,190875.0,190875.0,0
20130125T,198191.0,198191.0,198191.0,198191.0,0
20130128T,212294.0,212294.0,212294.0,212294.0,0
20130129T,229282.0,229282.0,229282.0,229282.0,0
20130130T,256748.0,256748.0,256748.0,256748.0,0
20130131T,176728.0,176728.0,176728.0,176728.0,0
20130201T,174216.0,174216.0,174216.0,174216.0,0
20130204T,182103.0,182103.0,182103.0,182103.0,0
20130205T,174139.0,174139.0,174139.0,174139.0,0
20130206T,159047.0,159047.0,159047.0,159047.0,0
20130207T,155916.0,155916.0,155916.0,155916.0,0
20130208T,146137.0,146137.0,146137.0,146137.0,0
20130211T,162942.0,162942.0,162942.0,162942.0,0
20130212T,160541.0,160541.0,160541.0,160541.0,0
20130213T,166988.0,166988.0,166988.0,166988.0,0
20130214T,167634.0,167634.0,167634.0,167634.0,0
20130215T,168300.0,168300.0,168300.0,168300.0,0
20130218T,168042.0,168042.0,168042.0,168042.0,0
20130219T,166975.0,166975.0,166975.0,166975.0,0
20130220T,183495.0,183495.0,183495.0,183495.0,0
20130221T,171566.0,171566.0,171566.0,171566.0,0
20130222T,164233.0,164233.0,164233.0,164233.0,0
20130225T,173407.0,173407.0,173407.0,173407.0,0
20130226T,240391.0,240391.0,240391.0,240391.0,0
20130227T,259798.0,259798.0,259798.0,259798.0,0
20130228T,128874.0,128874.0,128874.0,128874.0,0
20130301T,126793.0,126793.0,126793.0,126793.0,0
20130304T,150857.0,150857.0,150857.0,150857.0,0
20130305T,149291.0,149291.0,149291.0,149291.0,0
20130306T,159066.0,159066.0,159066.0,159066.0,0
20130307T,161503.0,161503.0,161503.0,161503.0,0
20130308T,170985.0,170985.0,170985.0,170985.0,0
20130311T,175149.0,175149.0,175149.0,175149.0,0
20130312T,172289.0,172289.0,172289.0,172289.0,0
20130313T,161824.0,161824.0,161824.0,161824.0,0
20130314T,160599.0,160599.0,160599.0,160599.0,0
20130315T,170638.0,170638.0,170638.0,170638.0,0
20130318T,167180.0,167180.0,167180.0,167180.0,0
20130319T,160085.0,160085.0,160085.0,160085.0,0
20130320T,150120.0,150120.0,150120.0,150120.0,0
20130321T,147855.0,147855.0,147855.0,147855.0,0
20130322T,151644.0,151644.0,151644.0,151644.0,0
20130325T,204752.0,204752.0,204752.0,204752.0,0
20130326T,231405.0,231405.0,231405.0,231405.0,0
20130328T,123668.0,123668.0,123668.0,123668.0,0
20130401T,119848.0,119848.0,119848.0,119848.0,0
20130402T,126824.0,126824.0,126824.0,126824.0,0
20130403T,133590.0,133590.0,133590.0,133590.0,0
20130404T,130523.0,130523.0,130523.0,130523.0,0
20130405T,121960.0,121960.0,121960.0,121960.0,0
20130408T,122253.0,122253.0,122253.0,122253.0,0
20130409T,128834.0,128834.0,128834.0,128834.0,0
20130410T,136435.0,136435.0,136435.0,136435.0,0
20130411T,146871.0,146871.0,146871.0,146871.0,0
20130412T,150738.0,150738.0,150738.0,150738.0,0
20130415T,159564.0,159564.0,159564.0,159564.0,0
20130416T,159884.0,159884.0,159884.0,159884.0,0
20130417T,162881.0,162881.0,162881.0,162881.0,0
20130418T,173931.0,173931.0,173931.0,173931.0,0
20130422T,181839.0,181839.0,181839.0,181839.0,0
20130423T,202211.0,202211.0,202211.0,202211.0,0
20130425T,226845.0,226845.0,226845.0,226845.0,0
20130426T,247913.0,247913.0,247913.0,247913.0,0
20130429T,253275.0,253275.0,253275.0,253275.0,0
20130430T,259810.0,259810.0,259810.0,259810.0,0
20130502T,294419.0,294419.0,294419.0,294419.0,0
20130503T,297240.0,297240.0,297240.0,297240.0,0
20130506T,315129.0,315129.0,315129.0,315129.0,0
20130507T,339731.0,339731.0,339731.0,339731.0,0
20130508T,353710.0,353710.0,353710.0,353710.0,0
20130509T,365769.0,365769.0,365769.0,365769.0,0
20130510T,383642.0,383642.0,383642.0,383642.0,0
20130513T,372565.0,372565.0,372565.0,372565.0,0
20130514T,397640.0,397640.0,397640.0,397640.0,0
20130515T,414170.0,414170.0,414170.0,414170.0,0
20130516T,427205.0,427205.0,427205.0,427205.0,0
20130517T,419372.0,419372.0,419372.0,419372.0,0
20130520T,427499.0,427499.0,427499.0,427499.0,0
20130521T,447694.0,447694.0,447694.0,447694.0,0
20130522T,471453.0,471453.0,471453.0,471453.0,0
20130523T,449053.0,449053.0,449053.0,449053.0,0
20130524T,443926.0,443926.0,443926.0,443926.0,0
20130527T,449591.0,449591.0,449591.0,449591.0,0
20130528T,465473.0,465473.0,465473.0,465473.0,0
20130529T,492203.0,492203.0,492203.0,492203.0,0
20130530T,293956.0,293956.0,293956.0,293956.0,0
20130531T,242966.0,242966.0,242966.0,242966.0,0
20130603T,211878.0,211878.0,211878.0,211878.0,0
20130604T,200691.0,200691.0,200691.0,200691.0,0
20130605T,189499.0,189499.0,189499.0,189499.0,0
20130606T,157174.0,157174.0,157174.0,157174.0,0
20130607T,149240.0,149240.0,149240.0,149240.0,0
20130610T,147785.0,147785.0,147785.0,147785.0,0
20130611T,137789.0,137789.0,137789.0,137789.0,0
20130612T,150752.0,150752.0,150752.0,150752.0,0
20130613T,160920.0,160920.0,160920.0,160920.0,0
20130614T,171275.0,171275.0,171275.0,171275.0,0
20130617T,187647.0,187647.0,187647.0,187647.0,0
20130618T,193683.0,193683.0,193683.0,193683.0,0
20130619T,194822.0,194822.0,194822.0,194822.0,0
20130620T,205175.0,205175.0,205175.0,205175.0,0
20130621T,197701.0,197701.0,197701.0,197701.0,0
20130624T,221323.0,221323.0,221323.0,221323.0,0
20130625T,236003.0,236003.0,236003.0,236003.0,0
20130626T,231674.0,231674.0,231674.0,231674.0,0
20130627T,139462.0,139462.0,139462.0,139462.0,0
20130628T,199209.0,199209.0,199209.0,199209.0,0
20130701T,217937.0,217937.0,217937.0,217937.0,0
20130702T,217653.0,217653.0,217653.0,217653.0,0
20130703T,208305.0,208305.0,208305.0,208305.0,0
20130704T,207311.0,207311.0,207311.0,207311.0,0
20130705T,214611.0,214611.0,214611.0,214611.0,0
20130708T,196960.0,196960.0,196960.0,196960.0,0
20130709T,209569.0,209569.0,209569.0,209569.0,0
20130710T,207927.0,207927.0,207927.0,207927.0,0
20130711T,263670.0,263670.0,263670.0,263670.0,0
20130712T,275604.0,275604.0,275604.0,275604.0,0
20130715T,283521.0,283521.0,283521.0,283521.0,0
20130716T,276250.0,276250.0,276250.0,276250.0,0
20130717T,287132.0,287132.0,287132.0,287132.0,0
20130718T,300713.0,300713.0,300713.0,300713.0,0
20130719T,316238.0,316238.0,316238.0,316238.0,0
20130722T,345853.0,345853.0,345853.0,345853.0,0
20130723T,397476.0,397476.0,397476.0,397476.0,0
20130724T,416038.0,416038.0,416038.0,416038.0,0
20130725T,303240.0,303240.0,303240.0,303240.0,0
20130726T,301402.0,301402.0,301402.0,301402.0,0
20130729T,299838.0,299838.0,299838.0,299838.0,0
20130730T,274185.0,274185.0,274185.0,274185.0,0
20130731T,251625.0,251625.0,251625.0,251625.0,0
20130801T,249912.0,249912.0,249912.0,249912.0,0
20130802T,226774.0,226774.0,226774.0,226774.0,0
20130805T,221591.0,221591.0,221591.0,221591.0,0
20130806T,246933.0,246933.0,246933.0,246933.0,0
20130807T,220279.0,220279.0,220279.0,220279.0,0
20130808T,230008.0,230008.0,230008.0,230008.0,0
20130812T,226488.0,226488.0,226488.0,226488.0,0
20130813T,209566.0,209566.0,209566.0,209566.0,0
20130814T,209667.0,209667.0,209667.0,209667.0,0
20130816T,218098.0,218098.0,218098.0,218098.0,0
20130819T,228755.0,228755.0,228755.0,228755.0,0
20130820T,240981.0,240981.0,240981.0,240981.0,0
20130821T,281178.0,281178.0,281178.0,281178.0,0
20130822T,0.0,0.0,0.0,0.0,0
20130823T,261587.0,261587.0,261587.0,261587.0,0
20130826T,256549.0,256549.0,256549.0,256549.0,0
20130827T,261556.0,261556.0,261556.0,261556.0,0
20130828T,272139.0,272139.0,272139.0,272139.0,0
20130829T,169423.0,169423.0,169423.0,169423.0,0
20130830T,184312.0,184312.0,184312.0,184312.0,0
20130902T,185831.0,185831.0,185831.0,185831.0,0
20130903T,168286.0,168286.0,168286.0,168286.0,0
20130904T,166052.0,166052.0,166052.0,166052.0,0
20130905T,169741.0,169741.0,169741.0,169741.0,0
20130906T,194266.0,194266.0,194266.0,194266.0,0
20130910T,281364.0,281364.0,281364.0,281364.0,0
20130911T,287531.0,287531.0,287531.0,287531.0,0
20130912T,293038.0,293038.0,293038.0,293038.0,0
20130913T,273594.0,273594.0,273594.0,273594.0,0
20130916T,278605.0,278605.0,278605.0,278605.0,0
20130917T,278217.0,278217.0,278217.0,278217.0,0
20130918T,290500.0,290500.0,290500.0,290500.0,0
20130919T,370852.0,370852.0,370852.0,370852.0,0
20130920T,382450.0,382450.0,382450.0,382450.0,0
20130923T,419013.0,419013.0,419013.0,419013.0,0
20130924T,464264.0,464264.0,464264.0,464264.0,0
20130925T,467226.0,467226.0,467226.0,467226.0,0
20130926T,343360.0,343360.0,343360.0,343360.0,0
20130927T,339929.0,339929.0,339929.0,339929.0,0
20130930T,314712.0,314712.0,314712.0,314712.0,0
20131001T,300743.0,300743.0,300743.0,300743.0,0
20131003T,308833.0,308833.0,308833.0,308833.0,0
20131004T,320064.0,320064.0,320064.0,320064.0,0
20131007T,296511.0,296511.0,296511.0,296511.0,0
20131008T,288748.0,288748.0,288748.0,288748.0,0
20131010T,320274.0,320274.0,320274.0,320274.0,0
20131011T,355294.0,355294.0,355294.0,355294.0,0
20131014T,369556.0,369556.0,369556.0,369556.0,0
20131015T,398176.0,398176.0,398176.0,398176.0,0
20131017T,409859.0,409859.0,409859.0,409859.0,0
20131018T,408698.0,408698.0,408698.0,408698.0,0
20131021T,414785.0,414785.0,414785.0,414785.0,0
20131022T,423451.0,423451.0,423451.0,423451.0,0
20131023T,429612.0,429612.0,429612.0,429612.0,0
20131024T,435429.0,435429.0,435429.0,435429.0,0
20131025T,436197.0,436197.0,436197.0,436197.0,0
20131028T,441977.0,441977.0,441977.0,441977.0,0
20131029T,507032.0,507032.0,507032.0,507032.0,0
20131030T,524026.0,524026.0,524026.0,524026.0,0
20131031T,447012.0,447012.0,447012.0,447012.0,0
20131101T,458989.0,458989.0,458989.0,458989.0,0
20131105T,446670.0,446670.0,446670.0,446670.0,0
20131106T,430485.0,430485.0,430485.0,430485.0,0
20131107T,423521.0,423521.0,423521.0,423521.0,0
20131108T,407563.0,407563.0,407563.0,407563.0,0
20131111T,385618.0,385618.0,385618.0,385618.0,0
20131112T,382819.0,382819.0,382819.0,382819.0,0
20131113T,374690.0,374690.0,374690.0,374690.0,0
20131114T,371478.0,371478.0,371478.0,371478.0,0
20131118T,377898.0,377898.0,377898.0,377898.0,0
20131119T,388303.0,388303.0,388303.0,388303.0,0
20131120T,386154.0,386154.0,386154.0,386154.0,0
20131121T,367580.0,367580.0,367580.0,367580.0,0
20131122T,380810.0,380810.0,380810.0,380810.0,0
20131125T,394370.0,394370.0,394370.0,394370.0,0
20131126T,396194.0,396194.0,396194.0,396194.0,0
20131127T,410947.0,410947.0,410947.0,410947.0,0
20131128T,315633.0,315633.0,315633.0,315633.0,0
20131129T,336834.0,336834.0,336834.0,336834.0,0
20131202T,354877.0,354877.0,354877.0,354877.0,0
20131203T,366195.0,366195.0,366195.0,366195.0,0
20131204T,353224.0,353224.0,353224.0,353224.0,0
20131205T,380530.0,380530.0,380530.0,380530.0,0
20131206T,380827.0,380827.0,380827.0,380827.0,0
20131209T,448584.0,448584.0,448584.0,448584.0,0
20131210T,459402.0,459402.0,459402.0,459402.0,0
20131211T,467417.0,467417.0,467417.0,467417.0,0
20131212T,466500.0,466500.0,466500.0,466500.0,0
20131213T,442062.0,442062.0,442062.0,442062.0,0
20131216T,445449.0,445449.0,445449.0,445449.0,0
20131217T,444549.0,444549.0,444549.0,444549.0,0
20131218T,471458.0,471458.0,471458.0,471458.0,0
20131219T,439184.0,439184.0,439184.0,439184.0,0
20131220T,460648.0,460648.0,460648.0,460648.0,0
20131223T,470973.0,470973.0,470973.0,470973.0,0
20131224T,496408.0,496408.0,496408.0,496408.0,0
20131226T,337761.0,337761.0,337761.0,337761.0,0
20131227T,340438.0,340438.0,340438.0,340438.0,0
20131230T,348026.0,348026.0,348026.0,348026.0,0
20131231T,353253.0,353253.0,353253.0,353253.0,0
20140101T,354563.0,354563.0,354563.0,354563.0,0
20140102T,356457.0,356457.0,356457.0,356457.0,0
20140103T,323976.0,323976.0,323976.0,323976.0,0
20140106T,328082.0,328082.0,328082.0,328082.0,0
20140107T,319822.0,319822.0,319822.0,319822.0,0
20140108T,305023.0,305023.0,305023.0,305023.0,0
20140109T,293487.0,293487.0,293487.0,293487.0,0
20140110T,293077.0,293077.0,293077.0,293077.0,0
20140113T,308983.0,308983.0,308983.0,308983.0,0
20140114T,313917.0,313917.0,313917.0,313917.0,0
20140115T,335350.0,335350.0,335350.0,335350.0,0
20140116T,350758.0,350758.0,350758.0,350758.0,0
20140117T,342550.0,342550.0,342550.0,342550.0,0
20140120T,325510.0,325510.0,325510.0,325510.0,0
20140121T,343255.0,343255.0,343255.0,343255.0,0
20140122T,352819.0,352819.0,352819.0,352819.0,0
20140123T,356224.0,356224.0,356224.0,356224.0,0
20140124T,344781.0,344781.0,344781.0,344781.0,0
20140127T,342119.0,342119.0,342119.0,342119.0,0
20140128T,364132.0,364132.0,364132.0,364132.0,0
20140129T,349369.0,349369.0,349369.0,349369.0,0
20140130T,251078.0,251078.0,251078.0,251078.0,0
20140131T,255274.0,255274.0,255274.0,255274.0,0
20140203T,240275.0,240275.0,240275.0,240275.0,0
20140204T,237224.0,237224.0,237224.0,237224.0,0
20140205T,236513.0,236513.0,236513.0,236513.0,0
20140206T,232264.0,232264.0,232264.0,232264.0,0
20140207T,220162.0,220162.0,220162.0,220162.0,0
20140210T,218164.0,218164.0,218164.0,218164.0,0
20140211T,216569.0,216569.0,216569.0,216569.0,0
20140212T,212111.0,212111.0,212111.0,212111.0,0
20140213T,215567.0,215567.0,215567.0,215567.0,0
20140214T,213975.0,213975.0,213975.0,213975.0,0
20140217T,219344.0,219344.0,219344.0,219344.0,0
20140218T,229861.0,229861.0,229861.0,229861.0,0
20140219T,231422.0,231422.0,231422.0,231422.0,0
20140220T,230765.0,230765.0,230765.0,230765.0,0
20140221T,242030.0,242030.0,242030.0,242030.0,0
20140225T,301836.0,301836.0,301836.0,301836.0,0
20140226T,233639.0,233639.0,233639.0,233639.0,0
20140228T,231597.0,231597.0,231597.0,231597.0,0
20140303T,225634.0,225634.0,225634.0,225634.0,0
20140304T,250549.0,250549.0,250549.0,250549.0,0
20140305T,273305.0,273305.0,273305.0,273305.0,0
20140306T,287595.0,287595.0,287595.0,287595.0,0
20140307T,357284.0,357284.0,357284.0,357284.0,0
20140310T,359395.0,359395.0,359395.0,359395.0,0
20140311T,372136.0,372136.0,372136.0,372136.0,0
20140312T,371951.0,371951.0,371951.0,371951.0,0
20140313T,395546.0,395546.0,395546.0,395546.0,0
20140314T,388548.0,388548.0,388548.0,388548.0,0
20140318T,394693.0,394693.0,394693.0,394693.0,0
20140319T,408201.0,408201.0,408201.0,408201.0,0
20140320T,401838.0,401838.0,401838.0,401838.0,0
20140321T,412008.0,412008.0,412008.0,412008.0,0
20140324T,466552.0,466552.0,466552.0,466552.0,0
20140325T,497439.0,497439.0,497439.0,497439.0,0
20140326T,497778.0,497778.0,497778.0,497778.0,0
20140327T,287622.0,287622.0,287622.0,287622.0,0
20140328T,304626.0,304626.0,304626.0,304626.0,0
20140331T,310417.0,310417.0,310417.0,310417.0,0
20140401T,306687.0,306687.0,306687.0,306687.0,0
20140402T,314342.0,314342.0,314342.0,314342.0,0
20140403T,312641.0,312641.0,312641.0,312641.0,0
20140404T,287761.0,287761.0,287761.0,287761.0,0
20140407T,293022.0,293022.0,293022.0,293022.0,0
20140409T,299757.0,299757.0,299757.0,299757.0,0
20140410T,288820.0,288820.0,288820.0,288820.0,0
20140411T,283205.0,283205.0,283205.0,283205.0,0
20140415T,265631.0,265631.0,265631.0,265631.0,0
20140416T,282296.0,282296.0,282296.0,282296.0,0
20140417T,301826.0,301826.0,301826.0,301826.0,0
20140421T,328132.0,328132.0,328132.0,328132.0,0
20140422T,359306.0,359306.0,359306.0,359306.0,0
20140423T,231193.0,231193.0,231193.0,231193.0,0
20140425T,214689.0,214689.0,214689.0,214689.0,0
20140428T,215414.0,215414.0,215414.0,215414.0,0
20140429T,193750.0,193750.0,193750.0,193750.0,0
20140430T,194713.0,194713.0,194713.0,194713.0,0
20140502T,190491.0,190491.0,190491.0,190491.0,0
20140505T,196194.0,196194.0,196194.0,196194.0,0
20140506T,186080.0,186080.0,186080.0,186080.0,0
20140507T,188666.0,188666.0,188666.0,188666.0,0
20140508T,177455.0,177455.0,177455.0,177455.0,0
20140509T,203769.0,203769.0,203769.0,203769.0,0
20140512T,198894.0,198894.0,198894.0,198894.0,0
20140513T,249199.0,249199.0,249199.0,249199.0,0
20140514T,258304.0,258304.0,258304.0,258304.0,0
20140515T,267654.0,267654.0,267654.0,267654.0,0
20140516T,256530.0,256530.0,256530.0,256530.0,0
20140519T,295971.0,295971.0,295971.0,295971.0,0
20140520T,313815.0,313815.0,313815.0,313815.0,0
20140521T,330159.0,330159.0,330159.0,330159.0,0
20140522T,342609.0,342609.0,342609.0,342609.0,0
20140523T,346795.0,346795.0,346795.0,346795.0,0
20140526T,348780.0,348780.0,348780.0,348780.0,0
20140527T,350940.0,350940.0,350940.0,350940.0,0
20140528T,385634.0,385634.0,385634.0,385634.0,0
20140529T,175794.0,175794.0,175794.0,175794.0,0
20140530T,202394.0,202394.0,202394.0,202394.0,0
20140602T,204221.0,204221.0,204221.0,204221.0,0
20140603T,196295.0,196295.0,196295.0,196295.0,0
20140604T,188471.0,188471.0,188471.0,188471.0,0
20140605T,167660.0,167660.0,167660.0,167660.0,0
20140606T,163883.0,163883.0,163883.0,163883.0,0
20140609T,184183.0,184183.0,184183.0,184183.0,0
20140610T,187767.0,187767.0,187767.0,187767.0,0
20140611T,191976.0,191976.0,191976.0,191976.0,0
20140612T,202386.0,202386.0,202386.0,202386.0,0
20140613T,197038.0,197038.0,197038.0,197038.0,0
20140616T,210077.0,210077.0,210077.0,210077.0,0
20140617T,208747.0,208747.0,208747.0,208747.0,0
20140618T,198973.0,198973.0,198973.0,198973.0,0
20140619T,201751.0,201751.0,201751.0,201751.0,0
20140620T,203603.0,203603.0,203603.0,203603.0,0
20140623T,215581.0,215581.0,215581.0,215581.0,0
20140624T,236232.0,236232.0,236232.0,236232.0,0
20140625T,253594.0,253594.0,253594.0,253594.0,0
20140626T,197066.0,197066.0,197066.0,197066.0,0
20140627T,194014.0,194014.0,194014.0,194014.0,0
20140630T,189593.0,189593.0,189593.0,189593.0,0
20140701T,184451.0,184451.0,184451.0,184451.0,0
20140702T,206962.0,206962.0,206962.0,206962.0,0
20140703T,201887.0,201887.0,201887.0,201887.0,0
20140704T,199834.0,199834.0,199834.0,199834.0,0
20140707T,189847.0,189847.0,189847.0,189847.0,0
20140708T,183673.0,183673.0,183673.0,183673.0,0
20140709T,172086.0,172086.0,172086.0,172086.0,0
20140710T,171304.0,171304.0,171304.0,171304.0,0
20140711T,155416.0,155416.0,155416.0,155416.0,0
20140714T,160410.0,160410.0,160410.0,160410.0,0
20140715T,168913.0,168913.0,168913.0,168913.0,0
20140716T,187667.0,187667.0,187667.0,187667.0,0
20140718T,187592.0,187592.0,187592.0,187592.0,0
20140721T,190466.0,190466.0,190466.0,190466.0,0
20140722T,219962.0,219962.0,219962.0,219962.0,0
20140723T,231369.0,231369.0,231369.0,231369.0,0
20140724T,225791.0,225791.0,225791.0,225791.0,0
20140725T,235150.0,235150.0,235150.0,235150.0,0
20140728T,249663.0,249663.0,249663.0,249663.0,0
20140730T,282884.0,282884.0,282884.0,282884.0,0
20140731T,191021.0,191021.0,191021.0,191021.0,0
20140801T,166918.0,166918.0,166918.0,166918.0,0
20140804T,176095.0,176095.0,176095.0,176095.0,0
20140805T,173887.0,173887.0,173887.0,173887.0,0
20140806T,182569.0,182569.0,182569.0,182569.0,0
20140807T,166964.0,166964.0,166964.0,166964.0,0
20140808T,122499.0,122499.0,122499.0,122499.0,0
20140811T,125733.0,125733.0,125733.0,125733.0,0
20140812T,136401.0,136401.0,136401.0,136401.0,0
20140813T,163861.0,163861.0,163861.0,163861.0,0
20140814T,173504.0,173504.0,173504.0,173504.0,0
20140818T,180484.0,180484.0,180484.0,180484.0,0
20140819T,189567.0,189567.0,189567.0,189567.0,0
20140820T,192344.0,192344.0,192344.0,192344.0,0
20140821T,191386.0,191386.0,191386.0,191386.0,0
20140822T,201007.0,201007.0,201007.0,201007.0,0
20140825T,201386.0,201386.0,201386.0,201386.0,0
20140826T,205154.0,205154.0,205154.0,205154.0,0
20140827T,236817.0,236817.0,236817.0,236817.0,0
20140828T,238845.0,238845.0,238845.0,238845.0,0
20140901T,237014.0,237014.0,237014.0,237014.0,0
20140902T,246149.0,246149.0,246149.0,246149.0,0
20140903T,247100.0,247100.0,247100.0,247100.0,0
20140904T,227087.0,227087.0,227087.0,227087.0,0
20140905T,215721.0,215721.0,215721.0,215721.0,0
20140908T,223390.0,223390.0,223390.0,223390.0,0
20140909T,212275.0,212275.0,212275.0,212275.0,0
20140910T,199935.0,199935.0,199935.0,199935.0,0
20140911T,193793.0,193793.0,193793.0,193793.0,0
20140912T,185081.0,185081.0,185081.0,185081.0,0
20140915T,171204.0,171204.0,171204.0,171204.0,0
20140916T,169863.0,169863.0,169863.0,169863.0,0
20140917T,163865.0,163865.0,163865.0,163865.0,0
20140918T,186069.0,186069.0,186069.0,186069.0,0
20140919T,184058.0,184058.0,184058.0,184058.0,0
20140922T,229116.0,229116.0,229116.0,229116.0,0
20140923T,246640.0,246640.0,246640.0,246640.0,0
20140924T,251770.0,251770.0,251770.0,251770.0,0
20140925T,216388.0,216388.0,216388.0,216388.0,0
20140926T,211205.0,211205.0,211205.0,211205.0,0
20140929T,204870.0,204870.0,204870.0,204870.0,0
20140930T,213404.0,213404.0,213404.0,213404.0,0
20141001T,213988.0,213988.0,213988.0,213988.0,0
20141007T,223610.0,223610.0,223610.0,223610.0,0
20141008T,214324.0,214324.0,214324.0,214324.0,0
20141009T,226807.0,226807.0,226807.0,226807.0,0
20141010T,196175.0,196175.0,196175.0,196175.0,0
20141013T,183870.0,183870.0,183870.0,183870.0,0
20141014T,175165.0,175165.0,175165.0,175165.0,0
20141016T,153067.0,153067.0,153067.0,153067.0,0
20141017T,180547.0,180547.0,180547.0,180547.0,0
20141020T,221024.0,221024.0,221024.0,221024.0,0
20141021T,240191.0,240191.0,240191.0,240191.0,0
20141022T,264824.0,264824.0,264824.0,264824.0,0
20141023T,265043.0,265043.0,265043.0,265043.0,0
20141027T,288546.0,288546.0,288546.0,288546.0,0
20141028T,330139.0,330139.0,330139.0,330139.0,0
20141029T,375225.0,375225.0,375225.0,375225.0,0
20141030T,296514.0,296514.0,296514.0,296514.0,0
20141031T,639632.0,639632.0,639632.0,639632.0,0
20141103T,652655.0,652655.0,652655.0,652655.0,0
20141105T,704927.0,704927.0,704927.0,704927.0,0
20141107T,725131.0,725131.0,725131.0,725131.0,0
20141110T,729393.0,729393.0,729393.0,729393.0,0
20141111T,730739.0,730739.0,730739.0,730739.0,0
20141112T,747494.0,747494.0,747494.0,747494.0,0
20141113T,735805.0,735805.0,735805.0,735805.0,0
20141114T,727677.0,727677.0,727677.0,727677.0,0
20141117T,718146.0,718146.0,718146.0,718146.0,0
20141118T,721396.0,721396.0,721396.0,721396.0,0
20141119T,720023.0,720023.0,720023.0,720023.0,0
20141120T,719825.0,719825.0,719825.0,719825.0,0
20141121T,735191.0,735191.0,735191.0,735191.0,0
20141124T,738109.0,738109.0,738109.0,738109.0,0
20141125T,733344.0,733344.0,733344.0,733344.0,0
20141126T,765983.0,765983.0,765983.0,765983.0,0
20141127T,664803.0,664803.0,664803.0,664803.0,0
20141128T,730220.0,730220.0,730220.0,730220.0,0
20141201T,723320.0,723320.0,723320.0,723320.0,0
20141202T,670373.0,670373.0,670373.0,670373.0,0
20141203T,630229.0,630229.0,630229.0,630229.0,0
20141204T,605859.0,605859.0,605859.0,605859.0,0
20141205T,619603.0,619603.0,619603.0,619603.0,0
20141208T,637717.0,637717.0,637717.0,637717.0,0
20141209T,661482.0,661482.0,661482.0,661482.0,0
20141210T,639909.0,639909.0,639909.0,639909.0,0
20141211T,635365.0,635365.0,635365.0,635365.0,0
20141212T,673035.0,673035.0,673035.0,673035.0,0
20141215T,680657.0,680657.0,680657.0,680657.0,0
20141216T,661018.0,661018.0,661018.0,661018.0,0
20141217T,654642.0,654642.0,654642.0,654642.0,0
20141218T,670115.0,670115.0,670115.0,670115.0,0
20141219T,687716.0,687716.0,687716.0,687716.0,0
20141222T,787469.0,787469.0,787469.0,787469.0,0
20141223T,856876.0,856876.0,856876.0,856876.0,0
20141224T,543997.0,543997.0,543997.0,543997.0,0
20141226T,541208.0,541208.0,541208.0,541208.0,0
20141229T,570628.0,570628.0,570628.0,570628.0,0
20141230T,592390.0,592390.0,592390.0,592390.0,0
20141231T,602233.0,602233.0,602233.0,602233.0,0
20150101T,604510.0,604510.0,604510.0,604510.0,0
20150102T,622785.0,622785.0,622785.0,622785.0,0
20150105T,595979.0,595979.0,595979.0,595979.0,0
20150106T,478696.0,478696.0,478696.0,478696.0,0
20150107T,455217.0,455217.0,455217.0,455217.0,0
20150108T,453081.0,453081.0,453081.0,453081.0,0
20150109T,435770.0,435770.0,435770.0,435770.0,0
20150112T,445687.0,445687.0,445687.0,445687.0,0
20150113T,479511.0,479511.0,479511.0,479511.0,0
20150114T,483624.0,483624.0,483624.0,483624.0,0
20150115T,640572.0,640572.0,640572.0,640572.0,0
20150116T,606141.0,606141.0,606141.0,606141.0,0
20150119T,607926.0,607926.0,607926.0,607926.0,0
20150120T,704888.0,704888.0,704888.0,704888.0,0
20150121T,748527.0,748527.0,748527.0,748527.0,0
20150122T,784162.0,784162.0,784162.0,784162.0,0
20150123T,845224.0,845224.0,845224.0,845224.0,0
20150127T,928038.0,928038.0,928038.0,928038.0,0
20150128T,997482.0,997482.0,997482.0,997482.0,0
20150129T,829727.0,829727.0,829727.0,829727.0,0
20150130T,846525.0,846525.0,846525.0,846525.0,0
20150202T,834586.0,834586.0,834586.0,834586.0,0
20150203T,824176.0,824176.0,824176.0,824176.0,0
20150204T,814090.0,814090.0,814090.0,814090.0,0
20150205T,790546.0,790546.0,790546.0,790546.0,0
20150206T,764573.0,764573.0,764573.0,764573.0,0
20150209T,735364.0,735364.0,735364.0,735364.0,0
20150210T,737685.0,737685.0,737685.0,737685.0,0
20150211T,727985.0,727985.0,727985.0,727985.0,0
20150212T,730468.0,730468.0,730468.0,730468.0,0
20150213T,769219.0,769219.0,769219.0,769219.0,0
20150216T,771447.0,771447.0,771447.0,771447.0,0
20150218T,778842.0,778842.0,778842.0,778842.0,0
20150219T,754045.0,754045.0,754045.0,754045.0,0
20150220T,737509.0,737509.0,737509.0,737509.0,0
20150223T,744331.0,744331.0,744331.0,744331.0,0
20150224T,786849.0,786849.0,786849.0,786849.0,0
20150225T,839500.0,839500.0,839500.0,839500.0,0
20150226T,688987.0,688987.0,688987.0,688987.0,0
20150227T,724206.0,724206.0,724206.0,724206.0,0
20150302T,831082.0,831082.0,831082.0,831082.0,0
20150303T,883546.0,883546.0,883546.0,883546.0,0
20150304T,882209.0,882209.0,882209.0,882209.0,0
20150305T,870663.0,870663.0,870663.0,870663.0,0
20150309T,809271.0,809271.0,809271.0,809271.0,0
20150310T,789000.0,789000.0,789000.0,789000.0,0
20150311T,796594.0,796594.0,796594.0,796594.0,0
20150312T,797065.0,797065.0,797065.0,797065.0,0
20150313T,795379.0,795379.0,795379.0,795379.0,0
20150316T,787795.0,787795.0,787795.0,787795.0,0
20150317T,766598.0,766598.0,766598.0,766598.0,0
20150318T,743069.0,743069.0,743069.0,743069.0,0
20150319T,751242.0,751242.0,751242.0,751242.0,0
20150320T,742374.0,742374.0,742374.0,742374.0,0
20150323T,728790.0,728790.0,728790.0,728790.0,0
20150324T,772775.0,772775.0,772775.0,772775.0,0
20150325T,726591.0,726591.0,726591.0,726591.0,0
20150326T,515143.0,515143.0,515143.0,515143.0,0
20150327T,502684.0,502684.0,502684.0,502684.0,0
20150330T,489972.0,489972.0,489972.0,489972.0,0
20150331T,511549.0,511549.0,511549.0,511549.0,0
20150401T,518814.0,518814.0,518814.0,518814.0,0
20150406T,500665.0,500665.0,500665.0,500665.0,0
20150407T,508141.0,508141.0,508141.0,508141.0,0
20150408T,550669.0,550669.0,550669.0,550669.0,0
20150409T,554670.0,554670.0,554670.0,554670.0,0
20150410T,555284.0,555284.0,555284.0,555284.0,0
20150413T,551637.0,551637.0,551637.0,551637.0,0
20150415T,586931.0,586931.0,586931.0,586931.0,0
20150416T,583502.0,583502.0,583502.0,583502.0,0
20150417T,606683.0,606683.0,606683.0,606683.0,0
20150420T,549229.0,549229.0,549229.0,549229.0,0
20150421T,588303.0,588303.0,588303.0,588303.0,0
20150422T,593908.0,593908.0,593908.0,593908.0,0
20150423T,569937.0,569937.0,569937.0,569937.0,0
20150424T,550121.0,550121.0,550121.0,550121.0,0
20150427T,537925.0,537925.0,537925.0,537925.0,0
20150428T,530611.0,530611.0,530611.0,530611.0,0
20150429T,564980.0,564980.0,564980.0,564980.0,0
20150430T,382402.0,382402.0,382402.0,382402.0,0
20150504T,379185.0,379185.0,379185.0,379185.0,0
20150505T,336091.0,336091.0,336091.0,336091.0,0
20150506T,274052.0,274052.0,274052.0,274052.0,0
20150507T,232254.0,232254.0,232254.0,232254.0,0
20150508T,226372.0,226372.0,226372.0,226372.0,0
20150511T,234415.0,234415.0,234415.0,234415.0,0
20150512T,233094.0,233094.0,233094.0,233094.0,0
20150513T,235163.0,235163.0,235163.0,235163.0,0
20150514T,215432.0,215432.0,215432.0,215432.0,0
20150515T,221690.0,221690.0,221690.0,221690.0,0
20150518T,220419.0,220419.0,220419.0,220419.0,0
20150519T,241370.0,241370.0,241370.0,241370.0,0
20150520T,281607.0,281607.0,281607.0,281607.0,0
20150521T,274655.0,274655.0,274655.0,274655.0,0
20150522T,329757.0,329757.0,329757.0,329757.0,0
20150525T,330645.0,330645.0,330645.0,330645.0,0
20150526T,370136.0,370136.0,370136.0,370136.0,0
20150527T,399776.0,399776.0,399776.0,399776.0,0
20150528T,270518.0,270518.0,270518.0,270518.0,0
20150529T,392088.0,392088.0,392088.0,392088.0,0
20150601T,397399.0,397399.0,397399.0,397399.0,0
20150602T,348850.0,348850.0,348850.0,348850.0,0
20150603T,322896.0,322896.0,322896.0,322896.0,0
20150604T,345142.0,345142.0,345142.0,345142.0,0
20150605T,351663.0,351663.0,351663.0,351663.0,0
20150608T,333987.0,333987.0,333987.0,333987.0,0
20150609T,337598.0,337598.0,337598.0,337598.0,0
20150610T,319749.0,319749.0,319749.0,319749.0,0
20150611T,352963.0,352963.0,352963.0,352963.0,0
20150612T,369062.0,369062.0,369062.0,369062.0,0
20150615T,354281.0,354281.0,354281.0,354281.0,0
20150616T,319715.0,319715.0,319715.0,319715.0,0
20150617T,313960.0,313960.0,313960.0,313960.0,0
20150618T,345992.0,345992.0,345992.0,345992.0,0
20150619T,333540.0,333540.0,333540.0,333540.0,0
20150622T,341137.0,341137.0,341137.0,341137.0,0
20150623T,385814.0,385814.0,385814.0,385814.0,0
20150624T,498960.0,498960.0,498960.0,498960.0,0
20150625T,370866.0,370866.0,370866.0,370866.0,0
20150626T,369071.0,369071.0,369071.0,369071.0,0
20150629T,422495.0,422495.0,422495.0,422495.0,0
20150630T,456168.0,456168.0,456168.0,456168.0,0
20150701T,479297.0,479297.0,479297.0,479297.0,0
20150702T,498900.0,498900.0,498900.0,498900.0,0
20150703T,515317.0,515317.0,515317.0,515317.0,0
20150706T,500751.0,500751.0,500751.0,500751.0,0
20150707T,552311.0,552311.0,552311.0,552311.0,0
20150708T,544911.0,544911.0,544911.0,544911.0,0
20150709T,506850.0,506850.0,506850.0,506850.0,0
20150710T,508904.0,508904.0,508904.0,508904.0,0
20150713T,536248.0,536248.0,536248.0,536248.0,0
20150714T,577002.0,577002.0,577002.0,577002.0,0
20150715T,618746.0,618746.0,618746.0,618746.0,0
20150716T,673996.0,673996.0,673996.0,673996.0,0
20150717T,677013.0,677013.0,677013.0,677013.0,0
20150720T,679619.0,679619.0,679619.0,679619.0,0
20150721T,699076.0,699076.0,699076.0,699076.0,0
20150722T,702706.0,702706.0,702706.0,702706.0,0
20150723T,699859.0,699859.0,699859.0,699859.0,0
20150724T,687394.0,687394.0,687394.0,687394.0,0
20150727T,655403.0,655403.0,655403.0,655403.0,0
20150728T,698880.0,698880.0,698880.0,698880.0,0
20150729T,659237.0,659237.0,659237.0,659237.0,0
20150730T,463279.0,463279.0,463279.0,463279.0,0
20150731T,503742.0,503742.0,503742.0,503742.0,0
20150803T,495465.0,495465.0,495465.0,495465.0,0
20150804T,491158.0,491158.0,491158.0,491158.0,0
20150805T,512814.0,512814.0,512814.0,512814.0,0
20150806T,521620.0,521620.0,521620.0,521620.0,0
20150807T,529745.0,529745.0,529745.0,529745.0,0
20150810T,548529.0,548529.0,548529.0,548529.0,0
20150811T,531632.0,531632.0,531632.0,531632.0,0
20150812T,464855.0,464855.0,464855.0,464855.0,0
20150813T,458000.0,458000.0,458000.0,458000.0,0
20150814T,453255.0,453255.0,453255.0,453255.0,0
20150817T,424226.0,424226.0,424226.0,424226.0,0
20150818T,421582.0,421582.0,421582.0,421582.0,0
20150819T,416641.0,416641.0,416641.0,416641.0,0
20150820T,361475.0,361475.0,361475.0,361475.0,0
20150821T,327552.0,327552.0,327552.0,327552.0,0
20150824T,456673.0,456673.0,456673.0,456673.0,0
20150825T,550999.0,550999.0,550999.0,550999.0,0
20150826T,630506.0,630506.0,630506.0,630506.0,0
20150827T,518358.0,518358.0,518358.0,518358.0,0
20150828T,623152.0,623152.0,623152.0,623152.0,0
20150831T,651930.0,651930.0,651930.0,651930.0,0
20150901T,641224.0,641224.0,641224.0,641224.0,0
20150902T,626115.0,626115.0,626115.0,626115.0,0
20150903T,648601.0,648601.0,648601.0,648601.0,0
20150904T,650117.0,650117.0,650117.0,650117.0,0
20150907T,636122.0,636122.0,636122.0,636122.0,0
20150908T,669462.0,669462.0,669462.0,669462.0,0
20150909T,650905.0,650905.0,650905.0,650905.0,0
20150910T,662499.0,662499.0,662499.0,662499.0,0
20150911T,674103.0,674103.0,674103.0,674103.0,0
20150914T,660361.0,660361.0,660361.0,660361.0,0
20150915T,678537.0,678537.0,678537.0,678537.0,0
20150916T,661780.0,661780.0,661780.0,661780.0,0
20150918T,724955.0,724955.0,724955.0,724955.0,0
20150921T,735731.0,735731.0,735731.0,735731.0,0
20150922T,816213.0,816213.0,816213.0,816213.0,0
20150923T,829575.0,829575.0,829575.0,829575.0,0
20150924T,440927.0,440927.0,440927.0,440927.0,0
20150928T,444828.0,444828.0,444828.0,444828.0,0
20150929T,432196.0,432196.0,432196.0,432196.0,0
20150930T,435191.0,435191.0,435191.0,435191.0,0
20151001T,468385.0,468385.0,468385.0,468385.0,0
20151005T,552082.0,552082.0,552082.0,552082.0,0
20151006T,567639.0,567639.0,567639.0,567639.0,0
20151007T,621482.0,621482.0,621482.0,621482.0,0
20151008T,643751.0,643751.0,643751.0,643751.0,0
20151009T,656659.0,656659.0,656659.0,656659.0,0
20151012T,686453.0,686453.0,686453.0,686453.0,0
20151013T,662378.0,662378.0,662378.0,662378.0,0
20151014T,616628.0,616628.0,616628.0,616628.0,0
20151015T,624794.0,624794.0,624794.0,624794.0,0
20151016T,597273.0,597273.0,597273.0,597273.0,0
20151019T,586274.0,586274.0,586274.0,586274.0,0
20151020T,583669.0,583669.0,583669.0,583669.0,0
20151021T,584150.0,584150.0,584150.0,584150.0,0
20151023T,620389.0,620389.0,620389.0,620389.0,0
20151026T,612890.0,612890.0,612890.0,612890.0,0
20151027T,583705.0,583705.0,583705.0,583705.0,0
20151028T,458514.0,458514.0,458514.0,458514.0,0
20151029T,194257.0,194257.0,194257.0,194257.0,0
20151030T,196642.0,196642.0,196642.0,196642.0,0
20151102T,192582.0,192582.0,192582.0,192582.0,0
20151103T,195972.0,195972.0,195972.0,195972.0,0
20151104T,193744.0,193744.0,193744.0,193744.0,0
20151105T,187898.0,187898.0,187898.0,187898.0,0
20151106T,176634.0,176634.0,176634.0,176634.0,0
20151109T,171292.0,171292.0,171292.0,171292.0,0
20151110T,159027.0,159027.0,159027.0,159027.0,0
20151111T,158816.0,158816.0,158816.0,158816.0,0
20151113T,148726.0,148726.0,148726.0,148726.0,0
20151116T,143431.0,143431.0,143431.0,143431.0,0
20151117T,141375.0,141375.0,141375.0,141375.0,0
20151118T,149167.0,149167.0,149167.0,149167.0,0
20151119T,148890.0,148890.0,148890.0,148890.0,0
20151120T,159260.0,159260.0,159260.0,159260.0,0
20151123T,198162.0,198162.0,198162.0,198162.0,0
20151124T,215370.0,215370.0,215370.0,215370.0,0
20151126T,128084.0,128084.0,128084.0,128084.0,0
20151127T,132142.0,132142.0,132142.0,132142.0,0
20151130T,139687.0,139687.0,139687.0,139687.0,0
20151201T,145623.0,145623.0,145623.0,145623.0,0
20151202T,141011.0,141011.0,141011.0,141011.0,0
20151203T,135417.0,135417.0,135417.0,135417.0,0
20151204T,124908.0,124908.0,124908.0,124908.0,0
20151207T,121664.0,121664.0,121664.0,121664.0,0
20151208T,118031.0,118031.0,118031.0,118031.0,0
20151209T,122282.0,122282.0,122282.0,122282.0,0
20151210T,123354.0,123354.0,123354.0,123354.0,0
20151211T,115165.0,115165.0,115165.0,115165.0,0
20151214T,123623.0,123623.0,123623.0,123623.0,0
20151215T,116667.0,116667.0,116667.0,116667.0,0
20151216T,112506.0,112506.0,112506.0,112506.0,0
20151217T,99109.0,99109.0,99109.0,99109.0,0
20151218T,105320.0,105320.0,105320.0,105320.0,0
20151221T,103629.0,103629.0,103629.0,103629.0,0
20151222T,101719.0,101719.0,101719.0,101719.0,0
20151223T,104061.0,104061.0,104061.0,104061.0,0
20151224T,110190.0,110190.0,110190.0,110190.0,0
20151228T,113217.0,113217.0,113217.0,113217.0,0
20151229T,146325.0,146325.0,146325.0,146325.0,0
20151230T,163866.0,163866.0,163866.0,163866.0,0
20151231T,124190.0,124190.0,124190.0,124190.0,0
20160101T,126362.0,126362.0,126362.0,126362.0,0
20160104T,133549.0,133549.0,133549.0,133549.0,0
20160105T,139960.0,139960.0,139960.0,139960.0,0
20160106T,131249.0,131249.0,131249.0,131249.0,0
20160107T,122553.0,122553.0,122553.0,122553.0,0
20160108T,116975.0,116975.0,116975.0,116975.0,0
20160111T,116161.0,116161.0,116161.0,116161.0,0
20160112T,117646.0,117646.0,117646.0,117646.0,0
20160113T,120671.0,120671.0,120671.0,120671.0,0
20160114T,122507.0,122507.0,122507.0,122507.0,0
20160115T,129530.0,129530.0,129530.0,129530.0,0
20160118T,144617.0,144617.0,144617.0,144617.0,0
20160119T,146914.0,146914.0,146914.0,146914.0,0
20160120T,146697.0,146697.0,146697.0,146697.0,0
20160121T,153626.0,153626.0,153626.0,153626.0,0
20160122T,152334.0,152334.0,152334.0,152334.0,0
20160125T,146632.0,146632.0,146632.0,146632.0,0
20160127T,164046.0,164046.0,164046.0,164046.0,0
20160128T,60694.0,60694.0,60694.0,60694.0,0
20160129T,81189.0,81189.0,81189.0,81189.0,0
20160201T,88752.0,88752.0,88752.0,88752.0,0
20160202T,82099.0,82099.0,82099.0,82099.0,0
20160203T,78117.0,78117.0,78117.0,78117.0,0
20160204T,87848.0,87848.0,87848.0,87848.0,0
20160205T,91881.0,91881.0,91881.0,91881.0,0
20160208T,90325.0,90325.0,90325.0,90325.0,0
20160209T,95245.0,95245.0,95245.0,95245.0,0
20160211T,105742.0,105742.0,105742.0,105742.0,0
20160212T,120858.0,120858.0,120858.0,120858.0,0
20160215T,131894.0,131894.0,131894.0,131894.0,0
20160216T,150417.0,150417.0,150417.0,150417.0,0
20160217T,155882.0,155882.0,155882.0,155882.0,0
20160218T,182670.0,182670.0,182670.0,182670.0,0
20160219T,170690.0,170690.0,170690.0,170690.0,0
20160222T,174525.0,174525.0,174525.0,174525.0,0
20160223T,179829.0,179829.0,179829.0,179829.0,0
20160224T,189125.0,189125.0,189125.0,189125.0,0
20160225T,84349.0,84349.0,84349.0,84349.0,0
20160226T,92749.0,92749.0,92749.0,92749.0,0
20160229T,91943.0,91943.0,91943.0,91943.0,0
20160301T,104202.0,104202.0,104202.0,104202.0,0
20160302T,124574.0,124574.0,124574.0,124574.0,0
20160303T,134013.0,134013.0,134013.0,134013.0,0
20160304T,143387.0,143387.0,143387.0,143387.0,0
20160308T,158902.0,158902.0,158902.0,158902.0,0
20160309T,167588.0,167588.0,167588.0,167588.0,0
20160310T,161084.0,161084.0,161084.0,161084.0,0
20160311T,176810.0,176810.0,176810.0,176810.0,0
20160314T,184822.0,184822.0,184822.0,184822.0,0
20160315T,187570.0,187570.0,187570.0,187570.0,0
20160316T,198539.0,198539.0,198539.0,198539.0,0
20160317T,205639.0,205639.0,205639.0,205639.0,0
20160318T,221752.0,221752.0,221752.0,221752.0,0
20160321T,217418.0,217418.0,217418.0,217418.0,0
20160322T,222398.0,222398.0,222398.0,222398.0,0
20160323T,230210.0,230210.0,230210.0,230210.0,0
20160328T,212856.0,212856.0,212856.0,212856.0,0
20160329T,243180.0,243180.0,243180.0,243180.0,0
20160330T,270828.0,270828.0,270828.0,270828.0,0
20160331T,173931.0,173931.0,173931.0,173931.0,0
20160401T,169761.0,169761.0,169761.0,169761.0,0
20160404T,175725.0,175725.0,175725.0,175725.0,0
20160405T,162087.0,162087.0,162087.0,162087.0,0
20160406T,153130.0,153130.0,153130.0,153130.0,0
20160407T,129549.0,129549.0,129549.0,129549.0,0
20160408T,123320.0,123320.0,123320.0,123320.0,0
20160411T,124005.0,124005.0,124005.0,124005.0,0
20160412T,119197.0,119197.0,119197.0,119197.0,0
20160413T,151735.0,151735.0,151735.0,151735.0,0
20160418T,155356.0,155356.0,155356.0,155356.0,0
20160420T,172785.0,172785.0,172785.0,172785.0,0
20160421T,175571.0,175571.0,175571.0,175571.0,0
20160422T,181455.0,181455.0,181455.0,181455.0,0
20160425T,185952.0,185952.0,185952.0,185952.0,0
20160426T,230956.0,230956.0,230956.0,230956.0,0
20160427T,257624.0,257624.0,257624.0,257624.0,0
20160428T,220112.0,220112.0,220112.0,220112.0,0
20160429T,218948.0,218948.0,218948.0,218948.0,0
20160502T,202835.0,202835.0,202835.0,202835.0,0
20160503T,188545.0,188545.0,188545.0,188545.0,0
20160504T,168799.0,168799.0,168799.0,168799.0,0
20160505T,152340.0,152340.0,152340.0,152340.0,0
20160506T,141177.0,141177.0,141177.0,141177.0,0
20160509T,148997.0,148997.0,148997.0,148997.0,0
20160510T,146525.0,146525.0,146525.0,146525.0,0
20160511T,134118.0,134118.0,134118.0,134118.0,0
20160512T,141304.0,141304.0,141304.0,141304.0,0
20160513T,134711.0,134711.0,134711.0,134711.0,0
20160516T,132501.0,132501.0,132501.0,132501.0,0
20160517T,144973.0,144973.0,144973.0,144973.0,0
20160518T,145953.0,145953.0,145953.0,145953.0,0
20160519T,142848.0,142848.0,142848.0,142848.0,0
20160520T,138707.0,138707.0,138707.0,138707.0,0
20160523T,148396.0,148396.0,148396.0,148396.0,0
20160524T,157729.0,157729.0,157729.0,157729.0,0
20160525T,227697.0,227697.0,227697.0,227697.0,0
20160526T,198428.0,198428.0,198428.0,198428.0,0
20160527T,230802.0,230802.0,230802.0,230802.0,0
20160530T,242259.0,242259.0,242259.0,242259.0,0
20160531T,243654.0,243654.0,243654.0,243654.0,0
20160601T,243803.0,243803.0,243803.0,243803.0,0
20160602T,242193.0,242193.0,242193.0,242193.0,0
20160603T,244082.0,244082.0,244082.0,244082.0,0
20160606T,249782.0,249782.0,249782.0,249782.0,0
20160607T,251843.0,251843.0,251843.0,251843.0,0
20160608T,249351.0,249351.0,249351.0,249351.0,0
20160609T,258099.0,258099.0,258099.0,258099.0,0
20160610T,259695.0,259695.0,259695.0,259695.0,0
20160613T,247443.0,247443.0,247443.0,247443.0,0
20160614T,216041.0,216041.0,216041.0,216041.0,0
20160615T,205475.0,205475.0,205475.0,205475.0,0
20160616T,194562.0,194562.0,194562.0,194562.0,0
20160617T,190316.0,190316.0,190316.0,190316.0,0
20160620T,185120.0,185120.0,185120.0,185120.0,0
20160621T,178738.0,178738.0,178738.0,178738.0,0
20160622T,170921.0,170921.0,170921.0,170921.0,0
20160623T,176951.0,176951.0,176951.0,176951.0,0
20160624T,146010.0,146010.0,146010.0,146010.0,0
20160627T,158461.0,158461.0,158461.0,158461.0,0
20160628T,161189.0,161189.0,161189.0,161189.0,0
20160629T,174007.0,174007.0,174007.0,174007.0,0
20160630T,178422.0,178422.0,178422.0,178422.0,0
20160701T,183644.0,183644.0,183644.0,183644.0,0
20160704T,188718.0,188718.0,188718.0,188718.0,0
20160705T,191354.0,191354.0,191354.0,191354.0,0
20160707T,189425.0,189425.0,189425.0,189425.0,0
20160708T,189881.0,189881.0,189881.0,189881.0,0
20160711T,208959.0,208959.0,208959.0,208959.0,0
20160712T,226250.0,226250.0,226250.0,226250.0,0
20160713T,236550.0,236550.0,236550.0,236550.0,0
20160714T,244453.0,244453.0,244453.0,244453.0,0
20160715T,257243.0,257243.0,257243.0,257243.0,0
20160718T,266786.0,266786.0,266786.0,266786.0,0
20160719T,275890.0,275890.0,275890.0,275890.0,0
20160720T,279445.0,279445.0,279445.0,279445.0,0
20160721T,285753.0,285753.0,285753.0,285753.0,0
20160722T,294744.0,294744.0,294744.0,294744.0,0
20160725T,302211.0,302211.0,302211.0,302211.0,0
20160726T,341320.0,341320.0,341320.0,341320.0,0
20160727T,356254.0,356254.0,356254.0,356254.0,0
20160728T,249117.0,249117.0,249117.0,249117.0,0
20160729T,251608.0,251608.0,251608.0,251608.0,0
20160801T,260640.0,260640.0,260640.0,260640.0,0
20160802T,263334.0,263334.0,263334.0,263334.0,0
20160803T,265701.0,265701.0,265701.0,265701.0,0
20160804T,273018.0,273018.0,273018.0,273018.0,0
20160805T,283976.0,283976.0,283976.0,283976.0,0
20160808T,291336.0,291336.0,291336.0,291336.0,0
20160809T,296983.0,296983.0,296983.0,296983.0,0
20160810T,299229.0,299229.0,299229.0,299229.0,0
20160811T,299094.0,299094.0,299094.0,299094.0,0
20160812T,293850.0,293850.0,293850.0,293850.0,0
20160816T,296621.0,296621.0,296621.0,296621.0,0
20160817T,298261.0,298261.0,298261.0,298261.0,0
20160818T,305074.0,305074.0,305074.0,305074.0,0
20160819T,310828.0,310828.0,310828.0,310828.0,0
20160822T,318488.0,318488.0,318488.0,318488.0,0
20160823T,325791.0,325791.0,325791.0,325791.0,0
20160824T,329311.0,329311.0,329311.0,329311.0,0
20160825T,302836.0,302836.0,302836.0,302836.0,0
20160826T,315157.0,315157.0,315157.0,315157.0,0
20160829T,317987.0,317987.0,317987.0,317987.0,0
20160830T,353278.0,353278.0,353278.0,353278.0,0
20160831T,389136.0,389136.0,389136.0,389136.0,0
20160901T,400791.0,400791.0,400791.0,400791.0,0
20160902T,396092.0,396092.0,396092.0,396092.0,0
20160906T,405826.0,405826.0,405826.0,405826.0,0
20160907T,408495.0,408495.0,408495.0,408495.0,0
20160908T,410649.0,410649.0,410649.0,410649.0,0
20160909T,404183.0,404183.0,404183.0,404183.0,0
20160912T,400701.0,400701.0,400701.0,400701.0,0
20160914T,398656.0,398656.0,398656.0,398656.0,0
20160915T,391562.0,391562.0,391562.0,391562.0,0
20160916T,396416.0,396416.0,396416.0,396416.0,0
20160919T,396877.0,396877.0,396877.0,396877.0,0
20160920T,397369.0,397369.0,397369.0,397369.0,0
20160921T,402987.0,402987.0,402987.0,402987.0,0
20160922T,400293.0,400293.0,400293.0,400293.0,0
20160923T,405113.0,405113.0,405113.0,405113.0,0
20160926T,382577.0,382577.0,382577.0,382577.0,0
20160927T,391627.0,391627.0,391627.0,391627.0,0
20160928T,399614.0,399614.0,399614.0,399614.0,0
20160929T,245091.0,245091.0,245091.0,245091.0,0
20160930T,223472.0,223472.0,223472.0,223472.0,0
20161003T,221871.0,221871.0,221871.0,221871.0,0
20161004T,229554.0,229554.0,229554.0,229554.0,0
20161005T,234236.0,234236.0,234236.0,234236.0,0
20161006T,235739.0,235739.0,235739.0,235739.0,0
20161007T,224316.0,224316.0,224316.0,224316.0,0
20161010T,223355.0,223355.0,223355.0,223355.0,0
20161013T,187420.0,187420.0,187420.0,187420.0,0
20161014T,188394.0,188394.0,188394.0,188394.0,0
20161017T,170571.0,170571.0,170571.0,170571.0,0
20161018T,169619.0,169619.0,169619.0,169619.0,0
20161019T,168994.0,168994.0,168994.0,168994.0,0
20161020T,184350.0,184350.0,184350.0,184350.0,0
20161021T,184968.0,184968.0,184968.0,184968.0,0
20161024T,193937.0,193937.0,193937.0,193937.0,0
20161025T,190328.0,190328.0,190328.0,190328.0,0
20161026T,194215.0,194215.0,194215.0,194215.0,0
20161027T,163277.0,163277.0,163277.0,163277.0,0
20161028T,154986.0,154986.0,154986.0,154986.0,0
20161101T,151682.0,151682.0,151682.0,151682.0,0
20161102T,146047.0,146047.0,146047.0,146047.0,0
20161103T,140365.0,140365.0,140365.0,140365.0,0
20161104T,133028.0,133028.0,133028.0,133028.0,0
20161107T,121251.0,121251.0,121251.0,121251.0,0
20161108T,119401.0,119401.0,119401.0,119401.0,0
20161109T,128761.0,128761.0,128761.0,128761.0,0
20161110T,129804.0,129804.0,129804.0,129804.0,0
20161111T,114264.0,114264.0,114264.0,114264.0,0
20161115T,112733.0,112733.0,112733.0,112733.0,0
20161116T,111896.0,111896.0,111896.0,111896.0,0
20161117T,117441.0,117441.0,117441.0,117441.0,0
20161118T,117796.0,117796.0,117796.0,117796.0,0
20161121T,151543.0,151543.0,151543.0,151543.0,0
20161122T,167377.0,167377.0,167377.0,167377.0,0
20161123T,174728.0,174728.0,174728.0,174728.0,0
20161124T,67115.0,67115.0,67115.0,67115.0,0
20161125T,75058.0,75058.0,75058.0,75058.0,0
20161128T,81284.0,81284.0,81284.0,81284.0,0
20161129T,92023.0,92023.0,92023.0,92023.0,0
20161130T,99713.0,99713.0,99713.0,99713.0,0
20161201T,109978.0,109978.0,109978.0,109978.0,0
20161202T,109232.0,109232.0,109232.0,109232.0,0
20161205T,108324.0,108324.0,108324.0,108324.0,0
20161206T,110530.0,110530.0,110530.0,110530.0,0
20161207T,116726.0,116726.0,116726.0,116726.0,0
20161208T,135839.0,135839.0,135839.0,135839.0,0
20161209T,142634.0,142634.0,142634.0,142634.0,0
20161212T,140566.0,140566.0,140566.0,140566.0,0
20161213T,145044.0,145044.0,145044.0,145044.0,0
20161214T,144612.0,144612.0,144612.0,144612.0,0
20161215T,120731.0,120731.0,120731.0,120731.0,0
20161216T,108247.0,108247.0,108247.0,108247.0,0
20161219T,109504.0,109504.0,109504.0,109504.0,0
20161220T,111768.0,111768.0,111768.0,111768.0,0
20161221T,110966.0,110966.0,110966.0,110966.0,0
20161222T,110101.0,110101.0,110101.0,110101.0,0
20161223T,120849.0,120849.0,120849.0,120849.0,0
20161226T,144966.0,144966.0,144966.0,144966.0,0
20161227T,154780.0,154780.0,154780.0,154780.0,0
20161228T,157966.0,157966.0,157966.0,157966.0,0
20161229T,102308.0,102308.0,102308.0,102308.0,0
20161230T,113579.0,113579.0,113579.0,113579.0,0
20170102T,109357.0,109357.0,109357.0,109357.0,0
20170103T,108661.0,108661.0,108661.0,108661.0,0
20170104T,112627.0,112627.0,112627.0,112627.0,0
20170105T,140270.0,140270.0,140270.0,140270.0,0
20170106T,149501.0,149501.0,149501.0,149501.0,0
20170109T,146954.0,146954.0,146954.0,146954.0,0
20170110T,144943.0,144943.0,144943.0,144943.0,0
20170111T,157172.0,157172.0,157172.0,157172.0,0
20170112T,176088.0,176088.0,176088.0,176088.0,0
20170113T,179046.0,179046.0,179046.0,179046.0,0
20170116T,188652.0,188652.0,188652.0,188652.0,0
20170117T,187280.0,187280.0,187280.0,187280.0,0
20170118T,193159.0,193159.0,193159.0,193159.0,0
20170119T,193222.0,193222.0,193222.0,193222.0,0
20170120T,191182.0,191182.0,191182.0,191182.0,0
20170123T,197623.0,197623.0,197623.0,197623.0,0
20170124T,217489.0,217489.0,217489.0,217489.0,0
20170125T,167540.0,167540.0,167540.0,167540.0,0
20170127T,185265.0,185265.0,185265.0,185265.0,0
20170130T,187634.0,187634.0,187634.0,187634.0,0
20170131T,181019.0,181019.0,181019.0,181019.0,0
20170201T,192281.0,192281.0,192281.0,192281.0,0
20170202T,198859.0,198859.0,198859.0,198859.0,0
20170203T,199492.0,199492.0,199492.0,199492.0,0
20170206T,209092.0,209092.0,209092.0,209092.0,0
20170207T,211121.0,211121.0,211121.0,211121.0,0
20170208T,217697.0,217697.0,217697.0,217697.0,0
20170209T,226413.0,226413.0,226413.0,226413.0,0
20170210T,229185.0,229185.0,229185.0,229185.0,0
20170213T,241953.0,241953.0,241953.0,241953.0,0
20170214T,260865.0,260865.0,260865.0,260865.0,0
20170215T,278998.0,278998.0,278998.0,278998.0,0
20170216T,281547.0,281547.0,281547.0,281547.0,0
20170217T,281850.0,281850.0,281850.0,281850.0,0
20170220T,275278.0,275278.0,275278.0,275278.0,0
20170221T,283791.0,283791.0,283791.0,283791.0,0
20170222T,293906.0,293906.0,293906.0,293906.0,0
20170223T,226976.0,226976.0,226976.0,226976.0,0
20170227T,224473.0,224473.0,224473.0,224473.0,0
20170228T,224291.0,224291.0,224291.0,224291.0,0
20170301T,231178.0,231178.0,231178.0,231178.0,0
20170302T,234958.0,234958.0,234958.0,234958.0,0
20170303T,222235.0,222235.0,222235.0,222235.0,0
20170306T,220910.0,220910.0,220910.0,220910.0,0
20170307T,234985.0,234985.0,234985.0,234985.0,0
20170308T,246436.0,246436.0,246436.0,246436.0,0
20170309T,243047.0,243047.0,243047.0,243047.0,0
20170310T,246956.0,246956.0,246956.0,246956.0,0
20170314T,282031.0,282031.0,282031.0,282031.0,0
20170315T,280908.0,280908.0,280908.0,280908.0,0
20170316T,295058.0,295058.0,295058.0,295058.0,0
20170317T,293033.0,293033.0,293033.0,293033.0,0
20170320T,298519.0,298519.0,298519.0,298519.0,0
20170321T,299192.0,299192.0,299192.0,299192.0,0
20170322T,307698.0,307698.0,307698.0,307698.0,0
20170323T,311322.0,311322.0,311322.0,311322.0,0
20170324T,307000.0,307000.0,307000.0,307000.0,0
20170327T,311299.0,311299.0,311299.0,311299.0,0
20170328T,345865.0,345865.0,345865.0,345865.0,0
20170329T,385838.0,385838.0,385838.0,385838.0,0
20170330T,245010.0,245010.0,245010.0,245010.0,0
20170331T,246931.0,246931.0,246931.0,246931.0,0
20170403T,244903.0,244903.0,244903.0,244903.0,0
20170405T,249440.0,249440.0,249440.0,249440.0,0
20170406T,240177.0,240177.0,240177.0,240177.0,0
20170407T,237882.0,237882.0,237882.0,237882.0,0
20170410T,233402.0,233402.0,233402.0,233402.0,0
20170411T,231631.0,231631.0,231631.0,231631.0,0
20170412T,232076.0,232076.0,232076.0,232076.0,0
20170413T,231060.0,231060.0,231060.0,231060.0,0
20170417T,230557.0,230557.0,230557.0,230557.0,0
20170418T,226987.0,226987.0,226987.0,226987.0,0
20170419T,219859.0,219859.0,219859.0,219859.0,0
20170420T,219342.0,219342.0,219342.0,219342.0,0
20170421T,205435.0,205435.0,205435.0,205435.0,0
20170424T,226407.0,226407.0,226407.0,226407.0,0
20170425T,247211.0,247211.0,247211.0,247211.0,0
20170426T,271757.0,271757.0,271757.0,271757.0,0
20170427T,193702.0,193702.0,193702.0,193702.0,0
20170428T,185989.0,185989.0,185989.0,185989.0,0
20170502T,176879.0,176879.0,176879.0,176879.0,0
20170503T,178332.0,178332.0,178332.0,178332.0,0
20170504T,176339.0,176339.0,176339.0,176339.0,0
20170505T,165383.0,165383.0,165383.0,165383.0,0
20170508T,164786.0,164786.0,164786.0,164786.0,0
20170509T,162794.0,162794.0,162794.0,162794.0,0
20170510T,166352.0,166352.0,166352.0,166352.0,0
20170511T,170978.0,170978.0,170978.0,170978.0,0
20170512T,165470.0,165470.0,165470.0,165470.0,0
20170515T,164329.0,164329.0,164329.0,164329.0,0
20170516T,166383.0,166383.0,166383.0,166383.0,0
20170517T,170349.0,170349.0,170349.0,170349.0,0
20170518T,168055.0,168055.0,168055.0,168055.0,0
20170519T,166144.0,166144.0,166144.0,166144.0,0
20170522T,176065.0,176065.0,176065.0,176065.0,0
20170523T,175932.0,175932.0,175932.0,175932.0,0
20170524T,197904.0,197904.0,197904.0,197904.0,0
20170525T,199479.0,199479.0,199479.0,199479.0,0
20170526T,198386.0,198386.0,198386.0,198386.0,0
20170529T,219833.0,219833.0,219833.0,219833.0,0
20170530T,222832.0,222832.0,222832.0,222832.0,0
20170531T,237276.0,237276.0,237276.0,237276.0,0
20170601T,243842.0,243842.0,243842.0,243842.0,0
20170602T,242156.0,242156.0,242156.0,242156.0,0
20170605T,240877.0,240877.0,240877.0,240877.0,0
20170606T,238461.0,238461.0,238461.0,238461.0,0
20170607T,242927.0,242927.0,242927.0,242927.0,0
20170608T,245939.0,245939.0,245939.0,245939.0,0
20170609T,245426.0,245426.0,245426.0,245426.0,0
20170612T,243367.0,243367.0,243367.0,243367.0,0
20170613T,242262.0,242262.0,242262.0,242262.0,0
20170614T,244146.0,244146.0,244146.0,244146.0,0
20170615T,241025.0,241025.0,241025.0,241025.0,0
20170616T,234767.0,234767.0,234767.0,234767.0,0
20170619T,234024.0,234024.0,234024.0,234024.0,0
20170620T,237305.0,237305.0,237305.0,237305.0,0
20170621T,240255.0,240255.0,240255.0,240255.0,0
20170622T,239885.0,239885.0,239885.0,239885.0,0
20170623T,250859.0,250859.0,250859.0,250859.0,0
20170627T,267538.0,267538.0,267538.0,267538.0,0
20170628T,271594.0,271594.0,271594.0,271594.0,0
20170629T,205539.0,205539.0,205539.0,205539.0,0
20170630T,209788.0,209788.0,209788.0,209788.0,0
20170703T,208344.0,208344.0,208344.0,208344.0,0
20170704T,208772.0,208772.0,208772.0,208772.0,0
20170705T,209939.0,209939.0,209939.0,209939.0,0
20170706T,204871.0,204871.0,204871.0,204871.0,0
20170707T,199332.0,199332.0,199332.0,199332.0,0
20170710T,190589.0,190589.0,190589.0,190589.0,0
20170711T,192641.0,192641.0,192641.0,192641.0,0
20170712T,186340.0,186340.0,186340.0,186340.0,0
20170713T,186985.0,186985.0,186985.0,186985.0,0
20170714T,184463.0,184463.0,184463.0,184463.0,0
20170717T,189479.0,189479.0,189479.0,189479.0,0
20170718T,191476.0,191476.0,191476.0,191476.0,0
20170719T,193633.0,193633.0,193633.0,193633.0,0
20170720T,190124.0,190124.0,190124.0,190124.0,0
20170721T,194264.0,194264.0,194264.0,194264.0,0
20170724T,197478.0,197478.0,197478.0,197478.0,0
20170725T,199744.0,199744.0,199744.0,199744.0,0
20170726T,203290.0,203290.0,203290.0,203290.0,0
20170727T,165602.0,165602.0,165602.0,165602.0,0
20170728T,170032.0,170032.0,170032.0,170032.0,0
20170731T,172062.0,172062.0,172062.0,172062.0,0
20170801T,168885.0,168885.0,168885.0,168885.0,0
20170802T,169031.0,169031.0,169031.0,169031.0,0
20170803T,168069.0,168069.0,168069.0,168069.0,0
20170804T,170055.0,170055.0,170055.0,170055.0,0
20170807T,166822.0,166822.0,166822.0,166822.0,0
20170808T,169611.0,169611.0,169611.0,169611.0,0
20170809T,172467.0,172467.0,172467.0,172467.0,0
20170810T,181750.0,181750.0,181750.0,181750.0,0
20170811T,189427.0,189427.0,189427.0,189427.0,0
20170814T,183297.0,183297.0,183297.0,183297.0,0
20170816T,175515.0,175515.0,175515.0,175515.0,0
20170817T,175753.0,175753.0,175753.0,175753.0,0
20170818T,178298.0,178298.0,178298.0,178298.0,0
20170821T,182893.0,182893.0,182893.0,182893.0,0
20170822T,185387.0,185387.0,185387.0,185387.0,0
20170823T,177781.0,177781.0,177781.0,177781.0,0
20170824T,177414.0,177414.0,177414.0,177414.0,0
20170828T,173391.0,173391.0,173391.0,173391.0,0
20170829T,181459.0,181459.0,181459.0,181459.0,0
20170830T,193174.0,193174.0,193174.0,193174.0,0
20170831T,107280.0,107280.0,107280.0,107280.0,0
20170901T,114647.0,114647.0,114647.0,114647.0,0
20170904T,119048.0,119048.0,119048.0,119048.0,0
20170905T,121843.0,121843.0,121843.0,121843.0,0
20170906T,124699.0,124699.0,124699.0,124699.0,0
20170907T,126202.0,126202.0,126202.0,126202.0,0
20170908T,127335.0,127335.0,127335.0,127335.0,0
20170911T,132727.0,132727.0,132727.0,132727.0,0
20170912T,132852.0,132852.0,132852.0,132852.0,0
20170913T,137344.0,137344.0,137344.0,137344.0,0
20170914T,136284.0,136284.0,136284.0,136284.0,0
20170915T,138671.0,138671.0,138671.0,138671.0,0
20170918T,140160.0,140160.0,140160.0,140160.0,0
20170919T,138316.0,138316.0,138316.0,138316.0,0
20170920T,140962.0,140962.0,140962.0,140962.0,0
20170921T,145346.0,145346.0,145346.0,145346.0,0
20170922T,157881.0,157881.0,157881.0,157881.0,0
20170925T,157401.0,157401.0,157401.0,157401.0,0
20170926T,159273.0,159273.0,159273.0,159273.0,0
20170927T,164482.0,164482.0,164482.0,164482.0,0
20170928T,118186.0,118186.0,118186.0,118186.0,0
20170929T,131130.0,131130.0,131130.0,131130.0,0
20171003T,135985.0,135985.0,135985.0,135985.0,0
20171004T,147736.0,147736.0,147736.0,147736.0,0
20171005T,143500.0,143500.0,143500.0,143500.0,0
20171006T,148005.0,148005.0,148005.0,148005.0,0
20171009T,151294.0,151294.0,151294.0,151294.0,0
20171010T,149705.0,149705.0,149705.0,149705.0,0
20171011T,158807.0,158807.0,158807.0,158807.0,0
20171012T,168520.0,168520.0,168520.0,168520.0,0
20171013T,186913.0,186913.0,186913.0,186913.0,0
20171016T,216727.0,216727.0,216727.0,216727.0,0
20171017T,222596.0,222596.0,222596.0,222596.0,0
20171018T,229602.0,229602.0,229602.0,229602.0,0
20171019T,230071.0,230071.0,230071.0,230071.0,0
20171023T,225742.0,225742.0,225742.0,225742.0,0
20171024T,226653.0,226653.0,226653.0,226653.0,0
20171025T,241239.0,241239.0,241239.0,241239.0,0
20171026T,184139.0,184139.0,184139.0,184139.0,0
20171027T,185970.0,185970.0,185970.0,185970.0,0
20171030T,189795.0,189795.0,189795.0,189795.0,0
20171031T,188150.0,188150.0,188150.0,188150.0,0
20171101T,196016.0,196016.0,196016.0,196016.0,0
20171102T,197671.0,197671.0,197671.0,197671.0,0
20171103T,199869.0,199869.0,199869.0,199869.0,0
20171106T,200813.0,200813.0,200813.0,200813.0,0
20171107T,199135.0,199135.0,199135.0,199135.0,0
20171108T,200681.0,200681.0,200681.0,200681.0,0
20171109T,194531.0,194531.0,194531.0,194531.0,0
20171110T,193224.0,193224.0,193224.0,193224.0,0
20171113T,191880.0,191880.0,191880.0,191880.0,0
20171114T,178429.0,178429.0,178429.0,178429.0,0
20171115T,164538.0,164538.0,164538.0,164538.0,0
20171116T,159557.0,159557.0,159557.0,159557.0,0
20171117T,169337.0,169337.0,169337.0,169337.0,0
20171120T,171684.0,171684.0,171684.0,171684.0,0
20171121T,173461.0,173461.0,173461.0,173461.0,0
20171122T,174121.0,174121.0,174121.0,174121.0,0
20171123T,174995.0,174995.0,174995.0,174995.0,0
20171124T,179511.0,179511.0,179511.0,179511.0,0
20171127T,183054.0,183054.0,183054.0,183054.0,0
20171128T,185049.0,185049.0,185049.0,185049.0,0
20171129T,192251.0,192251.0,192251.0,192251.0,0
20171130T,112414.0,112414.0,112414.0,112414.0,0
20171201T,112308.0,112308.0,112308.0,112308.0,0
20171204T,119577.0,119577.0,119577.0,119577.0,0
20171205T,114333.0,114333.0,114333.0,114333.0,0
20171206T,113362.0,113362.0,113362.0,113362.0,0
20171207T,109115.0,109115.0,109115.0,109115.0,0
20171208T,108050.0,108050.0,108050.0,108050.0,0
20171211T,105705.0,105705.0,105705.0,105705.0,0
20171212T,112088.0,112088.0,112088.0,112088.0,0
20171213T,119635.0,119635.0,119635.0,119635.0,0
20171214T,108549.0,108549.0,108549.0,108549.0,0
20171215T,96292.0,96292.0,96292.0,96292.0,0
20171218T,102063.0,102063.0,102063.0,102063.0,0
20171219T,113353.0,113353.0,113353.0,113353.0,0
20171220T,118407.0,118407.0,118407.0,118407.0,0
20171221T,117417.0,117417.0,117417.0,117417.0,0
20171222T,123499.0,123499.0,123499.0,123499.0,0
20171226T,126517.0,126517.0,126517.0,126517.0,0
20171227T,125533.0,125533.0,125533.0,125533.0,0
20171228T,107802.0,107802.0,107802.0,107802.0,0
20171229T,114020.0,114020.0,114020.0,114020.0,0
20180101T,115932.0,115932.0,115932.0,115932.0,0
20180102T,112731.0,112731.0,112731.0,112731.0,0
20180103T,113663.0,113663.0,113663.0,113663.0,0
20180104T,112468.0,112468.0,112468.0,112468.0,0
20180105T,117159.0,117159.0,117159.0,117159.0,0
20180108T,121043.0,121043.0,121043.0,121043.0,0
20180109T,127367.0,127367.0,127367.0,127367.0,0
20180110T,125236.0,125236.0,125236.0,125236.0,0
20180111T,112110.0,112110.0,112110.0,112110.0,0
20180112T,118404.0,118404.0,118404.0,118404.0,0
20180115T,124441.0,124441.0,124441.0,124441.0,0
20180116T,127418.0,127418.0,127418.0,127418.0,0
20180117T,130701.0,130701.0,130701.0,130701.0,0
20180118T,135944.0,135944.0,135944.0,135944.0,0
20180119T,149756.0,149756.0,149756.0,149756.0,0
20180122T,146279.0,146279.0,146279.0,146279.0,0
20180123T,163617.0,163617.0,163617.0,163617.0,0
20180124T,182902.0,182902.0,182902.0,182902.0,0
20180125T,144197.0,144197.0,144197.0,144197.0,0
20180129T,152688.0,152688.0,152688.0,152688.0,0
20180130T,153531.0,153531.0,153531.0,153531.0,0
20180131T,152868.0,152868.0,152868.0,152868.0,0
20180201T,147711.0,147711.0,147711.0,147711.0,0
20180202T,133549.0,133549.0,133549.0,133549.0,0
20180205T,133401.0,133401.0,133401.0,133401.0,0
20180206T,130497.0,130497.0,130497.0,130497.0,0
20180207T,116220.0,116220.0,116220.0,116220.0,0
20180208T,122930.0,122930.0,122930.0,122930.0,0
20180209T,116112.0,116112.0,116112.0,116112.0,0
20180212T,114874.0,114874.0,114874.0,114874.0,0
20180214T,120555.0,120555.0,120555.0,120555.0,0
20180215T,123139.0,123139.0,123139.0,123139.0,0
20180216T,124481.0,124481.0,124481.0,124481.0,0
20180219T,119476.0,119476.0,119476.0,119476.0,0
20180220T,122701.0,122701.0,122701.0,122701.0,0
20180221T,123651.0,123651.0,123651.0,123651.0,0
20180222T,69125.0,69125.0,69125.0,69125.0,0
20180223T,69441.0,69441.0,69441.0,69441.0,0
20180226T,82284.0,82284.0,82284.0,82284.0,0
20180227T,90876.0,90876.0,90876.0,90876.0,0
20180228T,87879.0,87879.0,87879.0,87879.0,0
20180301T,82864.0,82864.0,82864.0,82864.0,0
20180305T,77376.0,77376.0,77376.0,77376.0,0
20180306T,84617.0,84617.0,84617.0,84617.0,0
20180307T,98122.0,98122.0,98122.0,98122.0,0
20180308T,106181.0,106181.0,106181.0,106181.0,0
20180309T,106815.0,106815.0,106815.0,106815.0,0
20180312T,128228.0,128228.0,128228.0,128228.0,0
20180313T,129669.0,129669.0,129669.0,129669.0,0
20180314T,135546.0,135546.0,135546.0,135546.0,0
20180315T,134118.0,134118.0,134118.0,134118.0,0
20180316T,134390.0,134390.0,134390.0,134390.0,0
20180319T,136140.0,136140.0,136140.0,136140.0,0
20180320T,127827.0,127827.0,127827.0,127827.0,0
20180321T,121809.0,121809.0,121809.0,121809.0,0
20180322T,126313.0,126313.0,126313.0,126313.0,0
20180323T,111849.0,111849.0,111849.0,111849.0,0
20180326T,102365.0,102365.0,102365.0,102365.0,0
20180327T,108088.0,108088.0,108088.0,108088.0,0
20180328T,31607.0,31607.0,31607.0,31607.0,0
20180402T,31784.0,31784.0,31784.0,31784.0,0
20180403T,30548.0,30548.0,30548.0,30548.0,0
20180404T,38448.0,38448.0,38448.0,38448.0,0
20180405T,38970.0,38970.0,38970.0,38970.0,0
20180406T,37361.0,37361.0,37361.0,37361.0,0
20180409T,37478.0,37478.0,37478.0,37478.0,0
20180410T,43787.0,43787.0,43787.0,43787.0,0
20180411T,50614.0,50614.0,50614.0,50614.0,0
20180412T,51027.0,51027.0,51027.0,51027.0,0
20180413T,53787.0,53787.0,53787.0,53787.0,0
20180416T,58099.0,58099.0,58099.0,58099.0,0
20180417T,64811.0,64811.0,64811.0,64811.0,0
20180418T,83500.0,83500.0,83500.0,83500.0,0
20180419T,91849.0,91849.0,91849.0,91849.0,0
20180420T,98670.0,98670.0,98670.0,98670.0,0
20180423T,102052.0,102052.0,102052.0,102052.0,0
20180424T,95758.0,95758.0,95758.0,95758.0,0
20180425T,105295.0,105295.0,105295.0,105295.0,0
20180426T,72754.0,72754.0,72754.0,72754.0,0
20180427T,84868.0,84868.0,84868.0,84868.0,0
20180430T,90701.0,90701.0,90701.0,90701.0,0
20180502T,87518.0,87518.0,87518.0,87518.0,0
20180503T,92892.0,92892.0,92892.0,92892.0,0
20180504T,93178.0,93178.0,93178.0,93178.0,0
20180507T,94220.0,94220.0,94220.0,94220.0,0
20180508T,96827.0,96827.0,96827.0,96827.0,0
20180509T,102587.0,102587.0,102587.0,102587.0,0
20180510T,102828.0,102828.0,102828.0,102828.0,0
20180511T,119785.0,119785.0,119785.0,119785.0,0
20180514T,123309.0,123309.0,123309.0,123309.0,0
20180515T,133936.0,133936.0,133936.0,133936.0,0
20180516T,128983.0,128983.0,128983.0,128983.0,0
20180517T,130963.0,130963.0,130963.0,130963.0,0
20180518T,130887.0,130887.0,130887.0,130887.0,0
20180521T,132757.0,132757.0,132757.0,132757.0,0
20180522T,131560.0,131560.0,131560.0,131560.0,0
20180523T,125957.0,125957.0,125957.0,125957.0,0
20180524T,125445.0,125445.0,125445.0,125445.0,0
20180525T,135006.0,135006.0,135006.0,135006.0,0
20180528T,140356.0,140356.0,140356.0,140356.0,0
20180529T,149192.0,149192.0,149192.0,149192.0,0
20180530T,156497.0,156497.0,156497.0,156497.0,0
20180531T,74581.0,74581.0,74581.0,74581.0,0
20180601T,72266.0,72266.0,72266.0,72266.0,0
20180604T,77586.0,77586.0,77586.0,77586.0,0
20180605T,81428.0,81428.0,81428.0,81428.0,0
20180606T,81184.0,81184.0,81184.0,81184.0,0
20180607T,89593.0,89593.0,89593.0,89593.0,0
20180608T,88208.0,88208.0,88208.0,88208.0,0
20180611T,97585.0,97585.0,97585.0,97585.0,0
20180612T,99988.0,99988.0,99988.0,99988.0,0
20180614T,98710.0,98710.0,98710.0,98710.0,0
20180615T,106879.0,106879.0,106879.0,106879.0,0
20180618T,102772.0,102772.0,102772.0,102772.0,0
20180619T,101071.0,101071.0,101071.0,101071.0,0
20180620T,101865.0,101865.0,101865.0,101865.0,0
20180621T,103916.0,103916.0,103916.0,103916.0,0
20180622T,107464.0,107464.0,107464.0,107464.0,0
20180625T,101703.0,101703.0,101703.0,101703.0,0
20180626T,110897.0,110897.0,110897.0,110897.0,0
20180627T,116514.0,116514.0,116514.0,116514.0,0
20180628T,73950.0,73950.0,73950.0,73950.0,0
20180629T,90902.0,90902.0,90902.0,90902.0,0
20180702T,88169.0,88169.0,88169.0,88169.0,0
20180703T,94492.0,94492.0,94492.0,94492.0,0
20180704T,96019.0,96019.0,96019.0,96019.0,0
20180705T,98421.0,98421.0,98421.0,98421.0,0
20180706T,99805.0,99805.0,99805.0,99805.0,0
20180709T,114564.0,114564.0,114564.0,114564.0,0
20180710T,132920.0,132920.0,132920.0,132920.0,0
20180711T,136779.0,136779.0,136779.0,136779.0,0
20180712T,151628.0,151628.0,151628.0,151628.0,0
20180713T,160301.0,160301.0,160301.0,160301.0,0
20180716T,159474.0,159474.0,159474.0,159474.0,0
20180717T,162832.0,162832.0,162832.0,162832.0,0
20180718T,165866.0,165866.0,165866.0,165866.0,0
20180719T,174968.0,174968.0,174968.0,174968.0,0
20180720T,178012.0,178012.0,178012.0,178012.0,0
20180723T,179688.0,179688.0,179688.0,179688.0,0
20180724T,184493.0,184493.0,184493.0,184493.0,0
20180725T,182812.0,182812.0,182812.0,182812.0,0
20180726T,118403.0,118403.0,118403.0,118403.0,0
20180727T,136564.0,136564.0,136564.0,136564.0,0
20180730T,143103.0,143103.0,143103.0,143103.0,0
20180731T,147012.0,147012.0,147012.0,147012.0,0
20180801T,158463.0,158463.0,158463.0,158463.0,0
20180802T,156412.0,156412.0,156412.0,156412.0,0
20180803T,165494.0,165494.0,165494.0,165494.0,0
20180806T,168569.0,168569.0,168569.0,168569.0,0
20180807T,172310.0,172310.0,172310.0,172310.0,0
20180808T,181694.0,181694.0,181694.0,181694.0,0
20180809T,182916.0,182916.0,182916.0,182916.0,0
20180810T,180806.0,180806.0,180806.0,180806.0,0
20180813T,177710.0,177710.0,177710.0,177710.0,0
20180814T,176746.0,176746.0,176746.0,176746.0,0
20180816T,174999.0,174999.0,174999.0,174999.0,0
20180817T,179184.0,179184.0,179184.0,179184.0,0
20180820T,181776.0,181776.0,181776.0,181776.0,0
20180821T,182079.0,182079.0,182079.0,182079.0,0
20180823T,189126.0,189126.0,189126.0,189126.0,0
20180824T,189588.0,189588.0,189588.0,189588.0,0
20180827T,198657.0,198657.0,198657.0,198657.0,0
20180828T,193759.0,193759.0,193759.0,193759.0,0
20180829T,192132.0,192132.0,192132.0,192132.0,0
20180830T,128241.0,128241.0,128241.0,128241.0,0
20180831T,130151.0,130151.0,130151.0,130151.0,0
20180903T,129870.0,129870.0,129870.0,129870.0,0
20180904T,133004.0,133004.0,133004.0,133004.0,0
20180905T,137006.0,137006.0,137006.0,137006.0,0
20180906T,135632.0,135632.0,135632.0,135632.0,0
20180907T,135485.0,135485.0,135485.0,135485.0,0
20180910T,138331.0,138331.0,138331.0,138331.0,0
20180911T,132415.0,132415.0,132415.0,132415.0,0
20180912T,127417.0,127417.0,127417.0,127417.0,0
20180914T,125145.0,125145.0,125145.0,125145.0,0
20180917T,123333.0,123333.0,123333.0,123333.0,0
20180918T,134226.0,134226.0,134226.0,134226.0,0
20180919T,142609.0,142609.0,142609.0,142609.0,0
20180921T,155374.0,155374.0,155374.0,155374.0,0
20180924T,156500.0,156500.0,156500.0,156500.0,0
20180925T,155796.0,155796.0,155796.0,155796.0,0
20180926T,160002.0,160002.0,160002.0,160002.0,0
20180927T,94939.0,94939.0,94939.0,94939.0,0
20180928T,104387.0,104387.0,104387.0,104387.0,0
20181001T,105840.0,105840.0,105840.0,105840.0,0
20181003T,105070.0,105070.0,105070.0,105070.0,0
20181004T,100458.0,100458.0,100458.0,100458.0,0
20181005T,101170.0,101170.0,101170.0,101170.0,0
20181008T,109445.0,109445.0,109445.0,109445.0,0
20181009T,103196.0,103196.0,103196.0,103196.0,0
20181010T,104699.0,104699.0,104699.0,104699.0,0
20181011T,94073.0,94073.0,94073.0,94073.0,0
20181012T,96076.0,96076.0,96076.0,96076.0,0
20181015T,87295.0,87295.0,87295.0,87295.0,0
20181016T,88734.0,88734.0,88734.0,88734.0,0
20181017T,92412.0,92412.0,92412.0,92412.0,0
20181019T,94424.0,94424.0,94424.0,94424.0,0
20181022T,94447.0,94447.0,94447.0,94447.0,0
20181023T,113054.0,113054.0,113054.0,113054.0,0
20181024T,139435.0,139435.0,139435.0,139435.0,0
20181025T,87967.0,87967.0,87967.0,87967.0,0
20181026T,96628.0,96628.0,96628.0,96628.0,0
20181029T,105853.0,105853.0,105853.0,105853.0,0
20181030T,105203.0,105203.0,105203.0,105203.0,0
20181031T,125485.0,125485.0,125485.0,125485.0,0
20181101T,121414.0,121414.0,121414.0,121414.0,0
20181102T,139034.0,139034.0,139034.0,139034.0,0
20181105T,140520.0,140520.0,140520.0,140520.0,0
20181106T,140107.0,140107.0,140107.0,140107.0,0
20181107T,141406.0,141406.0,141406.0,141406.0,0
20181109T,150822.0,150822.0,150822.0,150822.0,0
20181112T,156998.0,156998.0,156998.0,156998.0,0
20181113T,153001.0,153001.0,153001.0,153001.0,0
20181114T,156049.0,156049.0,156049.0,156049.0,0
20181115T,166077.0,166077.0,166077.0,166077.0,0
20181116T,174197.0,174197.0,174197.0,174197.0,0
20181119T,185014.0,185014.0,185014.0,185014.0,0
20181120T,185919.0,185919.0,185919.0,185919.0,0
20181121T,181601.0,181601.0,181601.0,181601.0,0
20181122T,183472.0,183472.0,183472.0,183472.0,0
20181126T,194476.0,194476.0,194476.0,194476.0,0
20181127T,183750.0,183750.0,183750.0,183750.0,0
20181128T,188670.0,188670.0,188670.0,188670.0,0
20181129T,139755.0,139755.0,139755.0,139755.0,0
20181130T,141058.0,141058.0,141058.0,141058.0,0
20181203T,150041.0,150041.0,150041.0,150041.0,0
20181204T,156009.0,156009.0,156009.0,156009.0,0
20181205T,160120.0,160120.0,160120.0,160120.0,0
20181206T,159121.0,159121.0,159121.0,159121.0,0
20181207T,167132.0,167132.0,167132.0,167132.0,0
20181210T,154838.0,154838.0,154838.0,154838.0,0
20181211T,151296.0,151296.0,151296.0,151296.0,0
20181212T,148476.0,148476.0,148476.0,148476.0,0
20181213T,165848.0,165848.0,165848.0,165848.0,0
20181214T,170015.0,170015.0,170015.0,170015.0,0
20181217T,171468.0,171468.0,171468.0,171468.0,0
20181218T,173097.0,173097.0,173097.0,173097.0,0
20181219T,184317.0,184317.0,184317.0,184317.0,0
20181220T,188341.0,188341.0,188341.0,188341.0,0
20181221T,190410.0,190410.0,190410.0,190410.0,0
20181224T,187713.0,187713.0,187713.0,187713.0,0
20181226T,206524.0,206524.0,206524.0,206524.0,0
20181227T,147529.0,147529.0,147529.0,147529.0,0
20181228T,153778.0,153778.0,153778.0,153778.0,0
20181231T,164952.0,164952.0,164952.0,164952.0,0
20190101T,160384.0,160384.0,160384.0,160384.0,0
20190102T,169205.0,169205.0,169205.0,169205.0,0
20190103T,175439.0,175439.0,175439.0,175439.0,0
20190104T,178454.0,178454.0,178454.0,178454.0,0
20190107T,184854.0,184854.0,184854.0,184854.0,0
20190108T,187711.0,187711.0,187711.0,187711.0,0
20190109T,193970.0,193970.0,193970.0,193970.0,0
20190110T,200233.0,200233.0,200233.0,200233.0,0
20190111T,197995.0,197995.0,197995.0,197995.0,0
20190114T,198404.0,198404.0,198404.0,198404.0,0
20190115T,218149.0,218149.0,218149.0,218149.0,0
20190116T,226691.0,226691.0,226691.0,226691.0,0
20190117T,225904.0,225904.0,225904.0,225904.0,0
20190118T,224945.0,224945.0,224945.0,224945.0,0
20190121T,228930.0,228930.0,228930.0,228930.0,0
20190122T,223581.0,223581.0,223581.0,223581.0,0
20190123T,218311.0,218311.0,218311.0,218311.0,0
20190124T,216729.0,216729.0,216729.0,216729.0,0
20190125T,226927.0,226927.0,226927.0,226927.0,0
20190128T,231127.0,231127.0,231127.0,231127.0,0
20190129T,242285.0,242285.0,242285.0,242285.0,0
20190130T,240896.0,240896.0,240896.0,240896.0,0
20190131T,108823.0,108823.0,108823.0,108823.0,0
20190201T,129357.0,129357.0,129357.0,129357.0,0
20190204T,131165.0,131165.0,131165.0,131165.0,0
20190205T,141996.0,141996.0,141996.0,141996.0,0
20190206T,176051.0,176051.0,176051.0,176051.0,0
20190207T,183550.0,183550.0,183550.0,183550.0,0
20190208T,186979.0,186979.0,186979.0,186979.0,0
20190211T,195950.0,195950.0,195950.0,195950.0,0
20190212T,202435.0,202435.0,202435.0,202435.0,0
20190213T,212877.0,212877.0,212877.0,212877.0,0
20190214T,185282.0,185282.0,185282.0,185282.0,0
20190215T,185931.0,185931.0,185931.0,185931.0,0
20190218T,185892.0,185892.0,185892.0,185892.0,0
20190219T,190943.0,190943.0,190943.0,190943.0,0
20190220T,197043.0,197043.0,197043.0,197043.0,0
20190221T,188969.0,188969.0,188969.0,188969.0,0
20190222T,188416.0,188416.0,188416.0,188416.0,0
20190225T,190634.0,190634.0,190634.0,190634.0,0
20190226T,187548.0,187548.0,187548.0,187548.0,0
20190227T,196965.0,196965.0,196965.0,196965.0,0
20190228T,101694.0,101694.0,101694.0,101694.0,0
20190301T,101041.0,101041.0,101041.0,101041.0,0
20190305T,104695.0,104695.0,104695.0,104695.0,0
20190306T,106007.0,106007.0,106007.0,106007.0,0
20190307T,109321.0,109321.0,109321.0,109321.0,0
20190308T,113104.0,113104.0,113104.0,113104.0,0
20190311T,119578.0,119578.0,119578.0,119578.0,0
20190312T,149799.0,149799.0,149799.0,149799.0,0
20190313T,168780.0,168780.0,168780.0,168780.0,0
20190314T,171676.0,171676.0,171676.0,171676.0,0
20190315T,204581.0,204581.0,204581.0,204581.0,0
20190318T,211271.0,211271.0,211271.0,211271.0,0
20190319T,220469.0,220469.0,220469.0,220469.0,0
20190320T,215019.0,215019.0,215019.0,215019.0,0
20190322T,216442.0,216442.0,216442.0,216442.0,0
20190325T,214158.0,214158.0,214158.0,214158.0,0
20190326T,218028.0,218028.0,218028.0,218028.0,0
20190327T,232593.0,232593.0,232593.0,232593.0,0
20190328T,152676.0,152676.0,152676.0,152676.0,0
20190329T,145204.0,145204.0,145204.0,145204.0,0
20190401T,153559.0,153559.0,153559.0,153559.0,0
20190402T,154565.0,154565.0,154565.0,154565.0,0
20190403T,151662.0,151662.0,151662.0,151662.0,0
20190404T,153606.0,153606.0,153606.0,153606.0,0
20190405T,161160.0,161160.0,161160.0,161160.0,0
20190408T,156020.0,156020.0,156020.0,156020.0,0
20190409T,159104.0,159104.0,159104.0,159104.0,0
20190410T,149783.0,149783.0,149783.0,149783.0,0
20190411T,145342.0,145342.0,145342.0,145342.0,0
20190412T,144220.0,144220.0,144220.0,144220.0,0
20190415T,149364.0,149364.0,149364.0,149364.0,0
20190416T,159580.0,159580.0,159580.0,159580.0,0
20190418T,176988.0,176988.0,176988.0,176988.0,0
20190422T,174396.0,174396.0,174396.0,174396.0,0
20190423T,190172.0,190172.0,190172.0,190172.0,0
20190424T,202367.0,202367.0,202367.0,202367.0,0
20190425T,183759.0,183759.0,183759.0,183759.0,0
20190426T,194202.0,194202.0,194202.0,194202.0,0
20190430T,189644.0,189644.0,189644.0,189644.0,0
20190502T,181851.0,181851.0,181851.0,181851.0,0
20190503T,184697.0,184697.0,184697.0,184697.0,0
20190506T,184861.0,184861.0,184861.0,184861.0,0
20190507T,181161.0,181161.0,181161.0,181161.0,0
20190508T,177046.0,177046.0,177046.0,177046.0,0
20190509T,155400.0,155400.0,155400.0,155400.0,0
20190510T,140801.0,140801.0,140801.0,140801.0,0
20190513T,143011.0,143011.0,143011.0,143011.0,0
20190514T,131490.0,131490.0,131490.0,131490.0,0
20190515T,129849.0,129849.0,129849.0,129849.0,0
20190516T,121058.0,121058.0,121058.0,121058.0,0
20190517T,127447.0,127447.0,127447.0,127447.0,0
20190520T,141847.0,141847.0,141847.0,141847.0,0
20190521T,143402.0,143402.0,143402.0,143402.0,0
20190522T,157909.0,157909.0,157909.0,157909.0,0
20190523T,147850.0,147850.0,147850.0,147850.0,0
20190524T,164013.0,164013.0,164013.0,164013.0,0
20190527T,169892.0,169892.0,169892.0,169892.0,0
20190528T,174881.0,174881.0,174881.0,174881.0,0
20190529T,195679.0,195679.0,195679.0,195679.0,0
20190530T,130427.0,130427.0,130427.0,130427.0,0
20190531T,129583.0,129583.0,129583.0,129583.0,0
20190603T,151019.0,151019.0,151019.0,151019.0,0
20190604T,144820.0,144820.0,144820.0,144820.0,0
20190606T,145547.0,145547.0,145547.0,145547.0,0
20190607T,141990.0,141990.0,141990.0,141990.0,0
20190610T,136682.0,136682.0,136682.0,136682.0,0
20190611T,142597.0,142597.0,142597.0,142597.0,0
20190612T,138880.0,138880.0,138880.0,138880.0,0
20190613T,140550.0,140550.0,140550.0,140550.0,0
20190614T,146442.0,146442.0,146442.0,146442.0,0
20190617T,151380.0,151380.0,151380.0,151380.0,0
20190618T,154839.0,154839.0,154839.0,154839.0,0
20190619T,156608.0,156608.0,156608.0,156608.0,0
20190620T,166098.0,166098.0,166098.0,166098.0,0
20190621T,166974.0,166974.0,166974.0,166974.0,0
20190624T,173527.0,173527.0,173527.0,173527.0,0
20190625T,167762.0,167762.0,167762.0,167762.0,0
20190626T,162914.0,162914.0,162914.0,162914.0,0
20190627T,113394.0,113394.0,113394.0,113394.0,0
20190628T,112590.0,112590.0,112590.0,112590.0,0
20190701T,116315.0,116315.0,116315.0,116315.0,0
20190702T,118174.0,118174.0,118174.0,118174.0,0
20190703T,118513.0,118513.0,118513.0,118513.0,0
20190704T,122159.0,122159.0,122159.0,122159.0,0
20190705T,122242.0,122242.0,122242.0,122242.0,0
20190708T,110917.0,110917.0,110917.0,110917.0,0
20190709T,116476.0,116476.0,116476.0,116476.0,0
20190710T,119059.0,119059.0,119059.0,119059.0,0
20190711T,118785.0,118785.0,118785.0,118785.0,0
20190712T,121106.0,121106.0,121106.0,121106.0,0
20190715T,121368.0,121368.0,121368.0,121368.0,0
20190716T,128157.0,128157.0,128157.0,128157.0,0
20190717T,126801.0,126801.0,126801.0,126801.0,0
20190718T,135255.0,135255.0,135255.0,135255.0,0
20190719T,128627.0,128627.0,128627.0,128627.0,0
20190722T,112640.0,112640.0,112640.0,112640.0,0
20190723T,128328.0,128328.0,128328.0,128328.0,0
20190724T,127467.0,127467.0,127467.0,127467.0,0
20190725T,76813.0,76813.0,76813.0,76813.0,0
20190726T,72893.0,72893.0,72893.0,72893.0,0
20190729T,64981.0,64981.0,64981.0,64981.0,0
20190730T,67630.0,67630.0,67630.0,67630.0,0
20190731T,62010.0,62010.0,62010.0,62010.0,0
20190801T,58850.0,58850.0,58850.0,58850.0,0
20190802T,59744.0,59744.0,59744.0,59744.0,0
20190805T,70103.0,70103.0,70103.0,70103.0,0
20190806T,67451.0,67451.0,67451.0,67451.0,0
20190807T,66021.0,66021.0,66021.0,66021.0,0
20190808T,68538.0,68538.0,68538.0,68538.0,0
20190809T,68728.0,68728.0,68728.0,68728.0,0
20190813T,68782.0,68782.0,68782.0,68782.0,0
20190814T,80592.0,80592.0,80592.0,80592.0,0
20190816T,82251.0,82251.0,82251.0,82251.0,0
20190819T,78841.0,78841.0,78841.0,78841.0,0
20190820T,85213.0,85213.0,85213.0,85213.0,0
20190821T,91033.0,91033.0,91033.0,91033.0,0
20190822T,95941.0,95941.0,95941.0,95941.0,0
20190823T,93874.0,93874.0,93874.0,93874.0,0
20190826T,93467.0,93467.0,93467.0,93467.0,0
20190827T,105631.0,105631.0,105631.0,105631.0,0
20190828T,115902.0,115902.0,115902.0,115902.0,0
20190829T,117995.0,117995.0,117995.0,117995.0,0
20190830T,32551.0,32551.0,32551.0,32551.0,0
20190903T,37362.0,37362.0,37362.0,37362.0,0
20190904T,32083.0,32083.0,32083.0,32083.0,0
20190905T,27952.0,27952.0,27952.0,27952.0,0
20190906T,34633.0,34633.0,34633.0,34633.0,0
20190909T,37533.0,37533.0,37533.0,37533.0,0
20190911T,45097.0,45097.0,45097.0,45097.0,0
20190912T,48211.0,48211.0,48211.0,48211.0,0
20190913T,56567.0,56567.0,56567.0,56567.0,0
20190916T,52749.0,52749.0,52749.0,52749.0,0
20190917T,65309.0,65309.0,65309.0,65309.0,0
20190918T,74484.0,74484.0,74484.0,74484.0,0
20190919T,61712.0,61712.0,61712.0,61712.0,0
20190920T,112637.0,112637.0,112637.0,112637.0,0
20190923T,125583.0,125583.0,125583.0,125583.0,0
20190924T,130863.0,130863.0,130863.0,130863.0,0
20190925T,114440.0,114440.0,114440.0,114440.0,0
20190926T,52487.0,52487.0,52487.0,52487.0,0
20190927T,48202.0,48202.0,48202.0,48202.0,0
20190930T,53034.0,53034.0,53034.0,53034.0,0
20191001T,60625.0,60625.0,60625.0,60625.0,0
20191003T,56680.0,56680.0,56680.0,56680.0,0
20191004T,54123.0,54123.0,54123.0,54123.0,0
20191007T,56374.0,56374.0,56374.0,56374.0,0
20191009T,47996.0,47996.0,47996.0,47996.0,0
20191010T,53166.0,53166.0,53166.0,53166.0,0
20191011T,56055.0,56055.0,56055.0,56055.0,0
20191014T,60256.0,60256.0,60256.0,60256.0,0
20191015T,63490.0,63490.0,63490.0,63490.0,0
20191016T,62992.0,62992.0,62992.0,62992.0,0
20191017T,67385.0,67385.0,67385.0,67385.0,0
20191018T,61199.0,61199.0,61199.0,61199.0,0
20191022T,75539.0,75539.0,75539.0,75539.0,0
20191023T,74386.0,74386.0,74386.0,74386.0,0
20191024T,76269.0,76269.0,76269.0,76269.0,0
20191025T,71717.0,71717.0,71717.0,71717.0,0
20191029T,85267.0,85267.0,85267.0,85267.0,0
20191030T,82898.0,82898.0,82898.0,82898.0,0
20191031T,67296.0,67296.0,67296.0,67296.0,0
20191101T,71279.0,71279.0,71279.0,71279.0,0
20191104T,72823.0,72823.0,72823.0,72823.0,0
20191105T,74519.0,74519.0,74519.0,74519.0,0
20191106T,81526.0,81526.0,81526.0,81526.0,0
20191107T,87610.0,87610.0,87610.0,87610.0,0
20191108T,85756.0,85756.0,85756.0,85756.0,0
20191111T,84225.0,84225.0,84225.0,84225.0,0
20191113T,85884.0,85884.0,85884.0,85884.0,0
20191114T,85817.0,85817.0,85817.0,85817.0,0
20191115T,84555.0,84555.0,84555.0,84555.0,0
20191118T,83945.0,83945.0,83945.0,83945.0,0
20191119T,87635.0,87635.0,87635.0,87635.0,0
20191120T,83152.0,83152.0,83152.0,83152.0,0
20191121T,82453.0,82453.0,82453.0,82453.0,0
20191122T,73862.0,73862.0,73862.0,73862.0,0
20191125T,85663.0,85663.0,85663.0,85663.0,0
20191126T,120116.0,120116.0,120116.0,120116.0,0
20191127T,119485.0,119485.0,119485.0,119485.0,0
20191128T,89422.0,89422.0,89422.0,89422.0,0
20191129T,76293.0,76293.0,76293.0,76293.0,0
20191202T,75642.0,75642.0,75642.0,75642.0,0
20191203T,75390.0,75390.0,75390.0,75390.0,0
20191204T,72820.0,72820.0,72820.0,72820.0,0
20191205T,67580.0,67580.0,67580.0,67580.0,0
20191206T,72354.0,72354.0,72354.0,72354.0,0
20191209T,72660.0,72660.0,72660.0,72660.0,0
20191210T,75367.0,75367.0,75367.0,75367.0,0
20191211T,76958.0,76958.0,76958.0,76958.0,0
20191212T,80776.0,80776.0,80776.0,80776.0,0
20191213T,84087.0,84087.0,84087.0,84087.0,0
20191216T,77513.0,77513.0,77513.0,77513.0,0
20191217T,86607.0,86607.0,86607.0,86607.0,0
20191218T,90248.0,90248.0,90248.0,90248.0,0
20191219T,99732.0,99732.0,99732.0,99732.0,0
20191220T,104270.0,104270.0,104270.0,104270.0,0
20191223T,111342.0,111342.0,111342.0,111342.0,0
20191224T,109502.0,109502.0,109502.0,109502.0,0
20191226T,72615.0,72615.0,72615.0,72615.0,0
20191227T,74667.0,74667.0,74667.0,74667.0,0
20191230T,69839.0,69839.0,69839.0,69839.0,0
20191231T,64933.0,64933.0,64933.0,64933.0,0
20200101T,65820.0,65820.0,65820.0,65820.0,0
20200102T,64503.0,64503.0,64503.0,64503.0,0
20200103T,61479.0,61479.0,61479.0,61479.0,0
20200106T,70074.0,70074.0,70074.0,70074.0,0
20200107T,75275.0,75275.0,75275.0,75275.0,0
20200108T,71168.0,71168.0,71168.0,71168.0,0
20200109T,78992.0,78992.0,78992.0,78992.0,0
20200110T,83447.0,83447.0,83447.0,83447.0,0
20200113T,84971.0,84971.0,84971.0,84971.0,0
20200114T,85845.0,85845.0,85845.0,85845.0,0
20200115T,81917.0,81917.0,81917.0,81917.0,0
20200116T,80117.0,80117.0,80117.0,80117.0,0
20200117T,80919.0,80919.0,80919.0,80919.0,0
20200120T,92735.0,92735.0,92735.0,92735.0,0
20200121T,98137.0,98137.0,98137.0,98137.0,0
20200122T,102438.0,102438.0,102438.0,102438.0,0
20200123T,100927.0,100927.0,100927.0,100927.0,0
20200124T,98622.0,98622.0,98622.0,98622.0,0
20200127T,90859.0,90859.0,90859.0,90859.0,0
20200128T,91778.0,91778.0,91778.0,91778.0,0
20200129T,96569.0,96569.0,96569.0,96569.0,0
20200130T,20298.0,20298.0,20298.0,20298.0,0
20200131T,22566.0,22566.0,22566.0,22566.0,0
20200203T,38761.0,38761.0,38761.0,38761.0,0
20200204T,36106.0,36106.0,36106.0,36106.0,0
20200205T,32645.0,32645.0,32645.0,32645.0,0
20200206T,31671.0,31671.0,31671.0,31671.0,0
20200207T,29974.0,29974.0,29974.0,29974.0,0
20200210T,28400.0,28400.0,28400.0,28400.0,0
20200211T,36610.0,36610.0,36610.0,36610.0,0
20200212T,38040.0,38040.0,38040.0,38040.0,0
20200213T,26508.0,26508.0,26508.0,26508.0,0
20200214T,25178.0,25178.0,25178.0,25178.0,0
20200217T,26766.0,26766.0,26766.0,26766.0,0
20200218T,34212.0,34212.0,34212.0,34212.0,0
20200219T,36755.0,36755.0,36755.0,36755.0,0
20200220T,30081.0,30081.0,30081.0,30081.0,0
20200224T,42979.0,42979.0,42979.0,42979.0,0
20200225T,58661.0,58661.0,58661.0,58661.0,0
20200226T,70795.0,70795.0,70795.0,70795.0,0
20200227T,26071.0,26071.0,26071.0,26071.0,0
20200228T,25870.0,25870.0,25870.0,25870.0,0
20200302T,35795.0,35795.0,35795.0,35795.0,0
20200303T,40315.0,40315.0,40315.0,40315.0,0
20200304T,36996.0,36996.0,36996.0,36996.0,0
20200305T,37241.0,37241.0,37241.0,37241.0,0
20200306T,35652.0,35652.0,35652.0,35652.0,0
20200309T,38422.0,38422.0,38422.0,38422.0,0
20200311T,49315.0,49315.0,49315.0,49315.0,0
20200312T,48244.0,48244.0,48244.0,48244.0,0
20200313T,46067.0,46067.0,46067.0,46067.0,0
20200316T,76458.0,76458.0,76458.0,76458.0,0
20200317T,80634.0,80634.0,80634.0,80634.0,0
20200318T,93160.0,93160.0,93160.0,93160.0,0
20200319T,92277.0,92277.0,92277.0,92277.0,0
20200320T,118564.0,118564.0,118564.0,118564.0,0
20200323T,104841.0,104841.0,104841.0,104841.0,0
20200324T,118361.0,118361.0,118361.0,118361.0,0
20200325T,122755.0,122755.0,122755.0,122755.0,0
20200326T,36000.0,36000.0,36000.0,36000.0,0
20200327T,31554.0,31554.0,31554.0,31554.0,0
20200330T,34073.0,34073.0,34073.0,34073.0,0
20200331T,40754.0,40754.0,40754.0,40754.0,0
20200401T,37805.0,37805.0,37805.0,37805.0,0
20200403T,38518.0,38518.0,38518.0,38518.0,0
20200407T,57972.0,57972.0,57972.0,57972.0,0
20200408T,52931.0,52931.0,52931.0,52931.0,0
20200409T,63410.0,63410.0,63410.0,63410.0,0
20200413T,55921.0,55921.0,55921.0,55921.0,0
20200415T,64287.0,64287.0,64287.0,64287.0,0
20200416T,69002.0,69002.0,69002.0,69002.0,0
20200417T,67820.0,67820.0,67820.0,67820.0,0
20200420T,71053.0,71053.0,71053.0,71053.0,0
20200421T,71249.0,71249.0,71249.0,71249.0,0
20200422T,74055.0,74055.0,74055.0,74055.0,0
20200423T,70530.0,70530.0,70530.0,70530.0,0
20200424T,68255.0,68255.0,68255.0,68255.0,0
20200427T,80156.0,80156.0,80156.0,80156.0,0
20200428T,88171.0,88171.0,88171.0,88171.0,0
20200429T,85330.0,85330.0,85330.0,85330.0,0
20200430T,69523.0,69523.0,69523.0,69523.0,0
20200504T,59288.0,59288.0,59288.0,59288.0,0
20200505T,61337.0,61337.0,61337.0,61337.0,0
20200506T,66554.0,66554.0,66554.0,66554.0,0
20200507T,52783.0,52783.0,52783.0,52783.0,0
20200508T,52958.0,52958.0,52958.0,52958.0,0
20200511T,56272.0,56272.0,56272.0,56272.0,0
20200512T,51577.0,51577.0,51577.0,51577.0,0
20200513T,40104.0,40104.0,40104.0,40104.0,0
20200514T,32899.0,32899.0,32899.0,32899.0,0
20200515T,29909.0,29909.0,29909.0,29909.0,0
20200518T,28856.0,28856.0,28856.0,28856.0,0
20200519T,44661.0,44661.0,44661.0,44661.0,0
20200520T,47933.0,47933.0,47933.0,47933.0,0
20200521T,49685.0,49685.0,49685.0,49685.0,0
20200522T,52799.0,52799.0,52799.0,52799.0,0
20200526T,51946.0,51946.0,51946.0,51946.0,0
20200527T,87496.0,87496.0,87496.0,87496.0,0
20200528T,76558.0,76558.0,76558.0,76558.0,0
20200529T,65349.0,65349.0,65349.0,65349.0,0
20200601T,67563.0,67563.0,67563.0,67563.0,0
20200602T,74019.0,74019.0,74019.0,74019.0,0
20200603T,80182.0,80182.0,80182.0,80182.0,0
20200604T,64985.0,64985.0,64985.0,64985.0,0
20200605T,68341.0,68341.0,68341.0,68341.0,0
20200608T,63469.0,63469.0,63469.0,63469.0,0
20200609T,66043.0,66043.0,66043.0,66043.0,0
20200610T,72461.0,72461.0,72461.0,72461.0,0
20200611T,63993.0,63993.0,63993.0,63993.0,0
20200612T,63778.0,63778.0,63778.0,63778.0,0
20200615T,57903.0,57903.0,57903.0,57903.0,0
20200616T,59176.0,59176.0,59176.0,59176.0,0
20200617T,59533.0,59533.0,59533.0,59533.0,0
20200618T,60064.0,60064.0,60064.0,60064.0,0
20200619T,70540.0,70540.0,70540.0,70540.0,0
20200622T,74527.0,74527.0,74527.0,74527.0,0
20200623T,76547.0,76547.0,76547.0,76547.0,0
20200624T,67580.0,67580.0,67580.0,67580.0,0
20200625T,39022.0,39022.0,39022.0,39022.0,0
20200626T,45645.0,45645.0,45645.0,45645.0,0
20200629T,31574.0,31574.0,31574.0,31574.0,0
20200630T,34855.0,34855.0,34855.0,34855.0,0
20200701T,39264.0,39264.0,39264.0,39264.0,0
20200702T,45179.0,45179.0,45179.0,45179.0,0
20200703T,50589.0,50589.0,50589.0,50589.0,0
20200706T,56993.0,56993.0,56993.0,56993.0,0
20200707T,52178.0,52178.0,52178.0,52178.0,0
20200708T,63696.0,63696.0,63696.0,63696.0,0
20200709T,78735.0,78735.0,78735.0,78735.0,0
20200710T,64829.0,64829.0,64829.0,64829.0,0
20200713T,56938.0,56938.0,56938.0,56938.0,0
20200714T,55711.0,55711.0,55711.0,55711.0,0
20200715T,59955.0,59955.0,59955.0,59955.0,0
20200716T,56262.0,56262.0,56262.0,56262.0,0
20200717T,60385.0,60385.0,60385.0,60385.0,0
20200720T,61749.0,61749.0,61749.0,61749.0,0
20200721T,72452.0,72452.0,72452.0,72452.0,0
20200722T,76103.0,76103.0,76103.0,76103.0,0
20200723T,82570.0,82570.0,82570.0,82570.0,0
20200724T,69728.0,69728.0,69728.0,69728.0,0
20200727T,68761.0,68761.0,68761.0,68761.0,0
20200728T,83085.0,83085.0,83085.0,83085.0,0
20200729T,95107.0,95107.0,95107.0,95107.0,0
20200730T,76691.0,76691.0,76691.0,76691.0,0
20200803T,60556.0,60556.0,60556.0,60556.0,0
20200804T,63283.0,63283.0,63283.0,63283.0,0
20200805T,55327.0,55327.0,55327.0,55327.0,0
20200806T,60999.0,60999.0,60999.0,60999.0,0
20200807T,64541.0,64541.0,64541.0,64541.0,0
20200810T,64189.0,64189.0,64189.0,64189.0,0
20200811T,65030.0,65030.0,65030.0,65030.0,0
20200812T,59996.0,59996.0,59996.0,59996.0,0
20200813T,64872.0,64872.0,64872.0,64872.0,0
20200814T,66887.0,66887.0,66887.0,66887.0,0
20200817T,80409.0,80409.0,80409.0,80409.0,0
20200818T,80010.0,80010.0,80010.0,80010.0,0
20200819T,77795.0,77795.0,77795.0,77795.0,0
20200820T,68514.0,68514.0,68514.0,68514.0,0
20200821T,78123.0,78123.0,78123.0,78123.0,0
20200824T,83273.0,83273.0,83273.0,83273.0,0
20200825T,89802.0,89802.0,89802.0,89802.0,0
20200826T,112634.0,112634.0,112634.0,112634.0,0
20200827T,105552.0,105552.0,105552.0,105552.0,0
20200828T,105425.0,105425.0,105425.0,105425.0,0
20200831T,80807.0,80807.0,80807.0,80807.0,0
20200901T,85751.0,85751.0,85751.0,85751.0,0
20200902T,79213.0,79213.0,79213.0,79213.0,0
20200903T,71934.0,71934.0,71934.0,71934.0,0
20200904T,67495.0,67495.0,67495.0,67495.0,0
20200907T,73438.0,73438.0,73438.0,73438.0,0
20200908T,72709.0,72709.0,72709.0,72709.0,0
20200909T,67979.0,67979.0,67979.0,67979.0,0
20200910T,67371.0,67371.0,67371.0,67371.0,0
20200911T,67226.0,67226.0,67226.0,67226.0,0
20200914T,67149.0,67149.0,67149.0,67149.0,0
20200915T,67863.0,67863.0,67863.0,67863.0,0
20200916T,68916.0,68916.0,68916.0,68916.0,0
20200917T,66679.0,66679.0,66679.0,66679.0,0
20200918T,71132.0,71132.0,71132.0,71132.0,0
20200921T,80400.0,80400.0,80400.0,80400.0,0
20200922T,81710.0,81710.0,81710.0,81710.0,0
20200923T,76442.0,76442.0,76442.0,76442.0,0
20200924T,37716.0,37716.0,37716.0,37716.0,0
20200925T,47407.0,47407.0,47407.0,47407.0,0
20200928T,56644.0,56644.0,56644.0,56644.0,0
20200929T,53395.0,53395.0,53395.0,53395.0,0
20200930T,60836.0,60836.0,60836.0,60836.0,0
20201001T,74578.0,74578.0,74578.0,74578.0,0
20201005T,75404.0,75404.0,75404.0,75404.0,0
20201006T,70191.0,70191.0,70191.0,70191.0,0
20201007T,82677.0,82677.0,82677.0,82677.0,0
20201008T,104493.0,104493.0,104493.0,104493.0,0
20201009T,108821.0,108821.0,108821.0,108821.0,0
20201012T,102926.0,102926.0,102926.0,102926.0,0
20201013T,103062.0,103062.0,103062.0,103062.0,0
20201014T,98204.0,98204.0,98204.0,98204.0,0
20201015T,97986.0,97986.0,97986.0,97986.0,0
20201016T,92605.0,92605.0,92605.0,92605.0,0
20201019T,94771.0,94771.0,94771.0,94771.0,0
20201020T,95936.0,95936.0,95936.0,95936.0,0
20201021T,96942.0,96942.0,96942.0,96942.0,0
20201022T,94917.0,94917.0,94917.0,94917.0,0
20201023T,90796.0,90796.0,90796.0,90796.0,0
20201026T,77569.0,77569.0,77569.0,77569.0,0
20201027T,77330.0,77330.0,77330.0,77330.0,0
20201028T,76294.0,76294.0,76294.0,76294.0,0
20201029T,49970.0,49970.0,49970.0,49970.0,0
20201030T,51747.0,51747.0,51747.0,51747.0,0
20201102T,50888.0,50888.0,50888.0,50888.0,0
20201103T,55183.0,55183.0,55183.0,55183.0,0
20201104T,53385.0,53385.0,53385.0,53385.0,0
20201105T,78829.0,78829.0,78829.0,78829.0,0
20201106T,83491.0,83491.0,83491.0,83491.0,0
20201109T,93820.0,93820.0,93820.0,93820.0,0
20201110T,112176.0,112176.0,112176.0,112176.0,0
20201111T,118561.0,118561.0,118561.0,118561.0,0
20201112T,105189.0,105189.0,105189.0,105189.0,0
20201113T,105013.0,105013.0,105013.0,105013.0,0
20201117T,110728.0,110728.0,110728.0,110728.0,0
20201118T,114044.0,114044.0,114044.0,114044.0,0
20201119T,112949.0,112949.0,112949.0,112949.0,0
20201120T,117849.0,117849.0,117849.0,117849.0,0
20201123T,120885.0,120885.0,120885.0,120885.0,0
20201124T,125788.0,125788.0,125788.0,125788.0,0
20201125T,113673.0,113673.0,113673.0,113673.0,0
20201126T,103254.0,103254.0,103254.0,103254.0,0
20201127T,116906.0,116906.0,116906.0,116906.0,0
20201201T,114881.0,114881.0,114881.0,114881.0,0
20201202T,106110.0,106110.0,106110.0,106110.0,0
20201203T,114072.0,114072.0,114072.0,114072.0,0
20201204T,121578.0,121578.0,121578.0,121578.0,0
20201207T,108963.0,108963.0,108963.0,108963.0,0
20201208T,106016.0,106016.0,106016.0,106016.0,0
20201209T,109047.0,109047.0,109047.0,109047.0,0
20201210T,97665.0,97665.0,97665.0,97665.0,0
20201211T,96104.0,96104.0,96104.0,96104.0,0
20201214T,93755.0,93755.0,93755.0,93755.0,0
20201215T,89996.0,89996.0,89996.0,89996.0,0
20201216T,97636.0,97636.0,97636.0,97636.0,0
20201217T,105279.0,105279.0,105279.0,105279.0,0
20201218T,105482.0,105482.0,105482.0,105482.0,0
20201221T,104232.0,104232.0,104232.0,104232.0,0
20201222T,111623.0,111623.0,111623.0,111623.0,0
20201223T,100535.0,100535.0,100535.0,100535.0,0
20201224T,110897.0,110897.0,110897.0,110897.0,0
20201228T,120351.0,120351.0,120351.0,120351.0,0
20201229T,119224.0,119224.0,119224.0,119224.0,0
20201230T,130748.0,130748.0,130748.0,130748.0,0
20201231T,102556.0,102556.0,102556.0,102556.0,0
20210101T,99869.0,99869.0,99869.0,99869.0,0
20210104T,108949.0,108949.0,108949.0,108949.0,0
20210105T,106993.0,106993.0,106993.0,106993.0,0
20210106T,103902.0,103902.0,103902.0,103902.0,0
20210107T,104223.0,104223.0,104223.0,104223.0,0
20210108T,114479.0,114479.0,114479.0,114479.0,0
20210111T,102855.0,102855.0,102855.0,102855.0,0
20210112T,92504.0,92504.0,92504.0,92504.0,0
20210113T,85021.0,85021.0,85021.0,85021.0,0
20210114T,88153.0,88153.0,88153.0,88153.0,0
20210115T,83985.0,83985.0,83985.0,83985.0,0
20210118T,79536.0,79536.0,79536.0,79536.0,0
20210119T,86486.0,86486.0,86486.0,86486.0,0
20210120T,79168.0,79168.0,79168.0,79168.0,0
20210121T,90123.0,90123.0,90123.0,90123.0,0
20210122T,84261.0,84261.0,84261.0,84261.0,0
20210125T,100663.0,100663.0,100663.0,100663.0,0
20210127T,105902.0,105902.0,105902.0,105902.0,0
20210128T,76900.0,76900.0,76900.0,76900.0,0
20210129T,73471.0,73471.0,73471.0,73471.0,0
20210201T,85068.0,85068.0,85068.0,85068.0,0
20210202T,79104.0,79104.0,79104.0,79104.0,0
20210203T,80958.0,80958.0,80958.0,80958.0,0
20210204T,78402.0,78402.0,78402.0,78402.0,0
20210205T,74996.0,74996.0,74996.0,74996.0,0
20210208T,75167.0,75167.0,75167.0,75167.0,0
20210209T,76392.0,76392.0,76392.0,76392.0,0
20210210T,76454.0,76454.0,76454.0,76454.0,0
20210211T,78683.0,78683.0,78683.0,78683.0,0
20210212T,78688.0,78688.0,78688.0,78688.0,0
20210215T,85467.0,85467.0,85467.0,85467.0,0
20210216T,80442.0,80442.0,80442.0,80442.0,0
20210217T,74848.0,74848.0,74848.0,74848.0,0
20210218T,78261.0,78261.0,78261.0,78261.0,0
20210219T,78525.0,78525.0,78525.0,78525.0,0
20210222T,84155.0,84155.0,84155.0,84155.0,0
20210223T,84354.0,84354.0,84354.0,84354.0,0
20210224T,92727.0,92727.0,92727.0,92727.0,0
20210225T,93004.0,93004.0,93004.0,93004.0,0
20210226T,83407.0,83407.0,83407.0,83407.0,0
20210301T,82434.0,82434.0,82434.0,82434.0,0
20210302T,76501.0,76501.0,76501.0,76501.0,0
20210303T,80262.0,80262.0,80262.0,80262.0,0
20210304T,76465.0,76465.0,76465.0,76465.0,0
20210305T,81532.0,81532.0,81532.0,81532.0,0
20210308T,78013.0,78013.0,78013.0,78013.0,0
20210309T,80477.0,80477.0,80477.0,80477.0,0
20210310T,78999.0,78999.0,78999.0,78999.0,0
20210312T,74680.0,74680.0,74680.0,74680.0,0
20210315T,72307.0,72307.0,72307.0,72307.0,0
20210316T,73696.0,73696.0,73696.0,73696.0,0
20210317T,75277.0,75277.0,75277.0,75277.0,0
20210318T,77376.0,77376.0,77376.0,77376.0,0
20210319T,79209.0,79209.0,79209.0,79209.0,0
20210322T,82180.0,82180.0,82180.0,82180.0,0
20210323T,83255.0,83255.0,83255.0,83255.0,0
20210324T,80977.0,80977.0,80977.0,80977.0,0
20210325T,66707.0,66707.0,66707.0,66707.0,0
20210326T,78756.0,78756.0,78756.0,78756.0,0
20210330T,81529.0,81529.0,81529.0,81529.0,0
20210331T,72869.0,72869.0,72869.0,72869.0,0
20210401T,72655.0,72655.0,72655.0,72655.0,0
20210405T,65907.0,65907.0,65907.0,65907.0,0
20210406T,65940.0,65940.0,65940.0,65940.0,0
20210407T,61990.0,61990.0,61990.0,61990.0,0
20210408T,62459.0,62459.0,62459.0,62459.0,0
20210409T,63449.0,63449.0,63449.0,63449.0,0
20210412T,60912.0,60912.0,60912.0,60912.0,0
20210413T,69149.0,69149.0,69149.0,69149.0,0
20210415T,78762.0,78762.0,78762.0,78762.0,0
20210416T,88129.0,88129.0,88129.0,88129.0,0
20210419T,81877.0,81877.0,81877.0,81877.0,0
20210420T,78936.0,78936.0,78936.0,78936.0,0
20210422T,72806.0,72806.0,72806.0,72806.0,0
20210423T,75831.0,75831.0,75831.0,75831.0,0
20210426T,83368.0,83368.0,83368.0,83368.0,0
20210427T,87373.0,87373.0,87373.0,87373.0,0
20210428T,95886.0,95886.0,95886.0,95886.0,0
20210429T,73637.0,73637.0,73637.0,73637.0,0
20210430T,64958.0,64958.0,64958.0,64958.0,0
20210503T,56576.0,56576.0,56576.0,56576.0,0
20210504T,52413.0,52413.0,52413.0,52413.0,0
20210505T,50278.0,50278.0,50278.0,50278.0,0
20210506T,52421.0,52421.0,52421.0,52421.0,0
20210507T,55783.0,55783.0,55783.0,55783.0,0
20210510T,51739.0,51739.0,51739.0,51739.0,0
20210511T,46306.0,46306.0,46306.0,46306.0,0
20210512T,47185.0,47185.0,47185.0,47185.0,0
20210514T,47241.0,47241.0,47241.0,47241.0,0
20210517T,54585.0,54585.0,54585.0,54585.0,0
20210518T,74158.0,74158.0,74158.0,74158.0,0
20210519T,72023.0,72023.0,72023.0,72023.0,0
20210520T,69743.0,69743.0,69743.0,69743.0,0
20210521T,74694.0,74694.0,74694.0,74694.0,0
20210524T,70686.0,70686.0,70686.0,70686.0,0
20210525T,91231.0,91231.0,91231.0,91231.0,0
20210526T,103229.0,103229.0,103229.0,103229.0,0
20210527T,100595.0,100595.0,100595.0,100595.0,0
20210528T,107331.0,107331.0,107331.0,107331.0,0
20210531T,101638.0,101638.0,101638.0,101638.0,0
20210601T,105243.0,105243.0,105243.0,105243.0,0
20210602T,95707.0,95707.0,95707.0,95707.0,0
20210603T,100607.0,100607.0,100607.0,100607.0,0
20210604T,99389.0,99389.0,99389.0,99389.0,0
20210607T,100358.0,100358.0,100358.0,100358.0,0
20210608T,100133.0,100133.0,100133.0,100133.0,0
20210609T,102685.0,102685.0,102685.0,102685.0,0
20210610T,98089.0,98089.0,98089.0,98089.0,0
20210611T,95213.0,95213.0,95213.0,95213.0,0
20210614T,77251.0,77251.0,77251.0,77251.0,0
20210615T,78884.0,78884.0,78884.0,78884.0,0
20210616T,74416.0,74416.0,74416.0,74416.0,0
20210617T,73321.0,73321.0,73321.0,73321.0,0
20210618T,78919.0,78919.0,78919.0,78919.0,0
20210621T,78689.0,78689.0,78689.0,78689.0,0
20210622T,83873.0,83873.0,83873.0,83873.0,0
20210623T,90721.0,90721.0,90721.0,90721.0,0
20210624T,115293.0,115293.0,115293.0,115293.0,0
20210625T,106077.0,106077.0,106077.0,106077.0,0
20210628T,98981.0,98981.0,98981.0,98981.0,0
20210629T,85083.0,85083.0,85083.0,85083.0,0
20210630T,91057.0,91057.0,91057.0,91057.0,0
20210701T,92819.0,92819.0,92819.0,92819.0,0
20210702T,87447.0,87447.0,87447.0,87447.0,0
20210705T,90934.0,90934.0,90934.0,90934.0,0
20210706T,94864.0,94864.0,94864.0,94864.0,0
20210707T,88989.0,88989.0,88989.0,88989.0,0
20210708T,80441.0,80441.0,80441.0,80441.0,0
20210709T,78173.0,78173.0,78173.0,78173.0,0
20210712T,81265.0,81265.0,81265.0,81265.0,0
20210713T,94421.0,94421.0,94421.0,94421.0,0
20210714T,98086.0,98086.0,98086.0,98086.0,0
20210715T,104884.0,104884.0,104884.0,104884.0,0
20210716T,98888.0,98888.0,98888.0,98888.0,0
20210719T,79511.0,79511.0,79511.0,79511.0,0
20210720T,73835.0,73835.0,73835.0,73835.0,0
20210722T,77360.0,77360.0,77360.0,77360.0,0
20210723T,89439.0,89439.0,89439.0,89439.0,0
20210726T,88104.0,88104.0,88104.0,88104.0,0
20210727T,91040.0,91040.0,91040.0,91040.0,0
20210728T,88789.0,88789.0,88789.0,88789.0,0
20210729T,108444.0,108444.0,108444.0,108444.0,0
20210730T,92880.0,92880.0,92880.0,92880.0,0
20210802T,101643.0,101643.0,101643.0,101643.0,0
20210803T,120637.0,120637.0,120637.0,120637.0,0
20210804T,120181.0,120181.0,120181.0,120181.0,0
20210805T,119773.0,119773.0,119773.0,119773.0,0
20210806T,119224.0,119224.0,119224.0,119224.0,0
20210809T,118310.0,118310.0,118310.0,118310.0,0
20210810T,121469.0,121469.0,121469.0,121469.0,0
20210811T,113387.0,113387.0,113387.0,113387.0,0
20210812T,116625.0,116625.0,116625.0,116625.0,0
20210813T,127384.0,127384.0,127384.0,127384.0,0
20210816T,126314.0,126314.0,126314.0,126314.0,0
20210817T,122432.0,122432.0,122432.0,122432.0,0
20210818T,129488.0,129488.0,129488.0,129488.0,0
20210820T,116316.0,116316.0,116316.0,116316.0,0
20210823T,115919.0,115919.0,115919.0,115919.0,0
20210824T,131749.0,131749.0,131749.0,131749.0,0
20210825T,144357.0,144357.0,144357.0,144357.0,0
20210826T,108128.0,108128.0,108128.0,108128.0,0
20210827T,113263.0,113263.0,113263.0,113263.0,0
20210830T,119003.0,119003.0,119003.0,119003.0,0
20210831T,117425.0,117425.0,117425.0,117425.0,0
20210901T,110489.0,110489.0,110489.0,110489.0,0
20210902T,116403.0,116403.0,116403.0,116403.0,0
20210903T,116333.0,116333.0,116333.0,116333.0,0
20210906T,120117.0,120117.0,120117.0,120117.0,0
20210907T,115946.0,115946.0,115946.0,115946.0,0
20210908T,116740.0,116740.0,116740.0,116740.0,0
20210909T,107336.0,107336.0,107336.0,107336.0,0
20210913T,106465.0,106465.0,106465.0,106465.0,0
20210914T,105113.0,105113.0,105113.0,105113.0,0
20210915T,108670.0,108670.0,108670.0,108670.0,0
20210916T,106944.0,106944.0,106944.0,106944.0,0
20210917T,120450.0,120450.0,120450.0,120450.0,0
20210920T,103903.0,103903.0,103903.0,103903.0,0
20210921T,109290.0,109290.0,109290.0,109290.0,0
20210922T,100798.0,100798.0,100798.0,100798.0,0
20210923T,99553.0,99553.0,99553.0,99553.0,0
20210924T,97317.0,97317.0,97317.0,97317.0,0
20210927T,107911.0,107911.0,107911.0,107911.0,0
20210928T,107126.0,107126.0,107126.0,107126.0,0
20210929T,99190.0,99190.0,99190.0,99190.0,0
20210930T,95309.0,95309.0,95309.0,95309.0,0
20211001T,96153.0,96153.0,96153.0,96153.0,0
20211004T,84369.0,84369.0,84369.0,84369.0,0
20211005T,76841.0,76841.0,76841.0,76841.0,0
20211006T,76241.0,76241.0,76241.0,76241.0,0
20211007T,74387.0,74387.0,74387.0,74387.0,0
20211008T,74298.0,74298.0,74298.0,74298.0,0
20211011T,84816.0,84816.0,84816.0,84816.0,0
20211012T,76584.0,76584.0,76584.0,76584.0,0
20211013T,88346.0,88346.0,88346.0,88346.0,0
20211014T,99875.0,99875.0,99875.0,99875.0,0
20211018T,94942.0,94942.0,94942.0,94942.0,0
20211019T,117364.0,117364.0,117364.0,117364.0,0
20211020T,116602.0,116602.0,116602.0,116602.0,0
20211021T,106146.0,106146.0,106146.0,106146.0,0
20211022T,98870.0,98870.0,98870.0,98870.0,0
20211025T,99101.0,99101.0,99101.0,99101.0,0
20211026T,98504.0,98504.0,98504.0,98504.0,0
20211027T,94602.0,94602.0,94602.0,94602.0,0
20211028T,79356.0,79356.0,79356.0,79356.0,0
20211029T,88598.0,88598.0,88598.0,88598.0,0
20211101T,89904.0,89904.0,89904.0,89904.0,0
20211102T,77353.0,77353.0,77353.0,77353.0,0
20211103T,82546.0,82546.0,82546.0,82546.0,0
20211108T,97016.0,97016.0,97016.0,97016.0,0
20211109T,75629.0,75629.0,75629.0,75629.0,0
20211110T,74244.0,74244.0,74244.0,74244.0,0
20211111T,80979.0,80979.0,80979.0,80979.0,0
20211112T,95292.0,95292.0,95292.0,95292.0,0
20211115T,94579.0,94579.0,94579.0,94579.0,0
20211116T,90415.0,90415.0,90415.0,90415.0,0
20211117T,93248.0,93248.0,93248.0,93248.0,0
20211118T,97376.0,97376.0,97376.0,97376.0,0
20211122T,99451.0,99451.0,99451.0,99451.0,0
20211123T,105000.0,105000.0,105000.0,105000.0,0
20211124T,114794.0,114794.0,114794.0,114794.0,0
20211125T,119675.0,119675.0,119675.0,119675.0,0
20211126T,98247.0,98247.0,98247.0,98247.0,0
20211129T,115225.0,115225.0,115225.0,115225.0,0
20211130T,126715.0,126715.0,126715.0,126715.0,0
20211201T,133624.0,133624.0,133624.0,133624.0,0
20211202T,135245.0,135245.0,135245.0,135245.0,0
20211203T,114465.0,114465.0,114465.0,114465.0,0
20211206T,108307.0,108307.0,108307.0,108307.0,0
20211207T,123253.0,123253.0,123253.0,123253.0,0
20211208T,126249.0,126249.0,126249.0,126249.0,0
20211209T,124380.0,124380.0,124380.0,124380.0,0
20211210T,109437.0,109437.0,109437.0,109437.0,0
20211213T,108191.0,108191.0,108191.0,108191.0,0
20211214T,104561.0,104561.0,104561.0,104561.0,0
20211215T,101793.0,101793.0,101793.0,101793.0,0
20211216T,101763.0,101763.0,101763.0,101763.0,0
20211217T,99901.0,99901.0,99901.0,99901.0,0
20211220T,89318.0,89318.0,89318.0,89318.0,0
20211221T,98975.0,98975.0,98975.0,98975.0,0
20211222T,94213.0,94213.0,94213.0,94213.0,0
20211223T,104489.0,104489.0,104489.0,104489.0,0
20211224T,104203.0,104203.0,104203.0,104203.0,0
20211227T,103502.0,103502.0,103502.0,103502.0,0
20211228T,105468.0,105468.0,105468.0,105468.0,0
20211229T,112319.0,112319.0,112319.0,112319.0,0
20211230T,111504.0,111504.0,111504.0,111504.0,0
20211231T,122392.0,122392.0,122392.0,122392.0,0
20220103T,127535.0,127535.0,127535.0,127535.0,0
20220104T,127794.0,127794.0,127794.0,127794.0,0
20220105T,131306.0,131306.0,131306.0,131306.0,0
20220106T,107018.0,107018.0,107018.0,107018.0,0
20220107T,106802.0,106802.0,106802.0,106802.0,0
20220110T,107888.0,107888.0,107888.0,107888.0,0
20220111T,98591.0,98591.0,98591.0,98591.0,0
20220112T,102568.0,102568.0,102568.0,102568.0,0
20220113T,120235.0,120235.0,120235.0,120235.0,0
20220114T,113719.0,113719.0,113719.0,113719.0,0
20220117T,107845.0,107845.0,107845.0,107845.0,0
20220118T,99782.0,99782.0,99782.0,99782.0,0
20220119T,92681.0,92681.0,92681.0,92681.0,0
20220120T,82487.0,82487.0,82487.0,82487.0,0
20220121T,80070.0,80070.0,80070.0,80070.0,0
20220124T,72506.0,72506.0,72506.0,72506.0,0
20220125T,81391.0,81391.0,81391.0,81391.0,0
20220127T,42913.0,42913.0,42913.0,42913.0,0
20220128T,40493.0,40493.0,40493.0,40493.0,0
20220131T,43305.0,43305.0,43305.0,43305.0,0
20220201T,46449.0,46449.0,46449.0,46449.0,0
20220202T,57454.0,57454.0,57454.0,57454.0,0
20220203T,56850.0,56850.0,56850.0,56850.0,0
20220204T,58713.0,58713.0,58713.0,58713.0,0
20220207T,57966.0,57966.0,57966.0,57966.0,0
20220208T,59811.0,59811.0,59811.0,59811.0,0
20220209T,62826.0,62826.0,62826.0,62826.0,0
20220210T,75970.0,75970.0,75970.0,75970.0,0
20220211T,69583.0,69583.0,69583.0,69583.0,0
20220214T,72004.0,72004.0,72004.0,72004.0,0
20220215T,88289.0,88289.0,88289.0,88289.0,0
20220216T,98201.0,98201.0,98201.0,98201.0,0
20220217T,110868.0,110868.0,110868.0,110868.0,0
20220218T,116656.0,116656.0,116656.0,116656.0,0
20220221T,113899.0,113899.0,113899.0,113899.0,0
20220222T,115330.0,115330.0,115330.0,115330.0,0
20220223T,120317.0,120317.0,120317.0,120317.0,0
20220224T,81815.0,81815.0,81815.0,81815.0,0
20220225T,93287.0,93287.0,93287.0,93287.0,0
20220228T,95164.0,95164.0,95164.0,95164.0,0
20220302T,90253.0,90253.0,90253.0,90253.0,0
20220303T,95033.0,95033.0,95033.0,95033.0,0
20220304T,92739.0,92739.0,92739.0,92739.0,0
20220307T,94204.0,94204.0,94204.0,94204.0,0
20220308T,97317.0,97317.0,97317.0,97317.0,0
20220309T,103170.0,103170.0,103170.0,103170.0,0
20220310T,99859.0,99859.0,99859.0,99859.0,0
20220311T,98871.0,98871.0,98871.0,98871.0,0
20220314T,102870.0,102870.0,102870.0,102870.0,0
20220315T,93097.0,93097.0,93097.0,93097.0,0
20220316T,90695.0,90695.0,90695.0,90695.0,0
20220317T,128787.0,128787.0,128787.0,128787.0,0
20220321T,124653.0,124653.0,124653.0,124653.0,0
20220322T,132238.0,132238.0,132238.0,132238.0,0
20220323T,128453.0,128453.0,128453.0,128453.0,0
20220324T,125272.0,125272.0,125272.0,125272.0,0
20220325T,123032.0,123032.0,123032.0,123032.0,0
20220328T,123986.0,123986.0,123986.0,123986.0,0
20220329T,131993.0,131993.0,131993.0,131993.0,0
20220330T,134038.0,134038.0,134038.0,134038.0,0
20220331T,100411.0,100411.0,100411.0,100411.0,0
20220401T,103468.0,103468.0,103468.0,103468.0,0
20220404T,112411.0,112411.0,112411.0,112411.0,0
20220405T,112311.0,112311.0,112311.0,112311.0,0
20220406T,110655.0,110655.0,110655.0,110655.0,0
20220407T,95861.0,95861.0,95861.0,95861.0,0
20220408T,91889.0,91889.0,91889.0,91889.0,0
20220411T,77836.0,77836.0,77836.0,77836.0,0
20220412T,71201.0,71201.0,71201.0,71201.0,0
20220413T,65013.0,65013.0,65013.0,65013.0,0
20220418T,61905.0,61905.0,61905.0,61905.0,0
20220419T,66907.0,66907.0,66907.0,66907.0,0
20220420T,64527.0,64527.0,64527.0,64527.0,0
20220421T,70692.0,70692.0,70692.0,70692.0,0
20220422T,64929.0,64929.0,64929.0,64929.0,0
20220425T,73692.0,73692.0,73692.0,73692.0,0
20220426T,78182.0,78182.0,78182.0,78182.0,0
20220427T,58824.0,58824.0,58824.0,58824.0,0
20220428T,37386.0,37386.0,37386.0,37386.0,0
20220429T,39150.0,39150.0,39150.0,39150.0,0
20220502T,38304.0,38304.0,38304.0,38304.0,0
20220504T,36835.0,36835.0,36835.0,36835.0,0
20220505T,38562.0,38562.0,38562.0,38562.0,0
20220506T,36450.0,36450.0,36450.0,36450.0,0
20220509T,41441.0,41441.0,41441.0,41441.0,0
20220510T,38497.0,38497.0,38497.0,38497.0,0
20220511T,38599.0,38599.0,38599.0,38599.0,0
20220512T,31806.0,31806.0,31806.0,31806.0,0
20220513T,40685.0,40685.0,40685.0,40685.0,0
20220516T,51199.0,51199.0,51199.0,51199.0,0
20220517T,49902.0,49902.0,49902.0,49902.0,0
20220518T,50928.0,50928.0,50928.0,50928.0,0
20220519T,54218.0,54218.0,54218.0,54218.0,0
20220520T,71416.0,71416.0,71416.0,71416.0,0
20220523T,67567.0,67567.0,67567.0,67567.0,0
20220524T,68085.0,68085.0,68085.0,68085.0,0
20220525T,85197.0,85197.0,85197.0,85197.0,0
20220526T,66395.0,66395.0,66395.0,66395.0,0
20220527T,71165.0,71165.0,71165.0,71165.0,0
20220530T,83968.0,83968.0,83968.0,83968.0,0
20220531T,76339.0,76339.0,76339.0,76339.0,0
20220601T,68792.0,68792.0,68792.0,68792.0,0
20220602T,54502.0,54502.0,54502.0,54502.0,0
20220603T,49417.0,49417.0,49417.0,49417.0,0
20220606T,54706.0,54706.0,54706.0,54706.0,0
20220607T,44005.0,44005.0,44005.0,44005.0,0
20220608T,40587.0,40587.0,40587.0,40587.0,0
20220609T,37905.0,37905.0,37905.0,37905.0,0
20220610T,35052.0,35052.0,35052.0,35052.0,0
20220613T,19379.0,19379.0,19379.0,19379.0,0
20220614T,17706.0,17706.0,17706.0,17706.0,0
20220615T,18589.0,18589.0,18589.0,18589.0,0
20220616T,22061.0,22061.0,22061.0,22061.0,0
20220617T,26029.0,26029.0,26029.0,26029.0,0
20220620T,29164.0,29164.0,29164.0,29164.0,0
20220621T,43870.0,43870.0,43870.0,43870.0,0
20220622T,43904.0,43904.0,43904.0,43904.0,0
20220623T,51125.0,51125.0,51125.0,51125.0,0
20220624T,53203.0,53203.0,53203.0,53203.0,0
20220627T,44966.0,44966.0,44966.0,44966.0,0
20220628T,49399.0,49399.0,49399.0,49399.0,0
20220629T,30858.0,30858.0,30858.0,30858.0,0
20220630T,21804.0,21804.0,21804.0,21804.0,0
20220701T,25146.0,25146.0,25146.0,25146.0,0
20220704T,23325.0,23325.0,23325.0,23325.0,0
20220705T,26414.0,26414.0,26414.0,26414.0,0
20220706T,35883.0,35883.0,35883.0,35883.0,0
20220707T,37356.0,37356.0,37356.0,37356.0,0
20220708T,37822.0,37822.0,37822.0,37822.0,0
20220711T,38235.0,38235.0,38235.0,38235.0,0
20220712T,33660.0,33660.0,33660.0,33660.0,0
20220713T,29650.0,29650.0,29650.0,29650.0,0
20220714T,26390.0,26390.0,26390.0,26390.0,0
20220715T,26732.0,26732.0,26732.0,26732.0,0
20220718T,26363.0,26363.0,26363.0,26363.0,0
20220719T,30830.0,30830.0,30830.0,30830.0,0
20220720T,36344.0,36344.0,36344.0,36344.0,0
20220721T,53795.0,53795.0,53795.0,53795.0,0
20220722T,58738.0,58738.0,58738.0,58738.0,0
20220725T,54485.0,54485.0,54485.0,54485.0,0
20220726T,44881.0,44881.0,44881.0,44881.0,0
20220727T,71749.0,71749.0,71749.0,71749.0,0
20220728T,66520.0,66520.0,66520.0,66520.0,0
20220729T,77505.0,77505.0,77505.0,77505.0,0
20220801T,103158.0,103158.0,103158.0,103158.0,0
20220802T,80085.0,80085.0,80085.0,80085.0,0
20220803T,74959.0,74959.0,74959.0,74959.0,0
20220804T,71061.0,71061.0,71061.0,71061.0,0
20220805T,80383.0,80383.0,80383.0,80383.0,0
20220808T,86635.0,86635.0,86635.0,86635.0,0
20220810T,77819.0,77819.0,77819.0,77819.0,0
20220811T,85288.0,85288.0,85288.0,85288.0,0
20220812T,93503.0,93503.0,93503.0,93503.0,0
20220816T,97350.0,97350.0,97350.0,97350.0,0
20220817T,105646.0,105646.0,105646.0,105646.0,0
20220818T,97232.0,97232.0,97232.0,97232.0,0
20220819T,93581.0,93581.0,93581.0,93581.0,0
20220822T,87239.0,87239.0,87239.0,87239.0,0
20220823T,86982.0,86982.0,86982.0,86982.0,0
20220824T,73606.0,73606.0,73606.0,73606.0,0
20220825T,37225.0,37225.0,37225.0,37225.0,0
20220826T,36659.0,36659.0,36659.0,36659.0,0
20220829T,34775.0,34775.0,34775.0,34775.0,0
20220830T,42869.0,42869.0,42869.0,42869.0,0
20220901T,36264.0,36264.0,36264.0,36264.0,0
20220902T,26358.0,26358.0,26358.0,26358.0,0
20220905T,30147.0,30147.0,30147.0,30147.0,0
20220906T,25534.0,25534.0,25534.0,25534.0,0
20220907T,26947.0,26947.0,26947.0,26947.0,0
20220908T,33609.0,33609.0,33609.0,33609.0,0
20220909T,29944.0,29944.0,29944.0,29944.0,0
20220912T,34045.0,34045.0,34045.0,34045.0,0
20220913T,40432.0,40432.0,40432.0,40432.0,0
20220914T,35541.0,35541.0,35541.0,35541.0,0
20220915T,30388.0,30388.0,30388.0,30388.0,0
20220916T,37554.0,37554.0,37554.0,37554.0,0
20220919T,40029.0,40029.0,40029.0,40029.0,0
20220920T,42871.0,42871.0,42871.0,42871.0,0
20220921T,41084.0,41084.0,41084.0,41084.0,0
20220922T,42550.0,42550.0,42550.0,42550.0,0
20220923T,34394.0,34394.0,34394.0,34394.0,0
20220926T,37247.0,37247.0,37247.0,37247.0,0
20220927T,37338.0,37338.0,37338.0,37338.0,0
20220928T,61279.0,61279.0,61279.0,61279.0,0
20220929T,21708.0,21708.0,21708.0,21708.0,0
20220930T,26414.0,26414.0,26414.0,26414.0,0
20221003T,23266.0,23266.0,23266.0,23266.0,0
20221004T,28809.0,28809.0,28809.0,28809.0,0
20221006T,30435.0,30435.0,30435.0,30435.0,0
20221007T,31978.0,31978.0,31978.0,31978.0,0
20221010T,30660.0,30660.0,30660.0,30660.0,0
20221011T,25140.0,25140.0,25140.0,25140.0,0
20221012T,34065.0,34065.0,34065.0,34065.0,0
20221013T,33806.0,33806.0,33806.0,33806.0,0
20221014T,38374.0,38374.0,38374.0,38374.0,0
20221017T,39381.0,39381.0,39381.0,39381.0,0
20221018T,44117.0,44117.0,44117.0,44117.0,0
20221019T,45697.0,45697.0,45697.0,45697.0,0
20221020T,48897.0,48897.0,48897.0,48897.0,0
20221021T,59630.0,59630.0,59630.0,59630.0,0
20221025T,61020.0,61020.0,61020.0,61020.0,0
20221027T,74828.0,74828.0,74828.0,74828.0,0
20221028T,74816.0,74816.0,74816.0,74816.0,0
20221031T,80720.0,80720.0,80720.0,80720.0,0
20221101T,94223.0,94223.0,94223.0,94223.0,0
20221102T,84543.0,84543.0,84543.0,84543.0,0
20221103T,88280.0,88280.0,88280.0,88280.0,0
20221104T,90344.0,90344.0,90344.0,90344.0,0
20221107T,93015.0,93015.0,93015.0,93015.0,0
20221109T,96202.0,96202.0,96202.0,96202.0,0
20221110T,91776.0,91776.0,91776.0,91776.0,0
20221111T,108258.0,108258.0,108258.0,108258.0,0
20221114T,103538.0,103538.0,103538.0,103538.0,0
20221115T,106942.0,106942.0,106942.0,106942.0,0
20221116T,119655.0,119655.0,119655.0,119655.0,0
20221117T,116729.0,116729.0,116729.0,116729.0,0
20221118T,115442.0,115442.0,115442.0,115442.0,0
20221121T,106819.0,106819.0,106819.0,106819.0,0
20221122T,112116.0,112116.0,112116.0,112116.0,0
20221123T,123278.0,123278.0,123278.0,123278.0,0
20221124T,126557.0,126557.0,126557.0,126557.0,0
20221125T,124150.0,124150.0,124150.0,124150.0,0
20221128T,139957.0,139957.0,139957.0,139957.0,0
20221129T,144937.0,144937.0,144937.0,144937.0,0
20221130T,152091.0,152091.0,152091.0,152091.0,0
20221201T,145008.0,145008.0,145008.0,145008.0,0
20221202T,116671.0,116671.0,116671.0,116671.0,0
20221205T,115374.0,115374.0,115374.0,115374.0,0
20221206T,109768.0,109768.0,109768.0,109768.0,0
20221207T,104209.0,104209.0,104209.0,104209.0,0
20221208T,107891.0,107891.0,107891.0,107891.0,0
20221209T,101239.0,101239.0,101239.0,101239.0,0
20221212T,101171.0,101171.0,101171.0,101171.0,0
20221213T,104007.0,104007.0,104007.0,104007.0,0
20221214T,103186.0,103186.0,103186.0,103186.0,0
20221215T,93499.0,93499.0,93499.0,93499.0,0
20221216T,93064.0,93064.0,93064.0,93064.0,0
20221219T,91451.0,91451.0,91451.0,91451.0,0
20221220T,77755.0,77755.0,77755.0,77755.0,0
20221221T,74288.0,74288.0,74288.0,74288.0,0
20221222T,73036.0,73036.0,73036.0,73036.0,0
20221223T,72466.0,72466.0,72466.0,72466.0,0
20221226T,70619.0,70619.0,70619.0,70619.0,0
20221227T,65974.0,65974.0,65974.0,65974.0,0
20221228T,66554.0,66554.0,66554.0,66554.0,0
20221229T,61505.0,61505.0,61505.0,61505.0,0
20221230T,59856.0,59856.0,59856.0,59856.0,0
20230102T,57929.0,57929.0,57929.0,57929.0,0
20230103T,58593.0,58593.0,58593.0,58593.0,0
20230104T,53136.0,53136.0,53136.0,53136.0,0
20230105T,58131.0,58131.0,58131.0,58131.0,0
20230106T,60503.0,60503.0,60503.0,60503.0,0
20230109T,67679.0,67679.0,67679.0,67679.0,0
20230110T,67850.0,67850.0,67850.0,67850.0,0
20230111T,63676.0,63676.0,63676.0,63676.0,0
20230112T,61007.0,61007.0,61007.0,61007.0,0
20230113T,66920.0,66920.0,66920.0,66920.0,0
20230116T,64335.0,64335.0,64335.0,64335.0,0
20230117T,68630.0,68630.0,68630.0,68630.0,0
20230118T,78543.0,78543.0,78543.0,78543.0,0
20230119T,76223.0,76223.0,76223.0,76223.0,0
20230120T,85656.0,85656.0,85656.0,85656.0,0
20230123T,85169.0,85169.0,85169.0,85169.0,0
20230124T,86660.0,86660.0,86660.0,86660.0,0
20230125T,38098.0,38098.0,38098.0,38098.0,0
20230127T,30308.0,30308.0,30308.0,30308.0,0
20230130T,21921.0,21921.0,21921.0,21921.0,0
20230131T,25416.0,25416.0,25416.0,25416.0,0
20230201T,26071.0,26071.0,26071.0,26071.0,0
20230202T,27882.0,27882.0,27882.0,27882.0,0
20230203T,26215.0,26215.0,26215.0,26215.0,0
20230206T,24788.0,24788.0,24788.0,24788.0,0
20230207T,25925.0,25925.0,25925.0,25925.0,0
20230208T,29691.0,29691.0,29691.0,29691.0,0
20230209T,29628.0,29628.0,29628.0,29628.0,0
20230210T,29039.0,29039.0,29039.0,29039.0,0
20230213T,29245.0,29245.0,29245.0,29245.0,0
20230214T,36278.0,36278.0,36278.0,36278.0,0
20230215T,35353.0,35353.0,35353.0,35353.0,0
20230216T,36723.0,36723.0,36723.0,36723.0,0
20230217T,35187.0,35187.0,35187.0,35187.0,0
20230220T,34613.0,34613.0,34613.0,34613.0,0
20230221T,34297.0,34297.0,34297.0,34297.0,0
20230222T,44758.0,44758.0,44758.0,44758.0,0
20230223T,33087.0,33087.0,33087.0,33087.0,0
20230224T,30396.0,30396.0,30396.0,30396.0,0
20230227T,31152.0,31152.0,31152.0,31152.0,0
20230228T,28698.0,28698.0,28698.0,28698.0,0
20230301T,35780.0,35780.0,35780.0,35780.0,0
20230302T,27603.0,27603.0,27603.0,27603.0,0
20230303T,38737.0,38737.0,38737.0,38737.0,0
20230306T,39356.0,39356.0,39356.0,39356.0,0
20230308T,39068.0,39068.0,39068.0,39068.0,0
20230309T,35670.0,35670.0,35670.0,35670.0,0
20230310T,28873.0,28873.0,28873.0,28873.0,0
20230313T,29991.0,29991.0,29991.0,29991.0,0
20230314T,26089.0,26089.0,26089.0,26089.0,0
20230315T,22389.0,22389.0,22389.0,22389.0,0
20230316T,23793.0,23793.0,23793.0,23793.0,0
20230317T,21983.0,21983.0,21983.0,21983.0,0
20230320T,20265.0,20265.0,20265.0,20265.0,0
20230321T,19790.0,19790.0,19790.0,19790.0,0
20230322T,18014.0,18014.0,18014.0,18014.0,0
20230323T,26474.0,26474.0,26474.0,26474.0,0
20230324T,33280.0,33280.0,33280.0,33280.0,0
20230327T,38889.0,38889.0,38889.0,38889.0,0
20230328T,36305.0,36305.0,36305.0,36305.0,0
20230329T,15502.0,15502.0,15502.0,15502.0,0
20230331T,19492.0,19492.0,19492.0,19492.0,0
20230403T,21884.0,21884.0,21884.0,21884.0,0
20230405T,28071.0,28071.0,28071.0,28071.0,0
20230406T,30180.0,30180.0,30180.0,30180.0,0
20230410T,33072.0,33072.0,33072.0,33072.0,0
20230411T,39733.0,39733.0,39733.0,39733.0,0
20230412T,47450.0,47450.0,47450.0,47450.0,0
20230413T,52502.0,52502.0,52502.0,52502.0,0
20230417T,49096.0,49096.0,49096.0,49096.0,0
20230418T,49424.0,49424.0,49424.0,49424.0,0
20230419T,49925.0,49925.0,49925.0,49925.0,0
20230420T,53020.0,53020.0,53020.0,53020.0,0
20230421T,57969.0,57969.0,57969.0,57969.0,0
20230424T,68139.0,68139.0,68139.0,68139.0,0
20230425T,67248.0,67248.0,67248.0,67248.0,0
20230426T,75499.0,75499.0,75499.0,75499.0,0
20230427T,47290.0,47290.0,47290.0,47290.0,0
20230428T,54105.0,54105.0,54105.0,54105.0,0
20230502T,76792.0,76792.0,76792.0,76792.0,0
20230503T,69645.0,69645.0,69645.0,69645.0,0
20230504T,70769.0,70769.0,70769.0,70769.0,0
20230505T,73061.0,73061.0,73061.0,73061.0,0
20230508T,84435.0,84435.0,84435.0,84435.0,0
20230509T,84889.0,84889.0,84889.0,84889.0,0
20230510T,89266.0,89266.0,89266.0,89266.0,0
20230511T,90266.0,90266.0,90266.0,90266.0,0
20230512T,85811.0,85811.0,85811.0,85811.0,0
20230515T,96229.0,96229.0,96229.0,96229.0,0
20230516T,99886.0,99886.0,99886.0,99886.0,0
20230517T,97773.0,97773.0,97773.0,97773.0,0
20230518T,102277.0,102277.0,102277.0,102277.0,0
20230519T,100044.0,100044.0,100044.0,100044.0,0
20230522T,106261.0,106261.0,106261.0,106261.0,0
20230523T,117062.0,117062.0,117062.0,117062.0,0
20230524T,117321.0,117321.0,117321.0,117321.0,0
20230525T,71613.0,71613.0,71613.0,71613.0,0
20230526T,84490.0,84490.0,84490.0,84490.0,0
20230529T,87407.0,87407.0,87407.0,87407.0,0
20230530T,91417.0,91417.0,91417.0,91417.0,0
20230531T,73269.0,73269.0,73269.0,73269.0,0
20230601T,62412.0,62412.0,62412.0,62412.0,0
20230602T,68557.0,68557.0,68557.0,68557.0,0
20230605T,74545.0,74545.0,74545.0,74545.0,0
20230606T,61134.0,61134.0,61134.0,61134.0,0
20230607T,75467.0,75467.0,75467.0,75467.0,0
20230608T,80924.0,80924.0,80924.0,80924.0,0
20230609T,74217.0,74217.0,74217.0,74217.0,0
20230612T,72725.0,72725.0,72725.0,72725.0,0
20230613T,76969.0,76969.0,76969.0,76969.0,0
20230614T,88187.0,88187.0,88187.0,88187.0,0
20230615T,90358.0,90358.0,90358.0,90358.0,0
20230616T,98720.0,98720.0,98720.0,98720.0,0
20230619T,91087.0,91087.0,91087.0,91087.0,0
20230620T,89927.0,89927.0,89927.0,89927.0,0
20230621T,87804.0,87804.0,87804.0,87804.0,0
20230622T,93926.0,93926.0,93926.0,93926.0,0
20230623T,91127.0,91127.0,91127.0,91127.0,0
20230626T,93419.0,93419.0,93419.0,93419.0,0
20230627T,135532.0,135532.0,135532.0,135532.0,0
20230628T,113489.0,113489.0,113489.0,113489.0,0
20230630T,130505.0,130505.0,130505.0,130505.0,0
20230703T,133559.0,133559.0,133559.0,133559.0,0
20230704T,147379.0,147379.0,147379.0,147379.0,0
20230705T,152548.0,152548.0,152548.0,152548.0,0
20230706T,162973.0,162973.0,162973.0,162973.0,0
20230707T,157829.0,157829.0,157829.0,157829.0,0
20230710T,155474.0,155474.0,155474.0,155474.0,0
20230711T,154170.0,154170.0,154170.0,154170.0,0
20230712T,155977.0,155977.0,155977.0,155977.0,0
20230713T,155754.0,155754.0,155754.0,155754.0,0
20230714T,153563.0,153563.0,153563.0,153563.0,0
20230717T,158035.0,158035.0,158035.0,158035.0,0
20230718T,162508.0,162508.0,162508.0,162508.0,0
20230719T,161985.0,161985.0,161985.0,161985.0,0
20230720T,178291.0,178291.0,178291.0,178291.0,0
20230721T,169572.0,169572.0,169572.0,169572.0,0
20230724T,167937.0,167937.0,167937.0,167937.0,0
20230725T,163055.0,163055.0,163055.0,163055.0,0
20230726T,170083.0,170083.0,170083.0,170083.0,0
20230727T,113483.0,113483.0,113483.0,113483.0,0
20230728T,100929.0,100929.0,100929.0,100929.0,0
20230731T,99922.0,99922.0,99922.0,99922.0,0
20230801T,98094.0,98094.0,98094.0,98094.0,0
20230802T,89084.0,89084.0,89084.0,89084.0,0
20230803T,81471.0,81471.0,81471.0,81471.0,0
20230804T,91419.0,91419.0,91419.0,91419.0,0
20230807T,85227.0,85227.0,85227.0,85227.0,0
20230808T,84083.0,84083.0,84083.0,84083.0,0
20230809T,78645.0,78645.0,78645.0,78645.0,0
20230810T,75157.0,75157.0,75157.0,75157.0,0
20230811T,74213.0,74213.0,74213.0,74213.0,0
20230814T,74553.0,74553.0,74553.0,74553.0,0
20230816T,75671.0,75671.0,75671.0,75671.0,0
20230817T,78216.0,78216.0,78216.0,78216.0,0
20230818T,79921.0,79921.0,79921.0,79921.0,0
20230821T,81898.0,81898.0,81898.0,81898.0,0
20230822T,79736.0,79736.0,79736.0,79736.0,0
20230823T,86078.0,86078.0,86078.0,86078.0,0
20230824T,82416.0,82416.0,82416.0,82416.0,0
20230825T,82414.0,82414.0,82414.0,82414.0,0
20230828T,97955.0,97955.0,97955.0,97955.0,0
20230829T,115100.0,115100.0,115100.0,115100.0,0
20230830T,123873.0,123873.0,123873.0,123873.0,0
20230831T,85391.0,85391.0,85391.0,85391.0,0
20230901T,83804.0,83804.0,83804.0,83804.0,0
20230904T,81814.0,81814.0,81814.0,81814.0,0
20230905T,81896.0,81896.0,81896.0,81896.0,0
20230906T,81446.0,81446.0,81446.0,81446.0,0
20230907T,90615.0,90615.0,90615.0,90615.0,0
20230908T,92978.0,92978.0,92978.0,92978.0,0
20230911T,101288.0,101288.0,101288.0,101288.0,0
20230912T,112002.0,112002.0,112002.0,112002.0,0
20230913T,122728.0,122728.0,122728.0,122728.0,0
20230914T,127098.0,127098.0,127098.0,127098.0,0
20230915T,129879.0,129879.0,129879.0,129879.0,0
20230918T,126026.0,126026.0,126026.0,126026.0,0
20230920T,95607.0,95607.0,95607.0,95607.0,0
20230921T,98667.0,98667.0,98667.0,98667.0,0
20230922T,97366.0,97366.0,97366.0,97366.0,0
20230925T,96423.0,96423.0,96423.0,96423.0,0
20230926T,92035.0,92035.0,92035.0,92035.0,0
20230927T,91843.0,91843.0,91843.0,91843.0,0
20230928T,44912.0,44912.0,44912.0,44912.0,0
20230929T,41164.0,41164.0,41164.0,41164.0,0
20231003T,39837.0,39837.0,39837.0,39837.0,0
20231004T,47600.0,47600.0,47600.0,47600.0,0
20231005T,49316.0,49316.0,49316.0,49316.0,0
20231006T,49152.0,49152.0,49152.0,49152.0,0
20231009T,49824.0,49824.0,49824.0,49824.0,0
20231010T,47113.0,47113.0,47113.0,47113.0,0
20231011T,48913.0,48913.0,48913.0,48913.0,0
20231012T,47088.0,47088.0,47088.0,47088.0,0
20231013T,48404.0,48404.0,48404.0,48404.0,0
20231016T,47065.0,47065.0,47065.0,47065.0,0
20231017T,49384.0,49384.0,49384.0,49384.0,0
20231018T,56446.0,56446.0,56446.0,56446.0,0
20231019T,55432.0,55432.0,55432.0,55432.0,0
20231020T,48137.0,48137.0,48137.0,48137.0,0
20231023T,49521.0,49521.0,49521.0,49521.0,0
20231025T,51061.0,51061.0,51061.0,51061.0,0
20231026T,21138.0,21138.0,21138.0,21138.0,0
20231027T,24923.0,24923.0,24923.0,24923.0,0
20231030T,25955.0,25955.0,25955.0,25955.0,0
20231031T,29053.0,29053.0,29053.0,29053.0,0
20231101T,34665.0,34665.0,34665.0,34665.0,0
20231102T,40725.0,40725.0,40725.0,40725.0,0
20231103T,44516.0,44516.0,44516.0,44516.0,0
20231106T,48601.0,48601.0,48601.0,48601.0,0
20231107T,47112.0,47112.0,47112.0,47112.0,0
20231108T,48244.0,48244.0,48244.0,48244.0,0
20231109T,47877.0,47877.0,47877.0,47877.0,0
20231110T,42786.0,42786.0,42786.0,42786.0,0
20231113T,44071.0,44071.0,44071.0,44071.0,0
20231115T,48659.0,48659.0,48659.0,48659.0,0
20231116T,52879.0,52879.0,52879.0,52879.0,0
20231117T,47738.0,47738.0,47738.0,47738.0,0
20231120T,45501.0,45501.0,45501.0,45501.0,0
20231121T,48968.0,48968.0,48968.0,48968.0,0
20231122T,52714.0,52714.0,52714.0,52714.0,0
20231123T,49694.0,49694.0,49694.0,49694.0,0
20231124T,53959.0,53959.0,53959.0,53959.0,0
20231128T,59519.0,59519.0,59519.0,59519.0,0
20231129T,79047.0,79047.0,79047.0,79047.0,0
20231130T,71456.0,71456.0,71456.0,71456.0,0
20231201T,78388.0,78388.0,78388.0,78388.0,0
20231204T,101304.0,101304.0,101304.0,101304.0,0
20231205T,118081.0,118081.0,118081.0,118081.0,0
20231206T,130109.0,130109.0,130109.0,130109.0,0
20231207T,135508.0,135508.0,135508.0,135508.0,0
20231208T,137884.0,137884.0,137884.0,137884.0,0
20231211T,138936.0,138936.0,138936.0,138936.0,0
20231212T,153862.0,153862.0,153862.0,153862.0,0
20231213T,144200.0,144200.0,144200.0,144200.0,0
20231214T,145178.0,145178.0,145178.0,145178.0,0
20231215T,153414.0,153414.0,153414.0,153414.0,0
20231218T,154317.0,154317.0,154317.0,154317.0,0
20231219T,165520.0,165520.0,165520.0,165520.0,0
20231220T,183121.0,183121.0,183121.0,183121.0,0
20231221T,179902.0,179902.0,179902.0,179902.0,0
20231222T,179023.0,179023.0,179023.0,179023.0,0
20231226T,173295.0,173295.0,173295.0,173295.0,0
20231227T,184334.0,184334.0,184334.0,184334.0,0
20231228T,145233.0,145233.0,145233.0,145233.0,0
20231229T,149713.0,149713.0,149713.0,149713.0,0
20240101T,148654.0,148654.0,148654.0,148654.0,0
20240102T,150027.0,150027.0,150027.0,150027.0,0
20240103T,148146.0,148146.0,148146.0,148146.0,0
20240104T,148523.0,148523.0,148523.0,148523.0,0
20240105T,151352.0,151352.0,151352.0,151352.0,0
20240108T,152854.0,152854.0,152854.0,152854.0,0
20240109T,164765.0,164765.0,164765.0,164765.0,0
20240110T,158987.0,158987.0,158987.0,158987.0,0
20240111T,158011.0,158011.0,158011.0,158011.0,0
20240112T,158057.0,158057.0,158057.0,158057.0,0
20240115T,168754.0,168754.0,168754.0,168754.0,0
20240116T,167618.0,167618.0,167618.0,167618.0,0
20240117T,133378.0,133378.0,133378.0,133378.0,0
20240118T,125972.0,125972.0,125972.0,125972.0,0
20240119T,124833.0,124833.0,124833.0,124833.0,0
20240123T,126211.0,126211.0,126211.0,126211.0,0
20240124T,131082.0,131082.0,131082.0,131082.0,0
20240125T,42771.0,42771.0,42771.0,42771.0,0
20240129T,48167.0,48167.0,48167.0,48167.0,0
20240130T,46249.0,46249.0,46249.0,46249.0,0
20240131T,64525.0,64525.0,64525.0,64525.0,0
20240201T,67523.0,67523.0,67523.0,67523.0,0
20240202T,69557.0,69557.0,69557.0,69557.0,0
20240205T,81398.0,81398.0,81398.0,81398.0,0
20240206T,88590.0,88590.0,88590.0,88590.0,0
20240207T,88281.0,88281.0,88281.0,88281.0,0
20240208T,87405.0,87405.0,87405.0,87405.0,0
20240209T,90876.0,90876.0,90876.0,90876.0,0
20240212T,92567.0,92567.0,92567.0,92567.0,0
20240213T,98261.0,98261.0,98261.0,98261.0,0
20240214T,103459.0,103459.0,103459.0,103459.0,0
20240215T,101343.0,101343.0,101343.0,101343.0,0
20240216T,111842.0,111842.0,111842.0,111842.0,0
20240219T,116489.0,116489.0,116489.0,116489.0,0
20240220T,120958.0,120958.0,120958.0,120958.0,0
20240221T,130909.0,130909.0,130909.0,130909.0,0
20240223T,129896.0,129896.0,129896.0,129896.0,0
20240226T,135063.0,135063.0,135063.0,135063.0,0
20240227T,142334.0,142334.0,142334.0,142334.0,0
20240228T,141858.0,141858.0,141858.0,141858.0,0
20240229T,68757.0,68757.0,68757.0,68757.0,0
20240301T,72084.0,72084.0,72084.0,72084.0,0
20240304T,79148.0,79148.0,79148.0,79148.0,0
20240305T,78694.0,78694.0,78694.0,78694.0,0
20240306T,89321.0,89321.0,89321.0,89321.0,0
20240307T,86929.0,86929.0,86929.0,86929.0,0
20240311T,83947.0,83947.0,83947.0,83947.0,0
20240312T,91508.0,91508.0,91508.0,91508.0,0
20240313T,89080.0,89080.0,89080.0,89080.0,0
20240314T,93279.0,93279.0,93279.0,93279.0,0
20240315T,86574.0,86574.0,86574.0,86574.0,0
20240318T,86715.0,86715.0,86715.0,86715.0,0
20240319T,79616.0,79616.0,79616.0,79616.0,0
20240320T,79298.0,79298.0,79298.0,79298.0,0
20240321T,86956.0,86956.0,86956.0,86956.0,0
20240322T,81266.0,81266.0,81266.0,81266.0,0
20240326T,73285.0,73285.0,73285.0,73285.0,0
20240327T,76268.0,76268.0,76268.0,76268.0,0
20240328T,103470.0,103470.0,103470.0,103470.0,0
20240401T,108819.0,108819.0,108819.0,108819.0,0
20240402T,114069.0,114069.0,114069.0,114069.0,0
20240403T,111937.0,111937.0,111937.0,111937.0,0
20240404T,102662.0,102662.0,102662.0,102662.0,0
20240405T,102506.0,102506.0,102506.0,102506.0,0
20240408T,112855.0,112855.0,112855.0,112855.0,0
20240409T,133230.0,133230.0,133230.0,133230.0,0
20240410T,174756.0,174756.0,174756.0,174756.0,0
20240412T,158405.0,158405.0,158405.0,158405.0,0
20240415T,138553.0,138553.0,138553.0,138553.0,0
20240416T,125923.0,125923.0,125923.0,125923.0,0
20240418T,99564.0,99564.0,99564.0,99564.0,0
20240419T,124179.0,124179.0,124179.0,124179.0,0
20240422T,116259.0,116259.0,116259.0,116259.0,0
20240423T,119088.0,119088.0,119088.0,119088.0,0
20240424T,105760.0,105760.0,105760.0,105760.0,0
20240425T,93833.0,93833.0,93833.0,93833.0,0
20240426T,116391.0,116391.0,116391.0,116391.0,0
20240429T,153681.0,153681.0,153681.0,153681.0,0
20240430T,201097.0,201097.0,201097.0,201097.0,0
20240502T,214437.0,214437.0,214437.0,214437.0,0
20240503T,161677.0,161677.0,161677.0,161677.0,0
20240506T,175857.0,175857.0,175857.0,175857.0,0
20240507T,163876.0,163876.0,163876.0,163876.0,0
20240508T,152860.0,152860.0,152860.0,152860.0,0
20240509T,150955.0,150955.0,150955.0,150955.0,0
20240510T,171136.0,171136.0,171136.0,171136.0,0
20240513T,187660.0,187660.0,187660.0,187660.0,0
20240514T,166242.0,166242.0,166242.0,166242.0,0
20240515T,150948.0,150948.0,150948.0,150948.0,0
20240516T,143255.0,143255.0,143255.0,143255.0,0
20240517T,158679.0,158679.0,158679.0,158679.0,0
20240521T,182230.0,182230.0,182230.0,182230.0,0
20240522T,176282.0,176282.0,176282.0,176282.0,0
20240523T,262404.0,262404.0,262404.0,262404.0,0
20240524T,310192.0,310192.0,310192.0,310192.0,0
20240527T,312846.0,312846.0,312846.0,312846.0,0
20240528T,323480.0,323480.0,323480.0,323480.0,0
20240529T,257730.0,257730.0,257730.0,257730.0,0
20240530T,51620.0,51620.0,51620.0,51620.0,0
20240531T,62284.0,62284.0,62284.0,62284.0,0
20240603T,128017.0,128017.0,128017.0,128017.0,0
20240604T,60817.0,60817.0,60817.0,60817.0,0
20240605T,83806.0,83806.0,83806.0,83806.0,0
20240606T,75079.0,75079.0,75079.0,75079.0,0
20240607T,139931.0,139931.0,139931.0,139931.0,0
20240610T,156437.0,156437.0,156437.0,156437.0,0
20240611T,171885.0,171885.0,171885.0,171885.0,0
20240612T,193118.0,193118.0,193118.0,193118.0,0
20240613T,220308.0,220308.0,220308.0,220308.0,0
20240614T,231456.0,231456.0,231456.0,231456.0,0
20240618T,246244.0,246244.0,246244.0,246244.0,0
20240619T,289349.0,289349.0,289349.0,289349.0,0
20240620T,305029.0,305029.0,305029.0,305029.0,0
20240621T,302724.0,302724.0,302724.0,302724.0,0
20240624T,330858.0,330858.0,330858.0,330858.0,0
20240625T,378004.0,378004.0,378004.0,378004.0,0
20240626T,400618.0,400618.0,400618.0,400618.0,0
20240627T,411066.0,411066.0,411066.0,411066.0,0
20240628T,440244.0,440244.0,440244.0,440244.0,0
20240701T,443366.0,443366.0,443366.0,443366.0,0
20240702T,443680.0,443680.0,443680.0,443680.0,0
20240703T,471102.0,471102.0,471102.0,471102.0,0
20240704T,486382.0,486382.0,486382.0,486382.0,0
20240705T,476055.0,476055.0,476055.0,476055.0,0
20240708T,468797.0,468797.0,468797.0,468797.0,0
20240709T,479327.0,479327.0,479327.0,479327.0,0
20240710T,453115.0,453115.0,453115.0,453115.0,0
20240711T,425753.0,425753.0,425753.0,425753.0,0
20240712T,442399.0,442399.0,442399.0,442399.0,0
20240715T,459690.0,459690.0,459690.0,459690.0,0
20240716T,455157.0,455157.0,455157.0,455157.0,0
20240718T,513008.0,513008.0,513008.0,513008.0,0
20240719T,489283.0,489283.0,489283.0,489283.0,0
20240722T,476829.0,476829.0,476829.0,476829.0,0
20240723T,441562.0,441562.0,441562.0,441562.0,0
20240724T,438666.0,438666.0,438666.0,438666.0,0
20240725T,262243.0,262243.0,262243.0,262243.0,0
20240726T,326678.0,326678.0,326678.0,326678.0,0
20240729T,321947.0,321947.0,321947.0,321947.0,0
20240730T,324153.0,324153.0,324153.0,324153.0,0
20240731T,319067.0,319067.0,319067.0,319067.0,0
20240801T,337499.0,337499.0,337499.0,337499.0,0
20240802T,336062.0,336062.0,336062.0,336062.0,0
20240805T,324939.0,324939.0,324939.0,324939.0,0
20240806T,305277.0,305277.0,305277.0,305277.0,0
20240807T,300216.0,300216.0,300216.0,300216.0,0
20240808T,268276.0,268276.0,268276.0,268276.0,0
20240809T,271393.0,271393.0,271393.0,271393.0,0
20240812T,266312.0,266312.0,266312.0,266312.0,0
20240813T,261196.0,261196.0,261196.0,261196.0,0
20240814T,261114.0,261114.0,261114.0,261114.0,0
20240816T,279636.0,279636.0,279636.0,279636.0,0
20240819T,275278.0,275278.0,275278.0,275278.0,0
20240820T,283734.0,283734.0,283734.0,283734.0,0
20240821T,281160.0,281160.0,281160.0,281160.0,0
20240822T,283337.0,283337.0,283337.0,283337.0,0
20240823T,291135.0,291135.0,291135.0,291135.0,0
20240826T,308522.0,308522.0,308522.0,308522.0,0
20240827T,325809.0,325809.0,325809.0,325809.0,0
20240828T,358331.0,358331.0,358331.0,358331.0,0
20240829T,373947.0,373947.0,373947.0,373947.0,0
20240830T,399075.0,399075.0,399075.0,399075.0,0
20240902T,408720.0,408720.0,408720.0,408720.0,0
20240903T,415094.0,415094.0,415094.0,415094.0,0
20240904T,408535.0,408535.0,408535.0,408535.0,0
20240905T,393437.0,393437.0,393437.0,393437.0,0
20240906T,356479.0,356479.0,356479.0,356479.0,0
20240909T,355666.0,355666.0,355666.0,355666.0,0
20240910T,357004.0,357004.0,357004.0,357004.0,0
20240911T,354524.0,354524.0,354524.0,354524.0,0
20240912T,402674.0,402674.0,402674.0,402674.0,0
20240913T,405213.0,405213.0,405213.0,405213.0,0
20240916T,406141.0,406141.0,406141.0,406141.0,0
20240917T,412734.0,412734.0,412734.0,412734.0,0
20240918T,433451.0,433451.0,433451.0,433451.0,0
20240919T,426551.0,426551.0,426551.0,426551.0,0
20240920T,525502.0,525502.0,525502.0,525502.0,0
20240923T,538431.0,538431.0,538431.0,538431.0,0
20240924T,548313.0,548313.0,548313.0,548313.0,0
20240925T,523481.0,523481.0,523481.0,523481.0,0
20240926T,449102.0,449102.0,449102.0,449102.0,0
20240927T,467414.0,467414.0,467414.0,467414.0,0
20240930T,443666.0,443666.0,443666.0,443666.0,0
20241001T,429647.0,429647.0,429647.0,429647.0,0
20241003T,331756.0,331756.0,331756.0,331756.0,0
20241004T,304662.0,304662.0,304662.0,304662.0,0
20241007T,259401.0,259401.0,259401.0,259401.0,0
20241008T,245042.0,245042.0,245042.0,245042.0,0
20241009T,214566.0,214566.0,214566.0,214566.0,0
20241010T,190809.0,190809.0,190809.0,190809.0,0
20241011T,190569.0,190569.0,190569.0,190569.0,0
20241014T,183529.0,183529.0,183529.0,183529.0,0
20241015T,178874.0,178874.0,178874.0,178874.0,0
20241016T,170276.0,170276.0,170276.0,170276.0,0
20241017T,164379.0,164379.0,164379.0,164379.0,0
20241018T,165441.0,165441.0,165441.0,165441.0,0
20241021T,162044.0,162044.0,162044.0,162044.0,0
20241022T,156307.0,156307.0,156307.0,156307.0,0
20241023T,159701.0,159701.0,159701.0,159701.0,0
20241024T,170416.0,170416.0,170416.0,170416.0,0
20241025T,178849.0,178849.0,178849.0,178849.0,0
20241028T,192641.0,192641.0,192641.0,192641.0,0
20241029T,184030.0,184030.0,184030.0,184030.0,0
20241030T,151650.0,151650.0,151650.0,151650.0,0
20241031T,61521.0,61521.0,61521.0,61521.0,0
20241104T,71681.0,71681.0,71681.0,71681.0,0
20241105T,85528.0,85528.0,85528.0,85528.0,0
20241106T,83187.0,83187.0,83187.0,83187.0,0
20241107T,83698.0,83698.0,83698.0,83698.0,0
20241108T,82969.0,82969.0,82969.0,82969.0,0
20241111T,85802.0,85802.0,85802.0,85802.0,0
20241112T,86641.0,86641.0,86641.0,86641.0,0
20241113T,85875.0,85875.0,85875.0,85875.0,0
20241114T,92998.0,92998.0,92998.0,92998.0,0
20241118T,97834.0,97834.0,97834.0,97834.0,0
20241119T,99713.0,99713.0,99713.0,99713.0,0
20241121T,99807.0,99807.0,99807.0,99807.0,0
20241122T,129293.0,129293.0,129293.0,129293.0,0
20241125T,150611.0,150611.0,150611.0,150611.0,0
20241126T,142108.0,142108.0,142108.0,142108.0,0
20241127T,156979.0,156979.0,156979.0,156979.0,0
20241128T,112880.0,112880.0,112880.0,112880.0,0
20241129T,112318.0,112318.0,112318.0,112318.0,0
20241202T,116731.0,116731.0,116731.0,116731.0,0
20241203T,123612.0,123612.0,123612.0,123612.0,0
20241204T,132697.0,132697.0,132697.0,132697.0,0
20241205T,160638.0,160638.0,160638.0,160638.0,0
20241206T,163290.0,163290.0,163290.0,163290.0,0
20241209T,162875.0,162875.0,162875.0,162875.0,0
20241210T,156406.0,156406.0,156406.0,156406.0,0
20241211T,156850.0,156850.0,156850.0,156850.0,0
20241212T,135205.0,135205.0,135205.0,135205.0,0
20241213T,139706.0,139706.0,139706.0,139706.0,0
20241216T,128318.0,128318.0,128318.0,128318.0,0
20241217T,119667.0,119667.0,119667.0,119667.0,0
20241218T,116654.0,116654.0,116654.0,116654.0,0
20241219T,116414.0,116414.0,116414.0,116414.0,0
20241220T,123125.0,123125.0,123125.0,123125.0,0
20241223T,122450.0,122450.0,122450.0,122450.0,0
20241224T,78880.0,78880.0,78880.0,78880.0,0
20241226T,45149.0,45149.0,45149.0,45149.0,0
20241227T,45536.0,45536.0,45536.0,45536.0,0
20241230T,39562.0,39562.0,39562.0,39562.0,0
20241231T,41776.0,41776.0,41776.0,41776.0,0
20250101T,43499.0,43499.0,43499.0,43499.0,0
20250102T,64885.0,64885.0,64885.0,64885.0,0
20250103T,60264.0,60264.0,60264.0,60264.0,0
20250106T,62822.0,62822.0,62822.0,62822.0,0
20250107T,72461.0,72461.0,72461.0,72461.0,0
20250108T,74043.0,74043.0,74043.0,74043.0,0
20250109T,64037.0,64037.0,64037.0,64037.0,0
20250110T,64563.0,64563.0,64563.0,64563.0,0
20250113T,66012.0,66012.0,66012.0,66012.0,0
20250114T,73366.0,73366.0,73366.0,73366.0,0
20250115T,76241.0,76241.0,76241.0,76241.0,0
20250116T,75660.0,75660.0,75660.0,75660.0,0
20250117T,75904.0,75904.0,75904.0,75904.0,0
20250120T,86413.0,86413.0,86413.0,86413.0,0
20250121T,91228.0,91228.0,91228.0,91228.0,0
20250122T,94786.0,94786.0,94786.0,94786.0,0
20250123T,98795.0,98795.0,98795.0,98795.0,0
20250124T,105790.0,105790.0,105790.0,105790.0,0
20250127T,113308.0,113308.0,113308.0,113308.0,0
20250128T,117497.0,117497.0,117497.0,117497.0,0
20250129T,110646.0,110646.0,110646.0,110646.0,0
20250130T,24718.0,24718.0,24718.0,24718.0,0
20250131T,27141.0,27141.0,27141.0,27141.0,0
20250203T,24408.0,24408.0,24408.0,24408.0,0
20250204T,38700.0,38700.0,38700.0,38700.0,0
20250205T,42167.0,42167.0,42167.0,42167.0,0
20250206T,38444.0,38444.0,38444.0,38444.0,0
20250207T,38229.0,38229.0,38229.0,38229.0,0
20250210T,36690.0,36690.0,36690.0,36690.0,0
20250211T,36747.0,36747.0,36747.0,36747.0,0
20250212T,40458.0,40458.0,40458.0,40458.0,0
20250213T,42684.0,42684.0,42684.0,42684.0,0
20250214T,43202.0,43202.0,43202.0,43202.0,0
20250217T,44423.0,44423.0,44423.0,44423.0,0
20250218T,43508.0,43508.0,43508.0,43508.0,0
20250219T,44770.0,44770.0,44770.0,44770.0,0
20250220T,43775.0,43775.0,43775.0,43775.0,0
20250221T,41129.0,41129.0,41129.0,41129.0,0
20250224T,44402.0,44402.0,44402.0,44402.0,0
20250225T,51630.0,51630.0,51630.0,51630.0,0
20250227T,41784.0,41784.0,41784.0,41784.0,0
20250228T,41136.0,41136.0,41136.0,41136.0,0
20250303T,43895.0,43895.0,43895.0,43895.0,0
20250304T,46943.0,46943.0,46943.0,46943.0,0
20250305T,48788.0,48788.0,48788.0,48788.0,0
20250306T,51135.0,51135.0,51135.0,51135.0,0
20250307T,51584.0,51584.0,51584.0,51584.0,0
20250310T,51147.0,51147.0,51147.0,51147.0,0
20250311T,51820.0,51820.0,51820.0,51820.0,0
20250312T,51136.0,51136.0,51136.0,51136.0,0
20250313T,55534.0,55534.0,55534.0,55534.0,0
20250317T,58092.0,58092.0,58092.0,58092.0,0
20250318T,65115.0,65115.0,65115.0,65115.0,0
20250319T,74278.0,74278.0,74278.0,74278.0,0
20250320T,81120.0,81120.0,81120.0,81120.0,0
20250321T,84446.0,84446.0,84446.0,84446.0,0
20250324T,85847.0,85847.0,85847.0,85847.0,0
20250325T,87457.0,87457.0,87457.0,87457.0,0
20250326T,85611.0,85611.0,85611.0,85611.0,0
20250327T,60054.0,60054.0,60054.0,60054.0,0
20250328T,57268.0,57268.0,57268.0,57268.0,0
20250401T,52618.0,52618.0,52618.0,52618.0,0
20250402T,57222.0,57222.0,57222.0,57222.0,0
20250403T,55484.0,55484.0,55484.0,55484.0,0
20250404T,59842.0,59842.0,59842.0,59842.0,0
20250407T,54417.0,54417.0,54417.0,54417.0,0
20250408T,51486.0,51486.0,51486.0,51486.0,0
20250409T,44013.0,44013.0,44013.0,44013.0,0
20250411T,52112.0,52112.0,52112.0,52112.0,0
20250415T,56255.0,56255.0,56255.0,56255.0,0
20250416T,56156.0,56156.0,56156.0,56156.0,0
20250417T,60033.0,60033.0,60033.0,60033.0,0
20250421T,66585.0,66585.0,66585.0,66585.0,0
20250422T,67276.0,67276.0,67276.0,67276.0,0
20250423T,68912.0,68912.0,68912.0,68912.0,0
20250424T,55516.0,55516.0,55516.0,55516.0,0
20250425T,53607.0,53607.0,53607.0,53607.0,0
20250428T,62890.0,62890.0,62890.0,62890.0,0
20250429T,69575.0,69575.0,69575.0,69575.0,0
20250430T,75093.0,75093.0,75093.0,75093.0,0
20250502T,76566.0,76566.0,76566.0,76566.0,0
20250505T,79468.0,79468.0,79468.0,79468.0,0
20250506T,84387.0,84387.0,84387.0,84387.0,0
20250507T,83473.0,83473.0,83473.0,83473.0,0
20250508T,89606.0,89606.0,89606.0,89606.0,0
20250509T,77186.0,77186.0,77186.0,77186.0,0
20250512T,80301.0,80301.0,80301.0,80301.0,0
20250513T,54961.0,54961.0,54961.0,54961.0,0
20250514T,56759.0,56759.0,56759.0,56759.0,0
20250515T,70023.0,70023.0,70023.0,70023.0,0
20250516T,64538.0,64538.0,64538.0,64538.0,0
20250519T,64745.0,64745.0,64745.0,64745.0,0
20250520T,55387.0,55387.0,55387.0,55387.0,0
20250521T,55963.0,55963.0,55963.0,55963.0,0
20250522T,48897.0,48897.0,48897.0,48897.0,0
20250523T,52567.0,52567.0,52567.0,52567.0,0
20250526T,58418.0,58418.0,58418.0,58418.0,0
20250527T,56668.0,56668.0,56668.0,56668.0,0
20250528T,53684.0,53684.0,53684.0,53684.0,0
20250529T,25371.0,25371.0,25371.0,25371.0,0
20250530T,26158.0,26158.0,26158.0,26158.0,0
20250602T,26663.0,26663.0,26663.0,26663.0,0
20250603T,25786.0,25786.0,25786.0,25786.0,0
20250604T,26924.0,26924.0,26924.0,26924.0,0
20250605T,26304.0,26304.0,26304.0,26304.0,0
20250606T,33228.0,33228.0,33228.0,33228.0,0
20250609T,31072.0,31072.0,31072.0,31072.0,0
20250610T,30942.0,30942.0,30942.0,30942.0,0
20250611T,34473.0,34473.0,34473.0,34473.0,0
20250612T,31951.0,31951.0,31951.0,31951.0,0
20250613T,32115.0,32115.0,32115.0,32115.0,0
20250616T,34514.0,34514.0,34514.0,34514.0,0
20250617T,35733.0,35733.0,35733.0,35733.0,0
20250618T,34368.0,34368.0,34368.0,34368.0,0
20250619T,39173.0,39173.0,39173.0,39173.0,0
20250620T,43734.0,43734.0,43734.0,43734.0,0
20250623T,42664.0,42664.0,42664.0,42664.0,0
20250624T,46141.0,46141.0,46141.0,46141.0,0
20250625T,46451.0,46451.0,46451.0,46451.0,0
20250626T,54903.0,54903.0,54903.0,54903.0,0
20250627T,55702.0,55702.0,55702.0,55702.0,0
20250630T,51034.0,51034.0,51034.0,51034.0,0
20250701T,53195.0,53195.0,53195.0,53195.0,0
20250702T,49508.0,49508.0,49508.0,49508.0,0
20250703T,43723.0,43723.0,43723.0,43723.0,0
20250704T,43986.0,43986.0,43986.0,43986.0,0
20250707T,44888.0,44888.0,44888.0,44888.0,0
20250708T,47671.0,47671.0,47671.0,47671.0,0
20250709T,47032.0,47032.0,47032.0,47032.0,0
20250710T,41476.0,41476.0,41476.0,41476.0,0
20250711T,35226.0,35226.0,35226.0,35226.0,0
20250714T,34985.0,34985.0,34985.0,34985.0,0
20250715T,36299.0,36299.0,36299.0,36299.0,0
20250716T,35961.0,35961.0,35961.0,35961.0,0
20250717T,34085.0,34085.0,34085.0,34085.0,0
20250718T,31779.0,31779.0,31779.0,31779.0,0
20250721T,31538.0,31538.0,31538.0,31538.0,0
20250722T,30254.0,30254.0,30254.0,30254.0,0
20250723T,32171.0,32171.0,32171.0,32171.0,0
20250724T,30674.0,30674.0,30674.0,30674.0,0
20250725T,31725.0,31725.0,31725.0,31725.0,0
20250728T,33986.0,33986.0,33986.0,33986.0,0
20250729T,31031.0,31031.0,31031.0,31031.0,0
20250730T,33838.0,33838.0,33838.0,33838.0,0
20250731T,16338.0,16338.0,16338.0,16338.0,0
20250801T,16421.0,16421.0,16421.0,16421.0,0
20250804T,17230.0,17230.0,17230.0,17230.0,0
20250805T,17090.0,17090.0,17090.0,17090.0,0
20250806T,17310.0,17310.0,17310.0,17310.0,0
20250807T,17977.0,17977.0,17977.0,17977.0,0
20250808T,18122.0,18122.0,18122.0,18122.0,0
20250811T,18282.0,18282.0,18282.0,18282.0,0
20250812T,17520.0,17520.0,17520.0,17520.0,0
20250813T,19155.0,19155.0,19155.0,19155.0,0
20250814T,18213.0,18213.0,18213.0,18213.0,0
20250818T,20703.0,20703.0,20703.0,20703.0,0
20250819T,20682.0,20682.0,20682.0,20682.0,0
20250820T,21383.0,21383.0,21383.0,21383.0,0
20250821T,22225.0,22225.0,22225.0,22225.0,0
20250822T,23354.0,23354.0,23354.0,23354.0,0
20250825T,31241.0,31241.0,31241.0,31241.0,0
20250826T,35491.0,35491.0,35491.0,35491.0,0
20250828T,16621.0,16621.0,16621.0,16621.0,0
20250829T,18187.0,18187.0,18187.0,18187.0,0
20250901T,19646.0,19646.0,19646.0,19646.0,0
20250902T,17220.0,17220.0,17220.0,17220.0,0
20250903T,17606.0,17606.0,17606.0,17606.0,0
20250904T,18068.0,18068.0,18068.0,18068.0,0
20250905T,16715.0,16715.0,16715.0,16715.0,0
20250908T,18193.0,18193.0,18193.0,18193.0,0
20250909T,20018.0,20018.0,20018.0,20018.0,0
20250910T,23924.0,23924.0,23924.0,23924.0,0
20250911T,25119.0,25119.0,25119.0,25119.0,0
20250912T,26661.0,26661.0,26661.0,26661.0,0
20250915T,26579.0,26579.0,26579.0,26579.0,0
20250916T,26430.0,26430.0,26430.0,26430.0,0
20250917T,27064.0,27064.0,27064.0,27064.0,0
20250918T,27813.0,27813.0,27813.0,27813.0,0
20250919T,25482.0,25482.0,25482.0,25482.0,0
20250922T,26056.0,26056.0,26056.0,26056.0,0
20250923T,27060.0,27060.0,27060.0,27060.0,0
20250924T,29680.0,29680.0,29680.0,29680.0,0
20250925T,33574.0,33574.0,33574.0,33574.0,0
20250926T,33565.0,33565.0,33565.0,33565.0,0
20250929T,39999.0,39999.0,39999.0,39999.0,0
20250930T,11968.0,11968.0,11968.0,11968.0,0
20251001T,13912.0,13912.0,13912.0,13912.0,0
20251003T,14740.0,14740.0,14740.0,14740.0,0
20251006T,16306.0,16306.0,16306.0,16306.0,0
20251007T,16302.0,16302.0,16302.0,16302.0,0
20251008T,16643.0,16643.0,16643.0,16643.0,0
20251009T,16359.0,16359.0,16359.0,16359.0,0
20251010T,16085.0,16085.0,16085.0,16085.0,0
20251013T,15893.0,15893.0,15893.0,15893.0,0
20251014T,16255.0,16255.0,16255.0,16255.0,0
20251015T,18420.0,18420.0,18420.0,18420.0,0
20251016T,31061.0,31061.0,31061.0,31061.0,0
20251017T,35421.0,35421.0,35421.0,35421.0,0
20251020T,40857.0,40857.0,40857.0,40857.0,0
20251023T,51852.0,51852.0,51852.0,51852.0,0
20251024T,52577.0,52577.0,52577.0,52577.0,0
20251027T,56880.0,56880.0,56880.0,56880.0,0
20251028T,29492.0,29492.0,29492.0,29492.0,0
20251029T,29916.0,29916.0,29916.0,29916.0,0
20251030T,28410.0,28410.0,28410.0,28410.0,0
20251031T,27954.0,27954.0,27954.0,27954.0,0
20251103T,28322.0,28322.0,28322.0,28322.0,0
20251104T,29594.0,29594.0,29594.0,29594.0,0
20251106T,27572.0,27572.0,27572.0,27572.0,0
20251107T,27322.0,27322.0,27322.0,27322.0,0
20251110T,27579.0,27579.0,27579.0,27579.0,0
20251111T,27151.0,27151.0,27151.0,27151.0,0
20251112T,25567.0,25567.0,25567.0,25567.0,0
20251113T,24542.0,24542.0,24542.0,24542.0,0
20251114T,24415.0,24415.0,24415.0,24415.0,0
20251117T,26702.0,26702.0,26702.0,26702.0,0
20251118T,27126.0,27126.0,27126.0,27126.0,0
20251119T,27153.0,27153.0,27153.0,27153.0,0
20251120T,27179.0,27179.0,27179.0,27179.0,0
20251121T,25571.0,25571.0,25571.0,25571.0,0
20251124T,32966.0,32966.0,32966.0,32966.0,0
20251125T,20420.0,20420.0,20420.0,20420.0,0
20251126T,23762.0,23762.0,23762.0,23762.0,0
20251127T,25762.0,25762.0,25762.0,25762.0,0
20251128T,26170.0,26170.0,26170.0,26170.0,0
20251201T,26360.0,26360.0,26360.0,26360.0,0
20251202T,23308.0,23308.0,23308.0,23308.0,0
20251203T,22201.0,22201.0,22201.0,22201.0,0
20251204T,20426.0,20426.0,20426.0,20426.0,0
20251205T,22996.0,22996.0,22996.0,22996.0,0
20251208T,22045.0,22045.0,22045.0,22045.0,0
20251209T,19606.0,19606.0,19606.0,19606.0,0
20251210T,20126.0,20126.0,20126.0,20126.0,0
20251211T,21817.0,21817.0,21817.0,21817.0,0
20251212T,19016.0,19016.0,19016.0,19016.0,0
20251215T,19976.0,19976.0,19976.0,19976.0,0
20251216T,17353.0,17353.0,17353.0,17353.0,0
20251217T,16062.0,16062.0,16062.0,16062.0,0
20251218T,16149.0,16149.0,16149.0,16149.0,0
20251219T,17001.0,17001.0,17001.0,17001.0,0
20251222T,21336.0,21336.0,21336.0,21336.0,0
20251223T,22931.0,22931.0,22931.0,22931.0,0
20251224T,21361.0,21361.0,21361.0,21361.0,0
20251226T,19756.0,19756.0,19756.0,19756.0,0
20251229T,29097.0,29097.0,29097.0,29097.0,0
20251230T,15462.0,15462.0,15462.0,15462.0,0
20251231T,15701.0,15701.0,15701.0,15701.0,0
20260101T,16725.0,16725.0,16725.0,16725.0,0
20260102T,19263.0,19263.0,19263.0,19263.0,0
20260105T,19111.0,19111.0,19111.0,19111.0,0
20260106T,21830.0,21830.0,21830.0,21830.0,0
20260107T,17287.0,17287.0,17287.0,17287.0,0
20260108T,17618.0,17618.0,17618.0,17618.0,0
20260109T,16500.0,16500.0,16500.0,16500.0,0
20260112T,17819.0,17819.0,17819.0,17819.0,0
20260113T,17546.0,17546.0,17546.0,17546.0,0
20260114T,17851.0,17851.0,17851.0,17851.0,0
20260116T,21814.0,21814.0,21814.0,21814.0,0
20260119T,22607.0,22607.0,22607.0,22607.0,0
20260120T,22659.0,22659.0,22659.0,22659.0,0
20260121T,29979.0,29979.0,29979.0,29979.0,0
20260122T,36062.0,36062.0,36062.0,36062.0,0
20260123T,47222.0,47222.0,47222.0,47222.0,0
20260127T,27264.0,27264.0,27264.0,27264.0,0
20260128T,29467.0,29467.0,29467.0,29467.0,0
20260129T,30232.0,30232.0,30232.0,30232.0,0
20260130T,30945.0,30945.0,30945.0,30945.0,0
20260201T,31061.0,31061.0,31061.0,31061.0,0
20260202T,30005.0,30005.0,30005.0,30005.0,0
