20120106T,245847.0,245847.0,245847.0,245847.0,0
20120109T,253004.0,253004.0,253004.0,253004.0,0
20120110T,279895.0,279895.0,279895.0,279895.0,0
20120111T,311147.0,311147.0,311147.0,311147.0,0
20120112T,314002.0,314002.0,314002.0,314002.0,0
20120113T,316780.0,316780.0,316780.0,316780.0,0
20120116T,314034.0,314034.0,314034.0,314034.0,0
20120117T,333176.0,333176.0,333176.0,333176.0,0
20120118T,338933.0,338933.0,338933.0,338933.0,0
20120119T,347512.0,347512.0,347512.0,347512.0,0
20120120T,358407.0,358407.0,358407.0,358407.0,0
20120123T,336247.0,336247.0,336247.0,336247.0,0
20120124T,314334.0,314334.0,314334.0,314334.0,0
20120125T,240221.0,240221.0,240221.0,240221.0,0
20120127T,273750.0,273750.0,273750.0,273750.0,0
20120130T,288266.0,288266.0,288266.0,288266.0,0
20120131T,298607.0,298607.0,298607.0,298607.0,0
20120201T,307084.0,307084.0,307084.0,307084.0,0
20120202T,328650.0,328650.0,328650.0,328650.0,0
20120203T,339847.0,339847.0,339847.0,339847.0,0
20120206T,361846.0,361846.0,361846.0,361846.0,0
20120207T,366982.0,366982.0,366982.0,366982.0,0
20120208T,370004.0,370004.0,370004.0,370004.0,0
20120209T,381778.0,381778.0,381778.0,381778.0,0
20120210T,383033.0,383033.0,383033.0,383033.0,0
20120213T,386107.0,386107.0,386107.0,386107.0,0
20120214T,375617.0,375617.0,375617.0,375617.0,0
20120215T,408143.0,408143.0,408143.0,408143.0,0
20120216T,407710.0,407710.0,407710.0,407710.0,0
20120217T,427861.0,427861.0,427861.0,427861.0,0
20120221T,420870.0,420870.0,420870.0,420870.0,0
20120222T,423302.0,423302.0,423302.0,423302.0,0
20120223T,260491.0,260491.0,260491.0,260491.0,0
20120224T,263335.0,263335.0,263335.0,263335.0,0
20120227T,260993.0,260993.0,260993.0,260993.0,0
20120228T,288531.0,288531.0,288531.0,288531.0,0
20120229T,296524.0,296524.0,296524.0,296524.0,0
20120301T,312193.0,312193.0,312193.0,312193.0,0
20120302T,314608.0,314608.0,314608.0,314608.0,0
20120305T,316415.0,316415.0,316415.0,316415.0,0
20120306T,327745.0,327745.0,327745.0,327745.0,0
20120307T,335707.0,335707.0,335707.0,335707.0,0
20120309T,351911.0,351911.0,351911.0,351911.0,0
20120312T,346728.0,346728.0,346728.0,346728.0,0
20120313T,389109.0,389109.0,389109.0,389109.0,0
20120314T,372847.0,372847.0,372847.0,372847.0,0
20120315T,362753.0,362753.0,362753.0,362753.0,0
20120316T,325508.0,325508.0,325508.0,325508.0,0
20120319T,320557.0,320557.0,320557.0,320557.0,0
20120320T,322008.0,322008.0,322008.0,322008.0,0
20120321T,327548.0,327548.0,327548.0,327548.0,0
20120322T,333193.0,333193.0,333193.0,333193.0,0
20120323T,342801.0,342801.0,342801.0,342801.0,0
20120326T,344564.0,344564.0,344564.0,344564.0,0
20120327T,346005.0,346005.0,346005.0,346005.0,0
20120328T,343317.0,343317.0,343317.0,343317.0,0
20120329T,172028.0,172028.0,172028.0,172028.0,0
20120330T,180011.0,180011.0,180011.0,180011.0,0
20120402T,190089.0,190089.0,190089.0,190089.0,0
20120403T,195756.0,195756.0,195756.0,195756.0,0
20120404T,198748.0,198748.0,198748.0,198748.0,0
20120409T,202435.0,202435.0,202435.0,202435.0,0
20120410T,205738.0,205738.0,205738.0,205738.0,0
20120411T,221135.0,221135.0,221135.0,221135.0,0
20120412T,231659.0,231659.0,231659.0,231659.0,0
20120413T,266439.0,266439.0,266439.0,266439.0,0
20120416T,265780.0,265780.0,265780.0,265780.0,0
20120417T,283860.0,283860.0,283860.0,283860.0,0
20120418T,305347.0,305347.0,305347.0,305347.0,0
20120419T,310628.0,310628.0,310628.0,310628.0,0
20120420T,306259.0,306259.0,306259.0,306259.0,0
20120423T,293686.0,293686.0,293686.0,293686.0,0
20120424T,300902.0,300902.0,300902.0,300902.0,0
20120425T,309116.0,309116.0,309116.0,309116.0,0
20120426T,198847.0,198847.0,198847.0,198847.0,0
20120427T,207525.0,207525.0,207525.0,207525.0,0
20120430T,217656.0,217656.0,217656.0,217656.0,0
20120502T,224564.0,224564.0,224564.0,224564.0,0
20120503T,216431.0,216431.0,216431.0,216431.0,0
20120504T,223108.0,223108.0,223108.0,223108.0,0
20120507T,233550.0,233550.0,233550.0,233550.0,0
20120508T,246113.0,246113.0,246113.0,246113.0,0
20120509T,253273.0,253273.0,253273.0,253273.0,0
20120510T,264422.0,264422.0,264422.0,264422.0,0
20120511T,271049.0,271049.0,271049.0,271049.0,0
20120514T,265168.0,265168.0,265168.0,265168.0,0
20120515T,273936.0,273936.0,273936.0,273936.0,0
20120516T,279706.0,279706.0,279706.0,279706.0,0
20120517T,285747.0,285747.0,285747.0,285747.0,0
20120518T,305566.0,305566.0,305566.0,305566.0,0
20120521T,304726.0,304726.0,304726.0,304726.0,0
20120522T,299046.0,299046.0,299046.0,299046.0,0
20120523T,307887.0,307887.0,307887.0,307887.0,0
20120524T,321687.0,321687.0,321687.0,321687.0,0
20120525T,338358.0,338358.0,338358.0,338358.0,0
20120528T,328093.0,328093.0,328093.0,328093.0,0
20120529T,338000.0,338000.0,338000.0,338000.0,0
20120530T,352539.0,352539.0,352539.0,352539.0,0
20120531T,267867.0,267867.0,267867.0,267867.0,0
20120601T,298869.0,298869.0,298869.0,298869.0,0
20120604T,293174.0,293174.0,293174.0,293174.0,0
20120605T,312031.0,312031.0,312031.0,312031.0,0
20120606T,340705.0,340705.0,340705.0,340705.0,0
20120607T,349691.0,349691.0,349691.0,349691.0,0
20120608T,347416.0,347416.0,347416.0,347416.0,0
20120611T,360531.0,360531.0,360531.0,360531.0,0
20120612T,360929.0,360929.0,360929.0,360929.0,0
20120613T,362034.0,362034.0,362034.0,362034.0,0
20120614T,363721.0,363721.0,363721.0,363721.0,0
20120615T,373248.0,373248.0,373248.0,373248.0,0
20120618T,392227.0,392227.0,392227.0,392227.0,0
20120619T,421934.0,421934.0,421934.0,421934.0,0
20120620T,443044.0,443044.0,443044.0,443044.0,0
20120621T,438839.0,438839.0,438839.0,438839.0,0
20120622T,425835.0,425835.0,425835.0,425835.0,0
20120625T,415635.0,415635.0,415635.0,415635.0,0
20120626T,411192.0,411192.0,411192.0,411192.0,0
20120627T,416466.0,416466.0,416466.0,416466.0,0
20120628T,246707.0,246707.0,246707.0,246707.0,0
20120629T,293822.0,293822.0,293822.0,293822.0,0
20120702T,300490.0,300490.0,300490.0,300490.0,0
20120703T,319990.0,319990.0,319990.0,319990.0,0
20120704T,326178.0,326178.0,326178.0,326178.0,0
20120705T,337240.0,337240.0,337240.0,337240.0,0
20120706T,361105.0,361105.0,361105.0,361105.0,0
20120709T,365763.0,365763.0,365763.0,365763.0,0
20120710T,406720.0,406720.0,406720.0,406720.0,0
20120711T,406272.0,406272.0,406272.0,406272.0,0
20120712T,411340.0,411340.0,411340.0,411340.0,0
20120713T,406603.0,406603.0,406603.0,406603.0,0
20120716T,409987.0,409987.0,409987.0,409987.0,0
20120717T,401546.0,401546.0,401546.0,401546.0,0
20120718T,409754.0,409754.0,409754.0,409754.0,0
20120719T,413825.0,413825.0,413825.0,413825.0,0
20120720T,439134.0,439134.0,439134.0,439134.0,0
20120723T,452156.0,452156.0,452156.0,452156.0,0
20120724T,457103.0,457103.0,457103.0,457103.0,0
20120725T,466601.0,466601.0,466601.0,466601.0,0
20120726T,299858.0,299858.0,299858.0,299858.0,0
20120727T,365671.0,365671.0,365671.0,365671.0,0
20120730T,410989.0,410989.0,410989.0,410989.0,0
20120731T,428901.0,428901.0,428901.0,428901.0,0
20120801T,450376.0,450376.0,450376.0,450376.0,0
20120802T,471940.0,471940.0,471940.0,471940.0,0
20120803T,485126.0,485126.0,485126.0,485126.0,0
20120806T,493792.0,493792.0,493792.0,493792.0,0
20120807T,526436.0,526436.0,526436.0,526436.0,0
20120808T,540485.0,540485.0,540485.0,540485.0,0
20120809T,554466.0,554466.0,554466.0,554466.0,0
20120810T,554622.0,554622.0,554622.0,554622.0,0
20120813T,544882.0,544882.0,544882.0,544882.0,0
20120814T,549842.0,549842.0,549842.0,549842.0,0
20120816T,550847.0,550847.0,550847.0,550847.0,0
20120817T,581039.0,581039.0,581039.0,581039.0,0
20120821T,580661.0,580661.0,580661.0,580661.0,0
20120822T,593207.0,593207.0,593207.0,593207.0,0
20120823T,614241.0,614241.0,614241.0,614241.0,0
20120824T,597954.0,597954.0,597954.0,597954.0,0
20120827T,601233.0,601233.0,601233.0,601233.0,0
20120828T,605308.0,605308.0,605308.0,605308.0,0
20120829T,612530.0,612530.0,612530.0,612530.0,0
20120830T,363439.0,363439.0,363439.0,363439.0,0
20120831T,391979.0,391979.0,391979.0,391979.0,0
20120903T,430405.0,430405.0,430405.0,430405.0,0
20120904T,438147.0,438147.0,438147.0,438147.0,0
20120905T,444793.0,444793.0,444793.0,444793.0,0
20120906T,433083.0,433083.0,433083.0,433083.0,0
20120907T,468332.0,468332.0,468332.0,468332.0,0
20120910T,493824.0,493824.0,493824.0,493824.0,0
20120911T,515758.0,515758.0,515758.0,515758.0,0
20120912T,528981.0,528981.0,528981.0,528981.0,0
20120913T,527287.0,527287.0,527287.0,527287.0,0
20120914T,583163.0,583163.0,583163.0,583163.0,0
20120917T,641489.0,641489.0,641489.0,641489.0,0
20120918T,626537.0,626537.0,626537.0,626537.0,0
20120920T,600708.0,600708.0,600708.0,600708.0,0
20120921T,614153.0,614153.0,614153.0,614153.0,0
20120924T,606661.0,606661.0,606661.0,606661.0,0
20120925T,564467.0,564467.0,564467.0,564467.0,0
20120926T,567009.0,567009.0,567009.0,567009.0,0
20120927T,351053.0,351053.0,351053.0,351053.0,0
20120928T,344761.0,344761.0,344761.0,344761.0,0
20121001T,349332.0,349332.0,349332.0,349332.0,0
20121003T,379428.0,379428.0,379428.0,379428.0,0
20121004T,397061.0,397061.0,397061.0,397061.0,0
20121005T,408700.0,408700.0,408700.0,408700.0,0
20121008T,399572.0,399572.0,399572.0,399572.0,0
20121009T,406318.0,406318.0,406318.0,406318.0,0
20121010T,408075.0,408075.0,408075.0,408075.0,0
20121011T,413838.0,413838.0,413838.0,413838.0,0
20121012T,414627.0,414627.0,414627.0,414627.0,0
20121015T,411313.0,411313.0,411313.0,411313.0,0
20121016T,429927.0,429927.0,429927.0,429927.0,0
20121017T,436228.0,436228.0,436228.0,436228.0,0
20121018T,458791.0,458791.0,458791.0,458791.0,0
20121019T,459873.0,459873.0,459873.0,459873.0,0
20121022T,458296.0,458296.0,458296.0,458296.0,0
20121023T,441585.0,441585.0,441585.0,441585.0,0
20121025T,298814.0,298814.0,298814.0,298814.0,0
20121026T,305853.0,305853.0,305853.0,305853.0,0
20121029T,325538.0,325538.0,325538.0,325538.0,0
20121030T,328652.0,328652.0,328652.0,328652.0,0
20121031T,335778.0,335778.0,335778.0,335778.0,0
20121101T,335684.0,335684.0,335684.0,335684.0,0
20121102T,352537.0,352537.0,352537.0,352537.0,0
20121105T,357410.0,357410.0,357410.0,357410.0,0
20121106T,358399.0,358399.0,358399.0,358399.0,0
20121107T,383781.0,383781.0,383781.0,383781.0,0
20121108T,378967.0,378967.0,378967.0,378967.0,0
20121109T,377760.0,377760.0,377760.0,377760.0,0
20121112T,367418.0,367418.0,367418.0,367418.0,0
20121113T,368234.0,368234.0,368234.0,368234.0,0
20121115T,358812.0,358812.0,358812.0,358812.0,0
20121116T,366218.0,366218.0,366218.0,366218.0,0
20121119T,369168.0,369168.0,369168.0,369168.0,0
20121120T,373053.0,373053.0,373053.0,373053.0,0
20121121T,368573.0,368573.0,368573.0,368573.0,0
20121122T,374905.0,374905.0,374905.0,374905.0,0
20121123T,367028.0,367028.0,367028.0,367028.0,0
20121126T,350753.0,350753.0,350753.0,350753.0,0
20121127T,363987.0,363987.0,363987.0,363987.0,0
20121129T,288533.0,288533.0,288533.0,288533.0,0
20121130T,309335.0,309335.0,309335.0,309335.0,0
20121203T,323025.0,323025.0,323025.0,323025.0,0
20121204T,325662.0,325662.0,325662.0,325662.0,0
20121205T,322250.0,322250.0,322250.0,322250.0,0
20121206T,319152.0,319152.0,319152.0,319152.0,0
20121207T,329194.0,329194.0,329194.0,329194.0,0
20121210T,331392.0,331392.0,331392.0,331392.0,0
20121211T,337083.0,337083.0,337083.0,337083.0,0
20121212T,348965.0,348965.0,348965.0,348965.0,0
20121213T,341942.0,341942.0,341942.0,341942.0,0
20121214T,346563.0,346563.0,346563.0,346563.0,0
20121217T,344517.0,344517.0,344517.0,344517.0,0
20121218T,344249.0,344249.0,344249.0,344249.0,0
20121219T,341240.0,341240.0,341240.0,341240.0,0
20121220T,338541.0,338541.0,338541.0,338541.0,0
20121221T,327228.0,327228.0,327228.0,327228.0,0
20121224T,322275.0,322275.0,322275.0,322275.0,0
20121226T,316983.0,316983.0,316983.0,316983.0,0
20121227T,215662.0,215662.0,215662.0,215662.0,0
20121228T,234805.0,234805.0,234805.0,234805.0,0
20121231T,235895.0,235895.0,235895.0,235895.0,0
20130101T,251392.0,251392.0,251392.0,251392.0,0
20130102T,328676.0,328676.0,328676.0,328676.0,0
20130103T,358785.0,358785.0,358785.0,358785.0,0
20130104T,358114.0,358114.0,358114.0,358114.0,0
20130107T,375403.0,375403.0,375403.0,375403.0,0
20130108T,384543.0,384543.0,384543.0,384543.0,0
20130109T,398379.0,398379.0,398379.0,398379.0,0
20130110T,389972.0,389972.0,389972.0,389972.0,0
20130111T,409727.0,409727.0,409727.0,409727.0,0
20130114T,419947.0,419947.0,419947.0,419947.0,0
20130115T,433287.0,433287.0,433287.0,433287.0,0
20130116T,415921.0,415921.0,415921.0,415921.0,0
20130117T,425888.0,425888.0,425888.0,425888.0,0
20130118T,446749.0,446749.0,446749.0,446749.0,0
20130121T,451760.0,451760.0,451760.0,451760.0,0
20130122T,449375.0,449375.0,449375.0,449375.0,0
20130123T,458051.0,458051.0,458051.0,458051.0,0
20130124T,461904.0,461904.0,461904.0,461904.0,0
20130125T,466158.0,466158.0,466158.0,466158.0,0
20130128T,459331.0,459331.0,459331.0,459331.0,0
20130129T,525148.0,525148.0,525148.0,525148.0,0
20130130T,538111.0,538111.0,538111.0,538111.0,0
20130131T,280331.0,280331.0,280331.0,280331.0,0
20130201T,294070.0,294070.0,294070.0,294070.0,0
20130204T,320316.0,320316.0,320316.0,320316.0,0
20130205T,319008.0,319008.0,319008.0,319008.0,0
20130206T,330452.0,330452.0,330452.0,330452.0,0
20130207T,351551.0,351551.0,351551.0,351551.0,0
20130208T,357313.0,357313.0,357313.0,357313.0,0
20130211T,377371.0,377371.0,377371.0,377371.0,0
20130212T,379899.0,379899.0,379899.0,379899.0,0
20130213T,397580.0,397580.0,397580.0,397580.0,0
20130214T,394637.0,394637.0,394637.0,394637.0,0
20130215T,388369.0,388369.0,388369.0,388369.0,0
20130218T,400116.0,400116.0,400116.0,400116.0,0
20130219T,398382.0,398382.0,398382.0,398382.0,0
20130220T,402064.0,402064.0,402064.0,402064.0,0
20130221T,392856.0,392856.0,392856.0,392856.0,0
20130222T,386546.0,386546.0,386546.0,386546.0,0
20130225T,393724.0,393724.0,393724.0,393724.0,0
20130226T,393694.0,393694.0,393694.0,393694.0,0
20130227T,402004.0,402004.0,402004.0,402004.0,0
20130228T,231433.0,231433.0,231433.0,231433.0,0
20130301T,258830.0,258830.0,258830.0,258830.0,0
20130304T,276312.0,276312.0,276312.0,276312.0,0
20130305T,311622.0,311622.0,311622.0,311622.0,0
20130306T,332736.0,332736.0,332736.0,332736.0,0
20130307T,354383.0,354383.0,354383.0,354383.0,0
20130308T,375070.0,375070.0,375070.0,375070.0,0
20130311T,431935.0,431935.0,431935.0,431935.0,0
20130312T,463231.0,463231.0,463231.0,463231.0,0
20130313T,466702.0,466702.0,466702.0,466702.0,0
20130314T,455569.0,455569.0,455569.0,455569.0,0
20130315T,451277.0,451277.0,451277.0,451277.0,0
20130318T,440417.0,440417.0,440417.0,440417.0,0
20130319T,460382.0,460382.0,460382.0,460382.0,0
20130320T,450771.0,450771.0,450771.0,450771.0,0
20130321T,466847.0,466847.0,466847.0,466847.0,0
20130322T,485179.0,485179.0,485179.0,485179.0,0
20130325T,515913.0,515913.0,515913.0,515913.0,0
20130326T,535174.0,535174.0,535174.0,535174.0,0
20130328T,254647.0,254647.0,254647.0,254647.0,0
20130401T,269409.0,269409.0,269409.0,269409.0,0
20130402T,299609.0,299609.0,299609.0,299609.0,0
20130403T,318589.0,318589.0,318589.0,318589.0,0
20130404T,329849.0,329849.0,329849.0,329849.0,0
20130405T,345895.0,345895.0,345895.0,345895.0,0
20130408T,352102.0,352102.0,352102.0,352102.0,0
20130409T,376430.0,376430.0,376430.0,376430.0,0
20130410T,387230.0,387230.0,387230.0,387230.0,0
20130411T,409002.0,409002.0,409002.0,409002.0,0
20130412T,407103.0,407103.0,407103.0,407103.0,0
20130415T,409397.0,409397.0,409397.0,409397.0,0
20130416T,466540.0,466540.0,466540.0,466540.0,0
20130417T,486554.0,486554.0,486554.0,486554.0,0
20130418T,506946.0,506946.0,506946.0,506946.0,0
20130422T,496901.0,496901.0,496901.0,496901.0,0
20130423T,485479.0,485479.0,485479.0,485479.0,0
20130425T,383321.0,383321.0,383321.0,383321.0,0
20130426T,396019.0,396019.0,396019.0,396019.0,0
20130429T,402151.0,402151.0,402151.0,402151.0,0
20130430T,417464.0,417464.0,417464.0,417464.0,0
20130502T,467473.0,467473.0,467473.0,467473.0,0
20130503T,466383.0,466383.0,466383.0,466383.0,0
20130506T,463826.0,463826.0,463826.0,463826.0,0
20130507T,488359.0,488359.0,488359.0,488359.0,0
20130508T,510789.0,510789.0,510789.0,510789.0,0
20130509T,506609.0,506609.0,506609.0,506609.0,0
20130510T,551450.0,551450.0,551450.0,551450.0,0
20130513T,520942.0,520942.0,520942.0,520942.0,0
20130514T,517523.0,517523.0,517523.0,517523.0,0
20130515T,547379.0,547379.0,547379.0,547379.0,0
20130516T,550578.0,550578.0,550578.0,550578.0,0
20130517T,566064.0,566064.0,566064.0,566064.0,0
20130520T,594644.0,594644.0,594644.0,594644.0,0
20130521T,582027.0,582027.0,582027.0,582027.0,0
20130522T,554545.0,554545.0,554545.0,554545.0,0
20130523T,522445.0,522445.0,522445.0,522445.0,0
20130524T,532418.0,532418.0,532418.0,532418.0,0
20130527T,503407.0,503407.0,503407.0,503407.0,0
20130528T,489886.0,489886.0,489886.0,489886.0,0
20130529T,484589.0,484589.0,484589.0,484589.0,0
20130530T,303346.0,303346.0,303346.0,303346.0,0
20130531T,320512.0,320512.0,320512.0,320512.0,0
20130603T,322772.0,322772.0,322772.0,322772.0,0
20130604T,334028.0,334028.0,334028.0,334028.0,0
20130605T,331384.0,331384.0,331384.0,331384.0,0
20130606T,356392.0,356392.0,356392.0,356392.0,0
20130607T,372384.0,372384.0,372384.0,372384.0,0
20130610T,393327.0,393327.0,393327.0,393327.0,0
20130611T,363515.0,363515.0,363515.0,363515.0,0
20130612T,344339.0,344339.0,344339.0,344339.0,0
20130613T,339425.0,339425.0,339425.0,339425.0,0
20130614T,364314.0,364314.0,364314.0,364314.0,0
20130617T,355685.0,355685.0,355685.0,355685.0,0
20130618T,360122.0,360122.0,360122.0,360122.0,0
20130619T,359941.0,359941.0,359941.0,359941.0,0
20130620T,363684.0,363684.0,363684.0,363684.0,0
20130621T,377646.0,377646.0,377646.0,377646.0,0
20130624T,388319.0,388319.0,388319.0,388319.0,0
20130625T,390790.0,390790.0,390790.0,390790.0,0
20130626T,416195.0,416195.0,416195.0,416195.0,0
20130627T,282082.0,282082.0,282082.0,282082.0,0
20130628T,331033.0,331033.0,331033.0,331033.0,0
20130701T,385020.0,385020.0,385020.0,385020.0,0
20130702T,378916.0,378916.0,378916.0,378916.0,0
20130703T,345248.0,345248.0,345248.0,345248.0,0
20130704T,379018.0,379018.0,379018.0,379018.0,0
20130705T,388680.0,388680.0,388680.0,388680.0,0
20130708T,355481.0,355481.0,355481.0,355481.0,0
20130709T,375117.0,375117.0,375117.0,375117.0,0
20130710T,382269.0,382269.0,382269.0,382269.0,0
20130711T,407389.0,407389.0,407389.0,407389.0,0
20130712T,444815.0,444815.0,444815.0,444815.0,0
20130715T,449014.0,449014.0,449014.0,449014.0,0
20130716T,449298.0,449298.0,449298.0,449298.0,0
20130717T,445957.0,445957.0,445957.0,445957.0,0
20130718T,468505.0,468505.0,468505.0,468505.0,0
20130719T,472230.0,472230.0,472230.0,472230.0,0
20130722T,462701.0,462701.0,462701.0,462701.0,0
20130723T,456725.0,456725.0,456725.0,456725.0,0
20130724T,428860.0,428860.0,428860.0,428860.0,0
20130725T,336044.0,336044.0,336044.0,336044.0,0
20130726T,355033.0,355033.0,355033.0,355033.0,0
20130729T,359330.0,359330.0,359330.0,359330.0,0
20130730T,364045.0,364045.0,364045.0,364045.0,0
20130731T,343063.0,343063.0,343063.0,343063.0,0
20130801T,370108.0,370108.0,370108.0,370108.0,0
20130802T,384822.0,384822.0,384822.0,384822.0,0
20130805T,387793.0,387793.0,387793.0,387793.0,0
20130806T,373911.0,373911.0,373911.0,373911.0,0
20130807T,352722.0,352722.0,352722.0,352722.0,0
20130808T,364195.0,364195.0,364195.0,364195.0,0
20130812T,368744.0,368744.0,368744.0,368744.0,0
20130813T,392987.0,392987.0,392987.0,392987.0,0
20130814T,414027.0,414027.0,414027.0,414027.0,0
20130816T,423446.0,423446.0,423446.0,423446.0,0
20130819T,453623.0,453623.0,453623.0,453623.0,0
20130820T,441084.0,441084.0,441084.0,441084.0,0
20130821T,461064.0,461064.0,461064.0,461064.0,0
20130822T,0.0,0.0,0.0,0.0,0
20130823T,523223.0,523223.0,523223.0,523223.0,0
20130826T,533874.0,533874.0,533874.0,533874.0,0
20130827T,539116.0,539116.0,539116.0,539116.0,0
20130828T,548080.0,548080.0,548080.0,548080.0,0
20130829T,307920.0,307920.0,307920.0,307920.0,0
20130830T,334419.0,334419.0,334419.0,334419.0,0
20130902T,386182.0,386182.0,386182.0,386182.0,0
20130903T,422872.0,422872.0,422872.0,422872.0,0
20130904T,444941.0,444941.0,444941.0,444941.0,0
20130905T,467714.0,467714.0,467714.0,467714.0,0
20130906T,485248.0,485248.0,485248.0,485248.0,0
20130910T,519798.0,519798.0,519798.0,519798.0,0
20130911T,523725.0,523725.0,523725.0,523725.0,0
20130912T,519630.0,519630.0,519630.0,519630.0,0
20130913T,527176.0,527176.0,527176.0,527176.0,0
20130916T,516525.0,516525.0,516525.0,516525.0,0
20130917T,513626.0,513626.0,513626.0,513626.0,0
20130918T,507360.0,507360.0,507360.0,507360.0,0
20130919T,540007.0,540007.0,540007.0,540007.0,0
20130920T,562738.0,562738.0,562738.0,562738.0,0
20130923T,541363.0,541363.0,541363.0,541363.0,0
20130924T,536305.0,536305.0,536305.0,536305.0,0
20130925T,522196.0,522196.0,522196.0,522196.0,0
20130926T,338525.0,338525.0,338525.0,338525.0,0
20130927T,351159.0,351159.0,351159.0,351159.0,0
20130930T,356827.0,356827.0,356827.0,356827.0,0
20131001T,375371.0,375371.0,375371.0,375371.0,0
20131003T,401473.0,401473.0,401473.0,401473.0,0
20131004T,423995.0,423995.0,423995.0,423995.0,0
20131007T,446270.0,446270.0,446270.0,446270.0,0
20131008T,457153.0,457153.0,457153.0,457153.0,0
20131010T,484247.0,484247.0,484247.0,484247.0,0
20131011T,495427.0,495427.0,495427.0,495427.0,0
20131014T,493746.0,493746.0,493746.0,493746.0,0
20131015T,482951.0,482951.0,482951.0,482951.0,0
20131017T,484067.0,484067.0,484067.0,484067.0,0
20131018T,455374.0,455374.0,455374.0,455374.0,0
20131021T,441250.0,441250.0,441250.0,441250.0,0
20131022T,435810.0,435810.0,435810.0,435810.0,0
20131023T,424114.0,424114.0,424114.0,424114.0,0
20131024T,417126.0,417126.0,417126.0,417126.0,0
20131025T,422175.0,422175.0,422175.0,422175.0,0
20131028T,401415.0,401415.0,401415.0,401415.0,0
20131029T,423235.0,423235.0,423235.0,423235.0,0
20131030T,433894.0,433894.0,433894.0,433894.0,0
20131031T,270656.0,270656.0,270656.0,270656.0,0
20131101T,295769.0,295769.0,295769.0,295769.0,0
20131105T,310564.0,310564.0,310564.0,310564.0,0
20131106T,313169.0,313169.0,313169.0,313169.0,0
20131107T,323225.0,323225.0,323225.0,323225.0,0
20131108T,319443.0,319443.0,319443.0,319443.0,0
20131111T,320437.0,320437.0,320437.0,320437.0,0
20131112T,329112.0,329112.0,329112.0,329112.0,0
20131113T,348335.0,348335.0,348335.0,348335.0,0
20131114T,366990.0,366990.0,366990.0,366990.0,0
20131118T,403223.0,403223.0,403223.0,403223.0,0
20131119T,415734.0,415734.0,415734.0,415734.0,0
20131120T,436493.0,436493.0,436493.0,436493.0,0
20131121T,429382.0,429382.0,429382.0,429382.0,0
20131122T,462200.0,462200.0,462200.0,462200.0,0
20131125T,465909.0,465909.0,465909.0,465909.0,0
20131126T,465243.0,465243.0,465243.0,465243.0,0
20131127T,474033.0,474033.0,474033.0,474033.0,0
20131128T,344550.0,344550.0,344550.0,344550.0,0
20131129T,353189.0,353189.0,353189.0,353189.0,0
20131202T,395620.0,395620.0,395620.0,395620.0,0
20131203T,422318.0,422318.0,422318.0,422318.0,0
20131204T,416376.0,416376.0,416376.0,416376.0,0
20131205T,471536.0,471536.0,471536.0,471536.0,0
20131206T,467003.0,467003.0,467003.0,467003.0,0
20131209T,502326.0,502326.0,502326.0,502326.0,0
20131210T,486680.0,486680.0,486680.0,486680.0,0
20131211T,487294.0,487294.0,487294.0,487294.0,0
20131212T,483838.0,483838.0,483838.0,483838.0,0
20131213T,477716.0,477716.0,477716.0,477716.0,0
20131216T,472879.0,472879.0,472879.0,472879.0,0
20131217T,469074.0,469074.0,469074.0,469074.0,0
20131218T,467876.0,467876.0,467876.0,467876.0,0
20131219T,505877.0,505877.0,505877.0,505877.0,0
20131220T,515338.0,515338.0,515338.0,515338.0,0
20131223T,520624.0,520624.0,520624.0,520624.0,0
20131224T,519608.0,519608.0,519608.0,519608.0,0
20131226T,275144.0,275144.0,275144.0,275144.0,0
20131227T,277622.0,277622.0,277622.0,277622.0,0
20131230T,310440.0,310440.0,310440.0,310440.0,0
20131231T,313519.0,313519.0,313519.0,313519.0,0
20140101T,333158.0,333158.0,333158.0,333158.0,0
20140102T,340268.0,340268.0,340268.0,340268.0,0
20140103T,340302.0,340302.0,340302.0,340302.0,0
20140106T,336144.0,336144.0,336144.0,336144.0,0
20140107T,325126.0,325126.0,325126.0,325126.0,0
20140108T,320982.0,320982.0,320982.0,320982.0,0
20140109T,304921.0,304921.0,304921.0,304921.0,0
20140110T,330166.0,330166.0,330166.0,330166.0,0
20140113T,346774.0,346774.0,346774.0,346774.0,0
20140114T,352212.0,352212.0,352212.0,352212.0,0
20140115T,379123.0,379123.0,379123.0,379123.0,0
20140116T,403914.0,403914.0,403914.0,403914.0,0
20140117T,396128.0,396128.0,396128.0,396128.0,0
20140120T,387605.0,387605.0,387605.0,387605.0,0
20140121T,406258.0,406258.0,406258.0,406258.0,0
20140122T,409315.0,409315.0,409315.0,409315.0,0
20140123T,413011.0,413011.0,413011.0,413011.0,0
20140124T,403359.0,403359.0,403359.0,403359.0,0
20140127T,395142.0,395142.0,395142.0,395142.0,0
20140128T,383243.0,383243.0,383243.0,383243.0,0
20140129T,393710.0,393710.0,393710.0,393710.0,0
20140130T,225542.0,225542.0,225542.0,225542.0,0
20140131T,224440.0,224440.0,224440.0,224440.0,0
20140203T,250038.0,250038.0,250038.0,250038.0,0
20140204T,265281.0,265281.0,265281.0,265281.0,0
20140205T,268664.0,268664.0,268664.0,268664.0,0
20140206T,275856.0,275856.0,275856.0,275856.0,0
20140207T,337418.0,337418.0,337418.0,337418.0,0
20140210T,343484.0,343484.0,343484.0,343484.0,0
20140211T,352497.0,352497.0,352497.0,352497.0,0
20140212T,347847.0,347847.0,347847.0,347847.0,0
20140213T,351517.0,351517.0,351517.0,351517.0,0
20140214T,353094.0,353094.0,353094.0,353094.0,0
20140217T,351759.0,351759.0,351759.0,351759.0,0
20140218T,370069.0,370069.0,370069.0,370069.0,0
20140219T,374104.0,374104.0,374104.0,374104.0,0
20140220T,371720.0,371720.0,371720.0,371720.0,0
20140221T,383286.0,383286.0,383286.0,383286.0,0
20140225T,406565.0,406565.0,406565.0,406565.0,0
20140226T,285849.0,285849.0,285849.0,285849.0,0
20140228T,313194.0,313194.0,313194.0,313194.0,0
20140303T,325182.0,325182.0,325182.0,325182.0,0
20140304T,348983.0,348983.0,348983.0,348983.0,0
20140305T,362387.0,362387.0,362387.0,362387.0,0
20140306T,412343.0,412343.0,412343.0,412343.0,0
20140307T,477918.0,477918.0,477918.0,477918.0,0
20140310T,483073.0,483073.0,483073.0,483073.0,0
20140311T,497390.0,497390.0,497390.0,497390.0,0
20140312T,497149.0,497149.0,497149.0,497149.0,0
20140313T,513070.0,513070.0,513070.0,513070.0,0
20140314T,521328.0,521328.0,521328.0,521328.0,0
20140318T,528846.0,528846.0,528846.0,528846.0,0
20140319T,529535.0,529535.0,529535.0,529535.0,0
20140320T,530649.0,530649.0,530649.0,530649.0,0
20140321T,526020.0,526020.0,526020.0,526020.0,0
20140324T,510622.0,510622.0,510622.0,510622.0,0
20140325T,531091.0,531091.0,531091.0,531091.0,0
20140326T,545864.0,545864.0,545864.0,545864.0,0
20140327T,343726.0,343726.0,343726.0,343726.0,0
20140328T,369114.0,369114.0,369114.0,369114.0,0
20140331T,371345.0,371345.0,371345.0,371345.0,0
20140401T,393959.0,393959.0,393959.0,393959.0,0
20140402T,423526.0,423526.0,423526.0,423526.0,0
20140403T,436279.0,436279.0,436279.0,436279.0,0
20140404T,438938.0,438938.0,438938.0,438938.0,0
20140407T,430737.0,430737.0,430737.0,430737.0,0
20140409T,437625.0,437625.0,437625.0,437625.0,0
20140410T,460757.0,460757.0,460757.0,460757.0,0
20140411T,464048.0,464048.0,464048.0,464048.0,0
20140415T,459526.0,459526.0,459526.0,459526.0,0
20140416T,446419.0,446419.0,446419.0,446419.0,0
20140417T,460994.0,460994.0,460994.0,460994.0,0
20140421T,451795.0,451795.0,451795.0,451795.0,0
20140422T,429677.0,429677.0,429677.0,429677.0,0
20140423T,301734.0,301734.0,301734.0,301734.0,0
20140425T,345370.0,345370.0,345370.0,345370.0,0
20140428T,360492.0,360492.0,360492.0,360492.0,0
20140429T,363758.0,363758.0,363758.0,363758.0,0
20140430T,366323.0,366323.0,366323.0,366323.0,0
20140502T,374948.0,374948.0,374948.0,374948.0,0
20140505T,367829.0,367829.0,367829.0,367829.0,0
20140506T,387189.0,387189.0,387189.0,387189.0,0
20140507T,431852.0,431852.0,431852.0,431852.0,0
20140508T,455470.0,455470.0,455470.0,455470.0,0
20140509T,512847.0,512847.0,512847.0,512847.0,0
20140512T,540687.0,540687.0,540687.0,540687.0,0
20140513T,553600.0,553600.0,553600.0,553600.0,0
20140514T,548884.0,548884.0,548884.0,548884.0,0
20140515T,598690.0,598690.0,598690.0,598690.0,0
20140516T,567048.0,567048.0,567048.0,567048.0,0
20140519T,564213.0,564213.0,564213.0,564213.0,0
20140520T,567157.0,567157.0,567157.0,567157.0,0
20140521T,570945.0,570945.0,570945.0,570945.0,0
20140522T,570152.0,570152.0,570152.0,570152.0,0
20140523T,569541.0,569541.0,569541.0,569541.0,0
20140526T,555680.0,555680.0,555680.0,555680.0,0
20140527T,542302.0,542302.0,542302.0,542302.0,0
20140528T,523488.0,523488.0,523488.0,523488.0,0
20140529T,334925.0,334925.0,334925.0,334925.0,0
20140530T,351327.0,351327.0,351327.0,351327.0,0
20140602T,398463.0,398463.0,398463.0,398463.0,0
20140603T,415167.0,415167.0,415167.0,415167.0,0
20140604T,424217.0,424217.0,424217.0,424217.0,0
20140605T,444442.0,444442.0,444442.0,444442.0,0
20140606T,462836.0,462836.0,462836.0,462836.0,0
20140609T,488404.0,488404.0,488404.0,488404.0,0
20140610T,495297.0,495297.0,495297.0,495297.0,0
20140611T,504198.0,504198.0,504198.0,504198.0,0
20140612T,514451.0,514451.0,514451.0,514451.0,0
20140613T,510234.0,510234.0,510234.0,510234.0,0
20140616T,502273.0,502273.0,502273.0,502273.0,0
20140617T,515833.0,515833.0,515833.0,515833.0,0
20140618T,526349.0,526349.0,526349.0,526349.0,0
20140619T,539526.0,539526.0,539526.0,539526.0,0
20140620T,553881.0,553881.0,553881.0,553881.0,0
20140623T,550929.0,550929.0,550929.0,550929.0,0
20140624T,564196.0,564196.0,564196.0,564196.0,0
20140625T,545627.0,545627.0,545627.0,545627.0,0
20140626T,296258.0,296258.0,296258.0,296258.0,0
20140627T,314578.0,314578.0,314578.0,314578.0,0
20140630T,338207.0,338207.0,338207.0,338207.0,0
20140701T,366815.0,366815.0,366815.0,366815.0,0
20140702T,390700.0,390700.0,390700.0,390700.0,0
20140703T,399007.0,399007.0,399007.0,399007.0,0
20140704T,407602.0,407602.0,407602.0,407602.0,0
20140707T,411270.0,411270.0,411270.0,411270.0,0
20140708T,426732.0,426732.0,426732.0,426732.0,0
20140709T,405274.0,405274.0,405274.0,405274.0,0
20140710T,396073.0,396073.0,396073.0,396073.0,0
20140711T,410665.0,410665.0,410665.0,410665.0,0
20140714T,401347.0,401347.0,401347.0,401347.0,0
20140715T,426284.0,426284.0,426284.0,426284.0,0
20140716T,452499.0,452499.0,452499.0,452499.0,0
20140718T,441535.0,441535.0,441535.0,441535.0,0
20140721T,448243.0,448243.0,448243.0,448243.0,0
20140722T,464249.0,464249.0,464249.0,464249.0,0
20140723T,483995.0,483995.0,483995.0,483995.0,0
20140724T,497229.0,497229.0,497229.0,497229.0,0
20140725T,483481.0,483481.0,483481.0,483481.0,0
20140728T,485314.0,485314.0,485314.0,485314.0,0
20140730T,506760.0,506760.0,506760.0,506760.0,0
20140731T,332522.0,332522.0,332522.0,332522.0,0
20140801T,362368.0,362368.0,362368.0,362368.0,0
20140804T,374037.0,374037.0,374037.0,374037.0,0
20140805T,397105.0,397105.0,397105.0,397105.0,0
20140806T,404207.0,404207.0,404207.0,404207.0,0
20140807T,420976.0,420976.0,420976.0,420976.0,0
20140808T,422950.0,422950.0,422950.0,422950.0,0
20140811T,443403.0,443403.0,443403.0,443403.0,0
20140812T,483988.0,483988.0,483988.0,483988.0,0
20140813T,488923.0,488923.0,488923.0,488923.0,0
20140814T,487273.0,487273.0,487273.0,487273.0,0
20140818T,519366.0,519366.0,519366.0,519366.0,0
20140819T,607074.0,607074.0,607074.0,607074.0,0
20140820T,608358.0,608358.0,608358.0,608358.0,0
20140821T,624461.0,624461.0,624461.0,624461.0,0
20140822T,635980.0,635980.0,635980.0,635980.0,0
20140825T,649019.0,649019.0,649019.0,649019.0,0
20140826T,637267.0,637267.0,637267.0,637267.0,0
20140827T,645165.0,645165.0,645165.0,645165.0,0
20140828T,395550.0,395550.0,395550.0,395550.0,0
20140901T,451250.0,451250.0,451250.0,451250.0,0
20140902T,497028.0,497028.0,497028.0,497028.0,0
20140903T,518834.0,518834.0,518834.0,518834.0,0
20140904T,512325.0,512325.0,512325.0,512325.0,0
20140905T,506294.0,506294.0,506294.0,506294.0,0
20140908T,525374.0,525374.0,525374.0,525374.0,0
20140909T,521028.0,521028.0,521028.0,521028.0,0
20140910T,523264.0,523264.0,523264.0,523264.0,0
20140911T,521764.0,521764.0,521764.0,521764.0,0
20140912T,540855.0,540855.0,540855.0,540855.0,0
20140915T,536297.0,536297.0,536297.0,536297.0,0
20140916T,539215.0,539215.0,539215.0,539215.0,0
20140917T,550936.0,550936.0,550936.0,550936.0,0
20140918T,552619.0,552619.0,552619.0,552619.0,0
20140919T,598810.0,598810.0,598810.0,598810.0,0
20140922T,611059.0,611059.0,611059.0,611059.0,0
20140923T,622013.0,622013.0,622013.0,622013.0,0
20140924T,619359.0,619359.0,619359.0,619359.0,0
20140925T,406024.0,406024.0,406024.0,406024.0,0
20140926T,417531.0,417531.0,417531.0,417531.0,0
20140929T,428676.0,428676.0,428676.0,428676.0,0
20140930T,452816.0,452816.0,452816.0,452816.0,0
20141001T,457773.0,457773.0,457773.0,457773.0,0
20141007T,458214.0,458214.0,458214.0,458214.0,0
20141008T,448797.0,448797.0,448797.0,448797.0,0
20141009T,461425.0,461425.0,461425.0,461425.0,0
20141010T,471113.0,471113.0,471113.0,471113.0,0
20141013T,480877.0,480877.0,480877.0,480877.0,0
20141014T,476184.0,476184.0,476184.0,476184.0,0
20141016T,468377.0,468377.0,468377.0,468377.0,0
20141017T,470253.0,470253.0,470253.0,470253.0,0
20141020T,486656.0,486656.0,486656.0,486656.0,0
20141021T,504087.0,504087.0,504087.0,504087.0,0
20141022T,519158.0,519158.0,519158.0,519158.0,0
20141023T,520326.0,520326.0,520326.0,520326.0,0
20141027T,525568.0,525568.0,525568.0,525568.0,0
20141028T,518164.0,518164.0,518164.0,518164.0,0
20141029T,524059.0,524059.0,524059.0,524059.0,0
20141030T,385795.0,385795.0,385795.0,385795.0,0
20141031T,819330.0,819330.0,819330.0,819330.0,0
20141103T,860692.0,860692.0,860692.0,860692.0,0
20141105T,921545.0,921545.0,921545.0,921545.0,0
20141107T,947984.0,947984.0,947984.0,947984.0,0
20141110T,955727.0,955727.0,955727.0,955727.0,0
20141111T,951027.0,951027.0,951027.0,951027.0,0
20141112T,989172.0,989172.0,989172.0,989172.0,0
20141113T,1014780.0,1014780.0,1014780.0,1014780.0,0
20141114T,1031804.0,1031804.0,1031804.0,1031804.0,0
20141117T,1029474.0,1029474.0,1029474.0,1029474.0,0
20141118T,1030179.0,1030179.0,1030179.0,1030179.0,0
20141119T,1043749.0,1043749.0,1043749.0,1043749.0,0
20141120T,1054455.0,1054455.0,1054455.0,1054455.0,0
20141121T,1041197.0,1041197.0,1041197.0,1041197.0,0
20141124T,1053947.0,1053947.0,1053947.0,1053947.0,0
20141125T,1055680.0,1055680.0,1055680.0,1055680.0,0
20141126T,1019478.0,1019478.0,1019478.0,1019478.0,0
20141127T,773888.0,773888.0,773888.0,773888.0,0
20141128T,858641.0,858641.0,858641.0,858641.0,0
20141201T,878403.0,878403.0,878403.0,878403.0,0
20141202T,874504.0,874504.0,874504.0,874504.0,0
20141203T,909148.0,909148.0,909148.0,909148.0,0
20141204T,929473.0,929473.0,929473.0,929473.0,0
20141205T,938496.0,938496.0,938496.0,938496.0,0
20141208T,909543.0,909543.0,909543.0,909543.0,0
20141209T,869443.0,869443.0,869443.0,869443.0,0
20141210T,829029.0,829029.0,829029.0,829029.0,0
20141211T,787912.0,787912.0,787912.0,787912.0,0
20141212T,789506.0,789506.0,789506.0,789506.0,0
20141215T,771809.0,771809.0,771809.0,771809.0,0
20141216T,788273.0,788273.0,788273.0,788273.0,0
20141217T,793715.0,793715.0,793715.0,793715.0,0
20141218T,833344.0,833344.0,833344.0,833344.0,0
20141219T,868876.0,868876.0,868876.0,868876.0,0
20141222T,856398.0,856398.0,856398.0,856398.0,0
20141223T,773360.0,773360.0,773360.0,773360.0,0
20141224T,378463.0,378463.0,378463.0,378463.0,0
20141226T,390398.0,390398.0,390398.0,390398.0,0
20141229T,380656.0,380656.0,380656.0,380656.0,0
20141230T,407059.0,407059.0,407059.0,407059.0,0
20141231T,430266.0,430266.0,430266.0,430266.0,0
20150101T,440533.0,440533.0,440533.0,440533.0,0
20150102T,454928.0,454928.0,454928.0,454928.0,0
20150105T,490399.0,490399.0,490399.0,490399.0,0
20150106T,524647.0,524647.0,524647.0,524647.0,0
20150107T,531041.0,531041.0,531041.0,531041.0,0
20150108T,549418.0,549418.0,549418.0,549418.0,0
20150109T,572839.0,572839.0,572839.0,572839.0,0
20150112T,582517.0,582517.0,582517.0,582517.0,0
20150113T,615641.0,615641.0,615641.0,615641.0,0
20150114T,628530.0,628530.0,628530.0,628530.0,0
20150115T,744888.0,744888.0,744888.0,744888.0,0
20150116T,779697.0,779697.0,779697.0,779697.0,0
20150119T,791397.0,791397.0,791397.0,791397.0,0
20150120T,888065.0,888065.0,888065.0,888065.0,0
20150121T,937227.0,937227.0,937227.0,937227.0,0
20150122T,913785.0,913785.0,913785.0,913785.0,0
20150123T,923747.0,923747.0,923747.0,923747.0,0
20150127T,943383.0,943383.0,943383.0,943383.0,0
20150128T,995930.0,995930.0,995930.0,995930.0,0
20150129T,602346.0,602346.0,602346.0,602346.0,0
20150130T,610502.0,610502.0,610502.0,610502.0,0
20150202T,622629.0,622629.0,622629.0,622629.0,0
20150203T,645491.0,645491.0,645491.0,645491.0,0
20150204T,641388.0,641388.0,641388.0,641388.0,0
20150205T,665209.0,665209.0,665209.0,665209.0,0
20150206T,621930.0,621930.0,621930.0,621930.0,0
20150209T,596649.0,596649.0,596649.0,596649.0,0
20150210T,614618.0,614618.0,614618.0,614618.0,0
20150211T,586142.0,586142.0,586142.0,586142.0,0
20150212T,589259.0,589259.0,589259.0,589259.0,0
20150213T,583315.0,583315.0,583315.0,583315.0,0
20150216T,571308.0,571308.0,571308.0,571308.0,0
20150218T,577691.0,577691.0,577691.0,577691.0,0
20150219T,553533.0,553533.0,553533.0,553533.0,0
20150220T,554539.0,554539.0,554539.0,554539.0,0
20150223T,550667.0,550667.0,550667.0,550667.0,0
20150224T,580798.0,580798.0,580798.0,580798.0,0
20150225T,594581.0,594581.0,594581.0,594581.0,0
20150226T,373366.0,373366.0,373366.0,373366.0,0
20150227T,444050.0,444050.0,444050.0,444050.0,0
20150302T,534595.0,534595.0,534595.0,534595.0,0
20150303T,565383.0,565383.0,565383.0,565383.0,0
20150304T,605544.0,605544.0,605544.0,605544.0,0
20150305T,590186.0,590186.0,590186.0,590186.0,0
20150309T,567779.0,567779.0,567779.0,567779.0,0
20150310T,531710.0,531710.0,531710.0,531710.0,0
20150311T,514540.0,514540.0,514540.0,514540.0,0
20150312T,521875.0,521875.0,521875.0,521875.0,0
20150313T,551863.0,551863.0,551863.0,551863.0,0
20150316T,540156.0,540156.0,540156.0,540156.0,0
20150317T,563960.0,563960.0,563960.0,563960.0,0
20150318T,598015.0,598015.0,598015.0,598015.0,0
20150319T,638013.0,638013.0,638013.0,638013.0,0
20150320T,611824.0,611824.0,611824.0,611824.0,0
20150323T,607184.0,607184.0,607184.0,607184.0,0
20150324T,632334.0,632334.0,632334.0,632334.0,0
20150325T,658261.0,658261.0,658261.0,658261.0,0
20150326T,456239.0,456239.0,456239.0,456239.0,0
20150327T,568860.0,568860.0,568860.0,568860.0,0
20150330T,637436.0,637436.0,637436.0,637436.0,0
20150331T,656043.0,656043.0,656043.0,656043.0,0
20150401T,698152.0,698152.0,698152.0,698152.0,0
20150406T,759833.0,759833.0,759833.0,759833.0,0
20150407T,772882.0,772882.0,772882.0,772882.0,0
20150408T,783176.0,783176.0,783176.0,783176.0,0
20150409T,807289.0,807289.0,807289.0,807289.0,0
20150410T,826803.0,826803.0,826803.0,826803.0,0
20150413T,857153.0,857153.0,857153.0,857153.0,0
20150415T,858149.0,858149.0,858149.0,858149.0,0
20150416T,864304.0,864304.0,864304.0,864304.0,0
20150417T,877295.0,877295.0,877295.0,877295.0,0
20150420T,865678.0,865678.0,865678.0,865678.0,0
20150421T,859104.0,859104.0,859104.0,859104.0,0
20150422T,873770.0,873770.0,873770.0,873770.0,0
20150423T,877496.0,877496.0,877496.0,877496.0,0
20150424T,905456.0,905456.0,905456.0,905456.0,0
20150427T,929060.0,929060.0,929060.0,929060.0,0
20150428T,917504.0,917504.0,917504.0,917504.0,0
20150429T,943653.0,943653.0,943653.0,943653.0,0
20150430T,489462.0,489462.0,489462.0,489462.0,0
20150504T,526802.0,526802.0,526802.0,526802.0,0
20150505T,568634.0,568634.0,568634.0,568634.0,0
20150506T,591488.0,591488.0,591488.0,591488.0,0
20150507T,567747.0,567747.0,567747.0,567747.0,0
20150508T,662808.0,662808.0,662808.0,662808.0,0
20150511T,691188.0,691188.0,691188.0,691188.0,0
20150512T,758692.0,758692.0,758692.0,758692.0,0
20150513T,791745.0,791745.0,791745.0,791745.0,0
20150514T,778823.0,778823.0,778823.0,778823.0,0
20150515T,805119.0,805119.0,805119.0,805119.0,0
20150518T,821107.0,821107.0,821107.0,821107.0,0
20150519T,843911.0,843911.0,843911.0,843911.0,0
20150520T,866034.0,866034.0,866034.0,866034.0,0
20150521T,888051.0,888051.0,888051.0,888051.0,0
20150522T,938280.0,938280.0,938280.0,938280.0,0
20150525T,939746.0,939746.0,939746.0,939746.0,0
20150526T,980006.0,980006.0,980006.0,980006.0,0
20150527T,957660.0,957660.0,957660.0,957660.0,0
20150528T,502535.0,502535.0,502535.0,502535.0,0
20150529T,598928.0,598928.0,598928.0,598928.0,0
20150601T,611024.0,611024.0,611024.0,611024.0,0
20150602T,622992.0,622992.0,622992.0,622992.0,0
20150603T,659419.0,659419.0,659419.0,659419.0,0
20150604T,658403.0,658403.0,658403.0,658403.0,0
20150605T,660545.0,660545.0,660545.0,660545.0,0
20150608T,666168.0,666168.0,666168.0,666168.0,0
20150609T,694597.0,694597.0,694597.0,694597.0,0
20150610T,714396.0,714396.0,714396.0,714396.0,0
20150611T,712958.0,712958.0,712958.0,712958.0,0
20150612T,736509.0,736509.0,736509.0,736509.0,0
20150615T,723352.0,723352.0,723352.0,723352.0,0
20150616T,742882.0,742882.0,742882.0,742882.0,0
20150617T,821302.0,821302.0,821302.0,821302.0,0
20150618T,888819.0,888819.0,888819.0,888819.0,0
20150619T,913318.0,913318.0,913318.0,913318.0,0
20150622T,959642.0,959642.0,959642.0,959642.0,0
20150623T,1002258.0,1002258.0,1002258.0,1002258.0,0
20150624T,1047489.0,1047489.0,1047489.0,1047489.0,0
20150625T,610797.0,610797.0,610797.0,610797.0,0
20150626T,656494.0,656494.0,656494.0,656494.0,0
20150629T,703894.0,703894.0,703894.0,703894.0,0
20150630T,711027.0,711027.0,711027.0,711027.0,0
20150701T,754329.0,754329.0,754329.0,754329.0,0
20150702T,788181.0,788181.0,788181.0,788181.0,0
20150703T,820047.0,820047.0,820047.0,820047.0,0
20150706T,825167.0,825167.0,825167.0,825167.0,0
20150707T,844522.0,844522.0,844522.0,844522.0,0
20150708T,844156.0,844156.0,844156.0,844156.0,0
20150709T,879273.0,879273.0,879273.0,879273.0,0
20150710T,935203.0,935203.0,935203.0,935203.0,0
20150713T,968778.0,968778.0,968778.0,968778.0,0
20150714T,978631.0,978631.0,978631.0,978631.0,0
20150715T,998952.0,998952.0,998952.0,998952.0,0
20150716T,1026097.0,1026097.0,1026097.0,1026097.0,0
20150717T,1049221.0,1049221.0,1049221.0,1049221.0,0
20150720T,1039157.0,1039157.0,1039157.0,1039157.0,0
20150721T,1029510.0,1029510.0,1029510.0,1029510.0,0
20150722T,1059869.0,1059869.0,1059869.0,1059869.0,0
20150723T,1074101.0,1074101.0,1074101.0,1074101.0,0
20150724T,1066986.0,1066986.0,1066986.0,1066986.0,0
20150727T,1078851.0,1078851.0,1078851.0,1078851.0,0
20150728T,1080271.0,1080271.0,1080271.0,1080271.0,0
20150729T,1109952.0,1109952.0,1109952.0,1109952.0,0
20150730T,692357.0,692357.0,692357.0,692357.0,0
20150731T,742850.0,742850.0,742850.0,742850.0,0
20150803T,754987.0,754987.0,754987.0,754987.0,0
20150804T,774834.0,774834.0,774834.0,774834.0,0
20150805T,790110.0,790110.0,790110.0,790110.0,0
20150806T,823094.0,823094.0,823094.0,823094.0,0
20150807T,839084.0,839084.0,839084.0,839084.0,0
20150810T,851655.0,851655.0,851655.0,851655.0,0
20150811T,869586.0,869586.0,869586.0,869586.0,0
20150812T,899960.0,899960.0,899960.0,899960.0,0
20150813T,898401.0,898401.0,898401.0,898401.0,0
20150814T,905648.0,905648.0,905648.0,905648.0,0
20150817T,912417.0,912417.0,912417.0,912417.0,0
20150818T,917661.0,917661.0,917661.0,917661.0,0
20150819T,919757.0,919757.0,919757.0,919757.0,0
20150820T,918549.0,918549.0,918549.0,918549.0,0
20150821T,953981.0,953981.0,953981.0,953981.0,0
20150824T,1007421.0,1007421.0,1007421.0,1007421.0,0
20150825T,1012271.0,1012271.0,1012271.0,1012271.0,0
20150826T,1040792.0,1040792.0,1040792.0,1040792.0,0
20150827T,661416.0,661416.0,661416.0,661416.0,0
20150828T,750360.0,750360.0,750360.0,750360.0,0
20150831T,773113.0,773113.0,773113.0,773113.0,0
20150901T,793606.0,793606.0,793606.0,793606.0,0
20150902T,823567.0,823567.0,823567.0,823567.0,0
20150903T,857342.0,857342.0,857342.0,857342.0,0
20150904T,923231.0,923231.0,923231.0,923231.0,0
20150907T,930673.0,930673.0,930673.0,930673.0,0
20150908T,935602.0,935602.0,935602.0,935602.0,0
20150909T,977743.0,977743.0,977743.0,977743.0,0
20150910T,1023681.0,1023681.0,1023681.0,1023681.0,0
20150911T,1034507.0,1034507.0,1034507.0,1034507.0,0
20150914T,1054696.0,1054696.0,1054696.0,1054696.0,0
20150915T,1006800.0,1006800.0,1006800.0,1006800.0,0
20150916T,1005400.0,1005400.0,1005400.0,1005400.0,0
20150918T,1007781.0,1007781.0,1007781.0,1007781.0,0
20150921T,1052053.0,1052053.0,1052053.0,1052053.0,0
20150922T,1073905.0,1073905.0,1073905.0,1073905.0,0
20150923T,1093368.0,1093368.0,1093368.0,1093368.0,0
20150924T,365967.0,365967.0,365967.0,365967.0,0
20150928T,411691.0,411691.0,411691.0,411691.0,0
20150929T,507687.0,507687.0,507687.0,507687.0,0
20150930T,519020.0,519020.0,519020.0,519020.0,0
20151001T,532052.0,532052.0,532052.0,532052.0,0
20151005T,557673.0,557673.0,557673.0,557673.0,0
20151006T,585790.0,585790.0,585790.0,585790.0,0
20151007T,590240.0,590240.0,590240.0,590240.0,0
20151008T,603666.0,603666.0,603666.0,603666.0,0
20151009T,622901.0,622901.0,622901.0,622901.0,0
20151012T,632165.0,632165.0,632165.0,632165.0,0
20151013T,624446.0,624446.0,624446.0,624446.0,0
20151014T,640555.0,640555.0,640555.0,640555.0,0
20151015T,675336.0,675336.0,675336.0,675336.0,0
20151016T,714114.0,714114.0,714114.0,714114.0,0
20151019T,737822.0,737822.0,737822.0,737822.0,0
20151020T,731755.0,731755.0,731755.0,731755.0,0
20151021T,721154.0,721154.0,721154.0,721154.0,0
20151023T,702622.0,702622.0,702622.0,702622.0,0
20151026T,656647.0,656647.0,656647.0,656647.0,0
20151027T,579288.0,579288.0,579288.0,579288.0,0
20151028T,535138.0,535138.0,535138.0,535138.0,0
20151029T,162706.0,162706.0,162706.0,162706.0,0
20151030T,193061.0,193061.0,193061.0,193061.0,0
20151102T,201082.0,201082.0,201082.0,201082.0,0
20151103T,212852.6667,212852.6667,212852.6667,212852.6667,0
20151104T,219437.0,219437.0,219437.0,219437.0,0
20151105T,217646.0,217646.0,217646.0,217646.0,0
20151106T,223090.0,223090.0,223090.0,223090.0,0
20151109T,223906.0,223906.0,223906.0,223906.0,0
20151110T,237639.0,237639.0,237639.0,237639.0,0
20151111T,237639.0,237639.0,237639.0,237639.0,0
20151113T,248399.0,248399.0,248399.0,248399.0,0
20151116T,257716.0,257716.0,257716.0,257716.0,0
20151117T,271745.0,271745.0,271745.0,271745.0,0
20151118T,262182.0,262182.0,262182.0,262182.0,0
20151119T,278737.0,278737.0,278737.0,278737.0,0
20151120T,284470.0,284470.0,284470.0,284470.0,0
20151123T,288118.0,288118.0,288118.0,288118.0,0
20151124T,292939.0,292939.0,292939.0,292939.0,0
20151126T,178214.0,178214.0,178214.0,178214.0,0
20151127T,198277.0,198277.0,198277.0,198277.0,0
20151130T,207057.0,207057.0,207057.0,207057.0,0
20151201T,238837.0,238837.0,238837.0,238837.0,0
20151202T,253276.0,253276.0,253276.0,253276.0,0
20151203T,278094.0,278094.0,278094.0,278094.0,0
20151204T,275013.0,275013.0,275013.0,275013.0,0
20151207T,279314.0,279314.0,279314.0,279314.0,0
20151208T,280055.0,280055.0,280055.0,280055.0,0
20151209T,281226.0,281226.0,281226.0,281226.0,0
20151210T,294739.0,294739.0,294739.0,294739.0,0
20151211T,301119.0,301119.0,301119.0,301119.0,0
20151214T,305528.0,305528.0,305528.0,305528.0,0
20151215T,297225.0,297225.0,297225.0,297225.0,0
20151216T,332143.0,332143.0,332143.0,332143.0,0
20151217T,331308.0,331308.0,331308.0,331308.0,0
20151218T,309253.0,309253.0,309253.0,309253.0,0
20151221T,314100.0,314100.0,314100.0,314100.0,0
20151222T,303568.0,303568.0,303568.0,303568.0,0
20151223T,311220.0,311220.0,311220.0,311220.0,0
20151224T,311478.0,311478.0,311478.0,311478.0,0
20151228T,327162.0,327162.0,327162.0,327162.0,0
20151229T,331638.0,331638.0,331638.0,331638.0,0
20151230T,342015.0,342015.0,342015.0,342015.0,0
20151231T,137473.0,137473.0,137473.0,137473.0,0
20160101T,143890.0,143890.0,143890.0,143890.0,0
20160104T,160868.0,160868.0,160868.0,160868.0,0
20160105T,165884.0,165884.0,165884.0,165884.0,0
20160106T,185228.0,185228.0,185228.0,185228.0,0
20160107T,210896.0,210896.0,210896.0,210896.0,0
20160108T,227852.0,227852.0,227852.0,227852.0,0
20160111T,249063.0,249063.0,249063.0,249063.0,0
20160112T,251727.0,251727.0,251727.0,251727.0,0
20160113T,271819.0,271819.0,271819.0,271819.0,0
20160114T,270904.0,270904.0,270904.0,270904.0,0
20160115T,270100.0,270100.0,270100.0,270100.0,0
20160118T,278791.0,278791.0,278791.0,278791.0,0
20160119T,300409.0,300409.0,300409.0,300409.0,0
20160120T,311360.0,311360.0,311360.0,311360.0,0
20160121T,313860.0,313860.0,313860.0,313860.0,0
20160122T,352631.0,352631.0,352631.0,352631.0,0
20160125T,364146.0,364146.0,364146.0,364146.0,0
20160127T,387210.0,387210.0,387210.0,387210.0,0
20160128T,185234.0,185234.0,185234.0,185234.0,0
20160129T,229378.0,229378.0,229378.0,229378.0,0
20160201T,262519.0,262519.0,262519.0,262519.0,0
20160202T,274417.0,274417.0,274417.0,274417.0,0
20160203T,279028.0,279028.0,279028.0,279028.0,0
20160204T,299579.0,299579.0,299579.0,299579.0,0
20160205T,321274.0,321274.0,321274.0,321274.0,0
20160208T,321331.0,321331.0,321331.0,321331.0,0
20160209T,306954.0,306954.0,306954.0,306954.0,0
20160211T,311278.0,311278.0,311278.0,311278.0,0
20160212T,299013.0,299013.0,299013.0,299013.0,0
20160215T,320597.0,320597.0,320597.0,320597.0,0
20160216T,318866.0,318866.0,318866.0,318866.0,0
20160217T,331764.0,331764.0,331764.0,331764.0,0
20160218T,357575.0,357575.0,357575.0,357575.0,0
20160219T,373750.0,373750.0,373750.0,373750.0,0
20160222T,377185.0,377185.0,377185.0,377185.0,0
20160223T,369453.0,369453.0,369453.0,369453.0,0
20160224T,368736.0,368736.0,368736.0,368736.0,0
20160225T,184238.0,184238.0,184238.0,184238.0,0
20160226T,211597.0,211597.0,211597.0,211597.0,0
20160229T,239273.0,239273.0,239273.0,239273.0,0
20160301T,300868.0,300868.0,300868.0,300868.0,0
20160302T,361375.0,361375.0,361375.0,361375.0,0
20160303T,388170.0,388170.0,388170.0,388170.0,0
20160304T,389003.0,389003.0,389003.0,389003.0,0
20160308T,388483.0,388483.0,388483.0,388483.0,0
20160309T,402930.0,402930.0,402930.0,402930.0,0
20160310T,410466.0,410466.0,410466.0,410466.0,0
20160311T,424078.0,424078.0,424078.0,424078.0,0
20160314T,427867.0,427867.0,427867.0,427867.0,0
20160315T,433951.0,433951.0,433951.0,433951.0,0
20160316T,443930.0,443930.0,443930.0,443930.0,0
20160317T,465310.0,465310.0,465310.0,465310.0,0
20160318T,485970.0,485970.0,485970.0,485970.0,0
20160321T,502015.0,502015.0,502015.0,502015.0,0
20160322T,499216.0,499216.0,499216.0,499216.0,0
20160323T,482835.0,482835.0,482835.0,482835.0,0
20160328T,474097.0,474097.0,474097.0,474097.0,0
20160329T,466703.0,466703.0,466703.0,466703.0,0
20160330T,456978.0,456978.0,456978.0,456978.0,0
20160331T,212601.0,212601.0,212601.0,212601.0,0
20160401T,215631.0,215631.0,215631.0,215631.0,0
20160404T,225739.0,225739.0,225739.0,225739.0,0
20160405T,238711.0,238711.0,238711.0,238711.0,0
20160406T,241572.0,241572.0,241572.0,241572.0,0
20160407T,240958.0,240958.0,240958.0,240958.0,0
20160408T,240164.0,240164.0,240164.0,240164.0,0
20160411T,238843.0,238843.0,238843.0,238843.0,0
20160412T,259180.0,259180.0,259180.0,259180.0,0
20160413T,290978.0,290978.0,290978.0,290978.0,0
20160418T,293216.0,293216.0,293216.0,293216.0,0
20160420T,303750.0,303750.0,303750.0,303750.0,0
20160421T,306648.0,306648.0,306648.0,306648.0,0
20160422T,321380.0,321380.0,321380.0,321380.0,0
20160425T,316562.0,316562.0,316562.0,316562.0,0
20160426T,315955.0,315955.0,315955.0,315955.0,0
20160427T,315795.0,315795.0,315795.0,315795.0,0
20160428T,181594.0,181594.0,181594.0,181594.0,0
20160429T,188247.0,188247.0,188247.0,188247.0,0
20160502T,193363.0,193363.0,193363.0,193363.0,0
20160503T,204618.0,204618.0,204618.0,204618.0,0
20160504T,205652.0,205652.0,205652.0,205652.0,0
20160505T,224280.0,224280.0,224280.0,224280.0,0
20160506T,234823.0,234823.0,234823.0,234823.0,0
20160509T,262323.0,262323.0,262323.0,262323.0,0
20160510T,265726.0,265726.0,265726.0,265726.0,0
20160511T,275167.0,275167.0,275167.0,275167.0,0
20160512T,278999.0,278999.0,278999.0,278999.0,0
20160513T,276802.0,276802.0,276802.0,276802.0,0
20160516T,283431.0,283431.0,283431.0,283431.0,0
20160517T,293050.0,293050.0,293050.0,293050.0,0
20160518T,303268.0,303268.0,303268.0,303268.0,0
20160519T,293794.0,293794.0,293794.0,293794.0,0
20160520T,293925.0,293925.0,293925.0,293925.0,0
20160523T,284705.0,284705.0,284705.0,284705.0,0
20160524T,285095.0,285095.0,285095.0,285095.0,0
20160525T,308571.0,308571.0,308571.0,308571.0,0
20160526T,190282.0,190282.0,190282.0,190282.0,0
20160527T,235674.0,235674.0,235674.0,235674.0,0
20160530T,252799.0,252799.0,252799.0,252799.0,0
20160531T,258970.0,258970.0,258970.0,258970.0,0
20160601T,266705.0,266705.0,266705.0,266705.0,0
20160602T,273954.0,273954.0,273954.0,273954.0,0
20160603T,277350.0,277350.0,277350.0,277350.0,0
20160606T,279389.0,279389.0,279389.0,279389.0,0
20160607T,292732.0,292732.0,292732.0,292732.0,0
20160608T,298372.0,298372.0,298372.0,298372.0,0
20160609T,299084.0,299084.0,299084.0,299084.0,0
20160610T,299130.0,299130.0,299130.0,299130.0,0
20160613T,287138.0,287138.0,287138.0,287138.0,0
20160614T,265537.0,265537.0,265537.0,265537.0,0
20160615T,270477.0,270477.0,270477.0,270477.0,0
20160616T,253126.0,253126.0,253126.0,253126.0,0
20160617T,255100.0,255100.0,255100.0,255100.0,0
20160620T,255876.0,255876.0,255876.0,255876.0,0
20160621T,263779.0,263779.0,263779.0,263779.0,0
20160622T,263657.0,263657.0,263657.0,263657.0,0
20160623T,263390.0,263390.0,263390.0,263390.0,0
20160624T,270557.0,270557.0,270557.0,270557.0,0
20160627T,273084.0,273084.0,273084.0,273084.0,0
20160628T,286122.0,286122.0,286122.0,286122.0,0
20160629T,286989.0,286989.0,286989.0,286989.0,0
20160630T,177222.0,177222.0,177222.0,177222.0,0
20160701T,185392.0,185392.0,185392.0,185392.0,0
20160704T,199507.0,199507.0,199507.0,199507.0,0
20160705T,207569.0,207569.0,207569.0,207569.0,0
20160707T,209638.0,209638.0,209638.0,209638.0,0
20160708T,216584.0,216584.0,216584.0,216584.0,0
20160711T,233373.0,233373.0,233373.0,233373.0,0
20160712T,246602.0,246602.0,246602.0,246602.0,0
20160713T,256993.0,256993.0,256993.0,256993.0,0
20160714T,255106.0,255106.0,255106.0,255106.0,0
20160715T,256321.0,256321.0,256321.0,256321.0,0
20160718T,266763.0,266763.0,266763.0,266763.0,0
20160719T,270295.0,270295.0,270295.0,270295.0,0
20160720T,270875.0,270875.0,270875.0,270875.0,0
20160721T,279332.0,279332.0,279332.0,279332.0,0
20160722T,263691.0,263691.0,263691.0,263691.0,0
20160725T,270877.0,270877.0,270877.0,270877.0,0
20160726T,269252.0,269252.0,269252.0,269252.0,0
20160727T,282531.0,282531.0,282531.0,282531.0,0
20160728T,190264.0,190264.0,190264.0,190264.0,0
20160729T,202153.0,202153.0,202153.0,202153.0,0
20160801T,210973.0,210973.0,210973.0,210973.0,0
20160802T,210936.0,210936.0,210936.0,210936.0,0
20160803T,211919.0,211919.0,211919.0,211919.0,0
20160804T,215316.0,215316.0,215316.0,215316.0,0
20160805T,231048.0,231048.0,231048.0,231048.0,0
20160808T,232783.0,232783.0,232783.0,232783.0,0
20160809T,238375.0,238375.0,238375.0,238375.0,0
20160810T,231883.0,231883.0,231883.0,231883.0,0
20160811T,231467.0,231467.0,231467.0,231467.0,0
20160812T,245668.0,245668.0,245668.0,245668.0,0
20160816T,244220.0,244220.0,244220.0,244220.0,0
20160817T,243048.0,243048.0,243048.0,243048.0,0
20160818T,256735.0,256735.0,256735.0,256735.0,0
20160819T,256995.0,256995.0,256995.0,256995.0,0
20160822T,262982.0,262982.0,262982.0,262982.0,0
20160823T,258578.0,258578.0,258578.0,258578.0,0
20160824T,268129.0,268129.0,268129.0,268129.0,0
20160825T,212213.0,212213.0,212213.0,212213.0,0
20160826T,224842.0,224842.0,224842.0,224842.0,0
20160829T,234094.0,234094.0,234094.0,234094.0,0
20160830T,272476.0,272476.0,272476.0,272476.0,0
20160831T,291963.0,291963.0,291963.0,291963.0,0
20160901T,298515.0,298515.0,298515.0,298515.0,0
20160902T,300590.0,300590.0,300590.0,300590.0,0
20160906T,316333.0,316333.0,316333.0,316333.0,0
20160907T,330377.0,330377.0,330377.0,330377.0,0
20160908T,332719.0,332719.0,332719.0,332719.0,0
20160909T,335084.0,335084.0,335084.0,335084.0,0
20160912T,336167.0,336167.0,336167.0,336167.0,0
20160914T,334392.0,334392.0,334392.0,334392.0,0
20160915T,338065.0,338065.0,338065.0,338065.0,0
20160916T,352642.0,352642.0,352642.0,352642.0,0
20160919T,351247.0,351247.0,351247.0,351247.0,0
20160920T,345693.0,345693.0,345693.0,345693.0,0
20160921T,340137.0,340137.0,340137.0,340137.0,0
20160922T,348041.0,348041.0,348041.0,348041.0,0
20160923T,351033.0,351033.0,351033.0,351033.0,0
20160926T,343921.0,343921.0,343921.0,343921.0,0
20160927T,346736.0,346736.0,346736.0,346736.0,0
20160928T,358678.0,358678.0,358678.0,358678.0,0
20160929T,203209.0,203209.0,203209.0,203209.0,0
20160930T,212161.0,212161.0,212161.0,212161.0,0
20161003T,221489.0,221489.0,221489.0,221489.0,0
20161004T,230011.0,230011.0,230011.0,230011.0,0
20161005T,233792.0,233792.0,233792.0,233792.0,0
20161006T,229075.0,229075.0,229075.0,229075.0,0
20161007T,232056.0,232056.0,232056.0,232056.0,0
20161010T,233856.0,233856.0,233856.0,233856.0,0
20161013T,227760.0,227760.0,227760.0,227760.0,0
20161014T,232551.0,232551.0,232551.0,232551.0,0
20161017T,245448.0,245448.0,245448.0,245448.0,0
20161018T,269497.0,269497.0,269497.0,269497.0,0
20161019T,268632.0,268632.0,268632.0,268632.0,0
20161020T,287136.0,287136.0,287136.0,287136.0,0
20161021T,289126.0,289126.0,289126.0,289126.0,0
20161024T,301164.0,301164.0,301164.0,301164.0,0
20161025T,295670.0,295670.0,295670.0,295670.0,0
20161026T,295414.0,295414.0,295414.0,295414.0,0
20161027T,193967.0,193967.0,193967.0,193967.0,0
20161028T,202637.0,202637.0,202637.0,202637.0,0
20161101T,214322.0,214322.0,214322.0,214322.0,0
20161102T,213987.0,213987.0,213987.0,213987.0,0
20161103T,217650.0,217650.0,217650.0,217650.0,0
20161104T,214122.0,214122.0,214122.0,214122.0,0
20161107T,213245.0,213245.0,213245.0,213245.0,0
20161108T,219392.0,219392.0,219392.0,219392.0,0
20161109T,225747.0,225747.0,225747.0,225747.0,0
20161110T,248220.0,248220.0,248220.0,248220.0,0
20161111T,240994.0,240994.0,240994.0,240994.0,0
20161115T,248933.0,248933.0,248933.0,248933.0,0
20161116T,253328.0,253328.0,253328.0,253328.0,0
20161117T,252312.0,252312.0,252312.0,252312.0,0
20161118T,255190.0,255190.0,255190.0,255190.0,0
20161121T,247523.0,247523.0,247523.0,247523.0,0
20161122T,262788.0,262788.0,262788.0,262788.0,0
20161123T,264485.0,264485.0,264485.0,264485.0,0
20161124T,149309.0,149309.0,149309.0,149309.0,0
20161125T,180703.0,180703.0,180703.0,180703.0,0
20161128T,198052.0,198052.0,198052.0,198052.0,0
20161129T,212800.0,212800.0,212800.0,212800.0,0
20161130T,224043.0,224043.0,224043.0,224043.0,0
20161201T,223753.0,223753.0,223753.0,223753.0,0
20161202T,225506.0,225506.0,225506.0,225506.0,0
20161205T,227112.0,227112.0,227112.0,227112.0,0
20161206T,233838.0,233838.0,233838.0,233838.0,0
20161207T,236513.0,236513.0,236513.0,236513.0,0
20161208T,253136.0,253136.0,253136.0,253136.0,0
20161209T,260973.0,260973.0,260973.0,260973.0,0
20161212T,251063.0,251063.0,251063.0,251063.0,0
20161213T,249548.0,249548.0,249548.0,249548.0,0
20161214T,239359.0,239359.0,239359.0,239359.0,0
20161215T,245711.0,245711.0,245711.0,245711.0,0
20161216T,243795.0,243795.0,243795.0,243795.0,0
20161219T,243534.0,243534.0,243534.0,243534.0,0
20161220T,249162.0,249162.0,249162.0,249162.0,0
20161221T,241654.0,241654.0,241654.0,241654.0,0
20161222T,242250.0,242250.0,242250.0,242250.0,0
20161223T,236793.0,236793.0,236793.0,236793.0,0
20161226T,242529.0,242529.0,242529.0,242529.0,0
20161227T,255002.0,255002.0,255002.0,255002.0,0
20161228T,257639.0,257639.0,257639.0,257639.0,0
20161229T,156954.0,156954.0,156954.0,156954.0,0
20161230T,187587.0,187587.0,187587.0,187587.0,0
20170102T,189164.0,189164.0,189164.0,189164.0,0
20170103T,202192.0,202192.0,202192.0,202192.0,0
20170104T,215079.0,215079.0,215079.0,215079.0,0
20170105T,257471.0,257471.0,257471.0,257471.0,0
20170106T,268092.0,268092.0,268092.0,268092.0,0
20170109T,271835.0,271835.0,271835.0,271835.0,0
20170110T,275493.0,275493.0,275493.0,275493.0,0
20170111T,293920.0,293920.0,293920.0,293920.0,0
20170112T,299294.0,299294.0,299294.0,299294.0,0
20170113T,303318.0,303318.0,303318.0,303318.0,0
20170116T,312072.0,312072.0,312072.0,312072.0,0
20170117T,318271.0,318271.0,318271.0,318271.0,0
20170118T,318852.0,318852.0,318852.0,318852.0,0
20170119T,317808.0,317808.0,317808.0,317808.0,0
20170120T,314841.0,314841.0,314841.0,314841.0,0
20170123T,298153.0,298153.0,298153.0,298153.0,0
20170124T,287371.0,287371.0,287371.0,287371.0,0
20170125T,175695.0,175695.0,175695.0,175695.0,0
20170127T,196194.0,196194.0,196194.0,196194.0,0
20170130T,215030.0,215030.0,215030.0,215030.0,0
20170131T,207293.0,207293.0,207293.0,207293.0,0
20170201T,220595.0,220595.0,220595.0,220595.0,0
20170202T,245403.0,245403.0,245403.0,245403.0,0
20170203T,250496.0,250496.0,250496.0,250496.0,0
20170206T,265896.0,265896.0,265896.0,265896.0,0
20170207T,267454.0,267454.0,267454.0,267454.0,0
20170208T,264465.0,264465.0,264465.0,264465.0,0
20170209T,265493.0,265493.0,265493.0,265493.0,0
20170210T,277483.0,277483.0,277483.0,277483.0,0
20170213T,286226.0,286226.0,286226.0,286226.0,0
20170214T,299997.0,299997.0,299997.0,299997.0,0
20170215T,307787.0,307787.0,307787.0,307787.0,0
20170216T,312462.0,312462.0,312462.0,312462.0,0
20170217T,327841.0,327841.0,327841.0,327841.0,0
20170220T,334413.0,334413.0,334413.0,334413.0,0
20170221T,348368.0,348368.0,348368.0,348368.0,0
20170222T,350745.0,350745.0,350745.0,350745.0,0
20170223T,219157.0,219157.0,219157.0,219157.0,0
20170227T,229226.0,229226.0,229226.0,229226.0,0
20170228T,234297.0,234297.0,234297.0,234297.0,0
20170301T,246967.0,246967.0,246967.0,246967.0,0
20170302T,250326.0,250326.0,250326.0,250326.0,0
20170303T,249368.0,249368.0,249368.0,249368.0,0
20170306T,250328.0,250328.0,250328.0,250328.0,0
20170307T,253099.0,253099.0,253099.0,253099.0,0
20170308T,254922.0,254922.0,254922.0,254922.0,0
20170309T,257320.0,257320.0,257320.0,257320.0,0
20170310T,250688.0,250688.0,250688.0,250688.0,0
20170314T,261211.0,261211.0,261211.0,261211.0,0
20170315T,266970.0,266970.0,266970.0,266970.0,0
20170316T,283149.0,283149.0,283149.0,283149.0,0
20170317T,290728.0,290728.0,290728.0,290728.0,0
20170320T,288523.0,288523.0,288523.0,288523.0,0
20170321T,288053.0,288053.0,288053.0,288053.0,0
20170322T,277951.0,277951.0,277951.0,277951.0,0
20170323T,282057.0,282057.0,282057.0,282057.0,0
20170324T,280301.0,280301.0,280301.0,280301.0,0
20170327T,277273.0,277273.0,277273.0,277273.0,0
20170328T,271843.0,271843.0,271843.0,271843.0,0
20170329T,265349.0,265349.0,265349.0,265349.0,0
20170330T,176029.0,176029.0,176029.0,176029.0,0
20170331T,189652.0,189652.0,189652.0,189652.0,0
20170403T,214391.0,214391.0,214391.0,214391.0,0
20170405T,215440.0,215440.0,215440.0,215440.0,0
20170406T,224059.0,224059.0,224059.0,224059.0,0
20170407T,225302.0,225302.0,225302.0,225302.0,0
20170410T,227928.0,227928.0,227928.0,227928.0,0
20170411T,233244.0,233244.0,233244.0,233244.0,0
20170412T,233510.0,233510.0,233510.0,233510.0,0
20170413T,233845.0,233845.0,233845.0,233845.0,0
20170417T,238380.0,238380.0,238380.0,238380.0,0
20170418T,244057.0,244057.0,244057.0,244057.0,0
20170419T,232297.0,232297.0,232297.0,232297.0,0
20170420T,228672.0,228672.0,228672.0,228672.0,0
20170421T,228322.0,228322.0,228322.0,228322.0,0
20170424T,234158.0,234158.0,234158.0,234158.0,0
20170425T,253367.0,253367.0,253367.0,253367.0,0
20170426T,270009.0,270009.0,270009.0,270009.0,0
20170427T,195853.0,195853.0,195853.0,195853.0,0
20170428T,201726.0,201726.0,201726.0,201726.0,0
20170502T,205087.0,205087.0,205087.0,205087.0,0
20170503T,209464.0,209464.0,209464.0,209464.0,0
20170504T,226154.0,226154.0,226154.0,226154.0,0
20170505T,234407.0,234407.0,234407.0,234407.0,0
20170508T,247282.0,247282.0,247282.0,247282.0,0
20170509T,251165.0,251165.0,251165.0,251165.0,0
20170510T,275052.0,275052.0,275052.0,275052.0,0
20170511T,292454.0,292454.0,292454.0,292454.0,0
20170512T,291454.0,291454.0,291454.0,291454.0,0
20170515T,294278.0,294278.0,294278.0,294278.0,0
20170516T,305069.0,305069.0,305069.0,305069.0,0
20170517T,321764.0,321764.0,321764.0,321764.0,0
20170518T,310651.0,310651.0,310651.0,310651.0,0
20170519T,305483.0,305483.0,305483.0,305483.0,0
20170522T,309100.0,309100.0,309100.0,309100.0,0
20170523T,300196.0,300196.0,300196.0,300196.0,0
20170524T,309714.0,309714.0,309714.0,309714.0,0
20170525T,183704.0,183704.0,183704.0,183704.0,0
20170526T,224070.0,224070.0,224070.0,224070.0,0
20170529T,235204.0,235204.0,235204.0,235204.0,0
20170530T,236052.0,236052.0,236052.0,236052.0,0
20170531T,236469.0,236469.0,236469.0,236469.0,0
20170601T,235184.0,235184.0,235184.0,235184.0,0
20170602T,241618.0,241618.0,241618.0,241618.0,0
20170605T,254972.0,254972.0,254972.0,254972.0,0
20170606T,252513.0,252513.0,252513.0,252513.0,0
20170607T,256096.0,256096.0,256096.0,256096.0,0
20170608T,249090.0,249090.0,249090.0,249090.0,0
20170609T,255087.0,255087.0,255087.0,255087.0,0
20170612T,254114.0,254114.0,254114.0,254114.0,0
20170613T,252892.0,252892.0,252892.0,252892.0,0
20170614T,250181.0,250181.0,250181.0,250181.0,0
20170615T,246863.0,246863.0,246863.0,246863.0,0
20170616T,246113.0,246113.0,246113.0,246113.0,0
20170619T,250870.0,250870.0,250870.0,250870.0,0
20170620T,248994.0,248994.0,248994.0,248994.0,0
20170621T,242819.0,242819.0,242819.0,242819.0,0
20170622T,246775.0,246775.0,246775.0,246775.0,0
20170623T,241309.0,241309.0,241309.0,241309.0,0
20170627T,236080.0,236080.0,236080.0,236080.0,0
20170628T,235285.0,235285.0,235285.0,235285.0,0
20170629T,178007.0,178007.0,178007.0,178007.0,0
20170630T,191076.0,191076.0,191076.0,191076.0,0
20170703T,200757.0,200757.0,200757.0,200757.0,0
20170704T,203148.0,203148.0,203148.0,203148.0,0
20170705T,205372.0,205372.0,205372.0,205372.0,0
20170706T,225263.0,225263.0,225263.0,225263.0,0
20170707T,226426.0,226426.0,226426.0,226426.0,0
20170710T,249350.0,249350.0,249350.0,249350.0,0
20170711T,270311.0,270311.0,270311.0,270311.0,0
20170712T,292596.0,292596.0,292596.0,292596.0,0
20170713T,312588.0,312588.0,312588.0,312588.0,0
20170714T,318309.0,318309.0,318309.0,318309.0,0
20170717T,331784.0,331784.0,331784.0,331784.0,0
20170718T,333418.0,333418.0,333418.0,333418.0,0
20170719T,335128.0,335128.0,335128.0,335128.0,0
20170720T,336183.0,336183.0,336183.0,336183.0,0
20170721T,333021.0,333021.0,333021.0,333021.0,0
20170724T,337067.0,337067.0,337067.0,337067.0,0
20170725T,340389.0,340389.0,340389.0,340389.0,0
20170726T,345666.0,345666.0,345666.0,345666.0,0
20170727T,253403.0,253403.0,253403.0,253403.0,0
20170728T,255562.0,255562.0,255562.0,255562.0,0
20170731T,261975.0,261975.0,261975.0,261975.0,0
20170801T,264869.0,264869.0,264869.0,264869.0,0
20170802T,262613.0,262613.0,262613.0,262613.0,0
20170803T,263462.0,263462.0,263462.0,263462.0,0
20170804T,267436.0,267436.0,267436.0,267436.0,0
20170807T,273078.0,273078.0,273078.0,273078.0,0
20170808T,277610.0,277610.0,277610.0,277610.0,0
20170809T,280639.0,280639.0,280639.0,280639.0,0
20170810T,279788.0,279788.0,279788.0,279788.0,0
20170811T,285214.0,285214.0,285214.0,285214.0,0
20170814T,289623.0,289623.0,289623.0,289623.0,0
20170816T,291676.0,291676.0,291676.0,291676.0,0
20170817T,292678.0,292678.0,292678.0,292678.0,0
20170818T,293740.0,293740.0,293740.0,293740.0,0
20170821T,298661.0,298661.0,298661.0,298661.0,0
20170822T,299974.0,299974.0,299974.0,299974.0,0
20170823T,305579.0,305579.0,305579.0,305579.0,0
20170824T,309597.0,309597.0,309597.0,309597.0,0
20170828T,325624.0,325624.0,325624.0,325624.0,0
20170829T,311930.0,311930.0,311930.0,311930.0,0
20170830T,303166.0,303166.0,303166.0,303166.0,0
20170831T,217774.0,217774.0,217774.0,217774.0,0
20170901T,230402.0,230402.0,230402.0,230402.0,0
20170904T,232121.0,232121.0,232121.0,232121.0,0
20170905T,238523.0,238523.0,238523.0,238523.0,0
20170906T,241616.0,241616.0,241616.0,241616.0,0
20170907T,242369.0,242369.0,242369.0,242369.0,0
20170908T,246290.0,246290.0,246290.0,246290.0,0
20170911T,265630.0,265630.0,265630.0,265630.0,0
20170912T,274076.0,274076.0,274076.0,274076.0,0
20170913T,267908.0,267908.0,267908.0,267908.0,0
20170914T,269862.0,269862.0,269862.0,269862.0,0
20170915T,275138.0,275138.0,275138.0,275138.0,0
20170918T,277433.0,277433.0,277433.0,277433.0,0
20170919T,275907.0,275907.0,275907.0,275907.0,0
20170920T,277791.0,277791.0,277791.0,277791.0,0
20170921T,278240.0,278240.0,278240.0,278240.0,0
20170922T,268057.0,268057.0,268057.0,268057.0,0
20170925T,260382.0,260382.0,260382.0,260382.0,0
20170926T,271230.0,271230.0,271230.0,271230.0,0
20170927T,276612.0,276612.0,276612.0,276612.0,0
20170928T,219910.0,219910.0,219910.0,219910.0,0
20170929T,238853.0,238853.0,238853.0,238853.0,0
20171003T,241389.0,241389.0,241389.0,241389.0,0
20171004T,247700.0,247700.0,247700.0,247700.0,0
20171005T,254956.0,254956.0,254956.0,254956.0,0
20171006T,261361.0,261361.0,261361.0,261361.0,0
20171009T,262529.0,262529.0,262529.0,262529.0,0
20171010T,268204.0,268204.0,268204.0,268204.0,0
20171011T,282147.0,282147.0,282147.0,282147.0,0
20171012T,290955.0,290955.0,290955.0,290955.0,0
20171013T,308710.0,308710.0,308710.0,308710.0,0
20171016T,320172.0,320172.0,320172.0,320172.0,0
20171017T,323343.0,323343.0,323343.0,323343.0,0
20171018T,315227.0,315227.0,315227.0,315227.0,0
20171019T,315237.0,315237.0,315237.0,315237.0,0
20171023T,329245.0,329245.0,329245.0,329245.0,0
20171024T,343599.0,343599.0,343599.0,343599.0,0
20171025T,349438.0,349438.0,349438.0,349438.0,0
20171026T,262683.0,262683.0,262683.0,262683.0,0
20171027T,280527.0,280527.0,280527.0,280527.0,0
20171030T,288951.0,288951.0,288951.0,288951.0,0
20171031T,285433.0,285433.0,285433.0,285433.0,0
20171101T,305038.0,305038.0,305038.0,305038.0,0
20171102T,302677.0,302677.0,302677.0,302677.0,0
20171103T,304186.0,304186.0,304186.0,304186.0,0
20171106T,311159.0,311159.0,311159.0,311159.0,0
20171107T,316849.0,316849.0,316849.0,316849.0,0
20171108T,317042.0,317042.0,317042.0,317042.0,0
20171109T,309370.0,309370.0,309370.0,309370.0,0
20171110T,311232.0,311232.0,311232.0,311232.0,0
20171113T,307192.0,307192.0,307192.0,307192.0,0
20171114T,293320.0,293320.0,293320.0,293320.0,0
20171115T,287225.0,287225.0,287225.0,287225.0,0
20171116T,295172.0,295172.0,295172.0,295172.0,0
20171117T,300974.0,300974.0,300974.0,300974.0,0
20171120T,297125.0,297125.0,297125.0,297125.0,0
20171121T,290174.0,290174.0,290174.0,290174.0,0
20171122T,291196.0,291196.0,291196.0,291196.0,0
20171123T,281521.0,281521.0,281521.0,281521.0,0
20171124T,285842.0,285842.0,285842.0,285842.0,0
20171127T,282748.0,282748.0,282748.0,282748.0,0
20171128T,275635.0,275635.0,275635.0,275635.0,0
20171129T,276564.0,276564.0,276564.0,276564.0,0
20171130T,199923.0,199923.0,199923.0,199923.0,0
20171201T,207809.0,207809.0,207809.0,207809.0,0
20171204T,212504.0,212504.0,212504.0,212504.0,0
20171205T,227134.0,227134.0,227134.0,227134.0,0
20171206T,239741.0,239741.0,239741.0,239741.0,0
20171207T,234923.0,234923.0,234923.0,234923.0,0
20171208T,253767.0,253767.0,253767.0,253767.0,0
20171211T,263010.0,263010.0,263010.0,263010.0,0
20171212T,275060.0,275060.0,275060.0,275060.0,0
20171213T,274088.0,274088.0,274088.0,274088.0,0
20171214T,271444.0,271444.0,271444.0,271444.0,0
20171215T,274564.0,274564.0,274564.0,274564.0,0
20171218T,290602.0,290602.0,290602.0,290602.0,0
20171219T,295495.0,295495.0,295495.0,295495.0,0
20171220T,302459.0,302459.0,302459.0,302459.0,0
20171221T,297115.0,297115.0,297115.0,297115.0,0
20171222T,303103.0,303103.0,303103.0,303103.0,0
20171226T,313449.0,313449.0,313449.0,313449.0,0
20171227T,282491.0,282491.0,282491.0,282491.0,0
20171228T,158229.0,158229.0,158229.0,158229.0,0
20171229T,171516.0,171516.0,171516.0,171516.0,0
20180101T,174957.0,174957.0,174957.0,174957.0,0
20180102T,181666.0,181666.0,181666.0,181666.0,0
20180103T,184690.0,184690.0,184690.0,184690.0,0
20180104T,186185.0,186185.0,186185.0,186185.0,0
20180105T,203872.0,203872.0,203872.0,203872.0,0
20180108T,227907.0,227907.0,227907.0,227907.0,0
20180109T,237268.0,237268.0,237268.0,237268.0,0
20180110T,239481.0,239481.0,239481.0,239481.0,0
20180111T,244948.0,244948.0,244948.0,244948.0,0
20180112T,266070.0,266070.0,266070.0,266070.0,0
20180115T,297985.0,297985.0,297985.0,297985.0,0
20180116T,307578.0,307578.0,307578.0,307578.0,0
20180117T,319769.0,319769.0,319769.0,319769.0,0
20180118T,318932.0,318932.0,318932.0,318932.0,0
20180119T,339591.0,339591.0,339591.0,339591.0,0
20180122T,334415.0,334415.0,334415.0,334415.0,0
20180123T,319538.0,319538.0,319538.0,319538.0,0
20180124T,298837.0,298837.0,298837.0,298837.0,0
20180125T,209669.0,209669.0,209669.0,209669.0,0
20180129T,222204.0,222204.0,222204.0,222204.0,0
20180130T,226341.0,226341.0,226341.0,226341.0,0
20180131T,222642.0,222642.0,222642.0,222642.0,0
20180201T,218104.0,218104.0,218104.0,218104.0,0
20180202T,226730.0,226730.0,226730.0,226730.0,0
20180205T,222695.0,222695.0,222695.0,222695.0,0
20180206T,229715.0,229715.0,229715.0,229715.0,0
20180207T,240041.0,240041.0,240041.0,240041.0,0
20180208T,232554.0,232554.0,232554.0,232554.0,0
20180209T,231879.0,231879.0,231879.0,231879.0,0
20180212T,236075.0,236075.0,236075.0,236075.0,0
20180214T,243795.0,243795.0,243795.0,243795.0,0
20180215T,248814.0,248814.0,248814.0,248814.0,0
20180216T,259160.0,259160.0,259160.0,259160.0,0
20180219T,240942.0,240942.0,240942.0,240942.0,0
20180220T,246406.0,246406.0,246406.0,246406.0,0
20180221T,244725.0,244725.0,244725.0,244725.0,0
20180222T,147425.0,147425.0,147425.0,147425.0,0
20180223T,183383.0,183383.0,183383.0,183383.0,0
20180226T,188695.0,188695.0,188695.0,188695.0,0
20180227T,193113.0,193113.0,193113.0,193113.0,0
20180228T,200697.0,200697.0,200697.0,200697.0,0
20180301T,208838.0,208838.0,208838.0,208838.0,0
20180305T,221559.0,221559.0,221559.0,221559.0,0
20180306T,230580.0,230580.0,230580.0,230580.0,0
20180307T,225401.0,225401.0,225401.0,225401.0,0
20180308T,219617.0,219617.0,219617.0,219617.0,0
20180309T,226599.0,226599.0,226599.0,226599.0,0
20180312T,240300.0,240300.0,240300.0,240300.0,0
20180313T,247987.0,247987.0,247987.0,247987.0,0
20180314T,247590.0,247590.0,247590.0,247590.0,0
20180315T,236695.0,236695.0,236695.0,236695.0,0
20180316T,229213.0,229213.0,229213.0,229213.0,0
20180319T,224517.0,224517.0,224517.0,224517.0,0
20180320T,224927.0,224927.0,224927.0,224927.0,0
20180321T,230953.0,230953.0,230953.0,230953.0,0
20180322T,229138.0,229138.0,229138.0,229138.0,0
20180323T,239863.0,239863.0,239863.0,239863.0,0
20180326T,241997.0,241997.0,241997.0,241997.0,0
20180327T,238035.0,238035.0,238035.0,238035.0,0
20180328T,144762.0,144762.0,144762.0,144762.0,0
20180402T,168471.0,168471.0,168471.0,168471.0,0
20180403T,182507.0,182507.0,182507.0,182507.0,0
20180404T,195585.0,195585.0,195585.0,195585.0,0
20180405T,201902.0,201902.0,201902.0,201902.0,0
20180406T,203506.0,203506.0,203506.0,203506.0,0
20180409T,215927.0,215927.0,215927.0,215927.0,0
20180410T,220540.0,220540.0,220540.0,220540.0,0
20180411T,220230.0,220230.0,220230.0,220230.0,0
20180412T,224979.0,224979.0,224979.0,224979.0,0
20180413T,236652.0,236652.0,236652.0,236652.0,0
20180416T,240655.0,240655.0,240655.0,240655.0,0
20180417T,244404.0,244404.0,244404.0,244404.0,0
20180418T,241949.3333,241949.3333,241949.3333,241949.3333,0
20180419T,241238.0,241238.0,241238.0,241238.0,0
20180420T,242730.0,242730.0,242730.0,242730.0,0
20180423T,237125.0,237125.0,237125.0,237125.0,0
20180424T,232080.0,232080.0,232080.0,232080.0,0
20180425T,227564.0,227564.0,227564.0,227564.0,0
20180426T,174905.0,174905.0,174905.0,174905.0,0
20180427T,192614.0,192614.0,192614.0,192614.0,0
20180430T,200871.0,200871.0,200871.0,200871.0,0
20180502T,199526.0,199526.0,199526.0,199526.0,0
20180503T,193624.0,193624.0,193624.0,193624.0,0
20180504T,194961.0,194961.0,194961.0,194961.0,0
20180507T,196867.0,196867.0,196867.0,196867.0,0
20180508T,200230.0,200230.0,200230.0,200230.0,0
20180509T,210627.0,210627.0,210627.0,210627.0,0
20180510T,209386.0,209386.0,209386.0,209386.0,0
20180511T,222426.0,222426.0,222426.0,222426.0,0
20180514T,225453.0,225453.0,225453.0,225453.0,0
20180515T,239156.0,239156.0,239156.0,239156.0,0
20180516T,239841.0,239841.0,239841.0,239841.0,0
20180517T,232339.0,232339.0,232339.0,232339.0,0
20180518T,219570.0,219570.0,219570.0,219570.0,0
20180521T,213925.0,213925.0,213925.0,213925.0,0
20180522T,211672.0,211672.0,211672.0,211672.0,0
20180523T,217229.0,217229.0,217229.0,217229.0,0
20180524T,217153.0,217153.0,217153.0,217153.0,0
20180525T,224790.0,224790.0,224790.0,224790.0,0
20180528T,225670.0,225670.0,225670.0,225670.0,0
20180529T,224467.0,224467.0,224467.0,224467.0,0
20180530T,227343.0,227343.0,227343.0,227343.0,0
20180531T,147228.0,147228.0,147228.0,147228.0,0
20180601T,154035.0,154035.0,154035.0,154035.0,0
20180604T,157935.0,157935.0,157935.0,157935.0,0
20180605T,164612.0,164612.0,164612.0,164612.0,0
20180606T,161113.0,161113.0,161113.0,161113.0,0
20180607T,172085.0,172085.0,172085.0,172085.0,0
20180608T,190930.0,190930.0,190930.0,190930.0,0
20180611T,199429.0,199429.0,199429.0,199429.0,0
20180612T,199859.0,199859.0,199859.0,199859.0,0
20180614T,209361.0,209361.0,209361.0,209361.0,0
20180615T,218185.0,218185.0,218185.0,218185.0,0
20180618T,218884.0,218884.0,218884.0,218884.0,0
20180619T,222894.0,222894.0,222894.0,222894.0,0
20180620T,226596.0,226596.0,226596.0,226596.0,0
20180621T,224535.0,224535.0,224535.0,224535.0,0
20180622T,227522.0,227522.0,227522.0,227522.0,0
20180625T,225052.0,225052.0,225052.0,225052.0,0
20180626T,222238.0,222238.0,222238.0,222238.0,0
20180627T,200288.6667,200288.6667,200288.6667,200288.6667,0
20180628T,150098.0,150098.0,150098.0,150098.0,0
20180629T,159132.0,159132.0,159132.0,159132.0,0
20180702T,158868.0,158868.0,158868.0,158868.0,0
20180703T,160876.0,160876.0,160876.0,160876.0,0
20180704T,168991.0,168991.0,168991.0,168991.0,0
20180705T,162445.0,162445.0,162445.0,162445.0,0
20180706T,166141.0,166141.0,166141.0,166141.0,0
20180709T,183354.0,183354.0,183354.0,183354.0,0
20180710T,178389.0,178389.0,178389.0,178389.0,0
20180711T,176235.0,176235.0,176235.0,176235.0,0
20180712T,187037.0,187037.0,187037.0,187037.0,0
20180713T,186339.0,186339.0,186339.0,186339.0,0
20180716T,198198.0,198198.0,198198.0,198198.0,0
20180717T,197739.0,197739.0,197739.0,197739.0,0
20180718T,203468.0,203468.0,203468.0,203468.0,0
20180719T,195948.0,195948.0,195948.0,195948.0,0
20180720T,196534.0,196534.0,196534.0,196534.0,0
20180723T,199595.0,199595.0,199595.0,199595.0,0
20180724T,195609.0,195609.0,195609.0,195609.0,0
20180725T,190152.0,190152.0,190152.0,190152.0,0
20180726T,144941.0,144941.0,144941.0,144941.0,0
20180727T,160044.0,160044.0,160044.0,160044.0,0
20180730T,169341.0,169341.0,169341.0,169341.0,0
20180731T,172300.0,172300.0,172300.0,172300.0,0
20180801T,174810.0,174810.0,174810.0,174810.0,0
20180802T,194404.0,194404.0,194404.0,194404.0,0
20180803T,197231.0,197231.0,197231.0,197231.0,0
20180806T,199229.0,199229.0,199229.0,199229.0,0
20180807T,201411.0,201411.0,201411.0,201411.0,0
20180808T,206094.0,206094.0,206094.0,206094.0,0
20180809T,211205.0,211205.0,211205.0,211205.0,0
20180810T,214663.0,214663.0,214663.0,214663.0,0
20180813T,221901.0,221901.0,221901.0,221901.0,0
20180814T,226114.0,226114.0,226114.0,226114.0,0
20180816T,220500.0,220500.0,220500.0,220500.0,0
20180817T,243150.0,243150.0,243150.0,243150.0,0
20180820T,248857.0,248857.0,248857.0,248857.0,0
20180821T,246342.0,246342.0,246342.0,246342.0,0
20180823T,231513.0,231513.0,231513.0,231513.0,0
20180824T,231198.0,231198.0,231198.0,231198.0,0
20180827T,226774.0,226774.0,226774.0,226774.0,0
20180828T,216950.0,216950.0,216950.0,216950.0,0
20180829T,207373.0,207373.0,207373.0,207373.0,0
20180830T,160114.0,160114.0,160114.0,160114.0,0
20180831T,176078.0,176078.0,176078.0,176078.0,0
20180903T,189057.0,189057.0,189057.0,189057.0,0
20180904T,182694.0,182694.0,182694.0,182694.0,0
20180905T,205435.0,205435.0,205435.0,205435.0,0
20180906T,217638.0,217638.0,217638.0,217638.0,0
20180907T,228007.0,228007.0,228007.0,228007.0,0
20180910T,225009.0,225009.0,225009.0,225009.0,0
20180911T,237984.0,237984.0,237984.0,237984.0,0
20180912T,241015.0,241015.0,241015.0,241015.0,0
20180914T,253769.0,253769.0,253769.0,253769.0,0
20180917T,246788.0,246788.0,246788.0,246788.0,0
20180918T,246393.0,246393.0,246393.0,246393.0,0
20180919T,257010.0,257010.0,257010.0,257010.0,0
20180921T,238864.0,238864.0,238864.0,238864.0,0
20180924T,254824.0,254824.0,254824.0,254824.0,0
20180925T,270972.0,270972.0,270972.0,270972.0,0
20180926T,277512.0,277512.0,277512.0,277512.0,0
20180927T,188541.0,188541.0,188541.0,188541.0,0
20180928T,181732.0,181732.0,181732.0,181732.0,0
20181001T,208682.0,208682.0,208682.0,208682.0,0
20181003T,216996.0,216996.0,216996.0,216996.0,0
20181004T,201819.0,201819.0,201819.0,201819.0,0
20181005T,220390.0,220390.0,220390.0,220390.0,0
20181008T,217690.0,217690.0,217690.0,217690.0,0
20181009T,225186.0,225186.0,225186.0,225186.0,0
20181010T,228349.0,228349.0,228349.0,228349.0,0
20181011T,236797.0,236797.0,236797.0,236797.0,0
20181012T,254408.0,254408.0,254408.0,254408.0,0
20181015T,266328.0,266328.0,266328.0,266328.0,0
20181016T,267534.0,267534.0,267534.0,267534.0,0
20181017T,254436.0,254436.0,254436.0,254436.0,0
20181019T,258704.0,258704.0,258704.0,258704.0,0
20181022T,265816.0,265816.0,265816.0,265816.0,0
20181023T,264466.0,264466.0,264466.0,264466.0,0
20181024T,273753.0,273753.0,273753.0,273753.0,0
20181025T,163880.0,163880.0,163880.0,163880.0,0
20181026T,171720.0,171720.0,171720.0,171720.0,0
20181029T,198882.0,198882.0,198882.0,198882.0,0
20181030T,205761.0,205761.0,205761.0,205761.0,0
20181031T,225836.0,225836.0,225836.0,225836.0,0
20181101T,215408.0,215408.0,215408.0,215408.0,0
20181102T,257294.0,257294.0,257294.0,257294.0,0
20181105T,264521.0,264521.0,264521.0,264521.0,0
20181106T,282267.0,282267.0,282267.0,282267.0,0
20181107T,282485.0,282485.0,282485.0,282485.0,0
20181109T,293660.0,293660.0,293660.0,293660.0,0
20181112T,289357.0,289357.0,289357.0,289357.0,0
20181113T,298781.0,298781.0,298781.0,298781.0,0
20181114T,299206.0,299206.0,299206.0,299206.0,0
20181115T,301804.0,301804.0,301804.0,301804.0,0
20181116T,304541.0,304541.0,304541.0,304541.0,0
20181119T,314655.0,314655.0,314655.0,314655.0,0
20181120T,311208.0,311208.0,311208.0,311208.0,0
20181121T,310150.0,310150.0,310150.0,310150.0,0
20181122T,293854.0,293854.0,293854.0,293854.0,0
20181126T,308342.0,308342.0,308342.0,308342.0,0
20181127T,294133.0,294133.0,294133.0,294133.0,0
20181128T,271874.0,271874.0,271874.0,271874.0,0
20181129T,192295.0,192295.0,192295.0,192295.0,0
20181130T,213978.0,213978.0,213978.0,213978.0,0
20181203T,216866.0,216866.0,216866.0,216866.0,0
20181204T,226501.0,226501.0,226501.0,226501.0,0
20181205T,235114.0,235114.0,235114.0,235114.0,0
20181206T,225607.0,225607.0,225607.0,225607.0,0
20181207T,227428.0,227428.0,227428.0,227428.0,0
20181210T,229890.0,229890.0,229890.0,229890.0,0
20181211T,250099.0,250099.0,250099.0,250099.0,0
20181212T,249970.0,249970.0,249970.0,249970.0,0
20181213T,239518.0,239518.0,239518.0,239518.0,0
20181214T,243301.0,243301.0,243301.0,243301.0,0
20181217T,243714.0,243714.0,243714.0,243714.0,0
20181218T,243063.0,243063.0,243063.0,243063.0,0
20181219T,243301.0,243301.0,243301.0,243301.0,0
20181220T,247159.0,247159.0,247159.0,247159.0,0
20181221T,246641.0,246641.0,246641.0,246641.0,0
20181224T,244382.0,244382.0,244382.0,244382.0,0
20181226T,235535.0,235535.0,235535.0,235535.0,0
20181227T,132607.0,132607.0,132607.0,132607.0,0
20181228T,146869.0,146869.0,146869.0,146869.0,0
20181231T,153098.0,153098.0,153098.0,153098.0,0
20190101T,155103.0,155103.0,155103.0,155103.0,0
20190102T,161448.0,161448.0,161448.0,161448.0,0
20190103T,165153.0,165153.0,165153.0,165153.0,0
20190104T,171162.0,171162.0,171162.0,171162.0,0
20190107T,178600.0,178600.0,178600.0,178600.0,0
20190108T,183535.0,183535.0,183535.0,183535.0,0
20190109T,192151.0,192151.0,192151.0,192151.0,0
20190110T,192439.0,192439.0,192439.0,192439.0,0
20190111T,200058.0,200058.0,200058.0,200058.0,0
20190114T,201961.0,201961.0,201961.0,201961.0,0
20190115T,207464.0,207464.0,207464.0,207464.0,0
20190116T,211198.0,211198.0,211198.0,211198.0,0
20190117T,208410.0,208410.0,208410.0,208410.0,0
20190118T,211528.0,211528.0,211528.0,211528.0,0
20190121T,224431.0,224431.0,224431.0,224431.0,0
20190122T,229343.0,229343.0,229343.0,229343.0,0
20190123T,226849.0,226849.0,226849.0,226849.0,0
20190124T,220006.0,220006.0,220006.0,220006.0,0
20190125T,223247.0,223247.0,223247.0,223247.0,0
20190128T,218228.0,218228.0,218228.0,218228.0,0
20190129T,228323.0,228323.0,228323.0,228323.0,0
20190130T,234973.0,234973.0,234973.0,234973.0,0
20190131T,180496.0,180496.0,180496.0,180496.0,0
20190201T,197315.0,197315.0,197315.0,197315.0,0
20190204T,199617.0,199617.0,199617.0,199617.0,0
20190205T,206126.0,206126.0,206126.0,206126.0,0
20190206T,213747.0,213747.0,213747.0,213747.0,0
20190207T,208085.0,208085.0,208085.0,208085.0,0
20190208T,228999.0,228999.0,228999.0,228999.0,0
20190211T,233117.0,233117.0,233117.0,233117.0,0
20190212T,235193.0,235193.0,235193.0,235193.0,0
20190213T,232582.0,232582.0,232582.0,232582.0,0
20190214T,226905.0,226905.0,226905.0,226905.0,0
20190215T,223151.0,223151.0,223151.0,223151.0,0
20190218T,222721.0,222721.0,222721.0,222721.0,0
20190219T,221722.0,221722.0,221722.0,221722.0,0
20190220T,244010.0,244010.0,244010.0,244010.0,0
20190221T,232387.0,232387.0,232387.0,232387.0,0
20190222T,228836.0,228836.0,228836.0,228836.0,0
20190225T,241423.0,241423.0,241423.0,241423.0,0
20190226T,238034.0,238034.0,238034.0,238034.0,0
20190227T,242414.0,242414.0,242414.0,242414.0,0
20190228T,137661.0,137661.0,137661.0,137661.0,0
20190301T,152479.0,152479.0,152479.0,152479.0,0
20190305T,171365.0,171365.0,171365.0,171365.0,0
20190306T,189714.0,189714.0,189714.0,189714.0,0
20190307T,207787.0,207787.0,207787.0,207787.0,0
20190308T,230416.0,230416.0,230416.0,230416.0,0
20190311T,250023.0,250023.0,250023.0,250023.0,0
20190312T,274596.0,274596.0,274596.0,274596.0,0
20190313T,294857.0,294857.0,294857.0,294857.0,0
20190314T,279791.0,279791.0,279791.0,279791.0,0
20190315T,295702.0,295702.0,295702.0,295702.0,0
20190318T,298217.0,298217.0,298217.0,298217.0,0
20190319T,301847.0,301847.0,301847.0,301847.0,0
20190320T,294423.0,294423.0,294423.0,294423.0,0
20190322T,287970.0,287970.0,287970.0,287970.0,0
20190325T,315258.0,315258.0,315258.0,315258.0,0
20190326T,321064.0,321064.0,321064.0,321064.0,0
20190327T,311128.0,311128.0,311128.0,311128.0,0
20190328T,202935.0,202935.0,202935.0,202935.0,0
20190329T,210702.0,210702.0,210702.0,210702.0,0
20190401T,221377.0,221377.0,221377.0,221377.0,0
20190402T,229752.0,229752.0,229752.0,229752.0,0
20190403T,220950.0,220950.0,220950.0,220950.0,0
20190404T,218635.0,218635.0,218635.0,218635.0,0
20190405T,222838.0,222838.0,222838.0,222838.0,0
20190408T,236233.0,236233.0,236233.0,236233.0,0
20190409T,251346.0,251346.0,251346.0,251346.0,0
20190410T,262942.0,262942.0,262942.0,262942.0,0
20190411T,235587.0,235587.0,235587.0,235587.0,0
20190412T,241790.0,241790.0,241790.0,241790.0,0
20190415T,262470.0,262470.0,262470.0,262470.0,0
20190416T,268462.0,268462.0,268462.0,268462.0,0
20190418T,230569.0,230569.0,230569.0,230569.0,0
20190422T,242894.0,242894.0,242894.0,242894.0,0
20190423T,256864.0,256864.0,256864.0,256864.0,0
20190424T,259650.0,259650.0,259650.0,259650.0,0
20190425T,149868.0,149868.0,149868.0,149868.0,0
20190426T,164840.0,164840.0,164840.0,164840.0,0
20190430T,172736.0,172736.0,172736.0,172736.0,0
20190502T,171162.0,171162.0,171162.0,171162.0,0
20190503T,196346.0,196346.0,196346.0,196346.0,0
20190506T,205519.0,205519.0,205519.0,205519.0,0
20190507T,206415.0,206415.0,206415.0,206415.0,0
20190508T,215289.0,215289.0,215289.0,215289.0,0
20190509T,190102.0,190102.0,190102.0,190102.0,0
20190510T,197620.0,197620.0,197620.0,197620.0,0
20190513T,211835.0,211835.0,211835.0,211835.0,0
20190514T,214627.0,214627.0,214627.0,214627.0,0
20190515T,213645.0,213645.0,213645.0,213645.0,0
20190516T,186791.0,186791.0,186791.0,186791.0,0
20190517T,199603.0,199603.0,199603.0,199603.0,0
20190520T,201923.0,201923.0,201923.0,201923.0,0
20190521T,205579.0,205579.0,205579.0,205579.0,0
20190522T,205749.0,205749.0,205749.0,205749.0,0
20190523T,200209.0,200209.0,200209.0,200209.0,0
20190524T,217261.0,217261.0,217261.0,217261.0,0
20190527T,224374.0,224374.0,224374.0,224374.0,0
20190528T,207573.0,207573.0,207573.0,207573.0,0
20190529T,203298.0,203298.0,203298.0,203298.0,0
20190530T,129608.0,129608.0,129608.0,129608.0,0
20190531T,143067.0,143067.0,143067.0,143067.0,0
20190603T,158311.0,158311.0,158311.0,158311.0,0
20190604T,161560.0,161560.0,161560.0,161560.0,0
20190606T,170637.0,170637.0,170637.0,170637.0,0
20190607T,177898.0,177898.0,177898.0,177898.0,0
20190610T,182128.0,182128.0,182128.0,182128.0,0
20190611T,196505.0,196505.0,196505.0,196505.0,0
20190612T,190946.0,190946.0,190946.0,190946.0,0
20190613T,168443.0,168443.0,168443.0,168443.0,0
20190614T,181513.0,181513.0,181513.0,181513.0,0
20190617T,194466.0,194466.0,194466.0,194466.0,0
20190618T,197028.0,197028.0,197028.0,197028.0,0
20190619T,206133.0,206133.0,206133.0,206133.0,0
20190620T,185818.0,185818.0,185818.0,185818.0,0
20190621T,200487.0,200487.0,200487.0,200487.0,0
20190624T,205400.0,205400.0,205400.0,205400.0,0
20190625T,209082.0,209082.0,209082.0,209082.0,0
20190626T,201290.0,201290.0,201290.0,201290.0,0
20190627T,126404.0,126404.0,126404.0,126404.0,0
20190628T,127110.0,127110.0,127110.0,127110.0,0
20190701T,126087.0,126087.0,126087.0,126087.0,0
20190702T,129902.0,129902.0,129902.0,129902.0,0
20190703T,130415.0,130415.0,130415.0,130415.0,0
20190704T,129452.0,129452.0,129452.0,129452.0,0
20190705T,137070.0,137070.0,137070.0,137070.0,0
20190708T,156626.0,156626.0,156626.0,156626.0,0
20190709T,165826.0,165826.0,165826.0,165826.0,0
20190710T,168320.0,168320.0,168320.0,168320.0,0
20190711T,153315.0,153315.0,153315.0,153315.0,0
20190712T,173032.0,173032.0,173032.0,173032.0,0
20190715T,179409.0,179409.0,179409.0,179409.0,0
20190716T,180741.0,180741.0,180741.0,180741.0,0
20190717T,203770.0,203770.0,203770.0,203770.0,0
20190718T,162508.0,162508.0,162508.0,162508.0,0
20190719T,159664.0,159664.0,159664.0,159664.0,0
20190722T,170147.0,170147.0,170147.0,170147.0,0
20190723T,159872.0,159872.0,159872.0,159872.0,0
20190724T,171974.0,171974.0,171974.0,171974.0,0
20190725T,122948.0,122948.0,122948.0,122948.0,0
20190726T,137642.0,137642.0,137642.0,137642.0,0
20190729T,155699.0,155699.0,155699.0,155699.0,0
20190730T,160551.0,160551.0,160551.0,160551.0,0
20190731T,175745.0,175745.0,175745.0,175745.0,0
20190801T,179857.0,179857.0,179857.0,179857.0,0
20190802T,197694.0,197694.0,197694.0,197694.0,0
20190805T,228537.0,228537.0,228537.0,228537.0,0
20190806T,240411.0,240411.0,240411.0,240411.0,0
20190807T,244227.0,244227.0,244227.0,244227.0,0
20190808T,227365.0,227365.0,227365.0,227365.0,0
20190809T,241175.0,241175.0,241175.0,241175.0,0
20190813T,246173.0,246173.0,246173.0,246173.0,0
20190814T,234645.0,234645.0,234645.0,234645.0,0
20190816T,249489.0,249489.0,249489.0,249489.0,0
20190819T,246462.0,246462.0,246462.0,246462.0,0
20190820T,243610.0,243610.0,243610.0,243610.0,0
20190821T,238799.0,238799.0,238799.0,238799.0,0
20190822T,229366.0,229366.0,229366.0,229366.0,0
20190823T,246226.0,246226.0,246226.0,246226.0,0
20190826T,265367.0,265367.0,265367.0,265367.0,0
20190827T,271153.0,271153.0,271153.0,271153.0,0
20190828T,267130.0,267130.0,267130.0,267130.0,0
20190829T,255243.0,255243.0,255243.0,255243.0,0
20190830T,164504.0,164504.0,164504.0,164504.0,0
20190903T,171751.0,171751.0,171751.0,171751.0,0
20190904T,195631.0,195631.0,195631.0,195631.0,0
20190905T,163826.0,163826.0,163826.0,163826.0,0
20190906T,189185.0,189185.0,189185.0,189185.0,0
20190909T,208284.0,208284.0,208284.0,208284.0,0
20190911T,218606.0,218606.0,218606.0,218606.0,0
20190912T,193712.0,193712.0,193712.0,193712.0,0
20190913T,202465.0,202465.0,202465.0,202465.0,0
20190916T,203306.0,203306.0,203306.0,203306.0,0
20190917T,194524.0,194524.0,194524.0,194524.0,0
20190918T,185882.0,185882.0,185882.0,185882.0,0
20190919T,159781.0,159781.0,159781.0,159781.0,0
20190920T,200424.0,200424.0,200424.0,200424.0,0
20190923T,232773.0,232773.0,232773.0,232773.0,0
20190924T,225975.0,225975.0,225975.0,225975.0,0
20190925T,248146.0,248146.0,248146.0,248146.0,0
20190926T,123672.0,123672.0,123672.0,123672.0,0
20190927T,138083.0,138083.0,138083.0,138083.0,0
20190930T,154635.0,154635.0,154635.0,154635.0,0
20191001T,173052.0,173052.0,173052.0,173052.0,0
20191003T,154362.0,154362.0,154362.0,154362.0,0
20191004T,177965.0,177965.0,177965.0,177965.0,0
20191007T,186467.0,186467.0,186467.0,186467.0,0
20191009T,200038.0,200038.0,200038.0,200038.0,0
20191010T,177426.0,177426.0,177426.0,177426.0,0
20191011T,195080.0,195080.0,195080.0,195080.0,0
20191014T,206959.0,206959.0,206959.0,206959.0,0
20191015T,219265.0,219265.0,219265.0,219265.0,0
20191016T,214974.0,214974.0,214974.0,214974.0,0
20191017T,186965.0,186965.0,186965.0,186965.0,0
20191018T,212527.0,212527.0,212527.0,212527.0,0
20191022T,206496.0,206496.0,206496.0,206496.0,0
20191023T,206287.0,206287.0,206287.0,206287.0,0
20191024T,151776.0,151776.0,151776.0,151776.0,0
20191025T,171891.0,171891.0,171891.0,171891.0,0
20191029T,199246.0,199246.0,199246.0,199246.0,0
20191030T,226309.0,226309.0,226309.0,226309.0,0
20191031T,151971.0,151971.0,151971.0,151971.0,0
20191101T,187431.0,187431.0,187431.0,187431.0,0
20191104T,196848.0,196848.0,196848.0,196848.0,0
20191105T,201233.0,201233.0,201233.0,201233.0,0
20191106T,209282.0,209282.0,209282.0,209282.0,0
20191107T,175255.0,175255.0,175255.0,175255.0,0
20191108T,185217.0,185217.0,185217.0,185217.0,0
20191111T,197012.0,197012.0,197012.0,197012.0,0
20191113T,188657.0,188657.0,188657.0,188657.0,0
20191114T,179039.0,179039.0,179039.0,179039.0,0
20191115T,205115.0,205115.0,205115.0,205115.0,0
20191118T,206141.0,206141.0,206141.0,206141.0,0
20191119T,210851.0,210851.0,210851.0,210851.0,0
20191120T,212940.0,212940.0,212940.0,212940.0,0
20191121T,179250.0,179250.0,179250.0,179250.0,0
20191122T,189849.0,189849.0,189849.0,189849.0,0
20191125T,199273.0,199273.0,199273.0,199273.0,0
20191126T,198836.0,198836.0,198836.0,198836.0,0
20191127T,204615.0,204615.0,204615.0,204615.0,0
20191128T,121600.0,121600.0,121600.0,121600.0,0
20191129T,132248.0,132248.0,132248.0,132248.0,0
20191202T,135569.0,135569.0,135569.0,135569.0,0
20191203T,134700.0,134700.0,134700.0,134700.0,0
20191204T,141000.0,141000.0,141000.0,141000.0,0
20191205T,126970.0,126970.0,126970.0,126970.0,0
20191206T,140575.0,140575.0,140575.0,140575.0,0
20191209T,142659.0,142659.0,142659.0,142659.0,0
20191210T,148736.0,148736.0,148736.0,148736.0,0
20191211T,159858.0,159858.0,159858.0,159858.0,0
20191212T,160130.0,160130.0,160130.0,160130.0,0
20191213T,168564.0,168564.0,168564.0,168564.0,0
20191216T,157319.0,157319.0,157319.0,157319.0,0
20191217T,165817.0,165817.0,165817.0,165817.0,0
20191218T,169590.0,169590.0,169590.0,169590.0,0
20191219T,164950.0,164950.0,164950.0,164950.0,0
20191220T,184192.0,184192.0,184192.0,184192.0,0
20191223T,180293.0,180293.0,180293.0,180293.0,0
20191224T,174972.0,174972.0,174972.0,174972.0,0
20191226T,133126.0,133126.0,133126.0,133126.0,0
20191227T,168542.0,168542.0,168542.0,168542.0,0
20191230T,170315.0,170315.0,170315.0,170315.0,0
20191231T,162517.0,162517.0,162517.0,162517.0,0
20200101T,162126.0,162126.0,162126.0,162126.0,0
20200102T,169106.0,169106.0,169106.0,169106.0,0
20200103T,179346.0,179346.0,179346.0,179346.0,0
20200106T,176063.0,176063.0,176063.0,176063.0,0
20200107T,189262.0,189262.0,189262.0,189262.0,0
20200108T,193216.0,193216.0,193216.0,193216.0,0
20200109T,186901.0,186901.0,186901.0,186901.0,0
20200110T,199592.0,199592.0,199592.0,199592.0,0
20200113T,200816.0,200816.0,200816.0,200816.0,0
20200114T,205805.0,205805.0,205805.0,205805.0,0
20200115T,197591.0,197591.0,197591.0,197591.0,0
20200116T,182005.0,182005.0,182005.0,182005.0,0
20200117T,194531.0,194531.0,194531.0,194531.0,0
20200120T,204456.0,204456.0,204456.0,204456.0,0
20200121T,198125.0,198125.0,198125.0,198125.0,0
20200122T,194171.0,194171.0,194171.0,194171.0,0
20200123T,177162.0,177162.0,177162.0,177162.0,0
20200124T,182665.0,182665.0,182665.0,182665.0,0
20200127T,192674.0,192674.0,192674.0,192674.0,0
20200128T,188846.0,188846.0,188846.0,188846.0,0
20200129T,197210.0,197210.0,197210.0,197210.0,0
20200130T,115839.0,115839.0,115839.0,115839.0,0
20200131T,136987.0,136987.0,136987.0,136987.0,0
20200203T,167034.0,167034.0,167034.0,167034.0,0
20200204T,189903.0,189903.0,189903.0,189903.0,0
20200205T,193546.0,193546.0,193546.0,193546.0,0
20200206T,166448.0,166448.0,166448.0,166448.0,0
20200207T,184327.0,184327.0,184327.0,184327.0,0
20200210T,185184.0,185184.0,185184.0,185184.0,0
20200211T,187114.0,187114.0,187114.0,187114.0,0
20200212T,193189.0,193189.0,193189.0,193189.0,0
20200213T,170898.0,170898.0,170898.0,170898.0,0
20200214T,176535.0,176535.0,176535.0,176535.0,0
20200217T,179127.0,179127.0,179127.0,179127.0,0
20200218T,176246.0,176246.0,176246.0,176246.0,0
20200219T,185141.0,185141.0,185141.0,185141.0,0
20200220T,156628.0,156628.0,156628.0,156628.0,0
20200224T,168918.0,168918.0,168918.0,168918.0,0
20200225T,171901.0,171901.0,171901.0,171901.0,0
20200226T,188366.0,188366.0,188366.0,188366.0,0
20200227T,118206.0,118206.0,118206.0,118206.0,0
20200228T,136274.0,136274.0,136274.0,136274.0,0
20200302T,170344.0,170344.0,170344.0,170344.0,0
20200303T,193114.0,193114.0,193114.0,193114.0,0
20200304T,214827.0,214827.0,214827.0,214827.0,0
20200305T,140121.0,140121.0,140121.0,140121.0,0
20200306T,162219.0,162219.0,162219.0,162219.0,0
20200309T,219437.0,219437.0,219437.0,219437.0,0
20200311T,227487.0,227487.0,227487.0,227487.0,0
20200312T,184345.0,184345.0,184345.0,184345.0,0
20200313T,220997.0,220997.0,220997.0,220997.0,0
20200316T,229450.0,229450.0,229450.0,229450.0,0
20200317T,231895.0,231895.0,231895.0,231895.0,0
20200318T,241751.0,241751.0,241751.0,241751.0,0
20200319T,178172.0,178172.0,178172.0,178172.0,0
20200320T,210691.0,210691.0,210691.0,210691.0,0
20200323T,207133.0,207133.0,207133.0,207133.0,0
20200324T,215099.0,215099.0,215099.0,215099.0,0
20200325T,226205.0,226205.0,226205.0,226205.0,0
20200326T,103796.0,103796.0,103796.0,103796.0,0
20200327T,117938.0,117938.0,117938.0,117938.0,0
20200330T,123135.0,123135.0,123135.0,123135.0,0
20200331T,130108.0,130108.0,130108.0,130108.0,0
20200401T,116202.0,116202.0,116202.0,116202.0,0
20200403T,128626.0,128626.0,128626.0,128626.0,0
20200407T,133862.0,133862.0,133862.0,133862.0,0
20200408T,133128.0,133128.0,133128.0,133128.0,0
20200409T,115383.0,115383.0,115383.0,115383.0,0
20200413T,122701.0,122701.0,122701.0,122701.0,0
20200415T,133126.0,133126.0,133126.0,133126.0,0
20200416T,113951.0,113951.0,113951.0,113951.0,0
20200417T,126391.0,126391.0,126391.0,126391.0,0
20200420T,126939.0,126939.0,126939.0,126939.0,0
20200421T,132751.0,132751.0,132751.0,132751.0,0
20200422T,136683.0,136683.0,136683.0,136683.0,0
20200423T,117319.0,117319.0,117319.0,117319.0,0
20200424T,126181.0,126181.0,126181.0,126181.0,0
20200427T,135300.0,135300.0,135300.0,135300.0,0
20200428T,142992.0,142992.0,142992.0,142992.0,0
20200429T,148346.0,148346.0,148346.0,148346.0,0
20200430T,92875.0,92875.0,92875.0,92875.0,0
20200504T,102861.0,102861.0,102861.0,102861.0,0
20200505T,102214.0,102214.0,102214.0,102214.0,0
20200506T,116154.0,116154.0,116154.0,116154.0,0
20200507T,99869.0,99869.0,99869.0,99869.0,0
20200508T,109622.0,109622.0,109622.0,109622.0,0
20200511T,113610.0,113610.0,113610.0,113610.0,0
20200512T,123651.0,123651.0,123651.0,123651.0,0
20200513T,121597.0,121597.0,121597.0,121597.0,0
20200514T,99116.0,99116.0,99116.0,99116.0,0
20200515T,113410.0,113410.0,113410.0,113410.0,0
20200518T,123808.0,123808.0,123808.0,123808.0,0
20200519T,149648.0,149648.0,149648.0,149648.0,0
20200520T,146782.0,146782.0,146782.0,146782.0,0
20200521T,119332.0,119332.0,119332.0,119332.0,0
20200522T,142801.0,142801.0,142801.0,142801.0,0
20200526T,139766.0,139766.0,139766.0,139766.0,0
20200527T,163601.0,163601.0,163601.0,163601.0,0
20200528T,125231.0,125231.0,125231.0,125231.0,0
20200529T,145948.0,145948.0,145948.0,145948.0,0
20200601T,165203.0,165203.0,165203.0,165203.0,0
20200602T,183060.0,183060.0,183060.0,183060.0,0
20200603T,192513.0,192513.0,192513.0,192513.0,0
20200604T,161140.0,161140.0,161140.0,161140.0,0
20200605T,205606.0,205606.0,205606.0,205606.0,0
20200608T,216704.0,216704.0,216704.0,216704.0,0
20200609T,220735.0,220735.0,220735.0,220735.0,0
20200610T,228213.0,228213.0,228213.0,228213.0,0
20200611T,192431.0,192431.0,192431.0,192431.0,0
20200612T,209646.0,209646.0,209646.0,209646.0,0
20200615T,211398.0,211398.0,211398.0,211398.0,0
20200616T,219609.0,219609.0,219609.0,219609.0,0
20200617T,214559.0,214559.0,214559.0,214559.0,0
20200618T,194189.0,194189.0,194189.0,194189.0,0
20200619T,218373.0,218373.0,218373.0,218373.0,0
20200622T,225966.0,225966.0,225966.0,225966.0,0
20200623T,229025.0,229025.0,229025.0,229025.0,0
20200624T,228208.0,228208.0,228208.0,228208.0,0
20200625T,104061.0,104061.0,104061.0,104061.0,0
20200626T,140020.0,140020.0,140020.0,140020.0,0
20200629T,153510.0,153510.0,153510.0,153510.0,0
20200630T,163173.0,163173.0,163173.0,163173.0,0
20200701T,158276.0,158276.0,158276.0,158276.0,0
20200702T,142498.0,142498.0,142498.0,142498.0,0
20200703T,153304.0,153304.0,153304.0,153304.0,0
20200706T,186013.0,186013.0,186013.0,186013.0,0
20200707T,192213.0,192213.0,192213.0,192213.0,0
20200708T,196710.0,196710.0,196710.0,196710.0,0
20200709T,157718.0,157718.0,157718.0,157718.0,0
20200710T,167303.0,167303.0,167303.0,167303.0,0
20200713T,183696.0,183696.0,183696.0,183696.0,0
20200714T,196539.0,196539.0,196539.0,196539.0,0
20200715T,211058.0,211058.0,211058.0,211058.0,0
20200716T,160373.0,160373.0,160373.0,160373.0,0
20200717T,188129.0,188129.0,188129.0,188129.0,0
20200720T,205511.0,205511.0,205511.0,205511.0,0
20200721T,216860.0,216860.0,216860.0,216860.0,0
20200722T,223000.0,223000.0,223000.0,223000.0,0
20200723T,177237.0,177237.0,177237.0,177237.0,0
20200724T,184634.0,184634.0,184634.0,184634.0,0
20200727T,187718.0,187718.0,187718.0,187718.0,0
20200728T,203001.0,203001.0,203001.0,203001.0,0
20200729T,209683.0,209683.0,209683.0,209683.0,0
20200730T,122527.0,122527.0,122527.0,122527.0,0
20200803T,146315.0,146315.0,146315.0,146315.0,0
20200804T,163787.0,163787.0,163787.0,163787.0,0
20200805T,171864.0,171864.0,171864.0,171864.0,0
20200806T,139125.0,139125.0,139125.0,139125.0,0
20200807T,148586.0,148586.0,148586.0,148586.0,0
20200810T,148379.0,148379.0,148379.0,148379.0,0
20200811T,162826.0,162826.0,162826.0,162826.0,0
20200812T,169356.0,169356.0,169356.0,169356.0,0
20200813T,134299.0,134299.0,134299.0,134299.0,0
20200814T,150098.0,150098.0,150098.0,150098.0,0
20200817T,166381.0,166381.0,166381.0,166381.0,0
20200818T,166863.0,166863.0,166863.0,166863.0,0
20200819T,168085.0,168085.0,168085.0,168085.0,0
20200820T,140359.0,140359.0,140359.0,140359.0,0
20200821T,172261.0,172261.0,172261.0,172261.0,0
20200824T,185815.0,185815.0,185815.0,185815.0,0
20200825T,199159.0,199159.0,199159.0,199159.0,0
20200826T,218816.0,218816.0,218816.0,218816.0,0
20200827T,132106.0,132106.0,132106.0,132106.0,0
20200828T,167307.0,167307.0,167307.0,167307.0,0
20200831T,172833.0,172833.0,172833.0,172833.0,0
20200901T,180491.0,180491.0,180491.0,180491.0,0
20200902T,179004.0,179004.0,179004.0,179004.0,0
20200903T,144383.0,144383.0,144383.0,144383.0,0
20200904T,155421.0,155421.0,155421.0,155421.0,0
20200907T,174867.0,174867.0,174867.0,174867.0,0
20200908T,172299.0,172299.0,172299.0,172299.0,0
20200909T,192238.0,192238.0,192238.0,192238.0,0
20200910T,159720.0,159720.0,159720.0,159720.0,0
20200911T,177411.0,177411.0,177411.0,177411.0,0
20200914T,197012.0,197012.0,197012.0,197012.0,0
20200915T,202871.0,202871.0,202871.0,202871.0,0
20200916T,209090.0,209090.0,209090.0,209090.0,0
20200917T,167669.0,167669.0,167669.0,167669.0,0
20200918T,191907.0,191907.0,191907.0,191907.0,0
20200921T,197087.0,197087.0,197087.0,197087.0,0
20200922T,209875.0,209875.0,209875.0,209875.0,0
20200923T,237210.0,237210.0,237210.0,237210.0,0
20200924T,155131.0,155131.0,155131.0,155131.0,0
20200925T,195353.0,195353.0,195353.0,195353.0,0
20200928T,210048.0,210048.0,210048.0,210048.0,0
20200929T,208572.0,208572.0,208572.0,208572.0,0
20200930T,225610.0,225610.0,225610.0,225610.0,0
20201001T,180684.0,180684.0,180684.0,180684.0,0
20201005T,221199.0,221199.0,221199.0,221199.0,0
20201006T,234206.0,234206.0,234206.0,234206.0,0
20201007T,250528.0,250528.0,250528.0,250528.0,0
20201008T,189605.0,189605.0,189605.0,189605.0,0
20201009T,219611.0,219611.0,219611.0,219611.0,0
20201012T,235204.0,235204.0,235204.0,235204.0,0
20201013T,234784.0,234784.0,234784.0,234784.0,0
20201014T,241614.0,241614.0,241614.0,241614.0,0
20201015T,200025.0,200025.0,200025.0,200025.0,0
20201016T,223858.0,223858.0,223858.0,223858.0,0
20201019T,238117.0,238117.0,238117.0,238117.0,0
20201020T,227167.0,227167.0,227167.0,227167.0,0
20201021T,224329.0,224329.0,224329.0,224329.0,0
20201022T,179051.0,179051.0,179051.0,179051.0,0
20201023T,196631.0,196631.0,196631.0,196631.0,0
20201026T,201462.0,201462.0,201462.0,201462.0,0
20201027T,224285.0,224285.0,224285.0,224285.0,0
20201028T,231030.0,231030.0,231030.0,231030.0,0
20201029T,113822.0,113822.0,113822.0,113822.0,0
20201030T,160711.0,160711.0,160711.0,160711.0,0
20201102T,158501.0,158501.0,158501.0,158501.0,0
20201103T,178525.0,178525.0,178525.0,178525.0,0
20201104T,182049.0,182049.0,182049.0,182049.0,0
20201105T,147646.0,147646.0,147646.0,147646.0,0
20201106T,182845.0,182845.0,182845.0,182845.0,0
20201109T,206785.0,206785.0,206785.0,206785.0,0
20201110T,224966.0,224966.0,224966.0,224966.0,0
20201111T,243934.0,243934.0,243934.0,243934.0,0
20201112T,201914.0,201914.0,201914.0,201914.0,0
20201113T,217983.0,217983.0,217983.0,217983.0,0
20201117T,223354.0,223354.0,223354.0,223354.0,0
20201118T,252432.0,252432.0,252432.0,252432.0,0
20201119T,211464.0,211464.0,211464.0,211464.0,0
20201120T,221293.0,221293.0,221293.0,221293.0,0
20201123T,225604.0,225604.0,225604.0,225604.0,0
20201124T,249074.0,249074.0,249074.0,249074.0,0
20201125T,262610.0,262610.0,262610.0,262610.0,0
20201126T,158261.0,158261.0,158261.0,158261.0,0
20201127T,182104.0,182104.0,182104.0,182104.0,0
20201201T,198588.0,198588.0,198588.0,198588.0,0
20201202T,206424.0,206424.0,206424.0,206424.0,0
20201203T,165360.0,165360.0,165360.0,165360.0,0
20201204T,209406.0,209406.0,209406.0,209406.0,0
20201207T,222456.0,222456.0,222456.0,222456.0,0
20201208T,207447.0,207447.0,207447.0,207447.0,0
20201209T,220831.0,220831.0,220831.0,220831.0,0
20201210T,174742.0,174742.0,174742.0,174742.0,0
20201211T,200901.0,200901.0,200901.0,200901.0,0
20201214T,211401.0,211401.0,211401.0,211401.0,0
20201215T,232494.0,232494.0,232494.0,232494.0,0
20201216T,258492.0,258492.0,258492.0,258492.0,0
20201217T,190015.0,190015.0,190015.0,190015.0,0
20201218T,224858.0,224858.0,224858.0,224858.0,0
20201221T,264194.0,264194.0,264194.0,264194.0,0
20201222T,253840.0,253840.0,253840.0,253840.0,0
20201223T,259416.0,259416.0,259416.0,259416.0,0
20201224T,194371.0,194371.0,194371.0,194371.0,0
20201228T,229918.0,229918.0,229918.0,229918.0,0
20201229T,263590.0,263590.0,263590.0,263590.0,0
20201230T,296529.0,296529.0,296529.0,296529.0,0
20201231T,102551.0,102551.0,102551.0,102551.0,0
20210101T,150536.0,150536.0,150536.0,150536.0,0
20210104T,177647.0,177647.0,177647.0,177647.0,0
20210105T,157395.0,157395.0,157395.0,157395.0,0
20210106T,219359.0,219359.0,219359.0,219359.0,0
20210107T,148985.0,148985.0,148985.0,148985.0,0
20210108T,180967.0,180967.0,180967.0,180967.0,0
20210111T,199917.0,199917.0,199917.0,199917.0,0
20210112T,207160.0,207160.0,207160.0,207160.0,0
20210113T,266172.0,266172.0,266172.0,266172.0,0
20210114T,173261.0,173261.0,173261.0,173261.0,0
20210115T,203024.0,203024.0,203024.0,203024.0,0
20210118T,207351.0,207351.0,207351.0,207351.0,0
20210119T,226762.0,226762.0,226762.0,226762.0,0
20210120T,228357.0,228357.0,228357.0,228357.0,0
20210121T,159501.0,159501.0,159501.0,159501.0,0
20210122T,167463.0,167463.0,167463.0,167463.0,0
20210125T,204100.0,204100.0,204100.0,204100.0,0
20210127T,235015.0,235015.0,235015.0,235015.0,0
20210128T,122564.0,122564.0,122564.0,122564.0,0
20210129T,197925.0,197925.0,197925.0,197925.0,0
20210201T,228861.0,228861.0,228861.0,228861.0,0
20210202T,247951.0,247951.0,247951.0,247951.0,0
20210203T,235318.0,235318.0,235318.0,235318.0,0
20210204T,157686.0,157686.0,157686.0,157686.0,0
20210205T,202599.0,202599.0,202599.0,202599.0,0
20210208T,204156.0,204156.0,204156.0,204156.0,0
20210209T,224727.0,224727.0,224727.0,224727.0,0
20210210T,248732.0,248732.0,248732.0,248732.0,0
20210211T,186608.0,186608.0,186608.0,186608.0,0
20210212T,204442.0,204442.0,204442.0,204442.0,0
20210215T,223471.0,223471.0,223471.0,223471.0,0
20210216T,263802.0,263802.0,263802.0,263802.0,0
20210217T,273674.0,273674.0,273674.0,273674.0,0
20210218T,181053.0,181053.0,181053.0,181053.0,0
20210219T,228722.0,228722.0,228722.0,228722.0,0
20210222T,259876.0,259876.0,259876.0,259876.0,0
20210223T,292389.0,292389.0,292389.0,292389.0,0
20210224T,292526.0,292526.0,292526.0,292526.0,0
20210225T,125720.0,125720.0,125720.0,125720.0,0
20210226T,182622.0,182622.0,182622.0,182622.0,0
20210301T,198308.0,198308.0,198308.0,198308.0,0
20210302T,200012.0,200012.0,200012.0,200012.0,0
20210303T,242539.0,242539.0,242539.0,242539.0,0
20210304T,161940.0,161940.0,161940.0,161940.0,0
20210305T,197977.0,197977.0,197977.0,197977.0,0
20210308T,215155.0,215155.0,215155.0,215155.0,0
20210309T,267985.0,267985.0,267985.0,267985.0,0
20210310T,183937.0,183937.0,183937.0,183937.0,0
20210312T,251401.0,251401.0,251401.0,251401.0,0
20210315T,282308.0,282308.0,282308.0,282308.0,0
20210316T,290862.0,290862.0,290862.0,290862.0,0
20210317T,311342.0,311342.0,311342.0,311342.0,0
20210318T,183269.0,183269.0,183269.0,183269.0,0
20210319T,227126.0,227126.0,227126.0,227126.0,0
20210322T,260861.0,260861.0,260861.0,260861.0,0
20210323T,278462.0,278462.0,278462.0,278462.0,0
20210324T,299327.0,299327.0,299327.0,299327.0,0
20210325T,137141.0,137141.0,137141.0,137141.0,0
20210326T,178765.0,178765.0,178765.0,178765.0,0
20210330T,184368.0,184368.0,184368.0,184368.0,0
20210331T,258256.0,258256.0,258256.0,258256.0,0
20210401T,157004.0,157004.0,157004.0,157004.0,0
20210405T,207884.0,207884.0,207884.0,207884.0,0
20210406T,246860.0,246860.0,246860.0,246860.0,0
20210407T,248694.0,248694.0,248694.0,248694.0,0
20210408T,154913.0,154913.0,154913.0,154913.0,0
20210409T,193775.0,193775.0,193775.0,193775.0,0
20210412T,225244.0,225244.0,225244.0,225244.0,0
20210413T,241466.0,241466.0,241466.0,241466.0,0
20210415T,186851.0,186851.0,186851.0,186851.0,0
20210416T,234056.0,234056.0,234056.0,234056.0,0
20210419T,261884.0,261884.0,261884.0,261884.0,0
20210420T,247360.0,247360.0,247360.0,247360.0,0
20210422T,199836.0,199836.0,199836.0,199836.0,0
20210423T,241978.0,241978.0,241978.0,241978.0,0
20210426T,268399.0,268399.0,268399.0,268399.0,0
20210427T,291265.0,291265.0,291265.0,291265.0,0
20210428T,296509.0,296509.0,296509.0,296509.0,0
20210429T,150276.0,150276.0,150276.0,150276.0,0
20210430T,220960.0,220960.0,220960.0,220960.0,0
20210503T,277952.0,277952.0,277952.0,277952.0,0
20210504T,298814.0,298814.0,298814.0,298814.0,0
20210505T,306496.0,306496.0,306496.0,306496.0,0
20210506T,225187.0,225187.0,225187.0,225187.0,0
20210507T,244456.0,244456.0,244456.0,244456.0,0
20210510T,283562.0,283562.0,283562.0,283562.0,0
20210511T,283126.0,283126.0,283126.0,283126.0,0
20210512T,217183.0,217183.0,217183.0,217183.0,0
20210514T,301507.0,301507.0,301507.0,301507.0,0
20210517T,289008.0,289008.0,289008.0,289008.0,0
20210518T,375999.0,375999.0,375999.0,375999.0,0
20210519T,388700.0,388700.0,388700.0,388700.0,0
20210520T,256086.0,256086.0,256086.0,256086.0,0
20210521T,323382.0,323382.0,323382.0,323382.0,0
20210524T,323968.0,323968.0,323968.0,323968.0,0
20210525T,347476.0,347476.0,347476.0,347476.0,0
20210526T,395908.0,395908.0,395908.0,395908.0,0
20210527T,182288.0,182288.0,182288.0,182288.0,0
20210528T,229504.0,229504.0,229504.0,229504.0,0
20210531T,242586.0,242586.0,242586.0,242586.0,0
20210601T,297185.0,297185.0,297185.0,297185.0,0
20210602T,303486.0,303486.0,303486.0,303486.0,0
20210603T,179864.0,179864.0,179864.0,179864.0,0
20210604T,250553.0,250553.0,250553.0,250553.0,0
20210607T,285036.0,285036.0,285036.0,285036.0,0
20210608T,311997.0,311997.0,311997.0,311997.0,0
20210609T,281911.0,281911.0,281911.0,281911.0,0
20210610T,191145.0,191145.0,191145.0,191145.0,0
20210611T,248933.0,248933.0,248933.0,248933.0,0
20210614T,282845.0,282845.0,282845.0,282845.0,0
20210615T,298992.0,298992.0,298992.0,298992.0,0
20210616T,334029.0,334029.0,334029.0,334029.0,0
20210617T,206643.0,206643.0,206643.0,206643.0,0
20210618T,222648.0,222648.0,222648.0,222648.0,0
20210621T,252118.0,252118.0,252118.0,252118.0,0
20210622T,337624.0,337624.0,337624.0,337624.0,0
20210623T,416273.0,416273.0,416273.0,416273.0,0
20210624T,171572.0,171572.0,171572.0,171572.0,0
20210625T,216458.0,216458.0,216458.0,216458.0,0
20210628T,270901.0,270901.0,270901.0,270901.0,0
20210629T,330193.0,330193.0,330193.0,330193.0,0
20210630T,330269.0,330269.0,330269.0,330269.0,0
20210701T,223493.0,223493.0,223493.0,223493.0,0
20210702T,214266.0,214266.0,214266.0,214266.0,0
20210705T,233220.0,233220.0,233220.0,233220.0,0
20210706T,261125.0,261125.0,261125.0,261125.0,0
20210707T,293320.0,293320.0,293320.0,293320.0,0
20210708T,217886.0,217886.0,217886.0,217886.0,0
20210709T,341014.0,341014.0,341014.0,341014.0,0
20210712T,349631.0,349631.0,349631.0,349631.0,0
20210713T,340638.0,340638.0,340638.0,340638.0,0
20210714T,336794.0,336794.0,336794.0,336794.0,0
20210715T,241271.0,241271.0,241271.0,241271.0,0
20210716T,296194.0,296194.0,296194.0,296194.0,0
20210719T,310688.0,310688.0,310688.0,310688.0,0
20210720T,388450.0,388450.0,388450.0,388450.0,0
20210722T,237863.0,237863.0,237863.0,237863.0,0
20210723T,299957.0,299957.0,299957.0,299957.0,0
20210726T,320662.0,320662.0,320662.0,320662.0,0
20210727T,355759.0,355759.0,355759.0,355759.0,0
20210728T,371896.0,371896.0,371896.0,371896.0,0
20210729T,226746.0,226746.0,226746.0,226746.0,0
20210730T,273765.0,273765.0,273765.0,273765.0,0
20210802T,377154.0,377154.0,377154.0,377154.0,0
20210803T,451196.0,451196.0,451196.0,451196.0,0
20210804T,470499.0,470499.0,470499.0,470499.0,0
20210805T,330726.0,330726.0,330726.0,330726.0,0
20210806T,339292.0,339292.0,339292.0,339292.0,0
20210809T,316099.0,316099.0,316099.0,316099.0,0
20210810T,387515.0,387515.0,387515.0,387515.0,0
20210811T,407868.0,407868.0,407868.0,407868.0,0
20210812T,289637.0,289637.0,289637.0,289637.0,0
20210813T,421491.0,421491.0,421491.0,421491.0,0
20210816T,446350.0,446350.0,446350.0,446350.0,0
20210817T,483766.0,483766.0,483766.0,483766.0,0
20210818T,337619.0,337619.0,337619.0,337619.0,0
20210820T,412468.0,412468.0,412468.0,412468.0,0
20210823T,442237.0,442237.0,442237.0,442237.0,0
20210824T,464957.0,464957.0,464957.0,464957.0,0
20210825T,493419.0,493419.0,493419.0,493419.0,0
20210826T,318848.0,318848.0,318848.0,318848.0,0
20210827T,357108.0,357108.0,357108.0,357108.0,0
20210830T,404583.0,404583.0,404583.0,404583.0,0
20210831T,474670.0,474670.0,474670.0,474670.0,0
20210901T,492769.0,492769.0,492769.0,492769.0,0
20210902T,319963.0,319963.0,319963.0,319963.0,0
20210903T,381438.0,381438.0,381438.0,381438.0,0
20210906T,469720.0,469720.0,469720.0,469720.0,0
20210907T,491214.0,491214.0,491214.0,491214.0,0
20210908T,413533.0,413533.0,413533.0,413533.0,0
20210909T,317238.0,317238.0,317238.0,317238.0,0
20210913T,388509.0,388509.0,388509.0,388509.0,0
20210914T,420372.0,420372.0,420372.0,420372.0,0
20210915T,488959.0,488959.0,488959.0,488959.0,0
20210916T,329072.0,329072.0,329072.0,329072.0,0
20210917T,451960.0,451960.0,451960.0,451960.0,0
20210920T,425904.0,425904.0,425904.0,425904.0,0
20210921T,470226.0,470226.0,470226.0,470226.0,0
20210922T,518601.0,518601.0,518601.0,518601.0,0
20210923T,377240.0,377240.0,377240.0,377240.0,0
20210924T,424754.0,424754.0,424754.0,424754.0,0
20210927T,440891.0,440891.0,440891.0,440891.0,0
20210928T,505068.0,505068.0,505068.0,505068.0,0
20210929T,552683.0,552683.0,552683.0,552683.0,0
20210930T,257621.0,257621.0,257621.0,257621.0,0
20211001T,309712.0,309712.0,309712.0,309712.0,0
20211004T,393713.0,393713.0,393713.0,393713.0,0
20211005T,404690.0,404690.0,404690.0,404690.0,0
20211006T,444825.0,444825.0,444825.0,444825.0,0
20211007T,269955.0,269955.0,269955.0,269955.0,0
20211008T,327339.0,327339.0,327339.0,327339.0,0
20211011T,374548.0,374548.0,374548.0,374548.0,0
20211012T,374991.0,374991.0,374991.0,374991.0,0
20211013T,426657.0,426657.0,426657.0,426657.0,0
20211014T,328115.0,328115.0,328115.0,328115.0,0
20211018T,363960.0,363960.0,363960.0,363960.0,0
20211019T,408279.0,408279.0,408279.0,408279.0,0
20211020T,406647.0,406647.0,406647.0,406647.0,0
20211021T,331840.0,331840.0,331840.0,331840.0,0
20211022T,411980.0,411980.0,411980.0,411980.0,0
20211025T,424093.0,424093.0,424093.0,424093.0,0
20211026T,418604.0,418604.0,418604.0,418604.0,0
20211027T,482951.0,482951.0,482951.0,482951.0,0
20211028T,226445.0,226445.0,226445.0,226445.0,0
20211029T,334534.0,334534.0,334534.0,334534.0,0
20211101T,383852.0,383852.0,383852.0,383852.0,0
20211102T,398460.0,398460.0,398460.0,398460.0,0
20211103T,234956.0,234956.0,234956.0,234956.0,0
20211108T,373058.0,373058.0,373058.0,373058.0,0
20211109T,382429.0,382429.0,382429.0,382429.0,0
20211110T,392686.0,392686.0,392686.0,392686.0,0
20211111T,286424.0,286424.0,286424.0,286424.0,0
20211112T,411365.0,411365.0,411365.0,411365.0,0
20211115T,435122.0,435122.0,435122.0,435122.0,0
20211116T,442842.0,442842.0,442842.0,442842.0,0
20211117T,455554.0,455554.0,455554.0,455554.0,0
20211118T,356899.0,356899.0,356899.0,356899.0,0
20211122T,512187.0,512187.0,512187.0,512187.0,0
20211123T,518259.0,518259.0,518259.0,518259.0,0
20211124T,519697.0,519697.0,519697.0,519697.0,0
20211125T,271450.0,271450.0,271450.0,271450.0,0
20211126T,357485.0,357485.0,357485.0,357485.0,0
20211129T,347147.0,347147.0,347147.0,347147.0,0
20211130T,389986.0,389986.0,389986.0,389986.0,0
20211201T,479736.0,479736.0,479736.0,479736.0,0
20211202T,314153.0,314153.0,314153.0,314153.0,0
20211203T,371513.0,371513.0,371513.0,371513.0,0
20211206T,465202.0,465202.0,465202.0,465202.0,0
20211207T,494352.0,494352.0,494352.0,494352.0,0
20211208T,481436.0,481436.0,481436.0,481436.0,0
20211209T,326840.0,326840.0,326840.0,326840.0,0
20211210T,356615.0,356615.0,356615.0,356615.0,0
20211213T,457508.0,457508.0,457508.0,457508.0,0
20211214T,448923.0,448923.0,448923.0,448923.0,0
20211215T,509922.0,509922.0,509922.0,509922.0,0
20211216T,382268.0,382268.0,382268.0,382268.0,0
20211217T,460274.0,460274.0,460274.0,460274.0,0
20211220T,518554.0,518554.0,518554.0,518554.0,0
20211221T,502872.0,502872.0,502872.0,502872.0,0
20211222T,476869.0,476869.0,476869.0,476869.0,0
20211223T,402362.0,402362.0,402362.0,402362.0,0
20211224T,377753.0,377753.0,377753.0,377753.0,0
20211227T,488085.0,488085.0,488085.0,488085.0,0
20211228T,535638.0,535638.0,535638.0,535638.0,0
20211229T,610823.0,610823.0,610823.0,610823.0,0
20211230T,220082.0,220082.0,220082.0,220082.0,0
20211231T,238980.0,238980.0,238980.0,238980.0,0
20220103T,306326.0,306326.0,306326.0,306326.0,0
20220104T,296478.0,296478.0,296478.0,296478.0,0
20220105T,330044.0,330044.0,330044.0,330044.0,0
20220106T,235209.0,235209.0,235209.0,235209.0,0
20220107T,231356.0,231356.0,231356.0,231356.0,0
20220110T,292057.0,292057.0,292057.0,292057.0,0
20220111T,293319.0,293319.0,293319.0,293319.0,0
20220112T,330370.0,330370.0,330370.0,330370.0,0
20220113T,274988.0,274988.0,274988.0,274988.0,0
20220114T,401280.0,401280.0,401280.0,401280.0,0
20220117T,401851.0,401851.0,401851.0,401851.0,0
20220118T,380133.0,380133.0,380133.0,380133.0,0
20220119T,476435.0,476435.0,476435.0,476435.0,0
20220120T,366897.0,366897.0,366897.0,366897.0,0
20220121T,413492.0,413492.0,413492.0,413492.0,0
20220124T,532330.0,532330.0,532330.0,532330.0,0
20220125T,418744.0,418744.0,418744.0,418744.0,0
20220127T,239128.0,239128.0,239128.0,239128.0,0
20220128T,275367.0,275367.0,275367.0,275367.0,0
20220131T,305372.0,305372.0,305372.0,305372.0,0
20220201T,352574.0,352574.0,352574.0,352574.0,0
20220202T,353725.0,353725.0,353725.0,353725.0,0
20220203T,254828.0,254828.0,254828.0,254828.0,0
20220204T,340759.0,340759.0,340759.0,340759.0,0
20220207T,386262.0,386262.0,386262.0,386262.0,0
20220208T,411352.0,411352.0,411352.0,411352.0,0
20220209T,410502.0,410502.0,410502.0,410502.0,0
20220210T,279398.0,279398.0,279398.0,279398.0,0
20220211T,330770.0,330770.0,330770.0,330770.0,0
20220214T,383843.0,383843.0,383843.0,383843.0,0
20220215T,482347.0,482347.0,482347.0,482347.0,0
20220216T,492022.0,492022.0,492022.0,492022.0,0
20220217T,313509.0,313509.0,313509.0,313509.0,0
20220218T,378029.0,378029.0,378029.0,378029.0,0
20220221T,381466.0,381466.0,381466.0,381466.0,0
20220222T,417500.0,417500.0,417500.0,417500.0,0
20220223T,493282.0,493282.0,493282.0,493282.0,0
20220224T,243829.0,243829.0,243829.0,243829.0,0
20220225T,321382.0,321382.0,321382.0,321382.0,0
20220228T,384102.0,384102.0,384102.0,384102.0,0
20220302T,428764.0,428764.0,428764.0,428764.0,0
20220303T,320242.0,320242.0,320242.0,320242.0,0
20220304T,384865.0,384865.0,384865.0,384865.0,0
20220307T,479737.0,479737.0,479737.0,479737.0,0
20220308T,565476.0,565476.0,565476.0,565476.0,0
20220309T,535895.0,535895.0,535895.0,535895.0,0
20220310T,347524.0,347524.0,347524.0,347524.0,0
20220311T,376207.0,376207.0,376207.0,376207.0,0
20220314T,396123.0,396123.0,396123.0,396123.0,0
20220315T,432107.0,432107.0,432107.0,432107.0,0
20220316T,496622.0,496622.0,496622.0,496622.0,0
20220317T,403199.0,403199.0,403199.0,403199.0,0
20220321T,535395.0,535395.0,535395.0,535395.0,0
20220322T,512011.0,512011.0,512011.0,512011.0,0
20220323T,530939.0,530939.0,530939.0,530939.0,0
20220324T,452995.0,452995.0,452995.0,452995.0,0
20220325T,495147.0,495147.0,495147.0,495147.0,0
20220328T,512282.0,512282.0,512282.0,512282.0,0
20220329T,551229.0,551229.0,551229.0,551229.0,0
20220330T,598208.0,598208.0,598208.0,598208.0,0
20220331T,204371.0,204371.0,204371.0,204371.0,0
20220401T,225542.0,225542.0,225542.0,225542.0,0
20220404T,322164.0,322164.0,322164.0,322164.0,0
20220405T,383083.0,383083.0,383083.0,383083.0,0
20220406T,370245.0,370245.0,370245.0,370245.0,0
20220407T,292010.0,292010.0,292010.0,292010.0,0
20220408T,341570.0,341570.0,341570.0,341570.0,0
20220411T,311937.0,311937.0,311937.0,311937.0,0
20220412T,285384.0,285384.0,285384.0,285384.0,0
20220413T,291745.0,291745.0,291745.0,291745.0,0
20220418T,355722.0,355722.0,355722.0,355722.0,0
20220419T,408316.0,408316.0,408316.0,408316.0,0
20220420T,415479.0,415479.0,415479.0,415479.0,0
20220421T,360933.0,360933.0,360933.0,360933.0,0
20220422T,417362.0,417362.0,417362.0,417362.0,0
20220425T,396312.0,396312.0,396312.0,396312.0,0
20220426T,471627.0,471627.0,471627.0,471627.0,0
20220427T,586884.0,586884.0,586884.0,586884.0,0
20220428T,187838.0,187838.0,187838.0,187838.0,0
20220429T,391402.0,391402.0,391402.0,391402.0,0
20220502T,293680.0,293680.0,293680.0,293680.0,0
20220504T,386999.0,386999.0,386999.0,386999.0,0
20220505T,242365.0,242365.0,242365.0,242365.0,0
20220506T,334498.0,334498.0,334498.0,334498.0,0
20220509T,382324.0,382324.0,382324.0,382324.0,0
20220510T,409083.0,409083.0,409083.0,409083.0,0
20220511T,493719.0,493719.0,493719.0,493719.0,0
20220512T,427220.0,427220.0,427220.0,427220.0,0
20220513T,432730.0,432730.0,432730.0,432730.0,0
20220516T,418321.0,418321.0,418321.0,418321.0,0
20220517T,454146.0,454146.0,454146.0,454146.0,0
20220518T,494061.0,494061.0,494061.0,494061.0,0
20220519T,399948.0,399948.0,399948.0,399948.0,0
20220520T,493781.0,493781.0,493781.0,493781.0,0
20220523T,491099.0,491099.0,491099.0,491099.0,0
20220524T,567846.0,567846.0,567846.0,567846.0,0
20220525T,567365.0,567365.0,567365.0,567365.0,0
20220526T,193076.0,193076.0,193076.0,193076.0,0
20220527T,276592.0,276592.0,276592.0,276592.0,0
20220530T,303374.0,303374.0,303374.0,303374.0,0
20220531T,316439.0,316439.0,316439.0,316439.0,0
20220601T,352050.0,352050.0,352050.0,352050.0,0
20220602T,238602.0,238602.0,238602.0,238602.0,0
20220603T,327150.0,327150.0,327150.0,327150.0,0
20220606T,302729.0,302729.0,302729.0,302729.0,0
20220607T,335401.0,335401.0,335401.0,335401.0,0
20220608T,319136.0,319136.0,319136.0,319136.0,0
20220609T,235535.0,235535.0,235535.0,235535.0,0
20220610T,329271.0,329271.0,329271.0,329271.0,0
20220613T,408912.0,408912.0,408912.0,408912.0,0
20220614T,418658.0,418658.0,418658.0,418658.0,0
20220615T,438175.0,438175.0,438175.0,438175.0,0
20220616T,420999.0,420999.0,420999.0,420999.0,0
20220617T,516090.0,516090.0,516090.0,516090.0,0
20220620T,495678.0,495678.0,495678.0,495678.0,0
20220621T,478467.0,478467.0,478467.0,478467.0,0
20220622T,562982.0,562982.0,562982.0,562982.0,0
20220623T,416942.0,416942.0,416942.0,416942.0,0
20220624T,410666.0,410666.0,410666.0,410666.0,0
20220627T,451827.0,451827.0,451827.0,451827.0,0
20220628T,513177.0,513177.0,513177.0,513177.0,0
20220629T,544417.0,544417.0,544417.0,544417.0,0
20220630T,204192.0,204192.0,204192.0,204192.0,0
20220701T,244545.0,244545.0,244545.0,244545.0,0
20220704T,301251.0,301251.0,301251.0,301251.0,0
20220705T,337086.0,337086.0,337086.0,337086.0,0
20220706T,363870.0,363870.0,363870.0,363870.0,0
20220707T,251400.0,251400.0,251400.0,251400.0,0
20220708T,278600.0,278600.0,278600.0,278600.0,0
20220711T,329740.0,329740.0,329740.0,329740.0,0
20220712T,373556.0,373556.0,373556.0,373556.0,0
20220713T,336026.0,336026.0,336026.0,336026.0,0
20220714T,226446.0,226446.0,226446.0,226446.0,0
20220715T,300920.0,300920.0,300920.0,300920.0,0
20220718T,373619.0,373619.0,373619.0,373619.0,0
20220719T,404929.0,404929.0,404929.0,404929.0,0
20220720T,388142.0,388142.0,388142.0,388142.0,0
20220721T,255131.0,255131.0,255131.0,255131.0,0
20220722T,339901.0,339901.0,339901.0,339901.0,0
20220725T,340464.0,340464.0,340464.0,340464.0,0
20220726T,369581.0,369581.0,369581.0,369581.0,0
20220727T,429414.0,429414.0,429414.0,429414.0,0
20220728T,223276.0,223276.0,223276.0,223276.0,0
20220729T,326755.0,326755.0,326755.0,326755.0,0
20220801T,345668.0,345668.0,345668.0,345668.0,0
20220802T,348869.0,348869.0,348869.0,348869.0,0
20220803T,353640.0,353640.0,353640.0,353640.0,0
20220804T,221252.0,221252.0,221252.0,221252.0,0
20220805T,273180.0,273180.0,273180.0,273180.0,0
20220808T,339246.0,339246.0,339246.0,339246.0,0
20220810T,328712.0,328712.0,328712.0,328712.0,0
20220811T,238521.0,238521.0,238521.0,238521.0,0
20220812T,322600.0,322600.0,322600.0,322600.0,0
20220816T,344239.0,344239.0,344239.0,344239.0,0
20220817T,394186.0,394186.0,394186.0,394186.0,0
20220818T,277359.0,277359.0,277359.0,277359.0,0
20220819T,371152.0,371152.0,371152.0,371152.0,0
20220822T,414846.0,414846.0,414846.0,414846.0,0
20220823T,456840.0,456840.0,456840.0,456840.0,0
20220824T,472143.0,472143.0,472143.0,472143.0,0
20220825T,277535.0,277535.0,277535.0,277535.0,0
20220826T,387751.0,387751.0,387751.0,387751.0,0
20220829T,380312.0,380312.0,380312.0,380312.0,0
20220830T,393838.0,393838.0,393838.0,393838.0,0
20220901T,236790.0,236790.0,236790.0,236790.0,0
20220902T,307834.0,307834.0,307834.0,307834.0,0
20220905T,337672.0,337672.0,337672.0,337672.0,0
20220906T,382827.0,382827.0,382827.0,382827.0,0
20220907T,409754.0,409754.0,409754.0,409754.0,0
20220908T,227617.0,227617.0,227617.0,227617.0,0
20220909T,359424.0,359424.0,359424.0,359424.0,0
20220912T,390945.0,390945.0,390945.0,390945.0,0
20220913T,386453.0,386453.0,386453.0,386453.0,0
20220914T,374623.0,374623.0,374623.0,374623.0,0
20220915T,274654.0,274654.0,274654.0,274654.0,0
20220916T,414049.0,414049.0,414049.0,414049.0,0
20220919T,348875.0,348875.0,348875.0,348875.0,0
20220920T,345114.0,345114.0,345114.0,345114.0,0
20220921T,397521.0,397521.0,397521.0,397521.0,0
20220922T,303794.0,303794.0,303794.0,303794.0,0
20220923T,441917.0,441917.0,441917.0,441917.0,0
20220926T,549420.0,549420.0,549420.0,549420.0,0
20220927T,598023.0,598023.0,598023.0,598023.0,0
20220928T,653406.0,653406.0,653406.0,653406.0,0
20220929T,271245.0,271245.0,271245.0,271245.0,0
20220930T,322075.0,322075.0,322075.0,322075.0,0
20221003T,400493.0,400493.0,400493.0,400493.0,0
20221004T,440994.0,440994.0,440994.0,440994.0,0
20221006T,266465.0,266465.0,266465.0,266465.0,0
20221007T,311296.0,311296.0,311296.0,311296.0,0
20221010T,425592.0,425592.0,425592.0,425592.0,0
20221011T,491484.0,491484.0,491484.0,491484.0,0
20221012T,487969.0,487969.0,487969.0,487969.0,0
20221013T,393589.0,393589.0,393589.0,393589.0,0
20221014T,438169.0,438169.0,438169.0,438169.0,0
20221017T,478834.0,478834.0,478834.0,478834.0,0
20221018T,500296.0,500296.0,500296.0,500296.0,0
20221019T,556142.0,556142.0,556142.0,556142.0,0
20221020T,393738.0,393738.0,393738.0,393738.0,0
20221021T,527075.0,527075.0,527075.0,527075.0,0
20221025T,492532.0,492532.0,492532.0,492532.0,0
20221027T,257451.0,257451.0,257451.0,257451.0,0
20221028T,382077.0,382077.0,382077.0,382077.0,0
20221031T,393840.0,393840.0,393840.0,393840.0,0
20221101T,563438.0,563438.0,563438.0,563438.0,0
20221102T,535609.0,535609.0,535609.0,535609.0,0
20221103T,353086.0,353086.0,353086.0,353086.0,0
20221104T,573106.0,573106.0,573106.0,573106.0,0
20221107T,547314.0,547314.0,547314.0,547314.0,0
20221109T,619717.0,619717.0,619717.0,619717.0,0
20221110T,418793.0,418793.0,418793.0,418793.0,0
20221111T,548608.0,548608.0,548608.0,548608.0,0
20221114T,562092.0,562092.0,562092.0,562092.0,0
20221115T,564453.0,564453.0,564453.0,564453.0,0
20221116T,602269.0,602269.0,602269.0,602269.0,0
20221117T,419967.0,419967.0,419967.0,419967.0,0
20221118T,607868.0,607868.0,607868.0,607868.0,0
20221121T,630832.0,630832.0,630832.0,630832.0,0
20221122T,620869.0,620869.0,620869.0,620869.0,0
20221123T,719716.0,719716.0,719716.0,719716.0,0
20221124T,365634.0,365634.0,365634.0,365634.0,0
20221125T,551137.0,551137.0,551137.0,551137.0,0
20221128T,599612.0,599612.0,599612.0,599612.0,0
20221129T,575286.0,575286.0,575286.0,575286.0,0
20221130T,562275.0,562275.0,562275.0,562275.0,0
20221201T,425394.0,425394.0,425394.0,425394.0,0
20221202T,525447.0,525447.0,525447.0,525447.0,0
20221205T,570118.0,570118.0,570118.0,570118.0,0
20221206T,576201.0,576201.0,576201.0,576201.0,0
20221207T,621990.0,621990.0,621990.0,621990.0,0
20221208T,438127.0,438127.0,438127.0,438127.0,0
20221209T,608567.0,608567.0,608567.0,608567.0,0
20221212T,692495.0,692495.0,692495.0,692495.0,0
20221213T,648029.0,648029.0,648029.0,648029.0,0
20221214T,579635.0,579635.0,579635.0,579635.0,0
20221215T,397302.0,397302.0,397302.0,397302.0,0
20221216T,544614.0,544614.0,544614.0,544614.0,0
20221219T,627411.0,627411.0,627411.0,627411.0,0
20221220T,605424.0,605424.0,605424.0,605424.0,0
20221221T,763323.0,763323.0,763323.0,763323.0,0
20221222T,508647.0,508647.0,508647.0,508647.0,0
20221223T,661951.0,661951.0,661951.0,661951.0,0
20221226T,588719.0,588719.0,588719.0,588719.0,0
20221227T,586801.0,586801.0,586801.0,586801.0,0
20221228T,588810.0,588810.0,588810.0,588810.0,0
20221229T,229665.0,229665.0,229665.0,229665.0,0
20221230T,416803.0,416803.0,416803.0,416803.0,0
20230102T,452603.0,452603.0,452603.0,452603.0,0
20230103T,539645.0,539645.0,539645.0,539645.0,0
20230104T,586219.0,586219.0,586219.0,586219.0,0
20230105T,365752.0,365752.0,365752.0,365752.0,0
20230106T,619471.0,619471.0,619471.0,619471.0,0
20230109T,599375.0,599375.0,599375.0,599375.0,0
20230110T,677073.0,677073.0,677073.0,677073.0,0
20230111T,664092.0,664092.0,664092.0,664092.0,0
20230112T,417001.0,417001.0,417001.0,417001.0,0
20230113T,596450.0,596450.0,596450.0,596450.0,0
20230116T,632219.0,632219.0,632219.0,632219.0,0
20230117T,601248.0,601248.0,601248.0,601248.0,0
20230118T,658263.0,658263.0,658263.0,658263.0,0
20230119T,306294.0,306294.0,306294.0,306294.0,0
20230120T,599235.0,599235.0,599235.0,599235.0,0
20230123T,715531.0,715531.0,715531.0,715531.0,0
20230124T,768526.0,768526.0,768526.0,768526.0,0
20230125T,480354.0,480354.0,480354.0,480354.0,0
20230127T,686429.0,686429.0,686429.0,686429.0,0
20230130T,700218.0,700218.0,700218.0,700218.0,0
20230131T,715304.0,715304.0,715304.0,715304.0,0
20230201T,650458.0,650458.0,650458.0,650458.0,0
20230202T,487949.0,487949.0,487949.0,487949.0,0
20230203T,483630.0,483630.0,483630.0,483630.0,0
20230206T,556949.0,556949.0,556949.0,556949.0,0
20230207T,667679.0,667679.0,667679.0,667679.0,0
20230208T,683974.0,683974.0,683974.0,683974.0,0
20230209T,471547.0,471547.0,471547.0,471547.0,0
20230210T,544530.0,544530.0,544530.0,544530.0,0
20230213T,735094.0,735094.0,735094.0,735094.0,0
20230214T,613299.0,613299.0,613299.0,613299.0,0
20230215T,635491.0,635491.0,635491.0,635491.0,0
20230216T,565385.0,565385.0,565385.0,565385.0,0
20230217T,713853.0,713853.0,713853.0,713853.0,0
20230220T,826391.0,826391.0,826391.0,826391.0,0
20230221T,688642.0,688642.0,688642.0,688642.0,0
20230222T,832795.0,832795.0,832795.0,832795.0,0
20230223T,521487.0,521487.0,521487.0,521487.0,0
20230224T,609350.0,609350.0,609350.0,609350.0,0
20230227T,720485.0,720485.0,720485.0,720485.0,0
20230228T,790168.0,790168.0,790168.0,790168.0,0
20230301T,773006.0,773006.0,773006.0,773006.0,0
20230302T,573508.0,573508.0,573508.0,573508.0,0
20230303T,692434.0,692434.0,692434.0,692434.0,0
20230306T,591338.0,591338.0,591338.0,591338.0,0
20230308T,723239.0,723239.0,723239.0,723239.0,0
20230309T,454779.0,454779.0,454779.0,454779.0,0
20230310T,654663.0,654663.0,654663.0,654663.0,0
20230313T,853012.0,853012.0,853012.0,853012.0,0
20230314T,971161.0,971161.0,971161.0,971161.0,0
20230315T,914718.0,914718.0,914718.0,914718.0,0
20230316T,767316.0,767316.0,767316.0,767316.0,0
20230317T,852305.0,852305.0,852305.0,852305.0,0
20230320T,846628.0,846628.0,846628.0,846628.0,0
20230321T,914212.0,914212.0,914212.0,914212.0,0
20230322T,810066.0,810066.0,810066.0,810066.0,0
20230323T,698309.0,698309.0,698309.0,698309.0,0
20230324T,803419.0,803419.0,803419.0,803419.0,0
20230327T,1039054.0,1039054.0,1039054.0,1039054.0,0
20230328T,965896.0,965896.0,965896.0,965896.0,0
20230329T,496774.0,496774.0,496774.0,496774.0,0
20230331T,574326.0,574326.0,574326.0,574326.0,0
20230403T,618252.0,618252.0,618252.0,618252.0,0
20230405T,790660.0,790660.0,790660.0,790660.0,0
20230406T,410346.0,410346.0,410346.0,410346.0,0
20230410T,680814.0,680814.0,680814.0,680814.0,0
20230411T,666379.0,666379.0,666379.0,666379.0,0
20230412T,724245.0,724245.0,724245.0,724245.0,0
20230413T,603893.0,603893.0,603893.0,603893.0,0
20230417T,893374.0,893374.0,893374.0,893374.0,0
20230418T,829775.0,829775.0,829775.0,829775.0,0
20230419T,885208.0,885208.0,885208.0,885208.0,0
20230420T,714138.0,714138.0,714138.0,714138.0,0
20230421T,928234.0,928234.0,928234.0,928234.0,0
20230424T,935520.0,935520.0,935520.0,935520.0,0
20230425T,855066.0,855066.0,855066.0,855066.0,0
20230426T,914354.0,914354.0,914354.0,914354.0,0
20230427T,525476.0,525476.0,525476.0,525476.0,0
20230428T,693788.0,693788.0,693788.0,693788.0,0
20230502T,712182.0,712182.0,712182.0,712182.0,0
20230503T,760320.0,760320.0,760320.0,760320.0,0
20230504T,454798.0,454798.0,454798.0,454798.0,0
20230505T,972012.0,972012.0,972012.0,972012.0,0
20230508T,871702.0,871702.0,871702.0,871702.0,0
20230509T,826820.0,826820.0,826820.0,826820.0,0
20230510T,817262.0,817262.0,817262.0,817262.0,0
20230511T,571532.0,571532.0,571532.0,571532.0,0
20230512T,766830.0,766830.0,766830.0,766830.0,0
20230515T,873386.0,873386.0,873386.0,873386.0,0
20230516T,885701.0,885701.0,885701.0,885701.0,0
20230517T,931513.0,931513.0,931513.0,931513.0,0
20230518T,700321.0,700321.0,700321.0,700321.0,0
20230519T,744270.0,744270.0,744270.0,744270.0,0
20230522T,959142.0,959142.0,959142.0,959142.0,0
20230523T,854163.0,854163.0,854163.0,854163.0,0
20230524T,952637.0,952637.0,952637.0,952637.0,0
20230525T,555136.0,555136.0,555136.0,555136.0,0
20230526T,800406.0,800406.0,800406.0,800406.0,0
20230529T,811233.0,811233.0,811233.0,811233.0,0
20230530T,783575.0,783575.0,783575.0,783575.0,0
20230531T,945203.0,945203.0,945203.0,945203.0,0
20230601T,584609.0,584609.0,584609.0,584609.0,0
20230602T,878275.0,878275.0,878275.0,878275.0,0
20230605T,984385.0,984385.0,984385.0,984385.0,0
20230606T,783193.0,783193.0,783193.0,783193.0,0
20230607T,937249.0,937249.0,937249.0,937249.0,0
20230608T,640355.0,640355.0,640355.0,640355.0,0
20230609T,843503.0,843503.0,843503.0,843503.0,0
20230612T,1014057.0,1014057.0,1014057.0,1014057.0,0
20230613T,843944.0,843944.0,843944.0,843944.0,0
20230614T,1064118.0,1064118.0,1064118.0,1064118.0,0
20230615T,651074.0,651074.0,651074.0,651074.0,0
20230616T,883592.0,883592.0,883592.0,883592.0,0
20230619T,908005.0,908005.0,908005.0,908005.0,0
20230620T,704856.0,704856.0,704856.0,704856.0,0
20230621T,810618.0,810618.0,810618.0,810618.0,0
20230622T,651842.0,651842.0,651842.0,651842.0,0
20230623T,879340.0,879340.0,879340.0,879340.0,0
20230626T,938572.0,938572.0,938572.0,938572.0,0
20230627T,887360.0,887360.0,887360.0,887360.0,0
20230628T,513474.0,513474.0,513474.0,513474.0,0
20230630T,747661.0,747661.0,747661.0,747661.0,0
20230703T,903247.0,903247.0,903247.0,903247.0,0
20230704T,778127.0,778127.0,778127.0,778127.0,0
20230705T,779765.0,779765.0,779765.0,779765.0,0
20230706T,542479.0,542479.0,542479.0,542479.0,0
20230707T,1045660.0,1045660.0,1045660.0,1045660.0,0
20230710T,918165.0,918165.0,918165.0,918165.0,0
20230711T,907231.0,907231.0,907231.0,907231.0,0
20230712T,1032932.0,1032932.0,1032932.0,1032932.0,0
20230713T,735439.0,735439.0,735439.0,735439.0,0
20230714T,761721.0,761721.0,761721.0,761721.0,0
20230717T,880626.0,880626.0,880626.0,880626.0,0
20230718T,815276.0,815276.0,815276.0,815276.0,0
20230719T,883665.0,883665.0,883665.0,883665.0,0
20230720T,633722.0,633722.0,633722.0,633722.0,0
20230721T,984469.0,984469.0,984469.0,984469.0,0
20230724T,1080481.0,1080481.0,1080481.0,1080481.0,0
20230725T,1206710.0,1206710.0,1206710.0,1206710.0,0
20230726T,1206706.0,1206706.0,1206706.0,1206706.0,0
20230727T,682150.0,682150.0,682150.0,682150.0,0
20230728T,1224483.0,1224483.0,1224483.0,1224483.0,0
20230731T,1291999.0,1291999.0,1291999.0,1291999.0,0
20230801T,1145261.0,1145261.0,1145261.0,1145261.0,0
20230802T,1313196.0,1313196.0,1313196.0,1313196.0,0
20230803T,745660.0,745660.0,745660.0,745660.0,0
20230804T,960718.0,960718.0,960718.0,960718.0,0
20230807T,1202455.0,1202455.0,1202455.0,1202455.0,0
20230808T,1240251.0,1240251.0,1240251.0,1240251.0,0
20230809T,1327080.0,1327080.0,1327080.0,1327080.0,0
20230810T,620288.0,620288.0,620288.0,620288.0,0
20230811T,994097.0,994097.0,994097.0,994097.0,0
20230814T,953587.0,953587.0,953587.0,953587.0,0
20230816T,1064094.0,1064094.0,1064094.0,1064094.0,0
20230817T,575342.0,575342.0,575342.0,575342.0,0
20230818T,1066387.0,1066387.0,1066387.0,1066387.0,0
20230821T,1166087.0,1166087.0,1166087.0,1166087.0,0
20230822T,1293172.0,1293172.0,1293172.0,1293172.0,0
20230823T,1301749.0,1301749.0,1301749.0,1301749.0,0
20230824T,625932.0,625932.0,625932.0,625932.0,0
20230825T,879244.0,879244.0,879244.0,879244.0,0
20230828T,1047162.0,1047162.0,1047162.0,1047162.0,0
20230829T,1264217.0,1264217.0,1264217.0,1264217.0,0
20230830T,1384252.0,1384252.0,1384252.0,1384252.0,0
20230831T,618376.0,618376.0,618376.0,618376.0,0
20230901T,824014.0,824014.0,824014.0,824014.0,0
20230904T,1014409.0,1014409.0,1014409.0,1014409.0,0
20230905T,1280491.0,1280491.0,1280491.0,1280491.0,0
20230906T,864261.0,864261.0,864261.0,864261.0,0
20230907T,672926.0,672926.0,672926.0,672926.0,0
20230908T,930568.0,930568.0,930568.0,930568.0,0
20230911T,1178795.0,1178795.0,1178795.0,1178795.0,0
20230912T,1346078.0,1346078.0,1346078.0,1346078.0,0
20230913T,988072.0,988072.0,988072.0,988072.0,0
20230914T,866716.0,866716.0,866716.0,866716.0,0
20230915T,1055863.0,1055863.0,1055863.0,1055863.0,0
20230918T,1044378.0,1044378.0,1044378.0,1044378.0,0
20230920T,831002.0,831002.0,831002.0,831002.0,0
20230921T,860424.0,860424.0,860424.0,860424.0,0
20230922T,1081328.0,1081328.0,1081328.0,1081328.0,0
20230925T,1167094.0,1167094.0,1167094.0,1167094.0,0
20230926T,1104657.0,1104657.0,1104657.0,1104657.0,0
20230927T,1266029.0,1266029.0,1266029.0,1266029.0,0
20230928T,672276.0,672276.0,672276.0,672276.0,0
20230929T,774186.0,774186.0,774186.0,774186.0,0
20231003T,1150400.0,1150400.0,1150400.0,1150400.0,0
20231004T,827263.0,827263.0,827263.0,827263.0,0
20231005T,661979.0,661979.0,661979.0,661979.0,0
20231006T,845429.0,845429.0,845429.0,845429.0,0
20231009T,963181.0,963181.0,963181.0,963181.0,0
20231010T,811829.0,811829.0,811829.0,811829.0,0
20231011T,772898.0,772898.0,772898.0,772898.0,0
20231012T,683938.0,683938.0,683938.0,683938.0,0
20231013T,842142.0,842142.0,842142.0,842142.0,0
20231016T,958931.0,958931.0,958931.0,958931.0,0
20231017T,1251892.0,1251892.0,1251892.0,1251892.0,0
20231018T,838599.0,838599.0,838599.0,838599.0,0
20231019T,783902.0,783902.0,783902.0,783902.0,0
20231020T,983075.0,983075.0,983075.0,983075.0,0
20231023T,1270182.0,1270182.0,1270182.0,1270182.0,0
20231025T,1725369.0,1725369.0,1725369.0,1725369.0,0
20231026T,833590.0,833590.0,833590.0,833590.0,0
20231027T,977003.0,977003.0,977003.0,977003.0,0
20231030T,1004628.0,1004628.0,1004628.0,1004628.0,0
20231031T,1082712.0,1082712.0,1082712.0,1082712.0,0
20231101T,985400.0,985400.0,985400.0,985400.0,0
20231102T,760143.0,760143.0,760143.0,760143.0,0
20231103T,950825.0,950825.0,950825.0,950825.0,0
20231106T,1048890.0,1048890.0,1048890.0,1048890.0,0
20231107T,1169677.0,1169677.0,1169677.0,1169677.0,0
20231108T,1023428.0,1023428.0,1023428.0,1023428.0,0
20231109T,856578.0,856578.0,856578.0,856578.0,0
20231110T,1001853.0,1001853.0,1001853.0,1001853.0,0
20231113T,1018874.0,1018874.0,1018874.0,1018874.0,0
20231115T,821105.0,821105.0,821105.0,821105.0,0
20231116T,815691.0,815691.0,815691.0,815691.0,0
20231117T,1212884.0,1212884.0,1212884.0,1212884.0,0
20231120T,1184529.0,1184529.0,1184529.0,1184529.0,0
20231121T,1371211.0,1371211.0,1371211.0,1371211.0,0
20231122T,984800.0,984800.0,984800.0,984800.0,0
20231123T,732368.0,732368.0,732368.0,732368.0,0
20231124T,898404.0,898404.0,898404.0,898404.0,0
20231128T,1048371.0,1048371.0,1048371.0,1048371.0,0
20231129T,1315650.0,1315650.0,1315650.0,1315650.0,0
20231130T,563597.0,563597.0,563597.0,563597.0,0
20231201T,850083.0,850083.0,850083.0,850083.0,0
20231204T,1180332.0,1180332.0,1180332.0,1180332.0,0
20231205T,1162899.0,1162899.0,1162899.0,1162899.0,0
20231206T,986271.0,986271.0,986271.0,986271.0,0
20231207T,755722.0,755722.0,755722.0,755722.0,0
20231208T,954062.0,954062.0,954062.0,954062.0,0
20231211T,1073976.0,1073976.0,1073976.0,1073976.0,0
20231212T,1265903.0,1265903.0,1265903.0,1265903.0,0
20231213T,1090433.0,1090433.0,1090433.0,1090433.0,0
20231214T,842084.0,842084.0,842084.0,842084.0,0
20231215T,1092299.0,1092299.0,1092299.0,1092299.0,0
20231218T,1348764.0,1348764.0,1348764.0,1348764.0,0
20231219T,1436104.0,1436104.0,1436104.0,1436104.0,0
20231220T,1378154.0,1378154.0,1378154.0,1378154.0,0
20231221T,864380.0,864380.0,864380.0,864380.0,0
20231222T,1101156.0,1101156.0,1101156.0,1101156.0,0
20231226T,1267617.0,1267617.0,1267617.0,1267617.0,0
20231227T,1394412.0,1394412.0,1394412.0,1394412.0,0
20231228T,516254.0,516254.0,516254.0,516254.0,0
20231229T,949402.0,949402.0,949402.0,949402.0,0
20240101T,1292263.0,1292263.0,1292263.0,1292263.0,0
20240102T,1636648.0,1636648.0,1636648.0,1636648.0,0
20240103T,1118687.0,1118687.0,1118687.0,1118687.0,0
20240104T,729043.0,729043.0,729043.0,729043.0,0
20240105T,1132425.0,1132425.0,1132425.0,1132425.0,0
20240108T,1360438.0,1360438.0,1360438.0,1360438.0,0
20240109T,1320520.0,1320520.0,1320520.0,1320520.0,0
20240110T,796917.0,796917.0,796917.0,796917.0,0
20240111T,683032.0,683032.0,683032.0,683032.0,0
20240112T,1069803.0,1069803.0,1069803.0,1069803.0,0
20240115T,1255018.0,1255018.0,1255018.0,1255018.0,0
20240116T,1507892.0,1507892.0,1507892.0,1507892.0,0
20240117T,1093262.0,1093262.0,1093262.0,1093262.0,0
20240118T,850304.0,850304.0,850304.0,850304.0,0
20240119T,1218345.0,1218345.0,1218345.0,1218345.0,0
20240123T,1370528.0,1370528.0,1370528.0,1370528.0,0
20240124T,1480277.0,1480277.0,1480277.0,1480277.0,0
20240125T,637682.0,637682.0,637682.0,637682.0,0
20240129T,976191.0,976191.0,976191.0,976191.0,0
20240130T,1043465.0,1043465.0,1043465.0,1043465.0,0
20240131T,616143.0,616143.0,616143.0,616143.0,0
20240201T,767640.0,767640.0,767640.0,767640.0,0
20240202T,956755.0,956755.0,956755.0,956755.0,0
20240205T,1045205.0,1045205.0,1045205.0,1045205.0,0
20240206T,1163846.0,1163846.0,1163846.0,1163846.0,0
20240207T,679295.0,679295.0,679295.0,679295.0,0
20240208T,830770.0,830770.0,830770.0,830770.0,0
20240209T,907870.0,907870.0,907870.0,907870.0,0
20240212T,1162184.0,1162184.0,1162184.0,1162184.0,0
20240213T,1014099.0,1014099.0,1014099.0,1014099.0,0
20240214T,723744.0,723744.0,723744.0,723744.0,0
20240215T,785516.0,785516.0,785516.0,785516.0,0
20240216T,946250.0,946250.0,946250.0,946250.0,0
20240219T,996550.0,996550.0,996550.0,996550.0,0
20240220T,1018422.0,1018422.0,1018422.0,1018422.0,0
20240221T,824048.0,824048.0,824048.0,824048.0,0
20240223T,949017.0,949017.0,949017.0,949017.0,0
20240226T,1073211.0,1073211.0,1073211.0,1073211.0,0
20240227T,1157376.0,1157376.0,1157376.0,1157376.0,0
20240228T,1486944.0,1486944.0,1486944.0,1486944.0,0
20240229T,590332.0,590332.0,590332.0,590332.0,0
20240301T,953371.0,953371.0,953371.0,953371.0,0
20240304T,1077609.0,1077609.0,1077609.0,1077609.0,0
20240305T,1047092.0,1047092.0,1047092.0,1047092.0,0
20240306T,773211.0,773211.0,773211.0,773211.0,0
20240307T,854756.0,854756.0,854756.0,854756.0,0
20240311T,1128240.0,1128240.0,1128240.0,1128240.0,0
20240312T,1035394.0,1035394.0,1035394.0,1035394.0,0
20240313T,1049042.0,1049042.0,1049042.0,1049042.0,0
20240314T,724639.0,724639.0,724639.0,724639.0,0
20240315T,1101433.0,1101433.0,1101433.0,1101433.0,0
20240318T,1094153.0,1094153.0,1094153.0,1094153.0,0
20240319T,1201181.0,1201181.0,1201181.0,1201181.0,0
20240320T,814670.0,814670.0,814670.0,814670.0,0
20240321T,770625.0,770625.0,770625.0,770625.0,0
20240322T,886921.0,886921.0,886921.0,886921.0,0
20240326T,1054363.0,1054363.0,1054363.0,1054363.0,0
20240327T,892340.0,892340.0,892340.0,892340.0,0
20240328T,682440.0,682440.0,682440.0,682440.0,0
20240401T,862938.0,862938.0,862938.0,862938.0,0
20240402T,977690.0,977690.0,977690.0,977690.0,0
20240403T,643033.0,643033.0,643033.0,643033.0,0
20240404T,531825.0,531825.0,531825.0,531825.0,0
20240405T,941307.0,941307.0,941307.0,941307.0,0
20240408T,1040061.0,1040061.0,1040061.0,1040061.0,0
20240409T,1173761.0,1173761.0,1173761.0,1173761.0,0
20240410T,520337.0,520337.0,520337.0,520337.0,0
20240412T,885513.0,885513.0,885513.0,885513.0,0
20240415T,1143574.0,1143574.0,1143574.0,1143574.0,0
20240416T,828645.0,828645.0,828645.0,828645.0,0
20240418T,831834.0,831834.0,831834.0,831834.0,0
20240419T,1067630.0,1067630.0,1067630.0,1067630.0,0
20240422T,1186449.0,1186449.0,1186449.0,1186449.0,0
20240423T,1248939.0,1248939.0,1248939.0,1248939.0,0
20240424T,875386.0,875386.0,875386.0,875386.0,0
20240425T,678707.0,678707.0,678707.0,678707.0,0
20240426T,1318039.0,1318039.0,1318039.0,1318039.0,0
20240429T,1543233.0,1543233.0,1543233.0,1543233.0,0
20240430T,1305267.0,1305267.0,1305267.0,1305267.0,0
20240502T,1074551.0,1074551.0,1074551.0,1074551.0,0
20240503T,1542542.0,1542542.0,1542542.0,1542542.0,0
20240506T,1672117.0,1672117.0,1672117.0,1672117.0,0
20240507T,1929256.0,1929256.0,1929256.0,1929256.0,0
20240508T,1497195.0,1497195.0,1497195.0,1497195.0,0
20240509T,1006214.0,1006214.0,1006214.0,1006214.0,0
20240510T,1257504.0,1257504.0,1257504.0,1257504.0,0
20240513T,1314150.0,1314150.0,1314150.0,1314150.0,0
20240514T,1506844.0,1506844.0,1506844.0,1506844.0,0
20240515T,1293160.0,1293160.0,1293160.0,1293160.0,0
20240516T,1021935.0,1021935.0,1021935.0,1021935.0,0
20240517T,1147916.0,1147916.0,1147916.0,1147916.0,0
20240521T,1560146.0,1560146.0,1560146.0,1560146.0,0
20240522T,1323087.0,1323087.0,1323087.0,1323087.0,0
20240523T,984877.0,984877.0,984877.0,984877.0,0
20240524T,1384163.0,1384163.0,1384163.0,1384163.0,0
20240527T,1571919.0,1571919.0,1571919.0,1571919.0,0
20240528T,1810060.0,1810060.0,1810060.0,1810060.0,0
20240529T,1630768.0,1630768.0,1630768.0,1630768.0,0
20240530T,622980.0,622980.0,622980.0,622980.0,0
20240531T,1125866.0,1125866.0,1125866.0,1125866.0,0
20240603T,1351442.0,1351442.0,1351442.0,1351442.0,0
20240604T,1633676.0,1633676.0,1633676.0,1633676.0,0
20240605T,1451573.0,1451573.0,1451573.0,1451573.0,0
20240606T,899539.0,899539.0,899539.0,899539.0,0
20240607T,1330767.0,1330767.0,1330767.0,1330767.0,0
20240610T,1480794.0,1480794.0,1480794.0,1480794.0,0
20240611T,1493482.0,1493482.0,1493482.0,1493482.0,0
20240612T,1435073.0,1435073.0,1435073.0,1435073.0,0
20240613T,1040603.0,1040603.0,1040603.0,1040603.0,0
20240614T,1312268.0,1312268.0,1312268.0,1312268.0,0
20240618T,1515823.0,1515823.0,1515823.0,1515823.0,0
20240619T,1477130.0,1477130.0,1477130.0,1477130.0,0
20240620T,1193899.0,1193899.0,1193899.0,1193899.0,0
20240621T,1414981.0,1414981.0,1414981.0,1414981.0,0
20240624T,1670991.0,1670991.0,1670991.0,1670991.0,0
20240625T,1956710.0,1956710.0,1956710.0,1956710.0,0
20240626T,1926438.0,1926438.0,1926438.0,1926438.0,0
20240627T,1052529.0,1052529.0,1052529.0,1052529.0,0
20240628T,1304942.0,1304942.0,1304942.0,1304942.0,0
20240701T,1322382.0,1322382.0,1322382.0,1322382.0,0
20240702T,1422744.0,1422744.0,1422744.0,1422744.0,0
20240703T,1242396.0,1242396.0,1242396.0,1242396.0,0
20240704T,1070395.0,1070395.0,1070395.0,1070395.0,0
20240705T,1655570.0,1655570.0,1655570.0,1655570.0,0
20240708T,1777969.0,1777969.0,1777969.0,1777969.0,0
20240709T,1764808.0,1764808.0,1764808.0,1764808.0,0
20240710T,1464294.0,1464294.0,1464294.0,1464294.0,0
20240711T,896742.0,896742.0,896742.0,896742.0,0
20240712T,1129256.0,1129256.0,1129256.0,1129256.0,0
20240715T,1280833.0,1280833.0,1280833.0,1280833.0,0
20240716T,1076665.0,1076665.0,1076665.0,1076665.0,0
20240718T,827162.0,827162.0,827162.0,827162.0,0
20240719T,1210053.0,1210053.0,1210053.0,1210053.0,0
20240722T,1620443.0,1620443.0,1620443.0,1620443.0,0
20240723T,1747636.0,1747636.0,1747636.0,1747636.0,0
20240724T,1603352.0,1603352.0,1603352.0,1603352.0,0
20240725T,950898.0,950898.0,950898.0,950898.0,0
20240726T,1557049.0,1557049.0,1557049.0,1557049.0,0
20240729T,1633978.0,1633978.0,1633978.0,1633978.0,0
20240730T,1545390.0,1545390.0,1545390.0,1545390.0,0
20240731T,1292186.0,1292186.0,1292186.0,1292186.0,0
20240801T,957581.0,957581.0,957581.0,957581.0,0
20240802T,1624168.0,1624168.0,1624168.0,1624168.0,0
20240805T,1821325.0,1821325.0,1821325.0,1821325.0,0
20240806T,2274269.0,2274269.0,2274269.0,2274269.0,0
20240807T,1864898.0,1864898.0,1864898.0,1864898.0,0
20240808T,915306.0,915306.0,915306.0,915306.0,0
20240809T,1210068.0,1210068.0,1210068.0,1210068.0,0
20240812T,1262016.0,1262016.0,1262016.0,1262016.0,0
20240813T,1835619.0,1835619.0,1835619.0,1835619.0,0
20240814T,939632.0,939632.0,939632.0,939632.0,0
20240816T,1341930.0,1341930.0,1341930.0,1341930.0,0
20240819T,1383243.0,1383243.0,1383243.0,1383243.0,0
20240820T,1393095.0,1393095.0,1393095.0,1393095.0,0
20240821T,1325995.0,1325995.0,1325995.0,1325995.0,0
20240822T,1009143.0,1009143.0,1009143.0,1009143.0,0
20240823T,1446915.0,1446915.0,1446915.0,1446915.0,0
20240826T,1678903.0,1678903.0,1678903.0,1678903.0,0
20240827T,1628043.0,1628043.0,1628043.0,1628043.0,0
20240828T,1397162.0,1397162.0,1397162.0,1397162.0,0
20240829T,926698.0,926698.0,926698.0,926698.0,0
20240830T,1401593.0,1401593.0,1401593.0,1401593.0,0
20240902T,1559763.0,1559763.0,1559763.0,1559763.0,0
20240903T,1545081.0,1545081.0,1545081.0,1545081.0,0
20240904T,1558146.0,1558146.0,1558146.0,1558146.0,0
20240905T,1122360.0,1122360.0,1122360.0,1122360.0,0
20240906T,1871924.0,1871924.0,1871924.0,1871924.0,0
20240909T,1904728.0,1904728.0,1904728.0,1904728.0,0
20240910T,1873804.0,1873804.0,1873804.0,1873804.0,0
20240911T,1714545.0,1714545.0,1714545.0,1714545.0,0
20240912T,1180611.0,1180611.0,1180611.0,1180611.0,0
20240913T,1441531.0,1441531.0,1441531.0,1441531.0,0
20240916T,1413387.0,1413387.0,1413387.0,1413387.0,0
20240917T,1382115.0,1382115.0,1382115.0,1382115.0,0
20240918T,1566606.0,1566606.0,1566606.0,1566606.0,0
20240919T,1440858.0,1440858.0,1440858.0,1440858.0,0
20240920T,1868651.0,1868651.0,1868651.0,1868651.0,0
20240923T,2085685.0,2085685.0,2085685.0,2085685.0,0
20240924T,2165604.0,2165604.0,2165604.0,2165604.0,0
20240925T,1849223.0,1849223.0,1849223.0,1849223.0,0
20240926T,1252753.0,1252753.0,1252753.0,1252753.0,0
20240927T,1955972.0,1955972.0,1955972.0,1955972.0,0
20240930T,2397827.0,2397827.0,2397827.0,2397827.0,0
20241001T,1900926.0,1900926.0,1900926.0,1900926.0,0
20241003T,1499927.0,1499927.0,1499927.0,1499927.0,0
20241004T,2329790.0,2329790.0,2329790.0,2329790.0,0
20241007T,2596228.0,2596228.0,2596228.0,2596228.0,0
20241008T,2569151.0,2569151.0,2569151.0,2569151.0,0
20241009T,2086362.0,2086362.0,2086362.0,2086362.0,0
20241010T,1360568.0,1360568.0,1360568.0,1360568.0,0
20241011T,1838399.0,1838399.0,1838399.0,1838399.0,0
20241014T,1926728.0,1926728.0,1926728.0,1926728.0,0
20241015T,2058114.0,2058114.0,2058114.0,2058114.0,0
20241016T,1916029.0,1916029.0,1916029.0,1916029.0,0
20241017T,1414100.0,1414100.0,1414100.0,1414100.0,0
20241018T,1773823.0,1773823.0,1773823.0,1773823.0,0
20241021T,1902736.0,1902736.0,1902736.0,1902736.0,0
20241022T,2094584.0,2094584.0,2094584.0,2094584.0,0
20241023T,1848703.0,1848703.0,1848703.0,1848703.0,0
20241024T,1594624.0,1594624.0,1594624.0,1594624.0,0
20241025T,2166803.0,2166803.0,2166803.0,2166803.0,0
20241028T,2376170.0,2376170.0,2376170.0,2376170.0,0
20241029T,2300690.0,2300690.0,2300690.0,2300690.0,0
20241030T,1982411.0,1982411.0,1982411.0,1982411.0,0
20241031T,1455970.0,1455970.0,1455970.0,1455970.0,0
20241104T,1906482.0,1906482.0,1906482.0,1906482.0,0
20241105T,2067545.0,2067545.0,2067545.0,2067545.0,0
20241106T,2253829.0,2253829.0,2253829.0,2253829.0,0
20241107T,1521925.0,1521925.0,1521925.0,1521925.0,0
20241108T,1895634.0,1895634.0,1895634.0,1895634.0,0
20241111T,1913511.0,1913511.0,1913511.0,1913511.0,0
20241112T,2172106.0,2172106.0,2172106.0,2172106.0,0
20241113T,2065543.0,2065543.0,2065543.0,2065543.0,0
20241114T,1600003.0,1600003.0,1600003.0,1600003.0,0
20241118T,1868262.0,1868262.0,1868262.0,1868262.0,0
20241119T,1977287.0,1977287.0,1977287.0,1977287.0,0
20241121T,1297482.0,1297482.0,1297482.0,1297482.0,0
20241122T,1823355.0,1823355.0,1823355.0,1823355.0,0
20241125T,2111627.0,2111627.0,2111627.0,2111627.0,0
20241126T,2156037.0,2156037.0,2156037.0,2156037.0,0
20241127T,1859911.0,1859911.0,1859911.0,1859911.0,0
20241128T,927334.0,927334.0,927334.0,927334.0,0
20241129T,1145458.0,1145458.0,1145458.0,1145458.0,0
20241202T,1585098.0,1585098.0,1585098.0,1585098.0,0
20241203T,1758658.0,1758658.0,1758658.0,1758658.0,0
20241204T,2035183.0,2035183.0,2035183.0,2035183.0,0
20241205T,1231275.0,1231275.0,1231275.0,1231275.0,0
20241206T,1664875.0,1664875.0,1664875.0,1664875.0,0
20241209T,2023370.0,2023370.0,2023370.0,2023370.0,0
20241210T,2095794.0,2095794.0,2095794.0,2095794.0,0
20241211T,2643963.0,2643963.0,2643963.0,2643963.0,0
20241212T,1278105.0,1278105.0,1278105.0,1278105.0,0
20241213T,2148762.0,2148762.0,2148762.0,2148762.0,0
20241216T,2309301.0,2309301.0,2309301.0,2309301.0,0
20241217T,3186744.0,3186744.0,3186744.0,3186744.0,0
20241218T,4026246.0,4026246.0,4026246.0,4026246.0,0
20241219T,1802082.0,1802082.0,1802082.0,1802082.0,0
20241220T,2016330.0,2016330.0,2016330.0,2016330.0,0
20241223T,2367008.0,2367008.0,2367008.0,2367008.0,0
20241224T,2019150.0,2019150.0,2019150.0,2019150.0,0
20241226T,577155.0,577155.0,577155.0,577155.0,0
20241227T,680357.0,680357.0,680357.0,680357.0,0
20241230T,784230.0,784230.0,784230.0,784230.0,0
20241231T,1003029.0,1003029.0,1003029.0,1003029.0,0
20250101T,1094329.0,1094329.0,1094329.0,1094329.0,0
20250102T,719961.0,719961.0,719961.0,719961.0,0
20250103T,956105.0,956105.0,956105.0,956105.0,0
20250106T,1174890.0,1174890.0,1174890.0,1174890.0,0
20250107T,1161717.0,1161717.0,1161717.0,1161717.0,0
20250108T,1232669.0,1232669.0,1232669.0,1232669.0,0
20250109T,855704.0,855704.0,855704.0,855704.0,0
20250110T,1028141.0,1028141.0,1028141.0,1028141.0,0
20250113T,1377906.0,1377906.0,1377906.0,1377906.0,0
20250114T,1480455.0,1480455.0,1480455.0,1480455.0,0
20250115T,1463331.0,1463331.0,1463331.0,1463331.0,0
20250116T,1223173.0,1223173.0,1223173.0,1223173.0,0
20250117T,1355420.0,1355420.0,1355420.0,1355420.0,0
20250120T,1435542.0,1435542.0,1435542.0,1435542.0,0
20250121T,1635318.0,1635318.0,1635318.0,1635318.0,0
20250122T,1796763.0,1796763.0,1796763.0,1796763.0,0
20250123T,1752320.0,1752320.0,1752320.0,1752320.0,0
20250124T,1876574.0,1876574.0,1876574.0,1876574.0,0
20250127T,2076538.0,2076538.0,2076538.0,2076538.0,0
20250128T,2087027.0,2087027.0,2087027.0,2087027.0,0
20250129T,2323469.0,2323469.0,2323469.0,2323469.0,0
20250130T,404897.0,404897.0,404897.0,404897.0,0
20250131T,561236.0,561236.0,561236.0,561236.0,0
20250203T,685051.0,685051.0,685051.0,685051.0,0
20250204T,697341.0,697341.0,697341.0,697341.0,0
20250205T,768846.0,768846.0,768846.0,768846.0,0
20250206T,524891.0,524891.0,524891.0,524891.0,0
20250207T,561804.0,561804.0,561804.0,561804.0,0
20250210T,586643.0,586643.0,586643.0,586643.0,0
20250211T,637865.0,637865.0,637865.0,637865.0,0
20250212T,656495.0,656495.0,656495.0,656495.0,0
20250213T,480817.0,480817.0,480817.0,480817.0,0
20250214T,566240.0,566240.0,566240.0,566240.0,0
20250217T,573802.0,573802.0,573802.0,573802.0,0
20250218T,591630.0,591630.0,591630.0,591630.0,0
20250219T,627494.0,627494.0,627494.0,627494.0,0
20250220T,504014.0,504014.0,504014.0,504014.0,0
20250221T,581744.0,581744.0,581744.0,581744.0,0
20250224T,826414.0,826414.0,826414.0,826414.0,0
20250225T,905778.0,905778.0,905778.0,905778.0,0
20250227T,393097.0,393097.0,393097.0,393097.0,0
20250228T,531870.0,531870.0,531870.0,531870.0,0
20250303T,579075.0,579075.0,579075.0,579075.0,0
20250304T,653091.0,653091.0,653091.0,653091.0,0
20250305T,732056.0,732056.0,732056.0,732056.0,0
20250306T,532055.0,532055.0,532055.0,532055.0,0
20250307T,657621.0,657621.0,657621.0,657621.0,0
20250310T,750958.0,750958.0,750958.0,750958.0,0
20250311T,833821.0,833821.0,833821.0,833821.0,0
20250312T,881065.0,881065.0,881065.0,881065.0,0
20250313T,628016.0,628016.0,628016.0,628016.0,0
20250317T,725575.0,725575.0,725575.0,725575.0,0
20250318T,801355.0,801355.0,801355.0,801355.0,0
20250319T,909741.0,909741.0,909741.0,909741.0,0
20250320T,684160.0,684160.0,684160.0,684160.0,0
20250321T,816239.0,816239.0,816239.0,816239.0,0
20250324T,916649.0,916649.0,916649.0,916649.0,0
20250325T,1054118.0,1054118.0,1054118.0,1054118.0,0
20250326T,1154735.0,1154735.0,1154735.0,1154735.0,0
20250327T,389855.0,389855.0,389855.0,389855.0,0
20250328T,522689.0,522689.0,522689.0,522689.0,0
20250401T,734407.0,734407.0,734407.0,734407.0,0
20250402T,791731.0,791731.0,791731.0,791731.0,0
20250403T,541358.0,541358.0,541358.0,541358.0,0
20250404T,876183.0,876183.0,876183.0,876183.0,0
20250407T,968628.0,968628.0,968628.0,968628.0,0
20250408T,1166267.0,1166267.0,1166267.0,1166267.0,0
20250409T,736429.0,736429.0,736429.0,736429.0,0
20250411T,954325.0,954325.0,954325.0,954325.0,0
20250415T,906456.0,906456.0,906456.0,906456.0,0
20250416T,936773.0,936773.0,936773.0,936773.0,0
20250417T,698180.0,698180.0,698180.0,698180.0,0
20250421T,898066.0,898066.0,898066.0,898066.0,0
20250422T,927915.0,927915.0,927915.0,927915.0,0
20250423T,1068507.0,1068507.0,1068507.0,1068507.0,0
20250424T,386837.0,386837.0,386837.0,386837.0,0
20250425T,496666.0,496666.0,496666.0,496666.0,0
20250428T,539129.0,539129.0,539129.0,539129.0,0
20250429T,691391.0,691391.0,691391.0,691391.0,0
20250430T,472395.0,472395.0,472395.0,472395.0,0
20250502T,615810.0,615810.0,615810.0,615810.0,0
20250505T,688615.0,688615.0,688615.0,688615.0,0
20250506T,751542.0,751542.0,751542.0,751542.0,0
20250507T,785188.0,785188.0,785188.0,785188.0,0
20250508T,611997.0,611997.0,611997.0,611997.0,0
20250509T,704650.0,704650.0,704650.0,704650.0,0
20250512T,774531.0,774531.0,774531.0,774531.0,0
20250513T,833886.0,833886.0,833886.0,833886.0,0
20250514T,825042.0,825042.0,825042.0,825042.0,0
20250515T,608418.0,608418.0,608418.0,608418.0,0
20250516T,702642.0,702642.0,702642.0,702642.0,0
20250519T,799875.0,799875.0,799875.0,799875.0,0
20250520T,871660.0,871660.0,871660.0,871660.0,0
20250521T,851774.0,851774.0,851774.0,851774.0,0
20250522T,604318.0,604318.0,604318.0,604318.0,0
20250523T,712928.0,712928.0,712928.0,712928.0,0
20250526T,838650.0,838650.0,838650.0,838650.0,0
20250527T,1006189.0,1006189.0,1006189.0,1006189.0,0
20250528T,766906.0,766906.0,766906.0,766906.0,0
20250529T,289700.0,289700.0,289700.0,289700.0,0
20250530T,435738.0,435738.0,435738.0,435738.0,0
20250602T,547183.0,547183.0,547183.0,547183.0,0
20250603T,582147.0,582147.0,582147.0,582147.0,0
20250604T,552207.0,552207.0,552207.0,552207.0,0
20250605T,434801.0,434801.0,434801.0,434801.0,0
20250606T,539142.0,539142.0,539142.0,539142.0,0
20250609T,581994.0,581994.0,581994.0,581994.0,0
20250610T,620905.0,620905.0,620905.0,620905.0,0
20250611T,746366.0,746366.0,746366.0,746366.0,0
20250612T,486799.0,486799.0,486799.0,486799.0,0
20250613T,539681.0,539681.0,539681.0,539681.0,0
20250616T,555120.0,555120.0,555120.0,555120.0,0
20250617T,576913.0,576913.0,576913.0,576913.0,0
20250618T,592784.0,592784.0,592784.0,592784.0,0
20250619T,498768.0,498768.0,498768.0,498768.0,0
20250620T,607315.0,607315.0,607315.0,607315.0,0
20250623T,615273.0,615273.0,615273.0,615273.0,0
20250624T,657824.0,657824.0,657824.0,657824.0,0
20250625T,715457.0,715457.0,715457.0,715457.0,0
20250626T,315340.0,315340.0,315340.0,315340.0,0
20250627T,355675.0,355675.0,355675.0,355675.0,0
20250630T,375104.0,375104.0,375104.0,375104.0,0
20250701T,407878.0,407878.0,407878.0,407878.0,0
20250702T,415581.0,415581.0,415581.0,415581.0,0
20250703T,267140.0,267140.0,267140.0,267140.0,0
20250704T,312500.0,312500.0,312500.0,312500.0,0
20250707T,318995.0,318995.0,318995.0,318995.0,0
20250708T,330830.0,330830.0,330830.0,330830.0,0
20250709T,357511.0,357511.0,357511.0,357511.0,0
20250710T,263223.0,263223.0,263223.0,263223.0,0
20250711T,346342.0,346342.0,346342.0,346342.0,0
20250714T,373321.0,373321.0,373321.0,373321.0,0
20250715T,369936.0,369936.0,369936.0,369936.0,0
20250716T,385035.0,385035.0,385035.0,385035.0,0
20250717T,294815.0,294815.0,294815.0,294815.0,0
20250718T,355354.0,355354.0,355354.0,355354.0,0
20250721T,350360.0,350360.0,350360.0,350360.0,0
20250722T,404137.0,404137.0,404137.0,404137.0,0
20250723T,418425.0,418425.0,418425.0,418425.0,0
20250724T,337211.0,337211.0,337211.0,337211.0,0
20250725T,432309.0,432309.0,432309.0,432309.0,0
20250728T,444580.0,444580.0,444580.0,444580.0,0
20250729T,453880.0,453880.0,453880.0,453880.0,0
20250730T,455868.0,455868.0,455868.0,455868.0,0
20250731T,187052.0,187052.0,187052.0,187052.0,0
20250801T,283704.0,283704.0,283704.0,283704.0,0
20250804T,292059.0,292059.0,292059.0,292059.0,0
20250805T,335018.0,335018.0,335018.0,335018.0,0
20250806T,396621.0,396621.0,396621.0,396621.0,0
20250807T,235441.0,235441.0,235441.0,235441.0,0
20250808T,360340.0,360340.0,360340.0,360340.0,0
20250811T,319433.0,319433.0,319433.0,319433.0,0
20250812T,356179.0,356179.0,356179.0,356179.0,0
20250813T,399605.0,399605.0,399605.0,399605.0,0
20250814T,254685.0,254685.0,254685.0,254685.0,0
20250818T,343765.0,343765.0,343765.0,343765.0,0
20250819T,362434.0,362434.0,362434.0,362434.0,0
20250820T,384514.0,384514.0,384514.0,384514.0,0
20250821T,277304.0,277304.0,277304.0,277304.0,0
20250822T,381017.0,381017.0,381017.0,381017.0,0
20250825T,400256.0,400256.0,400256.0,400256.0,0
20250826T,469122.0,469122.0,469122.0,469122.0,0
20250828T,251762.0,251762.0,251762.0,251762.0,0
20250829T,415906.0,415906.0,415906.0,415906.0,0
20250901T,388829.0,388829.0,388829.0,388829.0,0
20250902T,252789.0,252789.0,252789.0,252789.0,0
20250903T,328489.0,328489.0,328489.0,328489.0,0
20250904T,412100.0,412100.0,412100.0,412100.0,0
20250905T,487024.0,487024.0,487024.0,487024.0,0
20250908T,562423.0,562423.0,562423.0,562423.0,0
20250909T,279565.0,279565.0,279565.0,279565.0,0
20250910T,332668.0,332668.0,332668.0,332668.0,0
20250911T,378573.0,378573.0,378573.0,378573.0,0
20250912T,456539.0,456539.0,456539.0,456539.0,0
20250915T,499486.0,499486.0,499486.0,499486.0,0
20250916T,298333.0,298333.0,298333.0,298333.0,0
20250917T,375596.0,375596.0,375596.0,375596.0,0
20250918T,431295.0,431295.0,431295.0,431295.0,0
20250919T,524961.0,524961.0,524961.0,524961.0,0
20250922T,582366.0,582366.0,582366.0,582366.0,0
20250923T,313723.0,313723.0,313723.0,313723.0,0
20250924T,387894.0,387894.0,387894.0,387894.0,0
20250925T,490236.0,490236.0,490236.0,490236.0,0
20250926T,625853.0,625853.0,625853.0,625853.0,0
20250929T,673693.0,673693.0,673693.0,673693.0,0
20250930T,243003.0,243003.0,243003.0,243003.0,0
20251001T,357533.0,357533.0,357533.0,357533.0,0
20251003T,435776.0,435776.0,435776.0,435776.0,0
20251006T,467977.0,467977.0,467977.0,467977.0,0
20251007T,279900.0,279900.0,279900.0,279900.0,0
20251008T,355775.0,355775.0,355775.0,355775.0,0
20251009T,372613.0,372613.0,372613.0,372613.0,0
20251010T,467200.0,467200.0,467200.0,467200.0,0
20251013T,471899.0,471899.0,471899.0,471899.0,0
20251014T,294716.0,294716.0,294716.0,294716.0,0
20251015T,388724.0,388724.0,388724.0,388724.0,0
20251016T,513127.0,513127.0,513127.0,513127.0,0
20251017T,576956.0,576956.0,576956.0,576956.0,0
20251020T,399981.0,399981.0,399981.0,399981.0,0
20251023T,593204.0,593204.0,593204.0,593204.0,0
20251024T,727466.0,727466.0,727466.0,727466.0,0
20251027T,637647.0,637647.0,637647.0,637647.0,0
20251028T,270517.0,270517.0,270517.0,270517.0,0
20251029T,357309.0,357309.0,357309.0,357309.0,0
20251030T,510212.0,510212.0,510212.0,510212.0,0
20251031T,672848.0,672848.0,672848.0,672848.0,0
20251103T,618499.0,618499.0,618499.0,618499.0,0
20251104T,353860.0,353860.0,353860.0,353860.0,0
20251106T,467761.0,467761.0,467761.0,467761.0,0
20251107T,538174.0,538174.0,538174.0,538174.0,0
20251110T,552056.0,552056.0,552056.0,552056.0,0
20251111T,339473.0,339473.0,339473.0,339473.0,0
20251112T,396411.0,396411.0,396411.0,396411.0,0
20251113T,448538.0,448538.0,448538.0,448538.0,0
20251114T,573126.0,573126.0,573126.0,573126.0,0
20251117T,563586.0,563586.0,563586.0,563586.0,0
20251118T,357142.0,357142.0,357142.0,357142.0,0
20251119T,443524.0,443524.0,443524.0,443524.0,0
20251120T,514519.0,514519.0,514519.0,514519.0,0
20251121T,584976.0,584976.0,584976.0,584976.0,0
20251124T,719953.0,719953.0,719953.0,719953.0,0
20251125T,289447.0,289447.0,289447.0,289447.0,0
20251126T,398437.0,398437.0,398437.0,398437.0,0
20251127T,449150.0,449150.0,449150.0,449150.0,0
20251128T,490310.0,490310.0,490310.0,490310.0,0
20251201T,550277.0,550277.0,550277.0,550277.0,0
20251202T,368902.0,368902.0,368902.0,368902.0,0
20251203T,479820.0,479820.0,479820.0,479820.0,0
20251204T,492007.0,492007.0,492007.0,492007.0,0
20251205T,537053.0,537053.0,537053.0,537053.0,0
20251208T,666672.0,666672.0,666672.0,666672.0,0
20251209T,422696.0,422696.0,422696.0,422696.0,0
20251210T,526432.0,526432.0,526432.0,526432.0,0
20251211T,527492.0,527492.0,527492.0,527492.0,0
20251212T,561157.0,561157.0,561157.0,561157.0,0
20251215T,598241.0,598241.0,598241.0,598241.0,0
20251216T,417734.0,417734.0,417734.0,417734.0,0
20251217T,508459.0,508459.0,508459.0,508459.0,0
20251218T,543918.0,543918.0,543918.0,543918.0,0
20251219T,573262.0,573262.0,573262.0,573262.0,0
20251222T,566281.0,566281.0,566281.0,566281.0,0
20251223T,427599.0,427599.0,427599.0,427599.0,0
20251224T,515923.0,515923.0,515923.0,515923.0,0
20251226T,645748.0,645748.0,645748.0,645748.0,0
20251229T,698906.0,698906.0,698906.0,698906.0,0
20251230T,261076.0,261076.0,261076.0,261076.0,0
20251231T,355544.0,355544.0,355544.0,355544.0,0
20260101T,400224.0,400224.0,400224.0,400224.0,0
20260102T,455502.0,455502.0,455502.0,455502.0,0
20260105T,558198.0,558198.0,558198.0,558198.0,0
20260106T,400769.0,400769.0,400769.0,400769.0,0
20260107T,476395.0,476395.0,476395.0,476395.0,0
20260108T,595306.0,595306.0,595306.0,595306.0,0
20260109T,777766.0,777766.0,777766.0,777766.0,0
20260112T,680685.0,680685.0,680685.0,680685.0,0
20260113T,432612.0,432612.0,432612.0,432612.0,0
20260114T,563719.0,563719.0,563719.0,563719.0,0
20260116T,695782.0,695782.0,695782.0,695782.0,0
20260119T,743735.0,743735.0,743735.0,743735.0,0
20260120T,482542.0,482542.0,482542.0,482542.0,0
20260121T,583761.0,583761.0,583761.0,583761.0,0
20260122T,614652.0,614652.0,614652.0,614652.0,0
20260123T,915078.0,915078.0,915078.0,915078.0,0
20260127T,330238.0,330238.0,330238.0,330238.0,0
20260128T,422973.0,422973.0,422973.0,422973.0,0
20260129T,441716.0,441716.0,441716.0,441716.0,0
20260130T,546337.0,546337.0,546337.0,546337.0,0
20260201T,719236.0,719236.0,719236.0,719236.0,0
20260202T,652371.0,652371.0,652371.0,652371.0,0
