20120106T,211227.0,211227.0,211227.0,211227.0,0
20120109T,215957.0,215957.0,215957.0,215957.0,0
20120110T,250481.0,250481.0,250481.0,250481.0,0
20120111T,268551.0,268551.0,268551.0,268551.0,0
20120112T,264733.0,264733.0,264733.0,264733.0,0
20120113T,268261.0,268261.0,268261.0,268261.0,0
20120116T,268760.0,268760.0,268760.0,268760.0,0
20120117T,307215.0,307215.0,307215.0,307215.0,0
20120118T,301751.0,301751.0,301751.0,301751.0,0
20120119T,310750.0,310750.0,310750.0,310750.0,0
20120120T,314482.0,314482.0,314482.0,314482.0,0
20120123T,320124.0,320124.0,320124.0,320124.0,0
20120124T,338261.0,338261.0,338261.0,338261.0,0
20120125T,177032.0,177032.0,177032.0,177032.0,0
20120127T,206638.0,206638.0,206638.0,206638.0,0
20120130T,206295.0,206295.0,206295.0,206295.0,0
20120131T,212966.0,212966.0,212966.0,212966.0,0
20120201T,222535.0,222535.0,222535.0,222535.0,0
20120202T,221818.0,221818.0,221818.0,221818.0,0
20120203T,231510.0,231510.0,231510.0,231510.0,0
20120206T,251615.0,251615.0,251615.0,251615.0,0
20120207T,273018.0,273018.0,273018.0,273018.0,0
20120208T,295492.0,295492.0,295492.0,295492.0,0
20120209T,306144.0,306144.0,306144.0,306144.0,0
20120210T,312289.0,312289.0,312289.0,312289.0,0
20120213T,329843.0,329843.0,329843.0,329843.0,0
20120214T,332891.0,332891.0,332891.0,332891.0,0
20120215T,327992.0,327992.0,327992.0,327992.0,0
20120216T,320407.0,320407.0,320407.0,320407.0,0
20120217T,334430.0,334430.0,334430.0,334430.0,0
20120221T,351979.0,351979.0,351979.0,351979.0,0
20120222T,374825.0,374825.0,374825.0,374825.0,0
20120223T,199469.0,199469.0,199469.0,199469.0,0
20120224T,203027.0,203027.0,203027.0,203027.0,0
20120227T,228575.0,228575.0,228575.0,228575.0,0
20120228T,235010.0,235010.0,235010.0,235010.0,0
20120229T,263581.0,263581.0,263581.0,263581.0,0
20120301T,274010.0,274010.0,274010.0,274010.0,0
20120302T,262831.0,262831.0,262831.0,262831.0,0
20120305T,282465.0,282465.0,282465.0,282465.0,0
20120306T,289103.0,289103.0,289103.0,289103.0,0
20120307T,297922.0,297922.0,297922.0,297922.0,0
20120309T,311142.0,311142.0,311142.0,311142.0,0
20120312T,286501.0,286501.0,286501.0,286501.0,0
20120313T,351856.0,351856.0,351856.0,351856.0,0
20120314T,363182.0,363182.0,363182.0,363182.0,0
20120315T,368387.0,368387.0,368387.0,368387.0,0
20120316T,394686.0,394686.0,394686.0,394686.0,0
20120319T,373316.0,373316.0,373316.0,373316.0,0
20120320T,345448.0,345448.0,345448.0,345448.0,0
20120321T,335057.0,335057.0,335057.0,335057.0,0
20120322T,276696.0,276696.0,276696.0,276696.0,0
20120323T,280909.0,280909.0,280909.0,280909.0,0
20120326T,302131.0,302131.0,302131.0,302131.0,0
20120327T,319355.0,319355.0,319355.0,319355.0,0
20120328T,307640.0,307640.0,307640.0,307640.0,0
20120329T,120206.0,120206.0,120206.0,120206.0,0
20120330T,114400.0,114400.0,114400.0,114400.0,0
20120402T,122782.0,122782.0,122782.0,122782.0,0
20120403T,124665.0,124665.0,124665.0,124665.0,0
20120404T,130173.0,130173.0,130173.0,130173.0,0
20120409T,152243.0,152243.0,152243.0,152243.0,0
20120410T,162464.0,162464.0,162464.0,162464.0,0
20120411T,158008.0,158008.0,158008.0,158008.0,0
20120412T,161455.0,161455.0,161455.0,161455.0,0
20120413T,170857.0,170857.0,170857.0,170857.0,0
20120416T,176575.0,176575.0,176575.0,176575.0,0
20120417T,161930.0,161930.0,161930.0,161930.0,0
20120418T,159662.0,159662.0,159662.0,159662.0,0
20120419T,158243.0,158243.0,158243.0,158243.0,0
20120420T,169102.0,169102.0,169102.0,169102.0,0
20120423T,173232.0,173232.0,173232.0,173232.0,0
20120424T,183047.0,183047.0,183047.0,183047.0,0
20120425T,179515.0,179515.0,179515.0,179515.0,0
20120426T,84250.0,84250.0,84250.0,84250.0,0
20120427T,94126.0,94126.0,94126.0,94126.0,0
20120430T,92280.0,92280.0,92280.0,92280.0,0
20120502T,100052.0,100052.0,100052.0,100052.0,0
20120503T,107427.0,107427.0,107427.0,107427.0,0
20120504T,110564.0,110564.0,110564.0,110564.0,0
20120507T,117744.0,117744.0,117744.0,117744.0,0
20120508T,128174.0,128174.0,128174.0,128174.0,0
20120509T,134548.0,134548.0,134548.0,134548.0,0
20120510T,150640.0,150640.0,150640.0,150640.0,0
20120511T,165107.0,165107.0,165107.0,165107.0,0
20120514T,162712.0,162712.0,162712.0,162712.0,0
20120515T,158131.0,158131.0,158131.0,158131.0,0
20120516T,158349.0,158349.0,158349.0,158349.0,0
20120517T,165189.0,165189.0,165189.0,165189.0,0
20120518T,155582.0,155582.0,155582.0,155582.0,0
20120521T,152084.0,152084.0,152084.0,152084.0,0
20120522T,162313.0,162313.0,162313.0,162313.0,0
20120523T,177550.0,177550.0,177550.0,177550.0,0
20120524T,189652.0,189652.0,189652.0,189652.0,0
20120525T,180358.0,180358.0,180358.0,180358.0,0
20120528T,181246.0,181246.0,181246.0,181246.0,0
20120529T,185059.0,185059.0,185059.0,185059.0,0
20120530T,187090.0,187090.0,187090.0,187090.0,0
20120531T,134429.0,134429.0,134429.0,134429.0,0
20120601T,151240.0,151240.0,151240.0,151240.0,0
20120604T,168896.0,168896.0,168896.0,168896.0,0
20120605T,183810.0,183810.0,183810.0,183810.0,0
20120606T,177893.0,177893.0,177893.0,177893.0,0
20120607T,173798.0,173798.0,173798.0,173798.0,0
20120608T,183124.0,183124.0,183124.0,183124.0,0
20120611T,185946.0,185946.0,185946.0,185946.0,0
20120612T,188433.0,188433.0,188433.0,188433.0,0
20120613T,193098.0,193098.0,193098.0,193098.0,0
20120614T,197217.0,197217.0,197217.0,197217.0,0
20120615T,205752.0,205752.0,205752.0,205752.0,0
20120618T,222140.0,222140.0,222140.0,222140.0,0
20120619T,220636.0,220636.0,220636.0,220636.0,0
20120620T,235067.0,235067.0,235067.0,235067.0,0
20120621T,247102.0,247102.0,247102.0,247102.0,0
20120622T,243434.0,243434.0,243434.0,243434.0,0
20120625T,240984.0,240984.0,240984.0,240984.0,0
20120626T,237126.0,237126.0,237126.0,237126.0,0
20120627T,228612.0,228612.0,228612.0,228612.0,0
20120628T,131484.0,131484.0,131484.0,131484.0,0
20120629T,171417.0,171417.0,171417.0,171417.0,0
20120702T,177503.0,177503.0,177503.0,177503.0,0
20120703T,181517.0,181517.0,181517.0,181517.0,0
20120704T,184936.0,184936.0,184936.0,184936.0,0
20120705T,190945.0,190945.0,190945.0,190945.0,0
20120706T,198185.0,198185.0,198185.0,198185.0,0
20120709T,196495.0,196495.0,196495.0,196495.0,0
20120710T,202690.0,202690.0,202690.0,202690.0,0
20120711T,199597.0,199597.0,199597.0,199597.0,0
20120712T,184149.0,184149.0,184149.0,184149.0,0
20120713T,187013.0,187013.0,187013.0,187013.0,0
20120716T,197809.0,197809.0,197809.0,197809.0,0
20120717T,189181.0,189181.0,189181.0,189181.0,0
20120718T,198752.0,198752.0,198752.0,198752.0,0
20120719T,198138.0,198138.0,198138.0,198138.0,0
20120720T,191042.0,191042.0,191042.0,191042.0,0
20120723T,179740.0,179740.0,179740.0,179740.0,0
20120724T,177057.0,177057.0,177057.0,177057.0,0
20120725T,177667.0,177667.0,177667.0,177667.0,0
20120726T,93177.0,93177.0,93177.0,93177.0,0
20120727T,119027.0,119027.0,119027.0,119027.0,0
20120730T,134172.0,134172.0,134172.0,134172.0,0
20120731T,142455.0,142455.0,142455.0,142455.0,0
20120801T,147893.0,147893.0,147893.0,147893.0,0
20120802T,149906.0,149906.0,149906.0,149906.0,0
20120803T,174948.0,174948.0,174948.0,174948.0,0
20120806T,170721.0,170721.0,170721.0,170721.0,0
20120807T,183722.0,183722.0,183722.0,183722.0,0
20120808T,191815.0,191815.0,191815.0,191815.0,0
20120809T,197853.0,197853.0,197853.0,197853.0,0
20120810T,206726.0,206726.0,206726.0,206726.0,0
20120813T,221079.0,221079.0,221079.0,221079.0,0
20120814T,235267.0,235267.0,235267.0,235267.0,0
20120816T,246846.0,246846.0,246846.0,246846.0,0
20120817T,262812.0,262812.0,262812.0,262812.0,0
20120821T,270330.0,270330.0,270330.0,270330.0,0
20120822T,283481.0,283481.0,283481.0,283481.0,0
20120823T,306057.0,306057.0,306057.0,306057.0,0
20120824T,305836.0,305836.0,305836.0,305836.0,0
20120827T,321699.0,321699.0,321699.0,321699.0,0
20120828T,350734.0,350734.0,350734.0,350734.0,0
20120829T,354704.0,354704.0,354704.0,354704.0,0
20120830T,139486.0,139486.0,139486.0,139486.0,0
20120831T,148339.0,148339.0,148339.0,148339.0,0
20120903T,154502.0,154502.0,154502.0,154502.0,0
20120904T,159208.0,159208.0,159208.0,159208.0,0
20120905T,157667.0,157667.0,157667.0,157667.0,0
20120906T,185497.0,185497.0,185497.0,185497.0,0
20120907T,171937.0,171937.0,171937.0,171937.0,0
20120910T,179515.0,179515.0,179515.0,179515.0,0
20120911T,184118.0,184118.0,184118.0,184118.0,0
20120912T,184213.0,184213.0,184213.0,184213.0,0
20120913T,191469.0,191469.0,191469.0,191469.0,0
20120914T,226330.0,226330.0,226330.0,226330.0,0
20120917T,250677.0,250677.0,250677.0,250677.0,0
20120918T,263027.0,263027.0,263027.0,263027.0,0
20120920T,267439.0,267439.0,267439.0,267439.0,0
20120921T,312981.0,312981.0,312981.0,312981.0,0
20120924T,297789.0,297789.0,297789.0,297789.0,0
20120925T,306589.0,306589.0,306589.0,306589.0,0
20120926T,313696.0,313696.0,313696.0,313696.0,0
20120927T,165085.0,165085.0,165085.0,165085.0,0
20120928T,176355.0,176355.0,176355.0,176355.0,0
20121001T,191198.0,191198.0,191198.0,191198.0,0
20121003T,206077.0,206077.0,206077.0,206077.0,0
20121004T,221480.0,221480.0,221480.0,221480.0,0
20121005T,240289.0,240289.0,240289.0,240289.0,0
20121008T,237728.0,237728.0,237728.0,237728.0,0
20121009T,254423.0,254423.0,254423.0,254423.0,0
20121010T,258813.0,258813.0,258813.0,258813.0,0
20121011T,265026.0,265026.0,265026.0,265026.0,0
20121012T,266002.0,266002.0,266002.0,266002.0,0
20121015T,257183.0,257183.0,257183.0,257183.0,0
20121016T,250038.0,250038.0,250038.0,250038.0,0
20121017T,276663.0,276663.0,276663.0,276663.0,0
20121018T,282778.0,282778.0,282778.0,282778.0,0
20121019T,269299.0,269299.0,269299.0,269299.0,0
20121022T,270124.0,270124.0,270124.0,270124.0,0
20121023T,269907.0,269907.0,269907.0,269907.0,0
20121025T,179520.0,179520.0,179520.0,179520.0,0
20121026T,196707.0,196707.0,196707.0,196707.0,0
20121029T,226071.0,226071.0,226071.0,226071.0,0
20121030T,209930.0,209930.0,209930.0,209930.0,0
20121031T,214836.0,214836.0,214836.0,214836.0,0
20121101T,215871.0,215871.0,215871.0,215871.0,0
20121102T,224278.0,224278.0,224278.0,224278.0,0
20121105T,224482.0,224482.0,224482.0,224482.0,0
20121106T,247369.0,247369.0,247369.0,247369.0,0
20121107T,270905.0,270905.0,270905.0,270905.0,0
20121108T,280176.0,280176.0,280176.0,280176.0,0
20121109T,281828.0,281828.0,281828.0,281828.0,0
20121112T,268084.0,268084.0,268084.0,268084.0,0
20121113T,261294.0,261294.0,261294.0,261294.0,0
20121115T,253724.0,253724.0,253724.0,253724.0,0
20121116T,236278.0,236278.0,236278.0,236278.0,0
20121119T,235468.0,235468.0,235468.0,235468.0,0
20121120T,229023.0,229023.0,229023.0,229023.0,0
20121121T,237023.0,237023.0,237023.0,237023.0,0
20121122T,247599.0,247599.0,247599.0,247599.0,0
20121123T,241382.0,241382.0,241382.0,241382.0,0
20121126T,239329.0,239329.0,239329.0,239329.0,0
20121127T,233340.0,233340.0,233340.0,233340.0,0
20121129T,141067.0,141067.0,141067.0,141067.0,0
20121130T,132198.0,132198.0,132198.0,132198.0,0
20121203T,143048.0,143048.0,143048.0,143048.0,0
20121204T,157695.0,157695.0,157695.0,157695.0,0
20121205T,164886.0,164886.0,164886.0,164886.0,0
20121206T,173991.0,173991.0,173991.0,173991.0,0
20121207T,181445.0,181445.0,181445.0,181445.0,0
20121210T,185714.0,185714.0,185714.0,185714.0,0
20121211T,190835.0,190835.0,190835.0,190835.0,0
20121212T,208228.0,208228.0,208228.0,208228.0,0
20121213T,219725.0,219725.0,219725.0,219725.0,0
20121214T,228949.0,228949.0,228949.0,228949.0,0
20121217T,220982.0,220982.0,220982.0,220982.0,0
20121218T,221460.0,221460.0,221460.0,221460.0,0
20121219T,221584.0,221584.0,221584.0,221584.0,0
20121220T,214857.0,214857.0,214857.0,214857.0,0
20121221T,212216.0,212216.0,212216.0,212216.0,0
20121224T,211941.0,211941.0,211941.0,211941.0,0
20121226T,199170.0,199170.0,199170.0,199170.0,0
20121227T,61950.0,61950.0,61950.0,61950.0,0
20121228T,82369.0,82369.0,82369.0,82369.0,0
20121231T,90484.0,90484.0,90484.0,90484.0,0
20130101T,96771.0,96771.0,96771.0,96771.0,0
20130102T,100574.0,100574.0,100574.0,100574.0,0
20130103T,105146.0,105146.0,105146.0,105146.0,0
20130104T,110979.0,110979.0,110979.0,110979.0,0
20130107T,118069.0,118069.0,118069.0,118069.0,0
20130108T,131061.0,131061.0,131061.0,131061.0,0
20130109T,129740.0,129740.0,129740.0,129740.0,0
20130110T,127942.0,127942.0,127942.0,127942.0,0
20130111T,142159.0,142159.0,142159.0,142159.0,0
20130114T,163381.0,163381.0,163381.0,163381.0,0
20130115T,180842.0,180842.0,180842.0,180842.0,0
20130116T,183423.0,183423.0,183423.0,183423.0,0
20130117T,195107.0,195107.0,195107.0,195107.0,0
20130118T,213254.0,213254.0,213254.0,213254.0,0
20130121T,224403.0,224403.0,224403.0,224403.0,0
20130122T,220734.0,220734.0,220734.0,220734.0,0
20130123T,214463.0,214463.0,214463.0,214463.0,0
20130124T,210015.0,210015.0,210015.0,210015.0,0
20130125T,210566.0,210566.0,210566.0,210566.0,0
20130128T,206688.0,206688.0,206688.0,206688.0,0
20130129T,213067.0,213067.0,213067.0,213067.0,0
20130130T,204125.0,204125.0,204125.0,204125.0,0
20130131T,106443.0,106443.0,106443.0,106443.0,0
20130201T,120339.0,120339.0,120339.0,120339.0,0
20130204T,136239.0,136239.0,136239.0,136239.0,0
20130205T,141693.0,141693.0,141693.0,141693.0,0
20130206T,148734.0,148734.0,148734.0,148734.0,0
20130207T,152806.0,152806.0,152806.0,152806.0,0
20130208T,159416.0,159416.0,159416.0,159416.0,0
20130211T,162805.0,162805.0,162805.0,162805.0,0
20130212T,167215.0,167215.0,167215.0,167215.0,0
20130213T,175264.0,175264.0,175264.0,175264.0,0
20130214T,172635.0,172635.0,172635.0,172635.0,0
20130215T,172969.0,172969.0,172969.0,172969.0,0
20130218T,168184.0,168184.0,168184.0,168184.0,0
20130219T,170049.0,170049.0,170049.0,170049.0,0
20130220T,178190.0,178190.0,178190.0,178190.0,0
20130221T,199472.0,199472.0,199472.0,199472.0,0
20130222T,207432.0,207432.0,207432.0,207432.0,0
20130225T,234382.0,234382.0,234382.0,234382.0,0
20130226T,221670.0,221670.0,221670.0,221670.0,0
20130227T,229417.0,229417.0,229417.0,229417.0,0
20130228T,172321.0,172321.0,172321.0,172321.0,0
20130301T,189127.0,189127.0,189127.0,189127.0,0
20130304T,194859.0,194859.0,194859.0,194859.0,0
20130305T,205683.0,205683.0,205683.0,205683.0,0
20130306T,218452.0,218452.0,218452.0,218452.0,0
20130307T,239156.0,239156.0,239156.0,239156.0,0
20130308T,250220.0,250220.0,250220.0,250220.0,0
20130311T,279328.0,279328.0,279328.0,279328.0,0
20130312T,340936.0,340936.0,340936.0,340936.0,0
20130313T,360888.0,360888.0,360888.0,360888.0,0
20130314T,330422.0,330422.0,330422.0,330422.0,0
20130315T,316965.0,316965.0,316965.0,316965.0,0
20130318T,303222.0,303222.0,303222.0,303222.0,0
20130319T,256763.0,256763.0,256763.0,256763.0,0
20130320T,258359.0,258359.0,258359.0,258359.0,0
20130321T,242365.0,242365.0,242365.0,242365.0,0
20130322T,252078.0,252078.0,252078.0,252078.0,0
20130325T,254481.0,254481.0,254481.0,254481.0,0
20130326T,280449.0,280449.0,280449.0,280449.0,0
20130328T,133302.0,133302.0,133302.0,133302.0,0
20130401T,143292.0,143292.0,143292.0,143292.0,0
20130402T,149193.0,149193.0,149193.0,149193.0,0
20130403T,152139.0,152139.0,152139.0,152139.0,0
20130404T,158626.0,158626.0,158626.0,158626.0,0
20130405T,162869.0,162869.0,162869.0,162869.0,0
20130408T,168561.0,168561.0,168561.0,168561.0,0
20130409T,184281.0,184281.0,184281.0,184281.0,0
20130410T,190724.0,190724.0,190724.0,190724.0,0
20130411T,201978.0,201978.0,201978.0,201978.0,0
20130412T,201055.0,201055.0,201055.0,201055.0,0
20130415T,209000.0,209000.0,209000.0,209000.0,0
20130416T,240495.0,240495.0,240495.0,240495.0,0
20130417T,263623.0,263623.0,263623.0,263623.0,0
20130418T,276539.0,276539.0,276539.0,276539.0,0
20130422T,269619.0,269619.0,269619.0,269619.0,0
20130423T,273286.0,273286.0,273286.0,273286.0,0
20130425T,133991.0,133991.0,133991.0,133991.0,0
20130426T,151338.0,151338.0,151338.0,151338.0,0
20130429T,174108.0,174108.0,174108.0,174108.0,0
20130430T,186187.0,186187.0,186187.0,186187.0,0
20130502T,239880.0,239880.0,239880.0,239880.0,0
20130503T,262062.0,262062.0,262062.0,262062.0,0
20130506T,275871.0,275871.0,275871.0,275871.0,0
20130507T,324908.0,324908.0,324908.0,324908.0,0
20130508T,348032.0,348032.0,348032.0,348032.0,0
20130509T,341246.0,341246.0,341246.0,341246.0,0
20130510T,344363.0,344363.0,344363.0,344363.0,0
20130513T,322252.0,322252.0,322252.0,322252.0,0
20130514T,319756.0,319756.0,319756.0,319756.0,0
20130515T,363488.0,363488.0,363488.0,363488.0,0
20130516T,380786.0,380786.0,380786.0,380786.0,0
20130517T,401776.0,401776.0,401776.0,401776.0,0
20130520T,376575.0,376575.0,376575.0,376575.0,0
20130521T,354964.0,354964.0,354964.0,354964.0,0
20130522T,334795.0,334795.0,334795.0,334795.0,0
20130523T,300689.0,300689.0,300689.0,300689.0,0
20130524T,312474.0,312474.0,312474.0,312474.0,0
20130527T,320300.0,320300.0,320300.0,320300.0,0
20130528T,323110.0,323110.0,323110.0,323110.0,0
20130529T,316670.0,316670.0,316670.0,316670.0,0
20130530T,149645.0,149645.0,149645.0,149645.0,0
20130531T,173218.0,173218.0,173218.0,173218.0,0
20130603T,192682.0,192682.0,192682.0,192682.0,0
20130604T,193923.0,193923.0,193923.0,193923.0,0
20130605T,185472.0,185472.0,185472.0,185472.0,0
20130606T,175336.0,175336.0,175336.0,175336.0,0
20130607T,183105.0,183105.0,183105.0,183105.0,0
20130610T,180797.0,180797.0,180797.0,180797.0,0
20130611T,178930.0,178930.0,178930.0,178930.0,0
20130612T,187070.0,187070.0,187070.0,187070.0,0
20130613T,184702.0,184702.0,184702.0,184702.0,0
20130614T,181055.0,181055.0,181055.0,181055.0,0
20130617T,168600.0,168600.0,168600.0,168600.0,0
20130618T,176274.0,176274.0,176274.0,176274.0,0
20130619T,178627.0,178627.0,178627.0,178627.0,0
20130620T,200914.0,200914.0,200914.0,200914.0,0
20130621T,229653.0,229653.0,229653.0,229653.0,0
20130624T,223172.0,223172.0,223172.0,223172.0,0
20130625T,226830.0,226830.0,226830.0,226830.0,0
20130626T,237337.0,237337.0,237337.0,237337.0,0
20130627T,102479.0,102479.0,102479.0,102479.0,0
20130628T,111051.0,111051.0,111051.0,111051.0,0
20130701T,126943.0,126943.0,126943.0,126943.0,0
20130702T,156411.0,156411.0,156411.0,156411.0,0
20130703T,141593.0,141593.0,141593.0,141593.0,0
20130704T,159354.0,159354.0,159354.0,159354.0,0
20130705T,161026.0,161026.0,161026.0,161026.0,0
20130708T,157055.0,157055.0,157055.0,157055.0,0
20130709T,166386.0,166386.0,166386.0,166386.0,0
20130710T,185471.0,185471.0,185471.0,185471.0,0
20130711T,189492.0,189492.0,189492.0,189492.0,0
20130712T,218870.0,218870.0,218870.0,218870.0,0
20130715T,220183.0,220183.0,220183.0,220183.0,0
20130716T,210707.0,210707.0,210707.0,210707.0,0
20130717T,211727.0,211727.0,211727.0,211727.0,0
20130718T,231496.0,231496.0,231496.0,231496.0,0
20130719T,268713.0,268713.0,268713.0,268713.0,0
20130722T,277112.0,277112.0,277112.0,277112.0,0
20130723T,272357.0,272357.0,272357.0,272357.0,0
20130724T,235684.0,235684.0,235684.0,235684.0,0
20130725T,98581.0,98581.0,98581.0,98581.0,0
20130726T,109117.0,109117.0,109117.0,109117.0,0
20130729T,124908.0,124908.0,124908.0,124908.0,0
20130730T,141162.0,141162.0,141162.0,141162.0,0
20130731T,142060.0,142060.0,142060.0,142060.0,0
20130801T,157809.0,157809.0,157809.0,157809.0,0
20130802T,163812.0,163812.0,163812.0,163812.0,0
20130805T,163983.0,163983.0,163983.0,163983.0,0
20130806T,194222.0,194222.0,194222.0,194222.0,0
20130807T,187342.0,187342.0,187342.0,187342.0,0
20130808T,187633.0,187633.0,187633.0,187633.0,0
20130812T,189063.0,189063.0,189063.0,189063.0,0
20130813T,184002.0,184002.0,184002.0,184002.0,0
20130814T,188232.0,188232.0,188232.0,188232.0,0
20130816T,204706.0,204706.0,204706.0,204706.0,0
20130819T,205143.0,205143.0,205143.0,205143.0,0
20130820T,235291.0,235291.0,235291.0,235291.0,0
20130821T,244967.0,244967.0,244967.0,244967.0,0
20130822T,0.0,0.0,0.0,0.0,0
20130823T,294845.0,294845.0,294845.0,294845.0,0
20130826T,298658.0,298658.0,298658.0,298658.0,0
20130827T,320772.0,320772.0,320772.0,320772.0,0
20130828T,334578.0,334578.0,334578.0,334578.0,0
20130829T,171296.0,171296.0,171296.0,171296.0,0
20130830T,203365.0,203365.0,203365.0,203365.0,0
20130902T,231325.0,231325.0,231325.0,231325.0,0
20130903T,258123.0,258123.0,258123.0,258123.0,0
20130904T,286013.0,286013.0,286013.0,286013.0,0
20130905T,315223.0,315223.0,315223.0,315223.0,0
20130906T,344667.0,344667.0,344667.0,344667.0,0
20130910T,435053.0,435053.0,435053.0,435053.0,0
20130911T,458277.0,458277.0,458277.0,458277.0,0
20130912T,491189.0,491189.0,491189.0,491189.0,0
20130913T,491725.0,491725.0,491725.0,491725.0,0
20130916T,485624.0,485624.0,485624.0,485624.0,0
20130917T,495467.0,495467.0,495467.0,495467.0,0
20130918T,514029.0,514029.0,514029.0,514029.0,0
20130919T,539979.0,539979.0,539979.0,539979.0,0
20130920T,531029.0,531029.0,531029.0,531029.0,0
20130923T,561350.0,561350.0,561350.0,561350.0,0
20130924T,579180.0,579180.0,579180.0,579180.0,0
20130925T,572865.0,572865.0,572865.0,572865.0,0
20130926T,252777.0,252777.0,252777.0,252777.0,0
20130927T,256362.0,256362.0,256362.0,256362.0,0
20130930T,258578.0,258578.0,258578.0,258578.0,0
20131001T,285157.0,285157.0,285157.0,285157.0,0
20131003T,296141.0,296141.0,296141.0,296141.0,0
20131004T,298321.0,298321.0,298321.0,298321.0,0
20131007T,309329.0,309329.0,309329.0,309329.0,0
20131008T,341453.0,341453.0,341453.0,341453.0,0
20131010T,370293.0,370293.0,370293.0,370293.0,0
20131011T,387096.0,387096.0,387096.0,387096.0,0
20131014T,410988.0,410988.0,410988.0,410988.0,0
20131015T,421260.0,421260.0,421260.0,421260.0,0
20131017T,449314.0,449314.0,449314.0,449314.0,0
20131018T,462719.0,462719.0,462719.0,462719.0,0
20131021T,453862.0,453862.0,453862.0,453862.0,0
20131022T,469812.0,469812.0,469812.0,469812.0,0
20131023T,470030.0,470030.0,470030.0,470030.0,0
20131024T,473772.0,473772.0,473772.0,473772.0,0
20131025T,462787.0,462787.0,462787.0,462787.0,0
20131028T,472028.0,472028.0,472028.0,472028.0,0
20131029T,519600.0,519600.0,519600.0,519600.0,0
20131030T,544209.0,544209.0,544209.0,544209.0,0
20131031T,202739.0,202739.0,202739.0,202739.0,0
20131101T,235914.0,235914.0,235914.0,235914.0,0
20131105T,254989.0,254989.0,254989.0,254989.0,0
20131106T,260013.0,260013.0,260013.0,260013.0,0
20131107T,258242.0,258242.0,258242.0,258242.0,0
20131108T,246170.0,246170.0,246170.0,246170.0,0
20131111T,244261.0,244261.0,244261.0,244261.0,0
20131112T,244850.0,244850.0,244850.0,244850.0,0
20131113T,246846.0,246846.0,246846.0,246846.0,0
20131114T,249375.0,249375.0,249375.0,249375.0,0
20131118T,258452.0,258452.0,258452.0,258452.0,0
20131119T,267266.0,267266.0,267266.0,267266.0,0
20131120T,242505.0,242505.0,242505.0,242505.0,0
20131121T,214654.0,214654.0,214654.0,214654.0,0
20131122T,229202.0,229202.0,229202.0,229202.0,0
20131125T,241842.0,241842.0,241842.0,241842.0,0
20131126T,248830.0,248830.0,248830.0,248830.0,0
20131127T,249739.0,249739.0,249739.0,249739.0,0
20131128T,115463.0,115463.0,115463.0,115463.0,0
20131129T,134164.0,134164.0,134164.0,134164.0,0
20131202T,145580.0,145580.0,145580.0,145580.0,0
20131203T,169460.0,169460.0,169460.0,169460.0,0
20131204T,187880.0,187880.0,187880.0,187880.0,0
20131205T,189879.0,189879.0,189879.0,189879.0,0
20131206T,195526.0,195526.0,195526.0,195526.0,0
20131209T,195149.0,195149.0,195149.0,195149.0,0
20131210T,203915.0,203915.0,203915.0,203915.0,0
20131211T,199806.0,199806.0,199806.0,199806.0,0
20131212T,189663.0,189663.0,189663.0,189663.0,0
20131213T,181533.0,181533.0,181533.0,181533.0,0
20131216T,214480.0,214480.0,214480.0,214480.0,0
20131217T,217463.0,217463.0,217463.0,217463.0,0
20131218T,230843.0,230843.0,230843.0,230843.0,0
20131219T,244709.0,244709.0,244709.0,244709.0,0
20131220T,248011.0,248011.0,248011.0,248011.0,0
20131223T,260854.0,260854.0,260854.0,260854.0,0
20131224T,287109.0,287109.0,287109.0,287109.0,0
20131226T,66124.0,66124.0,66124.0,66124.0,0
20131227T,73196.0,73196.0,73196.0,73196.0,0
20131230T,78469.0,78469.0,78469.0,78469.0,0
20131231T,80614.0,80614.0,80614.0,80614.0,0
20140101T,82688.0,82688.0,82688.0,82688.0,0
20140102T,79888.0,79888.0,79888.0,79888.0,0
20140103T,85629.0,85629.0,85629.0,85629.0,0
20140106T,92262.0,92262.0,92262.0,92262.0,0
20140107T,88904.0,88904.0,88904.0,88904.0,0
20140108T,95461.0,95461.0,95461.0,95461.0,0
20140109T,100413.0,100413.0,100413.0,100413.0,0
20140110T,103501.0,103501.0,103501.0,103501.0,0
20140113T,107254.0,107254.0,107254.0,107254.0,0
20140114T,104416.0,104416.0,104416.0,104416.0,0
20140115T,144783.0,144783.0,144783.0,144783.0,0
20140116T,138864.0,138864.0,138864.0,138864.0,0
20140117T,133673.0,133673.0,133673.0,133673.0,0
20140120T,141811.0,141811.0,141811.0,141811.0,0
20140121T,149652.0,149652.0,149652.0,149652.0,0
20140122T,152684.0,152684.0,152684.0,152684.0,0
20140123T,163656.0,163656.0,163656.0,163656.0,0
20140124T,158514.0,158514.0,158514.0,158514.0,0
20140127T,127539.0,127539.0,127539.0,127539.0,0
20140128T,128322.0,128322.0,128322.0,128322.0,0
20140129T,128943.0,128943.0,128943.0,128943.0,0
20140130T,51598.0,51598.0,51598.0,51598.0,0
20140131T,67800.0,67800.0,67800.0,67800.0,0
20140203T,105794.0,105794.0,105794.0,105794.0,0
20140204T,133412.0,133412.0,133412.0,133412.0,0
20140205T,138355.0,138355.0,138355.0,138355.0,0
20140206T,156826.0,156826.0,156826.0,156826.0,0
20140207T,158898.0,158898.0,158898.0,158898.0,0
20140210T,170350.0,170350.0,170350.0,170350.0,0
20140211T,176023.0,176023.0,176023.0,176023.0,0
20140212T,174887.0,174887.0,174887.0,174887.0,0
20140213T,172244.0,172244.0,172244.0,172244.0,0
20140214T,177950.0,177950.0,177950.0,177950.0,0
20140217T,177805.0,177805.0,177805.0,177805.0,0
20140218T,176963.0,176963.0,176963.0,176963.0,0
20140219T,184199.0,184199.0,184199.0,184199.0,0
20140220T,190404.0,190404.0,190404.0,190404.0,0
20140221T,197087.0,197087.0,197087.0,197087.0,0
20140225T,182469.0,182469.0,182469.0,182469.0,0
20140226T,80748.0,80748.0,80748.0,80748.0,0
20140228T,97049.0,97049.0,97049.0,97049.0,0
20140303T,103710.0,103710.0,103710.0,103710.0,0
20140304T,119742.0,119742.0,119742.0,119742.0,0
20140305T,144027.0,144027.0,144027.0,144027.0,0
20140306T,165678.0,165678.0,165678.0,165678.0,0
20140307T,216260.0,216260.0,216260.0,216260.0,0
20140310T,241415.0,241415.0,241415.0,241415.0,0
20140311T,247544.0,247544.0,247544.0,247544.0,0
20140312T,262996.0,262996.0,262996.0,262996.0,0
20140313T,265636.0,265636.0,265636.0,265636.0,0
20140314T,265459.0,265459.0,265459.0,265459.0,0
20140318T,277502.0,277502.0,277502.0,277502.0,0
20140319T,287932.0,287932.0,287932.0,287932.0,0
20140320T,292643.0,292643.0,292643.0,292643.0,0
20140321T,293489.0,293489.0,293489.0,293489.0,0
20140324T,302157.0,302157.0,302157.0,302157.0,0
20140325T,319657.0,319657.0,319657.0,319657.0,0
20140326T,346284.0,346284.0,346284.0,346284.0,0
20140327T,151737.0,151737.0,151737.0,151737.0,0
20140328T,157997.0,157997.0,157997.0,157997.0,0
20140331T,182572.0,182572.0,182572.0,182572.0,0
20140401T,198973.0,198973.0,198973.0,198973.0,0
20140402T,212760.0,212760.0,212760.0,212760.0,0
20140403T,248336.0,248336.0,248336.0,248336.0,0
20140404T,252348.0,252348.0,252348.0,252348.0,0
20140407T,250871.0,250871.0,250871.0,250871.0,0
20140409T,243999.0,243999.0,243999.0,243999.0,0
20140410T,222645.0,222645.0,222645.0,222645.0,0
20140411T,230314.0,230314.0,230314.0,230314.0,0
20140415T,216604.0,216604.0,216604.0,216604.0,0
20140416T,212256.0,212256.0,212256.0,212256.0,0
20140417T,214352.0,214352.0,214352.0,214352.0,0
20140421T,213333.0,213333.0,213333.0,213333.0,0
20140422T,205688.0,205688.0,205688.0,205688.0,0
20140423T,73581.0,73581.0,73581.0,73581.0,0
20140425T,90462.0,90462.0,90462.0,90462.0,0
20140428T,97881.0,97881.0,97881.0,97881.0,0
20140429T,103515.0,103515.0,103515.0,103515.0,0
20140430T,136671.0,136671.0,136671.0,136671.0,0
20140502T,152399.0,152399.0,152399.0,152399.0,0
20140505T,165725.0,165725.0,165725.0,165725.0,0
20140506T,189454.0,189454.0,189454.0,189454.0,0
20140507T,210586.0,210586.0,210586.0,210586.0,0
20140508T,212018.0,212018.0,212018.0,212018.0,0
20140509T,246574.0,246574.0,246574.0,246574.0,0
20140512T,303106.0,303106.0,303106.0,303106.0,0
20140513T,283387.0,283387.0,283387.0,283387.0,0
20140514T,320026.0,320026.0,320026.0,320026.0,0
20140515T,354985.0,354985.0,354985.0,354985.0,0
20140516T,380461.0,380461.0,380461.0,380461.0,0
20140519T,374893.0,374893.0,374893.0,374893.0,0
20140520T,372237.0,372237.0,372237.0,372237.0,0
20140521T,372673.0,372673.0,372673.0,372673.0,0
20140522T,380723.0,380723.0,380723.0,380723.0,0
20140523T,390928.0,390928.0,390928.0,390928.0,0
20140526T,407469.0,407469.0,407469.0,407469.0,0
20140527T,417224.0,417224.0,417224.0,417224.0,0
20140528T,430501.0,430501.0,430501.0,430501.0,0
20140529T,112873.0,112873.0,112873.0,112873.0,0
20140530T,110579.0,110579.0,110579.0,110579.0,0
20140602T,121755.0,121755.0,121755.0,121755.0,0
20140603T,126658.0,126658.0,126658.0,126658.0,0
20140604T,138094.0,138094.0,138094.0,138094.0,0
20140605T,145053.0,145053.0,145053.0,145053.0,0
20140606T,160399.0,160399.0,160399.0,160399.0,0
20140609T,187844.0,187844.0,187844.0,187844.0,0
20140610T,195401.0,195401.0,195401.0,195401.0,0
20140611T,212753.0,212753.0,212753.0,212753.0,0
20140612T,226692.0,226692.0,226692.0,226692.0,0
20140613T,221244.0,221244.0,221244.0,221244.0,0
20140616T,213136.0,213136.0,213136.0,213136.0,0
20140617T,211337.0,211337.0,211337.0,211337.0,0
20140618T,228191.0,228191.0,228191.0,228191.0,0
20140619T,220830.0,220830.0,220830.0,220830.0,0
20140620T,230049.0,230049.0,230049.0,230049.0,0
20140623T,235610.0,235610.0,235610.0,235610.0,0
20140624T,237706.0,237706.0,237706.0,237706.0,0
20140625T,232981.0,232981.0,232981.0,232981.0,0
20140626T,94108.0,94108.0,94108.0,94108.0,0
20140627T,95451.0,95451.0,95451.0,95451.0,0
20140630T,106949.0,106949.0,106949.0,106949.0,0
20140701T,124362.0,124362.0,124362.0,124362.0,0
20140702T,128199.0,128199.0,128199.0,128199.0,0
20140703T,134019.0,134019.0,134019.0,134019.0,0
20140704T,146962.0,146962.0,146962.0,146962.0,0
20140707T,157057.0,157057.0,157057.0,157057.0,0
20140708T,173734.0,173734.0,173734.0,173734.0,0
20140709T,172738.0,172738.0,172738.0,172738.0,0
20140710T,181738.0,181738.0,181738.0,181738.0,0
20140711T,173332.0,173332.0,173332.0,173332.0,0
20140714T,173582.0,173582.0,173582.0,173582.0,0
20140715T,171654.0,171654.0,171654.0,171654.0,0
20140716T,220212.0,220212.0,220212.0,220212.0,0
20140718T,226282.0,226282.0,226282.0,226282.0,0
20140721T,226365.0,226365.0,226365.0,226365.0,0
20140722T,240595.0,240595.0,240595.0,240595.0,0
20140723T,256300.0,256300.0,256300.0,256300.0,0
20140724T,268693.0,268693.0,268693.0,268693.0,0
20140725T,272064.0,272064.0,272064.0,272064.0,0
20140728T,280594.0,280594.0,280594.0,280594.0,0
20140730T,294258.0,294258.0,294258.0,294258.0,0
20140731T,140004.0,140004.0,140004.0,140004.0,0
20140801T,154028.0,154028.0,154028.0,154028.0,0
20140804T,164880.0,164880.0,164880.0,164880.0,0
20140805T,162226.0,162226.0,162226.0,162226.0,0
20140806T,165613.0,165613.0,165613.0,165613.0,0
20140807T,148702.0,148702.0,148702.0,148702.0,0
20140808T,136907.0,136907.0,136907.0,136907.0,0
20140811T,136845.0,136845.0,136845.0,136845.0,0
20140812T,145242.0,145242.0,145242.0,145242.0,0
20140813T,159220.0,159220.0,159220.0,159220.0,0
20140814T,172524.0,172524.0,172524.0,172524.0,0
20140818T,194712.0,194712.0,194712.0,194712.0,0
20140819T,210531.0,210531.0,210531.0,210531.0,0
20140820T,216337.0,216337.0,216337.0,216337.0,0
20140821T,221017.0,221017.0,221017.0,221017.0,0
20140822T,220102.0,220102.0,220102.0,220102.0,0
20140825T,246854.0,246854.0,246854.0,246854.0,0
20140826T,241313.0,241313.0,241313.0,241313.0,0
20140827T,236050.0,236050.0,236050.0,236050.0,0
20140828T,142724.0,142724.0,142724.0,142724.0,0
20140901T,159306.0,159306.0,159306.0,159306.0,0
20140902T,186889.0,186889.0,186889.0,186889.0,0
20140903T,198206.0,198206.0,198206.0,198206.0,0
20140904T,201881.0,201881.0,201881.0,201881.0,0
20140905T,203490.0,203490.0,203490.0,203490.0,0
20140908T,223194.0,223194.0,223194.0,223194.0,0
20140909T,223425.0,223425.0,223425.0,223425.0,0
20140910T,230862.0,230862.0,230862.0,230862.0,0
20140911T,233948.0,233948.0,233948.0,233948.0,0
20140912T,252956.0,252956.0,252956.0,252956.0,0
20140915T,234721.0,234721.0,234721.0,234721.0,0
20140916T,236376.0,236376.0,236376.0,236376.0,0
20140917T,235512.0,235512.0,235512.0,235512.0,0
20140918T,236939.0,236939.0,236939.0,236939.0,0
20140919T,241500.0,241500.0,241500.0,241500.0,0
20140922T,243065.0,243065.0,243065.0,243065.0,0
20140923T,252087.0,252087.0,252087.0,252087.0,0
20140924T,269696.0,269696.0,269696.0,269696.0,0
20140925T,134403.0,134403.0,134403.0,134403.0,0
20140926T,145061.0,145061.0,145061.0,145061.0,0
20140929T,154811.0,154811.0,154811.0,154811.0,0
20140930T,159763.0,159763.0,159763.0,159763.0,0
20141001T,162035.0,162035.0,162035.0,162035.0,0
20141007T,163341.0,163341.0,163341.0,163341.0,0
20141008T,157654.0,157654.0,157654.0,157654.0,0
20141009T,153458.0,153458.0,153458.0,153458.0,0
20141010T,156934.0,156934.0,156934.0,156934.0,0
20141013T,161889.0,161889.0,161889.0,161889.0,0
20141014T,157799.0,157799.0,157799.0,157799.0,0
20141016T,162531.0,162531.0,162531.0,162531.0,0
20141017T,168838.0,168838.0,168838.0,168838.0,0
20141020T,167700.0,167700.0,167700.0,167700.0,0
20141021T,165670.0,165670.0,165670.0,165670.0,0
20141022T,165552.0,165552.0,165552.0,165552.0,0
20141023T,164707.0,164707.0,164707.0,164707.0,0
20141027T,164303.0,164303.0,164303.0,164303.0,0
20141028T,165669.0,165669.0,165669.0,165669.0,0
20141029T,171631.0,171631.0,171631.0,171631.0,0
20141030T,108030.0,108030.0,108030.0,108030.0,0
20141031T,193115.0,193115.0,193115.0,193115.0,0
20141103T,211038.0,211038.0,211038.0,211038.0,0
20141105T,250417.0,250417.0,250417.0,250417.0,0
20141107T,279494.0,279494.0,279494.0,279494.0,0
20141110T,305165.0,305165.0,305165.0,305165.0,0
20141111T,334239.0,334239.0,334239.0,334239.0,0
20141112T,331192.0,331192.0,331192.0,331192.0,0
20141113T,337450.0,337450.0,337450.0,337450.0,0
20141114T,374675.0,374675.0,374675.0,374675.0,0
20141117T,386755.0,386755.0,386755.0,386755.0,0
20141118T,396667.0,396667.0,396667.0,396667.0,0
20141119T,405333.0,405333.0,405333.0,405333.0,0
20141120T,407583.0,407583.0,407583.0,407583.0,0
20141121T,402192.0,402192.0,402192.0,402192.0,0
20141124T,437906.0,437906.0,437906.0,437906.0,0
20141125T,427616.0,427616.0,427616.0,427616.0,0
20141126T,425685.0,425685.0,425685.0,425685.0,0
20141127T,195534.0,195534.0,195534.0,195534.0,0
20141128T,213892.0,213892.0,213892.0,213892.0,0
20141201T,241004.0,241004.0,241004.0,241004.0,0
20141202T,269642.0,269642.0,269642.0,269642.0,0
20141203T,268299.0,268299.0,268299.0,268299.0,0
20141204T,272099.0,272099.0,272099.0,272099.0,0
20141205T,282172.0,282172.0,282172.0,282172.0,0
20141208T,279743.0,279743.0,279743.0,279743.0,0
20141209T,281695.0,281695.0,281695.0,281695.0,0
20141210T,274072.0,274072.0,274072.0,274072.0,0
20141211T,288016.0,288016.0,288016.0,288016.0,0
20141212T,300639.0,300639.0,300639.0,300639.0,0
20141215T,303781.0,303781.0,303781.0,303781.0,0
20141216T,348484.0,348484.0,348484.0,348484.0,0
20141217T,359202.0,359202.0,359202.0,359202.0,0
20141218T,353978.0,353978.0,353978.0,353978.0,0
20141219T,376782.0,376782.0,376782.0,376782.0,0
20141222T,383001.0,383001.0,383001.0,383001.0,0
20141223T,333115.0,333115.0,333115.0,333115.0,0
20141224T,113195.0,113195.0,113195.0,113195.0,0
20141226T,105166.0,105166.0,105166.0,105166.0,0
20141229T,111087.0,111087.0,111087.0,111087.0,0
20141230T,123373.0,123373.0,123373.0,123373.0,0
20141231T,128491.0,128491.0,128491.0,128491.0,0
20150101T,139146.0,139146.0,139146.0,139146.0,0
20150102T,150858.0,150858.0,150858.0,150858.0,0
20150105T,184854.0,184854.0,184854.0,184854.0,0
20150106T,192904.0,192904.0,192904.0,192904.0,0
20150107T,191131.0,191131.0,191131.0,191131.0,0
20150108T,187022.0,187022.0,187022.0,187022.0,0
20150109T,228014.0,228014.0,228014.0,228014.0,0
20150112T,230774.0,230774.0,230774.0,230774.0,0
20150113T,239925.0,239925.0,239925.0,239925.0,0
20150114T,248317.0,248317.0,248317.0,248317.0,0
20150115T,244232.0,244232.0,244232.0,244232.0,0
20150116T,279937.0,279937.0,279937.0,279937.0,0
20150119T,299858.0,299858.0,299858.0,299858.0,0
20150120T,349133.0,349133.0,349133.0,349133.0,0
20150121T,421396.0,421396.0,421396.0,421396.0,0
20150122T,465013.0,465013.0,465013.0,465013.0,0
20150123T,484450.0,484450.0,484450.0,484450.0,0
20150127T,495049.0,495049.0,495049.0,495049.0,0
20150128T,574112.0,574112.0,574112.0,574112.0,0
20150129T,207214.0,207214.0,207214.0,207214.0,0
20150130T,229350.0,229350.0,229350.0,229350.0,0
20150202T,224826.0,224826.0,224826.0,224826.0,0
20150203T,228286.0,228286.0,228286.0,228286.0,0
20150204T,229624.0,229624.0,229624.0,229624.0,0
20150205T,236148.0,236148.0,236148.0,236148.0,0
20150206T,236365.0,236365.0,236365.0,236365.0,0
20150209T,281113.0,281113.0,281113.0,281113.0,0
20150210T,313224.0,313224.0,313224.0,313224.0,0
20150211T,307575.0,307575.0,307575.0,307575.0,0
20150212T,302270.0,302270.0,302270.0,302270.0,0
20150213T,317360.0,317360.0,317360.0,317360.0,0
20150216T,325263.0,325263.0,325263.0,325263.0,0
20150218T,321450.0,321450.0,321450.0,321450.0,0
20150219T,320127.0,320127.0,320127.0,320127.0,0
20150220T,315107.0,315107.0,315107.0,315107.0,0
20150223T,304688.0,304688.0,304688.0,304688.0,0
20150224T,310473.0,310473.0,310473.0,310473.0,0
20150225T,314565.0,314565.0,314565.0,314565.0,0
20150226T,189791.0,189791.0,189791.0,189791.0,0
20150227T,217894.0,217894.0,217894.0,217894.0,0
20150302T,224706.0,224706.0,224706.0,224706.0,0
20150303T,240266.0,240266.0,240266.0,240266.0,0
20150304T,261659.0,261659.0,261659.0,261659.0,0
20150305T,257885.0,257885.0,257885.0,257885.0,0
20150309T,244789.0,244789.0,244789.0,244789.0,0
20150310T,243792.0,243792.0,243792.0,243792.0,0
20150311T,233307.0,233307.0,233307.0,233307.0,0
20150312T,229450.0,229450.0,229450.0,229450.0,0
20150313T,241727.0,241727.0,241727.0,241727.0,0
20150316T,246254.0,246254.0,246254.0,246254.0,0
20150317T,239514.0,239514.0,239514.0,239514.0,0
20150318T,256862.0,256862.0,256862.0,256862.0,0
20150319T,263887.0,263887.0,263887.0,263887.0,0
20150320T,281466.0,281466.0,281466.0,281466.0,0
20150323T,272763.0,272763.0,272763.0,272763.0,0
20150324T,267801.0,267801.0,267801.0,267801.0,0
20150325T,276147.0,276147.0,276147.0,276147.0,0
20150326T,96568.0,96568.0,96568.0,96568.0,0
20150327T,123160.0,123160.0,123160.0,123160.0,0
20150330T,134408.0,134408.0,134408.0,134408.0,0
20150331T,145208.0,145208.0,145208.0,145208.0,0
20150401T,237300.0,237300.0,237300.0,237300.0,0
20150406T,251796.0,251796.0,251796.0,251796.0,0
20150407T,265459.0,265459.0,265459.0,265459.0,0
20150408T,272699.0,272699.0,272699.0,272699.0,0
20150409T,259008.0,259008.0,259008.0,259008.0,0
20150410T,272027.0,272027.0,272027.0,272027.0,0
20150413T,284198.0,284198.0,284198.0,284198.0,0
20150415T,284305.0,284305.0,284305.0,284305.0,0
20150416T,282840.0,282840.0,282840.0,282840.0,0
20150417T,307532.0,307532.0,307532.0,307532.0,0
20150420T,288134.0,288134.0,288134.0,288134.0,0
20150421T,294098.0,294098.0,294098.0,294098.0,0
20150422T,305443.0,305443.0,305443.0,305443.0,0
20150423T,311245.0,311245.0,311245.0,311245.0,0
20150424T,328359.0,328359.0,328359.0,328359.0,0
20150427T,337990.0,337990.0,337990.0,337990.0,0
20150428T,377440.0,377440.0,377440.0,377440.0,0
20150429T,386267.0,386267.0,386267.0,386267.0,0
20150430T,243292.0,243292.0,243292.0,243292.0,0
20150504T,260666.0,260666.0,260666.0,260666.0,0
20150505T,271735.0,271735.0,271735.0,271735.0,0
20150506T,317009.0,317009.0,317009.0,317009.0,0
20150507T,326218.0,326218.0,326218.0,326218.0,0
20150508T,328468.0,328468.0,328468.0,328468.0,0
20150511T,344607.0,344607.0,344607.0,344607.0,0
20150512T,358389.0,358389.0,358389.0,358389.0,0
20150513T,363701.0,363701.0,363701.0,363701.0,0
20150514T,360448.0,360448.0,360448.0,360448.0,0
20150515T,355338.0,355338.0,355338.0,355338.0,0
20150518T,384504.0,384504.0,384504.0,384504.0,0
20150519T,385114.0,385114.0,385114.0,385114.0,0
20150520T,384691.0,384691.0,384691.0,384691.0,0
20150521T,387925.0,387925.0,387925.0,387925.0,0
20150522T,394621.0,394621.0,394621.0,394621.0,0
20150525T,379146.0,379146.0,379146.0,379146.0,0
20150526T,383997.0,383997.0,383997.0,383997.0,0
20150527T,365701.0,365701.0,365701.0,365701.0,0
20150528T,202804.0,202804.0,202804.0,202804.0,0
20150529T,221856.0,221856.0,221856.0,221856.0,0
20150601T,261529.0,261529.0,261529.0,261529.0,0
20150602T,261155.0,261155.0,261155.0,261155.0,0
20150603T,252317.0,252317.0,252317.0,252317.0,0
20150604T,253117.0,253117.0,253117.0,253117.0,0
20150605T,265642.0,265642.0,265642.0,265642.0,0
20150608T,264035.0,264035.0,264035.0,264035.0,0
20150609T,262971.0,262971.0,262971.0,262971.0,0
20150610T,265929.0,265929.0,265929.0,265929.0,0
20150611T,287084.0,287084.0,287084.0,287084.0,0
20150612T,289943.0,289943.0,289943.0,289943.0,0
20150615T,289643.0,289643.0,289643.0,289643.0,0
20150616T,282762.0,282762.0,282762.0,282762.0,0
20150617T,305593.0,305593.0,305593.0,305593.0,0
20150618T,340757.0,340757.0,340757.0,340757.0,0
20150619T,373582.0,373582.0,373582.0,373582.0,0
20150622T,403320.0,403320.0,403320.0,403320.0,0
20150623T,419155.0,419155.0,419155.0,419155.0,0
20150624T,456683.0,456683.0,456683.0,456683.0,0
20150625T,169399.0,169399.0,169399.0,169399.0,0
20150626T,183912.0,183912.0,183912.0,183912.0,0
20150629T,204483.0,204483.0,204483.0,204483.0,0
20150630T,228896.0,228896.0,228896.0,228896.0,0
20150701T,244677.0,244677.0,244677.0,244677.0,0
20150702T,263365.0,263365.0,263365.0,263365.0,0
20150703T,266872.0,266872.0,266872.0,266872.0,0
20150706T,287210.0,287210.0,287210.0,287210.0,0
20150707T,353751.0,353751.0,353751.0,353751.0,0
20150708T,384240.0,384240.0,384240.0,384240.0,0
20150709T,411638.0,411638.0,411638.0,411638.0,0
20150710T,426008.0,426008.0,426008.0,426008.0,0
20150713T,450841.0,450841.0,450841.0,450841.0,0
20150714T,451436.0,451436.0,451436.0,451436.0,0
20150715T,459530.0,459530.0,459530.0,459530.0,0
20150716T,477037.0,477037.0,477037.0,477037.0,0
20150717T,526205.0,526205.0,526205.0,526205.0,0
20150720T,560007.0,560007.0,560007.0,560007.0,0
20150721T,554679.0,554679.0,554679.0,554679.0,0
20150722T,558007.0,558007.0,558007.0,558007.0,0
20150723T,586123.0,586123.0,586123.0,586123.0,0
20150724T,585588.0,585588.0,585588.0,585588.0,0
20150727T,588082.0,588082.0,588082.0,588082.0,0
20150728T,603072.0,603072.0,603072.0,603072.0,0
20150729T,578751.0,578751.0,578751.0,578751.0,0
20150730T,249070.0,249070.0,249070.0,249070.0,0
20150731T,262654.0,262654.0,262654.0,262654.0,0
20150803T,267277.0,267277.0,267277.0,267277.0,0
20150804T,273890.0,273890.0,273890.0,273890.0,0
20150805T,290860.0,290860.0,290860.0,290860.0,0
20150806T,297035.0,297035.0,297035.0,297035.0,0
20150807T,307123.0,307123.0,307123.0,307123.0,0
20150810T,308671.0,308671.0,308671.0,308671.0,0
20150811T,312645.0,312645.0,312645.0,312645.0,0
20150812T,303069.0,303069.0,303069.0,303069.0,0
20150813T,290415.0,290415.0,290415.0,290415.0,0
20150814T,295653.0,295653.0,295653.0,295653.0,0
20150817T,292426.0,292426.0,292426.0,292426.0,0
20150818T,290224.0,290224.0,290224.0,290224.0,0
20150819T,299195.0,299195.0,299195.0,299195.0,0
20150820T,299429.0,299429.0,299429.0,299429.0,0
20150821T,287996.0,287996.0,287996.0,287996.0,0
20150824T,316563.0,316563.0,316563.0,316563.0,0
20150825T,324895.0,324895.0,324895.0,324895.0,0
20150826T,328714.0,328714.0,328714.0,328714.0,0
20150827T,161241.0,161241.0,161241.0,161241.0,0
20150828T,189087.0,189087.0,189087.0,189087.0,0
20150831T,212113.0,212113.0,212113.0,212113.0,0
20150901T,252392.0,252392.0,252392.0,252392.0,0
20150902T,269402.0,269402.0,269402.0,269402.0,0
20150903T,282006.0,282006.0,282006.0,282006.0,0
20150904T,336979.0,336979.0,336979.0,336979.0,0
20150907T,370527.0,370527.0,370527.0,370527.0,0
20150908T,384053.0,384053.0,384053.0,384053.0,0
20150909T,390300.0,390300.0,390300.0,390300.0,0
20150910T,420363.0,420363.0,420363.0,420363.0,0
20150911T,415287.0,415287.0,415287.0,415287.0,0
20150914T,421090.0,421090.0,421090.0,421090.0,0
20150915T,428499.0,428499.0,428499.0,428499.0,0
20150916T,495423.0,495423.0,495423.0,495423.0,0
20150918T,476705.0,476705.0,476705.0,476705.0,0
20150921T,461098.0,461098.0,461098.0,461098.0,0
20150922T,463601.0,463601.0,463601.0,463601.0,0
20150923T,463259.0,463259.0,463259.0,463259.0,0
20150924T,144919.0,144919.0,144919.0,144919.0,0
20150928T,154368.0,154368.0,154368.0,154368.0,0
20150929T,160856.0,160856.0,160856.0,160856.0,0
20150930T,187999.0,187999.0,187999.0,187999.0,0
20151001T,190700.3333,190700.3333,190700.3333,190700.3333,0
20151005T,226752.0,226752.0,226752.0,226752.0,0
20151006T,246960.0,246960.0,246960.0,246960.0,0
20151007T,272589.0,272589.0,272589.0,272589.0,0
20151008T,296528.0,296528.0,296528.0,296528.0,0
20151009T,313357.0,313357.0,313357.0,313357.0,0
20151012T,326521.0,326521.0,326521.0,326521.0,0
20151013T,340889.0,340889.0,340889.0,340889.0,0
20151014T,341248.0,341248.0,341248.0,341248.0,0
20151015T,335959.0,335959.0,335959.0,335959.0,0
20151016T,359378.0,359378.0,359378.0,359378.0,0
20151019T,364119.0,364119.0,364119.0,364119.0,0
20151020T,361666.0,361666.0,361666.0,361666.0,0
20151021T,442095.0,442095.0,442095.0,442095.0,0
20151023T,439344.0,439344.0,439344.0,439344.0,0
20151026T,447200.0,447200.0,447200.0,447200.0,0
20151027T,441346.0,441346.0,441346.0,441346.0,0
20151028T,424702.0,424702.0,424702.0,424702.0,0
20151029T,63484.0,63484.0,63484.0,63484.0,0
20151030T,71975.0,71975.0,71975.0,71975.0,0
20151102T,81596.0,81596.0,81596.0,81596.0,0
20151103T,89533.0,89533.0,89533.0,89533.0,0
20151104T,100155.0,100155.0,100155.0,100155.0,0
20151105T,103397.0,103397.0,103397.0,103397.0,0
20151106T,108168.0,108168.0,108168.0,108168.0,0
20151109T,113153.0,113153.0,113153.0,113153.0,0
20151110T,109908.0,109908.0,109908.0,109908.0,0
20151111T,109908.0,109908.0,109908.0,109908.0,0
20151113T,107724.0,107724.0,107724.0,107724.0,0
20151116T,105880.0,105880.0,105880.0,105880.0,0
20151117T,113742.0,113742.0,113742.0,113742.0,0
20151118T,113327.0,113327.0,113327.0,113327.0,0
20151119T,119185.0,119185.0,119185.0,119185.0,0
20151120T,115697.0,115697.0,115697.0,115697.0,0
20151123T,104423.0,104423.0,104423.0,104423.0,0
20151124T,101814.0,101814.0,101814.0,101814.0,0
20151126T,48720.0,48720.0,48720.0,48720.0,0
20151127T,73579.0,73579.0,73579.0,73579.0,0
20151130T,75696.0,75696.0,75696.0,75696.0,0
20151201T,73187.0,73187.0,73187.0,73187.0,0
20151202T,74346.0,74346.0,74346.0,74346.0,0
20151203T,74215.0,74215.0,74215.0,74215.0,0
20151204T,75375.0,75375.0,75375.0,75375.0,0
20151207T,77222.0,77222.0,77222.0,77222.0,0
20151208T,79662.0,79662.0,79662.0,79662.0,0
20151209T,85974.0,85974.0,85974.0,85974.0,0
20151210T,89602.0,89602.0,89602.0,89602.0,0
20151211T,91350.0,91350.0,91350.0,91350.0,0
20151214T,97785.0,97785.0,97785.0,97785.0,0
20151215T,105417.0,105417.0,105417.0,105417.0,0
20151216T,111596.0,111596.0,111596.0,111596.0,0
20151217T,105328.0,105328.0,105328.0,105328.0,0
20151218T,99863.0,99863.0,99863.0,99863.0,0
20151221T,100563.0,100563.0,100563.0,100563.0,0
20151222T,98474.0,98474.0,98474.0,98474.0,0
20151223T,100529.0,100529.0,100529.0,100529.0,0
20151224T,103401.0,103401.0,103401.0,103401.0,0
20151228T,102609.0,102609.0,102609.0,102609.0,0
20151229T,107921.0,107921.0,107921.0,107921.0,0
20151230T,122657.0,122657.0,122657.0,122657.0,0
20151231T,46380.66667,46380.66667,46380.66667,46380.66667,0
20160101T,47926.0,47926.0,47926.0,47926.0,0
20160104T,59050.0,59050.0,59050.0,59050.0,0
20160105T,67750.0,67750.0,67750.0,67750.0,0
20160106T,71766.0,71766.0,71766.0,71766.0,0
20160107T,79589.0,79589.0,79589.0,79589.0,0
20160108T,82787.0,82787.0,82787.0,82787.0,0
20160111T,87533.0,87533.0,87533.0,87533.0,0
20160112T,90497.0,90497.0,90497.0,90497.0,0
20160113T,93573.0,93573.0,93573.0,93573.0,0
20160114T,95103.0,95103.0,95103.0,95103.0,0
20160115T,102818.0,102818.0,102818.0,102818.0,0
20160118T,116536.0,116536.0,116536.0,116536.0,0
20160119T,126258.0,126258.0,126258.0,126258.0,0
20160120T,128398.0,128398.0,128398.0,128398.0,0
20160121T,132416.0,132416.0,132416.0,132416.0,0
20160122T,128362.0,128362.0,128362.0,128362.0,0
20160125T,123777.0,123777.0,123777.0,123777.0,0
20160127T,119452.0,119452.0,119452.0,119452.0,0
20160128T,43283.0,43283.0,43283.0,43283.0,0
20160129T,56114.0,56114.0,56114.0,56114.0,0
20160201T,65909.0,65909.0,65909.0,65909.0,0
20160202T,75814.0,75814.0,75814.0,75814.0,0
20160203T,76381.0,76381.0,76381.0,76381.0,0
20160204T,85116.0,85116.0,85116.0,85116.0,0
20160205T,92791.0,92791.0,92791.0,92791.0,0
20160208T,90997.0,90997.0,90997.0,90997.0,0
20160209T,88496.0,88496.0,88496.0,88496.0,0
20160211T,86988.0,86988.0,86988.0,86988.0,0
20160212T,96141.0,96141.0,96141.0,96141.0,0
20160215T,101885.0,101885.0,101885.0,101885.0,0
20160216T,112849.0,112849.0,112849.0,112849.0,0
20160217T,118350.0,118350.0,118350.0,118350.0,0
20160218T,117015.0,117015.0,117015.0,117015.0,0
20160219T,116017.0,116017.0,116017.0,116017.0,0
20160222T,110016.0,110016.0,110016.0,110016.0,0
20160223T,108769.0,108769.0,108769.0,108769.0,0
20160224T,92105.0,92105.0,92105.0,92105.0,0
20160225T,47592.0,47592.0,47592.0,47592.0,0
20160226T,63181.0,63181.0,63181.0,63181.0,0
20160229T,68918.0,68918.0,68918.0,68918.0,0
20160301T,86703.0,86703.0,86703.0,86703.0,0
20160302T,114200.0,114200.0,114200.0,114200.0,0
20160303T,144884.0,144884.0,144884.0,144884.0,0
20160304T,149138.0,149138.0,149138.0,149138.0,0
20160308T,144022.0,144022.0,144022.0,144022.0,0
20160309T,154181.0,154181.0,154181.0,154181.0,0
20160310T,156529.0,156529.0,156529.0,156529.0,0
20160311T,162976.0,162976.0,162976.0,162976.0,0
20160314T,161773.0,161773.0,161773.0,161773.0,0
20160315T,155013.0,155013.0,155013.0,155013.0,0
20160316T,171860.0,171860.0,171860.0,171860.0,0
20160317T,174062.0,174062.0,174062.0,174062.0,0
20160318T,182561.0,182561.0,182561.0,182561.0,0
20160321T,217346.6667,217346.6667,217346.6667,217346.6667,0
20160322T,226171.0,226171.0,226171.0,226171.0,0
20160323T,236695.0,236695.0,236695.0,236695.0,0
20160328T,234140.0,234140.0,234140.0,234140.0,0
20160329T,241595.0,241595.0,241595.0,241595.0,0
20160330T,253292.0,253292.0,253292.0,253292.0,0
20160331T,60345.0,60345.0,60345.0,60345.0,0
20160401T,68917.0,68917.0,68917.0,68917.0,0
20160404T,81159.0,81159.0,81159.0,81159.0,0
20160405T,78679.0,78679.0,78679.0,78679.0,0
20160406T,83077.0,83077.0,83077.0,83077.0,0
20160407T,85994.0,85994.0,85994.0,85994.0,0
20160408T,89485.0,89485.0,89485.0,89485.0,0
20160411T,92818.0,92818.0,92818.0,92818.0,0
20160412T,96708.0,96708.0,96708.0,96708.0,0
20160413T,119186.0,119186.0,119186.0,119186.0,0
20160418T,116810.0,116810.0,116810.0,116810.0,0
20160420T,140182.0,140182.0,140182.0,140182.0,0
20160421T,158735.0,158735.0,158735.0,158735.0,0
20160422T,156305.0,156305.0,156305.0,156305.0,0
20160425T,158334.0,158334.0,158334.0,158334.0,0
20160426T,170300.0,170300.0,170300.0,170300.0,0
20160427T,178086.0,178086.0,178086.0,178086.0,0
20160428T,51321.0,51321.0,51321.0,51321.0,0
20160429T,56951.0,56951.0,56951.0,56951.0,0
20160502T,62627.0,62627.0,62627.0,62627.0,0
20160503T,72913.0,72913.0,72913.0,72913.0,0
20160504T,77004.0,77004.0,77004.0,77004.0,0
20160505T,81995.0,81995.0,81995.0,81995.0,0
20160506T,84379.0,84379.0,84379.0,84379.0,0
20160509T,84297.0,84297.0,84297.0,84297.0,0
20160510T,92792.0,92792.0,92792.0,92792.0,0
20160511T,89041.0,89041.0,89041.0,89041.0,0
20160512T,102008.0,102008.0,102008.0,102008.0,0
20160513T,104652.0,104652.0,104652.0,104652.0,0
20160516T,103412.0,103412.0,103412.0,103412.0,0
20160517T,113702.0,113702.0,113702.0,113702.0,0
20160518T,116907.0,116907.0,116907.0,116907.0,0
20160519T,124845.0,124845.0,124845.0,124845.0,0
20160520T,130208.0,130208.0,130208.0,130208.0,0
20160523T,127826.0,127826.0,127826.0,127826.0,0
20160524T,132025.0,132025.0,132025.0,132025.0,0
20160525T,140431.0,140431.0,140431.0,140431.0,0
20160526T,49515.0,49515.0,49515.0,49515.0,0
20160527T,65932.0,65932.0,65932.0,65932.0,0
20160530T,77017.0,77017.0,77017.0,77017.0,0
20160531T,83238.0,83238.0,83238.0,83238.0,0
20160601T,98282.0,98282.0,98282.0,98282.0,0
20160602T,108742.0,108742.0,108742.0,108742.0,0
20160603T,119904.0,119904.0,119904.0,119904.0,0
20160606T,124580.0,124580.0,124580.0,124580.0,0
20160607T,133498.0,133498.0,133498.0,133498.0,0
20160608T,137995.0,137995.0,137995.0,137995.0,0
20160609T,140801.0,140801.0,140801.0,140801.0,0
20160610T,144361.0,144361.0,144361.0,144361.0,0
20160613T,138199.0,138199.0,138199.0,138199.0,0
20160614T,131539.0,131539.0,131539.0,131539.0,0
20160615T,137615.0,137615.0,137615.0,137615.0,0
20160616T,133635.0,133635.0,133635.0,133635.0,0
20160617T,140220.0,140220.0,140220.0,140220.0,0
20160620T,148703.0,148703.0,148703.0,148703.0,0
20160621T,156198.0,156198.0,156198.0,156198.0,0
20160622T,168802.0,168802.0,168802.0,168802.0,0
20160623T,183489.0,183489.0,183489.0,183489.0,0
20160624T,151590.0,151590.0,151590.0,151590.0,0
20160627T,153337.0,153337.0,153337.0,153337.0,0
20160628T,154167.0,154167.0,154167.0,154167.0,0
20160629T,158921.0,158921.0,158921.0,158921.0,0
20160630T,73627.0,73627.0,73627.0,73627.0,0
20160701T,80704.0,80704.0,80704.0,80704.0,0
20160704T,91657.0,91657.0,91657.0,91657.0,0
20160705T,101098.0,101098.0,101098.0,101098.0,0
20160707T,101453.0,101453.0,101453.0,101453.0,0
20160708T,102282.0,102282.0,102282.0,102282.0,0
20160711T,109085.0,109085.0,109085.0,109085.0,0
20160712T,112316.0,112316.0,112316.0,112316.0,0
20160713T,119934.0,119934.0,119934.0,119934.0,0
20160714T,119440.0,119440.0,119440.0,119440.0,0
20160715T,128005.0,128005.0,128005.0,128005.0,0
20160718T,135453.0,135453.0,135453.0,135453.0,0
20160719T,137754.0,137754.0,137754.0,137754.0,0
20160720T,144475.0,144475.0,144475.0,144475.0,0
20160721T,148251.0,148251.0,148251.0,148251.0,0
20160722T,153056.0,153056.0,153056.0,153056.0,0
20160725T,158475.0,158475.0,158475.0,158475.0,0
20160726T,164093.0,164093.0,164093.0,164093.0,0
20160727T,166249.0,166249.0,166249.0,166249.0,0
20160728T,83467.0,83467.0,83467.0,83467.0,0
20160729T,90965.0,90965.0,90965.0,90965.0,0
20160801T,99746.0,99746.0,99746.0,99746.0,0
20160802T,98581.0,98581.0,98581.0,98581.0,0
20160803T,100104.0,100104.0,100104.0,100104.0,0
20160804T,98247.0,98247.0,98247.0,98247.0,0
20160805T,101545.0,101545.0,101545.0,101545.0,0
20160808T,103044.0,103044.0,103044.0,103044.0,0
20160809T,106068.0,106068.0,106068.0,106068.0,0
20160810T,107323.0,107323.0,107323.0,107323.0,0
20160811T,109976.0,109976.0,109976.0,109976.0,0
20160812T,112351.0,112351.0,112351.0,112351.0,0
20160816T,111064.0,111064.0,111064.0,111064.0,0
20160817T,114736.0,114736.0,114736.0,114736.0,0
20160818T,121633.0,121633.0,121633.0,121633.0,0
20160819T,122220.0,122220.0,122220.0,122220.0,0
20160822T,126503.0,126503.0,126503.0,126503.0,0
20160823T,127936.0,127936.0,127936.0,127936.0,0
20160824T,129621.0,129621.0,129621.0,129621.0,0
20160825T,70902.0,70902.0,70902.0,70902.0,0
20160826T,87350.0,87350.0,87350.0,87350.0,0
20160829T,101334.0,101334.0,101334.0,101334.0,0
20160830T,111587.0,111587.0,111587.0,111587.0,0
20160831T,131755.0,131755.0,131755.0,131755.0,0
20160901T,145354.0,145354.0,145354.0,145354.0,0
20160902T,154065.0,154065.0,154065.0,154065.0,0
20160906T,172599.0,172599.0,172599.0,172599.0,0
20160907T,181525.0,181525.0,181525.0,181525.0,0
20160908T,195333.0,195333.0,195333.0,195333.0,0
20160909T,195091.0,195091.0,195091.0,195091.0,0
20160912T,162248.0,162248.0,162248.0,162248.0,0
20160914T,160049.0,160049.0,160049.0,160049.0,0
20160915T,170011.0,170011.0,170011.0,170011.0,0
20160916T,177389.0,177389.0,177389.0,177389.0,0
20160919T,184967.0,184967.0,184967.0,184967.0,0
20160920T,205112.0,205112.0,205112.0,205112.0,0
20160921T,216778.0,216778.0,216778.0,216778.0,0
20160922T,223561.0,223561.0,223561.0,223561.0,0
20160923T,223291.0,223291.0,223291.0,223291.0,0
20160926T,226196.0,226196.0,226196.0,226196.0,0
20160927T,207433.0,207433.0,207433.0,207433.0,0
20160928T,210956.0,210956.0,210956.0,210956.0,0
20160929T,88812.0,88812.0,88812.0,88812.0,0
20160930T,108867.0,108867.0,108867.0,108867.0,0
20161003T,108191.0,108191.0,108191.0,108191.0,0
20161004T,109355.0,109355.0,109355.0,109355.0,0
20161005T,107700.0,107700.0,107700.0,107700.0,0
20161006T,109482.0,109482.0,109482.0,109482.0,0
20161007T,113672.0,113672.0,113672.0,113672.0,0
20161010T,115270.0,115270.0,115270.0,115270.0,0
20161013T,117972.0,117972.0,117972.0,117972.0,0
20161014T,123676.0,123676.0,123676.0,123676.0,0
20161017T,129064.0,129064.0,129064.0,129064.0,0
20161018T,138234.0,138234.0,138234.0,138234.0,0
20161019T,137556.0,137556.0,137556.0,137556.0,0
20161020T,154058.0,154058.0,154058.0,154058.0,0
20161021T,154864.0,154864.0,154864.0,154864.0,0
20161024T,159136.0,159136.0,159136.0,159136.0,0
20161025T,161584.0,161584.0,161584.0,161584.0,0
20161026T,149893.0,149893.0,149893.0,149893.0,0
20161027T,63976.0,63976.0,63976.0,63976.0,0
20161028T,72576.0,72576.0,72576.0,72576.0,0
20161101T,79269.0,79269.0,79269.0,79269.0,0
20161102T,89911.0,89911.0,89911.0,89911.0,0
20161103T,94533.0,94533.0,94533.0,94533.0,0
20161104T,106558.0,106558.0,106558.0,106558.0,0
20161107T,110764.0,110764.0,110764.0,110764.0,0
20161108T,129968.0,129968.0,129968.0,129968.0,0
20161109T,143935.0,143935.0,143935.0,143935.0,0
20161110T,160238.0,160238.0,160238.0,160238.0,0
20161111T,161595.0,161595.0,161595.0,161595.0,0
20161115T,151633.0,151633.0,151633.0,151633.0,0
20161116T,156800.0,156800.0,156800.0,156800.0,0
20161117T,153672.0,153672.0,153672.0,153672.0,0
20161118T,156920.0,156920.0,156920.0,156920.0,0
20161121T,138689.0,138689.0,138689.0,138689.0,0
20161122T,121655.0,121655.0,121655.0,121655.0,0
20161123T,118139.0,118139.0,118139.0,118139.0,0
20161124T,59973.0,59973.0,59973.0,59973.0,0
20161125T,66383.0,66383.0,66383.0,66383.0,0
20161128T,79995.0,79995.0,79995.0,79995.0,0
20161129T,83581.0,83581.0,83581.0,83581.0,0
20161130T,91196.0,91196.0,91196.0,91196.0,0
20161201T,100499.0,100499.0,100499.0,100499.0,0
20161202T,104512.0,104512.0,104512.0,104512.0,0
20161205T,104465.0,104465.0,104465.0,104465.0,0
20161206T,104791.0,104791.0,104791.0,104791.0,0
20161207T,108607.0,108607.0,108607.0,108607.0,0
20161208T,110098.0,110098.0,110098.0,110098.0,0
20161209T,124311.0,124311.0,124311.0,124311.0,0
20161212T,123812.0,123812.0,123812.0,123812.0,0
20161213T,124781.0,124781.0,124781.0,124781.0,0
20161214T,130363.0,130363.0,130363.0,130363.0,0
20161215T,130882.0,130882.0,130882.0,130882.0,0
20161216T,138110.0,138110.0,138110.0,138110.0,0
20161219T,139965.0,139965.0,139965.0,139965.0,0
20161220T,138612.0,138612.0,138612.0,138612.0,0
20161221T,138779.0,138779.0,138779.0,138779.0,0
20161222T,140502.0,140502.0,140502.0,140502.0,0
20161223T,150115.0,150115.0,150115.0,150115.0,0
20161226T,140272.0,140272.0,140272.0,140272.0,0
20161227T,135312.0,135312.0,135312.0,135312.0,0
20161228T,133561.0,133561.0,133561.0,133561.0,0
20161229T,53172.0,53172.0,53172.0,53172.0,0
20161230T,71401.0,71401.0,71401.0,71401.0,0
20170102T,73753.0,73753.0,73753.0,73753.0,0
20170103T,77809.0,77809.0,77809.0,77809.0,0
20170104T,85796.0,85796.0,85796.0,85796.0,0
20170105T,93782.0,93782.0,93782.0,93782.0,0
20170106T,102196.0,102196.0,102196.0,102196.0,0
20170109T,103716.0,103716.0,103716.0,103716.0,0
20170110T,113946.0,113946.0,113946.0,113946.0,0
20170111T,128014.0,128014.0,128014.0,128014.0,0
20170112T,146409.0,146409.0,146409.0,146409.0,0
20170113T,163797.0,163797.0,163797.0,163797.0,0
20170116T,191202.0,191202.0,191202.0,191202.0,0
20170117T,202266.0,202266.0,202266.0,202266.0,0
20170118T,204430.0,204430.0,204430.0,204430.0,0
20170119T,208624.0,208624.0,208624.0,208624.0,0
20170120T,205354.0,205354.0,205354.0,205354.0,0
20170123T,187826.0,187826.0,187826.0,187826.0,0
20170124T,175749.0,175749.0,175749.0,175749.0,0
20170125T,64737.0,64737.0,64737.0,64737.0,0
20170127T,98616.0,98616.0,98616.0,98616.0,0
20170130T,121275.0,121275.0,121275.0,121275.0,0
20170131T,137495.0,137495.0,137495.0,137495.0,0
20170201T,130879.0,130879.0,130879.0,130879.0,0
20170202T,127834.0,127834.0,127834.0,127834.0,0
20170203T,159827.0,159827.0,159827.0,159827.0,0
20170206T,164086.0,164086.0,164086.0,164086.0,0
20170207T,178513.0,178513.0,178513.0,178513.0,0
20170208T,187397.0,187397.0,187397.0,187397.0,0
20170209T,177096.0,177096.0,177096.0,177096.0,0
20170210T,182650.0,182650.0,182650.0,182650.0,0
20170213T,181492.0,181492.0,181492.0,181492.0,0
20170214T,184774.0,184774.0,184774.0,184774.0,0
20170215T,194182.0,194182.0,194182.0,194182.0,0
20170216T,192196.0,192196.0,192196.0,192196.0,0
20170217T,197082.0,197082.0,197082.0,197082.0,0
20170220T,200614.0,200614.0,200614.0,200614.0,0
20170221T,223462.0,223462.0,223462.0,223462.0,0
20170222T,250812.0,250812.0,250812.0,250812.0,0
20170223T,66329.0,66329.0,66329.0,66329.0,0
20170227T,77186.0,77186.0,77186.0,77186.0,0
20170228T,79469.0,79469.0,79469.0,79469.0,0
20170301T,86486.0,86486.0,86486.0,86486.0,0
20170302T,101654.0,101654.0,101654.0,101654.0,0
20170303T,104584.0,104584.0,104584.0,104584.0,0
20170306T,110149.0,110149.0,110149.0,110149.0,0
20170307T,115300.0,115300.0,115300.0,115300.0,0
20170308T,122531.0,122531.0,122531.0,122531.0,0
20170309T,128157.0,128157.0,128157.0,128157.0,0
20170310T,138758.0,138758.0,138758.0,138758.0,0
20170314T,148155.0,148155.0,148155.0,148155.0,0
20170315T,150579.0,150579.0,150579.0,150579.0,0
20170316T,156263.0,156263.0,156263.0,156263.0,0
20170317T,164848.0,164848.0,164848.0,164848.0,0
20170320T,164058.0,164058.0,164058.0,164058.0,0
20170321T,166249.0,166249.0,166249.0,166249.0,0
20170322T,170908.0,170908.0,170908.0,170908.0,0
20170323T,173418.0,173418.0,173418.0,173418.0,0
20170324T,172649.0,172649.0,172649.0,172649.0,0
20170327T,172038.0,172038.0,172038.0,172038.0,0
20170328T,173343.0,173343.0,173343.0,173343.0,0
20170329T,176195.0,176195.0,176195.0,176195.0,0
20170330T,45229.0,45229.0,45229.0,45229.0,0
20170331T,53576.0,53576.0,53576.0,53576.0,0
20170403T,64879.0,64879.0,64879.0,64879.0,0
20170405T,73639.0,73639.0,73639.0,73639.0,0
20170406T,79756.0,79756.0,79756.0,79756.0,0
20170407T,83898.0,83898.0,83898.0,83898.0,0
20170410T,85275.0,85275.0,85275.0,85275.0,0
20170411T,82130.0,82130.0,82130.0,82130.0,0
20170412T,77815.0,77815.0,77815.0,77815.0,0
20170413T,76749.0,76749.0,76749.0,76749.0,0
20170417T,77107.0,77107.0,77107.0,77107.0,0
20170418T,79256.0,79256.0,79256.0,79256.0,0
20170419T,83922.0,83922.0,83922.0,83922.0,0
20170420T,83444.0,83444.0,83444.0,83444.0,0
20170421T,84240.0,84240.0,84240.0,84240.0,0
20170424T,80233.0,80233.0,80233.0,80233.0,0
20170425T,83795.0,83795.0,83795.0,83795.0,0
20170426T,97305.0,97305.0,97305.0,97305.0,0
20170427T,55765.0,55765.0,55765.0,55765.0,0
20170428T,60037.0,60037.0,60037.0,60037.0,0
20170502T,61701.0,61701.0,61701.0,61701.0,0
20170503T,66962.0,66962.0,66962.0,66962.0,0
20170504T,77767.0,77767.0,77767.0,77767.0,0
20170505T,80314.0,80314.0,80314.0,80314.0,0
20170508T,84218.0,84218.0,84218.0,84218.0,0
20170509T,94296.0,94296.0,94296.0,94296.0,0
20170510T,107935.0,107935.0,107935.0,107935.0,0
20170511T,118851.0,118851.0,118851.0,118851.0,0
20170512T,120716.0,120716.0,120716.0,120716.0,0
20170515T,124357.0,124357.0,124357.0,124357.0,0
20170516T,141384.0,141384.0,141384.0,141384.0,0
20170517T,160316.0,160316.0,160316.0,160316.0,0
20170518T,137820.0,137820.0,137820.0,137820.0,0
20170519T,123566.0,123566.0,123566.0,123566.0,0
20170522T,122083.0,122083.0,122083.0,122083.0,0
20170523T,113662.0,113662.0,113662.0,113662.0,0
20170524T,114367.0,114367.0,114367.0,114367.0,0
20170525T,45376.0,45376.0,45376.0,45376.0,0
20170526T,61539.0,61539.0,61539.0,61539.0,0
20170529T,62136.0,62136.0,62136.0,62136.0,0
20170530T,63733.0,63733.0,63733.0,63733.0,0
20170531T,72434.0,72434.0,72434.0,72434.0,0
20170601T,79918.0,79918.0,79918.0,79918.0,0
20170602T,82901.0,82901.0,82901.0,82901.0,0
20170605T,89689.0,89689.0,89689.0,89689.0,0
20170606T,88707.0,88707.0,88707.0,88707.0,0
20170607T,91297.0,91297.0,91297.0,91297.0,0
20170608T,89010.0,89010.0,89010.0,89010.0,0
20170609T,92076.0,92076.0,92076.0,92076.0,0
20170612T,90789.0,90789.0,90789.0,90789.0,0
20170613T,96771.0,96771.0,96771.0,96771.0,0
20170614T,91807.0,91807.0,91807.0,91807.0,0
20170615T,90699.0,90699.0,90699.0,90699.0,0
20170616T,89041.0,89041.0,89041.0,89041.0,0
20170619T,96900.0,96900.0,96900.0,96900.0,0
20170620T,102002.0,102002.0,102002.0,102002.0,0
20170621T,104722.0,104722.0,104722.0,104722.0,0
20170622T,108900.0,108900.0,108900.0,108900.0,0
20170623T,114115.0,114115.0,114115.0,114115.0,0
20170627T,107034.0,107034.0,107034.0,107034.0,0
20170628T,96311.0,96311.0,96311.0,96311.0,0
20170629T,39772.0,39772.0,39772.0,39772.0,0
20170630T,44784.0,44784.0,44784.0,44784.0,0
20170703T,51493.0,51493.0,51493.0,51493.0,0
20170704T,58996.0,58996.0,58996.0,58996.0,0
20170705T,63159.0,63159.0,63159.0,63159.0,0
20170706T,66748.0,66748.0,66748.0,66748.0,0
20170707T,71050.0,71050.0,71050.0,71050.0,0
20170710T,73057.0,73057.0,73057.0,73057.0,0
20170711T,79759.0,79759.0,79759.0,79759.0,0
20170712T,119931.0,119931.0,119931.0,119931.0,0
20170713T,123746.0,123746.0,123746.0,123746.0,0
20170714T,136537.0,136537.0,136537.0,136537.0,0
20170717T,156217.0,156217.0,156217.0,156217.0,0
20170718T,184747.0,184747.0,184747.0,184747.0,0
20170719T,181292.0,181292.0,181292.0,181292.0,0
20170720T,185299.0,185299.0,185299.0,185299.0,0
20170721T,187896.0,187896.0,187896.0,187896.0,0
20170724T,197601.0,197601.0,197601.0,197601.0,0
20170725T,203273.0,203273.0,203273.0,203273.0,0
20170726T,216007.0,216007.0,216007.0,216007.0,0
20170727T,122960.0,122960.0,122960.0,122960.0,0
20170728T,124026.0,124026.0,124026.0,124026.0,0
20170731T,130419.0,130419.0,130419.0,130419.0,0
20170801T,137433.0,137433.0,137433.0,137433.0,0
20170802T,135994.0,135994.0,135994.0,135994.0,0
20170803T,141086.0,141086.0,141086.0,141086.0,0
20170804T,144647.0,144647.0,144647.0,144647.0,0
20170807T,151204.0,151204.0,151204.0,151204.0,0
20170808T,152031.0,152031.0,152031.0,152031.0,0
20170809T,149842.0,149842.0,149842.0,149842.0,0
20170810T,149361.0,149361.0,149361.0,149361.0,0
20170811T,154072.0,154072.0,154072.0,154072.0,0
20170814T,156132.0,156132.0,156132.0,156132.0,0
20170816T,159316.0,159316.0,159316.0,159316.0,0
20170817T,162215.0,162215.0,162215.0,162215.0,0
20170818T,167468.0,167468.0,167468.0,167468.0,0
20170821T,170543.0,170543.0,170543.0,170543.0,0
20170822T,193703.0,193703.0,193703.0,193703.0,0
20170823T,195775.0,195775.0,195775.0,195775.0,0
20170824T,191784.0,191784.0,191784.0,191784.0,0
20170828T,183856.0,183856.0,183856.0,183856.0,0
20170829T,178661.0,178661.0,178661.0,178661.0,0
20170830T,170845.0,170845.0,170845.0,170845.0,0
20170831T,105496.0,105496.0,105496.0,105496.0,0
20170901T,111196.0,111196.0,111196.0,111196.0,0
20170904T,111776.0,111776.0,111776.0,111776.0,0
20170905T,111709.0,111709.0,111709.0,111709.0,0
20170906T,118028.0,118028.0,118028.0,118028.0,0
20170907T,124006.0,124006.0,124006.0,124006.0,0
20170908T,136862.0,136862.0,136862.0,136862.0,0
20170911T,150164.0,150164.0,150164.0,150164.0,0
20170912T,160872.0,160872.0,160872.0,160872.0,0
20170913T,167382.0,167382.0,167382.0,167382.0,0
20170914T,176908.0,176908.0,176908.0,176908.0,0
20170915T,193800.0,193800.0,193800.0,193800.0,0
20170918T,202560.0,202560.0,202560.0,202560.0,0
20170919T,209995.0,209995.0,209995.0,209995.0,0
20170920T,213189.0,213189.0,213189.0,213189.0,0
20170921T,221570.0,221570.0,221570.0,221570.0,0
20170922T,191751.0,191751.0,191751.0,191751.0,0
20170925T,176887.0,176887.0,176887.0,176887.0,0
20170926T,175662.0,175662.0,175662.0,175662.0,0
20170927T,168678.0,168678.0,168678.0,168678.0,0
20170928T,124075.0,124075.0,124075.0,124075.0,0
20170929T,134475.0,134475.0,134475.0,134475.0,0
20171003T,136555.0,136555.0,136555.0,136555.0,0
20171004T,143523.0,143523.0,143523.0,143523.0,0
20171005T,143995.0,143995.0,143995.0,143995.0,0
20171006T,146498.0,146498.0,146498.0,146498.0,0
20171009T,145994.0,145994.0,145994.0,145994.0,0
20171010T,152919.0,152919.0,152919.0,152919.0,0
20171011T,170998.0,170998.0,170998.0,170998.0,0
20171012T,176226.0,176226.0,176226.0,176226.0,0
20171013T,207352.0,207352.0,207352.0,207352.0,0
20171016T,225074.0,225074.0,225074.0,225074.0,0
20171017T,225801.0,225801.0,225801.0,225801.0,0
20171018T,222548.0,222548.0,222548.0,222548.0,0
20171019T,222548.0,222548.0,222548.0,222548.0,0
20171023T,228124.0,228124.0,228124.0,228124.0,0
20171024T,234726.0,234726.0,234726.0,234726.0,0
20171025T,251373.0,251373.0,251373.0,251373.0,0
20171026T,144280.0,144280.0,144280.0,144280.0,0
20171027T,155543.0,155543.0,155543.0,155543.0,0
20171030T,164257.0,164257.0,164257.0,164257.0,0
20171031T,174890.0,174890.0,174890.0,174890.0,0
20171101T,194706.0,194706.0,194706.0,194706.0,0
20171102T,193930.0,193930.0,193930.0,193930.0,0
20171103T,202528.0,202528.0,202528.0,202528.0,0
20171106T,207309.0,207309.0,207309.0,207309.0,0
20171107T,218942.0,218942.0,218942.0,218942.0,0
20171108T,221869.0,221869.0,221869.0,221869.0,0
20171109T,220622.0,220622.0,220622.0,220622.0,0
20171110T,220677.0,220677.0,220677.0,220677.0,0
20171113T,212030.0,212030.0,212030.0,212030.0,0
20171114T,195739.0,195739.0,195739.0,195739.0,0
20171115T,199610.0,199610.0,199610.0,199610.0,0
20171116T,199053.0,199053.0,199053.0,199053.0,0
20171117T,201689.0,201689.0,201689.0,201689.0,0
20171120T,207536.0,207536.0,207536.0,207536.0,0
20171121T,240345.0,240345.0,240345.0,240345.0,0
20171122T,253898.0,253898.0,253898.0,253898.0,0
20171123T,257954.0,257954.0,257954.0,257954.0,0
20171124T,260738.6667,260738.6667,260738.6667,260738.6667,0
20171127T,255875.0,255875.0,255875.0,255875.0,0
20171128T,261323.0,261323.0,261323.0,261323.0,0
20171129T,273563.0,273563.0,273563.0,273563.0,0
20171130T,171107.0,171107.0,171107.0,171107.0,0
20171201T,175884.0,175884.0,175884.0,175884.0,0
20171204T,178119.0,178119.0,178119.0,178119.0,0
20171205T,176186.0,176186.0,176186.0,176186.0,0
20171206T,186693.0,186693.0,186693.0,186693.0,0
20171207T,194598.0,194598.0,194598.0,194598.0,0
20171208T,207359.0,207359.0,207359.0,207359.0,0
20171211T,208097.0,208097.0,208097.0,208097.0,0
20171212T,208665.0,208665.0,208665.0,208665.0,0
20171213T,219339.0,219339.0,219339.0,219339.0,0
20171214T,233674.0,233674.0,233674.0,233674.0,0
20171215T,241862.0,241862.0,241862.0,241862.0,0
20171218T,242184.0,242184.0,242184.0,242184.0,0
20171219T,244936.0,244936.0,244936.0,244936.0,0
20171220T,260454.0,260454.0,260454.0,260454.0,0
20171221T,253139.0,253139.0,253139.0,253139.0,0
20171222T,259028.0,259028.0,259028.0,259028.0,0
20171226T,265887.0,265887.0,265887.0,265887.0,0
20171227T,271663.0,271663.0,271663.0,271663.0,0
20171228T,96869.0,96869.0,96869.0,96869.0,0
20171229T,114789.0,114789.0,114789.0,114789.0,0
20180101T,122471.0,122471.0,122471.0,122471.0,0
20180102T,125350.0,125350.0,125350.0,125350.0,0
20180103T,127498.0,127498.0,127498.0,127498.0,0
20180104T,131706.0,131706.0,131706.0,131706.0,0
20180105T,150159.0,150159.0,150159.0,150159.0,0
20180108T,156617.0,156617.0,156617.0,156617.0,0
20180109T,169089.0,169089.0,169089.0,169089.0,0
20180110T,177612.0,177612.0,177612.0,177612.0,0
20180111T,206587.0,206587.0,206587.0,206587.0,0
20180112T,211616.0,211616.0,211616.0,211616.0,0
20180115T,235903.0,235903.0,235903.0,235903.0,0
20180116T,241008.0,241008.0,241008.0,241008.0,0
20180117T,249863.0,249863.0,249863.0,249863.0,0
20180118T,246341.0,246341.0,246341.0,246341.0,0
20180119T,266778.0,266778.0,266778.0,266778.0,0
20180122T,295036.0,295036.0,295036.0,295036.0,0
20180123T,308922.0,308922.0,308922.0,308922.0,0
20180124T,303715.0,303715.0,303715.0,303715.0,0
20180125T,141767.0,141767.0,141767.0,141767.0,0
20180129T,159514.0,159514.0,159514.0,159514.0,0
20180130T,157293.0,157293.0,157293.0,157293.0,0
20180131T,167686.0,167686.0,167686.0,167686.0,0
20180201T,166864.0,166864.0,166864.0,166864.0,0
20180202T,165292.0,165292.0,165292.0,165292.0,0
20180205T,166958.0,166958.0,166958.0,166958.0,0
20180206T,172994.0,172994.0,172994.0,172994.0,0
20180207T,170194.0,170194.0,170194.0,170194.0,0
20180208T,171924.0,171924.0,171924.0,171924.0,0
20180209T,170277.0,170277.0,170277.0,170277.0,0
20180212T,172533.0,172533.0,172533.0,172533.0,0
20180214T,174733.0,174733.0,174733.0,174733.0,0
20180215T,179866.0,179866.0,179866.0,179866.0,0
20180216T,179550.0,179550.0,179550.0,179550.0,0
20180219T,177427.0,177427.0,177427.0,177427.0,0
20180220T,184005.0,184005.0,184005.0,184005.0,0
20180221T,192049.0,192049.0,192049.0,192049.0,0
20180222T,105711.0,105711.0,105711.0,105711.0,0
20180223T,111480.0,111480.0,111480.0,111480.0,0
20180226T,117379.0,117379.0,117379.0,117379.0,0
20180227T,121054.0,121054.0,121054.0,121054.0,0
20180228T,127073.0,127073.0,127073.0,127073.0,0
20180301T,126181.0,126181.0,126181.0,126181.0,0
20180305T,125512.0,125512.0,125512.0,125512.0,0
20180306T,126235.0,126235.0,126235.0,126235.0,0
20180307T,127937.0,127937.0,127937.0,127937.0,0
20180308T,125248.0,125248.0,125248.0,125248.0,0
20180309T,131111.0,131111.0,131111.0,131111.0,0
20180312T,143434.0,143434.0,143434.0,143434.0,0
20180313T,154550.0,154550.0,154550.0,154550.0,0
20180314T,153671.0,153671.0,153671.0,153671.0,0
20180315T,156459.0,156459.0,156459.0,156459.0,0
20180316T,144174.0,144174.0,144174.0,144174.0,0
20180319T,145858.0,145858.0,145858.0,145858.0,0
20180320T,150072.0,150072.0,150072.0,150072.0,0
20180321T,156717.0,156717.0,156717.0,156717.0,0
20180322T,144915.0,144915.0,144915.0,144915.0,0
20180323T,144596.0,144596.0,144596.0,144596.0,0
20180326T,141548.0,141548.0,141548.0,141548.0,0
20180327T,135145.0,135145.0,135145.0,135145.0,0
20180328T,101208.0,101208.0,101208.0,101208.0,0
20180402T,103887.0,103887.0,103887.0,103887.0,0
20180403T,104124.0,104124.0,104124.0,104124.0,0
20180404T,108159.0,108159.0,108159.0,108159.0,0
20180405T,107850.0,107850.0,107850.0,107850.0,0
20180406T,111824.0,111824.0,111824.0,111824.0,0
20180409T,112946.0,112946.0,112946.0,112946.0,0
20180410T,118351.0,118351.0,118351.0,118351.0,0
20180411T,131624.0,131624.0,131624.0,131624.0,0
20180412T,154897.0,154897.0,154897.0,154897.0,0
20180413T,169218.0,169218.0,169218.0,169218.0,0
20180416T,172389.0,172389.0,172389.0,172389.0,0
20180417T,176317.0,176317.0,176317.0,176317.0,0
20180418T,180366.0,180366.0,180366.0,180366.0,0
20180419T,187460.0,187460.0,187460.0,187460.0,0
20180420T,189458.0,189458.0,189458.0,189458.0,0
20180423T,191552.0,191552.0,191552.0,191552.0,0
20180424T,174204.0,174204.0,174204.0,174204.0,0
20180425T,168772.0,168772.0,168772.0,168772.0,0
20180426T,92173.0,92173.0,92173.0,92173.0,0
20180427T,112069.0,112069.0,112069.0,112069.0,0
20180430T,114973.0,114973.0,114973.0,114973.0,0
20180502T,131973.0,131973.0,131973.0,131973.0,0
20180503T,126665.0,126665.0,126665.0,126665.0,0
20180504T,128704.0,128704.0,128704.0,128704.0,0
20180507T,131168.0,131168.0,131168.0,131168.0,0
20180508T,131978.0,131978.0,131978.0,131978.0,0
20180509T,139259.0,139259.0,139259.0,139259.0,0
20180510T,141463.0,141463.0,141463.0,141463.0,0
20180511T,154404.0,154404.0,154404.0,154404.0,0
20180514T,171017.0,171017.0,171017.0,171017.0,0
20180515T,177414.0,177414.0,177414.0,177414.0,0
20180516T,176202.0,176202.0,176202.0,176202.0,0
20180517T,171952.0,171952.0,171952.0,171952.0,0
20180518T,173418.0,173418.0,173418.0,173418.0,0
20180521T,159944.0,159944.0,159944.0,159944.0,0
20180522T,153913.0,153913.0,153913.0,153913.0,0
20180523T,159882.0,159882.0,159882.0,159882.0,0
20180524T,159716.0,159716.0,159716.0,159716.0,0
20180525T,162715.0,162715.0,162715.0,162715.0,0
20180528T,164183.0,164183.0,164183.0,164183.0,0
20180529T,159024.0,159024.0,159024.0,159024.0,0
20180530T,159225.0,159225.0,159225.0,159225.0,0
20180531T,107481.0,107481.0,107481.0,107481.0,0
20180601T,108155.0,108155.0,108155.0,108155.0,0
20180604T,117871.0,117871.0,117871.0,117871.0,0
20180605T,120539.0,120539.0,120539.0,120539.0,0
20180606T,132110.0,132110.0,132110.0,132110.0,0
20180607T,126450.0,126450.0,126450.0,126450.0,0
20180608T,132939.0,132939.0,132939.0,132939.0,0
20180611T,143233.0,143233.0,143233.0,143233.0,0
20180612T,155192.0,155192.0,155192.0,155192.0,0
20180614T,149977.0,149977.0,149977.0,149977.0,0
20180615T,142725.0,142725.0,142725.0,142725.0,0
20180618T,134860.0,134860.0,134860.0,134860.0,0
20180619T,136815.0,136815.0,136815.0,136815.0,0
20180620T,136321.0,136321.0,136321.0,136321.0,0
20180621T,127678.0,127678.0,127678.0,127678.0,0
20180622T,140004.0,140004.0,140004.0,140004.0,0
20180625T,134859.0,134859.0,134859.0,134859.0,0
20180626T,131115.0,131115.0,131115.0,131115.0,0
20180627T,118096.0,118096.0,118096.0,118096.0,0
20180628T,78838.0,78838.0,78838.0,78838.0,0
20180629T,85774.0,85774.0,85774.0,85774.0,0
20180702T,84827.0,84827.0,84827.0,84827.0,0
20180703T,95241.0,95241.0,95241.0,95241.0,0
20180704T,98181.0,98181.0,98181.0,98181.0,0
20180705T,93962.0,93962.0,93962.0,93962.0,0
20180706T,94697.0,94697.0,94697.0,94697.0,0
20180709T,100956.0,100956.0,100956.0,100956.0,0
20180710T,102347.0,102347.0,102347.0,102347.0,0
20180711T,117376.0,117376.0,117376.0,117376.0,0
20180712T,127302.0,127302.0,127302.0,127302.0,0
20180713T,133829.0,133829.0,133829.0,133829.0,0
20180716T,132772.0,132772.0,132772.0,132772.0,0
20180717T,130276.0,130276.0,130276.0,130276.0,0
20180718T,147133.0,147133.0,147133.0,147133.0,0
20180719T,157092.0,157092.0,157092.0,157092.0,0
20180720T,163700.0,163700.0,163700.0,163700.0,0
20180723T,168982.0,168982.0,168982.0,168982.0,0
20180724T,177844.0,177844.0,177844.0,177844.0,0
20180725T,181315.0,181315.0,181315.0,181315.0,0
20180726T,85309.0,85309.0,85309.0,85309.0,0
20180727T,100684.0,100684.0,100684.0,100684.0,0
20180730T,113194.0,113194.0,113194.0,113194.0,0
20180731T,121427.0,121427.0,121427.0,121427.0,0
20180801T,130335.0,130335.0,130335.0,130335.0,0
20180802T,127599.0,127599.0,127599.0,127599.0,0
20180803T,133966.0,133966.0,133966.0,133966.0,0
20180806T,154468.0,154468.0,154468.0,154468.0,0
20180807T,170519.0,170519.0,170519.0,170519.0,0
20180808T,176418.0,176418.0,176418.0,176418.0,0
20180809T,161648.0,161648.0,161648.0,161648.0,0
20180810T,163017.0,163017.0,163017.0,163017.0,0
20180813T,173816.0,173816.0,173816.0,173816.0,0
20180814T,176600.0,176600.0,176600.0,176600.0,0
20180816T,172255.0,172255.0,172255.0,172255.0,0
20180817T,175941.0,175941.0,175941.0,175941.0,0
20180820T,189550.0,189550.0,189550.0,189550.0,0
20180821T,185845.0,185845.0,185845.0,185845.0,0
20180823T,180778.0,180778.0,180778.0,180778.0,0
20180824T,180548.0,180548.0,180548.0,180548.0,0
20180827T,190351.0,190351.0,190351.0,190351.0,0
20180828T,199980.0,199980.0,199980.0,199980.0,0
20180829T,210078.0,210078.0,210078.0,210078.0,0
20180830T,125873.0,125873.0,125873.0,125873.0,0
20180831T,144372.0,144372.0,144372.0,144372.0,0
20180903T,149149.0,149149.0,149149.0,149149.0,0
20180904T,157209.0,157209.0,157209.0,157209.0,0
20180905T,160638.0,160638.0,160638.0,160638.0,0
20180906T,167405.0,167405.0,167405.0,167405.0,0
20180907T,181399.0,181399.0,181399.0,181399.0,0
20180910T,186969.0,186969.0,186969.0,186969.0,0
20180911T,183706.0,183706.0,183706.0,183706.0,0
20180912T,175466.0,175466.0,175466.0,175466.0,0
20180914T,172498.0,172498.0,172498.0,172498.0,0
20180917T,176425.0,176425.0,176425.0,176425.0,0
20180918T,175435.0,175435.0,175435.0,175435.0,0
20180919T,165664.0,165664.0,165664.0,165664.0,0
20180921T,173833.0,173833.0,173833.0,173833.0,0
20180924T,177604.0,177604.0,177604.0,177604.0,0
20180925T,169557.0,169557.0,169557.0,169557.0,0
20180926T,174444.0,174444.0,174444.0,174444.0,0
20180927T,99715.0,99715.0,99715.0,99715.0,0
20180928T,109849.0,109849.0,109849.0,109849.0,0
20181001T,125105.0,125105.0,125105.0,125105.0,0
20181003T,133590.0,133590.0,133590.0,133590.0,0
20181004T,129627.0,129627.0,129627.0,129627.0,0
20181005T,145060.0,145060.0,145060.0,145060.0,0
20181008T,159967.0,159967.0,159967.0,159967.0,0
20181009T,168928.0,168928.0,168928.0,168928.0,0
20181010T,169982.0,169982.0,169982.0,169982.0,0
20181011T,157176.0,157176.0,157176.0,157176.0,0
20181012T,171536.0,171536.0,171536.0,171536.0,0
20181015T,188038.0,188038.0,188038.0,188038.0,0
20181016T,191428.0,191428.0,191428.0,191428.0,0
20181017T,175088.0,175088.0,175088.0,175088.0,0
20181019T,180039.0,180039.0,180039.0,180039.0,0
20181022T,194039.0,194039.0,194039.0,194039.0,0
20181023T,174104.0,174104.0,174104.0,174104.0,0
20181024T,156703.0,156703.0,156703.0,156703.0,0
20181025T,93261.0,93261.0,93261.0,93261.0,0
20181026T,111791.0,111791.0,111791.0,111791.0,0
20181029T,120408.0,120408.0,120408.0,120408.0,0
20181030T,131066.0,131066.0,131066.0,131066.0,0
20181031T,159080.0,159080.0,159080.0,159080.0,0
20181101T,143719.0,143719.0,143719.0,143719.0,0
20181102T,165347.0,165347.0,165347.0,165347.0,0
20181105T,164939.0,164939.0,164939.0,164939.0,0
20181106T,170612.0,170612.0,170612.0,170612.0,0
20181107T,170817.0,170817.0,170817.0,170817.0,0
20181109T,189523.0,189523.0,189523.0,189523.0,0
20181112T,190329.0,190329.0,190329.0,190329.0,0
20181113T,195940.0,195940.0,195940.0,195940.0,0
20181114T,195824.0,195824.0,195824.0,195824.0,0
20181115T,197758.0,197758.0,197758.0,197758.0,0
20181116T,201776.0,201776.0,201776.0,201776.0,0
20181119T,214993.0,214993.0,214993.0,214993.0,0
20181120T,217715.0,217715.0,217715.0,217715.0,0
20181121T,206483.0,206483.0,206483.0,206483.0,0
20181122T,203315.0,203315.0,203315.0,203315.0,0
20181126T,198161.0,198161.0,198161.0,198161.0,0
20181127T,193888.0,193888.0,193888.0,193888.0,0
20181128T,202662.0,202662.0,202662.0,202662.0,0
20181129T,100701.0,100701.0,100701.0,100701.0,0
20181130T,115778.0,115778.0,115778.0,115778.0,0
20181203T,128443.0,128443.0,128443.0,128443.0,0
20181204T,129728.0,129728.0,129728.0,129728.0,0
20181205T,134640.0,134640.0,134640.0,134640.0,0
20181206T,128982.0,128982.0,128982.0,128982.0,0
20181207T,144169.0,144169.0,144169.0,144169.0,0
20181210T,142673.0,142673.0,142673.0,142673.0,0
20181211T,174382.0,174382.0,174382.0,174382.0,0
20181212T,172134.0,172134.0,172134.0,172134.0,0
20181213T,147696.0,147696.0,147696.0,147696.0,0
20181214T,151737.0,151737.0,151737.0,151737.0,0
20181217T,161637.0,161637.0,161637.0,161637.0,0
20181218T,162505.0,162505.0,162505.0,162505.0,0
20181219T,164779.0,164779.0,164779.0,164779.0,0
20181220T,161230.0,161230.0,161230.0,161230.0,0
20181221T,154241.0,154241.0,154241.0,154241.0,0
20181224T,156800.0,156800.0,156800.0,156800.0,0
20181226T,155435.0,155435.0,155435.0,155435.0,0
20181227T,61328.0,61328.0,61328.0,61328.0,0
20181228T,67452.0,67452.0,67452.0,67452.0,0
20181231T,68769.0,68769.0,68769.0,68769.0,0
20190101T,67922.0,67922.0,67922.0,67922.0,0
20190102T,83499.0,83499.0,83499.0,83499.0,0
20190103T,89401.0,89401.0,89401.0,89401.0,0
20190104T,101053.0,101053.0,101053.0,101053.0,0
20190107T,105092.0,105092.0,105092.0,105092.0,0
20190108T,115729.0,115729.0,115729.0,115729.0,0
20190109T,122482.0,122482.0,122482.0,122482.0,0
20190110T,121083.0,121083.0,121083.0,121083.0,0
20190111T,128630.0,128630.0,128630.0,128630.0,0
20190114T,141560.0,141560.0,141560.0,141560.0,0
20190115T,145344.0,145344.0,145344.0,145344.0,0
20190116T,155317.0,155317.0,155317.0,155317.0,0
20190117T,161734.0,161734.0,161734.0,161734.0,0
20190118T,172335.0,172335.0,172335.0,172335.0,0
20190121T,177400.0,177400.0,177400.0,177400.0,0
20190122T,181725.0,181725.0,181725.0,181725.0,0
20190123T,207685.0,207685.0,207685.0,207685.0,0
20190124T,206063.0,206063.0,206063.0,206063.0,0
20190125T,208410.0,208410.0,208410.0,208410.0,0
20190128T,214365.0,214365.0,214365.0,214365.0,0
20190129T,214892.0,214892.0,214892.0,214892.0,0
20190130T,206430.0,206430.0,206430.0,206430.0,0
20190131T,144118.0,144118.0,144118.0,144118.0,0
20190201T,155195.0,155195.0,155195.0,155195.0,0
20190204T,165742.0,165742.0,165742.0,165742.0,0
20190205T,171025.0,171025.0,171025.0,171025.0,0
20190206T,180331.0,180331.0,180331.0,180331.0,0
20190207T,179004.0,179004.0,179004.0,179004.0,0
20190208T,176669.0,176669.0,176669.0,176669.0,0
20190211T,174016.0,174016.0,174016.0,174016.0,0
20190212T,175830.0,175830.0,175830.0,175830.0,0
20190213T,180364.0,180364.0,180364.0,180364.0,0
20190214T,163752.0,163752.0,163752.0,163752.0,0
20190215T,173834.0,173834.0,173834.0,173834.0,0
20190218T,179235.0,179235.0,179235.0,179235.0,0
20190219T,174823.0,174823.0,174823.0,174823.0,0
20190220T,175463.0,175463.0,175463.0,175463.0,0
20190221T,161778.0,161778.0,161778.0,161778.0,0
20190222T,152548.0,152548.0,152548.0,152548.0,0
20190225T,156248.0,156248.0,156248.0,156248.0,0
20190226T,161509.0,161509.0,161509.0,161509.0,0
20190227T,184314.0,184314.0,184314.0,184314.0,0
20190228T,135804.0,135804.0,135804.0,135804.0,0
20190301T,142240.0,142240.0,142240.0,142240.0,0
20190305T,151666.0,151666.0,151666.0,151666.0,0
20190306T,166109.0,166109.0,166109.0,166109.0,0
20190307T,164248.0,164248.0,164248.0,164248.0,0
20190308T,175218.0,175218.0,175218.0,175218.0,0
20190311T,179489.0,179489.0,179489.0,179489.0,0
20190312T,225249.0,225249.0,225249.0,225249.0,0
20190313T,268776.0,268776.0,268776.0,268776.0,0
20190314T,253626.0,253626.0,253626.0,253626.0,0
20190315T,294469.0,294469.0,294469.0,294469.0,0
20190318T,291565.0,291565.0,291565.0,291565.0,0
20190319T,283540.0,283540.0,283540.0,283540.0,0
20190320T,262170.0,262170.0,262170.0,262170.0,0
20190322T,270859.0,270859.0,270859.0,270859.0,0
20190325T,284144.0,284144.0,284144.0,284144.0,0
20190326T,305525.0,305525.0,305525.0,305525.0,0
20190327T,323930.0,323930.0,323930.0,323930.0,0
20190328T,179800.0,179800.0,179800.0,179800.0,0
20190329T,188884.0,188884.0,188884.0,188884.0,0
20190401T,189857.0,189857.0,189857.0,189857.0,0
20190402T,199332.0,199332.0,199332.0,199332.0,0
20190403T,201202.0,201202.0,201202.0,201202.0,0
20190404T,202359.0,202359.0,202359.0,202359.0,0
20190405T,216208.0,216208.0,216208.0,216208.0,0
20190408T,215795.0,215795.0,215795.0,215795.0,0
20190409T,229863.0,229863.0,229863.0,229863.0,0
20190410T,245974.0,245974.0,245974.0,245974.0,0
20190411T,219106.0,219106.0,219106.0,219106.0,0
20190412T,222134.0,222134.0,222134.0,222134.0,0
20190415T,230022.0,230022.0,230022.0,230022.0,0
20190416T,237248.0,237248.0,237248.0,237248.0,0
20190418T,228489.0,228489.0,228489.0,228489.0,0
20190422T,222683.0,222683.0,222683.0,222683.0,0
20190423T,231980.0,231980.0,231980.0,231980.0,0
20190424T,238940.0,238940.0,238940.0,238940.0,0
20190425T,102326.0,102326.0,102326.0,102326.0,0
20190426T,116199.0,116199.0,116199.0,116199.0,0
20190430T,116938.0,116938.0,116938.0,116938.0,0
20190502T,117469.0,117469.0,117469.0,117469.0,0
20190503T,134202.0,134202.0,134202.0,134202.0,0
20190506T,135656.0,135656.0,135656.0,135656.0,0
20190507T,136940.0,136940.0,136940.0,136940.0,0
20190508T,142209.0,142209.0,142209.0,142209.0,0
20190509T,140564.0,140564.0,140564.0,140564.0,0
20190510T,141901.0,141901.0,141901.0,141901.0,0
20190513T,144020.0,144020.0,144020.0,144020.0,0
20190514T,149200.0,149200.0,149200.0,149200.0,0
20190515T,156825.0,156825.0,156825.0,156825.0,0
20190516T,161171.0,161171.0,161171.0,161171.0,0
20190517T,177477.0,177477.0,177477.0,177477.0,0
20190520T,173792.0,173792.0,173792.0,173792.0,0
20190521T,176818.0,176818.0,176818.0,176818.0,0
20190522T,195099.0,195099.0,195099.0,195099.0,0
20190523T,176775.0,176775.0,176775.0,176775.0,0
20190524T,169413.0,169413.0,169413.0,169413.0,0
20190527T,168344.0,168344.0,168344.0,168344.0,0
20190528T,180564.0,180564.0,180564.0,180564.0,0
20190529T,180803.0,180803.0,180803.0,180803.0,0
20190530T,113579.0,113579.0,113579.0,113579.0,0
20190531T,119957.0,119957.0,119957.0,119957.0,0
20190603T,126950.0,126950.0,126950.0,126950.0,0
20190604T,121314.0,121314.0,121314.0,121314.0,0
20190606T,112204.0,112204.0,112204.0,112204.0,0
20190607T,115493.0,115493.0,115493.0,115493.0,0
20190610T,120114.0,120114.0,120114.0,120114.0,0
20190611T,131261.0,131261.0,131261.0,131261.0,0
20190612T,123691.0,123691.0,123691.0,123691.0,0
20190613T,113409.0,113409.0,113409.0,113409.0,0
20190614T,113998.0,113998.0,113998.0,113998.0,0
20190617T,111725.0,111725.0,111725.0,111725.0,0
20190618T,117924.0,117924.0,117924.0,117924.0,0
20190619T,122425.0,122425.0,122425.0,122425.0,0
20190620T,118585.0,118585.0,118585.0,118585.0,0
20190621T,131423.0,131423.0,131423.0,131423.0,0
20190624T,137216.0,137216.0,137216.0,137216.0,0
20190625T,136699.0,136699.0,136699.0,136699.0,0
20190626T,133964.0,133964.0,133964.0,133964.0,0
20190627T,54052.0,54052.0,54052.0,54052.0,0
20190628T,59744.0,59744.0,59744.0,59744.0,0
20190701T,60687.0,60687.0,60687.0,60687.0,0
20190702T,66310.0,66310.0,66310.0,66310.0,0
20190703T,70899.0,70899.0,70899.0,70899.0,0
20190704T,78559.0,78559.0,78559.0,78559.0,0
20190705T,92329.0,92329.0,92329.0,92329.0,0
20190708T,85987.0,85987.0,85987.0,85987.0,0
20190709T,83980.0,83980.0,83980.0,83980.0,0
20190710T,80858.0,80858.0,80858.0,80858.0,0
20190711T,70397.0,70397.0,70397.0,70397.0,0
20190712T,77231.0,77231.0,77231.0,77231.0,0
20190715T,83166.0,83166.0,83166.0,83166.0,0
20190716T,82468.0,82468.0,82468.0,82468.0,0
20190717T,84547.0,84547.0,84547.0,84547.0,0
20190718T,73199.0,73199.0,73199.0,73199.0,0
20190719T,82575.0,82575.0,82575.0,82575.0,0
20190722T,84316.0,84316.0,84316.0,84316.0,0
20190723T,91894.0,91894.0,91894.0,91894.0,0
20190724T,94222.0,94222.0,94222.0,94222.0,0
20190725T,67225.0,67225.0,67225.0,67225.0,0
20190726T,76592.0,76592.0,76592.0,76592.0,0
20190729T,81008.0,81008.0,81008.0,81008.0,0
20190730T,84349.0,84349.0,84349.0,84349.0,0
20190731T,81764.0,81764.0,81764.0,81764.0,0
20190801T,88247.0,88247.0,88247.0,88247.0,0
20190802T,93329.0,93329.0,93329.0,93329.0,0
20190805T,95839.0,95839.0,95839.0,95839.0,0
20190806T,100489.0,100489.0,100489.0,100489.0,0
20190807T,92801.0,92801.0,92801.0,92801.0,0
20190808T,95956.0,95956.0,95956.0,95956.0,0
20190809T,103427.0,103427.0,103427.0,103427.0,0
20190813T,99918.0,99918.0,99918.0,99918.0,0
20190814T,95984.0,95984.0,95984.0,95984.0,0
20190816T,105749.0,105749.0,105749.0,105749.0,0
20190819T,112155.0,112155.0,112155.0,112155.0,0
20190820T,111927.0,111927.0,111927.0,111927.0,0
20190821T,117844.0,117844.0,117844.0,117844.0,0
20190822T,84782.0,84782.0,84782.0,84782.0,0
20190823T,98939.0,98939.0,98939.0,98939.0,0
20190826T,124027.0,124027.0,124027.0,124027.0,0
20190827T,151788.0,151788.0,151788.0,151788.0,0
20190828T,166466.0,166466.0,166466.0,166466.0,0
20190829T,169914.0,169914.0,169914.0,169914.0,0
20190830T,121044.0,121044.0,121044.0,121044.0,0
20190903T,108871.0,108871.0,108871.0,108871.0,0
20190904T,126864.0,126864.0,126864.0,126864.0,0
20190905T,108129.0,108129.0,108129.0,108129.0,0
20190906T,114518.0,114518.0,114518.0,114518.0,0
20190909T,118810.0,118810.0,118810.0,118810.0,0
20190911T,122006.0,122006.0,122006.0,122006.0,0
20190912T,112569.0,112569.0,112569.0,112569.0,0
20190913T,122832.0,122832.0,122832.0,122832.0,0
20190916T,124672.0,124672.0,124672.0,124672.0,0
20190917T,137272.0,137272.0,137272.0,137272.0,0
20190918T,138039.0,138039.0,138039.0,138039.0,0
20190919T,104498.0,104498.0,104498.0,104498.0,0
20190920T,145442.0,145442.0,145442.0,145442.0,0
20190923T,162704.0,162704.0,162704.0,162704.0,0
20190924T,160601.0,160601.0,160601.0,160601.0,0
20190925T,172880.0,172880.0,172880.0,172880.0,0
20190926T,62379.0,62379.0,62379.0,62379.0,0
20190927T,70024.0,70024.0,70024.0,70024.0,0
20190930T,80168.0,80168.0,80168.0,80168.0,0
20191001T,88411.0,88411.0,88411.0,88411.0,0
20191003T,77542.0,77542.0,77542.0,77542.0,0
20191004T,95397.0,95397.0,95397.0,95397.0,0
20191007T,99635.0,99635.0,99635.0,99635.0,0
20191009T,118563.0,118563.0,118563.0,118563.0,0
20191010T,86323.0,86323.0,86323.0,86323.0,0
20191011T,103732.0,103732.0,103732.0,103732.0,0
20191014T,110060.0,110060.0,110060.0,110060.0,0
20191015T,120146.0,120146.0,120146.0,120146.0,0
20191016T,123986.0,123986.0,123986.0,123986.0,0
20191017T,102096.0,102096.0,102096.0,102096.0,0
20191018T,128498.0,128498.0,128498.0,128498.0,0
20191022T,126690.0,126690.0,126690.0,126690.0,0
20191023T,125906.0,125906.0,125906.0,125906.0,0
20191024T,89908.0,89908.0,89908.0,89908.0,0
20191025T,104880.0,104880.0,104880.0,104880.0,0
20191029T,123803.0,123803.0,123803.0,123803.0,0
20191030T,165869.0,165869.0,165869.0,165869.0,0
20191031T,86178.0,86178.0,86178.0,86178.0,0
20191101T,109264.0,109264.0,109264.0,109264.0,0
20191104T,120051.0,120051.0,120051.0,120051.0,0
20191105T,128989.0,128989.0,128989.0,128989.0,0
20191106T,138647.0,138647.0,138647.0,138647.0,0
20191107T,109640.0,109640.0,109640.0,109640.0,0
20191108T,119522.0,119522.0,119522.0,119522.0,0
20191111T,127735.0,127735.0,127735.0,127735.0,0
20191113T,118255.0,118255.0,118255.0,118255.0,0
20191114T,105089.0,105089.0,105089.0,105089.0,0
20191115T,123621.0,123621.0,123621.0,123621.0,0
20191118T,120201.0,120201.0,120201.0,120201.0,0
20191119T,126561.0,126561.0,126561.0,126561.0,0
20191120T,140052.0,140052.0,140052.0,140052.0,0
20191121T,114401.0,114401.0,114401.0,114401.0,0
20191122T,122283.0,122283.0,122283.0,122283.0,0
20191125T,137665.0,137665.0,137665.0,137665.0,0
20191126T,147900.0,147900.0,147900.0,147900.0,0
20191127T,151106.0,151106.0,151106.0,151106.0,0
20191128T,72616.0,72616.0,72616.0,72616.0,0
20191129T,86017.0,86017.0,86017.0,86017.0,0
20191202T,94021.0,94021.0,94021.0,94021.0,0
20191203T,92591.0,92591.0,92591.0,92591.0,0
20191204T,98265.0,98265.0,98265.0,98265.0,0
20191205T,87464.0,87464.0,87464.0,87464.0,0
20191206T,95663.0,95663.0,95663.0,95663.0,0
20191209T,92795.0,92795.0,92795.0,92795.0,0
20191210T,93443.0,93443.0,93443.0,93443.0,0
20191211T,90983.0,90983.0,90983.0,90983.0,0
20191212T,92463.0,92463.0,92463.0,92463.0,0
20191213T,106805.0,106805.0,106805.0,106805.0,0
20191216T,93591.0,93591.0,93591.0,93591.0,0
20191217T,106117.0,106117.0,106117.0,106117.0,0
20191218T,110353.0,110353.0,110353.0,110353.0,0
20191219T,93738.0,93738.0,93738.0,93738.0,0
20191220T,109475.0,109475.0,109475.0,109475.0,0
20191223T,114024.0,114024.0,114024.0,114024.0,0
20191224T,113382.0,113382.0,113382.0,113382.0,0
20191226T,62686.0,62686.0,62686.0,62686.0,0
20191227T,89167.0,89167.0,89167.0,89167.0,0
20191230T,88090.0,88090.0,88090.0,88090.0,0
20191231T,80985.0,80985.0,80985.0,80985.0,0
20200101T,79978.0,79978.0,79978.0,79978.0,0
20200102T,81411.0,81411.0,81411.0,81411.0,0
20200103T,95257.0,95257.0,95257.0,95257.0,0
20200106T,96768.0,96768.0,96768.0,96768.0,0
20200107T,127003.0,127003.0,127003.0,127003.0,0
20200108T,144203.0,144203.0,144203.0,144203.0,0
20200109T,110857.0,110857.0,110857.0,110857.0,0
20200110T,122745.0,122745.0,122745.0,122745.0,0
20200113T,131378.0,131378.0,131378.0,131378.0,0
20200114T,137386.0,137386.0,137386.0,137386.0,0
20200115T,131645.0,131645.0,131645.0,131645.0,0
20200116T,104704.0,104704.0,104704.0,104704.0,0
20200117T,111956.0,111956.0,111956.0,111956.0,0
20200120T,116447.0,116447.0,116447.0,116447.0,0
20200121T,125102.0,125102.0,125102.0,125102.0,0
20200122T,123649.0,123649.0,123649.0,123649.0,0
20200123T,111580.0,111580.0,111580.0,111580.0,0
20200124T,126913.0,126913.0,126913.0,126913.0,0
20200127T,134012.0,134012.0,134012.0,134012.0,0
20200128T,132563.0,132563.0,132563.0,132563.0,0
20200129T,143948.0,143948.0,143948.0,143948.0,0
20200130T,78418.0,78418.0,78418.0,78418.0,0
20200131T,92108.0,92108.0,92108.0,92108.0,0
20200203T,105645.0,105645.0,105645.0,105645.0,0
20200204T,119055.0,119055.0,119055.0,119055.0,0
20200205T,129038.0,129038.0,129038.0,129038.0,0
20200206T,102719.0,102719.0,102719.0,102719.0,0
20200207T,120231.0,120231.0,120231.0,120231.0,0
20200210T,124592.0,124592.0,124592.0,124592.0,0
20200211T,121081.0,121081.0,121081.0,121081.0,0
20200212T,130749.0,130749.0,130749.0,130749.0,0
20200213T,105889.0,105889.0,105889.0,105889.0,0
20200214T,110997.0,110997.0,110997.0,110997.0,0
20200217T,108868.0,108868.0,108868.0,108868.0,0
20200218T,106430.0,106430.0,106430.0,106430.0,0
20200219T,109270.0,109270.0,109270.0,109270.0,0
20200220T,104249.0,104249.0,104249.0,104249.0,0
20200224T,120113.0,120113.0,120113.0,120113.0,0
20200225T,118675.0,118675.0,118675.0,118675.0,0
20200226T,123858.0,123858.0,123858.0,123858.0,0
20200227T,75141.0,75141.0,75141.0,75141.0,0
20200228T,94024.0,94024.0,94024.0,94024.0,0
20200302T,115873.0,115873.0,115873.0,115873.0,0
20200303T,131430.0,131430.0,131430.0,131430.0,0
20200304T,136173.0,136173.0,136173.0,136173.0,0
20200305T,116581.0,116581.0,116581.0,116581.0,0
20200306T,134131.0,134131.0,134131.0,134131.0,0
20200309T,150563.0,150563.0,150563.0,150563.0,0
20200311T,170454.0,170454.0,170454.0,170454.0,0
20200312T,173320.0,173320.0,173320.0,173320.0,0
20200313T,170654.0,170654.0,170654.0,170654.0,0
20200316T,171748.0,171748.0,171748.0,171748.0,0
20200317T,190975.0,190975.0,190975.0,190975.0,0
20200318T,194568.0,194568.0,194568.0,194568.0,0
20200319T,179027.0,179027.0,179027.0,179027.0,0
20200320T,196797.0,196797.0,196797.0,196797.0,0
20200323T,181789.0,181789.0,181789.0,181789.0,0
20200324T,190485.0,190485.0,190485.0,190485.0,0
20200325T,208220.0,208220.0,208220.0,208220.0,0
20200326T,85338.0,85338.0,85338.0,85338.0,0
20200327T,96136.0,96136.0,96136.0,96136.0,0
20200330T,98475.0,98475.0,98475.0,98475.0,0
20200331T,99086.0,99086.0,99086.0,99086.0,0
20200401T,84827.0,84827.0,84827.0,84827.0,0
20200403T,94030.0,94030.0,94030.0,94030.0,0
20200407T,114333.0,114333.0,114333.0,114333.0,0
20200408T,121823.0,121823.0,121823.0,121823.0,0
20200409T,98780.0,98780.0,98780.0,98780.0,0
20200413T,104246.0,104246.0,104246.0,104246.0,0
20200415T,114747.0,114747.0,114747.0,114747.0,0
20200416T,91578.0,91578.0,91578.0,91578.0,0
20200417T,108787.0,108787.0,108787.0,108787.0,0
20200420T,107992.0,107992.0,107992.0,107992.0,0
20200421T,112860.0,112860.0,112860.0,112860.0,0
20200422T,120759.0,120759.0,120759.0,120759.0,0
20200423T,101881.0,101881.0,101881.0,101881.0,0
20200424T,108041.0,108041.0,108041.0,108041.0,0
20200427T,117317.0,117317.0,117317.0,117317.0,0
20200428T,131359.0,131359.0,131359.0,131359.0,0
20200429T,137783.0,137783.0,137783.0,137783.0,0
20200430T,92848.0,92848.0,92848.0,92848.0,0
20200504T,93922.0,93922.0,93922.0,93922.0,0
20200505T,102425.0,102425.0,102425.0,102425.0,0
20200506T,112097.0,112097.0,112097.0,112097.0,0
20200507T,89219.0,89219.0,89219.0,89219.0,0
20200508T,98384.0,98384.0,98384.0,98384.0,0
20200511T,104473.0,104473.0,104473.0,104473.0,0
20200512T,111058.0,111058.0,111058.0,111058.0,0
20200513T,114639.0,114639.0,114639.0,114639.0,0
20200514T,97139.0,97139.0,97139.0,97139.0,0
20200515T,101400.0,101400.0,101400.0,101400.0,0
20200518T,113640.0,113640.0,113640.0,113640.0,0
20200519T,118165.0,118165.0,118165.0,118165.0,0
20200520T,119096.0,119096.0,119096.0,119096.0,0
20200521T,107716.0,107716.0,107716.0,107716.0,0
20200522T,121343.0,121343.0,121343.0,121343.0,0
20200526T,126337.0,126337.0,126337.0,126337.0,0
20200527T,148247.0,148247.0,148247.0,148247.0,0
20200528T,89255.0,89255.0,89255.0,89255.0,0
20200529T,111673.0,111673.0,111673.0,111673.0,0
20200601T,120861.0,120861.0,120861.0,120861.0,0
20200602T,127992.0,127992.0,127992.0,127992.0,0
20200603T,154182.0,154182.0,154182.0,154182.0,0
20200604T,116680.0,116680.0,116680.0,116680.0,0
20200605T,136061.0,136061.0,136061.0,136061.0,0
20200608T,158822.0,158822.0,158822.0,158822.0,0
20200609T,165912.0,165912.0,165912.0,165912.0,0
20200610T,180112.0,180112.0,180112.0,180112.0,0
20200611T,145319.0,145319.0,145319.0,145319.0,0
20200612T,170857.0,170857.0,170857.0,170857.0,0
20200615T,177337.0,177337.0,177337.0,177337.0,0
20200616T,180889.0,180889.0,180889.0,180889.0,0
20200617T,190471.0,190471.0,190471.0,190471.0,0
20200618T,173514.0,173514.0,173514.0,173514.0,0
20200619T,185418.0,185418.0,185418.0,185418.0,0
20200622T,195258.0,195258.0,195258.0,195258.0,0
20200623T,208696.0,208696.0,208696.0,208696.0,0
20200624T,216477.0,216477.0,216477.0,216477.0,0
20200625T,85224.0,85224.0,85224.0,85224.0,0
20200626T,110168.0,110168.0,110168.0,110168.0,0
20200629T,120046.0,120046.0,120046.0,120046.0,0
20200630T,126098.0,126098.0,126098.0,126098.0,0
20200701T,139369.0,139369.0,139369.0,139369.0,0
20200702T,119920.0,119920.0,119920.0,119920.0,0
20200703T,130171.0,130171.0,130171.0,130171.0,0
20200706T,155738.0,155738.0,155738.0,155738.0,0
20200707T,168648.0,168648.0,168648.0,168648.0,0
20200708T,182888.0,182888.0,182888.0,182888.0,0
20200709T,147852.0,147852.0,147852.0,147852.0,0
20200710T,163897.0,163897.0,163897.0,163897.0,0
20200713T,164970.0,164970.0,164970.0,164970.0,0
20200714T,166032.0,166032.0,166032.0,166032.0,0
20200715T,179243.0,179243.0,179243.0,179243.0,0
20200716T,141626.0,141626.0,141626.0,141626.0,0
20200717T,168686.0,168686.0,168686.0,168686.0,0
20200720T,172150.0,172150.0,172150.0,172150.0,0
20200721T,194590.0,194590.0,194590.0,194590.0,0
20200722T,202945.0,202945.0,202945.0,202945.0,0
20200723T,163876.0,163876.0,163876.0,163876.0,0
20200724T,179809.0,179809.0,179809.0,179809.0,0
20200727T,182903.0,182903.0,182903.0,182903.0,0
20200728T,199262.0,199262.0,199262.0,199262.0,0
20200729T,187746.0,187746.0,187746.0,187746.0,0
20200730T,116355.0,116355.0,116355.0,116355.0,0
20200803T,131667.0,131667.0,131667.0,131667.0,0
20200804T,137347.0,137347.0,137347.0,137347.0,0
20200805T,150074.0,150074.0,150074.0,150074.0,0
20200806T,115508.0,115508.0,115508.0,115508.0,0
20200807T,142121.0,142121.0,142121.0,142121.0,0
20200810T,140376.0,140376.0,140376.0,140376.0,0
20200811T,144941.0,144941.0,144941.0,144941.0,0
20200812T,147193.0,147193.0,147193.0,147193.0,0
20200813T,120975.0,120975.0,120975.0,120975.0,0
20200814T,139734.0,139734.0,139734.0,139734.0,0
20200817T,159615.0,159615.0,159615.0,159615.0,0
20200818T,157146.0,157146.0,157146.0,157146.0,0
20200819T,158765.0,158765.0,158765.0,158765.0,0
20200820T,125369.0,125369.0,125369.0,125369.0,0
20200821T,149027.0,149027.0,149027.0,149027.0,0
20200824T,165133.0,165133.0,165133.0,165133.0,0
20200825T,173296.0,173296.0,173296.0,173296.0,0
20200826T,196233.0,196233.0,196233.0,196233.0,0
20200827T,117662.0,117662.0,117662.0,117662.0,0
20200828T,152958.0,152958.0,152958.0,152958.0,0
20200831T,155722.0,155722.0,155722.0,155722.0,0
20200901T,168388.0,168388.0,168388.0,168388.0,0
20200902T,171885.0,171885.0,171885.0,171885.0,0
20200903T,137176.0,137176.0,137176.0,137176.0,0
20200904T,157728.0,157728.0,157728.0,157728.0,0
20200907T,177988.0,177988.0,177988.0,177988.0,0
20200908T,177055.0,177055.0,177055.0,177055.0,0
20200909T,181176.0,181176.0,181176.0,181176.0,0
20200910T,155139.0,155139.0,155139.0,155139.0,0
20200911T,186913.0,186913.0,186913.0,186913.0,0
20200914T,192571.0,192571.0,192571.0,192571.0,0
20200915T,190860.0,190860.0,190860.0,190860.0,0
20200916T,192398.0,192398.0,192398.0,192398.0,0
20200917T,153158.0,153158.0,153158.0,153158.0,0
20200918T,161694.0,161694.0,161694.0,161694.0,0
20200921T,167084.0,167084.0,167084.0,167084.0,0
20200922T,175239.0,175239.0,175239.0,175239.0,0
20200923T,183170.0,183170.0,183170.0,183170.0,0
20200924T,114368.0,114368.0,114368.0,114368.0,0
20200925T,153941.0,153941.0,153941.0,153941.0,0
20200928T,157659.0,157659.0,157659.0,157659.0,0
20200929T,162193.0,162193.0,162193.0,162193.0,0
20200930T,189811.0,189811.0,189811.0,189811.0,0
20201001T,146016.0,146016.0,146016.0,146016.0,0
20201005T,162963.0,162963.0,162963.0,162963.0,0
20201006T,174247.0,174247.0,174247.0,174247.0,0
20201007T,194668.0,194668.0,194668.0,194668.0,0
20201008T,179559.0,179559.0,179559.0,179559.0,0
20201009T,209872.0,209872.0,209872.0,209872.0,0
20201012T,226420.0,226420.0,226420.0,226420.0,0
20201013T,223932.0,223932.0,223932.0,223932.0,0
20201014T,219438.0,219438.0,219438.0,219438.0,0
20201015T,186198.0,186198.0,186198.0,186198.0,0
20201016T,197776.0,197776.0,197776.0,197776.0,0
20201019T,207236.0,207236.0,207236.0,207236.0,0
20201020T,222418.0,222418.0,222418.0,222418.0,0
20201021T,238060.0,238060.0,238060.0,238060.0,0
20201022T,175304.0,175304.0,175304.0,175304.0,0
20201023T,185987.0,185987.0,185987.0,185987.0,0
20201026T,201342.0,201342.0,201342.0,201342.0,0
20201027T,245890.0,245890.0,245890.0,245890.0,0
20201028T,266264.0,266264.0,266264.0,266264.0,0
20201029T,120232.0,120232.0,120232.0,120232.0,0
20201030T,152975.0,152975.0,152975.0,152975.0,0
20201102T,175185.0,175185.0,175185.0,175185.0,0
20201103T,204992.0,204992.0,204992.0,204992.0,0
20201104T,206648.0,206648.0,206648.0,206648.0,0
20201105T,157765.0,157765.0,157765.0,157765.0,0
20201106T,212794.0,212794.0,212794.0,212794.0,0
20201109T,236200.0,236200.0,236200.0,236200.0,0
20201110T,260211.0,260211.0,260211.0,260211.0,0
20201111T,275486.0,275486.0,275486.0,275486.0,0
20201112T,206720.0,206720.0,206720.0,206720.0,0
20201113T,229753.0,229753.0,229753.0,229753.0,0
20201117T,242475.0,242475.0,242475.0,242475.0,0
20201118T,257424.0,257424.0,257424.0,257424.0,0
20201119T,202889.0,202889.0,202889.0,202889.0,0
20201120T,236231.0,236231.0,236231.0,236231.0,0
20201123T,245525.0,245525.0,245525.0,245525.0,0
20201124T,276949.0,276949.0,276949.0,276949.0,0
20201125T,282992.0,282992.0,282992.0,282992.0,0
20201126T,148737.0,148737.0,148737.0,148737.0,0
20201127T,169615.0,169615.0,169615.0,169615.0,0
20201201T,184644.0,184644.0,184644.0,184644.0,0
20201202T,186244.0,186244.0,186244.0,186244.0,0
20201203T,160068.0,160068.0,160068.0,160068.0,0
20201204T,183690.0,183690.0,183690.0,183690.0,0
20201207T,198447.0,198447.0,198447.0,198447.0,0
20201208T,190629.0,190629.0,190629.0,190629.0,0
20201209T,210154.0,210154.0,210154.0,210154.0,0
20201210T,167720.0,167720.0,167720.0,167720.0,0
20201211T,192556.0,192556.0,192556.0,192556.0,0
20201214T,192438.0,192438.0,192438.0,192438.0,0
20201215T,204337.0,204337.0,204337.0,204337.0,0
20201216T,226099.0,226099.0,226099.0,226099.0,0
20201217T,198831.0,198831.0,198831.0,198831.0,0
20201218T,211724.0,211724.0,211724.0,211724.0,0
20201221T,224431.0,224431.0,224431.0,224431.0,0
20201222T,225830.0,225830.0,225830.0,225830.0,0
20201223T,226602.0,226602.0,226602.0,226602.0,0
20201224T,189357.0,189357.0,189357.0,189357.0,0
20201228T,205185.0,205185.0,205185.0,205185.0,0
20201229T,228840.0,228840.0,228840.0,228840.0,0
20201230T,242183.0,242183.0,242183.0,242183.0,0
20201231T,111350.0,111350.0,111350.0,111350.0,0
20210101T,128670.0,128670.0,128670.0,128670.0,0
20210104T,141274.0,141274.0,141274.0,141274.0,0
20210105T,175295.0,175295.0,175295.0,175295.0,0
20210106T,154177.0,154177.0,154177.0,154177.0,0
20210107T,129708.0,129708.0,129708.0,129708.0,0
20210108T,175123.0,175123.0,175123.0,175123.0,0
20210111T,185941.0,185941.0,185941.0,185941.0,0
20210112T,196679.0,196679.0,196679.0,196679.0,0
20210113T,210057.0,210057.0,210057.0,210057.0,0
20210114T,161921.0,161921.0,161921.0,161921.0,0
20210115T,178571.0,178571.0,178571.0,178571.0,0
20210118T,185359.0,185359.0,185359.0,185359.0,0
20210119T,194533.0,194533.0,194533.0,194533.0,0
20210120T,192182.0,192182.0,192182.0,192182.0,0
20210121T,163559.0,163559.0,163559.0,163559.0,0
20210122T,175216.0,175216.0,175216.0,175216.0,0
20210125T,190157.0,190157.0,190157.0,190157.0,0
20210127T,182536.0,182536.0,182536.0,182536.0,0
20210128T,94724.0,94724.0,94724.0,94724.0,0
20210129T,126460.0,126460.0,126460.0,126460.0,0
20210201T,213283.0,213283.0,213283.0,213283.0,0
20210202T,234355.0,234355.0,234355.0,234355.0,0
20210203T,243687.0,243687.0,243687.0,243687.0,0
20210204T,159874.0,159874.0,159874.0,159874.0,0
20210205T,196083.0,196083.0,196083.0,196083.0,0
20210208T,228746.0,228746.0,228746.0,228746.0,0
20210209T,242248.0,242248.0,242248.0,242248.0,0
20210210T,249764.0,249764.0,249764.0,249764.0,0
20210211T,192822.0,192822.0,192822.0,192822.0,0
20210212T,216548.0,216548.0,216548.0,216548.0,0
20210215T,243777.0,243777.0,243777.0,243777.0,0
20210216T,251183.0,251183.0,251183.0,251183.0,0
20210217T,248916.0,248916.0,248916.0,248916.0,0
20210218T,188638.0,188638.0,188638.0,188638.0,0
20210219T,218413.0,218413.0,218413.0,218413.0,0
20210222T,229090.0,229090.0,229090.0,229090.0,0
20210223T,244207.0,244207.0,244207.0,244207.0,0
20210224T,271985.0,271985.0,271985.0,271985.0,0
20210225T,105203.0,105203.0,105203.0,105203.0,0
20210226T,134394.0,134394.0,134394.0,134394.0,0
20210301T,157139.0,157139.0,157139.0,157139.0,0
20210302T,182004.0,182004.0,182004.0,182004.0,0
20210303T,233157.0,233157.0,233157.0,233157.0,0
20210304T,144952.0,144952.0,144952.0,144952.0,0
20210305T,165045.0,165045.0,165045.0,165045.0,0
20210308T,185548.0,185548.0,185548.0,185548.0,0
20210309T,189728.0,189728.0,189728.0,189728.0,0
20210310T,155441.0,155441.0,155441.0,155441.0,0
20210312T,184890.0,184890.0,184890.0,184890.0,0
20210315T,181260.0,181260.0,181260.0,181260.0,0
20210316T,189986.0,189986.0,189986.0,189986.0,0
20210317T,180485.0,180485.0,180485.0,180485.0,0
20210318T,141300.0,141300.0,141300.0,141300.0,0
20210319T,187643.0,187643.0,187643.0,187643.0,0
20210322T,200402.0,200402.0,200402.0,200402.0,0
20210323T,220225.0,220225.0,220225.0,220225.0,0
20210324T,211495.0,211495.0,211495.0,211495.0,0
20210325T,110103.0,110103.0,110103.0,110103.0,0
20210326T,150734.0,150734.0,150734.0,150734.0,0
20210330T,173869.0,173869.0,173869.0,173869.0,0
20210331T,181765.0,181765.0,181765.0,181765.0,0
20210401T,119736.0,119736.0,119736.0,119736.0,0
20210405T,146506.0,146506.0,146506.0,146506.0,0
20210406T,171201.0,171201.0,171201.0,171201.0,0
20210407T,193762.0,193762.0,193762.0,193762.0,0
20210408T,130186.0,130186.0,130186.0,130186.0,0
20210409T,148802.0,148802.0,148802.0,148802.0,0
20210412T,152282.0,152282.0,152282.0,152282.0,0
20210413T,212730.0,212730.0,212730.0,212730.0,0
20210415T,162256.0,162256.0,162256.0,162256.0,0
20210416T,198084.0,198084.0,198084.0,198084.0,0
20210419T,237686.0,237686.0,237686.0,237686.0,0
20210420T,232804.0,232804.0,232804.0,232804.0,0
20210422T,173044.0,173044.0,173044.0,173044.0,0
20210423T,192118.0,192118.0,192118.0,192118.0,0
20210426T,225483.0,225483.0,225483.0,225483.0,0
20210427T,245249.0,245249.0,245249.0,245249.0,0
20210428T,288955.0,288955.0,288955.0,288955.0,0
20210429T,125741.0,125741.0,125741.0,125741.0,0
20210430T,147212.0,147212.0,147212.0,147212.0,0
20210503T,185328.0,185328.0,185328.0,185328.0,0
20210504T,183356.0,183356.0,183356.0,183356.0,0
20210505T,208943.0,208943.0,208943.0,208943.0,0
20210506T,140386.0,140386.0,140386.0,140386.0,0
20210507T,174337.0,174337.0,174337.0,174337.0,0
20210510T,200694.0,200694.0,200694.0,200694.0,0
20210511T,232779.0,232779.0,232779.0,232779.0,0
20210512T,148253.0,148253.0,148253.0,148253.0,0
20210514T,191277.0,191277.0,191277.0,191277.0,0
20210517T,258287.0,258287.0,258287.0,258287.0,0
20210518T,284321.0,284321.0,284321.0,284321.0,0
20210519T,283793.0,283793.0,283793.0,283793.0,0
20210520T,172040.0,172040.0,172040.0,172040.0,0
20210521T,210244.0,210244.0,210244.0,210244.0,0
20210524T,208280.0,208280.0,208280.0,208280.0,0
20210525T,222153.0,222153.0,222153.0,222153.0,0
20210526T,250317.0,250317.0,250317.0,250317.0,0
20210527T,113252.0,113252.0,113252.0,113252.0,0
20210528T,163783.0,163783.0,163783.0,163783.0,0
20210531T,190384.0,190384.0,190384.0,190384.0,0
20210601T,188020.0,188020.0,188020.0,188020.0,0
20210602T,188529.0,188529.0,188529.0,188529.0,0
20210603T,143091.0,143091.0,143091.0,143091.0,0
20210604T,169809.0,169809.0,169809.0,169809.0,0
20210607T,190492.0,190492.0,190492.0,190492.0,0
20210608T,190127.0,190127.0,190127.0,190127.0,0
20210609T,191429.0,191429.0,191429.0,191429.0,0
20210610T,132956.0,132956.0,132956.0,132956.0,0
20210611T,163229.0,163229.0,163229.0,163229.0,0
20210614T,174449.0,174449.0,174449.0,174449.0,0
20210615T,179780.0,179780.0,179780.0,179780.0,0
20210616T,190968.0,190968.0,190968.0,190968.0,0
20210617T,122856.0,122856.0,122856.0,122856.0,0
20210618T,163134.0,163134.0,163134.0,163134.0,0
20210621T,175821.0,175821.0,175821.0,175821.0,0
20210622T,180013.0,180013.0,180013.0,180013.0,0
20210623T,200098.0,200098.0,200098.0,200098.0,0
20210624T,113049.0,113049.0,113049.0,113049.0,0
20210625T,153808.0,153808.0,153808.0,153808.0,0
20210628T,172375.0,172375.0,172375.0,172375.0,0
20210629T,183467.0,183467.0,183467.0,183467.0,0
20210630T,178578.0,178578.0,178578.0,178578.0,0
20210701T,127693.0,127693.0,127693.0,127693.0,0
20210702T,154294.0,154294.0,154294.0,154294.0,0
20210705T,176072.0,176072.0,176072.0,176072.0,0
20210706T,192725.0,192725.0,192725.0,192725.0,0
20210707T,240944.0,240944.0,240944.0,240944.0,0
20210708T,153407.0,153407.0,153407.0,153407.0,0
20210709T,179345.0,179345.0,179345.0,179345.0,0
20210712T,193431.0,193431.0,193431.0,193431.0,0
20210713T,236498.0,236498.0,236498.0,236498.0,0
20210714T,256317.0,256317.0,256317.0,256317.0,0
20210715T,172757.0,172757.0,172757.0,172757.0,0
20210716T,213368.0,213368.0,213368.0,213368.0,0
20210719T,227058.0,227058.0,227058.0,227058.0,0
20210720T,209864.0,209864.0,209864.0,209864.0,0
20210722T,156609.0,156609.0,156609.0,156609.0,0
20210723T,206918.0,206918.0,206918.0,206918.0,0
20210726T,244871.0,244871.0,244871.0,244871.0,0
20210727T,245604.0,245604.0,245604.0,245604.0,0
20210728T,227804.0,227804.0,227804.0,227804.0,0
20210729T,127432.0,127432.0,127432.0,127432.0,0
20210730T,181337.0,181337.0,181337.0,181337.0,0
20210802T,228673.0,228673.0,228673.0,228673.0,0
20210803T,321279.0,321279.0,321279.0,321279.0,0
20210804T,375726.0,375726.0,375726.0,375726.0,0
20210805T,237164.0,237164.0,237164.0,237164.0,0
20210806T,244233.0,244233.0,244233.0,244233.0,0
20210809T,247516.0,247516.0,247516.0,247516.0,0
20210810T,290346.0,290346.0,290346.0,290346.0,0
20210811T,286775.0,286775.0,286775.0,286775.0,0
20210812T,224315.0,224315.0,224315.0,224315.0,0
20210813T,348667.0,348667.0,348667.0,348667.0,0
20210816T,371080.0,371080.0,371080.0,371080.0,0
20210817T,397021.0,397021.0,397021.0,397021.0,0
20210818T,235063.0,235063.0,235063.0,235063.0,0
20210820T,272738.0,272738.0,272738.0,272738.0,0
20210823T,266048.0,266048.0,266048.0,266048.0,0
20210824T,333465.0,333465.0,333465.0,333465.0,0
20210825T,343298.0,343298.0,343298.0,343298.0,0
20210826T,198760.0,198760.0,198760.0,198760.0,0
20210827T,249085.0,249085.0,249085.0,249085.0,0
20210830T,326150.0,326150.0,326150.0,326150.0,0
20210831T,378951.0,378951.0,378951.0,378951.0,0
20210901T,336269.0,336269.0,336269.0,336269.0,0
20210902T,235599.0,235599.0,235599.0,235599.0,0
20210903T,292443.0,292443.0,292443.0,292443.0,0
20210906T,308022.0,308022.0,308022.0,308022.0,0
20210907T,304513.0,304513.0,304513.0,304513.0,0
20210908T,324262.0,324262.0,324262.0,324262.0,0
20210909T,239607.0,239607.0,239607.0,239607.0,0
20210913T,275500.0,275500.0,275500.0,275500.0,0
20210914T,281854.0,281854.0,281854.0,281854.0,0
20210915T,320674.0,320674.0,320674.0,320674.0,0
20210916T,254556.0,254556.0,254556.0,254556.0,0
20210917T,311484.0,311484.0,311484.0,311484.0,0
20210920T,301361.0,301361.0,301361.0,301361.0,0
20210921T,338417.0,338417.0,338417.0,338417.0,0
20210922T,349298.0,349298.0,349298.0,349298.0,0
20210923T,273525.0,273525.0,273525.0,273525.0,0
20210924T,313166.0,313166.0,313166.0,313166.0,0
20210927T,341683.0,341683.0,341683.0,341683.0,0
20210928T,373411.0,373411.0,373411.0,373411.0,0
20210929T,404631.0,404631.0,404631.0,404631.0,0
20210930T,191599.0,191599.0,191599.0,191599.0,0
20211001T,233781.0,233781.0,233781.0,233781.0,0
20211004T,249855.0,249855.0,249855.0,249855.0,0
20211005T,255640.0,255640.0,255640.0,255640.0,0
20211006T,274427.0,274427.0,274427.0,274427.0,0
20211007T,208403.0,208403.0,208403.0,208403.0,0
20211008T,260136.0,260136.0,260136.0,260136.0,0
20211011T,319229.0,319229.0,319229.0,319229.0,0
20211012T,319500.0,319500.0,319500.0,319500.0,0
20211013T,359745.0,359745.0,359745.0,359745.0,0
20211014T,284523.0,284523.0,284523.0,284523.0,0
20211018T,339506.0,339506.0,339506.0,339506.0,0
20211019T,344875.0,344875.0,344875.0,344875.0,0
20211020T,332856.0,332856.0,332856.0,332856.0,0
20211021T,245498.0,245498.0,245498.0,245498.0,0
20211022T,299060.0,299060.0,299060.0,299060.0,0
20211025T,318470.0,318470.0,318470.0,318470.0,0
20211026T,348694.0,348694.0,348694.0,348694.0,0
20211027T,356451.0,356451.0,356451.0,356451.0,0
20211028T,173540.0,173540.0,173540.0,173540.0,0
20211029T,215105.0,215105.0,215105.0,215105.0,0
20211101T,260607.0,260607.0,260607.0,260607.0,0
20211102T,264937.0,264937.0,264937.0,264937.0,0
20211103T,175629.0,175629.0,175629.0,175629.0,0
20211108T,245979.0,245979.0,245979.0,245979.0,0
20211109T,219004.0,219004.0,219004.0,219004.0,0
20211110T,248036.0,248036.0,248036.0,248036.0,0
20211111T,180725.0,180725.0,180725.0,180725.0,0
20211112T,249729.0,249729.0,249729.0,249729.0,0
20211115T,248568.0,248568.0,248568.0,248568.0,0
20211116T,246067.0,246067.0,246067.0,246067.0,0
20211117T,269524.0,269524.0,269524.0,269524.0,0
20211118T,163919.0,163919.0,163919.0,163919.0,0
20211122T,222165.0,222165.0,222165.0,222165.0,0
20211123T,284019.0,284019.0,284019.0,284019.0,0
20211124T,298296.0,298296.0,298296.0,298296.0,0
20211125T,183617.0,183617.0,183617.0,183617.0,0
20211126T,208970.0,208970.0,208970.0,208970.0,0
20211129T,252238.0,252238.0,252238.0,252238.0,0
20211130T,295267.0,295267.0,295267.0,295267.0,0
20211201T,388322.0,388322.0,388322.0,388322.0,0
20211202T,268503.0,268503.0,268503.0,268503.0,0
20211203T,272595.0,272595.0,272595.0,272595.0,0
20211206T,275969.0,275969.0,275969.0,275969.0,0
20211207T,329464.0,329464.0,329464.0,329464.0,0
20211208T,376174.0,376174.0,376174.0,376174.0,0
20211209T,242346.0,242346.0,242346.0,242346.0,0
20211210T,275750.0,275750.0,275750.0,275750.0,0
20211213T,292769.0,292769.0,292769.0,292769.0,0
20211214T,322009.0,322009.0,322009.0,322009.0,0
20211215T,318336.0,318336.0,318336.0,318336.0,0
20211216T,234381.0,234381.0,234381.0,234381.0,0
20211217T,349348.0,349348.0,349348.0,349348.0,0
20211220T,392487.0,392487.0,392487.0,392487.0,0
20211221T,354343.0,354343.0,354343.0,354343.0,0
20211222T,377221.0,377221.0,377221.0,377221.0,0
20211223T,225425.0,225425.0,225425.0,225425.0,0
20211224T,257393.0,257393.0,257393.0,257393.0,0
20211227T,330250.0,330250.0,330250.0,330250.0,0
20211228T,331174.0,331174.0,331174.0,331174.0,0
20211229T,314807.0,314807.0,314807.0,314807.0,0
20211230T,140137.0,140137.0,140137.0,140137.0,0
20211231T,197688.0,197688.0,197688.0,197688.0,0
20220103T,230730.0,230730.0,230730.0,230730.0,0
20220104T,252072.0,252072.0,252072.0,252072.0,0
20220105T,301046.0,301046.0,301046.0,301046.0,0
20220106T,196637.0,196637.0,196637.0,196637.0,0
20220107T,232808.0,232808.0,232808.0,232808.0,0
20220110T,273077.0,273077.0,273077.0,273077.0,0
20220111T,273852.0,273852.0,273852.0,273852.0,0
20220112T,304294.0,304294.0,304294.0,304294.0,0
20220113T,246899.0,246899.0,246899.0,246899.0,0
20220114T,294403.0,294403.0,294403.0,294403.0,0
20220117T,280985.0,280985.0,280985.0,280985.0,0
20220118T,306078.0,306078.0,306078.0,306078.0,0
20220119T,330234.0,330234.0,330234.0,330234.0,0
20220120T,224380.0,224380.0,224380.0,224380.0,0
20220121T,277876.0,277876.0,277876.0,277876.0,0
20220124T,293944.0,293944.0,293944.0,293944.0,0
20220125T,319796.0,319796.0,319796.0,319796.0,0
20220127T,121986.0,121986.0,121986.0,121986.0,0
20220128T,158175.0,158175.0,158175.0,158175.0,0
20220131T,207464.0,207464.0,207464.0,207464.0,0
20220201T,243887.0,243887.0,243887.0,243887.0,0
20220202T,272519.0,272519.0,272519.0,272519.0,0
20220203T,172433.0,172433.0,172433.0,172433.0,0
20220204T,245626.0,245626.0,245626.0,245626.0,0
20220207T,264110.0,264110.0,264110.0,264110.0,0
20220208T,278827.0,278827.0,278827.0,278827.0,0
20220209T,310717.0,310717.0,310717.0,310717.0,0
20220210T,217371.0,217371.0,217371.0,217371.0,0
20220211T,269870.0,269870.0,269870.0,269870.0,0
20220214T,287768.0,287768.0,287768.0,287768.0,0
20220215T,321365.0,321365.0,321365.0,321365.0,0
20220216T,331135.0,331135.0,331135.0,331135.0,0
20220217T,219270.0,219270.0,219270.0,219270.0,0
20220218T,292326.0,292326.0,292326.0,292326.0,0
20220221T,326728.0,326728.0,326728.0,326728.0,0
20220222T,346196.0,346196.0,346196.0,346196.0,0
20220223T,341561.0,341561.0,341561.0,341561.0,0
20220224T,163797.0,163797.0,163797.0,163797.0,0
20220225T,267543.0,267543.0,267543.0,267543.0,0
20220228T,292477.0,292477.0,292477.0,292477.0,0
20220302T,312239.0,312239.0,312239.0,312239.0,0
20220303T,193753.0,193753.0,193753.0,193753.0,0
20220304T,233445.0,233445.0,233445.0,233445.0,0
20220307T,255511.0,255511.0,255511.0,255511.0,0
20220308T,293228.0,293228.0,293228.0,293228.0,0
20220309T,304420.0,304420.0,304420.0,304420.0,0
20220310T,238474.0,238474.0,238474.0,238474.0,0
20220311T,274739.0,274739.0,274739.0,274739.0,0
20220314T,319964.0,319964.0,319964.0,319964.0,0
20220315T,338481.0,338481.0,338481.0,338481.0,0
20220316T,380735.0,380735.0,380735.0,380735.0,0
20220317T,314157.0,314157.0,314157.0,314157.0,0
20220321T,338961.0,338961.0,338961.0,338961.0,0
20220322T,326066.0,326066.0,326066.0,326066.0,0
20220323T,323412.0,323412.0,323412.0,323412.0,0
20220324T,250953.0,250953.0,250953.0,250953.0,0
20220325T,277309.0,277309.0,277309.0,277309.0,0
20220328T,317499.0,317499.0,317499.0,317499.0,0
20220329T,329966.0,329966.0,329966.0,329966.0,0
20220330T,369116.0,369116.0,369116.0,369116.0,0
20220331T,113524.0,113524.0,113524.0,113524.0,0
20220401T,179892.0,179892.0,179892.0,179892.0,0
20220404T,276587.0,276587.0,276587.0,276587.0,0
20220405T,269698.0,269698.0,269698.0,269698.0,0
20220406T,289463.0,289463.0,289463.0,289463.0,0
20220407T,181477.0,181477.0,181477.0,181477.0,0
20220408T,218629.0,218629.0,218629.0,218629.0,0
20220411T,226831.0,226831.0,226831.0,226831.0,0
20220412T,229519.0,229519.0,229519.0,229519.0,0
20220413T,201377.0,201377.0,201377.0,201377.0,0
20220418T,237958.0,237958.0,237958.0,237958.0,0
20220419T,260118.0,260118.0,260118.0,260118.0,0
20220420T,299814.0,299814.0,299814.0,299814.0,0
20220421T,224328.0,224328.0,224328.0,224328.0,0
20220422T,249831.0,249831.0,249831.0,249831.0,0
20220425T,327816.0,327816.0,327816.0,327816.0,0
20220426T,318088.0,318088.0,318088.0,318088.0,0
20220427T,326066.0,326066.0,326066.0,326066.0,0
20220428T,156403.0,156403.0,156403.0,156403.0,0
20220429T,206654.0,206654.0,206654.0,206654.0,0
20220502T,234105.0,234105.0,234105.0,234105.0,0
20220504T,224275.0,224275.0,224275.0,224275.0,0
20220505T,169442.0,169442.0,169442.0,169442.0,0
20220506T,232463.0,232463.0,232463.0,232463.0,0
20220509T,263817.0,263817.0,263817.0,263817.0,0
20220510T,287712.0,287712.0,287712.0,287712.0,0
20220511T,319595.0,319595.0,319595.0,319595.0,0
20220512T,294082.0,294082.0,294082.0,294082.0,0
20220513T,283157.0,283157.0,283157.0,283157.0,0
20220516T,278170.0,278170.0,278170.0,278170.0,0
20220517T,358576.0,358576.0,358576.0,358576.0,0
20220518T,377242.0,377242.0,377242.0,377242.0,0
20220519T,258522.0,258522.0,258522.0,258522.0,0
20220520T,329520.0,329520.0,329520.0,329520.0,0
20220523T,327457.0,327457.0,327457.0,327457.0,0
20220524T,386160.0,386160.0,386160.0,386160.0,0
20220525T,365204.0,365204.0,365204.0,365204.0,0
20220526T,124298.0,124298.0,124298.0,124298.0,0
20220527T,231525.0,231525.0,231525.0,231525.0,0
20220530T,235713.0,235713.0,235713.0,235713.0,0
20220531T,248024.0,248024.0,248024.0,248024.0,0
20220601T,266663.0,266663.0,266663.0,266663.0,0
20220602T,174764.0,174764.0,174764.0,174764.0,0
20220603T,193092.0,193092.0,193092.0,193092.0,0
20220606T,205689.0,205689.0,205689.0,205689.0,0
20220607T,231602.0,231602.0,231602.0,231602.0,0
20220608T,231715.0,231715.0,231715.0,231715.0,0
20220609T,177229.0,177229.0,177229.0,177229.0,0
20220610T,202231.0,202231.0,202231.0,202231.0,0
20220613T,252983.0,252983.0,252983.0,252983.0,0
20220614T,253354.0,253354.0,253354.0,253354.0,0
20220615T,282387.0,282387.0,282387.0,282387.0,0
20220616T,245684.0,245684.0,245684.0,245684.0,0
20220617T,306709.0,306709.0,306709.0,306709.0,0
20220620T,356214.0,356214.0,356214.0,356214.0,0
20220621T,358367.0,358367.0,358367.0,358367.0,0
20220622T,392001.0,392001.0,392001.0,392001.0,0
20220623T,246866.0,246866.0,246866.0,246866.0,0
20220624T,268197.0,268197.0,268197.0,268197.0,0
20220627T,296334.0,296334.0,296334.0,296334.0,0
20220628T,319345.0,319345.0,319345.0,319345.0,0
20220629T,360317.0,360317.0,360317.0,360317.0,0
20220630T,161061.0,161061.0,161061.0,161061.0,0
20220701T,230277.0,230277.0,230277.0,230277.0,0
20220704T,252336.0,252336.0,252336.0,252336.0,0
20220705T,282122.0,282122.0,282122.0,282122.0,0
20220706T,362848.0,362848.0,362848.0,362848.0,0
20220707T,220218.0,220218.0,220218.0,220218.0,0
20220708T,236518.0,236518.0,236518.0,236518.0,0
20220711T,282518.0,282518.0,282518.0,282518.0,0
20220712T,244225.0,244225.0,244225.0,244225.0,0
20220713T,242497.0,242497.0,242497.0,242497.0,0
20220714T,181030.0,181030.0,181030.0,181030.0,0
20220715T,240188.0,240188.0,240188.0,240188.0,0
20220718T,293873.0,293873.0,293873.0,293873.0,0
20220719T,350590.0,350590.0,350590.0,350590.0,0
20220720T,345275.0,345275.0,345275.0,345275.0,0
20220721T,205959.0,205959.0,205959.0,205959.0,0
20220722T,292942.0,292942.0,292942.0,292942.0,0
20220725T,277266.0,277266.0,277266.0,277266.0,0
20220726T,277879.0,277879.0,277879.0,277879.0,0
20220727T,379869.0,379869.0,379869.0,379869.0,0
20220728T,177578.0,177578.0,177578.0,177578.0,0
20220729T,264909.0,264909.0,264909.0,264909.0,0
20220801T,320363.0,320363.0,320363.0,320363.0,0
20220802T,306135.0,306135.0,306135.0,306135.0,0
20220803T,309644.0,309644.0,309644.0,309644.0,0
20220804T,195939.0,195939.0,195939.0,195939.0,0
20220805T,255836.0,255836.0,255836.0,255836.0,0
20220808T,324705.0,324705.0,324705.0,324705.0,0
20220810T,301140.0,301140.0,301140.0,301140.0,0
20220811T,220366.0,220366.0,220366.0,220366.0,0
20220812T,273540.0,273540.0,273540.0,273540.0,0
20220816T,311436.0,311436.0,311436.0,311436.0,0
20220817T,338461.0,338461.0,338461.0,338461.0,0
20220818T,237921.0,237921.0,237921.0,237921.0,0
20220819T,261856.0,261856.0,261856.0,261856.0,0
20220822T,282946.0,282946.0,282946.0,282946.0,0
20220823T,303258.0,303258.0,303258.0,303258.0,0
20220824T,352016.0,352016.0,352016.0,352016.0,0
20220825T,181719.0,181719.0,181719.0,181719.0,0
20220826T,249583.0,249583.0,249583.0,249583.0,0
20220829T,313519.0,313519.0,313519.0,313519.0,0
20220830T,351676.0,351676.0,351676.0,351676.0,0
20220901T,152343.0,152343.0,152343.0,152343.0,0
20220902T,217836.0,217836.0,217836.0,217836.0,0
20220905T,272700.0,272700.0,272700.0,272700.0,0
20220906T,254859.0,254859.0,254859.0,254859.0,0
20220907T,276543.0,276543.0,276543.0,276543.0,0
20220908T,192297.0,192297.0,192297.0,192297.0,0
20220909T,232791.0,232791.0,232791.0,232791.0,0
20220912T,257284.0,257284.0,257284.0,257284.0,0
20220913T,298944.0,298944.0,298944.0,298944.0,0
20220914T,283361.0,283361.0,283361.0,283361.0,0
20220915T,182340.0,182340.0,182340.0,182340.0,0
20220916T,257818.0,257818.0,257818.0,257818.0,0
20220919T,291346.0,291346.0,291346.0,291346.0,0
20220920T,305166.0,305166.0,305166.0,305166.0,0
20220921T,289887.0,289887.0,289887.0,289887.0,0
20220922T,178124.0,178124.0,178124.0,178124.0,0
20220923T,228028.0,228028.0,228028.0,228028.0,0
20220926T,249892.0,249892.0,249892.0,249892.0,0
20220927T,266969.0,266969.0,266969.0,266969.0,0
20220928T,305671.0,305671.0,305671.0,305671.0,0
20220929T,135541.0,135541.0,135541.0,135541.0,0
20220930T,236823.0,236823.0,236823.0,236823.0,0
20221003T,233356.0,233356.0,233356.0,233356.0,0
20221004T,294545.0,294545.0,294545.0,294545.0,0
20221006T,164254.0,164254.0,164254.0,164254.0,0
20221007T,209210.0,209210.0,209210.0,209210.0,0
20221010T,282996.0,282996.0,282996.0,282996.0,0
20221011T,270606.0,270606.0,270606.0,270606.0,0
20221012T,332486.0,332486.0,332486.0,332486.0,0
20221013T,219938.0,219938.0,219938.0,219938.0,0
20221014T,230379.0,230379.0,230379.0,230379.0,0
20221017T,368031.0,368031.0,368031.0,368031.0,0
20221018T,349799.0,349799.0,349799.0,349799.0,0
20221019T,380505.0,380505.0,380505.0,380505.0,0
20221020T,222324.0,222324.0,222324.0,222324.0,0
20221021T,311392.0,311392.0,311392.0,311392.0,0
20221025T,282952.0,282952.0,282952.0,282952.0,0
20221027T,139725.0,139725.0,139725.0,139725.0,0
20221028T,187217.0,187217.0,187217.0,187217.0,0
20221031T,235889.0,235889.0,235889.0,235889.0,0
20221101T,317608.0,317608.0,317608.0,317608.0,0
20221102T,290531.0,290531.0,290531.0,290531.0,0
20221103T,199530.0,199530.0,199530.0,199530.0,0
20221104T,306237.0,306237.0,306237.0,306237.0,0
20221107T,300997.0,300997.0,300997.0,300997.0,0
20221109T,308916.0,308916.0,308916.0,308916.0,0
20221110T,229680.0,229680.0,229680.0,229680.0,0
20221111T,346531.0,346531.0,346531.0,346531.0,0
20221114T,318136.0,318136.0,318136.0,318136.0,0
20221115T,382699.0,382699.0,382699.0,382699.0,0
20221116T,416806.0,416806.0,416806.0,416806.0,0
20221117T,236770.0,236770.0,236770.0,236770.0,0
20221118T,318063.0,318063.0,318063.0,318063.0,0
20221121T,336449.0,336449.0,336449.0,336449.0,0
20221122T,423230.0,423230.0,423230.0,423230.0,0
20221123T,423545.0,423545.0,423545.0,423545.0,0
20221124T,293379.0,293379.0,293379.0,293379.0,0
20221125T,330841.0,330841.0,330841.0,330841.0,0
20221128T,409496.0,409496.0,409496.0,409496.0,0
20221129T,399850.0,399850.0,399850.0,399850.0,0
20221130T,518087.0,518087.0,518087.0,518087.0,0
20221201T,282934.0,282934.0,282934.0,282934.0,0
20221202T,295503.0,295503.0,295503.0,295503.0,0
20221205T,354293.0,354293.0,354293.0,354293.0,0
20221206T,347950.0,347950.0,347950.0,347950.0,0
20221207T,348353.0,348353.0,348353.0,348353.0,0
20221208T,283276.0,283276.0,283276.0,283276.0,0
20221209T,351692.0,351692.0,351692.0,351692.0,0
20221212T,430860.0,430860.0,430860.0,430860.0,0
20221213T,495291.0,495291.0,495291.0,495291.0,0
20221214T,450920.0,450920.0,450920.0,450920.0,0
20221215T,253859.0,253859.0,253859.0,253859.0,0
20221216T,346964.0,346964.0,346964.0,346964.0,0
20221219T,433608.0,433608.0,433608.0,433608.0,0
20221220T,410689.0,410689.0,410689.0,410689.0,0
20221221T,393335.0,393335.0,393335.0,393335.0,0
20221222T,248940.0,248940.0,248940.0,248940.0,0
20221223T,322031.0,322031.0,322031.0,322031.0,0
20221226T,449032.0,449032.0,449032.0,449032.0,0
20221227T,471893.0,471893.0,471893.0,471893.0,0
20221228T,483751.0,483751.0,483751.0,483751.0,0
20221229T,227219.0,227219.0,227219.0,227219.0,0
20221230T,290366.0,290366.0,290366.0,290366.0,0
20230102T,360530.0,360530.0,360530.0,360530.0,0
20230103T,388923.0,388923.0,388923.0,388923.0,0
20230104T,376930.0,376930.0,376930.0,376930.0,0
20230105T,232164.0,232164.0,232164.0,232164.0,0
20230106T,305621.0,305621.0,305621.0,305621.0,0
20230109T,369103.0,369103.0,369103.0,369103.0,0
20230110T,359308.0,359308.0,359308.0,359308.0,0
20230111T,409926.0,409926.0,409926.0,409926.0,0
20230112T,233290.0,233290.0,233290.0,233290.0,0
20230113T,391109.0,391109.0,391109.0,391109.0,0
20230116T,399196.0,399196.0,399196.0,399196.0,0
20230117T,443131.0,443131.0,443131.0,443131.0,0
20230118T,567488.0,567488.0,567488.0,567488.0,0
20230119T,235452.0,235452.0,235452.0,235452.0,0
20230120T,350544.0,350544.0,350544.0,350544.0,0
20230123T,420223.0,420223.0,420223.0,420223.0,0
20230124T,364649.0,364649.0,364649.0,364649.0,0
20230125T,160817.0,160817.0,160817.0,160817.0,0
20230127T,295559.0,295559.0,295559.0,295559.0,0
20230130T,318055.0,318055.0,318055.0,318055.0,0
20230131T,330487.0,330487.0,330487.0,330487.0,0
20230201T,361002.0,361002.0,361002.0,361002.0,0
20230202T,206166.0,206166.0,206166.0,206166.0,0
20230203T,380712.0,380712.0,380712.0,380712.0,0
20230206T,406384.0,406384.0,406384.0,406384.0,0
20230207T,399511.0,399511.0,399511.0,399511.0,0
20230208T,504543.0,504543.0,504543.0,504543.0,0
20230209T,240734.0,240734.0,240734.0,240734.0,0
20230210T,358931.0,358931.0,358931.0,358931.0,0
20230213T,385924.0,385924.0,385924.0,385924.0,0
20230214T,464672.0,464672.0,464672.0,464672.0,0
20230215T,506113.0,506113.0,506113.0,506113.0,0
20230216T,267954.0,267954.0,267954.0,267954.0,0
20230217T,359429.0,359429.0,359429.0,359429.0,0
20230220T,418185.0,418185.0,418185.0,418185.0,0
20230221T,416341.0,416341.0,416341.0,416341.0,0
20230222T,482576.0,482576.0,482576.0,482576.0,0
20230223T,245820.0,245820.0,245820.0,245820.0,0
20230224T,331227.0,331227.0,331227.0,331227.0,0
20230227T,423800.0,423800.0,423800.0,423800.0,0
20230228T,408283.0,408283.0,408283.0,408283.0,0
20230301T,500573.0,500573.0,500573.0,500573.0,0
20230302T,246144.0,246144.0,246144.0,246144.0,0
20230303T,503050.0,503050.0,503050.0,503050.0,0
20230306T,471537.0,471537.0,471537.0,471537.0,0
20230308T,628940.0,628940.0,628940.0,628940.0,0
20230309T,280682.0,280682.0,280682.0,280682.0,0
20230310T,381290.0,381290.0,381290.0,381290.0,0
20230313T,427016.0,427016.0,427016.0,427016.0,0
20230314T,432942.0,432942.0,432942.0,432942.0,0
20230315T,477527.0,477527.0,477527.0,477527.0,0
20230316T,312686.0,312686.0,312686.0,312686.0,0
20230317T,428575.0,428575.0,428575.0,428575.0,0
20230320T,454142.0,454142.0,454142.0,454142.0,0
20230321T,536637.0,536637.0,536637.0,536637.0,0
20230322T,555142.0,555142.0,555142.0,555142.0,0
20230323T,338620.0,338620.0,338620.0,338620.0,0
20230324T,381338.0,381338.0,381338.0,381338.0,0
20230327T,495659.0,495659.0,495659.0,495659.0,0
20230328T,533401.0,533401.0,533401.0,533401.0,0
20230329T,212143.0,212143.0,212143.0,212143.0,0
20230331T,491561.0,491561.0,491561.0,491561.0,0
20230403T,482449.0,482449.0,482449.0,482449.0,0
20230405T,680496.0,680496.0,680496.0,680496.0,0
20230406T,246389.0,246389.0,246389.0,246389.0,0
20230410T,429548.0,429548.0,429548.0,429548.0,0
20230411T,581172.0,581172.0,581172.0,581172.0,0
20230412T,693563.0,693563.0,693563.0,693563.0,0
20230413T,407168.0,407168.0,407168.0,407168.0,0
20230417T,583432.0,583432.0,583432.0,583432.0,0
20230418T,556790.0,556790.0,556790.0,556790.0,0
20230419T,625139.0,625139.0,625139.0,625139.0,0
20230420T,362107.0,362107.0,362107.0,362107.0,0
20230421T,498096.0,498096.0,498096.0,498096.0,0
20230424T,714221.0,714221.0,714221.0,714221.0,0
20230425T,655082.0,655082.0,655082.0,655082.0,0
20230426T,780321.0,780321.0,780321.0,780321.0,0
20230427T,294830.0,294830.0,294830.0,294830.0,0
20230428T,581485.0,581485.0,581485.0,581485.0,0
20230502T,536305.0,536305.0,536305.0,536305.0,0
20230503T,600763.0,600763.0,600763.0,600763.0,0
20230504T,375058.0,375058.0,375058.0,375058.0,0
20230505T,508169.0,508169.0,508169.0,508169.0,0
20230508T,647400.0,647400.0,647400.0,647400.0,0
20230509T,579406.0,579406.0,579406.0,579406.0,0
20230510T,675967.0,675967.0,675967.0,675967.0,0
20230511T,410120.0,410120.0,410120.0,410120.0,0
20230512T,640882.0,640882.0,640882.0,640882.0,0
20230515T,835859.0,835859.0,835859.0,835859.0,0
20230516T,685243.0,685243.0,685243.0,685243.0,0
20230517T,647095.0,647095.0,647095.0,647095.0,0
20230518T,412401.0,412401.0,412401.0,412401.0,0
20230519T,524834.0,524834.0,524834.0,524834.0,0
20230522T,672887.0,672887.0,672887.0,672887.0,0
20230523T,694210.0,694210.0,694210.0,694210.0,0
20230524T,684798.0,684798.0,684798.0,684798.0,0
20230525T,334548.0,334548.0,334548.0,334548.0,0
20230526T,590027.0,590027.0,590027.0,590027.0,0
20230529T,655000.0,655000.0,655000.0,655000.0,0
20230530T,630258.0,630258.0,630258.0,630258.0,0
20230531T,635383.0,635383.0,635383.0,635383.0,0
20230601T,311830.0,311830.0,311830.0,311830.0,0
20230602T,478594.0,478594.0,478594.0,478594.0,0
20230605T,607351.0,607351.0,607351.0,607351.0,0
20230606T,508168.0,508168.0,508168.0,508168.0,0
20230607T,734055.0,734055.0,734055.0,734055.0,0
20230608T,406766.0,406766.0,406766.0,406766.0,0
20230609T,455020.0,455020.0,455020.0,455020.0,0
20230612T,590044.0,590044.0,590044.0,590044.0,0
20230613T,539678.0,539678.0,539678.0,539678.0,0
20230614T,712383.0,712383.0,712383.0,712383.0,0
20230615T,411768.0,411768.0,411768.0,411768.0,0
20230616T,704799.0,704799.0,704799.0,704799.0,0
20230619T,653858.0,653858.0,653858.0,653858.0,0
20230620T,569807.0,569807.0,569807.0,569807.0,0
20230621T,710702.0,710702.0,710702.0,710702.0,0
20230622T,420216.0,420216.0,420216.0,420216.0,0
20230623T,558218.0,558218.0,558218.0,558218.0,0
20230626T,638623.0,638623.0,638623.0,638623.0,0
20230627T,731648.0,731648.0,731648.0,731648.0,0
20230628T,419802.0,419802.0,419802.0,419802.0,0
20230630T,774201.0,774201.0,774201.0,774201.0,0
20230703T,800714.0,800714.0,800714.0,800714.0,0
20230704T,761166.0,761166.0,761166.0,761166.0,0
20230705T,780845.0,780845.0,780845.0,780845.0,0
20230706T,478080.0,478080.0,478080.0,478080.0,0
20230707T,543252.0,543252.0,543252.0,543252.0,0
20230710T,598446.0,598446.0,598446.0,598446.0,0
20230711T,636730.0,636730.0,636730.0,636730.0,0
20230712T,678815.0,678815.0,678815.0,678815.0,0
20230713T,498516.0,498516.0,498516.0,498516.0,0
20230714T,592355.0,592355.0,592355.0,592355.0,0
20230717T,904879.0,904879.0,904879.0,904879.0,0
20230718T,681308.0,681308.0,681308.0,681308.0,0
20230719T,800917.0,800917.0,800917.0,800917.0,0
20230720T,532935.0,532935.0,532935.0,532935.0,0
20230721T,697120.0,697120.0,697120.0,697120.0,0
20230724T,794865.0,794865.0,794865.0,794865.0,0
20230725T,685376.0,685376.0,685376.0,685376.0,0
20230726T,756620.0,756620.0,756620.0,756620.0,0
20230727T,415887.0,415887.0,415887.0,415887.0,0
20230728T,636451.0,636451.0,636451.0,636451.0,0
20230731T,790439.0,790439.0,790439.0,790439.0,0
20230801T,682227.0,682227.0,682227.0,682227.0,0
20230802T,789328.0,789328.0,789328.0,789328.0,0
20230803T,375851.0,375851.0,375851.0,375851.0,0
20230804T,713229.0,713229.0,713229.0,713229.0,0
20230807T,899209.0,899209.0,899209.0,899209.0,0
20230808T,818748.0,818748.0,818748.0,818748.0,0
20230809T,810841.0,810841.0,810841.0,810841.0,0
20230810T,440018.0,440018.0,440018.0,440018.0,0
20230811T,636681.0,636681.0,636681.0,636681.0,0
20230814T,658858.0,658858.0,658858.0,658858.0,0
20230816T,801325.0,801325.0,801325.0,801325.0,0
20230817T,353430.0,353430.0,353430.0,353430.0,0
20230818T,792970.0,792970.0,792970.0,792970.0,0
20230821T,982064.0,982064.0,982064.0,982064.0,0
20230822T,704011.0,704011.0,704011.0,704011.0,0
20230823T,1019088.0,1019088.0,1019088.0,1019088.0,0
20230824T,477058.0,477058.0,477058.0,477058.0,0
20230825T,706184.0,706184.0,706184.0,706184.0,0
20230828T,924614.0,924614.0,924614.0,924614.0,0
20230829T,847190.0,847190.0,847190.0,847190.0,0
20230830T,857849.0,857849.0,857849.0,857849.0,0
20230831T,470279.0,470279.0,470279.0,470279.0,0
20230901T,811924.0,811924.0,811924.0,811924.0,0
20230904T,874079.0,874079.0,874079.0,874079.0,0
20230905T,821873.0,821873.0,821873.0,821873.0,0
20230906T,629756.0,629756.0,629756.0,629756.0,0
20230907T,597207.0,597207.0,597207.0,597207.0,0
20230908T,881879.0,881879.0,881879.0,881879.0,0
20230911T,1077710.0,1077710.0,1077710.0,1077710.0,0
20230912T,888168.0,888168.0,888168.0,888168.0,0
20230913T,760215.0,760215.0,760215.0,760215.0,0
20230914T,548575.0,548575.0,548575.0,548575.0,0
20230915T,738369.0,738369.0,738369.0,738369.0,0
20230918T,608408.0,608408.0,608408.0,608408.0,0
20230920T,601529.0,601529.0,601529.0,601529.0,0
20230921T,659349.0,659349.0,659349.0,659349.0,0
20230922T,864539.0,864539.0,864539.0,864539.0,0
20230925T,969369.0,969369.0,969369.0,969369.0,0
20230926T,933928.0,933928.0,933928.0,933928.0,0
20230927T,1151982.0,1151982.0,1151982.0,1151982.0,0
20230928T,472859.0,472859.0,472859.0,472859.0,0
20230929T,658365.0,658365.0,658365.0,658365.0,0
20231003T,697573.0,697573.0,697573.0,697573.0,0
20231004T,558120.0,558120.0,558120.0,558120.0,0
20231005T,414517.0,414517.0,414517.0,414517.0,0
20231006T,590617.0,590617.0,590617.0,590617.0,0
20231009T,599081.0,599081.0,599081.0,599081.0,0
20231010T,832627.0,832627.0,832627.0,832627.0,0
20231011T,591545.0,591545.0,591545.0,591545.0,0
20231012T,535254.0,535254.0,535254.0,535254.0,0
20231013T,785090.0,785090.0,785090.0,785090.0,0
20231016T,885253.0,885253.0,885253.0,885253.0,0
20231017T,667998.0,667998.0,667998.0,667998.0,0
20231018T,600326.0,600326.0,600326.0,600326.0,0
20231019T,556420.0,556420.0,556420.0,556420.0,0
20231020T,697526.0,697526.0,697526.0,697526.0,0
20231023T,727074.0,727074.0,727074.0,727074.0,0
20231025T,743486.0,743486.0,743486.0,743486.0,0
20231026T,488219.0,488219.0,488219.0,488219.0,0
20231027T,744308.0,744308.0,744308.0,744308.0,0
20231030T,1066990.0,1066990.0,1066990.0,1066990.0,0
20231031T,887408.0,887408.0,887408.0,887408.0,0
20231101T,606604.0,606604.0,606604.0,606604.0,0
20231102T,492400.0,492400.0,492400.0,492400.0,0
20231103T,760205.0,760205.0,760205.0,760205.0,0
20231106T,934253.0,934253.0,934253.0,934253.0,0
20231107T,1026352.0,1026352.0,1026352.0,1026352.0,0
20231108T,704144.0,704144.0,704144.0,704144.0,0
20231109T,582977.0,582977.0,582977.0,582977.0,0
20231110T,778054.0,778054.0,778054.0,778054.0,0
20231113T,779071.0,779071.0,779071.0,779071.0,0
20231115T,701645.0,701645.0,701645.0,701645.0,0
20231116T,666215.0,666215.0,666215.0,666215.0,0
20231117T,1169562.0,1169562.0,1169562.0,1169562.0,0
20231120T,1230130.0,1230130.0,1230130.0,1230130.0,0
20231121T,1107701.0,1107701.0,1107701.0,1107701.0,0
20231122T,854821.0,854821.0,854821.0,854821.0,0
20231123T,610115.0,610115.0,610115.0,610115.0,0
20231124T,786370.0,786370.0,786370.0,786370.0,0
20231128T,951490.0,951490.0,951490.0,951490.0,0
20231129T,1400700.0,1400700.0,1400700.0,1400700.0,0
20231130T,498449.0,498449.0,498449.0,498449.0,0
20231201T,877240.0,877240.0,877240.0,877240.0,0
20231204T,1403613.0,1403613.0,1403613.0,1403613.0,0
20231205T,1320026.0,1320026.0,1320026.0,1320026.0,0
20231206T,860719.0,860719.0,860719.0,860719.0,0
20231207T,801644.0,801644.0,801644.0,801644.0,0
20231208T,1006189.0,1006189.0,1006189.0,1006189.0,0
20231211T,1041696.0,1041696.0,1041696.0,1041696.0,0
20231212T,936471.0,936471.0,936471.0,936471.0,0
20231213T,727428.0,727428.0,727428.0,727428.0,0
20231214T,822521.0,822521.0,822521.0,822521.0,0
20231215T,1108480.0,1108480.0,1108480.0,1108480.0,0
20231218T,1040615.0,1040615.0,1040615.0,1040615.0,0
20231219T,1072512.0,1072512.0,1072512.0,1072512.0,0
20231220T,779662.0,779662.0,779662.0,779662.0,0
20231221T,894701.0,894701.0,894701.0,894701.0,0
20231222T,965960.0,965960.0,965960.0,965960.0,0
20231226T,1140635.0,1140635.0,1140635.0,1140635.0,0
20231227T,1424990.0,1424990.0,1424990.0,1424990.0,0
20231228T,513471.0,513471.0,513471.0,513471.0,0
20231229T,729080.0,729080.0,729080.0,729080.0,0
20240101T,997728.0,997728.0,997728.0,997728.0,0
20240102T,859925.0,859925.0,859925.0,859925.0,0
20240103T,711454.0,711454.0,711454.0,711454.0,0
20240104T,653110.0,653110.0,653110.0,653110.0,0
20240105T,721194.0,721194.0,721194.0,721194.0,0
20240108T,993217.0,993217.0,993217.0,993217.0,0
20240109T,996314.0,996314.0,996314.0,996314.0,0
20240110T,766719.0,766719.0,766719.0,766719.0,0
20240111T,616169.0,616169.0,616169.0,616169.0,0
20240112T,1014822.0,1014822.0,1014822.0,1014822.0,0
20240115T,1322892.0,1322892.0,1322892.0,1322892.0,0
20240116T,1120895.0,1120895.0,1120895.0,1120895.0,0
20240117T,1136807.0,1136807.0,1136807.0,1136807.0,0
20240118T,850139.0,850139.0,850139.0,850139.0,0
20240119T,1056621.0,1056621.0,1056621.0,1056621.0,0
20240123T,1129595.0,1129595.0,1129595.0,1129595.0,0
20240124T,1427680.0,1427680.0,1427680.0,1427680.0,0
20240125T,588317.0,588317.0,588317.0,588317.0,0
20240129T,1110922.0,1110922.0,1110922.0,1110922.0,0
20240130T,1057393.0,1057393.0,1057393.0,1057393.0,0
20240131T,717283.0,717283.0,717283.0,717283.0,0
20240201T,699282.0,699282.0,699282.0,699282.0,0
20240202T,1031466.0,1031466.0,1031466.0,1031466.0,0
20240205T,1078956.0,1078956.0,1078956.0,1078956.0,0
20240206T,1089162.0,1089162.0,1089162.0,1089162.0,0
20240207T,714985.0,714985.0,714985.0,714985.0,0
20240208T,770865.0,770865.0,770865.0,770865.0,0
20240209T,899434.0,899434.0,899434.0,899434.0,0
20240212T,1038529.0,1038529.0,1038529.0,1038529.0,0
20240213T,1065952.0,1065952.0,1065952.0,1065952.0,0
20240214T,739131.0,739131.0,739131.0,739131.0,0
20240215T,734905.0,734905.0,734905.0,734905.0,0
20240216T,1028296.0,1028296.0,1028296.0,1028296.0,0
20240219T,1172981.0,1172981.0,1172981.0,1172981.0,0
20240220T,1323002.0,1323002.0,1323002.0,1323002.0,0
20240221T,779988.0,779988.0,779988.0,779988.0,0
20240223T,892205.0,892205.0,892205.0,892205.0,0
20240226T,1040092.0,1040092.0,1040092.0,1040092.0,0
20240227T,1085424.0,1085424.0,1085424.0,1085424.0,0
20240228T,1343947.0,1343947.0,1343947.0,1343947.0,0
20240229T,492936.0,492936.0,492936.0,492936.0,0
20240301T,1058526.0,1058526.0,1058526.0,1058526.0,0
20240304T,1142131.0,1142131.0,1142131.0,1142131.0,0
20240305T,1234343.0,1234343.0,1234343.0,1234343.0,0
20240306T,841586.0,841586.0,841586.0,841586.0,0
20240307T,804964.0,804964.0,804964.0,804964.0,0
20240311T,1044038.0,1044038.0,1044038.0,1044038.0,0
20240312T,885706.0,885706.0,885706.0,885706.0,0
20240313T,923738.0,923738.0,923738.0,923738.0,0
20240314T,629874.0,629874.0,629874.0,629874.0,0
20240315T,977220.0,977220.0,977220.0,977220.0,0
20240318T,964634.0,964634.0,964634.0,964634.0,0
20240319T,1128757.0,1128757.0,1128757.0,1128757.0,0
20240320T,766982.0,766982.0,766982.0,766982.0,0
20240321T,761277.0,761277.0,761277.0,761277.0,0
20240322T,912792.0,912792.0,912792.0,912792.0,0
20240326T,1061480.0,1061480.0,1061480.0,1061480.0,0
20240327T,895797.0,895797.0,895797.0,895797.0,0
20240328T,700934.0,700934.0,700934.0,700934.0,0
20240401T,882470.0,882470.0,882470.0,882470.0,0
20240402T,969385.0,969385.0,969385.0,969385.0,0
20240403T,611256.0,611256.0,611256.0,611256.0,0
20240404T,500636.0,500636.0,500636.0,500636.0,0
20240405T,995918.0,995918.0,995918.0,995918.0,0
20240408T,1155916.0,1155916.0,1155916.0,1155916.0,0
20240409T,1167826.0,1167826.0,1167826.0,1167826.0,0
20240410T,482898.0,482898.0,482898.0,482898.0,0
20240412T,786727.0,786727.0,786727.0,786727.0,0
20240415T,1049215.0,1049215.0,1049215.0,1049215.0,0
20240416T,662563.0,662563.0,662563.0,662563.0,0
20240418T,634617.0,634617.0,634617.0,634617.0,0
20240419T,845876.0,845876.0,845876.0,845876.0,0
20240422T,994819.0,994819.0,994819.0,994819.0,0
20240423T,987649.0,987649.0,987649.0,987649.0,0
20240424T,662598.0,662598.0,662598.0,662598.0,0
20240425T,554486.0,554486.0,554486.0,554486.0,0
20240426T,1075326.0,1075326.0,1075326.0,1075326.0,0
20240429T,1483871.0,1483871.0,1483871.0,1483871.0,0
20240430T,1053033.0,1053033.0,1053033.0,1053033.0,0
20240502T,705324.0,705324.0,705324.0,705324.0,0
20240503T,961518.0,961518.0,961518.0,961518.0,0
20240506T,1056602.0,1056602.0,1056602.0,1056602.0,0
20240507T,1170295.0,1170295.0,1170295.0,1170295.0,0
20240508T,1070865.0,1070865.0,1070865.0,1070865.0,0
20240509T,790446.0,790446.0,790446.0,790446.0,0
20240510T,1083290.0,1083290.0,1083290.0,1083290.0,0
20240513T,1274097.0,1274097.0,1274097.0,1274097.0,0
20240514T,1127189.0,1127189.0,1127189.0,1127189.0,0
20240515T,981172.0,981172.0,981172.0,981172.0,0
20240516T,934268.0,934268.0,934268.0,934268.0,0
20240517T,1168397.0,1168397.0,1168397.0,1168397.0,0
20240521T,1347767.0,1347767.0,1347767.0,1347767.0,0
20240522T,1153170.0,1153170.0,1153170.0,1153170.0,0
20240523T,951194.0,951194.0,951194.0,951194.0,0
20240524T,1322569.0,1322569.0,1322569.0,1322569.0,0
20240527T,1603806.0,1603806.0,1603806.0,1603806.0,0
20240528T,1692617.0,1692617.0,1692617.0,1692617.0,0
20240529T,1101688.0,1101688.0,1101688.0,1101688.0,0
20240530T,960190.0,960190.0,960190.0,960190.0,0
20240531T,1571635.0,1571635.0,1571635.0,1571635.0,0
20240603T,2019800.0,2019800.0,2019800.0,2019800.0,0
20240604T,1981018.0,1981018.0,1981018.0,1981018.0,0
20240605T,1613493.0,1613493.0,1613493.0,1613493.0,0
20240606T,901055.0,901055.0,901055.0,901055.0,0
20240607T,1377851.0,1377851.0,1377851.0,1377851.0,0
20240610T,1452118.0,1452118.0,1452118.0,1452118.0,0
20240611T,1539181.0,1539181.0,1539181.0,1539181.0,0
20240612T,1454627.0,1454627.0,1454627.0,1454627.0,0
20240613T,1029040.0,1029040.0,1029040.0,1029040.0,0
20240614T,1326464.0,1326464.0,1326464.0,1326464.0,0
20240618T,1290054.0,1290054.0,1290054.0,1290054.0,0
20240619T,1365648.0,1365648.0,1365648.0,1365648.0,0
20240620T,1251993.0,1251993.0,1251993.0,1251993.0,0
20240621T,1399497.0,1399497.0,1399497.0,1399497.0,0
20240624T,1742351.0,1742351.0,1742351.0,1742351.0,0
20240625T,2018269.0,2018269.0,2018269.0,2018269.0,0
20240626T,1764821.0,1764821.0,1764821.0,1764821.0,0
20240627T,999760.0,999760.0,999760.0,999760.0,0
20240628T,1175051.0,1175051.0,1175051.0,1175051.0,0
20240701T,1402755.0,1402755.0,1402755.0,1402755.0,0
20240702T,1384023.0,1384023.0,1384023.0,1384023.0,0
20240703T,1189898.0,1189898.0,1189898.0,1189898.0,0
20240704T,922564.0,922564.0,922564.0,922564.0,0
20240705T,1129381.0,1129381.0,1129381.0,1129381.0,0
20240708T,1217668.0,1217668.0,1217668.0,1217668.0,0
20240709T,1294798.0,1294798.0,1294798.0,1294798.0,0
20240710T,1019593.0,1019593.0,1019593.0,1019593.0,0
20240711T,939976.0,939976.0,939976.0,939976.0,0
20240712T,1245606.0,1245606.0,1245606.0,1245606.0,0
20240715T,1411720.0,1411720.0,1411720.0,1411720.0,0
20240716T,1051230.0,1051230.0,1051230.0,1051230.0,0
20240718T,799673.0,799673.0,799673.0,799673.0,0
20240719T,1048405.0,1048405.0,1048405.0,1048405.0,0
20240722T,1067192.0,1067192.0,1067192.0,1067192.0,0
20240723T,1283961.0,1283961.0,1283961.0,1283961.0,0
20240724T,1280788.0,1280788.0,1280788.0,1280788.0,0
20240725T,945977.0,945977.0,945977.0,945977.0,0
20240726T,1517789.0,1517789.0,1517789.0,1517789.0,0
20240729T,1501404.0,1501404.0,1501404.0,1501404.0,0
20240730T,1519269.0,1519269.0,1519269.0,1519269.0,0
20240731T,1404799.0,1404799.0,1404799.0,1404799.0,0
20240801T,948168.0,948168.0,948168.0,948168.0,0
20240802T,1152001.0,1152001.0,1152001.0,1152001.0,0
20240805T,1393161.0,1393161.0,1393161.0,1393161.0,0
20240806T,1314270.0,1314270.0,1314270.0,1314270.0,0
20240807T,1209536.0,1209536.0,1209536.0,1209536.0,0
20240808T,882922.0,882922.0,882922.0,882922.0,0
20240809T,1114768.0,1114768.0,1114768.0,1114768.0,0
20240812T,1255715.0,1255715.0,1255715.0,1255715.0,0
20240813T,1483557.0,1483557.0,1483557.0,1483557.0,0
20240814T,806546.0,806546.0,806546.0,806546.0,0
20240816T,1293999.0,1293999.0,1293999.0,1293999.0,0
20240819T,1317735.0,1317735.0,1317735.0,1317735.0,0
20240820T,1413656.0,1413656.0,1413656.0,1413656.0,0
20240821T,1289901.0,1289901.0,1289901.0,1289901.0,0
20240822T,995407.0,995407.0,995407.0,995407.0,0
20240823T,1414598.0,1414598.0,1414598.0,1414598.0,0
20240826T,1492532.0,1492532.0,1492532.0,1492532.0,0
20240827T,1474702.0,1474702.0,1474702.0,1474702.0,0
20240828T,1520074.0,1520074.0,1520074.0,1520074.0,0
20240829T,971963.0,971963.0,971963.0,971963.0,0
20240830T,1404121.0,1404121.0,1404121.0,1404121.0,0
20240902T,1441298.0,1441298.0,1441298.0,1441298.0,0
20240903T,1586130.0,1586130.0,1586130.0,1586130.0,0
20240904T,1307350.0,1307350.0,1307350.0,1307350.0,0
20240905T,1036981.0,1036981.0,1036981.0,1036981.0,0
20240906T,1499161.0,1499161.0,1499161.0,1499161.0,0
20240909T,1370300.0,1370300.0,1370300.0,1370300.0,0
20240910T,1443040.0,1443040.0,1443040.0,1443040.0,0
20240911T,1362419.0,1362419.0,1362419.0,1362419.0,0
20240912T,1195805.0,1195805.0,1195805.0,1195805.0,0
20240913T,1508079.0,1508079.0,1508079.0,1508079.0,0
20240916T,1555787.0,1555787.0,1555787.0,1555787.0,0
20240917T,1664021.0,1664021.0,1664021.0,1664021.0,0
20240918T,1622401.0,1622401.0,1622401.0,1622401.0,0
20240919T,1254156.0,1254156.0,1254156.0,1254156.0,0
20240920T,1834788.0,1834788.0,1834788.0,1834788.0,0
20240923T,2057301.0,2057301.0,2057301.0,2057301.0,0
20240924T,2139894.0,2139894.0,2139894.0,2139894.0,0
20240925T,1945540.0,1945540.0,1945540.0,1945540.0,0
20240926T,1246195.0,1246195.0,1246195.0,1246195.0,0
20240927T,1531833.0,1531833.0,1531833.0,1531833.0,0
20240930T,1845479.0,1845479.0,1845479.0,1845479.0,0
20241001T,1532343.0,1532343.0,1532343.0,1532343.0,0
20241003T,1040980.0,1040980.0,1040980.0,1040980.0,0
20241004T,1216258.0,1216258.0,1216258.0,1216258.0,0
20241007T,1269129.0,1269129.0,1269129.0,1269129.0,0
20241008T,1264031.0,1264031.0,1264031.0,1264031.0,0
20241009T,1177635.0,1177635.0,1177635.0,1177635.0,0
20241010T,1218863.0,1218863.0,1218863.0,1218863.0,0
20241011T,1165777.0,1165777.0,1165777.0,1165777.0,0
20241014T,1244668.0,1244668.0,1244668.0,1244668.0,0
20241015T,1191189.0,1191189.0,1191189.0,1191189.0,0
20241016T,1021036.0,1021036.0,1021036.0,1021036.0,0
20241017T,910936.0,910936.0,910936.0,910936.0,0
20241018T,1444350.0,1444350.0,1444350.0,1444350.0,0
20241021T,1463892.0,1463892.0,1463892.0,1463892.0,0
20241022T,1361162.0,1361162.0,1361162.0,1361162.0,0
20241023T,1302175.0,1302175.0,1302175.0,1302175.0,0
20241024T,1320711.0,1320711.0,1320711.0,1320711.0,0
20241025T,1704354.0,1704354.0,1704354.0,1704354.0,0
20241028T,1599301.0,1599301.0,1599301.0,1599301.0,0
20241029T,1968779.0,1968779.0,1968779.0,1968779.0,0
20241030T,1572022.0,1572022.0,1572022.0,1572022.0,0
20241031T,947463.0,947463.0,947463.0,947463.0,0
20241104T,1223085.0,1223085.0,1223085.0,1223085.0,0
20241105T,1430571.0,1430571.0,1430571.0,1430571.0,0
20241106T,1347312.0,1347312.0,1347312.0,1347312.0,0
20241107T,914756.0,914756.0,914756.0,914756.0,0
20241108T,1273558.0,1273558.0,1273558.0,1273558.0,0
20241111T,1455069.0,1455069.0,1455069.0,1455069.0,0
20241112T,1509251.0,1509251.0,1509251.0,1509251.0,0
20241113T,1593516.0,1593516.0,1593516.0,1593516.0,0
20241114T,1118338.0,1118338.0,1118338.0,1118338.0,0
20241118T,1380160.0,1380160.0,1380160.0,1380160.0,0
20241119T,1268989.0,1268989.0,1268989.0,1268989.0,0
20241121T,1175517.0,1175517.0,1175517.0,1175517.0,0
20241122T,1676479.0,1676479.0,1676479.0,1676479.0,0
20241125T,1934527.0,1934527.0,1934527.0,1934527.0,0
20241126T,1847060.0,1847060.0,1847060.0,1847060.0,0
20241127T,1331794.0,1331794.0,1331794.0,1331794.0,0
20241128T,802764.0,802764.0,802764.0,802764.0,0
20241129T,955894.0,955894.0,955894.0,955894.0,0
20241202T,1141685.0,1141685.0,1141685.0,1141685.0,0
20241203T,1255627.0,1255627.0,1255627.0,1255627.0,0
20241204T,1453937.0,1453937.0,1453937.0,1453937.0,0
20241205T,1030221.0,1030221.0,1030221.0,1030221.0,0
20241206T,1285021.0,1285021.0,1285021.0,1285021.0,0
20241209T,1553914.0,1553914.0,1553914.0,1553914.0,0
20241210T,1805920.0,1805920.0,1805920.0,1805920.0,0
20241211T,1827336.0,1827336.0,1827336.0,1827336.0,0
20241212T,1144661.0,1144661.0,1144661.0,1144661.0,0
20241213T,1467338.0,1467338.0,1467338.0,1467338.0,0
20241216T,1532955.0,1532955.0,1532955.0,1532955.0,0
20241217T,1620141.0,1620141.0,1620141.0,1620141.0,0
20241218T,1654261.0,1654261.0,1654261.0,1654261.0,0
20241219T,1267357.0,1267357.0,1267357.0,1267357.0,0
20241220T,1743739.0,1743739.0,1743739.0,1743739.0,0
20241223T,2040680.0,2040680.0,2040680.0,2040680.0,0
20241224T,1731569.0,1731569.0,1731569.0,1731569.0,0
20241226T,652583.0,652583.0,652583.0,652583.0,0
20241227T,704122.0,704122.0,704122.0,704122.0,0
20241230T,696848.0,696848.0,696848.0,696848.0,0
20241231T,687490.0,687490.0,687490.0,687490.0,0
20250101T,784836.0,784836.0,784836.0,784836.0,0
20250102T,686244.0,686244.0,686244.0,686244.0,0
20250103T,874269.0,874269.0,874269.0,874269.0,0
20250106T,897466.0,897466.0,897466.0,897466.0,0
20250107T,931818.0,931818.0,931818.0,931818.0,0
20250108T,1031742.0,1031742.0,1031742.0,1031742.0,0
20250109T,790972.0,790972.0,790972.0,790972.0,0
20250110T,1011454.0,1011454.0,1011454.0,1011454.0,0
20250113T,1099050.0,1099050.0,1099050.0,1099050.0,0
20250114T,1104814.0,1104814.0,1104814.0,1104814.0,0
20250115T,1198981.0,1198981.0,1198981.0,1198981.0,0
20250116T,735664.0,735664.0,735664.0,735664.0,0
20250117T,884346.0,884346.0,884346.0,884346.0,0
20250120T,1030471.0,1030471.0,1030471.0,1030471.0,0
20250121T,1121913.0,1121913.0,1121913.0,1121913.0,0
20250122T,1406716.0,1406716.0,1406716.0,1406716.0,0
20250123T,1093695.0,1093695.0,1093695.0,1093695.0,0
20250124T,1301178.0,1301178.0,1301178.0,1301178.0,0
20250127T,1471682.0,1471682.0,1471682.0,1471682.0,0
20250128T,1828025.0,1828025.0,1828025.0,1828025.0,0
20250129T,1922429.0,1922429.0,1922429.0,1922429.0,0
20250130T,286397.0,286397.0,286397.0,286397.0,0
20250131T,485316.0,485316.0,485316.0,485316.0,0
20250203T,640782.0,640782.0,640782.0,640782.0,0
20250204T,735818.0,735818.0,735818.0,735818.0,0
20250205T,852227.0,852227.0,852227.0,852227.0,0
20250206T,389933.0,389933.0,389933.0,389933.0,0
20250207T,426563.0,426563.0,426563.0,426563.0,0
20250210T,448660.0,448660.0,448660.0,448660.0,0
20250211T,479464.0,479464.0,479464.0,479464.0,0
20250212T,475534.0,475534.0,475534.0,475534.0,0
20250213T,336740.0,336740.0,336740.0,336740.0,0
20250214T,378651.0,378651.0,378651.0,378651.0,0
20250217T,389979.0,389979.0,389979.0,389979.0,0
20250218T,405155.0,405155.0,405155.0,405155.0,0
20250219T,404278.0,404278.0,404278.0,404278.0,0
20250220T,313549.0,313549.0,313549.0,313549.0,0
20250221T,383346.0,383346.0,383346.0,383346.0,0
20250224T,590312.0,590312.0,590312.0,590312.0,0
20250225T,771324.0,771324.0,771324.0,771324.0,0
20250227T,228293.0,228293.0,228293.0,228293.0,0
20250228T,432487.0,432487.0,432487.0,432487.0,0
20250303T,472525.0,472525.0,472525.0,472525.0,0
20250304T,485956.0,485956.0,485956.0,485956.0,0
20250305T,598436.0,598436.0,598436.0,598436.0,0
20250306T,392152.0,392152.0,392152.0,392152.0,0
20250307T,520415.0,520415.0,520415.0,520415.0,0
20250310T,548702.0,548702.0,548702.0,548702.0,0
20250311T,634059.0,634059.0,634059.0,634059.0,0
20250312T,689396.0,689396.0,689396.0,689396.0,0
20250313T,447640.0,447640.0,447640.0,447640.0,0
20250317T,582235.0,582235.0,582235.0,582235.0,0
20250318T,662948.0,662948.0,662948.0,662948.0,0
20250319T,663688.0,663688.0,663688.0,663688.0,0
20250320T,550034.0,550034.0,550034.0,550034.0,0
20250321T,737651.0,737651.0,737651.0,737651.0,0
20250324T,917374.0,917374.0,917374.0,917374.0,0
20250325T,932537.0,932537.0,932537.0,932537.0,0
20250326T,876464.0,876464.0,876464.0,876464.0,0
20250327T,265151.0,265151.0,265151.0,265151.0,0
20250328T,507011.0,507011.0,507011.0,507011.0,0
20250401T,565955.0,565955.0,565955.0,565955.0,0
20250402T,714252.0,714252.0,714252.0,714252.0,0
20250403T,375572.0,375572.0,375572.0,375572.0,0
20250404T,448198.0,448198.0,448198.0,448198.0,0
20250407T,518369.0,518369.0,518369.0,518369.0,0
20250408T,562782.0,562782.0,562782.0,562782.0,0
20250409T,409603.0,409603.0,409603.0,409603.0,0
20250411T,465574.0,465574.0,465574.0,465574.0,0
20250415T,634744.0,634744.0,634744.0,634744.0,0
20250416T,548563.0,548563.0,548563.0,548563.0,0
20250417T,470026.0,470026.0,470026.0,470026.0,0
20250421T,727194.0,727194.0,727194.0,727194.0,0
20250422T,835070.0,835070.0,835070.0,835070.0,0
20250423T,1020109.0,1020109.0,1020109.0,1020109.0,0
20250424T,250793.0,250793.0,250793.0,250793.0,0
20250425T,517043.0,517043.0,517043.0,517043.0,0
20250428T,746096.0,746096.0,746096.0,746096.0,0
20250429T,758885.0,758885.0,758885.0,758885.0,0
20250430T,383056.0,383056.0,383056.0,383056.0,0
20250502T,531700.0,531700.0,531700.0,531700.0,0
20250505T,671275.0,671275.0,671275.0,671275.0,0
20250506T,690667.0,690667.0,690667.0,690667.0,0
20250507T,786397.0,786397.0,786397.0,786397.0,0
20250508T,459529.0,459529.0,459529.0,459529.0,0
20250509T,531066.0,531066.0,531066.0,531066.0,0
20250512T,687352.0,687352.0,687352.0,687352.0,0
20250513T,787025.0,787025.0,787025.0,787025.0,0
20250514T,797779.0,797779.0,797779.0,797779.0,0
20250515T,526196.0,526196.0,526196.0,526196.0,0
20250516T,595298.0,595298.0,595298.0,595298.0,0
20250519T,595415.0,595415.0,595415.0,595415.0,0
20250520T,627682.0,627682.0,627682.0,627682.0,0
20250521T,630033.0,630033.0,630033.0,630033.0,0
20250522T,459545.0,459545.0,459545.0,459545.0,0
20250523T,516600.0,516600.0,516600.0,516600.0,0
20250526T,520078.0,520078.0,520078.0,520078.0,0
20250527T,557185.0,557185.0,557185.0,557185.0,0
20250528T,678614.0,678614.0,678614.0,678614.0,0
20250529T,208425.0,208425.0,208425.0,208425.0,0
20250530T,282038.0,282038.0,282038.0,282038.0,0
20250602T,317347.0,317347.0,317347.0,317347.0,0
20250603T,432941.0,432941.0,432941.0,432941.0,0
20250604T,477037.0,477037.0,477037.0,477037.0,0
20250605T,326561.0,326561.0,326561.0,326561.0,0
20250606T,398827.0,398827.0,398827.0,398827.0,0
20250609T,422916.0,422916.0,422916.0,422916.0,0
20250610T,444525.0,444525.0,444525.0,444525.0,0
20250611T,407558.0,407558.0,407558.0,407558.0,0
20250612T,317039.0,317039.0,317039.0,317039.0,0
20250613T,382522.0,382522.0,382522.0,382522.0,0
20250616T,435136.0,435136.0,435136.0,435136.0,0
20250617T,409605.0,409605.0,409605.0,409605.0,0
20250618T,438128.0,438128.0,438128.0,438128.0,0
20250619T,308294.0,308294.0,308294.0,308294.0,0
20250620T,481610.0,481610.0,481610.0,481610.0,0
20250623T,487740.0,487740.0,487740.0,487740.0,0
20250624T,552240.0,552240.0,552240.0,552240.0,0
20250625T,629518.0,629518.0,629518.0,629518.0,0
20250626T,290294.0,290294.0,290294.0,290294.0,0
20250627T,353081.0,353081.0,353081.0,353081.0,0
20250630T,373472.0,373472.0,373472.0,373472.0,0
20250701T,351068.0,351068.0,351068.0,351068.0,0
20250702T,329703.0,329703.0,329703.0,329703.0,0
20250703T,210180.0,210180.0,210180.0,210180.0,0
20250704T,277779.0,277779.0,277779.0,277779.0,0
20250707T,295042.0,295042.0,295042.0,295042.0,0
20250708T,305378.0,305378.0,305378.0,305378.0,0
20250709T,307214.0,307214.0,307214.0,307214.0,0
20250710T,221618.0,221618.0,221618.0,221618.0,0
20250711T,273297.0,273297.0,273297.0,273297.0,0
20250714T,293753.0,293753.0,293753.0,293753.0,0
20250715T,311236.0,311236.0,311236.0,311236.0,0
20250716T,341608.0,341608.0,341608.0,341608.0,0
20250717T,210131.0,210131.0,210131.0,210131.0,0
20250718T,260995.0,260995.0,260995.0,260995.0,0
20250721T,322862.0,322862.0,322862.0,322862.0,0
20250722T,350391.0,350391.0,350391.0,350391.0,0
20250723T,404952.0,404952.0,404952.0,404952.0,0
20250724T,263558.0,263558.0,263558.0,263558.0,0
20250725T,324550.0,324550.0,324550.0,324550.0,0
20250728T,346635.0,346635.0,346635.0,346635.0,0
20250729T,387862.0,387862.0,387862.0,387862.0,0
20250730T,418936.0,418936.0,418936.0,418936.0,0
20250731T,143520.0,143520.0,143520.0,143520.0,0
20250801T,210981.0,210981.0,210981.0,210981.0,0
20250804T,238188.0,238188.0,238188.0,238188.0,0
20250805T,259607.0,259607.0,259607.0,259607.0,0
20250806T,270008.0,270008.0,270008.0,270008.0,0
20250807T,174462.0,174462.0,174462.0,174462.0,0
20250808T,197681.0,197681.0,197681.0,197681.0,0
20250811T,288444.0,288444.0,288444.0,288444.0,0
20250812T,260681.0,260681.0,260681.0,260681.0,0
20250813T,371415.0,371415.0,371415.0,371415.0,0
20250814T,164603.0,164603.0,164603.0,164603.0,0
20250818T,251792.0,251792.0,251792.0,251792.0,0
20250819T,262975.0,262975.0,262975.0,262975.0,0
20250820T,350914.0,350914.0,350914.0,350914.0,0
20250821T,182101.0,182101.0,182101.0,182101.0,0
20250822T,233258.0,233258.0,233258.0,233258.0,0
20250825T,287892.0,287892.0,287892.0,287892.0,0
20250826T,300349.0,300349.0,300349.0,300349.0,0
20250828T,141303.0,141303.0,141303.0,141303.0,0
20250829T,248841.0,248841.0,248841.0,248841.0,0
20250901T,390020.0,390020.0,390020.0,390020.0,0
20250902T,152878.0,152878.0,152878.0,152878.0,0
20250903T,300650.0,300650.0,300650.0,300650.0,0
20250904T,293796.0,293796.0,293796.0,293796.0,0
20250905T,336406.0,336406.0,336406.0,336406.0,0
20250908T,411510.0,411510.0,411510.0,411510.0,0
20250909T,189896.0,189896.0,189896.0,189896.0,0
20250910T,295980.0,295980.0,295980.0,295980.0,0
20250911T,330311.0,330311.0,330311.0,330311.0,0
20250912T,402704.0,402704.0,402704.0,402704.0,0
20250915T,430567.0,430567.0,430567.0,430567.0,0
20250916T,229468.0,229468.0,229468.0,229468.0,0
20250917T,304838.0,304838.0,304838.0,304838.0,0
20250918T,340222.0,340222.0,340222.0,340222.0,0
20250919T,367142.0,367142.0,367142.0,367142.0,0
20250922T,381910.0,381910.0,381910.0,381910.0,0
20250923T,238258.0,238258.0,238258.0,238258.0,0
20250924T,316811.0,316811.0,316811.0,316811.0,0
20250925T,342115.0,342115.0,342115.0,342115.0,0
20250926T,418024.0,418024.0,418024.0,418024.0,0
20250929T,497231.0,497231.0,497231.0,497231.0,0
20250930T,169406.0,169406.0,169406.0,169406.0,0
20251001T,294319.0,294319.0,294319.0,294319.0,0
20251003T,423943.0,423943.0,423943.0,423943.0,0
20251006T,467653.0,467653.0,467653.0,467653.0,0
20251007T,215629.0,215629.0,215629.0,215629.0,0
20251008T,277310.0,277310.0,277310.0,277310.0,0
20251009T,324721.0,324721.0,324721.0,324721.0,0
20251010T,425386.0,425386.0,425386.0,425386.0,0
20251013T,378118.0,378118.0,378118.0,378118.0,0
20251014T,214243.0,214243.0,214243.0,214243.0,0
20251015T,344648.0,344648.0,344648.0,344648.0,0
20251016T,429056.0,429056.0,429056.0,429056.0,0
20251017T,509542.0,509542.0,509542.0,509542.0,0
20251020T,320708.0,320708.0,320708.0,320708.0,0
20251023T,434889.0,434889.0,434889.0,434889.0,0
20251024T,482235.0,482235.0,482235.0,482235.0,0
20251027T,544343.0,544343.0,544343.0,544343.0,0
20251028T,202558.0,202558.0,202558.0,202558.0,0
20251029T,307113.0,307113.0,307113.0,307113.0,0
20251030T,320635.0,320635.0,320635.0,320635.0,0
20251031T,358978.0,358978.0,358978.0,358978.0,0
20251103T,411798.0,411798.0,411798.0,411798.0,0
20251104T,245663.0,245663.0,245663.0,245663.0,0
20251106T,328298.0,328298.0,328298.0,328298.0,0
20251107T,406619.0,406619.0,406619.0,406619.0,0
20251110T,475501.0,475501.0,475501.0,475501.0,0
20251111T,287066.0,287066.0,287066.0,287066.0,0
20251112T,357460.0,357460.0,357460.0,357460.0,0
20251113T,395362.0,395362.0,395362.0,395362.0,0
20251114T,434520.0,434520.0,434520.0,434520.0,0
20251117T,535731.0,535731.0,535731.0,535731.0,0
20251118T,306592.0,306592.0,306592.0,306592.0,0
20251119T,445281.0,445281.0,445281.0,445281.0,0
20251120T,495912.0,495912.0,495912.0,495912.0,0
20251121T,426215.0,426215.0,426215.0,426215.0,0
20251124T,456635.0,456635.0,456635.0,456635.0,0
20251125T,234926.0,234926.0,234926.0,234926.0,0
20251126T,422100.0,422100.0,422100.0,422100.0,0
20251127T,379691.0,379691.0,379691.0,379691.0,0
20251128T,434275.0,434275.0,434275.0,434275.0,0
20251201T,446954.0,446954.0,446954.0,446954.0,0
20251202T,284732.0,284732.0,284732.0,284732.0,0
20251203T,341811.0,341811.0,341811.0,341811.0,0
20251204T,378045.0,378045.0,378045.0,378045.0,0
20251205T,498217.0,498217.0,498217.0,498217.0,0
20251208T,408074.0,408074.0,408074.0,408074.0,0
20251209T,293969.0,293969.0,293969.0,293969.0,0
20251210T,335668.0,335668.0,335668.0,335668.0,0
20251211T,401442.0,401442.0,401442.0,401442.0,0
20251212T,480612.0,480612.0,480612.0,480612.0,0
20251215T,527370.0,527370.0,527370.0,527370.0,0
20251216T,297351.0,297351.0,297351.0,297351.0,0
20251217T,359801.0,359801.0,359801.0,359801.0,0
20251218T,385525.0,385525.0,385525.0,385525.0,0
20251219T,492071.0,492071.0,492071.0,492071.0,0
20251222T,614038.0,614038.0,614038.0,614038.0,0
20251223T,368956.0,368956.0,368956.0,368956.0,0
20251224T,425259.0,425259.0,425259.0,425259.0,0
20251226T,428888.0,428888.0,428888.0,428888.0,0
20251229T,446951.0,446951.0,446951.0,446951.0,0
20251230T,206045.0,206045.0,206045.0,206045.0,0
20251231T,346330.0,346330.0,346330.0,346330.0,0
20260101T,369634.0,369634.0,369634.0,369634.0,0
20260102T,509318.0,509318.0,509318.0,509318.0,0
20260105T,478627.0,478627.0,478627.0,478627.0,0
20260106T,328724.0,328724.0,328724.0,328724.0,0
20260107T,389906.0,389906.0,389906.0,389906.0,0
20260108T,453251.0,453251.0,453251.0,453251.0,0
20260109T,498941.0,498941.0,498941.0,498941.0,0
20260112T,621241.0,621241.0,621241.0,621241.0,0
20260113T,333553.0,333553.0,333553.0,333553.0,0
20260114T,455001.0,455001.0,455001.0,455001.0,0
20260116T,476720.0,476720.0,476720.0,476720.0,0
20260119T,539435.0,539435.0,539435.0,539435.0,0
20260120T,372373.0,372373.0,372373.0,372373.0,0
20260121T,518670.0,518670.0,518670.0,518670.0,0
20260122T,541102.0,541102.0,541102.0,541102.0,0
20260123T,610655.0,610655.0,610655.0,610655.0,0
20260127T,258767.0,258767.0,258767.0,258767.0,0
20260128T,340384.0,340384.0,340384.0,340384.0,0
20260129T,399539.0,399539.0,399539.0,399539.0,0
20260130T,438740.0,438740.0,438740.0,438740.0,0
20260201T,488236.0,488236.0,488236.0,488236.0,0
20260202T,591630.0,591630.0,591630.0,591630.0,0
