20120106T,20770.0,20770.0,20770.0,20770.0,0
20120109T,21677.0,21677.0,21677.0,21677.0,0
20120110T,27417.0,27417.0,27417.0,27417.0,0
20120111T,31490.0,31490.0,31490.0,31490.0,0
20120112T,32634.0,32634.0,32634.0,32634.0,0
20120113T,34246.0,34246.0,34246.0,34246.0,0
20120116T,35253.0,35253.0,35253.0,35253.0,0
20120117T,39126.0,39126.0,39126.0,39126.0,0
20120118T,38913.0,38913.0,38913.0,38913.0,0
20120119T,44574.0,44574.0,44574.0,44574.0,0
20120120T,49321.0,49321.0,49321.0,49321.0,0
20120123T,46227.0,46227.0,46227.0,46227.0,0
20120124T,46732.0,46732.0,46732.0,46732.0,0
20120125T,9784.0,9784.0,9784.0,9784.0,0
20120127T,14209.0,14209.0,14209.0,14209.0,0
20120130T,15591.0,15591.0,15591.0,15591.0,0
20120131T,21062.0,21062.0,21062.0,21062.0,0
20120201T,24486.0,24486.0,24486.0,24486.0,0
20120202T,27367.0,27367.0,27367.0,27367.0,0
20120203T,31382.0,31382.0,31382.0,31382.0,0
20120206T,32157.0,32157.0,32157.0,32157.0,0
20120207T,34119.0,34119.0,34119.0,34119.0,0
20120208T,35912.0,35912.0,35912.0,35912.0,0
20120209T,38826.0,38826.0,38826.0,38826.0,0
20120210T,37261.0,37261.0,37261.0,37261.0,0
20120213T,38900.0,38900.0,38900.0,38900.0,0
20120214T,38874.0,38874.0,38874.0,38874.0,0
20120215T,39596.0,39596.0,39596.0,39596.0,0
20120216T,40170.0,40170.0,40170.0,40170.0,0
20120217T,43028.0,43028.0,43028.0,43028.0,0
20120221T,42199.0,42199.0,42199.0,42199.0,0
20120222T,40002.0,40002.0,40002.0,40002.0,0
20120223T,10204.0,10204.0,10204.0,10204.0,0
20120224T,13523.0,13523.0,13523.0,13523.0,0
20120227T,14740.0,14740.0,14740.0,14740.0,0
20120228T,17320.0,17320.0,17320.0,17320.0,0
20120229T,19586.0,19586.0,19586.0,19586.0,0
20120301T,21163.0,21163.0,21163.0,21163.0,0
20120302T,23235.0,23235.0,23235.0,23235.0,0
20120305T,23862.0,23862.0,23862.0,23862.0,0
20120306T,24853.0,24853.0,24853.0,24853.0,0
20120307T,25659.0,25659.0,25659.0,25659.0,0
20120309T,27877.0,27877.0,27877.0,27877.0,0
20120312T,28861.0,28861.0,28861.0,28861.0,0
20120313T,30546.0,30546.0,30546.0,30546.0,0
20120314T,31388.0,31388.0,31388.0,31388.0,0
20120315T,30026.0,30026.0,30026.0,30026.0,0
20120316T,29043.0,29043.0,29043.0,29043.0,0
20120319T,28108.0,28108.0,28108.0,28108.0,0
20120320T,28144.0,28144.0,28144.0,28144.0,0
20120321T,30576.0,30576.0,30576.0,30576.0,0
20120322T,28430.0,28430.0,28430.0,28430.0,0
20120323T,28702.0,28702.0,28702.0,28702.0,0
20120326T,27079.0,27079.0,27079.0,27079.0,0
20120327T,29274.0,29274.0,29274.0,29274.0,0
20120328T,28648.0,28648.0,28648.0,28648.0,0
20120329T,5472.0,5472.0,5472.0,5472.0,0
20120330T,9551.0,9551.0,9551.0,9551.0,0
20120402T,12430.0,12430.0,12430.0,12430.0,0
20120403T,14909.0,14909.0,14909.0,14909.0,0
20120404T,15735.0,15735.0,15735.0,15735.0,0
20120409T,15946.0,15946.0,15946.0,15946.0,0
20120410T,17804.0,17804.0,17804.0,17804.0,0
20120411T,18569.0,18569.0,18569.0,18569.0,0
20120412T,20862.0,20862.0,20862.0,20862.0,0
20120413T,21289.0,21289.0,21289.0,21289.0,0
20120416T,22361.0,22361.0,22361.0,22361.0,0
20120417T,25182.0,25182.0,25182.0,25182.0,0
20120418T,25976.0,25976.0,25976.0,25976.0,0
20120419T,28170.0,28170.0,28170.0,28170.0,0
20120420T,28543.0,28543.0,28543.0,28543.0,0
20120423T,27955.0,27955.0,27955.0,27955.0,0
20120424T,30670.0,30670.0,30670.0,30670.0,0
20120425T,30140.0,30140.0,30140.0,30140.0,0
20120426T,8400.0,8400.0,8400.0,8400.0,0
20120427T,12988.0,12988.0,12988.0,12988.0,0
20120430T,15610.0,15610.0,15610.0,15610.0,0
20120502T,17125.0,17125.0,17125.0,17125.0,0
20120503T,17603.0,17603.0,17603.0,17603.0,0
20120504T,17987.0,17987.0,17987.0,17987.0,0
20120507T,19884.0,19884.0,19884.0,19884.0,0
20120508T,20385.0,20385.0,20385.0,20385.0,0
20120509T,20913.0,20913.0,20913.0,20913.0,0
20120510T,22405.0,22405.0,22405.0,22405.0,0
20120511T,23988.0,23988.0,23988.0,23988.0,0
20120514T,23929.0,23929.0,23929.0,23929.0,0
20120515T,25857.0,25857.0,25857.0,25857.0,0
20120516T,25222.0,25222.0,25222.0,25222.0,0
20120517T,27622.0,27622.0,27622.0,27622.0,0
20120518T,29461.0,29461.0,29461.0,29461.0,0
20120521T,29409.0,29409.0,29409.0,29409.0,0
20120522T,29389.0,29389.0,29389.0,29389.0,0
20120523T,29165.0,29165.0,29165.0,29165.0,0
20120524T,32415.0,32415.0,32415.0,32415.0,0
20120525T,33371.0,33371.0,33371.0,33371.0,0
20120528T,35302.0,35302.0,35302.0,35302.0,0
20120529T,35725.0,35725.0,35725.0,35725.0,0
20120530T,33636.0,33636.0,33636.0,33636.0,0
20120531T,7936.0,7936.0,7936.0,7936.0,0
20120601T,10235.0,10235.0,10235.0,10235.0,0
20120604T,14100.0,14100.0,14100.0,14100.0,0
20120605T,16957.0,16957.0,16957.0,16957.0,0
20120606T,24291.0,24291.0,24291.0,24291.0,0
20120607T,25947.0,25947.0,25947.0,25947.0,0
20120608T,27882.0,27882.0,27882.0,27882.0,0
20120611T,29092.0,29092.0,29092.0,29092.0,0
20120612T,32625.0,32625.0,32625.0,32625.0,0
20120613T,33544.0,33544.0,33544.0,33544.0,0
20120614T,31197.0,31197.0,31197.0,31197.0,0
20120615T,34519.0,34519.0,34519.0,34519.0,0
20120618T,30458.0,30458.0,30458.0,30458.0,0
20120619T,33648.0,33648.0,33648.0,33648.0,0
20120620T,35236.0,35236.0,35236.0,35236.0,0
20120621T,38170.0,38170.0,38170.0,38170.0,0
20120622T,36920.0,36920.0,36920.0,36920.0,0
20120625T,35456.0,35456.0,35456.0,35456.0,0
20120626T,35557.0,35557.0,35557.0,35557.0,0
20120627T,35942.0,35942.0,35942.0,35942.0,0
20120628T,11626.0,11626.0,11626.0,11626.0,0
20120629T,17227.0,17227.0,17227.0,17227.0,0
20120702T,19444.0,19444.0,19444.0,19444.0,0
20120703T,21424.0,21424.0,21424.0,21424.0,0
20120704T,24188.0,24188.0,24188.0,24188.0,0
20120705T,25139.0,25139.0,25139.0,25139.0,0
20120706T,25171.0,25171.0,25171.0,25171.0,0
20120709T,25349.0,25349.0,25349.0,25349.0,0
20120710T,28635.0,28635.0,28635.0,28635.0,0
20120711T,33117.0,33117.0,33117.0,33117.0,0
20120712T,33219.0,33219.0,33219.0,33219.0,0
20120713T,31273.0,31273.0,31273.0,31273.0,0
20120716T,32538.0,32538.0,32538.0,32538.0,0
20120717T,33962.0,33962.0,33962.0,33962.0,0
20120718T,36877.0,36877.0,36877.0,36877.0,0
20120719T,38367.0,38367.0,38367.0,38367.0,0
20120720T,37549.0,37549.0,37549.0,37549.0,0
20120723T,34219.0,34219.0,34219.0,34219.0,0
20120724T,35892.0,35892.0,35892.0,35892.0,0
20120725T,34226.0,34226.0,34226.0,34226.0,0
20120726T,10836.0,10836.0,10836.0,10836.0,0
20120727T,16165.0,16165.0,16165.0,16165.0,0
20120730T,23297.0,23297.0,23297.0,23297.0,0
20120731T,26037.0,26037.0,26037.0,26037.0,0
20120801T,27996.0,27996.0,27996.0,27996.0,0
20120802T,28872.0,28872.0,28872.0,28872.0,0
20120803T,29305.0,29305.0,29305.0,29305.0,0
20120806T,32573.0,32573.0,32573.0,32573.0,0
20120807T,35404.0,35404.0,35404.0,35404.0,0
20120808T,37168.0,37168.0,37168.0,37168.0,0
20120809T,36447.0,36447.0,36447.0,36447.0,0
20120810T,35642.0,35642.0,35642.0,35642.0,0
20120813T,36468.0,36468.0,36468.0,36468.0,0
20120814T,39373.0,39373.0,39373.0,39373.0,0
20120816T,38024.0,38024.0,38024.0,38024.0,0
20120817T,36803.0,36803.0,36803.0,36803.0,0
20120821T,39668.0,39668.0,39668.0,39668.0,0
20120822T,39516.0,39516.0,39516.0,39516.0,0
20120823T,38668.0,38668.0,38668.0,38668.0,0
20120824T,38306.0,38306.0,38306.0,38306.0,0
20120827T,35860.0,35860.0,35860.0,35860.0,0
20120828T,36053.0,36053.0,36053.0,36053.0,0
20120829T,37435.0,37435.0,37435.0,37435.0,0
20120830T,12231.0,12231.0,12231.0,12231.0,0
20120831T,15329.0,15329.0,15329.0,15329.0,0
20120903T,18754.0,18754.0,18754.0,18754.0,0
20120904T,21092.0,21092.0,21092.0,21092.0,0
20120905T,22195.0,22195.0,22195.0,22195.0,0
20120906T,24133.0,24133.0,24133.0,24133.0,0
20120907T,29727.0,29727.0,29727.0,29727.0,0
20120910T,30748.0,30748.0,30748.0,30748.0,0
20120911T,32469.0,32469.0,32469.0,32469.0,0
20120912T,34893.0,34893.0,34893.0,34893.0,0
20120913T,34573.0,34573.0,34573.0,34573.0,0
20120914T,46065.0,46065.0,46065.0,46065.0,0
20120917T,51562.0,51562.0,51562.0,51562.0,0
20120918T,52850.0,52850.0,52850.0,52850.0,0
20120920T,50722.0,50722.0,50722.0,50722.0,0
20120921T,55406.0,55406.0,55406.0,55406.0,0
20120924T,54020.0,54020.0,54020.0,54020.0,0
20120925T,54521.0,54521.0,54521.0,54521.0,0
20120926T,55205.0,55205.0,55205.0,55205.0,0
20120927T,15171.0,15171.0,15171.0,15171.0,0
20120928T,19543.0,19543.0,19543.0,19543.0,0
20121001T,22083.0,22083.0,22083.0,22083.0,0
20121003T,25820.0,25820.0,25820.0,25820.0,0
20121004T,28601.0,28601.0,28601.0,28601.0,0
20121005T,28508.0,28508.0,28508.0,28508.0,0
20121008T,27056.0,27056.0,27056.0,27056.0,0
20121009T,29724.0,29724.0,29724.0,29724.0,0
20121010T,30713.0,30713.0,30713.0,30713.0,0
20121011T,40896.0,40896.0,40896.0,40896.0,0
20121012T,37798.0,37798.0,37798.0,37798.0,0
20121015T,37159.0,37159.0,37159.0,37159.0,0
20121016T,36489.0,36489.0,36489.0,36489.0,0
20121017T,38600.0,38600.0,38600.0,38600.0,0
20121018T,42678.0,42678.0,42678.0,42678.0,0
20121019T,40953.0,40953.0,40953.0,40953.0,0
20121022T,40909.0,40909.0,40909.0,40909.0,0
20121023T,40899.0,40899.0,40899.0,40899.0,0
20121025T,12053.0,12053.0,12053.0,12053.0,0
20121026T,17445.0,17445.0,17445.0,17445.0,0
20121029T,21205.0,21205.0,21205.0,21205.0,0
20121030T,21035.0,21035.0,21035.0,21035.0,0
20121031T,22875.0,22875.0,22875.0,22875.0,0
20121101T,26732.0,26732.0,26732.0,26732.0,0
20121102T,30120.0,30120.0,30120.0,30120.0,0
20121105T,31444.0,31444.0,31444.0,31444.0,0
20121106T,33831.0,33831.0,33831.0,33831.0,0
20121107T,35798.0,35798.0,35798.0,35798.0,0
20121108T,36482.0,36482.0,36482.0,36482.0,0
20121109T,34930.0,34930.0,34930.0,34930.0,0
20121112T,36143.0,36143.0,36143.0,36143.0,0
20121113T,36189.0,36189.0,36189.0,36189.0,0
20121115T,35660.0,35660.0,35660.0,35660.0,0
20121116T,35110.0,35110.0,35110.0,35110.0,0
20121119T,36405.0,36405.0,36405.0,36405.0,0
20121120T,37310.0,37310.0,37310.0,37310.0,0
20121121T,38143.0,38143.0,38143.0,38143.0,0
20121122T,38306.0,38306.0,38306.0,38306.0,0
20121123T,37855.0,37855.0,37855.0,37855.0,0
20121126T,39459.0,39459.0,39459.0,39459.0,0
20121127T,44308.0,44308.0,44308.0,44308.0,0
20121129T,12808.0,12808.0,12808.0,12808.0,0
20121130T,19142.0,19142.0,19142.0,19142.0,0
20121203T,21301.0,21301.0,21301.0,21301.0,0
20121204T,24548.0,24548.0,24548.0,24548.0,0
20121205T,28072.0,28072.0,28072.0,28072.0,0
20121206T,33044.0,33044.0,33044.0,33044.0,0
20121207T,31551.0,31551.0,31551.0,31551.0,0
20121210T,33053.0,33053.0,33053.0,33053.0,0
20121211T,33425.0,33425.0,33425.0,33425.0,0
20121212T,35300.0,35300.0,35300.0,35300.0,0
20121213T,36440.0,36440.0,36440.0,36440.0,0
20121214T,38316.0,38316.0,38316.0,38316.0,0
20121217T,37603.0,37603.0,37603.0,37603.0,0
20121218T,41228.0,41228.0,41228.0,41228.0,0
20121219T,41565.0,41565.0,41565.0,41565.0,0
20121220T,42750.0,42750.0,42750.0,42750.0,0
20121221T,39487.0,39487.0,39487.0,39487.0,0
20121224T,41516.0,41516.0,41516.0,41516.0,0
20121226T,43005.0,43005.0,43005.0,43005.0,0
20121227T,12851.0,12851.0,12851.0,12851.0,0
20121228T,16693.0,16693.0,16693.0,16693.0,0
20121231T,20187.0,20187.0,20187.0,20187.0,0
20130101T,22560.0,22560.0,22560.0,22560.0,0
20130102T,25208.0,25208.0,25208.0,25208.0,0
20130103T,27944.0,27944.0,27944.0,27944.0,0
20130104T,30661.0,30661.0,30661.0,30661.0,0
20130107T,31935.0,31935.0,31935.0,31935.0,0
20130108T,33258.0,33258.0,33258.0,33258.0,0
20130109T,34156.0,34156.0,34156.0,34156.0,0
20130110T,38191.0,38191.0,38191.0,38191.0,0
20130111T,42565.0,42565.0,42565.0,42565.0,0
20130114T,46417.0,46417.0,46417.0,46417.0,0
20130115T,45399.0,45399.0,45399.0,45399.0,0
20130116T,43952.0,43952.0,43952.0,43952.0,0
20130117T,44972.0,44972.0,44972.0,44972.0,0
20130118T,48847.0,48847.0,48847.0,48847.0,0
20130121T,49400.0,49400.0,49400.0,49400.0,0
20130122T,49555.0,49555.0,49555.0,49555.0,0
20130123T,49620.0,49620.0,49620.0,49620.0,0
20130124T,46052.0,46052.0,46052.0,46052.0,0
20130125T,46770.0,46770.0,46770.0,46770.0,0
20130128T,47353.0,47353.0,47353.0,47353.0,0
20130129T,46247.0,46247.0,46247.0,46247.0,0
20130130T,47481.0,47481.0,47481.0,47481.0,0
20130131T,15083.0,15083.0,15083.0,15083.0,0
20130201T,19162.0,19162.0,19162.0,19162.0,0
20130204T,21069.0,21069.0,21069.0,21069.0,0
20130205T,23159.0,23159.0,23159.0,23159.0,0
20130206T,26728.0,26728.0,26728.0,26728.0,0
20130207T,28020.0,28020.0,28020.0,28020.0,0
20130208T,28985.0,28985.0,28985.0,28985.0,0
20130211T,30806.0,30806.0,30806.0,30806.0,0
20130212T,31902.0,31902.0,31902.0,31902.0,0
20130213T,33477.0,33477.0,33477.0,33477.0,0
20130214T,34179.0,34179.0,34179.0,34179.0,0
20130215T,34521.0,34521.0,34521.0,34521.0,0
20130218T,33914.0,33914.0,33914.0,33914.0,0
20130219T,35595.0,35595.0,35595.0,35595.0,0
20130220T,35549.0,35549.0,35549.0,35549.0,0
20130221T,33699.0,33699.0,33699.0,33699.0,0
20130222T,34433.0,34433.0,34433.0,34433.0,0
20130225T,34828.0,34828.0,34828.0,34828.0,0
20130226T,37001.0,37001.0,37001.0,37001.0,0
20130227T,40338.0,40338.0,40338.0,40338.0,0
20130228T,11740.0,11740.0,11740.0,11740.0,0
20130301T,15730.0,15730.0,15730.0,15730.0,0
20130304T,16785.0,16785.0,16785.0,16785.0,0
20130305T,19987.0,19987.0,19987.0,19987.0,0
20130306T,22491.0,22491.0,22491.0,22491.0,0
20130307T,24655.0,24655.0,24655.0,24655.0,0
20130308T,26368.0,26368.0,26368.0,26368.0,0
20130311T,27084.0,27084.0,27084.0,27084.0,0
20130312T,26324.0,26324.0,26324.0,26324.0,0
20130313T,25513.0,25513.0,25513.0,25513.0,0
20130314T,27787.0,27787.0,27787.0,27787.0,0
20130315T,26017.0,26017.0,26017.0,26017.0,0
20130318T,26131.0,26131.0,26131.0,26131.0,0
20130319T,25093.0,25093.0,25093.0,25093.0,0
20130320T,26575.0,26575.0,26575.0,26575.0,0
20130321T,28937.0,28937.0,28937.0,28937.0,0
20130322T,31238.0,31238.0,31238.0,31238.0,0
20130325T,32499.0,32499.0,32499.0,32499.0,0
20130326T,33723.0,33723.0,33723.0,33723.0,0
20130328T,11431.0,11431.0,11431.0,11431.0,0
20130401T,15905.0,15905.0,15905.0,15905.0,0
20130402T,20152.0,20152.0,20152.0,20152.0,0
20130403T,20234.0,20234.0,20234.0,20234.0,0
20130404T,21947.0,21947.0,21947.0,21947.0,0
20130405T,21422.0,21422.0,21422.0,21422.0,0
20130408T,22765.0,22765.0,22765.0,22765.0,0
20130409T,25490.0,25490.0,25490.0,25490.0,0
20130410T,29295.0,29295.0,29295.0,29295.0,0
20130411T,40095.0,40095.0,40095.0,40095.0,0
20130412T,33459.0,33459.0,33459.0,33459.0,0
20130415T,35641.0,35641.0,35641.0,35641.0,0
20130416T,41161.0,41161.0,41161.0,41161.0,0
20130417T,43195.0,43195.0,43195.0,43195.0,0
20130418T,46969.0,46969.0,46969.0,46969.0,0
20130422T,47206.0,47206.0,47206.0,47206.0,0
20130423T,47304.0,47304.0,47304.0,47304.0,0
20130425T,14550.0,14550.0,14550.0,14550.0,0
20130426T,19987.0,19987.0,19987.0,19987.0,0
20130429T,24021.0,24021.0,24021.0,24021.0,0
20130430T,30008.0,30008.0,30008.0,30008.0,0
20130502T,34713.0,34713.0,34713.0,34713.0,0
20130503T,34124.0,34124.0,34124.0,34124.0,0
20130506T,36233.0,36233.0,36233.0,36233.0,0
20130507T,38496.0,38496.0,38496.0,38496.0,0
20130508T,39011.0,39011.0,39011.0,39011.0,0
20130509T,40665.0,40665.0,40665.0,40665.0,0
20130510T,41771.0,41771.0,41771.0,41771.0,0
20130513T,38405.0,38405.0,38405.0,38405.0,0
20130514T,39251.0,39251.0,39251.0,39251.0,0
20130515T,45423.0,45423.0,45423.0,45423.0,0
20130516T,45423.0,45423.0,45423.0,45423.0,0
20130517T,45968.0,45968.0,45968.0,45968.0,0
20130520T,45338.0,45338.0,45338.0,45338.0,0
20130521T,43765.0,43765.0,43765.0,43765.0,0
20130522T,43991.0,43991.0,43991.0,43991.0,0
20130523T,48356.0,48356.0,48356.0,48356.0,0
20130524T,48570.0,48570.0,48570.0,48570.0,0
20130527T,51700.0,51700.0,51700.0,51700.0,0
20130528T,52240.0,52240.0,52240.0,52240.0,0
20130529T,51712.0,51712.0,51712.0,51712.0,0
20130530T,11705.0,11705.0,11705.0,11705.0,0
20130531T,14845.0,14845.0,14845.0,14845.0,0
20130603T,17469.0,17469.0,17469.0,17469.0,0
20130604T,19639.0,19639.0,19639.0,19639.0,0
20130605T,21046.0,21046.0,21046.0,21046.0,0
20130606T,22720.0,22720.0,22720.0,22720.0,0
20130607T,23321.0,23321.0,23321.0,23321.0,0
20130610T,24044.0,24044.0,24044.0,24044.0,0
20130611T,24671.0,24671.0,24671.0,24671.0,0
20130612T,25271.0,25271.0,25271.0,25271.0,0
20130613T,26529.0,26529.0,26529.0,26529.0,0
20130614T,28439.0,28439.0,28439.0,28439.0,0
20130617T,28906.0,28906.0,28906.0,28906.0,0
20130618T,30237.0,30237.0,30237.0,30237.0,0
20130619T,30587.0,30587.0,30587.0,30587.0,0
20130620T,29231.0,29231.0,29231.0,29231.0,0
20130621T,30335.0,30335.0,30335.0,30335.0,0
20130624T,32525.0,32525.0,32525.0,32525.0,0
20130625T,35351.0,35351.0,35351.0,35351.0,0
20130626T,34885.0,34885.0,34885.0,34885.0,0
20130627T,11901.0,11901.0,11901.0,11901.0,0
20130628T,19544.0,19544.0,19544.0,19544.0,0
20130701T,26223.0,26223.0,26223.0,26223.0,0
20130702T,26876.0,26876.0,26876.0,26876.0,0
20130703T,27134.0,27134.0,27134.0,27134.0,0
20130704T,30795.0,30795.0,30795.0,30795.0,0
20130705T,31788.0,31788.0,31788.0,31788.0,0
20130708T,33708.0,33708.0,33708.0,33708.0,0
20130709T,37067.0,37067.0,37067.0,37067.0,0
20130710T,38475.0,38475.0,38475.0,38475.0,0
20130711T,53995.0,53995.0,53995.0,53995.0,0
20130712T,44377.0,44377.0,44377.0,44377.0,0
20130715T,44141.0,44141.0,44141.0,44141.0,0
20130716T,41739.0,41739.0,41739.0,41739.0,0
20130717T,45048.0,45048.0,45048.0,45048.0,0
20130718T,51769.0,51769.0,51769.0,51769.0,0
20130719T,53575.0,53575.0,53575.0,53575.0,0
20130722T,53245.0,53245.0,53245.0,53245.0,0
20130723T,54161.0,54161.0,54161.0,54161.0,0
20130724T,52544.0,52544.0,52544.0,52544.0,0
20130725T,14096.0,14096.0,14096.0,14096.0,0
20130726T,18190.0,18190.0,18190.0,18190.0,0
20130729T,20999.0,20999.0,20999.0,20999.0,0
20130730T,22421.0,22421.0,22421.0,22421.0,0
20130731T,27598.0,27598.0,27598.0,27598.0,0
20130801T,31762.0,31762.0,31762.0,31762.0,0
20130802T,33509.0,33509.0,33509.0,33509.0,0
20130805T,37756.0,37756.0,37756.0,37756.0,0
20130806T,36868.0,36868.0,36868.0,36868.0,0
20130807T,42027.0,42027.0,42027.0,42027.0,0
20130808T,44160.0,44160.0,44160.0,44160.0,0
20130812T,44093.0,44093.0,44093.0,44093.0,0
20130813T,46996.0,46996.0,46996.0,46996.0,0
20130814T,47680.0,47680.0,47680.0,47680.0,0
20130816T,40870.0,40870.0,40870.0,40870.0,0
20130819T,42796.0,42796.0,42796.0,42796.0,0
20130820T,45092.0,45092.0,45092.0,45092.0,0
20130821T,43644.0,43644.0,43644.0,43644.0,0
20130822T,0.0,0.0,0.0,0.0,0
20130823T,48745.0,48745.0,48745.0,48745.0,0
20130826T,49660.0,49660.0,49660.0,49660.0,0
20130827T,47032.0,47032.0,47032.0,47032.0,0
20130828T,52823.0,52823.0,52823.0,52823.0,0
20130829T,13105.0,13105.0,13105.0,13105.0,0
20130830T,18663.0,18663.0,18663.0,18663.0,0
20130902T,26554.0,26554.0,26554.0,26554.0,0
20130903T,23881.0,23881.0,23881.0,23881.0,0
20130904T,27531.0,27531.0,27531.0,27531.0,0
20130905T,36155.0,36155.0,36155.0,36155.0,0
20130906T,41915.0,41915.0,41915.0,41915.0,0
20130910T,47696.0,47696.0,47696.0,47696.0,0
20130911T,51047.0,51047.0,51047.0,51047.0,0
20130912T,47987.0,47987.0,47987.0,47987.0,0
20130913T,48831.0,48831.0,48831.0,48831.0,0
20130916T,48830.0,48830.0,48830.0,48830.0,0
20130917T,48181.0,48181.0,48181.0,48181.0,0
20130918T,49749.0,49749.0,49749.0,49749.0,0
20130919T,54231.0,54231.0,54231.0,54231.0,0
20130920T,53126.0,53126.0,53126.0,53126.0,0
20130923T,48793.0,48793.0,48793.0,48793.0,0
20130924T,49766.0,49766.0,49766.0,49766.0,0
20130925T,51577.0,51577.0,51577.0,51577.0,0
20130926T,14237.0,14237.0,14237.0,14237.0,0
20130927T,20916.0,20916.0,20916.0,20916.0,0
20130930T,23187.0,23187.0,23187.0,23187.0,0
20131001T,26922.0,26922.0,26922.0,26922.0,0
20131003T,31519.0,31519.0,31519.0,31519.0,0
20131004T,34090.0,34090.0,34090.0,34090.0,0
20131007T,37086.0,37086.0,37086.0,37086.0,0
20131008T,36814.0,36814.0,36814.0,36814.0,0
20131010T,50355.0,50355.0,50355.0,50355.0,0
20131011T,45961.0,45961.0,45961.0,45961.0,0
20131014T,48048.0,48048.0,48048.0,48048.0,0
20131015T,48057.0,48057.0,48057.0,48057.0,0
20131017T,46467.0,46467.0,46467.0,46467.0,0
20131018T,52549.0,52549.0,52549.0,52549.0,0
20131021T,55438.0,55438.0,55438.0,55438.0,0
20131022T,57272.0,57272.0,57272.0,57272.0,0
20131023T,55132.0,55132.0,55132.0,55132.0,0
20131024T,54085.0,54085.0,54085.0,54085.0,0
20131025T,52705.0,52705.0,52705.0,52705.0,0
20131028T,50511.0,50511.0,50511.0,50511.0,0
20131029T,57469.0,57469.0,57469.0,57469.0,0
20131030T,56891.0,56891.0,56891.0,56891.0,0
20131031T,15520.0,15520.0,15520.0,15520.0,0
20131101T,23031.0,23031.0,23031.0,23031.0,0
20131105T,26307.0,26307.0,26307.0,26307.0,0
20131106T,25650.0,25650.0,25650.0,25650.0,0
20131107T,27417.0,27417.0,27417.0,27417.0,0
20131108T,28865.0,28865.0,28865.0,28865.0,0
20131111T,28696.0,28696.0,28696.0,28696.0,0
20131112T,31103.0,31103.0,31103.0,31103.0,0
20131113T,32782.0,32782.0,32782.0,32782.0,0
20131114T,35342.0,35342.0,35342.0,35342.0,0
20131118T,39074.0,39074.0,39074.0,39074.0,0
20131119T,41749.0,41749.0,41749.0,41749.0,0
20131120T,39394.0,39394.0,39394.0,39394.0,0
20131121T,36244.0,36244.0,36244.0,36244.0,0
20131122T,38376.0,38376.0,38376.0,38376.0,0
20131125T,43162.0,43162.0,43162.0,43162.0,0
20131126T,43878.0,43878.0,43878.0,43878.0,0
20131127T,44198.0,44198.0,44198.0,44198.0,0
20131128T,12260.0,12260.0,12260.0,12260.0,0
20131129T,18919.0,18919.0,18919.0,18919.0,0
20131202T,23360.0,23360.0,23360.0,23360.0,0
20131203T,25279.0,25279.0,25279.0,25279.0,0
20131204T,24422.0,24422.0,24422.0,24422.0,0
20131205T,28108.0,28108.0,28108.0,28108.0,0
20131206T,29593.0,29593.0,29593.0,29593.0,0
20131209T,34119.0,34119.0,34119.0,34119.0,0
20131210T,34053.0,34053.0,34053.0,34053.0,0
20131211T,33041.0,33041.0,33041.0,33041.0,0
20131212T,32416.0,32416.0,32416.0,32416.0,0
20131213T,31257.0,31257.0,31257.0,31257.0,0
20131216T,32192.0,32192.0,32192.0,32192.0,0
20131217T,34578.0,34578.0,34578.0,34578.0,0
20131218T,39937.0,39937.0,39937.0,39937.0,0
20131219T,40601.0,40601.0,40601.0,40601.0,0
20131220T,46479.0,46479.0,46479.0,46479.0,0
20131223T,45848.0,45848.0,45848.0,45848.0,0
20131224T,45866.0,45866.0,45866.0,45866.0,0
20131226T,13564.0,13564.0,13564.0,13564.0,0
20131227T,17039.0,17039.0,17039.0,17039.0,0
20131230T,19439.0,19439.0,19439.0,19439.0,0
20131231T,22677.0,22677.0,22677.0,22677.0,0
20140101T,24128.0,24128.0,24128.0,24128.0,0
20140102T,25740.0,25740.0,25740.0,25740.0,0
20140103T,28043.0,28043.0,28043.0,28043.0,0
20140106T,29308.0,29308.0,29308.0,29308.0,0
20140107T,27960.0,27960.0,27960.0,27960.0,0
20140108T,29484.0,29484.0,29484.0,29484.0,0
20140109T,34401.0,34401.0,34401.0,34401.0,0
20140110T,32968.0,32968.0,32968.0,32968.0,0
20140113T,37168.0,37168.0,37168.0,37168.0,0
20140114T,36621.0,36621.0,36621.0,36621.0,0
20140115T,39018.0,39018.0,39018.0,39018.0,0
20140116T,40005.0,40005.0,40005.0,40005.0,0
20140117T,38924.0,38924.0,38924.0,38924.0,0
20140120T,40955.0,40955.0,40955.0,40955.0,0
20140121T,40922.0,40922.0,40922.0,40922.0,0
20140122T,41640.0,41640.0,41640.0,41640.0,0
20140123T,40637.0,40637.0,40637.0,40637.0,0
20140124T,37560.0,37560.0,37560.0,37560.0,0
20140127T,35888.0,35888.0,35888.0,35888.0,0
20140128T,35364.0,35364.0,35364.0,35364.0,0
20140129T,36068.0,36068.0,36068.0,36068.0,0
20140130T,10245.0,10245.0,10245.0,10245.0,0
20140131T,13791.0,13791.0,13791.0,13791.0,0
20140203T,15727.0,15727.0,15727.0,15727.0,0
20140204T,19877.0,19877.0,19877.0,19877.0,0
20140205T,21318.0,21318.0,21318.0,21318.0,0
20140206T,21916.0,21916.0,21916.0,21916.0,0
20140207T,24227.0,24227.0,24227.0,24227.0,0
20140210T,25192.0,25192.0,25192.0,25192.0,0
20140211T,26298.0,26298.0,26298.0,26298.0,0
20140212T,26427.0,26427.0,26427.0,26427.0,0
20140213T,25155.0,25155.0,25155.0,25155.0,0
20140214T,26737.0,26737.0,26737.0,26737.0,0
20140217T,27002.0,27002.0,27002.0,27002.0,0
20140218T,30668.0,30668.0,30668.0,30668.0,0
20140219T,31521.0,31521.0,31521.0,31521.0,0
20140220T,30539.0,30539.0,30539.0,30539.0,0
20140221T,33129.0,33129.0,33129.0,33129.0,0
20140225T,36932.0,36932.0,36932.0,36932.0,0
20140226T,13725.0,13725.0,13725.0,13725.0,0
20140228T,17903.0,17903.0,17903.0,17903.0,0
20140303T,19322.0,19322.0,19322.0,19322.0,0
20140304T,23916.0,23916.0,23916.0,23916.0,0
20140305T,26301.0,26301.0,26301.0,26301.0,0
20140306T,31138.0,31138.0,31138.0,31138.0,0
20140307T,41087.0,41087.0,41087.0,41087.0,0
20140310T,43103.0,43103.0,43103.0,43103.0,0
20140311T,43253.0,43253.0,43253.0,43253.0,0
20140312T,43665.0,43665.0,43665.0,43665.0,0
20140313T,45196.0,45196.0,45196.0,45196.0,0
20140314T,46358.0,46358.0,46358.0,46358.0,0
20140318T,46271.0,46271.0,46271.0,46271.0,0
20140319T,50322.0,50322.0,50322.0,50322.0,0
20140320T,49062.0,49062.0,49062.0,49062.0,0
20140321T,49657.0,49657.0,49657.0,49657.0,0
20140324T,50332.0,50332.0,50332.0,50332.0,0
20140325T,51652.0,51652.0,51652.0,51652.0,0
20140326T,54097.0,54097.0,54097.0,54097.0,0
20140327T,12054.0,12054.0,12054.0,12054.0,0
20140328T,17954.0,17954.0,17954.0,17954.0,0
20140331T,21618.0,21618.0,21618.0,21618.0,0
20140401T,24546.0,24546.0,24546.0,24546.0,0
20140402T,27925.0,27925.0,27925.0,27925.0,0
20140403T,28165.0,28165.0,28165.0,28165.0,0
20140404T,30414.0,30414.0,30414.0,30414.0,0
20140407T,31458.0,31458.0,31458.0,31458.0,0
20140409T,37579.0,37579.0,37579.0,37579.0,0
20140410T,40501.0,40501.0,40501.0,40501.0,0
20140411T,42608.0,42608.0,42608.0,42608.0,0
20140415T,41989.0,41989.0,41989.0,41989.0,0
20140416T,40694.0,40694.0,40694.0,40694.0,0
20140417T,43026.0,43026.0,43026.0,43026.0,0
20140421T,43164.0,43164.0,43164.0,43164.0,0
20140422T,43311.0,43311.0,43311.0,43311.0,0
20140423T,14598.0,14598.0,14598.0,14598.0,0
20140425T,19269.0,19269.0,19269.0,19269.0,0
20140428T,23459.0,23459.0,23459.0,23459.0,0
20140429T,25513.0,25513.0,25513.0,25513.0,0
20140430T,26399.0,26399.0,26399.0,26399.0,0
20140502T,28730.0,28730.0,28730.0,28730.0,0
20140505T,31467.0,31467.0,31467.0,31467.0,0
20140506T,31545.0,31545.0,31545.0,31545.0,0
20140507T,31615.0,31615.0,31615.0,31615.0,0
20140508T,33402.0,33402.0,33402.0,33402.0,0
20140509T,41609.0,41609.0,41609.0,41609.0,0
20140512T,42009.0,42009.0,42009.0,42009.0,0
20140513T,41779.0,41779.0,41779.0,41779.0,0
20140514T,43086.0,43086.0,43086.0,43086.0,0
20140515T,44880.0,44880.0,44880.0,44880.0,0
20140516T,47674.0,47674.0,47674.0,47674.0,0
20140519T,57809.0,57809.0,57809.0,57809.0,0
20140520T,61499.0,61499.0,61499.0,61499.0,0
20140521T,63992.0,63992.0,63992.0,63992.0,0
20140522T,67205.0,67205.0,67205.0,67205.0,0
20140523T,72185.0,72185.0,72185.0,72185.0,0
20140526T,68995.0,68995.0,68995.0,68995.0,0
20140527T,67194.0,67194.0,67194.0,67194.0,0
20140528T,69080.0,69080.0,69080.0,69080.0,0
20140529T,10502.0,10502.0,10502.0,10502.0,0
20140530T,17173.0,17173.0,17173.0,17173.0,0
20140602T,23499.0,23499.0,23499.0,23499.0,0
20140603T,25801.0,25801.0,25801.0,25801.0,0
20140604T,28457.0,28457.0,28457.0,28457.0,0
20140605T,33142.0,33142.0,33142.0,33142.0,0
20140606T,37072.0,37072.0,37072.0,37072.0,0
20140609T,40106.0,40106.0,40106.0,40106.0,0
20140610T,41495.0,41495.0,41495.0,41495.0,0
20140611T,42246.0,42246.0,42246.0,42246.0,0
20140612T,44046.0,44046.0,44046.0,44046.0,0
20140613T,42831.0,42831.0,42831.0,42831.0,0
20140616T,44651.0,44651.0,44651.0,44651.0,0
20140617T,47491.0,47491.0,47491.0,47491.0,0
20140618T,46171.0,46171.0,46171.0,46171.0,0
20140619T,46482.0,46482.0,46482.0,46482.0,0
20140620T,47257.0,47257.0,47257.0,47257.0,0
20140623T,49505.0,49505.0,49505.0,49505.0,0
20140624T,54366.0,54366.0,54366.0,54366.0,0
20140625T,55496.0,55496.0,55496.0,55496.0,0
20140626T,15713.0,15713.0,15713.0,15713.0,0
20140627T,21102.0,21102.0,21102.0,21102.0,0
20140630T,27053.0,27053.0,27053.0,27053.0,0
20140701T,31834.0,31834.0,31834.0,31834.0,0
20140702T,37947.0,37947.0,37947.0,37947.0,0
20140703T,38150.0,38150.0,38150.0,38150.0,0
20140704T,38984.0,38984.0,38984.0,38984.0,0
20140707T,39283.0,39283.0,39283.0,39283.0,0
20140708T,38768.0,38768.0,38768.0,38768.0,0
20140709T,38853.0,38853.0,38853.0,38853.0,0
20140710T,41303.0,41303.0,41303.0,41303.0,0
20140711T,38670.0,38670.0,38670.0,38670.0,0
20140714T,40510.0,40510.0,40510.0,40510.0,0
20140715T,43688.0,43688.0,43688.0,43688.0,0
20140716T,48965.0,48965.0,48965.0,48965.0,0
20140718T,50968.0,50968.0,50968.0,50968.0,0
20140721T,49585.0,49585.0,49585.0,49585.0,0
20140722T,52915.0,52915.0,52915.0,52915.0,0
20140723T,52195.0,52195.0,52195.0,52195.0,0
20140724T,54128.0,54128.0,54128.0,54128.0,0
20140725T,52874.0,52874.0,52874.0,52874.0,0
20140728T,53215.0,53215.0,53215.0,53215.0,0
20140730T,58594.0,58594.0,58594.0,58594.0,0
20140731T,11265.0,11265.0,11265.0,11265.0,0
20140801T,17366.0,17366.0,17366.0,17366.0,0
20140804T,22355.0,22355.0,22355.0,22355.0,0
20140805T,26537.0,26537.0,26537.0,26537.0,0
20140806T,26425.0,26425.0,26425.0,26425.0,0
20140807T,26073.0,26073.0,26073.0,26073.0,0
20140808T,24490.0,24490.0,24490.0,24490.0,0
20140811T,27179.0,27179.0,27179.0,27179.0,0
20140812T,30698.0,30698.0,30698.0,30698.0,0
20140813T,32144.0,32144.0,32144.0,32144.0,0
20140814T,37418.0,37418.0,37418.0,37418.0,0
20140818T,40339.0,40339.0,40339.0,40339.0,0
20140819T,42140.0,42140.0,42140.0,42140.0,0
20140820T,43128.0,43128.0,43128.0,43128.0,0
20140821T,45050.0,45050.0,45050.0,45050.0,0
20140822T,48685.0,48685.0,48685.0,48685.0,0
20140825T,49793.0,49793.0,49793.0,49793.0,0
20140826T,50769.0,50769.0,50769.0,50769.0,0
20140827T,54378.0,54378.0,54378.0,54378.0,0
20140828T,15003.0,15003.0,15003.0,15003.0,0
20140901T,22722.0,22722.0,22722.0,22722.0,0
20140902T,26695.0,26695.0,26695.0,26695.0,0
20140903T,28552.0,28552.0,28552.0,28552.0,0
20140904T,30148.0,30148.0,30148.0,30148.0,0
20140905T,30303.0,30303.0,30303.0,30303.0,0
20140908T,33305.0,33305.0,33305.0,33305.0,0
20140909T,34547.0,34547.0,34547.0,34547.0,0
20140910T,35556.0,35556.0,35556.0,35556.0,0
20140911T,37193.0,37193.0,37193.0,37193.0,0
20140912T,39317.0,39317.0,39317.0,39317.0,0
20140915T,38295.0,38295.0,38295.0,38295.0,0
20140916T,35186.0,35186.0,35186.0,35186.0,0
20140917T,36022.0,36022.0,36022.0,36022.0,0
20140918T,41357.0,41357.0,41357.0,41357.0,0
20140919T,41812.0,41812.0,41812.0,41812.0,0
20140922T,44145.0,44145.0,44145.0,44145.0,0
20140923T,40710.0,40710.0,40710.0,40710.0,0
20140924T,41039.0,41039.0,41039.0,41039.0,0
20140925T,13208.0,13208.0,13208.0,13208.0,0
20140926T,19630.0,19630.0,19630.0,19630.0,0
20140929T,22761.0,22761.0,22761.0,22761.0,0
20140930T,24482.0,24482.0,24482.0,24482.0,0
20141001T,26059.0,26059.0,26059.0,26059.0,0
20141007T,25449.0,25449.0,25449.0,25449.0,0
20141008T,27887.0,27887.0,27887.0,27887.0,0
20141009T,37004.0,37004.0,37004.0,37004.0,0
20141010T,34876.0,34876.0,34876.0,34876.0,0
20141013T,36830.0,36830.0,36830.0,36830.0,0
20141014T,40940.0,40940.0,40940.0,40940.0,0
20141016T,41216.0,41216.0,41216.0,41216.0,0
20141017T,43656.0,43656.0,43656.0,43656.0,0
20141020T,47455.0,47455.0,47455.0,47455.0,0
20141021T,50498.0,50498.0,50498.0,50498.0,0
20141022T,52541.0,52541.0,52541.0,52541.0,0
20141023T,53501.0,53501.0,53501.0,53501.0,0
20141027T,52029.0,52029.0,52029.0,52029.0,0
20141028T,54338.0,54338.0,54338.0,54338.0,0
20141029T,57954.0,57954.0,57954.0,57954.0,0
20141030T,20357.0,20357.0,20357.0,20357.0,0
20141031T,34760.0,34760.0,34760.0,34760.0,0
20141103T,38950.0,38950.0,38950.0,38950.0,0
20141105T,40869.0,40869.0,40869.0,40869.0,0
20141107T,44821.0,44821.0,44821.0,44821.0,0
20141110T,45159.0,45159.0,45159.0,45159.0,0
20141111T,46573.0,46573.0,46573.0,46573.0,0
20141112T,50386.0,50386.0,50386.0,50386.0,0
20141113T,49603.0,49603.0,49603.0,49603.0,0
20141114T,51989.0,51989.0,51989.0,51989.0,0
20141117T,55335.0,55335.0,55335.0,55335.0,0
20141118T,56838.0,56838.0,56838.0,56838.0,0
20141119T,54232.0,54232.0,54232.0,54232.0,0
20141120T,54797.0,54797.0,54797.0,54797.0,0
20141121T,57658.0,57658.0,57658.0,57658.0,0
20141124T,60746.0,60746.0,60746.0,60746.0,0
20141125T,58219.0,58219.0,58219.0,58219.0,0
20141126T,60865.0,60865.0,60865.0,60865.0,0
20141127T,18420.0,18420.0,18420.0,18420.0,0
20141128T,27183.0,27183.0,27183.0,27183.0,0
20141201T,29867.0,29867.0,29867.0,29867.0,0
20141202T,34085.0,34085.0,34085.0,34085.0,0
20141203T,37217.0,37217.0,37217.0,37217.0,0
20141204T,40169.0,40169.0,40169.0,40169.0,0
20141205T,40652.0,40652.0,40652.0,40652.0,0
20141208T,39653.0,39653.0,39653.0,39653.0,0
20141209T,38010.0,38010.0,38010.0,38010.0,0
20141210T,40764.0,40764.0,40764.0,40764.0,0
20141211T,41114.0,41114.0,41114.0,41114.0,0
20141212T,39851.0,39851.0,39851.0,39851.0,0
20141215T,40551.0,40551.0,40551.0,40551.0,0
20141216T,40504.0,40504.0,40504.0,40504.0,0
20141217T,42077.0,42077.0,42077.0,42077.0,0
20141218T,47148.0,47148.0,47148.0,47148.0,0
20141219T,50397.0,50397.0,50397.0,50397.0,0
20141222T,55084.0,55084.0,55084.0,55084.0,0
20141223T,52948.0,52948.0,52948.0,52948.0,0
20141224T,18339.0,18339.0,18339.0,18339.0,0
20141226T,26332.0,26332.0,26332.0,26332.0,0
20141229T,31120.0,31120.0,31120.0,31120.0,0
20141230T,33461.0,33461.0,33461.0,33461.0,0
20141231T,36228.0,36228.0,36228.0,36228.0,0
20150101T,38202.0,38202.0,38202.0,38202.0,0
20150102T,43838.0,43838.0,43838.0,43838.0,0
20150105T,46142.0,46142.0,46142.0,46142.0,0
20150106T,41326.0,41326.0,41326.0,41326.0,0
20150107T,42525.0,42525.0,42525.0,42525.0,0
20150108T,46805.0,46805.0,46805.0,46805.0,0
20150109T,49238.0,49238.0,49238.0,49238.0,0
20150112T,51747.0,51747.0,51747.0,51747.0,0
20150113T,50781.0,50781.0,50781.0,50781.0,0
20150114T,51798.0,51798.0,51798.0,51798.0,0
20150115T,63984.0,63984.0,63984.0,63984.0,0
20150116T,63977.0,63977.0,63977.0,63977.0,0
20150119T,65827.0,65827.0,65827.0,65827.0,0
20150120T,68946.0,68946.0,68946.0,68946.0,0
20150121T,72593.0,72593.0,72593.0,72593.0,0
20150122T,74317.0,74317.0,74317.0,74317.0,0
20150123T,73388.0,73388.0,73388.0,73388.0,0
20150127T,74540.0,74540.0,74540.0,74540.0,0
20150128T,76090.0,76090.0,76090.0,76090.0,0
20150129T,23294.0,23294.0,23294.0,23294.0,0
20150130T,32394.0,32394.0,32394.0,32394.0,0
20150202T,38120.0,38120.0,38120.0,38120.0,0
20150203T,42797.0,42797.0,42797.0,42797.0,0
20150204T,45861.0,45861.0,45861.0,45861.0,0
20150205T,47696.0,47696.0,47696.0,47696.0,0
20150206T,50047.0,50047.0,50047.0,50047.0,0
20150209T,49459.0,49459.0,49459.0,49459.0,0
20150210T,50638.0,50638.0,50638.0,50638.0,0
20150211T,52870.0,52870.0,52870.0,52870.0,0
20150212T,55545.0,55545.0,55545.0,55545.0,0
20150213T,57168.0,57168.0,57168.0,57168.0,0
20150216T,55991.0,55991.0,55991.0,55991.0,0
20150218T,55594.0,55594.0,55594.0,55594.0,0
20150219T,58781.0,58781.0,58781.0,58781.0,0
20150220T,59045.0,59045.0,59045.0,59045.0,0
20150223T,58761.0,58761.0,58761.0,58761.0,0
20150224T,60462.0,60462.0,60462.0,60462.0,0
20150225T,59491.0,59491.0,59491.0,59491.0,0
20150226T,17161.0,17161.0,17161.0,17161.0,0
20150227T,31304.0,31304.0,31304.0,31304.0,0
20150302T,43448.0,43448.0,43448.0,43448.0,0
20150303T,46789.0,46789.0,46789.0,46789.0,0
20150304T,47160.0,47160.0,47160.0,47160.0,0
20150305T,48802.0,48802.0,48802.0,48802.0,0
20150309T,46746.0,46746.0,46746.0,46746.0,0
20150310T,48407.0,48407.0,48407.0,48407.0,0
20150311T,49003.0,49003.0,49003.0,49003.0,0
20150312T,50948.0,50948.0,50948.0,50948.0,0
20150313T,48255.0,48255.0,48255.0,48255.0,0
20150316T,49838.0,49838.0,49838.0,49838.0,0
20150317T,51266.0,51266.0,51266.0,51266.0,0
20150318T,51316.0,51316.0,51316.0,51316.0,0
20150319T,50968.0,50968.0,50968.0,50968.0,0
20150320T,51704.0,51704.0,51704.0,51704.0,0
20150323T,53404.0,53404.0,53404.0,53404.0,0
20150324T,56904.0,56904.0,56904.0,56904.0,0
20150325T,57113.0,57113.0,57113.0,57113.0,0
20150326T,17316.0,17316.0,17316.0,17316.0,0
20150327T,23023.0,23023.0,23023.0,23023.0,0
20150330T,29385.0,29385.0,29385.0,29385.0,0
20150331T,31860.0,31860.0,31860.0,31860.0,0
20150401T,38230.0,38230.0,38230.0,38230.0,0
20150406T,42857.0,42857.0,42857.0,42857.0,0
20150407T,44775.0,44775.0,44775.0,44775.0,0
20150408T,50237.0,50237.0,50237.0,50237.0,0
20150409T,53243.0,53243.0,53243.0,53243.0,0
20150410T,57350.0,57350.0,57350.0,57350.0,0
20150413T,61691.0,61691.0,61691.0,61691.0,0
20150415T,61328.0,61328.0,61328.0,61328.0,0
20150416T,62097.0,62097.0,62097.0,62097.0,0
20150417T,62222.0,62222.0,62222.0,62222.0,0
20150420T,60176.0,60176.0,60176.0,60176.0,0
20150421T,63481.0,63481.0,63481.0,63481.0,0
20150422T,65425.0,65425.0,65425.0,65425.0,0
20150423T,67108.0,67108.0,67108.0,67108.0,0
20150424T,66340.0,66340.0,66340.0,66340.0,0
20150427T,66823.0,66823.0,66823.0,66823.0,0
20150428T,72645.0,72645.0,72645.0,72645.0,0
20150429T,73195.0,73195.0,73195.0,73195.0,0
20150430T,23033.0,23033.0,23033.0,23033.0,0
20150504T,31244.0,31244.0,31244.0,31244.0,0
20150505T,37830.0,37830.0,37830.0,37830.0,0
20150506T,36140.0,36140.0,36140.0,36140.0,0
20150507T,40312.0,40312.0,40312.0,40312.0,0
20150508T,44454.0,44454.0,44454.0,44454.0,0
20150511T,51612.0,51612.0,51612.0,51612.0,0
20150512T,48125.0,48125.0,48125.0,48125.0,0
20150513T,53650.0,53650.0,53650.0,53650.0,0
20150514T,55538.0,55538.0,55538.0,55538.0,0
20150515T,55777.0,55777.0,55777.0,55777.0,0
20150518T,59582.0,59582.0,59582.0,59582.0,0
20150519T,60730.0,60730.0,60730.0,60730.0,0
20150520T,64666.0,64666.0,64666.0,64666.0,0
20150521T,67719.0,67719.0,67719.0,67719.0,0
20150522T,72676.0,72676.0,72676.0,72676.0,0
20150525T,70996.0,70996.0,70996.0,70996.0,0
20150526T,76630.0,76630.0,76630.0,76630.0,0
20150527T,78989.0,78989.0,78989.0,78989.0,0
20150528T,21337.0,21337.0,21337.0,21337.0,0
20150529T,32490.0,32490.0,32490.0,32490.0,0
20150601T,36151.0,36151.0,36151.0,36151.0,0
20150602T,33985.0,33985.0,33985.0,33985.0,0
20150603T,38029.0,38029.0,38029.0,38029.0,0
20150604T,42290.0,42290.0,42290.0,42290.0,0
20150605T,44098.0,44098.0,44098.0,44098.0,0
20150608T,45590.0,45590.0,45590.0,45590.0,0
20150609T,48771.0,48771.0,48771.0,48771.0,0
20150610T,51193.0,51193.0,51193.0,51193.0,0
20150611T,49468.0,49468.0,49468.0,49468.0,0
20150612T,52108.0,52108.0,52108.0,52108.0,0
20150615T,53679.0,53679.0,53679.0,53679.0,0
20150616T,55162.0,55162.0,55162.0,55162.0,0
20150617T,58596.0,58596.0,58596.0,58596.0,0
20150618T,65469.0,65469.0,65469.0,65469.0,0
20150619T,70197.0,70197.0,70197.0,70197.0,0
20150622T,76346.0,76346.0,76346.0,76346.0,0
20150623T,79560.0,79560.0,79560.0,79560.0,0
20150624T,78915.0,78915.0,78915.0,78915.0,0
20150625T,24448.0,24448.0,24448.0,24448.0,0
20150626T,32841.0,32841.0,32841.0,32841.0,0
20150629T,38433.0,38433.0,38433.0,38433.0,0
20150630T,43149.0,43149.0,43149.0,43149.0,0
20150701T,47781.0,47781.0,47781.0,47781.0,0
20150702T,49538.0,49538.0,49538.0,49538.0,0
20150703T,51776.0,51776.0,51776.0,51776.0,0
20150706T,54926.0,54926.0,54926.0,54926.0,0
20150707T,57650.0,57650.0,57650.0,57650.0,0
20150708T,58052.0,58052.0,58052.0,58052.0,0
20150709T,64216.0,64216.0,64216.0,64216.0,0
20150710T,62511.0,62511.0,62511.0,62511.0,0
20150713T,66416.0,66416.0,66416.0,66416.0,0
20150714T,66923.0,66923.0,66923.0,66923.0,0
20150715T,69685.0,69685.0,69685.0,69685.0,0
20150716T,74314.0,74314.0,74314.0,74314.0,0
20150717T,75301.0,75301.0,75301.0,75301.0,0
20150720T,80791.0,80791.0,80791.0,80791.0,0
20150721T,80353.0,80353.0,80353.0,80353.0,0
20150722T,88480.0,88480.0,88480.0,88480.0,0
20150723T,90814.0,90814.0,90814.0,90814.0,0
20150724T,88171.0,88171.0,88171.0,88171.0,0
20150727T,84128.0,84128.0,84128.0,84128.0,0
20150728T,82849.0,82849.0,82849.0,82849.0,0
20150729T,86495.0,86495.0,86495.0,86495.0,0
20150730T,26513.0,26513.0,26513.0,26513.0,0
20150731T,36953.0,36953.0,36953.0,36953.0,0
20150803T,41217.0,41217.0,41217.0,41217.0,0
20150804T,46994.0,46994.0,46994.0,46994.0,0
20150805T,51404.0,51404.0,51404.0,51404.0,0
20150806T,56347.0,56347.0,56347.0,56347.0,0
20150807T,60869.0,60869.0,60869.0,60869.0,0
20150810T,61051.0,61051.0,61051.0,61051.0,0
20150811T,62283.0,62283.0,62283.0,62283.0,0
20150812T,63257.0,63257.0,63257.0,63257.0,0
20150813T,65035.0,65035.0,65035.0,65035.0,0
20150814T,73391.0,73391.0,73391.0,73391.0,0
20150817T,73825.0,73825.0,73825.0,73825.0,0
20150818T,76529.0,76529.0,76529.0,76529.0,0
20150819T,79629.0,79629.0,79629.0,79629.0,0
20150820T,78135.0,78135.0,78135.0,78135.0,0
20150821T,76767.0,76767.0,76767.0,76767.0,0
20150824T,74367.0,74367.0,74367.0,74367.0,0
20150825T,81417.0,81417.0,81417.0,81417.0,0
20150826T,85903.0,85903.0,85903.0,85903.0,0
20150827T,26440.0,26440.0,26440.0,26440.0,0
20150828T,31492.0,31492.0,31492.0,31492.0,0
20150831T,37395.0,37395.0,37395.0,37395.0,0
20150901T,39206.0,39206.0,39206.0,39206.0,0
20150902T,42156.0,42156.0,42156.0,42156.0,0
20150903T,45869.0,45869.0,45869.0,45869.0,0
20150904T,45814.0,45814.0,45814.0,45814.0,0
20150907T,46835.0,46835.0,46835.0,46835.0,0
20150908T,51658.0,51658.0,51658.0,51658.0,0
20150909T,55769.0,55769.0,55769.0,55769.0,0
20150910T,57342.0,57342.0,57342.0,57342.0,0
20150911T,57223.0,57223.0,57223.0,57223.0,0
20150914T,61361.0,61361.0,61361.0,61361.0,0
20150915T,59417.0,59417.0,59417.0,59417.0,0
20150916T,61019.0,61019.0,61019.0,61019.0,0
20150918T,63191.0,63191.0,63191.0,63191.0,0
20150921T,67765.0,67765.0,67765.0,67765.0,0
20150922T,65545.0,65545.0,65545.0,65545.0,0
20150923T,70924.0,70924.0,70924.0,70924.0,0
20150924T,20889.0,20889.0,20889.0,20889.0,0
20150928T,29457.0,29457.0,29457.0,29457.0,0
20150929T,36662.0,36662.0,36662.0,36662.0,0
20150930T,40740.0,40740.0,40740.0,40740.0,0
20151001T,45463.0,45463.0,45463.0,45463.0,0
20151005T,52114.0,52114.0,52114.0,52114.0,0
20151006T,54826.0,54826.0,54826.0,54826.0,0
20151007T,61095.0,61095.0,61095.0,61095.0,0
20151008T,64626.0,64626.0,64626.0,64626.0,0
20151009T,72500.0,72500.0,72500.0,72500.0,0
20151012T,70999.0,70999.0,70999.0,70999.0,0
20151013T,72090.0,72090.0,72090.0,72090.0,0
20151014T,72429.0,72429.0,72429.0,72429.0,0
20151015T,75707.0,75707.0,75707.0,75707.0,0
20151016T,78800.0,78800.0,78800.0,78800.0,0
20151019T,78592.0,78592.0,78592.0,78592.0,0
20151020T,78451.0,78451.0,78451.0,78451.0,0
20151021T,78104.0,78104.0,78104.0,78104.0,0
20151023T,78283.0,78283.0,78283.0,78283.0,0
20151026T,79552.0,79552.0,79552.0,79552.0,0
20151027T,80593.0,80593.0,80593.0,80593.0,0
20151028T,79975.0,79975.0,79975.0,79975.0,0
20151029T,13498.0,13498.0,13498.0,13498.0,0
20151030T,17445.0,17445.0,17445.0,17445.0,0
20151102T,20814.0,20814.0,20814.0,20814.0,0
20151103T,23411.0,23411.0,23411.0,23411.0,0
20151104T,24697.0,24697.0,24697.0,24697.0,0
20151105T,25995.0,25995.0,25995.0,25995.0,0
20151106T,29298.0,29298.0,29298.0,29298.0,0
20151109T,31297.0,31297.0,31297.0,31297.0,0
20151110T,32150.0,32150.0,32150.0,32150.0,0
20151111T,32719.0,32719.0,32719.0,32719.0,0
20151113T,32830.0,32830.0,32830.0,32830.0,0
20151116T,35104.0,35104.0,35104.0,35104.0,0
20151117T,35979.0,35979.0,35979.0,35979.0,0
20151118T,35645.0,35645.0,35645.0,35645.0,0
20151119T,37863.0,37863.0,37863.0,37863.0,0
20151120T,40065.0,40065.0,40065.0,40065.0,0
20151123T,41368.0,41368.0,41368.0,41368.0,0
20151124T,43411.0,43411.0,43411.0,43411.0,0
20151126T,15441.0,15441.0,15441.0,15441.0,0
20151127T,19710.0,19710.0,19710.0,19710.0,0
20151130T,21291.0,21291.0,21291.0,21291.0,0
20151201T,23594.0,23594.0,23594.0,23594.0,0
20151202T,24556.0,24556.0,24556.0,24556.0,0
20151203T,24688.0,24688.0,24688.0,24688.0,0
20151204T,24680.0,24680.0,24680.0,24680.0,0
20151207T,25287.0,25287.0,25287.0,25287.0,0
20151208T,24585.0,24585.0,24585.0,24585.0,0
20151209T,25251.0,25251.0,25251.0,25251.0,0
20151210T,26073.0,26073.0,26073.0,26073.0,0
20151211T,25467.0,25467.0,25467.0,25467.0,0
20151214T,28273.0,28273.0,28273.0,28273.0,0
20151215T,28861.0,28861.0,28861.0,28861.0,0
20151216T,30707.0,30707.0,30707.0,30707.0,0
20151217T,31852.0,31852.0,31852.0,31852.0,0
20151218T,31888.0,31888.0,31888.0,31888.0,0
20151221T,34383.0,34383.0,34383.0,34383.0,0
20151222T,33636.0,33636.0,33636.0,33636.0,0
20151223T,36281.0,36281.0,36281.0,36281.0,0
20151224T,38031.0,38031.0,38031.0,38031.0,0
20151228T,38657.0,38657.0,38657.0,38657.0,0
20151229T,39122.0,39122.0,39122.0,39122.0,0
20151230T,39403.0,39403.0,39403.0,39403.0,0
20151231T,13746.0,13746.0,13746.0,13746.0,0
20160101T,18429.0,18429.0,18429.0,18429.0,0
20160104T,21471.0,21471.0,21471.0,21471.0,0
20160105T,25533.0,25533.0,25533.0,25533.0,0
20160106T,26767.0,26767.0,26767.0,26767.0,0
20160107T,26804.0,26804.0,26804.0,26804.0,0
20160108T,28009.0,28009.0,28009.0,28009.0,0
20160111T,29788.0,29788.0,29788.0,29788.0,0
20160112T,29908.0,29908.0,29908.0,29908.0,0
20160113T,32110.0,32110.0,32110.0,32110.0,0
20160114T,33701.0,33701.0,33701.0,33701.0,0
20160115T,33550.0,33550.0,33550.0,33550.0,0
20160118T,36874.0,36874.0,36874.0,36874.0,0
20160119T,37926.0,37926.0,37926.0,37926.0,0
20160120T,39231.0,39231.0,39231.0,39231.0,0
20160121T,41004.0,41004.0,41004.0,41004.0,0
20160122T,44303.0,44303.0,44303.0,44303.0,0
20160125T,44417.0,44417.0,44417.0,44417.0,0
20160127T,46655.0,46655.0,46655.0,46655.0,0
20160128T,13102.0,13102.0,13102.0,13102.0,0
20160129T,20555.0,20555.0,20555.0,20555.0,0
20160201T,23196.0,23196.0,23196.0,23196.0,0
20160202T,23653.0,23653.0,23653.0,23653.0,0
20160203T,25489.0,25489.0,25489.0,25489.0,0
20160204T,28035.0,28035.0,28035.0,28035.0,0
20160205T,33590.0,33590.0,33590.0,33590.0,0
20160208T,33158.0,33158.0,33158.0,33158.0,0
20160209T,33789.0,33789.0,33789.0,33789.0,0
20160211T,35366.0,35366.0,35366.0,35366.0,0
20160212T,37728.0,37728.0,37728.0,37728.0,0
20160215T,39969.0,39969.0,39969.0,39969.0,0
20160216T,38686.0,38686.0,38686.0,38686.0,0
20160217T,41065.0,41065.0,41065.0,41065.0,0
20160218T,42146.0,42146.0,42146.0,42146.0,0
20160219T,42936.0,42936.0,42936.0,42936.0,0
20160222T,44330.0,44330.0,44330.0,44330.0,0
20160223T,43030.0,43030.0,43030.0,43030.0,0
20160224T,45351.0,45351.0,45351.0,45351.0,0
20160225T,11675.0,11675.0,11675.0,11675.0,0
20160226T,17256.0,17256.0,17256.0,17256.0,0
20160229T,20632.0,20632.0,20632.0,20632.0,0
20160301T,26806.0,26806.0,26806.0,26806.0,0
20160302T,29934.0,29934.0,29934.0,29934.0,0
20160303T,33091.0,33091.0,33091.0,33091.0,0
20160304T,34912.0,34912.0,34912.0,34912.0,0
20160308T,34780.0,34780.0,34780.0,34780.0,0
20160309T,36753.0,36753.0,36753.0,36753.0,0
20160310T,36235.0,36235.0,36235.0,36235.0,0
20160311T,37469.0,37469.0,37469.0,37469.0,0
20160314T,37670.0,37670.0,37670.0,37670.0,0
20160315T,37991.0,37991.0,37991.0,37991.0,0
20160316T,39134.0,39134.0,39134.0,39134.0,0
20160317T,39929.0,39929.0,39929.0,39929.0,0
20160318T,44344.0,44344.0,44344.0,44344.0,0
20160321T,48508.0,48508.0,48508.0,48508.0,0
20160322T,47981.0,47981.0,47981.0,47981.0,0
20160323T,49476.0,49476.0,49476.0,49476.0,0
20160328T,47844.0,47844.0,47844.0,47844.0,0
20160329T,49695.0,49695.0,49695.0,49695.0,0
20160330T,53048.0,53048.0,53048.0,53048.0,0
20160331T,12814.0,12814.0,12814.0,12814.0,0
20160401T,16751.0,16751.0,16751.0,16751.0,0
20160404T,19374.0,19374.0,19374.0,19374.0,0
20160405T,20759.0,20759.0,20759.0,20759.0,0
20160406T,22747.0,22747.0,22747.0,22747.0,0
20160407T,24687.0,24687.0,24687.0,24687.0,0
20160408T,25935.0,25935.0,25935.0,25935.0,0
20160411T,30104.0,30104.0,30104.0,30104.0,0
20160412T,31323.0,31323.0,31323.0,31323.0,0
20160413T,34973.0,34973.0,34973.0,34973.0,0
20160418T,37757.0,37757.0,37757.0,37757.0,0
20160420T,36934.0,36934.0,36934.0,36934.0,0
20160421T,38414.0,38414.0,38414.0,38414.0,0
20160422T,40761.0,40761.0,40761.0,40761.0,0
20160425T,41314.0,41314.0,41314.0,41314.0,0
20160426T,47708.0,47708.0,47708.0,47708.0,0
20160427T,46819.0,46819.0,46819.0,46819.0,0
20160428T,13577.0,13577.0,13577.0,13577.0,0
20160429T,19535.0,19535.0,19535.0,19535.0,0
20160502T,22739.0,22739.0,22739.0,22739.0,0
20160503T,23757.0,23757.0,23757.0,23757.0,0
20160504T,25496.0,25496.0,25496.0,25496.0,0
20160505T,27162.0,27162.0,27162.0,27162.0,0
20160506T,28025.0,28025.0,28025.0,28025.0,0
20160509T,31102.0,31102.0,31102.0,31102.0,0
20160510T,31238.0,31238.0,31238.0,31238.0,0
20160511T,31488.0,31488.0,31488.0,31488.0,0
20160512T,32450.0,32450.0,32450.0,32450.0,0
20160513T,31970.0,31970.0,31970.0,31970.0,0
20160516T,34395.0,34395.0,34395.0,34395.0,0
20160517T,36277.0,36277.0,36277.0,36277.0,0
20160518T,36863.0,36863.0,36863.0,36863.0,0
20160519T,35399.0,35399.0,35399.0,35399.0,0
20160520T,36798.0,36798.0,36798.0,36798.0,0
20160523T,39391.0,39391.0,39391.0,39391.0,0
20160524T,42256.0,42256.0,42256.0,42256.0,0
20160525T,51484.0,51484.0,51484.0,51484.0,0
20160526T,23586.0,23586.0,23586.0,23586.0,0
20160527T,26991.0,26991.0,26991.0,26991.0,0
20160530T,30523.0,30523.0,30523.0,30523.0,0
20160531T,32534.0,32534.0,32534.0,32534.0,0
20160601T,34803.0,34803.0,34803.0,34803.0,0
20160602T,37919.0,37919.0,37919.0,37919.0,0
20160603T,39076.0,39076.0,39076.0,39076.0,0
20160606T,40167.0,40167.0,40167.0,40167.0,0
20160607T,42848.0,42848.0,42848.0,42848.0,0
20160608T,43469.0,43469.0,43469.0,43469.0,0
20160609T,43058.0,43058.0,43058.0,43058.0,0
20160610T,43095.0,43095.0,43095.0,43095.0,0
20160613T,41892.0,41892.0,41892.0,41892.0,0
20160614T,42171.0,42171.0,42171.0,42171.0,0
20160615T,43709.0,43709.0,43709.0,43709.0,0
20160616T,43038.0,43038.0,43038.0,43038.0,0
20160617T,43840.0,43840.0,43840.0,43840.0,0
20160620T,48398.0,48398.0,48398.0,48398.0,0
20160621T,47797.0,47797.0,47797.0,47797.0,0
20160622T,48376.0,48376.0,48376.0,48376.0,0
20160623T,50102.0,50102.0,50102.0,50102.0,0
20160624T,47536.0,47536.0,47536.0,47536.0,0
20160627T,49988.0,49988.0,49988.0,49988.0,0
20160628T,52451.0,52451.0,52451.0,52451.0,0
20160629T,53823.0,53823.0,53823.0,53823.0,0
20160630T,16305.0,16305.0,16305.0,16305.0,0
20160701T,22374.0,22374.0,22374.0,22374.0,0
20160704T,26661.0,26661.0,26661.0,26661.0,0
20160705T,27813.0,27813.0,27813.0,27813.0,0
20160707T,29958.0,29958.0,29958.0,29958.0,0
20160708T,31395.0,31395.0,31395.0,31395.0,0
20160711T,35602.0,35602.0,35602.0,35602.0,0
20160712T,38491.0,38491.0,38491.0,38491.0,0
20160713T,40293.0,40293.0,40293.0,40293.0,0
20160714T,46468.0,46468.0,46468.0,46468.0,0
20160715T,46524.0,46524.0,46524.0,46524.0,0
20160718T,45949.0,45949.0,45949.0,45949.0,0
20160719T,46058.0,46058.0,46058.0,46058.0,0
20160720T,48335.0,48335.0,48335.0,48335.0,0
20160721T,47389.0,47389.0,47389.0,47389.0,0
20160722T,50236.0,50236.0,50236.0,50236.0,0
20160725T,52816.0,52816.0,52816.0,52816.0,0
20160726T,53214.0,53214.0,53214.0,53214.0,0
20160727T,56518.0,56518.0,56518.0,56518.0,0
20160728T,17544.0,17544.0,17544.0,17544.0,0
20160729T,23910.0,23910.0,23910.0,23910.0,0
20160801T,27683.0,27683.0,27683.0,27683.0,0
20160802T,30949.0,30949.0,30949.0,30949.0,0
20160803T,31876.0,31876.0,31876.0,31876.0,0
20160804T,34050.0,34050.0,34050.0,34050.0,0
20160805T,37915.0,37915.0,37915.0,37915.0,0
20160808T,39037.0,39037.0,39037.0,39037.0,0
20160809T,39470.0,39470.0,39470.0,39470.0,0
20160810T,37482.0,37482.0,37482.0,37482.0,0
20160811T,38588.0,38588.0,38588.0,38588.0,0
20160812T,43609.0,43609.0,43609.0,43609.0,0
20160816T,44338.0,44338.0,44338.0,44338.0,0
20160817T,44456.0,44456.0,44456.0,44456.0,0
20160818T,44742.0,44742.0,44742.0,44742.0,0
20160819T,46712.0,46712.0,46712.0,46712.0,0
20160822T,47655.0,47655.0,47655.0,47655.0,0
20160823T,51426.0,51426.0,51426.0,51426.0,0
20160824T,52967.0,52967.0,52967.0,52967.0,0
20160825T,14651.0,14651.0,14651.0,14651.0,0
20160826T,19300.0,19300.0,19300.0,19300.0,0
20160829T,24775.0,24775.0,24775.0,24775.0,0
20160830T,31046.0,31046.0,31046.0,31046.0,0
20160831T,32484.0,32484.0,32484.0,32484.0,0
20160901T,34084.0,34084.0,34084.0,34084.0,0
20160902T,35514.0,35514.0,35514.0,35514.0,0
20160906T,40507.0,40507.0,40507.0,40507.0,0
20160907T,41899.0,41899.0,41899.0,41899.0,0
20160908T,44074.0,44074.0,44074.0,44074.0,0
20160909T,44164.0,44164.0,44164.0,44164.0,0
20160912T,41737.0,41737.0,41737.0,41737.0,0
20160914T,41707.0,41707.0,41707.0,41707.0,0
20160915T,42384.0,42384.0,42384.0,42384.0,0
20160916T,42959.0,42959.0,42959.0,42959.0,0
20160919T,43767.0,43767.0,43767.0,43767.0,0
20160920T,43533.0,43533.0,43533.0,43533.0,0
20160921T,43512.0,43512.0,43512.0,43512.0,0
20160922T,47056.0,47056.0,47056.0,47056.0,0
20160923T,50491.0,50491.0,50491.0,50491.0,0
20160926T,50315.0,50315.0,50315.0,50315.0,0
20160927T,51333.0,51333.0,51333.0,51333.0,0
20160928T,55136.0,55136.0,55136.0,55136.0,0
20160929T,13761.0,13761.0,13761.0,13761.0,0
20160930T,20155.0,20155.0,20155.0,20155.0,0
20161003T,26135.0,26135.0,26135.0,26135.0,0
20161004T,28647.0,28647.0,28647.0,28647.0,0
20161005T,30562.0,30562.0,30562.0,30562.0,0
20161006T,31351.0,31351.0,31351.0,31351.0,0
20161007T,31423.0,31423.0,31423.0,31423.0,0
20161010T,33226.0,33226.0,33226.0,33226.0,0
20161013T,33479.0,33479.0,33479.0,33479.0,0
20161014T,33431.0,33431.0,33431.0,33431.0,0
20161017T,33527.0,33527.0,33527.0,33527.0,0
20161018T,38344.0,38344.0,38344.0,38344.0,0
20161019T,39456.0,39456.0,39456.0,39456.0,0
20161020T,44628.0,44628.0,44628.0,44628.0,0
20161021T,46429.0,46429.0,46429.0,46429.0,0
20161024T,48011.0,48011.0,48011.0,48011.0,0
20161025T,50290.0,50290.0,50290.0,50290.0,0
20161026T,47992.0,47992.0,47992.0,47992.0,0
20161027T,16428.0,16428.0,16428.0,16428.0,0
20161028T,20927.0,20927.0,20927.0,20927.0,0
20161101T,24025.0,24025.0,24025.0,24025.0,0
20161102T,24308.0,24308.0,24308.0,24308.0,0
20161103T,27221.0,27221.0,27221.0,27221.0,0
20161104T,30750.0,30750.0,30750.0,30750.0,0
20161107T,34015.0,34015.0,34015.0,34015.0,0
20161108T,36322.0,36322.0,36322.0,36322.0,0
20161109T,37709.0,37709.0,37709.0,37709.0,0
20161110T,44255.0,44255.0,44255.0,44255.0,0
20161111T,41360.0,41360.0,41360.0,41360.0,0
20161115T,41632.0,41632.0,41632.0,41632.0,0
20161116T,40073.0,40073.0,40073.0,40073.0,0
20161117T,39982.0,39982.0,39982.0,39982.0,0
20161118T,41241.0,41241.0,41241.0,41241.0,0
20161121T,40016.0,40016.0,40016.0,40016.0,0
20161122T,43575.0,43575.0,43575.0,43575.0,0
20161123T,46076.0,46076.0,46076.0,46076.0,0
20161124T,11171.0,11171.0,11171.0,11171.0,0
20161125T,15368.0,15368.0,15368.0,15368.0,0
20161128T,18875.0,18875.0,18875.0,18875.0,0
20161129T,20089.0,20089.0,20089.0,20089.0,0
20161130T,23335.0,23335.0,23335.0,23335.0,0
20161201T,22630.0,22630.0,22630.0,22630.0,0
20161202T,21850.0,21850.0,21850.0,21850.0,0
20161205T,24986.0,24986.0,24986.0,24986.0,0
20161206T,25649.0,25649.0,25649.0,25649.0,0
20161207T,26574.0,26574.0,26574.0,26574.0,0
20161208T,29727.0,29727.0,29727.0,29727.0,0
20161209T,31009.0,31009.0,31009.0,31009.0,0
20161212T,29393.0,29393.0,29393.0,29393.0,0
20161213T,30231.0,30231.0,30231.0,30231.0,0
20161214T,30360.0,30360.0,30360.0,30360.0,0
20161215T,30466.0,30466.0,30466.0,30466.0,0
20161216T,30471.0,30471.0,30471.0,30471.0,0
20161219T,31465.0,31465.0,31465.0,31465.0,0
20161220T,32106.0,32106.0,32106.0,32106.0,0
20161221T,34039.0,34039.0,34039.0,34039.0,0
20161222T,33096.0,33096.0,33096.0,33096.0,0
20161223T,35230.0,35230.0,35230.0,35230.0,0
20161226T,35102.0,35102.0,35102.0,35102.0,0
20161227T,38690.0,38690.0,38690.0,38690.0,0
20161228T,38971.0,38971.0,38971.0,38971.0,0
20161229T,11441.0,11441.0,11441.0,11441.0,0
20161230T,14299.0,14299.0,14299.0,14299.0,0
20170102T,17692.0,17692.0,17692.0,17692.0,0
20170103T,20248.0,20248.0,20248.0,20248.0,0
20170104T,22587.0,22587.0,22587.0,22587.0,0
20170105T,26249.0,26249.0,26249.0,26249.0,0
20170106T,26540.0,26540.0,26540.0,26540.0,0
20170109T,27695.0,27695.0,27695.0,27695.0,0
20170110T,32971.0,32971.0,32971.0,32971.0,0
20170111T,36954.0,36954.0,36954.0,36954.0,0
20170112T,39825.0,39825.0,39825.0,39825.0,0
20170113T,39900.0,39900.0,39900.0,39900.0,0
20170116T,42030.0,42030.0,42030.0,42030.0,0
20170117T,42731.0,42731.0,42731.0,42731.0,0
20170118T,44227.0,44227.0,44227.0,44227.0,0
20170119T,45496.0,45496.0,45496.0,45496.0,0
20170120T,43883.0,43883.0,43883.0,43883.0,0
20170123T,48618.0,48618.0,48618.0,48618.0,0
20170124T,52617.0,52617.0,52617.0,52617.0,0
20170125T,16238.0,16238.0,16238.0,16238.0,0
20170127T,25249.0,25249.0,25249.0,25249.0,0
20170130T,29081.0,29081.0,29081.0,29081.0,0
20170131T,31618.0,31618.0,31618.0,31618.0,0
20170201T,35297.0,35297.0,35297.0,35297.0,0
20170202T,36518.0,36518.0,36518.0,36518.0,0
20170203T,39741.0,39741.0,39741.0,39741.0,0
20170206T,42525.0,42525.0,42525.0,42525.0,0
20170207T,44180.0,44180.0,44180.0,44180.0,0
20170208T,44974.0,44974.0,44974.0,44974.0,0
20170209T,46337.0,46337.0,46337.0,46337.0,0
20170210T,46907.0,46907.0,46907.0,46907.0,0
20170213T,47140.0,47140.0,47140.0,47140.0,0
20170214T,47508.0,47508.0,47508.0,47508.0,0
20170215T,44969.0,44969.0,44969.0,44969.0,0
20170216T,48146.0,48146.0,48146.0,48146.0,0
20170217T,51968.0,51968.0,51968.0,51968.0,0
20170220T,55525.0,55525.0,55525.0,55525.0,0
20170221T,58471.0,58471.0,58471.0,58471.0,0
20170222T,61434.0,61434.0,61434.0,61434.0,0
20170223T,16984.0,16984.0,16984.0,16984.0,0
20170227T,21450.0,21450.0,21450.0,21450.0,0
20170228T,24362.0,24362.0,24362.0,24362.0,0
20170301T,26179.0,26179.0,26179.0,26179.0,0
20170302T,27498.0,27498.0,27498.0,27498.0,0
20170303T,28560.0,28560.0,28560.0,28560.0,0
20170306T,30989.0,30989.0,30989.0,30989.0,0
20170307T,30562.0,30562.0,30562.0,30562.0,0
20170308T,32515.0,32515.0,32515.0,32515.0,0
20170309T,33517.0,33517.0,33517.0,33517.0,0
20170310T,33939.0,33939.0,33939.0,33939.0,0
20170314T,37476.0,37476.0,37476.0,37476.0,0
20170315T,38867.0,38867.0,38867.0,38867.0,0
20170316T,41251.0,41251.0,41251.0,41251.0,0
20170317T,41546.0,41546.0,41546.0,41546.0,0
20170320T,42069.0,42069.0,42069.0,42069.0,0
20170321T,43182.0,43182.0,43182.0,43182.0,0
20170322T,43278.0,43278.0,43278.0,43278.0,0
20170323T,46152.0,46152.0,46152.0,46152.0,0
20170324T,46907.0,46907.0,46907.0,46907.0,0
20170327T,47643.0,47643.0,47643.0,47643.0,0
20170328T,50443.0,50443.0,50443.0,50443.0,0
20170329T,51483.0,51483.0,51483.0,51483.0,0
20170330T,14515.0,14515.0,14515.0,14515.0,0
20170331T,21968.0,21968.0,21968.0,21968.0,0
20170403T,26667.0,26667.0,26667.0,26667.0,0
20170405T,29738.0,29738.0,29738.0,29738.0,0
20170406T,31410.0,31410.0,31410.0,31410.0,0
20170407T,32298.0,32298.0,32298.0,32298.0,0
20170410T,34880.0,34880.0,34880.0,34880.0,0
20170411T,38675.0,38675.0,38675.0,38675.0,0
20170412T,40000.0,40000.0,40000.0,40000.0,0
20170413T,38528.0,38528.0,38528.0,38528.0,0
20170417T,41266.0,41266.0,41266.0,41266.0,0
20170418T,41681.0,41681.0,41681.0,41681.0,0
20170419T,42081.0,42081.0,42081.0,42081.0,0
20170420T,42982.0,42982.0,42982.0,42982.0,0
20170421T,45202.0,45202.0,45202.0,45202.0,0
20170424T,49490.0,49490.0,49490.0,49490.0,0
20170425T,51971.0,51971.0,51971.0,51971.0,0
20170426T,55350.0,55350.0,55350.0,55350.0,0
20170427T,16105.0,16105.0,16105.0,16105.0,0
20170428T,25229.0,25229.0,25229.0,25229.0,0
20170502T,30487.0,30487.0,30487.0,30487.0,0
20170503T,33720.0,33720.0,33720.0,33720.0,0
20170504T,36019.0,36019.0,36019.0,36019.0,0
20170505T,37702.0,37702.0,37702.0,37702.0,0
20170508T,40709.0,40709.0,40709.0,40709.0,0
20170509T,42382.0,42382.0,42382.0,42382.0,0
20170510T,45509.0,45509.0,45509.0,45509.0,0
20170511T,46214.0,46214.0,46214.0,46214.0,0
20170512T,48799.0,48799.0,48799.0,48799.0,0
20170515T,51794.0,51794.0,51794.0,51794.0,0
20170516T,54238.0,54238.0,54238.0,54238.0,0
20170517T,57568.0,57568.0,57568.0,57568.0,0
20170518T,56556.0,56556.0,56556.0,56556.0,0
20170519T,54634.0,54634.0,54634.0,54634.0,0
20170522T,56491.0,56491.0,56491.0,56491.0,0
20170523T,58379.0,58379.0,58379.0,58379.0,0
20170524T,59860.0,59860.0,59860.0,59860.0,0
20170525T,17621.0,17621.0,17621.0,17621.0,0
20170526T,24650.0,24650.0,24650.0,24650.0,0
20170529T,27960.0,27960.0,27960.0,27960.0,0
20170530T,31530.0,31530.0,31530.0,31530.0,0
20170531T,34433.0,34433.0,34433.0,34433.0,0
20170601T,37984.0,37984.0,37984.0,37984.0,0
20170602T,39458.0,39458.0,39458.0,39458.0,0
20170605T,42066.0,42066.0,42066.0,42066.0,0
20170606T,41995.0,41995.0,41995.0,41995.0,0
20170607T,43533.0,43533.0,43533.0,43533.0,0
20170608T,43984.0,43984.0,43984.0,43984.0,0
20170609T,45828.0,45828.0,45828.0,45828.0,0
20170612T,46163.0,46163.0,46163.0,46163.0,0
20170613T,46727.0,46727.0,46727.0,46727.0,0
20170614T,47283.0,47283.0,47283.0,47283.0,0
20170615T,48080.0,48080.0,48080.0,48080.0,0
20170616T,47453.0,47453.0,47453.0,47453.0,0
20170619T,51011.0,51011.0,51011.0,51011.0,0
20170620T,51959.0,51959.0,51959.0,51959.0,0
20170621T,51961.0,51961.0,51961.0,51961.0,0
20170622T,52112.0,52112.0,52112.0,52112.0,0
20170623T,53837.0,53837.0,53837.0,53837.0,0
20170627T,55173.0,55173.0,55173.0,55173.0,0
20170628T,57819.0,57819.0,57819.0,57819.0,0
20170629T,17287.0,17287.0,17287.0,17287.0,0
20170630T,21677.0,21677.0,21677.0,21677.0,0
20170703T,26281.0,26281.0,26281.0,26281.0,0
20170704T,26149.0,26149.0,26149.0,26149.0,0
20170705T,29869.0,29869.0,29869.0,29869.0,0
20170706T,32397.0,32397.0,32397.0,32397.0,0
20170707T,33698.0,33698.0,33698.0,33698.0,0
20170710T,37877.0,37877.0,37877.0,37877.0,0
20170711T,39121.0,39121.0,39121.0,39121.0,0
20170712T,42576.0,42576.0,42576.0,42576.0,0
20170713T,48073.0,48073.0,48073.0,48073.0,0
20170714T,48826.0,48826.0,48826.0,48826.0,0
20170717T,53203.0,53203.0,53203.0,53203.0,0
20170718T,53415.0,53415.0,53415.0,53415.0,0
20170719T,58115.0,58115.0,58115.0,58115.0,0
20170720T,58196.0,58196.0,58196.0,58196.0,0
20170721T,59605.0,59605.0,59605.0,59605.0,0
20170724T,61008.0,61008.0,61008.0,61008.0,0
20170725T,64429.0,64429.0,64429.0,64429.0,0
20170726T,65475.0,65475.0,65475.0,65475.0,0
20170727T,20376.0,20376.0,20376.0,20376.0,0
20170728T,26994.0,26994.0,26994.0,26994.0,0
20170731T,30971.0,30971.0,30971.0,30971.0,0
20170801T,33928.0,33928.0,33928.0,33928.0,0
20170802T,37820.0,37820.0,37820.0,37820.0,0
20170803T,39745.0,39745.0,39745.0,39745.0,0
20170804T,43535.0,43535.0,43535.0,43535.0,0
20170807T,47356.0,47356.0,47356.0,47356.0,0
20170808T,46903.0,46903.0,46903.0,46903.0,0
20170809T,48965.0,48965.0,48965.0,48965.0,0
20170810T,49296.0,49296.0,49296.0,49296.0,0
20170811T,48652.0,48652.0,48652.0,48652.0,0
20170814T,52051.0,52051.0,52051.0,52051.0,0
20170816T,56058.0,56058.0,56058.0,56058.0,0
20170817T,57212.0,57212.0,57212.0,57212.0,0
20170818T,57152.0,57152.0,57152.0,57152.0,0
20170821T,56749.0,56749.0,56749.0,56749.0,0
20170822T,59593.0,59593.0,59593.0,59593.0,0
20170823T,62596.0,62596.0,62596.0,62596.0,0
20170824T,61776.0,61776.0,61776.0,61776.0,0
20170828T,63887.0,63887.0,63887.0,63887.0,0
20170829T,63068.0,63068.0,63068.0,63068.0,0
20170830T,67386.0,67386.0,67386.0,67386.0,0
20170831T,17096.0,17096.0,17096.0,17096.0,0
20170901T,24655.0,24655.0,24655.0,24655.0,0
20170904T,27036.0,27036.0,27036.0,27036.0,0
20170905T,30929.0,30929.0,30929.0,30929.0,0
20170906T,33701.0,33701.0,33701.0,33701.0,0
20170907T,36048.0,36048.0,36048.0,36048.0,0
20170908T,36887.0,36887.0,36887.0,36887.0,0
20170911T,41816.0,41816.0,41816.0,41816.0,0
20170912T,45077.0,45077.0,45077.0,45077.0,0
20170913T,46477.0,46477.0,46477.0,46477.0,0
20170914T,47404.0,47404.0,47404.0,47404.0,0
20170915T,49387.0,49387.0,49387.0,49387.0,0
20170918T,51937.0,51937.0,51937.0,51937.0,0
20170919T,52913.0,52913.0,52913.0,52913.0,0
20170920T,53971.0,53971.0,53971.0,53971.0,0
20170921T,55447.0,55447.0,55447.0,55447.0,0
20170922T,53261.0,53261.0,53261.0,53261.0,0
20170925T,53570.0,53570.0,53570.0,53570.0,0
20170926T,54697.0,54697.0,54697.0,54697.0,0
20170927T,53900.0,53900.0,53900.0,53900.0,0
20170928T,15377.0,15377.0,15377.0,15377.0,0
20170929T,19883.0,19883.0,19883.0,19883.0,0
20171003T,23462.0,23462.0,23462.0,23462.0,0
20171004T,26819.0,26819.0,26819.0,26819.0,0
20171005T,29495.0,29495.0,29495.0,29495.0,0
20171006T,35187.0,35187.0,35187.0,35187.0,0
20171009T,37284.0,37284.0,37284.0,37284.0,0
20171010T,39759.0,39759.0,39759.0,39759.0,0
20171011T,40819.0,40819.0,40819.0,40819.0,0
20171012T,45721.0,45721.0,45721.0,45721.0,0
20171013T,48422.0,48422.0,48422.0,48422.0,0
20171016T,51500.0,51500.0,51500.0,51500.0,0
20171017T,53042.0,53042.0,53042.0,53042.0,0
20171018T,54146.0,54146.0,54146.0,54146.0,0
20171019T,53675.0,53675.0,53675.0,53675.0,0
20171023T,56725.0,56725.0,56725.0,56725.0,0
20171024T,59495.0,59495.0,59495.0,59495.0,0
20171025T,68173.0,68173.0,68173.0,68173.0,0
20171026T,19597.0,19597.0,19597.0,19597.0,0
20171027T,29518.0,29518.0,29518.0,29518.0,0
20171030T,36495.0,36495.0,36495.0,36495.0,0
20171031T,40628.0,40628.0,40628.0,40628.0,0
20171101T,45387.0,45387.0,45387.0,45387.0,0
20171102T,46678.0,46678.0,46678.0,46678.0,0
20171103T,48250.0,48250.0,48250.0,48250.0,0
20171106T,50288.0,50288.0,50288.0,50288.0,0
20171107T,52166.0,52166.0,52166.0,52166.0,0
20171108T,53206.0,53206.0,53206.0,53206.0,0
20171109T,54281.0,54281.0,54281.0,54281.0,0
20171110T,56070.0,56070.0,56070.0,56070.0,0
20171113T,56310.0,56310.0,56310.0,56310.0,0
20171114T,57515.0,57515.0,57515.0,57515.0,0
20171115T,58071.0,58071.0,58071.0,58071.0,0
20171116T,61920.0,61920.0,61920.0,61920.0,0
20171117T,60758.0,60758.0,60758.0,60758.0,0
20171120T,61686.0,61686.0,61686.0,61686.0,0
20171121T,63022.0,63022.0,63022.0,63022.0,0
20171122T,63540.0,63540.0,63540.0,63540.0,0
20171123T,64773.0,64773.0,64773.0,64773.0,0
20171124T,64934.0,64934.0,64934.0,64934.0,0
20171127T,66376.0,66376.0,66376.0,66376.0,0
20171128T,67458.0,67458.0,67458.0,67458.0,0
20171129T,67316.0,67316.0,67316.0,67316.0,0
20171130T,15673.0,15673.0,15673.0,15673.0,0
20171201T,21422.0,21422.0,21422.0,21422.0,0
20171204T,24196.0,24196.0,24196.0,24196.0,0
20171205T,26358.0,26358.0,26358.0,26358.0,0
20171206T,27727.0,27727.0,27727.0,27727.0,0
20171207T,32310.0,32310.0,32310.0,32310.0,0
20171208T,36169.0,36169.0,36169.0,36169.0,0
20171211T,38178.0,38178.0,38178.0,38178.0,0
20171212T,37120.0,37120.0,37120.0,37120.0,0
20171213T,37586.0,37586.0,37586.0,37586.0,0
20171214T,40459.0,40459.0,40459.0,40459.0,0
20171215T,42889.0,42889.0,42889.0,42889.0,0
20171218T,45261.0,45261.0,45261.0,45261.0,0
20171219T,51650.0,51650.0,51650.0,51650.0,0
20171220T,53565.0,53565.0,53565.0,53565.0,0
20171221T,55962.0,55962.0,55962.0,55962.0,0
20171222T,57978.0,57978.0,57978.0,57978.0,0
20171226T,60773.0,60773.0,60773.0,60773.0,0
20171227T,61912.0,61912.0,61912.0,61912.0,0
20171228T,15007.0,15007.0,15007.0,15007.0,0
20171229T,21841.0,21841.0,21841.0,21841.0,0
20180101T,25331.0,25331.0,25331.0,25331.0,0
20180102T,29685.0,29685.0,29685.0,29685.0,0
20180103T,33324.0,33324.0,33324.0,33324.0,0
20180104T,38090.0,38090.0,38090.0,38090.0,0
20180105T,41852.0,41852.0,41852.0,41852.0,0
20180108T,44974.0,44974.0,44974.0,44974.0,0
20180109T,47695.0,47695.0,47695.0,47695.0,0
20180110T,48886.0,48886.0,48886.0,48886.0,0
20180111T,52577.0,52577.0,52577.0,52577.0,0
20180112T,53374.0,53374.0,53374.0,53374.0,0
20180115T,55276.0,55276.0,55276.0,55276.0,0
20180116T,54460.0,54460.0,54460.0,54460.0,0
20180117T,57200.0,57200.0,57200.0,57200.0,0
20180118T,54969.0,54969.0,54969.0,54969.0,0
20180119T,57709.0,57709.0,57709.0,57709.0,0
20180122T,61910.0,61910.0,61910.0,61910.0,0
20180123T,66104.0,66104.0,66104.0,66104.0,0
20180124T,69964.0,69964.0,69964.0,69964.0,0
20180125T,18011.0,18011.0,18011.0,18011.0,0
20180129T,24713.0,24713.0,24713.0,24713.0,0
20180130T,27652.0,27652.0,27652.0,27652.0,0
20180131T,30080.0,30080.0,30080.0,30080.0,0
20180201T,32298.0,32298.0,32298.0,32298.0,0
20180202T,33379.0,33379.0,33379.0,33379.0,0
20180205T,36417.0,36417.0,36417.0,36417.0,0
20180206T,37066.0,37066.0,37066.0,37066.0,0
20180207T,37718.0,37718.0,37718.0,37718.0,0
20180208T,41259.0,41259.0,41259.0,41259.0,0
20180209T,43358.0,43358.0,43358.0,43358.0,0
20180212T,45990.0,45990.0,45990.0,45990.0,0
20180214T,49276.0,49276.0,49276.0,49276.0,0
20180215T,49658.0,49658.0,49658.0,49658.0,0
20180216T,49760.0,49760.0,49760.0,49760.0,0
20180219T,49918.0,49918.0,49918.0,49918.0,0
20180220T,51947.0,51947.0,51947.0,51947.0,0
20180221T,55376.0,55376.0,55376.0,55376.0,0
20180222T,14611.0,14611.0,14611.0,14611.0,0
20180223T,24589.0,24589.0,24589.0,24589.0,0
20180226T,29335.0,29335.0,29335.0,29335.0,0
20180227T,31120.0,31120.0,31120.0,31120.0,0
20180228T,31767.0,31767.0,31767.0,31767.0,0
20180301T,32668.0,32668.0,32668.0,32668.0,0
20180305T,33038.0,33038.0,33038.0,33038.0,0
20180306T,34340.0,34340.0,34340.0,34340.0,0
20180307T,36765.0,36765.0,36765.0,36765.0,0
20180308T,41112.0,41112.0,41112.0,41112.0,0
20180309T,42300.0,42300.0,42300.0,42300.0,0
20180312T,48139.0,48139.0,48139.0,48139.0,0
20180313T,49819.0,49819.0,49819.0,49819.0,0
20180314T,49810.0,49810.0,49810.0,49810.0,0
20180315T,46175.0,46175.0,46175.0,46175.0,0
20180316T,44860.0,44860.0,44860.0,44860.0,0
20180319T,43046.0,43046.0,43046.0,43046.0,0
20180320T,45348.0,45348.0,45348.0,45348.0,0
20180321T,44936.0,44936.0,44936.0,44936.0,0
20180322T,45122.0,45122.0,45122.0,45122.0,0
20180323T,43683.0,43683.0,43683.0,43683.0,0
20180326T,50987.0,50987.0,50987.0,50987.0,0
20180327T,54338.0,54338.0,54338.0,54338.0,0
20180328T,13066.0,13066.0,13066.0,13066.0,0
20180402T,20883.0,20883.0,20883.0,20883.0,0
20180403T,24283.0,24283.0,24283.0,24283.0,0
20180404T,24299.0,24299.0,24299.0,24299.0,0
20180405T,30814.0,30814.0,30814.0,30814.0,0
20180406T,36383.0,36383.0,36383.0,36383.0,0
20180409T,38835.0,38835.0,38835.0,38835.0,0
20180410T,40962.0,40962.0,40962.0,40962.0,0
20180411T,42426.0,42426.0,42426.0,42426.0,0
20180412T,43147.0,43147.0,43147.0,43147.0,0
20180413T,45582.0,45582.0,45582.0,45582.0,0
20180416T,47963.0,47963.0,47963.0,47963.0,0
20180417T,49164.0,49164.0,49164.0,49164.0,0
20180418T,50491.0,50491.0,50491.0,50491.0,0
20180419T,56601.0,56601.0,56601.0,56601.0,0
20180420T,59006.0,59006.0,59006.0,59006.0,0
20180423T,62050.0,62050.0,62050.0,62050.0,0
20180424T,62980.0,62980.0,62980.0,62980.0,0
20180425T,63032.0,63032.0,63032.0,63032.0,0
20180426T,18696.0,18696.0,18696.0,18696.0,0
20180427T,30348.0,30348.0,30348.0,30348.0,0
20180430T,34483.0,34483.0,34483.0,34483.0,0
20180502T,36366.0,36366.0,36366.0,36366.0,0
20180503T,39335.0,39335.0,39335.0,39335.0,0
20180504T,40484.0,40484.0,40484.0,40484.0,0
20180507T,42955.0,42955.0,42955.0,42955.0,0
20180508T,44056.0,44056.0,44056.0,44056.0,0
20180509T,46292.0,46292.0,46292.0,46292.0,0
20180510T,46224.0,46224.0,46224.0,46224.0,0
20180511T,49197.0,49197.0,49197.0,49197.0,0
20180514T,50483.0,50483.0,50483.0,50483.0,0
20180515T,52155.0,52155.0,52155.0,52155.0,0
20180516T,53390.0,53390.0,53390.0,53390.0,0
20180517T,53163.0,53163.0,53163.0,53163.0,0
20180518T,54542.0,54542.0,54542.0,54542.0,0
20180521T,55774.0,55774.0,55774.0,55774.0,0
20180522T,59111.0,59111.0,59111.0,59111.0,0
20180523T,58212.0,58212.0,58212.0,58212.0,0
20180524T,63606.0,63606.0,63606.0,63606.0,0
20180525T,68434.0,68434.0,68434.0,68434.0,0
20180528T,70912.0,70912.0,70912.0,70912.0,0
20180529T,70808.0,70808.0,70808.0,70808.0,0
20180530T,72339.0,72339.0,72339.0,72339.0,0
20180531T,19311.0,19311.0,19311.0,19311.0,0
20180601T,24630.0,24630.0,24630.0,24630.0,0
20180604T,28611.0,28611.0,28611.0,28611.0,0
20180605T,31195.0,31195.0,31195.0,31195.0,0
20180606T,36374.0,36374.0,36374.0,36374.0,0
20180607T,38814.0,38814.0,38814.0,38814.0,0
20180608T,41491.0,41491.0,41491.0,41491.0,0
20180611T,42928.0,42928.0,42928.0,42928.0,0
20180612T,47266.0,47266.0,47266.0,47266.0,0
20180614T,51744.0,51744.0,51744.0,51744.0,0
20180615T,53138.0,53138.0,53138.0,53138.0,0
20180618T,54254.0,54254.0,54254.0,54254.0,0
20180619T,53460.0,53460.0,53460.0,53460.0,0
20180620T,54715.0,54715.0,54715.0,54715.0,0
20180621T,53074.0,53074.0,53074.0,53074.0,0
20180622T,57188.0,57188.0,57188.0,57188.0,0
20180625T,57396.0,57396.0,57396.0,57396.0,0
20180626T,60820.0,60820.0,60820.0,60820.0,0
20180627T,61310.0,61310.0,61310.0,61310.0,0
20180628T,16716.0,16716.0,16716.0,16716.0,0
20180629T,24302.0,24302.0,24302.0,24302.0,0
20180702T,27687.0,27687.0,27687.0,27687.0,0
20180703T,31073.0,31073.0,31073.0,31073.0,0
20180704T,34011.0,34011.0,34011.0,34011.0,0
20180705T,36967.0,36967.0,36967.0,36967.0,0
20180706T,38597.0,38597.0,38597.0,38597.0,0
20180709T,42325.0,42325.0,42325.0,42325.0,0
20180710T,46887.0,46887.0,46887.0,46887.0,0
20180711T,48237.0,48237.0,48237.0,48237.0,0
20180712T,50212.0,50212.0,50212.0,50212.0,0
20180713T,52404.0,52404.0,52404.0,52404.0,0
20180716T,52759.0,52759.0,52759.0,52759.0,0
20180717T,55807.0,55807.0,55807.0,55807.0,0
20180718T,54953.0,54953.0,54953.0,54953.0,0
20180719T,56887.0,56887.0,56887.0,56887.0,0
20180720T,60787.0,60787.0,60787.0,60787.0,0
20180723T,65704.0,65704.0,65704.0,65704.0,0
20180724T,72151.0,72151.0,72151.0,72151.0,0
20180725T,73462.0,73462.0,73462.0,73462.0,0
20180726T,23986.0,23986.0,23986.0,23986.0,0
20180727T,31899.0,31899.0,31899.0,31899.0,0
20180730T,38303.0,38303.0,38303.0,38303.0,0
20180731T,40955.0,40955.0,40955.0,40955.0,0
20180801T,43210.0,43210.0,43210.0,43210.0,0
20180802T,46516.0,46516.0,46516.0,46516.0,0
20180803T,50991.0,50991.0,50991.0,50991.0,0
20180806T,54156.0,54156.0,54156.0,54156.0,0
20180807T,55903.0,55903.0,55903.0,55903.0,0
20180808T,59517.0,59517.0,59517.0,59517.0,0
20180809T,60762.0,60762.0,60762.0,60762.0,0
20180810T,60284.0,60284.0,60284.0,60284.0,0
20180813T,58014.0,58014.0,58014.0,58014.0,0
20180814T,60726.0,60726.0,60726.0,60726.0,0
20180816T,62134.0,62134.0,62134.0,62134.0,0
20180817T,66977.0,66977.0,66977.0,66977.0,0
20180820T,70311.0,70311.0,70311.0,70311.0,0
20180821T,71424.0,71424.0,71424.0,71424.0,0
20180823T,73094.0,73094.0,73094.0,73094.0,0
20180824T,72789.0,72789.0,72789.0,72789.0,0
20180827T,77244.0,77244.0,77244.0,77244.0,0
20180828T,82269.0,82269.0,82269.0,82269.0,0
20180829T,84030.0,84030.0,84030.0,84030.0,0
20180830T,23769.0,23769.0,23769.0,23769.0,0
20180831T,31389.0,31389.0,31389.0,31389.0,0
20180903T,36944.0,36944.0,36944.0,36944.0,0
20180904T,39474.0,39474.0,39474.0,39474.0,0
20180905T,40572.0,40572.0,40572.0,40572.0,0
20180906T,43760.0,43760.0,43760.0,43760.0,0
20180907T,47591.0,47591.0,47591.0,47591.0,0
20180910T,47636.0,47636.0,47636.0,47636.0,0
20180911T,46609.0,46609.0,46609.0,46609.0,0
20180912T,47857.0,47857.0,47857.0,47857.0,0
20180914T,52190.0,52190.0,52190.0,52190.0,0
20180917T,53188.0,53188.0,53188.0,53188.0,0
20180918T,54360.0,54360.0,54360.0,54360.0,0
20180919T,56341.0,56341.0,56341.0,56341.0,0
20180921T,58447.0,58447.0,58447.0,58447.0,0
20180924T,64511.0,64511.0,64511.0,64511.0,0
20180925T,72074.0,72074.0,72074.0,72074.0,0
20180926T,73763.0,73763.0,73763.0,73763.0,0
20180927T,19953.0,19953.0,19953.0,19953.0,0
20180928T,29593.0,29593.0,29593.0,29593.0,0
20181001T,40191.0,40191.0,40191.0,40191.0,0
20181003T,42711.0,42711.0,42711.0,42711.0,0
20181004T,44798.0,44798.0,44798.0,44798.0,0
20181005T,44924.0,44924.0,44924.0,44924.0,0
20181008T,48426.0,48426.0,48426.0,48426.0,0
20181009T,53306.0,53306.0,53306.0,53306.0,0
20181010T,57329.0,57329.0,57329.0,57329.0,0
20181011T,55098.0,55098.0,55098.0,55098.0,0
20181012T,58947.0,58947.0,58947.0,58947.0,0
20181015T,59559.0,59559.0,59559.0,59559.0,0
20181016T,64226.0,64226.0,64226.0,64226.0,0
20181017T,64093.0,64093.0,64093.0,64093.0,0
20181019T,64029.0,64029.0,64029.0,64029.0,0
20181022T,66842.0,66842.0,66842.0,66842.0,0
20181023T,71737.0,71737.0,71737.0,71737.0,0
20181024T,79782.0,79782.0,79782.0,79782.0,0
20181025T,23301.0,23301.0,23301.0,23301.0,0
20181026T,38222.0,38222.0,38222.0,38222.0,0
20181029T,49174.0,49174.0,49174.0,49174.0,0
20181030T,53048.0,53048.0,53048.0,53048.0,0
20181031T,58500.0,58500.0,58500.0,58500.0,0
20181101T,61923.0,61923.0,61923.0,61923.0,0
20181102T,65913.0,65913.0,65913.0,65913.0,0
20181105T,65595.0,65595.0,65595.0,65595.0,0
20181106T,62749.0,62749.0,62749.0,62749.0,0
20181107T,63571.0,63571.0,63571.0,63571.0,0
20181109T,64269.0,64269.0,64269.0,64269.0,0
20181112T,63432.0,63432.0,63432.0,63432.0,0
20181113T,63975.0,63975.0,63975.0,63975.0,0
20181114T,65853.0,65853.0,65853.0,65853.0,0
20181115T,67419.0,67419.0,67419.0,67419.0,0
20181116T,69508.0,69508.0,69508.0,69508.0,0
20181119T,71313.0,71313.0,71313.0,71313.0,0
20181120T,68296.0,68296.0,68296.0,68296.0,0
20181121T,70049.0,70049.0,70049.0,70049.0,0
20181122T,67615.0,67615.0,67615.0,67615.0,0
20181126T,71958.0,71958.0,71958.0,71958.0,0
20181127T,74365.0,74365.0,74365.0,74365.0,0
20181128T,77773.0,77773.0,77773.0,77773.0,0
20181129T,24001.0,24001.0,24001.0,24001.0,0
20181130T,31457.0,31457.0,31457.0,31457.0,0
20181203T,37054.0,37054.0,37054.0,37054.0,0
20181204T,37871.0,37871.0,37871.0,37871.0,0
20181205T,37801.0,37801.0,37801.0,37801.0,0
20181206T,37414.0,37414.0,37414.0,37414.0,0
20181207T,40629.0,40629.0,40629.0,40629.0,0
20181210T,42918.0,42918.0,42918.0,42918.0,0
20181211T,44392.0,44392.0,44392.0,44392.0,0
20181212T,48600.0,48600.0,48600.0,48600.0,0
20181213T,50330.0,50330.0,50330.0,50330.0,0
20181214T,53241.0,53241.0,53241.0,53241.0,0
20181217T,55586.0,55586.0,55586.0,55586.0,0
20181218T,57670.0,57670.0,57670.0,57670.0,0
20181219T,65332.0,65332.0,65332.0,65332.0,0
20181220T,65035.0,65035.0,65035.0,65035.0,0
20181221T,63744.0,63744.0,63744.0,63744.0,0
20181224T,62592.0,62592.0,62592.0,62592.0,0
20181226T,66115.0,66115.0,66115.0,66115.0,0
20181227T,19479.0,19479.0,19479.0,19479.0,0
20181228T,27457.0,27457.0,27457.0,27457.0,0
20181231T,30914.0,30914.0,30914.0,30914.0,0
20190101T,34390.0,34390.0,34390.0,34390.0,0
20190102T,36555.0,36555.0,36555.0,36555.0,0
20190103T,38495.0,38495.0,38495.0,38495.0,0
20190104T,43951.0,43951.0,43951.0,43951.0,0
20190107T,44751.0,44751.0,44751.0,44751.0,0
20190108T,51429.0,51429.0,51429.0,51429.0,0
20190109T,52628.0,52628.0,52628.0,52628.0,0
20190110T,54226.0,54226.0,54226.0,54226.0,0
20190111T,52266.0,52266.0,52266.0,52266.0,0
20190114T,53590.0,53590.0,53590.0,53590.0,0
20190115T,56789.0,56789.0,56789.0,56789.0,0
20190116T,56784.0,56784.0,56784.0,56784.0,0
20190117T,58572.0,58572.0,58572.0,58572.0,0
20190118T,58722.0,58722.0,58722.0,58722.0,0
20190121T,58996.0,58996.0,58996.0,58996.0,0
20190122T,58508.0,58508.0,58508.0,58508.0,0
20190123T,60073.0,60073.0,60073.0,60073.0,0
20190124T,63393.0,63393.0,63393.0,63393.0,0
20190125T,63469.0,63469.0,63469.0,63469.0,0
20190128T,61923.0,61923.0,61923.0,61923.0,0
20190129T,65539.0,65539.0,65539.0,65539.0,0
20190130T,66599.0,66599.0,66599.0,66599.0,0
20190131T,21042.0,21042.0,21042.0,21042.0,0
20190201T,32156.0,32156.0,32156.0,32156.0,0
20190204T,40524.0,40524.0,40524.0,40524.0,0
20190205T,47504.0,47504.0,47504.0,47504.0,0
20190206T,56309.0,56309.0,56309.0,56309.0,0
20190207T,57700.0,57700.0,57700.0,57700.0,0
20190208T,56293.0,56293.0,56293.0,56293.0,0
20190211T,57126.0,57126.0,57126.0,57126.0,0
20190212T,56068.0,56068.0,56068.0,56068.0,0
20190213T,57624.0,57624.0,57624.0,57624.0,0
20190214T,59515.0,59515.0,59515.0,59515.0,0
20190215T,57052.0,57052.0,57052.0,57052.0,0
20190218T,57031.0,57031.0,57031.0,57031.0,0
20190219T,60933.0,60933.0,60933.0,60933.0,0
20190220T,66291.0,66291.0,66291.0,66291.0,0
20190221T,68832.0,68832.0,68832.0,68832.0,0
20190222T,69436.0,69436.0,69436.0,69436.0,0
20190225T,72455.0,72455.0,72455.0,72455.0,0
20190226T,74901.0,74901.0,74901.0,74901.0,0
20190227T,74484.0,74484.0,74484.0,74484.0,0
20190228T,25108.0,25108.0,25108.0,25108.0,0
20190301T,32478.0,32478.0,32478.0,32478.0,0
20190305T,44830.0,44830.0,44830.0,44830.0,0
20190306T,49599.0,49599.0,49599.0,49599.0,0
20190307T,50845.0,50845.0,50845.0,50845.0,0
20190308T,50755.0,50755.0,50755.0,50755.0,0
20190311T,58422.0,58422.0,58422.0,58422.0,0
20190312T,64460.0,64460.0,64460.0,64460.0,0
20190313T,65615.0,65615.0,65615.0,65615.0,0
20190314T,67361.0,67361.0,67361.0,67361.0,0
20190315T,71127.0,71127.0,71127.0,71127.0,0
20190318T,72638.0,72638.0,72638.0,72638.0,0
20190319T,75517.0,75517.0,75517.0,75517.0,0
20190320T,71832.0,71832.0,71832.0,71832.0,0
20190322T,67918.0,67918.0,67918.0,67918.0,0
20190325T,68222.0,68222.0,68222.0,68222.0,0
20190326T,71933.0,71933.0,71933.0,71933.0,0
20190327T,71306.0,71306.0,71306.0,71306.0,0
20190328T,24064.0,24064.0,24064.0,24064.0,0
20190329T,32628.0,32628.0,32628.0,32628.0,0
20190401T,38518.0,38518.0,38518.0,38518.0,0
20190402T,44833.0,44833.0,44833.0,44833.0,0
20190403T,46387.0,46387.0,46387.0,46387.0,0
20190404T,47883.0,47883.0,47883.0,47883.0,0
20190405T,51728.0,51728.0,51728.0,51728.0,0
20190408T,49182.0,49182.0,49182.0,49182.0,0
20190409T,51154.0,51154.0,51154.0,51154.0,0
20190410T,50935.0,50935.0,50935.0,50935.0,0
20190411T,53290.0,53290.0,53290.0,53290.0,0
20190412T,54916.0,54916.0,54916.0,54916.0,0
20190415T,61641.0,61641.0,61641.0,61641.0,0
20190416T,63873.0,63873.0,63873.0,63873.0,0
20190418T,63164.0,63164.0,63164.0,63164.0,0
20190422T,65934.0,65934.0,65934.0,65934.0,0
20190423T,69732.0,69732.0,69732.0,69732.0,0
20190424T,75832.0,75832.0,75832.0,75832.0,0
20190425T,28548.0,28548.0,28548.0,28548.0,0
20190426T,38317.0,38317.0,38317.0,38317.0,0
20190430T,43245.0,43245.0,43245.0,43245.0,0
20190502T,47049.0,47049.0,47049.0,47049.0,0
20190503T,50583.0,50583.0,50583.0,50583.0,0
20190506T,55640.0,55640.0,55640.0,55640.0,0
20190507T,56375.0,56375.0,56375.0,56375.0,0
20190508T,58076.0,58076.0,58076.0,58076.0,0
20190509T,58175.0,58175.0,58175.0,58175.0,0
20190510T,58089.0,58089.0,58089.0,58089.0,0
20190513T,58964.0,58964.0,58964.0,58964.0,0
20190514T,60564.0,60564.0,60564.0,60564.0,0
20190515T,60711.0,60711.0,60711.0,60711.0,0
20190516T,61831.0,61831.0,61831.0,61831.0,0
20190517T,64948.0,64948.0,64948.0,64948.0,0
20190520T,68259.0,68259.0,68259.0,68259.0,0
20190521T,66459.0,66459.0,66459.0,66459.0,0
20190522T,68149.0,68149.0,68149.0,68149.0,0
20190523T,66867.0,66867.0,66867.0,66867.0,0
20190524T,73693.0,73693.0,73693.0,73693.0,0
20190527T,76889.0,76889.0,76889.0,76889.0,0
20190528T,77592.0,77592.0,77592.0,77592.0,0
20190529T,73661.0,73661.0,73661.0,73661.0,0
20190530T,22238.0,22238.0,22238.0,22238.0,0
20190531T,29624.0,29624.0,29624.0,29624.0,0
20190603T,39935.0,39935.0,39935.0,39935.0,0
20190604T,40693.0,40693.0,40693.0,40693.0,0
20190606T,43160.0,43160.0,43160.0,43160.0,0
20190607T,44364.0,44364.0,44364.0,44364.0,0
20190610T,49465.0,49465.0,49465.0,49465.0,0
20190611T,53399.0,53399.0,53399.0,53399.0,0
20190612T,52304.0,52304.0,52304.0,52304.0,0
20190613T,53300.0,53300.0,53300.0,53300.0,0
20190614T,52696.0,52696.0,52696.0,52696.0,0
20190617T,55877.0,55877.0,55877.0,55877.0,0
20190618T,57914.0,57914.0,57914.0,57914.0,0
20190619T,62260.0,62260.0,62260.0,62260.0,0
20190620T,72046.0,72046.0,72046.0,72046.0,0
20190621T,70665.0,70665.0,70665.0,70665.0,0
20190624T,72441.0,72441.0,72441.0,72441.0,0
20190625T,75844.0,75844.0,75844.0,75844.0,0
20190626T,76879.0,76879.0,76879.0,76879.0,0
20190627T,25329.0,25329.0,25329.0,25329.0,0
20190628T,34160.0,34160.0,34160.0,34160.0,0
20190701T,38503.0,38503.0,38503.0,38503.0,0
20190702T,42418.0,42418.0,42418.0,42418.0,0
20190703T,46222.0,46222.0,46222.0,46222.0,0
20190704T,47649.0,47649.0,47649.0,47649.0,0
20190705T,47498.0,47498.0,47498.0,47498.0,0
20190708T,46008.0,46008.0,46008.0,46008.0,0
20190709T,50546.0,50546.0,50546.0,50546.0,0
20190710T,52986.0,52986.0,52986.0,52986.0,0
20190711T,57157.0,57157.0,57157.0,57157.0,0
20190712T,59080.0,59080.0,59080.0,59080.0,0
20190715T,60425.0,60425.0,60425.0,60425.0,0
20190716T,63975.0,63975.0,63975.0,63975.0,0
20190717T,66348.0,66348.0,66348.0,66348.0,0
20190718T,64440.0,64440.0,64440.0,64440.0,0
20190719T,62451.0,62451.0,62451.0,62451.0,0
20190722T,66606.0,66606.0,66606.0,66606.0,0
20190723T,68731.0,68731.0,68731.0,68731.0,0
20190724T,68977.0,68977.0,68977.0,68977.0,0
20190725T,25829.0,25829.0,25829.0,25829.0,0
20190726T,35581.0,35581.0,35581.0,35581.0,0
20190729T,36973.0,36973.0,36973.0,36973.0,0
20190730T,41707.0,41707.0,41707.0,41707.0,0
20190731T,47468.0,47468.0,47468.0,47468.0,0
20190801T,46069.0,46069.0,46069.0,46069.0,0
20190802T,48677.0,48677.0,48677.0,48677.0,0
20190805T,50562.0,50562.0,50562.0,50562.0,0
20190806T,54457.0,54457.0,54457.0,54457.0,0
20190807T,52406.0,52406.0,52406.0,52406.0,0
20190808T,60412.0,60412.0,60412.0,60412.0,0
20190809T,62088.0,62088.0,62088.0,62088.0,0
20190813T,57869.0,57869.0,57869.0,57869.0,0
20190814T,60165.0,60165.0,60165.0,60165.0,0
20190816T,62104.0,62104.0,62104.0,62104.0,0
20190819T,62199.0,62199.0,62199.0,62199.0,0
20190820T,64255.0,64255.0,64255.0,64255.0,0
20190821T,64154.0,64154.0,64154.0,64154.0,0
20190822T,65592.0,65592.0,65592.0,65592.0,0
20190823T,70869.0,70869.0,70869.0,70869.0,0
20190826T,75177.0,75177.0,75177.0,75177.0,0
20190827T,79015.0,79015.0,79015.0,79015.0,0
20190828T,76595.0,76595.0,76595.0,76595.0,0
20190829T,79499.0,79499.0,79499.0,79499.0,0
20190830T,39957.0,39957.0,39957.0,39957.0,0
20190903T,39135.0,39135.0,39135.0,39135.0,0
20190904T,43890.0,43890.0,43890.0,43890.0,0
20190905T,47741.0,47741.0,47741.0,47741.0,0
20190906T,52022.0,52022.0,52022.0,52022.0,0
20190909T,55113.0,55113.0,55113.0,55113.0,0
20190911T,58826.0,58826.0,58826.0,58826.0,0
20190912T,55772.0,55772.0,55772.0,55772.0,0
20190913T,60341.0,60341.0,60341.0,60341.0,0
20190916T,56092.0,56092.0,56092.0,56092.0,0
20190917T,51920.0,51920.0,51920.0,51920.0,0
20190918T,55155.0,55155.0,55155.0,55155.0,0
20190919T,54391.0,54391.0,54391.0,54391.0,0
20190920T,81716.0,81716.0,81716.0,81716.0,0
20190923T,86323.0,86323.0,86323.0,86323.0,0
20190924T,85478.0,85478.0,85478.0,85478.0,0
20190925T,82584.0,82584.0,82584.0,82584.0,0
20190926T,29097.0,29097.0,29097.0,29097.0,0
20190927T,36958.0,36958.0,36958.0,36958.0,0
20190930T,41618.0,41618.0,41618.0,41618.0,0
20191001T,45749.0,45749.0,45749.0,45749.0,0
20191003T,49064.0,49064.0,49064.0,49064.0,0
20191004T,47247.0,47247.0,47247.0,47247.0,0
20191007T,50522.0,50522.0,50522.0,50522.0,0
20191009T,55213.0,55213.0,55213.0,55213.0,0
20191010T,55597.0,55597.0,55597.0,55597.0,0
20191011T,56403.0,56403.0,56403.0,56403.0,0
20191014T,58256.0,58256.0,58256.0,58256.0,0
20191015T,62604.0,62604.0,62604.0,62604.0,0
20191016T,64650.0,64650.0,64650.0,64650.0,0
20191017T,71442.0,71442.0,71442.0,71442.0,0
20191018T,73709.0,73709.0,73709.0,73709.0,0
20191022T,77002.0,77002.0,77002.0,77002.0,0
20191023T,78801.0,78801.0,78801.0,78801.0,0
20191024T,78517.0,78517.0,78517.0,78517.0,0
20191025T,79705.0,79705.0,79705.0,79705.0,0
20191029T,89035.0,89035.0,89035.0,89035.0,0
20191030T,88002.0,88002.0,88002.0,88002.0,0
20191031T,33870.0,33870.0,33870.0,33870.0,0
20191101T,42814.0,42814.0,42814.0,42814.0,0
20191104T,47104.0,47104.0,47104.0,47104.0,0
20191105T,49153.0,49153.0,49153.0,49153.0,0
20191106T,53068.0,53068.0,53068.0,53068.0,0
20191107T,54011.0,54011.0,54011.0,54011.0,0
20191108T,56458.0,56458.0,56458.0,56458.0,0
20191111T,58764.0,58764.0,58764.0,58764.0,0
20191113T,58023.0,58023.0,58023.0,58023.0,0
20191114T,59340.0,59340.0,59340.0,59340.0,0
20191115T,61525.0,61525.0,61525.0,61525.0,0
20191118T,63203.0,63203.0,63203.0,63203.0,0
20191119T,65104.0,65104.0,65104.0,65104.0,0
20191120T,68884.0,68884.0,68884.0,68884.0,0
20191121T,69391.0,69391.0,69391.0,69391.0,0
20191122T,69975.0,69975.0,69975.0,69975.0,0
20191125T,76334.0,76334.0,76334.0,76334.0,0
20191126T,80345.0,80345.0,80345.0,80345.0,0
20191127T,81253.0,81253.0,81253.0,81253.0,0
20191128T,32187.0,32187.0,32187.0,32187.0,0
20191129T,38955.0,38955.0,38955.0,38955.0,0
20191202T,43686.0,43686.0,43686.0,43686.0,0
20191203T,44965.0,44965.0,44965.0,44965.0,0
20191204T,47862.0,47862.0,47862.0,47862.0,0
20191205T,47288.0,47288.0,47288.0,47288.0,0
20191206T,47199.0,47199.0,47199.0,47199.0,0
20191209T,49201.0,49201.0,49201.0,49201.0,0
20191210T,50844.0,50844.0,50844.0,50844.0,0
20191211T,57062.0,57062.0,57062.0,57062.0,0
20191212T,60322.0,60322.0,60322.0,60322.0,0
20191213T,62810.0,62810.0,62810.0,62810.0,0
20191216T,61335.0,61335.0,61335.0,61335.0,0
20191217T,64771.0,64771.0,64771.0,64771.0,0
20191218T,66550.0,66550.0,66550.0,66550.0,0
20191219T,66976.0,66976.0,66976.0,66976.0,0
20191220T,70289.0,70289.0,70289.0,70289.0,0
20191223T,71992.0,71992.0,71992.0,71992.0,0
20191224T,71310.0,71310.0,71310.0,71310.0,0
20191226T,25445.0,25445.0,25445.0,25445.0,0
20191227T,33418.0,33418.0,33418.0,33418.0,0
20191230T,37023.0,37023.0,37023.0,37023.0,0
20191231T,39109.0,39109.0,39109.0,39109.0,0
20200101T,41268.0,41268.0,41268.0,41268.0,0
20200102T,47418.0,47418.0,47418.0,47418.0,0
20200103T,46692.0,46692.0,46692.0,46692.0,0
20200106T,43992.0,43992.0,43992.0,43992.0,0
20200107T,45188.0,45188.0,45188.0,45188.0,0
20200108T,47583.0,47583.0,47583.0,47583.0,0
20200109T,54613.0,54613.0,54613.0,54613.0,0
20200110T,57182.0,57182.0,57182.0,57182.0,0
20200113T,60718.0,60718.0,60718.0,60718.0,0
20200114T,64999.0,64999.0,64999.0,64999.0,0
20200115T,70126.0,70126.0,70126.0,70126.0,0
20200116T,70569.0,70569.0,70569.0,70569.0,0
20200117T,73759.0,73759.0,73759.0,73759.0,0
20200120T,71048.0,71048.0,71048.0,71048.0,0
20200121T,71979.0,71979.0,71979.0,71979.0,0
20200122T,73932.0,73932.0,73932.0,73932.0,0
20200123T,75439.0,75439.0,75439.0,75439.0,0
20200124T,78640.0,78640.0,78640.0,78640.0,0
20200127T,79305.0,79305.0,79305.0,79305.0,0
20200128T,79756.0,79756.0,79756.0,79756.0,0
20200129T,83174.0,83174.0,83174.0,83174.0,0
20200130T,26165.0,26165.0,26165.0,26165.0,0
20200131T,31211.0,31211.0,31211.0,31211.0,0
20200203T,37730.0,37730.0,37730.0,37730.0,0
20200204T,43987.0,43987.0,43987.0,43987.0,0
20200205T,50972.0,50972.0,50972.0,50972.0,0
20200206T,53948.0,53948.0,53948.0,53948.0,0
20200207T,55261.0,55261.0,55261.0,55261.0,0
20200210T,55945.0,55945.0,55945.0,55945.0,0
20200211T,58124.0,58124.0,58124.0,58124.0,0
20200212T,61010.0,61010.0,61010.0,61010.0,0
20200213T,60432.0,60432.0,60432.0,60432.0,0
20200214T,60882.0,60882.0,60882.0,60882.0,0
20200217T,63171.0,63171.0,63171.0,63171.0,0
20200218T,63784.0,63784.0,63784.0,63784.0,0
20200219T,70395.0,70395.0,70395.0,70395.0,0
20200220T,71616.0,71616.0,71616.0,71616.0,0
20200224T,69542.0,69542.0,69542.0,69542.0,0
20200225T,71570.0,71570.0,71570.0,71570.0,0
20200226T,71727.0,71727.0,71727.0,71727.0,0
20200227T,22090.0,22090.0,22090.0,22090.0,0
20200228T,24284.0,24284.0,24284.0,24284.0,0
20200302T,31956.0,31956.0,31956.0,31956.0,0
20200303T,37861.0,37861.0,37861.0,37861.0,0
20200304T,43134.0,43134.0,43134.0,43134.0,0
20200305T,45815.0,45815.0,45815.0,45815.0,0
20200306T,43250.0,43250.0,43250.0,43250.0,0
20200309T,43760.0,43760.0,43760.0,43760.0,0
20200311T,47438.0,47438.0,47438.0,47438.0,0
20200312T,51771.0,51771.0,51771.0,51771.0,0
20200313T,62986.0,62986.0,62986.0,62986.0,0
20200316T,65888.0,65888.0,65888.0,65888.0,0
20200317T,73021.0,73021.0,73021.0,73021.0,0
20200318T,75287.0,75287.0,75287.0,75287.0,0
20200319T,78728.0,78728.0,78728.0,78728.0,0
20200320T,85580.0,85580.0,85580.0,85580.0,0
20200323T,75656.0,75656.0,75656.0,75656.0,0
20200324T,79538.0,79538.0,79538.0,79538.0,0
20200325T,80281.0,80281.0,80281.0,80281.0,0
20200326T,14929.0,14929.0,14929.0,14929.0,0
20200327T,23809.0,23809.0,23809.0,23809.0,0
20200330T,25597.0,25597.0,25597.0,25597.0,0
20200331T,30557.0,30557.0,30557.0,30557.0,0
20200401T,30869.0,30869.0,30869.0,30869.0,0
20200403T,33000.0,33000.0,33000.0,33000.0,0
20200407T,43739.0,43739.0,43739.0,43739.0,0
20200408T,46514.0,46514.0,46514.0,46514.0,0
20200409T,51686.0,51686.0,51686.0,51686.0,0
20200413T,53214.0,53214.0,53214.0,53214.0,0
20200415T,57069.0,57069.0,57069.0,57069.0,0
20200416T,61093.0,61093.0,61093.0,61093.0,0
20200417T,66565.0,66565.0,66565.0,66565.0,0
20200420T,67468.0,67468.0,67468.0,67468.0,0
20200421T,65129.0,65129.0,65129.0,65129.0,0
20200422T,69855.0,69855.0,69855.0,69855.0,0
20200423T,72807.0,72807.0,72807.0,72807.0,0
20200424T,72340.0,72340.0,72340.0,72340.0,0
20200427T,77429.0,77429.0,77429.0,77429.0,0
20200428T,78757.0,78757.0,78757.0,78757.0,0
20200429T,81460.0,81460.0,81460.0,81460.0,0
20200430T,37958.0,37958.0,37958.0,37958.0,0
20200504T,41965.0,41965.0,41965.0,41965.0,0
20200505T,48874.0,48874.0,48874.0,48874.0,0
20200506T,55484.0,55484.0,55484.0,55484.0,0
20200507T,57486.0,57486.0,57486.0,57486.0,0
20200508T,59886.0,59886.0,59886.0,59886.0,0
20200511T,62390.0,62390.0,62390.0,62390.0,0
20200512T,59124.0,59124.0,59124.0,59124.0,0
20200513T,64095.0,64095.0,64095.0,64095.0,0
20200514T,62574.0,62574.0,62574.0,62574.0,0
20200515T,64531.0,64531.0,64531.0,64531.0,0
20200518T,62576.0,62576.0,62576.0,62576.0,0
20200519T,65552.0,65552.0,65552.0,65552.0,0
20200520T,69744.0,69744.0,69744.0,69744.0,0
20200521T,72524.0,72524.0,72524.0,72524.0,0
20200522T,74045.0,74045.0,74045.0,74045.0,0
20200526T,75979.0,75979.0,75979.0,75979.0,0
20200527T,84379.0,84379.0,84379.0,84379.0,0
20200528T,40306.0,40306.0,40306.0,40306.0,0
20200529T,55190.0,55190.0,55190.0,55190.0,0
20200601T,72166.0,72166.0,72166.0,72166.0,0
20200602T,83685.0,83685.0,83685.0,83685.0,0
20200603T,92441.0,92441.0,92441.0,92441.0,0
20200604T,94381.0,94381.0,94381.0,94381.0,0
20200605T,101956.0,101956.0,101956.0,101956.0,0
20200608T,104867.0,104867.0,104867.0,104867.0,0
20200609T,103921.0,103921.0,103921.0,103921.0,0
20200610T,108116.0,108116.0,108116.0,108116.0,0
20200611T,103040.0,103040.0,103040.0,103040.0,0
20200612T,102717.0,102717.0,102717.0,102717.0,0
20200615T,101897.0,101897.0,101897.0,101897.0,0
20200616T,102341.0,102341.0,102341.0,102341.0,0
20200617T,104797.0,104797.0,104797.0,104797.0,0
20200618T,111676.0,111676.0,111676.0,111676.0,0
20200619T,118209.0,118209.0,118209.0,118209.0,0
20200622T,118307.0,118307.0,118307.0,118307.0,0
20200623T,124620.0,124620.0,124620.0,124620.0,0
20200624T,117343.0,117343.0,117343.0,117343.0,0
20200625T,41045.0,41045.0,41045.0,41045.0,0
20200626T,54944.0,54944.0,54944.0,54944.0,0
20200629T,58493.0,58493.0,58493.0,58493.0,0
20200630T,60714.0,60714.0,60714.0,60714.0,0
20200701T,67846.0,67846.0,67846.0,67846.0,0
20200702T,78177.0,78177.0,78177.0,78177.0,0
20200703T,83862.0,83862.0,83862.0,83862.0,0
20200706T,92857.0,92857.0,92857.0,92857.0,0
20200707T,96991.0,96991.0,96991.0,96991.0,0
20200708T,97654.0,97654.0,97654.0,97654.0,0
20200709T,104574.0,104574.0,104574.0,104574.0,0
20200710T,101249.0,101249.0,101249.0,101249.0,0
20200713T,103831.0,103831.0,103831.0,103831.0,0
20200714T,100620.0,100620.0,100620.0,100620.0,0
20200715T,102430.0,102430.0,102430.0,102430.0,0
20200716T,103407.0,103407.0,103407.0,103407.0,0
20200717T,111002.0,111002.0,111002.0,111002.0,0
20200720T,115248.0,115248.0,115248.0,115248.0,0
20200721T,121137.0,121137.0,121137.0,121137.0,0
20200722T,119889.0,119889.0,119889.0,119889.0,0
20200723T,126480.0,126480.0,126480.0,126480.0,0
20200724T,128373.0,128373.0,128373.0,128373.0,0
20200727T,125919.0,125919.0,125919.0,125919.0,0
20200728T,129627.0,129627.0,129627.0,129627.0,0
20200729T,128090.0,128090.0,128090.0,128090.0,0
20200730T,43530.0,43530.0,43530.0,43530.0,0
20200803T,58136.0,58136.0,58136.0,58136.0,0
20200804T,63962.0,63962.0,63962.0,63962.0,0
20200805T,70104.0,70104.0,70104.0,70104.0,0
20200806T,74379.0,74379.0,74379.0,74379.0,0
20200807T,80805.0,80805.0,80805.0,80805.0,0
20200810T,87189.0,87189.0,87189.0,87189.0,0
20200811T,89994.0,89994.0,89994.0,89994.0,0
20200812T,93205.0,93205.0,93205.0,93205.0,0
20200813T,97692.0,97692.0,97692.0,97692.0,0
20200814T,94489.0,94489.0,94489.0,94489.0,0
20200817T,98956.0,98956.0,98956.0,98956.0,0
20200818T,102724.0,102724.0,102724.0,102724.0,0
20200819T,105327.0,105327.0,105327.0,105327.0,0
20200820T,104876.0,104876.0,104876.0,104876.0,0
20200821T,108556.0,108556.0,108556.0,108556.0,0
20200824T,116532.0,116532.0,116532.0,116532.0,0
20200825T,115483.0,115483.0,115483.0,115483.0,0
20200826T,117820.0,117820.0,117820.0,117820.0,0
20200827T,46557.0,46557.0,46557.0,46557.0,0
20200828T,64554.0,64554.0,64554.0,64554.0,0
20200831T,64157.0,64157.0,64157.0,64157.0,0
20200901T,66145.0,66145.0,66145.0,66145.0,0
20200902T,71270.0,71270.0,71270.0,71270.0,0
20200903T,74589.0,74589.0,74589.0,74589.0,0
20200904T,73722.0,73722.0,73722.0,73722.0,0
20200907T,76510.0,76510.0,76510.0,76510.0,0
20200908T,78694.0,78694.0,78694.0,78694.0,0
20200909T,76533.0,76533.0,76533.0,76533.0,0
20200910T,80833.0,80833.0,80833.0,80833.0,0
20200911T,83682.0,83682.0,83682.0,83682.0,0
20200914T,89057.0,89057.0,89057.0,89057.0,0
20200915T,88326.0,88326.0,88326.0,88326.0,0
20200916T,92562.0,92562.0,92562.0,92562.0,0
20200917T,90372.0,90372.0,90372.0,90372.0,0
20200918T,92488.0,92488.0,92488.0,92488.0,0
20200921T,90048.0,90048.0,90048.0,90048.0,0
20200922T,89785.0,89785.0,89785.0,89785.0,0
20200923T,90315.0,90315.0,90315.0,90315.0,0
20200924T,30426.0,30426.0,30426.0,30426.0,0
20200925T,39490.0,39490.0,39490.0,39490.0,0
20200928T,49645.0,49645.0,49645.0,49645.0,0
20200929T,52932.0,52932.0,52932.0,52932.0,0
20200930T,55123.0,55123.0,55123.0,55123.0,0
20201001T,64743.0,64743.0,64743.0,64743.0,0
20201005T,67857.0,67857.0,67857.0,67857.0,0
20201006T,75598.0,75598.0,75598.0,75598.0,0
20201007T,82980.0,82980.0,82980.0,82980.0,0
20201008T,85856.0,85856.0,85856.0,85856.0,0
20201009T,94653.0,94653.0,94653.0,94653.0,0
20201012T,97135.0,97135.0,97135.0,97135.0,0
20201013T,98428.0,98428.0,98428.0,98428.0,0
20201014T,97701.0,97701.0,97701.0,97701.0,0
20201015T,90579.0,90579.0,90579.0,90579.0,0
20201016T,93339.0,93339.0,93339.0,93339.0,0
20201019T,98769.0,98769.0,98769.0,98769.0,0
20201020T,99711.0,99711.0,99711.0,99711.0,0
20201021T,100203.0,100203.0,100203.0,100203.0,0
20201022T,100834.0,100834.0,100834.0,100834.0,0
20201023T,103576.0,103576.0,103576.0,103576.0,0
20201026T,99437.0,99437.0,99437.0,99437.0,0
20201027T,108780.0,108780.0,108780.0,108780.0,0
20201028T,101860.0,101860.0,101860.0,101860.0,0
20201029T,36895.0,36895.0,36895.0,36895.0,0
20201030T,47278.0,47278.0,47278.0,47278.0,0
20201102T,62494.0,62494.0,62494.0,62494.0,0
20201103T,73921.0,73921.0,73921.0,73921.0,0
20201104T,76987.0,76987.0,76987.0,76987.0,0
20201105T,90123.0,90123.0,90123.0,90123.0,0
20201106T,95054.0,95054.0,95054.0,95054.0,0
20201109T,102890.0,102890.0,102890.0,102890.0,0
20201110T,112840.0,112840.0,112840.0,112840.0,0
20201111T,117152.0,117152.0,117152.0,117152.0,0
20201112T,117988.0,117988.0,117988.0,117988.0,0
20201113T,123361.0,123361.0,123361.0,123361.0,0
20201117T,128498.0,128498.0,128498.0,128498.0,0
20201118T,134476.0,134476.0,134476.0,134476.0,0
20201119T,131906.0,131906.0,131906.0,131906.0,0
20201120T,140434.0,140434.0,140434.0,140434.0,0
20201123T,142079.0,142079.0,142079.0,142079.0,0
20201124T,146504.0,146504.0,146504.0,146504.0,0
20201125T,140275.0,140275.0,140275.0,140275.0,0
20201126T,51880.0,51880.0,51880.0,51880.0,0
20201127T,65975.0,65975.0,65975.0,65975.0,0
20201201T,73678.0,73678.0,73678.0,73678.0,0
20201202T,79532.0,79532.0,79532.0,79532.0,0
20201203T,87522.0,87522.0,87522.0,87522.0,0
20201204T,94158.0,94158.0,94158.0,94158.0,0
20201207T,100850.0,100850.0,100850.0,100850.0,0
20201208T,102516.0,102516.0,102516.0,102516.0,0
20201209T,106687.0,106687.0,106687.0,106687.0,0
20201210T,108052.0,108052.0,108052.0,108052.0,0
20201211T,113375.0,113375.0,113375.0,113375.0,0
20201214T,120354.0,120354.0,120354.0,120354.0,0
20201215T,123451.0,123451.0,123451.0,123451.0,0
20201216T,129085.0,129085.0,129085.0,129085.0,0
20201217T,131844.0,131844.0,131844.0,131844.0,0
20201218T,128429.0,128429.0,128429.0,128429.0,0
20201221T,119506.0,119506.0,119506.0,119506.0,0
20201222T,116528.0,116528.0,116528.0,116528.0,0
20201223T,117976.0,117976.0,117976.0,117976.0,0
20201224T,119395.0,119395.0,119395.0,119395.0,0
20201228T,122213.0,122213.0,122213.0,122213.0,0
20201229T,124242.0,124242.0,124242.0,124242.0,0
20201230T,123407.0,123407.0,123407.0,123407.0,0
20201231T,48479.0,48479.0,48479.0,48479.0,0
20210101T,59300.0,59300.0,59300.0,59300.0,0
20210104T,73643.0,73643.0,73643.0,73643.0,0
20210105T,84311.0,84311.0,84311.0,84311.0,0
20210106T,90378.0,90378.0,90378.0,90378.0,0
20210107T,101122.0,101122.0,101122.0,101122.0,0
20210108T,113028.0,113028.0,113028.0,113028.0,0
20210111T,118014.0,118014.0,118014.0,118014.0,0
20210112T,129875.0,129875.0,129875.0,129875.0,0
20210113T,136930.0,136930.0,136930.0,136930.0,0
20210114T,139801.0,139801.0,139801.0,139801.0,0
20210115T,140848.0,140848.0,140848.0,140848.0,0
20210118T,135249.0,135249.0,135249.0,135249.0,0
20210119T,135918.0,135918.0,135918.0,135918.0,0
20210120T,136842.0,136842.0,136842.0,136842.0,0
20210121T,138295.0,138295.0,138295.0,138295.0,0
20210122T,136712.0,136712.0,136712.0,136712.0,0
20210125T,129438.0,129438.0,129438.0,129438.0,0
20210127T,125955.0,125955.0,125955.0,125955.0,0
20210128T,38905.0,38905.0,38905.0,38905.0,0
20210129T,50907.0,50907.0,50907.0,50907.0,0
20210201T,68316.0,68316.0,68316.0,68316.0,0
20210202T,87928.0,87928.0,87928.0,87928.0,0
20210203T,101182.0,101182.0,101182.0,101182.0,0
20210204T,112345.0,112345.0,112345.0,112345.0,0
20210205T,118557.0,118557.0,118557.0,118557.0,0
20210208T,127885.0,127885.0,127885.0,127885.0,0
20210209T,133327.0,133327.0,133327.0,133327.0,0
20210210T,132010.0,132010.0,132010.0,132010.0,0
20210211T,133517.0,133517.0,133517.0,133517.0,0
20210212T,135478.0,135478.0,135478.0,135478.0,0
20210215T,141590.0,141590.0,141590.0,141590.0,0
20210216T,138294.0,138294.0,138294.0,138294.0,0
20210217T,137491.0,137491.0,137491.0,137491.0,0
20210218T,138838.0,138838.0,138838.0,138838.0,0
20210219T,143112.0,143112.0,143112.0,143112.0,0
20210222T,145510.0,145510.0,145510.0,145510.0,0
20210223T,145097.0,145097.0,145097.0,145097.0,0
20210224T,151270.0,151270.0,151270.0,151270.0,0
20210225T,51832.0,51832.0,51832.0,51832.0,0
20210226T,60056.0,60056.0,60056.0,60056.0,0
20210301T,70472.0,70472.0,70472.0,70472.0,0
20210302T,79391.0,79391.0,79391.0,79391.0,0
20210303T,94192.0,94192.0,94192.0,94192.0,0
20210304T,94461.0,94461.0,94461.0,94461.0,0
20210305T,95433.0,95433.0,95433.0,95433.0,0
20210308T,100079.0,100079.0,100079.0,100079.0,0
20210309T,104164.0,104164.0,104164.0,104164.0,0
20210310T,106564.0,106564.0,106564.0,106564.0,0
20210312T,105437.0,105437.0,105437.0,105437.0,0
20210315T,102041.0,102041.0,102041.0,102041.0,0
20210316T,102920.0,102920.0,102920.0,102920.0,0
20210317T,99890.0,99890.0,99890.0,99890.0,0
20210318T,100397.0,100397.0,100397.0,100397.0,0
20210319T,107376.0,107376.0,107376.0,107376.0,0
20210322T,112607.0,112607.0,112607.0,112607.0,0
20210323T,111748.0,111748.0,111748.0,111748.0,0
20210324T,111829.0,111829.0,111829.0,111829.0,0
20210325T,42960.0,42960.0,42960.0,42960.0,0
20210326T,60369.0,60369.0,60369.0,60369.0,0
20210330T,70735.0,70735.0,70735.0,70735.0,0
20210331T,71660.0,71660.0,71660.0,71660.0,0
20210401T,83704.0,83704.0,83704.0,83704.0,0
20210405T,81120.0,81120.0,81120.0,81120.0,0
20210406T,87133.0,87133.0,87133.0,87133.0,0
20210407T,95727.0,95727.0,95727.0,95727.0,0
20210408T,101779.0,101779.0,101779.0,101779.0,0
20210409T,107165.0,107165.0,107165.0,107165.0,0
20210412T,108262.0,108262.0,108262.0,108262.0,0
20210413T,112584.0,112584.0,112584.0,112584.0,0
20210415T,111361.0,111361.0,111361.0,111361.0,0
20210416T,122321.0,122321.0,122321.0,122321.0,0
20210419T,116558.0,116558.0,116558.0,116558.0,0
20210420T,121369.0,121369.0,121369.0,121369.0,0
20210422T,126784.0,126784.0,126784.0,126784.0,0
20210423T,127631.0,127631.0,127631.0,127631.0,0
20210426T,131584.0,131584.0,131584.0,131584.0,0
20210427T,138129.0,138129.0,138129.0,138129.0,0
20210428T,143638.0,143638.0,143638.0,143638.0,0
20210429T,51501.0,51501.0,51501.0,51501.0,0
20210430T,78034.0,78034.0,78034.0,78034.0,0
20210503T,88704.0,88704.0,88704.0,88704.0,0
20210504T,96978.0,96978.0,96978.0,96978.0,0
20210505T,106283.0,106283.0,106283.0,106283.0,0
20210506T,115815.0,115815.0,115815.0,115815.0,0
20210507T,127381.0,127381.0,127381.0,127381.0,0
20210510T,138609.0,138609.0,138609.0,138609.0,0
20210511T,143428.0,143428.0,143428.0,143428.0,0
20210512T,147899.0,147899.0,147899.0,147899.0,0
20210514T,149676.0,149676.0,149676.0,149676.0,0
20210517T,163535.0,163535.0,163535.0,163535.0,0
20210518T,177239.0,177239.0,177239.0,177239.0,0
20210519T,176606.0,176606.0,176606.0,176606.0,0
20210520T,176984.0,176984.0,176984.0,176984.0,0
20210521T,193034.0,193034.0,193034.0,193034.0,0
20210524T,193174.0,193174.0,193174.0,193174.0,0
20210525T,192897.0,192897.0,192897.0,192897.0,0
20210526T,185380.0,185380.0,185380.0,185380.0,0
20210527T,67085.0,67085.0,67085.0,67085.0,0
20210528T,92653.0,92653.0,92653.0,92653.0,0
20210531T,115115.0,115115.0,115115.0,115115.0,0
20210601T,125229.0,125229.0,125229.0,125229.0,0
20210602T,138056.0,138056.0,138056.0,138056.0,0
20210603T,148043.0,148043.0,148043.0,148043.0,0
20210604T,157826.0,157826.0,157826.0,157826.0,0
20210607T,166744.0,166744.0,166744.0,166744.0,0
20210608T,171427.0,171427.0,171427.0,171427.0,0
20210609T,175086.0,175086.0,175086.0,175086.0,0
20210610T,183855.0,183855.0,183855.0,183855.0,0
20210611T,194502.0,194502.0,194502.0,194502.0,0
20210614T,196708.0,196708.0,196708.0,196708.0,0
20210615T,206261.0,206261.0,206261.0,206261.0,0
20210616T,200431.0,200431.0,200431.0,200431.0,0
20210617T,195613.0,195613.0,195613.0,195613.0,0
20210618T,191068.0,191068.0,191068.0,191068.0,0
20210621T,194455.0,194455.0,194455.0,194455.0,0
20210622T,196417.0,196417.0,196417.0,196417.0,0
20210623T,192625.0,192625.0,192625.0,192625.0,0
20210624T,73850.0,73850.0,73850.0,73850.0,0
20210625T,95893.0,95893.0,95893.0,95893.0,0
20210628T,110743.0,110743.0,110743.0,110743.0,0
20210629T,118785.0,118785.0,118785.0,118785.0,0
20210630T,124823.0,124823.0,124823.0,124823.0,0
20210701T,130256.0,130256.0,130256.0,130256.0,0
20210702T,135554.0,135554.0,135554.0,135554.0,0
20210705T,140992.0,140992.0,140992.0,140992.0,0
20210706T,147824.0,147824.0,147824.0,147824.0,0
20210707T,157047.0,157047.0,157047.0,157047.0,0
20210708T,150132.0,150132.0,150132.0,150132.0,0
20210709T,154207.0,154207.0,154207.0,154207.0,0
20210712T,156873.0,156873.0,156873.0,156873.0,0
20210713T,164748.0,164748.0,164748.0,164748.0,0
20210714T,172480.0,172480.0,172480.0,172480.0,0
20210715T,183207.0,183207.0,183207.0,183207.0,0
20210716T,186222.0,186222.0,186222.0,186222.0,0
20210719T,180876.0,180876.0,180876.0,180876.0,0
20210720T,173326.0,173326.0,173326.0,173326.0,0
20210722T,182305.0,182305.0,182305.0,182305.0,0
20210723T,193672.0,193672.0,193672.0,193672.0,0
20210726T,198633.0,198633.0,198633.0,198633.0,0
20210727T,191946.0,191946.0,191946.0,191946.0,0
20210728T,189581.0,189581.0,189581.0,189581.0,0
20210729T,67246.0,67246.0,67246.0,67246.0,0
20210730T,97727.0,97727.0,97727.0,97727.0,0
20210802T,118672.0,118672.0,118672.0,118672.0,0
20210803T,139718.0,139718.0,139718.0,139718.0,0
20210804T,152515.0,152515.0,152515.0,152515.0,0
20210805T,161486.0,161486.0,161486.0,161486.0,0
20210806T,167671.0,167671.0,167671.0,167671.0,0
20210809T,169771.0,169771.0,169771.0,169771.0,0
20210810T,175592.0,175592.0,175592.0,175592.0,0
20210811T,171377.0,171377.0,171377.0,171377.0,0
20210812T,179895.0,179895.0,179895.0,179895.0,0
20210813T,190286.0,190286.0,190286.0,190286.0,0
20210816T,197779.0,197779.0,197779.0,197779.0,0
20210817T,200082.0,200082.0,200082.0,200082.0,0
20210818T,199488.0,199488.0,199488.0,199488.0,0
20210820T,201947.0,201947.0,201947.0,201947.0,0
20210823T,204311.0,204311.0,204311.0,204311.0,0
20210824T,212961.0,212961.0,212961.0,212961.0,0
20210825T,215763.0,215763.0,215763.0,215763.0,0
20210826T,70106.0,70106.0,70106.0,70106.0,0
20210827T,94865.0,94865.0,94865.0,94865.0,0
20210830T,116357.0,116357.0,116357.0,116357.0,0
20210831T,137943.0,137943.0,137943.0,137943.0,0
20210901T,144991.0,144991.0,144991.0,144991.0,0
20210902T,162192.0,162192.0,162192.0,162192.0,0
20210903T,172765.0,172765.0,172765.0,172765.0,0
20210906T,184790.0,184790.0,184790.0,184790.0,0
20210907T,190395.0,190395.0,190395.0,190395.0,0
20210908T,194882.0,194882.0,194882.0,194882.0,0
20210909T,196704.0,196704.0,196704.0,196704.0,0
20210913T,207074.0,207074.0,207074.0,207074.0,0
20210914T,221262.0,221262.0,221262.0,221262.0,0
20210915T,232919.0,232919.0,232919.0,232919.0,0
20210916T,257069.0,257069.0,257069.0,257069.0,0
20210917T,257269.0,257269.0,257269.0,257269.0,0
20210920T,245775.0,245775.0,245775.0,245775.0,0
20210921T,243185.0,243185.0,243185.0,243185.0,0
20210922T,248354.0,248354.0,248354.0,248354.0,0
20210923T,264987.0,264987.0,264987.0,264987.0,0
20210924T,269734.0,269734.0,269734.0,269734.0,0
20210927T,281275.0,281275.0,281275.0,281275.0,0
20210928T,275681.0,275681.0,275681.0,275681.0,0
20210929T,275921.0,275921.0,275921.0,275921.0,0
20210930T,89348.0,89348.0,89348.0,89348.0,0
20211001T,105124.0,105124.0,105124.0,105124.0,0
20211004T,127599.0,127599.0,127599.0,127599.0,0
20211005T,144877.0,144877.0,144877.0,144877.0,0
20211006T,151765.0,151765.0,151765.0,151765.0,0
20211007T,165975.0,165975.0,165975.0,165975.0,0
20211008T,180337.0,180337.0,180337.0,180337.0,0
20211011T,191584.0,191584.0,191584.0,191584.0,0
20211012T,204945.0,204945.0,204945.0,204945.0,0
20211013T,218834.0,218834.0,218834.0,218834.0,0
20211014T,226362.0,226362.0,226362.0,226362.0,0
20211018T,234226.0,234226.0,234226.0,234226.0,0
20211019T,238966.0,238966.0,238966.0,238966.0,0
20211020T,232983.0,232983.0,232983.0,232983.0,0
20211021T,229508.0,229508.0,229508.0,229508.0,0
20211022T,232850.0,232850.0,232850.0,232850.0,0
20211025T,231082.0,231082.0,231082.0,231082.0,0
20211026T,236332.0,236332.0,236332.0,236332.0,0
20211027T,248476.0,248476.0,248476.0,248476.0,0
20211028T,72271.0,72271.0,72271.0,72271.0,0
20211029T,107012.0,107012.0,107012.0,107012.0,0
20211101T,127485.0,127485.0,127485.0,127485.0,0
20211102T,143169.0,143169.0,143169.0,143169.0,0
20211103T,153411.0,153411.0,153411.0,153411.0,0
20211108T,168214.0,168214.0,168214.0,168214.0,0
20211109T,182984.0,182984.0,182984.0,182984.0,0
20211110T,191783.0,191783.0,191783.0,191783.0,0
20211111T,193413.0,193413.0,193413.0,193413.0,0
20211112T,208472.0,208472.0,208472.0,208472.0,0
20211115T,216157.0,216157.0,216157.0,216157.0,0
20211116T,216517.0,216517.0,216517.0,216517.0,0
20211117T,214484.0,214484.0,214484.0,214484.0,0
20211118T,208470.0,208470.0,208470.0,208470.0,0
20211122T,204802.0,204802.0,204802.0,204802.0,0
20211123T,213400.0,213400.0,213400.0,213400.0,0
20211124T,222999.0,222999.0,222999.0,222999.0,0
20211125T,73516.0,73516.0,73516.0,73516.0,0
20211126T,100574.0,100574.0,100574.0,100574.0,0
20211129T,113992.0,113992.0,113992.0,113992.0,0
20211130T,126495.0,126495.0,126495.0,126495.0,0
20211201T,136502.0,136502.0,136502.0,136502.0,0
20211202T,146040.0,146040.0,146040.0,146040.0,0
20211203T,145178.0,145178.0,145178.0,145178.0,0
20211206T,141227.0,141227.0,141227.0,141227.0,0
20211207T,151957.0,151957.0,151957.0,151957.0,0
20211208T,168324.0,168324.0,168324.0,168324.0,0
20211209T,173915.0,173915.0,173915.0,173915.0,0
20211210T,186508.0,186508.0,186508.0,186508.0,0
20211213T,187919.0,187919.0,187919.0,187919.0,0
20211214T,190811.0,190811.0,190811.0,190811.0,0
20211215T,192561.0,192561.0,192561.0,192561.0,0
20211216T,195312.0,195312.0,195312.0,195312.0,0
20211217T,199816.0,199816.0,199816.0,199816.0,0
20211220T,194083.0,194083.0,194083.0,194083.0,0
20211221T,198769.0,198769.0,198769.0,198769.0,0
20211222T,208563.0,208563.0,208563.0,208563.0,0
20211223T,217255.0,217255.0,217255.0,217255.0,0
20211224T,221226.0,221226.0,221226.0,221226.0,0
20211227T,229248.0,229248.0,229248.0,229248.0,0
20211228T,243606.0,243606.0,243606.0,243606.0,0
20211229T,255128.0,255128.0,255128.0,255128.0,0
20211230T,70263.0,70263.0,70263.0,70263.0,0
20211231T,101627.0,101627.0,101627.0,101627.0,0
20220103T,135310.0,135310.0,135310.0,135310.0,0
20220104T,154928.0,154928.0,154928.0,154928.0,0
20220105T,180599.0,180599.0,180599.0,180599.0,0
20220106T,183121.0,183121.0,183121.0,183121.0,0
20220107T,205718.0,205718.0,205718.0,205718.0,0
20220110T,227781.0,227781.0,227781.0,227781.0,0
20220111T,234102.0,234102.0,234102.0,234102.0,0
20220112T,263299.0,263299.0,263299.0,263299.0,0
20220113T,277922.0,277922.0,277922.0,277922.0,0
20220114T,279426.0,279426.0,279426.0,279426.0,0
20220117T,291281.0,291281.0,291281.0,291281.0,0
20220118T,284708.0,284708.0,284708.0,284708.0,0
20220119T,272152.0,272152.0,272152.0,272152.0,0
20220120T,273402.0,273402.0,273402.0,273402.0,0
20220121T,279119.0,279119.0,279119.0,279119.0,0
20220124T,266038.0,266038.0,266038.0,266038.0,0
20220125T,288012.0,288012.0,288012.0,288012.0,0
20220127T,74244.0,74244.0,74244.0,74244.0,0
20220128T,112004.0,112004.0,112004.0,112004.0,0
20220131T,132051.0,132051.0,132051.0,132051.0,0
20220201T,158798.0,158798.0,158798.0,158798.0,0
20220202T,183285.0,183285.0,183285.0,183285.0,0
20220203T,189380.0,189380.0,189380.0,189380.0,0
20220204T,200136.0,200136.0,200136.0,200136.0,0
20220207T,201696.0,201696.0,201696.0,201696.0,0
20220208T,206609.0,206609.0,206609.0,206609.0,0
20220209T,220572.0,220572.0,220572.0,220572.0,0
20220210T,237846.0,237846.0,237846.0,237846.0,0
20220211T,229000.0,229000.0,229000.0,229000.0,0
20220214T,229723.0,229723.0,229723.0,229723.0,0
20220215T,242157.0,242157.0,242157.0,242157.0,0
20220216T,236750.0,236750.0,236750.0,236750.0,0
20220217T,239351.0,239351.0,239351.0,239351.0,0
20220218T,247216.0,247216.0,247216.0,247216.0,0
20220221T,244811.0,244811.0,244811.0,244811.0,0
20220222T,258310.0,258310.0,258310.0,258310.0,0
20220223T,271021.0,271021.0,271021.0,271021.0,0
20220224T,73534.0,73534.0,73534.0,73534.0,0
20220225T,119290.0,119290.0,119290.0,119290.0,0
20220228T,153445.0,153445.0,153445.0,153445.0,0
20220302T,170986.0,170986.0,170986.0,170986.0,0
20220303T,183627.0,183627.0,183627.0,183627.0,0
20220304T,199004.0,199004.0,199004.0,199004.0,0
20220307T,211051.0,211051.0,211051.0,211051.0,0
20220308T,227791.0,227791.0,227791.0,227791.0,0
20220309T,238623.0,238623.0,238623.0,238623.0,0
20220310T,249190.0,249190.0,249190.0,249190.0,0
20220311T,263622.0,263622.0,263622.0,263622.0,0
20220314T,277577.0,277577.0,277577.0,277577.0,0
20220315T,273742.0,273742.0,273742.0,273742.0,0
20220316T,291948.0,291948.0,291948.0,291948.0,0
20220317T,323320.0,323320.0,323320.0,323320.0,0
20220321T,321408.0,321408.0,321408.0,321408.0,0
20220322T,328662.0,328662.0,328662.0,328662.0,0
20220323T,330483.0,330483.0,330483.0,330483.0,0
20220324T,336488.0,336488.0,336488.0,336488.0,0
20220325T,339418.0,339418.0,339418.0,339418.0,0
20220328T,349841.0,349841.0,349841.0,349841.0,0
20220329T,363810.0,363810.0,363810.0,363810.0,0
20220330T,378350.0,378350.0,378350.0,378350.0,0
20220331T,105382.0,105382.0,105382.0,105382.0,0
20220401T,163167.0,163167.0,163167.0,163167.0,0
20220404T,195031.0,195031.0,195031.0,195031.0,0
20220405T,218160.0,218160.0,218160.0,218160.0,0
20220406T,236579.0,236579.0,236579.0,236579.0,0
20220407T,248455.0,248455.0,248455.0,248455.0,0
20220408T,282225.0,282225.0,282225.0,282225.0,0
20220411T,291730.0,291730.0,291730.0,291730.0,0
20220412T,287988.0,287988.0,287988.0,287988.0,0
20220413T,292899.0,292899.0,292899.0,292899.0,0
20220418T,311489.0,311489.0,311489.0,311489.0,0
20220419T,320505.0,320505.0,320505.0,320505.0,0
20220420T,323707.0,323707.0,323707.0,323707.0,0
20220421T,341105.0,341105.0,341105.0,341105.0,0
20220422T,333784.0,333784.0,333784.0,333784.0,0
20220425T,324706.0,324706.0,324706.0,324706.0,0
20220426T,343463.0,343463.0,343463.0,343463.0,0
20220427T,348474.0,348474.0,348474.0,348474.0,0
20220428T,102740.0,102740.0,102740.0,102740.0,0
20220429T,153439.0,153439.0,153439.0,153439.0,0
20220502T,177980.0,177980.0,177980.0,177980.0,0
20220504T,186328.0,186328.0,186328.0,186328.0,0
20220505T,202465.0,202465.0,202465.0,202465.0,0
20220506T,219687.0,219687.0,219687.0,219687.0,0
20220509T,235559.0,235559.0,235559.0,235559.0,0
20220510T,244211.0,244211.0,244211.0,244211.0,0
20220511T,254643.0,254643.0,254643.0,254643.0,0
20220512T,266614.0,266614.0,266614.0,266614.0,0
20220513T,279740.0,279740.0,279740.0,279740.0,0
20220516T,290645.0,290645.0,290645.0,290645.0,0
20220517T,306290.0,306290.0,306290.0,306290.0,0
20220518T,308057.0,308057.0,308057.0,308057.0,0
20220519T,310859.0,310859.0,310859.0,310859.0,0
20220520T,338813.0,338813.0,338813.0,338813.0,0
20220523T,347115.0,347115.0,347115.0,347115.0,0
20220524T,357615.0,357615.0,357615.0,357615.0,0
20220525T,368669.0,368669.0,368669.0,368669.0,0
20220526T,111176.0,111176.0,111176.0,111176.0,0
20220527T,160142.0,160142.0,160142.0,160142.0,0
20220530T,190684.0,190684.0,190684.0,190684.0,0
20220531T,209276.0,209276.0,209276.0,209276.0,0
20220601T,223225.0,223225.0,223225.0,223225.0,0
20220602T,238676.0,238676.0,238676.0,238676.0,0
20220603T,254513.0,254513.0,254513.0,254513.0,0
20220606T,262069.0,262069.0,262069.0,262069.0,0
20220607T,267136.0,267136.0,267136.0,267136.0,0
20220608T,271159.0,271159.0,271159.0,271159.0,0
20220609T,279734.0,279734.0,279734.0,279734.0,0
20220610T,280782.0,280782.0,280782.0,280782.0,0
20220613T,278560.0,278560.0,278560.0,278560.0,0
20220614T,286728.0,286728.0,286728.0,286728.0,0
20220615T,290913.0,290913.0,290913.0,290913.0,0
20220616T,289071.0,289071.0,289071.0,289071.0,0
20220617T,313808.0,313808.0,313808.0,313808.0,0
20220620T,329700.0,329700.0,329700.0,329700.0,0
20220621T,345347.0,345347.0,345347.0,345347.0,0
20220622T,341009.0,341009.0,341009.0,341009.0,0
20220623T,359995.0,359995.0,359995.0,359995.0,0
20220624T,364090.0,364090.0,364090.0,364090.0,0
20220627T,367215.0,367215.0,367215.0,367215.0,0
20220628T,370716.0,370716.0,370716.0,370716.0,0
20220629T,379529.0,379529.0,379529.0,379529.0,0
20220630T,87806.0,87806.0,87806.0,87806.0,0
20220701T,149089.0,149089.0,149089.0,149089.0,0
20220704T,186531.0,186531.0,186531.0,186531.0,0
20220705T,207264.0,207264.0,207264.0,207264.0,0
20220706T,243009.0,243009.0,243009.0,243009.0,0
20220707T,265886.0,265886.0,265886.0,265886.0,0
20220708T,288306.0,288306.0,288306.0,288306.0,0
20220711T,304303.0,304303.0,304303.0,304303.0,0
20220712T,305080.0,305080.0,305080.0,305080.0,0
20220713T,317227.0,317227.0,317227.0,317227.0,0
20220714T,316792.0,316792.0,316792.0,316792.0,0
20220715T,334755.0,334755.0,334755.0,334755.0,0
20220718T,351325.0,351325.0,351325.0,351325.0,0
20220719T,358321.0,358321.0,358321.0,358321.0,0
20220720T,360506.0,360506.0,360506.0,360506.0,0
20220721T,372103.0,372103.0,372103.0,372103.0,0
20220722T,388174.0,388174.0,388174.0,388174.0,0
20220725T,387839.0,387839.0,387839.0,387839.0,0
20220726T,380867.0,380867.0,380867.0,380867.0,0
20220727T,384308.0,384308.0,384308.0,384308.0,0
20220728T,122067.0,122067.0,122067.0,122067.0,0
20220729T,194265.0,194265.0,194265.0,194265.0,0
20220801T,229868.0,229868.0,229868.0,229868.0,0
20220802T,252837.0,252837.0,252837.0,252837.0,0
20220803T,273925.0,273925.0,273925.0,273925.0,0
20220804T,285874.0,285874.0,285874.0,285874.0,0
20220805T,303623.0,303623.0,303623.0,303623.0,0
20220808T,320551.0,320551.0,320551.0,320551.0,0
20220810T,327960.0,327960.0,327960.0,327960.0,0
20220811T,334268.0,334268.0,334268.0,334268.0,0
20220812T,347309.0,347309.0,347309.0,347309.0,0
20220816T,356549.0,356549.0,356549.0,356549.0,0
20220817T,369074.0,369074.0,369074.0,369074.0,0
20220818T,375859.0,375859.0,375859.0,375859.0,0
20220819T,370324.0,370324.0,370324.0,370324.0,0
20220822T,358162.0,358162.0,358162.0,358162.0,0
20220823T,355795.0,355795.0,355795.0,355795.0,0
20220824T,355318.0,355318.0,355318.0,355318.0,0
20220825T,101622.0,101622.0,101622.0,101622.0,0
20220826T,154514.0,154514.0,154514.0,154514.0,0
20220829T,181651.0,181651.0,181651.0,181651.0,0
20220830T,210132.0,210132.0,210132.0,210132.0,0
20220901T,216867.0,216867.0,216867.0,216867.0,0
20220902T,233518.0,233518.0,233518.0,233518.0,0
20220905T,255369.0,255369.0,255369.0,255369.0,0
20220906T,278256.0,278256.0,278256.0,278256.0,0
20220907T,296512.0,296512.0,296512.0,296512.0,0
20220908T,313679.0,313679.0,313679.0,313679.0,0
20220909T,322370.0,322370.0,322370.0,322370.0,0
20220912T,336615.0,336615.0,336615.0,336615.0,0
20220913T,344320.0,344320.0,344320.0,344320.0,0
20220914T,350201.0,350201.0,350201.0,350201.0,0
20220915T,362150.0,362150.0,362150.0,362150.0,0
20220916T,352177.0,352177.0,352177.0,352177.0,0
20220919T,371339.0,371339.0,371339.0,371339.0,0
20220920T,377599.0,377599.0,377599.0,377599.0,0
20220921T,364382.0,364382.0,364382.0,364382.0,0
20220922T,362005.0,362005.0,362005.0,362005.0,0
20220923T,359062.0,359062.0,359062.0,359062.0,0
20220926T,358534.0,358534.0,358534.0,358534.0,0
20220927T,363708.0,363708.0,363708.0,363708.0,0
20220928T,358594.0,358594.0,358594.0,358594.0,0
20220929T,95830.0,95830.0,95830.0,95830.0,0
20220930T,147489.0,147489.0,147489.0,147489.0,0
20221003T,174583.0,174583.0,174583.0,174583.0,0
20221004T,200821.0,200821.0,200821.0,200821.0,0
20221006T,215739.0,215739.0,215739.0,215739.0,0
20221007T,230215.0,230215.0,230215.0,230215.0,0
20221010T,243263.0,243263.0,243263.0,243263.0,0
20221011T,248362.0,248362.0,248362.0,248362.0,0
20221012T,259480.0,259480.0,259480.0,259480.0,0
20221013T,261522.0,261522.0,261522.0,261522.0,0
20221014T,273453.0,273453.0,273453.0,273453.0,0
20221017T,278242.0,278242.0,278242.0,278242.0,0
20221018T,291298.0,291298.0,291298.0,291298.0,0
20221019T,300955.0,300955.0,300955.0,300955.0,0
20221020T,312985.0,312985.0,312985.0,312985.0,0
20221021T,336452.0,336452.0,336452.0,336452.0,0
20221025T,346541.0,346541.0,346541.0,346541.0,0
20221027T,93672.0,93672.0,93672.0,93672.0,0
20221028T,155528.0,155528.0,155528.0,155528.0,0
20221031T,185822.0,185822.0,185822.0,185822.0,0
20221101T,219476.0,219476.0,219476.0,219476.0,0
20221102T,236037.0,236037.0,236037.0,236037.0,0
20221103T,249678.0,249678.0,249678.0,249678.0,0
20221104T,276521.0,276521.0,276521.0,276521.0,0
20221107T,294011.0,294011.0,294011.0,294011.0,0
20221109T,311819.0,311819.0,311819.0,311819.0,0
20221110T,318259.0,318259.0,318259.0,318259.0,0
20221111T,361359.0,361359.0,361359.0,361359.0,0
20221114T,371767.0,371767.0,371767.0,371767.0,0
20221115T,374847.0,374847.0,374847.0,374847.0,0
20221116T,370994.0,370994.0,370994.0,370994.0,0
20221117T,368129.0,368129.0,368129.0,368129.0,0
20221118T,371947.0,371947.0,371947.0,371947.0,0
20221121T,361779.0,361779.0,361779.0,361779.0,0
20221122T,368628.0,368628.0,368628.0,368628.0,0
20221123T,367606.0,367606.0,367606.0,367606.0,0
20221124T,117075.0,117075.0,117075.0,117075.0,0
20221125T,172135.0,172135.0,172135.0,172135.0,0
20221128T,199661.0,199661.0,199661.0,199661.0,0
20221129T,223122.0,223122.0,223122.0,223122.0,0
20221130T,247313.0,247313.0,247313.0,247313.0,0
20221201T,272880.0,272880.0,272880.0,272880.0,0
20221202T,282737.0,282737.0,282737.0,282737.0,0
20221205T,299951.0,299951.0,299951.0,299951.0,0
20221206T,311849.0,311849.0,311849.0,311849.0,0
20221207T,315750.0,315750.0,315750.0,315750.0,0
20221208T,332113.0,332113.0,332113.0,332113.0,0
20221209T,333759.0,333759.0,333759.0,333759.0,0
20221212T,345299.0,345299.0,345299.0,345299.0,0
20221213T,356186.0,356186.0,356186.0,356186.0,0
20221214T,368248.0,368248.0,368248.0,368248.0,0
20221215T,360596.0,360596.0,360596.0,360596.0,0
20221216T,357832.0,357832.0,357832.0,357832.0,0
20221219T,376601.0,376601.0,376601.0,376601.0,0
20221220T,371439.0,371439.0,371439.0,371439.0,0
20221221T,366997.0,366997.0,366997.0,366997.0,0
20221222T,362411.0,362411.0,362411.0,362411.0,0
20221223T,372865.0,372865.0,372865.0,372865.0,0
20221226T,373295.0,373295.0,373295.0,373295.0,0
20221227T,380104.0,380104.0,380104.0,380104.0,0
20221228T,376760.0,376760.0,376760.0,376760.0,0
20221229T,105437.0,105437.0,105437.0,105437.0,0
20221230T,146751.0,146751.0,146751.0,146751.0,0
20230102T,179356.0,179356.0,179356.0,179356.0,0
20230103T,210893.0,210893.0,210893.0,210893.0,0
20230104T,225294.0,225294.0,225294.0,225294.0,0
20230105T,244025.0,244025.0,244025.0,244025.0,0
20230106T,257023.0,257023.0,257023.0,257023.0,0
20230109T,281380.0,281380.0,281380.0,281380.0,0
20230110T,284201.0,284201.0,284201.0,284201.0,0
20230111T,299700.0,299700.0,299700.0,299700.0,0
20230112T,307076.0,307076.0,307076.0,307076.0,0
20230113T,327858.0,327858.0,327858.0,327858.0,0
20230116T,330675.0,330675.0,330675.0,330675.0,0
20230117T,345589.0,345589.0,345589.0,345589.0,0
20230118T,363442.0,363442.0,363442.0,363442.0,0
20230119T,368224.0,368224.0,368224.0,368224.0,0
20230120T,378520.0,378520.0,378520.0,378520.0,0
20230123T,375213.0,375213.0,375213.0,375213.0,0
20230124T,364999.0,364999.0,364999.0,364999.0,0
20230125T,113379.0,113379.0,113379.0,113379.0,0
20230127T,177132.0,177132.0,177132.0,177132.0,0
20230130T,209464.0,209464.0,209464.0,209464.0,0
20230131T,233864.0,233864.0,233864.0,233864.0,0
20230201T,263539.0,263539.0,263539.0,263539.0,0
20230202T,295362.0,295362.0,295362.0,295362.0,0
20230203T,326767.0,326767.0,326767.0,326767.0,0
20230206T,334862.0,334862.0,334862.0,334862.0,0
20230207T,337667.0,337667.0,337667.0,337667.0,0
20230208T,348062.0,348062.0,348062.0,348062.0,0
20230209T,358336.0,358336.0,358336.0,358336.0,0
20230210T,368181.0,368181.0,368181.0,368181.0,0
20230213T,368133.0,368133.0,368133.0,368133.0,0
20230214T,374929.0,374929.0,374929.0,374929.0,0
20230215T,387086.0,387086.0,387086.0,387086.0,0
20230216T,391369.0,391369.0,391369.0,391369.0,0
20230217T,385069.0,385069.0,385069.0,385069.0,0
20230220T,378545.0,378545.0,378545.0,378545.0,0
20230221T,371121.0,371121.0,371121.0,371121.0,0
20230222T,358359.0,358359.0,358359.0,358359.0,0
20230223T,100961.0,100961.0,100961.0,100961.0,0
20230224T,144467.0,144467.0,144467.0,144467.0,0
20230227T,178166.0,178166.0,178166.0,178166.0,0
20230228T,211744.0,211744.0,211744.0,211744.0,0
20230301T,235701.0,235701.0,235701.0,235701.0,0
20230302T,252635.0,252635.0,252635.0,252635.0,0
20230303T,283743.0,283743.0,283743.0,283743.0,0
20230306T,302371.0,302371.0,302371.0,302371.0,0
20230308T,319992.0,319992.0,319992.0,319992.0,0
20230309T,326081.0,326081.0,326081.0,326081.0,0
20230310T,326468.0,326468.0,326468.0,326468.0,0
20230313T,332122.0,332122.0,332122.0,332122.0,0
20230314T,336127.0,336127.0,336127.0,336127.0,0
20230315T,346969.0,346969.0,346969.0,346969.0,0
20230316T,354399.0,354399.0,354399.0,354399.0,0
20230317T,360791.0,360791.0,360791.0,360791.0,0
20230320T,358958.0,358958.0,358958.0,358958.0,0
20230321T,356445.0,356445.0,356445.0,356445.0,0
20230322T,354615.0,354615.0,354615.0,354615.0,0
20230323T,349124.0,349124.0,349124.0,349124.0,0
20230324T,340655.0,340655.0,340655.0,340655.0,0
20230327T,347681.0,347681.0,347681.0,347681.0,0
20230328T,343824.0,343824.0,343824.0,343824.0,0
20230329T,96993.0,96993.0,96993.0,96993.0,0
20230331T,141833.0,141833.0,141833.0,141833.0,0
20230403T,169043.0,169043.0,169043.0,169043.0,0
20230405T,203506.0,203506.0,203506.0,203506.0,0
20230406T,226344.0,226344.0,226344.0,226344.0,0
20230410T,252559.0,252559.0,252559.0,252559.0,0
20230411T,277374.0,277374.0,277374.0,277374.0,0
20230412T,320167.0,320167.0,320167.0,320167.0,0
20230413T,344523.0,344523.0,344523.0,344523.0,0
20230417T,360497.0,360497.0,360497.0,360497.0,0
20230418T,369322.0,369322.0,369322.0,369322.0,0
20230419T,375313.0,375313.0,375313.0,375313.0,0
20230420T,379856.0,379856.0,379856.0,379856.0,0
20230421T,388487.0,388487.0,388487.0,388487.0,0
20230424T,398538.0,398538.0,398538.0,398538.0,0
20230425T,403025.0,403025.0,403025.0,403025.0,0
20230426T,404892.0,404892.0,404892.0,404892.0,0
20230427T,134231.0,134231.0,134231.0,134231.0,0
20230428T,205536.0,205536.0,205536.0,205536.0,0
20230502T,238262.0,238262.0,238262.0,238262.0,0
20230503T,268831.0,268831.0,268831.0,268831.0,0
20230504T,304233.0,304233.0,304233.0,304233.0,0
20230505T,337934.0,337934.0,337934.0,337934.0,0
20230508T,367721.0,367721.0,367721.0,367721.0,0
20230509T,376398.0,376398.0,376398.0,376398.0,0
20230510T,388641.0,388641.0,388641.0,388641.0,0
20230511T,414927.0,414927.0,414927.0,414927.0,0
20230512T,429191.0,429191.0,429191.0,429191.0,0
20230515T,442377.0,442377.0,442377.0,442377.0,0
20230516T,447718.0,447718.0,447718.0,447718.0,0
20230517T,441848.0,441848.0,441848.0,441848.0,0
20230518T,435089.0,435089.0,435089.0,435089.0,0
20230519T,448560.0,448560.0,448560.0,448560.0,0
20230522T,459270.0,459270.0,459270.0,459270.0,0
20230523T,467227.0,467227.0,467227.0,467227.0,0
20230524T,459858.0,459858.0,459858.0,459858.0,0
20230525T,130693.0,130693.0,130693.0,130693.0,0
20230526T,205596.0,205596.0,205596.0,205596.0,0
20230529T,240718.0,240718.0,240718.0,240718.0,0
20230530T,267372.0,267372.0,267372.0,267372.0,0
20230531T,294570.0,294570.0,294570.0,294570.0,0
20230601T,317291.0,317291.0,317291.0,317291.0,0
20230602T,340328.0,340328.0,340328.0,340328.0,0
20230605T,361232.0,361232.0,361232.0,361232.0,0
20230606T,384023.0,384023.0,384023.0,384023.0,0
20230607T,407240.0,407240.0,407240.0,407240.0,0
20230608T,409852.0,409852.0,409852.0,409852.0,0
20230609T,418874.0,418874.0,418874.0,418874.0,0
20230612T,426833.0,426833.0,426833.0,426833.0,0
20230613T,441842.0,441842.0,441842.0,441842.0,0
20230614T,456284.0,456284.0,456284.0,456284.0,0
20230615T,462100.0,462100.0,462100.0,462100.0,0
20230616T,487187.0,487187.0,487187.0,487187.0,0
20230619T,477442.0,477442.0,477442.0,477442.0,0
20230620T,477811.0,477811.0,477811.0,477811.0,0
20230621T,482814.0,482814.0,482814.0,482814.0,0
20230622T,464484.0,464484.0,464484.0,464484.0,0
20230623T,456919.0,456919.0,456919.0,456919.0,0
20230626T,447150.0,447150.0,447150.0,447150.0,0
20230627T,440643.0,440643.0,440643.0,440643.0,0
20230628T,129266.0,129266.0,129266.0,129266.0,0
20230630T,214060.0,214060.0,214060.0,214060.0,0
20230703T,260133.0,260133.0,260133.0,260133.0,0
20230704T,295297.0,295297.0,295297.0,295297.0,0
20230705T,340292.0,340292.0,340292.0,340292.0,0
20230706T,380538.0,380538.0,380538.0,380538.0,0
20230707T,388975.0,388975.0,388975.0,388975.0,0
20230710T,409988.0,409988.0,409988.0,409988.0,0
20230711T,426832.0,426832.0,426832.0,426832.0,0
20230712T,438148.0,438148.0,438148.0,438148.0,0
20230713T,444159.0,444159.0,444159.0,444159.0,0
20230714T,464076.0,464076.0,464076.0,464076.0,0
20230717T,483290.0,483290.0,483290.0,483290.0,0
20230718T,481066.0,481066.0,481066.0,481066.0,0
20230719T,478362.0,478362.0,478362.0,478362.0,0
20230720T,462394.0,462394.0,462394.0,462394.0,0
20230721T,480909.0,480909.0,480909.0,480909.0,0
20230724T,488037.0,488037.0,488037.0,488037.0,0
20230725T,489862.0,489862.0,489862.0,489862.0,0
20230726T,497791.0,497791.0,497791.0,497791.0,0
20230727T,170809.0,170809.0,170809.0,170809.0,0
20230728T,260568.0,260568.0,260568.0,260568.0,0
20230731T,307511.0,307511.0,307511.0,307511.0,0
20230801T,346162.0,346162.0,346162.0,346162.0,0
20230802T,361164.0,361164.0,361164.0,361164.0,0
20230803T,382991.0,382991.0,382991.0,382991.0,0
20230804T,401346.0,401346.0,401346.0,401346.0,0
20230807T,415133.0,415133.0,415133.0,415133.0,0
20230808T,416457.0,416457.0,416457.0,416457.0,0
20230809T,429696.0,429696.0,429696.0,429696.0,0
20230810T,433951.0,433951.0,433951.0,433951.0,0
20230811T,438448.0,438448.0,438448.0,438448.0,0
20230814T,435717.0,435717.0,435717.0,435717.0,0
20230816T,453221.0,453221.0,453221.0,453221.0,0
20230817T,452300.0,452300.0,452300.0,452300.0,0
20230818T,449426.0,449426.0,449426.0,449426.0,0
20230821T,455750.0,455750.0,455750.0,455750.0,0
20230822T,463041.0,463041.0,463041.0,463041.0,0
20230823T,482961.0,482961.0,482961.0,482961.0,0
20230824T,477837.0,477837.0,477837.0,477837.0,0
20230825T,485304.0,485304.0,485304.0,485304.0,0
20230828T,489534.0,489534.0,489534.0,489534.0,0
20230829T,497373.0,497373.0,497373.0,497373.0,0
20230830T,493088.0,493088.0,493088.0,493088.0,0
20230831T,137316.0,137316.0,137316.0,137316.0,0
20230901T,249986.0,249986.0,249986.0,249986.0,0
20230904T,305416.0,305416.0,305416.0,305416.0,0
20230905T,337363.0,337363.0,337363.0,337363.0,0
20230906T,366276.0,366276.0,366276.0,366276.0,0
20230907T,397742.0,397742.0,397742.0,397742.0,0
20230908T,427014.0,427014.0,427014.0,427014.0,0
20230911T,446625.0,446625.0,446625.0,446625.0,0
20230912T,438078.0,438078.0,438078.0,438078.0,0
20230913T,446789.0,446789.0,446789.0,446789.0,0
20230914T,465425.0,465425.0,465425.0,465425.0,0
20230915T,486452.0,486452.0,486452.0,486452.0,0
20230918T,485856.0,485856.0,485856.0,485856.0,0
20230920T,477193.0,477193.0,477193.0,477193.0,0
20230921T,462716.0,462716.0,462716.0,462716.0,0
20230922T,475821.0,475821.0,475821.0,475821.0,0
20230925T,476499.0,476499.0,476499.0,476499.0,0
20230926T,471419.0,471419.0,471419.0,471419.0,0
20230927T,475309.0,475309.0,475309.0,475309.0,0
20230928T,124851.0,124851.0,124851.0,124851.0,0
20230929T,201246.0,201246.0,201246.0,201246.0,0
20231003T,240917.0,240917.0,240917.0,240917.0,0
20231004T,264396.0,264396.0,264396.0,264396.0,0
20231005T,290284.0,290284.0,290284.0,290284.0,0
20231006T,315005.0,315005.0,315005.0,315005.0,0
20231009T,316860.0,316860.0,316860.0,316860.0,0
20231010T,345453.0,345453.0,345453.0,345453.0,0
20231011T,364855.0,364855.0,364855.0,364855.0,0
20231012T,392744.0,392744.0,392744.0,392744.0,0
20231013T,412019.0,412019.0,412019.0,412019.0,0
20231016T,425037.0,425037.0,425037.0,425037.0,0
20231017T,434646.0,434646.0,434646.0,434646.0,0
20231018T,425651.0,425651.0,425651.0,425651.0,0
20231019T,429112.0,429112.0,429112.0,429112.0,0
20231020T,430672.0,430672.0,430672.0,430672.0,0
20231023T,416066.0,416066.0,416066.0,416066.0,0
20231025T,411266.0,411266.0,411266.0,411266.0,0
20231026T,112588.0,112588.0,112588.0,112588.0,0
20231027T,212471.0,212471.0,212471.0,212471.0,0
20231030T,250272.0,250272.0,250272.0,250272.0,0
20231031T,276786.0,276786.0,276786.0,276786.0,0
20231101T,310583.0,310583.0,310583.0,310583.0,0
20231102T,358474.0,358474.0,358474.0,358474.0,0
20231103T,386597.0,386597.0,386597.0,386597.0,0
20231106T,413041.0,413041.0,413041.0,413041.0,0
20231107T,429010.0,429010.0,429010.0,429010.0,0
20231108T,448251.0,448251.0,448251.0,448251.0,0
20231109T,461580.0,461580.0,461580.0,461580.0,0
20231110T,465808.0,465808.0,465808.0,465808.0,0
20231113T,474012.0,474012.0,474012.0,474012.0,0
20231115T,518866.0,518866.0,518866.0,518866.0,0
20231116T,550473.0,550473.0,550473.0,550473.0,0
20231117T,562198.0,562198.0,562198.0,562198.0,0
20231120T,552129.0,552129.0,552129.0,552129.0,0
20231121T,559831.0,559831.0,559831.0,559831.0,0
20231122T,559038.0,559038.0,559038.0,559038.0,0
20231123T,568776.0,568776.0,568776.0,568776.0,0
20231124T,585091.0,585091.0,585091.0,585091.0,0
20231128T,614806.0,614806.0,614806.0,614806.0,0
20231129T,647791.0,647791.0,647791.0,647791.0,0
20231130T,189797.0,189797.0,189797.0,189797.0,0
20231201T,278174.0,278174.0,278174.0,278174.0,0
20231204T,348650.0,348650.0,348650.0,348650.0,0
20231205T,392221.0,392221.0,392221.0,392221.0,0
20231206T,432021.0,432021.0,432021.0,432021.0,0
20231207T,462253.0,462253.0,462253.0,462253.0,0
20231208T,475607.0,475607.0,475607.0,475607.0,0
20231211T,498833.0,498833.0,498833.0,498833.0,0
20231212T,508191.0,508191.0,508191.0,508191.0,0
20231213T,524207.0,524207.0,524207.0,524207.0,0
20231214T,554436.0,554436.0,554436.0,554436.0,0
20231215T,576604.0,576604.0,576604.0,576604.0,0
20231218T,577245.0,577245.0,577245.0,577245.0,0
20231219T,582342.0,582342.0,582342.0,582342.0,0
20231220T,556191.0,556191.0,556191.0,556191.0,0
20231221T,544336.0,544336.0,544336.0,544336.0,0
20231222T,556571.0,556571.0,556571.0,556571.0,0
20231226T,564163.0,564163.0,564163.0,564163.0,0
20231227T,554508.0,554508.0,554508.0,554508.0,0
20231228T,192244.0,192244.0,192244.0,192244.0,0
20231229T,261704.0,261704.0,261704.0,261704.0,0
20240101T,299737.0,299737.0,299737.0,299737.0,0
20240102T,342751.0,342751.0,342751.0,342751.0,0
20240103T,378380.0,378380.0,378380.0,378380.0,0
20240104T,414137.0,414137.0,414137.0,414137.0,0
20240105T,434827.0,434827.0,434827.0,434827.0,0
20240108T,446232.0,446232.0,446232.0,446232.0,0
20240109T,456758.0,456758.0,456758.0,456758.0,0
20240110T,467125.0,467125.0,467125.0,467125.0,0
20240111T,508663.0,508663.0,508663.0,508663.0,0
20240112T,552946.0,552946.0,552946.0,552946.0,0
20240115T,578709.0,578709.0,578709.0,578709.0,0
20240116T,580316.0,580316.0,580316.0,580316.0,0
20240117T,572369.0,572369.0,572369.0,572369.0,0
20240118T,582721.0,582721.0,582721.0,582721.0,0
20240119T,600783.0,600783.0,600783.0,600783.0,0
20240123T,574442.0,574442.0,574442.0,574442.0,0
20240124T,566636.0,566636.0,566636.0,566636.0,0
20240125T,172114.0,172114.0,172114.0,172114.0,0
20240129T,262524.0,262524.0,262524.0,262524.0,0
20240130T,301739.0,301739.0,301739.0,301739.0,0
20240131T,340278.0,340278.0,340278.0,340278.0,0
20240201T,373730.0,373730.0,373730.0,373730.0,0
20240202T,410854.0,410854.0,410854.0,410854.0,0
20240205T,434052.0,434052.0,434052.0,434052.0,0
20240206T,467095.0,467095.0,467095.0,467095.0,0
20240207T,490228.0,490228.0,490228.0,490228.0,0
20240208T,499914.0,499914.0,499914.0,499914.0,0
20240209T,509845.0,509845.0,509845.0,509845.0,0
20240212T,506375.0,506375.0,506375.0,506375.0,0
20240213T,515753.0,515753.0,515753.0,515753.0,0
20240214T,534243.0,534243.0,534243.0,534243.0,0
20240215T,555427.0,555427.0,555427.0,555427.0,0
20240216T,583965.0,583965.0,583965.0,583965.0,0
20240219T,594734.0,594734.0,594734.0,594734.0,0
20240220T,587698.0,587698.0,587698.0,587698.0,0
20240221T,572599.0,572599.0,572599.0,572599.0,0
20240223T,587654.0,587654.0,587654.0,587654.0,0
20240226T,587613.0,587613.0,587613.0,587613.0,0
20240227T,597718.0,597718.0,597718.0,597718.0,0
20240228T,575091.0,575091.0,575091.0,575091.0,0
20240229T,176002.0,176002.0,176002.0,176002.0,0
20240301T,248596.0,248596.0,248596.0,248596.0,0
20240304T,287553.0,287553.0,287553.0,287553.0,0
20240305T,312018.0,312018.0,312018.0,312018.0,0
20240306T,339615.0,339615.0,339615.0,339615.0,0
20240307T,371037.0,371037.0,371037.0,371037.0,0
20240311T,374651.0,374651.0,374651.0,374651.0,0
20240312T,378526.0,378526.0,378526.0,378526.0,0
20240313T,384475.0,384475.0,384475.0,384475.0,0
20240314T,394997.0,394997.0,394997.0,394997.0,0
20240315T,404111.0,404111.0,404111.0,404111.0,0
20240318T,414395.0,414395.0,414395.0,414395.0,0
20240319T,413734.0,413734.0,413734.0,413734.0,0
20240320T,425489.0,425489.0,425489.0,425489.0,0
20240321T,445561.0,445561.0,445561.0,445561.0,0
20240322T,472924.0,472924.0,472924.0,472924.0,0
20240326T,481522.0,481522.0,481522.0,481522.0,0
20240327T,491223.0,491223.0,491223.0,491223.0,0
20240328T,170442.0,170442.0,170442.0,170442.0,0
20240401T,226355.0,226355.0,226355.0,226355.0,0
20240402T,273714.0,273714.0,273714.0,273714.0,0
20240403T,309288.0,309288.0,309288.0,309288.0,0
20240404T,345125.0,345125.0,345125.0,345125.0,0
20240405T,379814.0,379814.0,379814.0,379814.0,0
20240408T,404876.0,404876.0,404876.0,404876.0,0
20240409T,421570.0,421570.0,421570.0,421570.0,0
20240410T,445572.0,445572.0,445572.0,445572.0,0
20240412T,463207.0,463207.0,463207.0,463207.0,0
20240415T,467787.0,467787.0,467787.0,467787.0,0
20240416T,480074.0,480074.0,480074.0,480074.0,0
20240418T,495247.0,495247.0,495247.0,495247.0,0
20240419T,498950.0,498950.0,498950.0,498950.0,0
20240422T,508444.0,508444.0,508444.0,508444.0,0
20240423T,535648.0,535648.0,535648.0,535648.0,0
20240424T,560040.0,560040.0,560040.0,560040.0,0
20240425T,218519.0,218519.0,218519.0,218519.0,0
20240426T,349541.0,349541.0,349541.0,349541.0,0
20240429T,400866.0,400866.0,400866.0,400866.0,0
20240430T,439459.0,439459.0,439459.0,439459.0,0
20240502T,502042.0,502042.0,502042.0,502042.0,0
20240503T,523036.0,523036.0,523036.0,523036.0,0
20240506T,550304.0,550304.0,550304.0,550304.0,0
20240507T,566539.0,566539.0,566539.0,566539.0,0
20240508T,582588.0,582588.0,582588.0,582588.0,0
20240509T,564041.0,564041.0,564041.0,564041.0,0
20240510T,586299.0,586299.0,586299.0,586299.0,0
20240513T,600752.0,600752.0,600752.0,600752.0,0
20240514T,614523.0,614523.0,614523.0,614523.0,0
20240515T,612028.0,612028.0,612028.0,612028.0,0
20240516T,615177.0,615177.0,615177.0,615177.0,0
20240517T,623771.0,623771.0,623771.0,623771.0,0
20240521T,650987.0,650987.0,650987.0,650987.0,0
20240522T,646595.0,646595.0,646595.0,646595.0,0
20240523T,695450.0,695450.0,695450.0,695450.0,0
20240524T,710777.0,710777.0,710777.0,710777.0,0
20240527T,724739.0,724739.0,724739.0,724739.0,0
20240528T,708923.0,708923.0,708923.0,708923.0,0
20240529T,686773.0,686773.0,686773.0,686773.0,0
20240530T,215682.0,215682.0,215682.0,215682.0,0
20240531T,308878.0,308878.0,308878.0,308878.0,0
20240603T,389904.0,389904.0,389904.0,389904.0,0
20240604T,378585.0,378585.0,378585.0,378585.0,0
20240605T,420512.0,420512.0,420512.0,420512.0,0
20240606T,447338.0,447338.0,447338.0,447338.0,0
20240607T,513338.0,513338.0,513338.0,513338.0,0
20240610T,534993.0,534993.0,534993.0,534993.0,0
20240611T,559031.0,559031.0,559031.0,559031.0,0
20240612T,577866.0,577866.0,577866.0,577866.0,0
20240613T,594452.0,594452.0,594452.0,594452.0,0
20240614T,612907.0,612907.0,612907.0,612907.0,0
20240618T,628396.0,628396.0,628396.0,628396.0,0
20240619T,641863.0,641863.0,641863.0,641863.0,0
20240620T,664262.0,664262.0,664262.0,664262.0,0
20240621T,675161.0,675161.0,675161.0,675161.0,0
20240624T,684155.0,684155.0,684155.0,684155.0,0
20240625T,694407.0,694407.0,694407.0,694407.0,0
20240626T,718424.0,718424.0,718424.0,718424.0,0
20240627T,232404.0,232404.0,232404.0,232404.0,0
20240628T,313953.0,313953.0,313953.0,313953.0,0
20240701T,356186.0,356186.0,356186.0,356186.0,0
20240702T,391841.0,391841.0,391841.0,391841.0,0
20240703T,441264.0,441264.0,441264.0,441264.0,0
20240704T,472729.0,472729.0,472729.0,472729.0,0
20240705T,499939.0,499939.0,499939.0,499939.0,0
20240708T,518490.0,518490.0,518490.0,518490.0,0
20240709T,538655.0,538655.0,538655.0,538655.0,0
20240710T,542427.0,542427.0,542427.0,542427.0,0
20240711T,579554.0,579554.0,579554.0,579554.0,0
20240712T,606026.0,606026.0,606026.0,606026.0,0
20240715T,625041.0,625041.0,625041.0,625041.0,0
20240716T,639408.0,639408.0,639408.0,639408.0,0
20240718T,665125.0,665125.0,665125.0,665125.0,0
20240719T,651126.0,651126.0,651126.0,651126.0,0
20240722T,654930.0,654930.0,654930.0,654930.0,0
20240723T,668153.0,668153.0,668153.0,668153.0,0
20240724T,671441.0,671441.0,671441.0,671441.0,0
20240725T,220878.0,220878.0,220878.0,220878.0,0
20240726T,315813.0,315813.0,315813.0,315813.0,0
20240729T,352320.0,352320.0,352320.0,352320.0,0
20240730T,388529.0,388529.0,388529.0,388529.0,0
20240731T,431771.0,431771.0,431771.0,431771.0,0
20240801T,458545.0,458545.0,458545.0,458545.0,0
20240802T,467137.0,467137.0,467137.0,467137.0,0
20240805T,488579.0,488579.0,488579.0,488579.0,0
20240806T,503987.0,503987.0,503987.0,503987.0,0
20240807T,522797.0,522797.0,522797.0,522797.0,0
20240808T,526324.0,526324.0,526324.0,526324.0,0
20240809T,543060.0,543060.0,543060.0,543060.0,0
20240812T,550326.0,550326.0,550326.0,550326.0,0
20240813T,531313.0,531313.0,531313.0,531313.0,0
20240814T,536990.0,536990.0,536990.0,536990.0,0
20240816T,570306.0,570306.0,570306.0,570306.0,0
20240819T,575191.0,575191.0,575191.0,575191.0,0
20240820T,598132.0,598132.0,598132.0,598132.0,0
20240821T,606588.0,606588.0,606588.0,606588.0,0
20240822T,621709.0,621709.0,621709.0,621709.0,0
20240823T,647726.0,647726.0,647726.0,647726.0,0
20240826T,681584.0,681584.0,681584.0,681584.0,0
20240827T,692577.0,692577.0,692577.0,692577.0,0
20240828T,716314.0,716314.0,716314.0,716314.0,0
20240829T,231272.0,231272.0,231272.0,231272.0,0
20240830T,314835.0,314835.0,314835.0,314835.0,0
20240902T,371591.0,371591.0,371591.0,371591.0,0
20240903T,401595.0,401595.0,401595.0,401595.0,0
20240904T,425023.0,425023.0,425023.0,425023.0,0
20240905T,450835.0,450835.0,450835.0,450835.0,0
20240906T,444802.0,444802.0,444802.0,444802.0,0
20240909T,464893.0,464893.0,464893.0,464893.0,0
20240910T,489200.0,489200.0,489200.0,489200.0,0
20240911T,506356.0,506356.0,506356.0,506356.0,0
20240912T,559121.0,559121.0,559121.0,559121.0,0
20240913T,566004.0,566004.0,566004.0,566004.0,0
20240916T,577529.0,577529.0,577529.0,577529.0,0
20240917T,584150.0,584150.0,584150.0,584150.0,0
20240918T,578274.0,578274.0,578274.0,578274.0,0
20240919T,599596.0,599596.0,599596.0,599596.0,0
20240920T,659861.0,659861.0,659861.0,659861.0,0
20240923T,680055.0,680055.0,680055.0,680055.0,0
20240924T,694373.0,694373.0,694373.0,694373.0,0
20240925T,690989.0,690989.0,690989.0,690989.0,0
20240926T,231334.0,231334.0,231334.0,231334.0,0
20240927T,342590.0,342590.0,342590.0,342590.0,0
20240930T,359205.0,359205.0,359205.0,359205.0,0
20241001T,397968.0,397968.0,397968.0,397968.0,0
20241003T,413776.0,413776.0,413776.0,413776.0,0
20241004T,447232.0,447232.0,447232.0,447232.0,0
20241007T,461054.0,461054.0,461054.0,461054.0,0
20241008T,493426.0,493426.0,493426.0,493426.0,0
20241009T,527935.0,527935.0,527935.0,527935.0,0
20241010T,536906.0,536906.0,536906.0,536906.0,0
20241011T,557700.0,557700.0,557700.0,557700.0,0
20241014T,572956.0,572956.0,572956.0,572956.0,0
20241015T,560615.0,560615.0,560615.0,560615.0,0
20241016T,568433.0,568433.0,568433.0,568433.0,0
20241017T,580925.0,580925.0,580925.0,580925.0,0
20241018T,608277.0,608277.0,608277.0,608277.0,0
20241021T,614012.0,614012.0,614012.0,614012.0,0
20241022T,611991.0,611991.0,611991.0,611991.0,0
20241023T,625907.0,625907.0,625907.0,625907.0,0
20241024T,662185.0,662185.0,662185.0,662185.0,0
20241025T,662581.0,662581.0,662581.0,662581.0,0
20241028T,688909.0,688909.0,688909.0,688909.0,0
20241029T,728685.0,728685.0,728685.0,728685.0,0
20241030T,740314.0,740314.0,740314.0,740314.0,0
20241031T,235451.0,235451.0,235451.0,235451.0,0
20241104T,381006.0,381006.0,381006.0,381006.0,0
20241105T,449052.0,449052.0,449052.0,449052.0,0
20241106T,510254.0,510254.0,510254.0,510254.0,0
20241107T,514447.0,514447.0,514447.0,514447.0,0
20241108T,537037.0,537037.0,537037.0,537037.0,0
20241111T,627330.0,627330.0,627330.0,627330.0,0
20241112T,622164.0,622164.0,622164.0,622164.0,0
20241113T,627585.0,627585.0,627585.0,627585.0,0
20241114T,655061.0,655061.0,655061.0,655061.0,0
20241118T,679770.0,679770.0,679770.0,679770.0,0
20241119T,714908.0,714908.0,714908.0,714908.0,0
20241121T,742180.0,742180.0,742180.0,742180.0,0
20241122T,828218.0,828218.0,828218.0,828218.0,0
20241125T,912129.0,912129.0,912129.0,912129.0,0
20241126T,908286.0,908286.0,908286.0,908286.0,0
20241127T,910474.0,910474.0,910474.0,910474.0,0
20241128T,328451.0,328451.0,328451.0,328451.0,0
20241129T,467752.0,467752.0,467752.0,467752.0,0
20241202T,562353.0,562353.0,562353.0,562353.0,0
20241203T,650285.0,650285.0,650285.0,650285.0,0
20241204T,703494.0,703494.0,703494.0,703494.0,0
20241205T,781776.0,781776.0,781776.0,781776.0,0
20241206T,806798.0,806798.0,806798.0,806798.0,0
20241209T,823362.0,823362.0,823362.0,823362.0,0
20241210T,841916.0,841916.0,841916.0,841916.0,0
20241211T,863831.0,863831.0,863831.0,863831.0,0
20241212T,847439.0,847439.0,847439.0,847439.0,0
20241213T,871449.0,871449.0,871449.0,871449.0,0
20241216T,849251.0,849251.0,849251.0,849251.0,0
20241217T,828398.0,828398.0,828398.0,828398.0,0
20241218T,818266.0,818266.0,818266.0,818266.0,0
20241219T,836585.0,836585.0,836585.0,836585.0,0
20241220T,823963.0,823963.0,823963.0,823963.0,0
20241223T,838351.0,838351.0,838351.0,838351.0,0
20241224T,865322.0,865322.0,865322.0,865322.0,0
20241226T,294542.0,294542.0,294542.0,294542.0,0
20241227T,449995.0,449995.0,449995.0,449995.0,0
20241230T,523655.0,523655.0,523655.0,523655.0,0
20241231T,581851.0,581851.0,581851.0,581851.0,0
20250101T,649723.0,649723.0,649723.0,649723.0,0
20250102T,762497.0,762497.0,762497.0,762497.0,0
20250103T,773401.0,773401.0,773401.0,773401.0,0
20250106T,745586.0,745586.0,745586.0,745586.0,0
20250107T,787354.0,787354.0,787354.0,787354.0,0
20250108T,811287.0,811287.0,811287.0,811287.0,0
20250109T,851073.0,851073.0,851073.0,851073.0,0
20250110T,847660.0,847660.0,847660.0,847660.0,0
20250113T,861846.0,861846.0,861846.0,861846.0,0
20250114T,924519.0,924519.0,924519.0,924519.0,0
20250115T,949787.0,949787.0,949787.0,949787.0,0
20250116T,981832.0,981832.0,981832.0,981832.0,0
20250117T,999097.0,999097.0,999097.0,999097.0,0
20250120T,1020501.0,1020501.0,1020501.0,1020501.0,0
20250121T,1014512.0,1014512.0,1014512.0,1014512.0,0
20250122T,1048788.0,1048788.0,1048788.0,1048788.0,0
20250123T,1079650.0,1079650.0,1079650.0,1079650.0,0
20250124T,1086195.0,1086195.0,1086195.0,1086195.0,0
20250127T,1064776.0,1064776.0,1064776.0,1064776.0,0
20250128T,1105202.0,1105202.0,1105202.0,1105202.0,0
20250129T,1163572.0,1163572.0,1163572.0,1163572.0,0
20250130T,375747.0,375747.0,375747.0,375747.0,0
20250131T,538845.0,538845.0,538845.0,538845.0,0
20250203T,695339.0,695339.0,695339.0,695339.0,0
20250204T,799923.0,799923.0,799923.0,799923.0,0
20250205T,840723.0,840723.0,840723.0,840723.0,0
20250206T,844310.0,844310.0,844310.0,844310.0,0
20250207T,881161.0,881161.0,881161.0,881161.0,0
20250210T,867803.0,867803.0,867803.0,867803.0,0
20250211T,858121.0,858121.0,858121.0,858121.0,0
20250212T,895283.0,895283.0,895283.0,895283.0,0
20250213T,923225.0,923225.0,923225.0,923225.0,0
20250214T,923344.0,923344.0,923344.0,923344.0,0
20250217T,958776.0,958776.0,958776.0,958776.0,0
20250218T,944650.0,944650.0,944650.0,944650.0,0
20250219T,977128.0,977128.0,977128.0,977128.0,0
20250220T,993912.0,993912.0,993912.0,993912.0,0
20250221T,1004795.0,1004795.0,1004795.0,1004795.0,0
20250224T,979590.0,979590.0,979590.0,979590.0,0
20250225T,977268.0,977268.0,977268.0,977268.0,0
20250227T,341114.0,341114.0,341114.0,341114.0,0
20250228T,479325.0,479325.0,479325.0,479325.0,0
20250303T,543377.0,543377.0,543377.0,543377.0,0
20250304T,595859.0,595859.0,595859.0,595859.0,0
20250305T,676959.0,676959.0,676959.0,676959.0,0
20250306T,715046.0,715046.0,715046.0,715046.0,0
20250307T,738844.0,738844.0,738844.0,738844.0,0
20250310T,765249.0,765249.0,765249.0,765249.0,0
20250311T,801774.0,801774.0,801774.0,801774.0,0
20250312T,820029.0,820029.0,820029.0,820029.0,0
20250313T,826868.0,826868.0,826868.0,826868.0,0
20250317T,853819.0,853819.0,853819.0,853819.0,0
20250318T,914651.0,914651.0,914651.0,914651.0,0
20250319T,970717.0,970717.0,970717.0,970717.0,0
20250320T,1015525.0,1015525.0,1015525.0,1015525.0,0
20250321T,1109504.0,1109504.0,1109504.0,1109504.0,0
20250324T,1153995.0,1153995.0,1153995.0,1153995.0,0
20250325T,1113891.0,1113891.0,1113891.0,1113891.0,0
20250326T,1101580.0,1101580.0,1101580.0,1101580.0,0
20250327T,349081.0,349081.0,349081.0,349081.0,0
20250328T,476309.0,476309.0,476309.0,476309.0,0
20250401T,551385.0,551385.0,551385.0,551385.0,0
20250402T,630030.0,630030.0,630030.0,630030.0,0
20250403T,687940.0,687940.0,687940.0,687940.0,0
20250404T,742664.0,742664.0,742664.0,742664.0,0
20250407T,812765.0,812765.0,812765.0,812765.0,0
20250408T,841620.0,841620.0,841620.0,841620.0,0
20250409T,880232.0,880232.0,880232.0,880232.0,0
20250411T,935592.0,935592.0,935592.0,935592.0,0
20250415T,996038.0,996038.0,996038.0,996038.0,0
20250416T,1061272.0,1061272.0,1061272.0,1061272.0,0
20250417T,1142312.0,1142312.0,1142312.0,1142312.0,0
20250421T,1199274.0,1199274.0,1199274.0,1199274.0,0
20250422T,1216559.0,1216559.0,1216559.0,1216559.0,0
20250423T,1261371.0,1261371.0,1261371.0,1261371.0,0
20250424T,384436.0,384436.0,384436.0,384436.0,0
20250425T,512547.0,512547.0,512547.0,512547.0,0
20250428T,600072.0,600072.0,600072.0,600072.0,0
20250429T,641484.0,641484.0,641484.0,641484.0,0
20250430T,667127.0,667127.0,667127.0,667127.0,0
20250502T,707387.0,707387.0,707387.0,707387.0,0
20250505T,776814.0,776814.0,776814.0,776814.0,0
20250506T,775877.0,775877.0,775877.0,775877.0,0
20250507T,797355.0,797355.0,797355.0,797355.0,0
20250508T,793156.0,793156.0,793156.0,793156.0,0
20250509T,814246.0,814246.0,814246.0,814246.0,0
20250512T,927982.0,927982.0,927982.0,927982.0,0
20250513T,888902.0,888902.0,888902.0,888902.0,0
20250514T,917894.0,917894.0,917894.0,917894.0,0
20250515T,976968.0,976968.0,976968.0,976968.0,0
20250516T,1001742.0,1001742.0,1001742.0,1001742.0,0
20250519T,1006343.0,1006343.0,1006343.0,1006343.0,0
20250520T,990415.0,990415.0,990415.0,990415.0,0
20250521T,1012856.0,1012856.0,1012856.0,1012856.0,0
20250522T,981944.0,981944.0,981944.0,981944.0,0
20250523T,1042549.0,1042549.0,1042549.0,1042549.0,0
20250526T,1082794.0,1082794.0,1082794.0,1082794.0,0
20250527T,1073487.0,1073487.0,1073487.0,1073487.0,0
20250528T,1050238.0,1050238.0,1050238.0,1050238.0,0
20250529T,307773.0,307773.0,307773.0,307773.0,0
20250530T,413288.0,413288.0,413288.0,413288.0,0
20250602T,515965.0,515965.0,515965.0,515965.0,0
20250603T,555501.0,555501.0,555501.0,555501.0,0
20250604T,604934.0,604934.0,604934.0,604934.0,0
20250605T,655200.0,655200.0,655200.0,655200.0,0
20250606T,720635.0,720635.0,720635.0,720635.0,0
20250609T,754563.0,754563.0,754563.0,754563.0,0
20250610T,778441.0,778441.0,778441.0,778441.0,0
20250611T,785561.0,785561.0,785561.0,785561.0,0
20250612T,775001.0,775001.0,775001.0,775001.0,0
20250613T,789676.0,789676.0,789676.0,789676.0,0
20250616T,816747.0,816747.0,816747.0,816747.0,0
20250617T,811606.0,811606.0,811606.0,811606.0,0
20250618T,823366.0,823366.0,823366.0,823366.0,0
20250619T,819770.0,819770.0,819770.0,819770.0,0
20250620T,902545.0,902545.0,902545.0,902545.0,0
20250623T,916769.0,916769.0,916769.0,916769.0,0
20250624T,924805.0,924805.0,924805.0,924805.0,0
20250625T,953850.0,953850.0,953850.0,953850.0,0
20250626T,361939.0,361939.0,361939.0,361939.0,0
20250627T,483574.0,483574.0,483574.0,483574.0,0
20250630T,520444.0,520444.0,520444.0,520444.0,0
20250701T,600325.0,600325.0,600325.0,600325.0,0
20250702T,647361.0,647361.0,647361.0,647361.0,0
20250703T,698493.0,698493.0,698493.0,698493.0,0
20250704T,742206.0,742206.0,742206.0,742206.0,0
20250707T,761767.0,761767.0,761767.0,761767.0,0
20250708T,799714.0,799714.0,799714.0,799714.0,0
20250709T,827343.0,827343.0,827343.0,827343.0,0
20250710T,832385.0,832385.0,832385.0,832385.0,0
20250711T,857020.0,857020.0,857020.0,857020.0,0
20250714T,887192.0,887192.0,887192.0,887192.0,0
20250715T,920130.0,920130.0,920130.0,920130.0,0
20250716T,937284.0,937284.0,937284.0,937284.0,0
20250717T,948454.0,948454.0,948454.0,948454.0,0
20250718T,943205.0,943205.0,943205.0,943205.0,0
20250721T,966980.0,966980.0,966980.0,966980.0,0
20250722T,979918.0,979918.0,979918.0,979918.0,0
20250723T,1006469.0,1006469.0,1006469.0,1006469.0,0
20250724T,995620.0,995620.0,995620.0,995620.0,0
20250725T,973579.0,973579.0,973579.0,973579.0,0
20250728T,982865.0,982865.0,982865.0,982865.0,0
20250729T,984606.0,984606.0,984606.0,984606.0,0
20250730T,980410.0,980410.0,980410.0,980410.0,0
20250731T,322728.0,322728.0,322728.0,322728.0,0
20250801T,419358.0,419358.0,419358.0,419358.0,0
20250804T,528527.0,528527.0,528527.0,528527.0,0
20250805T,552626.0,552626.0,552626.0,552626.0,0
20250806T,574299.0,574299.0,574299.0,574299.0,0
20250807T,612141.0,612141.0,612141.0,612141.0,0
20250808T,626231.0,626231.0,626231.0,626231.0,0
20250811T,669966.0,669966.0,669966.0,669966.0,0
20250812T,691369.0,691369.0,691369.0,691369.0,0
20250813T,709040.0,709040.0,709040.0,709040.0,0
20250814T,716374.0,716374.0,716374.0,716374.0,0
20250818T,783217.0,783217.0,783217.0,783217.0,0
20250819T,820738.0,820738.0,820738.0,820738.0,0
20250820T,849505.0,849505.0,849505.0,849505.0,0
20250821T,857551.0,857551.0,857551.0,857551.0,0
20250822T,855554.0,855554.0,855554.0,855554.0,0
20250825T,863877.0,863877.0,863877.0,863877.0,0
20250826T,836329.0,836329.0,836329.0,836329.0,0
20250828T,274237.0,274237.0,274237.0,274237.0,0
20250829T,377738.0,377738.0,377738.0,377738.0,0
20250901T,476712.0,476712.0,476712.0,476712.0,0
20250902T,516142.0,516142.0,516142.0,516142.0,0
20250903T,568397.0,568397.0,568397.0,568397.0,0
20250904T,588007.0,588007.0,588007.0,588007.0,0
20250905T,632394.0,632394.0,632394.0,632394.0,0
20250908T,674626.0,674626.0,674626.0,674626.0,0
20250909T,675020.0,675020.0,675020.0,675020.0,0
20250910T,700803.0,700803.0,700803.0,700803.0,0
20250911T,718532.0,718532.0,718532.0,718532.0,0
20250912T,743865.0,743865.0,743865.0,743865.0,0
20250915T,756135.0,756135.0,756135.0,756135.0,0
20250916T,804879.0,804879.0,804879.0,804879.0,0
20250917T,844996.0,844996.0,844996.0,844996.0,0
20250918T,880521.0,880521.0,880521.0,880521.0,0
20250919T,901527.0,901527.0,901527.0,901527.0,0
20250922T,928316.0,928316.0,928316.0,928316.0,0
20250923T,958917.0,958917.0,958917.0,958917.0,0
20250924T,969250.0,969250.0,969250.0,969250.0,0
20250925T,976612.0,976612.0,976612.0,976612.0,0
20250926T,933026.0,933026.0,933026.0,933026.0,0
20250929T,931585.0,931585.0,931585.0,931585.0,0
20250930T,320345.0,320345.0,320345.0,320345.0,0
20251001T,454358.0,454358.0,454358.0,454358.0,0
20251003T,529094.0,529094.0,529094.0,529094.0,0
20251006T,605409.0,605409.0,605409.0,605409.0,0
20251007T,664283.0,664283.0,664283.0,664283.0,0
20251008T,688080.0,688080.0,688080.0,688080.0,0
20251009T,757232.0,757232.0,757232.0,757232.0,0
20251010T,791885.0,791885.0,791885.0,791885.0,0
20251013T,774504.0,774504.0,774504.0,774504.0,0
20251014T,797051.0,797051.0,797051.0,797051.0,0
20251015T,889784.0,889784.0,889784.0,889784.0,0
20251016T,921464.0,921464.0,921464.0,921464.0,0
20251017T,959521.0,959521.0,959521.0,959521.0,0
20251020T,1016574.0,1016574.0,1016574.0,1016574.0,0
20251023T,1093494.0,1093494.0,1093494.0,1093494.0,0
20251024T,1053195.0,1053195.0,1053195.0,1053195.0,0
20251027T,1073862.0,1073862.0,1073862.0,1073862.0,0
20251028T,369595.0,369595.0,369595.0,369595.0,0
20251029T,560462.0,560462.0,560462.0,560462.0,0
20251030T,601668.0,601668.0,601668.0,601668.0,0
20251031T,680337.0,680337.0,680337.0,680337.0,0
20251103T,743454.0,743454.0,743454.0,743454.0,0
20251104T,773996.0,773996.0,773996.0,773996.0,0
20251106T,818915.0,818915.0,818915.0,818915.0,0
20251107T,867141.0,867141.0,867141.0,867141.0,0
20251110T,899062.0,899062.0,899062.0,899062.0,0
20251111T,939516.0,939516.0,939516.0,939516.0,0
20251112T,974949.0,974949.0,974949.0,974949.0,0
20251113T,985873.0,985873.0,985873.0,985873.0,0
20251114T,1009839.0,1009839.0,1009839.0,1009839.0,0
20251117T,1050008.0,1050008.0,1050008.0,1050008.0,0
20251118T,1072987.0,1072987.0,1072987.0,1072987.0,0
20251119T,1151503.0,1151503.0,1151503.0,1151503.0,0
20251120T,1147940.0,1147940.0,1147940.0,1147940.0,0
20251121T,1135668.0,1135668.0,1135668.0,1135668.0,0
20251124T,1105369.0,1105369.0,1105369.0,1105369.0,0
20251125T,413810.0,413810.0,413810.0,413810.0,0
20251126T,573305.0,573305.0,573305.0,573305.0,0
20251127T,636065.0,636065.0,636065.0,636065.0,0
20251128T,699189.0,699189.0,699189.0,699189.0,0
20251201T,726235.0,726235.0,726235.0,726235.0,0
20251202T,747631.0,747631.0,747631.0,747631.0,0
20251203T,773819.0,773819.0,773819.0,773819.0,0
20251204T,800480.0,800480.0,800480.0,800480.0,0
20251205T,872511.0,872511.0,872511.0,872511.0,0
20251208T,864360.0,864360.0,864360.0,864360.0,0
20251209T,887872.0,887872.0,887872.0,887872.0,0
20251210T,906612.0,906612.0,906612.0,906612.0,0
20251211T,942679.0,942679.0,942679.0,942679.0,0
20251212T,982311.0,982311.0,982311.0,982311.0,0
20251215T,976592.0,976592.0,976592.0,976592.0,0
20251216T,962179.0,962179.0,962179.0,962179.0,0
20251217T,967043.0,967043.0,967043.0,967043.0,0
20251218T,1008248.0,1008248.0,1008248.0,1008248.0,0
20251219T,1069102.0,1069102.0,1069102.0,1069102.0,0
20251222T,1120817.0,1120817.0,1120817.0,1120817.0,0
20251223T,1144366.0,1144366.0,1144366.0,1144366.0,0
20251224T,1162386.0,1162386.0,1162386.0,1162386.0,0
20251226T,1127994.0,1127994.0,1127994.0,1127994.0,0
20251229T,1111649.0,1111649.0,1111649.0,1111649.0,0
20251230T,397563.0,397563.0,397563.0,397563.0,0
20251231T,550204.0,550204.0,550204.0,550204.0,0
20260101T,635569.0,635569.0,635569.0,635569.0,0
20260102T,797292.0,797292.0,797292.0,797292.0,0
20260105T,859558.0,859558.0,859558.0,859558.0,0
20260106T,927520.0,927520.0,927520.0,927520.0,0
20260107T,1003408.0,1003408.0,1003408.0,1003408.0,0
20260108T,1018149.0,1018149.0,1018149.0,1018149.0,0
20260109T,1049167.0,1049167.0,1049167.0,1049167.0,0
20260112T,1060883.0,1060883.0,1060883.0,1060883.0,0
20260113T,1078260.0,1078260.0,1078260.0,1078260.0,0
20260114T,1160271.0,1160271.0,1160271.0,1160271.0,0
20260116T,1236073.0,1236073.0,1236073.0,1236073.0,0
20260119T,1248217.0,1248217.0,1248217.0,1248217.0,0
20260120T,1242480.0,1242480.0,1242480.0,1242480.0,0
20260121T,1282852.0,1282852.0,1282852.0,1282852.0,0
20260122T,1268668.0,1268668.0,1268668.0,1268668.0,0
20260123T,1239366.0,1239366.0,1239366.0,1239366.0,0
20260127T,422714.0,422714.0,422714.0,422714.0,0
20260128T,574039.0,574039.0,574039.0,574039.0,0
20260129T,666534.0,666534.0,666534.0,666534.0,0
20260130T,740837.0,740837.0,740837.0,740837.0,0
20260201T,779474.0,779474.0,779474.0,779474.0,0
20260202T,844310.0,844310.0,844310.0,844310.0,0
