20120106T,48724.0,48724.0,48724.0,48724.0,0
20120109T,56506.0,56506.0,56506.0,56506.0,0
20120110T,53329.0,53329.0,53329.0,53329.0,0
20120111T,60993.0,60993.0,60993.0,60993.0,0
20120112T,77662.0,77662.0,77662.0,77662.0,0
20120113T,83235.0,83235.0,83235.0,83235.0,0
20120116T,84556.0,84556.0,84556.0,84556.0,0
20120117T,83770.0,83770.0,83770.0,83770.0,0
20120118T,87712.0,87712.0,87712.0,87712.0,0
20120119T,87236.0,87236.0,87236.0,87236.0,0
20120120T,88915.0,88915.0,88915.0,88915.0,0
20120123T,89693.0,89693.0,89693.0,89693.0,0
20120124T,84696.0,84696.0,84696.0,84696.0,0
20120125T,19441.0,19441.0,19441.0,19441.0,0
20120127T,29432.0,29432.0,29432.0,29432.0,0
20120130T,38219.0,38219.0,38219.0,38219.0,0
20120131T,42295.0,42295.0,42295.0,42295.0,0
20120201T,46111.0,46111.0,46111.0,46111.0,0
20120202T,49071.0,49071.0,49071.0,49071.0,0
20120203T,49896.0,49896.0,49896.0,49896.0,0
20120206T,52254.0,52254.0,52254.0,52254.0,0
20120207T,56151.0,56151.0,56151.0,56151.0,0
20120208T,58988.0,58988.0,58988.0,58988.0,0
20120209T,63527.0,63527.0,63527.0,63527.0,0
20120210T,68099.0,68099.0,68099.0,68099.0,0
20120213T,74180.0,74180.0,74180.0,74180.0,0
20120214T,71574.0,71574.0,71574.0,71574.0,0
20120215T,68413.0,68413.0,68413.0,68413.0,0
20120216T,75150.0,75150.0,75150.0,75150.0,0
20120217T,81622.0,81622.0,81622.0,81622.0,0
20120221T,81551.0,81551.0,81551.0,81551.0,0
20120222T,89074.0,89074.0,89074.0,89074.0,0
20120223T,21680.0,21680.0,21680.0,21680.0,0
20120224T,31026.0,31026.0,31026.0,31026.0,0
20120227T,38905.0,38905.0,38905.0,38905.0,0
20120228T,40936.0,40936.0,40936.0,40936.0,0
20120229T,45169.0,45169.0,45169.0,45169.0,0
20120301T,51405.0,51405.0,51405.0,51405.0,0
20120302T,53779.0,53779.0,53779.0,53779.0,0
20120305T,60075.0,60075.0,60075.0,60075.0,0
20120306T,63941.0,63941.0,63941.0,63941.0,0
20120307T,69395.0,69395.0,69395.0,69395.0,0
20120309T,69728.0,69728.0,69728.0,69728.0,0
20120312T,70931.0,70931.0,70931.0,70931.0,0
20120313T,68075.0,68075.0,68075.0,68075.0,0
20120314T,68890.0,68890.0,68890.0,68890.0,0
20120315T,78208.0,78208.0,78208.0,78208.0,0
20120316T,91760.0,91760.0,91760.0,91760.0,0
20120319T,104950.0,104950.0,104950.0,104950.0,0
20120320T,106273.0,106273.0,106273.0,106273.0,0
20120321T,102641.0,102641.0,102641.0,102641.0,0
20120322T,112360.0,112360.0,112360.0,112360.0,0
20120323T,113855.0,113855.0,113855.0,113855.0,0
20120326T,123761.0,123761.0,123761.0,123761.0,0
20120327T,122605.0,122605.0,122605.0,122605.0,0
20120328T,124459.0,124459.0,124459.0,124459.0,0
20120329T,19622.0,19622.0,19622.0,19622.0,0
20120330T,23530.0,23530.0,23530.0,23530.0,0
20120402T,29476.0,29476.0,29476.0,29476.0,0
20120403T,33113.0,33113.0,33113.0,33113.0,0
20120404T,37647.0,37647.0,37647.0,37647.0,0
20120409T,47015.0,47015.0,47015.0,47015.0,0
20120410T,52567.0,52567.0,52567.0,52567.0,0
20120411T,57366.0,57366.0,57366.0,57366.0,0
20120412T,64314.0,64314.0,64314.0,64314.0,0
20120413T,84428.0,84428.0,84428.0,84428.0,0
20120416T,92810.0,92810.0,92810.0,92810.0,0
20120417T,91858.0,91858.0,91858.0,91858.0,0
20120418T,92307.0,92307.0,92307.0,92307.0,0
20120419T,94286.0,94286.0,94286.0,94286.0,0
20120420T,98795.0,98795.0,98795.0,98795.0,0
20120423T,110325.0,110325.0,110325.0,110325.0,0
20120424T,112038.0,112038.0,112038.0,112038.0,0
20120425T,113621.0,113621.0,113621.0,113621.0,0
20120426T,23364.0,23364.0,23364.0,23364.0,0
20120427T,34686.0,34686.0,34686.0,34686.0,0
20120430T,38183.0,38183.0,38183.0,38183.0,0
20120502T,44096.0,44096.0,44096.0,44096.0,0
20120503T,50085.0,50085.0,50085.0,50085.0,0
20120504T,61378.0,61378.0,61378.0,61378.0,0
20120507T,69066.0,69066.0,69066.0,69066.0,0
20120508T,79215.0,79215.0,79215.0,79215.0,0
20120509T,87826.0,87826.0,87826.0,87826.0,0
20120510T,95001.0,95001.0,95001.0,95001.0,0
20120511T,102042.0,102042.0,102042.0,102042.0,0
20120514T,109066.0,109066.0,109066.0,109066.0,0
20120515T,108567.0,108567.0,108567.0,108567.0,0
20120516T,119085.0,119085.0,119085.0,119085.0,0
20120517T,126230.0,126230.0,126230.0,126230.0,0
20120518T,125182.0,125182.0,125182.0,125182.0,0
20120521T,125635.0,125635.0,125635.0,125635.0,0
20120522T,129061.0,129061.0,129061.0,129061.0,0
20120523T,134729.0,134729.0,134729.0,134729.0,0
20120524T,130181.0,130181.0,130181.0,130181.0,0
20120525T,129305.0,129305.0,129305.0,129305.0,0
20120528T,126638.0,126638.0,126638.0,126638.0,0
20120529T,127108.0,127108.0,127108.0,127108.0,0
20120530T,132908.0,132908.0,132908.0,132908.0,0
20120531T,25426.0,25426.0,25426.0,25426.0,0
20120601T,41010.0,41010.0,41010.0,41010.0,0
20120604T,47467.0,47467.0,47467.0,47467.0,0
20120605T,50653.0,50653.0,50653.0,50653.0,0
20120606T,49655.0,49655.0,49655.0,49655.0,0
20120607T,50336.0,50336.0,50336.0,50336.0,0
20120608T,50651.0,50651.0,50651.0,50651.0,0
20120611T,56516.0,56516.0,56516.0,56516.0,0
20120612T,57726.0,57726.0,57726.0,57726.0,0
20120613T,61239.0,61239.0,61239.0,61239.0,0
20120614T,66235.0,66235.0,66235.0,66235.0,0
20120615T,62837.0,62837.0,62837.0,62837.0,0
20120618T,74469.0,74469.0,74469.0,74469.0,0
20120619T,76108.0,76108.0,76108.0,76108.0,0
20120620T,75436.0,75436.0,75436.0,75436.0,0
20120621T,72057.0,72057.0,72057.0,72057.0,0
20120622T,75930.0,75930.0,75930.0,75930.0,0
20120625T,79787.0,79787.0,79787.0,79787.0,0
20120626T,82315.0,82315.0,82315.0,82315.0,0
20120627T,82131.0,82131.0,82131.0,82131.0,0
20120628T,21148.0,21148.0,21148.0,21148.0,0
20120629T,27179.0,27179.0,27179.0,27179.0,0
20120702T,34063.0,34063.0,34063.0,34063.0,0
20120703T,38502.0,38502.0,38502.0,38502.0,0
20120704T,41170.0,41170.0,41170.0,41170.0,0
20120705T,43647.0,43647.0,43647.0,43647.0,0
20120706T,49924.0,49924.0,49924.0,49924.0,0
20120709T,56566.0,56566.0,56566.0,56566.0,0
20120710T,56811.0,56811.0,56811.0,56811.0,0
20120711T,79549.0,79549.0,79549.0,79549.0,0
20120712T,96994.0,96994.0,96994.0,96994.0,0
20120713T,97854.0,97854.0,97854.0,97854.0,0
20120716T,108066.0,108066.0,108066.0,108066.0,0
20120717T,114966.0,114966.0,114966.0,114966.0,0
20120718T,116051.0,116051.0,116051.0,116051.0,0
20120719T,115606.0,115606.0,115606.0,115606.0,0
20120720T,120329.0,120329.0,120329.0,120329.0,0
20120723T,132124.0,132124.0,132124.0,132124.0,0
20120724T,134385.0,134385.0,134385.0,134385.0,0
20120725T,138433.0,138433.0,138433.0,138433.0,0
20120726T,26763.0,26763.0,26763.0,26763.0,0
20120727T,37245.0,37245.0,37245.0,37245.0,0
20120730T,40905.0,40905.0,40905.0,40905.0,0
20120731T,47578.0,47578.0,47578.0,47578.0,0
20120801T,49690.0,49690.0,49690.0,49690.0,0
20120802T,53555.0,53555.0,53555.0,53555.0,0
20120803T,59083.0,59083.0,59083.0,59083.0,0
20120806T,62577.0,62577.0,62577.0,62577.0,0
20120807T,63342.0,63342.0,63342.0,63342.0,0
20120808T,68415.0,68415.0,68415.0,68415.0,0
20120809T,82628.0,82628.0,82628.0,82628.0,0
20120810T,107558.0,107558.0,107558.0,107558.0,0
20120813T,112851.0,112851.0,112851.0,112851.0,0
20120814T,110948.0,110948.0,110948.0,110948.0,0
20120816T,117274.0,117274.0,117274.0,117274.0,0
20120817T,118432.0,118432.0,118432.0,118432.0,0
20120821T,118858.0,118858.0,118858.0,118858.0,0
20120822T,121996.0,121996.0,121996.0,121996.0,0
20120823T,123569.0,123569.0,123569.0,123569.0,0
20120824T,128691.0,128691.0,128691.0,128691.0,0
20120827T,137179.0,137179.0,137179.0,137179.0,0
20120828T,144414.0,144414.0,144414.0,144414.0,0
20120829T,152788.0,152788.0,152788.0,152788.0,0
20120830T,40257.0,40257.0,40257.0,40257.0,0
20120831T,54370.0,54370.0,54370.0,54370.0,0
20120903T,66730.0,66730.0,66730.0,66730.0,0
20120904T,70836.0,70836.0,70836.0,70836.0,0
20120905T,84974.0,84974.0,84974.0,84974.0,0
20120906T,88866.0,88866.0,88866.0,88866.0,0
20120907T,84790.0,84790.0,84790.0,84790.0,0
20120910T,93691.0,93691.0,93691.0,93691.0,0
20120911T,96611.0,96611.0,96611.0,96611.0,0
20120912T,98274.0,98274.0,98274.0,98274.0,0
20120913T,103567.0,103567.0,103567.0,103567.0,0
20120914T,88025.0,88025.0,88025.0,88025.0,0
20120917T,88394.0,88394.0,88394.0,88394.0,0
20120918T,92868.0,92868.0,92868.0,92868.0,0
20120920T,99127.0,99127.0,99127.0,99127.0,0
20120921T,87985.0,87985.0,87985.0,87985.0,0
20120924T,96443.0,96443.0,96443.0,96443.0,0
20120925T,101851.0,101851.0,101851.0,101851.0,0
20120926T,104820.0,104820.0,104820.0,104820.0,0
20120927T,36561.0,36561.0,36561.0,36561.0,0
20120928T,50447.0,50447.0,50447.0,50447.0,0
20121001T,57039.0,57039.0,57039.0,57039.0,0
20121003T,64245.0,64245.0,64245.0,64245.0,0
20121004T,65217.0,65217.0,65217.0,65217.0,0
20121005T,70991.0,70991.0,70991.0,70991.0,0
20121008T,81638.0,81638.0,81638.0,81638.0,0
20121009T,87822.0,87822.0,87822.0,87822.0,0
20121010T,100294.0,100294.0,100294.0,100294.0,0
20121011T,113927.0,113927.0,113927.0,113927.0,0
20121012T,127143.0,127143.0,127143.0,127143.0,0
20121015T,132460.0,132460.0,132460.0,132460.0,0
20121016T,134327.0,134327.0,134327.0,134327.0,0
20121017T,135039.0,135039.0,135039.0,135039.0,0
20121018T,128889.0,128889.0,128889.0,128889.0,0
20121019T,135440.0,135440.0,135440.0,135440.0,0
20121022T,129707.0,129707.0,129707.0,129707.0,0
20121023T,127928.0,127928.0,127928.0,127928.0,0
20121025T,28196.0,28196.0,28196.0,28196.0,0
20121026T,47132.0,47132.0,47132.0,47132.0,0
20121029T,57676.0,57676.0,57676.0,57676.0,0
20121030T,68818.0,68818.0,68818.0,68818.0,0
20121031T,75720.0,75720.0,75720.0,75720.0,0
20121101T,78103.0,78103.0,78103.0,78103.0,0
20121102T,78316.0,78316.0,78316.0,78316.0,0
20121105T,85898.0,85898.0,85898.0,85898.0,0
20121106T,85964.0,85964.0,85964.0,85964.0,0
20121107T,87311.0,87311.0,87311.0,87311.0,0
20121108T,95848.0,95848.0,95848.0,95848.0,0
20121109T,113251.0,113251.0,113251.0,113251.0,0
20121112T,119213.0,119213.0,119213.0,119213.0,0
20121113T,120835.0,120835.0,120835.0,120835.0,0
20121115T,130881.0,130881.0,130881.0,130881.0,0
20121116T,140422.0,140422.0,140422.0,140422.0,0
20121119T,149888.0,149888.0,149888.0,149888.0,0
20121120T,157365.0,157365.0,157365.0,157365.0,0
20121121T,158199.0,158199.0,158199.0,158199.0,0
20121122T,153107.0,153107.0,153107.0,153107.0,0
20121123T,152040.0,152040.0,152040.0,152040.0,0
20121126T,149645.0,149645.0,149645.0,149645.0,0
20121127T,129554.0,129554.0,129554.0,129554.0,0
20121129T,33074.0,33074.0,33074.0,33074.0,0
20121130T,51626.0,51626.0,51626.0,51626.0,0
20121203T,60587.0,60587.0,60587.0,60587.0,0
20121204T,64248.0,64248.0,64248.0,64248.0,0
20121205T,67066.0,67066.0,67066.0,67066.0,0
20121206T,71340.0,71340.0,71340.0,71340.0,0
20121207T,83693.0,83693.0,83693.0,83693.0,0
20121210T,89179.0,89179.0,89179.0,89179.0,0
20121211T,97165.0,97165.0,97165.0,97165.0,0
20121212T,103757.0,103757.0,103757.0,103757.0,0
20121213T,113514.0,113514.0,113514.0,113514.0,0
20121214T,112994.0,112994.0,112994.0,112994.0,0
20121217T,119272.0,119272.0,119272.0,119272.0,0
20121218T,118375.0,118375.0,118375.0,118375.0,0
20121219T,124055.0,124055.0,124055.0,124055.0,0
20121220T,128610.0,128610.0,128610.0,128610.0,0
20121221T,138523.0,138523.0,138523.0,138523.0,0
20121224T,136761.0,136761.0,136761.0,136761.0,0
20121226T,127006.0,127006.0,127006.0,127006.0,0
20121227T,25762.0,25762.0,25762.0,25762.0,0
20121228T,36829.0,36829.0,36829.0,36829.0,0
20121231T,44251.0,44251.0,44251.0,44251.0,0
20130101T,47037.0,47037.0,47037.0,47037.0,0
20130102T,50978.0,50978.0,50978.0,50978.0,0
20130103T,55226.0,55226.0,55226.0,55226.0,0
20130104T,59877.0,59877.0,59877.0,59877.0,0
20130107T,69024.0,69024.0,69024.0,69024.0,0
20130108T,72965.0,72965.0,72965.0,72965.0,0
20130109T,81359.0,81359.0,81359.0,81359.0,0
20130110T,94799.0,94799.0,94799.0,94799.0,0
20130111T,106946.0,106946.0,106946.0,106946.0,0
20130114T,110764.0,110764.0,110764.0,110764.0,0
20130115T,117470.0,117470.0,117470.0,117470.0,0
20130116T,131937.0,131937.0,131937.0,131937.0,0
20130117T,136580.0,136580.0,136580.0,136580.0,0
20130118T,143907.0,143907.0,143907.0,143907.0,0
20130121T,146196.0,146196.0,146196.0,146196.0,0
20130122T,150317.0,150317.0,150317.0,150317.0,0
20130123T,157374.0,157374.0,157374.0,157374.0,0
20130124T,162600.0,162600.0,162600.0,162600.0,0
20130125T,153723.0,153723.0,153723.0,153723.0,0
20130128T,160568.0,160568.0,160568.0,160568.0,0
20130129T,158143.0,158143.0,158143.0,158143.0,0
20130130T,158429.0,158429.0,158429.0,158429.0,0
20130131T,47220.0,47220.0,47220.0,47220.0,0
20130201T,61098.0,61098.0,61098.0,61098.0,0
20130204T,73630.0,73630.0,73630.0,73630.0,0
20130205T,83886.0,83886.0,83886.0,83886.0,0
20130206T,89593.0,89593.0,89593.0,89593.0,0
20130207T,96710.0,96710.0,96710.0,96710.0,0
20130208T,104269.0,104269.0,104269.0,104269.0,0
20130211T,110542.0,110542.0,110542.0,110542.0,0
20130212T,113594.0,113594.0,113594.0,113594.0,0
20130213T,127800.0,127800.0,127800.0,127800.0,0
20130214T,145925.0,145925.0,145925.0,145925.0,0
20130215T,147318.0,147318.0,147318.0,147318.0,0
20130218T,145183.0,145183.0,145183.0,145183.0,0
20130219T,141891.0,141891.0,141891.0,141891.0,0
20130220T,145286.0,145286.0,145286.0,145286.0,0
20130221T,155902.0,155902.0,155902.0,155902.0,0
20130222T,156566.0,156566.0,156566.0,156566.0,0
20130225T,157450.0,157450.0,157450.0,157450.0,0
20130226T,164104.0,164104.0,164104.0,164104.0,0
20130227T,165815.0,165815.0,165815.0,165815.0,0
20130228T,51623.0,51623.0,51623.0,51623.0,0
20130301T,68240.0,68240.0,68240.0,68240.0,0
20130304T,82211.0,82211.0,82211.0,82211.0,0
20130305T,82715.0,82715.0,82715.0,82715.0,0
20130306T,81376.0,81376.0,81376.0,81376.0,0
20130307T,85347.0,85347.0,85347.0,85347.0,0
20130308T,80671.0,80671.0,80671.0,80671.0,0
20130311T,84649.0,84649.0,84649.0,84649.0,0
20130312T,86337.0,86337.0,86337.0,86337.0,0
20130313T,94699.0,94699.0,94699.0,94699.0,0
20130314T,89835.0,89835.0,89835.0,89835.0,0
20130315T,96987.0,96987.0,96987.0,96987.0,0
20130318T,105165.0,105165.0,105165.0,105165.0,0
20130319T,117714.0,117714.0,117714.0,117714.0,0
20130320T,134727.0,134727.0,134727.0,134727.0,0
20130321T,137133.0,137133.0,137133.0,137133.0,0
20130322T,140255.0,140255.0,140255.0,140255.0,0
20130325T,140393.0,140393.0,140393.0,140393.0,0
20130326T,143764.0,143764.0,143764.0,143764.0,0
20130328T,38821.0,38821.0,38821.0,38821.0,0
20130401T,49771.0,49771.0,49771.0,49771.0,0
20130402T,53434.0,53434.0,53434.0,53434.0,0
20130403T,64231.0,64231.0,64231.0,64231.0,0
20130404T,79279.0,79279.0,79279.0,79279.0,0
20130405T,85193.0,85193.0,85193.0,85193.0,0
20130408T,89151.0,89151.0,89151.0,89151.0,0
20130409T,96042.0,96042.0,96042.0,96042.0,0
20130410T,100489.0,100489.0,100489.0,100489.0,0
20130411T,119809.0,119809.0,119809.0,119809.0,0
20130412T,130109.0,130109.0,130109.0,130109.0,0
20130415T,133754.0,133754.0,133754.0,133754.0,0
20130416T,132899.0,132899.0,132899.0,132899.0,0
20130417T,139628.0,139628.0,139628.0,139628.0,0
20130418T,132172.0,132172.0,132172.0,132172.0,0
20130422T,132933.0,132933.0,132933.0,132933.0,0
20130423T,131587.0,131587.0,131587.0,131587.0,0
20130425T,37133.0,37133.0,37133.0,37133.0,0
20130426T,56117.0,56117.0,56117.0,56117.0,0
20130429T,64126.0,64126.0,64126.0,64126.0,0
20130430T,72478.0,72478.0,72478.0,72478.0,0
20130502T,71346.0,71346.0,71346.0,71346.0,0
20130503T,76498.0,76498.0,76498.0,76498.0,0
20130506T,77286.0,77286.0,77286.0,77286.0,0
20130507T,76126.0,76126.0,76126.0,76126.0,0
20130508T,78703.0,78703.0,78703.0,78703.0,0
20130509T,84205.0,84205.0,84205.0,84205.0,0
20130510T,84568.0,84568.0,84568.0,84568.0,0
20130513T,90125.0,90125.0,90125.0,90125.0,0
20130514T,94319.0,94319.0,94319.0,94319.0,0
20130515T,91698.0,91698.0,91698.0,91698.0,0
20130516T,92117.0,92117.0,92117.0,92117.0,0
20130517T,97232.0,97232.0,97232.0,97232.0,0
20130520T,101696.0,101696.0,101696.0,101696.0,0
20130521T,109525.0,109525.0,109525.0,109525.0,0
20130522T,119129.0,119129.0,119129.0,119129.0,0
20130523T,135448.0,135448.0,135448.0,135448.0,0
20130524T,143092.0,143092.0,143092.0,143092.0,0
20130527T,141826.0,141826.0,141826.0,141826.0,0
20130528T,137460.0,137460.0,137460.0,137460.0,0
20130529T,142857.0,142857.0,142857.0,142857.0,0
20130530T,36104.0,36104.0,36104.0,36104.0,0
20130531T,54138.0,54138.0,54138.0,54138.0,0
20130603T,68219.0,68219.0,68219.0,68219.0,0
20130604T,79083.0,79083.0,79083.0,79083.0,0
20130605T,84441.0,84441.0,84441.0,84441.0,0
20130606T,91569.0,91569.0,91569.0,91569.0,0
20130607T,94751.0,94751.0,94751.0,94751.0,0
20130610T,100090.0,100090.0,100090.0,100090.0,0
20130611T,111442.0,111442.0,111442.0,111442.0,0
20130612T,119274.0,119274.0,119274.0,119274.0,0
20130613T,127162.0,127162.0,127162.0,127162.0,0
20130614T,123522.0,123522.0,123522.0,123522.0,0
20130617T,123904.0,123904.0,123904.0,123904.0,0
20130618T,125174.0,125174.0,125174.0,125174.0,0
20130619T,126346.0,126346.0,126346.0,126346.0,0
20130620T,142238.0,142238.0,142238.0,142238.0,0
20130621T,148395.0,148395.0,148395.0,148395.0,0
20130624T,163623.0,163623.0,163623.0,163623.0,0
20130625T,164903.0,164903.0,164903.0,164903.0,0
20130626T,171270.0,171270.0,171270.0,171270.0,0
20130627T,39004.0,39004.0,39004.0,39004.0,0
20130628T,49488.0,49488.0,49488.0,49488.0,0
20130701T,53994.0,53994.0,53994.0,53994.0,0
20130702T,59798.0,59798.0,59798.0,59798.0,0
20130703T,71474.0,71474.0,71474.0,71474.0,0
20130704T,77120.0,77120.0,77120.0,77120.0,0
20130705T,78608.0,78608.0,78608.0,78608.0,0
20130708T,87576.0,87576.0,87576.0,87576.0,0
20130709T,92587.0,92587.0,92587.0,92587.0,0
20130710T,101600.0,101600.0,101600.0,101600.0,0
20130711T,118397.0,118397.0,118397.0,118397.0,0
20130712T,105992.0,105992.0,105992.0,105992.0,0
20130715T,108576.0,108576.0,108576.0,108576.0,0
20130716T,121283.0,121283.0,121283.0,121283.0,0
20130717T,133448.0,133448.0,133448.0,133448.0,0
20130718T,133426.0,133426.0,133426.0,133426.0,0
20130719T,140257.0,140257.0,140257.0,140257.0,0
20130722T,141128.0,141128.0,141128.0,141128.0,0
20130723T,135146.0,135146.0,135146.0,135146.0,0
20130724T,145447.0,145447.0,145447.0,145447.0,0
20130725T,34122.0,34122.0,34122.0,34122.0,0
20130726T,46114.0,46114.0,46114.0,46114.0,0
20130729T,55159.0,55159.0,55159.0,55159.0,0
20130730T,66205.0,66205.0,66205.0,66205.0,0
20130731T,78233.0,78233.0,78233.0,78233.0,0
20130801T,90846.0,90846.0,90846.0,90846.0,0
20130802T,100482.0,100482.0,100482.0,100482.0,0
20130805T,104325.0,104325.0,104325.0,104325.0,0
20130806T,113747.0,113747.0,113747.0,113747.0,0
20130807T,115439.0,115439.0,115439.0,115439.0,0
20130808T,119945.0,119945.0,119945.0,119945.0,0
20130812T,128457.0,128457.0,128457.0,128457.0,0
20130813T,129652.0,129652.0,129652.0,129652.0,0
20130814T,128957.0,128957.0,128957.0,128957.0,0
20130816T,146927.0,146927.0,146927.0,146927.0,0
20130819T,158778.0,158778.0,158778.0,158778.0,0
20130820T,162432.0,162432.0,162432.0,162432.0,0
20130821T,167416.0,167416.0,167416.0,167416.0,0
20130822T,0.0,0.0,0.0,0.0,0
20130823T,160995.0,160995.0,160995.0,160995.0,0
20130826T,160847.0,160847.0,160847.0,160847.0,0
20130827T,177149.0,177149.0,177149.0,177149.0,0
20130828T,188655.0,188655.0,188655.0,188655.0,0
20130829T,37620.0,37620.0,37620.0,37620.0,0
20130830T,49527.0,49527.0,49527.0,49527.0,0
20130902T,55630.0,55630.0,55630.0,55630.0,0
20130903T,65268.0,65268.0,65268.0,65268.0,0
20130904T,66331.0,66331.0,66331.0,66331.0,0
20130905T,64581.0,64581.0,64581.0,64581.0,0
20130906T,65610.0,65610.0,65610.0,65610.0,0
20130910T,68004.0,68004.0,68004.0,68004.0,0
20130911T,74100.0,74100.0,74100.0,74100.0,0
20130912T,80701.0,80701.0,80701.0,80701.0,0
20130913T,81266.0,81266.0,81266.0,81266.0,0
20130916T,84313.0,84313.0,84313.0,84313.0,0
20130917T,85931.0,85931.0,85931.0,85931.0,0
20130918T,87122.0,87122.0,87122.0,87122.0,0
20130919T,84241.0,84241.0,84241.0,84241.0,0
20130920T,93422.0,93422.0,93422.0,93422.0,0
20130923T,107441.0,107441.0,107441.0,107441.0,0
20130924T,111986.0,111986.0,111986.0,111986.0,0
20130925T,116541.0,116541.0,116541.0,116541.0,0
20130926T,23497.0,23497.0,23497.0,23497.0,0
20130927T,31551.0,31551.0,31551.0,31551.0,0
20130930T,40894.0,40894.0,40894.0,40894.0,0
20131001T,45815.0,45815.0,45815.0,45815.0,0
20131003T,48392.0,48392.0,48392.0,48392.0,0
20131004T,51856.0,51856.0,51856.0,51856.0,0
20131007T,58904.0,58904.0,58904.0,58904.0,0
20131008T,62262.0,62262.0,62262.0,62262.0,0
20131010T,75729.0,75729.0,75729.0,75729.0,0
20131011T,74079.0,74079.0,74079.0,74079.0,0
20131014T,79542.0,79542.0,79542.0,79542.0,0
20131015T,82049.0,82049.0,82049.0,82049.0,0
20131017T,92683.0,92683.0,92683.0,92683.0,0
20131018T,85398.0,85398.0,85398.0,85398.0,0
20131021T,90281.0,90281.0,90281.0,90281.0,0
20131022T,96835.0,96835.0,96835.0,96835.0,0
20131023T,102143.0,102143.0,102143.0,102143.0,0
20131024T,108187.0,108187.0,108187.0,108187.0,0
20131025T,112924.0,112924.0,112924.0,112924.0,0
20131028T,118706.0,118706.0,118706.0,118706.0,0
20131029T,112606.0,112606.0,112606.0,112606.0,0
20131030T,113357.0,113357.0,113357.0,113357.0,0
20131031T,23722.0,23722.0,23722.0,23722.0,0
20131101T,38712.0,38712.0,38712.0,38712.0,0
20131105T,51187.0,51187.0,51187.0,51187.0,0
20131106T,59121.0,59121.0,59121.0,59121.0,0
20131107T,70045.0,70045.0,70045.0,70045.0,0
20131108T,80310.0,80310.0,80310.0,80310.0,0
20131111T,93790.0,93790.0,93790.0,93790.0,0
20131112T,111069.0,111069.0,111069.0,111069.0,0
20131113T,118069.0,118069.0,118069.0,118069.0,0
20131114T,115741.0,115741.0,115741.0,115741.0,0
20131118T,112754.0,112754.0,112754.0,112754.0,0
20131119T,109503.0,109503.0,109503.0,109503.0,0
20131120T,115523.0,115523.0,115523.0,115523.0,0
20131121T,130505.0,130505.0,130505.0,130505.0,0
20131122T,135063.0,135063.0,135063.0,135063.0,0
20131125T,129152.0,129152.0,129152.0,129152.0,0
20131126T,139978.0,139978.0,139978.0,139978.0,0
20131127T,142765.0,142765.0,142765.0,142765.0,0
20131128T,25100.0,25100.0,25100.0,25100.0,0
20131129T,31534.0,31534.0,31534.0,31534.0,0
20131202T,39760.0,39760.0,39760.0,39760.0,0
20131203T,45645.0,45645.0,45645.0,45645.0,0
20131204T,52413.0,52413.0,52413.0,52413.0,0
20131205T,55209.0,55209.0,55209.0,55209.0,0
20131206T,60769.0,60769.0,60769.0,60769.0,0
20131209T,62651.0,62651.0,62651.0,62651.0,0
20131210T,70090.0,70090.0,70090.0,70090.0,0
20131211T,78246.0,78246.0,78246.0,78246.0,0
20131212T,88048.0,88048.0,88048.0,88048.0,0
20131213T,98741.0,98741.0,98741.0,98741.0,0
20131216T,103687.0,103687.0,103687.0,103687.0,0
20131217T,109486.0,109486.0,109486.0,109486.0,0
20131218T,103746.0,103746.0,103746.0,103746.0,0
20131219T,116897.0,116897.0,116897.0,116897.0,0
20131220T,108631.0,108631.0,108631.0,108631.0,0
20131223T,108944.0,108944.0,108944.0,108944.0,0
20131224T,108444.0,108444.0,108444.0,108444.0,0
20131226T,23334.0,23334.0,23334.0,23334.0,0
20131227T,29526.0,29526.0,29526.0,29526.0,0
20131230T,35920.0,35920.0,35920.0,35920.0,0
20131231T,40211.0,40211.0,40211.0,40211.0,0
20140101T,42882.0,42882.0,42882.0,42882.0,0
20140102T,52023.0,52023.0,52023.0,52023.0,0
20140103T,59475.0,59475.0,59475.0,59475.0,0
20140106T,69182.0,69182.0,69182.0,69182.0,0
20140107T,78467.0,78467.0,78467.0,78467.0,0
20140108T,82659.0,82659.0,82659.0,82659.0,0
20140109T,97991.0,97991.0,97991.0,97991.0,0
20140110T,98273.0,98273.0,98273.0,98273.0,0
20140113T,98429.0,98429.0,98429.0,98429.0,0
20140114T,105563.0,105563.0,105563.0,105563.0,0
20140115T,104630.0,104630.0,104630.0,104630.0,0
20140116T,110140.0,110140.0,110140.0,110140.0,0
20140117T,126515.0,126515.0,126515.0,126515.0,0
20140120T,119201.0,119201.0,119201.0,119201.0,0
20140121T,121676.0,121676.0,121676.0,121676.0,0
20140122T,124116.0,124116.0,124116.0,124116.0,0
20140123T,125235.0,125235.0,125235.0,125235.0,0
20140124T,135794.0,135794.0,135794.0,135794.0,0
20140127T,151436.0,151436.0,151436.0,151436.0,0
20140128T,155603.0,155603.0,155603.0,155603.0,0
20140129T,154793.0,154793.0,154793.0,154793.0,0
20140130T,39619.0,39619.0,39619.0,39619.0,0
20140131T,46540.0,46540.0,46540.0,46540.0,0
20140203T,57545.0,57545.0,57545.0,57545.0,0
20140204T,62181.0,62181.0,62181.0,62181.0,0
20140205T,66851.0,66851.0,66851.0,66851.0,0
20140206T,71833.0,71833.0,71833.0,71833.0,0
20140207T,71457.0,71457.0,71457.0,71457.0,0
20140210T,79682.0,79682.0,79682.0,79682.0,0
20140211T,84607.0,84607.0,84607.0,84607.0,0
20140212T,86718.0,86718.0,86718.0,86718.0,0
20140213T,97948.0,97948.0,97948.0,97948.0,0
20140214T,100427.0,100427.0,100427.0,100427.0,0
20140217T,103196.0,103196.0,103196.0,103196.0,0
20140218T,99807.0,99807.0,99807.0,99807.0,0
20140219T,102765.0,102765.0,102765.0,102765.0,0
20140220T,107512.0,107512.0,107512.0,107512.0,0
20140221T,105455.0,105455.0,105455.0,105455.0,0
20140225T,107951.0,107951.0,107951.0,107951.0,0
20140226T,28693.0,28693.0,28693.0,28693.0,0
20140228T,39312.0,39312.0,39312.0,39312.0,0
20140303T,50507.0,50507.0,50507.0,50507.0,0
20140304T,52734.0,52734.0,52734.0,52734.0,0
20140305T,56347.0,56347.0,56347.0,56347.0,0
20140306T,55930.0,55930.0,55930.0,55930.0,0
20140307T,58939.0,58939.0,58939.0,58939.0,0
20140310T,73021.0,73021.0,73021.0,73021.0,0
20140311T,81418.0,81418.0,81418.0,81418.0,0
20140312T,85290.0,85290.0,85290.0,85290.0,0
20140313T,93376.0,93376.0,93376.0,93376.0,0
20140314T,98628.0,98628.0,98628.0,98628.0,0
20140318T,104197.0,104197.0,104197.0,104197.0,0
20140319T,108321.0,108321.0,108321.0,108321.0,0
20140320T,112345.0,112345.0,112345.0,112345.0,0
20140321T,112520.0,112520.0,112520.0,112520.0,0
20140324T,109851.0,109851.0,109851.0,109851.0,0
20140325T,108695.0,108695.0,108695.0,108695.0,0
20140326T,108084.0,108084.0,108084.0,108084.0,0
20140327T,31275.0,31275.0,31275.0,31275.0,0
20140328T,42445.0,42445.0,42445.0,42445.0,0
20140331T,52615.0,52615.0,52615.0,52615.0,0
20140401T,60960.0,60960.0,60960.0,60960.0,0
20140402T,65013.0,65013.0,65013.0,65013.0,0
20140403T,74886.0,74886.0,74886.0,74886.0,0
20140404T,81518.0,81518.0,81518.0,81518.0,0
20140407T,85581.0,85581.0,85581.0,85581.0,0
20140409T,88566.0,88566.0,88566.0,88566.0,0
20140410T,95259.0,95259.0,95259.0,95259.0,0
20140411T,107426.0,107426.0,107426.0,107426.0,0
20140415T,121245.0,121245.0,121245.0,121245.0,0
20140416T,128094.0,128094.0,128094.0,128094.0,0
20140417T,117036.0,117036.0,117036.0,117036.0,0
20140421T,120478.0,120478.0,120478.0,120478.0,0
20140422T,124152.0,124152.0,124152.0,124152.0,0
20140423T,24672.0,24672.0,24672.0,24672.0,0
20140425T,38220.0,38220.0,38220.0,38220.0,0
20140428T,44145.0,44145.0,44145.0,44145.0,0
20140429T,53251.0,53251.0,53251.0,53251.0,0
20140430T,62304.0,62304.0,62304.0,62304.0,0
20140502T,67459.0,67459.0,67459.0,67459.0,0
20140505T,71039.0,71039.0,71039.0,71039.0,0
20140506T,72306.0,72306.0,72306.0,72306.0,0
20140507T,75388.0,75388.0,75388.0,75388.0,0
20140508T,76888.0,76888.0,76888.0,76888.0,0
20140509T,74886.0,74886.0,74886.0,74886.0,0
20140512T,80997.0,80997.0,80997.0,80997.0,0
20140513T,82435.0,82435.0,82435.0,82435.0,0
20140514T,87194.0,87194.0,87194.0,87194.0,0
20140515T,98040.0,98040.0,98040.0,98040.0,0
20140516T,101328.0,101328.0,101328.0,101328.0,0
20140519T,111652.0,111652.0,111652.0,111652.0,0
20140520T,121020.0,121020.0,121020.0,121020.0,0
20140521T,129007.0,129007.0,129007.0,129007.0,0
20140522T,135294.0,135294.0,135294.0,135294.0,0
20140523T,137258.0,137258.0,137258.0,137258.0,0
20140526T,151219.0,151219.0,151219.0,151219.0,0
20140527T,158882.0,158882.0,158882.0,158882.0,0
20140528T,155562.0,155562.0,155562.0,155562.0,0
20140529T,40115.0,40115.0,40115.0,40115.0,0
20140530T,57704.0,57704.0,57704.0,57704.0,0
20140602T,65440.0,65440.0,65440.0,65440.0,0
20140603T,72244.0,72244.0,72244.0,72244.0,0
20140604T,80038.0,80038.0,80038.0,80038.0,0
20140605T,89131.0,89131.0,89131.0,89131.0,0
20140606T,95870.0,95870.0,95870.0,95870.0,0
20140609T,102974.0,102974.0,102974.0,102974.0,0
20140610T,109203.0,109203.0,109203.0,109203.0,0
20140611T,122155.0,122155.0,122155.0,122155.0,0
20140612T,127238.0,127238.0,127238.0,127238.0,0
20140613T,138444.0,138444.0,138444.0,138444.0,0
20140616T,144344.0,144344.0,144344.0,144344.0,0
20140617T,141289.0,141289.0,141289.0,141289.0,0
20140618T,149349.0,149349.0,149349.0,149349.0,0
20140619T,156472.0,156472.0,156472.0,156472.0,0
20140620T,153471.0,153471.0,153471.0,153471.0,0
20140623T,154873.0,154873.0,154873.0,154873.0,0
20140624T,146543.0,146543.0,146543.0,146543.0,0
20140625T,147070.0,147070.0,147070.0,147070.0,0
20140626T,35659.0,35659.0,35659.0,35659.0,0
20140627T,45615.0,45615.0,45615.0,45615.0,0
20140630T,53783.0,53783.0,53783.0,53783.0,0
20140701T,61181.0,61181.0,61181.0,61181.0,0
20140702T,65605.0,65605.0,65605.0,65605.0,0
20140703T,73612.0,73612.0,73612.0,73612.0,0
20140704T,77813.0,77813.0,77813.0,77813.0,0
20140707T,81036.0,81036.0,81036.0,81036.0,0
20140708T,94942.0,94942.0,94942.0,94942.0,0
20140709T,103294.0,103294.0,103294.0,103294.0,0
20140710T,108247.0,108247.0,108247.0,108247.0,0
20140711T,126001.0,126001.0,126001.0,126001.0,0
20140714T,132597.0,132597.0,132597.0,132597.0,0
20140715T,132104.0,132104.0,132104.0,132104.0,0
20140716T,129624.0,129624.0,129624.0,129624.0,0
20140718T,137392.0,137392.0,137392.0,137392.0,0
20140721T,140869.0,140869.0,140869.0,140869.0,0
20140722T,136377.0,136377.0,136377.0,136377.0,0
20140723T,135611.0,135611.0,135611.0,135611.0,0
20140724T,134711.0,134711.0,134711.0,134711.0,0
20140725T,147579.0,147579.0,147579.0,147579.0,0
20140728T,151029.0,151029.0,151029.0,151029.0,0
20140730T,152685.0,152685.0,152685.0,152685.0,0
20140731T,32321.0,32321.0,32321.0,32321.0,0
20140801T,49149.0,49149.0,49149.0,49149.0,0
20140804T,53330.0,53330.0,53330.0,53330.0,0
20140805T,59637.0,59637.0,59637.0,59637.0,0
20140806T,69049.0,69049.0,69049.0,69049.0,0
20140807T,71632.0,71632.0,71632.0,71632.0,0
20140808T,85109.0,85109.0,85109.0,85109.0,0
20140811T,88317.0,88317.0,88317.0,88317.0,0
20140812T,88763.0,88763.0,88763.0,88763.0,0
20140813T,100358.0,100358.0,100358.0,100358.0,0
20140814T,98665.0,98665.0,98665.0,98665.0,0
20140818T,95154.0,95154.0,95154.0,95154.0,0
20140819T,98838.0,98838.0,98838.0,98838.0,0
20140820T,107799.0,107799.0,107799.0,107799.0,0
20140821T,111048.0,111048.0,111048.0,111048.0,0
20140822T,113222.0,113222.0,113222.0,113222.0,0
20140825T,118051.0,118051.0,118051.0,118051.0,0
20140826T,121711.0,121711.0,121711.0,121711.0,0
20140827T,123329.0,123329.0,123329.0,123329.0,0
20140828T,35066.0,35066.0,35066.0,35066.0,0
20140901T,48533.0,48533.0,48533.0,48533.0,0
20140902T,57877.0,57877.0,57877.0,57877.0,0
20140903T,63301.0,63301.0,63301.0,63301.0,0
20140904T,73271.0,73271.0,73271.0,73271.0,0
20140905T,79576.0,79576.0,79576.0,79576.0,0
20140908T,79416.0,79416.0,79416.0,79416.0,0
20140909T,85505.0,85505.0,85505.0,85505.0,0
20140910T,97393.0,97393.0,97393.0,97393.0,0
20140911T,99428.0,99428.0,99428.0,99428.0,0
20140912T,99998.0,99998.0,99998.0,99998.0,0
20140915T,108395.0,108395.0,108395.0,108395.0,0
20140916T,122625.0,122625.0,122625.0,122625.0,0
20140917T,124254.0,124254.0,124254.0,124254.0,0
20140918T,115282.0,115282.0,115282.0,115282.0,0
20140919T,121817.0,121817.0,121817.0,121817.0,0
20140922T,128790.0,128790.0,128790.0,128790.0,0
20140923T,145685.0,145685.0,145685.0,145685.0,0
20140924T,154929.0,154929.0,154929.0,154929.0,0
20140925T,45318.0,45318.0,45318.0,45318.0,0
20140926T,52955.0,52955.0,52955.0,52955.0,0
20140929T,60954.0,60954.0,60954.0,60954.0,0
20140930T,70046.0,70046.0,70046.0,70046.0,0
20141001T,75505.0,75505.0,75505.0,75505.0,0
20141007T,87436.0,87436.0,87436.0,87436.0,0
20141008T,92201.0,92201.0,92201.0,92201.0,0
20141009T,96648.0,96648.0,96648.0,96648.0,0
20141010T,105135.0,105135.0,105135.0,105135.0,0
20141013T,112847.0,112847.0,112847.0,112847.0,0
20141014T,119577.0,119577.0,119577.0,119577.0,0
20141016T,137760.0,137760.0,137760.0,137760.0,0
20141017T,145065.0,145065.0,145065.0,145065.0,0
20141020T,146139.0,146139.0,146139.0,146139.0,0
20141021T,144392.0,144392.0,144392.0,144392.0,0
20141022T,140963.0,140963.0,140963.0,140963.0,0
20141023T,140525.0,140525.0,140525.0,140525.0,0
20141027T,149028.0,149028.0,149028.0,149028.0,0
20141028T,147706.0,147706.0,147706.0,147706.0,0
20141029T,138509.0,138509.0,138509.0,138509.0,0
20141030T,39664.0,39664.0,39664.0,39664.0,0
20141031T,55962.0,55962.0,55962.0,55962.0,0
20141103T,67189.0,67189.0,67189.0,67189.0,0
20141105T,78512.0,78512.0,78512.0,78512.0,0
20141107T,92366.0,92366.0,92366.0,92366.0,0
20141110T,99319.0,99319.0,99319.0,99319.0,0
20141111T,106264.0,106264.0,106264.0,106264.0,0
20141112T,113896.0,113896.0,113896.0,113896.0,0
20141113T,125922.0,125922.0,125922.0,125922.0,0
20141114T,130709.0,130709.0,130709.0,130709.0,0
20141117T,130544.0,130544.0,130544.0,130544.0,0
20141118T,137242.0,137242.0,137242.0,137242.0,0
20141119T,149414.0,149414.0,149414.0,149414.0,0
20141120T,156175.0,156175.0,156175.0,156175.0,0
20141121T,150350.0,150350.0,150350.0,150350.0,0
20141124T,154029.0,154029.0,154029.0,154029.0,0
20141125T,166168.0,166168.0,166168.0,166168.0,0
20141126T,161723.0,161723.0,161723.0,161723.0,0
20141127T,46719.0,46719.0,46719.0,46719.0,0
20141128T,64433.0,64433.0,64433.0,64433.0,0
20141201T,78100.0,78100.0,78100.0,78100.0,0
20141202T,88519.0,88519.0,88519.0,88519.0,0
20141203T,96576.0,96576.0,96576.0,96576.0,0
20141204T,105960.0,105960.0,105960.0,105960.0,0
20141205T,113380.0,113380.0,113380.0,113380.0,0
20141208T,128917.0,128917.0,128917.0,128917.0,0
20141209T,142944.0,142944.0,142944.0,142944.0,0
20141210T,148221.0,148221.0,148221.0,148221.0,0
20141211T,162014.0,162014.0,162014.0,162014.0,0
20141212T,173642.0,173642.0,173642.0,173642.0,0
20141215T,181453.0,181453.0,181453.0,181453.0,0
20141216T,197583.0,197583.0,197583.0,197583.0,0
20141217T,203095.0,203095.0,203095.0,203095.0,0
20141218T,197862.0,197862.0,197862.0,197862.0,0
20141219T,192923.0,192923.0,192923.0,192923.0,0
20141222T,186447.0,186447.0,186447.0,186447.0,0
20141223T,188426.0,188426.0,188426.0,188426.0,0
20141224T,42754.0,42754.0,42754.0,42754.0,0
20141226T,54519.0,54519.0,54519.0,54519.0,0
20141229T,60174.0,60174.0,60174.0,60174.0,0
20141230T,66825.0,66825.0,66825.0,66825.0,0
20141231T,71228.0,71228.0,71228.0,71228.0,0
20150101T,74676.0,74676.0,74676.0,74676.0,0
20150102T,76598.0,76598.0,76598.0,76598.0,0
20150105T,85867.0,85867.0,85867.0,85867.0,0
20150106T,104003.0,104003.0,104003.0,104003.0,0
20150107T,109181.0,109181.0,109181.0,109181.0,0
20150108T,111704.0,111704.0,111704.0,111704.0,0
20150109T,115474.0,115474.0,115474.0,115474.0,0
20150112T,118276.0,118276.0,118276.0,118276.0,0
20150113T,127357.0,127357.0,127357.0,127357.0,0
20150114T,134777.0,134777.0,134777.0,134777.0,0
20150115T,130832.0,130832.0,130832.0,130832.0,0
20150116T,135580.0,135580.0,135580.0,135580.0,0
20150119T,139159.0,139159.0,139159.0,139159.0,0
20150120T,134905.0,134905.0,134905.0,134905.0,0
20150121T,140005.0,140005.0,140005.0,140005.0,0
20150122T,141985.0,141985.0,141985.0,141985.0,0
20150123T,137416.0,137416.0,137416.0,137416.0,0
20150127T,143698.0,143698.0,143698.0,143698.0,0
20150128T,152775.0,152775.0,152775.0,152775.0,0
20150129T,53691.0,53691.0,53691.0,53691.0,0
20150130T,78283.0,78283.0,78283.0,78283.0,0
20150202T,92673.0,92673.0,92673.0,92673.0,0
20150203T,109552.0,109552.0,109552.0,109552.0,0
20150204T,121965.0,121965.0,121965.0,121965.0,0
20150205T,134562.0,134562.0,134562.0,134562.0,0
20150206T,147216.0,147216.0,147216.0,147216.0,0
20150209T,163840.0,163840.0,163840.0,163840.0,0
20150210T,171322.0,171322.0,171322.0,171322.0,0
20150211T,171735.0,171735.0,171735.0,171735.0,0
20150212T,172183.0,172183.0,172183.0,172183.0,0
20150213T,172872.0,172872.0,172872.0,172872.0,0
20150216T,176981.0,176981.0,176981.0,176981.0,0
20150218T,182672.0,182672.0,182672.0,182672.0,0
20150219T,185820.0,185820.0,185820.0,185820.0,0
20150220T,192393.0,192393.0,192393.0,192393.0,0
20150223T,201444.0,201444.0,201444.0,201444.0,0
20150224T,205060.0,205060.0,205060.0,205060.0,0
20150225T,203843.0,203843.0,203843.0,203843.0,0
20150226T,44133.0,44133.0,44133.0,44133.0,0
20150227T,60588.0,60588.0,60588.0,60588.0,0
20150302T,87173.0,87173.0,87173.0,87173.0,0
20150303T,95313.0,95313.0,95313.0,95313.0,0
20150304T,107212.0,107212.0,107212.0,107212.0,0
20150305T,115419.0,115419.0,115419.0,115419.0,0
20150309T,130443.0,130443.0,130443.0,130443.0,0
20150310T,137908.0,137908.0,137908.0,137908.0,0
20150311T,147218.0,147218.0,147218.0,147218.0,0
20150312T,150551.0,150551.0,150551.0,150551.0,0
20150313T,162836.0,162836.0,162836.0,162836.0,0
20150316T,168591.0,168591.0,168591.0,168591.0,0
20150317T,167811.0,167811.0,167811.0,167811.0,0
20150318T,169672.0,169672.0,169672.0,169672.0,0
20150319T,171226.0,171226.0,171226.0,171226.0,0
20150320T,182096.0,182096.0,182096.0,182096.0,0
20150323T,188621.0,188621.0,188621.0,188621.0,0
20150324T,190317.0,190317.0,190317.0,190317.0,0
20150325T,196481.0,196481.0,196481.0,196481.0,0
20150326T,47122.0,47122.0,47122.0,47122.0,0
20150327T,58763.0,58763.0,58763.0,58763.0,0
20150330T,62897.0,62897.0,62897.0,62897.0,0
20150331T,69563.0,69563.0,69563.0,69563.0,0
20150401T,69211.0,69211.0,69211.0,69211.0,0
20150406T,78073.0,78073.0,78073.0,78073.0,0
20150407T,87363.0,87363.0,87363.0,87363.0,0
20150408T,93519.0,93519.0,93519.0,93519.0,0
20150409T,97247.0,97247.0,97247.0,97247.0,0
20150410T,103927.0,103927.0,103927.0,103927.0,0
20150413T,108285.0,108285.0,108285.0,108285.0,0
20150415T,119531.0,119531.0,119531.0,119531.0,0
20150416T,134362.0,134362.0,134362.0,134362.0,0
20150417T,150050.0,150050.0,150050.0,150050.0,0
20150420T,166882.0,166882.0,166882.0,166882.0,0
20150421T,180798.0,180798.0,180798.0,180798.0,0
20150422T,185533.0,185533.0,185533.0,185533.0,0
20150423T,193418.0,193418.0,193418.0,193418.0,0
20150424T,203840.0,203840.0,203840.0,203840.0,0
20150427T,214643.0,214643.0,214643.0,214643.0,0
20150428T,210807.0,210807.0,210807.0,210807.0,0
20150429T,214415.0,214415.0,214415.0,214415.0,0
20150430T,66594.0,66594.0,66594.0,66594.0,0
20150504T,79514.0,79514.0,79514.0,79514.0,0
20150505T,91366.0,91366.0,91366.0,91366.0,0
20150506T,113185.0,113185.0,113185.0,113185.0,0
20150507T,127471.0,127471.0,127471.0,127471.0,0
20150508T,129303.0,129303.0,129303.0,129303.0,0
20150511T,129354.0,129354.0,129354.0,129354.0,0
20150512T,144886.0,144886.0,144886.0,144886.0,0
20150513T,144217.0,144217.0,144217.0,144217.0,0
20150514T,148601.0,148601.0,148601.0,148601.0,0
20150515T,150676.0,150676.0,150676.0,150676.0,0
20150518T,148075.0,148075.0,148075.0,148075.0,0
20150519T,150794.0,150794.0,150794.0,150794.0,0
20150520T,153341.0,153341.0,153341.0,153341.0,0
20150521T,162006.0,162006.0,162006.0,162006.0,0
20150522T,167049.0,167049.0,167049.0,167049.0,0
20150525T,179696.0,179696.0,179696.0,179696.0,0
20150526T,186343.0,186343.0,186343.0,186343.0,0
20150527T,188262.0,188262.0,188262.0,188262.0,0
20150528T,48527.0,48527.0,48527.0,48527.0,0
20150529T,58486.0,58486.0,58486.0,58486.0,0
20150601T,74388.0,74388.0,74388.0,74388.0,0
20150602T,90057.0,90057.0,90057.0,90057.0,0
20150603T,115193.0,115193.0,115193.0,115193.0,0
20150604T,126327.0,126327.0,126327.0,126327.0,0
20150605T,132149.0,132149.0,132149.0,132149.0,0
20150608T,146826.0,146826.0,146826.0,146826.0,0
20150609T,155556.0,155556.0,155556.0,155556.0,0
20150610T,155083.0,155083.0,155083.0,155083.0,0
20150611T,168472.0,168472.0,168472.0,168472.0,0
20150612T,173116.0,173116.0,173116.0,173116.0,0
20150615T,176125.0,176125.0,176125.0,176125.0,0
20150616T,179112.0,179112.0,179112.0,179112.0,0
20150617T,180996.0,180996.0,180996.0,180996.0,0
20150618T,179721.0,179721.0,179721.0,179721.0,0
20150619T,178548.0,178548.0,178548.0,178548.0,0
20150622T,173082.0,173082.0,173082.0,173082.0,0
20150623T,177599.0,177599.0,177599.0,177599.0,0
20150624T,181445.0,181445.0,181445.0,181445.0,0
20150625T,43808.0,43808.0,43808.0,43808.0,0
20150626T,59523.0,59523.0,59523.0,59523.0,0
20150629T,68585.0,68585.0,68585.0,68585.0,0
20150630T,76060.0,76060.0,76060.0,76060.0,0
20150701T,79684.0,79684.0,79684.0,79684.0,0
20150702T,88645.0,88645.0,88645.0,88645.0,0
20150703T,92882.0,92882.0,92882.0,92882.0,0
20150706T,98941.0,98941.0,98941.0,98941.0,0
20150707T,108440.0,108440.0,108440.0,108440.0,0
20150708T,124447.0,124447.0,124447.0,124447.0,0
20150709T,135730.0,135730.0,135730.0,135730.0,0
20150710T,140565.0,140565.0,140565.0,140565.0,0
20150713T,138828.0,138828.0,138828.0,138828.0,0
20150714T,147477.0,147477.0,147477.0,147477.0,0
20150715T,147561.0,147561.0,147561.0,147561.0,0
20150716T,147971.0,147971.0,147971.0,147971.0,0
20150717T,154127.0,154127.0,154127.0,154127.0,0
20150720T,168862.0,168862.0,168862.0,168862.0,0
20150721T,193241.0,193241.0,193241.0,193241.0,0
20150722T,191959.0,191959.0,191959.0,191959.0,0
20150723T,207031.0,207031.0,207031.0,207031.0,0
20150724T,222454.0,222454.0,222454.0,222454.0,0
20150727T,242098.0,242098.0,242098.0,242098.0,0
20150728T,243735.0,243735.0,243735.0,243735.0,0
20150729T,237096.0,237096.0,237096.0,237096.0,0
20150730T,57518.0,57518.0,57518.0,57518.0,0
20150731T,73261.0,73261.0,73261.0,73261.0,0
20150803T,83990.0,83990.0,83990.0,83990.0,0
20150804T,101264.0,101264.0,101264.0,101264.0,0
20150805T,111293.0,111293.0,111293.0,111293.0,0
20150806T,121498.0,121498.0,121498.0,121498.0,0
20150807T,131452.0,131452.0,131452.0,131452.0,0
20150810T,138692.0,138692.0,138692.0,138692.0,0
20150811T,161554.0,161554.0,161554.0,161554.0,0
20150812T,188669.0,188669.0,188669.0,188669.0,0
20150813T,201798.0,201798.0,201798.0,201798.0,0
20150814T,191740.0,191740.0,191740.0,191740.0,0
20150817T,196884.0,196884.0,196884.0,196884.0,0
20150818T,206058.0,206058.0,206058.0,206058.0,0
20150819T,210544.0,210544.0,210544.0,210544.0,0
20150820T,238881.0,238881.0,238881.0,238881.0,0
20150821T,250978.0,250978.0,250978.0,250978.0,0
20150824T,279303.0,279303.0,279303.0,279303.0,0
20150825T,282024.0,282024.0,282024.0,282024.0,0
20150826T,283933.0,283933.0,283933.0,283933.0,0
20150827T,64245.0,64245.0,64245.0,64245.0,0
20150828T,81663.0,81663.0,81663.0,81663.0,0
20150831T,91507.0,91507.0,91507.0,91507.0,0
20150901T,106284.0,106284.0,106284.0,106284.0,0
20150902T,116323.0,116323.0,116323.0,116323.0,0
20150903T,117366.0,117366.0,117366.0,117366.0,0
20150904T,128078.0,128078.0,128078.0,128078.0,0
20150907T,134578.0,134578.0,134578.0,134578.0,0
20150908T,133899.0,133899.0,133899.0,133899.0,0
20150909T,132821.0,132821.0,132821.0,132821.0,0
20150910T,135528.0,135528.0,135528.0,135528.0,0
20150911T,139504.0,139504.0,139504.0,139504.0,0
20150914T,136870.0,136870.0,136870.0,136870.0,0
20150915T,143302.0,143302.0,143302.0,143302.0,0
20150916T,140111.0,140111.0,140111.0,140111.0,0
20150918T,138815.0,138815.0,138815.0,138815.0,0
20150921T,141192.0,141192.0,141192.0,141192.0,0
20150922T,157433.0,157433.0,157433.0,157433.0,0
20150923T,159250.0,159250.0,159250.0,159250.0,0
20150924T,40814.0,40814.0,40814.0,40814.0,0
20150928T,55624.0,55624.0,55624.0,55624.0,0
20150929T,66206.0,66206.0,66206.0,66206.0,0
20150930T,68207.0,68207.0,68207.0,68207.0,0
20151001T,78152.0,78152.0,78152.0,78152.0,0
20151005T,83058.0,83058.0,83058.0,83058.0,0
20151006T,89602.0,89602.0,89602.0,89602.0,0
20151007T,96624.0,96624.0,96624.0,96624.0,0
20151008T,104856.0,104856.0,104856.0,104856.0,0
20151009T,118747.0,118747.0,118747.0,118747.0,0
20151012T,129921.0,129921.0,129921.0,129921.0,0
20151013T,140067.0,140067.0,140067.0,140067.0,0
20151014T,146185.0,146185.0,146185.0,146185.0,0
20151015T,147183.0,147183.0,147183.0,147183.0,0
20151016T,147781.0,147781.0,147781.0,147781.0,0
20151019T,152600.0,152600.0,152600.0,152600.0,0
20151020T,154628.0,154628.0,154628.0,154628.0,0
20151021T,156046.0,156046.0,156046.0,156046.0,0
20151023T,156205.0,156205.0,156205.0,156205.0,0
20151026T,160536.0,160536.0,160536.0,160536.0,0
20151027T,161715.0,161715.0,161715.0,161715.0,0
20151028T,163678.0,163678.0,163678.0,163678.0,0
20151029T,24399.0,24399.0,24399.0,24399.0,0
20151030T,36391.0,36391.0,36391.0,36391.0,0
20151102T,43653.0,43653.0,43653.0,43653.0,0
20151103T,48384.0,48384.0,48384.0,48384.0,0
20151104T,53956.0,53956.0,53956.0,53956.0,0
20151105T,61488.0,61488.0,61488.0,61488.0,0
20151106T,69492.0,69492.0,69492.0,69492.0,0
20151109T,78439.0,78439.0,78439.0,78439.0,0
20151110T,87948.0,87948.0,87948.0,87948.0,0
20151111T,89022.0,89022.0,89022.0,89022.0,0
20151113T,96362.0,96362.0,96362.0,96362.0,0
20151116T,97926.0,97926.0,97926.0,97926.0,0
20151117T,99120.0,99120.0,99120.0,99120.0,0
20151118T,105851.0,105851.0,105851.0,105851.0,0
20151119T,101399.0,101399.0,101399.0,101399.0,0
20151120T,99198.0,99198.0,99198.0,99198.0,0
20151123T,100747.0,100747.0,100747.0,100747.0,0
20151124T,100859.0,100859.0,100859.0,100859.0,0
20151126T,19685.0,19685.0,19685.0,19685.0,0
20151127T,25324.0,25324.0,25324.0,25324.0,0
20151130T,31125.0,31125.0,31125.0,31125.0,0
20151201T,35503.0,35503.0,35503.0,35503.0,0
20151202T,38807.0,38807.0,38807.0,38807.0,0
20151203T,42114.0,42114.0,42114.0,42114.0,0
20151204T,48037.0,48037.0,48037.0,48037.0,0
20151207T,52133.0,52133.0,52133.0,52133.0,0
20151208T,56501.0,56501.0,56501.0,56501.0,0
20151209T,63566.0,63566.0,63566.0,63566.0,0
20151210T,65934.0,65934.0,65934.0,65934.0,0
20151211T,70811.0,70811.0,70811.0,70811.0,0
20151214T,72924.0,72924.0,72924.0,72924.0,0
20151215T,73876.0,73876.0,73876.0,73876.0,0
20151216T,72822.0,72822.0,72822.0,72822.0,0
20151217T,73252.0,73252.0,73252.0,73252.0,0
20151218T,78159.0,78159.0,78159.0,78159.0,0
20151221T,79024.0,79024.0,79024.0,79024.0,0
20151222T,81192.0,81192.0,81192.0,81192.0,0
20151223T,80185.0,80185.0,80185.0,80185.0,0
20151224T,81799.0,81799.0,81799.0,81799.0,0
20151228T,81930.0,81930.0,81930.0,81930.0,0
20151229T,80905.0,80905.0,80905.0,80905.0,0
20151230T,83018.0,83018.0,83018.0,83018.0,0
20151231T,22817.0,22817.0,22817.0,22817.0,0
20160101T,30066.0,30066.0,30066.0,30066.0,0
20160104T,41021.0,41021.0,41021.0,41021.0,0
20160105T,45750.0,45750.0,45750.0,45750.0,0
20160106T,52695.0,52695.0,52695.0,52695.0,0
20160107T,66908.0,66908.0,66908.0,66908.0,0
20160108T,71154.0,71154.0,71154.0,71154.0,0
20160111T,75912.0,75912.0,75912.0,75912.0,0
20160112T,84569.0,84569.0,84569.0,84569.0,0
20160113T,91469.0,91469.0,91469.0,91469.0,0
20160114T,96512.0,96512.0,96512.0,96512.0,0
20160115T,106798.0,106798.0,106798.0,106798.0,0
20160118T,115067.0,115067.0,115067.0,115067.0,0
20160119T,115801.0,115801.0,115801.0,115801.0,0
20160120T,125086.0,125086.0,125086.0,125086.0,0
20160121T,126895.0,126895.0,126895.0,126895.0,0
20160122T,120419.0,120419.0,120419.0,120419.0,0
20160125T,121468.0,121468.0,121468.0,121468.0,0
20160127T,122687.0,122687.0,122687.0,122687.0,0
20160128T,22839.0,22839.0,22839.0,22839.0,0
20160129T,35814.0,35814.0,35814.0,35814.0,0
20160201T,45669.0,45669.0,45669.0,45669.0,0
20160202T,52102.0,52102.0,52102.0,52102.0,0
20160203T,62442.0,62442.0,62442.0,62442.0,0
20160204T,67975.0,67975.0,67975.0,67975.0,0
20160205T,72019.0,72019.0,72019.0,72019.0,0
20160208T,77203.0,77203.0,77203.0,77203.0,0
20160209T,86604.0,86604.0,86604.0,86604.0,0
20160211T,107923.0,107923.0,107923.0,107923.0,0
20160212T,115606.0,115606.0,115606.0,115606.0,0
20160215T,111808.0,111808.0,111808.0,111808.0,0
20160216T,116913.0,116913.0,116913.0,116913.0,0
20160217T,119297.0,119297.0,119297.0,119297.0,0
20160218T,118819.0,118819.0,118819.0,118819.0,0
20160219T,118213.0,118213.0,118213.0,118213.0,0
20160222T,118415.0,118415.0,118415.0,118415.0,0
20160223T,124109.0,124109.0,124109.0,124109.0,0
20160224T,125880.0,125880.0,125880.0,125880.0,0
20160225T,20304.0,20304.0,20304.0,20304.0,0
20160226T,27732.0,27732.0,27732.0,27732.0,0
20160229T,38972.0,38972.0,38972.0,38972.0,0
20160301T,44200.0,44200.0,44200.0,44200.0,0
20160302T,47176.0,47176.0,47176.0,47176.0,0
20160303T,49783.0,49783.0,49783.0,49783.0,0
20160304T,52773.0,52773.0,52773.0,52773.0,0
20160308T,56465.0,56465.0,56465.0,56465.0,0
20160309T,57606.0,57606.0,57606.0,57606.0,0
20160310T,62693.0,62693.0,62693.0,62693.0,0
20160311T,63423.0,63423.0,63423.0,63423.0,0
20160314T,62625.0,62625.0,62625.0,62625.0,0
20160315T,66248.0,66248.0,66248.0,66248.0,0
20160316T,68909.0,68909.0,68909.0,68909.0,0
20160317T,72585.0,72585.0,72585.0,72585.0,0
20160318T,72727.0,72727.0,72727.0,72727.0,0
20160321T,73629.0,73629.0,73629.0,73629.0,0
20160322T,75857.0,75857.0,75857.0,75857.0,0
20160323T,76773.0,76773.0,76773.0,76773.0,0
20160328T,86157.0,86157.0,86157.0,86157.0,0
20160329T,89494.0,89494.0,89494.0,89494.0,0
20160330T,83432.0,83432.0,83432.0,83432.0,0
20160331T,20606.0,20606.0,20606.0,20606.0,0
20160401T,31730.0,31730.0,31730.0,31730.0,0
20160404T,36999.0,36999.0,36999.0,36999.0,0
20160405T,48760.0,48760.0,48760.0,48760.0,0
20160406T,52930.0,52930.0,52930.0,52930.0,0
20160407T,58968.0,58968.0,58968.0,58968.0,0
20160408T,61518.0,61518.0,61518.0,61518.0,0
20160411T,60510.0,60510.0,60510.0,60510.0,0
20160412T,63815.0,63815.0,63815.0,63815.0,0
20160413T,62971.0,62971.0,62971.0,62971.0,0
20160418T,68364.0,68364.0,68364.0,68364.0,0
20160420T,74915.0,74915.0,74915.0,74915.0,0
20160421T,79843.0,79843.0,79843.0,79843.0,0
20160422T,82820.0,82820.0,82820.0,82820.0,0
20160425T,88986.0,88986.0,88986.0,88986.0,0
20160426T,84021.0,84021.0,84021.0,84021.0,0
20160427T,86078.0,86078.0,86078.0,86078.0,0
20160428T,23972.0,23972.0,23972.0,23972.0,0
20160429T,34811.0,34811.0,34811.0,34811.0,0
20160502T,43613.0,43613.0,43613.0,43613.0,0
20160503T,50811.0,50811.0,50811.0,50811.0,0
20160504T,59830.0,59830.0,59830.0,59830.0,0
20160505T,64063.0,64063.0,64063.0,64063.0,0
20160506T,68496.0,68496.0,68496.0,68496.0,0
20160509T,67069.0,67069.0,67069.0,67069.0,0
20160510T,70263.0,70263.0,70263.0,70263.0,0
20160511T,76663.0,76663.0,76663.0,76663.0,0
20160512T,77206.0,77206.0,77206.0,77206.0,0
20160513T,85966.0,85966.0,85966.0,85966.0,0
20160516T,91214.0,91214.0,91214.0,91214.0,0
20160517T,93517.0,93517.0,93517.0,93517.0,0
20160518T,98339.0,98339.0,98339.0,98339.0,0
20160519T,106008.0,106008.0,106008.0,106008.0,0
20160520T,108273.0,108273.0,108273.0,108273.0,0
20160523T,111802.0,111802.0,111802.0,111802.0,0
20160524T,114544.0,114544.0,114544.0,114544.0,0
20160525T,108739.0,108739.0,108739.0,108739.0,0
20160526T,23340.0,23340.0,23340.0,23340.0,0
20160527T,33139.0,33139.0,33139.0,33139.0,0
20160530T,42339.0,42339.0,42339.0,42339.0,0
20160531T,48104.0,48104.0,48104.0,48104.0,0
20160601T,53709.0,53709.0,53709.0,53709.0,0
20160602T,55728.0,55728.0,55728.0,55728.0,0
20160603T,60990.0,60990.0,60990.0,60990.0,0
20160606T,64519.0,64519.0,64519.0,64519.0,0
20160607T,65332.0,65332.0,65332.0,65332.0,0
20160608T,67171.0,67171.0,67171.0,67171.0,0
20160609T,69609.0,69609.0,69609.0,69609.0,0
20160610T,72416.0,72416.0,72416.0,72416.0,0
20160613T,77408.0,77408.0,77408.0,77408.0,0
20160614T,80536.0,80536.0,80536.0,80536.0,0
20160615T,79062.0,79062.0,79062.0,79062.0,0
20160616T,84472.0,84472.0,84472.0,84472.0,0
20160617T,84885.0,84885.0,84885.0,84885.0,0
20160620T,84452.0,84452.0,84452.0,84452.0,0
20160621T,87547.0,87547.0,87547.0,87547.0,0
20160622T,89357.0,89357.0,89357.0,89357.0,0
20160623T,86639.0,86639.0,86639.0,86639.0,0
20160624T,98321.0,98321.0,98321.0,98321.0,0
20160627T,101929.0,101929.0,101929.0,101929.0,0
20160628T,103540.0,103540.0,103540.0,103540.0,0
20160629T,99839.0,99839.0,99839.0,99839.0,0
20160630T,23560.0,23560.0,23560.0,23560.0,0
20160701T,34725.0,34725.0,34725.0,34725.0,0
20160704T,40790.0,40790.0,40790.0,40790.0,0
20160705T,47289.0,47289.0,47289.0,47289.0,0
20160707T,53548.0,53548.0,53548.0,53548.0,0
20160708T,57848.0,57848.0,57848.0,57848.0,0
20160711T,57898.0,57898.0,57898.0,57898.0,0
20160712T,60219.0,60219.0,60219.0,60219.0,0
20160713T,65604.0,65604.0,65604.0,65604.0,0
20160714T,70329.0,70329.0,70329.0,70329.0,0
20160715T,84514.0,84514.0,84514.0,84514.0,0
20160718T,90674.0,90674.0,90674.0,90674.0,0
20160719T,90839.0,90839.0,90839.0,90839.0,0
20160720T,89705.0,89705.0,89705.0,89705.0,0
20160721T,94498.0,94498.0,94498.0,94498.0,0
20160722T,93892.0,93892.0,93892.0,93892.0,0
20160725T,91185.0,91185.0,91185.0,91185.0,0
20160726T,97303.0,97303.0,97303.0,97303.0,0
20160727T,99974.0,99974.0,99974.0,99974.0,0
20160728T,24767.0,24767.0,24767.0,24767.0,0
20160729T,36692.0,36692.0,36692.0,36692.0,0
20160801T,44515.0,44515.0,44515.0,44515.0,0
20160802T,53083.0,53083.0,53083.0,53083.0,0
20160803T,62046.0,62046.0,62046.0,62046.0,0
20160804T,66724.0,66724.0,66724.0,66724.0,0
20160805T,68507.0,68507.0,68507.0,68507.0,0
20160808T,73953.0,73953.0,73953.0,73953.0,0
20160809T,83010.0,83010.0,83010.0,83010.0,0
20160810T,92202.0,92202.0,92202.0,92202.0,0
20160811T,97790.0,97790.0,97790.0,97790.0,0
20160812T,101225.0,101225.0,101225.0,101225.0,0
20160816T,104982.0,104982.0,104982.0,104982.0,0
20160817T,108267.0,108267.0,108267.0,108267.0,0
20160818T,105663.0,105663.0,105663.0,105663.0,0
20160819T,105560.0,105560.0,105560.0,105560.0,0
20160822T,111742.0,111742.0,111742.0,111742.0,0
20160823T,112096.0,112096.0,112096.0,112096.0,0
20160824T,110050.0,110050.0,110050.0,110050.0,0
20160825T,22860.0,22860.0,22860.0,22860.0,0
20160826T,31821.0,31821.0,31821.0,31821.0,0
20160829T,38330.0,38330.0,38330.0,38330.0,0
20160830T,40508.0,40508.0,40508.0,40508.0,0
20160831T,44833.0,44833.0,44833.0,44833.0,0
20160901T,52837.0,52837.0,52837.0,52837.0,0
20160902T,55310.0,55310.0,55310.0,55310.0,0
20160906T,56983.0,56983.0,56983.0,56983.0,0
20160907T,62050.0,62050.0,62050.0,62050.0,0
20160908T,67155.0,67155.0,67155.0,67155.0,0
20160909T,72875.0,72875.0,72875.0,72875.0,0
20160912T,81720.0,81720.0,81720.0,81720.0,0
20160914T,84808.0,84808.0,84808.0,84808.0,0
20160915T,87270.0,87270.0,87270.0,87270.0,0
20160916T,88108.0,88108.0,88108.0,88108.0,0
20160919T,88784.0,88784.0,88784.0,88784.0,0
20160920T,92676.0,92676.0,92676.0,92676.0,0
20160921T,94545.0,94545.0,94545.0,94545.0,0
20160922T,92121.0,92121.0,92121.0,92121.0,0
20160923T,95941.0,95941.0,95941.0,95941.0,0
20160926T,102706.0,102706.0,102706.0,102706.0,0
20160927T,103145.0,103145.0,103145.0,103145.0,0
20160928T,98919.0,98919.0,98919.0,98919.0,0
20160929T,26421.0,26421.0,26421.0,26421.0,0
20160930T,36072.0,36072.0,36072.0,36072.0,0
20161003T,42115.0,42115.0,42115.0,42115.0,0
20161004T,46359.0,46359.0,46359.0,46359.0,0
20161005T,50736.0,50736.0,50736.0,50736.0,0
20161006T,55618.0,55618.0,55618.0,55618.0,0
20161007T,57782.0,57782.0,57782.0,57782.0,0
20161010T,61132.0,61132.0,61132.0,61132.0,0
20161013T,75597.0,75597.0,75597.0,75597.0,0
20161014T,80883.0,80883.0,80883.0,80883.0,0
20161017T,87770.0,87770.0,87770.0,87770.0,0
20161018T,85085.0,85085.0,85085.0,85085.0,0
20161019T,90062.0,90062.0,90062.0,90062.0,0
20161020T,94242.0,94242.0,94242.0,94242.0,0
20161021T,98372.0,98372.0,98372.0,98372.0,0
20161024T,99017.0,99017.0,99017.0,99017.0,0
20161025T,102470.0,102470.0,102470.0,102470.0,0
20161026T,104802.0,104802.0,104802.0,104802.0,0
20161027T,27450.0,27450.0,27450.0,27450.0,0
20161028T,36572.0,36572.0,36572.0,36572.0,0
20161101T,44039.0,44039.0,44039.0,44039.0,0
20161102T,50766.0,50766.0,50766.0,50766.0,0
20161103T,57563.0,57563.0,57563.0,57563.0,0
20161104T,66883.0,66883.0,66883.0,66883.0,0
20161107T,72145.0,72145.0,72145.0,72145.0,0
20161108T,75873.0,75873.0,75873.0,75873.0,0
20161109T,85392.0,85392.0,85392.0,85392.0,0
20161110T,93347.0,93347.0,93347.0,93347.0,0
20161111T,102354.0,102354.0,102354.0,102354.0,0
20161115T,110892.0,110892.0,110892.0,110892.0,0
20161116T,111044.0,111044.0,111044.0,111044.0,0
20161117T,115735.0,115735.0,115735.0,115735.0,0
20161118T,119046.0,119046.0,119046.0,119046.0,0
20161121T,126524.0,126524.0,126524.0,126524.0,0
20161122T,124249.0,124249.0,124249.0,124249.0,0
20161123T,121441.0,121441.0,121441.0,121441.0,0
20161124T,22466.0,22466.0,22466.0,22466.0,0
20161125T,30233.0,30233.0,30233.0,30233.0,0
20161128T,35824.0,35824.0,35824.0,35824.0,0
20161129T,38361.0,38361.0,38361.0,38361.0,0
20161130T,41006.0,41006.0,41006.0,41006.0,0
20161201T,44743.0,44743.0,44743.0,44743.0,0
20161202T,49881.0,49881.0,49881.0,49881.0,0
20161205T,51686.0,51686.0,51686.0,51686.0,0
20161206T,54472.0,54472.0,54472.0,54472.0,0
20161207T,57014.0,57014.0,57014.0,57014.0,0
20161208T,56539.0,56539.0,56539.0,56539.0,0
20161209T,56528.0,56528.0,56528.0,56528.0,0
20161212T,61679.0,61679.0,61679.0,61679.0,0
20161213T,64843.0,64843.0,64843.0,64843.0,0
20161214T,69327.0,69327.0,69327.0,69327.0,0
20161215T,74874.0,74874.0,74874.0,74874.0,0
20161216T,79929.0,79929.0,79929.0,79929.0,0
20161219T,85040.0,85040.0,85040.0,85040.0,0
20161220T,89541.0,89541.0,89541.0,89541.0,0
20161221T,91768.0,91768.0,91768.0,91768.0,0
20161222T,99245.0,99245.0,99245.0,99245.0,0
20161223T,101763.0,101763.0,101763.0,101763.0,0
20161226T,109385.0,109385.0,109385.0,109385.0,0
20161227T,103675.0,103675.0,103675.0,103675.0,0
20161228T,101865.0,101865.0,101865.0,101865.0,0
20161229T,21543.0,21543.0,21543.0,21543.0,0
20161230T,29500.0,29500.0,29500.0,29500.0,0
20170102T,35465.0,35465.0,35465.0,35465.0,0
20170103T,38982.0,38982.0,38982.0,38982.0,0
20170104T,43508.0,43508.0,43508.0,43508.0,0
20170105T,44459.0,44459.0,44459.0,44459.0,0
20170106T,48278.0,48278.0,48278.0,48278.0,0
20170109T,52736.0,52736.0,52736.0,52736.0,0
20170110T,57878.0,57878.0,57878.0,57878.0,0
20170111T,59905.0,59905.0,59905.0,59905.0,0
20170112T,68736.0,68736.0,68736.0,68736.0,0
20170113T,82625.0,82625.0,82625.0,82625.0,0
20170116T,89412.0,89412.0,89412.0,89412.0,0
20170117T,95114.0,95114.0,95114.0,95114.0,0
20170118T,95880.0,95880.0,95880.0,95880.0,0
20170119T,97221.0,97221.0,97221.0,97221.0,0
20170120T,101076.0,101076.0,101076.0,101076.0,0
20170123T,99875.0,99875.0,99875.0,99875.0,0
20170124T,93346.0,93346.0,93346.0,93346.0,0
20170125T,23998.0,23998.0,23998.0,23998.0,0
20170127T,36310.0,36310.0,36310.0,36310.0,0
20170130T,44219.0,44219.0,44219.0,44219.0,0
20170131T,51956.0,51956.0,51956.0,51956.0,0
20170201T,57135.0,57135.0,57135.0,57135.0,0
20170202T,63330.0,63330.0,63330.0,63330.0,0
20170203T,69769.0,69769.0,69769.0,69769.0,0
20170206T,75439.0,75439.0,75439.0,75439.0,0
20170207T,83922.0,83922.0,83922.0,83922.0,0
20170208T,87469.0,87469.0,87469.0,87469.0,0
20170209T,93324.0,93324.0,93324.0,93324.0,0
20170210T,96635.0,96635.0,96635.0,96635.0,0
20170213T,103077.0,103077.0,103077.0,103077.0,0
20170214T,108764.0,108764.0,108764.0,108764.0,0
20170215T,114377.0,114377.0,114377.0,114377.0,0
20170216T,113363.0,113363.0,113363.0,113363.0,0
20170217T,114401.0,114401.0,114401.0,114401.0,0
20170220T,113705.0,113705.0,113705.0,113705.0,0
20170221T,115018.0,115018.0,115018.0,115018.0,0
20170222T,118109.0,118109.0,118109.0,118109.0,0
20170223T,30021.0,30021.0,30021.0,30021.0,0
20170227T,42720.0,42720.0,42720.0,42720.0,0
20170228T,48846.0,48846.0,48846.0,48846.0,0
20170301T,53354.0,53354.0,53354.0,53354.0,0
20170302T,57540.0,57540.0,57540.0,57540.0,0
20170303T,61815.0,61815.0,61815.0,61815.0,0
20170306T,62259.0,62259.0,62259.0,62259.0,0
20170307T,66223.0,66223.0,66223.0,66223.0,0
20170308T,70774.0,70774.0,70774.0,70774.0,0
20170309T,74121.0,74121.0,74121.0,74121.0,0
20170310T,75722.0,75722.0,75722.0,75722.0,0
20170314T,75605.0,75605.0,75605.0,75605.0,0
20170315T,76846.0,76846.0,76846.0,76846.0,0
20170316T,78622.0,78622.0,78622.0,78622.0,0
20170317T,87242.0,87242.0,87242.0,87242.0,0
20170320T,93280.0,93280.0,93280.0,93280.0,0
20170321T,98775.0,98775.0,98775.0,98775.0,0
20170322T,107821.0,107821.0,107821.0,107821.0,0
20170323T,109624.0,109624.0,109624.0,109624.0,0
20170324T,107474.0,107474.0,107474.0,107474.0,0
20170327T,113133.0,113133.0,113133.0,113133.0,0
20170328T,111332.0,111332.0,111332.0,111332.0,0
20170329T,106290.0,106290.0,106290.0,106290.0,0
20170330T,24311.0,24311.0,24311.0,24311.0,0
20170331T,38933.0,38933.0,38933.0,38933.0,0
20170403T,46322.0,46322.0,46322.0,46322.0,0
20170405T,52197.0,52197.0,52197.0,52197.0,0
20170406T,60696.0,60696.0,60696.0,60696.0,0
20170407T,67953.0,67953.0,67953.0,67953.0,0
20170410T,73122.0,73122.0,73122.0,73122.0,0
20170411T,77154.0,77154.0,77154.0,77154.0,0
20170412T,86838.0,86838.0,86838.0,86838.0,0
20170413T,97951.0,97951.0,97951.0,97951.0,0
20170417T,101959.0,101959.0,101959.0,101959.0,0
20170418T,110718.0,110718.0,110718.0,110718.0,0
20170419T,116369.0,116369.0,116369.0,116369.0,0
20170420T,118411.0,118411.0,118411.0,118411.0,0
20170421T,122402.0,122402.0,122402.0,122402.0,0
20170424T,122905.0,122905.0,122905.0,122905.0,0
20170425T,123217.0,123217.0,123217.0,123217.0,0
20170426T,124499.0,124499.0,124499.0,124499.0,0
20170427T,34555.0,34555.0,34555.0,34555.0,0
20170428T,51309.0,51309.0,51309.0,51309.0,0
20170502T,62794.0,62794.0,62794.0,62794.0,0
20170503T,70961.0,70961.0,70961.0,70961.0,0
20170504T,76559.0,76559.0,76559.0,76559.0,0
20170505T,86358.0,86358.0,86358.0,86358.0,0
20170508T,91240.0,91240.0,91240.0,91240.0,0
20170509T,96733.0,96733.0,96733.0,96733.0,0
20170510T,99508.0,99508.0,99508.0,99508.0,0
20170511T,102781.0,102781.0,102781.0,102781.0,0
20170512T,113735.0,113735.0,113735.0,113735.0,0
20170515T,119285.0,119285.0,119285.0,119285.0,0
20170516T,121835.0,121835.0,121835.0,121835.0,0
20170517T,127993.0,127993.0,127993.0,127993.0,0
20170518T,141545.0,141545.0,141545.0,141545.0,0
20170519T,143761.0,143761.0,143761.0,143761.0,0
20170522T,149241.0,149241.0,149241.0,149241.0,0
20170523T,150716.0,150716.0,150716.0,150716.0,0
20170524T,150030.0,150030.0,150030.0,150030.0,0
20170525T,35150.0,35150.0,35150.0,35150.0,0
20170526T,47901.0,47901.0,47901.0,47901.0,0
20170529T,58494.0,58494.0,58494.0,58494.0,0
20170530T,63233.0,63233.0,63233.0,63233.0,0
20170531T,68944.0,68944.0,68944.0,68944.0,0
20170601T,75079.0,75079.0,75079.0,75079.0,0
20170602T,79177.0,79177.0,79177.0,79177.0,0
20170605T,82558.0,82558.0,82558.0,82558.0,0
20170606T,86339.0,86339.0,86339.0,86339.0,0
20170607T,87853.0,87853.0,87853.0,87853.0,0
20170608T,91985.0,91985.0,91985.0,91985.0,0
20170609T,94872.0,94872.0,94872.0,94872.0,0
20170612T,103142.0,103142.0,103142.0,103142.0,0
20170613T,105773.0,105773.0,105773.0,105773.0,0
20170614T,105946.0,105946.0,105946.0,105946.0,0
20170615T,111091.0,111091.0,111091.0,111091.0,0
20170616T,115410.0,115410.0,115410.0,115410.0,0
20170619T,116698.0,116698.0,116698.0,116698.0,0
20170620T,119972.0,119972.0,119972.0,119972.0,0
20170621T,125360.0,125360.0,125360.0,125360.0,0
20170622T,127611.0,127611.0,127611.0,127611.0,0
20170623T,133370.0,133370.0,133370.0,133370.0,0
20170627T,139409.0,139409.0,139409.0,139409.0,0
20170628T,137878.0,137878.0,137878.0,137878.0,0
20170629T,32919.0,32919.0,32919.0,32919.0,0
20170630T,43977.0,43977.0,43977.0,43977.0,0
20170703T,51492.0,51492.0,51492.0,51492.0,0
20170704T,57739.0,57739.0,57739.0,57739.0,0
20170705T,61814.0,61814.0,61814.0,61814.0,0
20170706T,66624.0,66624.0,66624.0,66624.0,0
20170707T,73415.0,73415.0,73415.0,73415.0,0
20170710T,73179.0,73179.0,73179.0,73179.0,0
20170711T,80167.0,80167.0,80167.0,80167.0,0
20170712T,83005.0,83005.0,83005.0,83005.0,0
20170713T,88843.0,88843.0,88843.0,88843.0,0
20170714T,97031.0,97031.0,97031.0,97031.0,0
20170717T,103322.0,103322.0,103322.0,103322.0,0
20170718T,111010.0,111010.0,111010.0,111010.0,0
20170719T,112297.0,112297.0,112297.0,112297.0,0
20170720T,121905.0,121905.0,121905.0,121905.0,0
20170721T,117550.0,117550.0,117550.0,117550.0,0
20170724T,119625.0,119625.0,119625.0,119625.0,0
20170725T,119654.0,119654.0,119654.0,119654.0,0
20170726T,118934.0,118934.0,118934.0,118934.0,0
20170727T,33787.0,33787.0,33787.0,33787.0,0
20170728T,51844.0,51844.0,51844.0,51844.0,0
20170731T,60312.0,60312.0,60312.0,60312.0,0
20170801T,67284.0,67284.0,67284.0,67284.0,0
20170802T,76243.0,76243.0,76243.0,76243.0,0
20170803T,85120.0,85120.0,85120.0,85120.0,0
20170804T,88655.0,88655.0,88655.0,88655.0,0
20170807T,95019.0,95019.0,95019.0,95019.0,0
20170808T,104033.0,104033.0,104033.0,104033.0,0
20170809T,114598.0,114598.0,114598.0,114598.0,0
20170810T,123673.0,123673.0,123673.0,123673.0,0
20170811T,127760.0,127760.0,127760.0,127760.0,0
20170814T,130741.0,130741.0,130741.0,130741.0,0
20170816T,131749.0,131749.0,131749.0,131749.0,0
20170817T,136591.0,136591.0,136591.0,136591.0,0
20170818T,145376.0,145376.0,145376.0,145376.0,0
20170821T,154230.0,154230.0,154230.0,154230.0,0
20170822T,155740.0,155740.0,155740.0,155740.0,0
20170823T,151430.0,151430.0,151430.0,151430.0,0
20170824T,146940.0,146940.0,146940.0,146940.0,0
20170828T,145783.0,145783.0,145783.0,145783.0,0
20170829T,150017.0,150017.0,150017.0,150017.0,0
20170830T,142514.0,142514.0,142514.0,142514.0,0
20170831T,36455.0,36455.0,36455.0,36455.0,0
20170901T,50926.0,50926.0,50926.0,50926.0,0
20170904T,57635.0,57635.0,57635.0,57635.0,0
20170905T,63120.0,63120.0,63120.0,63120.0,0
20170906T,68731.0,68731.0,68731.0,68731.0,0
20170907T,74355.0,74355.0,74355.0,74355.0,0
20170908T,79318.0,79318.0,79318.0,79318.0,0
20170911T,83691.0,83691.0,83691.0,83691.0,0
20170912T,87670.0,87670.0,87670.0,87670.0,0
20170913T,94253.0,94253.0,94253.0,94253.0,0
20170914T,100116.0,100116.0,100116.0,100116.0,0
20170915T,105902.0,105902.0,105902.0,105902.0,0
20170918T,111399.0,111399.0,111399.0,111399.0,0
20170919T,116295.0,116295.0,116295.0,116295.0,0
20170920T,120149.0,120149.0,120149.0,120149.0,0
20170921T,125685.0,125685.0,125685.0,125685.0,0
20170922T,138938.0,138938.0,138938.0,138938.0,0
20170925T,143802.0,143802.0,143802.0,143802.0,0
20170926T,144724.0,144724.0,144724.0,144724.0,0
20170927T,142752.0,142752.0,142752.0,142752.0,0
20170928T,37117.0,37117.0,37117.0,37117.0,0
20170929T,49904.0,49904.0,49904.0,49904.0,0
20171003T,57648.0,57648.0,57648.0,57648.0,0
20171004T,61698.0,61698.0,61698.0,61698.0,0
20171005T,70093.0,70093.0,70093.0,70093.0,0
20171006T,73781.0,73781.0,73781.0,73781.0,0
20171009T,80364.0,80364.0,80364.0,80364.0,0
20171010T,86211.0,86211.0,86211.0,86211.0,0
20171011T,93936.0,93936.0,93936.0,93936.0,0
20171012T,96604.0,96604.0,96604.0,96604.0,0
20171013T,99611.0,99611.0,99611.0,99611.0,0
20171016T,101701.0,101701.0,101701.0,101701.0,0
20171017T,104784.0,104784.0,104784.0,104784.0,0
20171018T,110354.0,110354.0,110354.0,110354.0,0
20171019T,112980.0,112980.0,112980.0,112980.0,0
20171023T,115958.0,115958.0,115958.0,115958.0,0
20171024T,119489.0,119489.0,119489.0,119489.0,0
20171025T,112065.0,112065.0,112065.0,112065.0,0
20171026T,37986.0,37986.0,37986.0,37986.0,0
20171027T,60356.0,60356.0,60356.0,60356.0,0
20171030T,73259.0,73259.0,73259.0,73259.0,0
20171031T,82392.0,82392.0,82392.0,82392.0,0
20171101T,86841.0,86841.0,86841.0,86841.0,0
20171102T,91045.0,91045.0,91045.0,91045.0,0
20171103T,92508.0,92508.0,92508.0,92508.0,0
20171106T,96878.0,96878.0,96878.0,96878.0,0
20171107T,107500.0,107500.0,107500.0,107500.0,0
20171108T,115099.0,115099.0,115099.0,115099.0,0
20171109T,119315.0,119315.0,119315.0,119315.0,0
20171110T,125390.0,125390.0,125390.0,125390.0,0
20171113T,133127.0,133127.0,133127.0,133127.0,0
20171114T,140059.0,140059.0,140059.0,140059.0,0
20171115T,148892.0,148892.0,148892.0,148892.0,0
20171116T,145606.0,145606.0,145606.0,145606.0,0
20171117T,146218.0,146218.0,146218.0,146218.0,0
20171120T,148337.0,148337.0,148337.0,148337.0,0
20171121T,149348.0,149348.0,149348.0,149348.0,0
20171122T,148993.0,148993.0,148993.0,148993.0,0
20171123T,150101.0,150101.0,150101.0,150101.0,0
20171124T,147663.0,147663.0,147663.0,147663.0,0
20171127T,148840.0,148840.0,148840.0,148840.0,0
20171128T,151841.0,151841.0,151841.0,151841.0,0
20171129T,149834.0,149834.0,149834.0,149834.0,0
20171130T,36656.0,36656.0,36656.0,36656.0,0
20171201T,52970.0,52970.0,52970.0,52970.0,0
20171204T,59539.0,59539.0,59539.0,59539.0,0
20171205T,65429.0,65429.0,65429.0,65429.0,0
20171206T,71073.0,71073.0,71073.0,71073.0,0
20171207T,72426.0,72426.0,72426.0,72426.0,0
20171208T,77229.0,77229.0,77229.0,77229.0,0
20171211T,80605.0,80605.0,80605.0,80605.0,0
20171212T,86557.0,86557.0,86557.0,86557.0,0
20171213T,91196.0,91196.0,91196.0,91196.0,0
20171214T,91901.0,91901.0,91901.0,91901.0,0
20171215T,95275.0,95275.0,95275.0,95275.0,0
20171218T,97887.0,97887.0,97887.0,97887.0,0
20171219T,102686.0,102686.0,102686.0,102686.0,0
20171220T,110231.0,110231.0,110231.0,110231.0,0
20171221T,116461.0,116461.0,116461.0,116461.0,0
20171222T,118592.0,118592.0,118592.0,118592.0,0
20171226T,119477.0,119477.0,119477.0,119477.0,0
20171227T,119559.0,119559.0,119559.0,119559.0,0
20171228T,33050.0,33050.0,33050.0,33050.0,0
20171229T,49638.0,49638.0,49638.0,49638.0,0
20180101T,59421.0,59421.0,59421.0,59421.0,0
20180102T,68467.0,68467.0,68467.0,68467.0,0
20180103T,76741.0,76741.0,76741.0,76741.0,0
20180104T,81482.0,81482.0,81482.0,81482.0,0
20180105T,87732.0,87732.0,87732.0,87732.0,0
20180108T,95814.0,95814.0,95814.0,95814.0,0
20180109T,103754.0,103754.0,103754.0,103754.0,0
20180110T,112426.0,112426.0,112426.0,112426.0,0
20180111T,121127.0,121127.0,121127.0,121127.0,0
20180112T,125047.0,125047.0,125047.0,125047.0,0
20180115T,134444.0,134444.0,134444.0,134444.0,0
20180116T,142950.0,142950.0,142950.0,142950.0,0
20180117T,140007.0,140007.0,140007.0,140007.0,0
20180118T,145384.0,145384.0,145384.0,145384.0,0
20180119T,143204.0,143204.0,143204.0,143204.0,0
20180122T,145623.0,145623.0,145623.0,145623.0,0
20180123T,137362.0,137362.0,137362.0,137362.0,0
20180124T,137893.0,137893.0,137893.0,137893.0,0
20180125T,34118.0,34118.0,34118.0,34118.0,0
20180129T,47172.0,47172.0,47172.0,47172.0,0
20180130T,56920.0,56920.0,56920.0,56920.0,0
20180131T,67466.0,67466.0,67466.0,67466.0,0
20180201T,77491.0,77491.0,77491.0,77491.0,0
20180202T,91838.0,91838.0,91838.0,91838.0,0
20180205T,99789.0,99789.0,99789.0,99789.0,0
20180206T,105125.0,105125.0,105125.0,105125.0,0
20180207T,112811.0,112811.0,112811.0,112811.0,0
20180208T,114709.0,114709.0,114709.0,114709.0,0
20180209T,119200.0,119200.0,119200.0,119200.0,0
20180212T,123199.0,123199.0,123199.0,123199.0,0
20180214T,133329.0,133329.0,133329.0,133329.0,0
20180215T,136325.0,136325.0,136325.0,136325.0,0
20180216T,144958.0,144958.0,144958.0,144958.0,0
20180219T,148886.0,148886.0,148886.0,148886.0,0
20180220T,147438.0,147438.0,147438.0,147438.0,0
20180221T,144452.0,144452.0,144452.0,144452.0,0
20180222T,27896.0,27896.0,27896.0,27896.0,0
20180223T,38408.0,38408.0,38408.0,38408.0,0
20180226T,45324.0,45324.0,45324.0,45324.0,0
20180227T,51935.0,51935.0,51935.0,51935.0,0
20180228T,55987.0,55987.0,55987.0,55987.0,0
20180301T,62483.0,62483.0,62483.0,62483.0,0
20180305T,67985.0,67985.0,67985.0,67985.0,0
20180306T,72622.0,72622.0,72622.0,72622.0,0
20180307T,78270.0,78270.0,78270.0,78270.0,0
20180308T,81498.0,81498.0,81498.0,81498.0,0
20180309T,86032.0,86032.0,86032.0,86032.0,0
20180312T,83456.0,83456.0,83456.0,83456.0,0
20180313T,87029.0,87029.0,87029.0,87029.0,0
20180314T,89477.0,89477.0,89477.0,89477.0,0
20180315T,93410.0,93410.0,93410.0,93410.0,0
20180316T,104071.0,104071.0,104071.0,104071.0,0
20180319T,111784.0,111784.0,111784.0,111784.0,0
20180320T,111242.0,111242.0,111242.0,111242.0,0
20180321T,112537.0,112537.0,112537.0,112537.0,0
20180322T,119086.0,119086.0,119086.0,119086.0,0
20180323T,124306.0,124306.0,124306.0,124306.0,0
20180326T,119597.0,119597.0,119597.0,119597.0,0
20180327T,119860.0,119860.0,119860.0,119860.0,0
20180328T,30179.0,30179.0,30179.0,30179.0,0
20180402T,39158.0,39158.0,39158.0,39158.0,0
20180403T,47834.0,47834.0,47834.0,47834.0,0
20180404T,56015.0,56015.0,56015.0,56015.0,0
20180405T,55498.0,55498.0,55498.0,55498.0,0
20180406T,61859.0,61859.0,61859.0,61859.0,0
20180409T,69685.0,69685.0,69685.0,69685.0,0
20180410T,76008.0,76008.0,76008.0,76008.0,0
20180411T,81384.0,81384.0,81384.0,81384.0,0
20180412T,86567.0,86567.0,86567.0,86567.0,0
20180413T,93482.0,93482.0,93482.0,93482.0,0
20180416T,100750.0,100750.0,100750.0,100750.0,0
20180417T,111051.0,111051.0,111051.0,111051.0,0
20180418T,115736.0,115736.0,115736.0,115736.0,0
20180419T,116779.0,116779.0,116779.0,116779.0,0
20180420T,123827.0,123827.0,123827.0,123827.0,0
20180423T,131709.0,131709.0,131709.0,131709.0,0
20180424T,137783.0,137783.0,137783.0,137783.0,0
20180425T,140852.0,140852.0,140852.0,140852.0,0
20180426T,41558.0,41558.0,41558.0,41558.0,0
20180427T,60645.0,60645.0,60645.0,60645.0,0
20180430T,70633.0,70633.0,70633.0,70633.0,0
20180502T,80064.0,80064.0,80064.0,80064.0,0
20180503T,87194.0,87194.0,87194.0,87194.0,0
20180504T,93979.0,93979.0,93979.0,93979.0,0
20180507T,95580.0,95580.0,95580.0,95580.0,0
20180508T,101803.0,101803.0,101803.0,101803.0,0
20180509T,102954.0,102954.0,102954.0,102954.0,0
20180510T,110069.0,110069.0,110069.0,110069.0,0
20180511T,109122.0,109122.0,109122.0,109122.0,0
20180514T,113605.0,113605.0,113605.0,113605.0,0
20180515T,117333.0,117333.0,117333.0,117333.0,0
20180516T,124851.0,124851.0,124851.0,124851.0,0
20180517T,131988.0,131988.0,131988.0,131988.0,0
20180518T,141289.0,141289.0,141289.0,141289.0,0
20180521T,153260.0,153260.0,153260.0,153260.0,0
20180522T,153798.0,153798.0,153798.0,153798.0,0
20180523T,159297.0,159297.0,159297.0,159297.0,0
20180524T,161668.0,161668.0,161668.0,161668.0,0
20180525T,156336.0,156336.0,156336.0,156336.0,0
20180528T,155243.0,155243.0,155243.0,155243.0,0
20180529T,163377.0,163377.0,163377.0,163377.0,0
20180530T,161313.0,161313.0,161313.0,161313.0,0
20180531T,46576.0,46576.0,46576.0,46576.0,0
20180601T,58922.0,58922.0,58922.0,58922.0,0
20180604T,69075.0,69075.0,69075.0,69075.0,0
20180605T,75992.0,75992.0,75992.0,75992.0,0
20180606T,75219.0,75219.0,75219.0,75219.0,0
20180607T,74214.0,74214.0,74214.0,74214.0,0
20180608T,80296.0,80296.0,80296.0,80296.0,0
20180611T,84492.0,84492.0,84492.0,84492.0,0
20180612T,88410.0,88410.0,88410.0,88410.0,0
20180614T,100995.0,100995.0,100995.0,100995.0,0
20180615T,108274.0,108274.0,108274.0,108274.0,0
20180618T,115385.0,115385.0,115385.0,115385.0,0
20180619T,124206.0,124206.0,124206.0,124206.0,0
20180620T,124139.0,124139.0,124139.0,124139.0,0
20180621T,129374.0,129374.0,129374.0,129374.0,0
20180622T,125707.0,125707.0,125707.0,125707.0,0
20180625T,143491.0,143491.0,143491.0,143491.0,0
20180626T,146605.0,146605.0,146605.0,146605.0,0
20180627T,154037.0,154037.0,154037.0,154037.0,0
20180628T,46140.0,46140.0,46140.0,46140.0,0
20180629T,58077.0,58077.0,58077.0,58077.0,0
20180702T,69951.0,69951.0,69951.0,69951.0,0
20180703T,71257.0,71257.0,71257.0,71257.0,0
20180704T,77672.0,77672.0,77672.0,77672.0,0
20180705T,86384.0,86384.0,86384.0,86384.0,0
20180706T,88969.0,88969.0,88969.0,88969.0,0
20180709T,95559.0,95559.0,95559.0,95559.0,0
20180710T,101060.0,101060.0,101060.0,101060.0,0
20180711T,108474.0,108474.0,108474.0,108474.0,0
20180712T,114224.0,114224.0,114224.0,114224.0,0
20180713T,123377.0,123377.0,123377.0,123377.0,0
20180716T,137438.0,137438.0,137438.0,137438.0,0
20180717T,135686.0,135686.0,135686.0,135686.0,0
20180718T,148316.0,148316.0,148316.0,148316.0,0
20180719T,150411.0,150411.0,150411.0,150411.0,0
20180720T,150960.0,150960.0,150960.0,150960.0,0
20180723T,150707.0,150707.0,150707.0,150707.0,0
20180724T,150566.0,150566.0,150566.0,150566.0,0
20180725T,153303.0,153303.0,153303.0,153303.0,0
20180726T,49207.0,49207.0,49207.0,49207.0,0
20180727T,63872.0,63872.0,63872.0,63872.0,0
20180730T,74689.0,74689.0,74689.0,74689.0,0
20180731T,83453.0,83453.0,83453.0,83453.0,0
20180801T,91274.0,91274.0,91274.0,91274.0,0
20180802T,100671.0,100671.0,100671.0,100671.0,0
20180803T,105632.0,105632.0,105632.0,105632.0,0
20180806T,111953.0,111953.0,111953.0,111953.0,0
20180807T,117413.0,117413.0,117413.0,117413.0,0
20180808T,121902.0,121902.0,121902.0,121902.0,0
20180809T,126890.0,126890.0,126890.0,126890.0,0
20180810T,134157.0,134157.0,134157.0,134157.0,0
20180813T,141682.0,141682.0,141682.0,141682.0,0
20180814T,140976.0,140976.0,140976.0,140976.0,0
20180816T,147290.0,147290.0,147290.0,147290.0,0
20180817T,146239.0,146239.0,146239.0,146239.0,0
20180820T,147090.0,147090.0,147090.0,147090.0,0
20180821T,152314.0,152314.0,152314.0,152314.0,0
20180823T,160641.0,160641.0,160641.0,160641.0,0
20180824T,166969.0,166969.0,166969.0,166969.0,0
20180827T,159323.0,159323.0,159323.0,159323.0,0
20180828T,157672.0,157672.0,157672.0,157672.0,0
20180829T,154654.0,154654.0,154654.0,154654.0,0
20180830T,54172.0,54172.0,54172.0,54172.0,0
20180831T,75969.0,75969.0,75969.0,75969.0,0
20180903T,93101.0,93101.0,93101.0,93101.0,0
20180904T,105816.0,105816.0,105816.0,105816.0,0
20180905T,108187.0,108187.0,108187.0,108187.0,0
20180906T,116116.0,116116.0,116116.0,116116.0,0
20180907T,121747.0,121747.0,121747.0,121747.0,0
20180910T,137138.0,137138.0,137138.0,137138.0,0
20180911T,144055.0,144055.0,144055.0,144055.0,0
20180912T,145225.0,145225.0,145225.0,145225.0,0
20180914T,143000.0,143000.0,143000.0,143000.0,0
20180917T,156044.0,156044.0,156044.0,156044.0,0
20180918T,166424.0,166424.0,166424.0,166424.0,0
20180919T,174041.0,174041.0,174041.0,174041.0,0
20180921T,177857.0,177857.0,177857.0,177857.0,0
20180924T,186292.0,186292.0,186292.0,186292.0,0
20180925T,183363.0,183363.0,183363.0,183363.0,0
20180926T,180607.0,180607.0,180607.0,180607.0,0
20180927T,52070.0,52070.0,52070.0,52070.0,0
20180928T,71297.0,71297.0,71297.0,71297.0,0
20181001T,79102.0,79102.0,79102.0,79102.0,0
20181003T,89893.0,89893.0,89893.0,89893.0,0
20181004T,101942.0,101942.0,101942.0,101942.0,0
20181005T,115780.0,115780.0,115780.0,115780.0,0
20181008T,121476.0,121476.0,121476.0,121476.0,0
20181009T,128056.0,128056.0,128056.0,128056.0,0
20181010T,126007.0,126007.0,126007.0,126007.0,0
20181011T,133704.0,133704.0,133704.0,133704.0,0
20181012T,135178.0,135178.0,135178.0,135178.0,0
20181015T,141911.0,141911.0,141911.0,141911.0,0
20181016T,145935.0,145935.0,145935.0,145935.0,0
20181017T,155065.0,155065.0,155065.0,155065.0,0
20181019T,166959.0,166959.0,166959.0,166959.0,0
20181022T,167237.0,167237.0,167237.0,167237.0,0
20181023T,171854.0,171854.0,171854.0,171854.0,0
20181024T,166988.0,166988.0,166988.0,166988.0,0
20181025T,36031.0,36031.0,36031.0,36031.0,0
20181026T,61540.0,61540.0,61540.0,61540.0,0
20181029T,68779.0,68779.0,68779.0,68779.0,0
20181030T,79841.0,79841.0,79841.0,79841.0,0
20181031T,86422.0,86422.0,86422.0,86422.0,0
20181101T,95747.0,95747.0,95747.0,95747.0,0
20181102T,97955.0,97955.0,97955.0,97955.0,0
20181105T,105061.0,105061.0,105061.0,105061.0,0
20181106T,107840.0,107840.0,107840.0,107840.0,0
20181107T,108108.0,108108.0,108108.0,108108.0,0
20181109T,108856.0,108856.0,108856.0,108856.0,0
20181112T,117871.0,117871.0,117871.0,117871.0,0
20181113T,120482.0,120482.0,120482.0,120482.0,0
20181114T,129813.0,129813.0,129813.0,129813.0,0
20181115T,131737.0,131737.0,131737.0,131737.0,0
20181116T,137343.0,137343.0,137343.0,137343.0,0
20181119T,136240.0,136240.0,136240.0,136240.0,0
20181120T,150175.0,150175.0,150175.0,150175.0,0
20181121T,154430.0,154430.0,154430.0,154430.0,0
20181122T,156583.0,156583.0,156583.0,156583.0,0
20181126T,150833.0,150833.0,150833.0,150833.0,0
20181127T,148065.0,148065.0,148065.0,148065.0,0
20181128T,159371.0,159371.0,159371.0,159371.0,0
20181129T,42281.0,42281.0,42281.0,42281.0,0
20181130T,56319.0,56319.0,56319.0,56319.0,0
20181203T,65248.0,65248.0,65248.0,65248.0,0
20181204T,75278.0,75278.0,75278.0,75278.0,0
20181205T,89100.0,89100.0,89100.0,89100.0,0
20181206T,98647.0,98647.0,98647.0,98647.0,0
20181207T,102048.0,102048.0,102048.0,102048.0,0
20181210T,110560.0,110560.0,110560.0,110560.0,0
20181211T,116792.0,116792.0,116792.0,116792.0,0
20181212T,118706.0,118706.0,118706.0,118706.0,0
20181213T,121949.0,121949.0,121949.0,121949.0,0
20181214T,130345.0,130345.0,130345.0,130345.0,0
20181217T,134959.0,134959.0,134959.0,134959.0,0
20181218T,138485.0,138485.0,138485.0,138485.0,0
20181219T,138253.0,138253.0,138253.0,138253.0,0
20181220T,149492.0,149492.0,149492.0,149492.0,0
20181221T,161806.0,161806.0,161806.0,161806.0,0
20181224T,160705.0,160705.0,160705.0,160705.0,0
20181226T,150901.0,150901.0,150901.0,150901.0,0
20181227T,34619.0,34619.0,34619.0,34619.0,0
20181228T,45334.0,45334.0,45334.0,45334.0,0
20181231T,54303.0,54303.0,54303.0,54303.0,0
20190101T,60115.0,60115.0,60115.0,60115.0,0
20190102T,74868.0,74868.0,74868.0,74868.0,0
20190103T,87873.0,87873.0,87873.0,87873.0,0
20190104T,90839.0,90839.0,90839.0,90839.0,0
20190107T,93874.0,93874.0,93874.0,93874.0,0
20190108T,99993.0,99993.0,99993.0,99993.0,0
20190109T,103994.0,103994.0,103994.0,103994.0,0
20190110T,112396.0,112396.0,112396.0,112396.0,0
20190111T,121073.0,121073.0,121073.0,121073.0,0
20190114T,128637.0,128637.0,128637.0,128637.0,0
20190115T,120847.0,120847.0,120847.0,120847.0,0
20190116T,127323.0,127323.0,127323.0,127323.0,0
20190117T,139209.0,139209.0,139209.0,139209.0,0
20190118T,146038.0,146038.0,146038.0,146038.0,0
20190121T,153675.0,153675.0,153675.0,153675.0,0
20190122T,162631.0,162631.0,162631.0,162631.0,0
20190123T,172622.0,172622.0,172622.0,172622.0,0
20190124T,173003.0,173003.0,173003.0,173003.0,0
20190125T,182012.0,182012.0,182012.0,182012.0,0
20190128T,185404.0,185404.0,185404.0,185404.0,0
20190129T,181090.0,181090.0,181090.0,181090.0,0
20190130T,175916.0,175916.0,175916.0,175916.0,0
20190131T,41985.0,41985.0,41985.0,41985.0,0
20190201T,62377.0,62377.0,62377.0,62377.0,0
20190204T,80283.0,80283.0,80283.0,80283.0,0
20190205T,90493.0,90493.0,90493.0,90493.0,0
20190206T,92536.0,92536.0,92536.0,92536.0,0
20190207T,96564.0,96564.0,96564.0,96564.0,0
20190208T,111834.0,111834.0,111834.0,111834.0,0
20190211T,121713.0,121713.0,121713.0,121713.0,0
20190212T,128825.0,128825.0,128825.0,128825.0,0
20190213T,135382.0,135382.0,135382.0,135382.0,0
20190214T,134178.0,134178.0,134178.0,134178.0,0
20190215T,144459.0,144459.0,144459.0,144459.0,0
20190218T,153998.0,153998.0,153998.0,153998.0,0
20190219T,153168.0,153168.0,153168.0,153168.0,0
20190220T,147402.0,147402.0,147402.0,147402.0,0
20190221T,147373.0,147373.0,147373.0,147373.0,0
20190222T,150200.0,150200.0,150200.0,150200.0,0
20190225T,153336.0,153336.0,153336.0,153336.0,0
20190226T,149599.0,149599.0,149599.0,149599.0,0
20190227T,144597.0,144597.0,144597.0,144597.0,0
20190228T,36036.0,36036.0,36036.0,36036.0,0
20190301T,53853.0,53853.0,53853.0,53853.0,0
20190305T,62057.0,62057.0,62057.0,62057.0,0
20190306T,76010.0,76010.0,76010.0,76010.0,0
20190307T,81517.0,81517.0,81517.0,81517.0,0
20190308T,91824.0,91824.0,91824.0,91824.0,0
20190311T,90775.0,90775.0,90775.0,90775.0,0
20190312T,96724.0,96724.0,96724.0,96724.0,0
20190313T,104823.0,104823.0,104823.0,104823.0,0
20190314T,111395.0,111395.0,111395.0,111395.0,0
20190315T,114331.0,114331.0,114331.0,114331.0,0
20190318T,119309.0,119309.0,119309.0,119309.0,0
20190319T,124816.0,124816.0,124816.0,124816.0,0
20190320T,136328.0,136328.0,136328.0,136328.0,0
20190322T,144116.0,144116.0,144116.0,144116.0,0
20190325T,149741.0,149741.0,149741.0,149741.0,0
20190326T,142563.0,142563.0,142563.0,142563.0,0
20190327T,144620.0,144620.0,144620.0,144620.0,0
20190328T,44698.0,44698.0,44698.0,44698.0,0
20190329T,65658.0,65658.0,65658.0,65658.0,0
20190401T,80930.0,80930.0,80930.0,80930.0,0
20190402T,90617.0,90617.0,90617.0,90617.0,0
20190403T,101450.0,101450.0,101450.0,101450.0,0
20190404T,108711.0,108711.0,108711.0,108711.0,0
20190405T,114768.0,114768.0,114768.0,114768.0,0
20190408T,124522.0,124522.0,124522.0,124522.0,0
20190409T,122539.0,122539.0,122539.0,122539.0,0
20190410T,130778.0,130778.0,130778.0,130778.0,0
20190411T,137005.0,137005.0,137005.0,137005.0,0
20190412T,140609.0,140609.0,140609.0,140609.0,0
20190415T,145846.0,145846.0,145846.0,145846.0,0
20190416T,146079.0,146079.0,146079.0,146079.0,0
20190418T,151969.0,151969.0,151969.0,151969.0,0
20190422T,166881.0,166881.0,166881.0,166881.0,0
20190423T,162602.0,162602.0,162602.0,162602.0,0
20190424T,145460.0,145460.0,145460.0,145460.0,0
20190425T,33627.0,33627.0,33627.0,33627.0,0
20190426T,46419.0,46419.0,46419.0,46419.0,0
20190430T,62533.0,62533.0,62533.0,62533.0,0
20190502T,70863.0,70863.0,70863.0,70863.0,0
20190503T,72004.0,72004.0,72004.0,72004.0,0
20190506T,77539.0,77539.0,77539.0,77539.0,0
20190507T,82093.0,82093.0,82093.0,82093.0,0
20190508T,85323.0,85323.0,85323.0,85323.0,0
20190509T,86650.0,86650.0,86650.0,86650.0,0
20190510T,91289.0,91289.0,91289.0,91289.0,0
20190513T,96940.0,96940.0,96940.0,96940.0,0
20190514T,94869.0,94869.0,94869.0,94869.0,0
20190515T,99991.0,99991.0,99991.0,99991.0,0
20190516T,98318.0,98318.0,98318.0,98318.0,0
20190517T,100736.0,100736.0,100736.0,100736.0,0
20190520T,101698.0,101698.0,101698.0,101698.0,0
20190521T,109611.0,109611.0,109611.0,109611.0,0
20190522T,113062.0,113062.0,113062.0,113062.0,0
20190523T,127474.0,127474.0,127474.0,127474.0,0
20190524T,126428.0,126428.0,126428.0,126428.0,0
20190527T,135797.0,135797.0,135797.0,135797.0,0
20190528T,139196.0,139196.0,139196.0,139196.0,0
20190529T,144266.0,144266.0,144266.0,144266.0,0
20190530T,38932.0,38932.0,38932.0,38932.0,0
20190531T,56185.0,56185.0,56185.0,56185.0,0
20190603T,61908.0,61908.0,61908.0,61908.0,0
20190604T,72253.0,72253.0,72253.0,72253.0,0
20190606T,93721.0,93721.0,93721.0,93721.0,0
20190607T,100890.0,100890.0,100890.0,100890.0,0
20190610T,109714.0,109714.0,109714.0,109714.0,0
20190611T,111010.0,111010.0,111010.0,111010.0,0
20190612T,118182.0,118182.0,118182.0,118182.0,0
20190613T,123861.0,123861.0,123861.0,123861.0,0
20190614T,134390.0,134390.0,134390.0,134390.0,0
20190617T,148097.0,148097.0,148097.0,148097.0,0
20190618T,150284.0,150284.0,150284.0,150284.0,0
20190619T,155564.0,155564.0,155564.0,155564.0,0
20190620T,145539.0,145539.0,145539.0,145539.0,0
20190621T,153941.0,153941.0,153941.0,153941.0,0
20190624T,158619.0,158619.0,158619.0,158619.0,0
20190625T,150138.0,150138.0,150138.0,150138.0,0
20190626T,142199.0,142199.0,142199.0,142199.0,0
20190627T,34277.0,34277.0,34277.0,34277.0,0
20190628T,52535.0,52535.0,52535.0,52535.0,0
20190701T,60167.0,60167.0,60167.0,60167.0,0
20190702T,66660.0,66660.0,66660.0,66660.0,0
20190703T,73420.0,73420.0,73420.0,73420.0,0
20190704T,78790.0,78790.0,78790.0,78790.0,0
20190705T,93125.0,93125.0,93125.0,93125.0,0
20190708T,110542.0,110542.0,110542.0,110542.0,0
20190709T,120187.0,120187.0,120187.0,120187.0,0
20190710T,131857.0,131857.0,131857.0,131857.0,0
20190711T,129941.0,129941.0,129941.0,129941.0,0
20190712T,136452.0,136452.0,136452.0,136452.0,0
20190715T,143734.0,143734.0,143734.0,143734.0,0
20190716T,142443.0,142443.0,142443.0,142443.0,0
20190717T,155438.0,155438.0,155438.0,155438.0,0
20190718T,174216.0,174216.0,174216.0,174216.0,0
20190719T,187432.0,187432.0,187432.0,187432.0,0
20190722T,184794.0,184794.0,184794.0,184794.0,0
20190723T,181890.0,181890.0,181890.0,181890.0,0
20190724T,175104.0,175104.0,175104.0,175104.0,0
20190725T,44396.0,44396.0,44396.0,44396.0,0
20190726T,58044.0,58044.0,58044.0,58044.0,0
20190729T,72417.0,72417.0,72417.0,72417.0,0
20190730T,87980.0,87980.0,87980.0,87980.0,0
20190731T,94167.0,94167.0,94167.0,94167.0,0
20190801T,103639.0,103639.0,103639.0,103639.0,0
20190802T,109421.0,109421.0,109421.0,109421.0,0
20190805T,121945.0,121945.0,121945.0,121945.0,0
20190806T,127052.0,127052.0,127052.0,127052.0,0
20190807T,139856.0,139856.0,139856.0,139856.0,0
20190808T,135640.0,135640.0,135640.0,135640.0,0
20190809T,145216.0,145216.0,145216.0,145216.0,0
20190813T,162486.0,162486.0,162486.0,162486.0,0
20190814T,157733.0,157733.0,157733.0,157733.0,0
20190816T,157039.0,157039.0,157039.0,157039.0,0
20190819T,163515.0,163515.0,163515.0,163515.0,0
20190820T,174626.0,174626.0,174626.0,174626.0,0
20190821T,184812.0,184812.0,184812.0,184812.0,0
20190822T,195791.0,195791.0,195791.0,195791.0,0
20190823T,186493.0,186493.0,186493.0,186493.0,0
20190826T,177703.0,177703.0,177703.0,177703.0,0
20190827T,173246.0,173246.0,173246.0,173246.0,0
20190828T,177904.0,177904.0,177904.0,177904.0,0
20190829T,168540.0,168540.0,168540.0,168540.0,0
20190830T,68922.0,68922.0,68922.0,68922.0,0
20190903T,86197.0,86197.0,86197.0,86197.0,0
20190904T,91059.0,91059.0,91059.0,91059.0,0
20190905T,97640.0,97640.0,97640.0,97640.0,0
20190906T,96642.0,96642.0,96642.0,96642.0,0
20190909T,96882.0,96882.0,96882.0,96882.0,0
20190911T,101040.0,101040.0,101040.0,101040.0,0
20190912T,110804.0,110804.0,110804.0,110804.0,0
20190913T,110422.0,110422.0,110422.0,110422.0,0
20190916T,124611.0,124611.0,124611.0,124611.0,0
20190917T,145056.0,145056.0,145056.0,145056.0,0
20190918T,144366.0,144366.0,144366.0,144366.0,0
20190919T,165072.0,165072.0,165072.0,165072.0,0
20190920T,121116.0,121116.0,121116.0,121116.0,0
20190923T,127032.0,127032.0,127032.0,127032.0,0
20190924T,133050.0,133050.0,133050.0,133050.0,0
20190925T,141770.0,141770.0,141770.0,141770.0,0
20190926T,46637.0,46637.0,46637.0,46637.0,0
20190927T,67122.0,67122.0,67122.0,67122.0,0
20190930T,80976.0,80976.0,80976.0,80976.0,0
20191001T,95034.0,95034.0,95034.0,95034.0,0
20191003T,100470.0,100470.0,100470.0,100470.0,0
20191004T,107806.0,107806.0,107806.0,107806.0,0
20191007T,114636.0,114636.0,114636.0,114636.0,0
20191009T,112687.0,112687.0,112687.0,112687.0,0
20191010T,127535.0,127535.0,127535.0,127535.0,0
20191011T,130706.0,130706.0,130706.0,130706.0,0
20191014T,134150.0,134150.0,134150.0,134150.0,0
20191015T,133717.0,133717.0,133717.0,133717.0,0
20191016T,139845.0,139845.0,139845.0,139845.0,0
20191017T,133976.0,133976.0,133976.0,133976.0,0
20191018T,139157.0,139157.0,139157.0,139157.0,0
20191022T,148690.0,148690.0,148690.0,148690.0,0
20191023T,150264.0,150264.0,150264.0,150264.0,0
20191024T,153289.0,153289.0,153289.0,153289.0,0
20191025T,151630.0,151630.0,151630.0,151630.0,0
20191029T,142368.0,142368.0,142368.0,142368.0,0
20191030T,133922.0,133922.0,133922.0,133922.0,0
20191031T,53620.0,53620.0,53620.0,53620.0,0
20191101T,71322.0,71322.0,71322.0,71322.0,0
20191104T,84356.0,84356.0,84356.0,84356.0,0
20191105T,93679.0,93679.0,93679.0,93679.0,0
20191106T,103646.0,103646.0,103646.0,103646.0,0
20191107T,110842.0,110842.0,110842.0,110842.0,0
20191108T,121789.0,121789.0,121789.0,121789.0,0
20191111T,127446.0,127446.0,127446.0,127446.0,0
20191113T,138682.0,138682.0,138682.0,138682.0,0
20191114T,142750.0,142750.0,142750.0,142750.0,0
20191115T,146952.0,146952.0,146952.0,146952.0,0
20191118T,153340.0,153340.0,153340.0,153340.0,0
20191119T,157613.0,157613.0,157613.0,157613.0,0
20191120T,164230.0,164230.0,164230.0,164230.0,0
20191121T,174236.0,174236.0,174236.0,174236.0,0
20191122T,172525.0,172525.0,172525.0,172525.0,0
20191125T,162851.0,162851.0,162851.0,162851.0,0
20191126T,160048.0,160048.0,160048.0,160048.0,0
20191127T,143326.0,143326.0,143326.0,143326.0,0
20191128T,49267.0,49267.0,49267.0,49267.0,0
20191129T,72766.0,72766.0,72766.0,72766.0,0
20191202T,86098.0,86098.0,86098.0,86098.0,0
20191203T,99463.0,99463.0,99463.0,99463.0,0
20191204T,102172.0,102172.0,102172.0,102172.0,0
20191205T,111348.0,111348.0,111348.0,111348.0,0
20191206T,117344.0,117344.0,117344.0,117344.0,0
20191209T,120253.0,120253.0,120253.0,120253.0,0
20191210T,128108.0,128108.0,128108.0,128108.0,0
20191211T,141890.0,141890.0,141890.0,141890.0,0
20191212T,134503.0,134503.0,134503.0,134503.0,0
20191213T,130203.0,130203.0,130203.0,130203.0,0
20191216T,142406.0,142406.0,142406.0,142406.0,0
20191217T,144954.0,144954.0,144954.0,144954.0,0
20191218T,147880.0,147880.0,147880.0,147880.0,0
20191219T,146015.0,146015.0,146015.0,146015.0,0
20191220T,145618.0,145618.0,145618.0,145618.0,0
20191223T,147717.0,147717.0,147717.0,147717.0,0
20191224T,134661.0,134661.0,134661.0,134661.0,0
20191226T,42639.0,42639.0,42639.0,42639.0,0
20191227T,49869.0,49869.0,49869.0,49869.0,0
20191230T,58688.0,58688.0,58688.0,58688.0,0
20191231T,68878.0,68878.0,68878.0,68878.0,0
20200101T,74858.0,74858.0,74858.0,74858.0,0
20200102T,70978.0,70978.0,70978.0,70978.0,0
20200103T,79526.0,79526.0,79526.0,79526.0,0
20200106T,88456.0,88456.0,88456.0,88456.0,0
20200107T,92049.0,92049.0,92049.0,92049.0,0
20200108T,95889.0,95889.0,95889.0,95889.0,0
20200109T,94376.0,94376.0,94376.0,94376.0,0
20200110T,96972.0,96972.0,96972.0,96972.0,0
20200113T,102288.0,102288.0,102288.0,102288.0,0
20200114T,113729.0,113729.0,113729.0,113729.0,0
20200115T,125832.0,125832.0,125832.0,125832.0,0
20200116T,137014.0,137014.0,137014.0,137014.0,0
20200117T,148427.0,148427.0,148427.0,148427.0,0
20200120T,162322.0,162322.0,162322.0,162322.0,0
20200121T,167263.0,167263.0,167263.0,167263.0,0
20200122T,173696.0,173696.0,173696.0,173696.0,0
20200123T,166604.0,166604.0,166604.0,166604.0,0
20200124T,158896.0,158896.0,158896.0,158896.0,0
20200127T,177265.0,177265.0,177265.0,177265.0,0
20200128T,180702.0,180702.0,180702.0,180702.0,0
20200129T,162087.0,162087.0,162087.0,162087.0,0
20200130T,60127.0,60127.0,60127.0,60127.0,0
20200131T,77240.0,77240.0,77240.0,77240.0,0
20200203T,119541.0,119541.0,119541.0,119541.0,0
20200204T,117910.0,117910.0,117910.0,117910.0,0
20200205T,121938.0,121938.0,121938.0,121938.0,0
20200206T,123797.0,123797.0,123797.0,123797.0,0
20200207T,137876.0,137876.0,137876.0,137876.0,0
20200210T,152940.0,152940.0,152940.0,152940.0,0
20200211T,150920.0,150920.0,150920.0,150920.0,0
20200212T,153894.0,153894.0,153894.0,153894.0,0
20200213T,164440.0,164440.0,164440.0,164440.0,0
20200214T,175208.0,175208.0,175208.0,175208.0,0
20200217T,185814.0,185814.0,185814.0,185814.0,0
20200218T,191220.0,191220.0,191220.0,191220.0,0
20200219T,186722.0,186722.0,186722.0,186722.0,0
20200220T,185397.0,185397.0,185397.0,185397.0,0
20200224T,208074.0,208074.0,208074.0,208074.0,0
20200225T,202520.0,202520.0,202520.0,202520.0,0
20200226T,188602.0,188602.0,188602.0,188602.0,0
20200227T,69907.0,69907.0,69907.0,69907.0,0
20200228T,88344.0,88344.0,88344.0,88344.0,0
20200302T,94093.0,94093.0,94093.0,94093.0,0
20200303T,94452.0,94452.0,94452.0,94452.0,0
20200304T,103505.0,103505.0,103505.0,103505.0,0
20200305T,109431.0,109431.0,109431.0,109431.0,0
20200306T,119451.0,119451.0,119451.0,119451.0,0
20200309T,132052.0,132052.0,132052.0,132052.0,0
20200311T,135482.0,135482.0,135482.0,135482.0,0
20200312T,135201.0,135201.0,135201.0,135201.0,0
20200313T,126814.0,126814.0,126814.0,126814.0,0
20200316T,135278.0,135278.0,135278.0,135278.0,0
20200317T,138123.0,138123.0,138123.0,138123.0,0
20200318T,137782.0,137782.0,137782.0,137782.0,0
20200319T,138705.0,138705.0,138705.0,138705.0,0
20200320T,132403.0,132403.0,132403.0,132403.0,0
20200323T,120892.0,120892.0,120892.0,120892.0,0
20200324T,117213.0,117213.0,117213.0,117213.0,0
20200325T,107280.0,107280.0,107280.0,107280.0,0
20200326T,17733.0,17733.0,17733.0,17733.0,0
20200327T,24453.0,24453.0,24453.0,24453.0,0
20200330T,30878.0,30878.0,30878.0,30878.0,0
20200331T,34577.0,34577.0,34577.0,34577.0,0
20200401T,40628.0,40628.0,40628.0,40628.0,0
20200403T,49545.0,49545.0,49545.0,49545.0,0
20200407T,51449.0,51449.0,51449.0,51449.0,0
20200408T,56532.0,56532.0,56532.0,56532.0,0
20200409T,59106.0,59106.0,59106.0,59106.0,0
20200413T,66604.0,66604.0,66604.0,66604.0,0
20200415T,73855.0,73855.0,73855.0,73855.0,0
20200416T,77027.0,77027.0,77027.0,77027.0,0
20200417T,82311.0,82311.0,82311.0,82311.0,0
20200420T,92598.0,92598.0,92598.0,92598.0,0
20200421T,103722.0,103722.0,103722.0,103722.0,0
20200422T,105474.0,105474.0,105474.0,105474.0,0
20200423T,109771.0,109771.0,109771.0,109771.0,0
20200424T,120063.0,120063.0,120063.0,120063.0,0
20200427T,123646.0,123646.0,123646.0,123646.0,0
20200428T,121581.0,121581.0,121581.0,121581.0,0
20200429T,115365.0,115365.0,115365.0,115365.0,0
20200430T,47586.0,47586.0,47586.0,47586.0,0
20200504T,72709.0,72709.0,72709.0,72709.0,0
20200505T,83235.0,83235.0,83235.0,83235.0,0
20200506T,88089.0,88089.0,88089.0,88089.0,0
20200507T,105981.0,105981.0,105981.0,105981.0,0
20200508T,113284.0,113284.0,113284.0,113284.0,0
20200511T,119617.0,119617.0,119617.0,119617.0,0
20200512T,128186.0,128186.0,128186.0,128186.0,0
20200513T,129127.0,129127.0,129127.0,129127.0,0
20200514T,149642.0,149642.0,149642.0,149642.0,0
20200515T,161823.0,161823.0,161823.0,161823.0,0
20200518T,182135.0,182135.0,182135.0,182135.0,0
20200519T,176523.0,176523.0,176523.0,176523.0,0
20200520T,172846.0,172846.0,172846.0,172846.0,0
20200521T,178841.0,178841.0,178841.0,178841.0,0
20200522T,192117.0,192117.0,192117.0,192117.0,0
20200526T,198166.0,198166.0,198166.0,198166.0,0
20200527T,159770.0,159770.0,159770.0,159770.0,0
20200528T,58173.0,58173.0,58173.0,58173.0,0
20200529T,75174.0,75174.0,75174.0,75174.0,0
20200601T,91258.0,91258.0,91258.0,91258.0,0
20200602T,102028.0,102028.0,102028.0,102028.0,0
20200603T,110190.0,110190.0,110190.0,110190.0,0
20200604T,122736.0,122736.0,122736.0,122736.0,0
20200605T,132202.0,132202.0,132202.0,132202.0,0
20200608T,147360.0,147360.0,147360.0,147360.0,0
20200609T,153256.0,153256.0,153256.0,153256.0,0
20200610T,156298.0,156298.0,156298.0,156298.0,0
20200611T,175128.0,175128.0,175128.0,175128.0,0
20200612T,179933.0,179933.0,179933.0,179933.0,0
20200615T,197596.0,197596.0,197596.0,197596.0,0
20200616T,195190.0,195190.0,195190.0,195190.0,0
20200617T,199117.0,199117.0,199117.0,199117.0,0
20200618T,191954.0,191954.0,191954.0,191954.0,0
20200619T,182349.0,182349.0,182349.0,182349.0,0
20200622T,186140.0,186140.0,186140.0,186140.0,0
20200623T,186785.0,186785.0,186785.0,186785.0,0
20200624T,174995.0,174995.0,174995.0,174995.0,0
20200625T,67631.0,67631.0,67631.0,67631.0,0
20200626T,92270.0,92270.0,92270.0,92270.0,0
20200629T,110140.0,110140.0,110140.0,110140.0,0
20200630T,117749.0,117749.0,117749.0,117749.0,0
20200701T,124333.0,124333.0,124333.0,124333.0,0
20200702T,128913.0,128913.0,128913.0,128913.0,0
20200703T,136630.0,136630.0,136630.0,136630.0,0
20200706T,139936.0,139936.0,139936.0,139936.0,0
20200707T,154795.0,154795.0,154795.0,154795.0,0
20200708T,166987.0,166987.0,166987.0,166987.0,0
20200709T,176801.0,176801.0,176801.0,176801.0,0
20200710T,196836.0,196836.0,196836.0,196836.0,0
20200713T,205988.0,205988.0,205988.0,205988.0,0
20200714T,228769.0,228769.0,228769.0,228769.0,0
20200715T,232253.0,232253.0,232253.0,232253.0,0
20200716T,236748.0,236748.0,236748.0,236748.0,0
20200717T,234140.0,234140.0,234140.0,234140.0,0
20200720T,237453.0,237453.0,237453.0,237453.0,0
20200721T,235086.0,235086.0,235086.0,235086.0,0
20200722T,245766.0,245766.0,245766.0,245766.0,0
20200723T,248880.0,248880.0,248880.0,248880.0,0
20200724T,269652.0,269652.0,269652.0,269652.0,0
20200727T,269221.0,269221.0,269221.0,269221.0,0
20200728T,243386.0,243386.0,243386.0,243386.0,0
20200729T,219144.0,219144.0,219144.0,219144.0,0
20200730T,100157.0,100157.0,100157.0,100157.0,0
20200803T,158829.0,158829.0,158829.0,158829.0,0
20200804T,164139.0,164139.0,164139.0,164139.0,0
20200805T,178465.0,178465.0,178465.0,178465.0,0
20200806T,186615.0,186615.0,186615.0,186615.0,0
20200807T,203804.0,203804.0,203804.0,203804.0,0
20200810T,209558.0,209558.0,209558.0,209558.0,0
20200811T,222160.0,222160.0,222160.0,222160.0,0
20200812T,235484.0,235484.0,235484.0,235484.0,0
20200813T,244276.0,244276.0,244276.0,244276.0,0
20200814T,259638.0,259638.0,259638.0,259638.0,0
20200817T,258584.0,258584.0,258584.0,258584.0,0
20200818T,254525.0,254525.0,254525.0,254525.0,0
20200819T,255468.0,255468.0,255468.0,255468.0,0
20200820T,272611.0,272611.0,272611.0,272611.0,0
20200821T,260673.0,260673.0,260673.0,260673.0,0
20200824T,243781.0,243781.0,243781.0,243781.0,0
20200825T,236240.0,236240.0,236240.0,236240.0,0
20200826T,212408.0,212408.0,212408.0,212408.0,0
20200827T,110291.0,110291.0,110291.0,110291.0,0
20200828T,141841.0,141841.0,141841.0,141841.0,0
20200831T,182372.0,182372.0,182372.0,182372.0,0
20200901T,187760.0,187760.0,187760.0,187760.0,0
20200902T,200560.0,200560.0,200560.0,200560.0,0
20200903T,221131.0,221131.0,221131.0,221131.0,0
20200904T,250590.0,250590.0,250590.0,250590.0,0
20200907T,263919.0,263919.0,263919.0,263919.0,0
20200908T,270769.0,270769.0,270769.0,270769.0,0
20200909T,276395.0,276395.0,276395.0,276395.0,0
20200910T,283740.0,283740.0,283740.0,283740.0,0
20200911T,298641.0,298641.0,298641.0,298641.0,0
20200914T,309147.0,309147.0,309147.0,309147.0,0
20200915T,304925.0,304925.0,304925.0,304925.0,0
20200916T,309827.0,309827.0,309827.0,309827.0,0
20200917T,322380.0,322380.0,322380.0,322380.0,0
20200918T,312601.0,312601.0,312601.0,312601.0,0
20200921T,316787.0,316787.0,316787.0,316787.0,0
20200922T,303931.0,303931.0,303931.0,303931.0,0
20200923T,272465.0,272465.0,272465.0,272465.0,0
20200924T,104918.0,104918.0,104918.0,104918.0,0
20200925T,119404.0,119404.0,119404.0,119404.0,0
20200928T,129911.0,129911.0,129911.0,129911.0,0
20200929T,147277.0,147277.0,147277.0,147277.0,0
20200930T,159601.0,159601.0,159601.0,159601.0,0
20201001T,157234.0,157234.0,157234.0,157234.0,0
20201005T,169873.0,169873.0,169873.0,169873.0,0
20201006T,180728.0,180728.0,180728.0,180728.0,0
20201007T,190372.0,190372.0,190372.0,190372.0,0
20201008T,198642.0,198642.0,198642.0,198642.0,0
20201009T,210842.0,210842.0,210842.0,210842.0,0
20201012T,227607.0,227607.0,227607.0,227607.0,0
20201013T,245139.0,245139.0,245139.0,245139.0,0
20201014T,256106.0,256106.0,256106.0,256106.0,0
20201015T,276948.0,276948.0,276948.0,276948.0,0
20201016T,279946.0,279946.0,279946.0,279946.0,0
20201019T,275411.0,275411.0,275411.0,275411.0,0
20201020T,273375.0,273375.0,273375.0,273375.0,0
20201021T,268693.0,268693.0,268693.0,268693.0,0
20201022T,273948.0,273948.0,273948.0,273948.0,0
20201023T,269664.0,269664.0,269664.0,269664.0,0
20201026T,278393.0,278393.0,278393.0,278393.0,0
20201027T,259611.0,259611.0,259611.0,259611.0,0
20201028T,250034.0,250034.0,250034.0,250034.0,0
20201029T,111229.0,111229.0,111229.0,111229.0,0
20201030T,145916.0,145916.0,145916.0,145916.0,0
20201102T,162216.0,162216.0,162216.0,162216.0,0
20201103T,170216.0,170216.0,170216.0,170216.0,0
20201104T,177318.0,177318.0,177318.0,177318.0,0
20201105T,170322.0,170322.0,170322.0,170322.0,0
20201106T,183889.0,183889.0,183889.0,183889.0,0
20201109T,192141.0,192141.0,192141.0,192141.0,0
20201110T,198202.0,198202.0,198202.0,198202.0,0
20201111T,203095.0,203095.0,203095.0,203095.0,0
20201112T,227984.0,227984.0,227984.0,227984.0,0
20201113T,244896.0,244896.0,244896.0,244896.0,0
20201117T,244904.0,244904.0,244904.0,244904.0,0
20201118T,251440.0,251440.0,251440.0,251440.0,0
20201119T,278960.0,278960.0,278960.0,278960.0,0
20201120T,276244.0,276244.0,276244.0,276244.0,0
20201123T,265549.0,265549.0,265549.0,265549.0,0
20201124T,251969.0,251969.0,251969.0,251969.0,0
20201125T,232090.0,232090.0,232090.0,232090.0,0
20201126T,115044.0,115044.0,115044.0,115044.0,0
20201127T,148688.0,148688.0,148688.0,148688.0,0
20201201T,159268.0,159268.0,159268.0,159268.0,0
20201202T,179166.0,179166.0,179166.0,179166.0,0
20201203T,187850.0,187850.0,187850.0,187850.0,0
20201204T,199303.0,199303.0,199303.0,199303.0,0
20201207T,216724.0,216724.0,216724.0,216724.0,0
20201208T,234057.0,234057.0,234057.0,234057.0,0
20201209T,235250.0,235250.0,235250.0,235250.0,0
20201210T,253904.0,253904.0,253904.0,253904.0,0
20201211T,274172.0,274172.0,274172.0,274172.0,0
20201214T,281572.0,281572.0,281572.0,281572.0,0
20201215T,291204.0,291204.0,291204.0,291204.0,0
20201216T,297744.0,297744.0,297744.0,297744.0,0
20201217T,315036.0,315036.0,315036.0,315036.0,0
20201218T,314827.0,314827.0,314827.0,314827.0,0
20201221T,318543.0,318543.0,318543.0,318543.0,0
20201222T,308717.0,308717.0,308717.0,308717.0,0
20201223T,305623.0,305623.0,305623.0,305623.0,0
20201224T,284494.0,284494.0,284494.0,284494.0,0
20201228T,275416.0,275416.0,275416.0,275416.0,0
20201229T,265492.0,265492.0,265492.0,265492.0,0
20201230T,234112.0,234112.0,234112.0,234112.0,0
20201231T,133190.0,133190.0,133190.0,133190.0,0
20210101T,152236.0,152236.0,152236.0,152236.0,0
20210104T,164929.0,164929.0,164929.0,164929.0,0
20210105T,194442.0,194442.0,194442.0,194442.0,0
20210106T,226133.0,226133.0,226133.0,226133.0,0
20210107T,243430.0,243430.0,243430.0,243430.0,0
20210108T,254539.0,254539.0,254539.0,254539.0,0
20210111T,270871.0,270871.0,270871.0,270871.0,0
20210112T,290342.0,290342.0,290342.0,290342.0,0
20210113T,318405.0,318405.0,318405.0,318405.0,0
20210114T,331263.0,331263.0,331263.0,331263.0,0
20210115T,358354.0,358354.0,358354.0,358354.0,0
20210118T,363266.0,363266.0,363266.0,363266.0,0
20210119T,343203.0,343203.0,343203.0,343203.0,0
20210120T,340895.0,340895.0,340895.0,340895.0,0
20210121T,332692.0,332692.0,332692.0,332692.0,0
20210122T,346796.0,346796.0,346796.0,346796.0,0
20210125T,335492.0,335492.0,335492.0,335492.0,0
20210127T,303310.0,303310.0,303310.0,303310.0,0
20210128T,134882.0,134882.0,134882.0,134882.0,0
20210129T,176224.0,176224.0,176224.0,176224.0,0
20210201T,179430.0,179430.0,179430.0,179430.0,0
20210202T,208459.0,208459.0,208459.0,208459.0,0
20210203T,229006.0,229006.0,229006.0,229006.0,0
20210204T,252632.0,252632.0,252632.0,252632.0,0
20210205T,277944.0,277944.0,277944.0,277944.0,0
20210208T,289817.0,289817.0,289817.0,289817.0,0
20210209T,297097.0,297097.0,297097.0,297097.0,0
20210210T,303134.0,303134.0,303134.0,303134.0,0
20210211T,309885.0,309885.0,309885.0,309885.0,0
20210212T,332048.0,332048.0,332048.0,332048.0,0
20210215T,328197.0,328197.0,328197.0,328197.0,0
20210216T,324774.0,324774.0,324774.0,324774.0,0
20210217T,332345.0,332345.0,332345.0,332345.0,0
20210218T,341323.0,341323.0,341323.0,341323.0,0
20210219T,334792.0,334792.0,334792.0,334792.0,0
20210222T,345257.0,345257.0,345257.0,345257.0,0
20210223T,325828.0,325828.0,325828.0,325828.0,0
20210224T,291497.0,291497.0,291497.0,291497.0,0
20210225T,148284.0,148284.0,148284.0,148284.0,0
20210226T,210603.0,210603.0,210603.0,210603.0,0
20210301T,220055.0,220055.0,220055.0,220055.0,0
20210302T,222812.0,222812.0,222812.0,222812.0,0
20210303T,220419.0,220419.0,220419.0,220419.0,0
20210304T,251615.0,251615.0,251615.0,251615.0,0
20210305T,288349.0,288349.0,288349.0,288349.0,0
20210308T,294513.0,294513.0,294513.0,294513.0,0
20210309T,301779.0,301779.0,301779.0,301779.0,0
20210310T,307404.0,307404.0,307404.0,307404.0,0
20210312T,319082.0,319082.0,319082.0,319082.0,0
20210315T,322547.0,322547.0,322547.0,322547.0,0
20210316T,319950.0,319950.0,319950.0,319950.0,0
20210317T,325808.0,325808.0,325808.0,325808.0,0
20210318T,324048.0,324048.0,324048.0,324048.0,0
20210319T,302546.0,302546.0,302546.0,302546.0,0
20210322T,311266.0,311266.0,311266.0,311266.0,0
20210323T,286660.0,286660.0,286660.0,286660.0,0
20210324T,274615.0,274615.0,274615.0,274615.0,0
20210325T,127167.0,127167.0,127167.0,127167.0,0
20210326T,152793.0,152793.0,152793.0,152793.0,0
20210330T,157708.0,157708.0,157708.0,157708.0,0
20210331T,174714.0,174714.0,174714.0,174714.0,0
20210401T,176864.0,176864.0,176864.0,176864.0,0
20210405T,202659.0,202659.0,202659.0,202659.0,0
20210406T,212524.0,212524.0,212524.0,212524.0,0
20210407T,212145.0,212145.0,212145.0,212145.0,0
20210408T,226379.0,226379.0,226379.0,226379.0,0
20210409T,260464.0,260464.0,260464.0,260464.0,0
20210412T,297859.0,297859.0,297859.0,297859.0,0
20210413T,292482.0,292482.0,292482.0,292482.0,0
20210415T,298880.0,298880.0,298880.0,298880.0,0
20210416T,303226.0,303226.0,303226.0,303226.0,0
20210419T,313178.0,313178.0,313178.0,313178.0,0
20210420T,314175.0,314175.0,314175.0,314175.0,0
20210422T,307468.0,307468.0,307468.0,307468.0,0
20210423T,298148.0,298148.0,298148.0,298148.0,0
20210426T,290222.0,290222.0,290222.0,290222.0,0
20210427T,275359.0,275359.0,275359.0,275359.0,0
20210428T,253015.0,253015.0,253015.0,253015.0,0
20210429T,120503.0,120503.0,120503.0,120503.0,0
20210430T,201909.0,201909.0,201909.0,201909.0,0
20210503T,234194.0,234194.0,234194.0,234194.0,0
20210504T,261885.0,261885.0,261885.0,261885.0,0
20210505T,267023.0,267023.0,267023.0,267023.0,0
20210506T,277840.0,277840.0,277840.0,277840.0,0
20210507T,293501.0,293501.0,293501.0,293501.0,0
20210510T,306799.0,306799.0,306799.0,306799.0,0
20210511T,346596.0,346596.0,346596.0,346596.0,0
20210512T,385905.0,385905.0,385905.0,385905.0,0
20210514T,417662.0,417662.0,417662.0,417662.0,0
20210517T,403384.0,403384.0,403384.0,403384.0,0
20210518T,382822.0,382822.0,382822.0,382822.0,0
20210519T,401770.0,401770.0,401770.0,401770.0,0
20210520T,428022.0,428022.0,428022.0,428022.0,0
20210521T,385050.0,385050.0,385050.0,385050.0,0
20210524T,379300.0,379300.0,379300.0,379300.0,0
20210525T,368047.0,368047.0,368047.0,368047.0,0
20210526T,333269.0,333269.0,333269.0,333269.0,0
20210527T,186880.0,186880.0,186880.0,186880.0,0
20210528T,247868.0,247868.0,247868.0,247868.0,0
20210531T,287986.0,287986.0,287986.0,287986.0,0
20210601T,310300.0,310300.0,310300.0,310300.0,0
20210602T,322519.0,322519.0,322519.0,322519.0,0
20210603T,341934.0,341934.0,341934.0,341934.0,0
20210604T,371010.0,371010.0,371010.0,371010.0,0
20210607T,385267.0,385267.0,385267.0,385267.0,0
20210608T,404289.0,404289.0,404289.0,404289.0,0
20210609T,438170.0,438170.0,438170.0,438170.0,0
20210610T,437728.0,437728.0,437728.0,437728.0,0
20210611T,455842.0,455842.0,455842.0,455842.0,0
20210614T,467868.0,467868.0,467868.0,467868.0,0
20210615T,477675.0,477675.0,477675.0,477675.0,0
20210616T,484631.0,484631.0,484631.0,484631.0,0
20210617T,484841.0,484841.0,484841.0,484841.0,0
20210618T,461781.0,461781.0,461781.0,461781.0,0
20210621T,439680.0,439680.0,439680.0,439680.0,0
20210622T,407784.0,407784.0,407784.0,407784.0,0
20210623T,362592.0,362592.0,362592.0,362592.0,0
20210624T,206647.0,206647.0,206647.0,206647.0,0
20210625T,255480.0,255480.0,255480.0,255480.0,0
20210628T,279313.0,279313.0,279313.0,279313.0,0
20210629T,309291.0,309291.0,309291.0,309291.0,0
20210630T,320962.0,320962.0,320962.0,320962.0,0
20210701T,338024.0,338024.0,338024.0,338024.0,0
20210702T,345247.0,345247.0,345247.0,345247.0,0
20210705T,340956.0,340956.0,340956.0,340956.0,0
20210706T,362893.0,362893.0,362893.0,362893.0,0
20210707T,370119.0,370119.0,370119.0,370119.0,0
20210708T,400669.0,400669.0,400669.0,400669.0,0
20210709T,404833.0,404833.0,404833.0,404833.0,0
20210712T,415992.0,415992.0,415992.0,415992.0,0
20210713T,411254.0,411254.0,411254.0,411254.0,0
20210714T,419716.0,419716.0,419716.0,419716.0,0
20210715T,428613.0,428613.0,428613.0,428613.0,0
20210716T,443444.0,443444.0,443444.0,443444.0,0
20210719T,473728.0,473728.0,473728.0,473728.0,0
20210720T,471530.0,471530.0,471530.0,471530.0,0
20210722T,456212.0,456212.0,456212.0,456212.0,0
20210723T,447565.0,447565.0,447565.0,447565.0,0
20210726T,444740.0,444740.0,444740.0,444740.0,0
20210727T,428609.0,428609.0,428609.0,428609.0,0
20210728T,395290.0,395290.0,395290.0,395290.0,0
20210729T,205203.0,205203.0,205203.0,205203.0,0
20210730T,269023.0,269023.0,269023.0,269023.0,0
20210802T,302386.0,302386.0,302386.0,302386.0,0
20210803T,307748.0,307748.0,307748.0,307748.0,0
20210804T,343838.0,343838.0,343838.0,343838.0,0
20210805T,368722.0,368722.0,368722.0,368722.0,0
20210806T,409115.0,409115.0,409115.0,409115.0,0
20210809T,440261.0,440261.0,440261.0,440261.0,0
20210810T,459298.0,459298.0,459298.0,459298.0,0
20210811T,458529.0,458529.0,458529.0,458529.0,0
20210812T,468580.0,468580.0,468580.0,468580.0,0
20210813T,469634.0,469634.0,469634.0,469634.0,0
20210816T,478579.0,478579.0,478579.0,478579.0,0
20210817T,487202.0,487202.0,487202.0,487202.0,0
20210818T,498923.0,498923.0,498923.0,498923.0,0
20210820T,516801.0,516801.0,516801.0,516801.0,0
20210823T,500057.0,500057.0,500057.0,500057.0,0
20210824T,448883.0,448883.0,448883.0,448883.0,0
20210825T,403542.0,403542.0,403542.0,403542.0,0
20210826T,190009.0,190009.0,190009.0,190009.0,0
20210827T,218538.0,218538.0,218538.0,218538.0,0
20210830T,225397.0,225397.0,225397.0,225397.0,0
20210831T,237492.0,237492.0,237492.0,237492.0,0
20210901T,260315.0,260315.0,260315.0,260315.0,0
20210902T,281985.0,281985.0,281985.0,281985.0,0
20210903T,307738.0,307738.0,307738.0,307738.0,0
20210906T,349850.0,349850.0,349850.0,349850.0,0
20210907T,377198.0,377198.0,377198.0,377198.0,0
20210908T,398486.0,398486.0,398486.0,398486.0,0
20210909T,409704.0,409704.0,409704.0,409704.0,0
20210913T,425852.0,425852.0,425852.0,425852.0,0
20210914T,435262.0,435262.0,435262.0,435262.0,0
20210915T,430508.0,430508.0,430508.0,430508.0,0
20210916T,453586.0,453586.0,453586.0,453586.0,0
20210917T,479116.0,479116.0,479116.0,479116.0,0
20210920T,499572.0,499572.0,499572.0,499572.0,0
20210921T,481203.0,481203.0,481203.0,481203.0,0
20210922T,470413.0,470413.0,470413.0,470413.0,0
20210923T,462383.0,462383.0,462383.0,462383.0,0
20210924T,472077.0,472077.0,472077.0,472077.0,0
20210927T,468741.0,468741.0,468741.0,468741.0,0
20210928T,472056.0,472056.0,472056.0,472056.0,0
20210929T,426294.0,426294.0,426294.0,426294.0,0
20210930T,258923.0,258923.0,258923.0,258923.0,0
20211001T,303571.0,303571.0,303571.0,303571.0,0
20211004T,334758.0,334758.0,334758.0,334758.0,0
20211005T,357590.0,357590.0,357590.0,357590.0,0
20211006T,397885.0,397885.0,397885.0,397885.0,0
20211007T,399114.0,399114.0,399114.0,399114.0,0
20211008T,425389.0,425389.0,425389.0,425389.0,0
20211011T,446059.0,446059.0,446059.0,446059.0,0
20211012T,473289.0,473289.0,473289.0,473289.0,0
20211013T,473152.0,473152.0,473152.0,473152.0,0
20211014T,486921.0,486921.0,486921.0,486921.0,0
20211018T,504534.0,504534.0,504534.0,504534.0,0
20211019T,511240.0,511240.0,511240.0,511240.0,0
20211020T,523348.0,523348.0,523348.0,523348.0,0
20211021T,530257.0,530257.0,530257.0,530257.0,0
20211022T,544202.0,544202.0,544202.0,544202.0,0
20211025T,542233.0,542233.0,542233.0,542233.0,0
20211026T,519911.0,519911.0,519911.0,519911.0,0
20211027T,495524.0,495524.0,495524.0,495524.0,0
20211028T,271235.0,271235.0,271235.0,271235.0,0
20211029T,377246.0,377246.0,377246.0,377246.0,0
20211101T,399764.0,399764.0,399764.0,399764.0,0
20211102T,436486.0,436486.0,436486.0,436486.0,0
20211103T,456675.0,456675.0,456675.0,456675.0,0
20211108T,443621.0,443621.0,443621.0,443621.0,0
20211109T,480373.0,480373.0,480373.0,480373.0,0
20211110T,512051.0,512051.0,512051.0,512051.0,0
20211111T,543503.0,543503.0,543503.0,543503.0,0
20211112T,528453.0,528453.0,528453.0,528453.0,0
20211115T,534414.0,534414.0,534414.0,534414.0,0
20211116T,538016.0,538016.0,538016.0,538016.0,0
20211117T,537824.0,537824.0,537824.0,537824.0,0
20211118T,532594.0,532594.0,532594.0,532594.0,0
20211122T,526619.0,526619.0,526619.0,526619.0,0
20211123T,503018.0,503018.0,503018.0,503018.0,0
20211124T,470865.0,470865.0,470865.0,470865.0,0
20211125T,220049.0,220049.0,220049.0,220049.0,0
20211126T,289705.0,289705.0,289705.0,289705.0,0
20211129T,298627.0,298627.0,298627.0,298627.0,0
20211130T,310449.0,310449.0,310449.0,310449.0,0
20211201T,311064.0,311064.0,311064.0,311064.0,0
20211202T,310109.0,310109.0,310109.0,310109.0,0
20211203T,339565.0,339565.0,339565.0,339565.0,0
20211206T,368671.0,368671.0,368671.0,368671.0,0
20211207T,353741.0,353741.0,353741.0,353741.0,0
20211208T,343955.0,343955.0,343955.0,343955.0,0
20211209T,365291.0,365291.0,365291.0,365291.0,0
20211210T,395524.0,395524.0,395524.0,395524.0,0
20211213T,438237.0,438237.0,438237.0,438237.0,0
20211214T,462815.0,462815.0,462815.0,462815.0,0
20211215T,494006.0,494006.0,494006.0,494006.0,0
20211216T,494294.0,494294.0,494294.0,494294.0,0
20211217T,510700.0,510700.0,510700.0,510700.0,0
20211220T,507969.0,507969.0,507969.0,507969.0,0
20211221T,494481.0,494481.0,494481.0,494481.0,0
20211222T,474931.0,474931.0,474931.0,474931.0,0
20211223T,474283.0,474283.0,474283.0,474283.0,0
20211224T,471146.0,471146.0,471146.0,471146.0,0
20211227T,456618.0,456618.0,456618.0,456618.0,0
20211228T,435969.0,435969.0,435969.0,435969.0,0
20211229T,426520.0,426520.0,426520.0,426520.0,0
20211230T,185549.0,185549.0,185549.0,185549.0,0
20211231T,215356.0,215356.0,215356.0,215356.0,0
20220103T,238606.0,238606.0,238606.0,238606.0,0
20220104T,258875.0,258875.0,258875.0,258875.0,0
20220105T,279556.0,279556.0,279556.0,279556.0,0
20220106T,320670.0,320670.0,320670.0,320670.0,0
20220107T,352634.0,352634.0,352634.0,352634.0,0
20220110T,378647.0,378647.0,378647.0,378647.0,0
20220111T,402858.0,402858.0,402858.0,402858.0,0
20220112T,420976.0,420976.0,420976.0,420976.0,0
20220113T,457868.0,457868.0,457868.0,457868.0,0
20220114T,493740.0,493740.0,493740.0,493740.0,0
20220117T,524429.0,524429.0,524429.0,524429.0,0
20220118T,544954.0,544954.0,544954.0,544954.0,0
20220119T,545632.0,545632.0,545632.0,545632.0,0
20220120T,568805.0,568805.0,568805.0,568805.0,0
20220121T,598208.0,598208.0,598208.0,598208.0,0
20220124T,605444.0,605444.0,605444.0,605444.0,0
20220125T,533920.0,533920.0,533920.0,533920.0,0
20220127T,221997.0,221997.0,221997.0,221997.0,0
20220128T,291818.0,291818.0,291818.0,291818.0,0
20220131T,316477.0,316477.0,316477.0,316477.0,0
20220201T,341187.0,341187.0,341187.0,341187.0,0
20220202T,371923.0,371923.0,371923.0,371923.0,0
20220203T,426401.0,426401.0,426401.0,426401.0,0
20220204T,459947.0,459947.0,459947.0,459947.0,0
20220207T,500085.0,500085.0,500085.0,500085.0,0
20220208T,503921.0,503921.0,503921.0,503921.0,0
20220209T,494183.0,494183.0,494183.0,494183.0,0
20220210T,496643.0,496643.0,496643.0,496643.0,0
20220211T,532501.0,532501.0,532501.0,532501.0,0
20220214T,569470.0,569470.0,569470.0,569470.0,0
20220215T,512320.0,512320.0,512320.0,512320.0,0
20220216T,521807.0,521807.0,521807.0,521807.0,0
20220217T,530631.0,530631.0,530631.0,530631.0,0
20220218T,521481.0,521481.0,521481.0,521481.0,0
20220221T,503498.0,503498.0,503498.0,503498.0,0
20220222T,502251.0,502251.0,502251.0,502251.0,0
20220223T,470034.0,470034.0,470034.0,470034.0,0
20220224T,201570.0,201570.0,201570.0,201570.0,0
20220225T,230569.0,230569.0,230569.0,230569.0,0
20220228T,249189.0,249189.0,249189.0,249189.0,0
20220302T,291212.0,291212.0,291212.0,291212.0,0
20220303T,325664.0,325664.0,325664.0,325664.0,0
20220304T,353296.0,353296.0,353296.0,353296.0,0
20220307T,385964.0,385964.0,385964.0,385964.0,0
20220308T,410240.0,410240.0,410240.0,410240.0,0
20220309T,409024.0,409024.0,409024.0,409024.0,0
20220310T,404054.0,404054.0,404054.0,404054.0,0
20220311T,423563.0,423563.0,423563.0,423563.0,0
20220314T,438510.0,438510.0,438510.0,438510.0,0
20220315T,469108.0,469108.0,469108.0,469108.0,0
20220316T,446338.0,446338.0,446338.0,446338.0,0
20220317T,426305.0,426305.0,426305.0,426305.0,0
20220321T,482138.0,482138.0,482138.0,482138.0,0
20220322T,474451.0,474451.0,474451.0,474451.0,0
20220323T,498449.0,498449.0,498449.0,498449.0,0
20220324T,511329.0,511329.0,511329.0,511329.0,0
20220325T,517739.0,517739.0,517739.0,517739.0,0
20220328T,518327.0,518327.0,518327.0,518327.0,0
20220329T,504482.0,504482.0,504482.0,504482.0,0
20220330T,468421.0,468421.0,468421.0,468421.0,0
20220331T,232740.0,232740.0,232740.0,232740.0,0
20220401T,284551.0,284551.0,284551.0,284551.0,0
20220404T,323669.0,323669.0,323669.0,323669.0,0
20220405T,368936.0,368936.0,368936.0,368936.0,0
20220406T,417822.0,417822.0,417822.0,417822.0,0
20220407T,473301.0,473301.0,473301.0,473301.0,0
20220408T,494098.0,494098.0,494098.0,494098.0,0
20220411T,544932.0,544932.0,544932.0,544932.0,0
20220412T,584096.0,584096.0,584096.0,584096.0,0
20220413T,599543.0,599543.0,599543.0,599543.0,0
20220418T,661396.0,661396.0,661396.0,661396.0,0
20220419T,683099.0,683099.0,683099.0,683099.0,0
20220420T,673341.0,673341.0,673341.0,673341.0,0
20220421T,642314.0,642314.0,642314.0,642314.0,0
20220422T,666511.0,666511.0,666511.0,666511.0,0
20220425T,669973.0,669973.0,669973.0,669973.0,0
20220426T,631513.0,631513.0,631513.0,631513.0,0
20220427T,614701.0,614701.0,614701.0,614701.0,0
20220428T,239418.0,239418.0,239418.0,239418.0,0
20220429T,335800.0,335800.0,335800.0,335800.0,0
20220502T,385841.0,385841.0,385841.0,385841.0,0
20220504T,442220.0,442220.0,442220.0,442220.0,0
20220505T,453969.0,453969.0,453969.0,453969.0,0
20220506T,511693.0,511693.0,511693.0,511693.0,0
20220509T,563021.0,563021.0,563021.0,563021.0,0
20220510T,598454.0,598454.0,598454.0,598454.0,0
20220511T,616821.0,616821.0,616821.0,616821.0,0
20220512T,647480.0,647480.0,647480.0,647480.0,0
20220513T,655811.0,655811.0,655811.0,655811.0,0
20220516T,658633.0,658633.0,658633.0,658633.0,0
20220517T,609123.0,609123.0,609123.0,609123.0,0
20220518T,640214.0,640214.0,640214.0,640214.0,0
20220519T,692022.0,692022.0,692022.0,692022.0,0
20220520T,640910.0,640910.0,640910.0,640910.0,0
20220523T,648928.0,648928.0,648928.0,648928.0,0
20220524T,644575.0,644575.0,644575.0,644575.0,0
20220525T,618034.0,618034.0,618034.0,618034.0,0
20220526T,201549.0,201549.0,201549.0,201549.0,0
20220527T,257590.0,257590.0,257590.0,257590.0,0
20220530T,273113.0,273113.0,273113.0,273113.0,0
20220531T,297414.0,297414.0,297414.0,297414.0,0
20220601T,338937.0,338937.0,338937.0,338937.0,0
20220602T,347169.0,347169.0,347169.0,347169.0,0
20220603T,381981.0,381981.0,381981.0,381981.0,0
20220606T,400999.0,400999.0,400999.0,400999.0,0
20220607T,436020.0,436020.0,436020.0,436020.0,0
20220608T,449444.0,449444.0,449444.0,449444.0,0
20220609T,457356.0,457356.0,457356.0,457356.0,0
20220610T,500893.0,500893.0,500893.0,500893.0,0
20220613T,553079.0,553079.0,553079.0,553079.0,0
20220614T,573246.0,573246.0,573246.0,573246.0,0
20220615T,578896.0,578896.0,578896.0,578896.0,0
20220616T,612564.0,612564.0,612564.0,612564.0,0
20220617T,632291.0,632291.0,632291.0,632291.0,0
20220620T,651962.0,651962.0,651962.0,651962.0,0
20220621T,606227.0,606227.0,606227.0,606227.0,0
20220622T,633487.0,633487.0,633487.0,633487.0,0
20220623T,610096.0,610096.0,610096.0,610096.0,0
20220624T,607227.0,607227.0,607227.0,607227.0,0
20220627T,595844.0,595844.0,595844.0,595844.0,0
20220628T,582812.0,582812.0,582812.0,582812.0,0
20220629T,565745.0,565745.0,565745.0,565745.0,0
20220630T,187192.0,187192.0,187192.0,187192.0,0
20220701T,259337.0,259337.0,259337.0,259337.0,0
20220704T,299529.0,299529.0,299529.0,299529.0,0
20220705T,312261.0,312261.0,312261.0,312261.0,0
20220706T,313597.0,313597.0,313597.0,313597.0,0
20220707T,330578.0,330578.0,330578.0,330578.0,0
20220708T,368873.0,368873.0,368873.0,368873.0,0
20220711T,410069.0,410069.0,410069.0,410069.0,0
20220712T,450173.0,450173.0,450173.0,450173.0,0
20220713T,469398.0,469398.0,469398.0,469398.0,0
20220714T,490735.0,490735.0,490735.0,490735.0,0
20220715T,503688.0,503688.0,503688.0,503688.0,0
20220718T,482293.0,482293.0,482293.0,482293.0,0
20220719T,490625.0,490625.0,490625.0,490625.0,0
20220720T,462962.0,462962.0,462962.0,462962.0,0
20220721T,462232.0,462232.0,462232.0,462232.0,0
20220722T,494212.0,494212.0,494212.0,494212.0,0
20220725T,526784.0,526784.0,526784.0,526784.0,0
20220726T,550911.0,550911.0,550911.0,550911.0,0
20220727T,494816.0,494816.0,494816.0,494816.0,0
20220728T,235880.0,235880.0,235880.0,235880.0,0
20220729T,319843.0,319843.0,319843.0,319843.0,0
20220801T,372384.0,372384.0,372384.0,372384.0,0
20220802T,423946.0,423946.0,423946.0,423946.0,0
20220803T,455660.0,455660.0,455660.0,455660.0,0
20220804T,471180.0,471180.0,471180.0,471180.0,0
20220805T,492847.0,492847.0,492847.0,492847.0,0
20220808T,508045.0,508045.0,508045.0,508045.0,0
20220810T,544292.0,544292.0,544292.0,544292.0,0
20220811T,548230.0,548230.0,548230.0,548230.0,0
20220812T,566791.0,566791.0,566791.0,566791.0,0
20220816T,556763.0,556763.0,556763.0,556763.0,0
20220817T,564257.0,564257.0,564257.0,564257.0,0
20220818T,590231.0,590231.0,590231.0,590231.0,0
20220819T,616664.0,616664.0,616664.0,616664.0,0
20220822T,628834.0,628834.0,628834.0,628834.0,0
20220823T,585947.0,585947.0,585947.0,585947.0,0
20220824T,536393.0,536393.0,536393.0,536393.0,0
20220825T,246932.0,246932.0,246932.0,246932.0,0
20220826T,313868.0,313868.0,313868.0,313868.0,0
20220829T,379949.0,379949.0,379949.0,379949.0,0
20220830T,356517.0,356517.0,356517.0,356517.0,0
20220901T,422908.0,422908.0,422908.0,422908.0,0
20220902T,467647.0,467647.0,467647.0,467647.0,0
20220905T,480343.0,480343.0,480343.0,480343.0,0
20220906T,505622.0,505622.0,505622.0,505622.0,0
20220907T,545286.0,545286.0,545286.0,545286.0,0
20220908T,558016.0,558016.0,558016.0,558016.0,0
20220909T,577550.0,577550.0,577550.0,577550.0,0
20220912T,578837.0,578837.0,578837.0,578837.0,0
20220913T,585074.0,585074.0,585074.0,585074.0,0
20220914T,610418.0,610418.0,610418.0,610418.0,0
20220915T,668656.0,668656.0,668656.0,668656.0,0
20220916T,697009.0,697009.0,697009.0,697009.0,0
20220919T,706461.0,706461.0,706461.0,706461.0,0
20220920T,658385.0,658385.0,658385.0,658385.0,0
20220921T,664509.0,664509.0,664509.0,664509.0,0
20220922T,678321.0,678321.0,678321.0,678321.0,0
20220923T,715278.0,715278.0,715278.0,715278.0,0
20220926T,732555.0,732555.0,732555.0,732555.0,0
20220927T,701502.0,701502.0,701502.0,701502.0,0
20220928T,647245.0,647245.0,647245.0,647245.0,0
20220929T,266516.0,266516.0,266516.0,266516.0,0
20220930T,309903.0,309903.0,309903.0,309903.0,0
20221003T,378604.0,378604.0,378604.0,378604.0,0
20221004T,360583.0,360583.0,360583.0,360583.0,0
20221006T,387217.0,387217.0,387217.0,387217.0,0
20221007T,419611.0,419611.0,419611.0,419611.0,0
20221010T,462083.0,462083.0,462083.0,462083.0,0
20221011T,523289.0,523289.0,523289.0,523289.0,0
20221012T,504986.0,504986.0,504986.0,504986.0,0
20221013T,538046.0,538046.0,538046.0,538046.0,0
20221014T,536041.0,536041.0,536041.0,536041.0,0
20221017T,522126.0,522126.0,522126.0,522126.0,0
20221018T,509430.0,509430.0,509430.0,509430.0,0
20221019T,531805.0,531805.0,531805.0,531805.0,0
20221020T,525703.0,525703.0,525703.0,525703.0,0
20221021T,545206.0,545206.0,545206.0,545206.0,0
20221025T,479877.0,479877.0,479877.0,479877.0,0
20221027T,199160.0,199160.0,199160.0,199160.0,0
20221028T,291165.0,291165.0,291165.0,291165.0,0
20221031T,328503.0,328503.0,328503.0,328503.0,0
20221101T,355955.0,355955.0,355955.0,355955.0,0
20221102T,403483.0,403483.0,403483.0,403483.0,0
20221103T,433073.0,433073.0,433073.0,433073.0,0
20221104T,469019.0,469019.0,469019.0,469019.0,0
20221107T,509510.0,509510.0,509510.0,509510.0,0
20221109T,563058.0,563058.0,563058.0,563058.0,0
20221110T,621252.0,621252.0,621252.0,621252.0,0
20221111T,650217.0,650217.0,650217.0,650217.0,0
20221114T,674633.0,674633.0,674633.0,674633.0,0
20221115T,669868.0,669868.0,669868.0,669868.0,0
20221116T,690335.0,690335.0,690335.0,690335.0,0
20221117T,700470.0,700470.0,700470.0,700470.0,0
20221118T,707779.0,707779.0,707779.0,707779.0,0
20221121T,695174.0,695174.0,695174.0,695174.0,0
20221122T,653265.0,653265.0,653265.0,653265.0,0
20221123T,591754.0,591754.0,591754.0,591754.0,0
20221124T,231726.0,231726.0,231726.0,231726.0,0
20221125T,297308.0,297308.0,297308.0,297308.0,0
20221128T,349821.0,349821.0,349821.0,349821.0,0
20221129T,393028.0,393028.0,393028.0,393028.0,0
20221130T,398681.0,398681.0,398681.0,398681.0,0
20221201T,422411.0,422411.0,422411.0,422411.0,0
20221202T,463397.0,463397.0,463397.0,463397.0,0
20221205T,497933.0,497933.0,497933.0,497933.0,0
20221206T,547707.0,547707.0,547707.0,547707.0,0
20221207T,583073.0,583073.0,583073.0,583073.0,0
20221208T,591415.0,591415.0,591415.0,591415.0,0
20221209T,646819.0,646819.0,646819.0,646819.0,0
20221212T,661716.0,661716.0,661716.0,661716.0,0
20221213T,677620.0,677620.0,677620.0,677620.0,0
20221214T,675112.0,675112.0,675112.0,675112.0,0
20221215T,719369.0,719369.0,719369.0,719369.0,0
20221216T,749876.0,749876.0,749876.0,749876.0,0
20221219T,743162.0,743162.0,743162.0,743162.0,0
20221220T,742399.0,742399.0,742399.0,742399.0,0
20221221T,740853.0,740853.0,740853.0,740853.0,0
20221222T,749286.0,749286.0,749286.0,749286.0,0
20221223T,786974.0,786974.0,786974.0,786974.0,0
20221226T,735563.0,735563.0,735563.0,735563.0,0
20221227T,688491.0,688491.0,688491.0,688491.0,0
20221228T,652121.0,652121.0,652121.0,652121.0,0
20221229T,244545.0,244545.0,244545.0,244545.0,0
20221230T,320117.0,320117.0,320117.0,320117.0,0
20230102T,353851.0,353851.0,353851.0,353851.0,0
20230103T,390968.0,390968.0,390968.0,390968.0,0
20230104T,451522.0,451522.0,451522.0,451522.0,0
20230105T,469388.0,469388.0,469388.0,469388.0,0
20230106T,514235.0,514235.0,514235.0,514235.0,0
20230109T,503398.0,503398.0,503398.0,503398.0,0
20230110T,527880.0,527880.0,527880.0,527880.0,0
20230111T,547829.0,547829.0,547829.0,547829.0,0
20230112T,586362.0,586362.0,586362.0,586362.0,0
20230113T,598281.0,598281.0,598281.0,598281.0,0
20230116T,633441.0,633441.0,633441.0,633441.0,0
20230117T,620427.0,620427.0,620427.0,620427.0,0
20230118T,613558.0,613558.0,613558.0,613558.0,0
20230119T,650880.0,650880.0,650880.0,650880.0,0
20230120T,691148.0,691148.0,691148.0,691148.0,0
20230123T,652045.0,652045.0,652045.0,652045.0,0
20230124T,609304.0,609304.0,609304.0,609304.0,0
20230125T,293821.0,293821.0,293821.0,293821.0,0
20230127T,386496.0,386496.0,386496.0,386496.0,0
20230130T,428865.0,428865.0,428865.0,428865.0,0
20230131T,454592.0,454592.0,454592.0,454592.0,0
20230201T,503584.0,503584.0,503584.0,503584.0,0
20230202T,546259.0,546259.0,546259.0,546259.0,0
20230203T,574212.0,574212.0,574212.0,574212.0,0
20230206T,617162.0,617162.0,617162.0,617162.0,0
20230207T,642058.0,642058.0,642058.0,642058.0,0
20230208T,634117.0,634117.0,634117.0,634117.0,0
20230209T,648928.0,648928.0,648928.0,648928.0,0
20230210T,691942.0,691942.0,691942.0,691942.0,0
20230213T,747689.0,747689.0,747689.0,747689.0,0
20230214T,722544.0,722544.0,722544.0,722544.0,0
20230215T,711174.0,711174.0,711174.0,711174.0,0
20230216T,706395.0,706395.0,706395.0,706395.0,0
20230217T,728531.0,728531.0,728531.0,728531.0,0
20230220T,706786.0,706786.0,706786.0,706786.0,0
20230221T,671715.0,671715.0,671715.0,671715.0,0
20230222T,645235.0,645235.0,645235.0,645235.0,0
20230223T,239058.0,239058.0,239058.0,239058.0,0
20230224T,303596.0,303596.0,303596.0,303596.0,0
20230227T,350289.0,350289.0,350289.0,350289.0,0
20230228T,398909.0,398909.0,398909.0,398909.0,0
20230301T,417988.0,417988.0,417988.0,417988.0,0
20230302T,474572.0,474572.0,474572.0,474572.0,0
20230303T,483886.0,483886.0,483886.0,483886.0,0
20230306T,507440.0,507440.0,507440.0,507440.0,0
20230308T,531135.0,531135.0,531135.0,531135.0,0
20230309T,593006.0,593006.0,593006.0,593006.0,0
20230310T,639377.0,639377.0,639377.0,639377.0,0
20230313T,682568.0,682568.0,682568.0,682568.0,0
20230314T,708526.0,708526.0,708526.0,708526.0,0
20230315T,719257.0,719257.0,719257.0,719257.0,0
20230316T,723666.0,723666.0,723666.0,723666.0,0
20230317T,742368.0,742368.0,742368.0,742368.0,0
20230320T,788226.0,788226.0,788226.0,788226.0,0
20230321T,760326.0,760326.0,760326.0,760326.0,0
20230322T,752113.0,752113.0,752113.0,752113.0,0
20230323T,749890.0,749890.0,749890.0,749890.0,0
20230324T,747058.0,747058.0,747058.0,747058.0,0
20230327T,707817.0,707817.0,707817.0,707817.0,0
20230328T,676540.0,676540.0,676540.0,676540.0,0
20230329T,225162.0,225162.0,225162.0,225162.0,0
20230331T,278175.0,278175.0,278175.0,278175.0,0
20230403T,315993.0,315993.0,315993.0,315993.0,0
20230405T,356168.0,356168.0,356168.0,356168.0,0
20230406T,369612.0,369612.0,369612.0,369612.0,0
20230410T,406755.0,406755.0,406755.0,406755.0,0
20230411T,433001.0,433001.0,433001.0,433001.0,0
20230412T,470227.0,470227.0,470227.0,470227.0,0
20230413T,510189.0,510189.0,510189.0,510189.0,0
20230417T,565820.0,565820.0,565820.0,565820.0,0
20230418T,579225.0,579225.0,579225.0,579225.0,0
20230419T,611921.0,611921.0,611921.0,611921.0,0
20230420T,615500.0,615500.0,615500.0,615500.0,0
20230421T,623134.0,623134.0,623134.0,623134.0,0
20230424T,601097.0,601097.0,601097.0,601097.0,0
20230425T,594394.0,594394.0,594394.0,594394.0,0
20230426T,572035.0,572035.0,572035.0,572035.0,0
20230427T,250502.0,250502.0,250502.0,250502.0,0
20230428T,323295.0,323295.0,323295.0,323295.0,0
20230502T,371914.0,371914.0,371914.0,371914.0,0
20230503T,428129.0,428129.0,428129.0,428129.0,0
20230504T,455353.0,455353.0,455353.0,455353.0,0
20230505T,526577.0,526577.0,526577.0,526577.0,0
20230508T,541062.0,541062.0,541062.0,541062.0,0
20230509T,572721.0,572721.0,572721.0,572721.0,0
20230510T,592484.0,592484.0,592484.0,592484.0,0
20230511T,623815.0,623815.0,623815.0,623815.0,0
20230512T,670359.0,670359.0,670359.0,670359.0,0
20230515T,684768.0,684768.0,684768.0,684768.0,0
20230516T,712958.0,712958.0,712958.0,712958.0,0
20230517T,742920.0,742920.0,742920.0,742920.0,0
20230518T,769439.0,769439.0,769439.0,769439.0,0
20230519T,741414.0,741414.0,741414.0,741414.0,0
20230522T,705259.0,705259.0,705259.0,705259.0,0
20230523T,694482.0,694482.0,694482.0,694482.0,0
20230524T,670040.0,670040.0,670040.0,670040.0,0
20230525T,283276.0,283276.0,283276.0,283276.0,0
20230526T,355686.0,355686.0,355686.0,355686.0,0
20230529T,397184.0,397184.0,397184.0,397184.0,0
20230530T,429870.0,429870.0,429870.0,429870.0,0
20230531T,477504.0,477504.0,477504.0,477504.0,0
20230601T,512562.0,512562.0,512562.0,512562.0,0
20230602T,528013.0,528013.0,528013.0,528013.0,0
20230605T,568178.0,568178.0,568178.0,568178.0,0
20230606T,612943.0,612943.0,612943.0,612943.0,0
20230607T,614476.0,614476.0,614476.0,614476.0,0
20230608T,676758.0,676758.0,676758.0,676758.0,0
20230609T,733244.0,733244.0,733244.0,733244.0,0
20230612T,727382.0,727382.0,727382.0,727382.0,0
20230613T,723984.0,723984.0,723984.0,723984.0,0
20230614T,734628.0,734628.0,734628.0,734628.0,0
20230615T,764266.0,764266.0,764266.0,764266.0,0
20230616T,770795.0,770795.0,770795.0,770795.0,0
20230619T,821399.0,821399.0,821399.0,821399.0,0
20230620T,814255.0,814255.0,814255.0,814255.0,0
20230621T,845394.0,845394.0,845394.0,845394.0,0
20230622T,854044.0,854044.0,854044.0,854044.0,0
20230623T,874629.0,874629.0,874629.0,874629.0,0
20230626T,818841.0,818841.0,818841.0,818841.0,0
20230627T,707942.0,707942.0,707942.0,707942.0,0
20230628T,295383.0,295383.0,295383.0,295383.0,0
20230630T,395327.0,395327.0,395327.0,395327.0,0
20230703T,464056.0,464056.0,464056.0,464056.0,0
20230704T,510125.0,510125.0,510125.0,510125.0,0
20230705T,555005.0,555005.0,555005.0,555005.0,0
20230706T,597596.0,597596.0,597596.0,597596.0,0
20230707T,663364.0,663364.0,663364.0,663364.0,0
20230710T,710325.0,710325.0,710325.0,710325.0,0
20230711T,713600.0,713600.0,713600.0,713600.0,0
20230712T,759154.0,759154.0,759154.0,759154.0,0
20230713T,786102.0,786102.0,786102.0,786102.0,0
20230714T,773950.0,773950.0,773950.0,773950.0,0
20230717T,814732.0,814732.0,814732.0,814732.0,0
20230718T,835741.0,835741.0,835741.0,835741.0,0
20230719T,828842.0,828842.0,828842.0,828842.0,0
20230720T,807920.0,807920.0,807920.0,807920.0,0
20230721T,887365.0,887365.0,887365.0,887365.0,0
20230724T,899395.0,899395.0,899395.0,899395.0,0
20230725T,840362.0,840362.0,840362.0,840362.0,0
20230726T,784296.0,784296.0,784296.0,784296.0,0
20230727T,401415.0,401415.0,401415.0,401415.0,0
20230728T,513473.0,513473.0,513473.0,513473.0,0
20230731T,567058.0,567058.0,567058.0,567058.0,0
20230801T,626996.0,626996.0,626996.0,626996.0,0
20230802T,701081.0,701081.0,701081.0,701081.0,0
20230803T,754436.0,754436.0,754436.0,754436.0,0
20230804T,782003.0,782003.0,782003.0,782003.0,0
20230807T,794381.0,794381.0,794381.0,794381.0,0
20230808T,808241.0,808241.0,808241.0,808241.0,0
20230809T,819128.0,819128.0,819128.0,819128.0,0
20230810T,872228.0,872228.0,872228.0,872228.0,0
20230811T,912392.0,912392.0,912392.0,912392.0,0
20230814T,935645.0,935645.0,935645.0,935645.0,0
20230816T,952743.0,952743.0,952743.0,952743.0,0
20230817T,980651.0,980651.0,980651.0,980651.0,0
20230818T,991406.0,991406.0,991406.0,991406.0,0
20230821T,966150.0,966150.0,966150.0,966150.0,0
20230822T,961305.0,961305.0,961305.0,961305.0,0
20230823T,957035.0,957035.0,957035.0,957035.0,0
20230824T,961542.0,961542.0,961542.0,961542.0,0
20230825T,981416.0,981416.0,981416.0,981416.0,0
20230828T,955050.0,955050.0,955050.0,955050.0,0
20230829T,901694.0,901694.0,901694.0,901694.0,0
20230830T,807816.0,807816.0,807816.0,807816.0,0
20230831T,376000.0,376000.0,376000.0,376000.0,0
20230901T,457737.0,457737.0,457737.0,457737.0,0
20230904T,534128.0,534128.0,534128.0,534128.0,0
20230905T,586047.0,586047.0,586047.0,586047.0,0
20230906T,635544.0,635544.0,635544.0,635544.0,0
20230907T,650686.0,650686.0,650686.0,650686.0,0
20230908T,673896.0,673896.0,673896.0,673896.0,0
20230911T,695646.0,695646.0,695646.0,695646.0,0
20230912T,776687.0,776687.0,776687.0,776687.0,0
20230913T,770821.0,770821.0,770821.0,770821.0,0
20230914T,800905.0,800905.0,800905.0,800905.0,0
20230915T,826047.0,826047.0,826047.0,826047.0,0
20230918T,875133.0,875133.0,875133.0,875133.0,0
20230920T,932103.0,932103.0,932103.0,932103.0,0
20230921T,954655.0,954655.0,954655.0,954655.0,0
20230922T,921580.0,921580.0,921580.0,921580.0,0
20230925T,898490.0,898490.0,898490.0,898490.0,0
20230926T,882012.0,882012.0,882012.0,882012.0,0
20230927T,791521.0,791521.0,791521.0,791521.0,0
20230928T,401178.0,401178.0,401178.0,401178.0,0
20230929T,452935.0,452935.0,452935.0,452935.0,0
20231003T,544795.0,544795.0,544795.0,544795.0,0
20231004T,629703.0,629703.0,629703.0,629703.0,0
20231005T,647454.0,647454.0,647454.0,647454.0,0
20231006T,642879.0,642879.0,642879.0,642879.0,0
20231009T,686360.0,686360.0,686360.0,686360.0,0
20231010T,665068.0,665068.0,665068.0,665068.0,0
20231011T,686163.0,686163.0,686163.0,686163.0,0
20231012T,743809.0,743809.0,743809.0,743809.0,0
20231013T,800966.0,800966.0,800966.0,800966.0,0
20231016T,851873.0,851873.0,851873.0,851873.0,0
20231017T,855300.0,855300.0,855300.0,855300.0,0
20231018T,879080.0,879080.0,879080.0,879080.0,0
20231019T,881799.0,881799.0,881799.0,881799.0,0
20231020T,914471.0,914471.0,914471.0,914471.0,0
20231023T,892518.0,892518.0,892518.0,892518.0,0
20231025T,813007.0,813007.0,813007.0,813007.0,0
20231026T,333140.0,333140.0,333140.0,333140.0,0
20231027T,463006.0,463006.0,463006.0,463006.0,0
20231030T,522221.0,522221.0,522221.0,522221.0,0
20231031T,562527.0,562527.0,562527.0,562527.0,0
20231101T,643088.0,643088.0,643088.0,643088.0,0
20231102T,633924.0,633924.0,633924.0,633924.0,0
20231103T,674184.0,674184.0,674184.0,674184.0,0
20231106T,683607.0,683607.0,683607.0,683607.0,0
20231107T,723797.0,723797.0,723797.0,723797.0,0
20231108T,750079.0,750079.0,750079.0,750079.0,0
20231109T,789809.0,789809.0,789809.0,789809.0,0
20231110T,814517.0,814517.0,814517.0,814517.0,0
20231113T,836213.0,836213.0,836213.0,836213.0,0
20231115T,798692.0,798692.0,798692.0,798692.0,0
20231116T,778205.0,778205.0,778205.0,778205.0,0
20231117T,840706.0,840706.0,840706.0,840706.0,0
20231120T,895449.0,895449.0,895449.0,895449.0,0
20231121T,895061.0,895061.0,895061.0,895061.0,0
20231122T,905926.0,905926.0,905926.0,905926.0,0
20231123T,906111.0,906111.0,906111.0,906111.0,0
20231124T,896480.0,896480.0,896480.0,896480.0,0
20231128T,871534.0,871534.0,871534.0,871534.0,0
20231129T,817950.0,817950.0,817950.0,817950.0,0
20231130T,433190.0,433190.0,433190.0,433190.0,0
20231201T,549184.0,549184.0,549184.0,549184.0,0
20231204T,593463.0,593463.0,593463.0,593463.0,0
20231205T,658575.0,658575.0,658575.0,658575.0,0
20231206T,748497.0,748497.0,748497.0,748497.0,0
20231207T,811681.0,811681.0,811681.0,811681.0,0
20231208T,878208.0,878208.0,878208.0,878208.0,0
20231211T,934478.0,934478.0,934478.0,934478.0,0
20231212T,992885.0,992885.0,992885.0,992885.0,0
20231213T,1022084.0,1022084.0,1022084.0,1022084.0,0
20231214T,1001117.0,1001117.0,1001117.0,1001117.0,0
20231215T,1002642.0,1002642.0,1002642.0,1002642.0,0
20231218T,1084785.0,1084785.0,1084785.0,1084785.0,0
20231219T,1112111.0,1112111.0,1112111.0,1112111.0,0
20231220T,1122949.0,1122949.0,1122949.0,1122949.0,0
20231221T,1076365.0,1076365.0,1076365.0,1076365.0,0
20231222T,997615.0,997615.0,997615.0,997615.0,0
20231226T,978369.0,978369.0,978369.0,978369.0,0
20231227T,846649.0,846649.0,846649.0,846649.0,0
20231228T,421598.0,421598.0,421598.0,421598.0,0
20231229T,546459.0,546459.0,546459.0,546459.0,0
20240101T,610345.0,610345.0,610345.0,610345.0,0
20240102T,680800.0,680800.0,680800.0,680800.0,0
20240103T,753096.0,753096.0,753096.0,753096.0,0
20240104T,786393.0,786393.0,786393.0,786393.0,0
20240105T,834155.0,834155.0,834155.0,834155.0,0
20240108T,917800.0,917800.0,917800.0,917800.0,0
20240109T,924098.0,924098.0,924098.0,924098.0,0
20240110T,928826.0,928826.0,928826.0,928826.0,0
20240111T,987761.0,987761.0,987761.0,987761.0,0
20240112T,1008004.0,1008004.0,1008004.0,1008004.0,0
20240115T,1068729.0,1068729.0,1068729.0,1068729.0,0
20240116T,1134611.0,1134611.0,1134611.0,1134611.0,0
20240117T,1194701.0,1194701.0,1194701.0,1194701.0,0
20240118T,1216682.0,1216682.0,1216682.0,1216682.0,0
20240119T,1183723.0,1183723.0,1183723.0,1183723.0,0
20240123T,1124160.0,1124160.0,1124160.0,1124160.0,0
20240124T,939328.0,939328.0,939328.0,939328.0,0
20240125T,411165.0,411165.0,411165.0,411165.0,0
20240129T,485345.0,485345.0,485345.0,485345.0,0
20240130T,572068.0,572068.0,572068.0,572068.0,0
20240131T,597732.0,597732.0,597732.0,597732.0,0
20240201T,691978.0,691978.0,691978.0,691978.0,0
20240202T,701268.0,701268.0,701268.0,701268.0,0
20240205T,782886.0,782886.0,782886.0,782886.0,0
20240206T,811115.0,811115.0,811115.0,811115.0,0
20240207T,868230.0,868230.0,868230.0,868230.0,0
20240208T,929951.0,929951.0,929951.0,929951.0,0
20240209T,963668.0,963668.0,963668.0,963668.0,0
20240212T,1027134.0,1027134.0,1027134.0,1027134.0,0
20240213T,1008468.0,1008468.0,1008468.0,1008468.0,0
20240214T,996439.0,996439.0,996439.0,996439.0,0
20240215T,1029913.0,1029913.0,1029913.0,1029913.0,0
20240216T,1044536.0,1044536.0,1044536.0,1044536.0,0
20240219T,1088239.0,1088239.0,1088239.0,1088239.0,0
20240220T,1116912.0,1116912.0,1116912.0,1116912.0,0
20240221T,1141093.0,1141093.0,1141093.0,1141093.0,0
20240223T,1084067.0,1084067.0,1084067.0,1084067.0,0
20240226T,1091231.0,1091231.0,1091231.0,1091231.0,0
20240227T,1067100.0,1067100.0,1067100.0,1067100.0,0
20240228T,1028978.0,1028978.0,1028978.0,1028978.0,0
20240229T,489296.0,489296.0,489296.0,489296.0,0
20240301T,536411.0,536411.0,536411.0,536411.0,0
20240304T,611499.0,611499.0,611499.0,611499.0,0
20240305T,687684.0,687684.0,687684.0,687684.0,0
20240306T,733228.0,733228.0,733228.0,733228.0,0
20240307T,765422.0,765422.0,765422.0,765422.0,0
20240311T,831724.0,831724.0,831724.0,831724.0,0
20240312T,858371.0,858371.0,858371.0,858371.0,0
20240313T,957845.0,957845.0,957845.0,957845.0,0
20240314T,939358.0,939358.0,939358.0,939358.0,0
20240315T,977247.0,977247.0,977247.0,977247.0,0
20240318T,995491.0,995491.0,995491.0,995491.0,0
20240319T,1053624.0,1053624.0,1053624.0,1053624.0,0
20240320T,1036775.0,1036775.0,1036775.0,1036775.0,0
20240321T,957755.0,957755.0,957755.0,957755.0,0
20240322T,895307.0,895307.0,895307.0,895307.0,0
20240326T,903069.0,903069.0,903069.0,903069.0,0
20240327T,841716.0,841716.0,841716.0,841716.0,0
20240328T,348415.0,348415.0,348415.0,348415.0,0
20240401T,409407.0,409407.0,409407.0,409407.0,0
20240402T,493815.0,493815.0,493815.0,493815.0,0
20240403T,574038.0,574038.0,574038.0,574038.0,0
20240404T,644281.0,644281.0,644281.0,644281.0,0
20240405T,695489.0,695489.0,695489.0,695489.0,0
20240408T,730600.0,730600.0,730600.0,730600.0,0
20240409T,768657.0,768657.0,768657.0,768657.0,0
20240410T,789061.0,789061.0,789061.0,789061.0,0
20240412T,943550.0,943550.0,943550.0,943550.0,0
20240415T,1006116.0,1006116.0,1006116.0,1006116.0,0
20240416T,1050917.0,1050917.0,1050917.0,1050917.0,0
20240418T,1096740.0,1096740.0,1096740.0,1096740.0,0
20240419T,1030118.0,1030118.0,1030118.0,1030118.0,0
20240422T,989473.0,989473.0,989473.0,989473.0,0
20240423T,962721.0,962721.0,962721.0,962721.0,0
20240424T,866962.0,866962.0,866962.0,866962.0,0
20240425T,412260.0,412260.0,412260.0,412260.0,0
20240426T,644130.0,644130.0,644130.0,644130.0,0
20240429T,705480.0,705480.0,705480.0,705480.0,0
20240430T,733428.0,733428.0,733428.0,733428.0,0
20240502T,804959.0,804959.0,804959.0,804959.0,0
20240503T,932480.0,932480.0,932480.0,932480.0,0
20240506T,995475.0,995475.0,995475.0,995475.0,0
20240507T,1063705.0,1063705.0,1063705.0,1063705.0,0
20240508T,1081243.0,1081243.0,1081243.0,1081243.0,0
20240509T,1171163.0,1171163.0,1171163.0,1171163.0,0
20240510T,1165871.0,1165871.0,1165871.0,1165871.0,0
20240513T,1177432.0,1177432.0,1177432.0,1177432.0,0
20240514T,1156950.0,1156950.0,1156950.0,1156950.0,0
20240515T,1198713.0,1198713.0,1198713.0,1198713.0,0
20240516T,1169260.0,1169260.0,1169260.0,1169260.0,0
20240517T,1183008.0,1183008.0,1183008.0,1183008.0,0
20240521T,1229192.0,1229192.0,1229192.0,1229192.0,0
20240522T,1239394.0,1239394.0,1239394.0,1239394.0,0
20240523T,1153055.0,1153055.0,1153055.0,1153055.0,0
20240524T,1166581.0,1166581.0,1166581.0,1166581.0,0
20240527T,1128888.0,1128888.0,1128888.0,1128888.0,0
20240528T,1118562.0,1118562.0,1118562.0,1118562.0,0
20240529T,1008337.0,1008337.0,1008337.0,1008337.0,0
20240530T,424028.0,424028.0,424028.0,424028.0,0
20240531T,524561.0,524561.0,524561.0,524561.0,0
20240603T,602375.0,602375.0,602375.0,602375.0,0
20240604T,794046.0,794046.0,794046.0,794046.0,0
20240605T,860077.0,860077.0,860077.0,860077.0,0
20240606T,895154.0,895154.0,895154.0,895154.0,0
20240607T,878719.0,878719.0,878719.0,878719.0,0
20240610T,988435.0,988435.0,988435.0,988435.0,0
20240611T,1013750.0,1013750.0,1013750.0,1013750.0,0
20240612T,1029128.0,1029128.0,1029128.0,1029128.0,0
20240613T,1064084.0,1064084.0,1064084.0,1064084.0,0
20240614T,1102342.0,1102342.0,1102342.0,1102342.0,0
20240618T,1161724.0,1161724.0,1161724.0,1161724.0,0
20240619T,1211516.0,1211516.0,1211516.0,1211516.0,0
20240620T,1249642.0,1249642.0,1249642.0,1249642.0,0
20240621T,1263278.0,1263278.0,1263278.0,1263278.0,0
20240624T,1218231.0,1218231.0,1218231.0,1218231.0,0
20240625T,1154293.0,1154293.0,1154293.0,1154293.0,0
20240626T,1061347.0,1061347.0,1061347.0,1061347.0,0
20240627T,546467.0,546467.0,546467.0,546467.0,0
20240628T,674159.0,674159.0,674159.0,674159.0,0
20240701T,741542.0,741542.0,741542.0,741542.0,0
20240702T,830024.0,830024.0,830024.0,830024.0,0
20240703T,846671.0,846671.0,846671.0,846671.0,0
20240704T,901847.0,901847.0,901847.0,901847.0,0
20240705T,935243.0,935243.0,935243.0,935243.0,0
20240708T,1026113.0,1026113.0,1026113.0,1026113.0,0
20240709T,1029332.0,1029332.0,1029332.0,1029332.0,0
20240710T,1106260.0,1106260.0,1106260.0,1106260.0,0
20240711T,1153494.0,1153494.0,1153494.0,1153494.0,0
20240712T,1141693.0,1141693.0,1141693.0,1141693.0,0
20240715T,1146690.0,1146690.0,1146690.0,1146690.0,0
20240716T,1178971.0,1178971.0,1178971.0,1178971.0,0
20240718T,1158612.0,1158612.0,1158612.0,1158612.0,0
20240719T,1209648.0,1209648.0,1209648.0,1209648.0,0
20240722T,1172371.0,1172371.0,1172371.0,1172371.0,0
20240723T,1229208.0,1229208.0,1229208.0,1229208.0,0
20240724T,1090034.0,1090034.0,1090034.0,1090034.0,0
20240725T,515659.0,515659.0,515659.0,515659.0,0
20240726T,541328.0,541328.0,541328.0,541328.0,0
20240729T,621199.0,621199.0,621199.0,621199.0,0
20240730T,664973.0,664973.0,664973.0,664973.0,0
20240731T,728298.0,728298.0,728298.0,728298.0,0
20240801T,819802.0,819802.0,819802.0,819802.0,0
20240802T,929674.0,929674.0,929674.0,929674.0,0
20240805T,1055643.0,1055643.0,1055643.0,1055643.0,0
20240806T,1112389.0,1112389.0,1112389.0,1112389.0,0
20240807T,1103817.0,1103817.0,1103817.0,1103817.0,0
20240808T,1192010.0,1192010.0,1192010.0,1192010.0,0
20240809T,1175985.0,1175985.0,1175985.0,1175985.0,0
20240812T,1200970.0,1200970.0,1200970.0,1200970.0,0
20240813T,1274647.0,1274647.0,1274647.0,1274647.0,0
20240814T,1294150.0,1294150.0,1294150.0,1294150.0,0
20240816T,1184877.0,1184877.0,1184877.0,1184877.0,0
20240819T,1237838.0,1237838.0,1237838.0,1237838.0,0
20240820T,1237560.0,1237560.0,1237560.0,1237560.0,0
20240821T,1246004.0,1246004.0,1246004.0,1246004.0,0
20240822T,1277601.0,1277601.0,1277601.0,1277601.0,0
20240823T,1247853.0,1247853.0,1247853.0,1247853.0,0
20240826T,1207014.0,1207014.0,1207014.0,1207014.0,0
20240827T,1175968.0,1175968.0,1175968.0,1175968.0,0
20240828T,1126505.0,1126505.0,1126505.0,1126505.0,0
20240829T,592186.0,592186.0,592186.0,592186.0,0
20240830T,683252.0,683252.0,683252.0,683252.0,0
20240902T,774049.0,774049.0,774049.0,774049.0,0
20240903T,792339.0,792339.0,792339.0,792339.0,0
20240904T,861310.0,861310.0,861310.0,861310.0,0
20240905T,936336.0,936336.0,936336.0,936336.0,0
20240906T,1052722.0,1052722.0,1052722.0,1052722.0,0
20240909T,1103632.0,1103632.0,1103632.0,1103632.0,0
20240910T,1111676.0,1111676.0,1111676.0,1111676.0,0
20240911T,1218660.0,1218660.0,1218660.0,1218660.0,0
20240912T,1115346.0,1115346.0,1115346.0,1115346.0,0
20240913T,1167728.0,1167728.0,1167728.0,1167728.0,0
20240916T,1263052.0,1263052.0,1263052.0,1263052.0,0
20240917T,1314654.0,1314654.0,1314654.0,1314654.0,0
20240918T,1328913.0,1328913.0,1328913.0,1328913.0,0
20240919T,1381821.0,1381821.0,1381821.0,1381821.0,0
20240920T,1259069.0,1259069.0,1259069.0,1259069.0,0
20240923T,1228608.0,1228608.0,1228608.0,1228608.0,0
20240924T,1191780.0,1191780.0,1191780.0,1191780.0,0
20240925T,1122726.0,1122726.0,1122726.0,1122726.0,0
20240926T,484612.0,484612.0,484612.0,484612.0,0
20240927T,632417.0,632417.0,632417.0,632417.0,0
20240930T,736079.0,736079.0,736079.0,736079.0,0
20241001T,749038.0,749038.0,749038.0,749038.0,0
20241003T,888649.0,888649.0,888649.0,888649.0,0
20241004T,951486.0,951486.0,951486.0,951486.0,0
20241007T,1052123.0,1052123.0,1052123.0,1052123.0,0
20241008T,1043092.0,1043092.0,1043092.0,1043092.0,0
20241009T,1059488.0,1059488.0,1059488.0,1059488.0,0
20241010T,1100181.0,1100181.0,1100181.0,1100181.0,0
20241011T,1112057.0,1112057.0,1112057.0,1112057.0,0
20241014T,1168610.0,1168610.0,1168610.0,1168610.0,0
20241015T,1275869.0,1275869.0,1275869.0,1275869.0,0
20241016T,1317999.0,1317999.0,1317999.0,1317999.0,0
20241017T,1443685.0,1443685.0,1443685.0,1443685.0,0
20241018T,1455925.0,1455925.0,1455925.0,1455925.0,0
20241021T,1533575.0,1533575.0,1533575.0,1533575.0,0
20241022T,1582965.0,1582965.0,1582965.0,1582965.0,0
20241023T,1556556.0,1556556.0,1556556.0,1556556.0,0
20241024T,1590019.0,1590019.0,1590019.0,1590019.0,0
20241025T,1557369.0,1557369.0,1557369.0,1557369.0,0
20241028T,1493892.0,1493892.0,1493892.0,1493892.0,0
20241029T,1428192.0,1428192.0,1428192.0,1428192.0,0
20241030T,1302839.0,1302839.0,1302839.0,1302839.0,0
20241031T,532208.0,532208.0,532208.0,532208.0,0
20241104T,732964.0,732964.0,732964.0,732964.0,0
20241105T,752456.0,752456.0,752456.0,752456.0,0
20241106T,785481.0,785481.0,785481.0,785481.0,0
20241107T,892278.0,892278.0,892278.0,892278.0,0
20241108T,965335.0,965335.0,965335.0,965335.0,0
20241111T,1062107.0,1062107.0,1062107.0,1062107.0,0
20241112T,1173754.0,1173754.0,1173754.0,1173754.0,0
20241113T,1254272.0,1254272.0,1254272.0,1254272.0,0
20241114T,1296392.0,1296392.0,1296392.0,1296392.0,0
20241118T,1346038.0,1346038.0,1346038.0,1346038.0,0
20241119T,1334784.0,1334784.0,1334784.0,1334784.0,0
20241121T,1433848.0,1433848.0,1433848.0,1433848.0,0
20241122T,1266436.0,1266436.0,1266436.0,1266436.0,0
20241125T,1284869.0,1284869.0,1284869.0,1284869.0,0
20241126T,1311017.0,1311017.0,1311017.0,1311017.0,0
20241127T,1195740.0,1195740.0,1195740.0,1195740.0,0
20241128T,605662.0,605662.0,605662.0,605662.0,0
20241129T,678016.0,678016.0,678016.0,678016.0,0
20241202T,756224.0,756224.0,756224.0,756224.0,0
20241203T,820341.0,820341.0,820341.0,820341.0,0
20241204T,893099.0,893099.0,893099.0,893099.0,0
20241205T,921437.0,921437.0,921437.0,921437.0,0
20241206T,991513.0,991513.0,991513.0,991513.0,0
20241209T,1131301.0,1131301.0,1131301.0,1131301.0,0
20241210T,1179743.0,1179743.0,1179743.0,1179743.0,0
20241211T,1203644.0,1203644.0,1203644.0,1203644.0,0
20241212T,1292844.0,1292844.0,1292844.0,1292844.0,0
20241213T,1260247.0,1260247.0,1260247.0,1260247.0,0
20241216T,1376695.0,1376695.0,1376695.0,1376695.0,0
20241217T,1529929.0,1529929.0,1529929.0,1529929.0,0
20241218T,1569969.0,1569969.0,1569969.0,1569969.0,0
20241219T,1621418.0,1621418.0,1621418.0,1621418.0,0
20241220T,1705648.0,1705648.0,1705648.0,1705648.0,0
20241223T,1620527.0,1620527.0,1620527.0,1620527.0,0
20241224T,1405827.0,1405827.0,1405827.0,1405827.0,0
20241226T,539383.0,539383.0,539383.0,539383.0,0
20241227T,656827.0,656827.0,656827.0,656827.0,0
20241230T,757423.0,757423.0,757423.0,757423.0,0
20241231T,794881.0,794881.0,794881.0,794881.0,0
20250101T,822843.0,822843.0,822843.0,822843.0,0
20250102T,833862.0,833862.0,833862.0,833862.0,0
20250103T,919737.0,919737.0,919737.0,919737.0,0
20250106T,1030616.0,1030616.0,1030616.0,1030616.0,0
20250107T,1074715.0,1074715.0,1074715.0,1074715.0,0
20250108T,1146465.0,1146465.0,1146465.0,1146465.0,0
20250109T,1233235.0,1233235.0,1233235.0,1233235.0,0
20250110T,1276216.0,1276216.0,1276216.0,1276216.0,0
20250113T,1410258.0,1410258.0,1410258.0,1410258.0,0
20250114T,1411741.0,1411741.0,1411741.0,1411741.0,0
20250115T,1447040.0,1447040.0,1447040.0,1447040.0,0
20250116T,1470948.0,1470948.0,1470948.0,1470948.0,0
20250117T,1496222.0,1496222.0,1496222.0,1496222.0,0
20250120T,1535369.0,1535369.0,1535369.0,1535369.0,0
20250121T,1656899.0,1656899.0,1656899.0,1656899.0,0
20250122T,1671451.0,1671451.0,1671451.0,1671451.0,0
20250123T,1674148.0,1674148.0,1674148.0,1674148.0,0
20250124T,1721085.0,1721085.0,1721085.0,1721085.0,0
20250127T,1769826.0,1769826.0,1769826.0,1769826.0,0
20250128T,1708162.0,1708162.0,1708162.0,1708162.0,0
20250129T,1578577.0,1578577.0,1578577.0,1578577.0,0
20250130T,691539.0,691539.0,691539.0,691539.0,0
20250131T,817523.0,817523.0,817523.0,817523.0,0
20250203T,1125860.0,1125860.0,1125860.0,1125860.0,0
20250204T,1078874.0,1078874.0,1078874.0,1078874.0,0
20250205T,1134721.0,1134721.0,1134721.0,1134721.0,0
20250206T,1271059.0,1271059.0,1271059.0,1271059.0,0
20250207T,1322098.0,1322098.0,1322098.0,1322098.0,0
20250210T,1450243.0,1450243.0,1450243.0,1450243.0,0
20250211T,1559961.0,1559961.0,1559961.0,1559961.0,0
20250212T,1594509.0,1594509.0,1594509.0,1594509.0,0
20250213T,1619760.0,1619760.0,1619760.0,1619760.0,0
20250214T,1748809.0,1748809.0,1748809.0,1748809.0,0
20250217T,1764881.0,1764881.0,1764881.0,1764881.0,0
20250218T,1796313.0,1796313.0,1796313.0,1796313.0,0
20250219T,1755649.0,1755649.0,1755649.0,1755649.0,0
20250220T,1683294.0,1683294.0,1683294.0,1683294.0,0
20250221T,1723445.0,1723445.0,1723445.0,1723445.0,0
20250224T,1692413.0,1692413.0,1692413.0,1692413.0,0
20250225T,1569147.0,1569147.0,1569147.0,1569147.0,0
20250227T,629274.0,629274.0,629274.0,629274.0,0
20250228T,825437.0,825437.0,825437.0,825437.0,0
20250303T,901866.0,901866.0,901866.0,901866.0,0
20250304T,966519.0,966519.0,966519.0,966519.0,0
20250305T,930275.0,930275.0,930275.0,930275.0,0
20250306T,944112.0,944112.0,944112.0,944112.0,0
20250307T,996422.0,996422.0,996422.0,996422.0,0
20250310T,1095708.0,1095708.0,1095708.0,1095708.0,0
20250311T,1126625.0,1126625.0,1126625.0,1126625.0,0
20250312T,1176245.0,1176245.0,1176245.0,1176245.0,0
20250313T,1201161.0,1201161.0,1201161.0,1201161.0,0
20250317T,1206362.0,1206362.0,1206362.0,1206362.0,0
20250318T,1127897.0,1127897.0,1127897.0,1127897.0,0
20250319T,1182611.0,1182611.0,1182611.0,1182611.0,0
20250320T,1220825.0,1220825.0,1220825.0,1220825.0,0
20250321T,1236173.0,1236173.0,1236173.0,1236173.0,0
20250324T,1292572.0,1292572.0,1292572.0,1292572.0,0
20250325T,1323019.0,1323019.0,1323019.0,1323019.0,0
20250326T,1302306.0,1302306.0,1302306.0,1302306.0,0
20250327T,585914.0,585914.0,585914.0,585914.0,0
20250328T,766944.0,766944.0,766944.0,766944.0,0
20250401T,859289.0,859289.0,859289.0,859289.0,0
20250402T,885532.0,885532.0,885532.0,885532.0,0
20250403T,1005768.0,1005768.0,1005768.0,1005768.0,0
20250404T,1194109.0,1194109.0,1194109.0,1194109.0,0
20250407T,1252327.0,1252327.0,1252327.0,1252327.0,0
20250408T,1284962.0,1284962.0,1284962.0,1284962.0,0
20250409T,1363618.0,1363618.0,1363618.0,1363618.0,0
20250411T,1319703.0,1319703.0,1319703.0,1319703.0,0
20250415T,1305916.0,1305916.0,1305916.0,1305916.0,0
20250416T,1338569.0,1338569.0,1338569.0,1338569.0,0
20250417T,1278488.0,1278488.0,1278488.0,1278488.0,0
20250421T,1325407.0,1325407.0,1325407.0,1325407.0,0
20250422T,1340912.0,1340912.0,1340912.0,1340912.0,0
20250423T,1232441.0,1232441.0,1232441.0,1232441.0,0
20250424T,542491.0,542491.0,542491.0,542491.0,0
20250425T,692963.0,692963.0,692963.0,692963.0,0
20250428T,715539.0,715539.0,715539.0,715539.0,0
20250429T,776773.0,776773.0,776773.0,776773.0,0
20250430T,852689.0,852689.0,852689.0,852689.0,0
20250502T,899664.0,899664.0,899664.0,899664.0,0
20250505T,922255.0,922255.0,922255.0,922255.0,0
20250506T,998727.0,998727.0,998727.0,998727.0,0
20250507T,1014807.0,1014807.0,1014807.0,1014807.0,0
20250508T,1077334.0,1077334.0,1077334.0,1077334.0,0
20250509T,1102332.0,1102332.0,1102332.0,1102332.0,0
20250512T,1062554.0,1062554.0,1062554.0,1062554.0,0
20250513T,1172761.0,1172761.0,1172761.0,1172761.0,0
20250514T,1234651.0,1234651.0,1234651.0,1234651.0,0
20250515T,1206279.0,1206279.0,1206279.0,1206279.0,0
20250516T,1305025.0,1305025.0,1305025.0,1305025.0,0
20250519T,1410874.0,1410874.0,1410874.0,1410874.0,0
20250520T,1515130.0,1515130.0,1515130.0,1515130.0,0
20250521T,1519934.0,1519934.0,1519934.0,1519934.0,0
20250522T,1571685.0,1571685.0,1571685.0,1571685.0,0
20250523T,1516696.0,1516696.0,1516696.0,1516696.0,0
20250526T,1513829.0,1513829.0,1513829.0,1513829.0,0
20250527T,1508185.0,1508185.0,1508185.0,1508185.0,0
20250528T,1439953.0,1439953.0,1439953.0,1439953.0,0
20250529T,616436.0,616436.0,616436.0,616436.0,0
20250530T,766557.0,766557.0,766557.0,766557.0,0
20250602T,846262.0,846262.0,846262.0,846262.0,0
20250603T,950983.0,950983.0,950983.0,950983.0,0
20250604T,1001314.0,1001314.0,1001314.0,1001314.0,0
20250605T,1026947.0,1026947.0,1026947.0,1026947.0,0
20250606T,1034724.0,1034724.0,1034724.0,1034724.0,0
20250609T,1109366.0,1109366.0,1109366.0,1109366.0,0
20250610T,1189712.0,1189712.0,1189712.0,1189712.0,0
20250611T,1257476.0,1257476.0,1257476.0,1257476.0,0
20250612T,1375677.0,1375677.0,1375677.0,1375677.0,0
20250613T,1461599.0,1461599.0,1461599.0,1461599.0,0
20250616T,1448017.0,1448017.0,1448017.0,1448017.0,0
20250617T,1523108.0,1523108.0,1523108.0,1523108.0,0
20250618T,1567232.0,1567232.0,1567232.0,1567232.0,0
20250619T,1586269.0,1586269.0,1586269.0,1586269.0,0
20250620T,1449974.0,1449974.0,1449974.0,1449974.0,0
20250623T,1454697.0,1454697.0,1454697.0,1454697.0,0
20250624T,1386246.0,1386246.0,1386246.0,1386246.0,0
20250625T,1293897.0,1293897.0,1293897.0,1293897.0,0
20250626T,482161.0,482161.0,482161.0,482161.0,0
20250627T,596589.0,596589.0,596589.0,596589.0,0
20250630T,683534.0,683534.0,683534.0,683534.0,0
20250701T,748305.0,748305.0,748305.0,748305.0,0
20250702T,809852.0,809852.0,809852.0,809852.0,0
20250703T,856954.0,856954.0,856954.0,856954.0,0
20250704T,923159.0,923159.0,923159.0,923159.0,0
20250707T,980466.0,980466.0,980466.0,980466.0,0
20250708T,1045359.0,1045359.0,1045359.0,1045359.0,0
20250709T,1107131.0,1107131.0,1107131.0,1107131.0,0
20250710T,1172211.0,1172211.0,1172211.0,1172211.0,0
20250711T,1243367.0,1243367.0,1243367.0,1243367.0,0
20250714T,1278615.0,1278615.0,1278615.0,1278615.0,0
20250715T,1275401.0,1275401.0,1275401.0,1275401.0,0
20250716T,1339907.0,1339907.0,1339907.0,1339907.0,0
20250717T,1406417.0,1406417.0,1406417.0,1406417.0,0
20250718T,1486725.0,1486725.0,1486725.0,1486725.0,0
20250721T,1531193.0,1531193.0,1531193.0,1531193.0,0
20250722T,1589885.0,1589885.0,1589885.0,1589885.0,0
20250723T,1558832.0,1558832.0,1558832.0,1558832.0,0
20250724T,1620684.0,1620684.0,1620684.0,1620684.0,0
20250725T,1671051.0,1671051.0,1671051.0,1671051.0,0
20250728T,1691615.0,1691615.0,1691615.0,1691615.0,0
20250729T,1554185.0,1554185.0,1554185.0,1554185.0,0
20250730T,1456788.0,1456788.0,1456788.0,1456788.0,0
20250731T,683624.0,683624.0,683624.0,683624.0,0
20250801T,859423.0,859423.0,859423.0,859423.0,0
20250804T,884319.0,884319.0,884319.0,884319.0,0
20250805T,957835.0,957835.0,957835.0,957835.0,0
20250806T,1033909.0,1033909.0,1033909.0,1033909.0,0
20250807T,1065371.0,1065371.0,1065371.0,1065371.0,0
20250808T,1197347.0,1197347.0,1197347.0,1197347.0,0
20250811T,1187672.0,1187672.0,1187672.0,1187672.0,0
20250812T,1234993.0,1234993.0,1234993.0,1234993.0,0
20250813T,1229265.0,1229265.0,1229265.0,1229265.0,0
20250814T,1273407.0,1273407.0,1273407.0,1273407.0,0
20250818T,1294248.0,1294248.0,1294248.0,1294248.0,0
20250819T,1285441.0,1285441.0,1285441.0,1285441.0,0
20250820T,1334504.0,1334504.0,1334504.0,1334504.0,0
20250821T,1351853.0,1351853.0,1351853.0,1351853.0,0
20250822T,1370806.0,1370806.0,1370806.0,1370806.0,0
20250825T,1313545.0,1313545.0,1313545.0,1313545.0,0
20250826T,1212466.0,1212466.0,1212466.0,1212466.0,0
20250828T,498789.0,498789.0,498789.0,498789.0,0
20250829T,615359.0,615359.0,615359.0,615359.0,0
20250901T,653620.0,653620.0,653620.0,653620.0,0
20250902T,697483.0,697483.0,697483.0,697483.0,0
20250903T,744246.0,744246.0,744246.0,744246.0,0
20250904T,835417.0,835417.0,835417.0,835417.0,0
20250905T,850936.0,850936.0,850936.0,850936.0,0
20250908T,883890.0,883890.0,883890.0,883890.0,0
20250909T,949613.0,949613.0,949613.0,949613.0,0
20250910T,972953.0,972953.0,972953.0,972953.0,0
20250911T,1045435.0,1045435.0,1045435.0,1045435.0,0
20250912T,1106156.0,1106156.0,1106156.0,1106156.0,0
20250915T,1184773.0,1184773.0,1184773.0,1184773.0,0
20250916T,1188914.0,1188914.0,1188914.0,1188914.0,0
20250917T,1264794.0,1264794.0,1264794.0,1264794.0,0
20250918T,1319360.0,1319360.0,1319360.0,1319360.0,0
20250919T,1399843.0,1399843.0,1399843.0,1399843.0,0
20250922T,1519957.0,1519957.0,1519957.0,1519957.0,0
20250923T,1571937.0,1571937.0,1571937.0,1571937.0,0
20250924T,1652091.0,1652091.0,1652091.0,1652091.0,0
20250925T,1659478.0,1659478.0,1659478.0,1659478.0,0
20250926T,1640887.0,1640887.0,1640887.0,1640887.0,0
20250929T,1503664.0,1503664.0,1503664.0,1503664.0,0
20250930T,721413.0,721413.0,721413.0,721413.0,0
20251001T,824914.0,824914.0,824914.0,824914.0,0
20251003T,910760.0,910760.0,910760.0,910760.0,0
20251006T,975634.0,975634.0,975634.0,975634.0,0
20251007T,1068036.0,1068036.0,1068036.0,1068036.0,0
20251008T,1197938.0,1197938.0,1197938.0,1197938.0,0
20251009T,1201783.0,1201783.0,1201783.0,1201783.0,0
20251010T,1232905.0,1232905.0,1232905.0,1232905.0,0
20251013T,1259967.0,1259967.0,1259967.0,1259967.0,0
20251014T,1415715.0,1415715.0,1415715.0,1415715.0,0
20251015T,1413635.0,1413635.0,1413635.0,1413635.0,0
20251016T,1428254.0,1428254.0,1428254.0,1428254.0,0
20251017T,1517530.0,1517530.0,1517530.0,1517530.0,0
20251020T,1549971.0,1549971.0,1549971.0,1549971.0,0
20251023T,1539923.0,1539923.0,1539923.0,1539923.0,0
20251024T,1498138.0,1498138.0,1498138.0,1498138.0,0
20251027T,1398688.0,1398688.0,1398688.0,1398688.0,0
20251028T,668835.0,668835.0,668835.0,668835.0,0
20251029T,850671.0,850671.0,850671.0,850671.0,0
20251030T,993311.0,993311.0,993311.0,993311.0,0
20251031T,1130923.0,1130923.0,1130923.0,1130923.0,0
20251103T,1208535.0,1208535.0,1208535.0,1208535.0,0
20251104T,1354211.0,1354211.0,1354211.0,1354211.0,0
20251106T,1468843.0,1468843.0,1468843.0,1468843.0,0
20251107T,1530848.0,1530848.0,1530848.0,1530848.0,0
20251110T,1593493.0,1593493.0,1593493.0,1593493.0,0
20251111T,1623174.0,1623174.0,1623174.0,1623174.0,0
20251112T,1630972.0,1630972.0,1630972.0,1630972.0,0
20251113T,1682527.0,1682527.0,1682527.0,1682527.0,0
20251114T,1754871.0,1754871.0,1754871.0,1754871.0,0
20251117T,1799094.0,1799094.0,1799094.0,1799094.0,0
20251118T,1876867.0,1876867.0,1876867.0,1876867.0,0
20251119T,1860106.0,1860106.0,1860106.0,1860106.0,0
20251120T,1756094.0,1756094.0,1756094.0,1756094.0,0
20251121T,1760889.0,1760889.0,1760889.0,1760889.0,0
20251124T,1599742.0,1599742.0,1599742.0,1599742.0,0
20251125T,713881.0,713881.0,713881.0,713881.0,0
20251126T,774446.0,774446.0,774446.0,774446.0,0
20251127T,879139.0,879139.0,879139.0,879139.0,0
20251128T,949891.0,949891.0,949891.0,949891.0,0
20251201T,1030602.0,1030602.0,1030602.0,1030602.0,0
20251202T,1092560.0,1092560.0,1092560.0,1092560.0,0
20251203T,1213860.0,1213860.0,1213860.0,1213860.0,0
20251204T,1235022.0,1235022.0,1235022.0,1235022.0,0
20251205T,1264950.0,1264950.0,1264950.0,1264950.0,0
20251208T,1429991.0,1429991.0,1429991.0,1429991.0,0
20251209T,1466352.0,1466352.0,1466352.0,1466352.0,0
20251210T,1582916.0,1582916.0,1582916.0,1582916.0,0
20251211T,1536689.0,1536689.0,1536689.0,1536689.0,0
20251212T,1537898.0,1537898.0,1537898.0,1537898.0,0
20251215T,1597273.0,1597273.0,1597273.0,1597273.0,0
20251216T,1711734.0,1711734.0,1711734.0,1711734.0,0
20251217T,1777796.0,1777796.0,1777796.0,1777796.0,0
20251218T,1758377.0,1758377.0,1758377.0,1758377.0,0
20251219T,1702177.0,1702177.0,1702177.0,1702177.0,0
20251222T,1719632.0,1719632.0,1719632.0,1719632.0,0
20251223T,1727319.0,1727319.0,1727319.0,1727319.0,0
20251224T,1745689.0,1745689.0,1745689.0,1745689.0,0
20251226T,1724496.0,1724496.0,1724496.0,1724496.0,0
20251229T,1655489.0,1655489.0,1655489.0,1655489.0,0
20251230T,730645.0,730645.0,730645.0,730645.0,0
20251231T,832357.0,832357.0,832357.0,832357.0,0
20260101T,930039.0,930039.0,930039.0,930039.0,0
20260102T,1035856.0,1035856.0,1035856.0,1035856.0,0
20260105T,1197588.0,1197588.0,1197588.0,1197588.0,0
20260106T,1347214.0,1347214.0,1347214.0,1347214.0,0
20260107T,1469411.0,1469411.0,1469411.0,1469411.0,0
20260108T,1606937.0,1606937.0,1606937.0,1606937.0,0
20260109T,1717410.0,1717410.0,1717410.0,1717410.0,0
20260112T,1763835.0,1763835.0,1763835.0,1763835.0,0
20260113T,1868585.0,1868585.0,1868585.0,1868585.0,0
20260114T,1941970.0,1941970.0,1941970.0,1941970.0,0
20260116T,2062533.0,2062533.0,2062533.0,2062533.0,0
20260119T,2134052.0,2134052.0,2134052.0,2134052.0,0
20260120T,2138581.0,2138581.0,2138581.0,2138581.0,0
20260121T,2113239.0,2113239.0,2113239.0,2113239.0,0
20260122T,1969772.0,1969772.0,1969772.0,1969772.0,0
20260123T,1830374.0,1830374.0,1830374.0,1830374.0,0
20260127T,679189.0,679189.0,679189.0,679189.0,0
20260128T,829674.0,829674.0,829674.0,829674.0,0
20260129T,972504.0,972504.0,972504.0,972504.0,0
20260130T,1112285.0,1112285.0,1112285.0,1112285.0,0
20260201T,1318886.0,1318886.0,1318886.0,1318886.0,0
20260202T,1375762.0,1375762.0,1375762.0,1375762.0,0
