20120106T,336428.0,336428.0,336428.0,336428.0,0
20120109T,356678.0,356678.0,356678.0,356678.0,0
20120110T,350039.0,350039.0,350039.0,350039.0,0
20120111T,372104.0,372104.0,372104.0,372104.0,0
20120112T,386405.0,386405.0,386405.0,386405.0,0
20120113T,382835.0,382835.0,382835.0,382835.0,0
20120116T,394947.0,394947.0,394947.0,394947.0,0
20120117T,381291.0,381291.0,381291.0,381291.0,0
20120118T,375434.0,375434.0,375434.0,375434.0,0
20120119T,361260.0,361260.0,361260.0,361260.0,0
20120120T,363922.0,363922.0,363922.0,363922.0,0
20120123T,372765.0,372765.0,372765.0,372765.0,0
20120124T,340186.0,340186.0,340186.0,340186.0,0
20120125T,229742.0,229742.0,229742.0,229742.0,0
20120127T,247119.0,247119.0,247119.0,247119.0,0
20120130T,283494.0,283494.0,283494.0,283494.0,0
20120131T,295346.0,295346.0,295346.0,295346.0,0
20120201T,319528.0,319528.0,319528.0,319528.0,0
20120202T,322649.0,322649.0,322649.0,322649.0,0
20120203T,325545.0,325545.0,325545.0,325545.0,0
20120206T,328644.0,328644.0,328644.0,328644.0,0
20120207T,348645.0,348645.0,348645.0,348645.0,0
20120208T,354110.0,354110.0,354110.0,354110.0,0
20120209T,346251.0,346251.0,346251.0,346251.0,0
20120210T,365546.0,365546.0,365546.0,365546.0,0
20120213T,356857.0,356857.0,356857.0,356857.0,0
20120214T,350761.0,350761.0,350761.0,350761.0,0
20120215T,304240.0,304240.0,304240.0,304240.0,0
20120216T,318138.0,318138.0,318138.0,318138.0,0
20120217T,328779.0,328779.0,328779.0,328779.0,0
20120221T,323638.0,323638.0,323638.0,323638.0,0
20120222T,413956.0,413956.0,413956.0,413956.0,0
20120223T,203813.0,203813.0,203813.0,203813.0,0
20120224T,232514.0,232514.0,232514.0,232514.0,0
20120227T,262450.0,262450.0,262450.0,262450.0,0
20120228T,261784.0,261784.0,261784.0,261784.0,0
20120229T,265520.0,265520.0,265520.0,265520.0,0
20120301T,300484.0,300484.0,300484.0,300484.0,0
20120302T,299977.0,299977.0,299977.0,299977.0,0
20120305T,337958.0,337958.0,337958.0,337958.0,0
20120306T,349404.0,349404.0,349404.0,349404.0,0
20120307T,375263.0,375263.0,375263.0,375263.0,0
20120309T,356622.0,356622.0,356622.0,356622.0,0
20120312T,376031.0,376031.0,376031.0,376031.0,0
20120313T,383306.0,383306.0,383306.0,383306.0,0
20120314T,367739.0,367739.0,367739.0,367739.0,0
20120315T,437835.0,437835.0,437835.0,437835.0,0
20120316T,452371.0,452371.0,452371.0,452371.0,0
20120319T,479330.0,479330.0,479330.0,479330.0,0
20120320T,494588.0,494588.0,494588.0,494588.0,0
20120321T,466425.0,466425.0,466425.0,466425.0,0
20120322T,500084.0,500084.0,500084.0,500084.0,0
20120323T,466877.0,466877.0,466877.0,466877.0,0
20120326T,539273.0,539273.0,539273.0,539273.0,0
20120327T,518578.0,518578.0,518578.0,518578.0,0
20120328T,577559.0,577559.0,577559.0,577559.0,0
20120329T,206601.0,206601.0,206601.0,206601.0,0
20120330T,217505.0,217505.0,217505.0,217505.0,0
20120402T,230823.0,230823.0,230823.0,230823.0,0
20120403T,232524.0,232524.0,232524.0,232524.0,0
20120404T,241991.0,241991.0,241991.0,241991.0,0
20120409T,282225.0,282225.0,282225.0,282225.0,0
20120410T,287946.0,287946.0,287946.0,287946.0,0
20120411T,294406.0,294406.0,294406.0,294406.0,0
20120412T,298747.0,298747.0,298747.0,298747.0,0
20120413T,333559.0,333559.0,333559.0,333559.0,0
20120416T,342299.0,342299.0,342299.0,342299.0,0
20120417T,320590.0,320590.0,320590.0,320590.0,0
20120418T,318224.0,318224.0,318224.0,318224.0,0
20120419T,342565.0,342565.0,342565.0,342565.0,0
20120420T,335402.0,335402.0,335402.0,335402.0,0
20120423T,401420.0,401420.0,401420.0,401420.0,0
20120424T,397469.0,397469.0,397469.0,397469.0,0
20120425T,427138.0,427138.0,427138.0,427138.0,0
20120426T,187319.0,187319.0,187319.0,187319.0,0
20120427T,201667.0,201667.0,201667.0,201667.0,0
20120430T,205481.0,205481.0,205481.0,205481.0,0
20120502T,214505.0,214505.0,214505.0,214505.0,0
20120503T,245572.0,245572.0,245572.0,245572.0,0
20120504T,302888.0,302888.0,302888.0,302888.0,0
20120507T,323171.0,323171.0,323171.0,323171.0,0
20120508T,377233.0,377233.0,377233.0,377233.0,0
20120509T,403475.0,403475.0,403475.0,403475.0,0
20120510T,416571.0,416571.0,416571.0,416571.0,0
20120511T,427815.0,427815.0,427815.0,427815.0,0
20120514T,452749.0,452749.0,452749.0,452749.0,0
20120515T,433685.0,433685.0,433685.0,433685.0,0
20120516T,481519.0,481519.0,481519.0,481519.0,0
20120517T,491178.0,491178.0,491178.0,491178.0,0
20120518T,504841.0,504841.0,504841.0,504841.0,0
20120521T,493783.0,493783.0,493783.0,493783.0,0
20120522T,494867.0,494867.0,494867.0,494867.0,0
20120523T,525168.0,525168.0,525168.0,525168.0,0
20120524T,500597.0,500597.0,500597.0,500597.0,0
20120525T,500179.0,500179.0,500179.0,500179.0,0
20120528T,478850.0,478850.0,478850.0,478850.0,0
20120529T,475939.0,475939.0,475939.0,475939.0,0
20120530T,511209.0,511209.0,511209.0,511209.0,0
20120531T,239418.0,239418.0,239418.0,239418.0,0
20120601T,278246.0,278246.0,278246.0,278246.0,0
20120604T,275694.0,275694.0,275694.0,275694.0,0
20120605T,280383.0,280383.0,280383.0,280383.0,0
20120606T,299629.0,299629.0,299629.0,299629.0,0
20120607T,291872.0,291872.0,291872.0,291872.0,0
20120608T,293290.0,293290.0,293290.0,293290.0,0
20120611T,310264.0,310264.0,310264.0,310264.0,0
20120612T,313268.0,313268.0,313268.0,313268.0,0
20120613T,310865.0,310865.0,310865.0,310865.0,0
20120614T,326044.0,326044.0,326044.0,326044.0,0
20120615T,323815.0,323815.0,323815.0,323815.0,0
20120618T,341461.0,341461.0,341461.0,341461.0,0
20120619T,357979.0,357979.0,357979.0,357979.0,0
20120620T,370463.0,370463.0,370463.0,370463.0,0
20120621T,351942.0,351942.0,351942.0,351942.0,0
20120622T,345901.0,345901.0,345901.0,345901.0,0
20120625T,400489.0,400489.0,400489.0,400489.0,0
20120626T,391989.0,391989.0,391989.0,391989.0,0
20120627T,373917.0,373917.0,373917.0,373917.0,0
20120628T,206671.0,206671.0,206671.0,206671.0,0
20120629T,222090.0,222090.0,222090.0,222090.0,0
20120702T,246222.0,246222.0,246222.0,246222.0,0
20120703T,239200.0,239200.0,239200.0,239200.0,0
20120704T,247197.0,247197.0,247197.0,247197.0,0
20120705T,253404.0,253404.0,253404.0,253404.0,0
20120706T,271238.0,271238.0,271238.0,271238.0,0
20120709T,273274.0,273274.0,273274.0,273274.0,0
20120710T,275017.0,275017.0,275017.0,275017.0,0
20120711T,286609.0,286609.0,286609.0,286609.0,0
20120712T,305019.0,305019.0,305019.0,305019.0,0
20120713T,325916.0,325916.0,325916.0,325916.0,0
20120716T,346032.0,346032.0,346032.0,346032.0,0
20120717T,352543.0,352543.0,352543.0,352543.0,0
20120718T,330603.0,330603.0,330603.0,330603.0,0
20120719T,322357.0,322357.0,322357.0,322357.0,0
20120720T,362091.0,362091.0,362091.0,362091.0,0
20120723T,430608.0,430608.0,430608.0,430608.0,0
20120724T,417601.0,417601.0,417601.0,417601.0,0
20120725T,447569.0,447569.0,447569.0,447569.0,0
20120726T,203613.0,203613.0,203613.0,203613.0,0
20120727T,234380.0,234380.0,234380.0,234380.0,0
20120730T,243228.0,243228.0,243228.0,243228.0,0
20120731T,242488.0,242488.0,242488.0,242488.0,0
20120801T,244774.0,244774.0,244774.0,244774.0,0
20120802T,259047.0,259047.0,259047.0,259047.0,0
20120803T,259468.0,259468.0,259468.0,259468.0,0
20120806T,276535.0,276535.0,276535.0,276535.0,0
20120807T,274334.0,274334.0,274334.0,274334.0,0
20120808T,303867.0,303867.0,303867.0,303867.0,0
20120809T,294289.0,294289.0,294289.0,294289.0,0
20120810T,276185.0,276185.0,276185.0,276185.0,0
20120813T,282809.0,282809.0,282809.0,282809.0,0
20120814T,273400.0,273400.0,273400.0,273400.0,0
20120816T,285284.0,285284.0,285284.0,285284.0,0
20120817T,282646.0,282646.0,282646.0,282646.0,0
20120821T,289611.0,289611.0,289611.0,289611.0,0
20120822T,309625.0,309625.0,309625.0,309625.0,0
20120823T,299429.0,299429.0,299429.0,299429.0,0
20120824T,321192.0,321192.0,321192.0,321192.0,0
20120827T,360850.0,360850.0,360850.0,360850.0,0
20120828T,370196.0,370196.0,370196.0,370196.0,0
20120829T,395895.0,395895.0,395895.0,395895.0,0
20120830T,207928.0,207928.0,207928.0,207928.0,0
20120831T,254153.0,254153.0,254153.0,254153.0,0
20120903T,274325.0,274325.0,274325.0,274325.0,0
20120904T,298352.0,298352.0,298352.0,298352.0,0
20120905T,327247.0,327247.0,327247.0,327247.0,0
20120906T,349950.0,349950.0,349950.0,349950.0,0
20120907T,321696.0,321696.0,321696.0,321696.0,0
20120910T,343555.0,343555.0,343555.0,343555.0,0
20120911T,334082.0,334082.0,334082.0,334082.0,0
20120912T,328152.0,328152.0,328152.0,328152.0,0
20120913T,370097.0,370097.0,370097.0,370097.0,0
20120914T,354536.0,354536.0,354536.0,354536.0,0
20120917T,363207.0,363207.0,363207.0,363207.0,0
20120918T,372243.0,372243.0,372243.0,372243.0,0
20120920T,364540.0,364540.0,364540.0,364540.0,0
20120921T,377360.0,377360.0,377360.0,377360.0,0
20120924T,408838.0,408838.0,408838.0,408838.0,0
20120925T,419079.0,419079.0,419079.0,419079.0,0
20120926T,420064.0,420064.0,420064.0,420064.0,0
20120927T,250973.0,250973.0,250973.0,250973.0,0
20120928T,238691.0,238691.0,238691.0,238691.0,0
20121001T,259515.0,259515.0,259515.0,259515.0,0
20121003T,276961.0,276961.0,276961.0,276961.0,0
20121004T,268380.0,268380.0,268380.0,268380.0,0
20121005T,311142.0,311142.0,311142.0,311142.0,0
20121008T,340036.0,340036.0,340036.0,340036.0,0
20121009T,334632.0,334632.0,334632.0,334632.0,0
20121010T,384971.0,384971.0,384971.0,384971.0,0
20121011T,341653.0,341653.0,341653.0,341653.0,0
20121012T,380927.0,380927.0,380927.0,380927.0,0
20121015T,368316.0,368316.0,368316.0,368316.0,0
20121016T,394092.0,394092.0,394092.0,394092.0,0
20121017T,398419.0,398419.0,398419.0,398419.0,0
20121018T,355341.0,355341.0,355341.0,355341.0,0
20121019T,361191.0,361191.0,361191.0,361191.0,0
20121022T,363620.0,363620.0,363620.0,363620.0,0
20121023T,369828.0,369828.0,369828.0,369828.0,0
20121025T,195099.0,195099.0,195099.0,195099.0,0
20121026T,236418.0,236418.0,236418.0,236418.0,0
20121029T,249997.0,249997.0,249997.0,249997.0,0
20121030T,300024.0,300024.0,300024.0,300024.0,0
20121031T,292895.0,292895.0,292895.0,292895.0,0
20121101T,289405.0,289405.0,289405.0,289405.0,0
20121102T,288230.0,288230.0,288230.0,288230.0,0
20121105T,300505.0,300505.0,300505.0,300505.0,0
20121106T,311140.0,311140.0,311140.0,311140.0,0
20121107T,304613.0,304613.0,304613.0,304613.0,0
20121108T,319704.0,319704.0,319704.0,319704.0,0
20121109T,333807.0,333807.0,333807.0,333807.0,0
20121112T,348364.0,348364.0,348364.0,348364.0,0
20121113T,351496.0,351496.0,351496.0,351496.0,0
20121115T,361470.0,361470.0,361470.0,361470.0,0
20121116T,391188.0,391188.0,391188.0,391188.0,0
20121119T,398288.0,398288.0,398288.0,398288.0,0
20121120T,380378.0,380378.0,380378.0,380378.0,0
20121121T,386394.0,386394.0,386394.0,386394.0,0
20121122T,364511.0,364511.0,364511.0,364511.0,0
20121123T,390309.0,390309.0,390309.0,390309.0,0
20121126T,408376.0,408376.0,408376.0,408376.0,0
20121127T,367810.0,367810.0,367810.0,367810.0,0
20121129T,242577.0,242577.0,242577.0,242577.0,0
20121130T,247013.0,247013.0,247013.0,247013.0,0
20121203T,284774.0,284774.0,284774.0,284774.0,0
20121204T,309644.0,309644.0,309644.0,309644.0,0
20121205T,336268.0,336268.0,336268.0,336268.0,0
20121206T,328807.0,328807.0,328807.0,328807.0,0
20121207T,335632.0,335632.0,335632.0,335632.0,0
20121210T,329192.0,329192.0,329192.0,329192.0,0
20121211T,347575.0,347575.0,347575.0,347575.0,0
20121212T,359333.0,359333.0,359333.0,359333.0,0
20121213T,375352.0,375352.0,375352.0,375352.0,0
20121214T,356514.0,356514.0,356514.0,356514.0,0
20121217T,372370.0,372370.0,372370.0,372370.0,0
20121218T,381485.0,381485.0,381485.0,381485.0,0
20121219T,374511.0,374511.0,374511.0,374511.0,0
20121220T,377933.0,377933.0,377933.0,377933.0,0
20121221T,412645.0,412645.0,412645.0,412645.0,0
20121224T,381388.0,381388.0,381388.0,381388.0,0
20121226T,360274.0,360274.0,360274.0,360274.0,0
20121227T,189539.0,189539.0,189539.0,189539.0,0
20121228T,202535.0,202535.0,202535.0,202535.0,0
20121231T,214903.0,214903.0,214903.0,214903.0,0
20130101T,240395.0,240395.0,240395.0,240395.0,0
20130102T,256964.0,256964.0,256964.0,256964.0,0
20130103T,255979.0,255979.0,255979.0,255979.0,0
20130104T,239319.0,239319.0,239319.0,239319.0,0
20130107T,246341.0,246341.0,246341.0,246341.0,0
20130108T,242640.0,242640.0,242640.0,242640.0,0
20130109T,256849.0,256849.0,256849.0,256849.0,0
20130110T,246422.0,246422.0,246422.0,246422.0,0
20130111T,268099.0,268099.0,268099.0,268099.0,0
20130114T,245896.0,245896.0,245896.0,245896.0,0
20130115T,256105.0,256105.0,256105.0,256105.0,0
20130116T,274987.0,274987.0,274987.0,274987.0,0
20130117T,256992.0,256992.0,256992.0,256992.0,0
20130118T,251093.0,251093.0,251093.0,251093.0,0
20130121T,253258.0,253258.0,253258.0,253258.0,0
20130122T,278676.0,278676.0,278676.0,278676.0,0
20130123T,279999.0,279999.0,279999.0,279999.0,0
20130124T,319187.0,319187.0,319187.0,319187.0,0
20130125T,291454.0,291454.0,291454.0,291454.0,0
20130128T,312690.0,312690.0,312690.0,312690.0,0
20130129T,333634.0,333634.0,333634.0,333634.0,0
20130130T,333507.0,333507.0,333507.0,333507.0,0
20130131T,164539.0,164539.0,164539.0,164539.0,0
20130201T,177248.0,177248.0,177248.0,177248.0,0
20130204T,219355.0,219355.0,219355.0,219355.0,0
20130205T,209260.0,209260.0,209260.0,209260.0,0
20130206T,233891.0,233891.0,233891.0,233891.0,0
20130207T,251369.0,251369.0,251369.0,251369.0,0
20130208T,277791.0,277791.0,277791.0,277791.0,0
20130211T,270539.0,270539.0,270539.0,270539.0,0
20130212T,272024.0,272024.0,272024.0,272024.0,0
20130213T,255167.0,255167.0,255167.0,255167.0,0
20130214T,286242.0,286242.0,286242.0,286242.0,0
20130215T,292465.0,292465.0,292465.0,292465.0,0
20130218T,306694.0,306694.0,306694.0,306694.0,0
20130219T,285957.0,285957.0,285957.0,285957.0,0
20130220T,287685.0,287685.0,287685.0,287685.0,0
20130221T,395234.0,395234.0,395234.0,395234.0,0
20130222T,384500.0,384500.0,384500.0,384500.0,0
20130225T,371940.0,371940.0,371940.0,371940.0,0
20130226T,449658.0,449658.0,449658.0,449658.0,0
20130227T,472115.0,472115.0,472115.0,472115.0,0
20130228T,201425.0,201425.0,201425.0,201425.0,0
20130301T,202992.0,202992.0,202992.0,202992.0,0
20130304T,227867.0,227867.0,227867.0,227867.0,0
20130305T,222356.0,222356.0,222356.0,222356.0,0
20130306T,225450.0,225450.0,225450.0,225450.0,0
20130307T,236555.0,236555.0,236555.0,236555.0,0
20130308T,230761.0,230761.0,230761.0,230761.0,0
20130311T,249944.0,249944.0,249944.0,249944.0,0
20130312T,271617.0,271617.0,271617.0,271617.0,0
20130313T,287604.0,287604.0,287604.0,287604.0,0
20130314T,288928.0,288928.0,288928.0,288928.0,0
20130315T,300037.0,300037.0,300037.0,300037.0,0
20130318T,313828.0,313828.0,313828.0,313828.0,0
20130319T,399932.0,399932.0,399932.0,399932.0,0
20130320T,470905.0,470905.0,470905.0,470905.0,0
20130321T,496188.0,496188.0,496188.0,496188.0,0
20130322T,511310.0,511310.0,511310.0,511310.0,0
20130325T,555430.0,555430.0,555430.0,555430.0,0
20130326T,532496.0,532496.0,532496.0,532496.0,0
20130328T,173172.0,173172.0,173172.0,173172.0,0
20130401T,181636.0,181636.0,181636.0,181636.0,0
20130402T,203590.0,203590.0,203590.0,203590.0,0
20130403T,242431.0,242431.0,242431.0,242431.0,0
20130404T,299470.0,299470.0,299470.0,299470.0,0
20130405T,330323.0,330323.0,330323.0,330323.0,0
20130408T,349522.0,349522.0,349522.0,349522.0,0
20130409T,366095.0,366095.0,366095.0,366095.0,0
20130410T,348934.0,348934.0,348934.0,348934.0,0
20130411T,328136.0,328136.0,328136.0,328136.0,0
20130412T,334331.0,334331.0,334331.0,334331.0,0
20130415T,343466.0,343466.0,343466.0,343466.0,0
20130416T,330750.0,330750.0,330750.0,330750.0,0
20130417T,341219.0,341219.0,341219.0,341219.0,0
20130418T,311392.0,311392.0,311392.0,311392.0,0
20130422T,284898.0,284898.0,284898.0,284898.0,0
20130423T,310677.0,310677.0,310677.0,310677.0,0
20130425T,176282.0,176282.0,176282.0,176282.0,0
20130426T,192274.0,192274.0,192274.0,192274.0,0
20130429T,198369.0,198369.0,198369.0,198369.0,0
20130430T,196839.0,196839.0,196839.0,196839.0,0
20130502T,251542.0,251542.0,251542.0,251542.0,0
20130503T,241496.0,241496.0,241496.0,241496.0,0
20130506T,244160.0,244160.0,244160.0,244160.0,0
20130507T,279625.0,279625.0,279625.0,279625.0,0
20130508T,283383.0,283383.0,283383.0,283383.0,0
20130509T,274163.0,274163.0,274163.0,274163.0,0
20130510T,304776.0,304776.0,304776.0,304776.0,0
20130513T,294702.0,294702.0,294702.0,294702.0,0
20130514T,294589.0,294589.0,294589.0,294589.0,0
20130515T,306414.0,306414.0,306414.0,306414.0,0
20130516T,304737.0,304737.0,304737.0,304737.0,0
20130517T,302152.0,302152.0,302152.0,302152.0,0
20130520T,295789.0,295789.0,295789.0,295789.0,0
20130521T,302668.0,302668.0,302668.0,302668.0,0
20130522T,306585.0,306585.0,306585.0,306585.0,0
20130523T,351625.0,351625.0,351625.0,351625.0,0
20130524T,347628.0,347628.0,347628.0,347628.0,0
20130527T,365617.0,365617.0,365617.0,365617.0,0
20130528T,342230.0,342230.0,342230.0,342230.0,0
20130529T,357885.0,357885.0,357885.0,357885.0,0
20130530T,172238.0,172238.0,172238.0,172238.0,0
20130531T,197121.0,197121.0,197121.0,197121.0,0
20130603T,222804.0,222804.0,222804.0,222804.0,0
20130604T,236523.0,236523.0,236523.0,236523.0,0
20130605T,249344.0,249344.0,249344.0,249344.0,0
20130606T,267961.0,267961.0,267961.0,267961.0,0
20130607T,284234.0,284234.0,284234.0,284234.0,0
20130610T,302283.0,302283.0,302283.0,302283.0,0
20130611T,356127.0,356127.0,356127.0,356127.0,0
20130612T,368966.0,368966.0,368966.0,368966.0,0
20130613T,407766.0,407766.0,407766.0,407766.0,0
20130614T,371676.0,371676.0,371676.0,371676.0,0
20130617T,378158.0,378158.0,378158.0,378158.0,0
20130618T,398375.0,398375.0,398375.0,398375.0,0
20130619T,403862.0,403862.0,403862.0,403862.0,0
20130620T,455439.0,455439.0,455439.0,455439.0,0
20130621T,504926.0,504926.0,504926.0,504926.0,0
20130624T,521320.0,521320.0,521320.0,521320.0,0
20130625T,552316.0,552316.0,552316.0,552316.0,0
20130626T,559208.0,559208.0,559208.0,559208.0,0
20130627T,201103.0,201103.0,201103.0,201103.0,0
20130628T,196307.0,196307.0,196307.0,196307.0,0
20130701T,211759.0,211759.0,211759.0,211759.0,0
20130702T,218160.0,218160.0,218160.0,218160.0,0
20130703T,246999.0,246999.0,246999.0,246999.0,0
20130704T,253781.0,253781.0,253781.0,253781.0,0
20130705T,234429.0,234429.0,234429.0,234429.0,0
20130708T,250304.0,250304.0,250304.0,250304.0,0
20130709T,245210.0,245210.0,245210.0,245210.0,0
20130710T,256611.0,256611.0,256611.0,256611.0,0
20130711T,232974.0,232974.0,232974.0,232974.0,0
20130712T,244468.0,244468.0,244468.0,244468.0,0
20130715T,234715.0,234715.0,234715.0,234715.0,0
20130716T,260484.0,260484.0,260484.0,260484.0,0
20130717T,292169.0,292169.0,292169.0,292169.0,0
20130718T,269721.0,269721.0,269721.0,269721.0,0
20130719T,278500.0,278500.0,278500.0,278500.0,0
20130722T,285488.0,285488.0,285488.0,285488.0,0
20130723T,267599.0,267599.0,267599.0,267599.0,0
20130724T,325531.0,325531.0,325531.0,325531.0,0
20130725T,180132.0,180132.0,180132.0,180132.0,0
20130726T,207510.0,207510.0,207510.0,207510.0,0
20130729T,227342.0,227342.0,227342.0,227342.0,0
20130730T,261696.0,261696.0,261696.0,261696.0,0
20130731T,283794.0,283794.0,283794.0,283794.0,0
20130801T,290979.0,290979.0,290979.0,290979.0,0
20130802T,322131.0,322131.0,322131.0,322131.0,0
20130805T,335608.0,335608.0,335608.0,335608.0,0
20130806T,385399.0,385399.0,385399.0,385399.0,0
20130807T,395547.0,395547.0,395547.0,395547.0,0
20130808T,396092.0,396092.0,396092.0,396092.0,0
20130812T,379032.0,379032.0,379032.0,379032.0,0
20130813T,373123.0,373123.0,373123.0,373123.0,0
20130814T,372592.0,372592.0,372592.0,372592.0,0
20130816T,474110.0,474110.0,474110.0,474110.0,0
20130819T,558860.0,558860.0,558860.0,558860.0,0
20130820T,577829.0,577829.0,577829.0,577829.0,0
20130821T,585580.0,585580.0,585580.0,585580.0,0
20130822T,0.0,0.0,0.0,0.0,0
20130823T,593259.0,593259.0,593259.0,593259.0,0
20130826T,590006.0,590006.0,590006.0,590006.0,0
20130827T,685476.0,685476.0,685476.0,685476.0,0
20130828T,704465.0,704465.0,704465.0,704465.0,0
20130829T,253431.0,253431.0,253431.0,253431.0,0
20130830T,266095.0,266095.0,266095.0,266095.0,0
20130902T,278935.0,278935.0,278935.0,278935.0,0
20130903T,313215.0,313215.0,313215.0,313215.0,0
20130904T,326223.0,326223.0,326223.0,326223.0,0
20130905T,315549.0,315549.0,315549.0,315549.0,0
20130906T,315126.0,315126.0,315126.0,315126.0,0
20130910T,324846.0,324846.0,324846.0,324846.0,0
20130911T,324047.0,324047.0,324047.0,324047.0,0
20130912T,326226.0,326226.0,326226.0,326226.0,0
20130913T,325087.0,325087.0,325087.0,325087.0,0
20130916T,316683.0,316683.0,316683.0,316683.0,0
20130917T,317788.0,317788.0,317788.0,317788.0,0
20130918T,344672.0,344672.0,344672.0,344672.0,0
20130919T,353133.0,353133.0,353133.0,353133.0,0
20130920T,350840.0,350840.0,350840.0,350840.0,0
20130923T,391959.0,391959.0,391959.0,391959.0,0
20130924T,398590.0,398590.0,398590.0,398590.0,0
20130925T,439271.0,439271.0,439271.0,439271.0,0
20130926T,211311.0,211311.0,211311.0,211311.0,0
20130927T,228313.0,228313.0,228313.0,228313.0,0
20130930T,247411.0,247411.0,247411.0,247411.0,0
20131001T,266065.0,266065.0,266065.0,266065.0,0
20131003T,267947.0,267947.0,267947.0,267947.0,0
20131004T,271492.0,271492.0,271492.0,271492.0,0
20131007T,281091.0,281091.0,281091.0,281091.0,0
20131008T,279663.0,279663.0,279663.0,279663.0,0
20131010T,284103.0,284103.0,284103.0,284103.0,0
20131011T,282625.0,282625.0,282625.0,282625.0,0
20131014T,281185.0,281185.0,281185.0,281185.0,0
20131015T,283554.0,283554.0,283554.0,283554.0,0
20131017T,273665.0,273665.0,273665.0,273665.0,0
20131018T,267203.0,267203.0,267203.0,267203.0,0
20131021T,275993.0,275993.0,275993.0,275993.0,0
20131022T,269941.0,269941.0,269941.0,269941.0,0
20131023T,263168.0,263168.0,263168.0,263168.0,0
20131024T,278107.0,278107.0,278107.0,278107.0,0
20131025T,289189.0,289189.0,289189.0,289189.0,0
20131028T,316417.0,316417.0,316417.0,316417.0,0
20131029T,275560.0,275560.0,275560.0,275560.0,0
20131030T,298051.0,298051.0,298051.0,298051.0,0
20131031T,164828.0,164828.0,164828.0,164828.0,0
20131101T,184329.0,184329.0,184329.0,184329.0,0
20131105T,195882.0,195882.0,195882.0,195882.0,0
20131106T,211150.0,211150.0,211150.0,211150.0,0
20131107T,228504.0,228504.0,228504.0,228504.0,0
20131108T,244289.0,244289.0,244289.0,244289.0,0
20131111T,264595.0,264595.0,264595.0,264595.0,0
20131112T,310616.0,310616.0,310616.0,310616.0,0
20131113T,318754.0,318754.0,318754.0,318754.0,0
20131114T,307202.0,307202.0,307202.0,307202.0,0
20131118T,308889.0,308889.0,308889.0,308889.0,0
20131119T,298342.0,298342.0,298342.0,298342.0,0
20131120T,326683.0,326683.0,326683.0,326683.0,0
20131121T,417678.0,417678.0,417678.0,417678.0,0
20131122T,420140.0,420140.0,420140.0,420140.0,0
20131125T,387858.0,387858.0,387858.0,387858.0,0
20131126T,426327.0,426327.0,426327.0,426327.0,0
20131127T,464756.0,464756.0,464756.0,464756.0,0
20131128T,201901.0,201901.0,201901.0,201901.0,0
20131129T,207788.0,207788.0,207788.0,207788.0,0
20131202T,219125.0,219125.0,219125.0,219125.0,0
20131203T,239002.0,239002.0,239002.0,239002.0,0
20131204T,249736.0,249736.0,249736.0,249736.0,0
20131205T,245354.0,245354.0,245354.0,245354.0,0
20131206T,290882.0,290882.0,290882.0,290882.0,0
20131209T,262446.0,262446.0,262446.0,262446.0,0
20131210T,271626.0,271626.0,271626.0,271626.0,0
20131211T,294968.0,294968.0,294968.0,294968.0,0
20131212T,315789.0,315789.0,315789.0,315789.0,0
20131213T,335991.0,335991.0,335991.0,335991.0,0
20131216T,351595.0,351595.0,351595.0,351595.0,0
20131217T,366705.0,366705.0,366705.0,366705.0,0
20131218T,372390.0,372390.0,372390.0,372390.0,0
20131219T,404921.0,404921.0,404921.0,404921.0,0
20131220T,356289.0,356289.0,356289.0,356289.0,0
20131223T,346529.0,346529.0,346529.0,346529.0,0
20131224T,373594.0,373594.0,373594.0,373594.0,0
20131226T,162862.0,162862.0,162862.0,162862.0,0
20131227T,158728.0,158728.0,158728.0,158728.0,0
20131230T,191268.0,191268.0,191268.0,191268.0,0
20131231T,194769.0,194769.0,194769.0,194769.0,0
20140101T,206337.0,206337.0,206337.0,206337.0,0
20140102T,239338.0,239338.0,239338.0,239338.0,0
20140103T,255320.0,255320.0,255320.0,255320.0,0
20140106T,260117.0,260117.0,260117.0,260117.0,0
20140107T,286747.0,286747.0,286747.0,286747.0,0
20140108T,278126.0,278126.0,278126.0,278126.0,0
20140109T,285212.0,285212.0,285212.0,285212.0,0
20140110T,296422.0,296422.0,296422.0,296422.0,0
20140113T,290203.0,290203.0,290203.0,290203.0,0
20140114T,284430.0,284430.0,284430.0,284430.0,0
20140115T,282502.0,282502.0,282502.0,282502.0,0
20140116T,271385.0,271385.0,271385.0,271385.0,0
20140117T,290798.0,290798.0,290798.0,290798.0,0
20140120T,291385.0,291385.0,291385.0,291385.0,0
20140121T,292660.0,292660.0,292660.0,292660.0,0
20140122T,303627.0,303627.0,303627.0,303627.0,0
20140123T,299016.0,299016.0,299016.0,299016.0,0
20140124T,321212.0,321212.0,321212.0,321212.0,0
20140127T,412984.0,412984.0,412984.0,412984.0,0
20140128T,447014.0,447014.0,447014.0,447014.0,0
20140129T,440825.0,440825.0,440825.0,440825.0,0
20140130T,214321.0,214321.0,214321.0,214321.0,0
20140131T,223360.0,223360.0,223360.0,223360.0,0
20140203T,257118.0,257118.0,257118.0,257118.0,0
20140204T,284586.0,284586.0,284586.0,284586.0,0
20140205T,279222.0,279222.0,279222.0,279222.0,0
20140206T,289689.0,289689.0,289689.0,289689.0,0
20140207T,288625.0,288625.0,288625.0,288625.0,0
20140210T,295809.0,295809.0,295809.0,295809.0,0
20140211T,308950.0,308950.0,308950.0,308950.0,0
20140212T,303925.0,303925.0,303925.0,303925.0,0
20140213T,323291.0,323291.0,323291.0,323291.0,0
20140214T,320081.0,320081.0,320081.0,320081.0,0
20140217T,335970.0,335970.0,335970.0,335970.0,0
20140218T,316704.0,316704.0,316704.0,316704.0,0
20140219T,332399.0,332399.0,332399.0,332399.0,0
20140220T,346971.0,346971.0,346971.0,346971.0,0
20140221T,330568.0,330568.0,330568.0,330568.0,0
20140225T,337114.0,337114.0,337114.0,337114.0,0
20140226T,175869.0,175869.0,175869.0,175869.0,0
20140228T,192341.0,192341.0,192341.0,192341.0,0
20140303T,218487.0,218487.0,218487.0,218487.0,0
20140304T,224737.0,224737.0,224737.0,224737.0,0
20140305T,228223.0,228223.0,228223.0,228223.0,0
20140306T,240420.0,240420.0,240420.0,240420.0,0
20140307T,263533.0,263533.0,263533.0,263533.0,0
20140310T,290462.0,290462.0,290462.0,290462.0,0
20140311T,308779.0,308779.0,308779.0,308779.0,0
20140312T,314842.0,314842.0,314842.0,314842.0,0
20140313T,302018.0,302018.0,302018.0,302018.0,0
20140314T,304051.0,304051.0,304051.0,304051.0,0
20140318T,317263.0,317263.0,317263.0,317263.0,0
20140319T,322939.0,322939.0,322939.0,322939.0,0
20140320T,353452.0,353452.0,353452.0,353452.0,0
20140321T,359095.0,359095.0,359095.0,359095.0,0
20140324T,349230.0,349230.0,349230.0,349230.0,0
20140325T,350351.0,350351.0,350351.0,350351.0,0
20140326T,333517.0,333517.0,333517.0,333517.0,0
20140327T,201277.0,201277.0,201277.0,201277.0,0
20140328T,210968.0,210968.0,210968.0,210968.0,0
20140331T,228263.0,228263.0,228263.0,228263.0,0
20140401T,234959.0,234959.0,234959.0,234959.0,0
20140402T,241445.0,241445.0,241445.0,241445.0,0
20140403T,267074.0,267074.0,267074.0,267074.0,0
20140404T,270948.0,270948.0,270948.0,270948.0,0
20140407T,257710.0,257710.0,257710.0,257710.0,0
20140409T,261284.0,261284.0,261284.0,261284.0,0
20140410T,292520.0,292520.0,292520.0,292520.0,0
20140411T,307757.0,307757.0,307757.0,307757.0,0
20140415T,344644.0,344644.0,344644.0,344644.0,0
20140416T,370776.0,370776.0,370776.0,370776.0,0
20140417T,313204.0,313204.0,313204.0,313204.0,0
20140421T,312720.0,312720.0,312720.0,312720.0,0
20140422T,312445.0,312445.0,312445.0,312445.0,0
20140423T,147272.0,147272.0,147272.0,147272.0,0
20140425T,169292.0,169292.0,169292.0,169292.0,0
20140428T,194637.0,194637.0,194637.0,194637.0,0
20140429T,213236.0,213236.0,213236.0,213236.0,0
20140430T,222469.0,222469.0,222469.0,222469.0,0
20140502T,229915.0,229915.0,229915.0,229915.0,0
20140505T,240653.0,240653.0,240653.0,240653.0,0
20140506T,237282.0,237282.0,237282.0,237282.0,0
20140507T,253356.0,253356.0,253356.0,253356.0,0
20140508T,250375.0,250375.0,250375.0,250375.0,0
20140509T,306002.0,306002.0,306002.0,306002.0,0
20140512T,317680.0,317680.0,317680.0,317680.0,0
20140513T,304745.0,304745.0,304745.0,304745.0,0
20140514T,308742.0,308742.0,308742.0,308742.0,0
20140515T,363419.0,363419.0,363419.0,363419.0,0
20140516T,427038.0,427038.0,427038.0,427038.0,0
20140519T,420369.0,420369.0,420369.0,420369.0,0
20140520T,436704.0,436704.0,436704.0,436704.0,0
20140521T,463104.0,463104.0,463104.0,463104.0,0
20140522T,438996.0,438996.0,438996.0,438996.0,0
20140523T,424452.0,424452.0,424452.0,424452.0,0
20140526T,429966.0,429966.0,429966.0,429966.0,0
20140527T,462223.0,462223.0,462223.0,462223.0,0
20140528T,452559.0,452559.0,452559.0,452559.0,0
20140529T,188955.0,188955.0,188955.0,188955.0,0
20140530T,215094.0,215094.0,215094.0,215094.0,0
20140602T,226158.0,226158.0,226158.0,226158.0,0
20140603T,237745.0,237745.0,237745.0,237745.0,0
20140604T,240220.0,240220.0,240220.0,240220.0,0
20140605T,247678.0,247678.0,247678.0,247678.0,0
20140606T,247596.0,247596.0,247596.0,247596.0,0
20140609T,265720.0,265720.0,265720.0,265720.0,0
20140610T,265245.0,265245.0,265245.0,265245.0,0
20140611T,286520.0,286520.0,286520.0,286520.0,0
20140612T,267823.0,267823.0,267823.0,267823.0,0
20140613T,335294.0,335294.0,335294.0,335294.0,0
20140616T,353108.0,353108.0,353108.0,353108.0,0
20140617T,334862.0,334862.0,334862.0,334862.0,0
20140618T,370102.0,370102.0,370102.0,370102.0,0
20140619T,399657.0,399657.0,399657.0,399657.0,0
20140620T,408997.0,408997.0,408997.0,408997.0,0
20140623T,435047.0,435047.0,435047.0,435047.0,0
20140624T,383849.0,383849.0,383849.0,383849.0,0
20140625T,395327.0,395327.0,395327.0,395327.0,0
20140626T,176666.0,176666.0,176666.0,176666.0,0
20140627T,191546.0,191546.0,191546.0,191546.0,0
20140630T,195566.0,195566.0,195566.0,195566.0,0
20140701T,194599.0,194599.0,194599.0,194599.0,0
20140702T,205235.0,205235.0,205235.0,205235.0,0
20140703T,214378.0,214378.0,214378.0,214378.0,0
20140704T,221959.0,221959.0,221959.0,221959.0,0
20140707T,243654.0,243654.0,243654.0,243654.0,0
20140708T,275143.0,275143.0,275143.0,275143.0,0
20140709T,313140.0,313140.0,313140.0,313140.0,0
20140710T,364902.0,364902.0,364902.0,364902.0,0
20140711T,408485.0,408485.0,408485.0,408485.0,0
20140714T,399268.0,399268.0,399268.0,399268.0,0
20140715T,374939.0,374939.0,374939.0,374939.0,0
20140716T,342076.0,342076.0,342076.0,342076.0,0
20140718T,325681.0,325681.0,325681.0,325681.0,0
20140721T,320603.0,320603.0,320603.0,320603.0,0
20140722T,300649.0,300649.0,300649.0,300649.0,0
20140723T,310829.0,310829.0,310829.0,310829.0,0
20140724T,328753.0,328753.0,328753.0,328753.0,0
20140725T,347556.0,347556.0,347556.0,347556.0,0
20140728T,405672.0,405672.0,405672.0,405672.0,0
20140730T,370774.0,370774.0,370774.0,370774.0,0
20140731T,163631.0,163631.0,163631.0,163631.0,0
20140801T,198190.0,198190.0,198190.0,198190.0,0
20140804T,206253.0,206253.0,206253.0,206253.0,0
20140805T,230548.0,230548.0,230548.0,230548.0,0
20140806T,250180.0,250180.0,250180.0,250180.0,0
20140807T,251750.0,251750.0,251750.0,251750.0,0
20140808T,283797.0,283797.0,283797.0,283797.0,0
20140811T,303220.0,303220.0,303220.0,303220.0,0
20140812T,272899.0,272899.0,272899.0,272899.0,0
20140813T,270188.0,270188.0,270188.0,270188.0,0
20140814T,263192.0,263192.0,263192.0,263192.0,0
20140818T,254122.0,254122.0,254122.0,254122.0,0
20140819T,301896.0,301896.0,301896.0,301896.0,0
20140820T,308115.0,308115.0,308115.0,308115.0,0
20140821T,320256.0,320256.0,320256.0,320256.0,0
20140822T,325175.0,325175.0,325175.0,325175.0,0
20140825T,346174.0,346174.0,346174.0,346174.0,0
20140826T,365500.0,365500.0,365500.0,365500.0,0
20140827T,379585.0,379585.0,379585.0,379585.0,0
20140828T,156064.0,156064.0,156064.0,156064.0,0
20140901T,186506.0,186506.0,186506.0,186506.0,0
20140902T,210231.0,210231.0,210231.0,210231.0,0
20140903T,215118.0,215118.0,215118.0,215118.0,0
20140904T,225513.0,225513.0,225513.0,225513.0,0
20140905T,224671.0,224671.0,224671.0,224671.0,0
20140908T,221925.0,221925.0,221925.0,221925.0,0
20140909T,229973.0,229973.0,229973.0,229973.0,0
20140910T,260223.0,260223.0,260223.0,260223.0,0
20140911T,269890.0,269890.0,269890.0,269890.0,0
20140912T,289461.0,289461.0,289461.0,289461.0,0
20140915T,312122.0,312122.0,312122.0,312122.0,0
20140916T,410535.0,410535.0,410535.0,410535.0,0
20140917T,401465.0,401465.0,401465.0,401465.0,0
20140918T,341512.0,341512.0,341512.0,341512.0,0
20140919T,341006.0,341006.0,341006.0,341006.0,0
20140922T,340444.0,340444.0,340444.0,340444.0,0
20140923T,464727.0,464727.0,464727.0,464727.0,0
20140924T,498821.0,498821.0,498821.0,498821.0,0
20140925T,215103.0,215103.0,215103.0,215103.0,0
20140926T,226674.0,226674.0,226674.0,226674.0,0
20140929T,238943.0,238943.0,238943.0,238943.0,0
20140930T,250761.0,250761.0,250761.0,250761.0,0
20141001T,252785.0,252785.0,252785.0,252785.0,0
20141007T,301727.0,301727.0,301727.0,301727.0,0
20141008T,327412.0,327412.0,327412.0,327412.0,0
20141009T,295828.0,295828.0,295828.0,295828.0,0
20141010T,334003.0,334003.0,334003.0,334003.0,0
20141013T,364258.0,364258.0,364258.0,364258.0,0
20141014T,377199.0,377199.0,377199.0,377199.0,0
20141016T,463134.0,463134.0,463134.0,463134.0,0
20141017T,445980.0,445980.0,445980.0,445980.0,0
20141020T,405747.0,405747.0,405747.0,405747.0,0
20141021T,417934.0,417934.0,417934.0,417934.0,0
20141022T,393404.0,393404.0,393404.0,393404.0,0
20141023T,390090.0,390090.0,390090.0,390090.0,0
20141027T,415276.0,415276.0,415276.0,415276.0,0
20141028T,410427.0,410427.0,410427.0,410427.0,0
20141029T,410366.0,410366.0,410366.0,410366.0,0
20141030T,207741.0,207741.0,207741.0,207741.0,0
20141031T,469162.0,469162.0,469162.0,469162.0,0
20141103T,477611.0,477611.0,477611.0,477611.0,0
20141105T,468672.0,468672.0,468672.0,468672.0,0
20141107T,484439.0,484439.0,484439.0,484439.0,0
20141110T,479663.0,479663.0,479663.0,479663.0,0
20141111T,483674.0,483674.0,483674.0,483674.0,0
20141112T,499878.0,499878.0,499878.0,499878.0,0
20141113T,525117.0,525117.0,525117.0,525117.0,0
20141114T,555844.0,555844.0,555844.0,555844.0,0
20141117T,568014.0,568014.0,568014.0,568014.0,0
20141118T,553378.0,553378.0,553378.0,553378.0,0
20141119T,573241.0,573241.0,573241.0,573241.0,0
20141120T,559806.0,559806.0,559806.0,559806.0,0
20141121T,488926.0,488926.0,488926.0,488926.0,0
20141124T,489257.0,489257.0,489257.0,489257.0,0
20141125T,642067.0,642067.0,642067.0,642067.0,0
20141126T,637680.0,637680.0,637680.0,637680.0,0
20141127T,341802.0,341802.0,341802.0,341802.0,0
20141128T,382209.0,382209.0,382209.0,382209.0,0
20141201T,397386.0,397386.0,397386.0,397386.0,0
20141202T,451779.0,451779.0,451779.0,451779.0,0
20141203T,484328.0,484328.0,484328.0,484328.0,0
20141204T,470316.0,470316.0,470316.0,470316.0,0
20141205T,450241.0,450241.0,450241.0,450241.0,0
20141208T,550659.0,550659.0,550659.0,550659.0,0
20141209T,690419.0,690419.0,690419.0,690419.0,0
20141210T,702356.0,702356.0,702356.0,702356.0,0
20141211T,725367.0,725367.0,725367.0,725367.0,0
20141212T,815591.0,815591.0,815591.0,815591.0,0
20141215T,810149.0,810149.0,810149.0,810149.0,0
20141216T,940534.0,940534.0,940534.0,940534.0,0
20141217T,954394.0,954394.0,954394.0,954394.0,0
20141218T,893551.0,893551.0,893551.0,893551.0,0
20141219T,859151.0,859151.0,859151.0,859151.0,0
20141222T,814571.0,814571.0,814571.0,814571.0,0
20141223T,928359.0,928359.0,928359.0,928359.0,0
20141224T,403021.0,403021.0,403021.0,403021.0,0
20141226T,423977.0,423977.0,423977.0,423977.0,0
20141229T,432988.0,432988.0,432988.0,432988.0,0
20141230T,470567.0,470567.0,470567.0,470567.0,0
20141231T,493220.0,493220.0,493220.0,493220.0,0
20150101T,484385.0,484385.0,484385.0,484385.0,0
20150102T,432223.0,432223.0,432223.0,432223.0,0
20150105T,467001.0,467001.0,467001.0,467001.0,0
20150106T,659278.0,659278.0,659278.0,659278.0,0
20150107T,717152.0,717152.0,717152.0,717152.0,0
20150108T,659534.0,659534.0,659534.0,659534.0,0
20150109T,583933.0,583933.0,583933.0,583933.0,0
20150112T,550368.0,550368.0,550368.0,550368.0,0
20150113T,578828.0,578828.0,578828.0,578828.0,0
20150114T,603130.0,603130.0,603130.0,603130.0,0
20150115T,583762.0,583762.0,583762.0,583762.0,0
20150116T,543360.0,543360.0,543360.0,543360.0,0
20150119T,554054.0,554054.0,554054.0,554054.0,0
20150120T,520436.0,520436.0,520436.0,520436.0,0
20150121T,471558.0,471558.0,471558.0,471558.0,0
20150122T,529657.0,529657.0,529657.0,529657.0,0
20150123T,501214.0,501214.0,501214.0,501214.0,0
20150127T,505873.0,505873.0,505873.0,505873.0,0
20150128T,592752.0,592752.0,592752.0,592752.0,0
20150129T,316163.0,316163.0,316163.0,316163.0,0
20150130T,394508.0,394508.0,394508.0,394508.0,0
20150202T,462901.0,462901.0,462901.0,462901.0,0
20150203T,542576.0,542576.0,542576.0,542576.0,0
20150204T,570103.0,570103.0,570103.0,570103.0,0
20150205T,584649.0,584649.0,584649.0,584649.0,0
20150206T,626364.0,626364.0,626364.0,626364.0,0
20150209T,707405.0,707405.0,707405.0,707405.0,0
20150210T,780153.0,780153.0,780153.0,780153.0,0
20150211T,738073.0,738073.0,738073.0,738073.0,0
20150212T,726627.0,726627.0,726627.0,726627.0,0
20150213T,685878.0,685878.0,685878.0,685878.0,0
20150216T,719002.0,719002.0,719002.0,719002.0,0
20150218T,690713.0,690713.0,690713.0,690713.0,0
20150219T,719123.0,719123.0,719123.0,719123.0,0
20150220T,761005.0,761005.0,761005.0,761005.0,0
20150223T,859513.0,859513.0,859513.0,859513.0,0
20150224T,839816.0,839816.0,839816.0,839816.0,0
20150225T,900519.0,900519.0,900519.0,900519.0,0
20150226T,310332.0,310332.0,310332.0,310332.0,0
20150227T,388014.0,388014.0,388014.0,388014.0,0
20150302T,420531.0,420531.0,420531.0,420531.0,0
20150303T,409973.0,409973.0,409973.0,409973.0,0
20150304T,429101.0,429101.0,429101.0,429101.0,0
20150305T,443747.0,443747.0,443747.0,443747.0,0
20150309T,559937.0,559937.0,559937.0,559937.0,0
20150310T,606711.0,606711.0,606711.0,606711.0,0
20150311T,606492.0,606492.0,606492.0,606492.0,0
20150312T,583936.0,583936.0,583936.0,583936.0,0
20150313T,656602.0,656602.0,656602.0,656602.0,0
20150316T,643014.0,643014.0,643014.0,643014.0,0
20150317T,659376.0,659376.0,659376.0,659376.0,0
20150318T,663065.0,663065.0,663065.0,663065.0,0
20150319T,726968.0,726968.0,726968.0,726968.0,0
20150320T,730228.0,730228.0,730228.0,730228.0,0
20150323T,780643.0,780643.0,780643.0,780643.0,0
20150324T,760724.0,760724.0,760724.0,760724.0,0
20150325T,808142.0,808142.0,808142.0,808142.0,0
20150326T,410670.0,410670.0,410670.0,410670.0,0
20150327T,438317.0,438317.0,438317.0,438317.0,0
20150330T,446859.0,446859.0,446859.0,446859.0,0
20150331T,456196.0,456196.0,456196.0,456196.0,0
20150401T,451977.0,451977.0,451977.0,451977.0,0
20150406T,494635.0,494635.0,494635.0,494635.0,0
20150407T,506287.0,506287.0,506287.0,506287.0,0
20150408T,498660.0,498660.0,498660.0,498660.0,0
20150409T,493088.0,493088.0,493088.0,493088.0,0
20150410T,481842.0,481842.0,481842.0,481842.0,0
20150413T,496364.0,496364.0,496364.0,496364.0,0
20150415T,504734.0,504734.0,504734.0,504734.0,0
20150416T,550104.0,550104.0,550104.0,550104.0,0
20150417T,643398.0,643398.0,643398.0,643398.0,0
20150420T,799829.0,799829.0,799829.0,799829.0,0
20150421T,841578.0,841578.0,841578.0,841578.0,0
20150422T,916753.0,916753.0,916753.0,916753.0,0
20150423T,921505.0,921505.0,921505.0,921505.0,0
20150424T,977464.0,977464.0,977464.0,977464.0,0
20150427T,1068683.0,1068683.0,1068683.0,1068683.0,0
20150428T,983914.0,983914.0,983914.0,983914.0,0
20150429T,1076938.0,1076938.0,1076938.0,1076938.0,0
20150430T,487523.0,487523.0,487523.0,487523.0,0
20150504T,506561.0,506561.0,506561.0,506561.0,0
20150505T,519746.0,519746.0,519746.0,519746.0,0
20150506T,631969.0,631969.0,631969.0,631969.0,0
20150507T,688319.0,688319.0,688319.0,688319.0,0
20150508T,647993.0,647993.0,647993.0,647993.0,0
20150511T,634746.0,634746.0,634746.0,634746.0,0
20150512T,728036.0,728036.0,728036.0,728036.0,0
20150513T,668343.0,668343.0,668343.0,668343.0,0
20150514T,723693.0,723693.0,723693.0,723693.0,0
20150515T,722077.0,722077.0,722077.0,722077.0,0
20150518T,690620.0,690620.0,690620.0,690620.0,0
20150519T,708148.0,708148.0,708148.0,708148.0,0
20150520T,681791.0,681791.0,681791.0,681791.0,0
20150521T,692103.0,692103.0,692103.0,692103.0,0
20150522T,706329.0,706329.0,706329.0,706329.0,0
20150525T,797895.0,797895.0,797895.0,797895.0,0
20150526T,871122.0,871122.0,871122.0,871122.0,0
20150527T,901359.0,901359.0,901359.0,901359.0,0
20150528T,389658.0,389658.0,389658.0,389658.0,0
20150529T,422763.0,422763.0,422763.0,422763.0,0
20150601T,480542.0,480542.0,480542.0,480542.0,0
20150602T,602917.0,602917.0,602917.0,602917.0,0
20150603T,709359.0,709359.0,709359.0,709359.0,0
20150604T,735154.0,735154.0,735154.0,735154.0,0
20150605T,714828.0,714828.0,714828.0,714828.0,0
20150608T,780261.0,780261.0,780261.0,780261.0,0
20150609T,832569.0,832569.0,832569.0,832569.0,0
20150610T,805969.0,805969.0,805969.0,805969.0,0
20150611T,948105.0,948105.0,948105.0,948105.0,0
20150612T,962032.0,962032.0,962032.0,962032.0,0
20150615T,888272.0,888272.0,888272.0,888272.0,0
20150616T,905902.0,905902.0,905902.0,905902.0,0
20150617T,881752.0,881752.0,881752.0,881752.0,0
20150618T,845411.0,845411.0,845411.0,845411.0,0
20150619T,816586.0,816586.0,816586.0,816586.0,0
20150622T,802588.0,802588.0,802588.0,802588.0,0
20150623T,811873.0,811873.0,811873.0,811873.0,0
20150624T,817684.0,817684.0,817684.0,817684.0,0
20150625T,335230.0,335230.0,335230.0,335230.0,0
20150626T,378714.0,378714.0,378714.0,378714.0,0
20150629T,409644.0,409644.0,409644.0,409644.0,0
20150630T,431065.0,431065.0,431065.0,431065.0,0
20150701T,432503.0,432503.0,432503.0,432503.0,0
20150702T,431298.0,431298.0,431298.0,431298.0,0
20150703T,470774.0,470774.0,470774.0,470774.0,0
20150706T,465227.0,465227.0,465227.0,465227.0,0
20150707T,478470.0,478470.0,478470.0,478470.0,0
20150708T,517865.0,517865.0,517865.0,517865.0,0
20150709T,557543.0,557543.0,557543.0,557543.0,0
20150710T,570132.0,570132.0,570132.0,570132.0,0
20150713T,588861.0,588861.0,588861.0,588861.0,0
20150714T,583169.0,583169.0,583169.0,583169.0,0
20150715T,559928.0,559928.0,559928.0,559928.0,0
20150716T,532229.0,532229.0,532229.0,532229.0,0
20150717T,525626.0,525626.0,525626.0,525626.0,0
20150720T,542764.0,542764.0,542764.0,542764.0,0
20150721T,551570.0,551570.0,551570.0,551570.0,0
20150722T,590365.0,590365.0,590365.0,590365.0,0
20150723T,626890.0,626890.0,626890.0,626890.0,0
20150724T,696736.0,696736.0,696736.0,696736.0,0
20150727T,941432.0,941432.0,941432.0,941432.0,0
20150728T,1005194.0,1005194.0,1005194.0,1005194.0,0
20150729T,1002698.0,1002698.0,1002698.0,1002698.0,0
20150730T,416824.0,416824.0,416824.0,416824.0,0
20150731T,387328.0,387328.0,387328.0,387328.0,0
20150803T,406207.0,406207.0,406207.0,406207.0,0
20150804T,444564.0,444564.0,444564.0,444564.0,0
20150805T,441898.0,441898.0,441898.0,441898.0,0
20150806T,463264.0,463264.0,463264.0,463264.0,0
20150807T,455640.0,455640.0,455640.0,455640.0,0
20150810T,478084.0,478084.0,478084.0,478084.0,0
20150811T,544165.0,544165.0,544165.0,544165.0,0
20150812T,662347.0,662347.0,662347.0,662347.0,0
20150813T,699825.0,699825.0,699825.0,699825.0,0
20150814T,590081.0,590081.0,590081.0,590081.0,0
20150817T,641026.0,641026.0,641026.0,641026.0,0
20150818T,654713.0,654713.0,654713.0,654713.0,0
20150819T,655923.0,655923.0,655923.0,655923.0,0
20150820T,847391.0,847391.0,847391.0,847391.0,0
20150821T,920949.0,920949.0,920949.0,920949.0,0
20150824T,1143990.0,1143990.0,1143990.0,1143990.0,0
20150825T,1108622.0,1108622.0,1108622.0,1108622.0,0
20150826T,1186216.0,1186216.0,1186216.0,1186216.0,0
20150827T,471891.0,471891.0,471891.0,471891.0,0
20150828T,486220.0,486220.0,486220.0,486220.0,0
20150831T,505030.0,505030.0,505030.0,505030.0,0
20150901T,573191.0,573191.0,573191.0,573191.0,0
20150902T,658568.0,658568.0,658568.0,658568.0,0
20150903T,641104.0,641104.0,641104.0,641104.0,0
20150904T,729345.0,729345.0,729345.0,729345.0,0
20150907T,803694.0,803694.0,803694.0,803694.0,0
20150908T,791055.0,791055.0,791055.0,791055.0,0
20150909T,775654.0,775654.0,775654.0,775654.0,0
20150910T,770194.0,770194.0,770194.0,770194.0,0
20150911T,779851.0,779851.0,779851.0,779851.0,0
20150914T,781844.0,781844.0,781844.0,781844.0,0
20150915T,764035.0,764035.0,764035.0,764035.0,0
20150916T,814131.0,814131.0,814131.0,814131.0,0
20150918T,709355.0,709355.0,709355.0,709355.0,0
20150921T,779693.0,779693.0,779693.0,779693.0,0
20150922T,928811.0,928811.0,928811.0,928811.0,0
20150923T,949223.0,949223.0,949223.0,949223.0,0
20150924T,344093.0,344093.0,344093.0,344093.0,0
20150928T,421519.0,421519.0,421519.0,421519.0,0
20150929T,464895.0,464895.0,464895.0,464895.0,0
20150930T,480660.0,480660.0,480660.0,480660.0,0
20151001T,525014.0,525014.0,525014.0,525014.0,0
20151005T,500724.0,500724.0,500724.0,500724.0,0
20151006T,518381.0,518381.0,518381.0,518381.0,0
20151007T,506279.0,506279.0,506279.0,506279.0,0
20151008T,512279.0,512279.0,512279.0,512279.0,0
20151009T,536398.0,536398.0,536398.0,536398.0,0
20151012T,552096.0,552096.0,552096.0,552096.0,0
20151013T,541330.0,541330.0,541330.0,541330.0,0
20151014T,546065.0,546065.0,546065.0,546065.0,0
20151015T,538191.0,538191.0,538191.0,538191.0,0
20151016T,551830.0,551830.0,551830.0,551830.0,0
20151019T,547344.0,547344.0,547344.0,547344.0,0
20151020T,554329.0,554329.0,554329.0,554329.0,0
20151021T,552289.0,552289.0,552289.0,552289.0,0
20151023T,509166.0,509166.0,509166.0,509166.0,0
20151026T,559881.0,559881.0,559881.0,559881.0,0
20151027T,513337.0,513337.0,513337.0,513337.0,0
20151028T,612544.0,612544.0,612544.0,612544.0,0
20151029T,160321.0,160321.0,160321.0,160321.0,0
20151030T,177722.0,177722.0,177722.0,177722.0,0
20151102T,203697.0,203697.0,203697.0,203697.0,0
20151103T,204514.6667,204514.6667,204514.6667,204514.6667,0
20151104T,219343.3333,219343.3333,219343.3333,219343.3333,0
20151105T,254510.0,254510.0,254510.0,254510.0,0
20151106T,280458.0,280458.0,280458.0,280458.0,0
20151109T,298613.0,298613.0,298613.0,298613.0,0
20151110T,359865.0,359865.0,359865.0,359865.0,0
20151111T,372788.0,372788.0,372788.0,372788.0,0
20151113T,377004.0,377004.0,377004.0,377004.0,0
20151116T,371539.0,371539.0,371539.0,371539.0,0
20151117T,376566.0,376566.0,376566.0,376566.0,0
20151118T,404944.0,404944.0,404944.0,404944.0,0
20151119T,387206.0,387206.0,387206.0,387206.0,0
20151120T,369489.0,369489.0,369489.0,369489.0,0
20151123T,379709.0,379709.0,379709.0,379709.0,0
20151124T,390488.0,390488.0,390488.0,390488.0,0
20151126T,175096.0,175096.0,175096.0,175096.0,0
20151127T,182969.0,182969.0,182969.0,182969.0,0
20151130T,191580.0,191580.0,191580.0,191580.0,0
20151201T,205657.0,205657.0,205657.0,205657.0,0
20151202T,224495.0,224495.0,224495.0,224495.0,0
20151203T,262884.0,262884.0,262884.0,262884.0,0
20151204T,264176.0,264176.0,264176.0,264176.0,0
20151207T,271626.0,271626.0,271626.0,271626.0,0
20151208T,274470.0,274470.0,274470.0,274470.0,0
20151209T,298557.0,298557.0,298557.0,298557.0,0
20151210T,300063.0,300063.0,300063.0,300063.0,0
20151211T,325538.0,325538.0,325538.0,325538.0,0
20151214T,327557.0,327557.0,327557.0,327557.0,0
20151215T,319321.0,319321.0,319321.0,319321.0,0
20151216T,337053.0,337053.0,337053.0,337053.0,0
20151217T,338245.0,338245.0,338245.0,338245.0,0
20151218T,371182.0,371182.0,371182.0,371182.0,0
20151221T,354888.0,354888.0,354888.0,354888.0,0
20151222T,374546.0,374546.0,374546.0,374546.0,0
20151223T,352470.0,352470.0,352470.0,352470.0,0
20151224T,348630.0,348630.0,348630.0,348630.0,0
20151228T,344132.0,344132.0,344132.0,344132.0,0
20151229T,330497.0,330497.0,330497.0,330497.0,0
20151230T,366124.0,366124.0,366124.0,366124.0,0
20151231T,154391.6667,154391.6667,154391.6667,154391.6667,0
20160101T,184802.0,184802.0,184802.0,184802.0,0
20160104T,209718.0,209718.0,209718.0,209718.0,0
20160105T,235795.0,235795.0,235795.0,235795.0,0
20160106T,240028.0,240028.0,240028.0,240028.0,0
20160107T,277650.0,277650.0,277650.0,277650.0,0
20160108T,290781.0,290781.0,290781.0,290781.0,0
20160111T,321458.0,321458.0,321458.0,321458.0,0
20160112T,339819.0,339819.0,339819.0,339819.0,0
20160113T,340325.0,340325.0,340325.0,340325.0,0
20160114T,339685.0,339685.0,339685.0,339685.0,0
20160115T,358083.0,358083.0,358083.0,358083.0,0
20160118T,400256.0,400256.0,400256.0,400256.0,0
20160119T,387192.0,387192.0,387192.0,387192.0,0
20160120T,412184.0,412184.0,412184.0,412184.0,0
20160121T,414743.0,414743.0,414743.0,414743.0,0
20160122T,390969.0,390969.0,390969.0,390969.0,0
20160125T,409502.0,409502.0,409502.0,409502.0,0
20160127T,421258.0,421258.0,421258.0,421258.0,0
20160128T,192521.0,192521.0,192521.0,192521.0,0
20160129T,197925.0,197925.0,197925.0,197925.0,0
20160201T,215682.0,215682.0,215682.0,215682.0,0
20160202T,234738.0,234738.0,234738.0,234738.0,0
20160203T,256803.0,256803.0,256803.0,256803.0,0
20160204T,271576.0,271576.0,271576.0,271576.0,0
20160205T,271565.0,271565.0,271565.0,271565.0,0
20160208T,294901.0,294901.0,294901.0,294901.0,0
20160209T,307357.0,307357.0,307357.0,307357.0,0
20160211T,406373.0,406373.0,406373.0,406373.0,0
20160212T,424875.0,424875.0,424875.0,424875.0,0
20160215T,389723.0,389723.0,389723.0,389723.0,0
20160216T,392594.0,392594.0,392594.0,392594.0,0
20160217T,407461.0,407461.0,407461.0,407461.0,0
20160218T,393026.0,393026.0,393026.0,393026.0,0
20160219T,397087.0,397087.0,397087.0,397087.0,0
20160222T,408197.0,408197.0,408197.0,408197.0,0
20160223T,455721.0,455721.0,455721.0,455721.0,0
20160224T,511820.0,511820.0,511820.0,511820.0,0
20160225T,203347.0,203347.0,203347.0,203347.0,0
20160226T,236719.0,236719.0,236719.0,236719.0,0
20160229T,267323.0,267323.0,267323.0,267323.0,0
20160301T,267200.0,267200.0,267200.0,267200.0,0
20160302T,259728.0,259728.0,259728.0,259728.0,0
20160303T,254860.0,254860.0,254860.0,254860.0,0
20160304T,251576.0,251576.0,251576.0,251576.0,0
20160308T,251939.0,251939.0,251939.0,251939.0,0
20160309T,266286.0,266286.0,266286.0,266286.0,0
20160310T,279315.0,279315.0,279315.0,279315.0,0
20160311T,266898.0,266898.0,266898.0,266898.0,0
20160314T,265639.0,265639.0,265639.0,265639.0,0
20160315T,277973.0,277973.0,277973.0,277973.0,0
20160316T,287529.0,287529.0,287529.0,287529.0,0
20160317T,280471.0,280471.0,280471.0,280471.0,0
20160318T,266027.0,266027.0,266027.0,266027.0,0
20160321T,260267.0,260267.0,260267.0,260267.0,0
20160322T,252864.0,252864.0,252864.0,252864.0,0
20160323T,254880.0,254880.0,254880.0,254880.0,0
20160328T,316652.0,316652.0,316652.0,316652.0,0
20160329T,314125.0,314125.0,314125.0,314125.0,0
20160330T,266191.0,266191.0,266191.0,266191.0,0
20160331T,140633.0,140633.0,140633.0,140633.0,0
20160401T,150695.0,150695.0,150695.0,150695.0,0
20160404T,172462.0,172462.0,172462.0,172462.0,0
20160405T,208050.0,208050.0,208050.0,208050.0,0
20160406T,236157.0,236157.0,236157.0,236157.0,0
20160407T,244420.0,244420.0,244420.0,244420.0,0
20160408T,260446.0,260446.0,260446.0,260446.0,0
20160411T,241727.0,241727.0,241727.0,241727.0,0
20160412T,239213.0,239213.0,239213.0,239213.0,0
20160413T,223157.0,223157.0,223157.0,223157.0,0
20160418T,220986.0,220986.0,220986.0,220986.0,0
20160420T,229151.0,229151.0,229151.0,229151.0,0
20160421T,239677.0,239677.0,239677.0,239677.0,0
20160422T,252310.0,252310.0,252310.0,252310.0,0
20160425T,283936.0,283936.0,283936.0,283936.0,0
20160426T,251081.0,251081.0,251081.0,251081.0,0
20160427T,256915.0,256915.0,256915.0,256915.0,0
20160428T,137024.0,137024.0,137024.0,137024.0,0
20160429T,172575.0,172575.0,172575.0,172575.0,0
20160502T,189340.0,189340.0,189340.0,189340.0,0
20160503T,220220.0,220220.0,220220.0,220220.0,0
20160504T,234642.0,234642.0,234642.0,234642.0,0
20160505T,237952.0,237952.0,237952.0,237952.0,0
20160506T,257805.0,257805.0,257805.0,257805.0,0
20160509T,235425.0,235425.0,235425.0,235425.0,0
20160510T,231590.0,231590.0,231590.0,231590.0,0
20160511T,228798.0,228798.0,228798.0,228798.0,0
20160512T,229362.0,229362.0,229362.0,229362.0,0
20160513T,277833.0,277833.0,277833.0,277833.0,0
20160516T,265024.0,265024.0,265024.0,265024.0,0
20160517T,254323.0,254323.0,254323.0,254323.0,0
20160518T,270901.0,270901.0,270901.0,270901.0,0
20160519T,325262.0,325262.0,325262.0,325262.0,0
20160520T,335185.0,335185.0,335185.0,335185.0,0
20160523T,373132.0,373132.0,373132.0,373132.0,0
20160524T,359115.0,359115.0,359115.0,359115.0,0
20160525T,294262.0,294262.0,294262.0,294262.0,0
20160526T,137251.0,137251.0,137251.0,137251.0,0
20160527T,152103.0,152103.0,152103.0,152103.0,0
20160530T,161415.0,161415.0,161415.0,161415.0,0
20160531T,174906.0,174906.0,174906.0,174906.0,0
20160601T,196373.0,196373.0,196373.0,196373.0,0
20160602T,170862.0,170862.0,170862.0,170862.0,0
20160603T,185567.0,185567.0,185567.0,185567.0,0
20160606T,194333.0,194333.0,194333.0,194333.0,0
20160607T,194927.0,194927.0,194927.0,194927.0,0
20160608T,208070.0,208070.0,208070.0,208070.0,0
20160609T,194731.0,194731.0,194731.0,194731.0,0
20160610T,226008.0,226008.0,226008.0,226008.0,0
20160613T,241806.0,241806.0,241806.0,241806.0,0
20160614T,250427.0,250427.0,250427.0,250427.0,0
20160615T,256758.0,256758.0,256758.0,256758.0,0
20160616T,244706.0,244706.0,244706.0,244706.0,0
20160617T,249528.0,249528.0,249528.0,249528.0,0
20160620T,251625.0,251625.0,251625.0,251625.0,0
20160621T,269923.0,269923.0,269923.0,269923.0,0
20160622T,303022.0,303022.0,303022.0,303022.0,0
20160623T,270180.0,270180.0,270180.0,270180.0,0
20160624T,332036.0,332036.0,332036.0,332036.0,0
20160627T,341655.0,341655.0,341655.0,341655.0,0
20160628T,346107.0,346107.0,346107.0,346107.0,0
20160629T,331388.0,331388.0,331388.0,331388.0,0
20160630T,181554.0,181554.0,181554.0,181554.0,0
20160701T,198310.0,198310.0,198310.0,198310.0,0
20160704T,197172.0,197172.0,197172.0,197172.0,0
20160705T,217288.0,217288.0,217288.0,217288.0,0
20160707T,202276.0,202276.0,202276.0,202276.0,0
20160708T,216748.0,216748.0,216748.0,216748.0,0
20160711T,226488.0,226488.0,226488.0,226488.0,0
20160712T,229322.0,229322.0,229322.0,229322.0,0
20160713T,253587.0,253587.0,253587.0,253587.0,0
20160714T,246289.0,246289.0,246289.0,246289.0,0
20160715T,260770.0,260770.0,260770.0,260770.0,0
20160718T,276792.0,276792.0,276792.0,276792.0,0
20160719T,273569.0,273569.0,273569.0,273569.0,0
20160720T,272143.0,272143.0,272143.0,272143.0,0
20160721T,264770.0,264770.0,264770.0,264770.0,0
20160722T,264112.0,264112.0,264112.0,264112.0,0
20160725T,257932.0,257932.0,257932.0,257932.0,0
20160726T,265682.0,265682.0,265682.0,265682.0,0
20160727T,283189.0,283189.0,283189.0,283189.0,0
20160728T,156773.0,156773.0,156773.0,156773.0,0
20160729T,181478.0,181478.0,181478.0,181478.0,0
20160801T,212004.0,212004.0,212004.0,212004.0,0
20160802T,245901.0,245901.0,245901.0,245901.0,0
20160803T,298134.0,298134.0,298134.0,298134.0,0
20160804T,237736.0,237736.0,237736.0,237736.0,0
20160805T,217317.0,217317.0,217317.0,217317.0,0
20160808T,214070.0,214070.0,214070.0,214070.0,0
20160809T,233566.0,233566.0,233566.0,233566.0,0
20160810T,291586.0,291586.0,291586.0,291586.0,0
20160811T,257859.0,257859.0,257859.0,257859.0,0
20160812T,239692.0,239692.0,239692.0,239692.0,0
20160816T,264251.0,264251.0,264251.0,264251.0,0
20160817T,278500.0,278500.0,278500.0,278500.0,0
20160818T,250111.0,250111.0,250111.0,250111.0,0
20160819T,252878.0,252878.0,252878.0,252878.0,0
20160822T,292269.0,292269.0,292269.0,292269.0,0
20160823T,301148.0,301148.0,301148.0,301148.0,0
20160824T,286884.0,286884.0,286884.0,286884.0,0
20160825T,159473.0,159473.0,159473.0,159473.0,0
20160826T,176688.0,176688.0,176688.0,176688.0,0
20160829T,186859.0,186859.0,186859.0,186859.0,0
20160830T,203347.0,203347.0,203347.0,203347.0,0
20160831T,215085.0,215085.0,215085.0,215085.0,0
20160901T,204229.0,204229.0,204229.0,204229.0,0
20160902T,210220.0,210220.0,210220.0,210220.0,0
20160906T,214247.0,214247.0,214247.0,214247.0,0
20160907T,228194.0,228194.0,228194.0,228194.0,0
20160908T,198035.0,198035.0,198035.0,198035.0,0
20160909T,227657.0,227657.0,227657.0,227657.0,0
20160912T,256682.0,256682.0,256682.0,256682.0,0
20160914T,270459.0,270459.0,270459.0,270459.0,0
20160915T,244841.0,244841.0,244841.0,244841.0,0
20160916T,256607.0,256607.0,256607.0,256607.0,0
20160919T,265417.0,265417.0,265417.0,265417.0,0
20160920T,274816.0,274816.0,274816.0,274816.0,0
20160921T,286872.0,286872.0,286872.0,286872.0,0
20160922T,258658.0,258658.0,258658.0,258658.0,0
20160923T,283298.0,283298.0,283298.0,283298.0,0
20160926T,325776.0,325776.0,325776.0,325776.0,0
20160927T,330706.0,330706.0,330706.0,330706.0,0
20160928T,315999.0,315999.0,315999.0,315999.0,0
20160929T,191826.0,191826.0,191826.0,191826.0,0
20160930T,223856.0,223856.0,223856.0,223856.0,0
20161003T,224050.0,224050.0,224050.0,224050.0,0
20161004T,243296.0,243296.0,243296.0,243296.0,0
20161005T,273574.0,273574.0,273574.0,273574.0,0
20161006T,231042.0,231042.0,231042.0,231042.0,0
20161007T,243492.0,243492.0,243492.0,243492.0,0
20161010T,261861.0,261861.0,261861.0,261861.0,0
20161013T,289814.0,289814.0,289814.0,289814.0,0
20161014T,304521.0,304521.0,304521.0,304521.0,0
20161017T,344004.0,344004.0,344004.0,344004.0,0
20161018T,307545.0,307545.0,307545.0,307545.0,0
20161019T,310082.0,310082.0,310082.0,310082.0,0
20161020T,282788.0,282788.0,282788.0,282788.0,0
20161021T,293576.0,293576.0,293576.0,293576.0,0
20161024T,311152.0,311152.0,311152.0,311152.0,0
20161025T,324229.0,324229.0,324229.0,324229.0,0
20161026T,392289.0,392289.0,392289.0,392289.0,0
20161027T,177555.0,177555.0,177555.0,177555.0,0
20161028T,188890.0,188890.0,188890.0,188890.0,0
20161101T,209692.0,209692.0,209692.0,209692.0,0
20161102T,235371.0,235371.0,235371.0,235371.0,0
20161103T,220462.0,220462.0,220462.0,220462.0,0
20161104T,251221.0,251221.0,251221.0,251221.0,0
20161107T,253672.0,253672.0,253672.0,253672.0,0
20161108T,279723.0,279723.0,279723.0,279723.0,0
20161109T,297668.0,297668.0,297668.0,297668.0,0
20161110T,283437.0,283437.0,283437.0,283437.0,0
20161111T,374966.0,374966.0,374966.0,374966.0,0
20161115T,458773.0,458773.0,458773.0,458773.0,0
20161116T,465059.0,465059.0,465059.0,465059.0,0
20161117T,425317.0,425317.0,425317.0,425317.0,0
20161118T,436709.0,436709.0,436709.0,436709.0,0
20161121T,493384.0,493384.0,493384.0,493384.0,0
20161122T,464415.0,464415.0,464415.0,464415.0,0
20161123T,465020.0,465020.0,465020.0,465020.0,0
20161124T,210422.0,210422.0,210422.0,210422.0,0
20161125T,221526.0,221526.0,221526.0,221526.0,0
20161128T,240692.0,240692.0,240692.0,240692.0,0
20161129T,253965.0,253965.0,253965.0,253965.0,0
20161130T,234998.0,234998.0,234998.0,234998.0,0
20161201T,215126.0,215126.0,215126.0,215126.0,0
20161202T,225865.0,225865.0,225865.0,225865.0,0
20161205T,236881.0,236881.0,236881.0,236881.0,0
20161206T,258876.0,258876.0,258876.0,258876.0,0
20161207T,293952.0,293952.0,293952.0,293952.0,0
20161208T,218652.0,218652.0,218652.0,218652.0,0
20161209T,225506.0,225506.0,225506.0,225506.0,0
20161212T,248274.0,248274.0,248274.0,248274.0,0
20161213T,250109.0,250109.0,250109.0,250109.0,0
20161214T,273990.0,273990.0,273990.0,273990.0,0
20161215T,274173.0,274173.0,274173.0,274173.0,0
20161216T,287197.0,287197.0,287197.0,287197.0,0
20161219T,306722.0,306722.0,306722.0,306722.0,0
20161220T,346847.0,346847.0,346847.0,346847.0,0
20161221T,356225.0,356225.0,356225.0,356225.0,0
20161222T,348756.0,348756.0,348756.0,348756.0,0
20161223T,368611.0,368611.0,368611.0,368611.0,0
20161226T,407691.0,407691.0,407691.0,407691.0,0
20161227T,370388.0,370388.0,370388.0,370388.0,0
20161228T,375191.0,375191.0,375191.0,375191.0,0
20161229T,163483.0,163483.0,163483.0,163483.0,0
20161230T,183446.0,183446.0,183446.0,183446.0,0
20170102T,223092.0,223092.0,223092.0,223092.0,0
20170103T,219616.0,219616.0,219616.0,219616.0,0
20170104T,255189.0,255189.0,255189.0,255189.0,0
20170105T,191879.0,191879.0,191879.0,191879.0,0
20170106T,208294.0,208294.0,208294.0,208294.0,0
20170109T,226083.0,226083.0,226083.0,226083.0,0
20170110T,219138.0,219138.0,219138.0,219138.0,0
20170111T,233422.0,233422.0,233422.0,233422.0,0
20170112T,202838.0,202838.0,202838.0,202838.0,0
20170113T,210546.0,210546.0,210546.0,210546.0,0
20170116T,223102.0,223102.0,223102.0,223102.0,0
20170117T,235921.0,235921.0,235921.0,235921.0,0
20170118T,248024.0,248024.0,248024.0,248024.0,0
20170119T,224238.0,224238.0,224238.0,224238.0,0
20170120T,273007.0,273007.0,273007.0,273007.0,0
20170123T,267608.0,267608.0,267608.0,267608.0,0
20170124T,250029.0,250029.0,250029.0,250029.0,0
20170125T,130592.0,130592.0,130592.0,130592.0,0
20170127T,165582.0,165582.0,165582.0,165582.0,0
20170130T,194570.0,194570.0,194570.0,194570.0,0
20170131T,223850.0,223850.0,223850.0,223850.0,0
20170201T,245348.0,245348.0,245348.0,245348.0,0
20170202T,207665.0,207665.0,207665.0,207665.0,0
20170203T,210206.0,210206.0,210206.0,210206.0,0
20170206T,221231.0,221231.0,221231.0,221231.0,0
20170207T,235972.0,235972.0,235972.0,235972.0,0
20170208T,269401.0,269401.0,269401.0,269401.0,0
20170209T,214001.0,214001.0,214001.0,214001.0,0
20170210T,234794.0,234794.0,234794.0,234794.0,0
20170213T,249729.0,249729.0,249729.0,249729.0,0
20170214T,248901.0,248901.0,248901.0,248901.0,0
20170215T,297488.0,297488.0,297488.0,297488.0,0
20170216T,245172.0,245172.0,245172.0,245172.0,0
20170217T,252116.0,252116.0,252116.0,252116.0,0
20170220T,262095.0,262095.0,262095.0,262095.0,0
20170221T,241842.0,241842.0,241842.0,241842.0,0
20170222T,272177.0,272177.0,272177.0,272177.0,0
20170223T,134080.0,134080.0,134080.0,134080.0,0
20170227T,174624.0,174624.0,174624.0,174624.0,0
20170228T,185825.0,185825.0,185825.0,185825.0,0
20170301T,195616.0,195616.0,195616.0,195616.0,0
20170302T,190632.0,190632.0,190632.0,190632.0,0
20170303T,221654.0,221654.0,221654.0,221654.0,0
20170306T,232688.0,232688.0,232688.0,232688.0,0
20170307T,248085.0,248085.0,248085.0,248085.0,0
20170308T,272321.0,272321.0,272321.0,272321.0,0
20170309T,247445.0,247445.0,247445.0,247445.0,0
20170310T,284525.0,284525.0,284525.0,284525.0,0
20170314T,256217.0,256217.0,256217.0,256217.0,0
20170315T,248431.0,248431.0,248431.0,248431.0,0
20170316T,210110.0,210110.0,210110.0,210110.0,0
20170317T,207442.0,207442.0,207442.0,207442.0,0
20170320T,227035.0,227035.0,227035.0,227035.0,0
20170321T,272745.0,272745.0,272745.0,272745.0,0
20170322T,317385.0,317385.0,317385.0,317385.0,0
20170323T,249454.0,249454.0,249454.0,249454.0,0
20170324T,254019.0,254019.0,254019.0,254019.0,0
20170327T,286207.0,286207.0,286207.0,286207.0,0
20170328T,250948.0,250948.0,250948.0,250948.0,0
20170329T,243607.0,243607.0,243607.0,243607.0,0
20170330T,121420.0,121420.0,121420.0,121420.0,0
20170331T,142148.0,142148.0,142148.0,142148.0,0
20170403T,142393.0,142393.0,142393.0,142393.0,0
20170405T,151757.0,151757.0,151757.0,151757.0,0
20170406T,141287.0,141287.0,141287.0,141287.0,0
20170407T,174552.0,174552.0,174552.0,174552.0,0
20170410T,187718.0,187718.0,187718.0,187718.0,0
20170411T,186268.0,186268.0,186268.0,186268.0,0
20170412T,195784.0,195784.0,195784.0,195784.0,0
20170413T,172313.0,172313.0,172313.0,172313.0,0
20170417T,189748.0,189748.0,189748.0,189748.0,0
20170418T,217818.0,217818.0,217818.0,217818.0,0
20170419T,245483.0,245483.0,245483.0,245483.0,0
20170420T,195862.0,195862.0,195862.0,195862.0,0
20170421T,227726.0,227726.0,227726.0,227726.0,0
20170424T,200071.0,200071.0,200071.0,200071.0,0
20170425T,194637.0,194637.0,194637.0,194637.0,0
20170426T,179541.0,179541.0,179541.0,179541.0,0
20170427T,105693.0,105693.0,105693.0,105693.0,0
20170428T,124379.0,124379.0,124379.0,124379.0,0
20170502T,147470.0,147470.0,147470.0,147470.0,0
20170503T,164326.0,164326.0,164326.0,164326.0,0
20170504T,141891.0,141891.0,141891.0,141891.0,0
20170505T,177884.0,177884.0,177884.0,177884.0,0
20170508T,186252.0,186252.0,186252.0,186252.0,0
20170509T,202209.0,202209.0,202209.0,202209.0,0
20170510T,199473.0,199473.0,199473.0,199473.0,0
20170511T,168525.0,168525.0,168525.0,168525.0,0
20170512T,196377.0,196377.0,196377.0,196377.0,0
20170515T,189388.0,189388.0,189388.0,189388.0,0
20170516T,185762.0,185762.0,185762.0,185762.0,0
20170517T,183336.0,183336.0,183336.0,183336.0,0
20170518T,189741.0,189741.0,189741.0,189741.0,0
20170519T,205793.0,205793.0,205793.0,205793.0,0
20170522T,227759.0,227759.0,227759.0,227759.0,0
20170523T,242248.0,242248.0,242248.0,242248.0,0
20170524T,295478.0,295478.0,295478.0,295478.0,0
20170525T,111576.0,111576.0,111576.0,111576.0,0
20170526T,133410.0,133410.0,133410.0,133410.0,0
20170529T,166198.0,166198.0,166198.0,166198.0,0
20170530T,181077.0,181077.0,181077.0,181077.0,0
20170531T,186183.0,186183.0,186183.0,186183.0,0
20170601T,158690.0,158690.0,158690.0,158690.0,0
20170602T,173191.0,173191.0,173191.0,173191.0,0
20170605T,178237.0,178237.0,178237.0,178237.0,0
20170606T,197366.0,197366.0,197366.0,197366.0,0
20170607T,207440.0,207440.0,207440.0,207440.0,0
20170608T,178100.0,178100.0,178100.0,178100.0,0
20170609T,183322.0,183322.0,183322.0,183322.0,0
20170612T,219849.0,219849.0,219849.0,219849.0,0
20170613T,223858.0,223858.0,223858.0,223858.0,0
20170614T,219494.0,219494.0,219494.0,219494.0,0
20170615T,217199.0,217199.0,217199.0,217199.0,0
20170616T,230061.0,230061.0,230061.0,230061.0,0
20170619T,226142.0,226142.0,226142.0,226142.0,0
20170620T,233797.0,233797.0,233797.0,233797.0,0
20170621T,253355.0,253355.0,253355.0,253355.0,0
20170622T,234980.0,234980.0,234980.0,234980.0,0
20170623T,286198.0,286198.0,286198.0,286198.0,0
20170627T,351276.0,351276.0,351276.0,351276.0,0
20170628T,348808.0,348808.0,348808.0,348808.0,0
20170629T,135164.0,135164.0,135164.0,135164.0,0
20170630T,159497.0,159497.0,159497.0,159497.0,0
20170703T,180876.0,180876.0,180876.0,180876.0,0
20170704T,199919.0,199919.0,199919.0,199919.0,0
20170705T,199480.0,199480.0,199480.0,199480.0,0
20170706T,151499.0,151499.0,151499.0,151499.0,0
20170707T,171607.0,171607.0,171607.0,171607.0,0
20170710T,179979.0,179979.0,179979.0,179979.0,0
20170711T,199956.0,199956.0,199956.0,199956.0,0
20170712T,204058.0,204058.0,204058.0,204058.0,0
20170713T,176578.0,176578.0,176578.0,176578.0,0
20170714T,187037.0,187037.0,187037.0,187037.0,0
20170717T,199475.0,199475.0,199475.0,199475.0,0
20170718T,252992.0,252992.0,252992.0,252992.0,0
20170719T,231531.0,231531.0,231531.0,231531.0,0
20170720T,235678.0,235678.0,235678.0,235678.0,0
20170721T,230357.0,230357.0,230357.0,230357.0,0
20170724T,221789.0,221789.0,221789.0,221789.0,0
20170725T,230029.0,230029.0,230029.0,230029.0,0
20170726T,227505.0,227505.0,227505.0,227505.0,0
20170727T,127523.0,127523.0,127523.0,127523.0,0
20170728T,181510.0,181510.0,181510.0,181510.0,0
20170731T,187322.0,187322.0,187322.0,187322.0,0
20170801T,217761.0,217761.0,217761.0,217761.0,0
20170802T,265385.0,265385.0,265385.0,265385.0,0
20170803T,235281.0,235281.0,235281.0,235281.0,0
20170804T,221894.0,221894.0,221894.0,221894.0,0
20170807T,242386.0,242386.0,242386.0,242386.0,0
20170808T,307842.0,307842.0,307842.0,307842.0,0
20170809T,349457.0,349457.0,349457.0,349457.0,0
20170810T,275465.0,275465.0,275465.0,275465.0,0
20170811T,328255.0,328255.0,328255.0,328255.0,0
20170814T,324489.0,324489.0,324489.0,324489.0,0
20170816T,307822.0,307822.0,307822.0,307822.0,0
20170817T,265923.0,265923.0,265923.0,265923.0,0
20170818T,298136.0,298136.0,298136.0,298136.0,0
20170821T,341632.0,341632.0,341632.0,341632.0,0
20170822T,348497.0,348497.0,348497.0,348497.0,0
20170823T,304432.0,304432.0,304432.0,304432.0,0
20170824T,254706.0,254706.0,254706.0,254706.0,0
20170828T,288126.0,288126.0,288126.0,288126.0,0
20170829T,356288.0,356288.0,356288.0,356288.0,0
20170830T,336324.0,336324.0,336324.0,336324.0,0
20170831T,123074.0,123074.0,123074.0,123074.0,0
20170901T,154091.0,154091.0,154091.0,154091.0,0
20170904T,205474.0,205474.0,205474.0,205474.0,0
20170905T,207740.0,207740.0,207740.0,207740.0,0
20170906T,225423.0,225423.0,225423.0,225423.0,0
20170907T,204991.0,204991.0,204991.0,204991.0,0
20170908T,221941.0,221941.0,221941.0,221941.0,0
20170911T,241787.0,241787.0,241787.0,241787.0,0
20170912T,240878.0,240878.0,240878.0,240878.0,0
20170913T,255671.0,255671.0,255671.0,255671.0,0
20170914T,212843.0,212843.0,212843.0,212843.0,0
20170915T,229737.0,229737.0,229737.0,229737.0,0
20170918T,226927.0,226927.0,226927.0,226927.0,0
20170919T,231979.0,231979.0,231979.0,231979.0,0
20170920T,233125.0,233125.0,233125.0,233125.0,0
20170921T,230318.0,230318.0,230318.0,230318.0,0
20170922T,305407.0,305407.0,305407.0,305407.0,0
20170925T,369856.0,369856.0,369856.0,369856.0,0
20170926T,383001.0,383001.0,383001.0,383001.0,0
20170927T,453214.0,453214.0,453214.0,453214.0,0
20170928T,185516.0,185516.0,185516.0,185516.0,0
20170929T,206447.0,206447.0,206447.0,206447.0,0
20171003T,228676.0,228676.0,228676.0,228676.0,0
20171004T,260368.0,260368.0,260368.0,260368.0,0
20171005T,212252.0,212252.0,212252.0,212252.0,0
20171006T,222781.0,222781.0,222781.0,222781.0,0
20171009T,240813.0,240813.0,240813.0,240813.0,0
20171010T,244277.0,244277.0,244277.0,244277.0,0
20171011T,289539.0,289539.0,289539.0,289539.0,0
20171012T,212275.0,212275.0,212275.0,212275.0,0
20171013T,214822.0,214822.0,214822.0,214822.0,0
20171016T,238065.0,238065.0,238065.0,238065.0,0
20171017T,257123.0,257123.0,257123.0,257123.0,0
20171018T,208085.0,208085.0,208085.0,208085.0,0
20171019T,244793.0,244793.0,244793.0,244793.0,0
20171023T,237503.0,237503.0,237503.0,237503.0,0
20171024T,237866.0,237866.0,237866.0,237866.0,0
20171025T,230113.0,230113.0,230113.0,230113.0,0
20171026T,138422.0,138422.0,138422.0,138422.0,0
20171027T,176439.0,176439.0,176439.0,176439.0,0
20171030T,195019.0,195019.0,195019.0,195019.0,0
20171031T,202151.0,202151.0,202151.0,202151.0,0
20171101T,212115.0,212115.0,212115.0,212115.0,0
20171102T,190339.0,190339.0,190339.0,190339.0,0
20171103T,194774.0,194774.0,194774.0,194774.0,0
20171106T,215095.0,215095.0,215095.0,215095.0,0
20171107T,270643.0,270643.0,270643.0,270643.0,0
20171108T,301930.0,301930.0,301930.0,301930.0,0
20171109T,254562.0,254562.0,254562.0,254562.0,0
20171110T,256905.0,256905.0,256905.0,256905.0,0
20171113T,303370.0,303370.0,303370.0,303370.0,0
20171114T,320701.0,320701.0,320701.0,320701.0,0
20171115T,340686.0,340686.0,340686.0,340686.0,0
20171116T,292025.0,292025.0,292025.0,292025.0,0
20171117T,303187.0,303187.0,303187.0,303187.0,0
20171120T,323297.0,323297.0,323297.0,323297.0,0
20171121T,301937.0,301937.0,301937.0,301937.0,0
20171122T,309330.0,309330.0,309330.0,309330.0,0
20171123T,275650.0,275650.0,275650.0,275650.0,0
20171124T,252633.3333,252633.3333,252633.3333,252633.3333,0
20171127T,273286.0,273286.0,273286.0,273286.0,0
20171128T,324554.0,324554.0,324554.0,324554.0,0
20171129T,337618.0,337618.0,337618.0,337618.0,0
20171130T,194701.0,194701.0,194701.0,194701.0,0
20171201T,244014.0,244014.0,244014.0,244014.0,0
20171204T,277198.0,277198.0,277198.0,277198.0,0
20171205T,287923.0,287923.0,287923.0,287923.0,0
20171206T,389304.0,389304.0,389304.0,389304.0,0
20171207T,272550.0,272550.0,272550.0,272550.0,0
20171208T,268189.0,268189.0,268189.0,268189.0,0
20171211T,273820.0,273820.0,273820.0,273820.0,0
20171212T,302712.0,302712.0,302712.0,302712.0,0
20171213T,342292.0,342292.0,342292.0,342292.0,0
20171214T,287243.0,287243.0,287243.0,287243.0,0
20171215T,305060.0,305060.0,305060.0,305060.0,0
20171218T,326002.0,326002.0,326002.0,326002.0,0
20171219T,295718.0,295718.0,295718.0,295718.0,0
20171220T,324132.0,324132.0,324132.0,324132.0,0
20171221T,271189.0,271189.0,271189.0,271189.0,0
20171222T,258560.0,258560.0,258560.0,258560.0,0
20171226T,269676.0,269676.0,269676.0,269676.0,0
20171227T,307253.0,307253.0,307253.0,307253.0,0
20171228T,141383.0,141383.0,141383.0,141383.0,0
20171229T,156706.0,156706.0,156706.0,156706.0,0
20180101T,185133.0,185133.0,185133.0,185133.0,0
20180102T,220408.0,220408.0,220408.0,220408.0,0
20180103T,239326.0,239326.0,239326.0,239326.0,0
20180104T,192677.0,192677.0,192677.0,192677.0,0
20180105T,194840.0,194840.0,194840.0,194840.0,0
20180108T,210186.0,210186.0,210186.0,210186.0,0
20180109T,228546.0,228546.0,228546.0,228546.0,0
20180110T,248575.0,248575.0,248575.0,248575.0,0
20180111T,196243.0,196243.0,196243.0,196243.0,0
20180112T,203774.0,203774.0,203774.0,203774.0,0
20180115T,227525.0,227525.0,227525.0,227525.0,0
20180116T,247586.0,247586.0,247586.0,247586.0,0
20180117T,240205.0,240205.0,240205.0,240205.0,0
20180118T,256323.0,256323.0,256323.0,256323.0,0
20180119T,246101.0,246101.0,246101.0,246101.0,0
20180122T,262141.0,262141.0,262141.0,262141.0,0
20180123T,250814.0,250814.0,250814.0,250814.0,0
20180124T,255398.0,255398.0,255398.0,255398.0,0
20180125T,130578.0,130578.0,130578.0,130578.0,0
20180129T,175034.0,175034.0,175034.0,175034.0,0
20180130T,212557.0,212557.0,212557.0,212557.0,0
20180131T,266534.0,266534.0,266534.0,266534.0,0
20180201T,285946.0,285946.0,285946.0,285946.0,0
20180202T,357983.0,357983.0,357983.0,357983.0,0
20180205T,393927.0,393927.0,393927.0,393927.0,0
20180206T,399123.0,399123.0,399123.0,399123.0,0
20180207T,503381.0,503381.0,503381.0,503381.0,0
20180208T,403079.0,403079.0,403079.0,403079.0,0
20180209T,411095.0,411095.0,411095.0,411095.0,0
20180212T,408937.0,408937.0,408937.0,408937.0,0
20180214T,437836.0,437836.0,437836.0,437836.0,0
20180215T,376598.0,376598.0,376598.0,376598.0,0
20180216T,424233.0,424233.0,424233.0,424233.0,0
20180219T,449023.0,449023.0,449023.0,449023.0,0
20180220T,437297.0,437297.0,437297.0,437297.0,0
20180221T,430507.0,430507.0,430507.0,430507.0,0
20180222T,162531.0,162531.0,162531.0,162531.0,0
20180223T,203732.0,203732.0,203732.0,203732.0,0
20180226T,209666.0,209666.0,209666.0,209666.0,0
20180227T,241660.0,241660.0,241660.0,241660.0,0
20180228T,268331.0,268331.0,268331.0,268331.0,0
20180301T,260738.0,260738.0,260738.0,260738.0,0
20180305T,296488.0,296488.0,296488.0,296488.0,0
20180306T,344670.0,344670.0,344670.0,344670.0,0
20180307T,398731.0,398731.0,398731.0,398731.0,0
20180308T,315510.0,315510.0,315510.0,315510.0,0
20180309T,329242.0,329242.0,329242.0,329242.0,0
20180312T,306046.0,306046.0,306046.0,306046.0,0
20180313T,311968.0,311968.0,311968.0,311968.0,0
20180314T,322014.0,322014.0,322014.0,322014.0,0
20180315T,307625.0,307625.0,307625.0,307625.0,0
20180316T,368528.0,368528.0,368528.0,368528.0,0
20180319T,396746.0,396746.0,396746.0,396746.0,0
20180320T,401409.0,401409.0,401409.0,401409.0,0
20180321T,389005.0,389005.0,389005.0,389005.0,0
20180322T,373915.0,373915.0,373915.0,373915.0,0
20180323T,402051.0,402051.0,402051.0,402051.0,0
20180326T,369581.0,369581.0,369581.0,369581.0,0
20180327T,378870.0,378870.0,378870.0,378870.0,0
20180328T,154163.0,154163.0,154163.0,154163.0,0
20180402T,183093.0,183093.0,183093.0,183093.0,0
20180403T,201829.0,201829.0,201829.0,201829.0,0
20180404T,267714.0,267714.0,267714.0,267714.0,0
20180405T,205361.0,205361.0,205361.0,205361.0,0
20180406T,207920.0,207920.0,207920.0,207920.0,0
20180409T,228440.0,228440.0,228440.0,228440.0,0
20180410T,239670.0,239670.0,239670.0,239670.0,0
20180411T,275365.0,275365.0,275365.0,275365.0,0
20180412T,228188.0,228188.0,228188.0,228188.0,0
20180413T,246379.0,246379.0,246379.0,246379.0,0
20180416T,250096.0,250096.0,250096.0,250096.0,0
20180417T,249799.0,249799.0,249799.0,249799.0,0
20180418T,284137.0,284137.0,284137.0,284137.0,0
20180419T,238136.0,238136.0,238136.0,238136.0,0
20180420T,250937.0,250937.0,250937.0,250937.0,0
20180423T,247344.0,247344.0,247344.0,247344.0,0
20180424T,248597.0,248597.0,248597.0,248597.0,0
20180425T,269650.0,269650.0,269650.0,269650.0,0
20180426T,113712.0,113712.0,113712.0,113712.0,0
20180427T,125721.0,125721.0,125721.0,125721.0,0
20180430T,145064.0,145064.0,145064.0,145064.0,0
20180502T,163387.0,163387.0,163387.0,163387.0,0
20180503T,143587.0,143587.0,143587.0,143587.0,0
20180504T,163410.0,163410.0,163410.0,163410.0,0
20180507T,162426.0,162426.0,162426.0,162426.0,0
20180508T,169120.0,169120.0,169120.0,169120.0,0
20180509T,178439.0,178439.0,178439.0,178439.0,0
20180510T,164617.0,164617.0,164617.0,164617.0,0
20180511T,177501.0,177501.0,177501.0,177501.0,0
20180514T,198770.0,198770.0,198770.0,198770.0,0
20180515T,220942.0,220942.0,220942.0,220942.0,0
20180516T,266132.0,266132.0,266132.0,266132.0,0
20180517T,229167.0,229167.0,229167.0,229167.0,0
20180518T,245037.0,245037.0,245037.0,245037.0,0
20180521T,278428.0,278428.0,278428.0,278428.0,0
20180522T,305157.0,305157.0,305157.0,305157.0,0
20180523T,341276.0,341276.0,341276.0,341276.0,0
20180524T,279894.0,279894.0,279894.0,279894.0,0
20180525T,265750.0,265750.0,265750.0,265750.0,0
20180528T,269142.0,269142.0,269142.0,269142.0,0
20180529T,310724.0,310724.0,310724.0,310724.0,0
20180530T,308486.0,308486.0,308486.0,308486.0,0
20180531T,134524.0,134524.0,134524.0,134524.0,0
20180601T,181916.0,181916.0,181916.0,181916.0,0
20180604T,254805.0,254805.0,254805.0,254805.0,0
20180605T,288137.0,288137.0,288137.0,288137.0,0
20180606T,297403.0,297403.0,297403.0,297403.0,0
20180607T,206789.0,206789.0,206789.0,206789.0,0
20180608T,225179.0,225179.0,225179.0,225179.0,0
20180611T,235735.0,235735.0,235735.0,235735.0,0
20180612T,226385.0,226385.0,226385.0,226385.0,0
20180614T,209487.0,209487.0,209487.0,209487.0,0
20180615T,222882.0,222882.0,222882.0,222882.0,0
20180618T,250685.0,250685.0,250685.0,250685.0,0
20180619T,266901.0,266901.0,266901.0,266901.0,0
20180620T,243160.0,243160.0,243160.0,243160.0,0
20180621T,236256.0,236256.0,236256.0,236256.0,0
20180622T,211278.0,211278.0,211278.0,211278.0,0
20180625T,272950.0,272950.0,272950.0,272950.0,0
20180626T,274254.0,274254.0,274254.0,274254.0,0
20180627T,336091.0,336091.0,336091.0,336091.0,0
20180628T,162908.0,162908.0,162908.0,162908.0,0
20180629T,186539.0,186539.0,186539.0,186539.0,0
20180702T,209825.0,209825.0,209825.0,209825.0,0
20180703T,217877.0,217877.0,217877.0,217877.0,0
20180704T,203607.0,203607.0,203607.0,203607.0,0
20180705T,177431.0,177431.0,177431.0,177431.0,0
20180706T,190637.0,190637.0,190637.0,190637.0,0
20180709T,194558.0,194558.0,194558.0,194558.0,0
20180710T,190443.0,190443.0,190443.0,190443.0,0
20180711T,206789.0,206789.0,206789.0,206789.0,0
20180712T,169436.0,169436.0,169436.0,169436.0,0
20180713T,188188.0,188188.0,188188.0,188188.0,0
20180716T,232113.0,232113.0,232113.0,232113.0,0
20180717T,202455.0,202455.0,202455.0,202455.0,0
20180718T,248819.0,248819.0,248819.0,248819.0,0
20180719T,221763.0,221763.0,221763.0,221763.0,0
20180720T,218198.0,218198.0,218198.0,218198.0,0
20180723T,208921.0,208921.0,208921.0,208921.0,0
20180724T,219206.0,219206.0,219206.0,219206.0,0
20180725T,198794.0,198794.0,198794.0,198794.0,0
20180726T,99619.0,99619.0,99619.0,99619.0,0
20180727T,121338.0,121338.0,121338.0,121338.0,0
20180730T,126739.0,126739.0,126739.0,126739.0,0
20180731T,143423.0,143423.0,143423.0,143423.0,0
20180801T,194260.0,194260.0,194260.0,194260.0,0
20180802T,159083.0,159083.0,159083.0,159083.0,0
20180803T,151035.0,151035.0,151035.0,151035.0,0
20180806T,169168.0,169168.0,169168.0,169168.0,0
20180807T,180334.0,180334.0,180334.0,180334.0,0
20180808T,172404.0,172404.0,172404.0,172404.0,0
20180809T,154596.0,154596.0,154596.0,154596.0,0
20180810T,176437.0,176437.0,176437.0,176437.0,0
20180813T,211152.0,211152.0,211152.0,211152.0,0
20180814T,202531.0,202531.0,202531.0,202531.0,0
20180816T,184981.0,184981.0,184981.0,184981.0,0
20180817T,181015.0,181015.0,181015.0,181015.0,0
20180820T,184036.0,184036.0,184036.0,184036.0,0
20180821T,195037.0,195037.0,195037.0,195037.0,0
20180823T,185740.0,185740.0,185740.0,185740.0,0
20180824T,207848.0,207848.0,207848.0,207848.0,0
20180827T,183563.0,183563.0,183563.0,183563.0,0
20180828T,196369.0,196369.0,196369.0,196369.0,0
20180829T,224851.0,224851.0,224851.0,224851.0,0
20180830T,127559.0,127559.0,127559.0,127559.0,0
20180831T,162466.0,162466.0,162466.0,162466.0,0
20180903T,210455.0,210455.0,210455.0,210455.0,0
20180904T,273095.0,273095.0,273095.0,273095.0,0
20180905T,311806.0,311806.0,311806.0,311806.0,0
20180906T,224225.0,224225.0,224225.0,224225.0,0
20180907T,215977.0,215977.0,215977.0,215977.0,0
20180910T,275799.0,275799.0,275799.0,275799.0,0
20180911T,342240.0,342240.0,342240.0,342240.0,0
20180912T,255026.0,255026.0,255026.0,255026.0,0
20180914T,237830.0,237830.0,237830.0,237830.0,0
20180917T,280842.0,280842.0,280842.0,280842.0,0
20180918T,340857.0,340857.0,340857.0,340857.0,0
20180919T,298995.0,298995.0,298995.0,298995.0,0
20180921T,297716.0,297716.0,297716.0,297716.0,0
20180924T,356299.0,356299.0,356299.0,356299.0,0
20180925T,324998.0,324998.0,324998.0,324998.0,0
20180926T,347966.0,347966.0,347966.0,347966.0,0
20180927T,157841.0,157841.0,157841.0,157841.0,0
20180928T,193418.0,193418.0,193418.0,193418.0,0
20181001T,207820.0,207820.0,207820.0,207820.0,0
20181003T,293600.0,293600.0,293600.0,293600.0,0
20181004T,262222.0,262222.0,262222.0,262222.0,0
20181005T,323468.0,323468.0,323468.0,323468.0,0
20181008T,329233.0,329233.0,329233.0,329233.0,0
20181009T,351753.0,351753.0,351753.0,351753.0,0
20181010T,310324.0,310324.0,310324.0,310324.0,0
20181011T,283757.0,283757.0,283757.0,283757.0,0
20181012T,286837.0,286837.0,286837.0,286837.0,0
20181015T,303879.0,303879.0,303879.0,303879.0,0
20181016T,310895.0,310895.0,310895.0,310895.0,0
20181017T,310617.0,310617.0,310617.0,310617.0,0
20181019T,362654.0,362654.0,362654.0,362654.0,0
20181022T,385839.0,385839.0,385839.0,385839.0,0
20181023T,407478.0,407478.0,407478.0,407478.0,0
20181024T,389401.0,389401.0,389401.0,389401.0,0
20181025T,179947.0,179947.0,179947.0,179947.0,0
20181026T,309954.0,309954.0,309954.0,309954.0,0
20181029T,273364.0,273364.0,273364.0,273364.0,0
20181030T,321404.0,321404.0,321404.0,321404.0,0
20181031T,298887.0,298887.0,298887.0,298887.0,0
20181101T,222493.0,222493.0,222493.0,222493.0,0
20181102T,227062.0,227062.0,227062.0,227062.0,0
20181105T,276930.0,276930.0,276930.0,276930.0,0
20181106T,226349.0,226349.0,226349.0,226349.0,0
20181107T,230896.0,230896.0,230896.0,230896.0,0
20181109T,251753.0,251753.0,251753.0,251753.0,0
20181112T,316022.0,316022.0,316022.0,316022.0,0
20181113T,289980.0,289980.0,289980.0,289980.0,0
20181114T,328410.0,328410.0,328410.0,328410.0,0
20181115T,244607.0,244607.0,244607.0,244607.0,0
20181116T,250843.0,250843.0,250843.0,250843.0,0
20181119T,255578.0,255578.0,255578.0,255578.0,0
20181120T,323139.0,323139.0,323139.0,323139.0,0
20181121T,358013.0,358013.0,358013.0,358013.0,0
20181122T,285353.0,285353.0,285353.0,285353.0,0
20181126T,276113.0,276113.0,276113.0,276113.0,0
20181127T,279365.0,279365.0,279365.0,279365.0,0
20181128T,291997.0,291997.0,291997.0,291997.0,0
20181129T,121818.0,121818.0,121818.0,121818.0,0
20181130T,163059.0,163059.0,163059.0,163059.0,0
20181203T,215616.0,215616.0,215616.0,215616.0,0
20181204T,226930.0,226930.0,226930.0,226930.0,0
20181205T,315023.0,315023.0,315023.0,315023.0,0
20181206T,184491.0,184491.0,184491.0,184491.0,0
20181207T,196968.0,196968.0,196968.0,196968.0,0
20181210T,294709.0,294709.0,294709.0,294709.0,0
20181211T,338427.0,338427.0,338427.0,338427.0,0
20181212T,319223.0,319223.0,319223.0,319223.0,0
20181213T,248867.0,248867.0,248867.0,248867.0,0
20181214T,249845.0,249845.0,249845.0,249845.0,0
20181217T,273389.0,273389.0,273389.0,273389.0,0
20181218T,286234.0,286234.0,286234.0,286234.0,0
20181219T,302376.0,302376.0,302376.0,302376.0,0
20181220T,232600.0,232600.0,232600.0,232600.0,0
20181221T,355839.0,355839.0,355839.0,355839.0,0
20181224T,421233.0,421233.0,421233.0,421233.0,0
20181226T,358218.0,358218.0,358218.0,358218.0,0
20181227T,161026.0,161026.0,161026.0,161026.0,0
20181228T,193410.0,193410.0,193410.0,193410.0,0
20181231T,235685.0,235685.0,235685.0,235685.0,0
20190101T,250678.0,250678.0,250678.0,250678.0,0
20190102T,354344.0,354344.0,354344.0,354344.0,0
20190103T,253773.0,253773.0,253773.0,253773.0,0
20190104T,268193.0,268193.0,268193.0,268193.0,0
20190107T,286961.0,286961.0,286961.0,286961.0,0
20190108T,282574.0,282574.0,282574.0,282574.0,0
20190109T,306509.0,306509.0,306509.0,306509.0,0
20190110T,238925.0,238925.0,238925.0,238925.0,0
20190111T,293755.0,293755.0,293755.0,293755.0,0
20190114T,332410.0,332410.0,332410.0,332410.0,0
20190115T,293573.0,293573.0,293573.0,293573.0,0
20190116T,334169.0,334169.0,334169.0,334169.0,0
20190117T,228405.0,228405.0,228405.0,228405.0,0
20190118T,226537.0,226537.0,226537.0,226537.0,0
20190121T,237001.0,237001.0,237001.0,237001.0,0
20190122T,256886.0,256886.0,256886.0,256886.0,0
20190123T,318251.0,318251.0,318251.0,318251.0,0
20190124T,232630.0,232630.0,232630.0,232630.0,0
20190125T,248641.0,248641.0,248641.0,248641.0,0
20190128T,324559.0,324559.0,324559.0,324559.0,0
20190129T,351629.0,351629.0,351629.0,351629.0,0
20190130T,334774.0,334774.0,334774.0,334774.0,0
20190131T,117408.0,117408.0,117408.0,117408.0,0
20190201T,195331.0,195331.0,195331.0,195331.0,0
20190204T,200607.0,200607.0,200607.0,200607.0,0
20190205T,212524.0,212524.0,212524.0,212524.0,0
20190206T,213250.0,213250.0,213250.0,213250.0,0
20190207T,153077.0,153077.0,153077.0,153077.0,0
20190208T,189627.0,189627.0,189627.0,189627.0,0
20190211T,234305.0,234305.0,234305.0,234305.0,0
20190212T,298649.0,298649.0,298649.0,298649.0,0
20190213T,338891.0,338891.0,338891.0,338891.0,0
20190214T,202731.0,202731.0,202731.0,202731.0,0
20190215T,231564.0,231564.0,231564.0,231564.0,0
20190218T,295194.0,295194.0,295194.0,295194.0,0
20190219T,301239.0,301239.0,301239.0,301239.0,0
20190220T,269862.0,269862.0,269862.0,269862.0,0
20190221T,188348.0,188348.0,188348.0,188348.0,0
20190222T,214867.0,214867.0,214867.0,214867.0,0
20190225T,220570.0,220570.0,220570.0,220570.0,0
20190226T,242460.0,242460.0,242460.0,242460.0,0
20190227T,277035.0,277035.0,277035.0,277035.0,0
20190228T,122269.0,122269.0,122269.0,122269.0,0
20190301T,152890.0,152890.0,152890.0,152890.0,0
20190305T,188427.0,188427.0,188427.0,188427.0,0
20190306T,223470.0,223470.0,223470.0,223470.0,0
20190307T,168397.0,168397.0,168397.0,168397.0,0
20190308T,206554.0,206554.0,206554.0,206554.0,0
20190311T,243531.0,243531.0,243531.0,243531.0,0
20190312T,228182.0,228182.0,228182.0,228182.0,0
20190313T,229525.0,229525.0,229525.0,229525.0,0
20190314T,193376.0,193376.0,193376.0,193376.0,0
20190315T,223549.0,223549.0,223549.0,223549.0,0
20190318T,265313.0,265313.0,265313.0,265313.0,0
20190319T,250961.0,250961.0,250961.0,250961.0,0
20190320T,164664.0,164664.0,164664.0,164664.0,0
20190322T,232958.0,232958.0,232958.0,232958.0,0
20190325T,280925.0,280925.0,280925.0,280925.0,0
20190326T,242469.0,242469.0,242469.0,242469.0,0
20190327T,262872.0,262872.0,262872.0,262872.0,0
20190328T,124146.0,124146.0,124146.0,124146.0,0
20190329T,170879.0,170879.0,170879.0,170879.0,0
20190401T,215232.0,215232.0,215232.0,215232.0,0
20190402T,218051.0,218051.0,218051.0,218051.0,0
20190403T,292793.0,292793.0,292793.0,292793.0,0
20190404T,180877.0,180877.0,180877.0,180877.0,0
20190405T,195104.0,195104.0,195104.0,195104.0,0
20190408T,280761.0,280761.0,280761.0,280761.0,0
20190409T,262824.0,262824.0,262824.0,262824.0,0
20190410T,360485.0,360485.0,360485.0,360485.0,0
20190411T,207061.0,207061.0,207061.0,207061.0,0
20190412T,207707.0,207707.0,207707.0,207707.0,0
20190415T,234744.0,234744.0,234744.0,234744.0,0
20190416T,219636.0,219636.0,219636.0,219636.0,0
20190418T,182793.0,182793.0,182793.0,182793.0,0
20190422T,297692.0,297692.0,297692.0,297692.0,0
20190423T,348193.0,348193.0,348193.0,348193.0,0
20190424T,263061.0,263061.0,263061.0,263061.0,0
20190425T,139511.0,139511.0,139511.0,139511.0,0
20190426T,155790.0,155790.0,155790.0,155790.0,0
20190430T,232817.0,232817.0,232817.0,232817.0,0
20190502T,154679.0,154679.0,154679.0,154679.0,0
20190503T,183411.0,183411.0,183411.0,183411.0,0
20190506T,242626.0,242626.0,242626.0,242626.0,0
20190507T,340959.0,340959.0,340959.0,340959.0,0
20190508T,393729.0,393729.0,393729.0,393729.0,0
20190509T,182059.0,182059.0,182059.0,182059.0,0
20190510T,209719.0,209719.0,209719.0,209719.0,0
20190513T,274193.0,274193.0,274193.0,274193.0,0
20190514T,272236.0,272236.0,272236.0,272236.0,0
20190515T,338536.0,338536.0,338536.0,338536.0,0
20190516T,128906.0,128906.0,128906.0,128906.0,0
20190517T,165861.0,165861.0,165861.0,165861.0,0
20190520T,203487.0,203487.0,203487.0,203487.0,0
20190521T,234091.0,234091.0,234091.0,234091.0,0
20190522T,263891.0,263891.0,263891.0,263891.0,0
20190523T,266618.0,266618.0,266618.0,266618.0,0
20190524T,248166.0,248166.0,248166.0,248166.0,0
20190527T,254921.0,254921.0,254921.0,254921.0,0
20190528T,252408.0,252408.0,252408.0,252408.0,0
20190529T,323320.0,323320.0,323320.0,323320.0,0
20190530T,117483.0,117483.0,117483.0,117483.0,0
20190531T,173750.0,173750.0,173750.0,173750.0,0
20190603T,183057.0,183057.0,183057.0,183057.0,0
20190604T,228840.0,228840.0,228840.0,228840.0,0
20190606T,196075.0,196075.0,196075.0,196075.0,0
20190607T,232694.0,232694.0,232694.0,232694.0,0
20190610T,262274.0,262274.0,262274.0,262274.0,0
20190611T,239841.0,239841.0,239841.0,239841.0,0
20190612T,312715.0,312715.0,312715.0,312715.0,0
20190613T,171064.0,171064.0,171064.0,171064.0,0
20190614T,259157.0,259157.0,259157.0,259157.0,0
20190617T,341315.0,341315.0,341315.0,341315.0,0
20190618T,327915.0,327915.0,327915.0,327915.0,0
20190619T,359743.0,359743.0,359743.0,359743.0,0
20190620T,160150.0,160150.0,160150.0,160150.0,0
20190621T,214607.0,214607.0,214607.0,214607.0,0
20190624T,244473.0,244473.0,244473.0,244473.0,0
20190625T,221818.0,221818.0,221818.0,221818.0,0
20190626T,230872.0,230872.0,230872.0,230872.0,0
20190627T,120870.0,120870.0,120870.0,120870.0,0
20190628T,195724.0,195724.0,195724.0,195724.0,0
20190701T,210013.0,210013.0,210013.0,210013.0,0
20190702T,221835.0,221835.0,221835.0,221835.0,0
20190703T,252147.0,252147.0,252147.0,252147.0,0
20190704T,160263.0,160263.0,160263.0,160263.0,0
20190705T,255258.0,255258.0,255258.0,255258.0,0
20190708T,387773.0,387773.0,387773.0,387773.0,0
20190709T,394726.0,394726.0,394726.0,394726.0,0
20190710T,427143.0,427143.0,427143.0,427143.0,0
20190711T,175039.0,175039.0,175039.0,175039.0,0
20190712T,203434.0,203434.0,203434.0,203434.0,0
20190715T,246523.0,246523.0,246523.0,246523.0,0
20190716T,244464.0,244464.0,244464.0,244464.0,0
20190717T,247458.0,247458.0,247458.0,247458.0,0
20190718T,187719.0,187719.0,187719.0,187719.0,0
20190719T,278315.0,278315.0,278315.0,278315.0,0
20190722T,327063.0,327063.0,327063.0,327063.0,0
20190723T,351850.0,351850.0,351850.0,351850.0,0
20190724T,380075.0,380075.0,380075.0,380075.0,0
20190725T,157280.0,157280.0,157280.0,157280.0,0
20190726T,187452.0,187452.0,187452.0,187452.0,0
20190729T,282342.0,282342.0,282342.0,282342.0,0
20190730T,394263.0,394263.0,394263.0,394263.0,0
20190731T,392602.0,392602.0,392602.0,392602.0,0
20190801T,249029.0,249029.0,249029.0,249029.0,0
20190802T,279673.0,279673.0,279673.0,279673.0,0
20190805T,363903.0,363903.0,363903.0,363903.0,0
20190806T,347219.0,347219.0,347219.0,347219.0,0
20190807T,444662.0,444662.0,444662.0,444662.0,0
20190808T,235388.0,235388.0,235388.0,235388.0,0
20190809T,259427.0,259427.0,259427.0,259427.0,0
20190813T,415590.0,415590.0,415590.0,415590.0,0
20190814T,222407.0,222407.0,222407.0,222407.0,0
20190816T,252838.0,252838.0,252838.0,252838.0,0
20190819T,288995.0,288995.0,288995.0,288995.0,0
20190820T,326713.0,326713.0,326713.0,326713.0,0
20190821T,418753.0,418753.0,418753.0,418753.0,0
20190822T,286961.0,286961.0,286961.0,286961.0,0
20190823T,281519.0,281519.0,281519.0,281519.0,0
20190826T,288708.0,288708.0,288708.0,288708.0,0
20190827T,316182.0,316182.0,316182.0,316182.0,0
20190828T,380759.0,380759.0,380759.0,380759.0,0
20190829T,365812.0,365812.0,365812.0,365812.0,0
20190830T,203312.0,203312.0,203312.0,203312.0,0
20190903T,358111.0,358111.0,358111.0,358111.0,0
20190904T,375887.0,375887.0,375887.0,375887.0,0
20190905T,197723.0,197723.0,197723.0,197723.0,0
20190906T,215418.0,215418.0,215418.0,215418.0,0
20190909T,237034.0,237034.0,237034.0,237034.0,0
20190911T,290889.0,290889.0,290889.0,290889.0,0
20190912T,198299.0,198299.0,198299.0,198299.0,0
20190913T,220329.0,220329.0,220329.0,220329.0,0
20190916T,302903.0,302903.0,302903.0,302903.0,0
20190917T,409483.0,409483.0,409483.0,409483.0,0
20190918T,411055.0,411055.0,411055.0,411055.0,0
20190919T,258406.0,258406.0,258406.0,258406.0,0
20190920T,233726.0,233726.0,233726.0,233726.0,0
20190923T,242512.0,242512.0,242512.0,242512.0,0
20190924T,275670.0,275670.0,275670.0,275670.0,0
20190925T,337894.0,337894.0,337894.0,337894.0,0
20190926T,132946.0,132946.0,132946.0,132946.0,0
20190927T,190969.0,190969.0,190969.0,190969.0,0
20190930T,273413.0,273413.0,273413.0,273413.0,0
20191001T,330318.0,330318.0,330318.0,330318.0,0
20191003T,159453.0,159453.0,159453.0,159453.0,0
20191004T,271390.0,271390.0,271390.0,271390.0,0
20191007T,291668.0,291668.0,291668.0,291668.0,0
20191009T,281752.0,281752.0,281752.0,281752.0,0
20191010T,170022.0,170022.0,170022.0,170022.0,0
20191011T,222873.0,222873.0,222873.0,222873.0,0
20191014T,217956.0,217956.0,217956.0,217956.0,0
20191015T,219176.0,219176.0,219176.0,219176.0,0
20191016T,256786.0,256786.0,256786.0,256786.0,0
20191017T,148892.0,148892.0,148892.0,148892.0,0
20191018T,174291.0,174291.0,174291.0,174291.0,0
20191022T,230542.0,230542.0,230542.0,230542.0,0
20191023T,258766.0,258766.0,258766.0,258766.0,0
20191024T,168944.0,168944.0,168944.0,168944.0,0
20191025T,196511.0,196511.0,196511.0,196511.0,0
20191029T,214172.0,214172.0,214172.0,214172.0,0
20191030T,248057.0,248057.0,248057.0,248057.0,0
20191031T,129870.0,129870.0,129870.0,129870.0,0
20191101T,163173.0,163173.0,163173.0,163173.0,0
20191104T,207571.0,207571.0,207571.0,207571.0,0
20191105T,230230.0,230230.0,230230.0,230230.0,0
20191106T,221847.0,221847.0,221847.0,221847.0,0
20191107T,137475.0,137475.0,137475.0,137475.0,0
20191108T,178804.0,178804.0,178804.0,178804.0,0
20191111T,196060.0,196060.0,196060.0,196060.0,0
20191113T,317251.0,317251.0,317251.0,317251.0,0
20191114T,149173.0,149173.0,149173.0,149173.0,0
20191115T,165034.0,165034.0,165034.0,165034.0,0
20191118T,217776.0,217776.0,217776.0,217776.0,0
20191119T,206767.0,206767.0,206767.0,206767.0,0
20191120T,212454.0,212454.0,212454.0,212454.0,0
20191121T,137032.0,137032.0,137032.0,137032.0,0
20191122T,198528.0,198528.0,198528.0,198528.0,0
20191125T,185618.0,185618.0,185618.0,185618.0,0
20191126T,198791.0,198791.0,198791.0,198791.0,0
20191127T,216031.0,216031.0,216031.0,216031.0,0
20191128T,99637.0,99637.0,99637.0,99637.0,0
20191129T,143790.0,143790.0,143790.0,143790.0,0
20191202T,203253.0,203253.0,203253.0,203253.0,0
20191203T,245948.0,245948.0,245948.0,245948.0,0
20191204T,221288.0,221288.0,221288.0,221288.0,0
20191205T,137678.0,137678.0,137678.0,137678.0,0
20191206T,230912.0,230912.0,230912.0,230912.0,0
20191209T,265309.0,265309.0,265309.0,265309.0,0
20191210T,277981.0,277981.0,277981.0,277981.0,0
20191211T,299156.0,299156.0,299156.0,299156.0,0
20191212T,132622.0,132622.0,132622.0,132622.0,0
20191213T,160507.0,160507.0,160507.0,160507.0,0
20191216T,210319.0,210319.0,210319.0,210319.0,0
20191217T,202744.0,202744.0,202744.0,202744.0,0
20191218T,202163.0,202163.0,202163.0,202163.0,0
20191219T,122905.0,122905.0,122905.0,122905.0,0
20191220T,143504.0,143504.0,143504.0,143504.0,0
20191223T,183218.0,183218.0,183218.0,183218.0,0
20191224T,213528.0,213528.0,213528.0,213528.0,0
20191226T,113565.0,113565.0,113565.0,113565.0,0
20191227T,141066.0,141066.0,141066.0,141066.0,0
20191230T,195559.0,195559.0,195559.0,195559.0,0
20191231T,258774.0,258774.0,258774.0,258774.0,0
20200101T,286765.0,286765.0,286765.0,286765.0,0
20200102T,143297.0,143297.0,143297.0,143297.0,0
20200103T,183362.0,183362.0,183362.0,183362.0,0
20200106T,278587.0,278587.0,278587.0,278587.0,0
20200107T,308265.0,308265.0,308265.0,308265.0,0
20200108T,307704.0,307704.0,307704.0,307704.0,0
20200109T,138709.0,138709.0,138709.0,138709.0,0
20200110T,169781.0,169781.0,169781.0,169781.0,0
20200113T,199625.0,199625.0,199625.0,199625.0,0
20200114T,227425.0,227425.0,227425.0,227425.0,0
20200115T,280165.0,280165.0,280165.0,280165.0,0
20200116T,156835.0,156835.0,156835.0,156835.0,0
20200117T,193039.0,193039.0,193039.0,193039.0,0
20200120T,329393.0,329393.0,329393.0,329393.0,0
20200121T,361340.0,361340.0,361340.0,361340.0,0
20200122T,413954.0,413954.0,413954.0,413954.0,0
20200123T,187750.0,187750.0,187750.0,187750.0,0
20200124T,196081.0,196081.0,196081.0,196081.0,0
20200127T,296152.0,296152.0,296152.0,296152.0,0
20200128T,337349.0,337349.0,337349.0,337349.0,0
20200129T,318790.0,318790.0,318790.0,318790.0,0
20200130T,124887.0,124887.0,124887.0,124887.0,0
20200131T,217546.0,217546.0,217546.0,217546.0,0
20200203T,361918.0,361918.0,361918.0,361918.0,0
20200204T,282056.0,282056.0,282056.0,282056.0,0
20200205T,283175.0,283175.0,283175.0,283175.0,0
20200206T,150345.0,150345.0,150345.0,150345.0,0
20200207T,180346.0,180346.0,180346.0,180346.0,0
20200210T,223481.0,223481.0,223481.0,223481.0,0
20200211T,232854.0,232854.0,232854.0,232854.0,0
20200212T,245063.0,245063.0,245063.0,245063.0,0
20200213T,174160.0,174160.0,174160.0,174160.0,0
20200214T,239492.0,239492.0,239492.0,239492.0,0
20200217T,326727.0,326727.0,326727.0,326727.0,0
20200218T,356610.0,356610.0,356610.0,356610.0,0
20200219T,303486.0,303486.0,303486.0,303486.0,0
20200220T,150759.0,150759.0,150759.0,150759.0,0
20200224T,291281.0,291281.0,291281.0,291281.0,0
20200225T,325294.0,325294.0,325294.0,325294.0,0
20200226T,371521.0,371521.0,371521.0,371521.0,0
20200227T,148318.0,148318.0,148318.0,148318.0,0
20200228T,244010.0,244010.0,244010.0,244010.0,0
20200302T,272052.0,272052.0,272052.0,272052.0,0
20200303T,284303.0,284303.0,284303.0,284303.0,0
20200304T,352057.0,352057.0,352057.0,352057.0,0
20200305T,163822.0,163822.0,163822.0,163822.0,0
20200306T,218768.0,218768.0,218768.0,218768.0,0
20200309T,315776.0,315776.0,315776.0,315776.0,0
20200311T,363897.0,363897.0,363897.0,363897.0,0
20200312T,220124.0,220124.0,220124.0,220124.0,0
20200313T,228818.0,228818.0,228818.0,228818.0,0
20200316T,284682.0,284682.0,284682.0,284682.0,0
20200317T,319228.0,319228.0,319228.0,319228.0,0
20200318T,360783.0,360783.0,360783.0,360783.0,0
20200319T,190705.0,190705.0,190705.0,190705.0,0
20200320T,204424.0,204424.0,204424.0,204424.0,0
20200323T,220675.0,220675.0,220675.0,220675.0,0
20200324T,220098.0,220098.0,220098.0,220098.0,0
20200325T,232183.0,232183.0,232183.0,232183.0,0
20200326T,60398.0,60398.0,60398.0,60398.0,0
20200327T,94631.0,94631.0,94631.0,94631.0,0
20200330T,141742.0,141742.0,141742.0,141742.0,0
20200331T,165408.0,165408.0,165408.0,165408.0,0
20200401T,86885.0,86885.0,86885.0,86885.0,0
20200403T,132622.0,132622.0,132622.0,132622.0,0
20200407T,144883.0,144883.0,144883.0,144883.0,0
20200408T,191283.0,191283.0,191283.0,191283.0,0
20200409T,89774.0,89774.0,89774.0,89774.0,0
20200413T,130334.0,130334.0,130334.0,130334.0,0
20200415T,189794.0,189794.0,189794.0,189794.0,0
20200416T,103584.0,103584.0,103584.0,103584.0,0
20200417T,128471.0,128471.0,128471.0,128471.0,0
20200420T,172566.0,172566.0,172566.0,172566.0,0
20200421T,216871.0,216871.0,216871.0,216871.0,0
20200422T,210293.0,210293.0,210293.0,210293.0,0
20200423T,112292.0,112292.0,112292.0,112292.0,0
20200424T,148514.0,148514.0,148514.0,148514.0,0
20200427T,179347.0,179347.0,179347.0,179347.0,0
20200428T,178994.0,178994.0,178994.0,178994.0,0
20200429T,211478.0,211478.0,211478.0,211478.0,0
20200430T,78173.0,78173.0,78173.0,78173.0,0
20200504T,159159.0,159159.0,159159.0,159159.0,0
20200505T,215229.0,215229.0,215229.0,215229.0,0
20200506T,214236.0,214236.0,214236.0,214236.0,0
20200507T,105646.0,105646.0,105646.0,105646.0,0
20200508T,163908.0,163908.0,163908.0,163908.0,0
20200511T,209447.0,209447.0,209447.0,209447.0,0
20200512T,228770.0,228770.0,228770.0,228770.0,0
20200513T,269429.0,269429.0,269429.0,269429.0,0
20200514T,168737.0,168737.0,168737.0,168737.0,0
20200515T,223135.0,223135.0,223135.0,223135.0,0
20200518T,311044.0,311044.0,311044.0,311044.0,0
20200519T,290129.0,290129.0,290129.0,290129.0,0
20200520T,288684.0,288684.0,288684.0,288684.0,0
20200521T,171948.0,171948.0,171948.0,171948.0,0
20200522T,225052.0,225052.0,225052.0,225052.0,0
20200526T,268138.0,268138.0,268138.0,268138.0,0
20200527T,223086.0,223086.0,223086.0,223086.0,0
20200528T,97676.0,97676.0,97676.0,97676.0,0
20200529T,127361.0,127361.0,127361.0,127361.0,0
20200601T,212622.0,212622.0,212622.0,212622.0,0
20200602T,228269.0,228269.0,228269.0,228269.0,0
20200603T,293092.0,293092.0,293092.0,293092.0,0
20200604T,153658.0,153658.0,153658.0,153658.0,0
20200605T,200538.0,200538.0,200538.0,200538.0,0
20200608T,291135.0,291135.0,291135.0,291135.0,0
20200609T,340845.0,340845.0,340845.0,340845.0,0
20200610T,317947.0,317947.0,317947.0,317947.0,0
20200611T,181895.0,181895.0,181895.0,181895.0,0
20200612T,216927.0,216927.0,216927.0,216927.0,0
20200615T,268937.0,268937.0,268937.0,268937.0,0
20200616T,282400.0,282400.0,282400.0,282400.0,0
20200617T,348238.0,348238.0,348238.0,348238.0,0
20200618T,173241.0,173241.0,173241.0,173241.0,0
20200619T,217890.0,217890.0,217890.0,217890.0,0
20200622T,246963.0,246963.0,246963.0,246963.0,0
20200623T,254175.0,254175.0,254175.0,254175.0,0
20200624T,404441.0,404441.0,404441.0,404441.0,0
20200625T,111365.0,111365.0,111365.0,111365.0,0
20200626T,179207.0,179207.0,179207.0,179207.0,0
20200629T,228845.0,228845.0,228845.0,228845.0,0
20200630T,276560.0,276560.0,276560.0,276560.0,0
20200701T,277430.0,277430.0,277430.0,277430.0,0
20200702T,161613.0,161613.0,161613.0,161613.0,0
20200703T,237010.0,237010.0,237010.0,237010.0,0
20200706T,274123.0,274123.0,274123.0,274123.0,0
20200707T,272146.0,272146.0,272146.0,272146.0,0
20200708T,344782.0,344782.0,344782.0,344782.0,0
20200709T,174109.0,174109.0,174109.0,174109.0,0
20200710T,256694.0,256694.0,256694.0,256694.0,0
20200713T,346856.0,346856.0,346856.0,346856.0,0
20200714T,442213.0,442213.0,442213.0,442213.0,0
20200715T,438301.0,438301.0,438301.0,438301.0,0
20200716T,180538.0,180538.0,180538.0,180538.0,0
20200717T,223611.0,223611.0,223611.0,223611.0,0
20200720T,273533.0,273533.0,273533.0,273533.0,0
20200721T,295037.0,295037.0,295037.0,295037.0,0
20200722T,325623.0,325623.0,325623.0,325623.0,0
20200723T,164118.0,164118.0,164118.0,164118.0,0
20200724T,210730.0,210730.0,210730.0,210730.0,0
20200727T,328618.0,328618.0,328618.0,328618.0,0
20200728T,286549.0,286549.0,286549.0,286549.0,0
20200729T,391185.0,391185.0,391185.0,391185.0,0
20200730T,174850.0,174850.0,174850.0,174850.0,0
20200803T,340067.0,340067.0,340067.0,340067.0,0
20200804T,296172.0,296172.0,296172.0,296172.0,0
20200805T,373105.0,373105.0,373105.0,373105.0,0
20200806T,178271.0,178271.0,178271.0,178271.0,0
20200807T,227753.0,227753.0,227753.0,227753.0,0
20200810T,254213.0,254213.0,254213.0,254213.0,0
20200811T,300340.0,300340.0,300340.0,300340.0,0
20200812T,341628.0,341628.0,341628.0,341628.0,0
20200813T,202973.0,202973.0,202973.0,202973.0,0
20200814T,293298.0,293298.0,293298.0,293298.0,0
20200817T,286722.0,286722.0,286722.0,286722.0,0
20200818T,291183.0,291183.0,291183.0,291183.0,0
20200819T,314235.0,314235.0,314235.0,314235.0,0
20200820T,197296.0,197296.0,197296.0,197296.0,0
20200821T,222304.0,222304.0,222304.0,222304.0,0
20200824T,260366.0,260366.0,260366.0,260366.0,0
20200825T,286524.0,286524.0,286524.0,286524.0,0
20200826T,309101.0,309101.0,309101.0,309101.0,0
20200827T,160356.0,160356.0,160356.0,160356.0,0
20200828T,214491.0,214491.0,214491.0,214491.0,0
20200831T,366813.0,366813.0,366813.0,366813.0,0
20200901T,388491.0,388491.0,388491.0,388491.0,0
20200902T,388663.0,388663.0,388663.0,388663.0,0
20200903T,204417.0,204417.0,204417.0,204417.0,0
20200904T,288459.0,288459.0,288459.0,288459.0,0
20200907T,339743.0,339743.0,339743.0,339743.0,0
20200908T,362536.0,362536.0,362536.0,362536.0,0
20200909T,468418.0,468418.0,468418.0,468418.0,0
20200910T,218950.0,218950.0,218950.0,218950.0,0
20200911T,258598.0,258598.0,258598.0,258598.0,0
20200914T,403121.0,403121.0,403121.0,403121.0,0
20200915T,339044.0,339044.0,339044.0,339044.0,0
20200916T,372701.0,372701.0,372701.0,372701.0,0
20200917T,227744.0,227744.0,227744.0,227744.0,0
20200918T,291681.0,291681.0,291681.0,291681.0,0
20200921T,395125.0,395125.0,395125.0,395125.0,0
20200922T,437382.0,437382.0,437382.0,437382.0,0
20200923T,476713.0,476713.0,476713.0,476713.0,0
20200924T,262578.0,262578.0,262578.0,262578.0,0
20200925T,261868.0,261868.0,261868.0,261868.0,0
20200928T,289161.0,289161.0,289161.0,289161.0,0
20200929T,329749.0,329749.0,329749.0,329749.0,0
20200930T,355711.0,355711.0,355711.0,355711.0,0
20201001T,201807.0,201807.0,201807.0,201807.0,0
20201005T,299893.0,299893.0,299893.0,299893.0,0
20201006T,303916.0,303916.0,303916.0,303916.0,0
20201007T,368688.0,368688.0,368688.0,368688.0,0
20201008T,204919.0,204919.0,204919.0,204919.0,0
20201009T,251344.0,251344.0,251344.0,251344.0,0
20201012T,368684.0,368684.0,368684.0,368684.0,0
20201013T,397771.0,397771.0,397771.0,397771.0,0
20201014T,395991.0,395991.0,395991.0,395991.0,0
20201015T,261693.0,261693.0,261693.0,261693.0,0
20201016T,307248.0,307248.0,307248.0,307248.0,0
20201019T,339155.0,339155.0,339155.0,339155.0,0
20201020T,330953.0,330953.0,330953.0,330953.0,0
20201021T,361362.0,361362.0,361362.0,361362.0,0
20201022T,217309.0,217309.0,217309.0,217309.0,0
20201023T,284032.0,284032.0,284032.0,284032.0,0
20201026T,408176.0,408176.0,408176.0,408176.0,0
20201027T,325062.0,325062.0,325062.0,325062.0,0
20201028T,435834.0,435834.0,435834.0,435834.0,0
20201029T,152055.0,152055.0,152055.0,152055.0,0
20201030T,208748.0,208748.0,208748.0,208748.0,0
20201102T,237698.0,237698.0,237698.0,237698.0,0
20201103T,246815.0,246815.0,246815.0,246815.0,0
20201104T,292946.0,292946.0,292946.0,292946.0,0
20201105T,169876.0,169876.0,169876.0,169876.0,0
20201106T,223355.0,223355.0,223355.0,223355.0,0
20201109T,285298.0,285298.0,285298.0,285298.0,0
20201110T,338775.0,338775.0,338775.0,338775.0,0
20201111T,390114.0,390114.0,390114.0,390114.0,0
20201112T,224710.0,224710.0,224710.0,224710.0,0
20201113T,264829.0,264829.0,264829.0,264829.0,0
20201117T,313982.0,313982.0,313982.0,313982.0,0
20201118T,326383.0,326383.0,326383.0,326383.0,0
20201119T,254799.0,254799.0,254799.0,254799.0,0
20201120T,269300.0,269300.0,269300.0,269300.0,0
20201123T,352394.0,352394.0,352394.0,352394.0,0
20201124T,293797.0,293797.0,293797.0,293797.0,0
20201125T,482245.0,482245.0,482245.0,482245.0,0
20201126T,191662.0,191662.0,191662.0,191662.0,0
20201127T,271393.0,271393.0,271393.0,271393.0,0
20201201T,334966.0,334966.0,334966.0,334966.0,0
20201202T,372872.0,372872.0,372872.0,372872.0,0
20201203T,183760.0,183760.0,183760.0,183760.0,0
20201204T,249785.0,249785.0,249785.0,249785.0,0
20201207T,288074.0,288074.0,288074.0,288074.0,0
20201208T,326303.0,326303.0,326303.0,326303.0,0
20201209T,317716.0,317716.0,317716.0,317716.0,0
20201210T,213990.0,213990.0,213990.0,213990.0,0
20201211T,304834.0,304834.0,304834.0,304834.0,0
20201214T,345649.0,345649.0,345649.0,345649.0,0
20201215T,364128.0,364128.0,364128.0,364128.0,0
20201216T,387105.0,387105.0,387105.0,387105.0,0
20201217T,200951.0,200951.0,200951.0,200951.0,0
20201218T,304320.0,304320.0,304320.0,304320.0,0
20201221T,491035.0,491035.0,491035.0,491035.0,0
20201222T,433291.0,433291.0,433291.0,433291.0,0
20201223T,393090.0,393090.0,393090.0,393090.0,0
20201224T,200860.0,200860.0,200860.0,200860.0,0
20201228T,278076.0,278076.0,278076.0,278076.0,0
20201229T,333662.0,333662.0,333662.0,333662.0,0
20201230T,387648.0,387648.0,387648.0,387648.0,0
20201231T,169955.0,169955.0,169955.0,169955.0,0
20210101T,273407.0,273407.0,273407.0,273407.0,0
20210104T,346127.0,346127.0,346127.0,346127.0,0
20210105T,324955.0,324955.0,324955.0,324955.0,0
20210106T,424911.0,424911.0,424911.0,424911.0,0
20210107T,253892.0,253892.0,253892.0,253892.0,0
20210108T,280683.0,280683.0,280683.0,280683.0,0
20210111T,364172.0,364172.0,364172.0,364172.0,0
20210112T,365703.0,365703.0,365703.0,365703.0,0
20210113T,424105.0,424105.0,424105.0,424105.0,0
20210114T,251709.0,251709.0,251709.0,251709.0,0
20210115T,392671.0,392671.0,392671.0,392671.0,0
20210118T,476913.0,476913.0,476913.0,476913.0,0
20210119T,371732.0,371732.0,371732.0,371732.0,0
20210120T,372938.0,372938.0,372938.0,372938.0,0
20210121T,233252.0,233252.0,233252.0,233252.0,0
20210122T,441091.0,441091.0,441091.0,441091.0,0
20210125T,441174.0,441174.0,441174.0,441174.0,0
20210127T,575848.0,575848.0,575848.0,575848.0,0
20210128T,165209.0,165209.0,165209.0,165209.0,0
20210129T,294040.0,294040.0,294040.0,294040.0,0
20210201T,285804.0,285804.0,285804.0,285804.0,0
20210202T,371299.0,371299.0,371299.0,371299.0,0
20210203T,380723.0,380723.0,380723.0,380723.0,0
20210204T,193487.0,193487.0,193487.0,193487.0,0
20210205T,306391.0,306391.0,306391.0,306391.0,0
20210208T,374297.0,374297.0,374297.0,374297.0,0
20210209T,399728.0,399728.0,399728.0,399728.0,0
20210210T,448426.0,448426.0,448426.0,448426.0,0
20210211T,214230.0,214230.0,214230.0,214230.0,0
20210212T,290073.0,290073.0,290073.0,290073.0,0
20210215T,303147.0,303147.0,303147.0,303147.0,0
20210216T,423911.0,423911.0,423911.0,423911.0,0
20210217T,475648.0,475648.0,475648.0,475648.0,0
20210218T,274596.0,274596.0,274596.0,274596.0,0
20210219T,355729.0,355729.0,355729.0,355729.0,0
20210222T,459044.0,459044.0,459044.0,459044.0,0
20210223T,472185.0,472185.0,472185.0,472185.0,0
20210224T,374268.0,374268.0,374268.0,374268.0,0
20210225T,203250.0,203250.0,203250.0,203250.0,0
20210226T,410030.0,410030.0,410030.0,410030.0,0
20210301T,419313.0,419313.0,419313.0,419313.0,0
20210302T,431967.0,431967.0,431967.0,431967.0,0
20210303T,395410.0,395410.0,395410.0,395410.0,0
20210304T,222885.0,222885.0,222885.0,222885.0,0
20210305T,365441.0,365441.0,365441.0,365441.0,0
20210308T,480127.0,480127.0,480127.0,480127.0,0
20210309T,440968.0,440968.0,440968.0,440968.0,0
20210310T,219227.0,219227.0,219227.0,219227.0,0
20210312T,415789.0,415789.0,415789.0,415789.0,0
20210315T,462660.0,462660.0,462660.0,462660.0,0
20210316T,533604.0,533604.0,533604.0,533604.0,0
20210317T,575959.0,575959.0,575959.0,575959.0,0
20210318T,283208.0,283208.0,283208.0,283208.0,0
20210319T,327128.0,327128.0,327128.0,327128.0,0
20210322T,404683.0,404683.0,404683.0,404683.0,0
20210323T,374751.0,374751.0,374751.0,374751.0,0
20210324T,543293.0,543293.0,543293.0,543293.0,0
20210325T,227079.0,227079.0,227079.0,227079.0,0
20210326T,307848.0,307848.0,307848.0,307848.0,0
20210330T,364726.0,364726.0,364726.0,364726.0,0
20210331T,452561.0,452561.0,452561.0,452561.0,0
20210401T,188484.0,188484.0,188484.0,188484.0,0
20210405T,381118.0,381118.0,381118.0,381118.0,0
20210406T,448331.0,448331.0,448331.0,448331.0,0
20210407T,431210.0,431210.0,431210.0,431210.0,0
20210408T,217127.0,217127.0,217127.0,217127.0,0
20210409T,318460.0,318460.0,318460.0,318460.0,0
20210412T,533963.0,533963.0,533963.0,533963.0,0
20210413T,438706.0,438706.0,438706.0,438706.0,0
20210415T,232823.0,232823.0,232823.0,232823.0,0
20210416T,299323.0,299323.0,299323.0,299323.0,0
20210419T,393713.0,393713.0,393713.0,393713.0,0
20210420T,466664.0,466664.0,466664.0,466664.0,0
20210422T,225168.0,225168.0,225168.0,225168.0,0
20210423T,295437.0,295437.0,295437.0,295437.0,0
20210426T,324915.0,324915.0,324915.0,324915.0,0
20210427T,344751.0,344751.0,344751.0,344751.0,0
20210428T,371836.0,371836.0,371836.0,371836.0,0
20210429T,148167.0,148167.0,148167.0,148167.0,0
20210430T,288130.0,288130.0,288130.0,288130.0,0
20210503T,413978.0,413978.0,413978.0,413978.0,0
20210504T,498231.0,498231.0,498231.0,498231.0,0
20210505T,477664.0,477664.0,477664.0,477664.0,0
20210506T,204940.0,204940.0,204940.0,204940.0,0
20210507T,300213.0,300213.0,300213.0,300213.0,0
20210510T,402477.0,402477.0,402477.0,402477.0,0
20210511T,440989.0,440989.0,440989.0,440989.0,0
20210512T,230665.0,230665.0,230665.0,230665.0,0
20210514T,391511.0,391511.0,391511.0,391511.0,0
20210517T,340927.0,340927.0,340927.0,340927.0,0
20210518T,417811.0,417811.0,417811.0,417811.0,0
20210519T,489643.0,489643.0,489643.0,489643.0,0
20210520T,242480.0,242480.0,242480.0,242480.0,0
20210521T,299378.0,299378.0,299378.0,299378.0,0
20210524T,378216.0,378216.0,378216.0,378216.0,0
20210525T,466112.0,466112.0,466112.0,466112.0,0
20210526T,460662.0,460662.0,460662.0,460662.0,0
20210527T,197352.0,197352.0,197352.0,197352.0,0
20210528T,333008.0,333008.0,333008.0,333008.0,0
20210531T,359607.0,359607.0,359607.0,359607.0,0
20210601T,480681.0,480681.0,480681.0,480681.0,0
20210602T,446741.0,446741.0,446741.0,446741.0,0
20210603T,209922.0,209922.0,209922.0,209922.0,0
20210604T,388207.0,388207.0,388207.0,388207.0,0
20210607T,427704.0,427704.0,427704.0,427704.0,0
20210608T,491250.0,491250.0,491250.0,491250.0,0
20210609T,554421.0,554421.0,554421.0,554421.0,0
20210610T,213935.0,213935.0,213935.0,213935.0,0
20210611T,358639.0,358639.0,358639.0,358639.0,0
20210614T,353444.0,353444.0,353444.0,353444.0,0
20210615T,387627.0,387627.0,387627.0,387627.0,0
20210616T,527538.0,527538.0,527538.0,527538.0,0
20210617T,278329.0,278329.0,278329.0,278329.0,0
20210618T,335160.0,335160.0,335160.0,335160.0,0
20210621T,370698.0,370698.0,370698.0,370698.0,0
20210622T,494467.0,494467.0,494467.0,494467.0,0
20210623T,582144.0,582144.0,582144.0,582144.0,0
20210624T,206200.0,206200.0,206200.0,206200.0,0
20210625T,292872.0,292872.0,292872.0,292872.0,0
20210628T,431517.0,431517.0,431517.0,431517.0,0
20210629T,570226.0,570226.0,570226.0,570226.0,0
20210630T,576598.0,576598.0,576598.0,576598.0,0
20210701T,312285.0,312285.0,312285.0,312285.0,0
20210702T,349718.0,349718.0,349718.0,349718.0,0
20210705T,395856.0,395856.0,395856.0,395856.0,0
20210706T,463042.0,463042.0,463042.0,463042.0,0
20210707T,423594.0,423594.0,423594.0,423594.0,0
20210708T,328683.0,328683.0,328683.0,328683.0,0
20210709T,455804.0,455804.0,455804.0,455804.0,0
20210712T,549279.0,549279.0,549279.0,549279.0,0
20210713T,443309.0,443309.0,443309.0,443309.0,0
20210714T,452267.0,452267.0,452267.0,452267.0,0
20210715T,271569.0,271569.0,271569.0,271569.0,0
20210716T,405790.0,405790.0,405790.0,405790.0,0
20210719T,605620.0,605620.0,605620.0,605620.0,0
20210720T,674678.0,674678.0,674678.0,674678.0,0
20210722T,339064.0,339064.0,339064.0,339064.0,0
20210723T,391224.0,391224.0,391224.0,391224.0,0
20210726T,479384.0,479384.0,479384.0,479384.0,0
20210727T,640433.0,640433.0,640433.0,640433.0,0
20210728T,650712.0,650712.0,650712.0,650712.0,0
20210729T,302809.0,302809.0,302809.0,302809.0,0
20210730T,428962.0,428962.0,428962.0,428962.0,0
20210802T,507368.0,507368.0,507368.0,507368.0,0
20210803T,538830.0,538830.0,538830.0,538830.0,0
20210804T,602138.0,602138.0,602138.0,602138.0,0
20210805T,281592.0,281592.0,281592.0,281592.0,0
20210806T,426886.0,426886.0,426886.0,426886.0,0
20210809T,478367.0,478367.0,478367.0,478367.0,0
20210810T,566617.0,566617.0,566617.0,566617.0,0
20210811T,619058.0,619058.0,619058.0,619058.0,0
20210812T,269674.0,269674.0,269674.0,269674.0,0
20210813T,412379.0,412379.0,412379.0,412379.0,0
20210816T,533519.0,533519.0,533519.0,533519.0,0
20210817T,534811.0,534811.0,534811.0,534811.0,0
20210818T,328010.0,328010.0,328010.0,328010.0,0
20210820T,498464.0,498464.0,498464.0,498464.0,0
20210823T,536754.0,536754.0,536754.0,536754.0,0
20210824T,472142.0,472142.0,472142.0,472142.0,0
20210825T,574798.0,574798.0,574798.0,574798.0,0
20210826T,288802.0,288802.0,288802.0,288802.0,0
20210827T,369755.0,369755.0,369755.0,369755.0,0
20210830T,447548.0,447548.0,447548.0,447548.0,0
20210831T,521189.0,521189.0,521189.0,521189.0,0
20210901T,713328.0,713328.0,713328.0,713328.0,0
20210902T,344488.0,344488.0,344488.0,344488.0,0
20210903T,500008.0,500008.0,500008.0,500008.0,0
20210906T,699870.0,699870.0,699870.0,699870.0,0
20210907T,689312.0,689312.0,689312.0,689312.0,0
20210908T,639620.0,639620.0,639620.0,639620.0,0
20210909T,349393.0,349393.0,349393.0,349393.0,0
20210913T,505806.0,505806.0,505806.0,505806.0,0
20210914T,611391.0,611391.0,611391.0,611391.0,0
20210915T,573238.0,573238.0,573238.0,573238.0,0
20210916T,345266.0,345266.0,345266.0,345266.0,0
20210917T,585938.0,585938.0,585938.0,585938.0,0
20210920T,772216.0,772216.0,772216.0,772216.0,0
20210921T,742396.0,742396.0,742396.0,742396.0,0
20210922T,818138.0,818138.0,818138.0,818138.0,0
20210923T,377030.0,377030.0,377030.0,377030.0,0
20210924T,548110.0,548110.0,548110.0,548110.0,0
20210927T,639483.0,639483.0,639483.0,639483.0,0
20210928T,743641.0,743641.0,743641.0,743641.0,0
20210929T,798694.0,798694.0,798694.0,798694.0,0
20210930T,408620.0,408620.0,408620.0,408620.0,0
20211001T,554165.0,554165.0,554165.0,554165.0,0
20211004T,584263.0,584263.0,584263.0,584263.0,0
20211005T,594774.0,594774.0,594774.0,594774.0,0
20211006T,823626.0,823626.0,823626.0,823626.0,0
20211007T,328967.0,328967.0,328967.0,328967.0,0
20211008T,494594.0,494594.0,494594.0,494594.0,0
20211011T,552328.0,552328.0,552328.0,552328.0,0
20211012T,553693.0,553693.0,553693.0,553693.0,0
20211013T,581206.0,581206.0,581206.0,581206.0,0
20211014T,291239.0,291239.0,291239.0,291239.0,0
20211018T,500602.0,500602.0,500602.0,500602.0,0
20211019T,648035.0,648035.0,648035.0,648035.0,0
20211020T,755705.0,755705.0,755705.0,755705.0,0
20211021T,469553.0,469553.0,469553.0,469553.0,0
20211022T,651657.0,651657.0,651657.0,651657.0,0
20211025T,708983.0,708983.0,708983.0,708983.0,0
20211026T,653582.0,653582.0,653582.0,653582.0,0
20211027T,831877.0,831877.0,831877.0,831877.0,0
20211028T,488983.0,488983.0,488983.0,488983.0,0
20211029T,750985.0,750985.0,750985.0,750985.0,0
20211101T,738924.0,738924.0,738924.0,738924.0,0
20211102T,854783.0,854783.0,854783.0,854783.0,0
20211103T,425524.0,425524.0,425524.0,425524.0,0
20211108T,637444.0,637444.0,637444.0,637444.0,0
20211109T,772573.0,772573.0,772573.0,772573.0,0
20211110T,827138.0,827138.0,827138.0,827138.0,0
20211111T,463126.0,463126.0,463126.0,463126.0,0
20211112T,553726.0,553726.0,553726.0,553726.0,0
20211115T,775389.0,775389.0,775389.0,775389.0,0
20211116T,857782.0,857782.0,857782.0,857782.0,0
20211117T,946210.0,946210.0,946210.0,946210.0,0
20211118T,515217.0,515217.0,515217.0,515217.0,0
20211122T,840349.0,840349.0,840349.0,840349.0,0
20211123T,737227.0,737227.0,737227.0,737227.0,0
20211124T,847963.0,847963.0,847963.0,847963.0,0
20211125T,327317.0,327317.0,327317.0,327317.0,0
20211126T,699503.0,699503.0,699503.0,699503.0,0
20211129T,778370.0,778370.0,778370.0,778370.0,0
20211130T,768185.0,768185.0,768185.0,768185.0,0
20211201T,768796.0,768796.0,768796.0,768796.0,0
20211202T,362946.0,362946.0,362946.0,362946.0,0
20211203T,669092.0,669092.0,669092.0,669092.0,0
20211206T,912592.0,912592.0,912592.0,912592.0,0
20211207T,752920.0,752920.0,752920.0,752920.0,0
20211208T,720721.0,720721.0,720721.0,720721.0,0
20211209T,373045.0,373045.0,373045.0,373045.0,0
20211210T,488121.0,488121.0,488121.0,488121.0,0
20211213T,847273.0,847273.0,847273.0,847273.0,0
20211214T,886955.0,886955.0,886955.0,886955.0,0
20211215T,1027306.0,1027306.0,1027306.0,1027306.0,0
20211216T,551980.0,551980.0,551980.0,551980.0,0
20211217T,863041.0,863041.0,863041.0,863041.0,0
20211220T,1087427.0,1087427.0,1087427.0,1087427.0,0
20211221T,919211.0,919211.0,919211.0,919211.0,0
20211222T,903567.0,903567.0,903567.0,903567.0,0
20211223T,482851.0,482851.0,482851.0,482851.0,0
20211224T,602975.0,602975.0,602975.0,602975.0,0
20211227T,644258.0,644258.0,644258.0,644258.0,0
20211228T,671084.0,671084.0,671084.0,671084.0,0
20211229T,872279.0,872279.0,872279.0,872279.0,0
20211230T,346348.0,346348.0,346348.0,346348.0,0
20211231T,436138.0,436138.0,436138.0,436138.0,0
20220103T,520558.0,520558.0,520558.0,520558.0,0
20220104T,531536.0,531536.0,531536.0,531536.0,0
20220105T,689904.0,689904.0,689904.0,689904.0,0
20220106T,428577.0,428577.0,428577.0,428577.0,0
20220107T,593948.0,593948.0,593948.0,593948.0,0
20220110T,576660.0,576660.0,576660.0,576660.0,0
20220111T,642124.0,642124.0,642124.0,642124.0,0
20220112T,736601.0,736601.0,736601.0,736601.0,0
20220113T,447128.0,447128.0,447128.0,447128.0,0
20220114T,619097.0,619097.0,619097.0,619097.0,0
20220117T,757294.0,757294.0,757294.0,757294.0,0
20220118T,787387.0,787387.0,787387.0,787387.0,0
20220119T,1014199.0,1014199.0,1014199.0,1014199.0,0
20220120T,584768.0,584768.0,584768.0,584768.0,0
20220121T,694294.0,694294.0,694294.0,694294.0,0
20220124T,1036049.0,1036049.0,1036049.0,1036049.0,0
20220125T,782506.0,782506.0,782506.0,782506.0,0
20220127T,382033.0,382033.0,382033.0,382033.0,0
20220128T,661872.0,661872.0,661872.0,661872.0,0
20220131T,795483.0,795483.0,795483.0,795483.0,0
20220201T,964962.0,964962.0,964962.0,964962.0,0
20220202T,804517.0,804517.0,804517.0,804517.0,0
20220203T,467939.0,467939.0,467939.0,467939.0,0
20220204T,733245.0,733245.0,733245.0,733245.0,0
20220207T,1071230.0,1071230.0,1071230.0,1071230.0,0
20220208T,1028367.0,1028367.0,1028367.0,1028367.0,0
20220209T,821188.0,821188.0,821188.0,821188.0,0
20220210T,435252.0,435252.0,435252.0,435252.0,0
20220211T,576378.0,576378.0,576378.0,576378.0,0
20220214T,1007698.0,1007698.0,1007698.0,1007698.0,0
20220215T,905243.0,905243.0,905243.0,905243.0,0
20220216T,946909.0,946909.0,946909.0,946909.0,0
20220217T,508735.0,508735.0,508735.0,508735.0,0
20220218T,582581.0,582581.0,582581.0,582581.0,0
20220221T,714344.0,714344.0,714344.0,714344.0,0
20220222T,782417.0,782417.0,782417.0,782417.0,0
20220223T,1018825.0,1018825.0,1018825.0,1018825.0,0
20220224T,519316.0,519316.0,519316.0,519316.0,0
20220225T,592797.0,592797.0,592797.0,592797.0,0
20220228T,702262.0,702262.0,702262.0,702262.0,0
20220302T,1078476.0,1078476.0,1078476.0,1078476.0,0
20220303T,499082.0,499082.0,499082.0,499082.0,0
20220304T,728943.0,728943.0,728943.0,728943.0,0
20220307T,1063622.0,1063622.0,1063622.0,1063622.0,0
20220308T,1153683.0,1153683.0,1153683.0,1153683.0,0
20220309T,1093491.0,1093491.0,1093491.0,1093491.0,0
20220310T,565868.0,565868.0,565868.0,565868.0,0
20220311T,750094.0,750094.0,750094.0,750094.0,0
20220314T,812115.0,812115.0,812115.0,812115.0,0
20220315T,1040534.0,1040534.0,1040534.0,1040534.0,0
20220316T,954198.0,954198.0,954198.0,954198.0,0
20220317T,490724.0,490724.0,490724.0,490724.0,0
20220321T,993372.0,993372.0,993372.0,993372.0,0
20220322T,913643.0,913643.0,913643.0,913643.0,0
20220323T,1261010.0,1261010.0,1261010.0,1261010.0,0
20220324T,620841.0,620841.0,620841.0,620841.0,0
20220325T,776092.0,776092.0,776092.0,776092.0,0
20220328T,872538.0,872538.0,872538.0,872538.0,0
20220329T,886311.0,886311.0,886311.0,886311.0,0
20220330T,844975.0,844975.0,844975.0,844975.0,0
20220331T,448437.0,448437.0,448437.0,448437.0,0
20220401T,562866.0,562866.0,562866.0,562866.0,0
20220404T,736744.0,736744.0,736744.0,736744.0,0
20220405T,1008421.0,1008421.0,1008421.0,1008421.0,0
20220406T,1183528.0,1183528.0,1183528.0,1183528.0,0
20220407T,584688.0,584688.0,584688.0,584688.0,0
20220408T,768105.0,768105.0,768105.0,768105.0,0
20220411T,952659.0,952659.0,952659.0,952659.0,0
20220412T,1033866.0,1033866.0,1033866.0,1033866.0,0
20220413T,554569.0,554569.0,554569.0,554569.0,0
20220418T,997142.0,997142.0,997142.0,997142.0,0
20220419T,1087554.0,1087554.0,1087554.0,1087554.0,0
20220420T,1117485.0,1117485.0,1117485.0,1117485.0,0
20220421T,478495.0,478495.0,478495.0,478495.0,0
20220422T,878768.0,878768.0,878768.0,878768.0,0
20220425T,1017189.0,1017189.0,1017189.0,1017189.0,0
20220426T,923299.0,923299.0,923299.0,923299.0,0
20220427T,1179171.0,1179171.0,1179171.0,1179171.0,0
20220428T,391088.0,391088.0,391088.0,391088.0,0
20220429T,784637.0,784637.0,784637.0,784637.0,0
20220502T,822620.0,822620.0,822620.0,822620.0,0
20220504T,1369418.0,1369418.0,1369418.0,1369418.0,0
20220505T,633543.0,633543.0,633543.0,633543.0,0
20220506T,890849.0,890849.0,890849.0,890849.0,0
20220509T,1051653.0,1051653.0,1051653.0,1051653.0,0
20220510T,1157958.0,1157958.0,1157958.0,1157958.0,0
20220511T,1194775.0,1194775.0,1194775.0,1194775.0,0
20220512T,802984.0,802984.0,802984.0,802984.0,0
20220513T,989022.0,989022.0,989022.0,989022.0,0
20220516T,1028357.0,1028357.0,1028357.0,1028357.0,0
20220517T,889236.0,889236.0,889236.0,889236.0,0
20220518T,1190043.0,1190043.0,1190043.0,1190043.0,0
20220519T,750361.0,750361.0,750361.0,750361.0,0
20220520T,692306.0,692306.0,692306.0,692306.0,0
20220523T,812433.0,812433.0,812433.0,812433.0,0
20220524T,953657.0,953657.0,953657.0,953657.0,0
20220525T,1180190.0,1180190.0,1180190.0,1180190.0,0
20220526T,445216.0,445216.0,445216.0,445216.0,0
20220527T,617459.0,617459.0,617459.0,617459.0,0
20220530T,788137.0,788137.0,788137.0,788137.0,0
20220531T,924420.0,924420.0,924420.0,924420.0,0
20220601T,1107306.0,1107306.0,1107306.0,1107306.0,0
20220602T,526389.0,526389.0,526389.0,526389.0,0
20220603T,894240.0,894240.0,894240.0,894240.0,0
20220606T,990324.0,990324.0,990324.0,990324.0,0
20220607T,1106784.0,1106784.0,1106784.0,1106784.0,0
20220608T,1309873.0,1309873.0,1309873.0,1309873.0,0
20220609T,485877.0,485877.0,485877.0,485877.0,0
20220610T,923942.0,923942.0,923942.0,923942.0,0
20220613T,1226257.0,1226257.0,1226257.0,1226257.0,0
20220614T,1230433.0,1230433.0,1230433.0,1230433.0,0
20220615T,1300101.0,1300101.0,1300101.0,1300101.0,0
20220616T,831704.0,831704.0,831704.0,831704.0,0
20220617T,1052858.0,1052858.0,1052858.0,1052858.0,0
20220620T,1179364.0,1179364.0,1179364.0,1179364.0,0
20220621T,1055346.0,1055346.0,1055346.0,1055346.0,0
20220622T,1315401.0,1315401.0,1315401.0,1315401.0,0
20220623T,571202.0,571202.0,571202.0,571202.0,0
20220624T,711309.0,711309.0,711309.0,711309.0,0
20220627T,937119.0,937119.0,937119.0,937119.0,0
20220628T,1037050.0,1037050.0,1037050.0,1037050.0,0
20220629T,1114614.0,1114614.0,1114614.0,1114614.0,0
20220630T,444211.0,444211.0,444211.0,444211.0,0
20220701T,629576.0,629576.0,629576.0,629576.0,0
20220704T,790929.0,790929.0,790929.0,790929.0,0
20220705T,1004594.0,1004594.0,1004594.0,1004594.0,0
20220706T,937710.0,937710.0,937710.0,937710.0,0
20220707T,476938.0,476938.0,476938.0,476938.0,0
20220708T,664727.0,664727.0,664727.0,664727.0,0
20220711T,722742.0,722742.0,722742.0,722742.0,0
20220712T,1002429.0,1002429.0,1002429.0,1002429.0,0
20220713T,1254056.0,1254056.0,1254056.0,1254056.0,0
20220714T,562692.0,562692.0,562692.0,562692.0,0
20220715T,659129.0,659129.0,659129.0,659129.0,0
20220718T,748276.0,748276.0,748276.0,748276.0,0
20220719T,807370.0,807370.0,807370.0,807370.0,0
20220720T,967442.0,967442.0,967442.0,967442.0,0
20220721T,455647.0,455647.0,455647.0,455647.0,0
20220722T,620706.0,620706.0,620706.0,620706.0,0
20220725T,868555.0,868555.0,868555.0,868555.0,0
20220726T,967405.0,967405.0,967405.0,967405.0,0
20220727T,953395.0,953395.0,953395.0,953395.0,0
20220728T,467917.0,467917.0,467917.0,467917.0,0
20220729T,668119.0,668119.0,668119.0,668119.0,0
20220801T,798434.0,798434.0,798434.0,798434.0,0
20220802T,875577.0,875577.0,875577.0,875577.0,0
20220803T,1043932.0,1043932.0,1043932.0,1043932.0,0
20220804T,604899.0,604899.0,604899.0,604899.0,0
20220805T,848581.0,848581.0,848581.0,848581.0,0
20220808T,894054.0,894054.0,894054.0,894054.0,0
20220810T,996338.0,996338.0,996338.0,996338.0,0
20220811T,547541.0,547541.0,547541.0,547541.0,0
20220812T,705828.0,705828.0,705828.0,705828.0,0
20220816T,924958.0,924958.0,924958.0,924958.0,0
20220817T,973946.0,973946.0,973946.0,973946.0,0
20220818T,560327.0,560327.0,560327.0,560327.0,0
20220819T,1128938.0,1128938.0,1128938.0,1128938.0,0
20220822T,1270511.0,1270511.0,1270511.0,1270511.0,0
20220823T,1166381.0,1166381.0,1166381.0,1166381.0,0
20220824T,1168743.0,1168743.0,1168743.0,1168743.0,0
20220825T,635802.0,635802.0,635802.0,635802.0,0
20220826T,892706.0,892706.0,892706.0,892706.0,0
20220829T,1160441.0,1160441.0,1160441.0,1160441.0,0
20220830T,986142.0,986142.0,986142.0,986142.0,0
20220901T,599503.0,599503.0,599503.0,599503.0,0
20220902T,849913.0,849913.0,849913.0,849913.0,0
20220905T,958207.0,958207.0,958207.0,958207.0,0
20220906T,1189317.0,1189317.0,1189317.0,1189317.0,0
20220907T,1293700.0,1293700.0,1293700.0,1293700.0,0
20220908T,637752.0,637752.0,637752.0,637752.0,0
20220909T,939855.0,939855.0,939855.0,939855.0,0
20220912T,1017689.0,1017689.0,1017689.0,1017689.0,0
20220913T,876469.0,876469.0,876469.0,876469.0,0
20220914T,966293.0,966293.0,966293.0,966293.0,0
20220915T,662219.0,662219.0,662219.0,662219.0,0
20220916T,1080944.0,1080944.0,1080944.0,1080944.0,0
20220919T,1017044.0,1017044.0,1017044.0,1017044.0,0
20220920T,899130.0,899130.0,899130.0,899130.0,0
20220921T,1108947.0,1108947.0,1108947.0,1108947.0,0
20220922T,727813.0,727813.0,727813.0,727813.0,0
20220923T,1244408.0,1244408.0,1244408.0,1244408.0,0
20220926T,1363717.0,1363717.0,1363717.0,1363717.0,0
20220927T,1344704.0,1344704.0,1344704.0,1344704.0,0
20220928T,1418072.0,1418072.0,1418072.0,1418072.0,0
20220929T,560474.0,560474.0,560474.0,560474.0,0
20220930T,764620.0,764620.0,764620.0,764620.0,0
20221003T,1065502.0,1065502.0,1065502.0,1065502.0,0
20221004T,872033.0,872033.0,872033.0,872033.0,0
20221006T,587523.0,587523.0,587523.0,587523.0,0
20221007T,752962.0,752962.0,752962.0,752962.0,0
20221010T,950370.0,950370.0,950370.0,950370.0,0
20221011T,1326740.0,1326740.0,1326740.0,1326740.0,0
20221012T,1097162.0,1097162.0,1097162.0,1097162.0,0
20221013T,693909.0,693909.0,693909.0,693909.0,0
20221014T,874633.0,874633.0,874633.0,874633.0,0
20221017T,972745.0,972745.0,972745.0,972745.0,0
20221018T,910498.0,910498.0,910498.0,910498.0,0
20221019T,1064272.0,1064272.0,1064272.0,1064272.0,0
20221020T,570405.0,570405.0,570405.0,570405.0,0
20221021T,798477.0,798477.0,798477.0,798477.0,0
20221025T,918754.0,918754.0,918754.0,918754.0,0
20221027T,552163.0,552163.0,552163.0,552163.0,0
20221028T,845320.0,845320.0,845320.0,845320.0,0
20221031T,887827.0,887827.0,887827.0,887827.0,0
20221101T,965925.0,965925.0,965925.0,965925.0,0
20221102T,1080088.0,1080088.0,1080088.0,1080088.0,0
20221103T,590349.0,590349.0,590349.0,590349.0,0
20221104T,869314.0,869314.0,869314.0,869314.0,0
20221107T,828165.0,828165.0,828165.0,828165.0,0
20221109T,1131462.0,1131462.0,1131462.0,1131462.0,0
20221110T,703930.0,703930.0,703930.0,703930.0,0
20221111T,863145.0,863145.0,863145.0,863145.0,0
20221114T,1074918.0,1074918.0,1074918.0,1074918.0,0
20221115T,848926.0,848926.0,848926.0,848926.0,0
20221116T,984271.0,984271.0,984271.0,984271.0,0
20221117T,672396.0,672396.0,672396.0,672396.0,0
20221118T,875893.0,875893.0,875893.0,875893.0,0
20221121T,1060092.0,1060092.0,1060092.0,1060092.0,0
20221122T,825370.0,825370.0,825370.0,825370.0,0
20221123T,1014173.0,1014173.0,1014173.0,1014173.0,0
20221124T,481277.0,481277.0,481277.0,481277.0,0
20221125T,829410.0,829410.0,829410.0,829410.0,0
20221128T,1002469.0,1002469.0,1002469.0,1002469.0,0
20221129T,992766.0,992766.0,992766.0,992766.0,0
20221130T,889787.0,889787.0,889787.0,889787.0,0
20221201T,575597.0,575597.0,575597.0,575597.0,0
20221202T,893038.0,893038.0,893038.0,893038.0,0
20221205T,1017067.0,1017067.0,1017067.0,1017067.0,0
20221206T,962798.0,962798.0,962798.0,962798.0,0
20221207T,1247651.0,1247651.0,1247651.0,1247651.0,0
20221208T,604149.0,604149.0,604149.0,604149.0,0
20221209T,966799.0,966799.0,966799.0,966799.0,0
20221212T,1018061.0,1018061.0,1018061.0,1018061.0,0
20221213T,857884.0,857884.0,857884.0,857884.0,0
20221214T,1021216.0,1021216.0,1021216.0,1021216.0,0
20221215T,778063.0,778063.0,778063.0,778063.0,0
20221216T,1066418.0,1066418.0,1066418.0,1066418.0,0
20221219T,1004708.0,1004708.0,1004708.0,1004708.0,0
20221220T,925300.0,925300.0,925300.0,925300.0,0
20221221T,1614365.0,1614365.0,1614365.0,1614365.0,0
20221222T,761256.0,761256.0,761256.0,761256.0,0
20221223T,1084545.0,1084545.0,1084545.0,1084545.0,0
20221226T,957034.0,957034.0,957034.0,957034.0,0
20221227T,779684.0,779684.0,779684.0,779684.0,0
20221228T,984376.0,984376.0,984376.0,984376.0,0
20221229T,363848.0,363848.0,363848.0,363848.0,0
20221230T,912873.0,912873.0,912873.0,912873.0,0
20230102T,1038373.0,1038373.0,1038373.0,1038373.0,0
20230103T,843740.0,843740.0,843740.0,843740.0,0
20230104T,1636477.0,1636477.0,1636477.0,1636477.0,0
20230105T,677846.0,677846.0,677846.0,677846.0,0
20230106T,1139355.0,1139355.0,1139355.0,1139355.0,0
20230109T,1154297.0,1154297.0,1154297.0,1154297.0,0
20230110T,1426202.0,1426202.0,1426202.0,1426202.0,0
20230111T,1351941.0,1351941.0,1351941.0,1351941.0,0
20230112T,735833.0,735833.0,735833.0,735833.0,0
20230113T,798396.0,798396.0,798396.0,798396.0,0
20230116T,1414543.0,1414543.0,1414543.0,1414543.0,0
20230117T,895375.0,895375.0,895375.0,895375.0,0
20230118T,954559.0,954559.0,954559.0,954559.0,0
20230119T,591773.0,591773.0,591773.0,591773.0,0
20230120T,984523.0,984523.0,984523.0,984523.0,0
20230123T,1127254.0,1127254.0,1127254.0,1127254.0,0
20230124T,1143120.0,1143120.0,1143120.0,1143120.0,0
20230125T,731183.0,731183.0,731183.0,731183.0,0
20230127T,1331781.0,1331781.0,1331781.0,1331781.0,0
20230130T,1452514.0,1452514.0,1452514.0,1452514.0,0
20230131T,1220199.0,1220199.0,1220199.0,1220199.0,0
20230201T,1481519.0,1481519.0,1481519.0,1481519.0,0
20230202T,780562.0,780562.0,780562.0,780562.0,0
20230203T,820305.0,820305.0,820305.0,820305.0,0
20230206T,1177269.0,1177269.0,1177269.0,1177269.0,0
20230207T,1055298.0,1055298.0,1055298.0,1055298.0,0
20230208T,1140609.0,1140609.0,1140609.0,1140609.0,0
20230209T,622237.0,622237.0,622237.0,622237.0,0
20230210T,820035.0,820035.0,820035.0,820035.0,0
20230213T,1389539.0,1389539.0,1389539.0,1389539.0,0
20230214T,866180.0,866180.0,866180.0,866180.0,0
20230215T,990333.0,990333.0,990333.0,990333.0,0
20230216T,790035.0,790035.0,790035.0,790035.0,0
20230217T,1304849.0,1304849.0,1304849.0,1304849.0,0
20230220T,1760728.0,1760728.0,1760728.0,1760728.0,0
20230221T,1261717.0,1261717.0,1261717.0,1261717.0,0
20230222T,1801470.0,1801470.0,1801470.0,1801470.0,0
20230223T,798765.0,798765.0,798765.0,798765.0,0
20230224T,1208509.0,1208509.0,1208509.0,1208509.0,0
20230227T,1212677.0,1212677.0,1212677.0,1212677.0,0
20230228T,1230266.0,1230266.0,1230266.0,1230266.0,0
20230301T,1106028.0,1106028.0,1106028.0,1106028.0,0
20230302T,896039.0,896039.0,896039.0,896039.0,0
20230303T,941358.0,941358.0,941358.0,941358.0,0
20230306T,894892.0,894892.0,894892.0,894892.0,0
20230308T,1047169.0,1047169.0,1047169.0,1047169.0,0
20230309T,847206.0,847206.0,847206.0,847206.0,0
20230310T,1295039.0,1295039.0,1295039.0,1295039.0,0
20230313T,1884160.0,1884160.0,1884160.0,1884160.0,0
20230314T,1594541.0,1594541.0,1594541.0,1594541.0,0
20230315T,1966846.0,1966846.0,1966846.0,1966846.0,0
20230316T,1064235.0,1064235.0,1064235.0,1064235.0,0
20230317T,1129013.0,1129013.0,1129013.0,1129013.0,0
20230320T,1385392.0,1385392.0,1385392.0,1385392.0,0
20230321T,1182475.0,1182475.0,1182475.0,1182475.0,0
20230322T,1353207.0,1353207.0,1353207.0,1353207.0,0
20230323T,1131800.0,1131800.0,1131800.0,1131800.0,0
20230324T,1333250.0,1333250.0,1333250.0,1333250.0,0
20230327T,1530875.0,1530875.0,1530875.0,1530875.0,0
20230328T,1348253.0,1348253.0,1348253.0,1348253.0,0
20230329T,771961.0,771961.0,771961.0,771961.0,0
20230331T,955758.0,955758.0,955758.0,955758.0,0
20230403T,926770.0,926770.0,926770.0,926770.0,0
20230405T,1201955.0,1201955.0,1201955.0,1201955.0,0
20230406T,680360.0,680360.0,680360.0,680360.0,0
20230410T,1319450.0,1319450.0,1319450.0,1319450.0,0
20230411T,974075.0,974075.0,974075.0,974075.0,0
20230412T,1080517.0,1080517.0,1080517.0,1080517.0,0
20230413T,699840.0,699840.0,699840.0,699840.0,0
20230417T,1327315.0,1327315.0,1327315.0,1327315.0,0
20230418T,1216175.0,1216175.0,1216175.0,1216175.0,0
20230419T,1472735.0,1472735.0,1472735.0,1472735.0,0
20230420T,826162.0,826162.0,826162.0,826162.0,0
20230421T,1244588.0,1244588.0,1244588.0,1244588.0,0
20230424T,1100684.0,1100684.0,1100684.0,1100684.0,0
20230425T,1049383.0,1049383.0,1049383.0,1049383.0,0
20230426T,1130488.0,1130488.0,1130488.0,1130488.0,0
20230427T,640221.0,640221.0,640221.0,640221.0,0
20230428T,806802.0,806802.0,806802.0,806802.0,0
20230502T,1058666.0,1058666.0,1058666.0,1058666.0,0
20230503T,1193736.0,1193736.0,1193736.0,1193736.0,0
20230504T,696128.0,696128.0,696128.0,696128.0,0
20230505T,1665659.0,1665659.0,1665659.0,1665659.0,0
20230508T,1460047.0,1460047.0,1460047.0,1460047.0,0
20230509T,1384331.0,1384331.0,1384331.0,1384331.0,0
20230510T,1262124.0,1262124.0,1262124.0,1262124.0,0
20230511T,738518.0,738518.0,738518.0,738518.0,0
20230512T,991970.0,991970.0,991970.0,991970.0,0
20230515T,1187643.0,1187643.0,1187643.0,1187643.0,0
20230516T,1273449.0,1273449.0,1273449.0,1273449.0,0
20230517T,1531593.0,1531593.0,1531593.0,1531593.0,0
20230518T,898332.0,898332.0,898332.0,898332.0,0
20230519T,921081.0,921081.0,921081.0,921081.0,0
20230522T,1296450.0,1296450.0,1296450.0,1296450.0,0
20230523T,1042493.0,1042493.0,1042493.0,1042493.0,0
20230524T,1499827.0,1499827.0,1499827.0,1499827.0,0
20230525T,730462.0,730462.0,730462.0,730462.0,0
20230526T,1010247.0,1010247.0,1010247.0,1010247.0,0
20230529T,1287848.0,1287848.0,1287848.0,1287848.0,0
20230530T,1014793.0,1014793.0,1014793.0,1014793.0,0
20230531T,1441080.0,1441080.0,1441080.0,1441080.0,0
20230601T,1081731.0,1081731.0,1081731.0,1081731.0,0
20230602T,1258675.0,1258675.0,1258675.0,1258675.0,0
20230605T,1454075.0,1454075.0,1454075.0,1454075.0,0
20230606T,1073593.0,1073593.0,1073593.0,1073593.0,0
20230607T,1196958.0,1196958.0,1196958.0,1196958.0,0
20230608T,1054998.0,1054998.0,1054998.0,1054998.0,0
20230609T,1300143.0,1300143.0,1300143.0,1300143.0,0
20230612T,1554713.0,1554713.0,1554713.0,1554713.0,0
20230613T,1055650.0,1055650.0,1055650.0,1055650.0,0
20230614T,1365587.0,1365587.0,1365587.0,1365587.0,0
20230615T,1012608.0,1012608.0,1012608.0,1012608.0,0
20230616T,980347.0,980347.0,980347.0,980347.0,0
20230619T,1449013.0,1449013.0,1449013.0,1449013.0,0
20230620T,994690.0,994690.0,994690.0,994690.0,0
20230621T,1252042.0,1252042.0,1252042.0,1252042.0,0
20230622T,881051.0,881051.0,881051.0,881051.0,0
20230623T,1200416.0,1200416.0,1200416.0,1200416.0,0
20230626T,1445514.0,1445514.0,1445514.0,1445514.0,0
20230627T,976746.0,976746.0,976746.0,976746.0,0
20230628T,631489.0,631489.0,631489.0,631489.0,0
20230630T,956125.0,956125.0,956125.0,956125.0,0
20230703T,1450268.0,1450268.0,1450268.0,1450268.0,0
20230704T,1082106.0,1082106.0,1082106.0,1082106.0,0
20230705T,1386865.0,1386865.0,1386865.0,1386865.0,0
20230706T,844102.0,844102.0,844102.0,844102.0,0
20230707T,1377137.0,1377137.0,1377137.0,1377137.0,0
20230710T,1597101.0,1597101.0,1597101.0,1597101.0,0
20230711T,1358380.0,1358380.0,1358380.0,1358380.0,0
20230712T,1723919.0,1723919.0,1723919.0,1723919.0,0
20230713T,1098980.0,1098980.0,1098980.0,1098980.0,0
20230714T,1071819.0,1071819.0,1071819.0,1071819.0,0
20230717T,1246410.0,1246410.0,1246410.0,1246410.0,0
20230718T,1264393.0,1264393.0,1264393.0,1264393.0,0
20230719T,1374578.0,1374578.0,1374578.0,1374578.0,0
20230720T,981998.0,981998.0,981998.0,981998.0,0
20230721T,1472113.0,1472113.0,1472113.0,1472113.0,0
20230724T,1856252.0,1856252.0,1856252.0,1856252.0,0
20230725T,1620764.0,1620764.0,1620764.0,1620764.0,0
20230726T,1671595.0,1671595.0,1671595.0,1671595.0,0
20230727T,1203823.0,1203823.0,1203823.0,1203823.0,0
20230728T,1626446.0,1626446.0,1626446.0,1626446.0,0
20230731T,1673938.0,1673938.0,1673938.0,1673938.0,0
20230801T,1490181.0,1490181.0,1490181.0,1490181.0,0
20230802T,2246948.0,2246948.0,2246948.0,2246948.0,0
20230803T,1307855.0,1307855.0,1307855.0,1307855.0,0
20230804T,1478794.0,1478794.0,1478794.0,1478794.0,0
20230807T,1877452.0,1877452.0,1877452.0,1877452.0,0
20230808T,1632404.0,1632404.0,1632404.0,1632404.0,0
20230809T,1695402.0,1695402.0,1695402.0,1695402.0,0
20230810T,1181362.0,1181362.0,1181362.0,1181362.0,0
20230811T,1667290.0,1667290.0,1667290.0,1667290.0,0
20230814T,1455371.0,1455371.0,1455371.0,1455371.0,0
20230816T,1685206.0,1685206.0,1685206.0,1685206.0,0
20230817T,1096559.0,1096559.0,1096559.0,1096559.0,0
20230818T,1399393.0,1399393.0,1399393.0,1399393.0,0
20230821T,1552194.0,1552194.0,1552194.0,1552194.0,0
20230822T,1576703.0,1576703.0,1576703.0,1576703.0,0
20230823T,1537532.0,1537532.0,1537532.0,1537532.0,0
20230824T,1108816.0,1108816.0,1108816.0,1108816.0,0
20230825T,1445664.0,1445664.0,1445664.0,1445664.0,0
20230828T,1453462.0,1453462.0,1453462.0,1453462.0,0
20230829T,1439028.0,1439028.0,1439028.0,1439028.0,0
20230830T,2306936.0,2306936.0,2306936.0,2306936.0,0
20230831T,1144497.0,1144497.0,1144497.0,1144497.0,0
20230901T,1243589.0,1243589.0,1243589.0,1243589.0,0
20230904T,1468675.0,1468675.0,1468675.0,1468675.0,0
20230905T,1519178.0,1519178.0,1519178.0,1519178.0,0
20230906T,1085122.0,1085122.0,1085122.0,1085122.0,0
20230907T,1181692.0,1181692.0,1181692.0,1181692.0,0
20230908T,1301270.0,1301270.0,1301270.0,1301270.0,0
20230911T,1550691.0,1550691.0,1550691.0,1550691.0,0
20230912T,1736392.0,1736392.0,1736392.0,1736392.0,0
20230913T,1272246.0,1272246.0,1272246.0,1272246.0,0
20230914T,1342136.0,1342136.0,1342136.0,1342136.0,0
20230915T,1416966.0,1416966.0,1416966.0,1416966.0,0
20230918T,1566224.0,1566224.0,1566224.0,1566224.0,0
20230920T,1420225.0,1420225.0,1420225.0,1420225.0,0
20230921T,1709115.0,1709115.0,1709115.0,1709115.0,0
20230922T,1877987.0,1877987.0,1877987.0,1877987.0,0
20230925T,1831566.0,1831566.0,1831566.0,1831566.0,0
20230926T,1705915.0,1705915.0,1705915.0,1705915.0,0
20230927T,1911168.0,1911168.0,1911168.0,1911168.0,0
20230928T,1343918.0,1343918.0,1343918.0,1343918.0,0
20230929T,1254306.0,1254306.0,1254306.0,1254306.0,0
20231003T,1813996.0,1813996.0,1813996.0,1813996.0,0
20231004T,1481937.0,1481937.0,1481937.0,1481937.0,0
20231005T,1320220.0,1320220.0,1320220.0,1320220.0,0
20231006T,1386796.0,1386796.0,1386796.0,1386796.0,0
20231009T,1747259.0,1747259.0,1747259.0,1747259.0,0
20231010T,1507316.0,1507316.0,1507316.0,1507316.0,0
20231011T,1316172.0,1316172.0,1316172.0,1316172.0,0
20231012T,1214145.0,1214145.0,1214145.0,1214145.0,0
20231013T,1467435.0,1467435.0,1467435.0,1467435.0,0
20231016T,1736275.0,1736275.0,1736275.0,1736275.0,0
20231017T,1753241.0,1753241.0,1753241.0,1753241.0,0
20231018T,1714177.0,1714177.0,1714177.0,1714177.0,0
20231019T,1576767.0,1576767.0,1576767.0,1576767.0,0
20231020T,1730886.0,1730886.0,1730886.0,1730886.0,0
20231023T,1950778.0,1950778.0,1950778.0,1950778.0,0
20231025T,2770073.0,2770073.0,2770073.0,2770073.0,0
20231026T,1405016.0,1405016.0,1405016.0,1405016.0,0
20231027T,1469568.0,1469568.0,1469568.0,1469568.0,0
20231030T,1638293.0,1638293.0,1638293.0,1638293.0,0
20231031T,1855588.0,1855588.0,1855588.0,1855588.0,0
20231101T,1545903.0,1545903.0,1545903.0,1545903.0,0
20231102T,1357525.0,1357525.0,1357525.0,1357525.0,0
20231103T,1404043.0,1404043.0,1404043.0,1404043.0,0
20231106T,1486170.0,1486170.0,1486170.0,1486170.0,0
20231107T,1503400.0,1503400.0,1503400.0,1503400.0,0
20231108T,1463275.0,1463275.0,1463275.0,1463275.0,0
20231109T,1436802.0,1436802.0,1436802.0,1436802.0,0
20231110T,1447585.0,1447585.0,1447585.0,1447585.0,0
20231113T,1393924.0,1393924.0,1393924.0,1393924.0,0
20231115T,1227531.0,1227531.0,1227531.0,1227531.0,0
20231116T,1218538.0,1218538.0,1218538.0,1218538.0,0
20231117T,2186342.0,2186342.0,2186342.0,2186342.0,0
20231120T,2236308.0,2236308.0,2236308.0,2236308.0,0
20231121T,1928309.0,1928309.0,1928309.0,1928309.0,0
20231122T,1299787.0,1299787.0,1299787.0,1299787.0,0
20231123T,1263039.0,1263039.0,1263039.0,1263039.0,0
20231124T,1322465.0,1322465.0,1322465.0,1322465.0,0
20231128T,1282399.0,1282399.0,1282399.0,1282399.0,0
20231129T,1557309.0,1557309.0,1557309.0,1557309.0,0
20231130T,972627.0,972627.0,972627.0,972627.0,0
20231201T,1294259.0,1294259.0,1294259.0,1294259.0,0
20231204T,1734270.0,1734270.0,1734270.0,1734270.0,0
20231205T,1876383.0,1876383.0,1876383.0,1876383.0,0
20231206T,1523670.0,1523670.0,1523670.0,1523670.0,0
20231207T,1456029.0,1456029.0,1456029.0,1456029.0,0
20231208T,1513197.0,1513197.0,1513197.0,1513197.0,0
20231211T,1851014.0,1851014.0,1851014.0,1851014.0,0
20231212T,2031782.0,2031782.0,2031782.0,2031782.0,0
20231213T,1442730.0,1442730.0,1442730.0,1442730.0,0
20231214T,1446527.0,1446527.0,1446527.0,1446527.0,0
20231215T,1524579.0,1524579.0,1524579.0,1524579.0,0
20231218T,1971578.0,1971578.0,1971578.0,1971578.0,0
20231219T,1893702.0,1893702.0,1893702.0,1893702.0,0
20231220T,1903559.0,1903559.0,1903559.0,1903559.0,0
20231221T,1271219.0,1271219.0,1271219.0,1271219.0,0
20231222T,1401918.0,1401918.0,1401918.0,1401918.0,0
20231226T,1461077.0,1461077.0,1461077.0,1461077.0,0
20231227T,1604011.0,1604011.0,1604011.0,1604011.0,0
20231228T,842985.0,842985.0,842985.0,842985.0,0
20231229T,1279661.0,1279661.0,1279661.0,1279661.0,0
20240101T,1708483.0,1708483.0,1708483.0,1708483.0,0
20240102T,2265348.0,2265348.0,2265348.0,2265348.0,0
20240103T,1421373.0,1421373.0,1421373.0,1421373.0,0
20240104T,1098678.0,1098678.0,1098678.0,1098678.0,0
20240105T,1266901.0,1266901.0,1266901.0,1266901.0,0
20240108T,2267932.0,2267932.0,2267932.0,2267932.0,0
20240109T,2073145.0,2073145.0,2073145.0,2073145.0,0
20240110T,1210996.0,1210996.0,1210996.0,1210996.0,0
20240111T,1201171.0,1201171.0,1201171.0,1201171.0,0
20240112T,1274942.0,1274942.0,1274942.0,1274942.0,0
20240115T,1439810.0,1439810.0,1439810.0,1439810.0,0
20240116T,1607622.0,1607622.0,1607622.0,1607622.0,0
20240117T,1823253.0,1823253.0,1823253.0,1823253.0,0
20240118T,1706880.0,1706880.0,1706880.0,1706880.0,0
20240119T,1988777.0,1988777.0,1988777.0,1988777.0,0
20240123T,2551272.0,2551272.0,2551272.0,2551272.0,0
20240124T,2421216.0,2421216.0,2421216.0,2421216.0,0
20240125T,1085037.0,1085037.0,1085037.0,1085037.0,0
20240129T,1541343.0,1541343.0,1541343.0,1541343.0,0
20240130T,1870275.0,1870275.0,1870275.0,1870275.0,0
20240131T,1271090.0,1271090.0,1271090.0,1271090.0,0
20240201T,1349598.0,1349598.0,1349598.0,1349598.0,0
20240202T,1635473.0,1635473.0,1635473.0,1635473.0,0
20240205T,2099771.0,2099771.0,2099771.0,2099771.0,0
20240206T,1870403.0,1870403.0,1870403.0,1870403.0,0
20240207T,1218511.0,1218511.0,1218511.0,1218511.0,0
20240208T,1696019.0,1696019.0,1696019.0,1696019.0,0
20240209T,1542173.0,1542173.0,1542173.0,1542173.0,0
20240212T,2337197.0,2337197.0,2337197.0,2337197.0,0
20240213T,1548488.0,1548488.0,1548488.0,1548488.0,0
20240214T,1067841.0,1067841.0,1067841.0,1067841.0,0
20240215T,1039937.0,1039937.0,1039937.0,1039937.0,0
20240216T,1159751.0,1159751.0,1159751.0,1159751.0,0
20240219T,1314497.0,1314497.0,1314497.0,1314497.0,0
20240220T,1295795.0,1295795.0,1295795.0,1295795.0,0
20240221T,1304498.0,1304498.0,1304498.0,1304498.0,0
20240223T,1426692.0,1426692.0,1426692.0,1426692.0,0
20240226T,1745191.0,1745191.0,1745191.0,1745191.0,0
20240227T,1497628.0,1497628.0,1497628.0,1497628.0,0
20240228T,2618433.0,2618433.0,2618433.0,2618433.0,0
20240229T,990749.0,990749.0,990749.0,990749.0,0
20240301T,1318936.0,1318936.0,1318936.0,1318936.0,0
20240304T,1487051.0,1487051.0,1487051.0,1487051.0,0
20240305T,1449362.0,1449362.0,1449362.0,1449362.0,0
20240306T,1257408.0,1257408.0,1257408.0,1257408.0,0
20240307T,1312954.0,1312954.0,1312954.0,1312954.0,0
20240311T,2091302.0,2091302.0,2091302.0,2091302.0,0
20240312T,1950317.0,1950317.0,1950317.0,1950317.0,0
20240313T,1933030.0,1933030.0,1933030.0,1933030.0,0
20240314T,1485281.0,1485281.0,1485281.0,1485281.0,0
20240315T,1755456.0,1755456.0,1755456.0,1755456.0,0
20240318T,1816252.0,1816252.0,1816252.0,1816252.0,0
20240319T,2139311.0,2139311.0,2139311.0,2139311.0,0
20240320T,1492946.0,1492946.0,1492946.0,1492946.0,0
20240321T,1497674.0,1497674.0,1497674.0,1497674.0,0
20240322T,1410461.0,1410461.0,1410461.0,1410461.0,0
20240326T,1809920.0,1809920.0,1809920.0,1809920.0,0
20240327T,1468147.0,1468147.0,1468147.0,1468147.0,0
20240328T,1306155.0,1306155.0,1306155.0,1306155.0,0
20240401T,1581171.0,1581171.0,1581171.0,1581171.0,0
20240402T,1782481.0,1782481.0,1782481.0,1782481.0,0
20240403T,1213070.0,1213070.0,1213070.0,1213070.0,0
20240404T,997498.0,997498.0,997498.0,997498.0,0
20240405T,1215514.0,1215514.0,1215514.0,1215514.0,0
20240408T,1543288.0,1543288.0,1543288.0,1543288.0,0
20240409T,1702931.0,1702931.0,1702931.0,1702931.0,0
20240410T,898518.0,898518.0,898518.0,898518.0,0
20240412T,1467038.0,1467038.0,1467038.0,1467038.0,0
20240415T,2106238.0,2106238.0,2106238.0,2106238.0,0
20240416T,1236175.0,1236175.0,1236175.0,1236175.0,0
20240418T,1355805.0,1355805.0,1355805.0,1355805.0,0
20240419T,1341948.0,1341948.0,1341948.0,1341948.0,0
20240422T,1471781.0,1471781.0,1471781.0,1471781.0,0
20240423T,1574031.0,1574031.0,1574031.0,1574031.0,0
20240424T,1126493.0,1126493.0,1126493.0,1126493.0,0
20240425T,1039943.0,1039943.0,1039943.0,1039943.0,0
20240426T,2051275.0,2051275.0,2051275.0,2051275.0,0
20240429T,2136016.0,2136016.0,2136016.0,2136016.0,0
20240430T,1725900.0,1725900.0,1725900.0,1725900.0,0
20240502T,1787777.0,1787777.0,1787777.0,1787777.0,0
20240503T,2444803.0,2444803.0,2444803.0,2444803.0,0
20240506T,2798215.0,2798215.0,2798215.0,2798215.0,0
20240507T,3258269.0,3258269.0,3258269.0,3258269.0,0
20240508T,2396209.0,2396209.0,2396209.0,2396209.0,0
20240509T,2456793.0,2456793.0,2456793.0,2456793.0,0
20240510T,2328982.0,2328982.0,2328982.0,2328982.0,0
20240513T,2182419.0,2182419.0,2182419.0,2182419.0,0
20240514T,2321223.0,2321223.0,2321223.0,2321223.0,0
20240515T,2162682.0,2162682.0,2162682.0,2162682.0,0
20240516T,1677184.0,1677184.0,1677184.0,1677184.0,0
20240517T,1794245.0,1794245.0,1794245.0,1794245.0,0
20240521T,2151947.0,2151947.0,2151947.0,2151947.0,0
20240522T,1764895.0,1764895.0,1764895.0,1764895.0,0
20240523T,1510237.0,1510237.0,1510237.0,1510237.0,0
20240524T,1798548.0,1798548.0,1798548.0,1798548.0,0
20240527T,2206336.0,2206336.0,2206336.0,2206336.0,0
20240528T,2369096.0,2369096.0,2369096.0,2369096.0,0
20240529T,1859246.0,1859246.0,1859246.0,1859246.0,0
20240530T,1222249.0,1222249.0,1222249.0,1222249.0,0
20240531T,1755110.0,1755110.0,1755110.0,1755110.0,0
20240603T,2237676.0,2237676.0,2237676.0,2237676.0,0
20240604T,3380538.0,3380538.0,3380538.0,3380538.0,0
20240605T,2370232.0,2370232.0,2370232.0,2370232.0,0
20240606T,1770547.0,1770547.0,1770547.0,1770547.0,0
20240607T,1911877.0,1911877.0,1911877.0,1911877.0,0
20240610T,2475435.0,2475435.0,2475435.0,2475435.0,0
20240611T,2396591.0,2396591.0,2396591.0,2396591.0,0
20240612T,2002394.0,2002394.0,2002394.0,2002394.0,0
20240613T,1701961.0,1701961.0,1701961.0,1701961.0,0
20240614T,1622647.0,1622647.0,1622647.0,1622647.0,0
20240618T,1826570.0,1826570.0,1826570.0,1826570.0,0
20240619T,1672697.0,1672697.0,1672697.0,1672697.0,0
20240620T,1457824.0,1457824.0,1457824.0,1457824.0,0
20240621T,1882256.0,1882256.0,1882256.0,1882256.0,0
20240624T,1966702.0,1966702.0,1966702.0,1966702.0,0
20240625T,1937366.0,1937366.0,1937366.0,1937366.0,0
20240626T,1696270.0,1696270.0,1696270.0,1696270.0,0
20240627T,1353615.0,1353615.0,1353615.0,1353615.0,0
20240628T,2069414.0,2069414.0,2069414.0,2069414.0,0
20240701T,2008862.0,2008862.0,2008862.0,2008862.0,0
20240702T,2288699.0,2288699.0,2288699.0,2288699.0,0
20240703T,1535754.0,1535754.0,1535754.0,1535754.0,0
20240704T,1507421.0,1507421.0,1507421.0,1507421.0,0
20240705T,1716942.0,1716942.0,1716942.0,1716942.0,0
20240708T,2254775.0,2254775.0,2254775.0,2254775.0,0
20240709T,2083501.0,2083501.0,2083501.0,2083501.0,0
20240710T,1799730.0,1799730.0,1799730.0,1799730.0,0
20240711T,1500628.0,1500628.0,1500628.0,1500628.0,0
20240712T,1660254.0,1660254.0,1660254.0,1660254.0,0
20240715T,1746130.0,1746130.0,1746130.0,1746130.0,0
20240716T,1413360.0,1413360.0,1413360.0,1413360.0,0
20240718T,1175859.0,1175859.0,1175859.0,1175859.0,0
20240719T,1825908.0,1825908.0,1825908.0,1825908.0,0
20240722T,1927586.0,1927586.0,1927586.0,1927586.0,0
20240723T,2566894.0,2566894.0,2566894.0,2566894.0,0
20240724T,2039980.0,2039980.0,2039980.0,2039980.0,0
20240725T,1582140.0,1582140.0,1582140.0,1582140.0,0
20240726T,1780868.0,1780868.0,1780868.0,1780868.0,0
20240729T,2546246.0,2546246.0,2546246.0,2546246.0,0
20240730T,2298439.0,2298439.0,2298439.0,2298439.0,0
20240731T,1664704.0,1664704.0,1664704.0,1664704.0,0
20240801T,1833695.0,1833695.0,1833695.0,1833695.0,0
20240802T,2337401.0,2337401.0,2337401.0,2337401.0,0
20240805T,2942045.0,2942045.0,2942045.0,2942045.0,0
20240806T,3125588.0,3125588.0,3125588.0,3125588.0,0
20240807T,2173696.0,2173696.0,2173696.0,2173696.0,0
20240808T,1764599.0,1764599.0,1764599.0,1764599.0,0
20240809T,1857281.0,1857281.0,1857281.0,1857281.0,0
20240812T,2133941.0,2133941.0,2133941.0,2133941.0,0
20240813T,3052521.0,3052521.0,3052521.0,3052521.0,0
20240814T,1567407.0,1567407.0,1567407.0,1567407.0,0
20240816T,1686486.0,1686486.0,1686486.0,1686486.0,0
20240819T,2025139.0,2025139.0,2025139.0,2025139.0,0
20240820T,1798579.0,1798579.0,1798579.0,1798579.0,0
20240821T,1637015.0,1637015.0,1637015.0,1637015.0,0
20240822T,1464889.0,1464889.0,1464889.0,1464889.0,0
20240823T,1824260.0,1824260.0,1824260.0,1824260.0,0
20240826T,1966873.0,1966873.0,1966873.0,1966873.0,0
20240827T,1957619.0,1957619.0,1957619.0,1957619.0,0
20240828T,1716591.0,1716591.0,1716591.0,1716591.0,0
20240829T,1382094.0,1382094.0,1382094.0,1382094.0,0
20240830T,1766912.0,1766912.0,1766912.0,1766912.0,0
20240902T,2151209.0,2151209.0,2151209.0,2151209.0,0
20240903T,2007263.0,2007263.0,2007263.0,2007263.0,0
20240904T,1996000.0,1996000.0,1996000.0,1996000.0,0
20240905T,1744470.0,1744470.0,1744470.0,1744470.0,0
20240906T,2968948.0,2968948.0,2968948.0,2968948.0,0
20240909T,2404642.0,2404642.0,2404642.0,2404642.0,0
20240910T,2239127.0,2239127.0,2239127.0,2239127.0,0
20240911T,2348834.0,2348834.0,2348834.0,2348834.0,0
20240912T,1605439.0,1605439.0,1605439.0,1605439.0,0
20240913T,1799636.0,1799636.0,1799636.0,1799636.0,0
20240916T,2031445.0,2031445.0,2031445.0,2031445.0,0
20240917T,1997170.0,1997170.0,1997170.0,1997170.0,0
20240918T,2099640.0,2099640.0,2099640.0,2099640.0,0
20240919T,1810337.0,1810337.0,1810337.0,1810337.0,0
20240920T,1854334.0,1854334.0,1854334.0,1854334.0,0
20240923T,2158153.0,2158153.0,2158153.0,2158153.0,0
20240924T,2230077.0,2230077.0,2230077.0,2230077.0,0
20240925T,1817915.0,1817915.0,1817915.0,1817915.0,0
20240926T,1425860.0,1425860.0,1425860.0,1425860.0,0
20240927T,2209457.0,2209457.0,2209457.0,2209457.0,0
20240930T,3378379.0,3378379.0,3378379.0,3378379.0,0
20241001T,2116704.0,2116704.0,2116704.0,2116704.0,0
20241003T,2210385.0,2210385.0,2210385.0,2210385.0,0
20241004T,2727543.0,2727543.0,2727543.0,2727543.0,0
20241007T,3061309.0,3061309.0,3061309.0,3061309.0,0
20241008T,2749810.0,2749810.0,2749810.0,2749810.0,0
20241009T,2511156.0,2511156.0,2511156.0,2511156.0,0
20241010T,1862939.0,1862939.0,1862939.0,1862939.0,0
20241011T,2294194.0,2294194.0,2294194.0,2294194.0,0
20241014T,2176676.0,2176676.0,2176676.0,2176676.0,0
20241015T,2513163.0,2513163.0,2513163.0,2513163.0,0
20241016T,2357473.0,2357473.0,2357473.0,2357473.0,0
20241017T,2088262.0,2088262.0,2088262.0,2088262.0,0
20241018T,1958126.0,1958126.0,1958126.0,1958126.0,0
20241021T,2592647.0,2592647.0,2592647.0,2592647.0,0
20241022T,3092963.0,3092963.0,3092963.0,3092963.0,0
20241023T,2419040.0,2419040.0,2419040.0,2419040.0,0
20241024T,1770016.0,1770016.0,1770016.0,1770016.0,0
20241025T,2415527.0,2415527.0,2415527.0,2415527.0,0
20241028T,2355498.0,2355498.0,2355498.0,2355498.0,0
20241029T,2126590.0,2126590.0,2126590.0,2126590.0,0
20241030T,2123353.0,2123353.0,2123353.0,2123353.0,0
20241031T,1809061.0,1809061.0,1809061.0,1809061.0,0
20241104T,2566018.0,2566018.0,2566018.0,2566018.0,0
20241105T,2206471.0,2206471.0,2206471.0,2206471.0,0
20241106T,2294062.0,2294062.0,2294062.0,2294062.0,0
20241107T,2075321.0,2075321.0,2075321.0,2075321.0,0
20241108T,2474584.0,2474584.0,2474584.0,2474584.0,0
20241111T,2659141.0,2659141.0,2659141.0,2659141.0,0
20241112T,3730453.0,3730453.0,3730453.0,3730453.0,0
20241113T,3318972.0,3318972.0,3318972.0,3318972.0,0
20241114T,2334872.0,2334872.0,2334872.0,2334872.0,0
20241118T,2773348.0,2773348.0,2773348.0,2773348.0,0
20241119T,2668807.0,2668807.0,2668807.0,2668807.0,0
20241121T,2129436.0,2129436.0,2129436.0,2129436.0,0
20241122T,2100684.0,2100684.0,2100684.0,2100684.0,0
20241125T,2620390.0,2620390.0,2620390.0,2620390.0,0
20241126T,2642751.0,2642751.0,2642751.0,2642751.0,0
20241127T,2011384.0,2011384.0,2011384.0,2011384.0,0
20241128T,1755684.0,1755684.0,1755684.0,1755684.0,0
20241129T,1878204.0,1878204.0,1878204.0,1878204.0,0
20241202T,2353604.0,2353604.0,2353604.0,2353604.0,0
20241203T,2476624.0,2476624.0,2476624.0,2476624.0,0
20241204T,2821090.0,2821090.0,2821090.0,2821090.0,0
20241205T,1825755.0,1825755.0,1825755.0,1825755.0,0
20241206T,2268918.0,2268918.0,2268918.0,2268918.0,0
20241209T,2828362.0,2828362.0,2828362.0,2828362.0,0
20241210T,2993705.0,2993705.0,2993705.0,2993705.0,0
20241211T,3461666.0,3461666.0,3461666.0,3461666.0,0
20241212T,2140665.0,2140665.0,2140665.0,2140665.0,0
20241213T,2213672.0,2213672.0,2213672.0,2213672.0,0
20241216T,2841952.0,2841952.0,2841952.0,2841952.0,0
20241217T,4056541.0,4056541.0,4056541.0,4056541.0,0
20241218T,5027463.0,5027463.0,5027463.0,5027463.0,0
20241219T,2793551.0,2793551.0,2793551.0,2793551.0,0
20241220T,3122024.0,3122024.0,3122024.0,3122024.0,0
20241223T,3215425.0,3215425.0,3215425.0,3215425.0,0
20241224T,2193832.0,2193832.0,2193832.0,2193832.0,0
20241226T,1171547.0,1171547.0,1171547.0,1171547.0,0
20241227T,1372107.0,1372107.0,1372107.0,1372107.0,0
20241230T,1619244.0,1619244.0,1619244.0,1619244.0,0
20241231T,1545326.0,1545326.0,1545326.0,1545326.0,0
20250101T,1622639.0,1622639.0,1622639.0,1622639.0,0
20250102T,1206653.0,1206653.0,1206653.0,1206653.0,0
20250103T,1422793.0,1422793.0,1422793.0,1422793.0,0
20250106T,1891502.0,1891502.0,1891502.0,1891502.0,0
20250107T,1802002.0,1802002.0,1802002.0,1802002.0,0
20250108T,1995278.0,1995278.0,1995278.0,1995278.0,0
20250109T,1684892.0,1684892.0,1684892.0,1684892.0,0
20250110T,2020409.0,2020409.0,2020409.0,2020409.0,0
20250113T,2493343.0,2493343.0,2493343.0,2493343.0,0
20250114T,2272649.0,2272649.0,2272649.0,2272649.0,0
20250115T,2352366.0,2352366.0,2352366.0,2352366.0,0
20250116T,1846771.0,1846771.0,1846771.0,1846771.0,0
20250117T,2048487.0,2048487.0,2048487.0,2048487.0,0
20250120T,2018506.0,2018506.0,2018506.0,2018506.0,0
20250121T,2391585.0,2391585.0,2391585.0,2391585.0,0
20250122T,2471181.0,2471181.0,2471181.0,2471181.0,0
20250123T,2235657.0,2235657.0,2235657.0,2235657.0,0
20250124T,2401314.0,2401314.0,2401314.0,2401314.0,0
20250127T,2782062.0,2782062.0,2782062.0,2782062.0,0
20250128T,2292121.0,2292121.0,2292121.0,2292121.0,0
20250129T,2340435.0,2340435.0,2340435.0,2340435.0,0
20250130T,452892.0,452892.0,452892.0,452892.0,0
20250131T,696446.0,696446.0,696446.0,696446.0,0
20250203T,989120.0,989120.0,989120.0,989120.0,0
20250204T,874118.0,874118.0,874118.0,874118.0,0
20250205T,1138973.0,1138973.0,1138973.0,1138973.0,0
20250206T,736909.0,736909.0,736909.0,736909.0,0
20250207T,906116.0,906116.0,906116.0,906116.0,0
20250210T,1094560.0,1094560.0,1094560.0,1094560.0,0
20250211T,1246194.0,1246194.0,1246194.0,1246194.0,0
20250212T,1232575.0,1232575.0,1232575.0,1232575.0,0
20250213T,868123.0,868123.0,868123.0,868123.0,0
20250214T,1075919.0,1075919.0,1075919.0,1075919.0,0
20250217T,1035339.0,1035339.0,1035339.0,1035339.0,0
20250218T,1100224.0,1100224.0,1100224.0,1100224.0,0
20250219T,1181865.0,1181865.0,1181865.0,1181865.0,0
20250220T,870526.0,870526.0,870526.0,870526.0,0
20250221T,1057826.0,1057826.0,1057826.0,1057826.0,0
20250224T,1272335.0,1272335.0,1272335.0,1272335.0,0
20250225T,1286302.0,1286302.0,1286302.0,1286302.0,0
20250227T,479523.0,479523.0,479523.0,479523.0,0
20250228T,867295.0,867295.0,867295.0,867295.0,0
20250303T,989971.0,989971.0,989971.0,989971.0,0
20250304T,1027638.0,1027638.0,1027638.0,1027638.0,0
20250305T,1105990.0,1105990.0,1105990.0,1105990.0,0
20250306T,791086.0,791086.0,791086.0,791086.0,0
20250307T,999392.0,999392.0,999392.0,999392.0,0
20250310T,1176133.0,1176133.0,1176133.0,1176133.0,0
20250311T,1173382.0,1173382.0,1173382.0,1173382.0,0
20250312T,1290488.0,1290488.0,1290488.0,1290488.0,0
20250313T,941873.0,941873.0,941873.0,941873.0,0
20250317T,1086189.0,1086189.0,1086189.0,1086189.0,0
20250318T,1095388.0,1095388.0,1095388.0,1095388.0,0
20250319T,1185826.0,1185826.0,1185826.0,1185826.0,0
20250320T,913019.0,913019.0,913019.0,913019.0,0
20250321T,1054089.0,1054089.0,1054089.0,1054089.0,0
20250324T,1194474.0,1194474.0,1194474.0,1194474.0,0
20250325T,1390289.0,1390289.0,1390289.0,1390289.0,0
20250326T,1596684.0,1596684.0,1596684.0,1596684.0,0
20250327T,767347.0,767347.0,767347.0,767347.0,0
20250328T,938191.0,938191.0,938191.0,938191.0,0
20250401T,1192125.0,1192125.0,1192125.0,1192125.0,0
20250402T,1259300.0,1259300.0,1259300.0,1259300.0,0
20250403T,719664.0,719664.0,719664.0,719664.0,0
20250404T,1031408.0,1031408.0,1031408.0,1031408.0,0
20250407T,1269898.0,1269898.0,1269898.0,1269898.0,0
20250408T,1302712.0,1302712.0,1302712.0,1302712.0,0
20250409T,941922.0,941922.0,941922.0,941922.0,0
20250411T,923640.0,923640.0,923640.0,923640.0,0
20250415T,1051616.0,1051616.0,1051616.0,1051616.0,0
20250416T,1099920.0,1099920.0,1099920.0,1099920.0,0
20250417T,824311.0,824311.0,824311.0,824311.0,0
20250421T,1034216.0,1034216.0,1034216.0,1034216.0,0
20250422T,1200271.0,1200271.0,1200271.0,1200271.0,0
20250423T,1387444.0,1387444.0,1387444.0,1387444.0,0
20250424T,541458.0,541458.0,541458.0,541458.0,0
20250425T,771091.0,771091.0,771091.0,771091.0,0
20250428T,766040.0,766040.0,766040.0,766040.0,0
20250429T,1028333.0,1028333.0,1028333.0,1028333.0,0
20250430T,616808.0,616808.0,616808.0,616808.0,0
20250502T,773570.0,773570.0,773570.0,773570.0,0
20250505T,906502.0,906502.0,906502.0,906502.0,0
20250506T,1005190.0,1005190.0,1005190.0,1005190.0,0
20250507T,1112623.0,1112623.0,1112623.0,1112623.0,0
20250508T,692582.0,692582.0,692582.0,692582.0,0
20250509T,785777.0,785777.0,785777.0,785777.0,0
20250512T,872129.0,872129.0,872129.0,872129.0,0
20250513T,1242302.0,1242302.0,1242302.0,1242302.0,0
20250514T,1243824.0,1243824.0,1243824.0,1243824.0,0
20250515T,688188.0,688188.0,688188.0,688188.0,0
20250516T,863696.0,863696.0,863696.0,863696.0,0
20250519T,1065474.0,1065474.0,1065474.0,1065474.0,0
20250520T,1349978.0,1349978.0,1349978.0,1349978.0,0
20250521T,1230599.0,1230599.0,1230599.0,1230599.0,0
20250522T,804324.0,804324.0,804324.0,804324.0,0
20250523T,812301.0,812301.0,812301.0,812301.0,0
20250526T,945028.0,945028.0,945028.0,945028.0,0
20250527T,1197413.0,1197413.0,1197413.0,1197413.0,0
20250528T,1313857.0,1313857.0,1313857.0,1313857.0,0
20250529T,501381.0,501381.0,501381.0,501381.0,0
20250530T,709054.0,709054.0,709054.0,709054.0,0
20250602T,793791.0,793791.0,793791.0,793791.0,0
20250603T,1180446.0,1180446.0,1180446.0,1180446.0,0
20250604T,1191200.0,1191200.0,1191200.0,1191200.0,0
20250605T,631925.0,631925.0,631925.0,631925.0,0
20250606T,774864.0,774864.0,774864.0,774864.0,0
20250609T,896151.0,896151.0,896151.0,896151.0,0
20250610T,986614.0,986614.0,986614.0,986614.0,0
20250611T,1072450.0,1072450.0,1072450.0,1072450.0,0
20250612T,750874.0,750874.0,750874.0,750874.0,0
20250613T,848682.0,848682.0,848682.0,848682.0,0
20250616T,806305.0,806305.0,806305.0,806305.0,0
20250617T,972869.0,972869.0,972869.0,972869.0,0
20250618T,1162639.0,1162639.0,1162639.0,1162639.0,0
20250619T,740030.0,740030.0,740030.0,740030.0,0
20250620T,780851.0,780851.0,780851.0,780851.0,0
20250623T,865915.0,865915.0,865915.0,865915.0,0
20250624T,1084623.0,1084623.0,1084623.0,1084623.0,0
20250625T,1097338.0,1097338.0,1097338.0,1097338.0,0
20250626T,417522.0,417522.0,417522.0,417522.0,0
20250627T,546995.0,546995.0,546995.0,546995.0,0
20250630T,890422.0,890422.0,890422.0,890422.0,0
20250701T,888925.0,888925.0,888925.0,888925.0,0
20250702T,1118238.0,1118238.0,1118238.0,1118238.0,0
20250703T,602078.0,602078.0,602078.0,602078.0,0
20250704T,639140.0,639140.0,639140.0,639140.0,0
20250707T,733905.0,733905.0,733905.0,733905.0,0
20250708T,809258.0,809258.0,809258.0,809258.0,0
20250709T,1121053.0,1121053.0,1121053.0,1121053.0,0
20250710T,671200.0,671200.0,671200.0,671200.0,0
20250711T,936848.0,936848.0,936848.0,936848.0,0
20250714T,1057214.0,1057214.0,1057214.0,1057214.0,0
20250715T,969545.0,969545.0,969545.0,969545.0,0
20250716T,1077197.0,1077197.0,1077197.0,1077197.0,0
20250717T,691173.0,691173.0,691173.0,691173.0,0
20250718T,949802.0,949802.0,949802.0,949802.0,0
20250721T,842021.0,842021.0,842021.0,842021.0,0
20250722T,1060528.0,1060528.0,1060528.0,1060528.0,0
20250723T,902577.0,902577.0,902577.0,902577.0,0
20250724T,744046.0,744046.0,744046.0,744046.0,0
20250725T,1083276.0,1083276.0,1083276.0,1083276.0,0
20250728T,1280241.0,1280241.0,1280241.0,1280241.0,0
20250729T,1105907.0,1105907.0,1105907.0,1105907.0,0
20250730T,1230814.0,1230814.0,1230814.0,1230814.0,0
20250731T,421130.0,421130.0,421130.0,421130.0,0
20250801T,767736.0,767736.0,767736.0,767736.0,0
20250804T,731924.0,731924.0,731924.0,731924.0,0
20250805T,919649.0,919649.0,919649.0,919649.0,0
20250806T,1172388.0,1172388.0,1172388.0,1172388.0,0
20250807T,571771.0,571771.0,571771.0,571771.0,0
20250808T,1055986.0,1055986.0,1055986.0,1055986.0,0
20250811T,838737.0,838737.0,838737.0,838737.0,0
20250812T,1145659.0,1145659.0,1145659.0,1145659.0,0
20250813T,1104738.0,1104738.0,1104738.0,1104738.0,0
20250814T,650408.0,650408.0,650408.0,650408.0,0
20250818T,810774.0,810774.0,810774.0,810774.0,0
20250819T,847529.0,847529.0,847529.0,847529.0,0
20250820T,953184.0,953184.0,953184.0,953184.0,0
20250821T,635865.0,635865.0,635865.0,635865.0,0
20250822T,1105804.0,1105804.0,1105804.0,1105804.0,0
20250825T,1081638.0,1081638.0,1081638.0,1081638.0,0
20250826T,1352458.0,1352458.0,1352458.0,1352458.0,0
20250828T,586814.0,586814.0,586814.0,586814.0,0
20250829T,1079848.0,1079848.0,1079848.0,1079848.0,0
20250901T,991995.0,991995.0,991995.0,991995.0,0
20250902T,565266.0,565266.0,565266.0,565266.0,0
20250903T,637272.0,637272.0,637272.0,637272.0,0
20250904T,1014452.0,1014452.0,1014452.0,1014452.0,0
20250905T,1068797.0,1068797.0,1068797.0,1068797.0,0
20250908T,1203834.0,1203834.0,1203834.0,1203834.0,0
20250909T,571570.0,571570.0,571570.0,571570.0,0
20250910T,727274.0,727274.0,727274.0,727274.0,0
20250911T,869995.0,869995.0,869995.0,869995.0,0
20250912T,907878.0,907878.0,907878.0,907878.0,0
20250915T,1155339.0,1155339.0,1155339.0,1155339.0,0
20250916T,548283.0,548283.0,548283.0,548283.0,0
20250917T,696749.0,696749.0,696749.0,696749.0,0
20250918T,812883.0,812883.0,812883.0,812883.0,0
20250919T,1053401.0,1053401.0,1053401.0,1053401.0,0
20250922T,1468593.0,1468593.0,1468593.0,1468593.0,0
20250923T,622279.0,622279.0,622279.0,622279.0,0
20250924T,903926.0,903926.0,903926.0,903926.0,0
20250925T,1243190.0,1243190.0,1243190.0,1243190.0,0
20250926T,1468704.0,1468704.0,1468704.0,1468704.0,0
20250929T,1470896.0,1470896.0,1470896.0,1470896.0,0
20250930T,478264.0,478264.0,478264.0,478264.0,0
20251001T,609951.0,609951.0,609951.0,609951.0,0
20251003T,796849.0,796849.0,796849.0,796849.0,0
20251006T,974833.0,974833.0,974833.0,974833.0,0
20251007T,596964.0,596964.0,596964.0,596964.0,0
20251008T,959281.0,959281.0,959281.0,959281.0,0
20251009T,876300.0,876300.0,876300.0,876300.0,0
20251010T,867405.0,867405.0,867405.0,867405.0,0
20251013T,1152023.0,1152023.0,1152023.0,1152023.0,0
20251014T,730632.0,730632.0,730632.0,730632.0,0
20251015T,783369.0,783369.0,783369.0,783369.0,0
20251016T,864827.0,864827.0,864827.0,864827.0,0
20251017T,1063689.0,1063689.0,1063689.0,1063689.0,0
20251020T,646949.0,646949.0,646949.0,646949.0,0
20251023T,1025125.0,1025125.0,1025125.0,1025125.0,0
20251024T,1419149.0,1419149.0,1419149.0,1419149.0,0
20251027T,1225632.0,1225632.0,1225632.0,1225632.0,0
20251028T,550471.0,550471.0,550471.0,550471.0,0
20251029T,637275.0,637275.0,637275.0,637275.0,0
20251030T,1048415.0,1048415.0,1048415.0,1048415.0,0
20251031T,1377961.0,1377961.0,1377961.0,1377961.0,0
20251103T,1279758.0,1279758.0,1279758.0,1279758.0,0
20251104T,683805.0,683805.0,683805.0,683805.0,0
20251106T,986699.0,986699.0,986699.0,986699.0,0
20251107T,976385.0,976385.0,976385.0,976385.0,0
20251110T,1125376.0,1125376.0,1125376.0,1125376.0,0
20251111T,603931.0,603931.0,603931.0,603931.0,0
20251112T,668178.0,668178.0,668178.0,668178.0,0
20251113T,811678.0,811678.0,811678.0,811678.0,0
20251114T,1047449.0,1047449.0,1047449.0,1047449.0,0
20251117T,998937.0,998937.0,998937.0,998937.0,0
20251118T,627832.0,627832.0,627832.0,627832.0,0
20251119T,623310.0,623310.0,623310.0,623310.0,0
20251120T,694845.0,694845.0,694845.0,694845.0,0
20251121T,909241.0,909241.0,909241.0,909241.0,0
20251124T,1279923.0,1279923.0,1279923.0,1279923.0,0
20251125T,423038.0,423038.0,423038.0,423038.0,0
20251126T,500877.0,500877.0,500877.0,500877.0,0
20251127T,638546.0,638546.0,638546.0,638546.0,0
20251128T,767065.0,767065.0,767065.0,767065.0,0
20251201T,1120366.0,1120366.0,1120366.0,1120366.0,0
20251202T,589224.0,589224.0,589224.0,589224.0,0
20251203T,796696.0,796696.0,796696.0,796696.0,0
20251204T,763484.0,763484.0,763484.0,763484.0,0
20251205T,794969.0,794969.0,794969.0,794969.0,0
20251208T,1552820.0,1552820.0,1552820.0,1552820.0,0
20251209T,725400.0,725400.0,725400.0,725400.0,0
20251210T,1067702.0,1067702.0,1067702.0,1067702.0,0
20251211T,875948.0,875948.0,875948.0,875948.0,0
20251212T,934805.0,934805.0,934805.0,934805.0,0
20251215T,1038328.0,1038328.0,1038328.0,1038328.0,0
20251216T,741652.0,741652.0,741652.0,741652.0,0
20251217T,1021951.0,1021951.0,1021951.0,1021951.0,0
20251218T,982905.0,982905.0,982905.0,982905.0,0
20251219T,895382.0,895382.0,895382.0,895382.0,0
20251222T,912093.0,912093.0,912093.0,912093.0,0
20251223T,679831.0,679831.0,679831.0,679831.0,0
20251224T,901911.0,901911.0,901911.0,901911.0,0
20251226T,1196451.0,1196451.0,1196451.0,1196451.0,0
20251229T,1411992.0,1411992.0,1411992.0,1411992.0,0
20251230T,507641.0,507641.0,507641.0,507641.0,0
20251231T,600325.0,600325.0,600325.0,600325.0,0
20260101T,801441.0,801441.0,801441.0,801441.0,0
20260102T,702987.0,702987.0,702987.0,702987.0,0
20260105T,1130683.0,1130683.0,1130683.0,1130683.0,0
20260106T,690138.0,690138.0,690138.0,690138.0,0
20260107T,822017.0,822017.0,822017.0,822017.0,0
20260108T,1286896.0,1286896.0,1286896.0,1286896.0,0
20260109T,1679106.0,1679106.0,1679106.0,1679106.0,0
20260112T,1411998.0,1411998.0,1411998.0,1411998.0,0
20260113T,801784.0,801784.0,801784.0,801784.0,0
20260114T,1087180.0,1087180.0,1087180.0,1087180.0,0
20260116T,1328090.0,1328090.0,1328090.0,1328090.0,0
20260119T,1517034.0,1517034.0,1517034.0,1517034.0,0
20260120T,1014196.0,1014196.0,1014196.0,1014196.0,0
20260121T,1117753.0,1117753.0,1117753.0,1117753.0,0
20260122T,1047882.0,1047882.0,1047882.0,1047882.0,0
20260123T,1548515.0,1548515.0,1548515.0,1548515.0,0
20260127T,430746.0,430746.0,430746.0,430746.0,0
20260128T,637815.0,637815.0,637815.0,637815.0,0
20260129T,656085.0,656085.0,656085.0,656085.0,0
20260130T,951552.0,951552.0,951552.0,951552.0,0
20260201T,1652629.0,1652629.0,1652629.0,1652629.0,0
20260202T,1254122.0,1254122.0,1254122.0,1254122.0,0
