20120106T,68567.0,68567.0,68567.0,68567.0,0
20120109T,68583.0,68583.0,68583.0,68583.0,0
20120110T,83667.0,83667.0,83667.0,83667.0,0
20120111T,79521.0,79521.0,79521.0,79521.0,0
20120112T,75558.0,75558.0,75558.0,75558.0,0
20120113T,79821.0,79821.0,79821.0,79821.0,0
20120116T,85008.0,85008.0,85008.0,85008.0,0
20120117T,95286.0,95286.0,95286.0,95286.0,0
20120118T,88746.0,88746.0,88746.0,88746.0,0
20120119T,98856.0,98856.0,98856.0,98856.0,0
20120120T,95385.0,95385.0,95385.0,95385.0,0
20120123T,94097.0,94097.0,94097.0,94097.0,0
20120124T,98835.0,98835.0,98835.0,98835.0,0
20120125T,59928.0,59928.0,59928.0,59928.0,0
20120127T,69977.0,69977.0,69977.0,69977.0,0
20120130T,57500.0,57500.0,57500.0,57500.0,0
20120131T,70368.0,70368.0,70368.0,70368.0,0
20120201T,78649.0,78649.0,78649.0,78649.0,0
20120202T,74611.0,74611.0,74611.0,74611.0,0
20120203T,85487.0,85487.0,85487.0,85487.0,0
20120206T,82099.0,82099.0,82099.0,82099.0,0
20120207T,81602.0,81602.0,81602.0,81602.0,0
20120208T,84093.0,84093.0,84093.0,84093.0,0
20120209T,88868.0,88868.0,88868.0,88868.0,0
20120210T,80666.0,80666.0,80666.0,80666.0,0
20120213T,83549.0,83549.0,83549.0,83549.0,0
20120214T,89547.0,89547.0,89547.0,89547.0,0
20120215T,96022.0,96022.0,96022.0,96022.0,0
20120216T,89384.0,89384.0,89384.0,89384.0,0
20120217T,87192.0,87192.0,87192.0,87192.0,0
20120221T,89247.0,89247.0,89247.0,89247.0,0
20120222T,98076.0,98076.0,98076.0,98076.0,0
20120223T,50007.0,50007.0,50007.0,50007.0,0
20120224T,47928.0,47928.0,47928.0,47928.0,0
20120227T,43392.0,43392.0,43392.0,43392.0,0
20120228T,50253.0,50253.0,50253.0,50253.0,0
20120229T,43873.0,43873.0,43873.0,43873.0,0
20120301T,48846.0,48846.0,48846.0,48846.0,0
20120302T,46424.0,46424.0,46424.0,46424.0,0
20120305T,45127.0,45127.0,45127.0,45127.0,0
20120306T,47441.0,47441.0,47441.0,47441.0,0
20120307T,51460.0,51460.0,51460.0,51460.0,0
20120309T,50311.0,50311.0,50311.0,50311.0,0
20120312T,56440.0,56440.0,56440.0,56440.0,0
20120313T,65583.0,65583.0,65583.0,65583.0,0
20120314T,65692.0,65692.0,65692.0,65692.0,0
20120315T,63608.0,63608.0,63608.0,63608.0,0
20120316T,72636.0,72636.0,72636.0,72636.0,0
20120319T,65484.0,65484.0,65484.0,65484.0,0
20120320T,65451.0,65451.0,65451.0,65451.0,0
20120321T,67709.0,67709.0,67709.0,67709.0,0
20120322T,61359.0,61359.0,61359.0,61359.0,0
20120323T,53773.0,53773.0,53773.0,53773.0,0
20120326T,59978.0,59978.0,59978.0,59978.0,0
20120327T,66051.0,66051.0,66051.0,66051.0,0
20120328T,74002.0,74002.0,74002.0,74002.0,0
20120329T,32728.0,32728.0,32728.0,32728.0,0
20120330T,44565.0,44565.0,44565.0,44565.0,0
20120402T,44699.0,44699.0,44699.0,44699.0,0
20120403T,48849.0,48849.0,48849.0,48849.0,0
20120404T,44588.0,44588.0,44588.0,44588.0,0
20120409T,41404.0,41404.0,41404.0,41404.0,0
20120410T,45617.0,45617.0,45617.0,45617.0,0
20120411T,45132.0,45132.0,45132.0,45132.0,0
20120412T,47014.0,47014.0,47014.0,47014.0,0
20120413T,41207.0,41207.0,41207.0,41207.0,0
20120416T,45400.0,45400.0,45400.0,45400.0,0
20120417T,54023.0,54023.0,54023.0,54023.0,0
20120418T,49314.0,49314.0,49314.0,49314.0,0
20120419T,53957.0,53957.0,53957.0,53957.0,0
20120420T,53361.0,53361.0,53361.0,53361.0,0
20120423T,49964.0,49964.0,49964.0,49964.0,0
20120424T,49655.0,49655.0,49655.0,49655.0,0
20120425T,61203.0,61203.0,61203.0,61203.0,0
20120426T,47942.0,47942.0,47942.0,47942.0,0
20120427T,55747.0,55747.0,55747.0,55747.0,0
20120430T,54385.0,54385.0,54385.0,54385.0,0
20120502T,58378.0,58378.0,58378.0,58378.0,0
20120503T,60214.0,60214.0,60214.0,60214.0,0
20120504T,65947.0,65947.0,65947.0,65947.0,0
20120507T,58947.0,58947.0,58947.0,58947.0,0
20120508T,65390.0,65390.0,65390.0,65390.0,0
20120509T,62719.0,62719.0,62719.0,62719.0,0
20120510T,67331.0,67331.0,67331.0,67331.0,0
20120511T,65990.0,65990.0,65990.0,65990.0,0
20120514T,67661.0,67661.0,67661.0,67661.0,0
20120515T,69835.0,69835.0,69835.0,69835.0,0
20120516T,70633.0,70633.0,70633.0,70633.0,0
20120517T,69988.0,69988.0,69988.0,69988.0,0
20120518T,66780.0,66780.0,66780.0,66780.0,0
20120521T,67285.0,67285.0,67285.0,67285.0,0
20120522T,66403.0,66403.0,66403.0,66403.0,0
20120523T,72801.0,72801.0,72801.0,72801.0,0
20120524T,83475.0,83475.0,83475.0,83475.0,0
20120525T,86289.0,86289.0,86289.0,86289.0,0
20120528T,86878.0,86878.0,86878.0,86878.0,0
20120529T,84120.0,84120.0,84120.0,84120.0,0
20120530T,79792.0,79792.0,79792.0,79792.0,0
20120531T,56383.0,56383.0,56383.0,56383.0,0
20120601T,59033.0,59033.0,59033.0,59033.0,0
20120604T,59526.0,59526.0,59526.0,59526.0,0
20120605T,56385.0,56385.0,56385.0,56385.0,0
20120606T,60429.0,60429.0,60429.0,60429.0,0
20120607T,65006.0,65006.0,65006.0,65006.0,0
20120608T,65677.0,65677.0,65677.0,65677.0,0
20120611T,61583.0,61583.0,61583.0,61583.0,0
20120612T,70820.0,70820.0,70820.0,70820.0,0
20120613T,68156.0,68156.0,68156.0,68156.0,0
20120614T,60654.0,60654.0,60654.0,60654.0,0
20120615T,64967.0,64967.0,64967.0,64967.0,0
20120618T,61037.0,61037.0,61037.0,61037.0,0
20120619T,66526.0,66526.0,66526.0,66526.0,0
20120620T,67844.0,67844.0,67844.0,67844.0,0
20120621T,88077.0,88077.0,88077.0,88077.0,0
20120622T,83852.0,83852.0,83852.0,83852.0,0
20120625T,86908.0,86908.0,86908.0,86908.0,0
20120626T,72995.0,72995.0,72995.0,72995.0,0
20120627T,69824.0,69824.0,69824.0,69824.0,0
20120628T,46968.0,46968.0,46968.0,46968.0,0
20120629T,55653.0,55653.0,55653.0,55653.0,0
20120702T,53433.0,53433.0,53433.0,53433.0,0
20120703T,53799.0,53799.0,53799.0,53799.0,0
20120704T,55141.0,55141.0,55141.0,55141.0,0
20120705T,58511.0,58511.0,58511.0,58511.0,0
20120706T,62259.0,62259.0,62259.0,62259.0,0
20120709T,63131.0,63131.0,63131.0,63131.0,0
20120710T,66424.0,66424.0,66424.0,66424.0,0
20120711T,71535.0,71535.0,71535.0,71535.0,0
20120712T,69801.0,69801.0,69801.0,69801.0,0
20120713T,77126.0,77126.0,77126.0,77126.0,0
20120716T,77443.0,77443.0,77443.0,77443.0,0
20120717T,77159.0,77159.0,77159.0,77159.0,0
20120718T,73567.0,73567.0,73567.0,73567.0,0
20120719T,75475.0,75475.0,75475.0,75475.0,0
20120720T,79636.0,79636.0,79636.0,79636.0,0
20120723T,80675.0,80675.0,80675.0,80675.0,0
20120724T,81586.0,81586.0,81586.0,81586.0,0
20120725T,87576.0,87576.0,87576.0,87576.0,0
20120726T,60544.0,60544.0,60544.0,60544.0,0
20120727T,54597.0,54597.0,54597.0,54597.0,0
20120730T,55293.0,55293.0,55293.0,55293.0,0
20120731T,54640.0,54640.0,54640.0,54640.0,0
20120801T,56770.0,56770.0,56770.0,56770.0,0
20120802T,57423.0,57423.0,57423.0,57423.0,0
20120803T,55036.0,55036.0,55036.0,55036.0,0
20120806T,58733.0,58733.0,58733.0,58733.0,0
20120807T,62552.0,62552.0,62552.0,62552.0,0
20120808T,61799.0,61799.0,61799.0,61799.0,0
20120809T,60149.0,60149.0,60149.0,60149.0,0
20120810T,60059.0,60059.0,60059.0,60059.0,0
20120813T,65231.0,65231.0,65231.0,65231.0,0
20120814T,65814.0,65814.0,65814.0,65814.0,0
20120816T,66327.0,66327.0,66327.0,66327.0,0
20120817T,66063.0,66063.0,66063.0,66063.0,0
20120821T,71698.0,71698.0,71698.0,71698.0,0
20120822T,73269.0,73269.0,73269.0,73269.0,0
20120823T,77333.0,77333.0,77333.0,77333.0,0
20120824T,76263.0,76263.0,76263.0,76263.0,0
20120827T,82308.0,82308.0,82308.0,82308.0,0
20120828T,87676.0,87676.0,87676.0,87676.0,0
20120829T,85177.0,85177.0,85177.0,85177.0,0
20120830T,36894.0,36894.0,36894.0,36894.0,0
20120831T,41270.0,41270.0,41270.0,41270.0,0
20120903T,45101.0,45101.0,45101.0,45101.0,0
20120904T,48626.0,48626.0,48626.0,48626.0,0
20120905T,55559.0,55559.0,55559.0,55559.0,0
20120906T,54588.0,54588.0,54588.0,54588.0,0
20120907T,57998.0,57998.0,57998.0,57998.0,0
20120910T,62016.0,62016.0,62016.0,62016.0,0
20120911T,68841.0,68841.0,68841.0,68841.0,0
20120912T,70415.0,70415.0,70415.0,70415.0,0
20120913T,72822.0,72822.0,72822.0,72822.0,0
20120914T,81506.0,81506.0,81506.0,81506.0,0
20120917T,77755.0,77755.0,77755.0,77755.0,0
20120918T,80061.0,80061.0,80061.0,80061.0,0
20120920T,78780.0,78780.0,78780.0,78780.0,0
20120921T,99294.0,99294.0,99294.0,99294.0,0
20120924T,99695.0,99695.0,99695.0,99695.0,0
20120925T,92226.0,92226.0,92226.0,92226.0,0
20120926T,94499.0,94499.0,94499.0,94499.0,0
20120927T,58581.0,58581.0,58581.0,58581.0,0
20120928T,50013.0,50013.0,50013.0,50013.0,0
20121001T,56262.0,56262.0,56262.0,56262.0,0
20121003T,53561.0,53561.0,53561.0,53561.0,0
20121004T,61373.0,61373.0,61373.0,61373.0,0
20121005T,66943.0,66943.0,66943.0,66943.0,0
20121008T,63268.0,63268.0,63268.0,63268.0,0
20121009T,60292.0,60292.0,60292.0,60292.0,0
20121010T,76008.0,76008.0,76008.0,76008.0,0
20121011T,66569.0,66569.0,66569.0,66569.0,0
20121012T,67195.0,67195.0,67195.0,67195.0,0
20121015T,67986.0,67986.0,67986.0,67986.0,0
20121016T,72492.0,72492.0,72492.0,72492.0,0
20121017T,70583.0,70583.0,70583.0,70583.0,0
20121018T,76279.0,76279.0,76279.0,76279.0,0
20121019T,71151.0,71151.0,71151.0,71151.0,0
20121022T,71100.0,71100.0,71100.0,71100.0,0
20121023T,80450.0,80450.0,80450.0,80450.0,0
20121025T,45409.0,45409.0,45409.0,45409.0,0
20121026T,45145.0,45145.0,45145.0,45145.0,0
20121029T,47673.0,47673.0,47673.0,47673.0,0
20121030T,50633.0,50633.0,50633.0,50633.0,0
20121031T,47241.0,47241.0,47241.0,47241.0,0
20121101T,43489.0,43489.0,43489.0,43489.0,0
20121102T,43526.0,43526.0,43526.0,43526.0,0
20121105T,42873.0,42873.0,42873.0,42873.0,0
20121106T,46123.0,46123.0,46123.0,46123.0,0
20121107T,49146.0,49146.0,49146.0,49146.0,0
20121108T,48446.0,48446.0,48446.0,48446.0,0
20121109T,57618.0,57618.0,57618.0,57618.0,0
20121112T,64225.0,64225.0,64225.0,64225.0,0
20121113T,58001.0,58001.0,58001.0,58001.0,0
20121115T,70323.0,70323.0,70323.0,70323.0,0
20121116T,58172.0,58172.0,58172.0,58172.0,0
20121119T,54589.0,54589.0,54589.0,54589.0,0
20121120T,43310.0,43310.0,43310.0,43310.0,0
20121121T,47762.0,47762.0,47762.0,47762.0,0
20121122T,49476.0,49476.0,49476.0,49476.0,0
20121123T,49151.0,49151.0,49151.0,49151.0,0
20121126T,47639.0,47639.0,47639.0,47639.0,0
20121127T,56905.0,56905.0,56905.0,56905.0,0
20121129T,48538.0,48538.0,48538.0,48538.0,0
20121130T,45045.0,45045.0,45045.0,45045.0,0
20121203T,46041.0,46041.0,46041.0,46041.0,0
20121204T,46976.0,46976.0,46976.0,46976.0,0
20121205T,54247.0,54247.0,54247.0,54247.0,0
20121206T,53640.0,53640.0,53640.0,53640.0,0
20121207T,43868.0,43868.0,43868.0,43868.0,0
20121210T,43066.0,43066.0,43066.0,43066.0,0
20121211T,46148.0,46148.0,46148.0,46148.0,0
20121212T,54982.0,54982.0,54982.0,54982.0,0
20121213T,64525.0,64525.0,64525.0,64525.0,0
20121214T,66227.0,66227.0,66227.0,66227.0,0
20121217T,65647.0,65647.0,65647.0,65647.0,0
20121218T,60837.0,60837.0,60837.0,60837.0,0
20121219T,65076.0,65076.0,65076.0,65076.0,0
20121220T,64177.0,64177.0,64177.0,64177.0,0
20121221T,63135.0,63135.0,63135.0,63135.0,0
20121224T,58551.0,58551.0,58551.0,58551.0,0
20121226T,66792.0,66792.0,66792.0,66792.0,0
20121227T,43605.0,43605.0,43605.0,43605.0,0
20121228T,40361.0,40361.0,40361.0,40361.0,0
20121231T,40678.0,40678.0,40678.0,40678.0,0
20130101T,51252.0,51252.0,51252.0,51252.0,0
20130102T,46607.0,46607.0,46607.0,46607.0,0
20130103T,42203.0,42203.0,42203.0,42203.0,0
20130104T,43270.0,43270.0,43270.0,43270.0,0
20130107T,40737.0,40737.0,40737.0,40737.0,0
20130108T,41249.0,41249.0,41249.0,41249.0,0
20130109T,37654.0,37654.0,37654.0,37654.0,0
20130110T,40706.0,40706.0,40706.0,40706.0,0
20130111T,37541.0,37541.0,37541.0,37541.0,0
20130114T,39208.0,39208.0,39208.0,39208.0,0
20130115T,41828.0,41828.0,41828.0,41828.0,0
20130116T,33089.0,33089.0,33089.0,33089.0,0
20130117T,37119.0,37119.0,37119.0,37119.0,0
20130118T,38017.0,38017.0,38017.0,38017.0,0
20130121T,41342.0,41342.0,41342.0,41342.0,0
20130122T,36023.0,36023.0,36023.0,36023.0,0
20130123T,38149.0,38149.0,38149.0,38149.0,0
20130124T,38184.0,38184.0,38184.0,38184.0,0
20130125T,39695.0,39695.0,39695.0,39695.0,0
20130128T,40015.0,40015.0,40015.0,40015.0,0
20130129T,37998.0,37998.0,37998.0,37998.0,0
20130130T,38081.0,38081.0,38081.0,38081.0,0
20130131T,17210.0,17210.0,17210.0,17210.0,0
20130201T,20283.0,20283.0,20283.0,20283.0,0
20130204T,22253.0,22253.0,22253.0,22253.0,0
20130205T,24106.0,24106.0,24106.0,24106.0,0
20130206T,24703.0,24703.0,24703.0,24703.0,0
20130207T,22038.0,22038.0,22038.0,22038.0,0
20130208T,28480.0,28480.0,28480.0,28480.0,0
20130211T,20141.0,20141.0,20141.0,20141.0,0
20130212T,18651.0,18651.0,18651.0,18651.0,0
20130213T,19402.0,19402.0,19402.0,19402.0,0
20130214T,24352.0,24352.0,24352.0,24352.0,0
20130215T,31034.0,31034.0,31034.0,31034.0,0
20130218T,34518.0,34518.0,34518.0,34518.0,0
20130219T,32525.0,32525.0,32525.0,32525.0,0
20130220T,30382.0,30382.0,30382.0,30382.0,0
20130221T,45223.0,45223.0,45223.0,45223.0,0
20130222T,47454.0,47454.0,47454.0,47454.0,0
20130225T,43496.0,43496.0,43496.0,43496.0,0
20130226T,51918.0,51918.0,51918.0,51918.0,0
20130227T,44172.0,44172.0,44172.0,44172.0,0
20130228T,32111.0,32111.0,32111.0,32111.0,0
20130301T,37178.0,37178.0,37178.0,37178.0,0
20130304T,36071.0,36071.0,36071.0,36071.0,0
20130305T,34859.0,34859.0,34859.0,34859.0,0
20130306T,33400.0,33400.0,33400.0,33400.0,0
20130307T,35671.0,35671.0,35671.0,35671.0,0
20130308T,36402.0,36402.0,36402.0,36402.0,0
20130311T,35452.0,35452.0,35452.0,35452.0,0
20130312T,35946.0,35946.0,35946.0,35946.0,0
20130313T,37240.0,37240.0,37240.0,37240.0,0
20130314T,39514.0,39514.0,39514.0,39514.0,0
20130315T,36908.0,36908.0,36908.0,36908.0,0
20130318T,42325.0,42325.0,42325.0,42325.0,0
20130319T,52021.0,52021.0,52021.0,52021.0,0
20130320T,57457.0,57457.0,57457.0,57457.0,0
20130321T,47117.0,47117.0,47117.0,47117.0,0
20130322T,48383.0,48383.0,48383.0,48383.0,0
20130325T,45410.0,45410.0,45410.0,45410.0,0
20130326T,46608.0,46608.0,46608.0,46608.0,0
20130328T,21076.0,21076.0,21076.0,21076.0,0
20130401T,27602.0,27602.0,27602.0,27602.0,0
20130402T,33725.0,33725.0,33725.0,33725.0,0
20130403T,42144.0,42144.0,42144.0,42144.0,0
20130404T,48845.0,48845.0,48845.0,48845.0,0
20130405T,60785.0,60785.0,60785.0,60785.0,0
20130408T,64641.0,64641.0,64641.0,64641.0,0
20130409T,62859.0,62859.0,62859.0,62859.0,0
20130410T,63089.0,63089.0,63089.0,63089.0,0
20130411T,69313.0,69313.0,69313.0,69313.0,0
20130412T,63451.0,63451.0,63451.0,63451.0,0
20130415T,68975.0,68975.0,68975.0,68975.0,0
20130416T,65326.0,65326.0,65326.0,65326.0,0
20130417T,64185.0,64185.0,64185.0,64185.0,0
20130418T,68716.0,68716.0,68716.0,68716.0,0
20130422T,68944.0,68944.0,68944.0,68944.0,0
20130423T,65261.0,65261.0,65261.0,65261.0,0
20130425T,24615.0,24615.0,24615.0,24615.0,0
20130426T,22365.0,22365.0,22365.0,22365.0,0
20130429T,24817.0,24817.0,24817.0,24817.0,0
20130430T,21976.0,21976.0,21976.0,21976.0,0
20130502T,30371.0,30371.0,30371.0,30371.0,0
20130503T,29442.0,29442.0,29442.0,29442.0,0
20130506T,30757.0,30757.0,30757.0,30757.0,0
20130507T,36568.0,36568.0,36568.0,36568.0,0
20130508T,36269.0,36269.0,36269.0,36269.0,0
20130509T,31538.0,31538.0,31538.0,31538.0,0
20130510T,34649.0,34649.0,34649.0,34649.0,0
20130513T,23879.0,23879.0,23879.0,23879.0,0
20130514T,26421.0,26421.0,26421.0,26421.0,0
20130515T,51862.0,51862.0,51862.0,51862.0,0
20130516T,53044.0,53044.0,53044.0,53044.0,0
20130517T,58151.0,58151.0,58151.0,58151.0,0
20130520T,53347.0,53347.0,53347.0,53347.0,0
20130521T,43146.0,43146.0,43146.0,43146.0,0
20130522T,35559.0,35559.0,35559.0,35559.0,0
20130523T,25442.0,25442.0,25442.0,25442.0,0
20130524T,24164.0,24164.0,24164.0,24164.0,0
20130527T,29822.0,29822.0,29822.0,29822.0,0
20130528T,29180.0,29180.0,29180.0,29180.0,0
20130529T,26173.0,26173.0,26173.0,26173.0,0
20130530T,20895.0,20895.0,20895.0,20895.0,0
20130531T,18673.0,18673.0,18673.0,18673.0,0
20130603T,20536.0,20536.0,20536.0,20536.0,0
20130604T,20967.0,20967.0,20967.0,20967.0,0
20130605T,23856.0,23856.0,23856.0,23856.0,0
20130606T,25248.0,25248.0,25248.0,25248.0,0
20130607T,22078.0,22078.0,22078.0,22078.0,0
20130610T,20995.0,20995.0,20995.0,20995.0,0
20130611T,40990.0,40990.0,40990.0,40990.0,0
20130612T,37460.0,37460.0,37460.0,37460.0,0
20130613T,35725.0,35725.0,35725.0,35725.0,0
20130614T,34709.0,34709.0,34709.0,34709.0,0
20130617T,37008.0,37008.0,37008.0,37008.0,0
20130618T,36084.0,36084.0,36084.0,36084.0,0
20130619T,39692.0,39692.0,39692.0,39692.0,0
20130620T,49845.0,49845.0,49845.0,49845.0,0
20130621T,49334.0,49334.0,49334.0,49334.0,0
20130624T,50759.0,50759.0,50759.0,50759.0,0
20130625T,52027.0,52027.0,52027.0,52027.0,0
20130626T,48974.0,48974.0,48974.0,48974.0,0
20130627T,18877.0,18877.0,18877.0,18877.0,0
20130628T,18573.0,18573.0,18573.0,18573.0,0
20130701T,16335.0,16335.0,16335.0,16335.0,0
20130702T,15245.0,15245.0,15245.0,15245.0,0
20130703T,18841.0,18841.0,18841.0,18841.0,0
20130704T,19499.0,19499.0,19499.0,19499.0,0
20130705T,18997.0,18997.0,18997.0,18997.0,0
20130708T,21727.0,21727.0,21727.0,21727.0,0
20130709T,22191.0,22191.0,22191.0,22191.0,0
20130710T,23180.0,23180.0,23180.0,23180.0,0
20130711T,23211.0,23211.0,23211.0,23211.0,0
20130712T,26177.0,26177.0,26177.0,26177.0,0
20130715T,27785.0,27785.0,27785.0,27785.0,0
20130716T,29415.0,29415.0,29415.0,29415.0,0
20130717T,32886.0,32886.0,32886.0,32886.0,0
20130718T,37839.0,37839.0,37839.0,37839.0,0
20130719T,36757.0,36757.0,36757.0,36757.0,0
20130722T,34113.0,34113.0,34113.0,34113.0,0
20130723T,32192.0,32192.0,32192.0,32192.0,0
20130724T,35803.0,35803.0,35803.0,35803.0,0
20130725T,21411.0,21411.0,21411.0,21411.0,0
20130726T,22483.0,22483.0,22483.0,22483.0,0
20130729T,23632.0,23632.0,23632.0,23632.0,0
20130730T,28062.0,28062.0,28062.0,28062.0,0
20130731T,30947.0,30947.0,30947.0,30947.0,0
20130801T,23461.0,23461.0,23461.0,23461.0,0
20130802T,22915.0,22915.0,22915.0,22915.0,0
20130805T,23153.0,23153.0,23153.0,23153.0,0
20130806T,25029.0,25029.0,25029.0,25029.0,0
20130807T,29676.0,29676.0,29676.0,29676.0,0
20130808T,30722.0,30722.0,30722.0,30722.0,0
20130812T,30167.0,30167.0,30167.0,30167.0,0
20130813T,30555.0,30555.0,30555.0,30555.0,0
20130814T,32960.0,32960.0,32960.0,32960.0,0
20130816T,40884.0,40884.0,40884.0,40884.0,0
20130819T,60049.0,60049.0,60049.0,60049.0,0
20130820T,70564.0,70564.0,70564.0,70564.0,0
20130821T,83125.0,83125.0,83125.0,83125.0,0
20130822T,0.0,0.0,0.0,0.0,0
20130823T,107042.0,107042.0,107042.0,107042.0,0
20130826T,110449.0,110449.0,110449.0,110449.0,0
20130827T,108611.0,108611.0,108611.0,108611.0,0
20130828T,111094.0,111094.0,111094.0,111094.0,0
20130829T,43466.0,43466.0,43466.0,43466.0,0
20130830T,47210.0,47210.0,47210.0,47210.0,0
20130902T,50651.0,50651.0,50651.0,50651.0,0
20130903T,59560.0,59560.0,59560.0,59560.0,0
20130904T,61264.0,61264.0,61264.0,61264.0,0
20130905T,59351.0,59351.0,59351.0,59351.0,0
20130906T,56932.0,56932.0,56932.0,56932.0,0
20130910T,48831.0,48831.0,48831.0,48831.0,0
20130911T,47263.0,47263.0,47263.0,47263.0,0
20130912T,48215.0,48215.0,48215.0,48215.0,0
20130913T,49157.0,49157.0,49157.0,49157.0,0
20130916T,44496.0,44496.0,44496.0,44496.0,0
20130917T,41185.0,41185.0,41185.0,41185.0,0
20130918T,47852.0,47852.0,47852.0,47852.0,0
20130919T,37827.0,37827.0,37827.0,37827.0,0
20130920T,35242.0,35242.0,35242.0,35242.0,0
20130923T,38204.0,38204.0,38204.0,38204.0,0
20130924T,38269.0,38269.0,38269.0,38269.0,0
20130925T,42888.0,42888.0,42888.0,42888.0,0
20130926T,12716.0,12716.0,12716.0,12716.0,0
20130927T,11733.0,11733.0,11733.0,11733.0,0
20130930T,15258.0,15258.0,15258.0,15258.0,0
20131001T,16121.0,16121.0,16121.0,16121.0,0
20131003T,20717.0,20717.0,20717.0,20717.0,0
20131004T,17720.0,17720.0,17720.0,17720.0,0
20131007T,16591.0,16591.0,16591.0,16591.0,0
20131008T,17442.0,17442.0,17442.0,17442.0,0
20131010T,21598.0,21598.0,21598.0,21598.0,0
20131011T,24108.0,24108.0,24108.0,24108.0,0
20131014T,23935.0,23935.0,23935.0,23935.0,0
20131015T,17929.0,17929.0,17929.0,17929.0,0
20131017T,15822.0,15822.0,15822.0,15822.0,0
20131018T,22938.0,22938.0,22938.0,22938.0,0
20131021T,24783.0,24783.0,24783.0,24783.0,0
20131022T,27145.0,27145.0,27145.0,27145.0,0
20131023T,22896.0,22896.0,22896.0,22896.0,0
20131024T,26490.0,26490.0,26490.0,26490.0,0
20131025T,37063.0,37063.0,37063.0,37063.0,0
20131028T,51590.0,51590.0,51590.0,51590.0,0
20131029T,56300.0,56300.0,56300.0,56300.0,0
20131030T,55114.0,55114.0,55114.0,55114.0,0
20131031T,18205.0,18205.0,18205.0,18205.0,0
20131101T,21795.0,21795.0,21795.0,21795.0,0
20131105T,22191.0,22191.0,22191.0,22191.0,0
20131106T,19971.0,19971.0,19971.0,19971.0,0
20131107T,19057.0,19057.0,19057.0,19057.0,0
20131108T,21086.0,21086.0,21086.0,21086.0,0
20131111T,22427.0,22427.0,22427.0,22427.0,0
20131112T,31138.0,31138.0,31138.0,31138.0,0
20131113T,32907.0,32907.0,32907.0,32907.0,0
20131114T,29492.0,29492.0,29492.0,29492.0,0
20131118T,34211.0,34211.0,34211.0,34211.0,0
20131119T,39948.0,39948.0,39948.0,39948.0,0
20131120T,32753.0,32753.0,32753.0,32753.0,0
20131121T,39202.0,39202.0,39202.0,39202.0,0
20131122T,33700.0,33700.0,33700.0,33700.0,0
20131125T,40547.0,40547.0,40547.0,40547.0,0
20131126T,45585.0,45585.0,45585.0,45585.0,0
20131127T,45176.0,45176.0,45176.0,45176.0,0
20131128T,31820.0,31820.0,31820.0,31820.0,0
20131129T,31484.0,31484.0,31484.0,31484.0,0
20131202T,29755.0,29755.0,29755.0,29755.0,0
20131203T,32189.0,32189.0,32189.0,32189.0,0
20131204T,33232.0,33232.0,33232.0,33232.0,0
20131205T,35572.0,35572.0,35572.0,35572.0,0
20131206T,43101.0,43101.0,43101.0,43101.0,0
20131209T,37033.0,37033.0,37033.0,37033.0,0
20131210T,36468.0,36468.0,36468.0,36468.0,0
20131211T,39482.0,39482.0,39482.0,39482.0,0
20131212T,40753.0,40753.0,40753.0,40753.0,0
20131213T,46688.0,46688.0,46688.0,46688.0,0
20131216T,51963.0,51963.0,51963.0,51963.0,0
20131217T,51742.0,51742.0,51742.0,51742.0,0
20131218T,44256.0,44256.0,44256.0,44256.0,0
20131219T,35055.0,35055.0,35055.0,35055.0,0
20131220T,39623.0,39623.0,39623.0,39623.0,0
20131223T,41108.0,41108.0,41108.0,41108.0,0
20131224T,37210.0,37210.0,37210.0,37210.0,0
20131226T,20965.0,20965.0,20965.0,20965.0,0
20131227T,19579.0,19579.0,19579.0,19579.0,0
20131230T,19528.0,19528.0,19528.0,19528.0,0
20131231T,20895.0,20895.0,20895.0,20895.0,0
20140101T,22416.0,22416.0,22416.0,22416.0,0
20140102T,18930.0,18930.0,18930.0,18930.0,0
20140103T,16100.0,16100.0,16100.0,16100.0,0
20140106T,19882.0,19882.0,19882.0,19882.0,0
20140107T,21630.0,21630.0,21630.0,21630.0,0
20140108T,22310.0,22310.0,22310.0,22310.0,0
20140109T,21480.0,21480.0,21480.0,21480.0,0
20140110T,23532.0,23532.0,23532.0,23532.0,0
20140113T,28555.0,28555.0,28555.0,28555.0,0
20140114T,28231.0,28231.0,28231.0,28231.0,0
20140115T,34241.0,34241.0,34241.0,34241.0,0
20140116T,41852.0,41852.0,41852.0,41852.0,0
20140117T,39993.0,39993.0,39993.0,39993.0,0
20140120T,36111.0,36111.0,36111.0,36111.0,0
20140121T,35221.0,35221.0,35221.0,35221.0,0
20140122T,37108.0,37108.0,37108.0,37108.0,0
20140123T,38202.0,38202.0,38202.0,38202.0,0
20140124T,40924.0,40924.0,40924.0,40924.0,0
20140127T,49338.0,49338.0,49338.0,49338.0,0
20140128T,48945.0,48945.0,48945.0,48945.0,0
20140129T,41507.0,41507.0,41507.0,41507.0,0
20140130T,26202.0,26202.0,26202.0,26202.0,0
20140131T,24248.0,24248.0,24248.0,24248.0,0
20140203T,29827.0,29827.0,29827.0,29827.0,0
20140204T,32968.0,32968.0,32968.0,32968.0,0
20140205T,30386.0,30386.0,30386.0,30386.0,0
20140206T,28413.0,28413.0,28413.0,28413.0,0
20140207T,34580.0,34580.0,34580.0,34580.0,0
20140210T,35779.0,35779.0,35779.0,35779.0,0
20140211T,35333.0,35333.0,35333.0,35333.0,0
20140212T,36493.0,36493.0,36493.0,36493.0,0
20140213T,32372.0,32372.0,32372.0,32372.0,0
20140214T,29295.0,29295.0,29295.0,29295.0,0
20140217T,36262.0,36262.0,36262.0,36262.0,0
20140218T,34056.0,34056.0,34056.0,34056.0,0
20140219T,32648.0,32648.0,32648.0,32648.0,0
20140220T,28574.0,28574.0,28574.0,28574.0,0
20140221T,25843.0,25843.0,25843.0,25843.0,0
20140225T,30326.0,30326.0,30326.0,30326.0,0
20140226T,17679.0,17679.0,17679.0,17679.0,0
20140228T,18259.0,18259.0,18259.0,18259.0,0
20140303T,18665.0,18665.0,18665.0,18665.0,0
20140304T,22249.0,22249.0,22249.0,22249.0,0
20140305T,25741.0,25741.0,25741.0,25741.0,0
20140306T,30078.0,30078.0,30078.0,30078.0,0
20140307T,35055.0,35055.0,35055.0,35055.0,0
20140310T,41107.0,41107.0,41107.0,41107.0,0
20140311T,36102.0,36102.0,36102.0,36102.0,0
20140312T,37105.0,37105.0,37105.0,37105.0,0
20140313T,36300.0,36300.0,36300.0,36300.0,0
20140314T,35024.0,35024.0,35024.0,35024.0,0
20140318T,34096.0,34096.0,34096.0,34096.0,0
20140319T,34146.0,34146.0,34146.0,34146.0,0
20140320T,30151.0,30151.0,30151.0,30151.0,0
20140321T,39213.0,39213.0,39213.0,39213.0,0
20140324T,43545.0,43545.0,43545.0,43545.0,0
20140325T,39672.0,39672.0,39672.0,39672.0,0
20140326T,34703.0,34703.0,34703.0,34703.0,0
20140327T,23381.0,23381.0,23381.0,23381.0,0
20140328T,24483.0,24483.0,24483.0,24483.0,0
20140331T,24564.0,24564.0,24564.0,24564.0,0
20140401T,26094.0,26094.0,26094.0,26094.0,0
20140402T,26257.0,26257.0,26257.0,26257.0,0
20140403T,26355.0,26355.0,26355.0,26355.0,0
20140404T,28557.0,28557.0,28557.0,28557.0,0
20140407T,28490.0,28490.0,28490.0,28490.0,0
20140409T,33998.0,33998.0,33998.0,33998.0,0
20140410T,35753.0,35753.0,35753.0,35753.0,0
20140411T,34176.0,34176.0,34176.0,34176.0,0
20140415T,37897.0,37897.0,37897.0,37897.0,0
20140416T,39529.0,39529.0,39529.0,39529.0,0
20140417T,40959.0,40959.0,40959.0,40959.0,0
20140421T,46585.0,46585.0,46585.0,46585.0,0
20140422T,38067.0,38067.0,38067.0,38067.0,0
20140423T,19250.0,19250.0,19250.0,19250.0,0
20140425T,18250.0,18250.0,18250.0,18250.0,0
20140428T,22847.0,22847.0,22847.0,22847.0,0
20140429T,26956.0,26956.0,26956.0,26956.0,0
20140430T,27982.0,27982.0,27982.0,27982.0,0
20140502T,29220.0,29220.0,29220.0,29220.0,0
20140505T,33101.0,33101.0,33101.0,33101.0,0
20140506T,36881.0,36881.0,36881.0,36881.0,0
20140507T,47247.0,47247.0,47247.0,47247.0,0
20140508T,53589.0,53589.0,53589.0,53589.0,0
20140509T,64511.0,64511.0,64511.0,64511.0,0
20140512T,63938.0,63938.0,63938.0,63938.0,0
20140513T,47932.0,47932.0,47932.0,47932.0,0
20140514T,54566.0,54566.0,54566.0,54566.0,0
20140515T,52767.0,52767.0,52767.0,52767.0,0
20140516T,75116.0,75116.0,75116.0,75116.0,0
20140519T,63817.0,63817.0,63817.0,63817.0,0
20140520T,64955.0,64955.0,64955.0,64955.0,0
20140521T,72955.0,72955.0,72955.0,72955.0,0
20140522T,63103.0,63103.0,63103.0,63103.0,0
20140523T,67283.0,67283.0,67283.0,67283.0,0
20140526T,60731.0,60731.0,60731.0,60731.0,0
20140527T,60435.0,60435.0,60435.0,60435.0,0
20140528T,50729.0,50729.0,50729.0,50729.0,0
20140529T,38341.0,38341.0,38341.0,38341.0,0
20140530T,36240.0,36240.0,36240.0,36240.0,0
20140602T,36415.0,36415.0,36415.0,36415.0,0
20140603T,37304.0,37304.0,37304.0,37304.0,0
20140604T,38105.0,38105.0,38105.0,38105.0,0
20140605T,44493.0,44493.0,44493.0,44493.0,0
20140606T,51159.0,51159.0,51159.0,51159.0,0
20140609T,47812.0,47812.0,47812.0,47812.0,0
20140610T,48858.0,48858.0,48858.0,48858.0,0
20140611T,45892.0,45892.0,45892.0,45892.0,0
20140612T,43883.0,43883.0,43883.0,43883.0,0
20140613T,42788.0,42788.0,42788.0,42788.0,0
20140616T,43567.0,43567.0,43567.0,43567.0,0
20140617T,45648.0,45648.0,45648.0,45648.0,0
20140618T,38835.0,38835.0,38835.0,38835.0,0
20140619T,40375.0,40375.0,40375.0,40375.0,0
20140620T,38154.0,38154.0,38154.0,38154.0,0
20140623T,45609.0,45609.0,45609.0,45609.0,0
20140624T,43517.0,43517.0,43517.0,43517.0,0
20140625T,38699.0,38699.0,38699.0,38699.0,0
20140626T,29883.0,29883.0,29883.0,29883.0,0
20140627T,25526.0,25526.0,25526.0,25526.0,0
20140630T,23498.0,23498.0,23498.0,23498.0,0
20140701T,24017.0,24017.0,24017.0,24017.0,0
20140702T,28018.0,28018.0,28018.0,28018.0,0
20140703T,31147.0,31147.0,31147.0,31147.0,0
20140704T,28823.0,28823.0,28823.0,28823.0,0
20140707T,27491.0,27491.0,27491.0,27491.0,0
20140708T,32811.0,32811.0,32811.0,32811.0,0
20140709T,31118.0,31118.0,31118.0,31118.0,0
20140710T,32111.0,32111.0,32111.0,32111.0,0
20140711T,35992.0,35992.0,35992.0,35992.0,0
20140714T,38480.0,38480.0,38480.0,38480.0,0
20140715T,39964.0,39964.0,39964.0,39964.0,0
20140716T,44493.0,44493.0,44493.0,44493.0,0
20140718T,39866.0,39866.0,39866.0,39866.0,0
20140721T,37480.0,37480.0,37480.0,37480.0,0
20140722T,39577.0,39577.0,39577.0,39577.0,0
20140723T,39711.0,39711.0,39711.0,39711.0,0
20140724T,42059.0,42059.0,42059.0,42059.0,0
20140725T,38314.0,38314.0,38314.0,38314.0,0
20140728T,38408.0,38408.0,38408.0,38408.0,0
20140730T,41326.0,41326.0,41326.0,41326.0,0
20140731T,23875.0,23875.0,23875.0,23875.0,0
20140801T,24005.0,24005.0,24005.0,24005.0,0
20140804T,27471.0,27471.0,27471.0,27471.0,0
20140805T,30030.0,30030.0,30030.0,30030.0,0
20140806T,27178.0,27178.0,27178.0,27178.0,0
20140807T,26713.0,26713.0,26713.0,26713.0,0
20140808T,36365.0,36365.0,36365.0,36365.0,0
20140811T,30169.0,30169.0,30169.0,30169.0,0
20140812T,30687.0,30687.0,30687.0,30687.0,0
20140813T,28251.0,28251.0,28251.0,28251.0,0
20140814T,28992.0,28992.0,28992.0,28992.0,0
20140818T,34863.0,34863.0,34863.0,34863.0,0
20140819T,35331.0,35331.0,35331.0,35331.0,0
20140820T,31752.0,31752.0,31752.0,31752.0,0
20140821T,29046.0,29046.0,29046.0,29046.0,0
20140822T,30093.0,30093.0,30093.0,30093.0,0
20140825T,32056.0,32056.0,32056.0,32056.0,0
20140826T,30137.0,30137.0,30137.0,30137.0,0
20140827T,30238.0,30238.0,30238.0,30238.0,0
20140828T,15437.0,15437.0,15437.0,15437.0,0
20140901T,22132.0,22132.0,22132.0,22132.0,0
20140902T,24364.0,24364.0,24364.0,24364.0,0
20140903T,23699.0,23699.0,23699.0,23699.0,0
20140904T,25554.0,25554.0,25554.0,25554.0,0
20140905T,24210.0,24210.0,24210.0,24210.0,0
20140908T,27202.0,27202.0,27202.0,27202.0,0
20140909T,28108.0,28108.0,28108.0,28108.0,0
20140910T,32760.0,32760.0,32760.0,32760.0,0
20140911T,27937.0,27937.0,27937.0,27937.0,0
20140912T,29799.0,29799.0,29799.0,29799.0,0
20140915T,32323.0,32323.0,32323.0,32323.0,0
20140916T,33235.0,33235.0,33235.0,33235.0,0
20140917T,31744.0,31744.0,31744.0,31744.0,0
20140918T,37785.0,37785.0,37785.0,37785.0,0
20140919T,36075.0,36075.0,36075.0,36075.0,0
20140922T,37760.0,37760.0,37760.0,37760.0,0
20140923T,41799.0,41799.0,41799.0,41799.0,0
20140924T,43307.0,43307.0,43307.0,43307.0,0
20140925T,35499.0,35499.0,35499.0,35499.0,0
20140926T,33442.0,33442.0,33442.0,33442.0,0
20140929T,26850.0,26850.0,26850.0,26850.0,0
20140930T,21519.0,21519.0,21519.0,21519.0,0
20141001T,22793.0,22793.0,22793.0,22793.0,0
20141007T,25986.0,25986.0,25986.0,25986.0,0
20141008T,34245.0,34245.0,34245.0,34245.0,0
20141009T,29388.0,29388.0,29388.0,29388.0,0
20141010T,32764.0,32764.0,32764.0,32764.0,0
20141013T,35877.0,35877.0,35877.0,35877.0,0
20141014T,39386.0,39386.0,39386.0,39386.0,0
20141016T,49210.0,49210.0,49210.0,49210.0,0
20141017T,50427.0,50427.0,50427.0,50427.0,0
20141020T,40925.0,40925.0,40925.0,40925.0,0
20141021T,44468.0,44468.0,44468.0,44468.0,0
20141022T,36604.0,36604.0,36604.0,36604.0,0
20141023T,37975.0,37975.0,37975.0,37975.0,0
20141027T,40456.0,40456.0,40456.0,40456.0,0
20141028T,47441.0,47441.0,47441.0,47441.0,0
20141029T,42190.0,42190.0,42190.0,42190.0,0
20141030T,29820.0,29820.0,29820.0,29820.0,0
20141031T,79270.0,79270.0,79270.0,79270.0,0
20141103T,87256.0,87256.0,87256.0,87256.0,0
20141105T,92655.0,92655.0,92655.0,92655.0,0
20141107T,89305.0,89305.0,89305.0,89305.0,0
20141110T,84987.0,84987.0,84987.0,84987.0,0
20141111T,82450.0,82450.0,82450.0,82450.0,0
20141112T,90602.0,90602.0,90602.0,90602.0,0
20141113T,88128.0,88128.0,88128.0,88128.0,0
20141114T,91005.0,91005.0,91005.0,91005.0,0
20141117T,97519.0,97519.0,97519.0,97519.0,0
20141118T,106019.0,106019.0,106019.0,106019.0,0
20141119T,105130.0,105130.0,105130.0,105130.0,0
20141120T,103243.0,103243.0,103243.0,103243.0,0
20141121T,103674.0,103674.0,103674.0,103674.0,0
20141124T,107360.0,107360.0,107360.0,107360.0,0
20141125T,122590.0,122590.0,122590.0,122590.0,0
20141126T,124048.0,124048.0,124048.0,124048.0,0
20141127T,65520.0,65520.0,65520.0,65520.0,0
20141128T,62092.0,62092.0,62092.0,62092.0,0
20141201T,63123.0,63123.0,63123.0,63123.0,0
20141202T,79012.0,79012.0,79012.0,79012.0,0
20141203T,79826.0,79826.0,79826.0,79826.0,0
20141204T,79860.0,79860.0,79860.0,79860.0,0
20141205T,85454.0,85454.0,85454.0,85454.0,0
20141208T,114305.0,114305.0,114305.0,114305.0,0
20141209T,115804.0,115804.0,115804.0,115804.0,0
20141210T,126334.0,126334.0,126334.0,126334.0,0
20141211T,124003.0,124003.0,124003.0,124003.0,0
20141212T,127004.0,127004.0,127004.0,127004.0,0
20141215T,125662.0,125662.0,125662.0,125662.0,0
20141216T,129404.0,129404.0,129404.0,129404.0,0
20141217T,143964.0,143964.0,143964.0,143964.0,0
20141218T,135163.0,135163.0,135163.0,135163.0,0
20141219T,141125.0,141125.0,141125.0,141125.0,0
20141222T,135690.0,135690.0,135690.0,135690.0,0
20141223T,99482.0,99482.0,99482.0,99482.0,0
20141224T,127309.0,127309.0,127309.0,127309.0,0
20141226T,109106.0,109106.0,109106.0,109106.0,0
20141229T,102582.0,102582.0,102582.0,102582.0,0
20141230T,95640.0,95640.0,95640.0,95640.0,0
20141231T,75163.0,75163.0,75163.0,75163.0,0
20150101T,71793.0,71793.0,71793.0,71793.0,0
20150102T,67656.0,67656.0,67656.0,67656.0,0
20150105T,63308.0,63308.0,63308.0,63308.0,0
20150106T,75638.0,75638.0,75638.0,75638.0,0
20150107T,75040.0,75040.0,75040.0,75040.0,0
20150108T,69228.0,69228.0,69228.0,69228.0,0
20150109T,63653.0,63653.0,63653.0,63653.0,0
20150112T,60693.0,60693.0,60693.0,60693.0,0
20150113T,51535.0,51535.0,51535.0,51535.0,0
20150114T,46905.0,46905.0,46905.0,46905.0,0
20150115T,50963.0,50963.0,50963.0,50963.0,0
20150116T,57727.0,57727.0,57727.0,57727.0,0
20150119T,53012.0,53012.0,53012.0,53012.0,0
20150120T,60215.0,60215.0,60215.0,60215.0,0
20150121T,46223.0,46223.0,46223.0,46223.0,0
20150122T,47093.0,47093.0,47093.0,47093.0,0
20150123T,48503.0,48503.0,48503.0,48503.0,0
20150127T,62308.0,62308.0,62308.0,62308.0,0
20150128T,110750.0,110750.0,110750.0,110750.0,0
20150129T,39815.0,39815.0,39815.0,39815.0,0
20150130T,45793.0,45793.0,45793.0,45793.0,0
20150202T,39930.0,39930.0,39930.0,39930.0,0
20150203T,52315.0,52315.0,52315.0,52315.0,0
20150204T,54966.0,54966.0,54966.0,54966.0,0
20150205T,68039.0,68039.0,68039.0,68039.0,0
20150206T,80988.0,80988.0,80988.0,80988.0,0
20150209T,86884.0,86884.0,86884.0,86884.0,0
20150210T,95049.0,95049.0,95049.0,95049.0,0
20150211T,99556.0,99556.0,99556.0,99556.0,0
20150212T,112003.0,112003.0,112003.0,112003.0,0
20150213T,113207.0,113207.0,113207.0,113207.0,0
20150216T,125962.0,125962.0,125962.0,125962.0,0
20150218T,119332.0,119332.0,119332.0,119332.0,0
20150219T,149168.0,149168.0,149168.0,149168.0,0
20150220T,152560.0,152560.0,152560.0,152560.0,0
20150223T,134464.0,134464.0,134464.0,134464.0,0
20150224T,136626.0,136626.0,136626.0,136626.0,0
20150225T,131313.0,131313.0,131313.0,131313.0,0
20150226T,83892.0,83892.0,83892.0,83892.0,0
20150227T,68993.0,68993.0,68993.0,68993.0,0
20150302T,67783.0,67783.0,67783.0,67783.0,0
20150303T,67343.0,67343.0,67343.0,67343.0,0
20150304T,52367.0,52367.0,52367.0,52367.0,0
20150305T,53601.0,53601.0,53601.0,53601.0,0
20150309T,56324.0,56324.0,56324.0,56324.0,0
20150310T,54328.0,54328.0,54328.0,54328.0,0
20150311T,58716.0,58716.0,58716.0,58716.0,0
20150312T,62011.0,62011.0,62011.0,62011.0,0
20150313T,60595.0,60595.0,60595.0,60595.0,0
20150316T,63797.0,63797.0,63797.0,63797.0,0
20150317T,68831.0,68831.0,68831.0,68831.0,0
20150318T,67198.0,67198.0,67198.0,67198.0,0
20150319T,57527.0,57527.0,57527.0,57527.0,0
20150320T,68927.0,68927.0,68927.0,68927.0,0
20150323T,78007.0,78007.0,78007.0,78007.0,0
20150324T,92919.0,92919.0,92919.0,92919.0,0
20150325T,107126.0,107126.0,107126.0,107126.0,0
20150326T,135343.0,135343.0,135343.0,135343.0,0
20150327T,111581.0,111581.0,111581.0,111581.0,0
20150330T,97292.0,97292.0,97292.0,97292.0,0
20150331T,72069.0,72069.0,72069.0,72069.0,0
20150401T,72899.0,72899.0,72899.0,72899.0,0
20150406T,61936.0,61936.0,61936.0,61936.0,0
20150407T,65036.0,65036.0,65036.0,65036.0,0
20150408T,61378.0,61378.0,61378.0,61378.0,0
20150409T,60585.0,60585.0,60585.0,60585.0,0
20150410T,60354.0,60354.0,60354.0,60354.0,0
20150413T,55614.0,55614.0,55614.0,55614.0,0
20150415T,49171.0,49171.0,49171.0,49171.0,0
20150416T,45763.0,45763.0,45763.0,45763.0,0
20150417T,64007.0,64007.0,64007.0,64007.0,0
20150420T,87414.0,87414.0,87414.0,87414.0,0
20150421T,85385.0,85385.0,85385.0,85385.0,0
20150422T,89548.0,89548.0,89548.0,89548.0,0
20150423T,80381.0,80381.0,80381.0,80381.0,0
20150424T,79129.0,79129.0,79129.0,79129.0,0
20150427T,95707.0,95707.0,95707.0,95707.0,0
20150428T,102085.0,102085.0,102085.0,102085.0,0
20150429T,100988.0,100988.0,100988.0,100988.0,0
20150430T,139992.0,139992.0,139992.0,139992.0,0
20150504T,126077.0,126077.0,126077.0,126077.0,0
20150505T,112462.0,112462.0,112462.0,112462.0,0
20150506T,100941.0,100941.0,100941.0,100941.0,0
20150507T,95639.0,95639.0,95639.0,95639.0,0
20150508T,82525.0,82525.0,82525.0,82525.0,0
20150511T,75352.0,75352.0,75352.0,75352.0,0
20150512T,66388.0,66388.0,66388.0,66388.0,0
20150513T,70231.0,70231.0,70231.0,70231.0,0
20150514T,76035.0,76035.0,76035.0,76035.0,0
20150515T,73909.0,73909.0,73909.0,73909.0,0
20150518T,80128.0,80128.0,80128.0,80128.0,0
20150519T,74814.0,74814.0,74814.0,74814.0,0
20150520T,74416.0,74416.0,74416.0,74416.0,0
20150521T,75646.0,75646.0,75646.0,75646.0,0
20150522T,78234.0,78234.0,78234.0,78234.0,0
20150525T,82738.0,82738.0,82738.0,82738.0,0
20150526T,84161.0,84161.0,84161.0,84161.0,0
20150527T,91279.0,91279.0,91279.0,91279.0,0
20150528T,73589.0,73589.0,73589.0,73589.0,0
20150529T,74050.0,74050.0,74050.0,74050.0,0
20150601T,76812.0,76812.0,76812.0,76812.0,0
20150602T,86768.0,86768.0,86768.0,86768.0,0
20150603T,88085.0,88085.0,88085.0,88085.0,0
20150604T,82404.0,82404.0,82404.0,82404.0,0
20150605T,75277.0,75277.0,75277.0,75277.0,0
20150608T,84256.0,84256.0,84256.0,84256.0,0
20150609T,80224.0,80224.0,80224.0,80224.0,0
20150610T,72496.0,72496.0,72496.0,72496.0,0
20150611T,75335.0,75335.0,75335.0,75335.0,0
20150612T,77240.0,77240.0,77240.0,77240.0,0
20150615T,68641.0,68641.0,68641.0,68641.0,0
20150616T,71222.0,71222.0,71222.0,71222.0,0
20150617T,75003.0,75003.0,75003.0,75003.0,0
20150618T,85318.0,85318.0,85318.0,85318.0,0
20150619T,90384.0,90384.0,90384.0,90384.0,0
20150622T,89576.0,89576.0,89576.0,89576.0,0
20150623T,76264.0,76264.0,76264.0,76264.0,0
20150624T,70770.0,70770.0,70770.0,70770.0,0
20150625T,56450.0,56450.0,56450.0,56450.0,0
20150626T,55793.0,55793.0,55793.0,55793.0,0
20150629T,49752.0,49752.0,49752.0,49752.0,0
20150630T,53447.0,53447.0,53447.0,53447.0,0
20150701T,53943.0,53943.0,53943.0,53943.0,0
20150702T,55229.0,55229.0,55229.0,55229.0,0
20150703T,56440.0,56440.0,56440.0,56440.0,0
20150706T,66211.0,66211.0,66211.0,66211.0,0
20150707T,57806.0,57806.0,57806.0,57806.0,0
20150708T,55342.0,55342.0,55342.0,55342.0,0
20150709T,63772.0,63772.0,63772.0,63772.0,0
20150710T,74251.0,74251.0,74251.0,74251.0,0
20150713T,92406.0,92406.0,92406.0,92406.0,0
20150714T,82053.0,82053.0,82053.0,82053.0,0
20150715T,80370.0,80370.0,80370.0,80370.0,0
20150716T,70598.0,70598.0,70598.0,70598.0,0
20150717T,66450.0,66450.0,66450.0,66450.0,0
20150720T,74461.0,74461.0,74461.0,74461.0,0
20150721T,58194.0,58194.0,58194.0,58194.0,0
20150722T,85916.0,85916.0,85916.0,85916.0,0
20150723T,82345.0,82345.0,82345.0,82345.0,0
20150724T,80745.0,80745.0,80745.0,80745.0,0
20150727T,95707.0,95707.0,95707.0,95707.0,0
20150728T,106610.0,106610.0,106610.0,106610.0,0
20150729T,115067.0,115067.0,115067.0,115067.0,0
20150730T,61376.0,61376.0,61376.0,61376.0,0
20150731T,54159.0,54159.0,54159.0,54159.0,0
20150803T,53830.0,53830.0,53830.0,53830.0,0
20150804T,51702.0,51702.0,51702.0,51702.0,0
20150805T,48052.0,48052.0,48052.0,48052.0,0
20150806T,51093.0,51093.0,51093.0,51093.0,0
20150807T,47598.0,47598.0,47598.0,47598.0,0
20150810T,45306.0,45306.0,45306.0,45306.0,0
20150811T,44916.0,44916.0,44916.0,44916.0,0
20150812T,60349.0,60349.0,60349.0,60349.0,0
20150813T,57781.0,57781.0,57781.0,57781.0,0
20150814T,56516.0,56516.0,56516.0,56516.0,0
20150817T,66873.0,66873.0,66873.0,66873.0,0
20150818T,55884.0,55884.0,55884.0,55884.0,0
20150819T,54573.0,54573.0,54573.0,54573.0,0
20150820T,76931.0,76931.0,76931.0,76931.0,0
20150821T,94677.0,94677.0,94677.0,94677.0,0
20150824T,84579.0,84579.0,84579.0,84579.0,0
20150825T,72033.0,72033.0,72033.0,72033.0,0
20150826T,72827.0,72827.0,72827.0,72827.0,0
20150827T,86786.0,86786.0,86786.0,86786.0,0
20150828T,60754.0,60754.0,60754.0,60754.0,0
20150831T,63459.0,63459.0,63459.0,63459.0,0
20150901T,71666.0,71666.0,71666.0,71666.0,0
20150902T,82844.0,82844.0,82844.0,82844.0,0
20150903T,68555.0,68555.0,68555.0,68555.0,0
20150904T,72059.0,72059.0,72059.0,72059.0,0
20150907T,80211.0,80211.0,80211.0,80211.0,0
20150908T,66852.0,66852.0,66852.0,66852.0,0
20150909T,63598.0,63598.0,63598.0,63598.0,0
20150910T,59859.0,59859.0,59859.0,59859.0,0
20150911T,55896.0,55896.0,55896.0,55896.0,0
20150914T,61719.0,61719.0,61719.0,61719.0,0
20150915T,55720.0,55720.0,55720.0,55720.0,0
20150916T,57367.0,57367.0,57367.0,57367.0,0
20150918T,54620.0,54620.0,54620.0,54620.0,0
20150921T,60085.0,60085.0,60085.0,60085.0,0
20150922T,68777.0,68777.0,68777.0,68777.0,0
20150923T,63898.0,63898.0,63898.0,63898.0,0
20150924T,39771.0,39771.0,39771.0,39771.0,0
20150928T,35740.0,35740.0,35740.0,35740.0,0
20150929T,40049.0,40049.0,40049.0,40049.0,0
20150930T,54951.0,54951.0,54951.0,54951.0,0
20151001T,57816.0,57816.0,57816.0,57816.0,0
20151005T,54530.0,54530.0,54530.0,54530.0,0
20151006T,49987.0,49987.0,49987.0,49987.0,0
20151007T,54983.0,54983.0,54983.0,54983.0,0
20151008T,53219.0,53219.0,53219.0,53219.0,0
20151009T,46995.0,46995.0,46995.0,46995.0,0
20151012T,47240.0,47240.0,47240.0,47240.0,0
20151013T,40656.0,40656.0,40656.0,40656.0,0
20151014T,48085.0,48085.0,48085.0,48085.0,0
20151015T,57061.0,57061.0,57061.0,57061.0,0
20151016T,94089.0,94089.0,94089.0,94089.0,0
20151019T,71318.0,71318.0,71318.0,71318.0,0
20151020T,65698.0,65698.0,65698.0,65698.0,0
20151021T,67079.0,67079.0,67079.0,67079.0,0
20151023T,67581.0,67581.0,67581.0,67581.0,0
20151026T,62608.0,62608.0,62608.0,62608.0,0
20151027T,58244.0,58244.0,58244.0,58244.0,0
20151028T,66011.0,66011.0,66011.0,66011.0,0
20151029T,27601.0,27601.0,27601.0,27601.0,0
20151030T,24939.0,24939.0,24939.0,24939.0,0
20151102T,24899.0,24899.0,24899.0,24899.0,0
20151103T,23343.0,23343.0,23343.0,23343.0,0
20151104T,25579.0,25579.0,25579.0,25579.0,0
20151105T,33137.0,33137.0,33137.0,33137.0,0
20151106T,39845.0,39845.0,39845.0,39845.0,0
20151109T,35765.0,35765.0,35765.0,35765.0,0
20151110T,36353.0,36353.0,36353.0,36353.0,0
20151111T,34527.0,34527.0,34527.0,34527.0,0
20151113T,35840.0,35840.0,35840.0,35840.0,0
20151116T,34590.0,34590.0,34590.0,34590.0,0
20151117T,35912.0,35912.0,35912.0,35912.0,0
20151118T,36524.0,36524.0,36524.0,36524.0,0
20151119T,34615.0,34615.0,34615.0,34615.0,0
20151120T,35458.0,35458.0,35458.0,35458.0,0
20151123T,35440.0,35440.0,35440.0,35440.0,0
20151124T,33562.0,33562.0,33562.0,33562.0,0
20151126T,32543.0,32543.0,32543.0,32543.0,0
20151127T,31255.0,31255.0,31255.0,31255.0,0
20151130T,27667.0,27667.0,27667.0,27667.0,0
20151201T,30555.0,30555.0,30555.0,30555.0,0
20151202T,30082.0,30082.0,30082.0,30082.0,0
20151203T,31655.0,31655.0,31655.0,31655.0,0
20151204T,32632.0,32632.0,32632.0,32632.0,0
20151207T,33889.0,33889.0,33889.0,33889.0,0
20151208T,30463.0,30463.0,30463.0,30463.0,0
20151209T,28288.0,28288.0,28288.0,28288.0,0
20151210T,27590.0,27590.0,27590.0,27590.0,0
20151211T,29676.0,29676.0,29676.0,29676.0,0
20151214T,29881.0,29881.0,29881.0,29881.0,0
20151215T,31402.0,31402.0,31402.0,31402.0,0
20151216T,32433.0,32433.0,32433.0,32433.0,0
20151217T,35069.0,35069.0,35069.0,35069.0,0
20151218T,35609.0,35609.0,35609.0,35609.0,0
20151221T,35205.0,35205.0,35205.0,35205.0,0
20151222T,31192.0,31192.0,31192.0,31192.0,0
20151223T,33586.0,33586.0,33586.0,33586.0,0
20151224T,32255.0,32255.0,32255.0,32255.0,0
20151228T,31813.0,31813.0,31813.0,31813.0,0
20151229T,33435.0,33435.0,33435.0,33435.0,0
20151230T,36306.0,36306.0,36306.0,36306.0,0
20151231T,31235.0,31235.0,31235.0,31235.0,0
20160101T,33177.0,33177.0,33177.0,33177.0,0
20160104T,29426.0,29426.0,29426.0,29426.0,0
20160105T,28250.0,28250.0,28250.0,28250.0,0
20160106T,27280.0,27280.0,27280.0,27280.0,0
20160107T,30623.0,30623.0,30623.0,30623.0,0
20160108T,28930.0,28930.0,28930.0,28930.0,0
20160111T,32262.0,32262.0,32262.0,32262.0,0
20160112T,34973.0,34973.0,34973.0,34973.0,0
20160113T,32342.0,32342.0,32342.0,32342.0,0
20160114T,32378.0,32378.0,32378.0,32378.0,0
20160115T,31217.0,31217.0,31217.0,31217.0,0
20160118T,30014.0,30014.0,30014.0,30014.0,0
20160119T,27854.0,27854.0,27854.0,27854.0,0
20160120T,28777.0,28777.0,28777.0,28777.0,0
20160121T,26127.0,26127.0,26127.0,26127.0,0
20160122T,27929.0,27929.0,27929.0,27929.0,0
20160125T,29393.0,29393.0,29393.0,29393.0,0
20160127T,34453.0,34453.0,34453.0,34453.0,0
20160128T,43487.0,43487.0,43487.0,43487.0,0
20160129T,31914.0,31914.0,31914.0,31914.0,0
20160201T,30015.0,30015.0,30015.0,30015.0,0
20160202T,29410.0,29410.0,29410.0,29410.0,0
20160203T,30431.0,30431.0,30431.0,30431.0,0
20160204T,27314.0,27314.0,27314.0,27314.0,0
20160205T,29878.0,29878.0,29878.0,29878.0,0
20160208T,33967.0,33967.0,33967.0,33967.0,0
20160209T,29811.0,29811.0,29811.0,29811.0,0
20160211T,32844.0,32844.0,32844.0,32844.0,0
20160212T,32023.0,32023.0,32023.0,32023.0,0
20160215T,29045.0,29045.0,29045.0,29045.0,0
20160216T,25857.0,25857.0,25857.0,25857.0,0
20160217T,30058.0,30058.0,30058.0,30058.0,0
20160218T,27722.0,27722.0,27722.0,27722.0,0
20160219T,29178.0,29178.0,29178.0,29178.0,0
20160222T,28334.0,28334.0,28334.0,28334.0,0
20160223T,21326.0,21326.0,21326.0,21326.0,0
20160224T,25479.0,25479.0,25479.0,25479.0,0
20160225T,39424.0,39424.0,39424.0,39424.0,0
20160226T,36569.0,36569.0,36569.0,36569.0,0
20160229T,35193.0,35193.0,35193.0,35193.0,0
20160301T,36741.0,36741.0,36741.0,36741.0,0
20160302T,30269.0,30269.0,30269.0,30269.0,0
20160303T,33042.0,33042.0,33042.0,33042.0,0
20160304T,31594.0,31594.0,31594.0,31594.0,0
20160308T,30610.0,30610.0,30610.0,30610.0,0
20160309T,36744.0,36744.0,36744.0,36744.0,0
20160310T,35948.0,35948.0,35948.0,35948.0,0
20160311T,33455.0,33455.0,33455.0,33455.0,0
20160314T,31118.0,31118.0,31118.0,31118.0,0
20160315T,34379.0,34379.0,34379.0,34379.0,0
20160316T,34992.0,34992.0,34992.0,34992.0,0
20160317T,28809.0,28809.0,28809.0,28809.0,0
20160318T,30310.0,30310.0,30310.0,30310.0,0
20160321T,33639.0,33639.0,33639.0,33639.0,0
20160322T,35938.0,35938.0,35938.0,35938.0,0
20160323T,36864.0,36864.0,36864.0,36864.0,0
20160328T,32489.0,32489.0,32489.0,32489.0,0
20160329T,29795.0,29795.0,29795.0,29795.0,0
20160330T,34182.0,34182.0,34182.0,34182.0,0
20160331T,15344.0,15344.0,15344.0,15344.0,0
20160401T,17216.0,17216.0,17216.0,17216.0,0
20160404T,18140.0,18140.0,18140.0,18140.0,0
20160405T,16849.0,16849.0,16849.0,16849.0,0
20160406T,17885.0,17885.0,17885.0,17885.0,0
20160407T,19826.0,19826.0,19826.0,19826.0,0
20160408T,23681.0,23681.0,23681.0,23681.0,0
20160411T,20925.0,20925.0,20925.0,20925.0,0
20160412T,21635.0,21635.0,21635.0,21635.0,0
20160413T,25050.0,25050.0,25050.0,25050.0,0
20160418T,23624.0,23624.0,23624.0,23624.0,0
20160420T,25101.0,25101.0,25101.0,25101.0,0
20160421T,29772.0,29772.0,29772.0,29772.0,0
20160422T,31291.0,31291.0,31291.0,31291.0,0
20160425T,30373.0,30373.0,30373.0,30373.0,0
20160426T,35036.0,35036.0,35036.0,35036.0,0
20160427T,34596.0,34596.0,34596.0,34596.0,0
20160428T,12287.0,12287.0,12287.0,12287.0,0
20160429T,15685.0,15685.0,15685.0,15685.0,0
20160502T,15108.0,15108.0,15108.0,15108.0,0
20160503T,20530.0,20530.0,20530.0,20530.0,0
20160504T,23420.0,23420.0,23420.0,23420.0,0
20160505T,25346.0,25346.0,25346.0,25346.0,0
20160506T,27405.0,27405.0,27405.0,27405.0,0
20160509T,28050.0,28050.0,28050.0,28050.0,0
20160510T,31633.0,31633.0,31633.0,31633.0,0
20160511T,28298.0,28298.0,28298.0,28298.0,0
20160512T,25736.0,25736.0,25736.0,25736.0,0
20160513T,28825.0,28825.0,28825.0,28825.0,0
20160516T,27243.0,27243.0,27243.0,27243.0,0
20160517T,24356.0,24356.0,24356.0,24356.0,0
20160518T,28653.0,28653.0,28653.0,28653.0,0
20160519T,34995.0,34995.0,34995.0,34995.0,0
20160520T,33076.0,33076.0,33076.0,33076.0,0
20160523T,31075.0,31075.0,31075.0,31075.0,0
20160524T,32850.0,32850.0,32850.0,32850.0,0
20160525T,27382.0,27382.0,27382.0,27382.0,0
20160526T,20873.0,20873.0,20873.0,20873.0,0
20160527T,18749.0,18749.0,18749.0,18749.0,0
20160530T,18959.0,18959.0,18959.0,18959.0,0
20160531T,18324.0,18324.0,18324.0,18324.0,0
20160601T,18654.0,18654.0,18654.0,18654.0,0
20160602T,20700.0,20700.0,20700.0,20700.0,0
20160603T,18558.0,18558.0,18558.0,18558.0,0
20160606T,15998.0,15998.0,15998.0,15998.0,0
20160607T,19962.0,19962.0,19962.0,19962.0,0
20160608T,19292.0,19292.0,19292.0,19292.0,0
20160609T,16993.0,16993.0,16993.0,16993.0,0
20160610T,15636.0,15636.0,15636.0,15636.0,0
20160613T,19066.0,19066.0,19066.0,19066.0,0
20160614T,22697.0,22697.0,22697.0,22697.0,0
20160615T,23567.0,23567.0,23567.0,23567.0,0
20160616T,17881.0,17881.0,17881.0,17881.0,0
20160617T,18263.0,18263.0,18263.0,18263.0,0
20160620T,26638.0,26638.0,26638.0,26638.0,0
20160621T,23495.0,23495.0,23495.0,23495.0,0
20160622T,25399.0,25399.0,25399.0,25399.0,0
20160623T,30161.0,30161.0,30161.0,30161.0,0
20160624T,38394.0,38394.0,38394.0,38394.0,0
20160627T,37656.0,37656.0,37656.0,37656.0,0
20160628T,38404.0,38404.0,38404.0,38404.0,0
20160629T,36447.0,36447.0,36447.0,36447.0,0
20160630T,21517.0,21517.0,21517.0,21517.0,0
20160701T,21840.0,21840.0,21840.0,21840.0,0
20160704T,23565.0,23565.0,23565.0,23565.0,0
20160705T,19939.0,19939.0,19939.0,19939.0,0
20160707T,17036.0,17036.0,17036.0,17036.0,0
20160708T,16030.0,16030.0,16030.0,16030.0,0
20160711T,21058.0,21058.0,21058.0,21058.0,0
20160712T,21906.0,21906.0,21906.0,21906.0,0
20160713T,20010.0,20010.0,20010.0,20010.0,0
20160714T,22154.0,22154.0,22154.0,22154.0,0
20160715T,19837.0,19837.0,19837.0,19837.0,0
20160718T,18081.0,18081.0,18081.0,18081.0,0
20160719T,17780.0,17780.0,17780.0,17780.0,0
20160720T,21302.0,21302.0,21302.0,21302.0,0
20160721T,16849.0,16849.0,16849.0,16849.0,0
20160722T,15137.0,15137.0,15137.0,15137.0,0
20160725T,20493.0,20493.0,20493.0,20493.0,0
20160726T,18289.0,18289.0,18289.0,18289.0,0
20160727T,22449.0,22449.0,22449.0,22449.0,0
20160728T,16363.0,16363.0,16363.0,16363.0,0
20160729T,16603.0,16603.0,16603.0,16603.0,0
20160801T,17792.0,17792.0,17792.0,17792.0,0
20160802T,18570.0,18570.0,18570.0,18570.0,0
20160803T,27018.0,27018.0,27018.0,27018.0,0
20160804T,22200.0,22200.0,22200.0,22200.0,0
20160805T,16957.0,16957.0,16957.0,16957.0,0
20160808T,19862.0,19862.0,19862.0,19862.0,0
20160809T,17412.0,17412.0,17412.0,17412.0,0
20160810T,22763.0,22763.0,22763.0,22763.0,0
20160811T,23241.0,23241.0,23241.0,23241.0,0
20160812T,20911.0,20911.0,20911.0,20911.0,0
20160816T,26075.0,26075.0,26075.0,26075.0,0
20160817T,25350.0,25350.0,25350.0,25350.0,0
20160818T,28450.0,28450.0,28450.0,28450.0,0
20160819T,28695.0,28695.0,28695.0,28695.0,0
20160822T,32613.0,32613.0,32613.0,32613.0,0
20160823T,36693.0,36693.0,36693.0,36693.0,0
20160824T,30876.0,30876.0,30876.0,30876.0,0
20160825T,15024.0,15024.0,15024.0,15024.0,0
20160826T,14464.0,14464.0,14464.0,14464.0,0
20160829T,15976.0,15976.0,15976.0,15976.0,0
20160830T,22766.0,22766.0,22766.0,22766.0,0
20160831T,23143.0,23143.0,23143.0,23143.0,0
20160901T,20287.0,20287.0,20287.0,20287.0,0
20160902T,19919.0,19919.0,19919.0,19919.0,0
20160906T,23263.0,23263.0,23263.0,23263.0,0
20160907T,22759.0,22759.0,22759.0,22759.0,0
20160908T,24652.0,24652.0,24652.0,24652.0,0
20160909T,21367.0,21367.0,21367.0,21367.0,0
20160912T,15361.0,15361.0,15361.0,15361.0,0
20160914T,16930.0,16930.0,16930.0,16930.0,0
20160915T,18247.0,18247.0,18247.0,18247.0,0
20160916T,18163.0,18163.0,18163.0,18163.0,0
20160919T,19493.0,19493.0,19493.0,19493.0,0
20160920T,20681.0,20681.0,20681.0,20681.0,0
20160921T,19703.0,19703.0,19703.0,19703.0,0
20160922T,23925.0,23925.0,23925.0,23925.0,0
20160923T,23909.0,23909.0,23909.0,23909.0,0
20160926T,28761.0,28761.0,28761.0,28761.0,0
20160927T,27482.0,27482.0,27482.0,27482.0,0
20160928T,23446.0,23446.0,23446.0,23446.0,0
20160929T,23144.0,23144.0,23144.0,23144.0,0
20160930T,27084.0,27084.0,27084.0,27084.0,0
20161003T,21028.0,21028.0,21028.0,21028.0,0
20161004T,19853.0,19853.0,19853.0,19853.0,0
20161005T,15783.0,15783.0,15783.0,15783.0,0
20161006T,17102.0,17102.0,17102.0,17102.0,0
20161007T,19348.0,19348.0,19348.0,19348.0,0
20161010T,19641.0,19641.0,19641.0,19641.0,0
20161013T,27727.0,27727.0,27727.0,27727.0,0
20161014T,24760.0,24760.0,24760.0,24760.0,0
20161017T,30621.0,30621.0,30621.0,30621.0,0
20161018T,34317.0,34317.0,34317.0,34317.0,0
20161019T,31159.0,31159.0,31159.0,31159.0,0
20161020T,34742.0,34742.0,34742.0,34742.0,0
20161021T,33883.0,33883.0,33883.0,33883.0,0
20161024T,33459.0,33459.0,33459.0,33459.0,0
20161025T,33106.0,33106.0,33106.0,33106.0,0
20161026T,30909.0,30909.0,30909.0,30909.0,0
20161027T,14848.0,14848.0,14848.0,14848.0,0
20161028T,14340.0,14340.0,14340.0,14340.0,0
20161101T,15336.0,15336.0,15336.0,15336.0,0
20161102T,17327.0,17327.0,17327.0,17327.0,0
20161103T,20263.0,20263.0,20263.0,20263.0,0
20161104T,30035.0,30035.0,30035.0,30035.0,0
20161107T,27389.0,27389.0,27389.0,27389.0,0
20161108T,27670.0,27670.0,27670.0,27670.0,0
20161109T,33471.0,33471.0,33471.0,33471.0,0
20161110T,36642.0,36642.0,36642.0,36642.0,0
20161111T,47532.0,47532.0,47532.0,47532.0,0
20161115T,60503.0,60503.0,60503.0,60503.0,0
20161116T,52341.0,52341.0,52341.0,52341.0,0
20161117T,47857.0,47857.0,47857.0,47857.0,0
20161118T,45574.0,45574.0,45574.0,45574.0,0
20161121T,39241.0,39241.0,39241.0,39241.0,0
20161122T,37098.0,37098.0,37098.0,37098.0,0
20161123T,31690.0,31690.0,31690.0,31690.0,0
20161124T,37911.0,37911.0,37911.0,37911.0,0
20161125T,23672.0,23672.0,23672.0,23672.0,0
20161128T,24653.0,24653.0,24653.0,24653.0,0
20161129T,23321.0,23321.0,23321.0,23321.0,0
20161130T,24344.0,24344.0,24344.0,24344.0,0
20161201T,20818.0,20818.0,20818.0,20818.0,0
20161202T,20458.0,20458.0,20458.0,20458.0,0
20161205T,20963.0,20963.0,20963.0,20963.0,0
20161206T,19981.0,19981.0,19981.0,19981.0,0
20161207T,18874.0,18874.0,18874.0,18874.0,0
20161208T,20902.0,20902.0,20902.0,20902.0,0
20161209T,22779.0,22779.0,22779.0,22779.0,0
20161212T,20841.0,20841.0,20841.0,20841.0,0
20161213T,21130.0,21130.0,21130.0,21130.0,0
20161214T,23113.0,23113.0,23113.0,23113.0,0
20161215T,25916.0,25916.0,25916.0,25916.0,0
20161216T,29272.0,29272.0,29272.0,29272.0,0
20161219T,30883.0,30883.0,30883.0,30883.0,0
20161220T,32154.0,32154.0,32154.0,32154.0,0
20161221T,33968.0,33968.0,33968.0,33968.0,0
20161222T,32936.0,32936.0,32936.0,32936.0,0
20161223T,34985.0,34985.0,34985.0,34985.0,0
20161226T,36900.0,36900.0,36900.0,36900.0,0
20161227T,34615.0,34615.0,34615.0,34615.0,0
20161228T,24731.0,24731.0,24731.0,24731.0,0
20161229T,20220.0,20220.0,20220.0,20220.0,0
20161230T,24834.0,24834.0,24834.0,24834.0,0
20170102T,28781.0,28781.0,28781.0,28781.0,0
20170103T,31326.0,31326.0,31326.0,31326.0,0
20170104T,33593.0,33593.0,33593.0,33593.0,0
20170105T,32661.0,32661.0,32661.0,32661.0,0
20170106T,31703.0,31703.0,31703.0,31703.0,0
20170109T,32631.0,32631.0,32631.0,32631.0,0
20170110T,31962.0,31962.0,31962.0,31962.0,0
20170111T,32640.0,32640.0,32640.0,32640.0,0
20170112T,30034.0,30034.0,30034.0,30034.0,0
20170113T,29115.0,29115.0,29115.0,29115.0,0
20170116T,27175.0,27175.0,27175.0,27175.0,0
20170117T,24664.0,24664.0,24664.0,24664.0,0
20170118T,31627.0,31627.0,31627.0,31627.0,0
20170119T,30626.0,30626.0,30626.0,30626.0,0
20170120T,22473.0,22473.0,22473.0,22473.0,0
20170123T,22424.0,22424.0,22424.0,22424.0,0
20170124T,24157.0,24157.0,24157.0,24157.0,0
20170125T,20424.0,20424.0,20424.0,20424.0,0
20170127T,19250.0,19250.0,19250.0,19250.0,0
20170130T,22042.0,22042.0,22042.0,22042.0,0
20170131T,16675.0,16675.0,16675.0,16675.0,0
20170201T,23712.0,23712.0,23712.0,23712.0,0
20170202T,24576.0,24576.0,24576.0,24576.0,0
20170203T,24171.0,24171.0,24171.0,24171.0,0
20170206T,23640.0,23640.0,23640.0,23640.0,0
20170207T,21434.0,21434.0,21434.0,21434.0,0
20170208T,18251.0,18251.0,18251.0,18251.0,0
20170209T,15215.0,15215.0,15215.0,15215.0,0
20170210T,15257.0,15257.0,15257.0,15257.0,0
20170213T,14746.0,14746.0,14746.0,14746.0,0
20170214T,13550.0,13550.0,13550.0,13550.0,0
20170215T,17175.0,17175.0,17175.0,17175.0,0
20170216T,16443.0,16443.0,16443.0,16443.0,0
20170217T,21330.0,21330.0,21330.0,21330.0,0
20170220T,23414.0,23414.0,23414.0,23414.0,0
20170221T,28193.0,28193.0,28193.0,28193.0,0
20170222T,30452.0,30452.0,30452.0,30452.0,0
20170223T,13911.0,13911.0,13911.0,13911.0,0
20170227T,16489.0,16489.0,16489.0,16489.0,0
20170228T,14352.0,14352.0,14352.0,14352.0,0
20170301T,19229.0,19229.0,19229.0,19229.0,0
20170302T,17004.0,17004.0,17004.0,17004.0,0
20170303T,21345.0,21345.0,21345.0,21345.0,0
20170306T,24355.0,24355.0,24355.0,24355.0,0
20170307T,24658.0,24658.0,24658.0,24658.0,0
20170308T,27715.0,27715.0,27715.0,27715.0,0
20170309T,31886.0,31886.0,31886.0,31886.0,0
20170310T,32988.0,32988.0,32988.0,32988.0,0
20170314T,31092.0,31092.0,31092.0,31092.0,0
20170315T,35737.0,35737.0,35737.0,35737.0,0
20170316T,30553.0,30553.0,30553.0,30553.0,0
20170317T,22867.0,22867.0,22867.0,22867.0,0
20170320T,26399.0,26399.0,26399.0,26399.0,0
20170321T,36265.0,36265.0,36265.0,36265.0,0
20170322T,36042.0,36042.0,36042.0,36042.0,0
20170323T,35934.0,35934.0,35934.0,35934.0,0
20170324T,40630.0,40630.0,40630.0,40630.0,0
20170327T,39871.0,39871.0,39871.0,39871.0,0
20170328T,38420.0,38420.0,38420.0,38420.0,0
20170329T,36476.0,36476.0,36476.0,36476.0,0
20170330T,13782.0,13782.0,13782.0,13782.0,0
20170331T,16312.0,16312.0,16312.0,16312.0,0
20170403T,15306.0,15306.0,15306.0,15306.0,0
20170405T,15682.0,15682.0,15682.0,15682.0,0
20170406T,14507.0,14507.0,14507.0,14507.0,0
20170407T,12641.0,12641.0,12641.0,12641.0,0
20170410T,13438.0,13438.0,13438.0,13438.0,0
20170411T,16557.0,16557.0,16557.0,16557.0,0
20170412T,14976.0,14976.0,14976.0,14976.0,0
20170413T,15133.0,15133.0,15133.0,15133.0,0
20170417T,13490.0,13490.0,13490.0,13490.0,0
20170418T,14958.0,14958.0,14958.0,14958.0,0
20170419T,17619.0,17619.0,17619.0,17619.0,0
20170420T,14343.0,14343.0,14343.0,14343.0,0
20170421T,17024.0,17024.0,17024.0,17024.0,0
20170424T,22089.0,22089.0,22089.0,22089.0,0
20170425T,24414.0,24414.0,24414.0,24414.0,0
20170426T,24741.0,24741.0,24741.0,24741.0,0
20170427T,14446.0,14446.0,14446.0,14446.0,0
20170428T,16332.0,16332.0,16332.0,16332.0,0
20170502T,18701.0,18701.0,18701.0,18701.0,0
20170503T,18361.0,18361.0,18361.0,18361.0,0
20170504T,19415.0,19415.0,19415.0,19415.0,0
20170505T,16707.0,16707.0,16707.0,16707.0,0
20170508T,17799.0,17799.0,17799.0,17799.0,0
20170509T,17647.0,17647.0,17647.0,17647.0,0
20170510T,21261.0,21261.0,21261.0,21261.0,0
20170511T,19604.0,19604.0,19604.0,19604.0,0
20170512T,18547.0,18547.0,18547.0,18547.0,0
20170515T,18536.0,18536.0,18536.0,18536.0,0
20170516T,20655.0,20655.0,20655.0,20655.0,0
20170517T,18746.0,18746.0,18746.0,18746.0,0
20170518T,13160.0,13160.0,13160.0,13160.0,0
20170519T,15960.0,15960.0,15960.0,15960.0,0
20170522T,17450.0,17450.0,17450.0,17450.0,0
20170523T,18277.0,18277.0,18277.0,18277.0,0
20170524T,18970.0,18970.0,18970.0,18970.0,0
20170525T,16447.0,16447.0,16447.0,16447.0,0
20170526T,19639.0,19639.0,19639.0,19639.0,0
20170529T,19570.0,19570.0,19570.0,19570.0,0
20170530T,22032.0,22032.0,22032.0,22032.0,0
20170531T,20819.0,20819.0,20819.0,20819.0,0
20170601T,18513.0,18513.0,18513.0,18513.0,0
20170602T,17789.0,17789.0,17789.0,17789.0,0
20170605T,19226.0,19226.0,19226.0,19226.0,0
20170606T,19284.0,19284.0,19284.0,19284.0,0
20170607T,20779.0,20779.0,20779.0,20779.0,0
20170608T,18548.0,18548.0,18548.0,18548.0,0
20170609T,18655.0,18655.0,18655.0,18655.0,0
20170612T,23556.0,23556.0,23556.0,23556.0,0
20170613T,24159.0,24159.0,24159.0,24159.0,0
20170614T,21544.0,21544.0,21544.0,21544.0,0
20170615T,23015.0,23015.0,23015.0,23015.0,0
20170616T,23329.0,23329.0,23329.0,23329.0,0
20170619T,26078.0,26078.0,26078.0,26078.0,0
20170620T,25012.0,25012.0,25012.0,25012.0,0
20170621T,23520.0,23520.0,23520.0,23520.0,0
20170622T,24498.0,24498.0,24498.0,24498.0,0
20170623T,28442.0,28442.0,28442.0,28442.0,0
20170627T,23595.0,23595.0,23595.0,23595.0,0
20170628T,25531.0,25531.0,25531.0,25531.0,0
20170629T,16784.0,16784.0,16784.0,16784.0,0
20170630T,15345.0,15345.0,15345.0,15345.0,0
20170703T,18289.0,18289.0,18289.0,18289.0,0
20170704T,18762.0,18762.0,18762.0,18762.0,0
20170705T,20572.0,20572.0,20572.0,20572.0,0
20170706T,20805.0,20805.0,20805.0,20805.0,0
20170707T,21452.0,21452.0,21452.0,21452.0,0
20170710T,24548.0,24548.0,24548.0,24548.0,0
20170711T,23117.0,23117.0,23117.0,23117.0,0
20170712T,25019.0,25019.0,25019.0,25019.0,0
20170713T,24611.0,24611.0,24611.0,24611.0,0
20170714T,26978.0,26978.0,26978.0,26978.0,0
20170717T,21965.0,21965.0,21965.0,21965.0,0
20170718T,23862.0,23862.0,23862.0,23862.0,0
20170719T,22910.0,22910.0,22910.0,22910.0,0
20170720T,21935.0,21935.0,21935.0,21935.0,0
20170721T,23328.0,23328.0,23328.0,23328.0,0
20170724T,24949.0,24949.0,24949.0,24949.0,0
20170725T,28100.0,28100.0,28100.0,28100.0,0
20170726T,36240.0,36240.0,36240.0,36240.0,0
20170727T,17681.0,17681.0,17681.0,17681.0,0
20170728T,25135.0,25135.0,25135.0,25135.0,0
20170731T,23335.0,23335.0,23335.0,23335.0,0
20170801T,26970.0,26970.0,26970.0,26970.0,0
20170802T,30724.0,30724.0,30724.0,30724.0,0
20170803T,34762.0,34762.0,34762.0,34762.0,0
20170804T,29973.0,29973.0,29973.0,29973.0,0
20170807T,30567.0,30567.0,30567.0,30567.0,0
20170808T,39031.0,39031.0,39031.0,39031.0,0
20170809T,39560.0,39560.0,39560.0,39560.0,0
20170810T,39967.0,39967.0,39967.0,39967.0,0
20170811T,39818.0,39818.0,39818.0,39818.0,0
20170814T,35770.0,35770.0,35770.0,35770.0,0
20170816T,37623.0,37623.0,37623.0,37623.0,0
20170817T,29374.0,29374.0,29374.0,29374.0,0
20170818T,33173.0,33173.0,33173.0,33173.0,0
20170821T,37039.0,37039.0,37039.0,37039.0,0
20170822T,40789.0,40789.0,40789.0,40789.0,0
20170823T,39058.0,39058.0,39058.0,39058.0,0
20170824T,37891.0,37891.0,37891.0,37891.0,0
20170828T,41730.0,41730.0,41730.0,41730.0,0
20170829T,34984.0,34984.0,34984.0,34984.0,0
20170830T,31894.0,31894.0,31894.0,31894.0,0
20170831T,14756.0,14756.0,14756.0,14756.0,0
20170901T,17223.0,17223.0,17223.0,17223.0,0
20170904T,17680.0,17680.0,17680.0,17680.0,0
20170905T,20023.0,20023.0,20023.0,20023.0,0
20170906T,19204.0,19204.0,19204.0,19204.0,0
20170907T,19430.0,19430.0,19430.0,19430.0,0
20170908T,18609.0,18609.0,18609.0,18609.0,0
20170911T,22134.0,22134.0,22134.0,22134.0,0
20170912T,23927.0,23927.0,23927.0,23927.0,0
20170913T,25264.0,25264.0,25264.0,25264.0,0
20170914T,24826.0,24826.0,24826.0,24826.0,0
20170915T,27333.0,27333.0,27333.0,27333.0,0
20170918T,29535.0,29535.0,29535.0,29535.0,0
20170919T,29228.0,29228.0,29228.0,29228.0,0
20170920T,31247.0,31247.0,31247.0,31247.0,0
20170921T,36693.0,36693.0,36693.0,36693.0,0
20170922T,39022.0,39022.0,39022.0,39022.0,0
20170925T,44179.0,44179.0,44179.0,44179.0,0
20170926T,48070.0,48070.0,48070.0,48070.0,0
20170927T,49618.0,49618.0,49618.0,49618.0,0
20170928T,28995.0,28995.0,28995.0,28995.0,0
20170929T,22813.0,22813.0,22813.0,22813.0,0
20171003T,23711.0,23711.0,23711.0,23711.0,0
20171004T,24063.0,24063.0,24063.0,24063.0,0
20171005T,26465.0,26465.0,26465.0,26465.0,0
20171006T,24572.0,24572.0,24572.0,24572.0,0
20171009T,26140.0,26140.0,26140.0,26140.0,0
20171010T,27019.0,27019.0,27019.0,27019.0,0
20171011T,35191.0,35191.0,35191.0,35191.0,0
20171012T,36130.0,36130.0,36130.0,36130.0,0
20171013T,32753.0,32753.0,32753.0,32753.0,0
20171016T,30609.0,30609.0,30609.0,30609.0,0
20171017T,27424.0,27424.0,27424.0,27424.0,0
20171018T,22641.0,22641.0,22641.0,22641.0,0
20171019T,22244.0,22244.0,22244.0,22244.0,0
20171023T,19776.0,19776.0,19776.0,19776.0,0
20171024T,22447.0,22447.0,22447.0,22447.0,0
20171025T,30073.0,30073.0,30073.0,30073.0,0
20171026T,21717.0,21717.0,21717.0,21717.0,0
20171027T,27099.0,27099.0,27099.0,27099.0,0
20171030T,28547.0,28547.0,28547.0,28547.0,0
20171031T,25552.0,25552.0,25552.0,25552.0,0
20171101T,33889.0,33889.0,33889.0,33889.0,0
20171102T,32140.0,32140.0,32140.0,32140.0,0
20171103T,30022.0,30022.0,30022.0,30022.0,0
20171106T,31334.0,31334.0,31334.0,31334.0,0
20171107T,37737.0,37737.0,37737.0,37737.0,0
20171108T,39100.0,39100.0,39100.0,39100.0,0
20171109T,42759.0,42759.0,42759.0,42759.0,0
20171110T,40207.0,40207.0,40207.0,40207.0,0
20171113T,48987.0,48987.0,48987.0,48987.0,0
20171114T,52251.0,52251.0,52251.0,52251.0,0
20171115T,54207.0,54207.0,54207.0,54207.0,0
20171116T,49365.0,49365.0,49365.0,49365.0,0
20171117T,49521.0,49521.0,49521.0,49521.0,0
20171120T,51304.0,51304.0,51304.0,51304.0,0
20171121T,48478.0,48478.0,48478.0,48478.0,0
20171122T,45159.0,45159.0,45159.0,45159.0,0
20171123T,40021.0,40021.0,40021.0,40021.0,0
20171124T,41608.0,41608.0,41608.0,41608.0,0
20171127T,44865.0,44865.0,44865.0,44865.0,0
20171128T,40009.0,40009.0,40009.0,40009.0,0
20171129T,33384.0,33384.0,33384.0,33384.0,0
20171130T,28018.0,28018.0,28018.0,28018.0,0
20171201T,21626.0,21626.0,21626.0,21626.0,0
20171204T,18727.0,18727.0,18727.0,18727.0,0
20171205T,20466.0,20466.0,20466.0,20466.0,0
20171206T,21205.0,21205.0,21205.0,21205.0,0
20171207T,20641.0,20641.0,20641.0,20641.0,0
20171208T,18602.0,18602.0,18602.0,18602.0,0
20171211T,22442.0,22442.0,22442.0,22442.0,0
20171212T,24719.0,24719.0,24719.0,24719.0,0
20171213T,24762.0,24762.0,24762.0,24762.0,0
20171214T,26182.0,26182.0,26182.0,26182.0,0
20171215T,24784.0,24784.0,24784.0,24784.0,0
20171218T,28845.0,28845.0,28845.0,28845.0,0
20171219T,27056.0,27056.0,27056.0,27056.0,0
20171220T,25424.0,25424.0,25424.0,25424.0,0
20171221T,25321.0,25321.0,25321.0,25321.0,0
20171222T,29277.0,29277.0,29277.0,29277.0,0
20171226T,33765.0,33765.0,33765.0,33765.0,0
20171227T,25267.0,25267.0,25267.0,25267.0,0
20171228T,18678.0,18678.0,18678.0,18678.0,0
20171229T,15482.0,15482.0,15482.0,15482.0,0
20180101T,15931.0,15931.0,15931.0,15931.0,0
20180102T,18228.0,18228.0,18228.0,18228.0,0
20180103T,20869.0,20869.0,20869.0,20869.0,0
20180104T,16467.0,16467.0,16467.0,16467.0,0
20180105T,17374.0,17374.0,17374.0,17374.0,0
20180108T,19168.0,19168.0,19168.0,19168.0,0
20180109T,19023.0,19023.0,19023.0,19023.0,0
20180110T,17774.0,17774.0,17774.0,17774.0,0
20180111T,17778.0,17778.0,17778.0,17778.0,0
20180112T,16032.0,16032.0,16032.0,16032.0,0
20180115T,17662.0,17662.0,17662.0,17662.0,0
20180116T,17206.0,17206.0,17206.0,17206.0,0
20180117T,19583.0,19583.0,19583.0,19583.0,0
20180118T,21897.0,21897.0,21897.0,21897.0,0
20180119T,24001.0,24001.0,24001.0,24001.0,0
20180122T,24785.0,24785.0,24785.0,24785.0,0
20180123T,24555.0,24555.0,24555.0,24555.0,0
20180124T,28772.0,28772.0,28772.0,28772.0,0
20180125T,15068.0,15068.0,15068.0,15068.0,0
20180129T,16597.0,16597.0,16597.0,16597.0,0
20180130T,19962.0,19962.0,19962.0,19962.0,0
20180131T,22268.0,22268.0,22268.0,22268.0,0
20180201T,27644.0,27644.0,27644.0,27644.0,0
20180202T,28403.0,28403.0,28403.0,28403.0,0
20180205T,30931.0,30931.0,30931.0,30931.0,0
20180206T,31971.0,31971.0,31971.0,31971.0,0
20180207T,34547.0,34547.0,34547.0,34547.0,0
20180208T,27490.0,27490.0,27490.0,27490.0,0
20180209T,28661.0,28661.0,28661.0,28661.0,0
20180212T,28273.0,28273.0,28273.0,28273.0,0
20180214T,26675.0,26675.0,26675.0,26675.0,0
20180215T,21835.0,21835.0,21835.0,21835.0,0
20180216T,28784.0,28784.0,28784.0,28784.0,0
20180219T,27563.0,27563.0,27563.0,27563.0,0
20180220T,28927.0,28927.0,28927.0,28927.0,0
20180221T,25716.0,25716.0,25716.0,25716.0,0
20180222T,17317.0,17317.0,17317.0,17317.0,0
20180223T,20632.0,20632.0,20632.0,20632.0,0
20180226T,20479.0,20479.0,20479.0,20479.0,0
20180227T,21397.0,21397.0,21397.0,21397.0,0
20180228T,21340.0,21340.0,21340.0,21340.0,0
20180301T,24174.0,24174.0,24174.0,24174.0,0
20180305T,24205.0,24205.0,24205.0,24205.0,0
20180306T,25848.0,25848.0,25848.0,25848.0,0
20180307T,25951.0,25951.0,25951.0,25951.0,0
20180308T,20165.0,20165.0,20165.0,20165.0,0
20180309T,19270.0,19270.0,19270.0,19270.0,0
20180312T,21218.0,21218.0,21218.0,21218.0,0
20180313T,23477.0,23477.0,23477.0,23477.0,0
20180314T,25478.0,25478.0,25478.0,25478.0,0
20180315T,30542.0,30542.0,30542.0,30542.0,0
20180316T,30194.0,30194.0,30194.0,30194.0,0
20180319T,30809.0,30809.0,30809.0,30809.0,0
20180320T,30925.0,30925.0,30925.0,30925.0,0
20180321T,31140.0,31140.0,31140.0,31140.0,0
20180322T,29065.0,29065.0,29065.0,29065.0,0
20180323T,30170.0,30170.0,30170.0,30170.0,0
20180326T,30355.0,30355.0,30355.0,30355.0,0
20180327T,25688.0,25688.0,25688.0,25688.0,0
20180328T,26699.0,26699.0,26699.0,26699.0,0
20180402T,24848.0,24848.0,24848.0,24848.0,0
20180403T,24778.0,24778.0,24778.0,24778.0,0
20180404T,23834.0,23834.0,23834.0,23834.0,0
20180405T,23050.0,23050.0,23050.0,23050.0,0
20180406T,22526.0,22526.0,22526.0,22526.0,0
20180409T,23533.0,23533.0,23533.0,23533.0,0
20180410T,23079.0,23079.0,23079.0,23079.0,0
20180411T,21756.0,21756.0,21756.0,21756.0,0
20180412T,24029.0,24029.0,24029.0,24029.0,0
20180413T,24752.0,24752.0,24752.0,24752.0,0
20180416T,25617.0,25617.0,25617.0,25617.0,0
20180417T,26079.0,26079.0,26079.0,26079.0,0
20180418T,22276.0,22276.0,22276.0,22276.0,0
20180419T,21931.0,21931.0,21931.0,21931.0,0
20180420T,20034.0,20034.0,20034.0,20034.0,0
20180423T,18137.0,18137.0,18137.0,18137.0,0
20180424T,18811.0,18811.0,18811.0,18811.0,0
20180425T,21298.0,21298.0,21298.0,21298.0,0
20180426T,11331.0,11331.0,11331.0,11331.0,0
20180427T,15978.0,15978.0,15978.0,15978.0,0
20180430T,16825.0,16825.0,16825.0,16825.0,0
20180502T,16568.0,16568.0,16568.0,16568.0,0
20180503T,15623.0,15623.0,15623.0,15623.0,0
20180504T,15290.0,15290.0,15290.0,15290.0,0
20180507T,17792.0,17792.0,17792.0,17792.0,0
20180508T,16638.0,16638.0,16638.0,16638.0,0
20180509T,18461.0,18461.0,18461.0,18461.0,0
20180510T,17055.0,17055.0,17055.0,17055.0,0
20180511T,20396.0,20396.0,20396.0,20396.0,0
20180514T,20619.0,20619.0,20619.0,20619.0,0
20180515T,22435.0,22435.0,22435.0,22435.0,0
20180516T,21235.0,21235.0,21235.0,21235.0,0
20180517T,19266.0,19266.0,19266.0,19266.0,0
20180518T,19855.0,19855.0,19855.0,19855.0,0
20180521T,21923.0,21923.0,21923.0,21923.0,0
20180522T,21212.0,21212.0,21212.0,21212.0,0
20180523T,23091.0,23091.0,23091.0,23091.0,0
20180524T,20522.0,20522.0,20522.0,20522.0,0
20180525T,19972.0,19972.0,19972.0,19972.0,0
20180528T,20608.0,20608.0,20608.0,20608.0,0
20180529T,16447.0,16447.0,16447.0,16447.0,0
20180530T,14640.0,14640.0,14640.0,14640.0,0
20180531T,17279.0,17279.0,17279.0,17279.0,0
20180601T,16896.0,16896.0,16896.0,16896.0,0
20180604T,16234.0,16234.0,16234.0,16234.0,0
20180605T,16677.0,16677.0,16677.0,16677.0,0
20180606T,18238.0,18238.0,18238.0,18238.0,0
20180607T,22838.0,22838.0,22838.0,22838.0,0
20180608T,18804.0,18804.0,18804.0,18804.0,0
20180611T,22593.0,22593.0,22593.0,22593.0,0
20180612T,22993.0,22993.0,22993.0,22993.0,0
20180614T,20548.0,20548.0,20548.0,20548.0,0
20180615T,18877.0,18877.0,18877.0,18877.0,0
20180618T,18305.0,18305.0,18305.0,18305.0,0
20180619T,18434.0,18434.0,18434.0,18434.0,0
20180620T,20172.0,20172.0,20172.0,20172.0,0
20180621T,20771.0,20771.0,20771.0,20771.0,0
20180622T,20813.0,20813.0,20813.0,20813.0,0
20180625T,27497.0,27497.0,27497.0,27497.0,0
20180626T,23765.0,23765.0,23765.0,23765.0,0
20180627T,24820.0,24820.0,24820.0,24820.0,0
20180628T,15739.0,15739.0,15739.0,15739.0,0
20180629T,16686.0,16686.0,16686.0,16686.0,0
20180702T,16158.0,16158.0,16158.0,16158.0,0
20180703T,18754.0,18754.0,18754.0,18754.0,0
20180704T,19444.0,19444.0,19444.0,19444.0,0
20180705T,16948.0,16948.0,16948.0,16948.0,0
20180706T,16133.0,16133.0,16133.0,16133.0,0
20180709T,19396.0,19396.0,19396.0,19396.0,0
20180710T,20097.0,20097.0,20097.0,20097.0,0
20180711T,18581.0,18581.0,18581.0,18581.0,0
20180712T,15029.0,15029.0,15029.0,15029.0,0
20180713T,15505.0,15505.0,15505.0,15505.0,0
20180716T,15704.0,15704.0,15704.0,15704.0,0
20180717T,15239.0,15239.0,15239.0,15239.0,0
20180718T,16751.0,16751.0,16751.0,16751.0,0
20180719T,13860.0,13860.0,13860.0,13860.0,0
20180720T,15826.0,15826.0,15826.0,15826.0,0
20180723T,16780.0,16780.0,16780.0,16780.0,0
20180724T,18778.0,18778.0,18778.0,18778.0,0
20180725T,19358.0,19358.0,19358.0,19358.0,0
20180726T,13034.0,13034.0,13034.0,13034.0,0
20180727T,14163.0,14163.0,14163.0,14163.0,0
20180730T,15916.0,15916.0,15916.0,15916.0,0
20180731T,17950.0,17950.0,17950.0,17950.0,0
20180801T,18762.0,18762.0,18762.0,18762.0,0
20180802T,18726.0,18726.0,18726.0,18726.0,0
20180803T,18452.0,18452.0,18452.0,18452.0,0
20180806T,19570.0,19570.0,19570.0,19570.0,0
20180807T,19899.0,19899.0,19899.0,19899.0,0
20180808T,21115.0,21115.0,21115.0,21115.0,0
20180809T,21331.0,21331.0,21331.0,21331.0,0
20180810T,21593.0,21593.0,21593.0,21593.0,0
20180813T,19379.0,19379.0,19379.0,19379.0,0
20180814T,18729.0,18729.0,18729.0,18729.0,0
20180816T,20413.0,20413.0,20413.0,20413.0,0
20180817T,19057.0,19057.0,19057.0,19057.0,0
20180820T,21986.0,21986.0,21986.0,21986.0,0
20180821T,20208.0,20208.0,20208.0,20208.0,0
20180823T,20988.0,20988.0,20988.0,20988.0,0
20180824T,19705.0,19705.0,19705.0,19705.0,0
20180827T,19274.0,19274.0,19274.0,19274.0,0
20180828T,18703.0,18703.0,18703.0,18703.0,0
20180829T,19186.0,19186.0,19186.0,19186.0,0
20180830T,9042.0,9042.0,9042.0,9042.0,0
20180831T,13873.0,13873.0,13873.0,13873.0,0
20180903T,16945.0,16945.0,16945.0,16945.0,0
20180904T,14246.0,14246.0,14246.0,14246.0,0
20180905T,14132.0,14132.0,14132.0,14132.0,0
20180906T,13300.0,13300.0,13300.0,13300.0,0
20180907T,12769.0,12769.0,12769.0,12769.0,0
20180910T,14199.0,14199.0,14199.0,14199.0,0
20180911T,17926.0,17926.0,17926.0,17926.0,0
20180912T,17958.0,17958.0,17958.0,17958.0,0
20180914T,17864.0,17864.0,17864.0,17864.0,0
20180917T,17824.0,17824.0,17824.0,17824.0,0
20180918T,13431.0,13431.0,13431.0,13431.0,0
20180919T,14532.0,14532.0,14532.0,14532.0,0
20180921T,15598.0,15598.0,15598.0,15598.0,0
20180924T,19775.0,19775.0,19775.0,19775.0,0
20180925T,20695.0,20695.0,20695.0,20695.0,0
20180926T,18582.0,18582.0,18582.0,18582.0,0
20180927T,22443.0,22443.0,22443.0,22443.0,0
20180928T,20878.0,20878.0,20878.0,20878.0,0
20181001T,18148.0,18148.0,18148.0,18148.0,0
20181003T,19913.0,19913.0,19913.0,19913.0,0
20181004T,24164.0,24164.0,24164.0,24164.0,0
20181005T,26237.0,26237.0,26237.0,26237.0,0
20181008T,19158.0,19158.0,19158.0,19158.0,0
20181009T,17907.0,17907.0,17907.0,17907.0,0
20181010T,20439.0,20439.0,20439.0,20439.0,0
20181011T,22235.0,22235.0,22235.0,22235.0,0
20181012T,21227.0,21227.0,21227.0,21227.0,0
20181015T,21065.0,21065.0,21065.0,21065.0,0
20181016T,20885.0,20885.0,20885.0,20885.0,0
20181017T,15901.0,15901.0,15901.0,15901.0,0
20181019T,17700.0,17700.0,17700.0,17700.0,0
20181022T,18643.0,18643.0,18643.0,18643.0,0
20181023T,18672.0,18672.0,18672.0,18672.0,0
20181024T,22628.0,22628.0,22628.0,22628.0,0
20181025T,27637.0,27637.0,27637.0,27637.0,0
20181026T,33320.0,33320.0,33320.0,33320.0,0
20181029T,33376.0,33376.0,33376.0,33376.0,0
20181030T,31960.0,31960.0,31960.0,31960.0,0
20181031T,29943.0,29943.0,29943.0,29943.0,0
20181101T,26058.0,26058.0,26058.0,26058.0,0
20181102T,26035.0,26035.0,26035.0,26035.0,0
20181105T,25084.0,25084.0,25084.0,25084.0,0
20181106T,22018.0,22018.0,22018.0,22018.0,0
20181107T,25737.0,25737.0,25737.0,25737.0,0
20181109T,25690.0,25690.0,25690.0,25690.0,0
20181112T,21640.0,21640.0,21640.0,21640.0,0
20181113T,24436.0,24436.0,24436.0,24436.0,0
20181114T,24900.0,24900.0,24900.0,24900.0,0
20181115T,26462.0,26462.0,26462.0,26462.0,0
20181116T,27662.0,27662.0,27662.0,27662.0,0
20181119T,27809.0,27809.0,27809.0,27809.0,0
20181120T,28278.0,28278.0,28278.0,28278.0,0
20181121T,43598.0,43598.0,43598.0,43598.0,0
20181122T,21935.0,21935.0,21935.0,21935.0,0
20181126T,29740.0,29740.0,29740.0,29740.0,0
20181127T,29799.0,29799.0,29799.0,29799.0,0
20181128T,38882.0,38882.0,38882.0,38882.0,0
20181129T,19786.0,19786.0,19786.0,19786.0,0
20181130T,19464.0,19464.0,19464.0,19464.0,0
20181203T,20208.0,20208.0,20208.0,20208.0,0
20181204T,19584.0,19584.0,19584.0,19584.0,0
20181205T,21703.0,21703.0,21703.0,21703.0,0
20181206T,20261.0,20261.0,20261.0,20261.0,0
20181207T,22008.0,22008.0,22008.0,22008.0,0
20181210T,21423.0,21423.0,21423.0,21423.0,0
20181211T,18486.0,18486.0,18486.0,18486.0,0
20181212T,30883.0,30883.0,30883.0,30883.0,0
20181213T,26263.0,26263.0,26263.0,26263.0,0
20181214T,22541.0,22541.0,22541.0,22541.0,0
20181217T,25617.0,25617.0,25617.0,25617.0,0
20181218T,34191.0,34191.0,34191.0,34191.0,0
20181219T,32569.0,32569.0,32569.0,32569.0,0
20181220T,35071.0,35071.0,35071.0,35071.0,0
20181221T,33610.0,33610.0,33610.0,33610.0,0
20181224T,28400.0,28400.0,28400.0,28400.0,0
20181226T,26753.0,26753.0,26753.0,26753.0,0
20181227T,16059.0,16059.0,16059.0,16059.0,0
20181228T,20424.0,20424.0,20424.0,20424.0,0
20181231T,21179.0,21179.0,21179.0,21179.0,0
20190101T,25904.0,25904.0,25904.0,25904.0,0
20190102T,25164.0,25164.0,25164.0,25164.0,0
20190103T,22790.0,22790.0,22790.0,22790.0,0
20190104T,28325.0,28325.0,28325.0,28325.0,0
20190107T,24850.0,24850.0,24850.0,24850.0,0
20190108T,27384.0,27384.0,27384.0,27384.0,0
20190109T,28638.0,28638.0,28638.0,28638.0,0
20190110T,28503.0,28503.0,28503.0,28503.0,0
20190111T,32702.0,32702.0,32702.0,32702.0,0
20190114T,34076.0,34076.0,34076.0,34076.0,0
20190115T,32603.0,32603.0,32603.0,32603.0,0
20190116T,30301.0,30301.0,30301.0,30301.0,0
20190117T,26330.0,26330.0,26330.0,26330.0,0
20190118T,28887.0,28887.0,28887.0,28887.0,0
20190121T,29190.0,29190.0,29190.0,29190.0,0
20190122T,28645.0,28645.0,28645.0,28645.0,0
20190123T,30001.0,30001.0,30001.0,30001.0,0
20190124T,23767.0,23767.0,23767.0,23767.0,0
20190125T,23771.0,23771.0,23771.0,23771.0,0
20190128T,21435.0,21435.0,21435.0,21435.0,0
20190129T,18217.0,18217.0,18217.0,18217.0,0
20190130T,15210.0,15210.0,15210.0,15210.0,0
20190131T,14729.0,14729.0,14729.0,14729.0,0
20190201T,19048.0,19048.0,19048.0,19048.0,0
20190204T,18601.0,18601.0,18601.0,18601.0,0
20190205T,20532.0,20532.0,20532.0,20532.0,0
20190206T,22525.0,22525.0,22525.0,22525.0,0
20190207T,24866.0,24866.0,24866.0,24866.0,0
20190208T,22470.0,22470.0,22470.0,22470.0,0
20190211T,22077.0,22077.0,22077.0,22077.0,0
20190212T,24478.0,24478.0,24478.0,24478.0,0
20190213T,24836.0,24836.0,24836.0,24836.0,0
20190214T,27415.0,27415.0,27415.0,27415.0,0
20190215T,26417.0,26417.0,26417.0,26417.0,0
20190218T,30963.0,30963.0,30963.0,30963.0,0
20190219T,25906.0,25906.0,25906.0,25906.0,0
20190220T,22576.0,22576.0,22576.0,22576.0,0
20190221T,23106.0,23106.0,23106.0,23106.0,0
20190222T,27471.0,27471.0,27471.0,27471.0,0
20190225T,26024.0,26024.0,26024.0,26024.0,0
20190226T,21670.0,21670.0,21670.0,21670.0,0
20190227T,19378.0,19378.0,19378.0,19378.0,0
20190228T,15088.0,15088.0,15088.0,15088.0,0
20190301T,16940.0,16940.0,16940.0,16940.0,0
20190305T,18503.0,18503.0,18503.0,18503.0,0
20190306T,18887.0,18887.0,18887.0,18887.0,0
20190307T,21277.0,21277.0,21277.0,21277.0,0
20190308T,20927.0,20927.0,20927.0,20927.0,0
20190311T,22697.0,22697.0,22697.0,22697.0,0
20190312T,23523.0,23523.0,23523.0,23523.0,0
20190313T,23132.0,23132.0,23132.0,23132.0,0
20190314T,25907.0,25907.0,25907.0,25907.0,0
20190315T,28401.0,28401.0,28401.0,28401.0,0
20190318T,26822.0,26822.0,26822.0,26822.0,0
20190319T,29020.0,29020.0,29020.0,29020.0,0
20190320T,29801.0,29801.0,29801.0,29801.0,0
20190322T,29313.0,29313.0,29313.0,29313.0,0
20190325T,25290.0,25290.0,25290.0,25290.0,0
20190326T,36511.0,36511.0,36511.0,36511.0,0
20190327T,33670.0,33670.0,33670.0,33670.0,0
20190328T,17600.0,17600.0,17600.0,17600.0,0
20190329T,16643.0,16643.0,16643.0,16643.0,0
20190401T,22251.0,22251.0,22251.0,22251.0,0
20190402T,18480.0,18480.0,18480.0,18480.0,0
20190403T,18897.0,18897.0,18897.0,18897.0,0
20190404T,13262.0,13262.0,13262.0,13262.0,0
20190405T,13182.0,13182.0,13182.0,13182.0,0
20190408T,20304.0,20304.0,20304.0,20304.0,0
20190409T,18326.0,18326.0,18326.0,18326.0,0
20190410T,26335.0,26335.0,26335.0,26335.0,0
20190411T,22147.0,22147.0,22147.0,22147.0,0
20190412T,22356.0,22356.0,22356.0,22356.0,0
20190415T,21358.0,21358.0,21358.0,21358.0,0
20190416T,28197.0,28197.0,28197.0,28197.0,0
20190418T,26599.0,26599.0,26599.0,26599.0,0
20190422T,23334.0,23334.0,23334.0,23334.0,0
20190423T,18826.0,18826.0,18826.0,18826.0,0
20190424T,19539.0,19539.0,19539.0,19539.0,0
20190425T,14317.0,14317.0,14317.0,14317.0,0
20190426T,11885.0,11885.0,11885.0,11885.0,0
20190430T,20117.0,20117.0,20117.0,20117.0,0
20190502T,17343.0,17343.0,17343.0,17343.0,0
20190503T,17992.0,17992.0,17992.0,17992.0,0
20190506T,19079.0,19079.0,19079.0,19079.0,0
20190507T,22261.0,22261.0,22261.0,22261.0,0
20190508T,21195.0,21195.0,21195.0,21195.0,0
20190509T,19012.0,19012.0,19012.0,19012.0,0
20190510T,19358.0,19358.0,19358.0,19358.0,0
20190513T,18195.0,18195.0,18195.0,18195.0,0
20190514T,23716.0,23716.0,23716.0,23716.0,0
20190515T,25052.0,25052.0,25052.0,25052.0,0
20190516T,24310.0,24310.0,24310.0,24310.0,0
20190517T,26505.0,26505.0,26505.0,26505.0,0
20190520T,28892.0,28892.0,28892.0,28892.0,0
20190521T,22879.0,22879.0,22879.0,22879.0,0
20190522T,24320.0,24320.0,24320.0,24320.0,0
20190523T,29640.0,29640.0,29640.0,29640.0,0
20190524T,32496.0,32496.0,32496.0,32496.0,0
20190527T,36188.0,36188.0,36188.0,36188.0,0
20190528T,38107.0,38107.0,38107.0,38107.0,0
20190529T,36693.0,36693.0,36693.0,36693.0,0
20190530T,13075.0,13075.0,13075.0,13075.0,0
20190531T,13327.0,13327.0,13327.0,13327.0,0
20190603T,16846.0,16846.0,16846.0,16846.0,0
20190604T,16618.0,16618.0,16618.0,16618.0,0
20190606T,17926.0,17926.0,17926.0,17926.0,0
20190607T,13610.0,13610.0,13610.0,13610.0,0
20190610T,19846.0,19846.0,19846.0,19846.0,0
20190611T,18059.0,18059.0,18059.0,18059.0,0
20190612T,17664.0,17664.0,17664.0,17664.0,0
20190613T,17614.0,17614.0,17614.0,17614.0,0
20190614T,19078.0,19078.0,19078.0,19078.0,0
20190617T,17650.0,17650.0,17650.0,17650.0,0
20190618T,18324.0,18324.0,18324.0,18324.0,0
20190619T,21199.0,21199.0,21199.0,21199.0,0
20190620T,17149.0,17149.0,17149.0,17149.0,0
20190621T,15211.0,15211.0,15211.0,15211.0,0
20190624T,15973.0,15973.0,15973.0,15973.0,0
20190625T,20238.0,20238.0,20238.0,20238.0,0
20190626T,28082.0,28082.0,28082.0,28082.0,0
20190627T,24369.0,24369.0,24369.0,24369.0,0
20190628T,28956.0,28956.0,28956.0,28956.0,0
20190701T,32099.0,32099.0,32099.0,32099.0,0
20190702T,27899.0,27899.0,27899.0,27899.0,0
20190703T,26552.0,26552.0,26552.0,26552.0,0
20190704T,26615.0,26615.0,26615.0,26615.0,0
20190705T,27896.0,27896.0,27896.0,27896.0,0
20190708T,36175.0,36175.0,36175.0,36175.0,0
20190709T,36691.0,36691.0,36691.0,36691.0,0
20190710T,35575.0,35575.0,35575.0,35575.0,0
20190711T,24713.0,24713.0,24713.0,24713.0,0
20190712T,22750.0,22750.0,22750.0,22750.0,0
20190715T,22193.0,22193.0,22193.0,22193.0,0
20190716T,25340.0,25340.0,25340.0,25340.0,0
20190717T,21914.0,21914.0,21914.0,21914.0,0
20190718T,22291.0,22291.0,22291.0,22291.0,0
20190719T,25408.0,25408.0,25408.0,25408.0,0
20190722T,29556.0,29556.0,29556.0,29556.0,0
20190723T,37672.0,37672.0,37672.0,37672.0,0
20190724T,39561.0,39561.0,39561.0,39561.0,0
20190725T,31832.0,31832.0,31832.0,31832.0,0
20190726T,31712.0,31712.0,31712.0,31712.0,0
20190729T,39335.0,39335.0,39335.0,39335.0,0
20190730T,36127.0,36127.0,36127.0,36127.0,0
20190731T,37441.0,37441.0,37441.0,37441.0,0
20190801T,50026.0,50026.0,50026.0,50026.0,0
20190802T,48920.0,48920.0,48920.0,48920.0,0
20190805T,48125.0,48125.0,48125.0,48125.0,0
20190806T,41418.0,41418.0,41418.0,41418.0,0
20190807T,42539.0,42539.0,42539.0,42539.0,0
20190808T,39101.0,39101.0,39101.0,39101.0,0
20190809T,38218.0,38218.0,38218.0,38218.0,0
20190813T,40192.0,40192.0,40192.0,40192.0,0
20190814T,29847.0,29847.0,29847.0,29847.0,0
20190816T,28002.0,28002.0,28002.0,28002.0,0
20190819T,31516.0,31516.0,31516.0,31516.0,0
20190820T,31190.0,31190.0,31190.0,31190.0,0
20190821T,40459.0,40459.0,40459.0,40459.0,0
20190822T,37389.0,37389.0,37389.0,37389.0,0
20190823T,33695.0,33695.0,33695.0,33695.0,0
20190826T,33057.0,33057.0,33057.0,33057.0,0
20190827T,30556.0,30556.0,30556.0,30556.0,0
20190828T,41280.0,41280.0,41280.0,41280.0,0
20190829T,64438.0,64438.0,64438.0,64438.0,0
20190830T,30202.0,30202.0,30202.0,30202.0,0
20190903T,34194.0,34194.0,34194.0,34194.0,0
20190904T,31555.0,31555.0,31555.0,31555.0,0
20190905T,36018.0,36018.0,36018.0,36018.0,0
20190906T,30649.0,30649.0,30649.0,30649.0,0
20190909T,29655.0,29655.0,29655.0,29655.0,0
20190911T,38852.0,38852.0,38852.0,38852.0,0
20190912T,36600.0,36600.0,36600.0,36600.0,0
20190913T,34074.0,34074.0,34074.0,34074.0,0
20190916T,42062.0,42062.0,42062.0,42062.0,0
20190917T,30777.0,30777.0,30777.0,30777.0,0
20190918T,28457.0,28457.0,28457.0,28457.0,0
20190919T,33439.0,33439.0,33439.0,33439.0,0
20190920T,28305.0,28305.0,28305.0,28305.0,0
20190923T,25814.0,25814.0,25814.0,25814.0,0
20190924T,22526.0,22526.0,22526.0,22526.0,0
20190925T,20775.0,20775.0,20775.0,20775.0,0
20190926T,16331.0,16331.0,16331.0,16331.0,0
20190927T,16370.0,16370.0,16370.0,16370.0,0
20190930T,22378.0,22378.0,22378.0,22378.0,0
20191001T,27351.0,27351.0,27351.0,27351.0,0
20191003T,27584.0,27584.0,27584.0,27584.0,0
20191004T,25514.0,25514.0,25514.0,25514.0,0
20191007T,20314.0,20314.0,20314.0,20314.0,0
20191009T,22792.0,22792.0,22792.0,22792.0,0
20191010T,17673.0,17673.0,17673.0,17673.0,0
20191011T,20133.0,20133.0,20133.0,20133.0,0
20191014T,18446.0,18446.0,18446.0,18446.0,0
20191015T,21220.0,21220.0,21220.0,21220.0,0
20191016T,20054.0,20054.0,20054.0,20054.0,0
20191017T,18815.0,18815.0,18815.0,18815.0,0
20191018T,19874.0,19874.0,19874.0,19874.0,0
20191022T,19675.0,19675.0,19675.0,19675.0,0
20191023T,21049.0,21049.0,21049.0,21049.0,0
20191024T,26181.0,26181.0,26181.0,26181.0,0
20191025T,20948.0,20948.0,20948.0,20948.0,0
20191029T,21418.0,21418.0,21418.0,21418.0,0
20191030T,25283.0,25283.0,25283.0,25283.0,0
20191031T,13259.0,13259.0,13259.0,13259.0,0
20191101T,16926.0,16926.0,16926.0,16926.0,0
20191104T,21055.0,21055.0,21055.0,21055.0,0
20191105T,20950.0,20950.0,20950.0,20950.0,0
20191106T,21176.0,21176.0,21176.0,21176.0,0
20191107T,22700.0,22700.0,22700.0,22700.0,0
20191108T,23447.0,23447.0,23447.0,23447.0,0
20191111T,23860.0,23860.0,23860.0,23860.0,0
20191113T,20252.0,20252.0,20252.0,20252.0,0
20191114T,20196.0,20196.0,20196.0,20196.0,0
20191115T,25650.0,25650.0,25650.0,25650.0,0
20191118T,26690.0,26690.0,26690.0,26690.0,0
20191119T,26515.0,26515.0,26515.0,26515.0,0
20191120T,27357.0,27357.0,27357.0,27357.0,0
20191121T,31097.0,31097.0,31097.0,31097.0,0
20191122T,34717.0,34717.0,34717.0,34717.0,0
20191125T,32860.0,32860.0,32860.0,32860.0,0
20191126T,37444.0,37444.0,37444.0,37444.0,0
20191127T,35323.0,35323.0,35323.0,35323.0,0
20191128T,18672.0,18672.0,18672.0,18672.0,0
20191129T,16390.0,16390.0,16390.0,16390.0,0
20191202T,15913.0,15913.0,15913.0,15913.0,0
20191203T,14969.0,14969.0,14969.0,14969.0,0
20191204T,15841.0,15841.0,15841.0,15841.0,0
20191205T,16286.0,16286.0,16286.0,16286.0,0
20191206T,13329.0,13329.0,13329.0,13329.0,0
20191209T,11797.0,11797.0,11797.0,11797.0,0
20191210T,13453.0,13453.0,13453.0,13453.0,0
20191211T,12880.0,12880.0,12880.0,12880.0,0
20191212T,14763.0,14763.0,14763.0,14763.0,0
20191213T,16699.0,16699.0,16699.0,16699.0,0
20191216T,19789.0,19789.0,19789.0,19789.0,0
20191217T,18905.0,18905.0,18905.0,18905.0,0
20191218T,18326.0,18326.0,18326.0,18326.0,0
20191219T,17639.0,17639.0,17639.0,17639.0,0
20191220T,18983.0,18983.0,18983.0,18983.0,0
20191223T,24094.0,24094.0,24094.0,24094.0,0
20191224T,26727.0,26727.0,26727.0,26727.0,0
20191226T,13227.0,13227.0,13227.0,13227.0,0
20191227T,16135.0,16135.0,16135.0,16135.0,0
20191230T,15986.0,15986.0,15986.0,15986.0,0
20191231T,17315.0,17315.0,17315.0,17315.0,0
20200101T,17200.0,17200.0,17200.0,17200.0,0
20200102T,14571.0,14571.0,14571.0,14571.0,0
20200103T,13649.0,13649.0,13649.0,13649.0,0
20200106T,9871.0,9871.0,9871.0,9871.0,0
20200107T,12189.0,12189.0,12189.0,12189.0,0
20200108T,15995.0,15995.0,15995.0,15995.0,0
20200109T,19728.0,19728.0,19728.0,19728.0,0
20200110T,18791.0,18791.0,18791.0,18791.0,0
20200113T,17988.0,17988.0,17988.0,17988.0,0
20200114T,16939.0,16939.0,16939.0,16939.0,0
20200115T,15514.0,15514.0,15514.0,15514.0,0
20200116T,16586.0,16586.0,16586.0,16586.0,0
20200117T,16849.0,16849.0,16849.0,16849.0,0
20200120T,15018.0,15018.0,15018.0,15018.0,0
20200121T,12264.0,12264.0,12264.0,12264.0,0
20200122T,15776.0,15776.0,15776.0,15776.0,0
20200123T,12694.0,12694.0,12694.0,12694.0,0
20200124T,15520.0,15520.0,15520.0,15520.0,0
20200127T,31150.0,31150.0,31150.0,31150.0,0
20200128T,31943.0,31943.0,31943.0,31943.0,0
20200129T,28502.0,28502.0,28502.0,28502.0,0
20200130T,18527.0,18527.0,18527.0,18527.0,0
20200131T,21383.0,21383.0,21383.0,21383.0,0
20200203T,19805.0,19805.0,19805.0,19805.0,0
20200204T,17002.0,17002.0,17002.0,17002.0,0
20200205T,17532.0,17532.0,17532.0,17532.0,0
20200206T,19508.0,19508.0,19508.0,19508.0,0
20200207T,17319.0,17319.0,17319.0,17319.0,0
20200210T,15479.0,15479.0,15479.0,15479.0,0
20200211T,15505.0,15505.0,15505.0,15505.0,0
20200212T,20648.0,20648.0,20648.0,20648.0,0
20200213T,22181.0,22181.0,22181.0,22181.0,0
20200214T,21633.0,21633.0,21633.0,21633.0,0
20200217T,19182.0,19182.0,19182.0,19182.0,0
20200218T,21100.0,21100.0,21100.0,21100.0,0
20200219T,18706.0,18706.0,18706.0,18706.0,0
20200220T,18588.0,18588.0,18588.0,18588.0,0
20200224T,30965.0,30965.0,30965.0,30965.0,0
20200225T,32393.0,32393.0,32393.0,32393.0,0
20200226T,33599.0,33599.0,33599.0,33599.0,0
20200227T,24698.0,24698.0,24698.0,24698.0,0
20200228T,29710.0,29710.0,29710.0,29710.0,0
20200302T,19604.0,19604.0,19604.0,19604.0,0
20200303T,17643.0,17643.0,17643.0,17643.0,0
20200304T,21990.0,21990.0,21990.0,21990.0,0
20200305T,21849.0,21849.0,21849.0,21849.0,0
20200306T,23446.0,23446.0,23446.0,23446.0,0
20200309T,26058.0,26058.0,26058.0,26058.0,0
20200311T,24339.0,24339.0,24339.0,24339.0,0
20200312T,27468.0,27468.0,27468.0,27468.0,0
20200313T,21482.0,21482.0,21482.0,21482.0,0
20200316T,22888.0,22888.0,22888.0,22888.0,0
20200317T,21158.0,21158.0,21158.0,21158.0,0
20200318T,27777.0,27777.0,27777.0,27777.0,0
20200319T,20529.0,20529.0,20529.0,20529.0,0
20200320T,16841.0,16841.0,16841.0,16841.0,0
20200323T,15915.0,15915.0,15915.0,15915.0,0
20200324T,18758.0,18758.0,18758.0,18758.0,0
20200325T,19044.0,19044.0,19044.0,19044.0,0
20200326T,10320.0,10320.0,10320.0,10320.0,0
20200327T,14864.0,14864.0,14864.0,14864.0,0
20200330T,18227.0,18227.0,18227.0,18227.0,0
20200331T,15252.0,15252.0,15252.0,15252.0,0
20200401T,18378.0,18378.0,18378.0,18378.0,0
20200403T,20912.0,20912.0,20912.0,20912.0,0
20200407T,13505.0,13505.0,13505.0,13505.0,0
20200408T,20083.0,20083.0,20083.0,20083.0,0
20200409T,23319.0,23319.0,23319.0,23319.0,0
20200413T,21093.0,21093.0,21093.0,21093.0,0
20200415T,22156.0,22156.0,22156.0,22156.0,0
20200416T,20524.0,20524.0,20524.0,20524.0,0
20200417T,17083.0,17083.0,17083.0,17083.0,0
20200420T,19872.0,19872.0,19872.0,19872.0,0
20200421T,23399.0,23399.0,23399.0,23399.0,0
20200422T,21231.0,21231.0,21231.0,21231.0,0
20200423T,20954.0,20954.0,20954.0,20954.0,0
20200424T,21503.0,21503.0,21503.0,21503.0,0
20200427T,28664.0,28664.0,28664.0,28664.0,0
20200428T,26600.0,26600.0,26600.0,26600.0,0
20200429T,32662.0,32662.0,32662.0,32662.0,0
20200430T,9706.0,9706.0,9706.0,9706.0,0
20200504T,16741.0,16741.0,16741.0,16741.0,0
20200505T,14322.0,14322.0,14322.0,14322.0,0
20200506T,12752.0,12752.0,12752.0,12752.0,0
20200507T,19433.0,19433.0,19433.0,19433.0,0
20200508T,20458.0,20458.0,20458.0,20458.0,0
20200511T,18532.0,18532.0,18532.0,18532.0,0
20200512T,23622.0,23622.0,23622.0,23622.0,0
20200513T,22526.0,22526.0,22526.0,22526.0,0
20200514T,23864.0,23864.0,23864.0,23864.0,0
20200515T,32334.0,32334.0,32334.0,32334.0,0
20200518T,40418.0,40418.0,40418.0,40418.0,0
20200519T,30799.0,30799.0,30799.0,30799.0,0
20200520T,29691.0,29691.0,29691.0,29691.0,0
20200521T,27976.0,27976.0,27976.0,27976.0,0
20200522T,33294.0,33294.0,33294.0,33294.0,0
20200526T,39308.0,39308.0,39308.0,39308.0,0
20200527T,35289.0,35289.0,35289.0,35289.0,0
20200528T,14346.0,14346.0,14346.0,14346.0,0
20200529T,15289.0,15289.0,15289.0,15289.0,0
20200601T,16627.0,16627.0,16627.0,16627.0,0
20200602T,23605.0,23605.0,23605.0,23605.0,0
20200603T,24020.0,24020.0,24020.0,24020.0,0
20200604T,25013.0,25013.0,25013.0,25013.0,0
20200605T,27741.0,27741.0,27741.0,27741.0,0
20200608T,27124.0,27124.0,27124.0,27124.0,0
20200609T,26786.0,26786.0,26786.0,26786.0,0
20200610T,23441.0,23441.0,23441.0,23441.0,0
20200611T,24558.0,24558.0,24558.0,24558.0,0
20200612T,25152.0,25152.0,25152.0,25152.0,0
20200615T,24688.0,24688.0,24688.0,24688.0,0
20200616T,23189.0,23189.0,23189.0,23189.0,0
20200617T,25862.0,25862.0,25862.0,25862.0,0
20200618T,27981.0,27981.0,27981.0,27981.0,0
20200619T,26689.0,26689.0,26689.0,26689.0,0
20200622T,29845.0,29845.0,29845.0,29845.0,0
20200623T,26940.0,26940.0,26940.0,26940.0,0
20200624T,35894.0,35894.0,35894.0,35894.0,0
20200625T,16308.0,16308.0,16308.0,16308.0,0
20200626T,16470.0,16470.0,16470.0,16470.0,0
20200629T,24599.0,24599.0,24599.0,24599.0,0
20200630T,23164.0,23164.0,23164.0,23164.0,0
20200701T,17942.0,17942.0,17942.0,17942.0,0
20200702T,19240.0,19240.0,19240.0,19240.0,0
20200703T,20286.0,20286.0,20286.0,20286.0,0
20200706T,21208.0,21208.0,21208.0,21208.0,0
20200707T,22819.0,22819.0,22819.0,22819.0,0
20200708T,20048.0,20048.0,20048.0,20048.0,0
20200709T,21227.0,21227.0,21227.0,21227.0,0
20200710T,27166.0,27166.0,27166.0,27166.0,0
20200713T,35595.0,35595.0,35595.0,35595.0,0
20200714T,31884.0,31884.0,31884.0,31884.0,0
20200715T,23846.0,23846.0,23846.0,23846.0,0
20200716T,24127.0,24127.0,24127.0,24127.0,0
20200717T,21360.0,21360.0,21360.0,21360.0,0
20200720T,26786.0,26786.0,26786.0,26786.0,0
20200721T,26550.0,26550.0,26550.0,26550.0,0
20200722T,23726.0,23726.0,23726.0,23726.0,0
20200723T,25379.0,25379.0,25379.0,25379.0,0
20200724T,28238.0,28238.0,28238.0,28238.0,0
20200727T,37602.0,37602.0,37602.0,37602.0,0
20200728T,41610.0,41610.0,41610.0,41610.0,0
20200729T,58204.0,58204.0,58204.0,58204.0,0
20200730T,21628.0,21628.0,21628.0,21628.0,0
20200803T,31781.0,31781.0,31781.0,31781.0,0
20200804T,22662.0,22662.0,22662.0,22662.0,0
20200805T,27670.0,27670.0,27670.0,27670.0,0
20200806T,23529.0,23529.0,23529.0,23529.0,0
20200807T,22905.0,22905.0,22905.0,22905.0,0
20200810T,30231.0,30231.0,30231.0,30231.0,0
20200811T,36028.0,36028.0,36028.0,36028.0,0
20200812T,38907.0,38907.0,38907.0,38907.0,0
20200813T,30374.0,30374.0,30374.0,30374.0,0
20200814T,27721.0,27721.0,27721.0,27721.0,0
20200817T,25853.0,25853.0,25853.0,25853.0,0
20200818T,24793.0,24793.0,24793.0,24793.0,0
20200819T,26102.0,26102.0,26102.0,26102.0,0
20200820T,32176.0,32176.0,32176.0,32176.0,0
20200821T,33166.0,33166.0,33166.0,33166.0,0
20200824T,29983.0,29983.0,29983.0,29983.0,0
20200825T,28852.0,28852.0,28852.0,28852.0,0
20200826T,26365.0,26365.0,26365.0,26365.0,0
20200827T,12555.0,12555.0,12555.0,12555.0,0
20200828T,16581.0,16581.0,16581.0,16581.0,0
20200831T,25687.0,25687.0,25687.0,25687.0,0
20200901T,21831.0,21831.0,21831.0,21831.0,0
20200902T,19536.0,19536.0,19536.0,19536.0,0
20200903T,19227.0,19227.0,19227.0,19227.0,0
20200904T,24855.0,24855.0,24855.0,24855.0,0
20200907T,18608.0,18608.0,18608.0,18608.0,0
20200908T,21209.0,21209.0,21209.0,21209.0,0
20200909T,22399.0,22399.0,22399.0,22399.0,0
20200910T,21190.0,21190.0,21190.0,21190.0,0
20200911T,21054.0,21054.0,21054.0,21054.0,0
20200914T,30528.0,30528.0,30528.0,30528.0,0
20200915T,26243.0,26243.0,26243.0,26243.0,0
20200916T,29456.0,29456.0,29456.0,29456.0,0
20200917T,32645.0,32645.0,32645.0,32645.0,0
20200918T,32008.0,32008.0,32008.0,32008.0,0
20200921T,39737.0,39737.0,39737.0,39737.0,0
20200922T,39377.0,39377.0,39377.0,39377.0,0
20200923T,39856.0,39856.0,39856.0,39856.0,0
20200924T,25157.0,25157.0,25157.0,25157.0,0
20200925T,26681.0,26681.0,26681.0,26681.0,0
20200928T,26992.0,26992.0,26992.0,26992.0,0
20200929T,30040.0,30040.0,30040.0,30040.0,0
20200930T,28882.0,28882.0,28882.0,28882.0,0
20201001T,23715.0,23715.0,23715.0,23715.0,0
20201005T,26159.0,26159.0,26159.0,26159.0,0
20201006T,27094.0,27094.0,27094.0,27094.0,0
20201007T,25846.0,25846.0,25846.0,25846.0,0
20201008T,29810.0,29810.0,29810.0,29810.0,0
20201009T,27150.0,27150.0,27150.0,27150.0,0
20201012T,33124.0,33124.0,33124.0,33124.0,0
20201013T,30632.0,30632.0,30632.0,30632.0,0
20201014T,34593.0,34593.0,34593.0,34593.0,0
20201015T,43381.0,43381.0,43381.0,43381.0,0
20201016T,29162.0,29162.0,29162.0,29162.0,0
20201019T,31540.0,31540.0,31540.0,31540.0,0
20201020T,35330.0,35330.0,35330.0,35330.0,0
20201021T,36705.0,36705.0,36705.0,36705.0,0
20201022T,35762.0,35762.0,35762.0,35762.0,0
20201023T,40449.0,40449.0,40449.0,40449.0,0
20201026T,53251.0,53251.0,53251.0,53251.0,0
20201027T,43260.0,43260.0,43260.0,43260.0,0
20201028T,48292.0,48292.0,48292.0,48292.0,0
20201029T,19046.0,19046.0,19046.0,19046.0,0
20201030T,22776.0,22776.0,22776.0,22776.0,0
20201102T,18259.0,18259.0,18259.0,18259.0,0
20201103T,23345.0,23345.0,23345.0,23345.0,0
20201104T,20974.0,20974.0,20974.0,20974.0,0
20201105T,23412.0,23412.0,23412.0,23412.0,0
20201106T,19497.0,19497.0,19497.0,19497.0,0
20201109T,19962.0,19962.0,19962.0,19962.0,0
20201110T,25681.0,25681.0,25681.0,25681.0,0
20201111T,33325.0,33325.0,33325.0,33325.0,0
20201112T,34026.0,34026.0,34026.0,34026.0,0
20201113T,31882.0,31882.0,31882.0,31882.0,0
20201117T,33471.0,33471.0,33471.0,33471.0,0
20201118T,32652.0,32652.0,32652.0,32652.0,0
20201119T,36989.0,36989.0,36989.0,36989.0,0
20201120T,34746.0,34746.0,34746.0,34746.0,0
20201123T,44572.0,44572.0,44572.0,44572.0,0
20201124T,42146.0,42146.0,42146.0,42146.0,0
20201125T,44429.0,44429.0,44429.0,44429.0,0
20201126T,16720.0,16720.0,16720.0,16720.0,0
20201127T,18237.0,18237.0,18237.0,18237.0,0
20201201T,18624.0,18624.0,18624.0,18624.0,0
20201202T,23837.0,23837.0,23837.0,23837.0,0
20201203T,25150.0,25150.0,25150.0,25150.0,0
20201204T,22426.0,22426.0,22426.0,22426.0,0
20201207T,24211.0,24211.0,24211.0,24211.0,0
20201208T,24804.0,24804.0,24804.0,24804.0,0
20201209T,24694.0,24694.0,24694.0,24694.0,0
20201210T,24177.0,24177.0,24177.0,24177.0,0
20201211T,29599.0,29599.0,29599.0,29599.0,0
20201214T,30704.0,30704.0,30704.0,30704.0,0
20201215T,26772.0,26772.0,26772.0,26772.0,0
20201216T,25176.0,25176.0,25176.0,25176.0,0
20201217T,26808.0,26808.0,26808.0,26808.0,0
20201218T,28743.0,28743.0,28743.0,28743.0,0
20201221T,43805.0,43805.0,43805.0,43805.0,0
20201222T,34812.0,34812.0,34812.0,34812.0,0
20201223T,27985.0,27985.0,27985.0,27985.0,0
20201224T,27498.0,27498.0,27498.0,27498.0,0
20201228T,27820.0,27820.0,27820.0,27820.0,0
20201229T,37146.0,37146.0,37146.0,37146.0,0
20201230T,44766.0,44766.0,44766.0,44766.0,0
20201231T,17106.0,17106.0,17106.0,17106.0,0
20210101T,20767.0,20767.0,20767.0,20767.0,0
20210104T,20898.0,20898.0,20898.0,20898.0,0
20210105T,21210.0,21210.0,21210.0,21210.0,0
20210106T,21546.0,21546.0,21546.0,21546.0,0
20210107T,19526.0,19526.0,19526.0,19526.0,0
20210108T,23090.0,23090.0,23090.0,23090.0,0
20210111T,24004.0,24004.0,24004.0,24004.0,0
20210112T,22872.0,22872.0,22872.0,22872.0,0
20210113T,26290.0,26290.0,26290.0,26290.0,0
20210114T,22784.0,22784.0,22784.0,22784.0,0
20210115T,24943.0,24943.0,24943.0,24943.0,0
20210118T,35416.0,35416.0,35416.0,35416.0,0
20210119T,31534.0,31534.0,31534.0,31534.0,0
20210120T,32835.0,32835.0,32835.0,32835.0,0
20210121T,44508.0,44508.0,44508.0,44508.0,0
20210122T,44873.0,44873.0,44873.0,44873.0,0
20210125T,43428.0,43428.0,43428.0,43428.0,0
20210127T,33129.0,33129.0,33129.0,33129.0,0
20210128T,13047.0,13047.0,13047.0,13047.0,0
20210129T,14522.0,14522.0,14522.0,14522.0,0
20210201T,13341.0,13341.0,13341.0,13341.0,0
20210202T,19527.0,19527.0,19527.0,19527.0,0
20210203T,19767.0,19767.0,19767.0,19767.0,0
20210204T,25073.0,25073.0,25073.0,25073.0,0
20210205T,24635.0,24635.0,24635.0,24635.0,0
20210208T,24327.0,24327.0,24327.0,24327.0,0
20210209T,25769.0,25769.0,25769.0,25769.0,0
20210210T,25539.0,25539.0,25539.0,25539.0,0
20210211T,26496.0,26496.0,26496.0,26496.0,0
20210212T,29161.0,29161.0,29161.0,29161.0,0
20210215T,27270.0,27270.0,27270.0,27270.0,0
20210216T,29737.0,29737.0,29737.0,29737.0,0
20210217T,30047.0,30047.0,30047.0,30047.0,0
20210218T,30353.0,30353.0,30353.0,30353.0,0
20210219T,35779.0,35779.0,35779.0,35779.0,0
20210222T,28193.0,28193.0,28193.0,28193.0,0
20210223T,26116.0,26116.0,26116.0,26116.0,0
20210224T,32155.0,32155.0,32155.0,32155.0,0
20210225T,16930.0,16930.0,16930.0,16930.0,0
20210226T,22921.0,22921.0,22921.0,22921.0,0
20210301T,27321.0,27321.0,27321.0,27321.0,0
20210302T,26411.0,26411.0,26411.0,26411.0,0
20210303T,20524.0,20524.0,20524.0,20524.0,0
20210304T,21854.0,21854.0,21854.0,21854.0,0
20210305T,22805.0,22805.0,22805.0,22805.0,0
20210308T,28212.0,28212.0,28212.0,28212.0,0
20210309T,22000.0,22000.0,22000.0,22000.0,0
20210310T,21959.0,21959.0,21959.0,21959.0,0
20210312T,33555.0,33555.0,33555.0,33555.0,0
20210315T,26402.0,26402.0,26402.0,26402.0,0
20210316T,28363.0,28363.0,28363.0,28363.0,0
20210317T,23692.0,23692.0,23692.0,23692.0,0
20210318T,28591.0,28591.0,28591.0,28591.0,0
20210319T,24639.0,24639.0,24639.0,24639.0,0
20210322T,25354.0,25354.0,25354.0,25354.0,0
20210323T,23188.0,23188.0,23188.0,23188.0,0
20210324T,22904.0,22904.0,22904.0,22904.0,0
20210325T,20739.0,20739.0,20739.0,20739.0,0
20210326T,21659.0,21659.0,21659.0,21659.0,0
20210330T,20051.0,20051.0,20051.0,20051.0,0
20210331T,26669.0,26669.0,26669.0,26669.0,0
20210401T,16950.0,16950.0,16950.0,16950.0,0
20210405T,19862.0,19862.0,19862.0,19862.0,0
20210406T,16407.0,16407.0,16407.0,16407.0,0
20210407T,15326.0,15326.0,15326.0,15326.0,0
20210408T,16904.0,16904.0,16904.0,16904.0,0
20210409T,18381.0,18381.0,18381.0,18381.0,0
20210412T,24314.0,24314.0,24314.0,24314.0,0
20210413T,13662.0,13662.0,13662.0,13662.0,0
20210415T,14311.0,14311.0,14311.0,14311.0,0
20210416T,14911.0,14911.0,14911.0,14911.0,0
20210419T,14279.0,14279.0,14279.0,14279.0,0
20210420T,17071.0,17071.0,17071.0,17071.0,0
20210422T,14187.0,14187.0,14187.0,14187.0,0
20210423T,16239.0,16239.0,16239.0,16239.0,0
20210426T,15665.0,15665.0,15665.0,15665.0,0
20210427T,17197.0,17197.0,17197.0,17197.0,0
20210428T,21720.0,21720.0,21720.0,21720.0,0
20210429T,11629.0,11629.0,11629.0,11629.0,0
20210430T,13890.0,13890.0,13890.0,13890.0,0
20210503T,12575.0,12575.0,12575.0,12575.0,0
20210504T,13215.0,13215.0,13215.0,13215.0,0
20210505T,11489.0,11489.0,11489.0,11489.0,0
20210506T,11500.0,11500.0,11500.0,11500.0,0
20210507T,10854.0,10854.0,10854.0,10854.0,0
20210510T,12889.0,12889.0,12889.0,12889.0,0
20210511T,17140.0,17140.0,17140.0,17140.0,0
20210512T,16734.0,16734.0,16734.0,16734.0,0
20210514T,15782.0,15782.0,15782.0,15782.0,0
20210517T,12673.0,12673.0,12673.0,12673.0,0
20210518T,18002.0,18002.0,18002.0,18002.0,0
20210519T,16811.0,16811.0,16811.0,16811.0,0
20210520T,18624.0,18624.0,18624.0,18624.0,0
20210521T,26464.0,26464.0,26464.0,26464.0,0
20210524T,30516.0,30516.0,30516.0,30516.0,0
20210525T,28891.0,28891.0,28891.0,28891.0,0
20210526T,27043.0,27043.0,27043.0,27043.0,0
20210527T,8539.0,8539.0,8539.0,8539.0,0
20210528T,10490.0,10490.0,10490.0,10490.0,0
20210531T,14077.0,14077.0,14077.0,14077.0,0
20210601T,13907.0,13907.0,13907.0,13907.0,0
20210602T,10747.0,10747.0,10747.0,10747.0,0
20210603T,14050.0,14050.0,14050.0,14050.0,0
20210604T,19346.0,19346.0,19346.0,19346.0,0
20210607T,20762.0,20762.0,20762.0,20762.0,0
20210608T,20666.0,20666.0,20666.0,20666.0,0
20210609T,22638.0,22638.0,22638.0,22638.0,0
20210610T,18766.0,18766.0,18766.0,18766.0,0
20210611T,20727.0,20727.0,20727.0,20727.0,0
20210614T,16716.0,16716.0,16716.0,16716.0,0
20210615T,17134.0,17134.0,17134.0,17134.0,0
20210616T,19612.0,19612.0,19612.0,19612.0,0
20210617T,21988.0,21988.0,21988.0,21988.0,0
20210618T,23294.0,23294.0,23294.0,23294.0,0
20210621T,20164.0,20164.0,20164.0,20164.0,0
20210622T,23582.0,23582.0,23582.0,23582.0,0
20210623T,25651.0,25651.0,25651.0,25651.0,0
20210624T,20643.0,20643.0,20643.0,20643.0,0
20210625T,25738.0,25738.0,25738.0,25738.0,0
20210628T,25099.0,25099.0,25099.0,25099.0,0
20210629T,32820.0,32820.0,32820.0,32820.0,0
20210630T,40205.0,40205.0,40205.0,40205.0,0
20210701T,30851.0,30851.0,30851.0,30851.0,0
20210702T,28462.0,28462.0,28462.0,28462.0,0
20210705T,27148.0,27148.0,27148.0,27148.0,0
20210706T,32272.0,32272.0,32272.0,32272.0,0
20210707T,29447.0,29447.0,29447.0,29447.0,0
20210708T,36908.0,36908.0,36908.0,36908.0,0
20210709T,36678.0,36678.0,36678.0,36678.0,0
20210712T,39360.0,39360.0,39360.0,39360.0,0
20210713T,23010.0,23010.0,23010.0,23010.0,0
20210714T,24273.0,24273.0,24273.0,24273.0,0
20210715T,25832.0,25832.0,25832.0,25832.0,0
20210716T,30899.0,30899.0,30899.0,30899.0,0
20210719T,48698.0,48698.0,48698.0,48698.0,0
20210720T,61254.0,61254.0,61254.0,61254.0,0
20210722T,45234.0,45234.0,45234.0,45234.0,0
20210723T,38754.0,38754.0,38754.0,38754.0,0
20210726T,51819.0,51819.0,51819.0,51819.0,0
20210727T,67406.0,67406.0,67406.0,67406.0,0
20210728T,57800.0,57800.0,57800.0,57800.0,0
20210729T,29451.0,29451.0,29451.0,29451.0,0
20210730T,31915.0,31915.0,31915.0,31915.0,0
20210802T,33665.0,33665.0,33665.0,33665.0,0
20210803T,20800.0,20800.0,20800.0,20800.0,0
20210804T,20552.0,20552.0,20552.0,20552.0,0
20210805T,21792.0,21792.0,21792.0,21792.0,0
20210806T,23385.0,23385.0,23385.0,23385.0,0
20210809T,22012.0,22012.0,22012.0,22012.0,0
20210810T,24879.0,24879.0,24879.0,24879.0,0
20210811T,26490.0,26490.0,26490.0,26490.0,0
20210812T,24494.0,24494.0,24494.0,24494.0,0
20210813T,25391.0,25391.0,25391.0,25391.0,0
20210816T,26563.0,26563.0,26563.0,26563.0,0
20210817T,28652.0,28652.0,28652.0,28652.0,0
20210818T,29462.0,29462.0,29462.0,29462.0,0
20210820T,35985.0,35985.0,35985.0,35985.0,0
20210823T,37077.0,37077.0,37077.0,37077.0,0
20210824T,26273.0,26273.0,26273.0,26273.0,0
20210825T,30775.0,30775.0,30775.0,30775.0,0
20210826T,20165.0,20165.0,20165.0,20165.0,0
20210827T,20120.0,20120.0,20120.0,20120.0,0
20210830T,18827.0,18827.0,18827.0,18827.0,0
20210831T,19925.0,19925.0,19925.0,19925.0,0
20210901T,16824.0,16824.0,16824.0,16824.0,0
20210902T,16542.0,16542.0,16542.0,16542.0,0
20210903T,20821.0,20821.0,20821.0,20821.0,0
20210906T,19076.0,19076.0,19076.0,19076.0,0
20210907T,19139.0,19139.0,19139.0,19139.0,0
20210908T,17553.0,17553.0,17553.0,17553.0,0
20210909T,21440.0,21440.0,21440.0,21440.0,0
20210913T,22343.0,22343.0,22343.0,22343.0,0
20210914T,25980.0,25980.0,25980.0,25980.0,0
20210915T,22083.0,22083.0,22083.0,22083.0,0
20210916T,30440.0,30440.0,30440.0,30440.0,0
20210917T,26153.0,26153.0,26153.0,26153.0,0
20210920T,38323.0,38323.0,38323.0,38323.0,0
20210921T,31683.0,31683.0,31683.0,31683.0,0
20210922T,32988.0,32988.0,32988.0,32988.0,0
20210923T,26573.0,26573.0,26573.0,26573.0,0
20210924T,34310.0,34310.0,34310.0,34310.0,0
20210927T,38417.0,38417.0,38417.0,38417.0,0
20210928T,46478.0,46478.0,46478.0,46478.0,0
20210929T,53406.0,53406.0,53406.0,53406.0,0
20210930T,29327.0,29327.0,29327.0,29327.0,0
20211001T,21430.0,21430.0,21430.0,21430.0,0
20211004T,21661.0,21661.0,21661.0,21661.0,0
20211005T,20005.0,20005.0,20005.0,20005.0,0
20211006T,27302.0,27302.0,27302.0,27302.0,0
20211007T,22714.0,22714.0,22714.0,22714.0,0
20211008T,23016.0,23016.0,23016.0,23016.0,0
20211011T,16879.0,16879.0,16879.0,16879.0,0
20211012T,18252.0,18252.0,18252.0,18252.0,0
20211013T,18523.0,18523.0,18523.0,18523.0,0
20211014T,14888.0,14888.0,14888.0,14888.0,0
20211018T,16094.0,16094.0,16094.0,16094.0,0
20211019T,31853.0,31853.0,31853.0,31853.0,0
20211020T,32686.0,32686.0,32686.0,32686.0,0
20211021T,37678.0,37678.0,37678.0,37678.0,0
20211022T,44691.0,44691.0,44691.0,44691.0,0
20211025T,52431.0,52431.0,52431.0,52431.0,0
20211026T,48399.0,48399.0,48399.0,48399.0,0
20211027T,61219.0,61219.0,61219.0,61219.0,0
20211028T,48232.0,48232.0,48232.0,48232.0,0
20211029T,51168.0,51168.0,51168.0,51168.0,0
20211101T,52957.0,52957.0,52957.0,52957.0,0
20211102T,45526.0,45526.0,45526.0,45526.0,0
20211103T,42465.0,42465.0,42465.0,42465.0,0
20211108T,40284.0,40284.0,40284.0,40284.0,0
20211109T,47117.0,47117.0,47117.0,47117.0,0
20211110T,36651.0,36651.0,36651.0,36651.0,0
20211111T,35529.0,35529.0,35529.0,35529.0,0
20211112T,28130.0,28130.0,28130.0,28130.0,0
20211115T,36293.0,36293.0,36293.0,36293.0,0
20211116T,41075.0,41075.0,41075.0,41075.0,0
20211117T,37803.0,37803.0,37803.0,37803.0,0
20211118T,35343.0,35343.0,35343.0,35343.0,0
20211122T,42131.0,42131.0,42131.0,42131.0,0
20211123T,43016.0,43016.0,43016.0,43016.0,0
20211124T,44940.0,44940.0,44940.0,44940.0,0
20211125T,24683.0,24683.0,24683.0,24683.0,0
20211126T,41084.0,41084.0,41084.0,41084.0,0
20211129T,31006.0,31006.0,31006.0,31006.0,0
20211130T,32004.0,32004.0,32004.0,32004.0,0
20211201T,30852.0,30852.0,30852.0,30852.0,0
20211202T,31136.0,31136.0,31136.0,31136.0,0
20211203T,24141.0,24141.0,24141.0,24141.0,0
20211206T,27369.0,27369.0,27369.0,27369.0,0
20211207T,25677.0,25677.0,25677.0,25677.0,0
20211208T,22942.0,22942.0,22942.0,22942.0,0
20211209T,19970.0,19970.0,19970.0,19970.0,0
20211210T,18895.0,18895.0,18895.0,18895.0,0
20211213T,21382.0,21382.0,21382.0,21382.0,0
20211214T,25070.0,25070.0,25070.0,25070.0,0
20211215T,25822.0,25822.0,25822.0,25822.0,0
20211216T,22338.0,22338.0,22338.0,22338.0,0
20211217T,32718.0,32718.0,32718.0,32718.0,0
20211220T,45778.0,45778.0,45778.0,45778.0,0
20211221T,37114.0,37114.0,37114.0,37114.0,0
20211222T,31529.0,31529.0,31529.0,31529.0,0
20211223T,26348.0,26348.0,26348.0,26348.0,0
20211224T,28105.0,28105.0,28105.0,28105.0,0
20211227T,29196.0,29196.0,29196.0,29196.0,0
20211228T,28658.0,28658.0,28658.0,28658.0,0
20211229T,28598.0,28598.0,28598.0,28598.0,0
20211230T,23506.0,23506.0,23506.0,23506.0,0
20211231T,22764.0,22764.0,22764.0,22764.0,0
20220103T,21082.0,21082.0,21082.0,21082.0,0
20220104T,20344.0,20344.0,20344.0,20344.0,0
20220105T,21228.0,21228.0,21228.0,21228.0,0
20220106T,22135.0,22135.0,22135.0,22135.0,0
20220107T,21593.0,21593.0,21593.0,21593.0,0
20220110T,22286.0,22286.0,22286.0,22286.0,0
20220111T,22017.0,22017.0,22017.0,22017.0,0
20220112T,25809.0,25809.0,25809.0,25809.0,0
20220113T,23968.0,23968.0,23968.0,23968.0,0
20220114T,20076.0,20076.0,20076.0,20076.0,0
20220117T,23422.0,23422.0,23422.0,23422.0,0
20220118T,34517.0,34517.0,34517.0,34517.0,0
20220119T,24974.0,24974.0,24974.0,24974.0,0
20220120T,21096.0,21096.0,21096.0,21096.0,0
20220121T,27242.0,27242.0,27242.0,27242.0,0
20220124T,39864.0,39864.0,39864.0,39864.0,0
20220125T,36627.0,36627.0,36627.0,36627.0,0
20220127T,38892.0,38892.0,38892.0,38892.0,0
20220128T,44372.0,44372.0,44372.0,44372.0,0
20220131T,38145.0,38145.0,38145.0,38145.0,0
20220201T,51379.0,51379.0,51379.0,51379.0,0
20220202T,39900.0,39900.0,39900.0,39900.0,0
20220203T,32857.0,32857.0,32857.0,32857.0,0
20220204T,29625.0,29625.0,29625.0,29625.0,0
20220207T,24879.0,24879.0,24879.0,24879.0,0
20220208T,19830.0,19830.0,19830.0,19830.0,0
20220209T,25245.0,25245.0,25245.0,25245.0,0
20220210T,25390.0,25390.0,25390.0,25390.0,0
20220211T,29839.0,29839.0,29839.0,29839.0,0
20220214T,28119.0,28119.0,28119.0,28119.0,0
20220215T,30213.0,30213.0,30213.0,30213.0,0
20220216T,34305.0,34305.0,34305.0,34305.0,0
20220217T,26574.0,26574.0,26574.0,26574.0,0
20220218T,26325.0,26325.0,26325.0,26325.0,0
20220221T,30372.0,30372.0,30372.0,30372.0,0
20220222T,32679.0,32679.0,32679.0,32679.0,0
20220223T,29889.0,29889.0,29889.0,29889.0,0
20220224T,28375.0,28375.0,28375.0,28375.0,0
20220225T,33551.0,33551.0,33551.0,33551.0,0
20220228T,33607.0,33607.0,33607.0,33607.0,0
20220302T,41763.0,41763.0,41763.0,41763.0,0
20220303T,46735.0,46735.0,46735.0,46735.0,0
20220304T,43961.0,43961.0,43961.0,43961.0,0
20220307T,56393.0,56393.0,56393.0,56393.0,0
20220308T,61274.0,61274.0,61274.0,61274.0,0
20220309T,61024.0,61024.0,61024.0,61024.0,0
20220310T,50777.0,50777.0,50777.0,50777.0,0
20220311T,56513.0,56513.0,56513.0,56513.0,0
20220314T,58738.0,58738.0,58738.0,58738.0,0
20220315T,55063.0,55063.0,55063.0,55063.0,0
20220316T,54589.0,54589.0,54589.0,54589.0,0
20220317T,54528.0,54528.0,54528.0,54528.0,0
20220321T,51206.0,51206.0,51206.0,51206.0,0
20220322T,59937.0,59937.0,59937.0,59937.0,0
20220323T,61801.0,61801.0,61801.0,61801.0,0
20220324T,54395.0,54395.0,54395.0,54395.0,0
20220325T,52029.0,52029.0,52029.0,52029.0,0
20220328T,60410.0,60410.0,60410.0,60410.0,0
20220329T,61981.0,61981.0,61981.0,61981.0,0
20220330T,71009.0,71009.0,71009.0,71009.0,0
20220331T,59497.0,59497.0,59497.0,59497.0,0
20220401T,39889.0,39889.0,39889.0,39889.0,0
20220404T,33143.0,33143.0,33143.0,33143.0,0
20220405T,27719.0,27719.0,27719.0,27719.0,0
20220406T,22574.0,22574.0,22574.0,22574.0,0
20220407T,23811.0,23811.0,23811.0,23811.0,0
20220408T,33223.0,33223.0,33223.0,33223.0,0
20220411T,30626.0,30626.0,30626.0,30626.0,0
20220412T,27635.0,27635.0,27635.0,27635.0,0
20220413T,33482.0,33482.0,33482.0,33482.0,0
20220418T,32689.0,32689.0,32689.0,32689.0,0
20220419T,41897.0,41897.0,41897.0,41897.0,0
20220420T,31990.0,31990.0,31990.0,31990.0,0
20220421T,29402.0,29402.0,29402.0,29402.0,0
20220422T,27276.0,27276.0,27276.0,27276.0,0
20220425T,41050.0,41050.0,41050.0,41050.0,0
20220426T,41610.0,41610.0,41610.0,41610.0,0
20220427T,48709.0,48709.0,48709.0,48709.0,0
20220428T,36207.0,36207.0,36207.0,36207.0,0
20220429T,40524.0,40524.0,40524.0,40524.0,0
20220502T,45142.0,45142.0,45142.0,45142.0,0
20220504T,48675.0,48675.0,48675.0,48675.0,0
20220505T,40247.0,40247.0,40247.0,40247.0,0
20220506T,51458.0,51458.0,51458.0,51458.0,0
20220509T,54961.0,54961.0,54961.0,54961.0,0
20220510T,62496.0,62496.0,62496.0,62496.0,0
20220511T,64600.0,64600.0,64600.0,64600.0,0
20220512T,60817.0,60817.0,60817.0,60817.0,0
20220513T,49925.0,49925.0,49925.0,49925.0,0
20220516T,36155.0,36155.0,36155.0,36155.0,0
20220517T,40630.0,40630.0,40630.0,40630.0,0
20220518T,30842.0,30842.0,30842.0,30842.0,0
20220519T,31798.0,31798.0,31798.0,31798.0,0
20220520T,34036.0,34036.0,34036.0,34036.0,0
20220523T,34256.0,34256.0,34256.0,34256.0,0
20220524T,40141.0,40141.0,40141.0,40141.0,0
20220525T,40299.0,40299.0,40299.0,40299.0,0
20220526T,44607.0,44607.0,44607.0,44607.0,0
20220527T,41058.0,41058.0,41058.0,41058.0,0
20220530T,47503.0,47503.0,47503.0,47503.0,0
20220531T,42035.0,42035.0,42035.0,42035.0,0
20220601T,37553.0,37553.0,37553.0,37553.0,0
20220602T,41738.0,41738.0,41738.0,41738.0,0
20220603T,44472.0,44472.0,44472.0,44472.0,0
20220606T,42625.0,42625.0,42625.0,42625.0,0
20220607T,45116.0,45116.0,45116.0,45116.0,0
20220608T,48880.0,48880.0,48880.0,48880.0,0
20220609T,44585.0,44585.0,44585.0,44585.0,0
20220610T,53840.0,53840.0,53840.0,53840.0,0
20220613T,64895.0,64895.0,64895.0,64895.0,0
20220614T,63164.0,63164.0,63164.0,63164.0,0
20220615T,55655.0,55655.0,55655.0,55655.0,0
20220616T,57535.0,57535.0,57535.0,57535.0,0
20220617T,53534.0,53534.0,53534.0,53534.0,0
20220620T,52486.0,52486.0,52486.0,52486.0,0
20220621T,45812.0,45812.0,45812.0,45812.0,0
20220622T,46791.0,46791.0,46791.0,46791.0,0
20220623T,43736.0,43736.0,43736.0,43736.0,0
20220624T,43819.0,43819.0,43819.0,43819.0,0
20220627T,43926.0,43926.0,43926.0,43926.0,0
20220628T,46721.0,46721.0,46721.0,46721.0,0
20220629T,54121.0,54121.0,54121.0,54121.0,0
20220630T,28258.0,28258.0,28258.0,28258.0,0
20220701T,29474.0,29474.0,29474.0,29474.0,0
20220704T,30222.0,30222.0,30222.0,30222.0,0
20220705T,30449.0,30449.0,30449.0,30449.0,0
20220706T,31987.0,31987.0,31987.0,31987.0,0
20220707T,25734.0,25734.0,25734.0,25734.0,0
20220708T,23294.0,23294.0,23294.0,23294.0,0
20220711T,27584.0,27584.0,27584.0,27584.0,0
20220712T,27872.0,27872.0,27872.0,27872.0,0
20220713T,27158.0,27158.0,27158.0,27158.0,0
20220714T,27522.0,27522.0,27522.0,27522.0,0
20220715T,27740.0,27740.0,27740.0,27740.0,0
20220718T,34000.0,34000.0,34000.0,34000.0,0
20220719T,35787.0,35787.0,35787.0,35787.0,0
20220720T,33579.0,33579.0,33579.0,33579.0,0
20220721T,34813.0,34813.0,34813.0,34813.0,0
20220722T,33190.0,33190.0,33190.0,33190.0,0
20220725T,28263.0,28263.0,28263.0,28263.0,0
20220726T,28957.0,28957.0,28957.0,28957.0,0
20220727T,29726.0,29726.0,29726.0,29726.0,0
20220728T,20200.0,20200.0,20200.0,20200.0,0
20220729T,26863.0,26863.0,26863.0,26863.0,0
20220801T,22829.0,22829.0,22829.0,22829.0,0
20220802T,25643.0,25643.0,25643.0,25643.0,0
20220803T,32443.0,32443.0,32443.0,32443.0,0
20220804T,32833.0,32833.0,32833.0,32833.0,0
20220805T,31721.0,31721.0,31721.0,31721.0,0
20220808T,31652.0,31652.0,31652.0,31652.0,0
20220810T,29373.0,29373.0,29373.0,29373.0,0
20220811T,30279.0,30279.0,30279.0,30279.0,0
20220812T,29301.0,29301.0,29301.0,29301.0,0
20220816T,30427.0,30427.0,30427.0,30427.0,0
20220817T,35817.0,35817.0,35817.0,35817.0,0
20220818T,40414.0,40414.0,40414.0,40414.0,0
20220819T,41398.0,41398.0,41398.0,41398.0,0
20220822T,26960.0,26960.0,26960.0,26960.0,0
20220823T,25892.0,25892.0,25892.0,25892.0,0
20220824T,32025.0,32025.0,32025.0,32025.0,0
20220825T,23959.0,23959.0,23959.0,23959.0,0
20220826T,23714.0,23714.0,23714.0,23714.0,0
20220829T,28203.0,28203.0,28203.0,28203.0,0
20220830T,25750.0,25750.0,25750.0,25750.0,0
20220901T,29727.0,29727.0,29727.0,29727.0,0
20220902T,32304.0,32304.0,32304.0,32304.0,0
20220905T,31671.0,31671.0,31671.0,31671.0,0
20220906T,38699.0,38699.0,38699.0,38699.0,0
20220907T,35773.0,35773.0,35773.0,35773.0,0
20220908T,36463.0,36463.0,36463.0,36463.0,0
20220909T,38085.0,38085.0,38085.0,38085.0,0
20220912T,37719.0,37719.0,37719.0,37719.0,0
20220913T,31724.0,31724.0,31724.0,31724.0,0
20220914T,41261.0,41261.0,41261.0,41261.0,0
20220915T,39544.0,39544.0,39544.0,39544.0,0
20220916T,33826.0,33826.0,33826.0,33826.0,0
20220919T,33637.0,33637.0,33637.0,33637.0,0
20220920T,28578.0,28578.0,28578.0,28578.0,0
20220921T,28045.0,28045.0,28045.0,28045.0,0
20220922T,30150.0,30150.0,30150.0,30150.0,0
20220923T,35757.0,35757.0,35757.0,35757.0,0
20220926T,31162.0,31162.0,31162.0,31162.0,0
20220927T,32213.0,32213.0,32213.0,32213.0,0
20220928T,35300.0,35300.0,35300.0,35300.0,0
20220929T,29837.0,29837.0,29837.0,29837.0,0
20220930T,30024.0,30024.0,30024.0,30024.0,0
20221003T,29443.0,29443.0,29443.0,29443.0,0
20221004T,24429.0,24429.0,24429.0,24429.0,0
20221006T,30053.0,30053.0,30053.0,30053.0,0
20221007T,29673.0,29673.0,29673.0,29673.0,0
20221010T,39218.0,39218.0,39218.0,39218.0,0
20221011T,40980.0,40980.0,40980.0,40980.0,0
20221012T,40103.0,40103.0,40103.0,40103.0,0
20221013T,38756.0,38756.0,38756.0,38756.0,0
20221014T,30989.0,30989.0,30989.0,30989.0,0
20221017T,34673.0,34673.0,34673.0,34673.0,0
20221018T,27500.0,27500.0,27500.0,27500.0,0
20221019T,28977.0,28977.0,28977.0,28977.0,0
20221020T,37421.0,37421.0,37421.0,37421.0,0
20221021T,41995.0,41995.0,41995.0,41995.0,0
20221025T,48136.0,48136.0,48136.0,48136.0,0
20221027T,20685.0,20685.0,20685.0,20685.0,0
20221028T,25857.0,25857.0,25857.0,25857.0,0
20221031T,23002.0,23002.0,23002.0,23002.0,0
20221101T,26548.0,26548.0,26548.0,26548.0,0
20221102T,26393.0,26393.0,26393.0,26393.0,0
20221103T,29446.0,29446.0,29446.0,29446.0,0
20221104T,30062.0,30062.0,30062.0,30062.0,0
20221107T,28781.0,28781.0,28781.0,28781.0,0
20221109T,32157.0,32157.0,32157.0,32157.0,0
20221110T,31465.0,31465.0,31465.0,31465.0,0
20221111T,32131.0,32131.0,32131.0,32131.0,0
20221114T,25837.0,25837.0,25837.0,25837.0,0
20221115T,31976.0,31976.0,31976.0,31976.0,0
20221116T,28661.0,28661.0,28661.0,28661.0,0
20221117T,25131.0,25131.0,25131.0,25131.0,0
20221118T,28640.0,28640.0,28640.0,28640.0,0
20221121T,29747.0,29747.0,29747.0,29747.0,0
20221122T,29507.0,29507.0,29507.0,29507.0,0
20221123T,29596.0,29596.0,29596.0,29596.0,0
20221124T,32677.0,32677.0,32677.0,32677.0,0
20221125T,31523.0,31523.0,31523.0,31523.0,0
20221128T,30309.0,30309.0,30309.0,30309.0,0
20221129T,35011.0,35011.0,35011.0,35011.0,0
20221130T,33278.0,33278.0,33278.0,33278.0,0
20221201T,31604.0,31604.0,31604.0,31604.0,0
20221202T,36155.0,36155.0,36155.0,36155.0,0
20221205T,37462.0,37462.0,37462.0,37462.0,0
20221206T,37153.0,37153.0,37153.0,37153.0,0
20221207T,39152.0,39152.0,39152.0,39152.0,0
20221208T,32553.0,32553.0,32553.0,32553.0,0
20221209T,33384.0,33384.0,33384.0,33384.0,0
20221212T,29291.0,29291.0,29291.0,29291.0,0
20221213T,29197.0,29197.0,29197.0,29197.0,0
20221214T,30134.0,30134.0,30134.0,30134.0,0
20221215T,34956.0,34956.0,34956.0,34956.0,0
20221216T,25372.0,25372.0,25372.0,25372.0,0
20221219T,27282.0,27282.0,27282.0,27282.0,0
20221220T,28691.0,28691.0,28691.0,28691.0,0
20221221T,31245.0,31245.0,31245.0,31245.0,0
20221222T,24854.0,24854.0,24854.0,24854.0,0
20221223T,23372.0,23372.0,23372.0,23372.0,0
20221226T,23070.0,23070.0,23070.0,23070.0,0
20221227T,24512.0,24512.0,24512.0,24512.0,0
20221228T,29833.0,29833.0,29833.0,29833.0,0
20221229T,21620.0,21620.0,21620.0,21620.0,0
20221230T,17595.0,17595.0,17595.0,17595.0,0
20230102T,21654.0,21654.0,21654.0,21654.0,0
20230103T,24750.0,24750.0,24750.0,24750.0,0
20230104T,32853.0,32853.0,32853.0,32853.0,0
20230105T,27601.0,27601.0,27601.0,27601.0,0
20230106T,18808.0,18808.0,18808.0,18808.0,0
20230109T,16497.0,16497.0,16497.0,16497.0,0
20230110T,18538.0,18538.0,18538.0,18538.0,0
20230111T,16902.0,16902.0,16902.0,16902.0,0
20230112T,16856.0,16856.0,16856.0,16856.0,0
20230113T,18540.0,18540.0,18540.0,18540.0,0
20230116T,19753.0,19753.0,19753.0,19753.0,0
20230117T,20323.0,20323.0,20323.0,20323.0,0
20230118T,17552.0,17552.0,17552.0,17552.0,0
20230119T,16516.0,16516.0,16516.0,16516.0,0
20230120T,17182.0,17182.0,17182.0,17182.0,0
20230123T,17921.0,17921.0,17921.0,17921.0,0
20230124T,21890.0,21890.0,21890.0,21890.0,0
20230125T,14961.0,14961.0,14961.0,14961.0,0
20230127T,24523.0,24523.0,24523.0,24523.0,0
20230130T,22901.0,22901.0,22901.0,22901.0,0
20230131T,21339.0,21339.0,21339.0,21339.0,0
20230201T,28634.0,28634.0,28634.0,28634.0,0
20230202T,26094.0,26094.0,26094.0,26094.0,0
20230203T,23919.0,23919.0,23919.0,23919.0,0
20230206T,31690.0,31690.0,31690.0,31690.0,0
20230207T,30038.0,30038.0,30038.0,30038.0,0
20230208T,28283.0,28283.0,28283.0,28283.0,0
20230209T,30252.0,30252.0,30252.0,30252.0,0
20230210T,28703.0,28703.0,28703.0,28703.0,0
20230213T,41433.0,41433.0,41433.0,41433.0,0
20230214T,31132.0,31132.0,31132.0,31132.0,0
20230215T,32301.0,32301.0,32301.0,32301.0,0
20230216T,26298.0,26298.0,26298.0,26298.0,0
20230217T,33790.0,33790.0,33790.0,33790.0,0
20230220T,44246.0,44246.0,44246.0,44246.0,0
20230221T,42410.0,42410.0,42410.0,42410.0,0
20230222T,45346.0,45346.0,45346.0,45346.0,0
20230223T,33830.0,33830.0,33830.0,33830.0,0
20230224T,41478.0,41478.0,41478.0,41478.0,0
20230227T,42574.0,42574.0,42574.0,42574.0,0
20230228T,46414.0,46414.0,46414.0,46414.0,0
20230301T,37772.0,37772.0,37772.0,37772.0,0
20230302T,35562.0,35562.0,35562.0,35562.0,0
20230303T,36068.0,36068.0,36068.0,36068.0,0
20230306T,33863.0,33863.0,33863.0,33863.0,0
20230308T,38261.0,38261.0,38261.0,38261.0,0
20230309T,38407.0,38407.0,38407.0,38407.0,0
20230310T,37901.0,37901.0,37901.0,37901.0,0
20230313T,34694.0,34694.0,34694.0,34694.0,0
20230314T,32776.0,32776.0,32776.0,32776.0,0
20230315T,33078.0,33078.0,33078.0,33078.0,0
20230316T,32043.0,32043.0,32043.0,32043.0,0
20230317T,36435.0,36435.0,36435.0,36435.0,0
20230320T,43199.0,43199.0,43199.0,43199.0,0
20230321T,42539.0,42539.0,42539.0,42539.0,0
20230322T,38999.0,38999.0,38999.0,38999.0,0
20230323T,38861.0,38861.0,38861.0,38861.0,0
20230324T,40826.0,40826.0,40826.0,40826.0,0
20230327T,52336.0,52336.0,52336.0,52336.0,0
20230328T,50574.0,50574.0,50574.0,50574.0,0
20230329T,40225.0,40225.0,40225.0,40225.0,0
20230331T,40558.0,40558.0,40558.0,40558.0,0
20230403T,27646.0,27646.0,27646.0,27646.0,0
20230405T,30749.0,30749.0,30749.0,30749.0,0
20230406T,28938.0,28938.0,28938.0,28938.0,0
20230410T,26832.0,26832.0,26832.0,26832.0,0
20230411T,22797.0,22797.0,22797.0,22797.0,0
20230412T,26573.0,26573.0,26573.0,26573.0,0
20230413T,35385.0,35385.0,35385.0,35385.0,0
20230417T,30370.0,30370.0,30370.0,30370.0,0
20230418T,30666.0,30666.0,30666.0,30666.0,0
20230419T,31132.0,31132.0,31132.0,31132.0,0
20230420T,36308.0,36308.0,36308.0,36308.0,0
20230421T,36280.0,36280.0,36280.0,36280.0,0
20230424T,39095.0,39095.0,39095.0,39095.0,0
20230425T,31444.0,31444.0,31444.0,31444.0,0
20230426T,42093.0,42093.0,42093.0,42093.0,0
20230427T,28770.0,28770.0,28770.0,28770.0,0
20230428T,30599.0,30599.0,30599.0,30599.0,0
20230502T,31335.0,31335.0,31335.0,31335.0,0
20230503T,34633.0,34633.0,34633.0,34633.0,0
20230504T,33222.0,33222.0,33222.0,33222.0,0
20230505T,32276.0,32276.0,32276.0,32276.0,0
20230508T,37662.0,37662.0,37662.0,37662.0,0
20230509T,44000.0,44000.0,44000.0,44000.0,0
20230510T,37889.0,37889.0,37889.0,37889.0,0
20230511T,40186.0,40186.0,40186.0,40186.0,0
20230512T,38363.0,38363.0,38363.0,38363.0,0
20230515T,45386.0,45386.0,45386.0,45386.0,0
20230516T,42755.0,42755.0,42755.0,42755.0,0
20230517T,34810.0,34810.0,34810.0,34810.0,0
20230518T,35851.0,35851.0,35851.0,35851.0,0
20230519T,33864.0,33864.0,33864.0,33864.0,0
20230522T,38777.0,38777.0,38777.0,38777.0,0
20230523T,40443.0,40443.0,40443.0,40443.0,0
20230524T,46823.0,46823.0,46823.0,46823.0,0
20230525T,28275.0,28275.0,28275.0,28275.0,0
20230526T,27740.0,27740.0,27740.0,27740.0,0
20230529T,29478.0,29478.0,29478.0,29478.0,0
20230530T,31410.0,31410.0,31410.0,31410.0,0
20230531T,35625.0,35625.0,35625.0,35625.0,0
20230601T,33576.0,33576.0,33576.0,33576.0,0
20230602T,31649.0,31649.0,31649.0,31649.0,0
20230605T,32091.0,32091.0,32091.0,32091.0,0
20230606T,31260.0,31260.0,31260.0,31260.0,0
20230607T,30575.0,30575.0,30575.0,30575.0,0
20230608T,36835.0,36835.0,36835.0,36835.0,0
20230609T,36166.0,36166.0,36166.0,36166.0,0
20230612T,33224.0,33224.0,33224.0,33224.0,0
20230613T,26140.0,26140.0,26140.0,26140.0,0
20230614T,25561.0,25561.0,25561.0,25561.0,0
20230615T,33222.0,33222.0,33222.0,33222.0,0
20230616T,30738.0,30738.0,30738.0,30738.0,0
20230619T,33628.0,33628.0,33628.0,33628.0,0
20230620T,30664.0,30664.0,30664.0,30664.0,0
20230621T,33657.0,33657.0,33657.0,33657.0,0
20230622T,35572.0,35572.0,35572.0,35572.0,0
20230623T,32218.0,32218.0,32218.0,32218.0,0
20230626T,36760.0,36760.0,36760.0,36760.0,0
20230627T,35165.0,35165.0,35165.0,35165.0,0
20230628T,35749.0,35749.0,35749.0,35749.0,0
20230630T,40807.0,40807.0,40807.0,40807.0,0
20230703T,42996.0,42996.0,42996.0,42996.0,0
20230704T,43611.0,43611.0,43611.0,43611.0,0
20230705T,41714.0,41714.0,41714.0,41714.0,0
20230706T,43818.0,43818.0,43818.0,43818.0,0
20230707T,39952.0,39952.0,39952.0,39952.0,0
20230710T,40049.0,40049.0,40049.0,40049.0,0
20230711T,41565.0,41565.0,41565.0,41565.0,0
20230712T,42230.0,42230.0,42230.0,42230.0,0
20230713T,42536.0,42536.0,42536.0,42536.0,0
20230714T,35098.0,35098.0,35098.0,35098.0,0
20230717T,43652.0,43652.0,43652.0,43652.0,0
20230718T,37946.0,37946.0,37946.0,37946.0,0
20230719T,40908.0,40908.0,40908.0,40908.0,0
20230720T,51343.0,51343.0,51343.0,51343.0,0
20230721T,44051.0,44051.0,44051.0,44051.0,0
20230724T,40627.0,40627.0,40627.0,40627.0,0
20230725T,38641.0,38641.0,38641.0,38641.0,0
20230726T,41338.0,41338.0,41338.0,41338.0,0
20230727T,33744.0,33744.0,33744.0,33744.0,0
20230728T,29289.0,29289.0,29289.0,29289.0,0
20230731T,32867.0,32867.0,32867.0,32867.0,0
20230801T,35890.0,35890.0,35890.0,35890.0,0
20230802T,32128.0,32128.0,32128.0,32128.0,0
20230803T,30897.0,30897.0,30897.0,30897.0,0
20230804T,36299.0,36299.0,36299.0,36299.0,0
20230807T,35052.0,35052.0,35052.0,35052.0,0
20230808T,30277.0,30277.0,30277.0,30277.0,0
20230809T,30224.0,30224.0,30224.0,30224.0,0
20230810T,42178.0,42178.0,42178.0,42178.0,0
20230811T,46713.0,46713.0,46713.0,46713.0,0
20230814T,38300.0,38300.0,38300.0,38300.0,0
20230816T,41555.0,41555.0,41555.0,41555.0,0
20230817T,47461.0,47461.0,47461.0,47461.0,0
20230818T,43300.0,43300.0,43300.0,43300.0,0
20230821T,33468.0,33468.0,33468.0,33468.0,0
20230822T,37480.0,37480.0,37480.0,37480.0,0
20230823T,34643.0,34643.0,34643.0,34643.0,0
20230824T,36026.0,36026.0,36026.0,36026.0,0
20230825T,42220.0,42220.0,42220.0,42220.0,0
20230828T,40106.0,40106.0,40106.0,40106.0,0
20230829T,34282.0,34282.0,34282.0,34282.0,0
20230830T,38753.0,38753.0,38753.0,38753.0,0
20230831T,60798.0,60798.0,60798.0,60798.0,0
20230901T,43173.0,43173.0,43173.0,43173.0,0
20230904T,38384.0,38384.0,38384.0,38384.0,0
20230905T,41546.0,41546.0,41546.0,41546.0,0
20230906T,50788.0,50788.0,50788.0,50788.0,0
20230907T,37124.0,37124.0,37124.0,37124.0,0
20230908T,36408.0,36408.0,36408.0,36408.0,0
20230911T,40218.0,40218.0,40218.0,40218.0,0
20230912T,45059.0,45059.0,45059.0,45059.0,0
20230913T,36266.0,36266.0,36266.0,36266.0,0
20230914T,40359.0,40359.0,40359.0,40359.0,0
20230915T,39975.0,39975.0,39975.0,39975.0,0
20230918T,43782.0,43782.0,43782.0,43782.0,0
20230920T,48408.0,48408.0,48408.0,48408.0,0
20230921T,45328.0,45328.0,45328.0,45328.0,0
20230922T,49531.0,49531.0,49531.0,49531.0,0
20230925T,52092.0,52092.0,52092.0,52092.0,0
20230926T,50914.0,50914.0,50914.0,50914.0,0
20230927T,50721.0,50721.0,50721.0,50721.0,0
20230928T,57172.0,57172.0,57172.0,57172.0,0
20230929T,49581.0,49581.0,49581.0,49581.0,0
20231003T,48520.0,48520.0,48520.0,48520.0,0
20231004T,62486.0,62486.0,62486.0,62486.0,0
20231005T,66278.0,66278.0,66278.0,66278.0,0
20231006T,61532.0,61532.0,61532.0,61532.0,0
20231009T,61995.0,61995.0,61995.0,61995.0,0
20231010T,50816.0,50816.0,50816.0,50816.0,0
20231011T,49897.0,49897.0,49897.0,49897.0,0
20231012T,54458.0,54458.0,54458.0,54458.0,0
20231013T,61680.0,61680.0,61680.0,61680.0,0
20231016T,62071.0,62071.0,62071.0,62071.0,0
20231017T,59080.0,59080.0,59080.0,59080.0,0
20231018T,85518.0,85518.0,85518.0,85518.0,0
20231019T,77775.0,77775.0,77775.0,77775.0,0
20231020T,76035.0,76035.0,76035.0,76035.0,0
20231023T,67963.0,67963.0,67963.0,67963.0,0
20231025T,63286.0,63286.0,63286.0,63286.0,0
20231026T,53034.0,53034.0,53034.0,53034.0,0
20231027T,57176.0,57176.0,57176.0,57176.0,0
20231030T,60980.0,60980.0,60980.0,60980.0,0
20231031T,59839.0,59839.0,59839.0,59839.0,0
20231101T,59385.0,59385.0,59385.0,59385.0,0
20231102T,56602.0,56602.0,56602.0,56602.0,0
20231103T,52840.0,52840.0,52840.0,52840.0,0
20231106T,49041.0,49041.0,49041.0,49041.0,0
20231107T,51970.0,51970.0,51970.0,51970.0,0
20231108T,67573.0,67573.0,67573.0,67573.0,0
20231109T,72267.0,72267.0,72267.0,72267.0,0
20231110T,74671.0,74671.0,74671.0,74671.0,0
20231113T,67162.0,67162.0,67162.0,67162.0,0
20231115T,63563.0,63563.0,63563.0,63563.0,0
20231116T,64400.0,64400.0,64400.0,64400.0,0
20231117T,67739.0,67739.0,67739.0,67739.0,0
20231120T,60879.0,60879.0,60879.0,60879.0,0
20231121T,57614.0,57614.0,57614.0,57614.0,0
20231122T,63736.0,63736.0,63736.0,63736.0,0
20231123T,69530.0,69530.0,69530.0,69530.0,0
20231124T,62184.0,62184.0,62184.0,62184.0,0
20231128T,69921.0,69921.0,69921.0,69921.0,0
20231129T,94872.0,94872.0,94872.0,94872.0,0
20231130T,62389.0,62389.0,62389.0,62389.0,0
20231201T,53852.0,53852.0,53852.0,53852.0,0
20231204T,40714.0,40714.0,40714.0,40714.0,0
20231205T,40676.0,40676.0,40676.0,40676.0,0
20231206T,33432.0,33432.0,33432.0,33432.0,0
20231207T,38826.0,38826.0,38826.0,38826.0,0
20231208T,36365.0,36365.0,36365.0,36365.0,0
20231211T,34879.0,34879.0,34879.0,34879.0,0
20231212T,32839.0,32839.0,32839.0,32839.0,0
20231213T,27244.0,27244.0,27244.0,27244.0,0
20231214T,36558.0,36558.0,36558.0,36558.0,0
20231215T,37245.0,37245.0,37245.0,37245.0,0
20231218T,29438.0,29438.0,29438.0,29438.0,0
20231219T,38541.0,38541.0,38541.0,38541.0,0
20231220T,34323.0,34323.0,34323.0,34323.0,0
20231221T,34780.0,34780.0,34780.0,34780.0,0
20231222T,33490.0,33490.0,33490.0,33490.0,0
20231226T,42913.0,42913.0,42913.0,42913.0,0
20231227T,56708.0,56708.0,56708.0,56708.0,0
20231228T,22604.0,22604.0,22604.0,22604.0,0
20231229T,27089.0,27089.0,27089.0,27089.0,0
20240101T,28249.0,28249.0,28249.0,28249.0,0
20240102T,31786.0,31786.0,31786.0,31786.0,0
20240103T,24952.0,24952.0,24952.0,24952.0,0
20240104T,22858.0,22858.0,22858.0,22858.0,0
20240105T,19446.0,19446.0,19446.0,19446.0,0
20240108T,40026.0,40026.0,40026.0,40026.0,0
20240109T,34381.0,34381.0,34381.0,34381.0,0
20240110T,35898.0,35898.0,35898.0,35898.0,0
20240111T,42077.0,42077.0,42077.0,42077.0,0
20240112T,37261.0,37261.0,37261.0,37261.0,0
20240115T,37211.0,37211.0,37211.0,37211.0,0
20240116T,44544.0,44544.0,44544.0,44544.0,0
20240117T,51322.0,51322.0,51322.0,51322.0,0
20240118T,50616.0,50616.0,50616.0,50616.0,0
20240119T,57408.0,57408.0,57408.0,57408.0,0
20240123T,62211.0,62211.0,62211.0,62211.0,0
20240124T,83361.0,83361.0,83361.0,83361.0,0
20240125T,93872.0,93872.0,93872.0,93872.0,0
20240129T,82067.0,82067.0,82067.0,82067.0,0
20240130T,68502.0,68502.0,68502.0,68502.0,0
20240131T,67249.0,67249.0,67249.0,67249.0,0
20240201T,67473.0,67473.0,67473.0,67473.0,0
20240202T,64490.0,64490.0,64490.0,64490.0,0
20240205T,58173.0,58173.0,58173.0,58173.0,0
20240206T,71383.0,71383.0,71383.0,71383.0,0
20240207T,84993.0,84993.0,84993.0,84993.0,0
20240208T,81526.0,81526.0,81526.0,81526.0,0
20240209T,77015.0,77015.0,77015.0,77015.0,0
20240212T,68274.0,68274.0,68274.0,68274.0,0
20240213T,88929.0,88929.0,88929.0,88929.0,0
20240214T,83416.0,83416.0,83416.0,83416.0,0
20240215T,67545.0,67545.0,67545.0,67545.0,0
20240216T,63319.0,63319.0,63319.0,63319.0,0
20240219T,60806.0,60806.0,60806.0,60806.0,0
20240220T,57235.0,57235.0,57235.0,57235.0,0
20240221T,55934.0,55934.0,55934.0,55934.0,0
20240223T,48638.0,48638.0,48638.0,48638.0,0
20240226T,48215.0,48215.0,48215.0,48215.0,0
20240227T,49087.0,49087.0,49087.0,49087.0,0
20240228T,55451.0,55451.0,55451.0,55451.0,0
20240229T,58273.0,58273.0,58273.0,58273.0,0
20240301T,56263.0,56263.0,56263.0,56263.0,0
20240304T,51626.0,51626.0,51626.0,51626.0,0
20240305T,65047.0,65047.0,65047.0,65047.0,0
20240306T,73233.0,73233.0,73233.0,73233.0,0
20240307T,55776.0,55776.0,55776.0,55776.0,0
20240311T,54344.0,54344.0,54344.0,54344.0,0
20240312T,66937.0,66937.0,66937.0,66937.0,0
20240313T,65010.0,65010.0,65010.0,65010.0,0
20240314T,76507.0,76507.0,76507.0,76507.0,0
20240315T,75978.0,75978.0,75978.0,75978.0,0
20240318T,77610.0,77610.0,77610.0,77610.0,0
20240319T,74648.0,74648.0,74648.0,74648.0,0
20240320T,74621.0,74621.0,74621.0,74621.0,0
20240321T,77049.0,77049.0,77049.0,77049.0,0
20240322T,70871.0,70871.0,70871.0,70871.0,0
20240326T,76829.0,76829.0,76829.0,76829.0,0
20240327T,73431.0,73431.0,73431.0,73431.0,0
20240328T,57519.0,57519.0,57519.0,57519.0,0
20240401T,32359.0,32359.0,32359.0,32359.0,0
20240402T,30387.0,30387.0,30387.0,30387.0,0
20240403T,36646.0,36646.0,36646.0,36646.0,0
20240404T,46865.0,46865.0,46865.0,46865.0,0
20240405T,52495.0,52495.0,52495.0,52495.0,0
20240408T,51164.0,51164.0,51164.0,51164.0,0
20240409T,49295.0,49295.0,49295.0,49295.0,0
20240410T,34342.0,34342.0,34342.0,34342.0,0
20240412T,28290.0,28290.0,28290.0,28290.0,0
20240415T,35978.0,35978.0,35978.0,35978.0,0
20240416T,30442.0,30442.0,30442.0,30442.0,0
20240418T,56991.0,56991.0,56991.0,56991.0,0
20240419T,41635.0,41635.0,41635.0,41635.0,0
20240422T,51452.0,51452.0,51452.0,51452.0,0
20240423T,52392.0,52392.0,52392.0,52392.0,0
20240424T,53312.0,53312.0,53312.0,53312.0,0
20240425T,40808.0,40808.0,40808.0,40808.0,0
20240426T,51426.0,51426.0,51426.0,51426.0,0
20240429T,51816.0,51816.0,51816.0,51816.0,0
20240430T,49181.0,49181.0,49181.0,49181.0,0
20240502T,48085.0,48085.0,48085.0,48085.0,0
20240503T,53818.0,53818.0,53818.0,53818.0,0
20240506T,55592.0,55592.0,55592.0,55592.0,0
20240507T,53015.0,53015.0,53015.0,53015.0,0
20240508T,52954.0,52954.0,52954.0,52954.0,0
20240509T,83083.0,83083.0,83083.0,83083.0,0
20240510T,67579.0,67579.0,67579.0,67579.0,0
20240513T,63571.0,63571.0,63571.0,63571.0,0
20240514T,65246.0,65246.0,65246.0,65246.0,0
20240515T,75413.0,75413.0,75413.0,75413.0,0
20240516T,90049.0,90049.0,90049.0,90049.0,0
20240517T,79429.0,79429.0,79429.0,79429.0,0
20240521T,82001.0,82001.0,82001.0,82001.0,0
20240522T,82276.0,82276.0,82276.0,82276.0,0
20240523T,88788.0,88788.0,88788.0,88788.0,0
20240524T,79698.0,79698.0,79698.0,79698.0,0
20240527T,66854.0,66854.0,66854.0,66854.0,0
20240528T,61107.0,61107.0,61107.0,61107.0,0
20240529T,57593.0,57593.0,57593.0,57593.0,0
20240530T,78180.0,78180.0,78180.0,78180.0,0
20240531T,75973.0,75973.0,75973.0,75973.0,0
20240603T,77478.0,77478.0,77478.0,77478.0,0
20240604T,95610.0,95610.0,95610.0,95610.0,0
20240605T,111417.0,111417.0,111417.0,111417.0,0
20240606T,142343.0,142343.0,142343.0,142343.0,0
20240607T,126237.0,126237.0,126237.0,126237.0,0
20240610T,99874.0,99874.0,99874.0,99874.0,0
20240611T,93171.0,93171.0,93171.0,93171.0,0
20240612T,93623.0,93623.0,93623.0,93623.0,0
20240613T,79882.0,79882.0,79882.0,79882.0,0
20240614T,86540.0,86540.0,86540.0,86540.0,0
20240618T,91637.0,91637.0,91637.0,91637.0,0
20240619T,101212.0,101212.0,101212.0,101212.0,0
20240620T,111630.0,111630.0,111630.0,111630.0,0
20240621T,94366.0,94366.0,94366.0,94366.0,0
20240624T,96938.0,96938.0,96938.0,96938.0,0
20240625T,115333.0,115333.0,115333.0,115333.0,0
20240626T,89242.0,89242.0,89242.0,89242.0,0
20240627T,63326.0,63326.0,63326.0,63326.0,0
20240628T,57629.0,57629.0,57629.0,57629.0,0
20240701T,61601.0,61601.0,61601.0,61601.0,0
20240702T,57583.0,57583.0,57583.0,57583.0,0
20240703T,68480.0,68480.0,68480.0,68480.0,0
20240704T,65562.0,65562.0,65562.0,65562.0,0
20240705T,57812.0,57812.0,57812.0,57812.0,0
20240708T,55545.0,55545.0,55545.0,55545.0,0
20240709T,60141.0,60141.0,60141.0,60141.0,0
20240710T,55819.0,55819.0,55819.0,55819.0,0
20240711T,56542.0,56542.0,56542.0,56542.0,0
20240712T,52122.0,52122.0,52122.0,52122.0,0
20240715T,54171.0,54171.0,54171.0,54171.0,0
20240716T,48607.0,48607.0,48607.0,48607.0,0
20240718T,57130.0,57130.0,57130.0,57130.0,0
20240719T,48416.0,48416.0,48416.0,48416.0,0
20240722T,45316.0,45316.0,45316.0,45316.0,0
20240723T,49674.0,49674.0,49674.0,49674.0,0
20240724T,67719.0,67719.0,67719.0,67719.0,0
20240725T,91871.0,91871.0,91871.0,91871.0,0
20240726T,100200.0,100200.0,100200.0,100200.0,0
20240729T,78884.0,78884.0,78884.0,78884.0,0
20240730T,80517.0,80517.0,80517.0,80517.0,0
20240731T,90807.0,90807.0,90807.0,90807.0,0
20240801T,87214.0,87214.0,87214.0,87214.0,0
20240802T,83063.0,83063.0,83063.0,83063.0,0
20240805T,108429.0,108429.0,108429.0,108429.0,0
20240806T,103884.0,103884.0,103884.0,103884.0,0
20240807T,99519.0,99519.0,99519.0,99519.0,0
20240808T,103693.0,103693.0,103693.0,103693.0,0
20240809T,95624.0,95624.0,95624.0,95624.0,0
20240812T,84722.0,84722.0,84722.0,84722.0,0
20240813T,103330.0,103330.0,103330.0,103330.0,0
20240814T,100762.0,100762.0,100762.0,100762.0,0
20240816T,94474.0,94474.0,94474.0,94474.0,0
20240819T,78567.0,78567.0,78567.0,78567.0,0
20240820T,72675.0,72675.0,72675.0,72675.0,0
20240821T,79139.0,79139.0,79139.0,79139.0,0
20240822T,82988.0,82988.0,82988.0,82988.0,0
20240823T,86145.0,86145.0,86145.0,86145.0,0
20240826T,79687.0,79687.0,79687.0,79687.0,0
20240827T,77426.0,77426.0,77426.0,77426.0,0
20240828T,64737.0,64737.0,64737.0,64737.0,0
20240829T,59588.0,59588.0,59588.0,59588.0,0
20240830T,54467.0,54467.0,54467.0,54467.0,0
20240902T,57081.0,57081.0,57081.0,57081.0,0
20240903T,58986.0,58986.0,58986.0,58986.0,0
20240904T,60075.0,60075.0,60075.0,60075.0,0
20240905T,59517.0,59517.0,59517.0,59517.0,0
20240906T,58761.0,58761.0,58761.0,58761.0,0
20240909T,55725.0,55725.0,55725.0,55725.0,0
20240910T,50127.0,50127.0,50127.0,50127.0,0
20240911T,59866.0,59866.0,59866.0,59866.0,0
20240912T,80423.0,80423.0,80423.0,80423.0,0
20240913T,65279.0,65279.0,65279.0,65279.0,0
20240916T,59545.0,59545.0,59545.0,59545.0,0
20240917T,62050.0,62050.0,62050.0,62050.0,0
20240918T,53973.0,53973.0,53973.0,53973.0,0
20240919T,61889.0,61889.0,61889.0,61889.0,0
20240920T,69029.0,69029.0,69029.0,69029.0,0
20240923T,66591.0,66591.0,66591.0,66591.0,0
20240924T,76794.0,76794.0,76794.0,76794.0,0
20240925T,56558.0,56558.0,56558.0,56558.0,0
20240926T,68862.0,68862.0,68862.0,68862.0,0
20240927T,60508.0,60508.0,60508.0,60508.0,0
20240930T,31659.0,31659.0,31659.0,31659.0,0
20241001T,35151.0,35151.0,35151.0,35151.0,0
20241003T,65441.0,65441.0,65441.0,65441.0,0
20241004T,79706.0,79706.0,79706.0,79706.0,0
20241007T,110425.0,110425.0,110425.0,110425.0,0
20241008T,103404.0,103404.0,103404.0,103404.0,0
20241009T,115696.0,115696.0,115696.0,115696.0,0
20241010T,124380.0,124380.0,124380.0,124380.0,0
20241011T,114408.0,114408.0,114408.0,114408.0,0
20241014T,104649.0,104649.0,104649.0,104649.0,0
20241015T,110566.0,110566.0,110566.0,110566.0,0
20241016T,118610.0,118610.0,118610.0,118610.0,0
20241017T,111718.0,111718.0,111718.0,111718.0,0
20241018T,93492.0,93492.0,93492.0,93492.0,0
20241021T,88312.0,88312.0,88312.0,88312.0,0
20241022T,111374.0,111374.0,111374.0,111374.0,0
20241023T,98122.0,98122.0,98122.0,98122.0,0
20241024T,85334.0,85334.0,85334.0,85334.0,0
20241025T,71594.0,71594.0,71594.0,71594.0,0
20241028T,69585.0,69585.0,69585.0,69585.0,0
20241029T,78699.0,78699.0,78699.0,78699.0,0
20241030T,64246.0,64246.0,64246.0,64246.0,0
20241031T,64673.0,64673.0,64673.0,64673.0,0
20241104T,61555.0,61555.0,61555.0,61555.0,0
20241105T,50537.0,50537.0,50537.0,50537.0,0
20241106T,53768.0,53768.0,53768.0,53768.0,0
20241107T,50613.0,50613.0,50613.0,50613.0,0
20241108T,58509.0,58509.0,58509.0,58509.0,0
20241111T,67646.0,67646.0,67646.0,67646.0,0
20241112T,87307.0,87307.0,87307.0,87307.0,0
20241113T,74396.0,74396.0,74396.0,74396.0,0
20241114T,61907.0,61907.0,61907.0,61907.0,0
20241118T,55775.0,55775.0,55775.0,55775.0,0
20241119T,53340.0,53340.0,53340.0,53340.0,0
20241121T,60905.0,60905.0,60905.0,60905.0,0
20241122T,53962.0,53962.0,53962.0,53962.0,0
20241125T,53092.0,53092.0,53092.0,53092.0,0
20241126T,59460.0,59460.0,59460.0,59460.0,0
20241127T,60689.0,60689.0,60689.0,60689.0,0
20241128T,45951.0,45951.0,45951.0,45951.0,0
20241129T,45673.0,45673.0,45673.0,45673.0,0
20241202T,59704.0,59704.0,59704.0,59704.0,0
20241203T,61857.0,61857.0,61857.0,61857.0,0
20241204T,63890.0,63890.0,63890.0,63890.0,0
20241205T,58668.0,58668.0,58668.0,58668.0,0
20241206T,59953.0,59953.0,59953.0,59953.0,0
20241209T,52567.0,52567.0,52567.0,52567.0,0
20241210T,51806.0,51806.0,51806.0,51806.0,0
20241211T,49572.0,49572.0,49572.0,49572.0,0
20241212T,54017.0,54017.0,54017.0,54017.0,0
20241213T,60018.0,60018.0,60018.0,60018.0,0
20241216T,53096.0,53096.0,53096.0,53096.0,0
20241217T,56110.0,56110.0,56110.0,56110.0,0
20241218T,49237.0,49237.0,49237.0,49237.0,0
20241219T,51712.0,51712.0,51712.0,51712.0,0
20241220T,66759.0,66759.0,66759.0,66759.0,0
20241223T,69320.0,69320.0,69320.0,69320.0,0
20241224T,66770.0,66770.0,66770.0,66770.0,0
20241226T,43892.0,43892.0,43892.0,43892.0,0
20241227T,40018.0,40018.0,40018.0,40018.0,0
20241230T,52668.0,52668.0,52668.0,52668.0,0
20241231T,70324.0,70324.0,70324.0,70324.0,0
20250101T,63304.0,63304.0,63304.0,63304.0,0
20250102T,58839.0,58839.0,58839.0,58839.0,0
20250103T,56415.0,56415.0,56415.0,56415.0,0
20250106T,55573.0,55573.0,55573.0,55573.0,0
20250107T,63473.0,63473.0,63473.0,63473.0,0
20250108T,66753.0,66753.0,66753.0,66753.0,0
20250109T,84409.0,84409.0,84409.0,84409.0,0
20250110T,85412.0,85412.0,85412.0,85412.0,0
20250113T,90426.0,90426.0,90426.0,90426.0,0
20250114T,82368.0,82368.0,82368.0,82368.0,0
20250115T,77493.0,77493.0,77493.0,77493.0,0
20250116T,74108.0,74108.0,74108.0,74108.0,0
20250117T,82066.0,82066.0,82066.0,82066.0,0
20250120T,82258.0,82258.0,82258.0,82258.0,0
20250121T,101624.0,101624.0,101624.0,101624.0,0
20250122T,88647.0,88647.0,88647.0,88647.0,0
20250123T,78359.0,78359.0,78359.0,78359.0,0
20250124T,82037.0,82037.0,82037.0,82037.0,0
20250127T,74796.0,74796.0,74796.0,74796.0,0
20250128T,62226.0,62226.0,62226.0,62226.0,0
20250129T,52651.0,52651.0,52651.0,52651.0,0
20250130T,32653.0,32653.0,32653.0,32653.0,0
20250131T,46427.0,46427.0,46427.0,46427.0,0
20250203T,44093.0,44093.0,44093.0,44093.0,0
20250204T,33955.0,33955.0,33955.0,33955.0,0
20250205T,29584.0,29584.0,29584.0,29584.0,0
20250206T,30343.0,30343.0,30343.0,30343.0,0
20250207T,34740.0,34740.0,34740.0,34740.0,0
20250210T,40429.0,40429.0,40429.0,40429.0,0
20250211T,52296.0,52296.0,52296.0,52296.0,0
20250212T,47086.0,47086.0,47086.0,47086.0,0
20250213T,47732.0,47732.0,47732.0,47732.0,0
20250214T,57149.0,57149.0,57149.0,57149.0,0
20250217T,55606.0,55606.0,55606.0,55606.0,0
20250218T,57198.0,57198.0,57198.0,57198.0,0
20250219T,52519.0,52519.0,52519.0,52519.0,0
20250220T,54336.0,54336.0,54336.0,54336.0,0
20250221T,61668.0,61668.0,61668.0,61668.0,0
20250224T,61651.0,61651.0,61651.0,61651.0,0
20250225T,64812.0,64812.0,64812.0,64812.0,0
20250227T,42267.0,42267.0,42267.0,42267.0,0
20250228T,43745.0,43745.0,43745.0,43745.0,0
20250303T,48939.0,48939.0,48939.0,48939.0,0
20250304T,42889.0,42889.0,42889.0,42889.0,0
20250305T,42206.0,42206.0,42206.0,42206.0,0
20250306T,38024.0,38024.0,38024.0,38024.0,0
20250307T,38629.0,38629.0,38629.0,38629.0,0
20250310T,38288.0,38288.0,38288.0,38288.0,0
20250311T,38456.0,38456.0,38456.0,38456.0,0
20250312T,38367.0,38367.0,38367.0,38367.0,0
20250313T,36805.0,36805.0,36805.0,36805.0,0
20250317T,36835.0,36835.0,36835.0,36835.0,0
20250318T,39678.0,39678.0,39678.0,39678.0,0
20250319T,40009.0,40009.0,40009.0,40009.0,0
20250320T,36946.0,36946.0,36946.0,36946.0,0
20250321T,35717.0,35717.0,35717.0,35717.0,0
20250324T,45283.0,45283.0,45283.0,45283.0,0
20250325T,55866.0,55866.0,55866.0,55866.0,0
20250326T,43202.0,43202.0,43202.0,43202.0,0
20250327T,26500.0,26500.0,26500.0,26500.0,0
20250328T,24623.0,24623.0,24623.0,24623.0,0
20250401T,18488.0,18488.0,18488.0,18488.0,0
20250402T,17031.0,17031.0,17031.0,17031.0,0
20250403T,17514.0,17514.0,17514.0,17514.0,0
20250404T,17622.0,17622.0,17622.0,17622.0,0
20250407T,36422.0,36422.0,36422.0,36422.0,0
20250408T,31534.0,31534.0,31534.0,31534.0,0
20250409T,30353.0,30353.0,30353.0,30353.0,0
20250411T,27906.0,27906.0,27906.0,27906.0,0
20250415T,26174.0,26174.0,26174.0,26174.0,0
20250416T,26129.0,26129.0,26129.0,26129.0,0
20250417T,32074.0,32074.0,32074.0,32074.0,0
20250421T,42322.0,42322.0,42322.0,42322.0,0
20250422T,53593.0,53593.0,53593.0,53593.0,0
20250423T,45776.0,45776.0,45776.0,45776.0,0
20250424T,20154.0,20154.0,20154.0,20154.0,0
20250425T,22486.0,22486.0,22486.0,22486.0,0
20250428T,30871.0,30871.0,30871.0,30871.0,0
20250429T,30428.0,30428.0,30428.0,30428.0,0
20250430T,30717.0,30717.0,30717.0,30717.0,0
20250502T,25361.0,25361.0,25361.0,25361.0,0
20250505T,27672.0,27672.0,27672.0,27672.0,0
20250506T,26784.0,26784.0,26784.0,26784.0,0
20250507T,23408.0,23408.0,23408.0,23408.0,0
20250508T,21912.0,21912.0,21912.0,21912.0,0
20250509T,17837.0,17837.0,17837.0,17837.0,0
20250512T,19452.0,19452.0,19452.0,19452.0,0
20250513T,15598.0,15598.0,15598.0,15598.0,0
20250514T,16602.0,16602.0,16602.0,16602.0,0
20250515T,25367.0,25367.0,25367.0,25367.0,0
20250516T,22011.0,22011.0,22011.0,22011.0,0
20250519T,23264.0,23264.0,23264.0,23264.0,0
20250520T,30355.0,30355.0,30355.0,30355.0,0
20250521T,36314.0,36314.0,36314.0,36314.0,0
20250522T,36587.0,36587.0,36587.0,36587.0,0
20250523T,41749.0,41749.0,41749.0,41749.0,0
20250526T,43636.0,43636.0,43636.0,43636.0,0
20250527T,30400.0,30400.0,30400.0,30400.0,0
20250528T,35291.0,35291.0,35291.0,35291.0,0
20250529T,16354.0,16354.0,16354.0,16354.0,0
20250530T,19518.0,19518.0,19518.0,19518.0,0
20250602T,18025.0,18025.0,18025.0,18025.0,0
20250603T,21169.0,21169.0,21169.0,21169.0,0
20250604T,20720.0,20720.0,20720.0,20720.0,0
20250605T,27870.0,27870.0,27870.0,27870.0,0
20250606T,29566.0,29566.0,29566.0,29566.0,0
20250609T,26205.0,26205.0,26205.0,26205.0,0
20250610T,22060.0,22060.0,22060.0,22060.0,0
20250611T,22450.0,22450.0,22450.0,22450.0,0
20250612T,21360.0,21360.0,21360.0,21360.0,0
20250613T,19890.0,19890.0,19890.0,19890.0,0
20250616T,27801.0,27801.0,27801.0,27801.0,0
20250617T,24165.0,24165.0,24165.0,24165.0,0
20250618T,24492.0,24492.0,24492.0,24492.0,0
20250619T,23893.0,23893.0,23893.0,23893.0,0
20250620T,38294.0,38294.0,38294.0,38294.0,0
20250623T,32826.0,32826.0,32826.0,32826.0,0
20250624T,39683.0,39683.0,39683.0,39683.0,0
20250625T,55863.0,55863.0,55863.0,55863.0,0
20250626T,25101.0,25101.0,25101.0,25101.0,0
20250627T,28155.0,28155.0,28155.0,28155.0,0
20250630T,39419.0,39419.0,39419.0,39419.0,0
20250701T,43165.0,43165.0,43165.0,43165.0,0
20250702T,33577.0,33577.0,33577.0,33577.0,0
20250703T,31934.0,31934.0,31934.0,31934.0,0
20250704T,29928.0,29928.0,29928.0,29928.0,0
20250707T,26723.0,26723.0,26723.0,26723.0,0
20250708T,25703.0,25703.0,25703.0,25703.0,0
20250709T,29972.0,29972.0,29972.0,29972.0,0
20250710T,31911.0,31911.0,31911.0,31911.0,0
20250711T,34480.0,34480.0,34480.0,34480.0,0
20250714T,39027.0,39027.0,39027.0,39027.0,0
20250715T,38547.0,38547.0,38547.0,38547.0,0
20250716T,39988.0,39988.0,39988.0,39988.0,0
20250717T,41736.0,41736.0,41736.0,41736.0,0
20250718T,49137.0,49137.0,49137.0,49137.0,0
20250721T,41845.0,41845.0,41845.0,41845.0,0
20250722T,43873.0,43873.0,43873.0,43873.0,0
20250723T,38114.0,38114.0,38114.0,38114.0,0
20250724T,37471.0,37471.0,37471.0,37471.0,0
20250725T,45884.0,45884.0,45884.0,45884.0,0
20250728T,45521.0,45521.0,45521.0,45521.0,0
20250729T,47730.0,47730.0,47730.0,47730.0,0
20250730T,53561.0,53561.0,53561.0,53561.0,0
20250731T,29278.0,29278.0,29278.0,29278.0,0
20250801T,40378.0,40378.0,40378.0,40378.0,0
20250804T,40704.0,40704.0,40704.0,40704.0,0
20250805T,46349.0,46349.0,46349.0,46349.0,0
20250806T,46578.0,46578.0,46578.0,46578.0,0
20250807T,46623.0,46623.0,46623.0,46623.0,0
20250808T,52876.0,52876.0,52876.0,52876.0,0
20250811T,48925.0,48925.0,48925.0,48925.0,0
20250812T,51682.0,51682.0,51682.0,51682.0,0
20250813T,52560.0,52560.0,52560.0,52560.0,0
20250814T,54976.0,54976.0,54976.0,54976.0,0
20250818T,51648.0,51648.0,51648.0,51648.0,0
20250819T,48726.0,48726.0,48726.0,48726.0,0
20250820T,50211.0,50211.0,50211.0,50211.0,0
20250821T,52908.0,52908.0,52908.0,52908.0,0
20250822T,53553.0,53553.0,53553.0,53553.0,0
20250825T,53135.0,53135.0,53135.0,53135.0,0
20250826T,51851.0,51851.0,51851.0,51851.0,0
20250828T,31847.0,31847.0,31847.0,31847.0,0
20250829T,34767.0,34767.0,34767.0,34767.0,0
20250901T,34938.0,34938.0,34938.0,34938.0,0
20250902T,39974.0,39974.0,39974.0,39974.0,0
20250903T,37992.0,37992.0,37992.0,37992.0,0
20250904T,43865.0,43865.0,43865.0,43865.0,0
20250905T,46620.0,46620.0,46620.0,46620.0,0
20250908T,41968.0,41968.0,41968.0,41968.0,0
20250909T,41807.0,41807.0,41807.0,41807.0,0
20250910T,44185.0,44185.0,44185.0,44185.0,0
20250911T,39629.0,39629.0,39629.0,39629.0,0
20250912T,36120.0,36120.0,36120.0,36120.0,0
20250915T,35372.0,35372.0,35372.0,35372.0,0
20250916T,33406.0,33406.0,33406.0,33406.0,0
20250917T,30122.0,30122.0,30122.0,30122.0,0
20250918T,29876.0,29876.0,29876.0,29876.0,0
20250919T,26010.0,26010.0,26010.0,26010.0,0
20250922T,27140.0,27140.0,27140.0,27140.0,0
20250923T,24122.0,24122.0,24122.0,24122.0,0
20250924T,26548.0,26548.0,26548.0,26548.0,0
20250925T,31920.0,31920.0,31920.0,31920.0,0
20250926T,42964.0,42964.0,42964.0,42964.0,0
20250929T,44079.0,44079.0,44079.0,44079.0,0
20250930T,33705.0,33705.0,33705.0,33705.0,0
20251001T,33883.0,33883.0,33883.0,33883.0,0
20251003T,35091.0,35091.0,35091.0,35091.0,0
20251006T,45930.0,45930.0,45930.0,45930.0,0
20251007T,48696.0,48696.0,48696.0,48696.0,0
20251008T,40360.0,40360.0,40360.0,40360.0,0
20251009T,39666.0,39666.0,39666.0,39666.0,0
20251010T,41219.0,41219.0,41219.0,41219.0,0
20251013T,39330.0,39330.0,39330.0,39330.0,0
20251014T,44505.0,44505.0,44505.0,44505.0,0
20251015T,50242.0,50242.0,50242.0,50242.0,0
20251016T,44311.0,44311.0,44311.0,44311.0,0
20251017T,44886.0,44886.0,44886.0,44886.0,0
20251020T,49375.0,49375.0,49375.0,49375.0,0
20251023T,45822.0,45822.0,45822.0,45822.0,0
20251024T,33838.0,33838.0,33838.0,33838.0,0
20251027T,40317.0,40317.0,40317.0,40317.0,0
20251028T,17636.0,17636.0,17636.0,17636.0,0
20251029T,23958.0,23958.0,23958.0,23958.0,0
20251030T,28331.0,28331.0,28331.0,28331.0,0
20251031T,37957.0,37957.0,37957.0,37957.0,0
20251103T,30122.0,30122.0,30122.0,30122.0,0
20251104T,33161.0,33161.0,33161.0,33161.0,0
20251106T,35394.0,35394.0,35394.0,35394.0,0
20251107T,41354.0,41354.0,41354.0,41354.0,0
20251110T,46583.0,46583.0,46583.0,46583.0,0
20251111T,44847.0,44847.0,44847.0,44847.0,0
20251112T,44004.0,44004.0,44004.0,44004.0,0
20251113T,48432.0,48432.0,48432.0,48432.0,0
20251114T,48971.0,48971.0,48971.0,48971.0,0
20251117T,47270.0,47270.0,47270.0,47270.0,0
20251118T,43567.0,43567.0,43567.0,43567.0,0
20251119T,43874.0,43874.0,43874.0,43874.0,0
20251120T,48781.0,48781.0,48781.0,48781.0,0
20251121T,68372.0,68372.0,68372.0,68372.0,0
20251124T,78119.0,78119.0,78119.0,78119.0,0
20251125T,15551.0,15551.0,15551.0,15551.0,0
20251126T,19037.0,19037.0,19037.0,19037.0,0
20251127T,16201.0,16201.0,16201.0,16201.0,0
20251128T,16263.0,16263.0,16263.0,16263.0,0
20251201T,20292.0,20292.0,20292.0,20292.0,0
20251202T,24960.0,24960.0,24960.0,24960.0,0
20251203T,28259.0,28259.0,28259.0,28259.0,0
20251204T,35940.0,35940.0,35940.0,35940.0,0
20251205T,28931.0,28931.0,28931.0,28931.0,0
20251208T,49642.0,49642.0,49642.0,49642.0,0
20251209T,54972.0,54972.0,54972.0,54972.0,0
20251210T,61177.0,61177.0,61177.0,61177.0,0
20251211T,50497.0,50497.0,50497.0,50497.0,0
20251212T,45887.0,45887.0,45887.0,45887.0,0
20251215T,39344.0,39344.0,39344.0,39344.0,0
20251216T,48079.0,48079.0,48079.0,48079.0,0
20251217T,50708.0,50708.0,50708.0,50708.0,0
20251218T,46791.0,46791.0,46791.0,46791.0,0
20251219T,45247.0,45247.0,45247.0,45247.0,0
20251222T,41891.0,41891.0,41891.0,41891.0,0
20251223T,39935.0,39935.0,39935.0,39935.0,0
20251224T,46089.0,46089.0,46089.0,46089.0,0
20251226T,40680.0,40680.0,40680.0,40680.0,0
20251229T,44675.0,44675.0,44675.0,44675.0,0
20251230T,26070.0,26070.0,26070.0,26070.0,0
20251231T,30370.0,30370.0,30370.0,30370.0,0
20260101T,29653.0,29653.0,29653.0,29653.0,0
20260102T,29237.0,29237.0,29237.0,29237.0,0
20260105T,31204.0,31204.0,31204.0,31204.0,0
20260106T,31665.0,31665.0,31665.0,31665.0,0
20260107T,30183.0,30183.0,30183.0,30183.0,0
20260108T,53374.0,53374.0,53374.0,53374.0,0
20260109T,62126.0,62126.0,62126.0,62126.0,0
20260112T,60578.0,60578.0,60578.0,60578.0,0
20260113T,60242.0,60242.0,60242.0,60242.0,0
20260114T,58998.0,58998.0,58998.0,58998.0,0
20260116T,54980.0,54980.0,54980.0,54980.0,0
20260119T,52506.0,52506.0,52506.0,52506.0,0
20260120T,59259.0,59259.0,59259.0,59259.0,0
20260121T,59501.0,59501.0,59501.0,59501.0,0
20260122T,72746.0,72746.0,72746.0,72746.0,0
20260123T,77498.0,77498.0,77498.0,77498.0,0
20260127T,30960.0,30960.0,30960.0,30960.0,0
20260128T,32410.0,32410.0,32410.0,32410.0,0
20260129T,33207.0,33207.0,33207.0,33207.0,0
20260130T,35412.0,35412.0,35412.0,35412.0,0
20260201T,46863.0,46863.0,46863.0,46863.0,0
20260202T,41285.0,41285.0,41285.0,41285.0,0
