20120106T,31684.0,31684.0,31684.0,31684.0,0
20120109T,33905.0,33905.0,33905.0,33905.0,0
20120110T,41185.0,41185.0,41185.0,41185.0,0
20120111T,52280.0,52280.0,52280.0,52280.0,0
20120112T,55612.0,55612.0,55612.0,55612.0,0
20120113T,62313.0,62313.0,62313.0,62313.0,0
20120116T,68420.0,68420.0,68420.0,68420.0,0
20120117T,79326.0,79326.0,79326.0,79326.0,0
20120118T,79576.0,79576.0,79576.0,79576.0,0
20120119T,91231.0,91231.0,91231.0,91231.0,0
20120120T,97975.0,97975.0,97975.0,97975.0,0
20120123T,96423.0,96423.0,96423.0,96423.0,0
20120124T,96290.0,96290.0,96290.0,96290.0,0
20120125T,13733.0,13733.0,13733.0,13733.0,0
20120127T,18896.0,18896.0,18896.0,18896.0,0
20120130T,20503.0,20503.0,20503.0,20503.0,0
20120131T,26071.0,26071.0,26071.0,26071.0,0
20120201T,30450.0,30450.0,30450.0,30450.0,0
20120202T,34325.0,34325.0,34325.0,34325.0,0
20120203T,37895.0,37895.0,37895.0,37895.0,0
20120206T,42272.0,42272.0,42272.0,42272.0,0
20120207T,45133.0,45133.0,45133.0,45133.0,0
20120208T,49212.0,49212.0,49212.0,49212.0,0
20120209T,53494.0,53494.0,53494.0,53494.0,0
20120210T,55928.0,55928.0,55928.0,55928.0,0
20120213T,62149.0,62149.0,62149.0,62149.0,0
20120214T,63676.0,63676.0,63676.0,63676.0,0
20120215T,67147.0,67147.0,67147.0,67147.0,0
20120216T,70493.0,70493.0,70493.0,70493.0,0
20120217T,74243.0,74243.0,74243.0,74243.0,0
20120221T,76995.0,76995.0,76995.0,76995.0,0
20120222T,72055.0,72055.0,72055.0,72055.0,0
20120223T,10090.0,10090.0,10090.0,10090.0,0
20120224T,13446.0,13446.0,13446.0,13446.0,0
20120227T,16058.0,16058.0,16058.0,16058.0,0
20120228T,18790.0,18790.0,18790.0,18790.0,0
20120229T,21767.0,21767.0,21767.0,21767.0,0
20120301T,23951.0,23951.0,23951.0,23951.0,0
20120302T,25049.0,25049.0,25049.0,25049.0,0
20120305T,25825.0,25825.0,25825.0,25825.0,0
20120306T,24969.0,24969.0,24969.0,24969.0,0
20120307T,25666.0,25666.0,25666.0,25666.0,0
20120309T,29130.0,29130.0,29130.0,29130.0,0
20120312T,31238.0,31238.0,31238.0,31238.0,0
20120313T,32860.0,32860.0,32860.0,32860.0,0
20120314T,35126.0,35126.0,35126.0,35126.0,0
20120315T,36827.0,36827.0,36827.0,36827.0,0
20120316T,38276.0,38276.0,38276.0,38276.0,0
20120319T,38001.0,38001.0,38001.0,38001.0,0
20120320T,38820.0,38820.0,38820.0,38820.0,0
20120321T,42188.0,42188.0,42188.0,42188.0,0
20120322T,38646.0,38646.0,38646.0,38646.0,0
20120323T,41332.0,41332.0,41332.0,41332.0,0
20120326T,42256.0,42256.0,42256.0,42256.0,0
20120327T,44262.0,44262.0,44262.0,44262.0,0
20120328T,42765.0,42765.0,42765.0,42765.0,0
20120329T,8910.0,8910.0,8910.0,8910.0,0
20120330T,12436.0,12436.0,12436.0,12436.0,0
20120402T,14634.0,14634.0,14634.0,14634.0,0
20120403T,18493.0,18493.0,18493.0,18493.0,0
20120404T,20114.0,20114.0,20114.0,20114.0,0
20120409T,20333.0,20333.0,20333.0,20333.0,0
20120410T,22684.0,22684.0,22684.0,22684.0,0
20120411T,24851.0,24851.0,24851.0,24851.0,0
20120412T,33083.0,33083.0,33083.0,33083.0,0
20120413T,32828.0,32828.0,32828.0,32828.0,0
20120416T,37484.0,37484.0,37484.0,37484.0,0
20120417T,44178.0,44178.0,44178.0,44178.0,0
20120418T,46687.0,46687.0,46687.0,46687.0,0
20120419T,50017.0,50017.0,50017.0,50017.0,0
20120420T,50258.0,50258.0,50258.0,50258.0,0
20120423T,47767.0,47767.0,47767.0,47767.0,0
20120424T,51988.0,51988.0,51988.0,51988.0,0
20120425T,50687.0,50687.0,50687.0,50687.0,0
20120426T,11211.0,11211.0,11211.0,11211.0,0
20120427T,15853.0,15853.0,15853.0,15853.0,0
20120430T,18317.0,18317.0,18317.0,18317.0,0
20120502T,20265.0,20265.0,20265.0,20265.0,0
20120503T,22100.0,22100.0,22100.0,22100.0,0
20120504T,23966.0,23966.0,23966.0,23966.0,0
20120507T,26793.0,26793.0,26793.0,26793.0,0
20120508T,26979.0,26979.0,26979.0,26979.0,0
20120509T,29732.0,29732.0,29732.0,29732.0,0
20120510T,32195.0,32195.0,32195.0,32195.0,0
20120511T,33704.0,33704.0,33704.0,33704.0,0
20120514T,35721.0,35721.0,35721.0,35721.0,0
20120515T,38055.0,38055.0,38055.0,38055.0,0
20120516T,37530.0,37530.0,37530.0,37530.0,0
20120517T,41843.0,41843.0,41843.0,41843.0,0
20120518T,42545.0,42545.0,42545.0,42545.0,0
20120521T,44479.0,44479.0,44479.0,44479.0,0
20120522T,44981.0,44981.0,44981.0,44981.0,0
20120523T,45745.0,45745.0,45745.0,45745.0,0
20120524T,51152.0,51152.0,51152.0,51152.0,0
20120525T,53462.0,53462.0,53462.0,53462.0,0
20120528T,58552.0,58552.0,58552.0,58552.0,0
20120529T,61809.0,61809.0,61809.0,61809.0,0
20120530T,58997.0,58997.0,58997.0,58997.0,0
20120531T,11032.0,11032.0,11032.0,11032.0,0
20120601T,15278.0,15278.0,15278.0,15278.0,0
20120604T,19318.0,19318.0,19318.0,19318.0,0
20120605T,22797.0,22797.0,22797.0,22797.0,0
20120606T,28627.0,28627.0,28627.0,28627.0,0
20120607T,32797.0,32797.0,32797.0,32797.0,0
20120608T,34539.0,34539.0,34539.0,34539.0,0
20120611T,35399.0,35399.0,35399.0,35399.0,0
20120612T,39455.0,39455.0,39455.0,39455.0,0
20120613T,42294.0,42294.0,42294.0,42294.0,0
20120614T,41332.0,41332.0,41332.0,41332.0,0
20120615T,46719.0,46719.0,46719.0,46719.0,0
20120618T,46094.0,46094.0,46094.0,46094.0,0
20120619T,50785.0,50785.0,50785.0,50785.0,0
20120620T,55845.0,55845.0,55845.0,55845.0,0
20120621T,60521.0,60521.0,60521.0,60521.0,0
20120622T,59748.0,59748.0,59748.0,59748.0,0
20120625T,60332.0,60332.0,60332.0,60332.0,0
20120626T,60561.0,60561.0,60561.0,60561.0,0
20120627T,60508.0,60508.0,60508.0,60508.0,0
20120628T,10926.0,10926.0,10926.0,10926.0,0
20120629T,17767.0,17767.0,17767.0,17767.0,0
20120702T,20536.0,20536.0,20536.0,20536.0,0
20120703T,23469.0,23469.0,23469.0,23469.0,0
20120704T,27930.0,27930.0,27930.0,27930.0,0
20120705T,28834.0,28834.0,28834.0,28834.0,0
20120706T,29629.0,29629.0,29629.0,29629.0,0
20120709T,30352.0,30352.0,30352.0,30352.0,0
20120710T,34742.0,34742.0,34742.0,34742.0,0
20120711T,54466.0,54466.0,54466.0,54466.0,0
20120712T,48577.0,48577.0,48577.0,48577.0,0
20120713T,42854.0,42854.0,42854.0,42854.0,0
20120716T,42849.0,42849.0,42849.0,42849.0,0
20120717T,43562.0,43562.0,43562.0,43562.0,0
20120718T,48489.0,48489.0,48489.0,48489.0,0
20120719T,54975.0,54975.0,54975.0,54975.0,0
20120720T,55430.0,55430.0,55430.0,55430.0,0
20120723T,49631.0,49631.0,49631.0,49631.0,0
20120724T,50707.0,50707.0,50707.0,50707.0,0
20120725T,47543.0,47543.0,47543.0,47543.0,0
20120726T,11235.0,11235.0,11235.0,11235.0,0
20120727T,18466.0,18466.0,18466.0,18466.0,0
20120730T,26336.0,26336.0,26336.0,26336.0,0
20120731T,29528.0,29528.0,29528.0,29528.0,0
20120801T,31325.0,31325.0,31325.0,31325.0,0
20120802T,32635.0,32635.0,32635.0,32635.0,0
20120803T,33862.0,33862.0,33862.0,33862.0,0
20120806T,38548.0,38548.0,38548.0,38548.0,0
20120807T,44490.0,44490.0,44490.0,44490.0,0
20120808T,49296.0,49296.0,49296.0,49296.0,0
20120809T,56019.0,56019.0,56019.0,56019.0,0
20120810T,56886.0,56886.0,56886.0,56886.0,0
20120813T,61560.0,61560.0,61560.0,61560.0,0
20120814T,63348.0,63348.0,63348.0,63348.0,0
20120816T,64270.0,64270.0,64270.0,64270.0,0
20120817T,62113.0,62113.0,62113.0,62113.0,0
20120821T,66591.0,66591.0,66591.0,66591.0,0
20120822T,66347.0,66347.0,66347.0,66347.0,0
20120823T,67662.0,67662.0,67662.0,67662.0,0
20120824T,64712.0,64712.0,64712.0,64712.0,0
20120827T,61347.0,61347.0,61347.0,61347.0,0
20120828T,61728.0,61728.0,61728.0,61728.0,0
20120829T,61715.0,61715.0,61715.0,61715.0,0
20120830T,15470.0,15470.0,15470.0,15470.0,0
20120831T,20797.0,20797.0,20797.0,20797.0,0
20120903T,25864.0,25864.0,25864.0,25864.0,0
20120904T,28332.0,28332.0,28332.0,28332.0,0
20120905T,30147.0,30147.0,30147.0,30147.0,0
20120906T,32872.0,32872.0,32872.0,32872.0,0
20120907T,40787.0,40787.0,40787.0,40787.0,0
20120910T,43661.0,43661.0,43661.0,43661.0,0
20120911T,47116.0,47116.0,47116.0,47116.0,0
20120912T,51943.0,51943.0,51943.0,51943.0,0
20120913T,55116.0,55116.0,55116.0,55116.0,0
20120914T,68270.0,68270.0,68270.0,68270.0,0
20120917T,83121.0,83121.0,83121.0,83121.0,0
20120918T,87588.0,87588.0,87588.0,87588.0,0
20120920T,86149.0,86149.0,86149.0,86149.0,0
20120921T,93730.0,93730.0,93730.0,93730.0,0
20120924T,99490.0,99490.0,99490.0,99490.0,0
20120925T,101038.0,101038.0,101038.0,101038.0,0
20120926T,100779.0,100779.0,100779.0,100779.0,0
20120927T,18615.0,18615.0,18615.0,18615.0,0
20120928T,25766.0,25766.0,25766.0,25766.0,0
20121001T,30897.0,30897.0,30897.0,30897.0,0
20121003T,36419.0,36419.0,36419.0,36419.0,0
20121004T,40718.0,40718.0,40718.0,40718.0,0
20121005T,42298.0,42298.0,42298.0,42298.0,0
20121008T,44523.0,44523.0,44523.0,44523.0,0
20121009T,51631.0,51631.0,51631.0,51631.0,0
20121010T,54581.0,54581.0,54581.0,54581.0,0
20121011T,79076.0,79076.0,79076.0,79076.0,0
20121012T,67099.0,67099.0,67099.0,67099.0,0
20121015T,69390.0,69390.0,69390.0,69390.0,0
20121016T,64246.0,64246.0,64246.0,64246.0,0
20121017T,66973.0,66973.0,66973.0,66973.0,0
20121018T,74296.0,74296.0,74296.0,74296.0,0
20121019T,73631.0,73631.0,73631.0,73631.0,0
20121022T,75622.0,75622.0,75622.0,75622.0,0
20121023T,71990.0,71990.0,71990.0,71990.0,0
20121025T,12049.0,12049.0,12049.0,12049.0,0
20121026T,18384.0,18384.0,18384.0,18384.0,0
20121029T,22847.0,22847.0,22847.0,22847.0,0
20121030T,23880.0,23880.0,23880.0,23880.0,0
20121031T,27413.0,27413.0,27413.0,27413.0,0
20121101T,32690.0,32690.0,32690.0,32690.0,0
20121102T,38004.0,38004.0,38004.0,38004.0,0
20121105T,40426.0,40426.0,40426.0,40426.0,0
20121106T,41522.0,41522.0,41522.0,41522.0,0
20121107T,47147.0,47147.0,47147.0,47147.0,0
20121108T,54601.0,54601.0,54601.0,54601.0,0
20121109T,54054.0,54054.0,54054.0,54054.0,0
20121112T,59654.0,59654.0,59654.0,59654.0,0
20121113T,59888.0,59888.0,59888.0,59888.0,0
20121115T,59151.0,59151.0,59151.0,59151.0,0
20121116T,55272.0,55272.0,55272.0,55272.0,0
20121119T,57415.0,57415.0,57415.0,57415.0,0
20121120T,57319.0,57319.0,57319.0,57319.0,0
20121121T,60335.0,60335.0,60335.0,60335.0,0
20121122T,62204.0,62204.0,62204.0,62204.0,0
20121123T,60630.0,60630.0,60630.0,60630.0,0
20121126T,64148.0,64148.0,64148.0,64148.0,0
20121127T,69146.0,69146.0,69146.0,69146.0,0
20121129T,15494.0,15494.0,15494.0,15494.0,0
20121130T,22938.0,22938.0,22938.0,22938.0,0
20121203T,25534.0,25534.0,25534.0,25534.0,0
20121204T,28699.0,28699.0,28699.0,28699.0,0
20121205T,31841.0,31841.0,31841.0,31841.0,0
20121206T,37227.0,37227.0,37227.0,37227.0,0
20121207T,39377.0,39377.0,39377.0,39377.0,0
20121210T,43456.0,43456.0,43456.0,43456.0,0
20121211T,43489.0,43489.0,43489.0,43489.0,0
20121212T,46556.0,46556.0,46556.0,46556.0,0
20121213T,48652.0,48652.0,48652.0,48652.0,0
20121214T,55210.0,55210.0,55210.0,55210.0,0
20121217T,58611.0,58611.0,58611.0,58611.0,0
20121218T,65711.0,65711.0,65711.0,65711.0,0
20121219T,68953.0,68953.0,68953.0,68953.0,0
20121220T,69415.0,69415.0,69415.0,69415.0,0
20121221T,60964.0,60964.0,60964.0,60964.0,0
20121224T,61590.0,61590.0,61590.0,61590.0,0
20121226T,63551.0,63551.0,63551.0,63551.0,0
20121227T,12138.0,12138.0,12138.0,12138.0,0
20121228T,16584.0,16584.0,16584.0,16584.0,0
20121231T,19481.0,19481.0,19481.0,19481.0,0
20130101T,22094.0,22094.0,22094.0,22094.0,0
20130102T,24985.0,24985.0,24985.0,24985.0,0
20130103T,28913.0,28913.0,28913.0,28913.0,0
20130104T,32880.0,32880.0,32880.0,32880.0,0
20130107T,37594.0,37594.0,37594.0,37594.0,0
20130108T,40081.0,40081.0,40081.0,40081.0,0
20130109T,44295.0,44295.0,44295.0,44295.0,0
20130110T,62672.0,62672.0,62672.0,62672.0,0
20130111T,77058.0,77058.0,77058.0,77058.0,0
20130114T,92951.0,92951.0,92951.0,92951.0,0
20130115T,94228.0,94228.0,94228.0,94228.0,0
20130116T,86983.0,86983.0,86983.0,86983.0,0
20130117T,90768.0,90768.0,90768.0,90768.0,0
20130118T,95516.0,95516.0,95516.0,95516.0,0
20130121T,99338.0,99338.0,99338.0,99338.0,0
20130122T,96725.0,96725.0,96725.0,96725.0,0
20130123T,93801.0,93801.0,93801.0,93801.0,0
20130124T,92127.0,92127.0,92127.0,92127.0,0
20130125T,97076.0,97076.0,97076.0,97076.0,0
20130128T,97158.0,97158.0,97158.0,97158.0,0
20130129T,93588.0,93588.0,93588.0,93588.0,0
20130130T,94541.0,94541.0,94541.0,94541.0,0
20130131T,22380.0,22380.0,22380.0,22380.0,0
20130201T,27075.0,27075.0,27075.0,27075.0,0
20130204T,30745.0,30745.0,30745.0,30745.0,0
20130205T,32938.0,32938.0,32938.0,32938.0,0
20130206T,37136.0,37136.0,37136.0,37136.0,0
20130207T,37981.0,37981.0,37981.0,37981.0,0
20130208T,39570.0,39570.0,39570.0,39570.0,0
20130211T,42846.0,42846.0,42846.0,42846.0,0
20130212T,44970.0,44970.0,44970.0,44970.0,0
20130213T,50690.0,50690.0,50690.0,50690.0,0
20130214T,54326.0,54326.0,54326.0,54326.0,0
20130215T,54647.0,54647.0,54647.0,54647.0,0
20130218T,56852.0,56852.0,56852.0,56852.0,0
20130219T,59540.0,59540.0,59540.0,59540.0,0
20130220T,63569.0,63569.0,63569.0,63569.0,0
20130221T,59563.0,59563.0,59563.0,59563.0,0
20130222T,62451.0,62451.0,62451.0,62451.0,0
20130225T,62123.0,62123.0,62123.0,62123.0,0
20130226T,64686.0,64686.0,64686.0,64686.0,0
20130227T,73743.0,73743.0,73743.0,73743.0,0
20130228T,22529.0,22529.0,22529.0,22529.0,0
20130301T,30267.0,30267.0,30267.0,30267.0,0
20130304T,35864.0,35864.0,35864.0,35864.0,0
20130305T,42171.0,42171.0,42171.0,42171.0,0
20130306T,49642.0,49642.0,49642.0,49642.0,0
20130307T,57486.0,57486.0,57486.0,57486.0,0
20130308T,59873.0,59873.0,59873.0,59873.0,0
20130311T,66684.0,66684.0,66684.0,66684.0,0
20130312T,66921.0,66921.0,66921.0,66921.0,0
20130313T,68558.0,68558.0,68558.0,68558.0,0
20130314T,69323.0,69323.0,69323.0,69323.0,0
20130315T,67115.0,67115.0,67115.0,67115.0,0
20130318T,67127.0,67127.0,67127.0,67127.0,0
20130319T,63612.0,63612.0,63612.0,63612.0,0
20130320T,63698.0,63698.0,63698.0,63698.0,0
20130321T,64592.0,64592.0,64592.0,64592.0,0
20130322T,62802.0,62802.0,62802.0,62802.0,0
20130325T,62071.0,62071.0,62071.0,62071.0,0
20130326T,62069.0,62069.0,62069.0,62069.0,0
20130328T,18184.0,18184.0,18184.0,18184.0,0
20130401T,26370.0,26370.0,26370.0,26370.0,0
20130402T,32080.0,32080.0,32080.0,32080.0,0
20130403T,37130.0,37130.0,37130.0,37130.0,0
20130404T,38892.0,38892.0,38892.0,38892.0,0
20130405T,41319.0,41319.0,41319.0,41319.0,0
20130408T,45581.0,45581.0,45581.0,45581.0,0
20130409T,50103.0,50103.0,50103.0,50103.0,0
20130410T,59517.0,59517.0,59517.0,59517.0,0
20130411T,81836.0,81836.0,81836.0,81836.0,0
20130412T,67584.0,67584.0,67584.0,67584.0,0
20130415T,75832.0,75832.0,75832.0,75832.0,0
20130416T,83706.0,83706.0,83706.0,83706.0,0
20130417T,85921.0,85921.0,85921.0,85921.0,0
20130418T,84214.0,84214.0,84214.0,84214.0,0
20130422T,88682.0,88682.0,88682.0,88682.0,0
20130423T,85305.0,85305.0,85305.0,85305.0,0
20130425T,19424.0,19424.0,19424.0,19424.0,0
20130426T,27538.0,27538.0,27538.0,27538.0,0
20130429T,32214.0,32214.0,32214.0,32214.0,0
20130430T,41460.0,41460.0,41460.0,41460.0,0
20130502T,49355.0,49355.0,49355.0,49355.0,0
20130503T,51156.0,51156.0,51156.0,51156.0,0
20130506T,55759.0,55759.0,55759.0,55759.0,0
20130507T,60982.0,60982.0,60982.0,60982.0,0
20130508T,65374.0,65374.0,65374.0,65374.0,0
20130509T,68984.0,68984.0,68984.0,68984.0,0
20130510T,72089.0,72089.0,72089.0,72089.0,0
20130513T,70101.0,70101.0,70101.0,70101.0,0
20130514T,72936.0,72936.0,72936.0,72936.0,0
20130515T,78384.0,78384.0,78384.0,78384.0,0
20130516T,82327.0,82327.0,82327.0,82327.0,0
20130517T,84169.0,84169.0,84169.0,84169.0,0
20130520T,84407.0,84407.0,84407.0,84407.0,0
20130521T,83615.0,83615.0,83615.0,83615.0,0
20130522T,87337.0,87337.0,87337.0,87337.0,0
20130523T,82967.0,82967.0,82967.0,82967.0,0
20130524T,83612.0,83612.0,83612.0,83612.0,0
20130527T,87207.0,87207.0,87207.0,87207.0,0
20130528T,91334.0,91334.0,91334.0,91334.0,0
20130529T,91614.0,91614.0,91614.0,91614.0,0
20130530T,20233.0,20233.0,20233.0,20233.0,0
20130531T,23770.0,23770.0,23770.0,23770.0,0
20130603T,29123.0,29123.0,29123.0,29123.0,0
20130604T,30939.0,30939.0,30939.0,30939.0,0
20130605T,32876.0,32876.0,32876.0,32876.0,0
20130606T,35186.0,35186.0,35186.0,35186.0,0
20130607T,35793.0,35793.0,35793.0,35793.0,0
20130610T,37418.0,37418.0,37418.0,37418.0,0
20130611T,37384.0,37384.0,37384.0,37384.0,0
20130612T,39077.0,39077.0,39077.0,39077.0,0
20130613T,40845.0,40845.0,40845.0,40845.0,0
20130614T,42502.0,42502.0,42502.0,42502.0,0
20130617T,45421.0,45421.0,45421.0,45421.0,0
20130618T,50417.0,50417.0,50417.0,50417.0,0
20130619T,54004.0,54004.0,54004.0,54004.0,0
20130620T,51307.0,51307.0,51307.0,51307.0,0
20130621T,53495.0,53495.0,53495.0,53495.0,0
20130624T,54680.0,54680.0,54680.0,54680.0,0
20130625T,62488.0,62488.0,62488.0,62488.0,0
20130626T,64128.0,64128.0,64128.0,64128.0,0
20130627T,20343.0,20343.0,20343.0,20343.0,0
20130628T,30181.0,30181.0,30181.0,30181.0,0
20130701T,39584.0,39584.0,39584.0,39584.0,0
20130702T,42774.0,42774.0,42774.0,42774.0,0
20130703T,45270.0,45270.0,45270.0,45270.0,0
20130704T,52667.0,52667.0,52667.0,52667.0,0
20130705T,56388.0,56388.0,56388.0,56388.0,0
20130708T,56316.0,56316.0,56316.0,56316.0,0
20130709T,61132.0,61132.0,61132.0,61132.0,0
20130710T,68037.0,68037.0,68037.0,68037.0,0
20130711T,93695.0,93695.0,93695.0,93695.0,0
20130712T,89726.0,89726.0,89726.0,89726.0,0
20130715T,89489.0,89489.0,89489.0,89489.0,0
20130716T,88461.0,88461.0,88461.0,88461.0,0
20130717T,89318.0,89318.0,89318.0,89318.0,0
20130718T,95303.0,95303.0,95303.0,95303.0,0
20130719T,100579.0,100579.0,100579.0,100579.0,0
20130722T,101273.0,101273.0,101273.0,101273.0,0
20130723T,101663.0,101663.0,101663.0,101663.0,0
20130724T,100125.0,100125.0,100125.0,100125.0,0
20130725T,20620.0,20620.0,20620.0,20620.0,0
20130726T,27935.0,27935.0,27935.0,27935.0,0
20130729T,32578.0,32578.0,32578.0,32578.0,0
20130730T,35578.0,35578.0,35578.0,35578.0,0
20130731T,41553.0,41553.0,41553.0,41553.0,0
20130801T,46001.0,46001.0,46001.0,46001.0,0
20130802T,48852.0,48852.0,48852.0,48852.0,0
20130805T,56508.0,56508.0,56508.0,56508.0,0
20130806T,58342.0,58342.0,58342.0,58342.0,0
20130807T,66836.0,66836.0,66836.0,66836.0,0
20130808T,72651.0,72651.0,72651.0,72651.0,0
20130812T,78259.0,78259.0,78259.0,78259.0,0
20130813T,81795.0,81795.0,81795.0,81795.0,0
20130814T,84485.0,84485.0,84485.0,84485.0,0
20130816T,79695.0,79695.0,79695.0,79695.0,0
20130819T,78905.0,78905.0,78905.0,78905.0,0
20130820T,79887.0,79887.0,79887.0,79887.0,0
20130821T,78518.0,78518.0,78518.0,78518.0,0
20130822T,0.0,0.0,0.0,0.0,0
20130823T,84605.0,84605.0,84605.0,84605.0,0
20130826T,88425.0,88425.0,88425.0,88425.0,0
20130827T,83950.0,83950.0,83950.0,83950.0,0
20130828T,92116.0,92116.0,92116.0,92116.0,0
20130829T,25431.0,25431.0,25431.0,25431.0,0
20130830T,34885.0,34885.0,34885.0,34885.0,0
20130902T,42838.0,42838.0,42838.0,42838.0,0
20130903T,41325.0,41325.0,41325.0,41325.0,0
20130904T,47700.0,47700.0,47700.0,47700.0,0
20130905T,56903.0,56903.0,56903.0,56903.0,0
20130906T,65093.0,65093.0,65093.0,65093.0,0
20130910T,74534.0,74534.0,74534.0,74534.0,0
20130911T,79276.0,79276.0,79276.0,79276.0,0
20130912T,79277.0,79277.0,79277.0,79277.0,0
20130913T,83336.0,83336.0,83336.0,83336.0,0
20130916T,84597.0,84597.0,84597.0,84597.0,0
20130917T,85813.0,85813.0,85813.0,85813.0,0
20130918T,89878.0,89878.0,89878.0,89878.0,0
20130919T,99450.0,99450.0,99450.0,99450.0,0
20130920T,98137.0,98137.0,98137.0,98137.0,0
20130923T,93511.0,93511.0,93511.0,93511.0,0
20130924T,97908.0,97908.0,97908.0,97908.0,0
20130925T,98599.0,98599.0,98599.0,98599.0,0
20130926T,18610.0,18610.0,18610.0,18610.0,0
20130927T,24656.0,24656.0,24656.0,24656.0,0
20130930T,28001.0,28001.0,28001.0,28001.0,0
20131001T,31011.0,31011.0,31011.0,31011.0,0
20131003T,36025.0,36025.0,36025.0,36025.0,0
20131004T,39427.0,39427.0,39427.0,39427.0,0
20131007T,40704.0,40704.0,40704.0,40704.0,0
20131008T,43186.0,43186.0,43186.0,43186.0,0
20131010T,68965.0,68965.0,68965.0,68965.0,0
20131011T,77933.0,77933.0,77933.0,77933.0,0
20131014T,82282.0,82282.0,82282.0,82282.0,0
20131015T,83764.0,83764.0,83764.0,83764.0,0
20131017T,84453.0,84453.0,84453.0,84453.0,0
20131018T,93986.0,93986.0,93986.0,93986.0,0
20131021T,98212.0,98212.0,98212.0,98212.0,0
20131022T,101491.0,101491.0,101491.0,101491.0,0
20131023T,97923.0,97923.0,97923.0,97923.0,0
20131024T,97732.0,97732.0,97732.0,97732.0,0
20131025T,96693.0,96693.0,96693.0,96693.0,0
20131028T,93431.0,93431.0,93431.0,93431.0,0
20131029T,103791.0,103791.0,103791.0,103791.0,0
20131030T,107448.0,107448.0,107448.0,107448.0,0
20131031T,16794.0,16794.0,16794.0,16794.0,0
20131101T,25485.0,25485.0,25485.0,25485.0,0
20131105T,29594.0,29594.0,29594.0,29594.0,0
20131106T,30681.0,30681.0,30681.0,30681.0,0
20131107T,30825.0,30825.0,30825.0,30825.0,0
20131108T,35390.0,35390.0,35390.0,35390.0,0
20131111T,36096.0,36096.0,36096.0,36096.0,0
20131112T,37905.0,37905.0,37905.0,37905.0,0
20131113T,42444.0,42444.0,42444.0,42444.0,0
20131114T,44766.0,44766.0,44766.0,44766.0,0
20131118T,52624.0,52624.0,52624.0,52624.0,0
20131119T,59387.0,59387.0,59387.0,59387.0,0
20131120T,56244.0,56244.0,56244.0,56244.0,0
20131121T,51626.0,51626.0,51626.0,51626.0,0
20131122T,51562.0,51562.0,51562.0,51562.0,0
20131125T,58890.0,58890.0,58890.0,58890.0,0
20131126T,58916.0,58916.0,58916.0,58916.0,0
20131127T,61137.0,61137.0,61137.0,61137.0,0
20131128T,13132.0,13132.0,13132.0,13132.0,0
20131129T,20836.0,20836.0,20836.0,20836.0,0
20131202T,26931.0,26931.0,26931.0,26931.0,0
20131203T,31268.0,31268.0,31268.0,31268.0,0
20131204T,32879.0,32879.0,32879.0,32879.0,0
20131205T,37747.0,37747.0,37747.0,37747.0,0
20131206T,41304.0,41304.0,41304.0,41304.0,0
20131209T,48805.0,48805.0,48805.0,48805.0,0
20131210T,48299.0,48299.0,48299.0,48299.0,0
20131211T,47854.0,47854.0,47854.0,47854.0,0
20131212T,46725.0,46725.0,46725.0,46725.0,0
20131213T,44343.0,44343.0,44343.0,44343.0,0
20131216T,49647.0,49647.0,49647.0,49647.0,0
20131217T,54594.0,54594.0,54594.0,54594.0,0
20131218T,62955.0,62955.0,62955.0,62955.0,0
20131219T,61802.0,61802.0,61802.0,61802.0,0
20131220T,68554.0,68554.0,68554.0,68554.0,0
20131223T,72146.0,72146.0,72146.0,72146.0,0
20131224T,71053.0,71053.0,71053.0,71053.0,0
20131226T,10095.0,10095.0,10095.0,10095.0,0
20131227T,13996.0,13996.0,13996.0,13996.0,0
20131230T,16941.0,16941.0,16941.0,16941.0,0
20131231T,20967.0,20967.0,20967.0,20967.0,0
20140101T,22838.0,22838.0,22838.0,22838.0,0
20140102T,23771.0,23771.0,23771.0,23771.0,0
20140103T,27651.0,27651.0,27651.0,27651.0,0
20140106T,30212.0,30212.0,30212.0,30212.0,0
20140107T,32928.0,32928.0,32928.0,32928.0,0
20140108T,36242.0,36242.0,36242.0,36242.0,0
20140109T,48080.0,48080.0,48080.0,48080.0,0
20140110T,49681.0,49681.0,49681.0,49681.0,0
20140113T,57439.0,57439.0,57439.0,57439.0,0
20140114T,58318.0,58318.0,58318.0,58318.0,0
20140115T,63985.0,63985.0,63985.0,63985.0,0
20140116T,68483.0,68483.0,68483.0,68483.0,0
20140117T,67416.0,67416.0,67416.0,67416.0,0
20140120T,70928.0,70928.0,70928.0,70928.0,0
20140121T,72225.0,72225.0,72225.0,72225.0,0
20140122T,72737.0,72737.0,72737.0,72737.0,0
20140123T,73260.0,73260.0,73260.0,73260.0,0
20140124T,67414.0,67414.0,67414.0,67414.0,0
20140127T,63251.0,63251.0,63251.0,63251.0,0
20140128T,60787.0,60787.0,60787.0,60787.0,0
20140129T,61643.0,61643.0,61643.0,61643.0,0
20140130T,15316.0,15316.0,15316.0,15316.0,0
20140131T,21538.0,21538.0,21538.0,21538.0,0
20140203T,25174.0,25174.0,25174.0,25174.0,0
20140204T,27557.0,27557.0,27557.0,27557.0,0
20140205T,32201.0,32201.0,32201.0,32201.0,0
20140206T,35917.0,35917.0,35917.0,35917.0,0
20140207T,37940.0,37940.0,37940.0,37940.0,0
20140210T,41438.0,41438.0,41438.0,41438.0,0
20140211T,45125.0,45125.0,45125.0,45125.0,0
20140212T,47618.0,47618.0,47618.0,47618.0,0
20140213T,45495.0,45495.0,45495.0,45495.0,0
20140214T,48965.0,48965.0,48965.0,48965.0,0
20140217T,50473.0,50473.0,50473.0,50473.0,0
20140218T,54160.0,54160.0,54160.0,54160.0,0
20140219T,56742.0,56742.0,56742.0,56742.0,0
20140220T,56145.0,56145.0,56145.0,56145.0,0
20140221T,57836.0,57836.0,57836.0,57836.0,0
20140225T,62189.0,62189.0,62189.0,62189.0,0
20140226T,15519.0,15519.0,15519.0,15519.0,0
20140228T,23483.0,23483.0,23483.0,23483.0,0
20140303T,26011.0,26011.0,26011.0,26011.0,0
20140304T,32362.0,32362.0,32362.0,32362.0,0
20140305T,36506.0,36506.0,36506.0,36506.0,0
20140306T,43373.0,43373.0,43373.0,43373.0,0
20140307T,53595.0,53595.0,53595.0,53595.0,0
20140310T,58752.0,58752.0,58752.0,58752.0,0
20140311T,60203.0,60203.0,60203.0,60203.0,0
20140312T,60688.0,60688.0,60688.0,60688.0,0
20140313T,65429.0,65429.0,65429.0,65429.0,0
20140314T,66849.0,66849.0,66849.0,66849.0,0
20140318T,70957.0,70957.0,70957.0,70957.0,0
20140319T,77205.0,77205.0,77205.0,77205.0,0
20140320T,76287.0,76287.0,76287.0,76287.0,0
20140321T,74747.0,74747.0,74747.0,74747.0,0
20140324T,78969.0,78969.0,78969.0,78969.0,0
20140325T,80227.0,80227.0,80227.0,80227.0,0
20140326T,82724.0,82724.0,82724.0,82724.0,0
20140327T,17902.0,17902.0,17902.0,17902.0,0
20140328T,25280.0,25280.0,25280.0,25280.0,0
20140331T,28496.0,28496.0,28496.0,28496.0,0
20140401T,31885.0,31885.0,31885.0,31885.0,0
20140402T,37352.0,37352.0,37352.0,37352.0,0
20140403T,38171.0,38171.0,38171.0,38171.0,0
20140404T,40952.0,40952.0,40952.0,40952.0,0
20140407T,44757.0,44757.0,44757.0,44757.0,0
20140409T,51163.0,51163.0,51163.0,51163.0,0
20140410T,55300.0,55300.0,55300.0,55300.0,0
20140411T,60741.0,60741.0,60741.0,60741.0,0
20140415T,64133.0,64133.0,64133.0,64133.0,0
20140416T,62715.0,62715.0,62715.0,62715.0,0
20140417T,68188.0,68188.0,68188.0,68188.0,0
20140421T,73107.0,73107.0,73107.0,73107.0,0
20140422T,71573.0,71573.0,71573.0,71573.0,0
20140423T,15075.0,15075.0,15075.0,15075.0,0
20140425T,20531.0,20531.0,20531.0,20531.0,0
20140428T,23204.0,23204.0,23204.0,23204.0,0
20140429T,24516.0,24516.0,24516.0,24516.0,0
20140430T,26811.0,26811.0,26811.0,26811.0,0
20140502T,31299.0,31299.0,31299.0,31299.0,0
20140505T,32685.0,32685.0,32685.0,32685.0,0
20140506T,33184.0,33184.0,33184.0,33184.0,0
20140507T,35265.0,35265.0,35265.0,35265.0,0
20140508T,35794.0,35794.0,35794.0,35794.0,0
20140509T,38678.0,38678.0,38678.0,38678.0,0
20140512T,46741.0,46741.0,46741.0,46741.0,0
20140513T,49265.0,49265.0,49265.0,49265.0,0
20140514T,52836.0,52836.0,52836.0,52836.0,0
20140515T,55341.0,55341.0,55341.0,55341.0,0
20140516T,66212.0,66212.0,66212.0,66212.0,0
20140519T,81892.0,81892.0,81892.0,81892.0,0
20140520T,85628.0,85628.0,85628.0,85628.0,0
20140521T,87526.0,87526.0,87526.0,87526.0,0
20140522T,90990.0,90990.0,90990.0,90990.0,0
20140523T,102210.0,102210.0,102210.0,102210.0,0
20140526T,98192.0,98192.0,98192.0,98192.0,0
20140527T,96019.0,96019.0,96019.0,96019.0,0
20140528T,98448.0,98448.0,98448.0,98448.0,0
20140529T,10713.0,10713.0,10713.0,10713.0,0
20140530T,17056.0,17056.0,17056.0,17056.0,0
20140602T,22078.0,22078.0,22078.0,22078.0,0
20140603T,25251.0,25251.0,25251.0,25251.0,0
20140604T,28749.0,28749.0,28749.0,28749.0,0
20140605T,33007.0,33007.0,33007.0,33007.0,0
20140606T,36217.0,36217.0,36217.0,36217.0,0
20140609T,40832.0,40832.0,40832.0,40832.0,0
20140610T,42040.0,42040.0,42040.0,42040.0,0
20140611T,45348.0,45348.0,45348.0,45348.0,0
20140612T,47677.0,47677.0,47677.0,47677.0,0
20140613T,45875.0,45875.0,45875.0,45875.0,0
20140616T,47209.0,47209.0,47209.0,47209.0,0
20140617T,50405.0,50405.0,50405.0,50405.0,0
20140618T,51003.0,51003.0,51003.0,51003.0,0
20140619T,53328.0,53328.0,53328.0,53328.0,0
20140620T,50764.0,50764.0,50764.0,50764.0,0
20140623T,51922.0,51922.0,51922.0,51922.0,0
20140624T,56382.0,56382.0,56382.0,56382.0,0
20140625T,58667.0,58667.0,58667.0,58667.0,0
20140626T,9927.0,9927.0,9927.0,9927.0,0
20140627T,13288.0,13288.0,13288.0,13288.0,0
20140630T,18502.0,18502.0,18502.0,18502.0,0
20140701T,22613.0,22613.0,22613.0,22613.0,0
20140702T,26754.0,26754.0,26754.0,26754.0,0
20140703T,29262.0,29262.0,29262.0,29262.0,0
20140704T,29684.0,29684.0,29684.0,29684.0,0
20140707T,31143.0,31143.0,31143.0,31143.0,0
20140708T,31535.0,31535.0,31535.0,31535.0,0
20140709T,34007.0,34007.0,34007.0,34007.0,0
20140710T,39569.0,39569.0,39569.0,39569.0,0
20140711T,38169.0,38169.0,38169.0,38169.0,0
20140714T,39630.0,39630.0,39630.0,39630.0,0
20140715T,43035.0,43035.0,43035.0,43035.0,0
20140716T,49168.0,49168.0,49168.0,49168.0,0
20140718T,52741.0,52741.0,52741.0,52741.0,0
20140721T,51353.0,51353.0,51353.0,51353.0,0
20140722T,54806.0,54806.0,54806.0,54806.0,0
20140723T,56166.0,56166.0,56166.0,56166.0,0
20140724T,58085.0,58085.0,58085.0,58085.0,0
20140725T,54008.0,54008.0,54008.0,54008.0,0
20140728T,55232.0,55232.0,55232.0,55232.0,0
20140730T,61818.0,61818.0,61818.0,61818.0,0
20140731T,10167.0,10167.0,10167.0,10167.0,0
20140801T,15391.0,15391.0,15391.0,15391.0,0
20140804T,21139.0,21139.0,21139.0,21139.0,0
20140805T,25402.0,25402.0,25402.0,25402.0,0
20140806T,26687.0,26687.0,26687.0,26687.0,0
20140807T,26937.0,26937.0,26937.0,26937.0,0
20140808T,27592.0,27592.0,27592.0,27592.0,0
20140811T,31484.0,31484.0,31484.0,31484.0,0
20140812T,37157.0,37157.0,37157.0,37157.0,0
20140813T,36951.0,36951.0,36951.0,36951.0,0
20140814T,41326.0,41326.0,41326.0,41326.0,0
20140818T,47864.0,47864.0,47864.0,47864.0,0
20140819T,54248.0,54248.0,54248.0,54248.0,0
20140820T,57350.0,57350.0,57350.0,57350.0,0
20140821T,60901.0,60901.0,60901.0,60901.0,0
20140822T,63586.0,63586.0,63586.0,63586.0,0
20140825T,65180.0,65180.0,65180.0,65180.0,0
20140826T,66155.0,66155.0,66155.0,66155.0,0
20140827T,69737.0,69737.0,69737.0,69737.0,0
20140828T,15109.0,15109.0,15109.0,15109.0,0
20140901T,24084.0,24084.0,24084.0,24084.0,0
20140902T,29439.0,29439.0,29439.0,29439.0,0
20140903T,32420.0,32420.0,32420.0,32420.0,0
20140904T,34054.0,34054.0,34054.0,34054.0,0
20140905T,35818.0,35818.0,35818.0,35818.0,0
20140908T,39449.0,39449.0,39449.0,39449.0,0
20140909T,42714.0,42714.0,42714.0,42714.0,0
20140910T,43365.0,43365.0,43365.0,43365.0,0
20140911T,45258.0,45258.0,45258.0,45258.0,0
20140912T,47544.0,47544.0,47544.0,47544.0,0
20140915T,48715.0,48715.0,48715.0,48715.0,0
20140916T,44149.0,44149.0,44149.0,44149.0,0
20140917T,47830.0,47830.0,47830.0,47830.0,0
20140918T,54913.0,54913.0,54913.0,54913.0,0
20140919T,55340.0,55340.0,55340.0,55340.0,0
20140922T,58801.0,58801.0,58801.0,58801.0,0
20140923T,52607.0,52607.0,52607.0,52607.0,0
20140924T,52839.0,52839.0,52839.0,52839.0,0
20140925T,13661.0,13661.0,13661.0,13661.0,0
20140926T,21000.0,21000.0,21000.0,21000.0,0
20140929T,23273.0,23273.0,23273.0,23273.0,0
20140930T,25309.0,25309.0,25309.0,25309.0,0
20141001T,27053.0,27053.0,27053.0,27053.0,0
20141007T,28874.0,28874.0,28874.0,28874.0,0
20141008T,32449.0,32449.0,32449.0,32449.0,0
20141009T,39987.0,39987.0,39987.0,39987.0,0
20141010T,45254.0,45254.0,45254.0,45254.0,0
20141013T,49926.0,49926.0,49926.0,49926.0,0
20141014T,54902.0,54902.0,54902.0,54902.0,0
20141016T,56001.0,56001.0,56001.0,56001.0,0
20141017T,58314.0,58314.0,58314.0,58314.0,0
20141020T,62609.0,62609.0,62609.0,62609.0,0
20141021T,69519.0,69519.0,69519.0,69519.0,0
20141022T,71598.0,71598.0,71598.0,71598.0,0
20141023T,72631.0,72631.0,72631.0,72631.0,0
20141027T,73973.0,73973.0,73973.0,73973.0,0
20141028T,77839.0,77839.0,77839.0,77839.0,0
20141029T,81003.0,81003.0,81003.0,81003.0,0
20141030T,19395.0,19395.0,19395.0,19395.0,0
20141031T,30412.0,30412.0,30412.0,30412.0,0
20141103T,35769.0,35769.0,35769.0,35769.0,0
20141105T,41485.0,41485.0,41485.0,41485.0,0
20141107T,48779.0,48779.0,48779.0,48779.0,0
20141110T,51670.0,51670.0,51670.0,51670.0,0
20141111T,56587.0,56587.0,56587.0,56587.0,0
20141112T,63607.0,63607.0,63607.0,63607.0,0
20141113T,64668.0,64668.0,64668.0,64668.0,0
20141114T,73114.0,73114.0,73114.0,73114.0,0
20141117T,81363.0,81363.0,81363.0,81363.0,0
20141118T,85127.0,85127.0,85127.0,85127.0,0
20141119T,80383.0,80383.0,80383.0,80383.0,0
20141120T,80243.0,80243.0,80243.0,80243.0,0
20141121T,83991.0,83991.0,83991.0,83991.0,0
20141124T,90393.0,90393.0,90393.0,90393.0,0
20141125T,84523.0,84523.0,84523.0,84523.0,0
20141126T,87270.0,87270.0,87270.0,87270.0,0
20141127T,18429.0,18429.0,18429.0,18429.0,0
20141128T,29510.0,29510.0,29510.0,29510.0,0
20141201T,35839.0,35839.0,35839.0,35839.0,0
20141202T,40316.0,40316.0,40316.0,40316.0,0
20141203T,45324.0,45324.0,45324.0,45324.0,0
20141204T,49133.0,49133.0,49133.0,49133.0,0
20141205T,51022.0,51022.0,51022.0,51022.0,0
20141208T,52694.0,52694.0,52694.0,52694.0,0
20141209T,52008.0,52008.0,52008.0,52008.0,0
20141210T,56866.0,56866.0,56866.0,56866.0,0
20141211T,57766.0,57766.0,57766.0,57766.0,0
20141212T,57525.0,57525.0,57525.0,57525.0,0
20141215T,60198.0,60198.0,60198.0,60198.0,0
20141216T,54856.0,54856.0,54856.0,54856.0,0
20141217T,55570.0,55570.0,55570.0,55570.0,0
20141218T,61649.0,61649.0,61649.0,61649.0,0
20141219T,65927.0,65927.0,65927.0,65927.0,0
20141222T,70792.0,70792.0,70792.0,70792.0,0
20141223T,69488.0,69488.0,69488.0,69488.0,0
20141224T,18431.0,18431.0,18431.0,18431.0,0
20141226T,25390.0,25390.0,25390.0,25390.0,0
20141229T,29431.0,29431.0,29431.0,29431.0,0
20141230T,33748.0,33748.0,33748.0,33748.0,0
20141231T,36690.0,36690.0,36690.0,36690.0,0
20150101T,38398.0,38398.0,38398.0,38398.0,0
20150102T,45246.0,45246.0,45246.0,45246.0,0
20150105T,49607.0,49607.0,49607.0,49607.0,0
20150106T,46609.0,46609.0,46609.0,46609.0,0
20150107T,51011.0,51011.0,51011.0,51011.0,0
20150108T,57353.0,57353.0,57353.0,57353.0,0
20150109T,63237.0,63237.0,63237.0,63237.0,0
20150112T,69531.0,69531.0,69531.0,69531.0,0
20150113T,69634.0,69634.0,69634.0,69634.0,0
20150114T,75547.0,75547.0,75547.0,75547.0,0
20150115T,86230.0,86230.0,86230.0,86230.0,0
20150116T,90619.0,90619.0,90619.0,90619.0,0
20150119T,94391.0,94391.0,94391.0,94391.0,0
20150120T,100920.0,100920.0,100920.0,100920.0,0
20150121T,107055.0,107055.0,107055.0,107055.0,0
20150122T,110491.0,110491.0,110491.0,110491.0,0
20150123T,113425.0,113425.0,113425.0,113425.0,0
20150127T,119319.0,119319.0,119319.0,119319.0,0
20150128T,120667.0,120667.0,120667.0,120667.0,0
20150129T,22019.0,22019.0,22019.0,22019.0,0
20150130T,33091.0,33091.0,33091.0,33091.0,0
20150202T,40603.0,40603.0,40603.0,40603.0,0
20150203T,43546.0,43546.0,43546.0,43546.0,0
20150204T,47727.0,47727.0,47727.0,47727.0,0
20150205T,50245.0,50245.0,50245.0,50245.0,0
20150206T,54250.0,54250.0,54250.0,54250.0,0
20150209T,55618.0,55618.0,55618.0,55618.0,0
20150210T,60766.0,60766.0,60766.0,60766.0,0
20150211T,65615.0,65615.0,65615.0,65615.0,0
20150212T,70783.0,70783.0,70783.0,70783.0,0
20150213T,74736.0,74736.0,74736.0,74736.0,0
20150216T,75575.0,75575.0,75575.0,75575.0,0
20150218T,76946.0,76946.0,76946.0,76946.0,0
20150219T,79086.0,79086.0,79086.0,79086.0,0
20150220T,77160.0,77160.0,77160.0,77160.0,0
20150223T,75231.0,75231.0,75231.0,75231.0,0
20150224T,75931.0,75931.0,75931.0,75931.0,0
20150225T,76435.0,76435.0,76435.0,76435.0,0
20150226T,15947.0,15947.0,15947.0,15947.0,0
20150227T,25730.0,25730.0,25730.0,25730.0,0
20150302T,41173.0,41173.0,41173.0,41173.0,0
20150303T,44911.0,44911.0,44911.0,44911.0,0
20150304T,46232.0,46232.0,46232.0,46232.0,0
20150305T,47526.0,47526.0,47526.0,47526.0,0
20150309T,47975.0,47975.0,47975.0,47975.0,0
20150310T,48646.0,48646.0,48646.0,48646.0,0
20150311T,51364.0,51364.0,51364.0,51364.0,0
20150312T,55105.0,55105.0,55105.0,55105.0,0
20150313T,53169.0,53169.0,53169.0,53169.0,0
20150316T,55029.0,55029.0,55029.0,55029.0,0
20150317T,57901.0,57901.0,57901.0,57901.0,0
20150318T,59948.0,59948.0,59948.0,59948.0,0
20150319T,57564.0,57564.0,57564.0,57564.0,0
20150320T,56579.0,56579.0,56579.0,56579.0,0
20150323T,58590.0,58590.0,58590.0,58590.0,0
20150324T,62777.0,62777.0,62777.0,62777.0,0
20150325T,63881.0,63881.0,63881.0,63881.0,0
20150326T,15995.0,15995.0,15995.0,15995.0,0
20150327T,22010.0,22010.0,22010.0,22010.0,0
20150330T,26736.0,26736.0,26736.0,26736.0,0
20150331T,28151.0,28151.0,28151.0,28151.0,0
20150401T,33496.0,33496.0,33496.0,33496.0,0
20150406T,39100.0,39100.0,39100.0,39100.0,0
20150407T,42883.0,42883.0,42883.0,42883.0,0
20150408T,50146.0,50146.0,50146.0,50146.0,0
20150409T,53104.0,53104.0,53104.0,53104.0,0
20150410T,58465.0,58465.0,58465.0,58465.0,0
20150413T,64216.0,64216.0,64216.0,64216.0,0
20150415T,66539.0,66539.0,66539.0,66539.0,0
20150416T,69155.0,69155.0,69155.0,69155.0,0
20150417T,68069.0,68069.0,68069.0,68069.0,0
20150420T,65212.0,65212.0,65212.0,65212.0,0
20150421T,68144.0,68144.0,68144.0,68144.0,0
20150422T,71069.0,71069.0,71069.0,71069.0,0
20150423T,75820.0,75820.0,75820.0,75820.0,0
20150424T,74205.0,74205.0,74205.0,74205.0,0
20150427T,75849.0,75849.0,75849.0,75849.0,0
20150428T,83924.0,83924.0,83924.0,83924.0,0
20150429T,85701.0,85701.0,85701.0,85701.0,0
20150430T,22391.0,22391.0,22391.0,22391.0,0
20150504T,32199.0,32199.0,32199.0,32199.0,0
20150505T,37867.0,37867.0,37867.0,37867.0,0
20150506T,36951.0,36951.0,36951.0,36951.0,0
20150507T,40487.0,40487.0,40487.0,40487.0,0
20150508T,45817.0,45817.0,45817.0,45817.0,0
20150511T,56044.0,56044.0,56044.0,56044.0,0
20150512T,52517.0,52517.0,52517.0,52517.0,0
20150513T,56848.0,56848.0,56848.0,56848.0,0
20150514T,61096.0,61096.0,61096.0,61096.0,0
20150515T,63931.0,63931.0,63931.0,63931.0,0
20150518T,68967.0,68967.0,68967.0,68967.0,0
20150519T,71569.0,71569.0,71569.0,71569.0,0
20150520T,76548.0,76548.0,76548.0,76548.0,0
20150521T,81043.0,81043.0,81043.0,81043.0,0
20150522T,84907.0,84907.0,84907.0,84907.0,0
20150525T,82179.0,82179.0,82179.0,82179.0,0
20150526T,88745.0,88745.0,88745.0,88745.0,0
20150527T,93183.0,93183.0,93183.0,93183.0,0
20150528T,18714.0,18714.0,18714.0,18714.0,0
20150529T,30285.0,30285.0,30285.0,30285.0,0
20150601T,35464.0,35464.0,35464.0,35464.0,0
20150602T,33819.0,33819.0,33819.0,33819.0,0
20150603T,39848.0,39848.0,39848.0,39848.0,0
20150604T,43332.0,43332.0,43332.0,43332.0,0
20150605T,45426.0,45426.0,45426.0,45426.0,0
20150608T,47724.0,47724.0,47724.0,47724.0,0
20150609T,49943.0,49943.0,49943.0,49943.0,0
20150610T,54104.0,54104.0,54104.0,54104.0,0
20150611T,51911.0,51911.0,51911.0,51911.0,0
20150612T,55287.0,55287.0,55287.0,55287.0,0
20150615T,59539.0,59539.0,59539.0,59539.0,0
20150616T,60601.0,60601.0,60601.0,60601.0,0
20150617T,67459.0,67459.0,67459.0,67459.0,0
20150618T,77404.0,77404.0,77404.0,77404.0,0
20150619T,83441.0,83441.0,83441.0,83441.0,0
20150622T,91841.0,91841.0,91841.0,91841.0,0
20150623T,98379.0,98379.0,98379.0,98379.0,0
20150624T,96402.0,96402.0,96402.0,96402.0,0
20150625T,19069.0,19069.0,19069.0,19069.0,0
20150626T,25886.0,25886.0,25886.0,25886.0,0
20150629T,30878.0,30878.0,30878.0,30878.0,0
20150630T,34920.0,34920.0,34920.0,34920.0,0
20150701T,40076.0,40076.0,40076.0,40076.0,0
20150702T,44382.0,44382.0,44382.0,44382.0,0
20150703T,46385.0,46385.0,46385.0,46385.0,0
20150706T,49486.0,49486.0,49486.0,49486.0,0
20150707T,52954.0,52954.0,52954.0,52954.0,0
20150708T,55752.0,55752.0,55752.0,55752.0,0
20150709T,62268.0,62268.0,62268.0,62268.0,0
20150710T,63340.0,63340.0,63340.0,63340.0,0
20150713T,67477.0,67477.0,67477.0,67477.0,0
20150714T,70763.0,70763.0,70763.0,70763.0,0
20150715T,73921.0,73921.0,73921.0,73921.0,0
20150716T,80622.0,80622.0,80622.0,80622.0,0
20150717T,84565.0,84565.0,84565.0,84565.0,0
20150720T,92527.0,92527.0,92527.0,92527.0,0
20150721T,102585.0,102585.0,102585.0,102585.0,0
20150722T,110213.0,110213.0,110213.0,110213.0,0
20150723T,113016.0,113016.0,113016.0,113016.0,0
20150724T,111913.0,111913.0,111913.0,111913.0,0
20150727T,104276.0,104276.0,104276.0,104276.0,0
20150728T,104214.0,104214.0,104214.0,104214.0,0
20150729T,105720.0,105720.0,105720.0,105720.0,0
20150730T,23742.0,23742.0,23742.0,23742.0,0
20150731T,36725.0,36725.0,36725.0,36725.0,0
20150803T,43330.0,43330.0,43330.0,43330.0,0
20150804T,50224.0,50224.0,50224.0,50224.0,0
20150805T,56345.0,56345.0,56345.0,56345.0,0
20150806T,61703.0,61703.0,61703.0,61703.0,0
20150807T,66777.0,66777.0,66777.0,66777.0,0
20150810T,70740.0,70740.0,70740.0,70740.0,0
20150811T,70043.0,70043.0,70043.0,70043.0,0
20150812T,70278.0,70278.0,70278.0,70278.0,0
20150813T,74147.0,74147.0,74147.0,74147.0,0
20150814T,86590.0,86590.0,86590.0,86590.0,0
20150817T,91170.0,91170.0,91170.0,91170.0,0
20150818T,95764.0,95764.0,95764.0,95764.0,0
20150819T,98834.0,98834.0,98834.0,98834.0,0
20150820T,93167.0,93167.0,93167.0,93167.0,0
20150821T,91792.0,91792.0,91792.0,91792.0,0
20150824T,83597.0,83597.0,83597.0,83597.0,0
20150825T,93285.0,93285.0,93285.0,93285.0,0
20150826T,98128.0,98128.0,98128.0,98128.0,0
20150827T,26884.0,26884.0,26884.0,26884.0,0
20150828T,34541.0,34541.0,34541.0,34541.0,0
20150831T,40237.0,40237.0,40237.0,40237.0,0
20150901T,42178.0,42178.0,42178.0,42178.0,0
20150902T,47258.0,47258.0,47258.0,47258.0,0
20150903T,50706.0,50706.0,50706.0,50706.0,0
20150904T,50520.0,50520.0,50520.0,50520.0,0
20150907T,52677.0,52677.0,52677.0,52677.0,0
20150908T,57546.0,57546.0,57546.0,57546.0,0
20150909T,64330.0,64330.0,64330.0,64330.0,0
20150910T,66814.0,66814.0,66814.0,66814.0,0
20150911T,69084.0,69084.0,69084.0,69084.0,0
20150914T,74394.0,74394.0,74394.0,74394.0,0
20150915T,71440.0,71440.0,71440.0,71440.0,0
20150916T,75133.0,75133.0,75133.0,75133.0,0
20150918T,77373.0,77373.0,77373.0,77373.0,0
20150921T,84473.0,84473.0,84473.0,84473.0,0
20150922T,78769.0,78769.0,78769.0,78769.0,0
20150923T,86389.0,86389.0,86389.0,86389.0,0
20150924T,17992.0,17992.0,17992.0,17992.0,0
20150928T,25077.0,25077.0,25077.0,25077.0,0
20150929T,30405.0,30405.0,30405.0,30405.0,0
20150930T,33461.0,33461.0,33461.0,33461.0,0
20151001T,38733.0,38733.0,38733.0,38733.0,0
20151005T,44849.0,44849.0,44849.0,44849.0,0
20151006T,51139.0,51139.0,51139.0,51139.0,0
20151007T,59176.0,59176.0,59176.0,59176.0,0
20151008T,61779.0,61779.0,61779.0,61779.0,0
20151009T,69359.0,69359.0,69359.0,69359.0,0
20151012T,72097.0,72097.0,72097.0,72097.0,0
20151013T,75886.0,75886.0,75886.0,75886.0,0
20151014T,74863.0,74863.0,74863.0,74863.0,0
20151015T,82961.0,82961.0,82961.0,82961.0,0
20151016T,89529.0,89529.0,89529.0,89529.0,0
20151019T,92554.0,92554.0,92554.0,92554.0,0
20151020T,94347.0,94347.0,94347.0,94347.0,0
20151021T,96084.0,96084.0,96084.0,96084.0,0
20151023T,97542.0,97542.0,97542.0,97542.0,0
20151026T,98439.0,98439.0,98439.0,98439.0,0
20151027T,100227.0,100227.0,100227.0,100227.0,0
20151028T,96829.0,96829.0,96829.0,96829.0,0
20151029T,10804.0,10804.0,10804.0,10804.0,0
20151030T,16878.0,16878.0,16878.0,16878.0,0
20151102T,20163.0,20163.0,20163.0,20163.0,0
20151103T,22775.0,22775.0,22775.0,22775.0,0
20151104T,24908.0,24908.0,24908.0,24908.0,0
20151105T,26016.0,26016.0,26016.0,26016.0,0
20151106T,29196.0,29196.0,29196.0,29196.0,0
20151109T,31217.0,31217.0,31217.0,31217.0,0
20151110T,32024.0,32024.0,32024.0,32024.0,0
20151111T,33459.0,33459.0,33459.0,33459.0,0
20151113T,34825.0,34825.0,34825.0,34825.0,0
20151116T,36490.0,36490.0,36490.0,36490.0,0
20151117T,38011.0,38011.0,38011.0,38011.0,0
20151118T,36245.0,36245.0,36245.0,36245.0,0
20151119T,41247.0,41247.0,41247.0,41247.0,0
20151120T,44042.0,44042.0,44042.0,44042.0,0
20151123T,46318.0,46318.0,46318.0,46318.0,0
20151124T,46833.0,46833.0,46833.0,46833.0,0
20151126T,8970.0,8970.0,8970.0,8970.0,0
20151127T,11732.0,11732.0,11732.0,11732.0,0
20151130T,14046.0,14046.0,14046.0,14046.0,0
20151201T,15736.0,15736.0,15736.0,15736.0,0
20151202T,17499.0,17499.0,17499.0,17499.0,0
20151203T,18577.0,18577.0,18577.0,18577.0,0
20151204T,19697.0,19697.0,19697.0,19697.0,0
20151207T,22280.0,22280.0,22280.0,22280.0,0
20151208T,22630.0,22630.0,22630.0,22630.0,0
20151209T,23465.0,23465.0,23465.0,23465.0,0
20151210T,25021.0,25021.0,25021.0,25021.0,0
20151211T,25625.0,25625.0,25625.0,25625.0,0
20151214T,27798.0,27798.0,27798.0,27798.0,0
20151215T,30170.0,30170.0,30170.0,30170.0,0
20151216T,32777.0,32777.0,32777.0,32777.0,0
20151217T,37218.0,37218.0,37218.0,37218.0,0
20151218T,38390.0,38390.0,38390.0,38390.0,0
20151221T,42062.0,42062.0,42062.0,42062.0,0
20151222T,43250.0,43250.0,43250.0,43250.0,0
20151223T,46197.0,46197.0,46197.0,46197.0,0
20151224T,47626.0,47626.0,47626.0,47626.0,0
20151228T,48249.0,48249.0,48249.0,48249.0,0
20151229T,49567.0,49567.0,49567.0,49567.0,0
20151230T,49184.0,49184.0,49184.0,49184.0,0
20151231T,9666.0,9666.0,9666.0,9666.0,0
20160101T,13112.0,13112.0,13112.0,13112.0,0
20160104T,15891.0,15891.0,15891.0,15891.0,0
20160105T,19667.0,19667.0,19667.0,19667.0,0
20160106T,20334.0,20334.0,20334.0,20334.0,0
20160107T,21495.0,21495.0,21495.0,21495.0,0
20160108T,23808.0,23808.0,23808.0,23808.0,0
20160111T,27152.0,27152.0,27152.0,27152.0,0
20160112T,32065.0,32065.0,32065.0,32065.0,0
20160113T,35938.0,35938.0,35938.0,35938.0,0
20160114T,37788.0,37788.0,37788.0,37788.0,0
20160115T,37817.0,37817.0,37817.0,37817.0,0
20160118T,41503.0,41503.0,41503.0,41503.0,0
20160119T,45236.0,45236.0,45236.0,45236.0,0
20160120T,44790.0,44790.0,44790.0,44790.0,0
20160121T,47844.0,47844.0,47844.0,47844.0,0
20160122T,51853.0,51853.0,51853.0,51853.0,0
20160125T,52026.0,52026.0,52026.0,52026.0,0
20160127T,55339.0,55339.0,55339.0,55339.0,0
20160128T,11402.0,11402.0,11402.0,11402.0,0
20160129T,19520.0,19520.0,19520.0,19520.0,0
20160201T,24217.0,24217.0,24217.0,24217.0,0
20160202T,26560.0,26560.0,26560.0,26560.0,0
20160203T,29484.0,29484.0,29484.0,29484.0,0
20160204T,34576.0,34576.0,34576.0,34576.0,0
20160205T,39831.0,39831.0,39831.0,39831.0,0
20160208T,41129.0,41129.0,41129.0,41129.0,0
20160209T,42536.0,42536.0,42536.0,42536.0,0
20160211T,42665.0,42665.0,42665.0,42665.0,0
20160212T,44582.0,44582.0,44582.0,44582.0,0
20160215T,50909.0,50909.0,50909.0,50909.0,0
20160216T,51566.0,51566.0,51566.0,51566.0,0
20160217T,54420.0,54420.0,54420.0,54420.0,0
20160218T,55913.0,55913.0,55913.0,55913.0,0
20160219T,57869.0,57869.0,57869.0,57869.0,0
20160222T,59521.0,59521.0,59521.0,59521.0,0
20160223T,57220.0,57220.0,57220.0,57220.0,0
20160224T,56918.0,56918.0,56918.0,56918.0,0
20160225T,12290.0,12290.0,12290.0,12290.0,0
20160226T,17547.0,17547.0,17547.0,17547.0,0
20160229T,22424.0,22424.0,22424.0,22424.0,0
20160301T,28290.0,28290.0,28290.0,28290.0,0
20160302T,33714.0,33714.0,33714.0,33714.0,0
20160303T,38457.0,38457.0,38457.0,38457.0,0
20160304T,40840.0,40840.0,40840.0,40840.0,0
20160308T,43347.0,43347.0,43347.0,43347.0,0
20160309T,45863.0,45863.0,45863.0,45863.0,0
20160310T,46120.0,46120.0,46120.0,46120.0,0
20160311T,47927.0,47927.0,47927.0,47927.0,0
20160314T,48596.0,48596.0,48596.0,48596.0,0
20160315T,50048.0,50048.0,50048.0,50048.0,0
20160316T,50580.0,50580.0,50580.0,50580.0,0
20160317T,53723.0,53723.0,53723.0,53723.0,0
20160318T,57979.0,57979.0,57979.0,57979.0,0
20160321T,61921.0,61921.0,61921.0,61921.0,0
20160322T,63252.0,63252.0,63252.0,63252.0,0
20160323T,66168.0,66168.0,66168.0,66168.0,0
20160328T,64341.0,64341.0,64341.0,64341.0,0
20160329T,68341.0,68341.0,68341.0,68341.0,0
20160330T,75774.0,75774.0,75774.0,75774.0,0
20160331T,9810.0,9810.0,9810.0,9810.0,0
20160401T,13261.0,13261.0,13261.0,13261.0,0
20160404T,15515.0,15515.0,15515.0,15515.0,0
20160405T,15734.0,15734.0,15734.0,15734.0,0
20160406T,19090.0,19090.0,19090.0,19090.0,0
20160407T,22169.0,22169.0,22169.0,22169.0,0
20160408T,23548.0,23548.0,23548.0,23548.0,0
20160411T,26827.0,26827.0,26827.0,26827.0,0
20160412T,30057.0,30057.0,30057.0,30057.0,0
20160413T,36410.0,36410.0,36410.0,36410.0,0
20160418T,43309.0,43309.0,43309.0,43309.0,0
20160420T,45463.0,45463.0,45463.0,45463.0,0
20160421T,48076.0,48076.0,48076.0,48076.0,0
20160422T,51983.0,51983.0,51983.0,51983.0,0
20160425T,50517.0,50517.0,50517.0,50517.0,0
20160426T,58381.0,58381.0,58381.0,58381.0,0
20160427T,59092.0,59092.0,59092.0,59092.0,0
20160428T,9702.0,9702.0,9702.0,9702.0,0
20160429T,16153.0,16153.0,16153.0,16153.0,0
20160502T,18658.0,18658.0,18658.0,18658.0,0
20160503T,20249.0,20249.0,20249.0,20249.0,0
20160504T,23178.0,23178.0,23178.0,23178.0,0
20160505T,26195.0,26195.0,26195.0,26195.0,0
20160506T,27394.0,27394.0,27394.0,27394.0,0
20160509T,30683.0,30683.0,30683.0,30683.0,0
20160510T,32135.0,32135.0,32135.0,32135.0,0
20160511T,33612.0,33612.0,33612.0,33612.0,0
20160512T,37414.0,37414.0,37414.0,37414.0,0
20160513T,35740.0,35740.0,35740.0,35740.0,0
20160516T,37792.0,37792.0,37792.0,37792.0,0
20160517T,41863.0,41863.0,41863.0,41863.0,0
20160518T,43476.0,43476.0,43476.0,43476.0,0
20160519T,41916.0,41916.0,41916.0,41916.0,0
20160520T,43566.0,43566.0,43566.0,43566.0,0
20160523T,44589.0,44589.0,44589.0,44589.0,0
20160524T,48701.0,48701.0,48701.0,48701.0,0
20160525T,56973.0,56973.0,56973.0,56973.0,0
20160526T,13141.0,13141.0,13141.0,13141.0,0
20160527T,21779.0,21779.0,21779.0,21779.0,0
20160530T,25377.0,25377.0,25377.0,25377.0,0
20160531T,28311.0,28311.0,28311.0,28311.0,0
20160601T,30106.0,30106.0,30106.0,30106.0,0
20160602T,31986.0,31986.0,31986.0,31986.0,0
20160603T,33180.0,33180.0,33180.0,33180.0,0
20160606T,34899.0,34899.0,34899.0,34899.0,0
20160607T,37926.0,37926.0,37926.0,37926.0,0
20160608T,38859.0,38859.0,38859.0,38859.0,0
20160609T,39495.0,39495.0,39495.0,39495.0,0
20160610T,38917.0,38917.0,38917.0,38917.0,0
20160613T,38055.0,38055.0,38055.0,38055.0,0
20160614T,38573.0,38573.0,38573.0,38573.0,0
20160615T,41537.0,41537.0,41537.0,41537.0,0
20160616T,40679.0,40679.0,40679.0,40679.0,0
20160617T,42826.0,42826.0,42826.0,42826.0,0
20160620T,46576.0,46576.0,46576.0,46576.0,0
20160621T,46515.0,46515.0,46515.0,46515.0,0
20160622T,46201.0,46201.0,46201.0,46201.0,0
20160623T,48872.0,48872.0,48872.0,48872.0,0
20160624T,45434.0,45434.0,45434.0,45434.0,0
20160627T,49837.0,49837.0,49837.0,49837.0,0
20160628T,52299.0,52299.0,52299.0,52299.0,0
20160629T,53546.0,53546.0,53546.0,53546.0,0
20160630T,10457.0,10457.0,10457.0,10457.0,0
20160701T,14680.0,14680.0,14680.0,14680.0,0
20160704T,17506.0,17506.0,17506.0,17506.0,0
20160705T,19339.0,19339.0,19339.0,19339.0,0
20160707T,21823.0,21823.0,21823.0,21823.0,0
20160708T,22485.0,22485.0,22485.0,22485.0,0
20160711T,26103.0,26103.0,26103.0,26103.0,0
20160712T,29221.0,29221.0,29221.0,29221.0,0
20160713T,32128.0,32128.0,32128.0,32128.0,0
20160714T,40082.0,40082.0,40082.0,40082.0,0
20160715T,43152.0,43152.0,43152.0,43152.0,0
20160718T,43144.0,43144.0,43144.0,43144.0,0
20160719T,45112.0,45112.0,45112.0,45112.0,0
20160720T,47943.0,47943.0,47943.0,47943.0,0
20160721T,47536.0,47536.0,47536.0,47536.0,0
20160722T,49728.0,49728.0,49728.0,49728.0,0
20160725T,53048.0,53048.0,53048.0,53048.0,0
20160726T,53783.0,53783.0,53783.0,53783.0,0
20160727T,55208.0,55208.0,55208.0,55208.0,0
20160728T,11698.0,11698.0,11698.0,11698.0,0
20160729T,16549.0,16549.0,16549.0,16549.0,0
20160801T,20829.0,20829.0,20829.0,20829.0,0
20160802T,23634.0,23634.0,23634.0,23634.0,0
20160803T,24625.0,24625.0,24625.0,24625.0,0
20160804T,25971.0,25971.0,25971.0,25971.0,0
20160805T,29625.0,29625.0,29625.0,29625.0,0
20160808T,32729.0,32729.0,32729.0,32729.0,0
20160809T,34790.0,34790.0,34790.0,34790.0,0
20160810T,34694.0,34694.0,34694.0,34694.0,0
20160811T,36274.0,36274.0,36274.0,36274.0,0
20160812T,41805.0,41805.0,41805.0,41805.0,0
20160816T,43582.0,43582.0,43582.0,43582.0,0
20160817T,43629.0,43629.0,43629.0,43629.0,0
20160818T,44925.0,44925.0,44925.0,44925.0,0
20160819T,46469.0,46469.0,46469.0,46469.0,0
20160822T,45684.0,45684.0,45684.0,45684.0,0
20160823T,46675.0,46675.0,46675.0,46675.0,0
20160824T,47426.0,47426.0,47426.0,47426.0,0
20160825T,8771.0,8771.0,8771.0,8771.0,0
20160826T,13068.0,13068.0,13068.0,13068.0,0
20160829T,16321.0,16321.0,16321.0,16321.0,0
20160830T,18945.0,18945.0,18945.0,18945.0,0
20160831T,21782.0,21782.0,21782.0,21782.0,0
20160901T,25352.0,25352.0,25352.0,25352.0,0
20160902T,26873.0,26873.0,26873.0,26873.0,0
20160906T,31437.0,31437.0,31437.0,31437.0,0
20160907T,34218.0,34218.0,34218.0,34218.0,0
20160908T,36434.0,36434.0,36434.0,36434.0,0
20160909T,36213.0,36213.0,36213.0,36213.0,0
20160912T,36818.0,36818.0,36818.0,36818.0,0
20160914T,39007.0,39007.0,39007.0,39007.0,0
20160915T,39006.0,39006.0,39006.0,39006.0,0
20160916T,41033.0,41033.0,41033.0,41033.0,0
20160919T,43802.0,43802.0,43802.0,43802.0,0
20160920T,43999.0,43999.0,43999.0,43999.0,0
20160921T,44967.0,44967.0,44967.0,44967.0,0
20160922T,47988.0,47988.0,47988.0,47988.0,0
20160923T,49976.0,49976.0,49976.0,49976.0,0
20160926T,49021.0,49021.0,49021.0,49021.0,0
20160927T,50009.0,50009.0,50009.0,50009.0,0
20160928T,51703.0,51703.0,51703.0,51703.0,0
20160929T,10165.0,10165.0,10165.0,10165.0,0
20160930T,16615.0,16615.0,16615.0,16615.0,0
20161003T,20562.0,20562.0,20562.0,20562.0,0
20161004T,22794.0,22794.0,22794.0,22794.0,0
20161005T,25311.0,25311.0,25311.0,25311.0,0
20161006T,26394.0,26394.0,26394.0,26394.0,0
20161007T,27172.0,27172.0,27172.0,27172.0,0
20161010T,29195.0,29195.0,29195.0,29195.0,0
20161013T,33026.0,33026.0,33026.0,33026.0,0
20161014T,34554.0,34554.0,34554.0,34554.0,0
20161017T,35700.0,35700.0,35700.0,35700.0,0
20161018T,40490.0,40490.0,40490.0,40490.0,0
20161019T,41614.0,41614.0,41614.0,41614.0,0
20161020T,48345.0,48345.0,48345.0,48345.0,0
20161021T,49666.0,49666.0,49666.0,49666.0,0
20161024T,51463.0,51463.0,51463.0,51463.0,0
20161025T,54655.0,54655.0,54655.0,54655.0,0
20161026T,51521.0,51521.0,51521.0,51521.0,0
20161027T,10823.0,10823.0,10823.0,10823.0,0
20161028T,14985.0,14985.0,14985.0,14985.0,0
20161101T,18685.0,18685.0,18685.0,18685.0,0
20161102T,20365.0,20365.0,20365.0,20365.0,0
20161103T,23150.0,23150.0,23150.0,23150.0,0
20161104T,24887.0,24887.0,24887.0,24887.0,0
20161107T,28415.0,28415.0,28415.0,28415.0,0
20161108T,30962.0,30962.0,30962.0,30962.0,0
20161109T,32090.0,32090.0,32090.0,32090.0,0
20161110T,38091.0,38091.0,38091.0,38091.0,0
20161111T,37355.0,37355.0,37355.0,37355.0,0
20161115T,40532.0,40532.0,40532.0,40532.0,0
20161116T,42297.0,42297.0,42297.0,42297.0,0
20161117T,43869.0,43869.0,43869.0,43869.0,0
20161118T,44291.0,44291.0,44291.0,44291.0,0
20161121T,42245.0,42245.0,42245.0,42245.0,0
20161122T,48318.0,48318.0,48318.0,48318.0,0
20161123T,52116.0,52116.0,52116.0,52116.0,0
20161124T,11076.0,11076.0,11076.0,11076.0,0
20161125T,15853.0,15853.0,15853.0,15853.0,0
20161128T,18502.0,18502.0,18502.0,18502.0,0
20161129T,21011.0,21011.0,21011.0,21011.0,0
20161130T,23637.0,23637.0,23637.0,23637.0,0
20161201T,24633.0,24633.0,24633.0,24633.0,0
20161202T,23933.0,23933.0,23933.0,23933.0,0
20161205T,26892.0,26892.0,26892.0,26892.0,0
20161206T,27914.0,27914.0,27914.0,27914.0,0
20161207T,29238.0,29238.0,29238.0,29238.0,0
20161208T,32166.0,32166.0,32166.0,32166.0,0
20161209T,33963.0,33963.0,33963.0,33963.0,0
20161212T,34185.0,34185.0,34185.0,34185.0,0
20161213T,35672.0,35672.0,35672.0,35672.0,0
20161214T,36547.0,36547.0,36547.0,36547.0,0
20161215T,37966.0,37966.0,37966.0,37966.0,0
20161216T,38462.0,38462.0,38462.0,38462.0,0
20161219T,40035.0,40035.0,40035.0,40035.0,0
20161220T,39870.0,39870.0,39870.0,39870.0,0
20161221T,41785.0,41785.0,41785.0,41785.0,0
20161222T,39994.0,39994.0,39994.0,39994.0,0
20161223T,42846.0,42846.0,42846.0,42846.0,0
20161226T,42308.0,42308.0,42308.0,42308.0,0
20161227T,47793.0,47793.0,47793.0,47793.0,0
20161228T,47586.0,47586.0,47586.0,47586.0,0
20161229T,13023.0,13023.0,13023.0,13023.0,0
20161230T,17446.0,17446.0,17446.0,17446.0,0
20170102T,21091.0,21091.0,21091.0,21091.0,0
20170103T,23389.0,23389.0,23389.0,23389.0,0
20170104T,25322.0,25322.0,25322.0,25322.0,0
20170105T,29603.0,29603.0,29603.0,29603.0,0
20170106T,32110.0,32110.0,32110.0,32110.0,0
20170109T,33342.0,33342.0,33342.0,33342.0,0
20170110T,37636.0,37636.0,37636.0,37636.0,0
20170111T,43814.0,43814.0,43814.0,43814.0,0
20170112T,51224.0,51224.0,51224.0,51224.0,0
20170113T,50695.0,50695.0,50695.0,50695.0,0
20170116T,54432.0,54432.0,54432.0,54432.0,0
20170117T,54046.0,54046.0,54046.0,54046.0,0
20170118T,56454.0,56454.0,56454.0,56454.0,0
20170119T,59643.0,59643.0,59643.0,59643.0,0
20170120T,55132.0,55132.0,55132.0,55132.0,0
20170123T,62235.0,62235.0,62235.0,62235.0,0
20170124T,65333.0,65333.0,65333.0,65333.0,0
20170125T,12916.0,12916.0,12916.0,12916.0,0
20170127T,18113.0,18113.0,18113.0,18113.0,0
20170130T,22036.0,22036.0,22036.0,22036.0,0
20170131T,25993.0,25993.0,25993.0,25993.0,0
20170201T,31615.0,31615.0,31615.0,31615.0,0
20170202T,34014.0,34014.0,34014.0,34014.0,0
20170203T,37494.0,37494.0,37494.0,37494.0,0
20170206T,40861.0,40861.0,40861.0,40861.0,0
20170207T,43425.0,43425.0,43425.0,43425.0,0
20170208T,44942.0,44942.0,44942.0,44942.0,0
20170209T,47438.0,47438.0,47438.0,47438.0,0
20170210T,49649.0,49649.0,49649.0,49649.0,0
20170213T,51011.0,51011.0,51011.0,51011.0,0
20170214T,52328.0,52328.0,52328.0,52328.0,0
20170215T,52227.0,52227.0,52227.0,52227.0,0
20170216T,57604.0,57604.0,57604.0,57604.0,0
20170217T,59713.0,59713.0,59713.0,59713.0,0
20170220T,64230.0,64230.0,64230.0,64230.0,0
20170221T,65463.0,65463.0,65463.0,65463.0,0
20170222T,65999.0,65999.0,65999.0,65999.0,0
20170223T,13650.0,13650.0,13650.0,13650.0,0
20170227T,19498.0,19498.0,19498.0,19498.0,0
20170228T,22787.0,22787.0,22787.0,22787.0,0
20170301T,24341.0,24341.0,24341.0,24341.0,0
20170302T,25477.0,25477.0,25477.0,25477.0,0
20170303T,27136.0,27136.0,27136.0,27136.0,0
20170306T,29606.0,29606.0,29606.0,29606.0,0
20170307T,30177.0,30177.0,30177.0,30177.0,0
20170308T,31584.0,31584.0,31584.0,31584.0,0
20170309T,32737.0,32737.0,32737.0,32737.0,0
20170310T,33857.0,33857.0,33857.0,33857.0,0
20170314T,36818.0,36818.0,36818.0,36818.0,0
20170315T,38530.0,38530.0,38530.0,38530.0,0
20170316T,42622.0,42622.0,42622.0,42622.0,0
20170317T,44855.0,44855.0,44855.0,44855.0,0
20170320T,47534.0,47534.0,47534.0,47534.0,0
20170321T,48096.0,48096.0,48096.0,48096.0,0
20170322T,48128.0,48128.0,48128.0,48128.0,0
20170323T,50663.0,50663.0,50663.0,50663.0,0
20170324T,50641.0,50641.0,50641.0,50641.0,0
20170327T,51376.0,51376.0,51376.0,51376.0,0
20170328T,52298.0,52298.0,52298.0,52298.0,0
20170329T,54288.0,54288.0,54288.0,54288.0,0
20170330T,12198.0,12198.0,12198.0,12198.0,0
20170331T,17307.0,17307.0,17307.0,17307.0,0
20170403T,21535.0,21535.0,21535.0,21535.0,0
20170405T,27227.0,27227.0,27227.0,27227.0,0
20170406T,29605.0,29605.0,29605.0,29605.0,0
20170407T,29917.0,29917.0,29917.0,29917.0,0
20170410T,32590.0,32590.0,32590.0,32590.0,0
20170411T,36429.0,36429.0,36429.0,36429.0,0
20170412T,38861.0,38861.0,38861.0,38861.0,0
20170413T,42207.0,42207.0,42207.0,42207.0,0
20170417T,44196.0,44196.0,44196.0,44196.0,0
20170418T,46487.0,46487.0,46487.0,46487.0,0
20170419T,50051.0,50051.0,50051.0,50051.0,0
20170420T,52090.0,52090.0,52090.0,52090.0,0
20170421T,50856.0,50856.0,50856.0,50856.0,0
20170424T,57241.0,57241.0,57241.0,57241.0,0
20170425T,59575.0,59575.0,59575.0,59575.0,0
20170426T,61316.0,61316.0,61316.0,61316.0,0
20170427T,14460.0,14460.0,14460.0,14460.0,0
20170428T,22138.0,22138.0,22138.0,22138.0,0
20170502T,26343.0,26343.0,26343.0,26343.0,0
20170503T,29504.0,29504.0,29504.0,29504.0,0
20170504T,34283.0,34283.0,34283.0,34283.0,0
20170505T,36778.0,36778.0,36778.0,36778.0,0
20170508T,39973.0,39973.0,39973.0,39973.0,0
20170509T,43125.0,43125.0,43125.0,43125.0,0
20170510T,48332.0,48332.0,48332.0,48332.0,0
20170511T,50960.0,50960.0,50960.0,50960.0,0
20170512T,53212.0,53212.0,53212.0,53212.0,0
20170515T,56332.0,56332.0,56332.0,56332.0,0
20170516T,60621.0,60621.0,60621.0,60621.0,0
20170517T,62901.0,62901.0,62901.0,62901.0,0
20170518T,60155.0,60155.0,60155.0,60155.0,0
20170519T,58143.0,58143.0,58143.0,58143.0,0
20170522T,57786.0,57786.0,57786.0,57786.0,0
20170523T,57552.0,57552.0,57552.0,57552.0,0
20170524T,58593.0,58593.0,58593.0,58593.0,0
20170525T,16092.0,16092.0,16092.0,16092.0,0
20170526T,22397.0,22397.0,22397.0,22397.0,0
20170529T,26972.0,26972.0,26972.0,26972.0,0
20170530T,30786.0,30786.0,30786.0,30786.0,0
20170531T,33308.0,33308.0,33308.0,33308.0,0
20170601T,34710.0,34710.0,34710.0,34710.0,0
20170602T,36646.0,36646.0,36646.0,36646.0,0
20170605T,40040.0,40040.0,40040.0,40040.0,0
20170606T,41009.0,41009.0,41009.0,41009.0,0
20170607T,42739.0,42739.0,42739.0,42739.0,0
20170608T,45782.0,45782.0,45782.0,45782.0,0
20170609T,49667.0,49667.0,49667.0,49667.0,0
20170612T,50623.0,50623.0,50623.0,50623.0,0
20170613T,52557.0,52557.0,52557.0,52557.0,0
20170614T,55191.0,55191.0,55191.0,55191.0,0
20170615T,57092.0,57092.0,57092.0,57092.0,0
20170616T,57528.0,57528.0,57528.0,57528.0,0
20170619T,61232.0,61232.0,61232.0,61232.0,0
20170620T,62859.0,62859.0,62859.0,62859.0,0
20170621T,63301.0,63301.0,63301.0,63301.0,0
20170622T,63993.0,63993.0,63993.0,63993.0,0
20170623T,61478.0,61478.0,61478.0,61478.0,0
20170627T,61578.0,61578.0,61578.0,61578.0,0
20170628T,65343.0,65343.0,65343.0,65343.0,0
20170629T,16183.0,16183.0,16183.0,16183.0,0
20170630T,21116.0,21116.0,21116.0,21116.0,0
20170703T,24992.0,24992.0,24992.0,24992.0,0
20170704T,26340.0,26340.0,26340.0,26340.0,0
20170705T,29147.0,29147.0,29147.0,29147.0,0
20170706T,31351.0,31351.0,31351.0,31351.0,0
20170707T,33684.0,33684.0,33684.0,33684.0,0
20170710T,37929.0,37929.0,37929.0,37929.0,0
20170711T,42285.0,42285.0,42285.0,42285.0,0
20170712T,46243.0,46243.0,46243.0,46243.0,0
20170713T,54602.0,54602.0,54602.0,54602.0,0
20170714T,56556.0,56556.0,56556.0,56556.0,0
20170717T,61433.0,61433.0,61433.0,61433.0,0
20170718T,62949.0,62949.0,62949.0,62949.0,0
20170719T,66772.0,66772.0,66772.0,66772.0,0
20170720T,69770.0,69770.0,69770.0,69770.0,0
20170721T,70353.0,70353.0,70353.0,70353.0,0
20170724T,73848.0,73848.0,73848.0,73848.0,0
20170725T,77326.0,77326.0,77326.0,77326.0,0
20170726T,76407.0,76407.0,76407.0,76407.0,0
20170727T,16724.0,16724.0,16724.0,16724.0,0
20170728T,23207.0,23207.0,23207.0,23207.0,0
20170731T,27929.0,27929.0,27929.0,27929.0,0
20170801T,30622.0,30622.0,30622.0,30622.0,0
20170802T,34499.0,34499.0,34499.0,34499.0,0
20170803T,36600.0,36600.0,36600.0,36600.0,0
20170804T,40994.0,40994.0,40994.0,40994.0,0
20170807T,44896.0,44896.0,44896.0,44896.0,0
20170808T,47130.0,47130.0,47130.0,47130.0,0
20170809T,50717.0,50717.0,50717.0,50717.0,0
20170810T,51407.0,51407.0,51407.0,51407.0,0
20170811T,53701.0,53701.0,53701.0,53701.0,0
20170814T,56659.0,56659.0,56659.0,56659.0,0
20170816T,59584.0,59584.0,59584.0,59584.0,0
20170817T,60649.0,60649.0,60649.0,60649.0,0
20170818T,62521.0,62521.0,62521.0,62521.0,0
20170821T,63859.0,63859.0,63859.0,63859.0,0
20170822T,64562.0,64562.0,64562.0,64562.0,0
20170823T,66166.0,66166.0,66166.0,66166.0,0
20170824T,66669.0,66669.0,66669.0,66669.0,0
20170828T,70296.0,70296.0,70296.0,70296.0,0
20170829T,66984.0,66984.0,66984.0,66984.0,0
20170830T,71122.0,71122.0,71122.0,71122.0,0
20170831T,14354.0,14354.0,14354.0,14354.0,0
20170901T,22487.0,22487.0,22487.0,22487.0,0
20170904T,23619.0,23619.0,23619.0,23619.0,0
20170905T,26777.0,26777.0,26777.0,26777.0,0
20170906T,29602.0,29602.0,29602.0,29602.0,0
20170907T,32800.0,32800.0,32800.0,32800.0,0
20170908T,34733.0,34733.0,34733.0,34733.0,0
20170911T,37161.0,37161.0,37161.0,37161.0,0
20170912T,40309.0,40309.0,40309.0,40309.0,0
20170913T,44602.0,44602.0,44602.0,44602.0,0
20170914T,45711.0,45711.0,45711.0,45711.0,0
20170915T,47437.0,47437.0,47437.0,47437.0,0
20170918T,50567.0,50567.0,50567.0,50567.0,0
20170919T,53370.0,53370.0,53370.0,53370.0,0
20170920T,56190.0,56190.0,56190.0,56190.0,0
20170921T,58233.0,58233.0,58233.0,58233.0,0
20170922T,53640.0,53640.0,53640.0,53640.0,0
20170925T,52076.0,52076.0,52076.0,52076.0,0
20170926T,54178.0,54178.0,54178.0,54178.0,0
20170927T,50921.0,50921.0,50921.0,50921.0,0
20170928T,14154.0,14154.0,14154.0,14154.0,0
20170929T,19323.0,19323.0,19323.0,19323.0,0
20171003T,23449.0,23449.0,23449.0,23449.0,0
20171004T,25753.0,25753.0,25753.0,25753.0,0
20171005T,29496.0,29496.0,29496.0,29496.0,0
20171006T,34549.0,34549.0,34549.0,34549.0,0
20171009T,36921.0,36921.0,36921.0,36921.0,0
20171010T,39701.0,39701.0,39701.0,39701.0,0
20171011T,40729.0,40729.0,40729.0,40729.0,0
20171012T,48832.0,48832.0,48832.0,48832.0,0
20171013T,52185.0,52185.0,52185.0,52185.0,0
20171016T,56783.0,56783.0,56783.0,56783.0,0
20171017T,59921.0,59921.0,59921.0,59921.0,0
20171018T,62625.0,62625.0,62625.0,62625.0,0
20171019T,62080.0,62080.0,62080.0,62080.0,0
20171023T,66563.0,66563.0,66563.0,66563.0,0
20171024T,69690.0,69690.0,69690.0,69690.0,0
20171025T,76687.0,76687.0,76687.0,76687.0,0
20171026T,17467.0,17467.0,17467.0,17467.0,0
20171027T,27010.0,27010.0,27010.0,27010.0,0
20171030T,30537.0,30537.0,30537.0,30537.0,0
20171031T,33720.0,33720.0,33720.0,33720.0,0
20171101T,38907.0,38907.0,38907.0,38907.0,0
20171102T,41917.0,41917.0,41917.0,41917.0,0
20171103T,43858.0,43858.0,43858.0,43858.0,0
20171106T,48012.0,48012.0,48012.0,48012.0,0
20171107T,48970.0,48970.0,48970.0,48970.0,0
20171108T,50940.0,50940.0,50940.0,50940.0,0
20171109T,52854.0,52854.0,52854.0,52854.0,0
20171110T,54050.0,54050.0,54050.0,54050.0,0
20171113T,55282.0,55282.0,55282.0,55282.0,0
20171114T,55967.0,55967.0,55967.0,55967.0,0
20171115T,55703.0,55703.0,55703.0,55703.0,0
20171116T,57366.0,57366.0,57366.0,57366.0,0
20171117T,58658.0,58658.0,58658.0,58658.0,0
20171120T,60763.0,60763.0,60763.0,60763.0,0
20171121T,61227.0,61227.0,61227.0,61227.0,0
20171122T,62032.0,62032.0,62032.0,62032.0,0
20171123T,62335.0,62335.0,62335.0,62335.0,0
20171124T,62159.0,62159.0,62159.0,62159.0,0
20171127T,63920.0,63920.0,63920.0,63920.0,0
20171128T,63117.0,63117.0,63117.0,63117.0,0
20171129T,60538.0,60538.0,60538.0,60538.0,0
20171130T,9984.0,9984.0,9984.0,9984.0,0
20171201T,17082.0,17082.0,17082.0,17082.0,0
20171204T,20188.0,20188.0,20188.0,20188.0,0
20171205T,22531.0,22531.0,22531.0,22531.0,0
20171206T,24010.0,24010.0,24010.0,24010.0,0
20171207T,29144.0,29144.0,29144.0,29144.0,0
20171208T,31744.0,31744.0,31744.0,31744.0,0
20171211T,34703.0,34703.0,34703.0,34703.0,0
20171212T,35121.0,35121.0,35121.0,35121.0,0
20171213T,34544.0,34544.0,34544.0,34544.0,0
20171214T,36653.0,36653.0,36653.0,36653.0,0
20171215T,40122.0,40122.0,40122.0,40122.0,0
20171218T,43452.0,43452.0,43452.0,43452.0,0
20171219T,51268.0,51268.0,51268.0,51268.0,0
20171220T,55664.0,55664.0,55664.0,55664.0,0
20171221T,58600.0,58600.0,58600.0,58600.0,0
20171222T,60391.0,60391.0,60391.0,60391.0,0
20171226T,62786.0,62786.0,62786.0,62786.0,0
20171227T,59860.0,59860.0,59860.0,59860.0,0
20171228T,11257.0,11257.0,11257.0,11257.0,0
20171229T,17395.0,17395.0,17395.0,17395.0,0
20180101T,19873.0,19873.0,19873.0,19873.0,0
20180102T,24490.0,24490.0,24490.0,24490.0,0
20180103T,28110.0,28110.0,28110.0,28110.0,0
20180104T,33367.0,33367.0,33367.0,33367.0,0
20180105T,36482.0,36482.0,36482.0,36482.0,0
20180108T,39797.0,39797.0,39797.0,39797.0,0
20180109T,41818.0,41818.0,41818.0,41818.0,0
20180110T,44620.0,44620.0,44620.0,44620.0,0
20180111T,50136.0,50136.0,50136.0,50136.0,0
20180112T,51309.0,51309.0,51309.0,51309.0,0
20180115T,53541.0,53541.0,53541.0,53541.0,0
20180116T,54437.0,54437.0,54437.0,54437.0,0
20180117T,56538.0,56538.0,56538.0,56538.0,0
20180118T,55674.0,55674.0,55674.0,55674.0,0
20180119T,57348.0,57348.0,57348.0,57348.0,0
20180122T,60495.0,60495.0,60495.0,60495.0,0
20180123T,61760.0,61760.0,61760.0,61760.0,0
20180124T,62467.0,62467.0,62467.0,62467.0,0
20180125T,13724.0,13724.0,13724.0,13724.0,0
20180129T,21461.0,21461.0,21461.0,21461.0,0
20180130T,24057.0,24057.0,24057.0,24057.0,0
20180131T,27937.0,27937.0,27937.0,27937.0,0
20180201T,30144.0,30144.0,30144.0,30144.0,0
20180202T,33539.0,33539.0,33539.0,33539.0,0
20180205T,37697.0,37697.0,37697.0,37697.0,0
20180206T,38457.0,38457.0,38457.0,38457.0,0
20180207T,40270.0,40270.0,40270.0,40270.0,0
20180208T,43173.0,43173.0,43173.0,43173.0,0
20180209T,44957.0,44957.0,44957.0,44957.0,0
20180212T,48337.0,48337.0,48337.0,48337.0,0
20180214T,50004.0,50004.0,50004.0,50004.0,0
20180215T,50277.0,50277.0,50277.0,50277.0,0
20180216T,50302.0,50302.0,50302.0,50302.0,0
20180219T,51138.0,51138.0,51138.0,51138.0,0
20180220T,53162.0,53162.0,53162.0,53162.0,0
20180221T,55294.0,55294.0,55294.0,55294.0,0
20180222T,10326.0,10326.0,10326.0,10326.0,0
20180223T,19440.0,19440.0,19440.0,19440.0,0
20180226T,22888.0,22888.0,22888.0,22888.0,0
20180227T,25191.0,25191.0,25191.0,25191.0,0
20180228T,27747.0,27747.0,27747.0,27747.0,0
20180301T,28229.0,28229.0,28229.0,28229.0,0
20180305T,30126.0,30126.0,30126.0,30126.0,0
20180306T,31044.0,31044.0,31044.0,31044.0,0
20180307T,34647.0,34647.0,34647.0,34647.0,0
20180308T,36386.0,36386.0,36386.0,36386.0,0
20180309T,37899.0,37899.0,37899.0,37899.0,0
20180312T,43604.0,43604.0,43604.0,43604.0,0
20180313T,46299.0,46299.0,46299.0,46299.0,0
20180314T,47836.0,47836.0,47836.0,47836.0,0
20180315T,48569.0,48569.0,48569.0,48569.0,0
20180316T,46928.0,46928.0,46928.0,46928.0,0
20180319T,45861.0,45861.0,45861.0,45861.0,0
20180320T,47608.0,47608.0,47608.0,47608.0,0
20180321T,49068.0,49068.0,49068.0,49068.0,0
20180322T,50036.0,50036.0,50036.0,50036.0,0
20180323T,49404.0,49404.0,49404.0,49404.0,0
20180326T,56268.0,56268.0,56268.0,56268.0,0
20180327T,58749.0,58749.0,58749.0,58749.0,0
20180328T,9684.0,9684.0,9684.0,9684.0,0
20180402T,16070.0,16070.0,16070.0,16070.0,0
20180403T,20715.0,20715.0,20715.0,20715.0,0
20180404T,21844.0,21844.0,21844.0,21844.0,0
20180405T,28059.0,28059.0,28059.0,28059.0,0
20180406T,30543.0,30543.0,30543.0,30543.0,0
20180409T,34338.0,34338.0,34338.0,34338.0,0
20180410T,39460.0,39460.0,39460.0,39460.0,0
20180411T,41116.0,41116.0,41116.0,41116.0,0
20180412T,44574.0,44574.0,44574.0,44574.0,0
20180413T,49507.0,49507.0,49507.0,49507.0,0
20180416T,50601.0,50601.0,50601.0,50601.0,0
20180417T,52097.0,52097.0,52097.0,52097.0,0
20180418T,54722.0,54722.0,54722.0,54722.0,0
20180419T,62303.0,62303.0,62303.0,62303.0,0
20180420T,64948.0,64948.0,64948.0,64948.0,0
20180423T,65405.0,65405.0,65405.0,65405.0,0
20180424T,63938.0,63938.0,63938.0,63938.0,0
20180425T,62831.0,62831.0,62831.0,62831.0,0
20180426T,15628.0,15628.0,15628.0,15628.0,0
20180427T,25046.0,25046.0,25046.0,25046.0,0
20180430T,27510.0,27510.0,27510.0,27510.0,0
20180502T,30463.0,30463.0,30463.0,30463.0,0
20180503T,33970.0,33970.0,33970.0,33970.0,0
20180504T,35319.0,35319.0,35319.0,35319.0,0
20180507T,39412.0,39412.0,39412.0,39412.0,0
20180508T,41348.0,41348.0,41348.0,41348.0,0
20180509T,42148.0,42148.0,42148.0,42148.0,0
20180510T,42791.0,42791.0,42791.0,42791.0,0
20180511T,46749.0,46749.0,46749.0,46749.0,0
20180514T,48913.0,48913.0,48913.0,48913.0,0
20180515T,51212.0,51212.0,51212.0,51212.0,0
20180516T,53343.0,53343.0,53343.0,53343.0,0
20180517T,53716.0,53716.0,53716.0,53716.0,0
20180518T,53956.0,53956.0,53956.0,53956.0,0
20180521T,56759.0,56759.0,56759.0,56759.0,0
20180522T,63519.0,63519.0,63519.0,63519.0,0
20180523T,64450.0,64450.0,64450.0,64450.0,0
20180524T,69777.0,69777.0,69777.0,69777.0,0
20180525T,71899.0,71899.0,71899.0,71899.0,0
20180528T,76090.0,76090.0,76090.0,76090.0,0
20180529T,77139.0,77139.0,77139.0,77139.0,0
20180530T,75777.0,75777.0,75777.0,75777.0,0
20180531T,13412.0,13412.0,13412.0,13412.0,0
20180601T,20808.0,20808.0,20808.0,20808.0,0
20180604T,25073.0,25073.0,25073.0,25073.0,0
20180605T,28904.0,28904.0,28904.0,28904.0,0
20180606T,31392.0,31392.0,31392.0,31392.0,0
20180607T,34415.0,34415.0,34415.0,34415.0,0
20180608T,36523.0,36523.0,36523.0,36523.0,0
20180611T,40060.0,40060.0,40060.0,40060.0,0
20180612T,45465.0,45465.0,45465.0,45465.0,0
20180614T,50731.0,50731.0,50731.0,50731.0,0
20180615T,52225.0,52225.0,52225.0,52225.0,0
20180618T,54404.0,54404.0,54404.0,54404.0,0
20180619T,52796.0,52796.0,52796.0,52796.0,0
20180620T,55188.0,55188.0,55188.0,55188.0,0
20180621T,53658.0,53658.0,53658.0,53658.0,0
20180622T,54642.0,54642.0,54642.0,54642.0,0
20180625T,54056.0,54056.0,54056.0,54056.0,0
20180626T,55769.0,55769.0,55769.0,55769.0,0
20180627T,55293.0,55293.0,55293.0,55293.0,0
20180628T,16343.0,16343.0,16343.0,16343.0,0
20180629T,21931.0,21931.0,21931.0,21931.0,0
20180702T,24723.0,24723.0,24723.0,24723.0,0
20180703T,28800.0,28800.0,28800.0,28800.0,0
20180704T,31657.0,31657.0,31657.0,31657.0,0
20180705T,34904.0,34904.0,34904.0,34904.0,0
20180706T,37503.0,37503.0,37503.0,37503.0,0
20180709T,42169.0,42169.0,42169.0,42169.0,0
20180710T,50145.0,50145.0,50145.0,50145.0,0
20180711T,52275.0,52275.0,52275.0,52275.0,0
20180712T,55663.0,55663.0,55663.0,55663.0,0
20180713T,59399.0,59399.0,59399.0,59399.0,0
20180716T,60971.0,60971.0,60971.0,60971.0,0
20180717T,64007.0,64007.0,64007.0,64007.0,0
20180718T,62492.0,62492.0,62492.0,62492.0,0
20180719T,66411.0,66411.0,66411.0,66411.0,0
20180720T,68250.0,68250.0,68250.0,68250.0,0
20180723T,72813.0,72813.0,72813.0,72813.0,0
20180724T,78357.0,78357.0,78357.0,78357.0,0
20180725T,76872.0,76872.0,76872.0,76872.0,0
20180726T,19269.0,19269.0,19269.0,19269.0,0
20180727T,28699.0,28699.0,28699.0,28699.0,0
20180730T,32762.0,32762.0,32762.0,32762.0,0
20180731T,38673.0,38673.0,38673.0,38673.0,0
20180801T,41656.0,41656.0,41656.0,41656.0,0
20180802T,43451.0,43451.0,43451.0,43451.0,0
20180803T,47202.0,47202.0,47202.0,47202.0,0
20180806T,51232.0,51232.0,51232.0,51232.0,0
20180807T,53906.0,53906.0,53906.0,53906.0,0
20180808T,58840.0,58840.0,58840.0,58840.0,0
20180809T,61851.0,61851.0,61851.0,61851.0,0
20180810T,62951.0,62951.0,62951.0,62951.0,0
20180813T,62623.0,62623.0,62623.0,62623.0,0
20180814T,66718.0,66718.0,66718.0,66718.0,0
20180816T,68659.0,68659.0,68659.0,68659.0,0
20180817T,72814.0,72814.0,72814.0,72814.0,0
20180820T,77162.0,77162.0,77162.0,77162.0,0
20180821T,79049.0,79049.0,79049.0,79049.0,0
20180823T,81906.0,81906.0,81906.0,81906.0,0
20180824T,80469.0,80469.0,80469.0,80469.0,0
20180827T,84471.0,84471.0,84471.0,84471.0,0
20180828T,86093.0,86093.0,86093.0,86093.0,0
20180829T,85368.0,85368.0,85368.0,85368.0,0
20180830T,20043.0,20043.0,20043.0,20043.0,0
20180831T,25896.0,25896.0,25896.0,25896.0,0
20180903T,30119.0,30119.0,30119.0,30119.0,0
20180904T,35120.0,35120.0,35120.0,35120.0,0
20180905T,35028.0,35028.0,35028.0,35028.0,0
20180906T,38138.0,38138.0,38138.0,38138.0,0
20180907T,43146.0,43146.0,43146.0,43146.0,0
20180910T,43341.0,43341.0,43341.0,43341.0,0
20180911T,44629.0,44629.0,44629.0,44629.0,0
20180912T,45758.0,45758.0,45758.0,45758.0,0
20180914T,51381.0,51381.0,51381.0,51381.0,0
20180917T,52950.0,52950.0,52950.0,52950.0,0
20180918T,52922.0,52922.0,52922.0,52922.0,0
20180919T,54657.0,54657.0,54657.0,54657.0,0
20180921T,54351.0,54351.0,54351.0,54351.0,0
20180924T,59550.0,59550.0,59550.0,59550.0,0
20180925T,64587.0,64587.0,64587.0,64587.0,0
20180926T,67187.0,67187.0,67187.0,67187.0,0
20180927T,20476.0,20476.0,20476.0,20476.0,0
20180928T,31233.0,31233.0,31233.0,31233.0,0
20181001T,41333.0,41333.0,41333.0,41333.0,0
20181003T,46426.0,46426.0,46426.0,46426.0,0
20181004T,49599.0,49599.0,49599.0,49599.0,0
20181005T,51094.0,51094.0,51094.0,51094.0,0
20181008T,55190.0,55190.0,55190.0,55190.0,0
20181009T,62143.0,62143.0,62143.0,62143.0,0
20181010T,66692.0,66692.0,66692.0,66692.0,0
20181011T,64658.0,64658.0,64658.0,64658.0,0
20181012T,68478.0,68478.0,68478.0,68478.0,0
20181015T,71130.0,71130.0,71130.0,71130.0,0
20181016T,74761.0,74761.0,74761.0,74761.0,0
20181017T,74299.0,74299.0,74299.0,74299.0,0
20181019T,76204.0,76204.0,76204.0,76204.0,0
20181022T,79762.0,79762.0,79762.0,79762.0,0
20181023T,82014.0,82014.0,82014.0,82014.0,0
20181024T,88458.0,88458.0,88458.0,88458.0,0
20181025T,19644.0,19644.0,19644.0,19644.0,0
20181026T,35607.0,35607.0,35607.0,35607.0,0
20181029T,45884.0,45884.0,45884.0,45884.0,0
20181030T,49609.0,49609.0,49609.0,49609.0,0
20181031T,56673.0,56673.0,56673.0,56673.0,0
20181101T,63943.0,63943.0,63943.0,63943.0,0
20181102T,71330.0,71330.0,71330.0,71330.0,0
20181105T,74175.0,74175.0,74175.0,74175.0,0
20181106T,72099.0,72099.0,72099.0,72099.0,0
20181107T,73570.0,73570.0,73570.0,73570.0,0
20181109T,75174.0,75174.0,75174.0,75174.0,0
20181112T,74191.0,74191.0,74191.0,74191.0,0
20181113T,77374.0,77374.0,77374.0,77374.0,0
20181114T,80388.0,80388.0,80388.0,80388.0,0
20181115T,84639.0,84639.0,84639.0,84639.0,0
20181116T,85851.0,85851.0,85851.0,85851.0,0
20181119T,90417.0,90417.0,90417.0,90417.0,0
20181120T,88235.0,88235.0,88235.0,88235.0,0
20181121T,89626.0,89626.0,89626.0,89626.0,0
20181122T,83842.0,83842.0,83842.0,83842.0,0
20181126T,88705.0,88705.0,88705.0,88705.0,0
20181127T,89612.0,89612.0,89612.0,89612.0,0
20181128T,93031.0,93031.0,93031.0,93031.0,0
20181129T,19728.0,19728.0,19728.0,19728.0,0
20181130T,24667.0,24667.0,24667.0,24667.0,0
20181203T,30099.0,30099.0,30099.0,30099.0,0
20181204T,31814.0,31814.0,31814.0,31814.0,0
20181205T,33107.0,33107.0,33107.0,33107.0,0
20181206T,35110.0,35110.0,35110.0,35110.0,0
20181207T,39455.0,39455.0,39455.0,39455.0,0
20181210T,42375.0,42375.0,42375.0,42375.0,0
20181211T,45833.0,45833.0,45833.0,45833.0,0
20181212T,52507.0,52507.0,52507.0,52507.0,0
20181213T,59006.0,59006.0,59006.0,59006.0,0
20181214T,62134.0,62134.0,62134.0,62134.0,0
20181217T,68106.0,68106.0,68106.0,68106.0,0
20181218T,71008.0,71008.0,71008.0,71008.0,0
20181219T,79962.0,79962.0,79962.0,79962.0,0
20181220T,80371.0,80371.0,80371.0,80371.0,0
20181221T,75494.0,75494.0,75494.0,75494.0,0
20181224T,71966.0,71966.0,71966.0,71966.0,0
20181226T,73274.0,73274.0,73274.0,73274.0,0
20181227T,12783.0,12783.0,12783.0,12783.0,0
20181228T,18163.0,18163.0,18163.0,18163.0,0
20181231T,20376.0,20376.0,20376.0,20376.0,0
20190101T,22875.0,22875.0,22875.0,22875.0,0
20190102T,24645.0,24645.0,24645.0,24645.0,0
20190103T,27567.0,27567.0,27567.0,27567.0,0
20190104T,30087.0,30087.0,30087.0,30087.0,0
20190107T,33048.0,33048.0,33048.0,33048.0,0
20190108T,38786.0,38786.0,38786.0,38786.0,0
20190109T,41154.0,41154.0,41154.0,41154.0,0
20190110T,43590.0,43590.0,43590.0,43590.0,0
20190111T,43202.0,43202.0,43202.0,43202.0,0
20190114T,44478.0,44478.0,44478.0,44478.0,0
20190115T,48108.0,48108.0,48108.0,48108.0,0
20190116T,51407.0,51407.0,51407.0,51407.0,0
20190117T,53399.0,53399.0,53399.0,53399.0,0
20190118T,59305.0,59305.0,59305.0,59305.0,0
20190121T,64967.0,64967.0,64967.0,64967.0,0
20190122T,66970.0,66970.0,66970.0,66970.0,0
20190123T,66792.0,66792.0,66792.0,66792.0,0
20190124T,70484.0,70484.0,70484.0,70484.0,0
20190125T,66774.0,66774.0,66774.0,66774.0,0
20190128T,67184.0,67184.0,67184.0,67184.0,0
20190129T,72239.0,72239.0,72239.0,72239.0,0
20190130T,71610.0,71610.0,71610.0,71610.0,0
20190131T,22249.0,22249.0,22249.0,22249.0,0
20190201T,32641.0,32641.0,32641.0,32641.0,0
20190204T,41740.0,41740.0,41740.0,41740.0,0
20190205T,49003.0,49003.0,49003.0,49003.0,0
20190206T,57877.0,57877.0,57877.0,57877.0,0
20190207T,61330.0,61330.0,61330.0,61330.0,0
20190208T,61857.0,61857.0,61857.0,61857.0,0
20190211T,65990.0,65990.0,65990.0,65990.0,0
20190212T,66949.0,66949.0,66949.0,66949.0,0
20190213T,68351.0,68351.0,68351.0,68351.0,0
20190214T,73891.0,73891.0,73891.0,73891.0,0
20190215T,72030.0,72030.0,72030.0,72030.0,0
20190218T,74299.0,74299.0,74299.0,74299.0,0
20190219T,78357.0,78357.0,78357.0,78357.0,0
20190220T,85301.0,85301.0,85301.0,85301.0,0
20190221T,90191.0,90191.0,90191.0,90191.0,0
20190222T,91543.0,91543.0,91543.0,91543.0,0
20190225T,94232.0,94232.0,94232.0,94232.0,0
20190226T,95660.0,95660.0,95660.0,95660.0,0
20190227T,90039.0,90039.0,90039.0,90039.0,0
20190228T,22164.0,22164.0,22164.0,22164.0,0
20190301T,30740.0,30740.0,30740.0,30740.0,0
20190305T,42634.0,42634.0,42634.0,42634.0,0
20190306T,47003.0,47003.0,47003.0,47003.0,0
20190307T,50905.0,50905.0,50905.0,50905.0,0
20190308T,51117.0,51117.0,51117.0,51117.0,0
20190311T,60276.0,60276.0,60276.0,60276.0,0
20190312T,66871.0,66871.0,66871.0,66871.0,0
20190313T,69003.0,69003.0,69003.0,69003.0,0
20190314T,72036.0,72036.0,72036.0,72036.0,0
20190315T,76532.0,76532.0,76532.0,76532.0,0
20190318T,81455.0,81455.0,81455.0,81455.0,0
20190319T,86619.0,86619.0,86619.0,86619.0,0
20190320T,84488.0,84488.0,84488.0,84488.0,0
20190322T,80151.0,80151.0,80151.0,80151.0,0
20190325T,78974.0,78974.0,78974.0,78974.0,0
20190326T,82730.0,82730.0,82730.0,82730.0,0
20190327T,79816.0,79816.0,79816.0,79816.0,0
20190328T,19532.0,19532.0,19532.0,19532.0,0
20190329T,24248.0,24248.0,24248.0,24248.0,0
20190401T,29976.0,29976.0,29976.0,29976.0,0
20190402T,35919.0,35919.0,35919.0,35919.0,0
20190403T,36493.0,36493.0,36493.0,36493.0,0
20190404T,38340.0,38340.0,38340.0,38340.0,0
20190405T,41624.0,41624.0,41624.0,41624.0,0
20190408T,40260.0,40260.0,40260.0,40260.0,0
20190409T,43565.0,43565.0,43565.0,43565.0,0
20190410T,45258.0,45258.0,45258.0,45258.0,0
20190411T,48906.0,48906.0,48906.0,48906.0,0
20190412T,53842.0,53842.0,53842.0,53842.0,0
20190415T,60355.0,60355.0,60355.0,60355.0,0
20190416T,63253.0,63253.0,63253.0,63253.0,0
20190418T,64234.0,64234.0,64234.0,64234.0,0
20190422T,61037.0,61037.0,61037.0,61037.0,0
20190423T,61711.0,61711.0,61711.0,61711.0,0
20190424T,67285.0,67285.0,67285.0,67285.0,0
20190425T,20299.0,20299.0,20299.0,20299.0,0
20190426T,29274.0,29274.0,29274.0,29274.0,0
20190430T,34851.0,34851.0,34851.0,34851.0,0
20190502T,37483.0,37483.0,37483.0,37483.0,0
20190503T,38658.0,38658.0,38658.0,38658.0,0
20190506T,39159.0,39159.0,39159.0,39159.0,0
20190507T,38226.0,38226.0,38226.0,38226.0,0
20190508T,40666.0,40666.0,40666.0,40666.0,0
20190509T,41424.0,41424.0,41424.0,41424.0,0
20190510T,44066.0,44066.0,44066.0,44066.0,0
20190513T,45183.0,45183.0,45183.0,45183.0,0
20190514T,47951.0,47951.0,47951.0,47951.0,0
20190515T,47952.0,47952.0,47952.0,47952.0,0
20190516T,50756.0,50756.0,50756.0,50756.0,0
20190517T,52478.0,52478.0,52478.0,52478.0,0
20190520T,60230.0,60230.0,60230.0,60230.0,0
20190521T,59813.0,59813.0,59813.0,59813.0,0
20190522T,63861.0,63861.0,63861.0,63861.0,0
20190523T,69117.0,69117.0,69117.0,69117.0,0
20190524T,82268.0,82268.0,82268.0,82268.0,0
20190527T,86285.0,86285.0,86285.0,86285.0,0
20190528T,86044.0,86044.0,86044.0,86044.0,0
20190529T,79536.0,79536.0,79536.0,79536.0,0
20190530T,18500.0,18500.0,18500.0,18500.0,0
20190531T,25077.0,25077.0,25077.0,25077.0,0
20190603T,35316.0,35316.0,35316.0,35316.0,0
20190604T,37741.0,37741.0,37741.0,37741.0,0
20190606T,38463.0,38463.0,38463.0,38463.0,0
20190607T,40888.0,40888.0,40888.0,40888.0,0
20190610T,44575.0,44575.0,44575.0,44575.0,0
20190611T,49430.0,49430.0,49430.0,49430.0,0
20190612T,49460.0,49460.0,49460.0,49460.0,0
20190613T,53365.0,53365.0,53365.0,53365.0,0
20190614T,54294.0,54294.0,54294.0,54294.0,0
20190617T,55802.0,55802.0,55802.0,55802.0,0
20190618T,58146.0,58146.0,58146.0,58146.0,0
20190619T,63758.0,63758.0,63758.0,63758.0,0
20190620T,75745.0,75745.0,75745.0,75745.0,0
20190621T,74091.0,74091.0,74091.0,74091.0,0
20190624T,75264.0,75264.0,75264.0,75264.0,0
20190625T,79768.0,79768.0,79768.0,79768.0,0
20190626T,80004.0,80004.0,80004.0,80004.0,0
20190627T,22842.0,22842.0,22842.0,22842.0,0
20190628T,27907.0,27907.0,27907.0,27907.0,0
20190701T,33253.0,33253.0,33253.0,33253.0,0
20190702T,34971.0,34971.0,34971.0,34971.0,0
20190703T,37300.0,37300.0,37300.0,37300.0,0
20190704T,40305.0,40305.0,40305.0,40305.0,0
20190705T,40737.0,40737.0,40737.0,40737.0,0
20190708T,44020.0,44020.0,44020.0,44020.0,0
20190709T,51964.0,51964.0,51964.0,51964.0,0
20190710T,51734.0,51734.0,51734.0,51734.0,0
20190711T,55212.0,55212.0,55212.0,55212.0,0
20190712T,59102.0,59102.0,59102.0,59102.0,0
20190715T,62647.0,62647.0,62647.0,62647.0,0
20190716T,69590.0,69590.0,69590.0,69590.0,0
20190717T,73948.0,73948.0,73948.0,73948.0,0
20190718T,71532.0,71532.0,71532.0,71532.0,0
20190719T,67863.0,67863.0,67863.0,67863.0,0
20190722T,71426.0,71426.0,71426.0,71426.0,0
20190723T,73415.0,73415.0,73415.0,73415.0,0
20190724T,71239.0,71239.0,71239.0,71239.0,0
20190725T,29473.0,29473.0,29473.0,29473.0,0
20190726T,40342.0,40342.0,40342.0,40342.0,0
20190729T,44436.0,44436.0,44436.0,44436.0,0
20190730T,48618.0,48618.0,48618.0,48618.0,0
20190731T,55938.0,55938.0,55938.0,55938.0,0
20190801T,54393.0,54393.0,54393.0,54393.0,0
20190802T,58168.0,58168.0,58168.0,58168.0,0
20190805T,61034.0,61034.0,61034.0,61034.0,0
20190806T,66179.0,66179.0,66179.0,66179.0,0
20190807T,67247.0,67247.0,67247.0,67247.0,0
20190808T,69979.0,69979.0,69979.0,69979.0,0
20190809T,74980.0,74980.0,74980.0,74980.0,0
20190813T,76388.0,76388.0,76388.0,76388.0,0
20190814T,78573.0,78573.0,78573.0,78573.0,0
20190816T,81675.0,81675.0,81675.0,81675.0,0
20190819T,83144.0,83144.0,83144.0,83144.0,0
20190820T,84094.0,84094.0,84094.0,84094.0,0
20190821T,83187.0,83187.0,83187.0,83187.0,0
20190822T,81852.0,81852.0,81852.0,81852.0,0
20190823T,86340.0,86340.0,86340.0,86340.0,0
20190826T,90732.0,90732.0,90732.0,90732.0,0
20190827T,93219.0,93219.0,93219.0,93219.0,0
20190828T,88389.0,88389.0,88389.0,88389.0,0
20190829T,82995.0,82995.0,82995.0,82995.0,0
20190830T,45816.0,45816.0,45816.0,45816.0,0
20190903T,47667.0,47667.0,47667.0,47667.0,0
20190904T,52255.0,52255.0,52255.0,52255.0,0
20190905T,57043.0,57043.0,57043.0,57043.0,0
20190906T,62261.0,62261.0,62261.0,62261.0,0
20190909T,67948.0,67948.0,67948.0,67948.0,0
20190911T,77468.0,77468.0,77468.0,77468.0,0
20190912T,74796.0,74796.0,74796.0,74796.0,0
20190913T,78303.0,78303.0,78303.0,78303.0,0
20190916T,75449.0,75449.0,75449.0,75449.0,0
20190917T,69459.0,69459.0,69459.0,69459.0,0
20190918T,73442.0,73442.0,73442.0,73442.0,0
20190919T,71339.0,71339.0,71339.0,71339.0,0
20190920T,96862.0,96862.0,96862.0,96862.0,0
20190923T,102180.0,102180.0,102180.0,102180.0,0
20190924T,102989.0,102989.0,102989.0,102989.0,0
20190925T,94808.0,94808.0,94808.0,94808.0,0
20190926T,28397.0,28397.0,28397.0,28397.0,0
20190927T,36008.0,36008.0,36008.0,36008.0,0
20190930T,41543.0,41543.0,41543.0,41543.0,0
20191001T,45444.0,45444.0,45444.0,45444.0,0
20191003T,50439.0,50439.0,50439.0,50439.0,0
20191004T,51467.0,51467.0,51467.0,51467.0,0
20191007T,56760.0,56760.0,56760.0,56760.0,0
20191009T,61108.0,61108.0,61108.0,61108.0,0
20191010T,63938.0,63938.0,63938.0,63938.0,0
20191011T,65073.0,65073.0,65073.0,65073.0,0
20191014T,69195.0,69195.0,69195.0,69195.0,0
20191015T,75153.0,75153.0,75153.0,75153.0,0
20191016T,77315.0,77315.0,77315.0,77315.0,0
20191017T,86689.0,86689.0,86689.0,86689.0,0
20191018T,92617.0,92617.0,92617.0,92617.0,0
20191022T,98571.0,98571.0,98571.0,98571.0,0
20191023T,101102.0,101102.0,101102.0,101102.0,0
20191024T,100317.0,100317.0,100317.0,100317.0,0
20191025T,96786.0,96786.0,96786.0,96786.0,0
20191029T,108369.0,108369.0,108369.0,108369.0,0
20191030T,103820.0,103820.0,103820.0,103820.0,0
20191031T,36040.0,36040.0,36040.0,36040.0,0
20191101T,46271.0,46271.0,46271.0,46271.0,0
20191104T,50294.0,50294.0,50294.0,50294.0,0
20191105T,53935.0,53935.0,53935.0,53935.0,0
20191106T,57587.0,57587.0,57587.0,57587.0,0
20191107T,60903.0,60903.0,60903.0,60903.0,0
20191108T,62266.0,62266.0,62266.0,62266.0,0
20191111T,65433.0,65433.0,65433.0,65433.0,0
20191113T,65402.0,65402.0,65402.0,65402.0,0
20191114T,67998.0,67998.0,67998.0,67998.0,0
20191115T,69938.0,69938.0,69938.0,69938.0,0
20191118T,71865.0,71865.0,71865.0,71865.0,0
20191119T,73997.0,73997.0,73997.0,73997.0,0
20191120T,79357.0,79357.0,79357.0,79357.0,0
20191121T,83299.0,83299.0,83299.0,83299.0,0
20191122T,80913.0,80913.0,80913.0,80913.0,0
20191125T,84366.0,84366.0,84366.0,84366.0,0
20191126T,82760.0,82760.0,82760.0,82760.0,0
20191127T,81426.0,81426.0,81426.0,81426.0,0
20191128T,27475.0,27475.0,27475.0,27475.0,0
20191129T,35332.0,35332.0,35332.0,35332.0,0
20191202T,43767.0,43767.0,43767.0,43767.0,0
20191203T,48757.0,48757.0,48757.0,48757.0,0
20191204T,50967.0,50967.0,50967.0,50967.0,0
20191205T,51249.0,51249.0,51249.0,51249.0,0
20191206T,54489.0,54489.0,54489.0,54489.0,0
20191209T,56502.0,56502.0,56502.0,56502.0,0
20191210T,57710.0,57710.0,57710.0,57710.0,0
20191211T,63550.0,63550.0,63550.0,63550.0,0
20191212T,66298.0,66298.0,66298.0,66298.0,0
20191213T,66795.0,66795.0,66795.0,66795.0,0
20191216T,71859.0,71859.0,71859.0,71859.0,0
20191217T,76924.0,76924.0,76924.0,76924.0,0
20191218T,78903.0,78903.0,78903.0,78903.0,0
20191219T,79645.0,79645.0,79645.0,79645.0,0
20191220T,78774.0,78774.0,78774.0,78774.0,0
20191223T,78507.0,78507.0,78507.0,78507.0,0
20191224T,71941.0,71941.0,71941.0,71941.0,0
20191226T,18562.0,18562.0,18562.0,18562.0,0
20191227T,22592.0,22592.0,22592.0,22592.0,0
20191230T,25410.0,25410.0,25410.0,25410.0,0
20191231T,27340.0,27340.0,27340.0,27340.0,0
20200101T,29907.0,29907.0,29907.0,29907.0,0
20200102T,35841.0,35841.0,35841.0,35841.0,0
20200103T,37865.0,37865.0,37865.0,37865.0,0
20200106T,40084.0,40084.0,40084.0,40084.0,0
20200107T,41704.0,41704.0,41704.0,41704.0,0
20200108T,46062.0,46062.0,46062.0,46062.0,0
20200109T,49671.0,49671.0,49671.0,49671.0,0
20200110T,51016.0,51016.0,51016.0,51016.0,0
20200113T,55657.0,55657.0,55657.0,55657.0,0
20200114T,59939.0,59939.0,59939.0,59939.0,0
20200115T,64098.0,64098.0,64098.0,64098.0,0
20200116T,66331.0,66331.0,66331.0,66331.0,0
20200117T,74224.0,74224.0,74224.0,74224.0,0
20200120T,71047.0,71047.0,71047.0,71047.0,0
20200121T,70787.0,70787.0,70787.0,70787.0,0
20200122T,74245.0,74245.0,74245.0,74245.0,0
20200123T,74908.0,74908.0,74908.0,74908.0,0
20200124T,77994.0,77994.0,77994.0,77994.0,0
20200127T,76925.0,76925.0,76925.0,76925.0,0
20200128T,74443.0,74443.0,74443.0,74443.0,0
20200129T,75279.0,75279.0,75279.0,75279.0,0
20200130T,21809.0,21809.0,21809.0,21809.0,0
20200131T,28080.0,28080.0,28080.0,28080.0,0
20200203T,39525.0,39525.0,39525.0,39525.0,0
20200204T,45910.0,45910.0,45910.0,45910.0,0
20200205T,49715.0,49715.0,49715.0,49715.0,0
20200206T,55257.0,55257.0,55257.0,55257.0,0
20200207T,57405.0,57405.0,57405.0,57405.0,0
20200210T,59833.0,59833.0,59833.0,59833.0,0
20200211T,62723.0,62723.0,62723.0,62723.0,0
20200212T,67551.0,67551.0,67551.0,67551.0,0
20200213T,67027.0,67027.0,67027.0,67027.0,0
20200214T,67567.0,67567.0,67567.0,67567.0,0
20200217T,69071.0,69071.0,69071.0,69071.0,0
20200218T,65988.0,65988.0,65988.0,65988.0,0
20200219T,71833.0,71833.0,71833.0,71833.0,0
20200220T,71241.0,71241.0,71241.0,71241.0,0
20200224T,66330.0,66330.0,66330.0,66330.0,0
20200225T,67865.0,67865.0,67865.0,67865.0,0
20200226T,64454.0,64454.0,64454.0,64454.0,0
20200227T,22958.0,22958.0,22958.0,22958.0,0
20200228T,32242.0,32242.0,32242.0,32242.0,0
20200302T,38663.0,38663.0,38663.0,38663.0,0
20200303T,44275.0,44275.0,44275.0,44275.0,0
20200304T,46839.0,46839.0,46839.0,46839.0,0
20200305T,49196.0,49196.0,49196.0,49196.0,0
20200306T,47894.0,47894.0,47894.0,47894.0,0
20200309T,47724.0,47724.0,47724.0,47724.0,0
20200311T,54699.0,54699.0,54699.0,54699.0,0
20200312T,49916.0,49916.0,49916.0,49916.0,0
20200313T,56929.0,56929.0,56929.0,56929.0,0
20200316T,56941.0,56941.0,56941.0,56941.0,0
20200317T,62280.0,62280.0,62280.0,62280.0,0
20200318T,64968.0,64968.0,64968.0,64968.0,0
20200319T,67188.0,67188.0,67188.0,67188.0,0
20200320T,76837.0,76837.0,76837.0,76837.0,0
20200323T,62436.0,62436.0,62436.0,62436.0,0
20200324T,65010.0,65010.0,65010.0,65010.0,0
20200325T,62399.0,62399.0,62399.0,62399.0,0
20200326T,11460.0,11460.0,11460.0,11460.0,0
20200327T,20580.0,20580.0,20580.0,20580.0,0
20200330T,24275.0,24275.0,24275.0,24275.0,0
20200331T,29256.0,29256.0,29256.0,29256.0,0
20200401T,30674.0,30674.0,30674.0,30674.0,0
20200403T,34462.0,34462.0,34462.0,34462.0,0
20200407T,43417.0,43417.0,43417.0,43417.0,0
20200408T,47575.0,47575.0,47575.0,47575.0,0
20200409T,55626.0,55626.0,55626.0,55626.0,0
20200413T,56387.0,56387.0,56387.0,56387.0,0
20200415T,62697.0,62697.0,62697.0,62697.0,0
20200416T,70329.0,70329.0,70329.0,70329.0,0
20200417T,74772.0,74772.0,74772.0,74772.0,0
20200420T,75255.0,75255.0,75255.0,75255.0,0
20200421T,72472.0,72472.0,72472.0,72472.0,0
20200422T,79897.0,79897.0,79897.0,79897.0,0
20200423T,84920.0,84920.0,84920.0,84920.0,0
20200424T,82607.0,82607.0,82607.0,82607.0,0
20200427T,87633.0,87633.0,87633.0,87633.0,0
20200428T,88300.0,88300.0,88300.0,88300.0,0
20200429T,89109.0,89109.0,89109.0,89109.0,0
20200430T,38338.0,38338.0,38338.0,38338.0,0
20200504T,45567.0,45567.0,45567.0,45567.0,0
20200505T,53250.0,53250.0,53250.0,53250.0,0
20200506T,56884.0,56884.0,56884.0,56884.0,0
20200507T,60359.0,60359.0,60359.0,60359.0,0
20200508T,65520.0,65520.0,65520.0,65520.0,0
20200511T,69256.0,69256.0,69256.0,69256.0,0
20200512T,66099.0,66099.0,66099.0,66099.0,0
20200513T,69857.0,69857.0,69857.0,69857.0,0
20200514T,70057.0,70057.0,70057.0,70057.0,0
20200515T,69346.0,69346.0,69346.0,69346.0,0
20200518T,70127.0,70127.0,70127.0,70127.0,0
20200519T,76945.0,76945.0,76945.0,76945.0,0
20200520T,78794.0,78794.0,78794.0,78794.0,0
20200521T,81599.0,81599.0,81599.0,81599.0,0
20200522T,78609.0,78609.0,78609.0,78609.0,0
20200526T,78630.0,78630.0,78630.0,78630.0,0
20200527T,78788.0,78788.0,78788.0,78788.0,0
20200528T,33368.0,33368.0,33368.0,33368.0,0
20200529T,46184.0,46184.0,46184.0,46184.0,0
20200601T,62979.0,62979.0,62979.0,62979.0,0
20200602T,77000.0,77000.0,77000.0,77000.0,0
20200603T,91378.0,91378.0,91378.0,91378.0,0
20200604T,96341.0,96341.0,96341.0,96341.0,0
20200605T,107087.0,107087.0,107087.0,107087.0,0
20200608T,112578.0,112578.0,112578.0,112578.0,0
20200609T,112545.0,112545.0,112545.0,112545.0,0
20200610T,119166.0,119166.0,119166.0,119166.0,0
20200611T,115888.0,115888.0,115888.0,115888.0,0
20200612T,115054.0,115054.0,115054.0,115054.0,0
20200615T,113022.0,113022.0,113022.0,113022.0,0
20200616T,116548.0,116548.0,116548.0,116548.0,0
20200617T,120763.0,120763.0,120763.0,120763.0,0
20200618T,132934.0,132934.0,132934.0,132934.0,0
20200619T,145658.0,145658.0,145658.0,145658.0,0
20200622T,144521.0,144521.0,144521.0,144521.0,0
20200623T,145739.0,145739.0,145739.0,145739.0,0
20200624T,131744.0,131744.0,131744.0,131744.0,0
20200625T,32462.0,32462.0,32462.0,32462.0,0
20200626T,44828.0,44828.0,44828.0,44828.0,0
20200629T,49746.0,49746.0,49746.0,49746.0,0
20200630T,53355.0,53355.0,53355.0,53355.0,0
20200701T,60144.0,60144.0,60144.0,60144.0,0
20200702T,68427.0,68427.0,68427.0,68427.0,0
20200703T,74081.0,74081.0,74081.0,74081.0,0
20200706T,85642.0,85642.0,85642.0,85642.0,0
20200707T,91912.0,91912.0,91912.0,91912.0,0
20200708T,92723.0,92723.0,92723.0,92723.0,0
20200709T,104311.0,104311.0,104311.0,104311.0,0
20200710T,102873.0,102873.0,102873.0,102873.0,0
20200713T,104928.0,104928.0,104928.0,104928.0,0
20200714T,99946.0,99946.0,99946.0,99946.0,0
20200715T,107446.0,107446.0,107446.0,107446.0,0
20200716T,113256.0,113256.0,113256.0,113256.0,0
20200717T,118215.0,118215.0,118215.0,118215.0,0
20200720T,123425.0,123425.0,123425.0,123425.0,0
20200721T,126906.0,126906.0,126906.0,126906.0,0
20200722T,127345.0,127345.0,127345.0,127345.0,0
20200723T,130941.0,130941.0,130941.0,130941.0,0
20200724T,130206.0,130206.0,130206.0,130206.0,0
20200727T,129212.0,129212.0,129212.0,129212.0,0
20200728T,130487.0,130487.0,130487.0,130487.0,0
20200729T,122266.0,122266.0,122266.0,122266.0,0
20200730T,40119.0,40119.0,40119.0,40119.0,0
20200803T,58336.0,58336.0,58336.0,58336.0,0
20200804T,65653.0,65653.0,65653.0,65653.0,0
20200805T,72811.0,72811.0,72811.0,72811.0,0
20200806T,79454.0,79454.0,79454.0,79454.0,0
20200807T,88251.0,88251.0,88251.0,88251.0,0
20200810T,95289.0,95289.0,95289.0,95289.0,0
20200811T,99645.0,99645.0,99645.0,99645.0,0
20200812T,103138.0,103138.0,103138.0,103138.0,0
20200813T,109154.0,109154.0,109154.0,109154.0,0
20200814T,106831.0,106831.0,106831.0,106831.0,0
20200817T,113975.0,113975.0,113975.0,113975.0,0
20200818T,119254.0,119254.0,119254.0,119254.0,0
20200819T,121157.0,121157.0,121157.0,121157.0,0
20200820T,119819.0,119819.0,119819.0,119819.0,0
20200821T,121637.0,121637.0,121637.0,121637.0,0
20200824T,129451.0,129451.0,129451.0,129451.0,0
20200825T,126651.0,126651.0,126651.0,126651.0,0
20200826T,121348.0,121348.0,121348.0,121348.0,0
20200827T,37200.0,37200.0,37200.0,37200.0,0
20200828T,50863.0,50863.0,50863.0,50863.0,0
20200831T,52931.0,52931.0,52931.0,52931.0,0
20200901T,60821.0,60821.0,60821.0,60821.0,0
20200902T,68018.0,68018.0,68018.0,68018.0,0
20200903T,73444.0,73444.0,73444.0,73444.0,0
20200904T,76516.0,76516.0,76516.0,76516.0,0
20200907T,79212.0,79212.0,79212.0,79212.0,0
20200908T,82359.0,82359.0,82359.0,82359.0,0
20200909T,82390.0,82390.0,82390.0,82390.0,0
20200910T,90139.0,90139.0,90139.0,90139.0,0
20200911T,94274.0,94274.0,94274.0,94274.0,0
20200914T,100245.0,100245.0,100245.0,100245.0,0
20200915T,99799.0,99799.0,99799.0,99799.0,0
20200916T,100630.0,100630.0,100630.0,100630.0,0
20200917T,98866.0,98866.0,98866.0,98866.0,0
20200918T,97828.0,97828.0,97828.0,97828.0,0
20200921T,86443.0,86443.0,86443.0,86443.0,0
20200922T,83598.0,83598.0,83598.0,83598.0,0
20200923T,79104.0,79104.0,79104.0,79104.0,0
20200924T,27178.0,27178.0,27178.0,27178.0,0
20200925T,36992.0,36992.0,36992.0,36992.0,0
20200928T,45055.0,45055.0,45055.0,45055.0,0
20200929T,48371.0,48371.0,48371.0,48371.0,0
20200930T,52881.0,52881.0,52881.0,52881.0,0
20201001T,62753.0,62753.0,62753.0,62753.0,0
20201005T,67567.0,67567.0,67567.0,67567.0,0
20201006T,75468.0,75468.0,75468.0,75468.0,0
20201007T,80278.0,80278.0,80278.0,80278.0,0
20201008T,88220.0,88220.0,88220.0,88220.0,0
20201009T,95164.0,95164.0,95164.0,95164.0,0
20201012T,95411.0,95411.0,95411.0,95411.0,0
20201013T,94827.0,94827.0,94827.0,94827.0,0
20201014T,97143.0,97143.0,97143.0,97143.0,0
20201015T,93652.0,93652.0,93652.0,93652.0,0
20201016T,98517.0,98517.0,98517.0,98517.0,0
20201019T,105435.0,105435.0,105435.0,105435.0,0
20201020T,104070.0,104070.0,104070.0,104070.0,0
20201021T,104925.0,104925.0,104925.0,104925.0,0
20201022T,107919.0,107919.0,107919.0,107919.0,0
20201023T,109801.0,109801.0,109801.0,109801.0,0
20201026T,102035.0,102035.0,102035.0,102035.0,0
20201027T,113441.0,113441.0,113441.0,113441.0,0
20201028T,99451.0,99451.0,99451.0,99451.0,0
20201029T,31080.0,31080.0,31080.0,31080.0,0
20201030T,40627.0,40627.0,40627.0,40627.0,0
20201102T,54000.0,54000.0,54000.0,54000.0,0
20201103T,68826.0,68826.0,68826.0,68826.0,0
20201104T,72559.0,72559.0,72559.0,72559.0,0
20201105T,92164.0,92164.0,92164.0,92164.0,0
20201106T,101920.0,101920.0,101920.0,101920.0,0
20201109T,112462.0,112462.0,112462.0,112462.0,0
20201110T,128455.0,128455.0,128455.0,128455.0,0
20201111T,134431.0,134431.0,134431.0,134431.0,0
20201112T,137589.0,137589.0,137589.0,137589.0,0
20201113T,146452.0,146452.0,146452.0,146452.0,0
20201117T,159473.0,159473.0,159473.0,159473.0,0
20201118T,167156.0,167156.0,167156.0,167156.0,0
20201119T,161976.0,161976.0,161976.0,161976.0,0
20201120T,166667.0,166667.0,166667.0,166667.0,0
20201123T,160516.0,160516.0,160516.0,160516.0,0
20201124T,161385.0,161385.0,161385.0,161385.0,0
20201125T,145392.0,145392.0,145392.0,145392.0,0
20201126T,43027.0,43027.0,43027.0,43027.0,0
20201127T,55567.0,55567.0,55567.0,55567.0,0
20201201T,63126.0,63126.0,63126.0,63126.0,0
20201202T,71703.0,71703.0,71703.0,71703.0,0
20201203T,82535.0,82535.0,82535.0,82535.0,0
20201204T,88750.0,88750.0,88750.0,88750.0,0
20201207T,95565.0,95565.0,95565.0,95565.0,0
20201208T,97114.0,97114.0,97114.0,97114.0,0
20201209T,103674.0,103674.0,103674.0,103674.0,0
20201210T,106381.0,106381.0,106381.0,106381.0,0
20201211T,111895.0,111895.0,111895.0,111895.0,0
20201214T,119199.0,119199.0,119199.0,119199.0,0
20201215T,124881.0,124881.0,124881.0,124881.0,0
20201216T,131015.0,131015.0,131015.0,131015.0,0
20201217T,136558.0,136558.0,136558.0,136558.0,0
20201218T,135842.0,135842.0,135842.0,135842.0,0
20201221T,124749.0,124749.0,124749.0,124749.0,0
20201222T,127479.0,127479.0,127479.0,127479.0,0
20201223T,132373.0,132373.0,132373.0,132373.0,0
20201224T,125309.0,125309.0,125309.0,125309.0,0
20201228T,128710.0,128710.0,128710.0,128710.0,0
20201229T,127796.0,127796.0,127796.0,127796.0,0
20201230T,123424.0,123424.0,123424.0,123424.0,0
20201231T,36799.0,36799.0,36799.0,36799.0,0
20210101T,43855.0,43855.0,43855.0,43855.0,0
20210104T,51940.0,51940.0,51940.0,51940.0,0
20210105T,60968.0,60968.0,60968.0,60968.0,0
20210106T,67925.0,67925.0,67925.0,67925.0,0
20210107T,78900.0,78900.0,78900.0,78900.0,0
20210108T,88863.0,88863.0,88863.0,88863.0,0
20210111T,95969.0,95969.0,95969.0,95969.0,0
20210112T,101617.0,101617.0,101617.0,101617.0,0
20210113T,108548.0,108548.0,108548.0,108548.0,0
20210114T,115268.0,115268.0,115268.0,115268.0,0
20210115T,116325.0,116325.0,116325.0,116325.0,0
20210118T,114522.0,114522.0,114522.0,114522.0,0
20210119T,119676.0,119676.0,119676.0,119676.0,0
20210120T,125689.0,125689.0,125689.0,125689.0,0
20210121T,125965.0,125965.0,125965.0,125965.0,0
20210122T,119140.0,119140.0,119140.0,119140.0,0
20210125T,115593.0,115593.0,115593.0,115593.0,0
20210127T,106737.0,106737.0,106737.0,106737.0,0
20210128T,32270.0,32270.0,32270.0,32270.0,0
20210129T,41606.0,41606.0,41606.0,41606.0,0
20210201T,61160.0,61160.0,61160.0,61160.0,0
20210202T,77869.0,77869.0,77869.0,77869.0,0
20210203T,90537.0,90537.0,90537.0,90537.0,0
20210204T,102462.0,102462.0,102462.0,102462.0,0
20210205T,110834.0,110834.0,110834.0,110834.0,0
20210208T,119412.0,119412.0,119412.0,119412.0,0
20210209T,124237.0,124237.0,124237.0,124237.0,0
20210210T,125931.0,125931.0,125931.0,125931.0,0
20210211T,131859.0,131859.0,131859.0,131859.0,0
20210212T,137348.0,137348.0,137348.0,137348.0,0
20210215T,142351.0,142351.0,142351.0,142351.0,0
20210216T,137539.0,137539.0,137539.0,137539.0,0
20210217T,137701.0,137701.0,137701.0,137701.0,0
20210218T,138541.0,138541.0,138541.0,138541.0,0
20210219T,131238.0,131238.0,131238.0,131238.0,0
20210222T,130491.0,130491.0,130491.0,130491.0,0
20210223T,133285.0,133285.0,133285.0,133285.0,0
20210224T,131400.0,131400.0,131400.0,131400.0,0
20210225T,38970.0,38970.0,38970.0,38970.0,0
20210226T,50178.0,50178.0,50178.0,50178.0,0
20210301T,58866.0,58866.0,58866.0,58866.0,0
20210302T,64595.0,64595.0,64595.0,64595.0,0
20210303T,74403.0,74403.0,74403.0,74403.0,0
20210304T,77620.0,77620.0,77620.0,77620.0,0
20210305T,79581.0,79581.0,79581.0,79581.0,0
20210308T,83189.0,83189.0,83189.0,83189.0,0
20210309T,87288.0,87288.0,87288.0,87288.0,0
20210310T,90586.0,90586.0,90586.0,90586.0,0
20210312T,91983.0,91983.0,91983.0,91983.0,0
20210315T,93287.0,93287.0,93287.0,93287.0,0
20210316T,96325.0,96325.0,96325.0,96325.0,0
20210317T,91977.0,91977.0,91977.0,91977.0,0
20210318T,87391.0,87391.0,87391.0,87391.0,0
20210319T,95089.0,95089.0,95089.0,95089.0,0
20210322T,100200.0,100200.0,100200.0,100200.0,0
20210323T,100186.0,100186.0,100186.0,100186.0,0
20210324T,93196.0,93196.0,93196.0,93196.0,0
20210325T,34303.0,34303.0,34303.0,34303.0,0
20210326T,45831.0,45831.0,45831.0,45831.0,0
20210330T,52298.0,52298.0,52298.0,52298.0,0
20210331T,56090.0,56090.0,56090.0,56090.0,0
20210401T,64313.0,64313.0,64313.0,64313.0,0
20210405T,64446.0,64446.0,64446.0,64446.0,0
20210406T,71241.0,71241.0,71241.0,71241.0,0
20210407T,76173.0,76173.0,76173.0,76173.0,0
20210408T,85271.0,85271.0,85271.0,85271.0,0
20210409T,90796.0,90796.0,90796.0,90796.0,0
20210412T,95481.0,95481.0,95481.0,95481.0,0
20210413T,104805.0,104805.0,104805.0,104805.0,0
20210415T,108572.0,108572.0,108572.0,108572.0,0
20210416T,121286.0,121286.0,121286.0,121286.0,0
20210419T,118848.0,118848.0,118848.0,118848.0,0
20210420T,122331.0,122331.0,122331.0,122331.0,0
20210422T,130228.0,130228.0,130228.0,130228.0,0
20210423T,129200.0,129200.0,129200.0,129200.0,0
20210426T,135685.0,135685.0,135685.0,135685.0,0
20210427T,143459.0,143459.0,143459.0,143459.0,0
20210428T,144013.0,144013.0,144013.0,144013.0,0
20210429T,44799.0,44799.0,44799.0,44799.0,0
20210430T,71352.0,71352.0,71352.0,71352.0,0
20210503T,80750.0,80750.0,80750.0,80750.0,0
20210504T,89588.0,89588.0,89588.0,89588.0,0
20210505T,98396.0,98396.0,98396.0,98396.0,0
20210506T,111070.0,111070.0,111070.0,111070.0,0
20210507T,122323.0,122323.0,122323.0,122323.0,0
20210510T,132491.0,132491.0,132491.0,132491.0,0
20210511T,136991.0,136991.0,136991.0,136991.0,0
20210512T,138950.0,138950.0,138950.0,138950.0,0
20210514T,139320.0,139320.0,139320.0,139320.0,0
20210517T,147318.0,147318.0,147318.0,147318.0,0
20210518T,162879.0,162879.0,162879.0,162879.0,0
20210519T,163895.0,163895.0,163895.0,163895.0,0
20210520T,159098.0,159098.0,159098.0,159098.0,0
20210521T,166123.0,166123.0,166123.0,166123.0,0
20210524T,168588.0,168588.0,168588.0,168588.0,0
20210525T,164932.0,164932.0,164932.0,164932.0,0
20210526T,160090.0,160090.0,160090.0,160090.0,0
20210527T,51307.0,51307.0,51307.0,51307.0,0
20210528T,69772.0,69772.0,69772.0,69772.0,0
20210531T,84883.0,84883.0,84883.0,84883.0,0
20210601T,93098.0,93098.0,93098.0,93098.0,0
20210602T,105371.0,105371.0,105371.0,105371.0,0
20210603T,118646.0,118646.0,118646.0,118646.0,0
20210604T,127818.0,127818.0,127818.0,127818.0,0
20210607T,133053.0,133053.0,133053.0,133053.0,0
20210608T,137687.0,137687.0,137687.0,137687.0,0
20210609T,136720.0,136720.0,136720.0,136720.0,0
20210610T,148124.0,148124.0,148124.0,148124.0,0
20210611T,158181.0,158181.0,158181.0,158181.0,0
20210614T,159801.0,159801.0,159801.0,159801.0,0
20210615T,167477.0,167477.0,167477.0,167477.0,0
20210616T,160087.0,160087.0,160087.0,160087.0,0
20210617T,154593.0,154593.0,154593.0,154593.0,0
20210618T,146204.0,146204.0,146204.0,146204.0,0
20210621T,145071.0,145071.0,145071.0,145071.0,0
20210622T,144711.0,144711.0,144711.0,144711.0,0
20210623T,140195.0,140195.0,140195.0,140195.0,0
20210624T,54043.0,54043.0,54043.0,54043.0,0
20210625T,66948.0,66948.0,66948.0,66948.0,0
20210628T,74084.0,74084.0,74084.0,74084.0,0
20210629T,79471.0,79471.0,79471.0,79471.0,0
20210630T,84623.0,84623.0,84623.0,84623.0,0
20210701T,90342.0,90342.0,90342.0,90342.0,0
20210702T,95876.0,95876.0,95876.0,95876.0,0
20210705T,100743.0,100743.0,100743.0,100743.0,0
20210706T,104839.0,104839.0,104839.0,104839.0,0
20210707T,111469.0,111469.0,111469.0,111469.0,0
20210708T,109926.0,109926.0,109926.0,109926.0,0
20210709T,115233.0,115233.0,115233.0,115233.0,0
20210712T,117972.0,117972.0,117972.0,117972.0,0
20210713T,125929.0,125929.0,125929.0,125929.0,0
20210714T,133478.0,133478.0,133478.0,133478.0,0
20210715T,144430.0,144430.0,144430.0,144430.0,0
20210716T,149693.0,149693.0,149693.0,149693.0,0
20210719T,144899.0,144899.0,144899.0,144899.0,0
20210720T,135971.0,135971.0,135971.0,135971.0,0
20210722T,147855.0,147855.0,147855.0,147855.0,0
20210723T,155478.0,155478.0,155478.0,155478.0,0
20210726T,162552.0,162552.0,162552.0,162552.0,0
20210727T,156290.0,156290.0,156290.0,156290.0,0
20210728T,148572.0,148572.0,148572.0,148572.0,0
20210729T,54355.0,54355.0,54355.0,54355.0,0
20210730T,70776.0,70776.0,70776.0,70776.0,0
20210802T,84060.0,84060.0,84060.0,84060.0,0
20210803T,93734.0,93734.0,93734.0,93734.0,0
20210804T,105776.0,105776.0,105776.0,105776.0,0
20210805T,110250.0,110250.0,110250.0,110250.0,0
20210806T,116638.0,116638.0,116638.0,116638.0,0
20210809T,122947.0,122947.0,122947.0,122947.0,0
20210810T,131818.0,131818.0,131818.0,131818.0,0
20210811T,128686.0,128686.0,128686.0,128686.0,0
20210812T,141821.0,141821.0,141821.0,141821.0,0
20210813T,153235.0,153235.0,153235.0,153235.0,0
20210816T,158597.0,158597.0,158597.0,158597.0,0
20210817T,161708.0,161708.0,161708.0,161708.0,0
20210818T,161038.0,161038.0,161038.0,161038.0,0
20210820T,155346.0,155346.0,155346.0,155346.0,0
20210823T,159900.0,159900.0,159900.0,159900.0,0
20210824T,166990.0,166990.0,166990.0,166990.0,0
20210825T,161256.0,161256.0,161256.0,161256.0,0
20210826T,45633.0,45633.0,45633.0,45633.0,0
20210827T,57922.0,57922.0,57922.0,57922.0,0
20210830T,69470.0,69470.0,69470.0,69470.0,0
20210831T,84939.0,84939.0,84939.0,84939.0,0
20210901T,90539.0,90539.0,90539.0,90539.0,0
20210902T,104807.0,104807.0,104807.0,104807.0,0
20210903T,116203.0,116203.0,116203.0,116203.0,0
20210906T,125468.0,125468.0,125468.0,125468.0,0
20210907T,131724.0,131724.0,131724.0,131724.0,0
20210908T,135909.0,135909.0,135909.0,135909.0,0
20210909T,140867.0,140867.0,140867.0,140867.0,0
20210913T,150872.0,150872.0,150872.0,150872.0,0
20210914T,165568.0,165568.0,165568.0,165568.0,0
20210915T,174011.0,174011.0,174011.0,174011.0,0
20210916T,182414.0,182414.0,182414.0,182414.0,0
20210917T,189865.0,189865.0,189865.0,189865.0,0
20210920T,184297.0,184297.0,184297.0,184297.0,0
20210921T,183589.0,183589.0,183589.0,183589.0,0
20210922T,188983.0,188983.0,188983.0,188983.0,0
20210923T,202286.0,202286.0,202286.0,202286.0,0
20210924T,203512.0,203512.0,203512.0,203512.0,0
20210927T,211076.0,211076.0,211076.0,211076.0,0
20210928T,202154.0,202154.0,202154.0,202154.0,0
20210929T,201541.0,201541.0,201541.0,201541.0,0
20210930T,54119.0,54119.0,54119.0,54119.0,0
20211001T,67858.0,67858.0,67858.0,67858.0,0
20211004T,87099.0,87099.0,87099.0,87099.0,0
20211005T,102045.0,102045.0,102045.0,102045.0,0
20211006T,109419.0,109419.0,109419.0,109419.0,0
20211007T,119760.0,119760.0,119760.0,119760.0,0
20211008T,128248.0,128248.0,128248.0,128248.0,0
20211011T,135232.0,135232.0,135232.0,135232.0,0
20211012T,144587.0,144587.0,144587.0,144587.0,0
20211013T,152462.0,152462.0,152462.0,152462.0,0
20211014T,157655.0,157655.0,157655.0,157655.0,0
20211018T,168666.0,168666.0,168666.0,168666.0,0
20211019T,170900.0,170900.0,170900.0,170900.0,0
20211020T,163759.0,163759.0,163759.0,163759.0,0
20211021T,161655.0,161655.0,161655.0,161655.0,0
20211022T,165512.0,165512.0,165512.0,165512.0,0
20211025T,166983.0,166983.0,166983.0,166983.0,0
20211026T,176131.0,176131.0,176131.0,176131.0,0
20211027T,183291.0,183291.0,183291.0,183291.0,0
20211028T,55397.0,55397.0,55397.0,55397.0,0
20211029T,77923.0,77923.0,77923.0,77923.0,0
20211101T,89224.0,89224.0,89224.0,89224.0,0
20211102T,100034.0,100034.0,100034.0,100034.0,0
20211103T,108607.0,108607.0,108607.0,108607.0,0
20211108T,122105.0,122105.0,122105.0,122105.0,0
20211109T,129342.0,129342.0,129342.0,129342.0,0
20211110T,139582.0,139582.0,139582.0,139582.0,0
20211111T,143271.0,143271.0,143271.0,143271.0,0
20211112T,152998.0,152998.0,152998.0,152998.0,0
20211115T,161109.0,161109.0,161109.0,161109.0,0
20211116T,163131.0,163131.0,163131.0,163131.0,0
20211117T,165520.0,165520.0,165520.0,165520.0,0
20211118T,154646.0,154646.0,154646.0,154646.0,0
20211122T,146587.0,146587.0,146587.0,146587.0,0
20211123T,157556.0,157556.0,157556.0,157556.0,0
20211124T,159522.0,159522.0,159522.0,159522.0,0
20211125T,52870.0,52870.0,52870.0,52870.0,0
20211126T,75902.0,75902.0,75902.0,75902.0,0
20211129T,85424.0,85424.0,85424.0,85424.0,0
20211130T,92148.0,92148.0,92148.0,92148.0,0
20211201T,101678.0,101678.0,101678.0,101678.0,0
20211202T,107968.0,107968.0,107968.0,107968.0,0
20211203T,110857.0,110857.0,110857.0,110857.0,0
20211206T,112275.0,112275.0,112275.0,112275.0,0
20211207T,116310.0,116310.0,116310.0,116310.0,0
20211208T,128841.0,128841.0,128841.0,128841.0,0
20211209T,136471.0,136471.0,136471.0,136471.0,0
20211210T,148667.0,148667.0,148667.0,148667.0,0
20211213T,153261.0,153261.0,153261.0,153261.0,0
20211214T,155231.0,155231.0,155231.0,155231.0,0
20211215T,156082.0,156082.0,156082.0,156082.0,0
20211216T,159664.0,159664.0,159664.0,159664.0,0
20211217T,161275.0,161275.0,161275.0,161275.0,0
20211220T,153513.0,153513.0,153513.0,153513.0,0
20211221T,164889.0,164889.0,164889.0,164889.0,0
20211222T,177812.0,177812.0,177812.0,177812.0,0
20211223T,187381.0,187381.0,187381.0,187381.0,0
20211224T,185981.0,185981.0,185981.0,185981.0,0
20211227T,197853.0,197853.0,197853.0,197853.0,0
20211228T,211893.0,211893.0,211893.0,211893.0,0
20211229T,212232.0,212232.0,212232.0,212232.0,0
20211230T,53161.0,53161.0,53161.0,53161.0,0
20211231T,78146.0,78146.0,78146.0,78146.0,0
20220103T,97315.0,97315.0,97315.0,97315.0,0
20220104T,111297.0,111297.0,111297.0,111297.0,0
20220105T,129294.0,129294.0,129294.0,129294.0,0
20220106T,133038.0,133038.0,133038.0,133038.0,0
20220107T,151123.0,151123.0,151123.0,151123.0,0
20220110T,178872.0,178872.0,178872.0,178872.0,0
20220111T,186349.0,186349.0,186349.0,186349.0,0
20220112T,214818.0,214818.0,214818.0,214818.0,0
20220113T,237428.0,237428.0,237428.0,237428.0,0
20220114T,232320.0,232320.0,232320.0,232320.0,0
20220117T,246142.0,246142.0,246142.0,246142.0,0
20220118T,232104.0,232104.0,232104.0,232104.0,0
20220119T,230435.0,230435.0,230435.0,230435.0,0
20220120T,231190.0,231190.0,231190.0,231190.0,0
20220121T,221394.0,221394.0,221394.0,221394.0,0
20220124T,202782.0,202782.0,202782.0,202782.0,0
20220125T,217336.0,217336.0,217336.0,217336.0,0
20220127T,60692.0,60692.0,60692.0,60692.0,0
20220128T,88170.0,88170.0,88170.0,88170.0,0
20220131T,101040.0,101040.0,101040.0,101040.0,0
20220201T,119759.0,119759.0,119759.0,119759.0,0
20220202T,140269.0,140269.0,140269.0,140269.0,0
20220203T,148330.0,148330.0,148330.0,148330.0,0
20220204T,159132.0,159132.0,159132.0,159132.0,0
20220207T,163812.0,163812.0,163812.0,163812.0,0
20220208T,168641.0,168641.0,168641.0,168641.0,0
20220209T,185453.0,185453.0,185453.0,185453.0,0
20220210T,196026.0,196026.0,196026.0,196026.0,0
20220211T,191490.0,191490.0,191490.0,191490.0,0
20220214T,181979.0,181979.0,181979.0,181979.0,0
20220215T,194056.0,194056.0,194056.0,194056.0,0
20220216T,194852.0,194852.0,194852.0,194852.0,0
20220217T,195322.0,195322.0,195322.0,195322.0,0
20220218T,196687.0,196687.0,196687.0,196687.0,0
20220221T,192962.0,192962.0,192962.0,192962.0,0
20220222T,196439.0,196439.0,196439.0,196439.0,0
20220223T,203817.0,203817.0,203817.0,203817.0,0
20220224T,55584.0,55584.0,55584.0,55584.0,0
20220225T,86080.0,86080.0,86080.0,86080.0,0
20220228T,110139.0,110139.0,110139.0,110139.0,0
20220302T,127202.0,127202.0,127202.0,127202.0,0
20220303T,139944.0,139944.0,139944.0,139944.0,0
20220304T,149937.0,149937.0,149937.0,149937.0,0
20220307T,159103.0,159103.0,159103.0,159103.0,0
20220308T,166666.0,166666.0,166666.0,166666.0,0
20220309T,179823.0,179823.0,179823.0,179823.0,0
20220310T,189295.0,189295.0,189295.0,189295.0,0
20220311T,202512.0,202512.0,202512.0,202512.0,0
20220314T,215859.0,215859.0,215859.0,215859.0,0
20220315T,211961.0,211961.0,211961.0,211961.0,0
20220316T,229016.0,229016.0,229016.0,229016.0,0
20220317T,259376.0,259376.0,259376.0,259376.0,0
20220321T,263634.0,263634.0,263634.0,263634.0,0
20220322T,270650.0,270650.0,270650.0,270650.0,0
20220323T,278722.0,278722.0,278722.0,278722.0,0
20220324T,288668.0,288668.0,288668.0,288668.0,0
20220325T,291474.0,291474.0,291474.0,291474.0,0
20220328T,296365.0,296365.0,296365.0,296365.0,0
20220329T,307191.0,307191.0,307191.0,307191.0,0
20220330T,317174.0,317174.0,317174.0,317174.0,0
20220331T,74449.0,74449.0,74449.0,74449.0,0
20220401T,115387.0,115387.0,115387.0,115387.0,0
20220404T,144369.0,144369.0,144369.0,144369.0,0
20220405T,160850.0,160850.0,160850.0,160850.0,0
20220406T,175557.0,175557.0,175557.0,175557.0,0
20220407T,187726.0,187726.0,187726.0,187726.0,0
20220408T,204722.0,204722.0,204722.0,204722.0,0
20220411T,216168.0,216168.0,216168.0,216168.0,0
20220412T,212099.0,212099.0,212099.0,212099.0,0
20220413T,214783.0,214783.0,214783.0,214783.0,0
20220418T,222932.0,222932.0,222932.0,222932.0,0
20220419T,226494.0,226494.0,226494.0,226494.0,0
20220420T,235751.0,235751.0,235751.0,235751.0,0
20220421T,259981.0,259981.0,259981.0,259981.0,0
20220422T,251513.0,251513.0,251513.0,251513.0,0
20220425T,237753.0,237753.0,237753.0,237753.0,0
20220426T,253751.0,253751.0,253751.0,253751.0,0
20220427T,251967.0,251967.0,251967.0,251967.0,0
20220428T,76034.0,76034.0,76034.0,76034.0,0
20220429T,111134.0,111134.0,111134.0,111134.0,0
20220502T,125757.0,125757.0,125757.0,125757.0,0
20220504T,134533.0,134533.0,134533.0,134533.0,0
20220505T,143061.0,143061.0,143061.0,143061.0,0
20220506T,157983.0,157983.0,157983.0,157983.0,0
20220509T,167338.0,167338.0,167338.0,167338.0,0
20220510T,176283.0,176283.0,176283.0,176283.0,0
20220511T,183375.0,183375.0,183375.0,183375.0,0
20220512T,188166.0,188166.0,188166.0,188166.0,0
20220513T,204444.0,204444.0,204444.0,204444.0,0
20220516T,217901.0,217901.0,217901.0,217901.0,0
20220517T,238828.0,238828.0,238828.0,238828.0,0
20220518T,245172.0,245172.0,245172.0,245172.0,0
20220519T,243659.0,243659.0,243659.0,243659.0,0
20220520T,265748.0,265748.0,265748.0,265748.0,0
20220523T,281919.0,281919.0,281919.0,281919.0,0
20220524T,291596.0,291596.0,291596.0,291596.0,0
20220525T,289575.0,289575.0,289575.0,289575.0,0
20220526T,91960.0,91960.0,91960.0,91960.0,0
20220527T,132780.0,132780.0,132780.0,132780.0,0
20220530T,156229.0,156229.0,156229.0,156229.0,0
20220531T,173849.0,173849.0,173849.0,173849.0,0
20220601T,181631.0,181631.0,181631.0,181631.0,0
20220602T,193842.0,193842.0,193842.0,193842.0,0
20220603T,208925.0,208925.0,208925.0,208925.0,0
20220606T,217411.0,217411.0,217411.0,217411.0,0
20220607T,220968.0,220968.0,220968.0,220968.0,0
20220608T,228018.0,228018.0,228018.0,228018.0,0
20220609T,235151.0,235151.0,235151.0,235151.0,0
20220610T,238342.0,238342.0,238342.0,238342.0,0
20220613T,238296.0,238296.0,238296.0,238296.0,0
20220614T,245770.0,245770.0,245770.0,245770.0,0
20220615T,251147.0,251147.0,251147.0,251147.0,0
20220616T,242380.0,242380.0,242380.0,242380.0,0
20220617T,256728.0,256728.0,256728.0,256728.0,0
20220620T,275762.0,275762.0,275762.0,275762.0,0
20220621T,294857.0,294857.0,294857.0,294857.0,0
20220622T,288975.0,288975.0,288975.0,288975.0,0
20220623T,302438.0,302438.0,302438.0,302438.0,0
20220624T,312277.0,312277.0,312277.0,312277.0,0
20220627T,328885.0,328885.0,328885.0,328885.0,0
20220628T,333979.0,333979.0,333979.0,333979.0,0
20220629T,325867.0,325867.0,325867.0,325867.0,0
20220630T,87027.0,87027.0,87027.0,87027.0,0
20220701T,136348.0,136348.0,136348.0,136348.0,0
20220704T,159431.0,159431.0,159431.0,159431.0,0
20220705T,173151.0,173151.0,173151.0,173151.0,0
20220706T,195674.0,195674.0,195674.0,195674.0,0
20220707T,221985.0,221985.0,221985.0,221985.0,0
20220708T,250335.0,250335.0,250335.0,250335.0,0
20220711T,264341.0,264341.0,264341.0,264341.0,0
20220712T,267627.0,267627.0,267627.0,267627.0,0
20220713T,278187.0,278187.0,278187.0,278187.0,0
20220714T,276351.0,276351.0,276351.0,276351.0,0
20220715T,295381.0,295381.0,295381.0,295381.0,0
20220718T,320692.0,320692.0,320692.0,320692.0,0
20220719T,330504.0,330504.0,330504.0,330504.0,0
20220720T,346699.0,346699.0,346699.0,346699.0,0
20220721T,373294.0,373294.0,373294.0,373294.0,0
20220722T,380638.0,380638.0,380638.0,380638.0,0
20220725T,378579.0,378579.0,378579.0,378579.0,0
20220726T,369876.0,369876.0,369876.0,369876.0,0
20220727T,364542.0,364542.0,364542.0,364542.0,0
20220728T,108308.0,108308.0,108308.0,108308.0,0
20220729T,161831.0,161831.0,161831.0,161831.0,0
20220801T,199387.0,199387.0,199387.0,199387.0,0
20220802T,214265.0,214265.0,214265.0,214265.0,0
20220803T,226649.0,226649.0,226649.0,226649.0,0
20220804T,233718.0,233718.0,233718.0,233718.0,0
20220805T,258422.0,258422.0,258422.0,258422.0,0
20220808T,277409.0,277409.0,277409.0,277409.0,0
20220810T,294684.0,294684.0,294684.0,294684.0,0
20220811T,314664.0,314664.0,314664.0,314664.0,0
20220812T,329666.0,329666.0,329666.0,329666.0,0
20220816T,351151.0,351151.0,351151.0,351151.0,0
20220817T,368588.0,368588.0,368588.0,368588.0,0
20220818T,376016.0,376016.0,376016.0,376016.0,0
20220819T,343652.0,343652.0,343652.0,343652.0,0
20220822T,317555.0,317555.0,317555.0,317555.0,0
20220823T,316018.0,316018.0,316018.0,316018.0,0
20220824T,309238.0,309238.0,309238.0,309238.0,0
20220825T,88126.0,88126.0,88126.0,88126.0,0
20220826T,123398.0,123398.0,123398.0,123398.0,0
20220829T,142330.0,142330.0,142330.0,142330.0,0
20220830T,158332.0,158332.0,158332.0,158332.0,0
20220901T,174518.0,174518.0,174518.0,174518.0,0
20220902T,194041.0,194041.0,194041.0,194041.0,0
20220905T,205753.0,205753.0,205753.0,205753.0,0
20220906T,219184.0,219184.0,219184.0,219184.0,0
20220907T,233370.0,233370.0,233370.0,233370.0,0
20220908T,249651.0,249651.0,249651.0,249651.0,0
20220909T,267539.0,267539.0,267539.0,267539.0,0
20220912T,282616.0,282616.0,282616.0,282616.0,0
20220913T,296929.0,296929.0,296929.0,296929.0,0
20220914T,303237.0,303237.0,303237.0,303237.0,0
20220915T,312357.0,312357.0,312357.0,312357.0,0
20220916T,293036.0,293036.0,293036.0,293036.0,0
20220919T,310177.0,310177.0,310177.0,310177.0,0
20220920T,326518.0,326518.0,326518.0,326518.0,0
20220921T,318093.0,318093.0,318093.0,318093.0,0
20220922T,317157.0,317157.0,317157.0,317157.0,0
20220923T,298910.0,298910.0,298910.0,298910.0,0
20220926T,278556.0,278556.0,278556.0,278556.0,0
20220927T,280312.0,280312.0,280312.0,280312.0,0
20220928T,274440.0,274440.0,274440.0,274440.0,0
20220929T,87328.0,87328.0,87328.0,87328.0,0
20220930T,120994.0,120994.0,120994.0,120994.0,0
20221003T,141755.0,141755.0,141755.0,141755.0,0
20221004T,158329.0,158329.0,158329.0,158329.0,0
20221006T,174755.0,174755.0,174755.0,174755.0,0
20221007T,187900.0,187900.0,187900.0,187900.0,0
20221010T,198212.0,198212.0,198212.0,198212.0,0
20221011T,204151.0,204151.0,204151.0,204151.0,0
20221012T,210737.0,210737.0,210737.0,210737.0,0
20221013T,217609.0,217609.0,217609.0,217609.0,0
20221014T,230794.0,230794.0,230794.0,230794.0,0
20221017T,239438.0,239438.0,239438.0,239438.0,0
20221018T,254908.0,254908.0,254908.0,254908.0,0
20221019T,267346.0,267346.0,267346.0,267346.0,0
20221020T,270573.0,270573.0,270573.0,270573.0,0
20221021T,291770.0,291770.0,291770.0,291770.0,0
20221025T,310832.0,310832.0,310832.0,310832.0,0
20221027T,85758.0,85758.0,85758.0,85758.0,0
20221028T,135466.0,135466.0,135466.0,135466.0,0
20221031T,164717.0,164717.0,164717.0,164717.0,0
20221101T,197111.0,197111.0,197111.0,197111.0,0
20221102T,212350.0,212350.0,212350.0,212350.0,0
20221103T,221990.0,221990.0,221990.0,221990.0,0
20221104T,247360.0,247360.0,247360.0,247360.0,0
20221107T,273952.0,273952.0,273952.0,273952.0,0
20221109T,294653.0,294653.0,294653.0,294653.0,0
20221110T,295761.0,295761.0,295761.0,295761.0,0
20221111T,342218.0,342218.0,342218.0,342218.0,0
20221114T,366102.0,366102.0,366102.0,366102.0,0
20221115T,370457.0,370457.0,370457.0,370457.0,0
20221116T,360198.0,360198.0,360198.0,360198.0,0
20221117T,351394.0,351394.0,351394.0,351394.0,0
20221118T,336128.0,336128.0,336128.0,336128.0,0
20221121T,328432.0,328432.0,328432.0,328432.0,0
20221122T,332519.0,332519.0,332519.0,332519.0,0
20221123T,326630.0,326630.0,326630.0,326630.0,0
20221124T,97386.0,97386.0,97386.0,97386.0,0
20221125T,140345.0,140345.0,140345.0,140345.0,0
20221128T,163917.0,163917.0,163917.0,163917.0,0
20221129T,184621.0,184621.0,184621.0,184621.0,0
20221130T,203369.0,203369.0,203369.0,203369.0,0
20221201T,227899.0,227899.0,227899.0,227899.0,0
20221202T,239902.0,239902.0,239902.0,239902.0,0
20221205T,257067.0,257067.0,257067.0,257067.0,0
20221206T,263716.0,263716.0,263716.0,263716.0,0
20221207T,265576.0,265576.0,265576.0,265576.0,0
20221208T,282320.0,282320.0,282320.0,282320.0,0
20221209T,286550.0,286550.0,286550.0,286550.0,0
20221212T,299312.0,299312.0,299312.0,299312.0,0
20221213T,311477.0,311477.0,311477.0,311477.0,0
20221214T,332481.0,332481.0,332481.0,332481.0,0
20221215T,328539.0,328539.0,328539.0,328539.0,0
20221216T,318638.0,318638.0,318638.0,318638.0,0
20221219T,337831.0,337831.0,337831.0,337831.0,0
20221220T,326249.0,326249.0,326249.0,326249.0,0
20221221T,311621.0,311621.0,311621.0,311621.0,0
20221222T,302371.0,302371.0,302371.0,302371.0,0
20221223T,282581.0,282581.0,282581.0,282581.0,0
20221226T,300154.0,300154.0,300154.0,300154.0,0
20221227T,314104.0,314104.0,314104.0,314104.0,0
20221228T,307618.0,307618.0,307618.0,307618.0,0
20221229T,100862.0,100862.0,100862.0,100862.0,0
20221230T,137762.0,137762.0,137762.0,137762.0,0
20230102T,166196.0,166196.0,166196.0,166196.0,0
20230103T,188086.0,188086.0,188086.0,188086.0,0
20230104T,195920.0,195920.0,195920.0,195920.0,0
20230105T,211108.0,211108.0,211108.0,211108.0,0
20230106T,221582.0,221582.0,221582.0,221582.0,0
20230109T,247567.0,247567.0,247567.0,247567.0,0
20230110T,246105.0,246105.0,246105.0,246105.0,0
20230111T,260456.0,260456.0,260456.0,260456.0,0
20230112T,267002.0,267002.0,267002.0,267002.0,0
20230113T,283981.0,283981.0,283981.0,283981.0,0
20230116T,289769.0,289769.0,289769.0,289769.0,0
20230117T,296678.0,296678.0,296678.0,296678.0,0
20230118T,323987.0,323987.0,323987.0,323987.0,0
20230119T,330248.0,330248.0,330248.0,330248.0,0
20230120T,336648.0,336648.0,336648.0,336648.0,0
20230123T,348808.0,348808.0,348808.0,348808.0,0
20230124T,335304.0,335304.0,335304.0,335304.0,0
20230125T,100459.0,100459.0,100459.0,100459.0,0
20230127T,166112.0,166112.0,166112.0,166112.0,0
20230130T,197459.0,197459.0,197459.0,197459.0,0
20230131T,221698.0,221698.0,221698.0,221698.0,0
20230201T,242118.0,242118.0,242118.0,242118.0,0
20230202T,279973.0,279973.0,279973.0,279973.0,0
20230203T,314617.0,314617.0,314617.0,314617.0,0
20230206T,332501.0,332501.0,332501.0,332501.0,0
20230207T,334879.0,334879.0,334879.0,334879.0,0
20230208T,349945.0,349945.0,349945.0,349945.0,0
20230209T,361180.0,361180.0,361180.0,361180.0,0
20230210T,368147.0,368147.0,368147.0,368147.0,0
20230213T,360012.0,360012.0,360012.0,360012.0,0
20230214T,369156.0,369156.0,369156.0,369156.0,0
20230215T,387248.0,387248.0,387248.0,387248.0,0
20230216T,402645.0,402645.0,402645.0,402645.0,0
20230217T,380458.0,380458.0,380458.0,380458.0,0
20230220T,370725.0,370725.0,370725.0,370725.0,0
20230221T,353164.0,353164.0,353164.0,353164.0,0
20230222T,323772.0,323772.0,323772.0,323772.0,0
20230223T,87503.0,87503.0,87503.0,87503.0,0
20230224T,121825.0,121825.0,121825.0,121825.0,0
20230227T,144289.0,144289.0,144289.0,144289.0,0
20230228T,167960.0,167960.0,167960.0,167960.0,0
20230301T,190135.0,190135.0,190135.0,190135.0,0
20230302T,205320.0,205320.0,205320.0,205320.0,0
20230303T,228747.0,228747.0,228747.0,228747.0,0
20230306T,248368.0,248368.0,248368.0,248368.0,0
20230308T,268729.0,268729.0,268729.0,268729.0,0
20230309T,273949.0,273949.0,273949.0,273949.0,0
20230310T,275351.0,275351.0,275351.0,275351.0,0
20230313T,281616.0,281616.0,281616.0,281616.0,0
20230314T,280547.0,280547.0,280547.0,280547.0,0
20230315T,292983.0,292983.0,292983.0,292983.0,0
20230316T,294736.0,294736.0,294736.0,294736.0,0
20230317T,305216.0,305216.0,305216.0,305216.0,0
20230320T,300402.0,300402.0,300402.0,300402.0,0
20230321T,311044.0,311044.0,311044.0,311044.0,0
20230322T,312694.0,312694.0,312694.0,312694.0,0
20230323T,311421.0,311421.0,311421.0,311421.0,0
20230324T,295552.0,295552.0,295552.0,295552.0,0
20230327T,305461.0,305461.0,305461.0,305461.0,0
20230328T,297171.0,297171.0,297171.0,297171.0,0
20230329T,99645.0,99645.0,99645.0,99645.0,0
20230331T,144119.0,144119.0,144119.0,144119.0,0
20230403T,167644.0,167644.0,167644.0,167644.0,0
20230405T,195466.0,195466.0,195466.0,195466.0,0
20230406T,214751.0,214751.0,214751.0,214751.0,0
20230410T,240738.0,240738.0,240738.0,240738.0,0
20230411T,269184.0,269184.0,269184.0,269184.0,0
20230412T,310752.0,310752.0,310752.0,310752.0,0
20230413T,331262.0,331262.0,331262.0,331262.0,0
20230417T,347305.0,347305.0,347305.0,347305.0,0
20230418T,359590.0,359590.0,359590.0,359590.0,0
20230419T,370908.0,370908.0,370908.0,370908.0,0
20230420T,375321.0,375321.0,375321.0,375321.0,0
20230421T,374352.0,374352.0,374352.0,374352.0,0
20230424T,383236.0,383236.0,383236.0,383236.0,0
20230425T,387354.0,387354.0,387354.0,387354.0,0
20230426T,383739.0,383739.0,383739.0,383739.0,0
20230427T,119586.0,119586.0,119586.0,119586.0,0
20230428T,173773.0,173773.0,173773.0,173773.0,0
20230502T,206956.0,206956.0,206956.0,206956.0,0
20230503T,230287.0,230287.0,230287.0,230287.0,0
20230504T,261488.0,261488.0,261488.0,261488.0,0
20230505T,292259.0,292259.0,292259.0,292259.0,0
20230508T,329671.0,329671.0,329671.0,329671.0,0
20230509T,343467.0,343467.0,343467.0,343467.0,0
20230510T,358318.0,358318.0,358318.0,358318.0,0
20230511T,392212.0,392212.0,392212.0,392212.0,0
20230512T,402886.0,402886.0,402886.0,402886.0,0
20230515T,424081.0,424081.0,424081.0,424081.0,0
20230516T,429304.0,429304.0,429304.0,429304.0,0
20230517T,416554.0,416554.0,416554.0,416554.0,0
20230518T,404568.0,404568.0,404568.0,404568.0,0
20230519T,405202.0,405202.0,405202.0,405202.0,0
20230522T,420712.0,420712.0,420712.0,420712.0,0
20230523T,425389.0,425389.0,425389.0,425389.0,0
20230524T,418422.0,418422.0,418422.0,418422.0,0
20230525T,117606.0,117606.0,117606.0,117606.0,0
20230526T,179100.0,179100.0,179100.0,179100.0,0
20230529T,206891.0,206891.0,206891.0,206891.0,0
20230530T,227657.0,227657.0,227657.0,227657.0,0
20230531T,248657.0,248657.0,248657.0,248657.0,0
20230601T,273328.0,273328.0,273328.0,273328.0,0
20230602T,294067.0,294067.0,294067.0,294067.0,0
20230605T,323960.0,323960.0,323960.0,323960.0,0
20230606T,350190.0,350190.0,350190.0,350190.0,0
20230607T,374028.0,374028.0,374028.0,374028.0,0
20230608T,378750.0,378750.0,378750.0,378750.0,0
20230609T,388394.0,388394.0,388394.0,388394.0,0
20230612T,403747.0,403747.0,403747.0,403747.0,0
20230613T,422927.0,422927.0,422927.0,422927.0,0
20230614T,434259.0,434259.0,434259.0,434259.0,0
20230615T,442432.0,442432.0,442432.0,442432.0,0
20230616T,464172.0,464172.0,464172.0,464172.0,0
20230619T,458660.0,458660.0,458660.0,458660.0,0
20230620T,456480.0,456480.0,456480.0,456480.0,0
20230621T,459851.0,459851.0,459851.0,459851.0,0
20230622T,432053.0,432053.0,432053.0,432053.0,0
20230623T,414396.0,414396.0,414396.0,414396.0,0
20230626T,415313.0,415313.0,415313.0,415313.0,0
20230627T,401219.0,401219.0,401219.0,401219.0,0
20230628T,108064.0,108064.0,108064.0,108064.0,0
20230630T,183577.0,183577.0,183577.0,183577.0,0
20230703T,215861.0,215861.0,215861.0,215861.0,0
20230704T,244983.0,244983.0,244983.0,244983.0,0
20230705T,273545.0,273545.0,273545.0,273545.0,0
20230706T,299600.0,299600.0,299600.0,299600.0,0
20230707T,309046.0,309046.0,309046.0,309046.0,0
20230710T,330331.0,330331.0,330331.0,330331.0,0
20230711T,356517.0,356517.0,356517.0,356517.0,0
20230712T,381389.0,381389.0,381389.0,381389.0,0
20230713T,383410.0,383410.0,383410.0,383410.0,0
20230714T,399746.0,399746.0,399746.0,399746.0,0
20230717T,416736.0,416736.0,416736.0,416736.0,0
20230718T,427968.0,427968.0,427968.0,427968.0,0
20230719T,425470.0,425470.0,425470.0,425470.0,0
20230720T,409846.0,409846.0,409846.0,409846.0,0
20230721T,418330.0,418330.0,418330.0,418330.0,0
20230724T,425899.0,425899.0,425899.0,425899.0,0
20230725T,423129.0,423129.0,423129.0,423129.0,0
20230726T,434866.0,434866.0,434866.0,434866.0,0
20230727T,151709.0,151709.0,151709.0,151709.0,0
20230728T,216858.0,216858.0,216858.0,216858.0,0
20230731T,256695.0,256695.0,256695.0,256695.0,0
20230801T,287055.0,287055.0,287055.0,287055.0,0
20230802T,294939.0,294939.0,294939.0,294939.0,0
20230803T,309371.0,309371.0,309371.0,309371.0,0
20230804T,326922.0,326922.0,326922.0,326922.0,0
20230807T,341629.0,341629.0,341629.0,341629.0,0
20230808T,342605.0,342605.0,342605.0,342605.0,0
20230809T,352862.0,352862.0,352862.0,352862.0,0
20230810T,353737.0,353737.0,353737.0,353737.0,0
20230811T,355179.0,355179.0,355179.0,355179.0,0
20230814T,353894.0,353894.0,353894.0,353894.0,0
20230816T,362169.0,362169.0,362169.0,362169.0,0
20230817T,362584.0,362584.0,362584.0,362584.0,0
20230818T,355156.0,355156.0,355156.0,355156.0,0
20230821T,367689.0,367689.0,367689.0,367689.0,0
20230822T,381167.0,381167.0,381167.0,381167.0,0
20230823T,397351.0,397351.0,397351.0,397351.0,0
20230824T,403277.0,403277.0,403277.0,403277.0,0
20230825T,383600.0,383600.0,383600.0,383600.0,0
20230828T,396996.0,396996.0,396996.0,396996.0,0
20230829T,402473.0,402473.0,402473.0,402473.0,0
20230830T,398595.0,398595.0,398595.0,398595.0,0
20230831T,120909.0,120909.0,120909.0,120909.0,0
20230901T,195759.0,195759.0,195759.0,195759.0,0
20230904T,249195.0,249195.0,249195.0,249195.0,0
20230905T,279855.0,279855.0,279855.0,279855.0,0
20230906T,294672.0,294672.0,294672.0,294672.0,0
20230907T,315815.0,315815.0,315815.0,315815.0,0
20230908T,340480.0,340480.0,340480.0,340480.0,0
20230911T,365982.0,365982.0,365982.0,365982.0,0
20230912T,360425.0,360425.0,360425.0,360425.0,0
20230913T,371366.0,371366.0,371366.0,371366.0,0
20230914T,387484.0,387484.0,387484.0,387484.0,0
20230915T,408738.0,408738.0,408738.0,408738.0,0
20230918T,413212.0,413212.0,413212.0,413212.0,0
20230920T,407893.0,407893.0,407893.0,407893.0,0
20230921T,381481.0,381481.0,381481.0,381481.0,0
20230922T,378009.0,378009.0,378009.0,378009.0,0
20230925T,379524.0,379524.0,379524.0,379524.0,0
20230926T,376300.0,376300.0,376300.0,376300.0,0
20230927T,370048.0,370048.0,370048.0,370048.0,0
20230928T,112175.0,112175.0,112175.0,112175.0,0
20230929T,162085.0,162085.0,162085.0,162085.0,0
20231003T,192325.0,192325.0,192325.0,192325.0,0
20231004T,208092.0,208092.0,208092.0,208092.0,0
20231005T,222599.0,222599.0,222599.0,222599.0,0
20231006T,236705.0,236705.0,236705.0,236705.0,0
20231009T,244918.0,244918.0,244918.0,244918.0,0
20231010T,267206.0,267206.0,267206.0,267206.0,0
20231011T,287931.0,287931.0,287931.0,287931.0,0
20231012T,321220.0,321220.0,321220.0,321220.0,0
20231013T,326062.0,326062.0,326062.0,326062.0,0
20231016T,341948.0,341948.0,341948.0,341948.0,0
20231017T,356683.0,356683.0,356683.0,356683.0,0
20231018T,351298.0,351298.0,351298.0,351298.0,0
20231019T,362569.0,362569.0,362569.0,362569.0,0
20231020T,347275.0,347275.0,347275.0,347275.0,0
20231023T,306583.0,306583.0,306583.0,306583.0,0
20231025T,301904.0,301904.0,301904.0,301904.0,0
20231026T,113321.0,113321.0,113321.0,113321.0,0
20231027T,184666.0,184666.0,184666.0,184666.0,0
20231030T,213949.0,213949.0,213949.0,213949.0,0
20231031T,229418.0,229418.0,229418.0,229418.0,0
20231101T,253782.0,253782.0,253782.0,253782.0,0
20231102T,282702.0,282702.0,282702.0,282702.0,0
20231103T,317790.0,317790.0,317790.0,317790.0,0
20231106T,354123.0,354123.0,354123.0,354123.0,0
20231107T,375782.0,375782.0,375782.0,375782.0,0
20231108T,395406.0,395406.0,395406.0,395406.0,0
20231109T,420862.0,420862.0,420862.0,420862.0,0
20231110T,430754.0,430754.0,430754.0,430754.0,0
20231113T,456438.0,456438.0,456438.0,456438.0,0
20231115T,497124.0,497124.0,497124.0,497124.0,0
20231116T,512262.0,512262.0,512262.0,512262.0,0
20231117T,525537.0,525537.0,525537.0,525537.0,0
20231120T,519198.0,519198.0,519198.0,519198.0,0
20231121T,538410.0,538410.0,538410.0,538410.0,0
20231122T,536320.0,536320.0,536320.0,536320.0,0
20231123T,546667.0,546667.0,546667.0,546667.0,0
20231124T,538021.0,538021.0,538021.0,538021.0,0
20231128T,560351.0,560351.0,560351.0,560351.0,0
20231129T,563168.0,563168.0,563168.0,563168.0,0
20231130T,170386.0,170386.0,170386.0,170386.0,0
20231201T,243901.0,243901.0,243901.0,243901.0,0
20231204T,297776.0,297776.0,297776.0,297776.0,0
20231205T,330045.0,330045.0,330045.0,330045.0,0
20231206T,368722.0,368722.0,368722.0,368722.0,0
20231207T,390598.0,390598.0,390598.0,390598.0,0
20231208T,403941.0,403941.0,403941.0,403941.0,0
20231211T,427234.0,427234.0,427234.0,427234.0,0
20231212T,444314.0,444314.0,444314.0,444314.0,0
20231213T,455255.0,455255.0,455255.0,455255.0,0
20231214T,479205.0,479205.0,479205.0,479205.0,0
20231215T,499866.0,499866.0,499866.0,499866.0,0
20231218T,505630.0,505630.0,505630.0,505630.0,0
20231219T,505252.0,505252.0,505252.0,505252.0,0
20231220T,457735.0,457735.0,457735.0,457735.0,0
20231221T,448943.0,448943.0,448943.0,448943.0,0
20231222T,469127.0,469127.0,469127.0,469127.0,0
20231226T,500662.0,500662.0,500662.0,500662.0,0
20231227T,485703.0,485703.0,485703.0,485703.0,0
20231228T,157795.0,157795.0,157795.0,157795.0,0
20231229T,219134.0,219134.0,219134.0,219134.0,0
20240101T,245496.0,245496.0,245496.0,245496.0,0
20240102T,264535.0,264535.0,264535.0,264535.0,0
20240103T,287700.0,287700.0,287700.0,287700.0,0
20240104T,309293.0,309293.0,309293.0,309293.0,0
20240105T,313276.0,313276.0,313276.0,313276.0,0
20240108T,320268.0,320268.0,320268.0,320268.0,0
20240109T,336734.0,336734.0,336734.0,336734.0,0
20240110T,347989.0,347989.0,347989.0,347989.0,0
20240111T,412719.0,412719.0,412719.0,412719.0,0
20240112T,451988.0,451988.0,451988.0,451988.0,0
20240115T,489132.0,489132.0,489132.0,489132.0,0
20240116T,490143.0,490143.0,490143.0,490143.0,0
20240117T,465553.0,465553.0,465553.0,465553.0,0
20240118T,470576.0,470576.0,470576.0,470576.0,0
20240119T,497329.0,497329.0,497329.0,497329.0,0
20240123T,458014.0,458014.0,458014.0,458014.0,0
20240124T,452575.0,452575.0,452575.0,452575.0,0
20240125T,146296.0,146296.0,146296.0,146296.0,0
20240129T,206477.0,206477.0,206477.0,206477.0,0
20240130T,235354.0,235354.0,235354.0,235354.0,0
20240131T,265495.0,265495.0,265495.0,265495.0,0
20240201T,302971.0,302971.0,302971.0,302971.0,0
20240202T,330030.0,330030.0,330030.0,330030.0,0
20240205T,352710.0,352710.0,352710.0,352710.0,0
20240206T,388788.0,388788.0,388788.0,388788.0,0
20240207T,401824.0,401824.0,401824.0,401824.0,0
20240208T,415734.0,415734.0,415734.0,415734.0,0
20240209T,420790.0,420790.0,420790.0,420790.0,0
20240212T,420812.0,420812.0,420812.0,420812.0,0
20240213T,432586.0,432586.0,432586.0,432586.0,0
20240214T,450267.0,450267.0,450267.0,450267.0,0
20240215T,469812.0,469812.0,469812.0,469812.0,0
20240216T,487222.0,487222.0,487222.0,487222.0,0
20240219T,500356.0,500356.0,500356.0,500356.0,0
20240220T,494491.0,494491.0,494491.0,494491.0,0
20240221T,483693.0,483693.0,483693.0,483693.0,0
20240223T,495380.0,495380.0,495380.0,495380.0,0
20240226T,488049.0,488049.0,488049.0,488049.0,0
20240227T,490541.0,490541.0,490541.0,490541.0,0
20240228T,454015.0,454015.0,454015.0,454015.0,0
20240229T,158986.0,158986.0,158986.0,158986.0,0
20240301T,204869.0,204869.0,204869.0,204869.0,0
20240304T,232776.0,232776.0,232776.0,232776.0,0
20240305T,255581.0,255581.0,255581.0,255581.0,0
20240306T,279622.0,279622.0,279622.0,279622.0,0
20240307T,305946.0,305946.0,305946.0,305946.0,0
20240311T,313532.0,313532.0,313532.0,313532.0,0
20240312T,309347.0,309347.0,309347.0,309347.0,0
20240313T,301083.0,301083.0,301083.0,301083.0,0
20240314T,312893.0,312893.0,312893.0,312893.0,0
20240315T,317225.0,317225.0,317225.0,317225.0,0
20240318T,336094.0,336094.0,336094.0,336094.0,0
20240319T,338567.0,338567.0,338567.0,338567.0,0
20240320T,359105.0,359105.0,359105.0,359105.0,0
20240321T,377986.0,377986.0,377986.0,377986.0,0
20240322T,413947.0,413947.0,413947.0,413947.0,0
20240326T,427462.0,427462.0,427462.0,427462.0,0
20240327T,431870.0,431870.0,431870.0,431870.0,0
20240328T,155418.0,155418.0,155418.0,155418.0,0
20240401T,197631.0,197631.0,197631.0,197631.0,0
20240402T,239813.0,239813.0,239813.0,239813.0,0
20240403T,263984.0,263984.0,263984.0,263984.0,0
20240404T,284719.0,284719.0,284719.0,284719.0,0
20240405T,308258.0,308258.0,308258.0,308258.0,0
20240408T,347229.0,347229.0,347229.0,347229.0,0
20240409T,367718.0,367718.0,367718.0,367718.0,0
20240410T,388345.0,388345.0,388345.0,388345.0,0
20240412T,406044.0,406044.0,406044.0,406044.0,0
20240415T,406300.0,406300.0,406300.0,406300.0,0
20240416T,418025.0,418025.0,418025.0,418025.0,0
20240418T,423635.0,423635.0,423635.0,423635.0,0
20240419T,410345.0,410345.0,410345.0,410345.0,0
20240422T,429694.0,429694.0,429694.0,429694.0,0
20240423T,445676.0,445676.0,445676.0,445676.0,0
20240424T,460343.0,460343.0,460343.0,460343.0,0
20240425T,181898.0,181898.0,181898.0,181898.0,0
20240426T,283104.0,283104.0,283104.0,283104.0,0
20240429T,320251.0,320251.0,320251.0,320251.0,0
20240430T,342310.0,342310.0,342310.0,342310.0,0
20240502T,394001.0,394001.0,394001.0,394001.0,0
20240503T,416268.0,416268.0,416268.0,416268.0,0
20240506T,445166.0,445166.0,445166.0,445166.0,0
20240507T,458098.0,458098.0,458098.0,458098.0,0
20240508T,476250.0,476250.0,476250.0,476250.0,0
20240509T,473047.0,473047.0,473047.0,473047.0,0
20240510T,494333.0,494333.0,494333.0,494333.0,0
20240513T,504623.0,504623.0,504623.0,504623.0,0
20240514T,518115.0,518115.0,518115.0,518115.0,0
20240515T,516740.0,516740.0,516740.0,516740.0,0
20240516T,522823.0,522823.0,522823.0,522823.0,0
20240517T,541253.0,541253.0,541253.0,541253.0,0
20240521T,563135.0,563135.0,563135.0,563135.0,0
20240522T,556765.0,556765.0,556765.0,556765.0,0
20240523T,590953.0,590953.0,590953.0,590953.0,0
20240524T,598215.0,598215.0,598215.0,598215.0,0
20240527T,605442.0,605442.0,605442.0,605442.0,0
20240528T,586783.0,586783.0,586783.0,586783.0,0
20240529T,543357.0,543357.0,543357.0,543357.0,0
20240530T,166877.0,166877.0,166877.0,166877.0,0
20240531T,221044.0,221044.0,221044.0,221044.0,0
20240603T,293518.0,293518.0,293518.0,293518.0,0
20240604T,290190.0,290190.0,290190.0,290190.0,0
20240605T,334560.0,334560.0,334560.0,334560.0,0
20240606T,356414.0,356414.0,356414.0,356414.0,0
20240607T,407159.0,407159.0,407159.0,407159.0,0
20240610T,431337.0,431337.0,431337.0,431337.0,0
20240611T,454509.0,454509.0,454509.0,454509.0,0
20240612T,477040.0,477040.0,477040.0,477040.0,0
20240613T,498341.0,498341.0,498341.0,498341.0,0
20240614T,508929.0,508929.0,508929.0,508929.0,0
20240618T,524662.0,524662.0,524662.0,524662.0,0
20240619T,524739.0,524739.0,524739.0,524739.0,0
20240620T,556350.0,556350.0,556350.0,556350.0,0
20240621T,537217.0,537217.0,537217.0,537217.0,0
20240624T,554458.0,554458.0,554458.0,554458.0,0
20240625T,551452.0,551452.0,551452.0,551452.0,0
20240626T,557661.0,557661.0,557661.0,557661.0,0
20240627T,198801.0,198801.0,198801.0,198801.0,0
20240628T,271988.0,271988.0,271988.0,271988.0,0
20240701T,299328.0,299328.0,299328.0,299328.0,0
20240702T,324851.0,324851.0,324851.0,324851.0,0
20240703T,345203.0,345203.0,345203.0,345203.0,0
20240704T,374242.0,374242.0,374242.0,374242.0,0
20240705T,399347.0,399347.0,399347.0,399347.0,0
20240708T,430580.0,430580.0,430580.0,430580.0,0
20240709T,460039.0,460039.0,460039.0,460039.0,0
20240710T,461745.0,461745.0,461745.0,461745.0,0
20240711T,488485.0,488485.0,488485.0,488485.0,0
20240712T,518920.0,518920.0,518920.0,518920.0,0
20240715T,536091.0,536091.0,536091.0,536091.0,0
20240716T,536373.0,536373.0,536373.0,536373.0,0
20240718T,559983.0,559983.0,559983.0,559983.0,0
20240719T,533249.0,533249.0,533249.0,533249.0,0
20240722T,539329.0,539329.0,539329.0,539329.0,0
20240723T,538754.0,538754.0,538754.0,538754.0,0
20240724T,539593.0,539593.0,539593.0,539593.0,0
20240725T,203664.0,203664.0,203664.0,203664.0,0
20240726T,265223.0,265223.0,265223.0,265223.0,0
20240729T,294855.0,294855.0,294855.0,294855.0,0
20240730T,327932.0,327932.0,327932.0,327932.0,0
20240731T,365504.0,365504.0,365504.0,365504.0,0
20240801T,391251.0,391251.0,391251.0,391251.0,0
20240802T,384154.0,384154.0,384154.0,384154.0,0
20240805T,392031.0,392031.0,392031.0,392031.0,0
20240806T,413747.0,413747.0,413747.0,413747.0,0
20240807T,439436.0,439436.0,439436.0,439436.0,0
20240808T,446726.0,446726.0,446726.0,446726.0,0
20240809T,462329.0,462329.0,462329.0,462329.0,0
20240812T,481413.0,481413.0,481413.0,481413.0,0
20240813T,469232.0,469232.0,469232.0,469232.0,0
20240814T,465042.0,465042.0,465042.0,465042.0,0
20240816T,495593.0,495593.0,495593.0,495593.0,0
20240819T,520253.0,520253.0,520253.0,520253.0,0
20240820T,538566.0,538566.0,538566.0,538566.0,0
20240821T,555626.0,555626.0,555626.0,555626.0,0
20240822T,570513.0,570513.0,570513.0,570513.0,0
20240823T,579017.0,579017.0,579017.0,579017.0,0
20240826T,602894.0,602894.0,602894.0,602894.0,0
20240827T,595453.0,595453.0,595453.0,595453.0,0
20240828T,600551.0,600551.0,600551.0,600551.0,0
20240829T,225566.0,225566.0,225566.0,225566.0,0
20240830T,294122.0,294122.0,294122.0,294122.0,0
20240902T,335695.0,335695.0,335695.0,335695.0,0
20240903T,353618.0,353618.0,353618.0,353618.0,0
20240904T,366318.0,366318.0,366318.0,366318.0,0
20240905T,392062.0,392062.0,392062.0,392062.0,0
20240906T,399478.0,399478.0,399478.0,399478.0,0
20240909T,418756.0,418756.0,418756.0,418756.0,0
20240910T,439847.0,439847.0,439847.0,439847.0,0
20240911T,453899.0,453899.0,453899.0,453899.0,0
20240912T,498116.0,498116.0,498116.0,498116.0,0
20240913T,512937.0,512937.0,512937.0,512937.0,0
20240916T,537804.0,537804.0,537804.0,537804.0,0
20240917T,546042.0,546042.0,546042.0,546042.0,0
20240918T,530122.0,530122.0,530122.0,530122.0,0
20240919T,541659.0,541659.0,541659.0,541659.0,0
20240920T,587766.0,587766.0,587766.0,587766.0,0
20240923T,614257.0,614257.0,614257.0,614257.0,0
20240924T,613670.0,613670.0,613670.0,613670.0,0
20240925T,589179.0,589179.0,589179.0,589179.0,0
20240926T,221478.0,221478.0,221478.0,221478.0,0
20240927T,291459.0,291459.0,291459.0,291459.0,0
20240930T,313928.0,313928.0,313928.0,313928.0,0
20241001T,324675.0,324675.0,324675.0,324675.0,0
20241003T,340829.0,340829.0,340829.0,340829.0,0
20241004T,353085.0,353085.0,353085.0,353085.0,0
20241007T,376833.0,376833.0,376833.0,376833.0,0
20241008T,388091.0,388091.0,388091.0,388091.0,0
20241009T,403776.0,403776.0,403776.0,403776.0,0
20241010T,416403.0,416403.0,416403.0,416403.0,0
20241011T,415426.0,415426.0,415426.0,415426.0,0
20241014T,438371.0,438371.0,438371.0,438371.0,0
20241015T,445391.0,445391.0,445391.0,445391.0,0
20241016T,463778.0,463778.0,463778.0,463778.0,0
20241017T,482603.0,482603.0,482603.0,482603.0,0
20241018T,495281.0,495281.0,495281.0,495281.0,0
20241021T,508414.0,508414.0,508414.0,508414.0,0
20241022T,492677.0,492677.0,492677.0,492677.0,0
20241023T,525580.0,525580.0,525580.0,525580.0,0
20241024T,567302.0,567302.0,567302.0,567302.0,0
20241025T,542383.0,542383.0,542383.0,542383.0,0
20241028T,591831.0,591831.0,591831.0,591831.0,0
20241029T,627031.0,627031.0,627031.0,627031.0,0
20241030T,619970.0,619970.0,619970.0,619970.0,0
20241031T,243744.0,243744.0,243744.0,243744.0,0
20241104T,351350.0,351350.0,351350.0,351350.0,0
20241105T,393905.0,393905.0,393905.0,393905.0,0
20241106T,445440.0,445440.0,445440.0,445440.0,0
20241107T,458185.0,458185.0,458185.0,458185.0,0
20241108T,481532.0,481532.0,481532.0,481532.0,0
20241111T,550942.0,550942.0,550942.0,550942.0,0
20241112T,547411.0,547411.0,547411.0,547411.0,0
20241113T,574772.0,574772.0,574772.0,574772.0,0
20241114T,609541.0,609541.0,609541.0,609541.0,0
20241118T,637523.0,637523.0,637523.0,637523.0,0
20241119T,653944.0,653944.0,653944.0,653944.0,0
20241121T,701940.0,701940.0,701940.0,701940.0,0
20241122T,784912.0,784912.0,784912.0,784912.0,0
20241125T,854262.0,854262.0,854262.0,854262.0,0
20241126T,864491.0,864491.0,864491.0,864491.0,0
20241127T,851427.0,851427.0,851427.0,851427.0,0
20241128T,340730.0,340730.0,340730.0,340730.0,0
20241129T,422638.0,422638.0,422638.0,422638.0,0
20241202T,483007.0,483007.0,483007.0,483007.0,0
20241203T,532251.0,532251.0,532251.0,532251.0,0
20241204T,570840.0,570840.0,570840.0,570840.0,0
20241205T,619262.0,619262.0,619262.0,619262.0,0
20241206T,661492.0,661492.0,661492.0,661492.0,0
20241209T,687405.0,687405.0,687405.0,687405.0,0
20241210T,702296.0,702296.0,702296.0,702296.0,0
20241211T,718762.0,718762.0,718762.0,718762.0,0
20241212T,715126.0,715126.0,715126.0,715126.0,0
20241213T,733487.0,733487.0,733487.0,733487.0,0
20241216T,750127.0,750127.0,750127.0,750127.0,0
20241217T,731104.0,731104.0,731104.0,731104.0,0
20241218T,719982.0,719982.0,719982.0,719982.0,0
20241219T,708247.0,708247.0,708247.0,708247.0,0
20241220T,672442.0,672442.0,672442.0,672442.0,0
20241223T,715217.0,715217.0,715217.0,715217.0,0
20241224T,713685.0,713685.0,713685.0,713685.0,0
20241226T,280137.0,280137.0,280137.0,280137.0,0
20241227T,388601.0,388601.0,388601.0,388601.0,0
20241230T,443776.0,443776.0,443776.0,443776.0,0
20241231T,485380.0,485380.0,485380.0,485380.0,0
20250101T,522630.0,522630.0,522630.0,522630.0,0
20250102T,596571.0,596571.0,596571.0,596571.0,0
20250103T,626128.0,626128.0,626128.0,626128.0,0
20250106T,621696.0,621696.0,621696.0,621696.0,0
20250107T,661220.0,661220.0,661220.0,661220.0,0
20250108T,678831.0,678831.0,678831.0,678831.0,0
20250109T,711832.0,711832.0,711832.0,711832.0,0
20250110T,716248.0,716248.0,716248.0,716248.0,0
20250113T,749138.0,749138.0,749138.0,749138.0,0
20250114T,808330.0,808330.0,808330.0,808330.0,0
20250115T,832782.0,832782.0,832782.0,832782.0,0
20250116T,861103.0,861103.0,861103.0,861103.0,0
20250117T,874150.0,874150.0,874150.0,874150.0,0
20250120T,907354.0,907354.0,907354.0,907354.0,0
20250121T,868317.0,868317.0,868317.0,868317.0,0
20250122T,910387.0,910387.0,910387.0,910387.0,0
20250123T,963434.0,963434.0,963434.0,963434.0,0
20250124T,937769.0,937769.0,937769.0,937769.0,0
20250127T,933531.0,933531.0,933531.0,933531.0,0
20250128T,974853.0,974853.0,974853.0,974853.0,0
20250129T,1044279.0,1044279.0,1044279.0,1044279.0,0
20250130T,391902.0,391902.0,391902.0,391902.0,0
20250131T,532330.0,532330.0,532330.0,532330.0,0
20250203T,645084.0,645084.0,645084.0,645084.0,0
20250204T,691366.0,691366.0,691366.0,691366.0,0
20250205T,725152.0,725152.0,725152.0,725152.0,0
20250206T,744056.0,744056.0,744056.0,744056.0,0
20250207T,772987.0,772987.0,772987.0,772987.0,0
20250210T,764870.0,764870.0,764870.0,764870.0,0
20250211T,745606.0,745606.0,745606.0,745606.0,0
20250212T,779228.0,779228.0,779228.0,779228.0,0
20250213T,795669.0,795669.0,795669.0,795669.0,0
20250214T,766269.0,766269.0,766269.0,766269.0,0
20250217T,814643.0,814643.0,814643.0,814643.0,0
20250218T,814499.0,814499.0,814499.0,814499.0,0
20250219T,855739.0,855739.0,855739.0,855739.0,0
20250220T,887120.0,887120.0,887120.0,887120.0,0
20250221T,869374.0,869374.0,869374.0,869374.0,0
20250224T,875925.0,875925.0,875925.0,875925.0,0
20250225T,870274.0,870274.0,870274.0,870274.0,0
20250227T,366694.0,366694.0,366694.0,366694.0,0
20250228T,477835.0,477835.0,477835.0,477835.0,0
20250303T,537034.0,537034.0,537034.0,537034.0,0
20250304T,574670.0,574670.0,574670.0,574670.0,0
20250305T,619506.0,619506.0,619506.0,619506.0,0
20250306T,639597.0,639597.0,639597.0,639597.0,0
20250307T,666501.0,666501.0,666501.0,666501.0,0
20250310T,683774.0,683774.0,683774.0,683774.0,0
20250311T,710673.0,710673.0,710673.0,710673.0,0
20250312T,732728.0,732728.0,732728.0,732728.0,0
20250313T,737719.0,737719.0,737719.0,737719.0,0
20250317T,780479.0,780479.0,780479.0,780479.0,0
20250318T,831470.0,831470.0,831470.0,831470.0,0
20250319T,887774.0,887774.0,887774.0,887774.0,0
20250320T,923662.0,923662.0,923662.0,923662.0,0
20250321T,975154.0,975154.0,975154.0,975154.0,0
20250324T,1044550.0,1044550.0,1044550.0,1044550.0,0
20250325T,1015976.0,1015976.0,1015976.0,1015976.0,0
20250326T,989090.0,989090.0,989090.0,989090.0,0
20250327T,353141.0,353141.0,353141.0,353141.0,0
20250328T,468019.0,468019.0,468019.0,468019.0,0
20250401T,501524.0,501524.0,501524.0,501524.0,0
20250402T,561131.0,561131.0,561131.0,561131.0,0
20250403T,590196.0,590196.0,590196.0,590196.0,0
20250404T,629632.0,629632.0,629632.0,629632.0,0
20250407T,705564.0,705564.0,705564.0,705564.0,0
20250408T,716136.0,716136.0,716136.0,716136.0,0
20250409T,756530.0,756530.0,756530.0,756530.0,0
20250411T,777425.0,777425.0,777425.0,777425.0,0
20250415T,822326.0,822326.0,822326.0,822326.0,0
20250416T,870627.0,870627.0,870627.0,870627.0,0
20250417T,931447.0,931447.0,931447.0,931447.0,0
20250421T,986373.0,986373.0,986373.0,986373.0,0
20250422T,1011388.0,1011388.0,1011388.0,1011388.0,0
20250423T,1030867.0,1030867.0,1030867.0,1030867.0,0
20250424T,326535.0,326535.0,326535.0,326535.0,0
20250425T,438427.0,438427.0,438427.0,438427.0,0
20250428T,496310.0,496310.0,496310.0,496310.0,0
20250429T,519509.0,519509.0,519509.0,519509.0,0
20250430T,546818.0,546818.0,546818.0,546818.0,0
20250502T,578771.0,578771.0,578771.0,578771.0,0
20250505T,622139.0,622139.0,622139.0,622139.0,0
20250506T,632246.0,632246.0,632246.0,632246.0,0
20250507T,663854.0,663854.0,663854.0,663854.0,0
20250508T,655171.0,655171.0,655171.0,655171.0,0
20250509T,685992.0,685992.0,685992.0,685992.0,0
20250512T,740369.0,740369.0,740369.0,740369.0,0
20250513T,725695.0,725695.0,725695.0,725695.0,0
20250514T,752730.0,752730.0,752730.0,752730.0,0
20250515T,786345.0,786345.0,786345.0,786345.0,0
20250516T,811228.0,811228.0,811228.0,811228.0,0
20250519T,827024.0,827024.0,827024.0,827024.0,0
20250520T,809768.0,809768.0,809768.0,809768.0,0
20250521T,847394.0,847394.0,847394.0,847394.0,0
20250522T,834892.0,834892.0,834892.0,834892.0,0
20250523T,860592.0,860592.0,860592.0,860592.0,0
20250526T,914490.0,914490.0,914490.0,914490.0,0
20250527T,897688.0,897688.0,897688.0,897688.0,0
20250528T,869882.0,869882.0,869882.0,869882.0,0
20250529T,282621.0,282621.0,282621.0,282621.0,0
20250530T,359203.0,359203.0,359203.0,359203.0,0
20250602T,399982.0,399982.0,399982.0,399982.0,0
20250603T,425948.0,425948.0,425948.0,425948.0,0
20250604T,452802.0,452802.0,452802.0,452802.0,0
20250605T,482722.0,482722.0,482722.0,482722.0,0
20250606T,524612.0,524612.0,524612.0,524612.0,0
20250609T,566776.0,566776.0,566776.0,566776.0,0
20250610T,578519.0,578519.0,578519.0,578519.0,0
20250611T,592982.0,592982.0,592982.0,592982.0,0
20250612T,575584.0,575584.0,575584.0,575584.0,0
20250613T,587438.0,587438.0,587438.0,587438.0,0
20250616T,614819.0,614819.0,614819.0,614819.0,0
20250617T,619297.0,619297.0,619297.0,619297.0,0
20250618T,625848.0,625848.0,625848.0,625848.0,0
20250619T,632437.0,632437.0,632437.0,632437.0,0
20250620T,670771.0,670771.0,670771.0,670771.0,0
20250623T,700732.0,700732.0,700732.0,700732.0,0
20250624T,705555.0,705555.0,705555.0,705555.0,0
20250625T,719004.0,719004.0,719004.0,719004.0,0
20250626T,269219.0,269219.0,269219.0,269219.0,0
20250627T,329278.0,329278.0,329278.0,329278.0,0
20250630T,366473.0,366473.0,366473.0,366473.0,0
20250701T,400560.0,400560.0,400560.0,400560.0,0
20250702T,429953.0,429953.0,429953.0,429953.0,0
20250703T,455094.0,455094.0,455094.0,455094.0,0
20250704T,483796.0,483796.0,483796.0,483796.0,0
20250707T,511156.0,511156.0,511156.0,511156.0,0
20250708T,542870.0,542870.0,542870.0,542870.0,0
20250709T,578966.0,578966.0,578966.0,578966.0,0
20250710T,603993.0,603993.0,603993.0,603993.0,0
20250711T,609869.0,609869.0,609869.0,609869.0,0
20250714T,635749.0,635749.0,635749.0,635749.0,0
20250715T,649715.0,649715.0,649715.0,649715.0,0
20250716T,673196.0,673196.0,673196.0,673196.0,0
20250717T,682054.0,682054.0,682054.0,682054.0,0
20250718T,696913.0,696913.0,696913.0,696913.0,0
20250721T,731919.0,731919.0,731919.0,731919.0,0
20250722T,755511.0,755511.0,755511.0,755511.0,0
20250723T,778985.0,778985.0,778985.0,778985.0,0
20250724T,773836.0,773836.0,773836.0,773836.0,0
20250725T,756275.0,756275.0,756275.0,756275.0,0
20250728T,772997.0,772997.0,772997.0,772997.0,0
20250729T,794893.0,794893.0,794893.0,794893.0,0
20250730T,810894.0,810894.0,810894.0,810894.0,0
20250731T,338604.0,338604.0,338604.0,338604.0,0
20250801T,405588.0,405588.0,405588.0,405588.0,0
20250804T,463758.0,463758.0,463758.0,463758.0,0
20250805T,479347.0,479347.0,479347.0,479347.0,0
20250806T,511529.0,511529.0,511529.0,511529.0,0
20250807T,531084.0,531084.0,531084.0,531084.0,0
20250808T,549861.0,549861.0,549861.0,549861.0,0
20250811T,601600.0,601600.0,601600.0,601600.0,0
20250812T,610338.0,610338.0,610338.0,610338.0,0
20250813T,649911.0,649911.0,649911.0,649911.0,0
20250814T,654448.0,654448.0,654448.0,654448.0,0
20250818T,732163.0,732163.0,732163.0,732163.0,0
20250819T,771697.0,771697.0,771697.0,771697.0,0
20250820T,796711.0,796711.0,796711.0,796711.0,0
20250821T,798878.0,798878.0,798878.0,798878.0,0
20250822T,768024.0,768024.0,768024.0,768024.0,0
20250825T,761547.0,761547.0,761547.0,761547.0,0
20250826T,707683.0,707683.0,707683.0,707683.0,0
20250828T,254622.0,254622.0,254622.0,254622.0,0
20250829T,325808.0,325808.0,325808.0,325808.0,0
20250901T,379191.0,379191.0,379191.0,379191.0,0
20250902T,398078.0,398078.0,398078.0,398078.0,0
20250903T,437734.0,437734.0,437734.0,437734.0,0
20250904T,458999.0,458999.0,458999.0,458999.0,0
20250905T,493798.0,493798.0,493798.0,493798.0,0
20250908T,531693.0,531693.0,531693.0,531693.0,0
20250909T,557742.0,557742.0,557742.0,557742.0,0
20250910T,576885.0,576885.0,576885.0,576885.0,0
20250911T,604865.0,604865.0,604865.0,604865.0,0
20250912T,644511.0,644511.0,644511.0,644511.0,0
20250915T,664975.0,664975.0,664975.0,664975.0,0
20250916T,693881.0,693881.0,693881.0,693881.0,0
20250917T,733378.0,733378.0,733378.0,733378.0,0
20250918T,749604.0,749604.0,749604.0,749604.0,0
20250919T,766976.0,766976.0,766976.0,766976.0,0
20250922T,784101.0,784101.0,784101.0,784101.0,0
20250923T,801843.0,801843.0,801843.0,801843.0,0
20250924T,803634.0,803634.0,803634.0,803634.0,0
20250925T,805572.0,805572.0,805572.0,805572.0,0
20250926T,787193.0,787193.0,787193.0,787193.0,0
20250929T,800784.0,800784.0,800784.0,800784.0,0
20250930T,344324.0,344324.0,344324.0,344324.0,0
20251001T,428503.0,428503.0,428503.0,428503.0,0
20251003T,479520.0,479520.0,479520.0,479520.0,0
20251006T,518066.0,518066.0,518066.0,518066.0,0
20251007T,547225.0,547225.0,547225.0,547225.0,0
20251008T,565179.0,565179.0,565179.0,565179.0,0
20251009T,616005.0,616005.0,616005.0,616005.0,0
20251010T,635140.0,635140.0,635140.0,635140.0,0
20251013T,635922.0,635922.0,635922.0,635922.0,0
20251014T,641542.0,641542.0,641542.0,641542.0,0
20251015T,720577.0,720577.0,720577.0,720577.0,0
20251016T,762764.0,762764.0,762764.0,762764.0,0
20251017T,773751.0,773751.0,773751.0,773751.0,0
20251020T,839597.0,839597.0,839597.0,839597.0,0
20251023T,876947.0,876947.0,876947.0,876947.0,0
20251024T,839133.0,839133.0,839133.0,839133.0,0
20251027T,878818.0,878818.0,878818.0,878818.0,0
20251028T,344758.0,344758.0,344758.0,344758.0,0
20251029T,475247.0,475247.0,475247.0,475247.0,0
20251030T,507158.0,507158.0,507158.0,507158.0,0
20251031T,565507.0,565507.0,565507.0,565507.0,0
20251103T,607406.0,607406.0,607406.0,607406.0,0
20251104T,638612.0,638612.0,638612.0,638612.0,0
20251106T,675579.0,675579.0,675579.0,675579.0,0
20251107T,712882.0,712882.0,712882.0,712882.0,0
20251110T,751480.0,751480.0,751480.0,751480.0,0
20251111T,781851.0,781851.0,781851.0,781851.0,0
20251112T,823385.0,823385.0,823385.0,823385.0,0
20251113T,844657.0,844657.0,844657.0,844657.0,0
20251114T,858423.0,858423.0,858423.0,858423.0,0
20251117T,902377.0,902377.0,902377.0,902377.0,0
20251118T,894464.0,894464.0,894464.0,894464.0,0
20251119T,929220.0,929220.0,929220.0,929220.0,0
20251120T,916314.0,916314.0,916314.0,916314.0,0
20251121T,870545.0,870545.0,870545.0,870545.0,0
20251124T,844284.0,844284.0,844284.0,844284.0,0
20251125T,351478.0,351478.0,351478.0,351478.0,0
20251126T,441117.0,441117.0,441117.0,441117.0,0
20251127T,469351.0,469351.0,469351.0,469351.0,0
20251128T,500800.0,500800.0,500800.0,500800.0,0
20251201T,533718.0,533718.0,533718.0,533718.0,0
20251202T,553130.0,553130.0,553130.0,553130.0,0
20251203T,568052.0,568052.0,568052.0,568052.0,0
20251204T,597599.0,597599.0,597599.0,597599.0,0
20251205T,636827.0,636827.0,636827.0,636827.0,0
20251208T,663182.0,663182.0,663182.0,663182.0,0
20251209T,676820.0,676820.0,676820.0,676820.0,0
20251210T,709808.0,709808.0,709808.0,709808.0,0
20251211T,746409.0,746409.0,746409.0,746409.0,0
20251212T,788992.0,788992.0,788992.0,788992.0,0
20251215T,800804.0,800804.0,800804.0,800804.0,0
20251216T,800785.0,800785.0,800785.0,800785.0,0
20251217T,820361.0,820361.0,820361.0,820361.0,0
20251218T,843547.0,843547.0,843547.0,843547.0,0
20251219T,903854.0,903854.0,903854.0,903854.0,0
20251222T,988397.0,988397.0,988397.0,988397.0,0
20251223T,1004204.0,1004204.0,1004204.0,1004204.0,0
20251224T,978011.0,978011.0,978011.0,978011.0,0
20251226T,941524.0,941524.0,941524.0,941524.0,0
20251229T,912217.0,912217.0,912217.0,912217.0,0
20251230T,386384.0,386384.0,386384.0,386384.0,0
20251231T,490341.0,490341.0,490341.0,490341.0,0
20260101T,540359.0,540359.0,540359.0,540359.0,0
20260102T,623752.0,623752.0,623752.0,623752.0,0
20260105T,683022.0,683022.0,683022.0,683022.0,0
20260106T,745605.0,745605.0,745605.0,745605.0,0
20260107T,791258.0,791258.0,791258.0,791258.0,0
20260108T,810097.0,810097.0,810097.0,810097.0,0
20260109T,816336.0,816336.0,816336.0,816336.0,0
20260112T,843453.0,843453.0,843453.0,843453.0,0
20260113T,854081.0,854081.0,854081.0,854081.0,0
20260114T,904848.0,904848.0,904848.0,904848.0,0
20260116T,965536.0,965536.0,965536.0,965536.0,0
20260119T,1000155.0,1000155.0,1000155.0,1000155.0,0
20260120T,967956.0,967956.0,967956.0,967956.0,0
20260121T,1041544.0,1041544.0,1041544.0,1041544.0,0
20260122T,1035598.0,1035598.0,1035598.0,1035598.0,0
20260123T,1024392.0,1024392.0,1024392.0,1024392.0,0
20260127T,463575.0,463575.0,463575.0,463575.0,0
20260128T,567630.0,567630.0,567630.0,567630.0,0
20260129T,628386.0,628386.0,628386.0,628386.0,0
20260130T,682282.0,682282.0,682282.0,682282.0,0
20260201T,716115.0,716115.0,716115.0,716115.0,0
20260202T,771352.0,771352.0,771352.0,771352.0,0
