20120106T,236878.0,236878.0,236878.0,236878.0,0
20120109T,247163.0,247163.0,247163.0,247163.0,0
20120110T,272956.0,272956.0,272956.0,272956.0,0
20120111T,291190.0,291190.0,291190.0,291190.0,0
20120112T,291816.0,291816.0,291816.0,291816.0,0
20120113T,308986.0,308986.0,308986.0,308986.0,0
20120116T,305644.0,305644.0,305644.0,305644.0,0
20120117T,330208.0,330208.0,330208.0,330208.0,0
20120118T,298106.0,298106.0,298106.0,298106.0,0
20120119T,302196.0,302196.0,302196.0,302196.0,0
20120120T,298242.0,298242.0,298242.0,298242.0,0
20120123T,310730.0,310730.0,310730.0,310730.0,0
20120124T,322888.0,322888.0,322888.0,322888.0,0
20120125T,254706.0,254706.0,254706.0,254706.0,0
20120127T,279976.0,279976.0,279976.0,279976.0,0
20120130T,269483.0,269483.0,269483.0,269483.0,0
20120131T,309702.0,309702.0,309702.0,309702.0,0
20120201T,325229.0,325229.0,325229.0,325229.0,0
20120202T,334375.0,334375.0,334375.0,334375.0,0
20120203T,320484.0,320484.0,320484.0,320484.0,0
20120206T,343029.0,343029.0,343029.0,343029.0,0
20120207T,334113.0,334113.0,334113.0,334113.0,0
20120208T,336777.0,336777.0,336777.0,336777.0,0
20120209T,335525.0,335525.0,335525.0,335525.0,0
20120210T,311809.0,311809.0,311809.0,311809.0,0
20120213T,316556.0,316556.0,316556.0,316556.0,0
20120214T,323138.0,323138.0,323138.0,323138.0,0
20120215T,313264.0,313264.0,313264.0,313264.0,0
20120216T,294879.0,294879.0,294879.0,294879.0,0
20120217T,294226.0,294226.0,294226.0,294226.0,0
20120221T,266163.0,266163.0,266163.0,266163.0,0
20120222T,269832.0,269832.0,269832.0,269832.0,0
20120223T,184633.0,184633.0,184633.0,184633.0,0
20120224T,191268.0,191268.0,191268.0,191268.0,0
20120227T,190313.0,190313.0,190313.0,190313.0,0
20120228T,204829.0,204829.0,204829.0,204829.0,0
20120229T,210793.0,210793.0,210793.0,210793.0,0
20120301T,220059.0,220059.0,220059.0,220059.0,0
20120302T,227686.0,227686.0,227686.0,227686.0,0
20120305T,236989.0,236989.0,236989.0,236989.0,0
20120306T,241162.0,241162.0,241162.0,241162.0,0
20120307T,236270.0,236270.0,236270.0,236270.0,0
20120309T,247591.0,247591.0,247591.0,247591.0,0
20120312T,256580.0,256580.0,256580.0,256580.0,0
20120313T,257633.0,257633.0,257633.0,257633.0,0
20120314T,250777.0,250777.0,250777.0,250777.0,0
20120315T,245909.0,245909.0,245909.0,245909.0,0
20120316T,238139.0,238139.0,238139.0,238139.0,0
20120319T,231931.0,231931.0,231931.0,231931.0,0
20120320T,253428.0,253428.0,253428.0,253428.0,0
20120321T,242820.0,242820.0,242820.0,242820.0,0
20120322T,232120.0,232120.0,232120.0,232120.0,0
20120323T,241945.0,241945.0,241945.0,241945.0,0
20120326T,223124.0,223124.0,223124.0,223124.0,0
20120327T,234073.0,234073.0,234073.0,234073.0,0
20120328T,220329.0,220329.0,220329.0,220329.0,0
20120329T,165123.0,165123.0,165123.0,165123.0,0
20120330T,192025.0,192025.0,192025.0,192025.0,0
20120402T,194225.0,194225.0,194225.0,194225.0,0
20120403T,201186.0,201186.0,201186.0,201186.0,0
20120404T,195934.0,195934.0,195934.0,195934.0,0
20120409T,191146.0,191146.0,191146.0,191146.0,0
20120410T,188968.0,188968.0,188968.0,188968.0,0
20120411T,199029.0,199029.0,199029.0,199029.0,0
20120412T,212844.0,212844.0,212844.0,212844.0,0
20120413T,199267.0,199267.0,199267.0,199267.0,0
20120416T,197306.0,197306.0,197306.0,197306.0,0
20120417T,219181.0,219181.0,219181.0,219181.0,0
20120418T,214655.0,214655.0,214655.0,214655.0,0
20120419T,234399.0,234399.0,234399.0,234399.0,0
20120420T,220193.0,220193.0,220193.0,220193.0,0
20120423T,213501.0,213501.0,213501.0,213501.0,0
20120424T,221025.0,221025.0,221025.0,221025.0,0
20120425T,217558.0,217558.0,217558.0,217558.0,0
20120426T,169005.0,169005.0,169005.0,169005.0,0
20120427T,171219.0,171219.0,171219.0,171219.0,0
20120430T,186079.0,186079.0,186079.0,186079.0,0
20120502T,190038.0,190038.0,190038.0,190038.0,0
20120503T,188404.0,188404.0,188404.0,188404.0,0
20120504T,189545.0,189545.0,189545.0,189545.0,0
20120507T,187464.0,187464.0,187464.0,187464.0,0
20120508T,204758.0,204758.0,204758.0,204758.0,0
20120509T,213669.0,213669.0,213669.0,213669.0,0
20120510T,219938.0,219938.0,219938.0,219938.0,0
20120511T,225428.0,225428.0,225428.0,225428.0,0
20120514T,220153.0,220153.0,220153.0,220153.0,0
20120515T,228842.0,228842.0,228842.0,228842.0,0
20120516T,228565.0,228565.0,228565.0,228565.0,0
20120517T,246574.0,246574.0,246574.0,246574.0,0
20120518T,256060.0,256060.0,256060.0,256060.0,0
20120521T,254696.0,254696.0,254696.0,254696.0,0
20120522T,273091.0,273091.0,273091.0,273091.0,0
20120523T,267445.0,267445.0,267445.0,267445.0,0
20120524T,261747.0,261747.0,261747.0,261747.0,0
20120525T,243504.0,243504.0,243504.0,243504.0,0
20120528T,250894.0,250894.0,250894.0,250894.0,0
20120529T,235027.0,235027.0,235027.0,235027.0,0
20120530T,237531.0,237531.0,237531.0,237531.0,0
20120531T,173798.0,173798.0,173798.0,173798.0,0
20120601T,182292.0,182292.0,182292.0,182292.0,0
20120604T,181637.0,181637.0,181637.0,181637.0,0
20120605T,193766.0,193766.0,193766.0,193766.0,0
20120606T,214402.0,214402.0,214402.0,214402.0,0
20120607T,235170.0,235170.0,235170.0,235170.0,0
20120608T,224536.0,224536.0,224536.0,224536.0,0
20120611T,233115.0,233115.0,233115.0,233115.0,0
20120612T,250815.0,250815.0,250815.0,250815.0,0
20120613T,270239.0,270239.0,270239.0,270239.0,0
20120614T,250975.0,250975.0,250975.0,250975.0,0
20120615T,249092.0,249092.0,249092.0,249092.0,0
20120618T,205284.0,205284.0,205284.0,205284.0,0
20120619T,216893.0,216893.0,216893.0,216893.0,0
20120620T,217097.0,217097.0,217097.0,217097.0,0
20120621T,223581.0,223581.0,223581.0,223581.0,0
20120622T,210263.0,210263.0,210263.0,210263.0,0
20120625T,203848.0,203848.0,203848.0,203848.0,0
20120626T,221886.0,221886.0,221886.0,221886.0,0
20120627T,215590.0,215590.0,215590.0,215590.0,0
20120628T,184849.0,184849.0,184849.0,184849.0,0
20120629T,221387.0,221387.0,221387.0,221387.0,0
20120702T,251159.0,251159.0,251159.0,251159.0,0
20120703T,264542.0,264542.0,264542.0,264542.0,0
20120704T,284486.0,284486.0,284486.0,284486.0,0
20120705T,293462.0,293462.0,293462.0,293462.0,0
20120706T,289887.0,289887.0,289887.0,289887.0,0
20120709T,270279.0,270279.0,270279.0,270279.0,0
20120710T,285928.0,285928.0,285928.0,285928.0,0
20120711T,258644.0,258644.0,258644.0,258644.0,0
20120712T,218724.0,218724.0,218724.0,218724.0,0
20120713T,221727.0,221727.0,221727.0,221727.0,0
20120716T,216183.0,216183.0,216183.0,216183.0,0
20120717T,203084.0,203084.0,203084.0,203084.0,0
20120718T,199803.0,199803.0,199803.0,199803.0,0
20120719T,208515.0,208515.0,208515.0,208515.0,0
20120720T,217672.0,217672.0,217672.0,217672.0,0
20120723T,215841.0,215841.0,215841.0,215841.0,0
20120724T,213755.0,213755.0,213755.0,213755.0,0
20120725T,216509.0,216509.0,216509.0,216509.0,0
20120726T,179827.0,179827.0,179827.0,179827.0,0
20120727T,207808.0,207808.0,207808.0,207808.0,0
20120730T,227821.0,227821.0,227821.0,227821.0,0
20120731T,229149.0,229149.0,229149.0,229149.0,0
20120801T,233733.0,233733.0,233733.0,233733.0,0
20120802T,234072.0,234072.0,234072.0,234072.0,0
20120803T,248263.0,248263.0,248263.0,248263.0,0
20120806T,287240.0,287240.0,287240.0,287240.0,0
20120807T,308869.0,308869.0,308869.0,308869.0,0
20120808T,297907.0,297907.0,297907.0,297907.0,0
20120809T,288288.0,288288.0,288288.0,288288.0,0
20120810T,280248.0,280248.0,280248.0,280248.0,0
20120813T,272516.0,272516.0,272516.0,272516.0,0
20120814T,273465.0,273465.0,273465.0,273465.0,0
20120816T,274417.0,274417.0,274417.0,274417.0,0
20120817T,267415.0,267415.0,267415.0,267415.0,0
20120821T,278716.0,278716.0,278716.0,278716.0,0
20120822T,273462.0,273462.0,273462.0,273462.0,0
20120823T,250689.0,250689.0,250689.0,250689.0,0
20120824T,243837.0,243837.0,243837.0,243837.0,0
20120827T,245148.0,245148.0,245148.0,245148.0,0
20120828T,244715.0,244715.0,244715.0,244715.0,0
20120829T,234139.0,234139.0,234139.0,234139.0,0
20120830T,184535.0,184535.0,184535.0,184535.0,0
20120831T,210932.0,210932.0,210932.0,210932.0,0
20120903T,196595.0,196595.0,196595.0,196595.0,0
20120904T,214112.0,214112.0,214112.0,214112.0,0
20120905T,213586.0,213586.0,213586.0,213586.0,0
20120906T,223015.0,223015.0,223015.0,223015.0,0
20120907T,235187.0,235187.0,235187.0,235187.0,0
20120910T,235581.0,235581.0,235581.0,235581.0,0
20120911T,247091.0,247091.0,247091.0,247091.0,0
20120912T,257356.0,257356.0,257356.0,257356.0,0
20120913T,293898.0,293898.0,293898.0,293898.0,0
20120914T,289798.0,289798.0,289798.0,289798.0,0
20120917T,254452.0,254452.0,254452.0,254452.0,0
20120918T,257484.0,257484.0,257484.0,257484.0,0
20120920T,269478.0,269478.0,269478.0,269478.0,0
20120921T,265424.0,265424.0,265424.0,265424.0,0
20120924T,241050.0,241050.0,241050.0,241050.0,0
20120925T,250966.0,250966.0,250966.0,250966.0,0
20120926T,247028.0,247028.0,247028.0,247028.0,0
20120927T,176079.0,176079.0,176079.0,176079.0,0
20120928T,188805.0,188805.0,188805.0,188805.0,0
20121001T,205867.0,205867.0,205867.0,205867.0,0
20121003T,221276.0,221276.0,221276.0,221276.0,0
20121004T,222132.0,222132.0,222132.0,222132.0,0
20121005T,206189.0,206189.0,206189.0,206189.0,0
20121008T,214769.0,214769.0,214769.0,214769.0,0
20121009T,214249.0,214249.0,214249.0,214249.0,0
20121010T,211242.0,211242.0,211242.0,211242.0,0
20121011T,229711.0,229711.0,229711.0,229711.0,0
20121012T,231042.0,231042.0,231042.0,231042.0,0
20121015T,240441.0,240441.0,240441.0,240441.0,0
20121016T,234171.0,234171.0,234171.0,234171.0,0
20121017T,229081.0,229081.0,229081.0,229081.0,0
20121018T,247794.0,247794.0,247794.0,247794.0,0
20121019T,223252.0,223252.0,223252.0,223252.0,0
20121022T,254604.0,254604.0,254604.0,254604.0,0
20121023T,224107.0,224107.0,224107.0,224107.0,0
20121025T,186349.0,186349.0,186349.0,186349.0,0
20121026T,194261.0,194261.0,194261.0,194261.0,0
20121029T,199490.0,199490.0,199490.0,199490.0,0
20121030T,234167.0,234167.0,234167.0,234167.0,0
20121031T,251773.0,251773.0,251773.0,251773.0,0
20121101T,258157.0,258157.0,258157.0,258157.0,0
20121102T,272844.0,272844.0,272844.0,272844.0,0
20121105T,262529.0,262529.0,262529.0,262529.0,0
20121106T,270727.0,270727.0,270727.0,270727.0,0
20121107T,280129.0,280129.0,280129.0,280129.0,0
20121108T,281087.0,281087.0,281087.0,281087.0,0
20121109T,255974.0,255974.0,255974.0,255974.0,0
20121112T,243540.0,243540.0,243540.0,243540.0,0
20121113T,244985.0,244985.0,244985.0,244985.0,0
20121115T,228637.0,228637.0,228637.0,228637.0,0
20121116T,240711.0,240711.0,240711.0,240711.0,0
20121119T,230809.0,230809.0,230809.0,230809.0,0
20121120T,231157.0,231157.0,231157.0,231157.0,0
20121121T,267083.0,267083.0,267083.0,267083.0,0
20121122T,281832.0,281832.0,281832.0,281832.0,0
20121123T,267808.0,267808.0,267808.0,267808.0,0
20121126T,282688.0,282688.0,282688.0,282688.0,0
20121127T,290311.0,290311.0,290311.0,290311.0,0
20121129T,206519.0,206519.0,206519.0,206519.0,0
20121130T,248304.0,248304.0,248304.0,248304.0,0
20121203T,265724.0,265724.0,265724.0,265724.0,0
20121204T,291273.0,291273.0,291273.0,291273.0,0
20121205T,296121.0,296121.0,296121.0,296121.0,0
20121206T,290646.0,290646.0,290646.0,290646.0,0
20121207T,275646.0,275646.0,275646.0,275646.0,0
20121210T,289112.0,289112.0,289112.0,289112.0,0
20121211T,289357.0,289357.0,289357.0,289357.0,0
20121212T,281571.0,281571.0,281571.0,281571.0,0
20121213T,261158.0,261158.0,261158.0,261158.0,0
20121214T,252479.0,252479.0,252479.0,252479.0,0
20121217T,252839.0,252839.0,252839.0,252839.0,0
20121218T,273222.0,273222.0,273222.0,273222.0,0
20121219T,275629.0,275629.0,275629.0,275629.0,0
20121220T,277349.0,277349.0,277349.0,277349.0,0
20121221T,247551.0,247551.0,247551.0,247551.0,0
20121224T,238509.0,238509.0,238509.0,238509.0,0
20121226T,242428.0,242428.0,242428.0,242428.0,0
20121227T,195708.0,195708.0,195708.0,195708.0,0
20121228T,222891.0,222891.0,222891.0,222891.0,0
20121231T,238310.0,238310.0,238310.0,238310.0,0
20130101T,248725.0,248725.0,248725.0,248725.0,0
20130102T,255085.0,255085.0,255085.0,255085.0,0
20130103T,279633.0,279633.0,279633.0,279633.0,0
20130104T,268322.0,268322.0,268322.0,268322.0,0
20130107T,263800.0,263800.0,263800.0,263800.0,0
20130108T,255300.0,255300.0,255300.0,255300.0,0
20130109T,255785.0,255785.0,255785.0,255785.0,0
20130110T,244410.0,244410.0,244410.0,244410.0,0
20130111T,248183.0,248183.0,248183.0,248183.0,0
20130114T,264619.0,264619.0,264619.0,264619.0,0
20130115T,292261.0,292261.0,292261.0,292261.0,0
20130116T,267654.0,267654.0,267654.0,267654.0,0
20130117T,289827.0,289827.0,289827.0,289827.0,0
20130118T,299860.0,299860.0,299860.0,299860.0,0
20130121T,306071.0,306071.0,306071.0,306071.0,0
20130122T,288440.0,288440.0,288440.0,288440.0,0
20130123T,274241.0,274241.0,274241.0,274241.0,0
20130124T,271743.0,271743.0,271743.0,271743.0,0
20130125T,280550.0,280550.0,280550.0,280550.0,0
20130128T,291418.0,291418.0,291418.0,291418.0,0
20130129T,266500.0,266500.0,266500.0,266500.0,0
20130130T,271069.0,271069.0,271069.0,271069.0,0
20130131T,179413.0,179413.0,179413.0,179413.0,0
20130201T,197775.0,197775.0,197775.0,197775.0,0
20130204T,225746.0,225746.0,225746.0,225746.0,0
20130205T,188639.0,188639.0,188639.0,188639.0,0
20130206T,205460.0,205460.0,205460.0,205460.0,0
20130207T,203170.0,203170.0,203170.0,203170.0,0
20130208T,199002.0,199002.0,199002.0,199002.0,0
20130211T,201013.0,201013.0,201013.0,201013.0,0
20130212T,211777.0,211777.0,211777.0,211777.0,0
20130213T,223701.0,223701.0,223701.0,223701.0,0
20130214T,208114.0,208114.0,208114.0,208114.0,0
20130215T,217948.0,217948.0,217948.0,217948.0,0
20130218T,232929.0,232929.0,232929.0,232929.0,0
20130219T,250811.0,250811.0,250811.0,250811.0,0
20130220T,254428.0,254428.0,254428.0,254428.0,0
20130221T,248237.0,248237.0,248237.0,248237.0,0
20130222T,239405.0,239405.0,239405.0,239405.0,0
20130225T,250833.0,250833.0,250833.0,250833.0,0
20130226T,243262.0,243262.0,243262.0,243262.0,0
20130227T,288715.0,288715.0,288715.0,288715.0,0
20130228T,180379.0,180379.0,180379.0,180379.0,0
20130301T,190931.0,190931.0,190931.0,190931.0,0
20130304T,201483.0,201483.0,201483.0,201483.0,0
20130305T,235232.0,235232.0,235232.0,235232.0,0
20130306T,245621.0,245621.0,245621.0,245621.0,0
20130307T,260055.0,260055.0,260055.0,260055.0,0
20130308T,273335.0,273335.0,273335.0,273335.0,0
20130311T,260040.0,260040.0,260040.0,260040.0,0
20130312T,255541.0,255541.0,255541.0,255541.0,0
20130313T,242379.0,242379.0,242379.0,242379.0,0
20130314T,238071.0,238071.0,238071.0,238071.0,0
20130315T,220076.0,220076.0,220076.0,220076.0,0
20130318T,215559.0,215559.0,215559.0,215559.0,0
20130319T,224329.0,224329.0,224329.0,224329.0,0
20130320T,242306.0,242306.0,242306.0,242306.0,0
20130321T,253943.0,253943.0,253943.0,253943.0,0
20130322T,251352.0,251352.0,251352.0,251352.0,0
20130325T,269193.0,269193.0,269193.0,269193.0,0
20130326T,252963.0,252963.0,252963.0,252963.0,0
20130328T,160642.0,160642.0,160642.0,160642.0,0
20130401T,185848.0,185848.0,185848.0,185848.0,0
20130402T,200868.0,200868.0,200868.0,200868.0,0
20130403T,198610.0,198610.0,198610.0,198610.0,0
20130404T,189463.0,189463.0,189463.0,189463.0,0
20130405T,199737.0,199737.0,199737.0,199737.0,0
20130408T,204450.0,204450.0,204450.0,204450.0,0
20130409T,220652.0,220652.0,220652.0,220652.0,0
20130410T,227016.0,227016.0,227016.0,227016.0,0
20130411T,246076.0,246076.0,246076.0,246076.0,0
20130412T,223512.0,223512.0,223512.0,223512.0,0
20130415T,249193.0,249193.0,249193.0,249193.0,0
20130416T,284870.0,284870.0,284870.0,284870.0,0
20130417T,280674.0,280674.0,280674.0,280674.0,0
20130418T,284819.0,284819.0,284819.0,284819.0,0
20130422T,256421.0,256421.0,256421.0,256421.0,0
20130423T,267021.0,267021.0,267021.0,267021.0,0
20130425T,230093.0,230093.0,230093.0,230093.0,0
20130426T,224838.0,224838.0,224838.0,224838.0,0
20130429T,233148.0,233148.0,233148.0,233148.0,0
20130430T,245889.0,245889.0,245889.0,245889.0,0
20130502T,279962.0,279962.0,279962.0,279962.0,0
20130503T,253999.0,253999.0,253999.0,253999.0,0
20130506T,260719.0,260719.0,260719.0,260719.0,0
20130507T,287270.0,287270.0,287270.0,287270.0,0
20130508T,293971.0,293971.0,293971.0,293971.0,0
20130509T,286271.0,286271.0,286271.0,286271.0,0
20130510T,292806.0,292806.0,292806.0,292806.0,0
20130513T,282468.0,282468.0,282468.0,282468.0,0
20130514T,273083.0,273083.0,273083.0,273083.0,0
20130515T,287065.0,287065.0,287065.0,287065.0,0
20130516T,286254.0,286254.0,286254.0,286254.0,0
20130517T,267862.0,267862.0,267862.0,267862.0,0
20130520T,246360.0,246360.0,246360.0,246360.0,0
20130521T,231619.0,231619.0,231619.0,231619.0,0
20130522T,233180.0,233180.0,233180.0,233180.0,0
20130523T,256309.0,256309.0,256309.0,256309.0,0
20130524T,255870.0,255870.0,255870.0,255870.0,0
20130527T,281725.0,281725.0,281725.0,281725.0,0
20130528T,261401.0,261401.0,261401.0,261401.0,0
20130529T,264468.0,264468.0,264468.0,264468.0,0
20130530T,211280.0,211280.0,211280.0,211280.0,0
20130531T,192663.0,192663.0,192663.0,192663.0,0
20130603T,200457.0,200457.0,200457.0,200457.0,0
20130604T,201800.0,201800.0,201800.0,201800.0,0
20130605T,205152.0,205152.0,205152.0,205152.0,0
20130606T,203160.0,203160.0,203160.0,203160.0,0
20130607T,208594.0,208594.0,208594.0,208594.0,0
20130610T,202374.0,202374.0,202374.0,202374.0,0
20130611T,194200.0,194200.0,194200.0,194200.0,0
20130612T,210617.0,210617.0,210617.0,210617.0,0
20130613T,221753.0,221753.0,221753.0,221753.0,0
20130614T,214378.0,214378.0,214378.0,214378.0,0
20130617T,224565.0,224565.0,224565.0,224565.0,0
20130618T,234198.0,234198.0,234198.0,234198.0,0
20130619T,240450.0,240450.0,240450.0,240450.0,0
20130620T,240748.0,240748.0,240748.0,240748.0,0
20130621T,267861.0,267861.0,267861.0,267861.0,0
20130624T,261530.0,261530.0,261530.0,261530.0,0
20130625T,256193.0,256193.0,256193.0,256193.0,0
20130626T,254936.0,254936.0,254936.0,254936.0,0
20130627T,179262.0,179262.0,179262.0,179262.0,0
20130628T,188861.0,188861.0,188861.0,188861.0,0
20130701T,199689.0,199689.0,199689.0,199689.0,0
20130702T,187847.0,187847.0,187847.0,187847.0,0
20130703T,196825.0,196825.0,196825.0,196825.0,0
20130704T,221230.0,221230.0,221230.0,221230.0,0
20130705T,219705.0,219705.0,219705.0,219705.0,0
20130708T,217571.0,217571.0,217571.0,217571.0,0
20130709T,225876.0,225876.0,225876.0,225876.0,0
20130710T,232898.0,232898.0,232898.0,232898.0,0
20130711T,241055.0,241055.0,241055.0,241055.0,0
20130712T,249766.0,249766.0,249766.0,249766.0,0
20130715T,233306.0,233306.0,233306.0,233306.0,0
20130716T,231299.0,231299.0,231299.0,231299.0,0
20130717T,235373.0,235373.0,235373.0,235373.0,0
20130718T,243688.0,243688.0,243688.0,243688.0,0
20130719T,236706.0,236706.0,236706.0,236706.0,0
20130722T,233180.0,233180.0,233180.0,233180.0,0
20130723T,231333.0,231333.0,231333.0,231333.0,0
20130724T,209706.0,209706.0,209706.0,209706.0,0
20130725T,171205.0,171205.0,171205.0,171205.0,0
20130726T,185231.0,185231.0,185231.0,185231.0,0
20130729T,184102.0,184102.0,184102.0,184102.0,0
20130730T,175307.0,175307.0,175307.0,175307.0,0
20130731T,174917.0,174917.0,174917.0,174917.0,0
20130801T,195433.0,195433.0,195433.0,195433.0,0
20130802T,203761.0,203761.0,203761.0,203761.0,0
20130805T,218423.0,218423.0,218423.0,218423.0,0
20130806T,218357.0,218357.0,218357.0,218357.0,0
20130807T,232533.0,232533.0,232533.0,232533.0,0
20130808T,244724.0,244724.0,244724.0,244724.0,0
20130812T,255092.0,255092.0,255092.0,255092.0,0
20130813T,246125.0,246125.0,246125.0,246125.0,0
20130814T,230963.0,230963.0,230963.0,230963.0,0
20130816T,273018.0,273018.0,273018.0,273018.0,0
20130819T,277031.0,277031.0,277031.0,277031.0,0
20130820T,314847.0,314847.0,314847.0,314847.0,0
20130821T,341446.0,341446.0,341446.0,341446.0,0
20130822T,0.0,0.0,0.0,0.0,0
20130823T,384854.0,384854.0,384854.0,384854.0,0
20130826T,330201.0,330201.0,330201.0,330201.0,0
20130827T,332054.0,332054.0,332054.0,332054.0,0
20130828T,344634.0,344634.0,344634.0,344634.0,0
20130829T,211912.0,211912.0,211912.0,211912.0,0
20130830T,230497.0,230497.0,230497.0,230497.0,0
20130902T,241759.0,241759.0,241759.0,241759.0,0
20130903T,211351.0,211351.0,211351.0,211351.0,0
20130904T,237779.0,237779.0,237779.0,237779.0,0
20130905T,270489.0,270489.0,270489.0,270489.0,0
20130906T,294712.0,294712.0,294712.0,294712.0,0
20130910T,310200.0,310200.0,310200.0,310200.0,0
20130911T,294493.0,294493.0,294493.0,294493.0,0
20130912T,281021.0,281021.0,281021.0,281021.0,0
20130913T,274176.0,274176.0,274176.0,274176.0,0
20130916T,259707.0,259707.0,259707.0,259707.0,0
20130917T,262629.0,262629.0,262629.0,262629.0,0
20130918T,276928.0,276928.0,276928.0,276928.0,0
20130919T,303528.0,303528.0,303528.0,303528.0,0
20130920T,283986.0,283986.0,283986.0,283986.0,0
20130923T,284852.0,284852.0,284852.0,284852.0,0
20130924T,277754.0,277754.0,277754.0,277754.0,0
20130925T,267544.0,267544.0,267544.0,267544.0,0
20130926T,204464.0,204464.0,204464.0,204464.0,0
20130927T,196560.0,196560.0,196560.0,196560.0,0
20130930T,207190.0,207190.0,207190.0,207190.0,0
20131001T,229810.0,229810.0,229810.0,229810.0,0
20131003T,246661.0,246661.0,246661.0,246661.0,0
20131004T,245354.0,245354.0,245354.0,245354.0,0
20131007T,250434.0,250434.0,250434.0,250434.0,0
20131008T,239177.0,239177.0,239177.0,239177.0,0
20131010T,254784.0,254784.0,254784.0,254784.0,0
20131011T,267347.0,267347.0,267347.0,267347.0,0
20131014T,278572.0,278572.0,278572.0,278572.0,0
20131015T,292108.0,292108.0,292108.0,292108.0,0
20131017T,258453.0,258453.0,258453.0,258453.0,0
20131018T,277048.0,277048.0,277048.0,277048.0,0
20131021T,281144.0,281144.0,281144.0,281144.0,0
20131022T,285675.0,285675.0,285675.0,285675.0,0
20131023T,278775.0,278775.0,278775.0,278775.0,0
20131024T,292106.0,292106.0,292106.0,292106.0,0
20131025T,283267.0,283267.0,283267.0,283267.0,0
20131028T,280721.0,280721.0,280721.0,280721.0,0
20131029T,293084.0,293084.0,293084.0,293084.0,0
20131030T,288834.0,288834.0,288834.0,288834.0,0
20131031T,215910.0,215910.0,215910.0,215910.0,0
20131101T,249162.0,249162.0,249162.0,249162.0,0
20131105T,237637.0,237637.0,237637.0,237637.0,0
20131106T,218713.0,218713.0,218713.0,218713.0,0
20131107T,236805.0,236805.0,236805.0,236805.0,0
20131108T,214557.0,214557.0,214557.0,214557.0,0
20131111T,218396.0,218396.0,218396.0,218396.0,0
20131112T,217763.0,217763.0,217763.0,217763.0,0
20131113T,218034.0,218034.0,218034.0,218034.0,0
20131114T,223019.0,223019.0,223019.0,223019.0,0
20131118T,254511.0,254511.0,254511.0,254511.0,0
20131119T,247880.0,247880.0,247880.0,247880.0,0
20131120T,218059.0,218059.0,218059.0,218059.0,0
20131121T,222805.0,222805.0,222805.0,222805.0,0
20131122T,230066.0,230066.0,230066.0,230066.0,0
20131125T,232759.0,232759.0,232759.0,232759.0,0
20131126T,218606.0,218606.0,218606.0,218606.0,0
20131127T,227980.0,227980.0,227980.0,227980.0,0
20131128T,142026.0,142026.0,142026.0,142026.0,0
20131129T,172445.0,172445.0,172445.0,172445.0,0
20131202T,196685.0,196685.0,196685.0,196685.0,0
20131203T,221627.0,221627.0,221627.0,221627.0,0
20131204T,208846.0,208846.0,208846.0,208846.0,0
20131205T,220963.0,220963.0,220963.0,220963.0,0
20131206T,255862.0,255862.0,255862.0,255862.0,0
20131209T,229969.0,229969.0,229969.0,229969.0,0
20131210T,207773.0,207773.0,207773.0,207773.0,0
20131211T,205569.0,205569.0,205569.0,205569.0,0
20131212T,195690.0,195690.0,195690.0,195690.0,0
20131213T,187017.0,187017.0,187017.0,187017.0,0
20131216T,193072.0,193072.0,193072.0,193072.0,0
20131217T,206290.0,206290.0,206290.0,206290.0,0
20131218T,249086.0,249086.0,249086.0,249086.0,0
20131219T,236769.0,236769.0,236769.0,236769.0,0
20131220T,252708.0,252708.0,252708.0,252708.0,0
20131223T,251137.0,251137.0,251137.0,251137.0,0
20131224T,244344.0,244344.0,244344.0,244344.0,0
20131226T,180719.0,180719.0,180719.0,180719.0,0
20131227T,193258.0,193258.0,193258.0,193258.0,0
20131230T,221054.0,221054.0,221054.0,221054.0,0
20131231T,224261.0,224261.0,224261.0,224261.0,0
20140101T,231991.0,231991.0,231991.0,231991.0,0
20140102T,238151.0,238151.0,238151.0,238151.0,0
20140103T,226875.0,226875.0,226875.0,226875.0,0
20140106T,229867.0,229867.0,229867.0,229867.0,0
20140107T,239409.0,239409.0,239409.0,239409.0,0
20140108T,236144.0,236144.0,236144.0,236144.0,0
20140109T,253591.0,253591.0,253591.0,253591.0,0
20140110T,264655.0,264655.0,264655.0,264655.0,0
20140113T,282609.0,282609.0,282609.0,282609.0,0
20140114T,278411.0,278411.0,278411.0,278411.0,0
20140115T,292671.0,292671.0,292671.0,292671.0,0
20140116T,276130.0,276130.0,276130.0,276130.0,0
20140117T,247344.0,247344.0,247344.0,247344.0,0
20140120T,261519.0,261519.0,261519.0,261519.0,0
20140121T,275207.0,275207.0,275207.0,275207.0,0
20140122T,294337.0,294337.0,294337.0,294337.0,0
20140123T,307536.0,307536.0,307536.0,307536.0,0
20140124T,256495.0,256495.0,256495.0,256495.0,0
20140127T,260546.0,260546.0,260546.0,260546.0,0
20140128T,273475.0,273475.0,273475.0,273475.0,0
20140129T,265234.0,265234.0,265234.0,265234.0,0
20140130T,165397.0,165397.0,165397.0,165397.0,0
20140131T,184232.0,184232.0,184232.0,184232.0,0
20140203T,184130.0,184130.0,184130.0,184130.0,0
20140204T,207902.0,207902.0,207902.0,207902.0,0
20140205T,212265.0,212265.0,212265.0,212265.0,0
20140206T,234015.0,234015.0,234015.0,234015.0,0
20140207T,242228.0,242228.0,242228.0,242228.0,0
20140210T,250839.0,250839.0,250839.0,250839.0,0
20140211T,250652.0,250652.0,250652.0,250652.0,0
20140212T,255591.0,255591.0,255591.0,255591.0,0
20140213T,243805.0,243805.0,243805.0,243805.0,0
20140214T,244054.0,244054.0,244054.0,244054.0,0
20140217T,264140.0,264140.0,264140.0,264140.0,0
20140218T,275633.0,275633.0,275633.0,275633.0,0
20140219T,294209.0,294209.0,294209.0,294209.0,0
20140220T,266668.0,266668.0,266668.0,266668.0,0
20140221T,269016.0,269016.0,269016.0,269016.0,0
20140225T,267138.0,267138.0,267138.0,267138.0,0
20140226T,199020.0,199020.0,199020.0,199020.0,0
20140228T,219197.0,219197.0,219197.0,219197.0,0
20140303T,236320.0,236320.0,236320.0,236320.0,0
20140304T,258537.0,258537.0,258537.0,258537.0,0
20140305T,283128.0,283128.0,283128.0,283128.0,0
20140306T,270512.0,270512.0,270512.0,270512.0,0
20140307T,285780.0,285780.0,285780.0,285780.0,0
20140310T,292892.0,292892.0,292892.0,292892.0,0
20140311T,275900.0,275900.0,275900.0,275900.0,0
20140312T,280916.0,280916.0,280916.0,280916.0,0
20140313T,269968.0,269968.0,269968.0,269968.0,0
20140314T,259885.0,259885.0,259885.0,259885.0,0
20140318T,267011.0,267011.0,267011.0,267011.0,0
20140319T,275231.0,275231.0,275231.0,275231.0,0
20140320T,267226.0,267226.0,267226.0,267226.0,0
20140321T,248720.0,248720.0,248720.0,248720.0,0
20140324T,260535.0,260535.0,260535.0,260535.0,0
20140325T,248374.0,248374.0,248374.0,248374.0,0
20140326T,231826.0,231826.0,231826.0,231826.0,0
20140327T,174108.0,174108.0,174108.0,174108.0,0
20140328T,194248.0,194248.0,194248.0,194248.0,0
20140331T,191028.0,191028.0,191028.0,191028.0,0
20140401T,188558.0,188558.0,188558.0,188558.0,0
20140402T,212504.0,212504.0,212504.0,212504.0,0
20140403T,219666.0,219666.0,219666.0,219666.0,0
20140404T,210224.0,210224.0,210224.0,210224.0,0
20140407T,193249.0,193249.0,193249.0,193249.0,0
20140409T,208007.0,208007.0,208007.0,208007.0,0
20140410T,204216.0,204216.0,204216.0,204216.0,0
20140411T,195840.0,195840.0,195840.0,195840.0,0
20140415T,200863.0,200863.0,200863.0,200863.0,0
20140416T,199629.0,199629.0,199629.0,199629.0,0
20140417T,204638.0,204638.0,204638.0,204638.0,0
20140421T,202813.0,202813.0,202813.0,202813.0,0
20140422T,196864.0,196864.0,196864.0,196864.0,0
20140423T,132946.0,132946.0,132946.0,132946.0,0
20140425T,140681.0,140681.0,140681.0,140681.0,0
20140428T,162661.0,162661.0,162661.0,162661.0,0
20140429T,166220.0,166220.0,166220.0,166220.0,0
20140430T,170466.0,170466.0,170466.0,170466.0,0
20140502T,174272.0,174272.0,174272.0,174272.0,0
20140505T,182148.0,182148.0,182148.0,182148.0,0
20140506T,184314.0,184314.0,184314.0,184314.0,0
20140507T,191923.0,191923.0,191923.0,191923.0,0
20140508T,190837.0,190837.0,190837.0,190837.0,0
20140509T,239344.0,239344.0,239344.0,239344.0,0
20140512T,228517.0,228517.0,228517.0,228517.0,0
20140513T,228319.0,228319.0,228319.0,228319.0,0
20140514T,233540.0,233540.0,233540.0,233540.0,0
20140515T,276235.0,276235.0,276235.0,276235.0,0
20140516T,235686.0,235686.0,235686.0,235686.0,0
20140519T,232290.0,232290.0,232290.0,232290.0,0
20140520T,217942.0,217942.0,217942.0,217942.0,0
20140521T,212074.0,212074.0,212074.0,212074.0,0
20140522T,217131.0,217131.0,217131.0,217131.0,0
20140523T,236844.0,236844.0,236844.0,236844.0,0
20140526T,256479.0,256479.0,256479.0,256479.0,0
20140527T,255170.0,255170.0,255170.0,255170.0,0
20140528T,254374.0,254374.0,254374.0,254374.0,0
20140529T,137737.0,137737.0,137737.0,137737.0,0
20140530T,148502.0,148502.0,148502.0,148502.0,0
20140602T,176487.0,176487.0,176487.0,176487.0,0
20140603T,212942.0,212942.0,212942.0,212942.0,0
20140604T,211454.0,211454.0,211454.0,211454.0,0
20140605T,230939.0,230939.0,230939.0,230939.0,0
20140606T,236637.0,236637.0,236637.0,236637.0,0
20140609T,243751.0,243751.0,243751.0,243751.0,0
20140610T,241263.0,241263.0,241263.0,241263.0,0
20140611T,233126.0,233126.0,233126.0,233126.0,0
20140612T,227280.0,227280.0,227280.0,227280.0,0
20140613T,208091.0,208091.0,208091.0,208091.0,0
20140616T,204837.0,204837.0,204837.0,204837.0,0
20140617T,215160.0,215160.0,215160.0,215160.0,0
20140618T,234354.0,234354.0,234354.0,234354.0,0
20140619T,225111.0,225111.0,225111.0,225111.0,0
20140620T,221737.0,221737.0,221737.0,221737.0,0
20140623T,222964.0,222964.0,222964.0,222964.0,0
20140624T,235332.0,235332.0,235332.0,235332.0,0
20140625T,214586.0,214586.0,214586.0,214586.0,0
20140626T,143606.0,143606.0,143606.0,143606.0,0
20140627T,152492.0,152492.0,152492.0,152492.0,0
20140630T,175360.0,175360.0,175360.0,175360.0,0
20140701T,180878.0,180878.0,180878.0,180878.0,0
20140702T,183066.0,183066.0,183066.0,183066.0,0
20140703T,189318.0,189318.0,189318.0,189318.0,0
20140704T,201533.0,201533.0,201533.0,201533.0,0
20140707T,210388.0,210388.0,210388.0,210388.0,0
20140708T,184100.0,184100.0,184100.0,184100.0,0
20140709T,193889.0,193889.0,193889.0,193889.0,0
20140710T,206770.0,206770.0,206770.0,206770.0,0
20140711T,193403.0,193403.0,193403.0,193403.0,0
20140714T,180590.0,180590.0,180590.0,180590.0,0
20140715T,196457.0,196457.0,196457.0,196457.0,0
20140716T,218426.0,218426.0,218426.0,218426.0,0
20140718T,226331.0,226331.0,226331.0,226331.0,0
20140721T,218560.0,218560.0,218560.0,218560.0,0
20140722T,257624.0,257624.0,257624.0,257624.0,0
20140723T,252012.0,252012.0,252012.0,252012.0,0
20140724T,265126.0,265126.0,265126.0,265126.0,0
20140725T,217532.0,217532.0,217532.0,217532.0,0
20140728T,223127.0,223127.0,223127.0,223127.0,0
20140730T,191329.0,191329.0,191329.0,191329.0,0
20140731T,130482.0,130482.0,130482.0,130482.0,0
20140801T,141316.0,141316.0,141316.0,141316.0,0
20140804T,179653.0,179653.0,179653.0,179653.0,0
20140805T,201165.0,201165.0,201165.0,201165.0,0
20140806T,203366.0,203366.0,203366.0,203366.0,0
20140807T,184002.0,184002.0,184002.0,184002.0,0
20140808T,159536.0,159536.0,159536.0,159536.0,0
20140811T,180328.0,180328.0,180328.0,180328.0,0
20140812T,200164.0,200164.0,200164.0,200164.0,0
20140813T,205147.0,205147.0,205147.0,205147.0,0
20140814T,210972.0,210972.0,210972.0,210972.0,0
20140818T,229625.0,229625.0,229625.0,229625.0,0
20140819T,242706.0,242706.0,242706.0,242706.0,0
20140820T,237329.0,237329.0,237329.0,237329.0,0
20140821T,257151.0,257151.0,257151.0,257151.0,0
20140822T,267762.0,267762.0,267762.0,267762.0,0
20140825T,253325.0,253325.0,253325.0,253325.0,0
20140826T,231773.0,231773.0,231773.0,231773.0,0
20140827T,245440.0,245440.0,245440.0,245440.0,0
20140828T,154993.0,154993.0,154993.0,154993.0,0
20140901T,184127.0,184127.0,184127.0,184127.0,0
20140902T,208772.0,208772.0,208772.0,208772.0,0
20140903T,212744.0,212744.0,212744.0,212744.0,0
20140904T,212109.0,212109.0,212109.0,212109.0,0
20140905T,199925.0,199925.0,199925.0,199925.0,0
20140908T,219868.0,219868.0,219868.0,219868.0,0
20140909T,217839.0,217839.0,217839.0,217839.0,0
20140910T,217180.0,217180.0,217180.0,217180.0,0
20140911T,216678.0,216678.0,216678.0,216678.0,0
20140912T,227189.0,227189.0,227189.0,227189.0,0
20140915T,207085.0,207085.0,207085.0,207085.0,0
20140916T,209373.0,209373.0,209373.0,209373.0,0
20140917T,207915.0,207915.0,207915.0,207915.0,0
20140918T,218197.0,218197.0,218197.0,218197.0,0
20140919T,207972.0,207972.0,207972.0,207972.0,0
20140922T,208317.0,208317.0,208317.0,208317.0,0
20140923T,194787.0,194787.0,194787.0,194787.0,0
20140924T,196396.0,196396.0,196396.0,196396.0,0
20140925T,128655.0,128655.0,128655.0,128655.0,0
20140926T,149337.0,149337.0,149337.0,149337.0,0
20140929T,154780.0,154780.0,154780.0,154780.0,0
20140930T,167517.0,167517.0,167517.0,167517.0,0
20141001T,162747.0,162747.0,162747.0,162747.0,0
20141007T,151632.0,151632.0,151632.0,151632.0,0
20141008T,179492.0,179492.0,179492.0,179492.0,0
20141009T,181911.0,181911.0,181911.0,181911.0,0
20141010T,176514.0,176514.0,176514.0,176514.0,0
20141013T,197502.0,197502.0,197502.0,197502.0,0
20141014T,209944.0,209944.0,209944.0,209944.0,0
20141016T,212545.0,212545.0,212545.0,212545.0,0
20141017T,222267.0,222267.0,222267.0,222267.0,0
20141020T,221005.0,221005.0,221005.0,221005.0,0
20141021T,240140.0,240140.0,240140.0,240140.0,0
20141022T,247197.0,247197.0,247197.0,247197.0,0
20141023T,249422.0,249422.0,249422.0,249422.0,0
20141027T,246466.0,246466.0,246466.0,246466.0,0
20141028T,248336.0,248336.0,248336.0,248336.0,0
20141029T,257753.0,257753.0,257753.0,257753.0,0
20141030T,195022.0,195022.0,195022.0,195022.0,0
20141031T,446633.0,446633.0,446633.0,446633.0,0
20141103T,443372.0,443372.0,443372.0,443372.0,0
20141105T,434535.0,434535.0,434535.0,434535.0,0
20141107T,456946.0,456946.0,456946.0,456946.0,0
20141110T,429457.0,429457.0,429457.0,429457.0,0
20141111T,425688.0,425688.0,425688.0,425688.0,0
20141112T,439857.0,439857.0,439857.0,439857.0,0
20141113T,433896.0,433896.0,433896.0,433896.0,0
20141114T,491698.0,491698.0,491698.0,491698.0,0
20141117T,519102.0,519102.0,519102.0,519102.0,0
20141118T,500330.0,500330.0,500330.0,500330.0,0
20141119T,468180.0,468180.0,468180.0,468180.0,0
20141120T,466781.0,466781.0,466781.0,466781.0,0
20141121T,463093.0,463093.0,463093.0,463093.0,0
20141124T,442522.0,442522.0,442522.0,442522.0,0
20141125T,415881.0,415881.0,415881.0,415881.0,0
20141126T,422660.0,422660.0,422660.0,422660.0,0
20141127T,259311.0,259311.0,259311.0,259311.0,0
20141128T,292357.0,292357.0,292357.0,292357.0,0
20141201T,289565.0,289565.0,289565.0,289565.0,0
20141202T,270307.0,270307.0,270307.0,270307.0,0
20141203T,297412.0,297412.0,297412.0,297412.0,0
20141204T,304094.0,304094.0,304094.0,304094.0,0
20141205T,284047.0,284047.0,284047.0,284047.0,0
20141208T,260784.0,260784.0,260784.0,260784.0,0
20141209T,272549.0,272549.0,272549.0,272549.0,0
20141210T,307719.0,307719.0,307719.0,307719.0,0
20141211T,308468.0,308468.0,308468.0,308468.0,0
20141212T,299338.0,299338.0,299338.0,299338.0,0
20141215T,283891.0,283891.0,283891.0,283891.0,0
20141216T,349776.0,349776.0,349776.0,349776.0,0
20141217T,361861.0,361861.0,361861.0,361861.0,0
20141218T,373330.0,373330.0,373330.0,373330.0,0
20141219T,366428.0,366428.0,366428.0,366428.0,0
20141222T,374844.0,374844.0,374844.0,374844.0,0
20141223T,354356.0,354356.0,354356.0,354356.0,0
20141224T,212099.0,212099.0,212099.0,212099.0,0
20141226T,241685.0,241685.0,241685.0,241685.0,0
20141229T,266947.0,266947.0,266947.0,266947.0,0
20141230T,296385.0,296385.0,296385.0,296385.0,0
20141231T,318694.0,318694.0,318694.0,318694.0,0
20150101T,336390.0,336390.0,336390.0,336390.0,0
20150102T,327496.0,327496.0,327496.0,327496.0,0
20150105T,339785.0,339785.0,339785.0,339785.0,0
20150106T,354490.0,354490.0,354490.0,354490.0,0
20150107T,395556.0,395556.0,395556.0,395556.0,0
20150108T,390300.0,390300.0,390300.0,390300.0,0
20150109T,372446.0,372446.0,372446.0,372446.0,0
20150112T,380387.0,380387.0,380387.0,380387.0,0
20150113T,414250.0,414250.0,414250.0,414250.0,0
20150114T,420378.0,420378.0,420378.0,420378.0,0
20150115T,475823.0,475823.0,475823.0,475823.0,0
20150116T,449428.0,449428.0,449428.0,449428.0,0
20150119T,478603.0,478603.0,478603.0,478603.0,0
20150120T,482975.0,482975.0,482975.0,482975.0,0
20150121T,408211.0,408211.0,408211.0,408211.0,0
20150122T,453855.0,453855.0,453855.0,453855.0,0
20150123T,407152.0,407152.0,407152.0,407152.0,0
20150127T,428869.0,428869.0,428869.0,428869.0,0
20150128T,393669.0,393669.0,393669.0,393669.0,0
20150129T,244785.0,244785.0,244785.0,244785.0,0
20150130T,268166.0,268166.0,268166.0,268166.0,0
20150202T,304492.0,304492.0,304492.0,304492.0,0
20150203T,330811.0,330811.0,330811.0,330811.0,0
20150204T,328141.0,328141.0,328141.0,328141.0,0
20150205T,322564.0,322564.0,322564.0,322564.0,0
20150206T,330490.0,330490.0,330490.0,330490.0,0
20150209T,313041.0,313041.0,313041.0,313041.0,0
20150210T,335113.0,335113.0,335113.0,335113.0,0
20150211T,338663.0,338663.0,338663.0,338663.0,0
20150212T,368323.0,368323.0,368323.0,368323.0,0
20150213T,367318.0,367318.0,367318.0,367318.0,0
20150216T,378068.0,378068.0,378068.0,378068.0,0
20150218T,377359.0,377359.0,377359.0,377359.0,0
20150219T,415982.0,415982.0,415982.0,415982.0,0
20150220T,388074.0,388074.0,388074.0,388074.0,0
20150223T,402691.0,402691.0,402691.0,402691.0,0
20150224T,400904.0,400904.0,400904.0,400904.0,0
20150225T,391946.0,391946.0,391946.0,391946.0,0
20150226T,193389.0,193389.0,193389.0,193389.0,0
20150227T,284158.0,284158.0,284158.0,284158.0,0
20150302T,285627.0,285627.0,285627.0,285627.0,0
20150303T,301282.0,301282.0,301282.0,301282.0,0
20150304T,283457.0,283457.0,283457.0,283457.0,0
20150305T,279509.0,279509.0,279509.0,279509.0,0
20150309T,283297.0,283297.0,283297.0,283297.0,0
20150310T,285952.0,285952.0,285952.0,285952.0,0
20150311T,291764.0,291764.0,291764.0,291764.0,0
20150312T,282204.0,282204.0,282204.0,282204.0,0
20150313T,280682.0,280682.0,280682.0,280682.0,0
20150316T,279129.0,279129.0,279129.0,279129.0,0
20150317T,335764.0,335764.0,335764.0,335764.0,0
20150318T,340893.0,340893.0,340893.0,340893.0,0
20150319T,338060.0,338060.0,338060.0,338060.0,0
20150320T,304258.0,304258.0,304258.0,304258.0,0
20150323T,317019.0,317019.0,317019.0,317019.0,0
20150324T,319160.0,319160.0,319160.0,319160.0,0
20150325T,297293.0,297293.0,297293.0,297293.0,0
20150326T,206814.0,206814.0,206814.0,206814.0,0
20150327T,210122.0,210122.0,210122.0,210122.0,0
20150330T,239220.0,239220.0,239220.0,239220.0,0
20150331T,252908.0,252908.0,252908.0,252908.0,0
20150401T,263923.0,263923.0,263923.0,263923.0,0
20150406T,292137.0,292137.0,292137.0,292137.0,0
20150407T,294995.0,294995.0,294995.0,294995.0,0
20150408T,310623.0,310623.0,310623.0,310623.0,0
20150409T,334885.0,334885.0,334885.0,334885.0,0
20150410T,332278.0,332278.0,332278.0,332278.0,0
20150413T,331549.0,331549.0,331549.0,331549.0,0
20150415T,340143.0,340143.0,340143.0,340143.0,0
20150416T,321090.0,321090.0,321090.0,321090.0,0
20150417T,321282.0,321282.0,321282.0,321282.0,0
20150420T,321890.0,321890.0,321890.0,321890.0,0
20150421T,352867.0,352867.0,352867.0,352867.0,0
20150422T,417875.0,417875.0,417875.0,417875.0,0
20150423T,421622.0,421622.0,421622.0,421622.0,0
20150424T,433973.0,433973.0,433973.0,433973.0,0
20150427T,436909.0,436909.0,436909.0,436909.0,0
20150428T,396454.0,396454.0,396454.0,396454.0,0
20150429T,411336.0,411336.0,411336.0,411336.0,0
20150430T,234012.0,234012.0,234012.0,234012.0,0
20150504T,253904.0,253904.0,253904.0,253904.0,0
20150505T,253239.0,253239.0,253239.0,253239.0,0
20150506T,314324.0,314324.0,314324.0,314324.0,0
20150507T,304288.0,304288.0,304288.0,304288.0,0
20150508T,328123.0,328123.0,328123.0,328123.0,0
20150511T,338744.0,338744.0,338744.0,338744.0,0
20150512T,370779.0,370779.0,370779.0,370779.0,0
20150513T,389468.0,389468.0,389468.0,389468.0,0
20150514T,409064.0,409064.0,409064.0,409064.0,0
20150515T,411258.0,411258.0,411258.0,411258.0,0
20150518T,415148.0,415148.0,415148.0,415148.0,0
20150519T,432866.0,432866.0,432866.0,432866.0,0
20150520T,434103.0,434103.0,434103.0,434103.0,0
20150521T,401653.0,401653.0,401653.0,401653.0,0
20150522T,409149.0,409149.0,409149.0,409149.0,0
20150525T,381899.0,381899.0,381899.0,381899.0,0
20150526T,405234.0,405234.0,405234.0,405234.0,0
20150527T,387889.0,387889.0,387889.0,387889.0,0
20150528T,276222.0,276222.0,276222.0,276222.0,0
20150529T,331703.0,331703.0,331703.0,331703.0,0
20150601T,318440.0,318440.0,318440.0,318440.0,0
20150602T,332513.0,332513.0,332513.0,332513.0,0
20150603T,340626.0,340626.0,340626.0,340626.0,0
20150604T,349577.0,349577.0,349577.0,349577.0,0
20150605T,341624.0,341624.0,341624.0,341624.0,0
20150608T,341889.0,341889.0,341889.0,341889.0,0
20150609T,382249.0,382249.0,382249.0,382249.0,0
20150610T,395903.0,395903.0,395903.0,395903.0,0
20150611T,420065.0,420065.0,420065.0,420065.0,0
20150612T,430482.0,430482.0,430482.0,430482.0,0
20150615T,390360.0,390360.0,390360.0,390360.0,0
20150616T,397802.0,397802.0,397802.0,397802.0,0
20150617T,423648.0,423648.0,423648.0,423648.0,0
20150618T,405441.0,405441.0,405441.0,405441.0,0
20150619T,386752.0,386752.0,386752.0,386752.0,0
20150622T,400748.0,400748.0,400748.0,400748.0,0
20150623T,377582.0,377582.0,377582.0,377582.0,0
20150624T,358165.0,358165.0,358165.0,358165.0,0
20150625T,289611.0,289611.0,289611.0,289611.0,0
20150626T,314622.0,314622.0,314622.0,314622.0,0
20150629T,321418.0,321418.0,321418.0,321418.0,0
20150630T,359821.0,359821.0,359821.0,359821.0,0
20150701T,364556.0,364556.0,364556.0,364556.0,0
20150702T,367877.0,367877.0,367877.0,367877.0,0
20150703T,402488.0,402488.0,402488.0,402488.0,0
20150706T,382825.0,382825.0,382825.0,382825.0,0
20150707T,410231.0,410231.0,410231.0,410231.0,0
20150708T,389115.0,389115.0,389115.0,389115.0,0
20150709T,365022.0,365022.0,365022.0,365022.0,0
20150710T,354169.0,354169.0,354169.0,354169.0,0
20150713T,393271.0,393271.0,393271.0,393271.0,0
20150714T,374535.0,374535.0,374535.0,374535.0,0
20150715T,405260.0,405260.0,405260.0,405260.0,0
20150716T,410083.0,410083.0,410083.0,410083.0,0
20150717T,400233.0,400233.0,400233.0,400233.0,0
20150720T,390748.0,390748.0,390748.0,390748.0,0
20150721T,359519.0,359519.0,359519.0,359519.0,0
20150722T,399109.0,399109.0,399109.0,399109.0,0
20150723T,398496.0,398496.0,398496.0,398496.0,0
20150724T,402021.0,402021.0,402021.0,402021.0,0
20150727T,408336.0,408336.0,408336.0,408336.0,0
20150728T,415143.0,415143.0,415143.0,415143.0,0
20150729T,385018.0,385018.0,385018.0,385018.0,0
20150730T,258255.0,258255.0,258255.0,258255.0,0
20150731T,273332.0,273332.0,273332.0,273332.0,0
20150803T,280266.0,280266.0,280266.0,280266.0,0
20150804T,312313.0,312313.0,312313.0,312313.0,0
20150805T,338708.0,338708.0,338708.0,338708.0,0
20150806T,362211.0,362211.0,362211.0,362211.0,0
20150807T,346365.0,346365.0,346365.0,346365.0,0
20150810T,347695.0,347695.0,347695.0,347695.0,0
20150811T,322605.0,322605.0,322605.0,322605.0,0
20150812T,337340.0,337340.0,337340.0,337340.0,0
20150813T,369072.0,369072.0,369072.0,369072.0,0
20150814T,383081.0,383081.0,383081.0,383081.0,0
20150817T,363248.0,363248.0,363248.0,363248.0,0
20150818T,341719.0,341719.0,341719.0,341719.0,0
20150819T,391332.0,391332.0,391332.0,391332.0,0
20150820T,374804.0,374804.0,374804.0,374804.0,0
20150821T,383918.0,383918.0,383918.0,383918.0,0
20150824T,473642.0,473642.0,473642.0,473642.0,0
20150825T,466555.0,466555.0,466555.0,466555.0,0
20150826T,441988.0,441988.0,441988.0,441988.0,0
20150827T,232562.0,232562.0,232562.0,232562.0,0
20150828T,310705.0,310705.0,310705.0,310705.0,0
20150831T,331411.0,331411.0,331411.0,331411.0,0
20150901T,332007.0,332007.0,332007.0,332007.0,0
20150902T,336689.0,336689.0,336689.0,336689.0,0
20150903T,380776.0,380776.0,380776.0,380776.0,0
20150904T,409030.0,409030.0,409030.0,409030.0,0
20150907T,406519.0,406519.0,406519.0,406519.0,0
20150908T,434153.0,434153.0,434153.0,434153.0,0
20150909T,448681.0,448681.0,448681.0,448681.0,0
20150910T,450849.0,450849.0,450849.0,450849.0,0
20150911T,454152.0,454152.0,454152.0,454152.0,0
20150914T,491030.0,491030.0,491030.0,491030.0,0
20150915T,493645.0,493645.0,493645.0,493645.0,0
20150916T,503088.0,503088.0,503088.0,503088.0,0
20150918T,417390.0,417390.0,417390.0,417390.0,0
20150921T,406484.0,406484.0,406484.0,406484.0,0
20150922T,435563.0,435563.0,435563.0,435563.0,0
20150923T,499636.0,499636.0,499636.0,499636.0,0
20150924T,324647.0,324647.0,324647.0,324647.0,0
20150928T,357588.0,357588.0,357588.0,357588.0,0
20150929T,381812.0,381812.0,381812.0,381812.0,0
20150930T,397269.0,397269.0,397269.0,397269.0,0
20151001T,419584.0,419584.0,419584.0,419584.0,0
20151005T,442162.0,442162.0,442162.0,442162.0,0
20151006T,455492.0,455492.0,455492.0,455492.0,0
20151007T,446601.0,446601.0,446601.0,446601.0,0
20151008T,451792.0,451792.0,451792.0,451792.0,0
20151009T,448691.0,448691.0,448691.0,448691.0,0
20151012T,407919.0,407919.0,407919.0,407919.0,0
20151013T,341208.0,341208.0,341208.0,341208.0,0
20151014T,312244.0,312244.0,312244.0,312244.0,0
20151015T,316541.0,316541.0,316541.0,316541.0,0
20151016T,358238.0,358238.0,358238.0,358238.0,0
20151019T,368833.0,368833.0,368833.0,368833.0,0
20151020T,368899.0,368899.0,368899.0,368899.0,0
20151021T,361864.0,361864.0,361864.0,361864.0,0
20151023T,342742.0,342742.0,342742.0,342742.0,0
20151026T,314956.0,314956.0,314956.0,314956.0,0
20151027T,275654.0,275654.0,275654.0,275654.0,0
20151028T,249004.0,249004.0,249004.0,249004.0,0
20151029T,110138.0,110138.0,110138.0,110138.0,0
20151030T,134982.0,134982.0,134982.0,134982.0,0
20151102T,144003.0,144003.0,144003.0,144003.0,0
20151103T,149758.6667,149758.6667,149758.6667,149758.6667,0
20151104T,146842.3333,146842.3333,146842.3333,146842.3333,0
20151105T,154773.0,154773.0,154773.0,154773.0,0
20151106T,163336.0,163336.0,163336.0,163336.0,0
20151109T,160780.0,160780.0,160780.0,160780.0,0
20151110T,165643.0,165643.0,165643.0,165643.0,0
20151111T,174415.0,174415.0,174415.0,174415.0,0
20151113T,167195.0,167195.0,167195.0,167195.0,0
20151116T,179895.0,179895.0,179895.0,179895.0,0
20151117T,183874.0,183874.0,183874.0,183874.0,0
20151118T,188192.0,188192.0,188192.0,188192.0,0
20151119T,195927.0,195927.0,195927.0,195927.0,0
20151120T,191446.0,191446.0,191446.0,191446.0,0
20151123T,197808.0,197808.0,197808.0,197808.0,0
20151124T,195161.0,195161.0,195161.0,195161.0,0
20151126T,131218.0,131218.0,131218.0,131218.0,0
20151127T,145218.0,145218.0,145218.0,145218.0,0
20151130T,150059.0,150059.0,150059.0,150059.0,0
20151201T,163194.0,163194.0,163194.0,163194.0,0
20151202T,169361.0,169361.0,169361.0,169361.0,0
20151203T,199095.0,199095.0,199095.0,199095.0,0
20151204T,186096.0,186096.0,186096.0,186096.0,0
20151207T,183388.0,183388.0,183388.0,183388.0,0
20151208T,156844.0,156844.0,156844.0,156844.0,0
20151209T,170651.0,170651.0,170651.0,170651.0,0
20151210T,166292.0,166292.0,166292.0,166292.0,0
20151211T,166470.0,166470.0,166470.0,166470.0,0
20151214T,178315.0,178315.0,178315.0,178315.0,0
20151215T,182575.0,182575.0,182575.0,182575.0,0
20151216T,198972.0,198972.0,198972.0,198972.0,0
20151217T,190638.0,190638.0,190638.0,190638.0,0
20151218T,187580.0,187580.0,187580.0,187580.0,0
20151221T,188250.0,188250.0,188250.0,188250.0,0
20151222T,191653.0,191653.0,191653.0,191653.0,0
20151223T,202565.0,202565.0,202565.0,202565.0,0
20151224T,201518.0,201518.0,201518.0,201518.0,0
20151228T,208232.0,208232.0,208232.0,208232.0,0
20151229T,194518.0,194518.0,194518.0,194518.0,0
20151230T,183990.0,183990.0,183990.0,183990.0,0
20151231T,120651.0,120651.0,120651.0,120651.0,0
20160101T,167132.0,167132.0,167132.0,167132.0,0
20160104T,169492.0,169492.0,169492.0,169492.0,0
20160105T,195379.0,195379.0,195379.0,195379.0,0
20160106T,201260.0,201260.0,201260.0,201260.0,0
20160107T,194030.0,194030.0,194030.0,194030.0,0
20160108T,202579.0,202579.0,202579.0,202579.0,0
20160111T,212583.0,212583.0,212583.0,212583.0,0
20160112T,209384.0,209384.0,209384.0,209384.0,0
20160113T,215801.0,215801.0,215801.0,215801.0,0
20160114T,217326.0,217326.0,217326.0,217326.0,0
20160115T,203035.0,203035.0,203035.0,203035.0,0
20160118T,194578.0,194578.0,194578.0,194578.0,0
20160119T,209400.0,209400.0,209400.0,209400.0,0
20160120T,221259.0,221259.0,221259.0,221259.0,0
20160121T,218858.0,218858.0,218858.0,218858.0,0
20160122T,227132.0,227132.0,227132.0,227132.0,0
20160125T,214046.0,214046.0,214046.0,214046.0,0
20160127T,212533.0,212533.0,212533.0,212533.0,0
20160128T,124291.0,124291.0,124291.0,124291.0,0
20160129T,149372.0,149372.0,149372.0,149372.0,0
20160201T,159016.0,159016.0,159016.0,159016.0,0
20160202T,155391.0,155391.0,155391.0,155391.0,0
20160203T,155966.0,155966.0,155966.0,155966.0,0
20160204T,176018.0,176018.0,176018.0,176018.0,0
20160205T,192132.0,192132.0,192132.0,192132.0,0
20160208T,186907.0,186907.0,186907.0,186907.0,0
20160209T,178776.0,178776.0,178776.0,178776.0,0
20160211T,215217.0,215217.0,215217.0,215217.0,0
20160212T,228355.0,228355.0,228355.0,228355.0,0
20160215T,233589.0,233589.0,233589.0,233589.0,0
20160216T,222448.0,222448.0,222448.0,222448.0,0
20160217T,225044.0,225044.0,225044.0,225044.0,0
20160218T,225800.0,225800.0,225800.0,225800.0,0
20160219T,217527.0,217527.0,217527.0,217527.0,0
20160222T,213106.0,213106.0,213106.0,213106.0,0
20160223T,206188.0,206188.0,206188.0,206188.0,0
20160224T,215900.0,215900.0,215900.0,215900.0,0
20160225T,128578.0,128578.0,128578.0,128578.0,0
20160226T,181235.0,181235.0,181235.0,181235.0,0
20160229T,176069.0,176069.0,176069.0,176069.0,0
20160301T,190759.0,190759.0,190759.0,190759.0,0
20160302T,189805.0,189805.0,189805.0,189805.0,0
20160303T,189861.0,189861.0,189861.0,189861.0,0
20160304T,198358.0,198358.0,198358.0,198358.0,0
20160308T,191561.0,191561.0,191561.0,191561.0,0
20160309T,181613.0,181613.0,181613.0,181613.0,0
20160310T,180818.0,180818.0,180818.0,180818.0,0
20160311T,172902.0,172902.0,172902.0,172902.0,0
20160314T,167898.0,167898.0,167898.0,167898.0,0
20160315T,166526.0,166526.0,166526.0,166526.0,0
20160316T,177672.0,177672.0,177672.0,177672.0,0
20160317T,171608.0,171608.0,171608.0,171608.0,0
20160318T,184302.0,184302.0,184302.0,184302.0,0
20160321T,196735.3333,196735.3333,196735.3333,196735.3333,0
20160322T,177005.0,177005.0,177005.0,177005.0,0
20160323T,182568.0,182568.0,182568.0,182568.0,0
20160328T,180567.0,180567.0,180567.0,180567.0,0
20160329T,161813.0,161813.0,161813.0,161813.0,0
20160330T,167078.0,167078.0,167078.0,167078.0,0
20160331T,130634.0,130634.0,130634.0,130634.0,0
20160401T,134274.0,134274.0,134274.0,134274.0,0
20160404T,145632.0,145632.0,145632.0,145632.0,0
20160405T,138551.0,138551.0,138551.0,138551.0,0
20160406T,168311.0,168311.0,168311.0,168311.0,0
20160407T,143954.0,143954.0,143954.0,143954.0,0
20160408T,148124.0,148124.0,148124.0,148124.0,0
20160411T,152232.0,152232.0,152232.0,152232.0,0
20160412T,165427.0,165427.0,165427.0,165427.0,0
20160413T,167009.0,167009.0,167009.0,167009.0,0
20160418T,187682.0,187682.0,187682.0,187682.0,0
20160420T,179134.0,179134.0,179134.0,179134.0,0
20160421T,171616.0,171616.0,171616.0,171616.0,0
20160422T,175087.0,175087.0,175087.0,175087.0,0
20160425T,171120.0,171120.0,171120.0,171120.0,0
20160426T,182987.0,182987.0,182987.0,182987.0,0
20160427T,170673.0,170673.0,170673.0,170673.0,0
20160428T,108951.0,108951.0,108951.0,108951.0,0
20160429T,135628.0,135628.0,135628.0,135628.0,0
20160502T,137053.0,137053.0,137053.0,137053.0,0
20160503T,141097.0,141097.0,141097.0,141097.0,0
20160504T,137524.0,137524.0,137524.0,137524.0,0
20160505T,133032.0,133032.0,133032.0,133032.0,0
20160506T,142838.0,142838.0,142838.0,142838.0,0
20160509T,143374.0,143374.0,143374.0,143374.0,0
20160510T,144159.0,144159.0,144159.0,144159.0,0
20160511T,137962.0,137962.0,137962.0,137962.0,0
20160512T,151428.0,151428.0,151428.0,151428.0,0
20160513T,149132.0,149132.0,149132.0,149132.0,0
20160516T,151399.0,151399.0,151399.0,151399.0,0
20160517T,158267.0,158267.0,158267.0,158267.0,0
20160518T,151927.0,151927.0,151927.0,151927.0,0
20160519T,148908.0,148908.0,148908.0,148908.0,0
20160520T,146615.0,146615.0,146615.0,146615.0,0
20160523T,161482.0,161482.0,161482.0,161482.0,0
20160524T,156046.0,156046.0,156046.0,156046.0,0
20160525T,173126.0,173126.0,173126.0,173126.0,0
20160526T,153853.0,153853.0,153853.0,153853.0,0
20160527T,169827.0,169827.0,169827.0,169827.0,0
20160530T,173747.0,173747.0,173747.0,173747.0,0
20160531T,192531.0,192531.0,192531.0,192531.0,0
20160601T,186487.0,186487.0,186487.0,186487.0,0
20160602T,183317.0,183317.0,183317.0,183317.0,0
20160603T,189229.0,189229.0,189229.0,189229.0,0
20160606T,191370.0,191370.0,191370.0,191370.0,0
20160607T,202746.0,202746.0,202746.0,202746.0,0
20160608T,203825.0,203825.0,203825.0,203825.0,0
20160609T,176184.0,176184.0,176184.0,176184.0,0
20160610T,184982.0,184982.0,184982.0,184982.0,0
20160613T,177538.0,177538.0,177538.0,177538.0,0
20160614T,173015.0,173015.0,173015.0,173015.0,0
20160615T,189125.0,189125.0,189125.0,189125.0,0
20160616T,179910.0,179910.0,179910.0,179910.0,0
20160617T,181716.0,181716.0,181716.0,181716.0,0
20160620T,198265.0,198265.0,198265.0,198265.0,0
20160621T,198043.0,198043.0,198043.0,198043.0,0
20160622T,202285.0,202285.0,202285.0,202285.0,0
20160623T,199777.0,199777.0,199777.0,199777.0,0
20160624T,193705.0,193705.0,193705.0,193705.0,0
20160627T,193594.0,193594.0,193594.0,193594.0,0
20160628T,194654.0,194654.0,194654.0,194654.0,0
20160629T,199779.0,199779.0,199779.0,199779.0,0
20160630T,162464.0,162464.0,162464.0,162464.0,0
20160701T,176836.0,176836.0,176836.0,176836.0,0
20160704T,188494.0,188494.0,188494.0,188494.0,0
20160705T,187390.0,187390.0,187390.0,187390.0,0
20160707T,178752.0,178752.0,178752.0,178752.0,0
20160708T,179766.0,179766.0,179766.0,179766.0,0
20160711T,203118.0,203118.0,203118.0,203118.0,0
20160712T,209181.0,209181.0,209181.0,209181.0,0
20160713T,209577.0,209577.0,209577.0,209577.0,0
20160714T,212288.0,212288.0,212288.0,212288.0,0
20160715T,202201.0,202201.0,202201.0,202201.0,0
20160718T,205670.0,205670.0,205670.0,205670.0,0
20160719T,203981.0,203981.0,203981.0,203981.0,0
20160720T,204785.0,204785.0,204785.0,204785.0,0
20160721T,189023.0,189023.0,189023.0,189023.0,0
20160722T,195854.0,195854.0,195854.0,195854.0,0
20160725T,200611.0,200611.0,200611.0,200611.0,0
20160726T,194054.0,194054.0,194054.0,194054.0,0
20160727T,191456.0,191456.0,191456.0,191456.0,0
20160728T,145338.0,145338.0,145338.0,145338.0,0
20160729T,152461.0,152461.0,152461.0,152461.0,0
20160801T,165869.0,165869.0,165869.0,165869.0,0
20160802T,182031.0,182031.0,182031.0,182031.0,0
20160803T,186837.0,186837.0,186837.0,186837.0,0
20160804T,172613.0,172613.0,172613.0,172613.0,0
20160805T,183989.0,183989.0,183989.0,183989.0,0
20160808T,180463.0,180463.0,180463.0,180463.0,0
20160809T,176872.0,176872.0,176872.0,176872.0,0
20160810T,175482.0,175482.0,175482.0,175482.0,0
20160811T,164712.0,164712.0,164712.0,164712.0,0
20160812T,174186.0,174186.0,174186.0,174186.0,0
20160816T,179648.0,179648.0,179648.0,179648.0,0
20160817T,192335.0,192335.0,192335.0,192335.0,0
20160818T,183583.0,183583.0,183583.0,183583.0,0
20160819T,190280.0,190280.0,190280.0,190280.0,0
20160822T,208058.0,208058.0,208058.0,208058.0,0
20160823T,220317.0,220317.0,220317.0,220317.0,0
20160824T,202134.0,202134.0,202134.0,202134.0,0
20160825T,152247.0,152247.0,152247.0,152247.0,0
20160826T,178414.0,178414.0,178414.0,178414.0,0
20160829T,196746.0,196746.0,196746.0,196746.0,0
20160830T,216995.0,216995.0,216995.0,216995.0,0
20160831T,224923.0,224923.0,224923.0,224923.0,0
20160901T,205860.0,205860.0,205860.0,205860.0,0
20160902T,209330.0,209330.0,209330.0,209330.0,0
20160906T,215846.0,215846.0,215846.0,215846.0,0
20160907T,208892.0,208892.0,208892.0,208892.0,0
20160908T,207289.0,207289.0,207289.0,207289.0,0
20160909T,208219.0,208219.0,208219.0,208219.0,0
20160912T,192758.0,192758.0,192758.0,192758.0,0
20160914T,192259.0,192259.0,192259.0,192259.0,0
20160915T,193433.0,193433.0,193433.0,193433.0,0
20160916T,194142.0,194142.0,194142.0,194142.0,0
20160919T,195272.0,195272.0,195272.0,195272.0,0
20160920T,190122.0,190122.0,190122.0,190122.0,0
20160921T,198603.0,198603.0,198603.0,198603.0,0
20160922T,179771.0,179771.0,179771.0,179771.0,0
20160923T,180655.0,180655.0,180655.0,180655.0,0
20160926T,178315.0,178315.0,178315.0,178315.0,0
20160927T,178724.0,178724.0,178724.0,178724.0,0
20160928T,185761.0,185761.0,185761.0,185761.0,0
20160929T,145819.0,145819.0,145819.0,145819.0,0
20160930T,178025.0,178025.0,178025.0,178025.0,0
20161003T,203222.0,203222.0,203222.0,203222.0,0
20161004T,214525.0,214525.0,214525.0,214525.0,0
20161005T,215930.0,215930.0,215930.0,215930.0,0
20161006T,202352.0,202352.0,202352.0,202352.0,0
20161007T,200095.0,200095.0,200095.0,200095.0,0
20161010T,206860.0,206860.0,206860.0,206860.0,0
20161013T,172952.0,172952.0,172952.0,172952.0,0
20161014T,191686.0,191686.0,191686.0,191686.0,0
20161017T,202697.0,202697.0,202697.0,202697.0,0
20161018T,195947.0,195947.0,195947.0,195947.0,0
20161019T,191688.0,191688.0,191688.0,191688.0,0
20161020T,181101.0,181101.0,181101.0,181101.0,0
20161021T,188685.0,188685.0,188685.0,188685.0,0
20161024T,194408.0,194408.0,194408.0,194408.0,0
20161025T,197849.0,197849.0,197849.0,197849.0,0
20161026T,189643.0,189643.0,189643.0,189643.0,0
20161027T,141343.0,141343.0,141343.0,141343.0,0
20161028T,156312.0,156312.0,156312.0,156312.0,0
20161101T,170653.0,170653.0,170653.0,170653.0,0
20161102T,159008.0,159008.0,159008.0,159008.0,0
20161103T,153173.0,153173.0,153173.0,153173.0,0
20161104T,164937.0,164937.0,164937.0,164937.0,0
20161107T,174851.0,174851.0,174851.0,174851.0,0
20161108T,192773.0,192773.0,192773.0,192773.0,0
20161109T,171951.0,171951.0,171951.0,171951.0,0
20161110T,169159.0,169159.0,169159.0,169159.0,0
20161111T,174831.0,174831.0,174831.0,174831.0,0
20161115T,190115.0,190115.0,190115.0,190115.0,0
20161116T,189463.0,189463.0,189463.0,189463.0,0
20161117T,188592.0,188592.0,188592.0,188592.0,0
20161118T,184807.0,184807.0,184807.0,184807.0,0
20161121T,202061.0,202061.0,202061.0,202061.0,0
20161122T,209139.0,209139.0,209139.0,209139.0,0
20161123T,213886.0,213886.0,213886.0,213886.0,0
20161124T,132370.0,132370.0,132370.0,132370.0,0
20161125T,161275.0,161275.0,161275.0,161275.0,0
20161128T,172144.0,172144.0,172144.0,172144.0,0
20161129T,179907.0,179907.0,179907.0,179907.0,0
20161130T,179704.0,179704.0,179704.0,179704.0,0
20161201T,172500.0,172500.0,172500.0,172500.0,0
20161202T,165474.0,165474.0,165474.0,165474.0,0
20161205T,171111.0,171111.0,171111.0,171111.0,0
20161206T,176592.0,176592.0,176592.0,176592.0,0
20161207T,183971.0,183971.0,183971.0,183971.0,0
20161208T,179053.0,179053.0,179053.0,179053.0,0
20161209T,184729.0,184729.0,184729.0,184729.0,0
20161212T,178408.0,178408.0,178408.0,178408.0,0
20161213T,184515.0,184515.0,184515.0,184515.0,0
20161214T,193546.0,193546.0,193546.0,193546.0,0
20161215T,173671.0,173671.0,173671.0,173671.0,0
20161216T,168200.0,168200.0,168200.0,168200.0,0
20161219T,173298.0,173298.0,173298.0,173298.0,0
20161220T,186025.0,186025.0,186025.0,186025.0,0
20161221T,187132.0,187132.0,187132.0,187132.0,0
20161222T,165741.0,165741.0,165741.0,165741.0,0
20161223T,167803.0,167803.0,167803.0,167803.0,0
20161226T,187722.0,187722.0,187722.0,187722.0,0
20161227T,189263.0,189263.0,189263.0,189263.0,0
20161228T,205470.0,205470.0,205470.0,205470.0,0
20161229T,143354.0,143354.0,143354.0,143354.0,0
20161230T,161606.0,161606.0,161606.0,161606.0,0
20170102T,170701.0,170701.0,170701.0,170701.0,0
20170103T,169742.0,169742.0,169742.0,169742.0,0
20170104T,178809.0,178809.0,178809.0,178809.0,0
20170105T,172773.0,172773.0,172773.0,172773.0,0
20170106T,171581.0,171581.0,171581.0,171581.0,0
20170109T,177412.0,177412.0,177412.0,177412.0,0
20170110T,186323.0,186323.0,186323.0,186323.0,0
20170111T,213078.0,213078.0,213078.0,213078.0,0
20170112T,211087.0,211087.0,211087.0,211087.0,0
20170113T,201703.0,201703.0,201703.0,201703.0,0
20170116T,206609.0,206609.0,206609.0,206609.0,0
20170117T,199188.0,199188.0,199188.0,199188.0,0
20170118T,201087.0,201087.0,201087.0,201087.0,0
20170119T,194423.0,194423.0,194423.0,194423.0,0
20170120T,190415.0,190415.0,190415.0,190415.0,0
20170123T,185491.0,185491.0,185491.0,185491.0,0
20170124T,195099.0,195099.0,195099.0,195099.0,0
20170125T,143132.0,143132.0,143132.0,143132.0,0
20170127T,172589.0,172589.0,172589.0,172589.0,0
20170130T,194668.0,194668.0,194668.0,194668.0,0
20170131T,187841.0,187841.0,187841.0,187841.0,0
20170201T,188966.0,188966.0,188966.0,188966.0,0
20170202T,182286.0,182286.0,182286.0,182286.0,0
20170203T,189174.0,189174.0,189174.0,189174.0,0
20170206T,198884.0,198884.0,198884.0,198884.0,0
20170207T,192011.0,192011.0,192011.0,192011.0,0
20170208T,197132.0,197132.0,197132.0,197132.0,0
20170209T,181670.0,181670.0,181670.0,181670.0,0
20170210T,193073.0,193073.0,193073.0,193073.0,0
20170213T,194230.0,194230.0,194230.0,194230.0,0
20170214T,192472.0,192472.0,192472.0,192472.0,0
20170215T,183815.0,183815.0,183815.0,183815.0,0
20170216T,182939.0,182939.0,182939.0,182939.0,0
20170217T,191114.0,191114.0,191114.0,191114.0,0
20170220T,201834.0,201834.0,201834.0,201834.0,0
20170221T,196429.0,196429.0,196429.0,196429.0,0
20170222T,210264.0,210264.0,210264.0,210264.0,0
20170223T,153331.0,153331.0,153331.0,153331.0,0
20170227T,168255.0,168255.0,168255.0,168255.0,0
20170228T,172276.0,172276.0,172276.0,172276.0,0
20170301T,180848.0,180848.0,180848.0,180848.0,0
20170302T,174331.0,174331.0,174331.0,174331.0,0
20170303T,189935.0,189935.0,189935.0,189935.0,0
20170306T,202656.0,202656.0,202656.0,202656.0,0
20170307T,204262.0,204262.0,204262.0,204262.0,0
20170308T,209627.0,209627.0,209627.0,209627.0,0
20170309T,205904.0,205904.0,205904.0,205904.0,0
20170310T,223237.0,223237.0,223237.0,223237.0,0
20170314T,212203.0,212203.0,212203.0,212203.0,0
20170315T,205051.0,205051.0,205051.0,205051.0,0
20170316T,206354.0,206354.0,206354.0,206354.0,0
20170317T,200968.0,200968.0,200968.0,200968.0,0
20170320T,205958.0,205958.0,205958.0,205958.0,0
20170321T,216144.0,216144.0,216144.0,216144.0,0
20170322T,198233.0,198233.0,198233.0,198233.0,0
20170323T,189151.0,189151.0,189151.0,189151.0,0
20170324T,191939.0,191939.0,191939.0,191939.0,0
20170327T,204877.0,204877.0,204877.0,204877.0,0
20170328T,194250.0,194250.0,194250.0,194250.0,0
20170329T,204158.0,204158.0,204158.0,204158.0,0
20170330T,153969.0,153969.0,153969.0,153969.0,0
20170331T,173400.0,173400.0,173400.0,173400.0,0
20170403T,187898.0,187898.0,187898.0,187898.0,0
20170405T,203369.0,203369.0,203369.0,203369.0,0
20170406T,192029.0,192029.0,192029.0,192029.0,0
20170407T,194384.0,194384.0,194384.0,194384.0,0
20170410T,193789.0,193789.0,193789.0,193789.0,0
20170411T,200539.0,200539.0,200539.0,200539.0,0
20170412T,190922.0,190922.0,190922.0,190922.0,0
20170413T,169442.0,169442.0,169442.0,169442.0,0
20170417T,182806.0,182806.0,182806.0,182806.0,0
20170418T,183921.0,183921.0,183921.0,183921.0,0
20170419T,190115.0,190115.0,190115.0,190115.0,0
20170420T,187538.0,187538.0,187538.0,187538.0,0
20170421T,194003.0,194003.0,194003.0,194003.0,0
20170424T,214006.0,214006.0,214006.0,214006.0,0
20170425T,210205.0,210205.0,210205.0,210205.0,0
20170426T,205388.0,205388.0,205388.0,205388.0,0
20170427T,163197.0,163197.0,163197.0,163197.0,0
20170428T,176461.0,176461.0,176461.0,176461.0,0
20170502T,194088.0,194088.0,194088.0,194088.0,0
20170503T,201994.0,201994.0,201994.0,201994.0,0
20170504T,206427.0,206427.0,206427.0,206427.0,0
20170505T,202562.0,202562.0,202562.0,202562.0,0
20170508T,214756.0,214756.0,214756.0,214756.0,0
20170509T,216421.0,216421.0,216421.0,216421.0,0
20170510T,233226.0,233226.0,233226.0,233226.0,0
20170511T,210370.0,210370.0,210370.0,210370.0,0
20170512T,207368.0,207368.0,207368.0,207368.0,0
20170515T,215117.0,215117.0,215117.0,215117.0,0
20170516T,223569.0,223569.0,223569.0,223569.0,0
20170517T,213844.0,213844.0,213844.0,213844.0,0
20170518T,197204.0,197204.0,197204.0,197204.0,0
20170519T,194178.0,194178.0,194178.0,194178.0,0
20170522T,184941.0,184941.0,184941.0,184941.0,0
20170523T,191498.0,191498.0,191498.0,191498.0,0
20170524T,194826.0,194826.0,194826.0,194826.0,0
20170525T,170295.0,170295.0,170295.0,170295.0,0
20170526T,184169.0,184169.0,184169.0,184169.0,0
20170529T,184717.0,184717.0,184717.0,184717.0,0
20170530T,198728.0,198728.0,198728.0,198728.0,0
20170531T,203572.0,203572.0,203572.0,203572.0,0
20170601T,198082.0,198082.0,198082.0,198082.0,0
20170602T,213582.0,213582.0,213582.0,213582.0,0
20170605T,216518.0,216518.0,216518.0,216518.0,0
20170606T,215241.0,215241.0,215241.0,215241.0,0
20170607T,215759.0,215759.0,215759.0,215759.0,0
20170608T,199052.0,199052.0,199052.0,199052.0,0
20170609T,196672.0,196672.0,196672.0,196672.0,0
20170612T,197912.0,197912.0,197912.0,197912.0,0
20170613T,186821.0,186821.0,186821.0,186821.0,0
20170614T,187249.0,187249.0,187249.0,187249.0,0
20170615T,178146.0,178146.0,178146.0,178146.0,0
20170616T,181603.0,181603.0,181603.0,181603.0,0
20170619T,178683.0,178683.0,178683.0,178683.0,0
20170620T,178109.0,178109.0,178109.0,178109.0,0
20170621T,192565.0,192565.0,192565.0,192565.0,0
20170622T,177849.0,177849.0,177849.0,177849.0,0
20170623T,173399.0,173399.0,173399.0,173399.0,0
20170627T,180687.0,180687.0,180687.0,180687.0,0
20170628T,188044.0,188044.0,188044.0,188044.0,0
20170629T,133674.0,133674.0,133674.0,133674.0,0
20170630T,155572.0,155572.0,155572.0,155572.0,0
20170703T,184199.0,184199.0,184199.0,184199.0,0
20170704T,194034.0,194034.0,194034.0,194034.0,0
20170705T,205673.0,205673.0,205673.0,205673.0,0
20170706T,195433.0,195433.0,195433.0,195433.0,0
20170707T,202937.0,202937.0,202937.0,202937.0,0
20170710T,200032.0,200032.0,200032.0,200032.0,0
20170711T,200369.0,200369.0,200369.0,200369.0,0
20170712T,201287.0,201287.0,201287.0,201287.0,0
20170713T,196678.0,196678.0,196678.0,196678.0,0
20170714T,196683.0,196683.0,196683.0,196683.0,0
20170717T,195654.0,195654.0,195654.0,195654.0,0
20170718T,193833.0,193833.0,193833.0,193833.0,0
20170719T,198495.0,198495.0,198495.0,198495.0,0
20170720T,193487.0,193487.0,193487.0,193487.0,0
20170721T,197396.0,197396.0,197396.0,197396.0,0
20170724T,200148.0,200148.0,200148.0,200148.0,0
20170725T,210586.0,210586.0,210586.0,210586.0,0
20170726T,202908.0,202908.0,202908.0,202908.0,0
20170727T,136789.0,136789.0,136789.0,136789.0,0
20170728T,165866.0,165866.0,165866.0,165866.0,0
20170731T,177732.0,177732.0,177732.0,177732.0,0
20170801T,185838.0,185838.0,185838.0,185838.0,0
20170802T,178102.0,178102.0,178102.0,178102.0,0
20170803T,167493.0,167493.0,167493.0,167493.0,0
20170804T,152782.0,152782.0,152782.0,152782.0,0
20170807T,156252.0,156252.0,156252.0,156252.0,0
20170808T,170030.0,170030.0,170030.0,170030.0,0
20170809T,178321.0,178321.0,178321.0,178321.0,0
20170810T,146647.0,146647.0,146647.0,146647.0,0
20170811T,171218.0,171218.0,171218.0,171218.0,0
20170814T,173305.0,173305.0,173305.0,173305.0,0
20170816T,188711.0,188711.0,188711.0,188711.0,0
20170817T,176835.0,176835.0,176835.0,176835.0,0
20170818T,185102.0,185102.0,185102.0,185102.0,0
20170821T,175731.0,175731.0,175731.0,175731.0,0
20170822T,179577.0,179577.0,179577.0,179577.0,0
20170823T,168791.0,168791.0,168791.0,168791.0,0
20170824T,147722.0,147722.0,147722.0,147722.0,0
20170828T,173197.0,173197.0,173197.0,173197.0,0
20170829T,174883.0,174883.0,174883.0,174883.0,0
20170830T,173607.0,173607.0,173607.0,173607.0,0
20170831T,115271.0,115271.0,115271.0,115271.0,0
20170901T,140018.0,140018.0,140018.0,140018.0,0
20170904T,160888.0,160888.0,160888.0,160888.0,0
20170905T,160642.0,160642.0,160642.0,160642.0,0
20170906T,165702.0,165702.0,165702.0,165702.0,0
20170907T,166061.0,166061.0,166061.0,166061.0,0
20170908T,176515.0,176515.0,176515.0,176515.0,0
20170911T,192142.0,192142.0,192142.0,192142.0,0
20170912T,201203.0,201203.0,201203.0,201203.0,0
20170913T,197507.0,197507.0,197507.0,197507.0,0
20170914T,182603.0,182603.0,182603.0,182603.0,0
20170915T,180470.0,180470.0,180470.0,180470.0,0
20170918T,180606.0,180606.0,180606.0,180606.0,0
20170919T,177770.0,177770.0,177770.0,177770.0,0
20170920T,164413.0,164413.0,164413.0,164413.0,0
20170921T,161115.0,161115.0,161115.0,161115.0,0
20170922T,169064.0,169064.0,169064.0,169064.0,0
20170925T,184551.0,184551.0,184551.0,184551.0,0
20170926T,190108.0,190108.0,190108.0,190108.0,0
20170927T,208251.0,208251.0,208251.0,208251.0,0
20170928T,135902.0,135902.0,135902.0,135902.0,0
20170929T,147262.0,147262.0,147262.0,147262.0,0
20171003T,166818.0,166818.0,166818.0,166818.0,0
20171004T,193724.0,193724.0,193724.0,193724.0,0
20171005T,160952.0,160952.0,160952.0,160952.0,0
20171006T,181797.0,181797.0,181797.0,181797.0,0
20171009T,178916.0,178916.0,178916.0,178916.0,0
20171010T,187259.0,187259.0,187259.0,187259.0,0
20171011T,184736.0,184736.0,184736.0,184736.0,0
20171012T,190092.0,190092.0,190092.0,190092.0,0
20171013T,181022.0,181022.0,181022.0,181022.0,0
20171016T,184156.0,184156.0,184156.0,184156.0,0
20171017T,174179.0,174179.0,174179.0,174179.0,0
20171018T,157824.0,157824.0,157824.0,157824.0,0
20171019T,173822.0,173822.0,173822.0,173822.0,0
20171023T,172128.0,172128.0,172128.0,172128.0,0
20171024T,167290.0,167290.0,167290.0,167290.0,0
20171025T,176182.0,176182.0,176182.0,176182.0,0
20171026T,141817.0,141817.0,141817.0,141817.0,0
20171027T,155478.0,155478.0,155478.0,155478.0,0
20171030T,163882.0,163882.0,163882.0,163882.0,0
20171031T,161900.0,161900.0,161900.0,161900.0,0
20171101T,179263.0,179263.0,179263.0,179263.0,0
20171102T,164931.0,164931.0,164931.0,164931.0,0
20171103T,179996.0,179996.0,179996.0,179996.0,0
20171106T,182862.0,182862.0,182862.0,182862.0,0
20171107T,170277.0,170277.0,170277.0,170277.0,0
20171108T,165677.0,165677.0,165677.0,165677.0,0
20171109T,154539.0,154539.0,154539.0,154539.0,0
20171110T,157266.0,157266.0,157266.0,157266.0,0
20171113T,156231.0,156231.0,156231.0,156231.0,0
20171114T,151877.0,151877.0,151877.0,151877.0,0
20171115T,143714.0,143714.0,143714.0,143714.0,0
20171116T,137582.0,137582.0,137582.0,137582.0,0
20171117T,150730.0,150730.0,150730.0,150730.0,0
20171120T,163190.0,163190.0,163190.0,163190.0,0
20171121T,155889.0,155889.0,155889.0,155889.0,0
20171122T,163881.0,163881.0,163881.0,163881.0,0
20171123T,148530.0,148530.0,148530.0,148530.0,0
20171124T,157448.6667,157448.6667,157448.6667,157448.6667,0
20171127T,156784.0,156784.0,156784.0,156784.0,0
20171128T,148967.0,148967.0,148967.0,148967.0,0
20171129T,159782.0,159782.0,159782.0,159782.0,0
20171130T,112341.0,112341.0,112341.0,112341.0,0
20171201T,127053.0,127053.0,127053.0,127053.0,0
20171204T,142599.0,142599.0,142599.0,142599.0,0
20171205T,146453.0,146453.0,146453.0,146453.0,0
20171206T,159498.0,159498.0,159498.0,159498.0,0
20171207T,138713.0,138713.0,138713.0,138713.0,0
20171208T,148533.0,148533.0,148533.0,148533.0,0
20171211T,152794.0,152794.0,152794.0,152794.0,0
20171212T,155720.0,155720.0,155720.0,155720.0,0
20171213T,156551.0,156551.0,156551.0,156551.0,0
20171214T,140519.0,140519.0,140519.0,140519.0,0
20171215T,145304.0,145304.0,145304.0,145304.0,0
20171218T,142840.0,142840.0,142840.0,142840.0,0
20171219T,163001.0,163001.0,163001.0,163001.0,0
20171220T,177204.0,177204.0,177204.0,177204.0,0
20171221T,146666.0,146666.0,146666.0,146666.0,0
20171222T,164411.0,164411.0,164411.0,164411.0,0
20171226T,162907.0,162907.0,162907.0,162907.0,0
20171227T,157104.0,157104.0,157104.0,157104.0,0
20171228T,136568.0,136568.0,136568.0,136568.0,0
20171229T,155537.0,155537.0,155537.0,155537.0,0
20180101T,152295.0,152295.0,152295.0,152295.0,0
20180102T,157780.0,157780.0,157780.0,157780.0,0
20180103T,153155.0,153155.0,153155.0,153155.0,0
20180104T,161151.0,161151.0,161151.0,161151.0,0
20180105T,169876.0,169876.0,169876.0,169876.0,0
20180108T,183731.0,183731.0,183731.0,183731.0,0
20180109T,197933.0,197933.0,197933.0,197933.0,0
20180110T,202613.0,202613.0,202613.0,202613.0,0
20180111T,173622.0,173622.0,173622.0,173622.0,0
20180112T,174205.0,174205.0,174205.0,174205.0,0
20180115T,177971.0,177971.0,177971.0,177971.0,0
20180116T,167744.0,167744.0,167744.0,167744.0,0
20180117T,191145.0,191145.0,191145.0,191145.0,0
20180118T,180577.0,180577.0,180577.0,180577.0,0
20180119T,195998.0,195998.0,195998.0,195998.0,0
20180122T,186706.0,186706.0,186706.0,186706.0,0
20180123T,170226.0,170226.0,170226.0,170226.0,0
20180124T,163305.0,163305.0,163305.0,163305.0,0
20180125T,112156.0,112156.0,112156.0,112156.0,0
20180129T,125290.0,125290.0,125290.0,125290.0,0
20180130T,124159.0,124159.0,124159.0,124159.0,0
20180131T,140412.0,140412.0,140412.0,140412.0,0
20180201T,121827.0,121827.0,121827.0,121827.0,0
20180202T,144150.0,144150.0,144150.0,144150.0,0
20180205T,155069.0,155069.0,155069.0,155069.0,0
20180206T,161299.0,161299.0,161299.0,161299.0,0
20180207T,185936.0,185936.0,185936.0,185936.0,0
20180208T,166117.0,166117.0,166117.0,166117.0,0
20180209T,168024.0,168024.0,168024.0,168024.0,0
20180212T,170390.0,170390.0,170390.0,170390.0,0
20180214T,180816.0,180816.0,180816.0,180816.0,0
20180215T,172853.0,172853.0,172853.0,172853.0,0
20180216T,179592.0,179592.0,179592.0,179592.0,0
20180219T,188852.0,188852.0,188852.0,188852.0,0
20180220T,180354.0,180354.0,180354.0,180354.0,0
20180221T,184705.0,184705.0,184705.0,184705.0,0
20180222T,112745.0,112745.0,112745.0,112745.0,0
20180223T,139394.0,139394.0,139394.0,139394.0,0
20180226T,133212.0,133212.0,133212.0,133212.0,0
20180227T,131698.0,131698.0,131698.0,131698.0,0
20180228T,132226.0,132226.0,132226.0,132226.0,0
20180301T,125610.0,125610.0,125610.0,125610.0,0
20180305T,135461.0,135461.0,135461.0,135461.0,0
20180306T,149901.0,149901.0,149901.0,149901.0,0
20180307T,177291.0,177291.0,177291.0,177291.0,0
20180308T,152499.0,152499.0,152499.0,152499.0,0
20180309T,160863.0,160863.0,160863.0,160863.0,0
20180312T,188026.0,188026.0,188026.0,188026.0,0
20180313T,169842.0,169842.0,169842.0,169842.0,0
20180314T,180413.0,180413.0,180413.0,180413.0,0
20180315T,152911.0,152911.0,152911.0,152911.0,0
20180316T,166812.0,166812.0,166812.0,166812.0,0
20180319T,172391.0,172391.0,172391.0,172391.0,0
20180320T,179050.0,179050.0,179050.0,179050.0,0
20180321T,175953.0,175953.0,175953.0,175953.0,0
20180322T,161412.0,161412.0,161412.0,161412.0,0
20180323T,173299.0,173299.0,173299.0,173299.0,0
20180326T,194798.0,194798.0,194798.0,194798.0,0
20180327T,201903.0,201903.0,201903.0,201903.0,0
20180328T,108480.0,108480.0,108480.0,108480.0,0
20180402T,123976.0,123976.0,123976.0,123976.0,0
20180403T,140793.0,140793.0,140793.0,140793.0,0
20180404T,138521.0,138521.0,138521.0,138521.0,0
20180405T,153223.0,153223.0,153223.0,153223.0,0
20180406T,152807.0,152807.0,152807.0,152807.0,0
20180409T,159566.0,159566.0,159566.0,159566.0,0
20180410T,170180.0,170180.0,170180.0,170180.0,0
20180411T,178693.0,178693.0,178693.0,178693.0,0
20180412T,172686.0,172686.0,172686.0,172686.0,0
20180413T,171131.0,171131.0,171131.0,171131.0,0
20180416T,180786.0,180786.0,180786.0,180786.0,0
20180417T,173877.0,173877.0,173877.0,173877.0,0
20180418T,185190.6667,185190.6667,185190.6667,185190.6667,0
20180419T,171927.0,171927.0,171927.0,171927.0,0
20180420T,174088.0,174088.0,174088.0,174088.0,0
20180423T,162000.0,162000.0,162000.0,162000.0,0
20180424T,161067.0,161067.0,161067.0,161067.0,0
20180425T,161542.0,161542.0,161542.0,161542.0,0
20180426T,146634.0,146634.0,146634.0,146634.0,0
20180427T,148636.0,148636.0,148636.0,148636.0,0
20180430T,153001.0,153001.0,153001.0,153001.0,0
20180502T,142638.0,142638.0,142638.0,142638.0,0
20180503T,121912.0,121912.0,121912.0,121912.0,0
20180504T,125366.0,125366.0,125366.0,125366.0,0
20180507T,134868.0,134868.0,134868.0,134868.0,0
20180508T,136375.0,136375.0,136375.0,136375.0,0
20180509T,148997.0,148997.0,148997.0,148997.0,0
20180510T,136056.0,136056.0,136056.0,136056.0,0
20180511T,164295.0,164295.0,164295.0,164295.0,0
20180514T,166780.0,166780.0,166780.0,166780.0,0
20180515T,149397.0,149397.0,149397.0,149397.0,0
20180516T,146766.0,146766.0,146766.0,146766.0,0
20180517T,122455.0,122455.0,122455.0,122455.0,0
20180518T,125635.0,125635.0,125635.0,125635.0,0
20180521T,140726.0,140726.0,140726.0,140726.0,0
20180522T,157757.0,157757.0,157757.0,157757.0,0
20180523T,157602.0,157602.0,157602.0,157602.0,0
20180524T,148044.0,148044.0,148044.0,148044.0,0
20180525T,144709.0,144709.0,144709.0,144709.0,0
20180528T,143420.0,143420.0,143420.0,143420.0,0
20180529T,154508.0,154508.0,154508.0,154508.0,0
20180530T,146421.0,146421.0,146421.0,146421.0,0
20180531T,109349.0,109349.0,109349.0,109349.0,0
20180601T,130034.0,130034.0,130034.0,130034.0,0
20180604T,149960.0,149960.0,149960.0,149960.0,0
20180605T,162283.0,162283.0,162283.0,162283.0,0
20180606T,176951.0,176951.0,176951.0,176951.0,0
20180607T,168179.0,168179.0,168179.0,168179.0,0
20180608T,176121.0,176121.0,176121.0,176121.0,0
20180611T,176491.0,176491.0,176491.0,176491.0,0
20180612T,184612.0,184612.0,184612.0,184612.0,0
20180614T,152517.0,152517.0,152517.0,152517.0,0
20180615T,150280.0,150280.0,150280.0,150280.0,0
20180618T,162601.0,162601.0,162601.0,162601.0,0
20180619T,147409.0,147409.0,147409.0,147409.0,0
20180620T,152663.0,152663.0,152663.0,152663.0,0
20180621T,140908.0,140908.0,140908.0,140908.0,0
20180622T,149137.0,149137.0,149137.0,149137.0,0
20180625T,150794.0,150794.0,150794.0,150794.0,0
20180626T,149624.0,149624.0,149624.0,149624.0,0
20180627T,138938.6667,138938.6667,138938.6667,138938.6667,0
20180628T,98664.0,98664.0,98664.0,98664.0,0
20180629T,124417.0,124417.0,124417.0,124417.0,0
20180702T,125415.0,125415.0,125415.0,125415.0,0
20180703T,139168.0,139168.0,139168.0,139168.0,0
20180704T,156318.0,156318.0,156318.0,156318.0,0
20180705T,140242.0,140242.0,140242.0,140242.0,0
20180706T,154380.0,154380.0,154380.0,154380.0,0
20180709T,159093.0,159093.0,159093.0,159093.0,0
20180710T,175919.0,175919.0,175919.0,175919.0,0
20180711T,181827.0,181827.0,181827.0,181827.0,0
20180712T,157971.0,157971.0,157971.0,157971.0,0
20180713T,160499.0,160499.0,160499.0,160499.0,0
20180716T,161044.0,161044.0,161044.0,161044.0,0
20180717T,161611.0,161611.0,161611.0,161611.0,0
20180718T,160711.0,160711.0,160711.0,160711.0,0
20180719T,173505.0,173505.0,173505.0,173505.0,0
20180720T,174510.0,174510.0,174510.0,174510.0,0
20180723T,166294.0,166294.0,166294.0,166294.0,0
20180724T,168236.0,168236.0,168236.0,168236.0,0
20180725T,149056.0,149056.0,149056.0,149056.0,0
20180726T,115456.0,115456.0,115456.0,115456.0,0
20180727T,141636.0,141636.0,141636.0,141636.0,0
20180730T,137614.0,137614.0,137614.0,137614.0,0
20180731T,159389.0,159389.0,159389.0,159389.0,0
20180801T,166254.0,166254.0,166254.0,166254.0,0
20180802T,143333.0,143333.0,143333.0,143333.0,0
20180803T,151138.0,151138.0,151138.0,151138.0,0
20180806T,157918.0,157918.0,157918.0,157918.0,0
20180807T,169502.0,169502.0,169502.0,169502.0,0
20180808T,170978.0,170978.0,170978.0,170978.0,0
20180809T,158072.0,158072.0,158072.0,158072.0,0
20180810T,155632.0,155632.0,155632.0,155632.0,0
20180813T,162764.0,162764.0,162764.0,162764.0,0
20180814T,171207.0,171207.0,171207.0,171207.0,0
20180816T,161054.0,161054.0,161054.0,161054.0,0
20180817T,170135.0,170135.0,170135.0,170135.0,0
20180820T,179189.0,179189.0,179189.0,179189.0,0
20180821T,182044.0,182044.0,182044.0,182044.0,0
20180823T,170375.0,170375.0,170375.0,170375.0,0
20180824T,170000.0,170000.0,170000.0,170000.0,0
20180827T,161546.0,161546.0,161546.0,161546.0,0
20180828T,157047.0,157047.0,157047.0,157047.0,0
20180829T,149848.0,149848.0,149848.0,149848.0,0
20180830T,121740.0,121740.0,121740.0,121740.0,0
20180831T,129285.0,129285.0,129285.0,129285.0,0
20180903T,132275.0,132275.0,132275.0,132275.0,0
20180904T,145269.0,145269.0,145269.0,145269.0,0
20180905T,161242.0,161242.0,161242.0,161242.0,0
20180906T,145373.0,145373.0,145373.0,145373.0,0
20180907T,147014.0,147014.0,147014.0,147014.0,0
20180910T,151315.0,151315.0,151315.0,151315.0,0
20180911T,151629.0,151629.0,151629.0,151629.0,0
20180912T,134649.0,134649.0,134649.0,134649.0,0
20180914T,140767.0,140767.0,140767.0,140767.0,0
20180917T,145981.0,145981.0,145981.0,145981.0,0
20180918T,152356.0,152356.0,152356.0,152356.0,0
20180919T,141127.0,141127.0,141127.0,141127.0,0
20180921T,140738.0,140738.0,140738.0,140738.0,0
20180924T,152743.0,152743.0,152743.0,152743.0,0
20180925T,170422.0,170422.0,170422.0,170422.0,0
20180926T,171482.0,171482.0,171482.0,171482.0,0
20180927T,105915.0,105915.0,105915.0,105915.0,0
20180928T,126373.0,126373.0,126373.0,126373.0,0
20181001T,143326.0,143326.0,143326.0,143326.0,0
20181003T,148663.0,148663.0,148663.0,148663.0,0
20181004T,138520.0,138520.0,138520.0,138520.0,0
20181005T,154133.0,154133.0,154133.0,154133.0,0
20181008T,172017.0,172017.0,172017.0,172017.0,0
20181009T,175029.0,175029.0,175029.0,175029.0,0
20181010T,163472.0,163472.0,163472.0,163472.0,0
20181011T,161595.0,161595.0,161595.0,161595.0,0
20181012T,161889.0,161889.0,161889.0,161889.0,0
20181015T,171187.0,171187.0,171187.0,171187.0,0
20181016T,173876.0,173876.0,173876.0,173876.0,0
20181017T,151055.0,151055.0,151055.0,151055.0,0
20181019T,166116.0,166116.0,166116.0,166116.0,0
20181022T,173305.0,173305.0,173305.0,173305.0,0
20181023T,179236.0,179236.0,179236.0,179236.0,0
20181024T,177077.0,177077.0,177077.0,177077.0,0
20181025T,110281.0,110281.0,110281.0,110281.0,0
20181026T,189482.0,189482.0,189482.0,189482.0,0
20181029T,203619.0,203619.0,203619.0,203619.0,0
20181030T,200203.0,200203.0,200203.0,200203.0,0
20181031T,235680.0,235680.0,235680.0,235680.0,0
20181101T,180329.0,180329.0,180329.0,180329.0,0
20181102T,168876.0,168876.0,168876.0,168876.0,0
20181105T,184865.0,184865.0,184865.0,184865.0,0
20181106T,159235.0,159235.0,159235.0,159235.0,0
20181107T,162447.0,162447.0,162447.0,162447.0,0
20181109T,173068.0,173068.0,173068.0,173068.0,0
20181112T,176885.0,176885.0,176885.0,176885.0,0
20181113T,182348.0,182348.0,182348.0,182348.0,0
20181114T,190063.0,190063.0,190063.0,190063.0,0
20181115T,154825.0,154825.0,154825.0,154825.0,0
20181116T,170161.0,170161.0,170161.0,170161.0,0
20181119T,187306.0,187306.0,187306.0,187306.0,0
20181120T,179250.0,179250.0,179250.0,179250.0,0
20181121T,188819.0,188819.0,188819.0,188819.0,0
20181122T,158706.0,158706.0,158706.0,158706.0,0
20181126T,174324.0,174324.0,174324.0,174324.0,0
20181127T,177895.0,177895.0,177895.0,177895.0,0
20181128T,169108.0,169108.0,169108.0,169108.0,0
20181129T,139875.0,139875.0,139875.0,139875.0,0
20181130T,161816.0,161816.0,161816.0,161816.0,0
20181203T,181607.0,181607.0,181607.0,181607.0,0
20181204T,165518.0,165518.0,165518.0,165518.0,0
20181205T,167044.0,167044.0,167044.0,167044.0,0
20181206T,150010.0,150010.0,150010.0,150010.0,0
20181207T,159091.0,159091.0,159091.0,159091.0,0
20181210T,188695.0,188695.0,188695.0,188695.0,0
20181211T,202800.0,202800.0,202800.0,202800.0,0
20181212T,192296.0,192296.0,192296.0,192296.0,0
20181213T,162143.0,162143.0,162143.0,162143.0,0
20181214T,168983.0,168983.0,168983.0,168983.0,0
20181217T,181828.0,181828.0,181828.0,181828.0,0
20181218T,175494.0,175494.0,175494.0,175494.0,0
20181219T,187724.0,187724.0,187724.0,187724.0,0
20181220T,152542.0,152542.0,152542.0,152542.0,0
20181221T,166476.0,166476.0,166476.0,166476.0,0
20181224T,187895.0,187895.0,187895.0,187895.0,0
20181226T,197352.0,197352.0,197352.0,197352.0,0
20181227T,137063.0,137063.0,137063.0,137063.0,0
20181228T,162019.0,162019.0,162019.0,162019.0,0
20181231T,196872.0,196872.0,196872.0,196872.0,0
20190101T,214027.0,214027.0,214027.0,214027.0,0
20190102T,212487.0,212487.0,212487.0,212487.0,0
20190103T,160840.0,160840.0,160840.0,160840.0,0
20190104T,195013.0,195013.0,195013.0,195013.0,0
20190107T,186245.0,186245.0,186245.0,186245.0,0
20190108T,195612.0,195612.0,195612.0,195612.0,0
20190109T,214526.0,214526.0,214526.0,214526.0,0
20190110T,174963.0,174963.0,174963.0,174963.0,0
20190111T,189049.0,189049.0,189049.0,189049.0,0
20190114T,190542.0,190542.0,190542.0,190542.0,0
20190115T,212967.0,212967.0,212967.0,212967.0,0
20190116T,217479.0,217479.0,217479.0,217479.0,0
20190117T,173261.0,173261.0,173261.0,173261.0,0
20190118T,150568.0,150568.0,150568.0,150568.0,0
20190121T,159466.0,159466.0,159466.0,159466.0,0
20190122T,158493.0,158493.0,158493.0,158493.0,0
20190123T,165113.0,165113.0,165113.0,165113.0,0
20190124T,139588.0,139588.0,139588.0,139588.0,0
20190125T,130869.0,130869.0,130869.0,130869.0,0
20190128T,139035.0,139035.0,139035.0,139035.0,0
20190129T,151816.0,151816.0,151816.0,151816.0,0
20190130T,144033.0,144033.0,144033.0,144033.0,0
20190131T,118775.0,118775.0,118775.0,118775.0,0
20190201T,138255.0,138255.0,138255.0,138255.0,0
20190204T,148855.0,148855.0,148855.0,148855.0,0
20190205T,146380.0,146380.0,146380.0,146380.0,0
20190206T,165040.0,165040.0,165040.0,165040.0,0
20190207T,130201.0,130201.0,130201.0,130201.0,0
20190208T,127860.0,127860.0,127860.0,127860.0,0
20190211T,142840.0,142840.0,142840.0,142840.0,0
20190212T,143709.0,143709.0,143709.0,143709.0,0
20190213T,138031.0,138031.0,138031.0,138031.0,0
20190214T,109545.0,109545.0,109545.0,109545.0,0
20190215T,116864.0,116864.0,116864.0,116864.0,0
20190218T,138873.0,138873.0,138873.0,138873.0,0
20190219T,133124.0,133124.0,133124.0,133124.0,0
20190220T,139645.0,139645.0,139645.0,139645.0,0
20190221T,117303.0,117303.0,117303.0,117303.0,0
20190222T,124240.0,124240.0,124240.0,124240.0,0
20190225T,154990.0,154990.0,154990.0,154990.0,0
20190226T,163260.0,163260.0,163260.0,163260.0,0
20190227T,158811.0,158811.0,158811.0,158811.0,0
20190228T,129616.0,129616.0,129616.0,129616.0,0
20190301T,144076.0,144076.0,144076.0,144076.0,0
20190305T,185321.0,185321.0,185321.0,185321.0,0
20190306T,172457.0,172457.0,172457.0,172457.0,0
20190307T,155328.0,155328.0,155328.0,155328.0,0
20190308T,164968.0,164968.0,164968.0,164968.0,0
20190311T,182228.0,182228.0,182228.0,182228.0,0
20190312T,190275.0,190275.0,190275.0,190275.0,0
20190313T,189108.0,189108.0,189108.0,189108.0,0
20190314T,150349.0,150349.0,150349.0,150349.0,0
20190315T,169110.0,169110.0,169110.0,169110.0,0
20190318T,163612.0,163612.0,163612.0,163612.0,0
20190319T,165376.0,165376.0,165376.0,165376.0,0
20190320T,127076.0,127076.0,127076.0,127076.0,0
20190322T,125246.0,125246.0,125246.0,125246.0,0
20190325T,144620.0,144620.0,144620.0,144620.0,0
20190326T,163433.0,163433.0,163433.0,163433.0,0
20190327T,137965.0,137965.0,137965.0,137965.0,0
20190328T,110606.0,110606.0,110606.0,110606.0,0
20190329T,135394.0,135394.0,135394.0,135394.0,0
20190401T,145006.0,145006.0,145006.0,145006.0,0
20190402T,154524.0,154524.0,154524.0,154524.0,0
20190403T,149951.0,149951.0,149951.0,149951.0,0
20190404T,123597.0,123597.0,123597.0,123597.0,0
20190405T,143363.0,143363.0,143363.0,143363.0,0
20190408T,152691.0,152691.0,152691.0,152691.0,0
20190409T,161645.0,161645.0,161645.0,161645.0,0
20190410T,148014.0,148014.0,148014.0,148014.0,0
20190411T,118464.0,118464.0,118464.0,118464.0,0
20190412T,120615.0,120615.0,120615.0,120615.0,0
20190415T,143013.0,143013.0,143013.0,143013.0,0
20190416T,137717.0,137717.0,137717.0,137717.0,0
20190418T,95839.0,95839.0,95839.0,95839.0,0
20190422T,122871.0,122871.0,122871.0,122871.0,0
20190423T,140581.0,140581.0,140581.0,140581.0,0
20190424T,133565.0,133565.0,133565.0,133565.0,0
20190425T,96359.0,96359.0,96359.0,96359.0,0
20190426T,124893.0,124893.0,124893.0,124893.0,0
20190430T,132659.0,132659.0,132659.0,132659.0,0
20190502T,117473.0,117473.0,117473.0,117473.0,0
20190503T,124578.0,124578.0,124578.0,124578.0,0
20190506T,133407.0,133407.0,133407.0,133407.0,0
20190507T,152548.0,152548.0,152548.0,152548.0,0
20190508T,155717.0,155717.0,155717.0,155717.0,0
20190509T,120212.0,120212.0,120212.0,120212.0,0
20190510T,134517.0,134517.0,134517.0,134517.0,0
20190513T,148174.0,148174.0,148174.0,148174.0,0
20190514T,155097.0,155097.0,155097.0,155097.0,0
20190515T,153727.0,153727.0,153727.0,153727.0,0
20190516T,119954.0,119954.0,119954.0,119954.0,0
20190517T,142075.0,142075.0,142075.0,142075.0,0
20190520T,152260.0,152260.0,152260.0,152260.0,0
20190521T,170422.0,170422.0,170422.0,170422.0,0
20190522T,179735.0,179735.0,179735.0,179735.0,0
20190523T,121178.0,121178.0,121178.0,121178.0,0
20190524T,127619.0,127619.0,127619.0,127619.0,0
20190527T,122664.0,122664.0,122664.0,122664.0,0
20190528T,120922.0,120922.0,120922.0,120922.0,0
20190529T,107166.0,107166.0,107166.0,107166.0,0
20190530T,82239.0,82239.0,82239.0,82239.0,0
20190531T,93223.0,93223.0,93223.0,93223.0,0
20190603T,130181.0,130181.0,130181.0,130181.0,0
20190604T,123230.0,123230.0,123230.0,123230.0,0
20190606T,98344.0,98344.0,98344.0,98344.0,0
20190607T,129410.0,129410.0,129410.0,129410.0,0
20190610T,126950.0,126950.0,126950.0,126950.0,0
20190611T,122636.0,122636.0,122636.0,122636.0,0
20190612T,129205.0,129205.0,129205.0,129205.0,0
20190613T,103882.0,103882.0,103882.0,103882.0,0
20190614T,119734.0,119734.0,119734.0,119734.0,0
20190617T,123246.0,123246.0,123246.0,123246.0,0
20190618T,132003.0,132003.0,132003.0,132003.0,0
20190619T,141699.0,141699.0,141699.0,141699.0,0
20190620T,100952.0,100952.0,100952.0,100952.0,0
20190621T,120553.0,120553.0,120553.0,120553.0,0
20190624T,117691.0,117691.0,117691.0,117691.0,0
20190625T,117828.0,117828.0,117828.0,117828.0,0
20190626T,123797.0,123797.0,123797.0,123797.0,0
20190627T,81247.0,81247.0,81247.0,81247.0,0
20190628T,111067.0,111067.0,111067.0,111067.0,0
20190701T,122510.0,122510.0,122510.0,122510.0,0
20190702T,122983.0,122983.0,122983.0,122983.0,0
20190703T,131554.0,131554.0,131554.0,131554.0,0
20190704T,101360.0,101360.0,101360.0,101360.0,0
20190705T,116373.0,116373.0,116373.0,116373.0,0
20190708T,122661.0,122661.0,122661.0,122661.0,0
20190709T,125171.0,125171.0,125171.0,125171.0,0
20190710T,122561.0,122561.0,122561.0,122561.0,0
20190711T,92230.0,92230.0,92230.0,92230.0,0
20190712T,111989.0,111989.0,111989.0,111989.0,0
20190715T,119711.0,119711.0,119711.0,119711.0,0
20190716T,122744.0,122744.0,122744.0,122744.0,0
20190717T,117510.0,117510.0,117510.0,117510.0,0
20190718T,88647.0,88647.0,88647.0,88647.0,0
20190719T,109532.0,109532.0,109532.0,109532.0,0
20190722T,126348.0,126348.0,126348.0,126348.0,0
20190723T,128299.0,128299.0,128299.0,128299.0,0
20190724T,130054.0,130054.0,130054.0,130054.0,0
20190725T,90429.0,90429.0,90429.0,90429.0,0
20190726T,117673.0,117673.0,117673.0,117673.0,0
20190729T,138521.0,138521.0,138521.0,138521.0,0
20190730T,144989.0,144989.0,144989.0,144989.0,0
20190731T,150031.0,150031.0,150031.0,150031.0,0
20190801T,109919.0,109919.0,109919.0,109919.0,0
20190802T,138304.0,138304.0,138304.0,138304.0,0
20190805T,141098.0,141098.0,141098.0,141098.0,0
20190806T,150494.0,150494.0,150494.0,150494.0,0
20190807T,143567.0,143567.0,143567.0,143567.0,0
20190808T,142354.0,142354.0,142354.0,142354.0,0
20190809T,152018.0,152018.0,152018.0,152018.0,0
20190813T,142716.0,142716.0,142716.0,142716.0,0
20190814T,129580.0,129580.0,129580.0,129580.0,0
20190816T,167039.0,167039.0,167039.0,167039.0,0
20190819T,148581.0,148581.0,148581.0,148581.0,0
20190820T,155241.0,155241.0,155241.0,155241.0,0
20190821T,151124.0,151124.0,151124.0,151124.0,0
20190822T,128637.0,128637.0,128637.0,128637.0,0
20190823T,150122.0,150122.0,150122.0,150122.0,0
20190826T,158645.0,158645.0,158645.0,158645.0,0
20190827T,167345.0,167345.0,167345.0,167345.0,0
20190828T,143928.0,143928.0,143928.0,143928.0,0
20190829T,159458.0,159458.0,159458.0,159458.0,0
20190830T,120390.0,120390.0,120390.0,120390.0,0
20190903T,133863.0,133863.0,133863.0,133863.0,0
20190904T,163223.0,163223.0,163223.0,163223.0,0
20190905T,124969.0,124969.0,124969.0,124969.0,0
20190906T,151509.0,151509.0,151509.0,151509.0,0
20190909T,154700.0,154700.0,154700.0,154700.0,0
20190911T,164999.0,164999.0,164999.0,164999.0,0
20190912T,116758.0,116758.0,116758.0,116758.0,0
20190913T,165796.0,165796.0,165796.0,165796.0,0
20190916T,176377.0,176377.0,176377.0,176377.0,0
20190917T,178633.0,178633.0,178633.0,178633.0,0
20190918T,176842.0,176842.0,176842.0,176842.0,0
20190919T,144932.0,144932.0,144932.0,144932.0,0
20190920T,215394.0,215394.0,215394.0,215394.0,0
20190923T,211943.0,211943.0,211943.0,211943.0,0
20190924T,207319.0,207319.0,207319.0,207319.0,0
20190925T,203569.0,203569.0,203569.0,203569.0,0
20190926T,96599.0,96599.0,96599.0,96599.0,0
20190927T,132884.0,132884.0,132884.0,132884.0,0
20190930T,147681.0,147681.0,147681.0,147681.0,0
20191001T,154003.0,154003.0,154003.0,154003.0,0
20191003T,95561.0,95561.0,95561.0,95561.0,0
20191004T,129208.0,129208.0,129208.0,129208.0,0
20191007T,131851.0,131851.0,131851.0,131851.0,0
20191009T,149867.0,149867.0,149867.0,149867.0,0
20191010T,99380.0,99380.0,99380.0,99380.0,0
20191011T,141123.0,141123.0,141123.0,141123.0,0
20191014T,129840.0,129840.0,129840.0,129840.0,0
20191015T,147999.0,147999.0,147999.0,147999.0,0
20191016T,146718.0,146718.0,146718.0,146718.0,0
20191017T,117748.0,117748.0,117748.0,117748.0,0
20191018T,137398.0,137398.0,137398.0,137398.0,0
20191022T,142654.0,142654.0,142654.0,142654.0,0
20191023T,147533.0,147533.0,147533.0,147533.0,0
20191024T,104877.0,104877.0,104877.0,104877.0,0
20191025T,122961.0,122961.0,122961.0,122961.0,0
20191029T,165267.0,165267.0,165267.0,165267.0,0
20191030T,181618.0,181618.0,181618.0,181618.0,0
20191031T,111861.0,111861.0,111861.0,111861.0,0
20191101T,136979.0,136979.0,136979.0,136979.0,0
20191104T,145320.0,145320.0,145320.0,145320.0,0
20191105T,147705.0,147705.0,147705.0,147705.0,0
20191106T,166111.0,166111.0,166111.0,166111.0,0
20191107T,129202.0,129202.0,129202.0,129202.0,0
20191108T,148147.0,148147.0,148147.0,148147.0,0
20191111T,164362.0,164362.0,164362.0,164362.0,0
20191113T,168123.0,168123.0,168123.0,168123.0,0
20191114T,137192.0,137192.0,137192.0,137192.0,0
20191115T,132277.0,132277.0,132277.0,132277.0,0
20191118T,152144.0,152144.0,152144.0,152144.0,0
20191119T,163697.0,163697.0,163697.0,163697.0,0
20191120T,147137.0,147137.0,147137.0,147137.0,0
20191121T,113397.0,113397.0,113397.0,113397.0,0
20191122T,120274.0,120274.0,120274.0,120274.0,0
20191125T,149379.0,149379.0,149379.0,149379.0,0
20191126T,147308.0,147308.0,147308.0,147308.0,0
20191127T,143402.0,143402.0,143402.0,143402.0,0
20191128T,105157.0,105157.0,105157.0,105157.0,0
20191129T,121819.0,121819.0,121819.0,121819.0,0
20191202T,141321.0,141321.0,141321.0,141321.0,0
20191203T,154334.0,154334.0,154334.0,154334.0,0
20191204T,161600.0,161600.0,161600.0,161600.0,0
20191205T,100108.0,100108.0,100108.0,100108.0,0
20191206T,127325.0,127325.0,127325.0,127325.0,0
20191209T,149609.0,149609.0,149609.0,149609.0,0
20191210T,133471.0,133471.0,133471.0,133471.0,0
20191211T,154133.0,154133.0,154133.0,154133.0,0
20191212T,111634.0,111634.0,111634.0,111634.0,0
20191213T,136025.0,136025.0,136025.0,136025.0,0
20191216T,140046.0,140046.0,140046.0,140046.0,0
20191217T,160306.0,160306.0,160306.0,160306.0,0
20191218T,170295.0,170295.0,170295.0,170295.0,0
20191219T,123429.0,123429.0,123429.0,123429.0,0
20191220T,146649.0,146649.0,146649.0,146649.0,0
20191223T,149495.0,149495.0,149495.0,149495.0,0
20191224T,145960.0,145960.0,145960.0,145960.0,0
20191226T,92747.0,92747.0,92747.0,92747.0,0
20191227T,130072.0,130072.0,130072.0,130072.0,0
20191230T,142659.0,142659.0,142659.0,142659.0,0
20191231T,153694.0,153694.0,153694.0,153694.0,0
20200101T,146371.0,146371.0,146371.0,146371.0,0
20200102T,135550.0,135550.0,135550.0,135550.0,0
20200103T,151330.0,151330.0,151330.0,151330.0,0
20200106T,162275.0,162275.0,162275.0,162275.0,0
20200107T,183331.0,183331.0,183331.0,183331.0,0
20200108T,194156.0,194156.0,194156.0,194156.0,0
20200109T,128509.0,128509.0,128509.0,128509.0,0
20200110T,141515.0,141515.0,141515.0,141515.0,0
20200113T,161990.0,161990.0,161990.0,161990.0,0
20200114T,170366.0,170366.0,170366.0,170366.0,0
20200115T,161975.0,161975.0,161975.0,161975.0,0
20200116T,118145.0,118145.0,118145.0,118145.0,0
20200117T,132745.0,132745.0,132745.0,132745.0,0
20200120T,158028.0,158028.0,158028.0,158028.0,0
20200121T,162682.0,162682.0,162682.0,162682.0,0
20200122T,170388.0,170388.0,170388.0,170388.0,0
20200123T,120216.0,120216.0,120216.0,120216.0,0
20200124T,146088.0,146088.0,146088.0,146088.0,0
20200127T,146895.0,146895.0,146895.0,146895.0,0
20200128T,152240.0,152240.0,152240.0,152240.0,0
20200129T,150668.0,150668.0,150668.0,150668.0,0
20200130T,83838.0,83838.0,83838.0,83838.0,0
20200131T,115874.0,115874.0,115874.0,115874.0,0
20200203T,144970.0,144970.0,144970.0,144970.0,0
20200204T,149698.0,149698.0,149698.0,149698.0,0
20200205T,190714.0,190714.0,190714.0,190714.0,0
20200206T,123439.0,123439.0,123439.0,123439.0,0
20200207T,136445.0,136445.0,136445.0,136445.0,0
20200210T,142581.0,142581.0,142581.0,142581.0,0
20200211T,152323.0,152323.0,152323.0,152323.0,0
20200212T,175345.0,175345.0,175345.0,175345.0,0
20200213T,126651.0,126651.0,126651.0,126651.0,0
20200214T,141731.0,141731.0,141731.0,141731.0,0
20200217T,156309.0,156309.0,156309.0,156309.0,0
20200218T,160905.0,160905.0,160905.0,160905.0,0
20200219T,167973.0,167973.0,167973.0,167973.0,0
20200220T,107199.0,107199.0,107199.0,107199.0,0
20200224T,143279.0,143279.0,143279.0,143279.0,0
20200225T,150641.0,150641.0,150641.0,150641.0,0
20200226T,146955.0,146955.0,146955.0,146955.0,0
20200227T,93410.0,93410.0,93410.0,93410.0,0
20200228T,129163.0,129163.0,129163.0,129163.0,0
20200302T,139365.0,139365.0,139365.0,139365.0,0
20200303T,171671.0,171671.0,171671.0,171671.0,0
20200304T,171301.0,171301.0,171301.0,171301.0,0
20200305T,124777.0,124777.0,124777.0,124777.0,0
20200306T,139093.0,139093.0,139093.0,139093.0,0
20200309T,152278.0,152278.0,152278.0,152278.0,0
20200311T,165191.0,165191.0,165191.0,165191.0,0
20200312T,110974.0,110974.0,110974.0,110974.0,0
20200313T,154805.0,154805.0,154805.0,154805.0,0
20200316T,174691.0,174691.0,174691.0,174691.0,0
20200317T,179639.0,179639.0,179639.0,179639.0,0
20200318T,177819.0,177819.0,177819.0,177819.0,0
20200319T,119150.0,119150.0,119150.0,119150.0,0
20200320T,144763.0,144763.0,144763.0,144763.0,0
20200323T,132197.0,132197.0,132197.0,132197.0,0
20200324T,133026.0,133026.0,133026.0,133026.0,0
20200325T,143055.0,143055.0,143055.0,143055.0,0
20200326T,43892.0,43892.0,43892.0,43892.0,0
20200327T,60301.0,60301.0,60301.0,60301.0,0
20200330T,80098.0,80098.0,80098.0,80098.0,0
20200331T,78424.0,78424.0,78424.0,78424.0,0
20200401T,68574.0,68574.0,68574.0,68574.0,0
20200403T,95686.0,95686.0,95686.0,95686.0,0
20200407T,100557.0,100557.0,100557.0,100557.0,0
20200408T,111932.0,111932.0,111932.0,111932.0,0
20200409T,65372.0,65372.0,65372.0,65372.0,0
20200413T,87044.0,87044.0,87044.0,87044.0,0
20200415T,103108.0,103108.0,103108.0,103108.0,0
20200416T,75589.0,75589.0,75589.0,75589.0,0
20200417T,95628.0,95628.0,95628.0,95628.0,0
20200420T,112482.0,112482.0,112482.0,112482.0,0
20200421T,116727.0,116727.0,116727.0,116727.0,0
20200422T,128220.0,128220.0,128220.0,128220.0,0
20200423T,86377.0,86377.0,86377.0,86377.0,0
20200424T,100718.0,100718.0,100718.0,100718.0,0
20200427T,118847.0,118847.0,118847.0,118847.0,0
20200428T,126202.0,126202.0,126202.0,126202.0,0
20200429T,125533.0,125533.0,125533.0,125533.0,0
20200430T,62145.0,62145.0,62145.0,62145.0,0
20200504T,104602.0,104602.0,104602.0,104602.0,0
20200505T,122540.0,122540.0,122540.0,122540.0,0
20200506T,117157.0,117157.0,117157.0,117157.0,0
20200507T,76468.0,76468.0,76468.0,76468.0,0
20200508T,116431.0,116431.0,116431.0,116431.0,0
20200511T,136678.0,136678.0,136678.0,136678.0,0
20200512T,135009.0,135009.0,135009.0,135009.0,0
20200513T,174525.0,174525.0,174525.0,174525.0,0
20200514T,113015.0,113015.0,113015.0,113015.0,0
20200515T,147051.0,147051.0,147051.0,147051.0,0
20200518T,155052.0,155052.0,155052.0,155052.0,0
20200519T,153694.0,153694.0,153694.0,153694.0,0
20200520T,150153.0,150153.0,150153.0,150153.0,0
20200521T,105328.0,105328.0,105328.0,105328.0,0
20200522T,142495.0,142495.0,142495.0,142495.0,0
20200526T,144881.0,144881.0,144881.0,144881.0,0
20200527T,148076.0,148076.0,148076.0,148076.0,0
20200528T,93400.0,93400.0,93400.0,93400.0,0
20200529T,126802.0,126802.0,126802.0,126802.0,0
20200601T,164289.0,164289.0,164289.0,164289.0,0
20200602T,180301.0,180301.0,180301.0,180301.0,0
20200603T,193930.0,193930.0,193930.0,193930.0,0
20200604T,116866.0,116866.0,116866.0,116866.0,0
20200605T,161424.0,161424.0,161424.0,161424.0,0
20200608T,205019.0,205019.0,205019.0,205019.0,0
20200609T,217708.0,217708.0,217708.0,217708.0,0
20200610T,226134.0,226134.0,226134.0,226134.0,0
20200611T,146454.0,146454.0,146454.0,146454.0,0
20200612T,179853.0,179853.0,179853.0,179853.0,0
20200615T,189525.0,189525.0,189525.0,189525.0,0
20200616T,204726.0,204726.0,204726.0,204726.0,0
20200617T,224634.0,224634.0,224634.0,224634.0,0
20200618T,141700.0,141700.0,141700.0,141700.0,0
20200619T,184710.0,184710.0,184710.0,184710.0,0
20200622T,184692.0,184692.0,184692.0,184692.0,0
20200623T,201679.0,201679.0,201679.0,201679.0,0
20200624T,229399.0,229399.0,229399.0,229399.0,0
20200625T,103805.0,103805.0,103805.0,103805.0,0
20200626T,162622.0,162622.0,162622.0,162622.0,0
20200629T,180424.0,180424.0,180424.0,180424.0,0
20200630T,208419.0,208419.0,208419.0,208419.0,0
20200701T,235688.0,235688.0,235688.0,235688.0,0
20200702T,155550.0,155550.0,155550.0,155550.0,0
20200703T,216635.0,216635.0,216635.0,216635.0,0
20200706T,247285.0,247285.0,247285.0,247285.0,0
20200707T,228380.0,228380.0,228380.0,228380.0,0
20200708T,235975.0,235975.0,235975.0,235975.0,0
20200709T,166969.0,166969.0,166969.0,166969.0,0
20200710T,205047.0,205047.0,205047.0,205047.0,0
20200713T,232577.0,232577.0,232577.0,232577.0,0
20200714T,249122.0,249122.0,249122.0,249122.0,0
20200715T,243254.0,243254.0,243254.0,243254.0,0
20200716T,152799.0,152799.0,152799.0,152799.0,0
20200717T,216726.0,216726.0,216726.0,216726.0,0
20200720T,231548.0,231548.0,231548.0,231548.0,0
20200721T,247332.0,247332.0,247332.0,247332.0,0
20200722T,248807.0,248807.0,248807.0,248807.0,0
20200723T,143377.0,143377.0,143377.0,143377.0,0
20200724T,171451.0,171451.0,171451.0,171451.0,0
20200727T,198887.0,198887.0,198887.0,198887.0,0
20200728T,189230.0,189230.0,189230.0,189230.0,0
20200729T,217589.0,217589.0,217589.0,217589.0,0
20200730T,127383.0,127383.0,127383.0,127383.0,0
20200803T,205568.0,205568.0,205568.0,205568.0,0
20200804T,224159.0,224159.0,224159.0,224159.0,0
20200805T,234755.0,234755.0,234755.0,234755.0,0
20200806T,139521.0,139521.0,139521.0,139521.0,0
20200807T,189007.0,189007.0,189007.0,189007.0,0
20200810T,182292.0,182292.0,182292.0,182292.0,0
20200811T,218479.0,218479.0,218479.0,218479.0,0
20200812T,229959.0,229959.0,229959.0,229959.0,0
20200813T,154549.0,154549.0,154549.0,154549.0,0
20200814T,200339.0,200339.0,200339.0,200339.0,0
20200817T,207453.0,207453.0,207453.0,207453.0,0
20200818T,239606.0,239606.0,239606.0,239606.0,0
20200819T,222548.0,222548.0,222548.0,222548.0,0
20200820T,143659.0,143659.0,143659.0,143659.0,0
20200821T,170361.0,170361.0,170361.0,170361.0,0
20200824T,201139.0,201139.0,201139.0,201139.0,0
20200825T,204126.0,204126.0,204126.0,204126.0,0
20200826T,244302.0,244302.0,244302.0,244302.0,0
20200827T,133576.0,133576.0,133576.0,133576.0,0
20200828T,189688.0,189688.0,189688.0,189688.0,0
20200831T,219541.0,219541.0,219541.0,219541.0,0
20200901T,232356.0,232356.0,232356.0,232356.0,0
20200902T,228168.0,228168.0,228168.0,228168.0,0
20200903T,142234.0,142234.0,142234.0,142234.0,0
20200904T,178896.0,178896.0,178896.0,178896.0,0
20200907T,211788.0,211788.0,211788.0,211788.0,0
20200908T,209987.0,209987.0,209987.0,209987.0,0
20200909T,252834.0,252834.0,252834.0,252834.0,0
20200910T,158179.0,158179.0,158179.0,158179.0,0
20200911T,189533.0,189533.0,189533.0,189533.0,0
20200914T,251456.0,251456.0,251456.0,251456.0,0
20200915T,225826.0,225826.0,225826.0,225826.0,0
20200916T,256395.0,256395.0,256395.0,256395.0,0
20200917T,143355.0,143355.0,143355.0,143355.0,0
20200918T,187856.0,187856.0,187856.0,187856.0,0
20200921T,210036.0,210036.0,210036.0,210036.0,0
20200922T,226805.0,226805.0,226805.0,226805.0,0
20200923T,240777.0,240777.0,240777.0,240777.0,0
20200924T,156532.0,156532.0,156532.0,156532.0,0
20200925T,190422.0,190422.0,190422.0,190422.0,0
20200928T,203202.0,203202.0,203202.0,203202.0,0
20200929T,211165.0,211165.0,211165.0,211165.0,0
20200930T,229650.0,229650.0,229650.0,229650.0,0
20201001T,154663.0,154663.0,154663.0,154663.0,0
20201005T,199732.0,199732.0,199732.0,199732.0,0
20201006T,231111.0,231111.0,231111.0,231111.0,0
20201007T,261725.0,261725.0,261725.0,261725.0,0
20201008T,155892.0,155892.0,155892.0,155892.0,0
20201009T,193853.0,193853.0,193853.0,193853.0,0
20201012T,244605.0,244605.0,244605.0,244605.0,0
20201013T,251868.0,251868.0,251868.0,251868.0,0
20201014T,243626.0,243626.0,243626.0,243626.0,0
20201015T,153277.0,153277.0,153277.0,153277.0,0
20201016T,209211.0,209211.0,209211.0,209211.0,0
20201019T,237411.0,237411.0,237411.0,237411.0,0
20201020T,239716.0,239716.0,239716.0,239716.0,0
20201021T,231042.0,231042.0,231042.0,231042.0,0
20201022T,152799.0,152799.0,152799.0,152799.0,0
20201023T,194236.0,194236.0,194236.0,194236.0,0
20201026T,228602.0,228602.0,228602.0,228602.0,0
20201027T,226228.0,226228.0,226228.0,226228.0,0
20201028T,227526.0,227526.0,227526.0,227526.0,0
20201029T,126718.0,126718.0,126718.0,126718.0,0
20201030T,174175.0,174175.0,174175.0,174175.0,0
20201102T,230966.0,230966.0,230966.0,230966.0,0
20201103T,215176.0,215176.0,215176.0,215176.0,0
20201104T,233770.0,233770.0,233770.0,233770.0,0
20201105T,157796.0,157796.0,157796.0,157796.0,0
20201106T,211342.0,211342.0,211342.0,211342.0,0
20201109T,239943.0,239943.0,239943.0,239943.0,0
20201110T,271551.0,271551.0,271551.0,271551.0,0
20201111T,302479.0,302479.0,302479.0,302479.0,0
20201112T,160695.0,160695.0,160695.0,160695.0,0
20201113T,209403.0,209403.0,209403.0,209403.0,0
20201117T,254625.0,254625.0,254625.0,254625.0,0
20201118T,270591.0,270591.0,270591.0,270591.0,0
20201119T,178806.0,178806.0,178806.0,178806.0,0
20201120T,200439.0,200439.0,200439.0,200439.0,0
20201123T,253187.0,253187.0,253187.0,253187.0,0
20201124T,211768.0,211768.0,211768.0,211768.0,0
20201125T,276121.0,276121.0,276121.0,276121.0,0
20201126T,147533.0,147533.0,147533.0,147533.0,0
20201127T,213500.0,213500.0,213500.0,213500.0,0
20201201T,280796.0,280796.0,280796.0,280796.0,0
20201202T,252253.0,252253.0,252253.0,252253.0,0
20201203T,150382.0,150382.0,150382.0,150382.0,0
20201204T,219214.0,219214.0,219214.0,219214.0,0
20201207T,242401.0,242401.0,242401.0,242401.0,0
20201208T,256924.0,256924.0,256924.0,256924.0,0
20201209T,275790.0,275790.0,275790.0,275790.0,0
20201210T,155587.0,155587.0,155587.0,155587.0,0
20201211T,225120.0,225120.0,225120.0,225120.0,0
20201214T,259583.0,259583.0,259583.0,259583.0,0
20201215T,269459.0,269459.0,269459.0,269459.0,0
20201216T,285289.0,285289.0,285289.0,285289.0,0
20201217T,178828.0,178828.0,178828.0,178828.0,0
20201218T,241245.0,241245.0,241245.0,241245.0,0
20201221T,299797.0,299797.0,299797.0,299797.0,0
20201222T,269050.0,269050.0,269050.0,269050.0,0
20201223T,288505.0,288505.0,288505.0,288505.0,0
20201224T,157341.0,157341.0,157341.0,157341.0,0
20201228T,203137.0,203137.0,203137.0,203137.0,0
20201229T,234068.0,234068.0,234068.0,234068.0,0
20201230T,259087.0,259087.0,259087.0,259087.0,0
20201231T,134541.0,134541.0,134541.0,134541.0,0
20210101T,218411.0,218411.0,218411.0,218411.0,0
20210104T,264788.0,264788.0,264788.0,264788.0,0
20210105T,285432.0,285432.0,285432.0,285432.0,0
20210106T,290718.0,290718.0,290718.0,290718.0,0
20210107T,203210.0,203210.0,203210.0,203210.0,0
20210108T,239892.0,239892.0,239892.0,239892.0,0
20210111T,285193.0,285193.0,285193.0,285193.0,0
20210112T,306391.0,306391.0,306391.0,306391.0,0
20210113T,300000.0,300000.0,300000.0,300000.0,0
20210114T,196414.0,196414.0,196414.0,196414.0,0
20210115T,281264.0,281264.0,281264.0,281264.0,0
20210118T,307140.0,307140.0,307140.0,307140.0,0
20210119T,264940.0,264940.0,264940.0,264940.0,0
20210120T,270830.0,270830.0,270830.0,270830.0,0
20210121T,149665.0,149665.0,149665.0,149665.0,0
20210122T,271414.0,271414.0,271414.0,271414.0,0
20210125T,259692.0,259692.0,259692.0,259692.0,0
20210127T,314709.0,314709.0,314709.0,314709.0,0
20210128T,122287.0,122287.0,122287.0,122287.0,0
20210129T,217290.0,217290.0,217290.0,217290.0,0
20210201T,266958.0,266958.0,266958.0,266958.0,0
20210202T,283858.0,283858.0,283858.0,283858.0,0
20210203T,306344.0,306344.0,306344.0,306344.0,0
20210204T,152598.0,152598.0,152598.0,152598.0,0
20210205T,236266.0,236266.0,236266.0,236266.0,0
20210208T,302626.0,302626.0,302626.0,302626.0,0
20210209T,308993.0,308993.0,308993.0,308993.0,0
20210210T,315380.0,315380.0,315380.0,315380.0,0
20210211T,171288.0,171288.0,171288.0,171288.0,0
20210212T,251219.0,251219.0,251219.0,251219.0,0
20210215T,272748.0,272748.0,272748.0,272748.0,0
20210216T,318304.0,318304.0,318304.0,318304.0,0
20210217T,323938.0,323938.0,323938.0,323938.0,0
20210218T,194018.0,194018.0,194018.0,194018.0,0
20210219T,235206.0,235206.0,235206.0,235206.0,0
20210222T,278236.0,278236.0,278236.0,278236.0,0
20210223T,293051.0,293051.0,293051.0,293051.0,0
20210224T,279173.0,279173.0,279173.0,279173.0,0
20210225T,146804.0,146804.0,146804.0,146804.0,0
20210226T,272381.0,272381.0,272381.0,272381.0,0
20210301T,310605.0,310605.0,310605.0,310605.0,0
20210302T,348929.0,348929.0,348929.0,348929.0,0
20210303T,340319.0,340319.0,340319.0,340319.0,0
20210304T,169956.0,169956.0,169956.0,169956.0,0
20210305T,284833.0,284833.0,284833.0,284833.0,0
20210308T,348136.0,348136.0,348136.0,348136.0,0
20210309T,325041.0,325041.0,325041.0,325041.0,0
20210310T,177481.0,177481.0,177481.0,177481.0,0
20210312T,299652.0,299652.0,299652.0,299652.0,0
20210315T,310605.0,310605.0,310605.0,310605.0,0
20210316T,348794.0,348794.0,348794.0,348794.0,0
20210317T,353864.0,353864.0,353864.0,353864.0,0
20210318T,198230.0,198230.0,198230.0,198230.0,0
20210319T,290107.0,290107.0,290107.0,290107.0,0
20210322T,323197.0,323197.0,323197.0,323197.0,0
20210323T,331373.0,331373.0,331373.0,331373.0,0
20210324T,356434.0,356434.0,356434.0,356434.0,0
20210325T,176729.0,176729.0,176729.0,176729.0,0
20210326T,291430.0,291430.0,291430.0,291430.0,0
20210330T,347825.0,347825.0,347825.0,347825.0,0
20210331T,349986.0,349986.0,349986.0,349986.0,0
20210401T,177626.0,177626.0,177626.0,177626.0,0
20210405T,289975.0,289975.0,289975.0,289975.0,0
20210406T,333177.0,333177.0,333177.0,333177.0,0
20210407T,352500.0,352500.0,352500.0,352500.0,0
20210408T,179404.0,179404.0,179404.0,179404.0,0
20210409T,284025.0,284025.0,284025.0,284025.0,0
20210412T,344316.0,344316.0,344316.0,344316.0,0
20210413T,353460.0,353460.0,353460.0,353460.0,0
20210415T,204457.0,204457.0,204457.0,204457.0,0
20210416T,267439.0,267439.0,267439.0,267439.0,0
20210419T,331197.0,331197.0,331197.0,331197.0,0
20210420T,335935.0,335935.0,335935.0,335935.0,0
20210422T,211405.0,211405.0,211405.0,211405.0,0
20210423T,276064.0,276064.0,276064.0,276064.0,0
20210426T,305786.0,305786.0,305786.0,305786.0,0
20210427T,335209.0,335209.0,335209.0,335209.0,0
20210428T,312349.0,312349.0,312349.0,312349.0,0
20210429T,116058.0,116058.0,116058.0,116058.0,0
20210430T,211806.0,211806.0,211806.0,211806.0,0
20210503T,297465.0,297465.0,297465.0,297465.0,0
20210504T,327481.0,327481.0,327481.0,327481.0,0
20210505T,347706.0,347706.0,347706.0,347706.0,0
20210506T,169169.0,169169.0,169169.0,169169.0,0
20210507T,281951.0,281951.0,281951.0,281951.0,0
20210510T,358847.0,358847.0,358847.0,358847.0,0
20210511T,354984.0,354984.0,354984.0,354984.0,0
20210512T,177260.0,177260.0,177260.0,177260.0,0
20210514T,317140.0,317140.0,317140.0,317140.0,0
20210517T,363739.0,363739.0,363739.0,363739.0,0
20210518T,355593.0,355593.0,355593.0,355593.0,0
20210519T,375585.0,375585.0,375585.0,375585.0,0
20210520T,180619.0,180619.0,180619.0,180619.0,0
20210521T,274912.0,274912.0,274912.0,274912.0,0
20210524T,286041.0,286041.0,286041.0,286041.0,0
20210525T,343361.0,343361.0,343361.0,343361.0,0
20210526T,329225.0,329225.0,329225.0,329225.0,0
20210527T,170067.0,170067.0,170067.0,170067.0,0
20210528T,290263.0,290263.0,290263.0,290263.0,0
20210531T,342013.0,342013.0,342013.0,342013.0,0
20210601T,400798.0,400798.0,400798.0,400798.0,0
20210602T,375546.0,375546.0,375546.0,375546.0,0
20210603T,180356.0,180356.0,180356.0,180356.0,0
20210604T,321284.0,321284.0,321284.0,321284.0,0
20210607T,356971.0,356971.0,356971.0,356971.0,0
20210608T,387991.0,387991.0,387991.0,387991.0,0
20210609T,397696.0,397696.0,397696.0,397696.0,0
20210610T,179765.0,179765.0,179765.0,179765.0,0
20210611T,330271.0,330271.0,330271.0,330271.0,0
20210614T,321830.0,321830.0,321830.0,321830.0,0
20210615T,368028.0,368028.0,368028.0,368028.0,0
20210616T,421832.0,421832.0,421832.0,421832.0,0
20210617T,212167.0,212167.0,212167.0,212167.0,0
20210618T,282843.0,282843.0,282843.0,282843.0,0
20210621T,333684.0,333684.0,333684.0,333684.0,0
20210622T,358185.0,358185.0,358185.0,358185.0,0
20210623T,381128.0,381128.0,381128.0,381128.0,0
20210624T,185582.0,185582.0,185582.0,185582.0,0
20210625T,294552.0,294552.0,294552.0,294552.0,0
20210628T,381402.0,381402.0,381402.0,381402.0,0
20210629T,459407.0,459407.0,459407.0,459407.0,0
20210630T,454383.0,454383.0,454383.0,454383.0,0
20210701T,241425.0,241425.0,241425.0,241425.0,0
20210702T,333496.0,333496.0,333496.0,333496.0,0
20210705T,413885.0,413885.0,413885.0,413885.0,0
20210706T,440539.0,440539.0,440539.0,440539.0,0
20210707T,448281.0,448281.0,448281.0,448281.0,0
20210708T,259243.0,259243.0,259243.0,259243.0,0
20210709T,375577.0,375577.0,375577.0,375577.0,0
20210712T,443519.0,443519.0,443519.0,443519.0,0
20210713T,475396.0,475396.0,475396.0,475396.0,0
20210714T,475574.0,475574.0,475574.0,475574.0,0
20210715T,281695.0,281695.0,281695.0,281695.0,0
20210716T,395953.0,395953.0,395953.0,395953.0,0
20210719T,457434.0,457434.0,457434.0,457434.0,0
20210720T,473460.0,473460.0,473460.0,473460.0,0
20210722T,256194.0,256194.0,256194.0,256194.0,0
20210723T,375872.0,375872.0,375872.0,375872.0,0
20210726T,429924.0,429924.0,429924.0,429924.0,0
20210727T,464025.0,464025.0,464025.0,464025.0,0
20210728T,474219.0,474219.0,474219.0,474219.0,0
20210729T,254187.0,254187.0,254187.0,254187.0,0
20210730T,389604.0,389604.0,389604.0,389604.0,0
20210802T,489906.0,489906.0,489906.0,489906.0,0
20210803T,563816.0,563816.0,563816.0,563816.0,0
20210804T,599845.0,599845.0,599845.0,599845.0,0
20210805T,278215.0,278215.0,278215.0,278215.0,0
20210806T,417971.0,417971.0,417971.0,417971.0,0
20210809T,438024.0,438024.0,438024.0,438024.0,0
20210810T,520963.0,520963.0,520963.0,520963.0,0
20210811T,538905.0,538905.0,538905.0,538905.0,0
20210812T,278285.0,278285.0,278285.0,278285.0,0
20210813T,429212.0,429212.0,429212.0,429212.0,0
20210816T,502360.0,502360.0,502360.0,502360.0,0
20210817T,494035.0,494035.0,494035.0,494035.0,0
20210818T,268932.0,268932.0,268932.0,268932.0,0
20210820T,369749.0,369749.0,369749.0,369749.0,0
20210823T,397829.0,397829.0,397829.0,397829.0,0
20210824T,448316.0,448316.0,448316.0,448316.0,0
20210825T,465530.0,465530.0,465530.0,465530.0,0
20210826T,266739.0,266739.0,266739.0,266739.0,0
20210827T,397328.0,397328.0,397328.0,397328.0,0
20210830T,466256.0,466256.0,466256.0,466256.0,0
20210831T,508425.0,508425.0,508425.0,508425.0,0
20210901T,606987.0,606987.0,606987.0,606987.0,0
20210902T,329884.0,329884.0,329884.0,329884.0,0
20210903T,437168.0,437168.0,437168.0,437168.0,0
20210906T,578465.0,578465.0,578465.0,578465.0,0
20210907T,538486.0,538486.0,538486.0,538486.0,0
20210908T,583200.0,583200.0,583200.0,583200.0,0
20210909T,313814.0,313814.0,313814.0,313814.0,0
20210913T,480122.0,480122.0,480122.0,480122.0,0
20210914T,544294.0,544294.0,544294.0,544294.0,0
20210915T,547402.0,547402.0,547402.0,547402.0,0
20210916T,322494.0,322494.0,322494.0,322494.0,0
20210917T,484697.0,484697.0,484697.0,484697.0,0
20210920T,535966.0,535966.0,535966.0,535966.0,0
20210921T,566819.0,566819.0,566819.0,566819.0,0
20210922T,605889.0,605889.0,605889.0,605889.0,0
20210923T,339474.0,339474.0,339474.0,339474.0,0
20210924T,461588.0,461588.0,461588.0,461588.0,0
20210927T,517760.0,517760.0,517760.0,517760.0,0
20210928T,544298.0,544298.0,544298.0,544298.0,0
20210929T,528213.0,528213.0,528213.0,528213.0,0
20210930T,307620.0,307620.0,307620.0,307620.0,0
20211001T,422185.0,422185.0,422185.0,422185.0,0
20211004T,477512.0,477512.0,477512.0,477512.0,0
20211005T,524677.0,524677.0,524677.0,524677.0,0
20211006T,606423.0,606423.0,606423.0,606423.0,0
20211007T,297443.0,297443.0,297443.0,297443.0,0
20211008T,472352.0,472352.0,472352.0,472352.0,0
20211011T,549513.0,549513.0,549513.0,549513.0,0
20211012T,584004.0,584004.0,584004.0,584004.0,0
20211013T,593186.0,593186.0,593186.0,593186.0,0
20211014T,317709.0,317709.0,317709.0,317709.0,0
20211018T,454398.0,454398.0,454398.0,454398.0,0
20211019T,516111.0,516111.0,516111.0,516111.0,0
20211020T,558834.0,558834.0,558834.0,558834.0,0
20211021T,378768.0,378768.0,378768.0,378768.0,0
20211022T,506064.0,506064.0,506064.0,506064.0,0
20211025T,517803.0,517803.0,517803.0,517803.0,0
20211026T,544290.0,544290.0,544290.0,544290.0,0
20211027T,557825.0,557825.0,557825.0,557825.0,0
20211028T,348693.0,348693.0,348693.0,348693.0,0
20211029T,562864.0,562864.0,562864.0,562864.0,0
20211101T,657864.0,657864.0,657864.0,657864.0,0
20211102T,659110.0,659110.0,659110.0,659110.0,0
20211103T,331689.0,331689.0,331689.0,331689.0,0
20211108T,586813.0,586813.0,586813.0,586813.0,0
20211109T,651915.0,651915.0,651915.0,651915.0,0
20211110T,664019.0,664019.0,664019.0,664019.0,0
20211111T,380463.0,380463.0,380463.0,380463.0,0
20211112T,547554.0,547554.0,547554.0,547554.0,0
20211115T,615699.0,615699.0,615699.0,615699.0,0
20211116T,645060.0,645060.0,645060.0,645060.0,0
20211117T,697839.0,697839.0,697839.0,697839.0,0
20211118T,408384.0,408384.0,408384.0,408384.0,0
20211122T,572614.0,572614.0,572614.0,572614.0,0
20211123T,538267.0,538267.0,538267.0,538267.0,0
20211124T,610517.0,610517.0,610517.0,610517.0,0
20211125T,285714.0,285714.0,285714.0,285714.0,0
20211126T,521049.0,521049.0,521049.0,521049.0,0
20211129T,661835.0,661835.0,661835.0,661835.0,0
20211130T,620973.0,620973.0,620973.0,620973.0,0
20211201T,707323.0,707323.0,707323.0,707323.0,0
20211202T,355639.0,355639.0,355639.0,355639.0,0
20211203T,570244.0,570244.0,570244.0,570244.0,0
20211206T,674827.0,674827.0,674827.0,674827.0,0
20211207T,668730.0,668730.0,668730.0,668730.0,0
20211208T,723282.0,723282.0,723282.0,723282.0,0
20211209T,315321.0,315321.0,315321.0,315321.0,0
20211210T,465094.0,465094.0,465094.0,465094.0,0
20211213T,678752.0,678752.0,678752.0,678752.0,0
20211214T,703715.0,703715.0,703715.0,703715.0,0
20211215T,795453.0,795453.0,795453.0,795453.0,0
20211216T,415298.0,415298.0,415298.0,415298.0,0
20211217T,657841.0,657841.0,657841.0,657841.0,0
20211220T,781533.0,781533.0,781533.0,781533.0,0
20211221T,692817.0,692817.0,692817.0,692817.0,0
20211222T,748655.0,748655.0,748655.0,748655.0,0
20211223T,339530.0,339530.0,339530.0,339530.0,0
20211224T,486789.0,486789.0,486789.0,486789.0,0
20211227T,546376.0,546376.0,546376.0,546376.0,0
20211228T,541405.0,541405.0,541405.0,541405.0,0
20211229T,638381.0,638381.0,638381.0,638381.0,0
20211230T,320821.0,320821.0,320821.0,320821.0,0
20211231T,442443.0,442443.0,442443.0,442443.0,0
20220103T,524049.0,524049.0,524049.0,524049.0,0
20220104T,486161.0,486161.0,486161.0,486161.0,0
20220105T,533418.0,533418.0,533418.0,533418.0,0
20220106T,377155.0,377155.0,377155.0,377155.0,0
20220107T,521936.0,521936.0,521936.0,521936.0,0
20220110T,536411.0,536411.0,536411.0,536411.0,0
20220111T,561476.0,561476.0,561476.0,561476.0,0
20220112T,626965.0,626965.0,626965.0,626965.0,0
20220113T,415050.0,415050.0,415050.0,415050.0,0
20220114T,566249.0,566249.0,566249.0,566249.0,0
20220117T,622692.0,622692.0,622692.0,622692.0,0
20220118T,594214.0,594214.0,594214.0,594214.0,0
20220119T,654615.0,654615.0,654615.0,654615.0,0
20220120T,426848.0,426848.0,426848.0,426848.0,0
20220121T,532597.0,532597.0,532597.0,532597.0,0
20220124T,723784.0,723784.0,723784.0,723784.0,0
20220125T,607617.0,607617.0,607617.0,607617.0,0
20220127T,307943.0,307943.0,307943.0,307943.0,0
20220128T,525057.0,525057.0,525057.0,525057.0,0
20220131T,614956.0,614956.0,614956.0,614956.0,0
20220201T,717797.0,717797.0,717797.0,717797.0,0
20220202T,638271.0,638271.0,638271.0,638271.0,0
20220203T,380661.0,380661.0,380661.0,380661.0,0
20220204T,600369.0,600369.0,600369.0,600369.0,0
20220207T,762392.0,762392.0,762392.0,762392.0,0
20220208T,739576.0,739576.0,739576.0,739576.0,0
20220209T,667490.0,667490.0,667490.0,667490.0,0
20220210T,385363.0,385363.0,385363.0,385363.0,0
20220211T,486213.0,486213.0,486213.0,486213.0,0
20220214T,705573.0,705573.0,705573.0,705573.0,0
20220215T,784809.0,784809.0,784809.0,784809.0,0
20220216T,669727.0,669727.0,669727.0,669727.0,0
20220217T,422793.0,422793.0,422793.0,422793.0,0
20220218T,556252.0,556252.0,556252.0,556252.0,0
20220221T,639392.0,639392.0,639392.0,639392.0,0
20220222T,680623.0,680623.0,680623.0,680623.0,0
20220223T,803336.0,803336.0,803336.0,803336.0,0
20220224T,389414.0,389414.0,389414.0,389414.0,0
20220225T,498049.0,498049.0,498049.0,498049.0,0
20220228T,612888.0,612888.0,612888.0,612888.0,0
20220302T,795645.0,795645.0,795645.0,795645.0,0
20220303T,412538.0,412538.0,412538.0,412538.0,0
20220304T,589858.0,589858.0,589858.0,589858.0,0
20220307T,777895.0,777895.0,777895.0,777895.0,0
20220308T,915072.0,915072.0,915072.0,915072.0,0
20220309T,873744.0,873744.0,873744.0,873744.0,0
20220310T,441315.0,441315.0,441315.0,441315.0,0
20220311T,628489.0,628489.0,628489.0,628489.0,0
20220314T,766148.0,766148.0,766148.0,766148.0,0
20220315T,839695.0,839695.0,839695.0,839695.0,0
20220316T,882380.0,882380.0,882380.0,882380.0,0
20220317T,446466.0,446466.0,446466.0,446466.0,0
20220321T,818042.0,818042.0,818042.0,818042.0,0
20220322T,804825.0,804825.0,804825.0,804825.0,0
20220323T,960469.0,960469.0,960469.0,960469.0,0
20220324T,531152.0,531152.0,531152.0,531152.0,0
20220325T,705054.0,705054.0,705054.0,705054.0,0
20220328T,745146.0,745146.0,745146.0,745146.0,0
20220329T,790265.0,790265.0,790265.0,790265.0,0
20220330T,714560.0,714560.0,714560.0,714560.0,0
20220331T,425137.0,425137.0,425137.0,425137.0,0
20220401T,596918.0,596918.0,596918.0,596918.0,0
20220404T,605492.0,605492.0,605492.0,605492.0,0
20220405T,779612.0,779612.0,779612.0,779612.0,0
20220406T,860302.0,860302.0,860302.0,860302.0,0
20220407T,438856.0,438856.0,438856.0,438856.0,0
20220408T,630799.0,630799.0,630799.0,630799.0,0
20220411T,745429.0,745429.0,745429.0,745429.0,0
20220412T,771543.0,771543.0,771543.0,771543.0,0
20220413T,427785.0,427785.0,427785.0,427785.0,0
20220418T,761725.0,761725.0,761725.0,761725.0,0
20220419T,797245.0,797245.0,797245.0,797245.0,0
20220420T,814066.0,814066.0,814066.0,814066.0,0
20220421T,412852.0,412852.0,412852.0,412852.0,0
20220422T,723214.0,723214.0,723214.0,723214.0,0
20220425T,854757.0,854757.0,854757.0,854757.0,0
20220426T,726231.0,726231.0,726231.0,726231.0,0
20220427T,817285.0,817285.0,817285.0,817285.0,0
20220428T,349677.0,349677.0,349677.0,349677.0,0
20220429T,628128.0,628128.0,628128.0,628128.0,0
20220502T,668321.0,668321.0,668321.0,668321.0,0
20220504T,933196.0,933196.0,933196.0,933196.0,0
20220505T,530225.0,530225.0,530225.0,530225.0,0
20220506T,701245.0,701245.0,701245.0,701245.0,0
20220509T,779356.0,779356.0,779356.0,779356.0,0
20220510T,885582.0,885582.0,885582.0,885582.0,0
20220511T,865407.0,865407.0,865407.0,865407.0,0
20220512T,620113.0,620113.0,620113.0,620113.0,0
20220513T,752080.0,752080.0,752080.0,752080.0,0
20220516T,817630.0,817630.0,817630.0,817630.0,0
20220517T,811088.0,811088.0,811088.0,811088.0,0
20220518T,868891.0,868891.0,868891.0,868891.0,0
20220519T,577445.0,577445.0,577445.0,577445.0,0
20220520T,672958.0,672958.0,672958.0,672958.0,0
20220523T,614386.0,614386.0,614386.0,614386.0,0
20220524T,758924.0,758924.0,758924.0,758924.0,0
20220525T,859387.0,859387.0,859387.0,859387.0,0
20220526T,443481.0,443481.0,443481.0,443481.0,0
20220527T,667983.0,667983.0,667983.0,667983.0,0
20220530T,735348.0,735348.0,735348.0,735348.0,0
20220531T,736714.0,736714.0,736714.0,736714.0,0
20220601T,873032.0,873032.0,873032.0,873032.0,0
20220602T,532081.0,532081.0,532081.0,532081.0,0
20220603T,779652.0,779652.0,779652.0,779652.0,0
20220606T,867970.0,867970.0,867970.0,867970.0,0
20220607T,881984.0,881984.0,881984.0,881984.0,0
20220608T,903161.0,903161.0,903161.0,903161.0,0
20220609T,453422.0,453422.0,453422.0,453422.0,0
20220610T,723083.0,723083.0,723083.0,723083.0,0
20220613T,841614.0,841614.0,841614.0,841614.0,0
20220614T,811779.0,811779.0,811779.0,811779.0,0
20220615T,897884.0,897884.0,897884.0,897884.0,0
20220616T,636453.0,636453.0,636453.0,636453.0,0
20220617T,845232.0,845232.0,845232.0,845232.0,0
20220620T,959737.0,959737.0,959737.0,959737.0,0
20220621T,822576.0,822576.0,822576.0,822576.0,0
20220622T,948622.0,948622.0,948622.0,948622.0,0
20220623T,486835.0,486835.0,486835.0,486835.0,0
20220624T,620337.0,620337.0,620337.0,620337.0,0
20220627T,743457.0,743457.0,743457.0,743457.0,0
20220628T,772956.0,772956.0,772956.0,772956.0,0
20220629T,763766.0,763766.0,763766.0,763766.0,0
20220630T,411598.0,411598.0,411598.0,411598.0,0
20220701T,687282.0,687282.0,687282.0,687282.0,0
20220704T,805366.0,805366.0,805366.0,805366.0,0
20220705T,760218.0,760218.0,760218.0,760218.0,0
20220706T,878664.0,878664.0,878664.0,878664.0,0
20220707T,511009.0,511009.0,511009.0,511009.0,0
20220708T,683264.0,683264.0,683264.0,683264.0,0
20220711T,717793.0,717793.0,717793.0,717793.0,0
20220712T,803890.0,803890.0,803890.0,803890.0,0
20220713T,927070.0,927070.0,927070.0,927070.0,0
20220714T,520096.0,520096.0,520096.0,520096.0,0
20220715T,675283.0,675283.0,675283.0,675283.0,0
20220718T,732794.0,732794.0,732794.0,732794.0,0
20220719T,769596.0,769596.0,769596.0,769596.0,0
20220720T,768615.0,768615.0,768615.0,768615.0,0
20220721T,447133.0,447133.0,447133.0,447133.0,0
20220722T,614905.0,614905.0,614905.0,614905.0,0
20220725T,757660.0,757660.0,757660.0,757660.0,0
20220726T,754021.0,754021.0,754021.0,754021.0,0
20220727T,887667.0,887667.0,887667.0,887667.0,0
20220728T,467978.0,467978.0,467978.0,467978.0,0
20220729T,646038.0,646038.0,646038.0,646038.0,0
20220801T,739917.0,739917.0,739917.0,739917.0,0
20220802T,752839.0,752839.0,752839.0,752839.0,0
20220803T,916604.0,916604.0,916604.0,916604.0,0
20220804T,571655.0,571655.0,571655.0,571655.0,0
20220805T,750264.0,750264.0,750264.0,750264.0,0
20220808T,792413.0,792413.0,792413.0,792413.0,0
20220810T,815197.0,815197.0,815197.0,815197.0,0
20220811T,502019.0,502019.0,502019.0,502019.0,0
20220812T,675637.0,675637.0,675637.0,675637.0,0
20220816T,782094.0,782094.0,782094.0,782094.0,0
20220817T,852465.0,852465.0,852465.0,852465.0,0
20220818T,509163.0,509163.0,509163.0,509163.0,0
20220819T,866659.0,866659.0,866659.0,866659.0,0
20220822T,887630.0,887630.0,887630.0,887630.0,0
20220823T,893460.0,893460.0,893460.0,893460.0,0
20220824T,858466.0,858466.0,858466.0,858466.0,0
20220825T,548601.0,548601.0,548601.0,548601.0,0
20220826T,806142.0,806142.0,806142.0,806142.0,0
20220829T,916595.0,916595.0,916595.0,916595.0,0
20220830T,941576.0,941576.0,941576.0,941576.0,0
20220901T,578426.0,578426.0,578426.0,578426.0,0
20220902T,780546.0,780546.0,780546.0,780546.0,0
20220905T,898157.0,898157.0,898157.0,898157.0,0
20220906T,986638.0,986638.0,986638.0,986638.0,0
20220907T,989492.0,989492.0,989492.0,989492.0,0
20220908T,659348.0,659348.0,659348.0,659348.0,0
20220909T,873287.0,873287.0,873287.0,873287.0,0
20220912T,951266.0,951266.0,951266.0,951266.0,0
20220913T,839789.0,839789.0,839789.0,839789.0,0
20220914T,815024.0,815024.0,815024.0,815024.0,0
20220915T,590882.0,590882.0,590882.0,590882.0,0
20220916T,858335.0,858335.0,858335.0,858335.0,0
20220919T,850018.0,850018.0,850018.0,850018.0,0
20220920T,778560.0,778560.0,778560.0,778560.0,0
20220921T,931521.0,931521.0,931521.0,931521.0,0
20220922T,616907.0,616907.0,616907.0,616907.0,0
20220923T,956937.0,956937.0,956937.0,956937.0,0
20220926T,938248.0,938248.0,938248.0,938248.0,0
20220927T,915355.0,915355.0,915355.0,915355.0,0
20220928T,942294.0,942294.0,942294.0,942294.0,0
20220929T,460177.0,460177.0,460177.0,460177.0,0
20220930T,681363.0,681363.0,681363.0,681363.0,0
20221003T,823431.0,823431.0,823431.0,823431.0,0
20221004T,823680.0,823680.0,823680.0,823680.0,0
20221006T,509647.0,509647.0,509647.0,509647.0,0
20221007T,894157.0,894157.0,894157.0,894157.0,0
20221010T,843688.0,843688.0,843688.0,843688.0,0
20221011T,1033828.0,1033828.0,1033828.0,1033828.0,0
20221012T,972397.0,972397.0,972397.0,972397.0,0
20221013T,612518.0,612518.0,612518.0,612518.0,0
20221014T,764458.0,764458.0,764458.0,764458.0,0
20221017T,922697.0,922697.0,922697.0,922697.0,0
20221018T,786930.0,786930.0,786930.0,786930.0,0
20221019T,887027.0,887027.0,887027.0,887027.0,0
20221020T,472585.0,472585.0,472585.0,472585.0,0
20221021T,704045.0,704045.0,704045.0,704045.0,0
20221025T,809658.0,809658.0,809658.0,809658.0,0
20221027T,569670.0,569670.0,569670.0,569670.0,0
20221028T,853281.0,853281.0,853281.0,853281.0,0
20221031T,960344.0,960344.0,960344.0,960344.0,0
20221101T,903191.0,903191.0,903191.0,903191.0,0
20221102T,970179.0,970179.0,970179.0,970179.0,0
20221103T,558092.0,558092.0,558092.0,558092.0,0
20221104T,820010.0,820010.0,820010.0,820010.0,0
20221107T,789946.0,789946.0,789946.0,789946.0,0
20221109T,992180.0,992180.0,992180.0,992180.0,0
20221110T,656622.0,656622.0,656622.0,656622.0,0
20221111T,834369.0,834369.0,834369.0,834369.0,0
20221114T,927750.0,927750.0,927750.0,927750.0,0
20221115T,866904.0,866904.0,866904.0,866904.0,0
20221116T,945318.0,945318.0,945318.0,945318.0,0
20221117T,620174.0,620174.0,620174.0,620174.0,0
20221118T,769161.0,769161.0,769161.0,769161.0,0
20221121T,898650.0,898650.0,898650.0,898650.0,0
20221122T,811989.0,811989.0,811989.0,811989.0,0
20221123T,910090.0,910090.0,910090.0,910090.0,0
20221124T,511270.0,511270.0,511270.0,511270.0,0
20221125T,757634.0,757634.0,757634.0,757634.0,0
20221128T,870300.0,870300.0,870300.0,870300.0,0
20221129T,868882.0,868882.0,868882.0,868882.0,0
20221130T,877063.0,877063.0,877063.0,877063.0,0
20221201T,526763.0,526763.0,526763.0,526763.0,0
20221202T,756779.0,756779.0,756779.0,756779.0,0
20221205T,934258.0,934258.0,934258.0,934258.0,0
20221206T,835670.0,835670.0,835670.0,835670.0,0
20221207T,977498.0,977498.0,977498.0,977498.0,0
20221208T,567323.0,567323.0,567323.0,567323.0,0
20221209T,805737.0,805737.0,805737.0,805737.0,0
20221212T,918913.0,918913.0,918913.0,918913.0,0
20221213T,908405.0,908405.0,908405.0,908405.0,0
20221214T,948301.0,948301.0,948301.0,948301.0,0
20221215T,605464.0,605464.0,605464.0,605464.0,0
20221216T,835552.0,835552.0,835552.0,835552.0,0
20221219T,883433.0,883433.0,883433.0,883433.0,0
20221220T,830776.0,830776.0,830776.0,830776.0,0
20221221T,1221627.0,1221627.0,1221627.0,1221627.0,0
20221222T,610440.0,610440.0,610440.0,610440.0,0
20221223T,842711.0,842711.0,842711.0,842711.0,0
20221226T,882162.0,882162.0,882162.0,882162.0,0
20221227T,767626.0,767626.0,767626.0,767626.0,0
20221228T,860195.0,860195.0,860195.0,860195.0,0
20221229T,375684.0,375684.0,375684.0,375684.0,0
20221230T,802200.0,802200.0,802200.0,802200.0,0
20230102T,970701.0,970701.0,970701.0,970701.0,0
20230103T,820518.0,820518.0,820518.0,820518.0,0
20230104T,1237060.0,1237060.0,1237060.0,1237060.0,0
20230105T,641884.0,641884.0,641884.0,641884.0,0
20230106T,1021211.0,1021211.0,1021211.0,1021211.0,0
20230109T,1032788.0,1032788.0,1032788.0,1032788.0,0
20230110T,1133493.0,1133493.0,1133493.0,1133493.0,0
20230111T,1093063.0,1093063.0,1093063.0,1093063.0,0
20230112T,642949.0,642949.0,642949.0,642949.0,0
20230113T,780963.0,780963.0,780963.0,780963.0,0
20230116T,1106361.0,1106361.0,1106361.0,1106361.0,0
20230117T,842150.0,842150.0,842150.0,842150.0,0
20230118T,943568.0,943568.0,943568.0,943568.0,0
20230119T,560211.0,560211.0,560211.0,560211.0,0
20230120T,848940.0,848940.0,848940.0,848940.0,0
20230123T,965225.0,965225.0,965225.0,965225.0,0
20230124T,949723.0,949723.0,949723.0,949723.0,0
20230125T,576276.0,576276.0,576276.0,576276.0,0
20230127T,1040811.0,1040811.0,1040811.0,1040811.0,0
20230130T,1131162.0,1131162.0,1131162.0,1131162.0,0
20230131T,954024.0,954024.0,954024.0,954024.0,0
20230201T,1123189.0,1123189.0,1123189.0,1123189.0,0
20230202T,663277.0,663277.0,663277.0,663277.0,0
20230203T,804296.0,804296.0,804296.0,804296.0,0
20230206T,977652.0,977652.0,977652.0,977652.0,0
20230207T,878583.0,878583.0,878583.0,878583.0,0
20230208T,977171.0,977171.0,977171.0,977171.0,0
20230209T,577436.0,577436.0,577436.0,577436.0,0
20230210T,755722.0,755722.0,755722.0,755722.0,0
20230213T,1121512.0,1121512.0,1121512.0,1121512.0,0
20230214T,877871.0,877871.0,877871.0,877871.0,0
20230215T,978046.0,978046.0,978046.0,978046.0,0
20230216T,634911.0,634911.0,634911.0,634911.0,0
20230217T,1023559.0,1023559.0,1023559.0,1023559.0,0
20230220T,1265330.0,1265330.0,1265330.0,1265330.0,0
20230221T,942880.0,942880.0,942880.0,942880.0,0
20230222T,1229489.0,1229489.0,1229489.0,1229489.0,0
20230223T,627155.0,627155.0,627155.0,627155.0,0
20230224T,929301.0,929301.0,929301.0,929301.0,0
20230227T,1002038.0,1002038.0,1002038.0,1002038.0,0
20230228T,931076.0,931076.0,931076.0,931076.0,0
20230301T,1030945.0,1030945.0,1030945.0,1030945.0,0
20230302T,747970.0,747970.0,747970.0,747970.0,0
20230303T,915047.0,915047.0,915047.0,915047.0,0
20230306T,781709.0,781709.0,781709.0,781709.0,0
20230308T,972972.0,972972.0,972972.0,972972.0,0
20230309T,721794.0,721794.0,721794.0,721794.0,0
20230310T,1043425.0,1043425.0,1043425.0,1043425.0,0
20230313T,1371171.0,1371171.0,1371171.0,1371171.0,0
20230314T,1119566.0,1119566.0,1119566.0,1119566.0,0
20230315T,1432013.0,1432013.0,1432013.0,1432013.0,0
20230316T,870953.0,870953.0,870953.0,870953.0,0
20230317T,1011473.0,1011473.0,1011473.0,1011473.0,0
20230320T,1169276.0,1169276.0,1169276.0,1169276.0,0
20230321T,1051615.0,1051615.0,1051615.0,1051615.0,0
20230322T,1234783.0,1234783.0,1234783.0,1234783.0,0
20230323T,919049.0,919049.0,919049.0,919049.0,0
20230324T,1084618.0,1084618.0,1084618.0,1084618.0,0
20230327T,1228927.0,1228927.0,1228927.0,1228927.0,0
20230328T,1135746.0,1135746.0,1135746.0,1135746.0,0
20230329T,682008.0,682008.0,682008.0,682008.0,0
20230331T,890510.0,890510.0,890510.0,890510.0,0
20230403T,859909.0,859909.0,859909.0,859909.0,0
20230405T,1125565.0,1125565.0,1125565.0,1125565.0,0
20230406T,803241.0,803241.0,803241.0,803241.0,0
20230410T,1067640.0,1067640.0,1067640.0,1067640.0,0
20230411T,945714.0,945714.0,945714.0,945714.0,0
20230412T,1076202.0,1076202.0,1076202.0,1076202.0,0
20230413T,681460.0,681460.0,681460.0,681460.0,0
20230417T,1094740.0,1094740.0,1094740.0,1094740.0,0
20230418T,996150.0,996150.0,996150.0,996150.0,0
20230419T,1191273.0,1191273.0,1191273.0,1191273.0,0
20230420T,756998.0,756998.0,756998.0,756998.0,0
20230421T,1102080.0,1102080.0,1102080.0,1102080.0,0
20230424T,1115158.0,1115158.0,1115158.0,1115158.0,0
20230425T,975888.0,975888.0,975888.0,975888.0,0
20230426T,1076300.0,1076300.0,1076300.0,1076300.0,0
20230427T,564370.0,564370.0,564370.0,564370.0,0
20230428T,862779.0,862779.0,862779.0,862779.0,0
20230502T,948576.0,948576.0,948576.0,948576.0,0
20230503T,1074052.0,1074052.0,1074052.0,1074052.0,0
20230504T,664031.0,664031.0,664031.0,664031.0,0
20230505T,1291912.0,1291912.0,1291912.0,1291912.0,0
20230508T,1301071.0,1301071.0,1301071.0,1301071.0,0
20230509T,1125464.0,1125464.0,1125464.0,1125464.0,0
20230510T,1154605.0,1154605.0,1154605.0,1154605.0,0
20230511T,699365.0,699365.0,699365.0,699365.0,0
20230512T,1005397.0,1005397.0,1005397.0,1005397.0,0
20230515T,1106004.0,1106004.0,1106004.0,1106004.0,0
20230516T,1030221.0,1030221.0,1030221.0,1030221.0,0
20230517T,1234855.0,1234855.0,1234855.0,1234855.0,0
20230518T,723959.0,723959.0,723959.0,723959.0,0
20230519T,907202.0,907202.0,907202.0,907202.0,0
20230522T,1116147.0,1116147.0,1116147.0,1116147.0,0
20230523T,953734.0,953734.0,953734.0,953734.0,0
20230524T,1192486.0,1192486.0,1192486.0,1192486.0,0
20230525T,680573.0,680573.0,680573.0,680573.0,0
20230526T,1083302.0,1083302.0,1083302.0,1083302.0,0
20230529T,1133013.0,1133013.0,1133013.0,1133013.0,0
20230530T,995863.0,995863.0,995863.0,995863.0,0
20230531T,1265104.0,1265104.0,1265104.0,1265104.0,0
20230601T,873328.0,873328.0,873328.0,873328.0,0
20230602T,1115217.0,1115217.0,1115217.0,1115217.0,0
20230605T,1300661.0,1300661.0,1300661.0,1300661.0,0
20230606T,1141251.0,1141251.0,1141251.0,1141251.0,0
20230607T,1263031.0,1263031.0,1263031.0,1263031.0,0
20230608T,910355.0,910355.0,910355.0,910355.0,0
20230609T,1116169.0,1116169.0,1116169.0,1116169.0,0
20230612T,1322203.0,1322203.0,1322203.0,1322203.0,0
20230613T,1136670.0,1136670.0,1136670.0,1136670.0,0
20230614T,1286426.0,1286426.0,1286426.0,1286426.0,0
20230615T,867259.0,867259.0,867259.0,867259.0,0
20230616T,1061486.0,1061486.0,1061486.0,1061486.0,0
20230619T,1199974.0,1199974.0,1199974.0,1199974.0,0
20230620T,1065172.0,1065172.0,1065172.0,1065172.0,0
20230621T,1253091.0,1253091.0,1253091.0,1253091.0,0
20230622T,797531.0,797531.0,797531.0,797531.0,0
20230623T,1017889.0,1017889.0,1017889.0,1017889.0,0
20230626T,1255070.0,1255070.0,1255070.0,1255070.0,0
20230627T,1092326.0,1092326.0,1092326.0,1092326.0,0
20230628T,670663.0,670663.0,670663.0,670663.0,0
20230630T,1077129.0,1077129.0,1077129.0,1077129.0,0
20230703T,1285688.0,1285688.0,1285688.0,1285688.0,0
20230704T,1107570.0,1107570.0,1107570.0,1107570.0,0
20230705T,1260856.0,1260856.0,1260856.0,1260856.0,0
20230706T,907974.0,907974.0,907974.0,907974.0,0
20230707T,1305009.0,1305009.0,1305009.0,1305009.0,0
20230710T,1394909.0,1394909.0,1394909.0,1394909.0,0
20230711T,1242624.0,1242624.0,1242624.0,1242624.0,0
20230712T,1409199.0,1409199.0,1409199.0,1409199.0,0
20230713T,1010689.0,1010689.0,1010689.0,1010689.0,0
20230714T,1257033.0,1257033.0,1257033.0,1257033.0,0
20230717T,1477751.0,1477751.0,1477751.0,1477751.0,0
20230718T,1199889.0,1199889.0,1199889.0,1199889.0,0
20230719T,1358804.0,1358804.0,1358804.0,1358804.0,0
20230720T,1024268.0,1024268.0,1024268.0,1024268.0,0
20230721T,1342378.0,1342378.0,1342378.0,1342378.0,0
20230724T,1621349.0,1621349.0,1621349.0,1621349.0,0
20230725T,1458831.0,1458831.0,1458831.0,1458831.0,0
20230726T,1660382.0,1660382.0,1660382.0,1660382.0,0
20230727T,1031088.0,1031088.0,1031088.0,1031088.0,0
20230728T,1399968.0,1399968.0,1399968.0,1399968.0,0
20230731T,1606205.0,1606205.0,1606205.0,1606205.0,0
20230801T,1451827.0,1451827.0,1451827.0,1451827.0,0
20230802T,1815277.0,1815277.0,1815277.0,1815277.0,0
20230803T,1088231.0,1088231.0,1088231.0,1088231.0,0
20230804T,1379349.0,1379349.0,1379349.0,1379349.0,0
20230807T,1685846.0,1685846.0,1685846.0,1685846.0,0
20230808T,1495038.0,1495038.0,1495038.0,1495038.0,0
20230809T,1635341.0,1635341.0,1635341.0,1635341.0,0
20230810T,1072275.0,1072275.0,1072275.0,1072275.0,0
20230811T,1375857.0,1375857.0,1375857.0,1375857.0,0
20230814T,1312538.0,1312538.0,1312538.0,1312538.0,0
20230816T,1468564.0,1468564.0,1468564.0,1468564.0,0
20230817T,1040053.0,1040053.0,1040053.0,1040053.0,0
20230818T,1349520.0,1349520.0,1349520.0,1349520.0,0
20230821T,1545769.0,1545769.0,1545769.0,1545769.0,0
20230822T,1437789.0,1437789.0,1437789.0,1437789.0,0
20230823T,1561257.0,1561257.0,1561257.0,1561257.0,0
20230824T,1028702.0,1028702.0,1028702.0,1028702.0,0
20230825T,1285422.0,1285422.0,1285422.0,1285422.0,0
20230828T,1362150.0,1362150.0,1362150.0,1362150.0,0
20230829T,1300154.0,1300154.0,1300154.0,1300154.0,0
20230830T,1881437.0,1881437.0,1881437.0,1881437.0,0
20230831T,1059289.0,1059289.0,1059289.0,1059289.0,0
20230901T,1368823.0,1368823.0,1368823.0,1368823.0,0
20230904T,1386458.0,1386458.0,1386458.0,1386458.0,0
20230905T,1375965.0,1375965.0,1375965.0,1375965.0,0
20230906T,1088159.0,1088159.0,1088159.0,1088159.0,0
20230907T,1221860.0,1221860.0,1221860.0,1221860.0,0
20230908T,1340337.0,1340337.0,1340337.0,1340337.0,0
20230911T,1558240.0,1558240.0,1558240.0,1558240.0,0
20230912T,1407594.0,1407594.0,1407594.0,1407594.0,0
20230913T,1173190.0,1173190.0,1173190.0,1173190.0,0
20230914T,1206002.0,1206002.0,1206002.0,1206002.0,0
20230915T,1299346.0,1299346.0,1299346.0,1299346.0,0
20230918T,1339215.0,1339215.0,1339215.0,1339215.0,0
20230920T,1171252.0,1171252.0,1171252.0,1171252.0,0
20230921T,1376682.0,1376682.0,1376682.0,1376682.0,0
20230922T,1507540.0,1507540.0,1507540.0,1507540.0,0
20230925T,1538982.0,1538982.0,1538982.0,1538982.0,0
20230926T,1422696.0,1422696.0,1422696.0,1422696.0,0
20230927T,1601188.0,1601188.0,1601188.0,1601188.0,0
20230928T,1097079.0,1097079.0,1097079.0,1097079.0,0
20230929T,1239671.0,1239671.0,1239671.0,1239671.0,0
20231003T,1552057.0,1552057.0,1552057.0,1552057.0,0
20231004T,1293675.0,1293675.0,1293675.0,1293675.0,0
20231005T,1247170.0,1247170.0,1247170.0,1247170.0,0
20231006T,1667594.0,1667594.0,1667594.0,1667594.0,0
20231009T,1552664.0,1552664.0,1552664.0,1552664.0,0
20231010T,1569007.0,1569007.0,1569007.0,1569007.0,0
20231011T,1158330.0,1158330.0,1158330.0,1158330.0,0
20231012T,1143576.0,1143576.0,1143576.0,1143576.0,0
20231013T,1302485.0,1302485.0,1302485.0,1302485.0,0
20231016T,1533651.0,1533651.0,1533651.0,1533651.0,0
20231017T,1406285.0,1406285.0,1406285.0,1406285.0,0
20231018T,1422868.0,1422868.0,1422868.0,1422868.0,0
20231019T,1316742.0,1316742.0,1316742.0,1316742.0,0
20231020T,1469164.0,1469164.0,1469164.0,1469164.0,0
20231023T,1514033.0,1514033.0,1514033.0,1514033.0,0
20231025T,2007811.0,2007811.0,2007811.0,2007811.0,0
20231026T,1054125.0,1054125.0,1054125.0,1054125.0,0
20231027T,1272827.0,1272827.0,1272827.0,1272827.0,0
20231030T,1517834.0,1517834.0,1517834.0,1517834.0,0
20231031T,1467167.0,1467167.0,1467167.0,1467167.0,0
20231101T,1273330.0,1273330.0,1273330.0,1273330.0,0
20231102T,1172911.0,1172911.0,1172911.0,1172911.0,0
20231103T,1294474.0,1294474.0,1294474.0,1294474.0,0
20231106T,1411848.0,1411848.0,1411848.0,1411848.0,0
20231107T,1444568.0,1444568.0,1444568.0,1444568.0,0
20231108T,1216657.0,1216657.0,1216657.0,1216657.0,0
20231109T,1231628.0,1231628.0,1231628.0,1231628.0,0
20231110T,1310716.0,1310716.0,1310716.0,1310716.0,0
20231113T,1276287.0,1276287.0,1276287.0,1276287.0,0
20231115T,1161330.0,1161330.0,1161330.0,1161330.0,0
20231116T,1112030.0,1112030.0,1112030.0,1112030.0,0
20231117T,1777098.0,1777098.0,1777098.0,1777098.0,0
20231120T,1705666.0,1705666.0,1705666.0,1705666.0,0
20231121T,1548570.0,1548570.0,1548570.0,1548570.0,0
20231122T,1152389.0,1152389.0,1152389.0,1152389.0,0
20231123T,1114237.0,1114237.0,1114237.0,1114237.0,0
20231124T,1250984.0,1250984.0,1250984.0,1250984.0,0
20231128T,1331437.0,1331437.0,1331437.0,1331437.0,0
20231129T,1648132.0,1648132.0,1648132.0,1648132.0,0
20231130T,910285.0,910285.0,910285.0,910285.0,0
20231201T,1259295.0,1259295.0,1259295.0,1259295.0,0
20231204T,1678608.0,1678608.0,1678608.0,1678608.0,0
20231205T,1605843.0,1605843.0,1605843.0,1605843.0,0
20231206T,1322384.0,1322384.0,1322384.0,1322384.0,0
20231207T,1286511.0,1286511.0,1286511.0,1286511.0,0
20231208T,1437146.0,1437146.0,1437146.0,1437146.0,0
20231211T,1590938.0,1590938.0,1590938.0,1590938.0,0
20231212T,1736222.0,1736222.0,1736222.0,1736222.0,0
20231213T,1295048.0,1295048.0,1295048.0,1295048.0,0
20231214T,1316347.0,1316347.0,1316347.0,1316347.0,0
20231215T,1629648.0,1629648.0,1629648.0,1629648.0,0
20231218T,1676214.0,1676214.0,1676214.0,1676214.0,0
20231219T,1676877.0,1676877.0,1676877.0,1676877.0,0
20231220T,1545582.0,1545582.0,1545582.0,1545582.0,0
20231221T,1172388.0,1172388.0,1172388.0,1172388.0,0
20231222T,1223671.0,1223671.0,1223671.0,1223671.0,0
20231226T,1326160.0,1326160.0,1326160.0,1326160.0,0
20231227T,1559798.0,1559798.0,1559798.0,1559798.0,0
20231228T,831316.0,831316.0,831316.0,831316.0,0
20231229T,1166806.0,1166806.0,1166806.0,1166806.0,0
20240101T,1468671.0,1468671.0,1468671.0,1468671.0,0
20240102T,1776572.0,1776572.0,1776572.0,1776572.0,0
20240103T,1246630.0,1246630.0,1246630.0,1246630.0,0
20240104T,1139646.0,1139646.0,1139646.0,1139646.0,0
20240105T,1384039.0,1384039.0,1384039.0,1384039.0,0
20240108T,1846314.0,1846314.0,1846314.0,1846314.0,0
20240109T,1660684.0,1660684.0,1660684.0,1660684.0,0
20240110T,1245199.0,1245199.0,1245199.0,1245199.0,0
20240111T,1178308.0,1178308.0,1178308.0,1178308.0,0
20240112T,1393610.0,1393610.0,1393610.0,1393610.0,0
20240115T,1411937.0,1411937.0,1411937.0,1411937.0,0
20240116T,1417711.0,1417711.0,1417711.0,1417711.0,0
20240117T,1438370.0,1438370.0,1438370.0,1438370.0,0
20240118T,1366307.0,1366307.0,1366307.0,1366307.0,0
20240119T,1588908.0,1588908.0,1588908.0,1588908.0,0
20240123T,2009379.0,2009379.0,2009379.0,2009379.0,0
20240124T,1986603.0,1986603.0,1986603.0,1986603.0,0
20240125T,959085.0,959085.0,959085.0,959085.0,0
20240129T,1447285.0,1447285.0,1447285.0,1447285.0,0
20240130T,1681092.0,1681092.0,1681092.0,1681092.0,0
20240131T,1077126.0,1077126.0,1077126.0,1077126.0,0
20240201T,1146975.0,1146975.0,1146975.0,1146975.0,0
20240202T,1436374.0,1436374.0,1436374.0,1436374.0,0
20240205T,1778267.0,1778267.0,1778267.0,1778267.0,0
20240206T,1685306.0,1685306.0,1685306.0,1685306.0,0
20240207T,1202585.0,1202585.0,1202585.0,1202585.0,0
20240208T,1490582.0,1490582.0,1490582.0,1490582.0,0
20240209T,1560286.0,1560286.0,1560286.0,1560286.0,0
20240212T,1997147.0,1997147.0,1997147.0,1997147.0,0
20240213T,1748993.0,1748993.0,1748993.0,1748993.0,0
20240214T,1152580.0,1152580.0,1152580.0,1152580.0,0
20240215T,1150422.0,1150422.0,1150422.0,1150422.0,0
20240216T,1276631.0,1276631.0,1276631.0,1276631.0,0
20240219T,1370872.0,1370872.0,1370872.0,1370872.0,0
20240220T,1558281.0,1558281.0,1558281.0,1558281.0,0
20240221T,1232844.0,1232844.0,1232844.0,1232844.0,0
20240223T,1369800.0,1369800.0,1369800.0,1369800.0,0
20240226T,1630469.0,1630469.0,1630469.0,1630469.0,0
20240227T,1478303.0,1478303.0,1478303.0,1478303.0,0
20240228T,2065965.0,2065965.0,2065965.0,2065965.0,0
20240229T,1008821.0,1008821.0,1008821.0,1008821.0,0
20240301T,1572215.0,1572215.0,1572215.0,1572215.0,0
20240304T,1591324.0,1591324.0,1591324.0,1591324.0,0
20240305T,1606766.0,1606766.0,1606766.0,1606766.0,0
20240306T,1407937.0,1407937.0,1407937.0,1407937.0,0
20240307T,1303318.0,1303318.0,1303318.0,1303318.0,0
20240311T,1881933.0,1881933.0,1881933.0,1881933.0,0
20240312T,1940443.0,1940443.0,1940443.0,1940443.0,0
20240313T,1694718.0,1694718.0,1694718.0,1694718.0,0
20240314T,1428373.0,1428373.0,1428373.0,1428373.0,0
20240315T,1642412.0,1642412.0,1642412.0,1642412.0,0
20240318T,1766385.0,1766385.0,1766385.0,1766385.0,0
20240319T,1851708.0,1851708.0,1851708.0,1851708.0,0
20240320T,1471169.0,1471169.0,1471169.0,1471169.0,0
20240321T,1455592.0,1455592.0,1455592.0,1455592.0,0
20240322T,1532786.0,1532786.0,1532786.0,1532786.0,0
20240326T,1740701.0,1740701.0,1740701.0,1740701.0,0
20240327T,1523693.0,1523693.0,1523693.0,1523693.0,0
20240328T,1292606.0,1292606.0,1292606.0,1292606.0,0
20240401T,1609501.0,1609501.0,1609501.0,1609501.0,0
20240402T,1712188.0,1712188.0,1712188.0,1712188.0,0
20240403T,1187578.0,1187578.0,1187578.0,1187578.0,0
20240404T,1048020.0,1048020.0,1048020.0,1048020.0,0
20240405T,1630416.0,1630416.0,1630416.0,1630416.0,0
20240408T,1609011.0,1609011.0,1609011.0,1609011.0,0
20240409T,1575592.0,1575592.0,1575592.0,1575592.0,0
20240410T,987004.0,987004.0,987004.0,987004.0,0
20240412T,1394318.0,1394318.0,1394318.0,1394318.0,0
20240415T,1707024.0,1707024.0,1707024.0,1707024.0,0
20240416T,1189939.0,1189939.0,1189939.0,1189939.0,0
20240418T,1260303.0,1260303.0,1260303.0,1260303.0,0
20240419T,1378492.0,1378492.0,1378492.0,1378492.0,0
20240422T,1484383.0,1484383.0,1484383.0,1484383.0,0
20240423T,1418489.0,1418489.0,1418489.0,1418489.0,0
20240424T,1084215.0,1084215.0,1084215.0,1084215.0,0
20240425T,1133230.0,1133230.0,1133230.0,1133230.0,0
20240426T,2061386.0,2061386.0,2061386.0,2061386.0,0
20240429T,2377661.0,2377661.0,2377661.0,2377661.0,0
20240430T,1763450.0,1763450.0,1763450.0,1763450.0,0
20240502T,1758115.0,1758115.0,1758115.0,1758115.0,0
20240503T,2290789.0,2290789.0,2290789.0,2290789.0,0
20240506T,2602351.0,2602351.0,2602351.0,2602351.0,0
20240507T,2751701.0,2751701.0,2751701.0,2751701.0,0
20240508T,2203897.0,2203897.0,2203897.0,2203897.0,0
20240509T,2136707.0,2136707.0,2136707.0,2136707.0,0
20240510T,2156310.0,2156310.0,2156310.0,2156310.0,0
20240513T,2163476.0,2163476.0,2163476.0,2163476.0,0
20240514T,2243694.0,2243694.0,2243694.0,2243694.0,0
20240515T,2158496.0,2158496.0,2158496.0,2158496.0,0
20240516T,1756624.0,1756624.0,1756624.0,1756624.0,0
20240517T,1900216.0,1900216.0,1900216.0,1900216.0,0
20240521T,2180075.0,2180075.0,2180075.0,2180075.0,0
20240522T,1918624.0,1918624.0,1918624.0,1918624.0,0
20240523T,1696947.0,1696947.0,1696947.0,1696947.0,0
20240524T,1805585.0,1805585.0,1805585.0,1805585.0,0
20240527T,2110094.0,2110094.0,2110094.0,2110094.0,0
20240528T,2129645.0,2129645.0,2129645.0,2129645.0,0
20240529T,1682008.0,1682008.0,1682008.0,1682008.0,0
20240530T,1079573.0,1079573.0,1079573.0,1079573.0,0
20240531T,1512182.0,1512182.0,1512182.0,1512182.0,0
20240603T,1884352.0,1884352.0,1884352.0,1884352.0,0
20240604T,2499998.0,2499998.0,2499998.0,2499998.0,0
20240605T,1866857.0,1866857.0,1866857.0,1866857.0,0
20240606T,1516035.0,1516035.0,1516035.0,1516035.0,0
20240607T,1812191.0,1812191.0,1812191.0,1812191.0,0
20240610T,2151864.0,2151864.0,2151864.0,2151864.0,0
20240611T,2127549.0,2127549.0,2127549.0,2127549.0,0
20240612T,1892305.0,1892305.0,1892305.0,1892305.0,0
20240613T,1647684.0,1647684.0,1647684.0,1647684.0,0
20240614T,1652077.0,1652077.0,1652077.0,1652077.0,0
20240618T,1954611.0,1954611.0,1954611.0,1954611.0,0
20240619T,1766102.0,1766102.0,1766102.0,1766102.0,0
20240620T,1600423.0,1600423.0,1600423.0,1600423.0,0
20240621T,1950460.0,1950460.0,1950460.0,1950460.0,0
20240624T,2143176.0,2143176.0,2143176.0,2143176.0,0
20240625T,2065323.0,2065323.0,2065323.0,2065323.0,0
20240626T,1811980.0,1811980.0,1811980.0,1811980.0,0
20240627T,1484824.0,1484824.0,1484824.0,1484824.0,0
20240628T,1910165.0,1910165.0,1910165.0,1910165.0,0
20240701T,2022415.0,2022415.0,2022415.0,2022415.0,0
20240702T,2239910.0,2239910.0,2239910.0,2239910.0,0
20240703T,1690568.0,1690568.0,1690568.0,1690568.0,0
20240704T,1581234.0,1581234.0,1581234.0,1581234.0,0
20240705T,1959729.0,1959729.0,1959729.0,1959729.0,0
20240708T,2106708.0,2106708.0,2106708.0,2106708.0,0
20240709T,2069525.0,2069525.0,2069525.0,2069525.0,0
20240710T,1863460.0,1863460.0,1863460.0,1863460.0,0
20240711T,1781244.0,1781244.0,1781244.0,1781244.0,0
20240712T,2037326.0,2037326.0,2037326.0,2037326.0,0
20240715T,2143005.0,2143005.0,2143005.0,2143005.0,0
20240716T,1745887.0,1745887.0,1745887.0,1745887.0,0
20240718T,1455066.0,1455066.0,1455066.0,1455066.0,0
20240719T,1735987.0,1735987.0,1735987.0,1735987.0,0
20240722T,1668547.0,1668547.0,1668547.0,1668547.0,0
20240723T,2099210.0,2099210.0,2099210.0,2099210.0,0
20240724T,1703344.0,1703344.0,1703344.0,1703344.0,0
20240725T,1468518.0,1468518.0,1468518.0,1468518.0,0
20240726T,1959406.0,1959406.0,1959406.0,1959406.0,0
20240729T,2298545.0,2298545.0,2298545.0,2298545.0,0
20240730T,2162954.0,2162954.0,2162954.0,2162954.0,0
20240731T,1629356.0,1629356.0,1629356.0,1629356.0,0
20240801T,1802584.0,1802584.0,1802584.0,1802584.0,0
20240802T,2175759.0,2175759.0,2175759.0,2175759.0,0
20240805T,2326414.0,2326414.0,2326414.0,2326414.0,0
20240806T,2352734.0,2352734.0,2352734.0,2352734.0,0
20240807T,1776405.0,1776405.0,1776405.0,1776405.0,0
20240808T,1621289.0,1621289.0,1621289.0,1621289.0,0
20240809T,1798752.0,1798752.0,1798752.0,1798752.0,0
20240812T,2110868.0,2110868.0,2110868.0,2110868.0,0
20240813T,2517265.0,2517265.0,2517265.0,2517265.0,0
20240814T,1468962.0,1468962.0,1468962.0,1468962.0,0
20240816T,1953982.0,1953982.0,1953982.0,1953982.0,0
20240819T,2045644.0,2045644.0,2045644.0,2045644.0,0
20240820T,1908534.0,1908534.0,1908534.0,1908534.0,0
20240821T,1688492.0,1688492.0,1688492.0,1688492.0,0
20240822T,1509468.0,1509468.0,1509468.0,1509468.0,0
20240823T,1925545.0,1925545.0,1925545.0,1925545.0,0
20240826T,2191095.0,2191095.0,2191095.0,2191095.0,0
20240827T,2136796.0,2136796.0,2136796.0,2136796.0,0
20240828T,1872429.0,1872429.0,1872429.0,1872429.0,0
20240829T,1637340.0,1637340.0,1637340.0,1637340.0,0
20240830T,1987908.0,1987908.0,1987908.0,1987908.0,0
20240902T,2215970.0,2215970.0,2215970.0,2215970.0,0
20240903T,2281592.0,2281592.0,2281592.0,2281592.0,0
20240904T,2037390.0,2037390.0,2037390.0,2037390.0,0
20240905T,1857809.0,1857809.0,1857809.0,1857809.0,0
20240906T,2595940.0,2595940.0,2595940.0,2595940.0,0
20240909T,2287745.0,2287745.0,2287745.0,2287745.0,0
20240910T,2199525.0,2199525.0,2199525.0,2199525.0,0
20240911T,2158788.0,2158788.0,2158788.0,2158788.0,0
20240912T,1832826.0,1832826.0,1832826.0,1832826.0,0
20240913T,1802016.0,1802016.0,1802016.0,1802016.0,0
20240916T,2028166.0,2028166.0,2028166.0,2028166.0,0
20240917T,1995495.0,1995495.0,1995495.0,1995495.0,0
20240918T,2031756.0,2031756.0,2031756.0,2031756.0,0
20240919T,1802371.0,1802371.0,1802371.0,1802371.0,0
20240920T,2064025.0,2064025.0,2064025.0,2064025.0,0
20240923T,2084646.0,2084646.0,2084646.0,2084646.0,0
20240924T,1990715.0,1990715.0,1990715.0,1990715.0,0
20240925T,1906447.0,1906447.0,1906447.0,1906447.0,0
20240926T,1590655.0,1590655.0,1590655.0,1590655.0,0
20240927T,2026190.0,2026190.0,2026190.0,2026190.0,0
20240930T,2799960.0,2799960.0,2799960.0,2799960.0,0
20241001T,1925671.0,1925671.0,1925671.0,1925671.0,0
20241003T,1902537.0,1902537.0,1902537.0,1902537.0,0
20241004T,2454432.0,2454432.0,2454432.0,2454432.0,0
20241007T,2492015.0,2492015.0,2492015.0,2492015.0,0
20241008T,2242486.0,2242486.0,2242486.0,2242486.0,0
20241009T,2135933.0,2135933.0,2135933.0,2135933.0,0
20241010T,1704087.0,1704087.0,1704087.0,1704087.0,0
20241011T,2054949.0,2054949.0,2054949.0,2054949.0,0
20241014T,2026360.0,2026360.0,2026360.0,2026360.0,0
20241015T,2250288.0,2250288.0,2250288.0,2250288.0,0
20241016T,2023674.0,2023674.0,2023674.0,2023674.0,0
20241017T,1799011.0,1799011.0,1799011.0,1799011.0,0
20241018T,1931297.0,1931297.0,1931297.0,1931297.0,0
20241021T,2196433.0,2196433.0,2196433.0,2196433.0,0
20241022T,2572349.0,2572349.0,2572349.0,2572349.0,0
20241023T,2099580.0,2099580.0,2099580.0,2099580.0,0
20241024T,1640262.0,1640262.0,1640262.0,1640262.0,0
20241025T,2182520.0,2182520.0,2182520.0,2182520.0,0
20241028T,2110550.0,2110550.0,2110550.0,2110550.0,0
20241029T,2007164.0,2007164.0,2007164.0,2007164.0,0
20241030T,1840099.0,1840099.0,1840099.0,1840099.0,0
20241031T,1724087.0,1724087.0,1724087.0,1724087.0,0
20241104T,2197531.0,2197531.0,2197531.0,2197531.0,0
20241105T,1981973.0,1981973.0,1981973.0,1981973.0,0
20241106T,1818857.0,1818857.0,1818857.0,1818857.0,0
20241107T,1703650.0,1703650.0,1703650.0,1703650.0,0
20241108T,2047856.0,2047856.0,2047856.0,2047856.0,0
20241111T,2329928.0,2329928.0,2329928.0,2329928.0,0
20241112T,3108001.0,3108001.0,3108001.0,3108001.0,0
20241113T,2804842.0,2804842.0,2804842.0,2804842.0,0
20241114T,2107248.0,2107248.0,2107248.0,2107248.0,0
20241118T,2646788.0,2646788.0,2646788.0,2646788.0,0
20241119T,2696247.0,2696247.0,2696247.0,2696247.0,0
20241121T,2035194.0,2035194.0,2035194.0,2035194.0,0
20241122T,2317882.0,2317882.0,2317882.0,2317882.0,0
20241125T,2587788.0,2587788.0,2587788.0,2587788.0,0
20241126T,2598373.0,2598373.0,2598373.0,2598373.0,0
20241127T,2045084.0,2045084.0,2045084.0,2045084.0,0
20241128T,1665846.0,1665846.0,1665846.0,1665846.0,0
20241129T,2107124.0,2107124.0,2107124.0,2107124.0,0
20241202T,2569804.0,2569804.0,2569804.0,2569804.0,0
20241203T,2792671.0,2792671.0,2792671.0,2792671.0,0
20241204T,3083340.0,3083340.0,3083340.0,3083340.0,0
20241205T,1867629.0,1867629.0,1867629.0,1867629.0,0
20241206T,2165036.0,2165036.0,2165036.0,2165036.0,0
20241209T,2499283.0,2499283.0,2499283.0,2499283.0,0
20241210T,2705119.0,2705119.0,2705119.0,2705119.0,0
20241211T,2826544.0,2826544.0,2826544.0,2826544.0,0
20241212T,2103047.0,2103047.0,2103047.0,2103047.0,0
20241213T,2322371.0,2322371.0,2322371.0,2322371.0,0
20241216T,2902861.0,2902861.0,2902861.0,2902861.0,0
20241217T,3561132.0,3561132.0,3561132.0,3561132.0,0
20241218T,4334330.0,4334330.0,4334330.0,4334330.0,0
20241219T,2626628.0,2626628.0,2626628.0,2626628.0,0
20241220T,2957422.0,2957422.0,2957422.0,2957422.0,0
20241223T,2836927.0,2836927.0,2836927.0,2836927.0,0
20241224T,2036385.0,2036385.0,2036385.0,2036385.0,0
20241226T,1062777.0,1062777.0,1062777.0,1062777.0,0
20241227T,1264034.0,1264034.0,1264034.0,1264034.0,0
20241230T,1436049.0,1436049.0,1436049.0,1436049.0,0
20241231T,1346902.0,1346902.0,1346902.0,1346902.0,0
20250101T,1480306.0,1480306.0,1480306.0,1480306.0,0
20250102T,1243536.0,1243536.0,1243536.0,1243536.0,0
20250103T,1517443.0,1517443.0,1517443.0,1517443.0,0
20250106T,1605378.0,1605378.0,1605378.0,1605378.0,0
20250107T,1518393.0,1518393.0,1518393.0,1518393.0,0
20250108T,1603077.0,1603077.0,1603077.0,1603077.0,0
20250109T,1357851.0,1357851.0,1357851.0,1357851.0,0
20250110T,1663419.0,1663419.0,1663419.0,1663419.0,0
20250113T,1887185.0,1887185.0,1887185.0,1887185.0,0
20250114T,1744450.0,1744450.0,1744450.0,1744450.0,0
20250115T,1855842.0,1855842.0,1855842.0,1855842.0,0
20250116T,1487979.0,1487979.0,1487979.0,1487979.0,0
20250117T,1657263.0,1657263.0,1657263.0,1657263.0,0
20250120T,1758933.0,1758933.0,1758933.0,1758933.0,0
20250121T,1922473.0,1922473.0,1922473.0,1922473.0,0
20250122T,2092481.0,2092481.0,2092481.0,2092481.0,0
20250123T,2015428.0,2015428.0,2015428.0,2015428.0,0
20250124T,2300008.0,2300008.0,2300008.0,2300008.0,0
20250127T,2553187.0,2553187.0,2553187.0,2553187.0,0
20250128T,2586806.0,2586806.0,2586806.0,2586806.0,0
20250129T,2687308.0,2687308.0,2687308.0,2687308.0,0
20250130T,451854.0,451854.0,451854.0,451854.0,0
20250131T,663882.0,663882.0,663882.0,663882.0,0
20250203T,960235.0,960235.0,960235.0,960235.0,0
20250204T,903199.0,903199.0,903199.0,903199.0,0
20250205T,1098185.0,1098185.0,1098185.0,1098185.0,0
20250206T,768222.0,768222.0,768222.0,768222.0,0
20250207T,957092.0,957092.0,957092.0,957092.0,0
20250210T,1132243.0,1132243.0,1132243.0,1132243.0,0
20250211T,1197906.0,1197906.0,1197906.0,1197906.0,0
20250212T,1132786.0,1132786.0,1132786.0,1132786.0,0
20250213T,831117.0,831117.0,831117.0,831117.0,0
20250214T,1088290.0,1088290.0,1088290.0,1088290.0,0
20250217T,1112351.0,1112351.0,1112351.0,1112351.0,0
20250218T,1148028.0,1148028.0,1148028.0,1148028.0,0
20250219T,1160933.0,1160933.0,1160933.0,1160933.0,0
20250220T,841633.0,841633.0,841633.0,841633.0,0
20250221T,1039151.0,1039151.0,1039151.0,1039151.0,0
20250224T,1151727.0,1151727.0,1151727.0,1151727.0,0
20250225T,1173816.0,1173816.0,1173816.0,1173816.0,0
20250227T,527320.0,527320.0,527320.0,527320.0,0
20250228T,913507.0,913507.0,913507.0,913507.0,0
20250303T,1082269.0,1082269.0,1082269.0,1082269.0,0
20250304T,1110461.0,1110461.0,1110461.0,1110461.0,0
20250305T,1220434.0,1220434.0,1220434.0,1220434.0,0
20250306T,925632.0,925632.0,925632.0,925632.0,0
20250307T,1103988.0,1103988.0,1103988.0,1103988.0,0
20250310T,1172812.0,1172812.0,1172812.0,1172812.0,0
20250311T,1205906.0,1205906.0,1205906.0,1205906.0,0
20250312T,1242652.0,1242652.0,1242652.0,1242652.0,0
20250313T,948414.0,948414.0,948414.0,948414.0,0
20250317T,1216956.0,1216956.0,1216956.0,1216956.0,0
20250318T,1285587.0,1285587.0,1285587.0,1285587.0,0
20250319T,1272240.0,1272240.0,1272240.0,1272240.0,0
20250320T,1002663.0,1002663.0,1002663.0,1002663.0,0
20250321T,1182561.0,1182561.0,1182561.0,1182561.0,0
20250324T,1292978.0,1292978.0,1292978.0,1292978.0,0
20250325T,1290131.0,1290131.0,1290131.0,1290131.0,0
20250326T,1467682.0,1467682.0,1467682.0,1467682.0,0
20250327T,782608.0,782608.0,782608.0,782608.0,0
20250328T,927169.0,927169.0,927169.0,927169.0,0
20250401T,1014709.0,1014709.0,1014709.0,1014709.0,0
20250402T,1146246.0,1146246.0,1146246.0,1146246.0,0
20250403T,685101.0,685101.0,685101.0,685101.0,0
20250404T,947178.0,947178.0,947178.0,947178.0,0
20250407T,1199408.0,1199408.0,1199408.0,1199408.0,0
20250408T,1159617.0,1159617.0,1159617.0,1159617.0,0
20250409T,813910.0,813910.0,813910.0,813910.0,0
20250411T,854217.0,854217.0,854217.0,854217.0,0
20250415T,1043639.0,1043639.0,1043639.0,1043639.0,0
20250416T,1142237.0,1142237.0,1142237.0,1142237.0,0
20250417T,871257.0,871257.0,871257.0,871257.0,0
20250421T,999882.0,999882.0,999882.0,999882.0,0
20250422T,1155304.0,1155304.0,1155304.0,1155304.0,0
20250423T,1339221.0,1339221.0,1339221.0,1339221.0,0
20250424T,541778.0,541778.0,541778.0,541778.0,0
20250425T,837429.0,837429.0,837429.0,837429.0,0
20250428T,870793.0,870793.0,870793.0,870793.0,0
20250429T,1079460.0,1079460.0,1079460.0,1079460.0,0
20250430T,712765.0,712765.0,712765.0,712765.0,0
20250502T,867682.0,867682.0,867682.0,867682.0,0
20250505T,995877.0,995877.0,995877.0,995877.0,0
20250506T,1121915.0,1121915.0,1121915.0,1121915.0,0
20250507T,1261225.0,1261225.0,1261225.0,1261225.0,0
20250508T,765107.0,765107.0,765107.0,765107.0,0
20250509T,879730.0,879730.0,879730.0,879730.0,0
20250512T,997632.0,997632.0,997632.0,997632.0,0
20250513T,1267354.0,1267354.0,1267354.0,1267354.0,0
20250514T,1353306.0,1353306.0,1353306.0,1353306.0,0
20250515T,745769.0,745769.0,745769.0,745769.0,0
20250516T,912144.0,912144.0,912144.0,912144.0,0
20250519T,1063880.0,1063880.0,1063880.0,1063880.0,0
20250520T,1402716.0,1402716.0,1402716.0,1402716.0,0
20250521T,1365649.0,1365649.0,1365649.0,1365649.0,0
20250522T,793591.0,793591.0,793591.0,793591.0,0
20250523T,1004947.0,1004947.0,1004947.0,1004947.0,0
20250526T,1121339.0,1121339.0,1121339.0,1121339.0,0
20250527T,1404109.0,1404109.0,1404109.0,1404109.0,0
20250528T,1340829.0,1340829.0,1340829.0,1340829.0,0
20250529T,536182.0,536182.0,536182.0,536182.0,0
20250530T,814102.0,814102.0,814102.0,814102.0,0
20250602T,1049652.0,1049652.0,1049652.0,1049652.0,0
20250603T,1317809.0,1317809.0,1317809.0,1317809.0,0
20250604T,1394448.0,1394448.0,1394448.0,1394448.0,0
20250605T,683629.0,683629.0,683629.0,683629.0,0
20250606T,949234.0,949234.0,949234.0,949234.0,0
20250609T,1004863.0,1004863.0,1004863.0,1004863.0,0
20250610T,1054480.0,1054480.0,1054480.0,1054480.0,0
20250611T,1199534.0,1199534.0,1199534.0,1199534.0,0
20250612T,759357.0,759357.0,759357.0,759357.0,0
20250613T,974002.0,974002.0,974002.0,974002.0,0
20250616T,1105627.0,1105627.0,1105627.0,1105627.0,0
20250617T,1110592.0,1110592.0,1110592.0,1110592.0,0
20250618T,1318788.0,1318788.0,1318788.0,1318788.0,0
20250619T,837420.0,837420.0,837420.0,837420.0,0
20250620T,1105041.0,1105041.0,1105041.0,1105041.0,0
20250623T,1133974.0,1133974.0,1133974.0,1133974.0,0
20250624T,1391558.0,1391558.0,1391558.0,1391558.0,0
20250625T,1420740.0,1420740.0,1420740.0,1420740.0,0
20250626T,598654.0,598654.0,598654.0,598654.0,0
20250627T,840691.0,840691.0,840691.0,840691.0,0
20250630T,1158437.0,1158437.0,1158437.0,1158437.0,0
20250701T,1079475.0,1079475.0,1079475.0,1079475.0,0
20250702T,1208049.0,1208049.0,1208049.0,1208049.0,0
20250703T,635449.0,635449.0,635449.0,635449.0,0
20250704T,853100.0,853100.0,853100.0,853100.0,0
20250707T,872075.0,872075.0,872075.0,872075.0,0
20250708T,953101.0,953101.0,953101.0,953101.0,0
20250709T,1183678.0,1183678.0,1183678.0,1183678.0,0
20250710T,665073.0,665073.0,665073.0,665073.0,0
20250711T,953090.0,953090.0,953090.0,953090.0,0
20250714T,1150749.0,1150749.0,1150749.0,1150749.0,0
20250715T,1067037.0,1067037.0,1067037.0,1067037.0,0
20250716T,1146165.0,1146165.0,1146165.0,1146165.0,0
20250717T,656125.0,656125.0,656125.0,656125.0,0
20250718T,977588.0,977588.0,977588.0,977588.0,0
20250721T,1033307.0,1033307.0,1033307.0,1033307.0,0
20250722T,1097819.0,1097819.0,1097819.0,1097819.0,0
20250723T,1100090.0,1100090.0,1100090.0,1100090.0,0
20250724T,728807.0,728807.0,728807.0,728807.0,0
20250725T,1043637.0,1043637.0,1043637.0,1043637.0,0
20250728T,1274678.0,1274678.0,1274678.0,1274678.0,0
20250729T,1253231.0,1253231.0,1253231.0,1253231.0,0
20250730T,1285030.0,1285030.0,1285030.0,1285030.0,0
20250731T,466286.0,466286.0,466286.0,466286.0,0
20250801T,751651.0,751651.0,751651.0,751651.0,0
20250804T,875745.0,875745.0,875745.0,875745.0,0
20250805T,931462.0,931462.0,931462.0,931462.0,0
20250806T,1095861.0,1095861.0,1095861.0,1095861.0,0
20250807T,550235.0,550235.0,550235.0,550235.0,0
20250808T,975805.0,975805.0,975805.0,975805.0,0
20250811T,990985.0,990985.0,990985.0,990985.0,0
20250812T,1138323.0,1138323.0,1138323.0,1138323.0,0
20250813T,1105383.0,1105383.0,1105383.0,1105383.0,0
20250814T,505175.0,505175.0,505175.0,505175.0,0
20250818T,745643.0,745643.0,745643.0,745643.0,0
20250819T,847804.0,847804.0,847804.0,847804.0,0
20250820T,956668.0,956668.0,956668.0,956668.0,0
20250821T,613543.0,613543.0,613543.0,613543.0,0
20250822T,1153223.0,1153223.0,1153223.0,1153223.0,0
20250825T,1215491.0,1215491.0,1215491.0,1215491.0,0
20250826T,1305409.0,1305409.0,1305409.0,1305409.0,0
20250828T,537797.0,537797.0,537797.0,537797.0,0
20250829T,1015271.0,1015271.0,1015271.0,1015271.0,0
20250901T,1012858.0,1012858.0,1012858.0,1012858.0,0
20250902T,548753.0,548753.0,548753.0,548753.0,0
20250903T,743115.0,743115.0,743115.0,743115.0,0
20250904T,992244.0,992244.0,992244.0,992244.0,0
20250905T,1085406.0,1085406.0,1085406.0,1085406.0,0
20250908T,1194907.0,1194907.0,1194907.0,1194907.0,0
20250909T,571950.0,571950.0,571950.0,571950.0,0
20250910T,768304.0,768304.0,768304.0,768304.0,0
20250911T,971884.0,971884.0,971884.0,971884.0,0
20250912T,1043494.0,1043494.0,1043494.0,1043494.0,0
20250915T,1173317.0,1173317.0,1173317.0,1173317.0,0
20250916T,602238.0,602238.0,602238.0,602238.0,0
20250917T,809404.0,809404.0,809404.0,809404.0,0
20250918T,949095.0,949095.0,949095.0,949095.0,0
20250919T,1074220.0,1074220.0,1074220.0,1074220.0,0
20250922T,1482043.0,1482043.0,1482043.0,1482043.0,0
20250923T,683097.0,683097.0,683097.0,683097.0,0
20250924T,999122.0,999122.0,999122.0,999122.0,0
20250925T,1301421.0,1301421.0,1301421.0,1301421.0,0
20250926T,1513648.0,1513648.0,1513648.0,1513648.0,0
20250929T,1542036.0,1542036.0,1542036.0,1542036.0,0
20250930T,486304.0,486304.0,486304.0,486304.0,0
20251001T,704037.0,704037.0,704037.0,704037.0,0
20251003T,1000103.0,1000103.0,1000103.0,1000103.0,0
20251006T,1034279.0,1034279.0,1034279.0,1034279.0,0
20251007T,629649.0,629649.0,629649.0,629649.0,0
20251008T,1023062.0,1023062.0,1023062.0,1023062.0,0
20251009T,1043477.0,1043477.0,1043477.0,1043477.0,0
20251010T,989413.0,989413.0,989413.0,989413.0,0
20251013T,1224421.0,1224421.0,1224421.0,1224421.0,0
20251014T,696612.0,696612.0,696612.0,696612.0,0
20251015T,935780.0,935780.0,935780.0,935780.0,0
20251016T,890353.0,890353.0,890353.0,890353.0,0
20251017T,1019787.0,1019787.0,1019787.0,1019787.0,0
20251020T,594069.0,594069.0,594069.0,594069.0,0
20251023T,933598.0,933598.0,933598.0,933598.0,0
20251024T,1459801.0,1459801.0,1459801.0,1459801.0,0
20251027T,1357152.0,1357152.0,1357152.0,1357152.0,0
20251028T,529874.0,529874.0,529874.0,529874.0,0
20251029T,719122.0,719122.0,719122.0,719122.0,0
20251030T,1013147.0,1013147.0,1013147.0,1013147.0,0
20251031T,1326494.0,1326494.0,1326494.0,1326494.0,0
20251103T,1208181.0,1208181.0,1208181.0,1208181.0,0
20251104T,605110.0,605110.0,605110.0,605110.0,0
20251106T,959337.0,959337.0,959337.0,959337.0,0
20251107T,978694.0,978694.0,978694.0,978694.0,0
20251110T,1083756.0,1083756.0,1083756.0,1083756.0,0
20251111T,579980.0,579980.0,579980.0,579980.0,0
20251112T,666973.0,666973.0,666973.0,666973.0,0
20251113T,744600.0,744600.0,744600.0,744600.0,0
20251114T,1066791.0,1066791.0,1066791.0,1066791.0,0
20251117T,1004093.0,1004093.0,1004093.0,1004093.0,0
20251118T,612105.0,612105.0,612105.0,612105.0,0
20251119T,711319.0,711319.0,711319.0,711319.0,0
20251120T,741485.0,741485.0,741485.0,741485.0,0
20251121T,894792.0,894792.0,894792.0,894792.0,0
20251124T,1180491.0,1180491.0,1180491.0,1180491.0,0
20251125T,473262.0,473262.0,473262.0,473262.0,0
20251126T,675975.0,675975.0,675975.0,675975.0,0
20251127T,798391.0,798391.0,798391.0,798391.0,0
20251128T,840026.0,840026.0,840026.0,840026.0,0
20251201T,1091480.0,1091480.0,1091480.0,1091480.0,0
20251202T,594915.0,594915.0,594915.0,594915.0,0
20251203T,805700.0,805700.0,805700.0,805700.0,0
20251204T,808631.0,808631.0,808631.0,808631.0,0
20251205T,898787.0,898787.0,898787.0,898787.0,0
20251208T,1368597.0,1368597.0,1368597.0,1368597.0,0
20251209T,602574.0,602574.0,602574.0,602574.0,0
20251210T,846567.0,846567.0,846567.0,846567.0,0
20251211T,855380.0,855380.0,855380.0,855380.0,0
20251212T,908241.0,908241.0,908241.0,908241.0,0
20251215T,1001683.0,1001683.0,1001683.0,1001683.0,0
20251216T,610942.0,610942.0,610942.0,610942.0,0
20251217T,900804.0,900804.0,900804.0,900804.0,0
20251218T,932038.0,932038.0,932038.0,932038.0,0
20251219T,950120.0,950120.0,950120.0,950120.0,0
20251222T,944409.0,944409.0,944409.0,944409.0,0
20251223T,651407.0,651407.0,651407.0,651407.0,0
20251224T,848469.0,848469.0,848469.0,848469.0,0
20251226T,1076429.0,1076429.0,1076429.0,1076429.0,0
20251229T,1274496.0,1274496.0,1274496.0,1274496.0,0
20251230T,575176.0,575176.0,575176.0,575176.0,0
20251231T,795765.0,795765.0,795765.0,795765.0,0
20260101T,897660.0,897660.0,897660.0,897660.0,0
20260102T,968617.0,968617.0,968617.0,968617.0,0
20260105T,1128865.0,1128865.0,1128865.0,1128865.0,0
20260106T,763546.0,763546.0,763546.0,763546.0,0
20260107T,857677.0,857677.0,857677.0,857677.0,0
20260108T,1177022.0,1177022.0,1177022.0,1177022.0,0
20260109T,1562426.0,1562426.0,1562426.0,1562426.0,0
20260112T,1373759.0,1373759.0,1373759.0,1373759.0,0
20260113T,716231.0,716231.0,716231.0,716231.0,0
20260114T,1041425.0,1041425.0,1041425.0,1041425.0,0
20260116T,1298514.0,1298514.0,1298514.0,1298514.0,0
20260119T,1434349.0,1434349.0,1434349.0,1434349.0,0
20260120T,796168.0,796168.0,796168.0,796168.0,0
20260121T,1060136.0,1060136.0,1060136.0,1060136.0,0
20260122T,1033232.0,1033232.0,1033232.0,1033232.0,0
20260123T,1341202.0,1341202.0,1341202.0,1341202.0,0
20260127T,394499.0,394499.0,394499.0,394499.0,0
20260128T,610246.0,610246.0,610246.0,610246.0,0
20260129T,733514.0,733514.0,733514.0,733514.0,0
20260130T,855853.0,855853.0,855853.0,855853.0,0
20260201T,1377846.0,1377846.0,1377846.0,1377846.0,0
20260202T,1150391.0,1150391.0,1150391.0,1150391.0,0
