20120106T,129617.0,129617.0,129617.0,129617.0,0
20120109T,130835.0,130835.0,130835.0,130835.0,0
20120110T,140893.0,140893.0,140893.0,140893.0,0
20120111T,141856.0,141856.0,141856.0,141856.0,0
20120112T,137783.0,137783.0,137783.0,137783.0,0
20120113T,156214.0,156214.0,156214.0,156214.0,0
20120116T,149085.0,149085.0,149085.0,149085.0,0
20120117T,168478.0,168478.0,168478.0,168478.0,0
20120118T,156772.0,156772.0,156772.0,156772.0,0
20120119T,176582.0,176582.0,176582.0,176582.0,0
20120120T,167596.0,167596.0,167596.0,167596.0,0
20120123T,169024.0,169024.0,169024.0,169024.0,0
20120124T,182994.0,182994.0,182994.0,182994.0,0
20120125T,138577.0,138577.0,138577.0,138577.0,0
20120127T,146324.0,146324.0,146324.0,146324.0,0
20120130T,122446.0,122446.0,122446.0,122446.0,0
20120131T,139875.0,139875.0,139875.0,139875.0,0
20120201T,136288.0,136288.0,136288.0,136288.0,0
20120202T,162019.0,162019.0,162019.0,162019.0,0
20120203T,158927.0,158927.0,158927.0,158927.0,0
20120206T,173343.0,173343.0,173343.0,173343.0,0
20120207T,168191.0,168191.0,168191.0,168191.0,0
20120208T,159881.0,159881.0,159881.0,159881.0,0
20120209T,159427.0,159427.0,159427.0,159427.0,0
20120210T,143609.0,143609.0,143609.0,143609.0,0
20120213T,139737.0,139737.0,139737.0,139737.0,0
20120214T,137876.0,137876.0,137876.0,137876.0,0
20120215T,147041.0,147041.0,147041.0,147041.0,0
20120216T,132943.0,132943.0,132943.0,132943.0,0
20120217T,136082.0,136082.0,136082.0,136082.0,0
20120221T,129848.0,129848.0,129848.0,129848.0,0
20120222T,120780.0,120780.0,120780.0,120780.0,0
20120223T,97653.0,97653.0,97653.0,97653.0,0
20120224T,100955.0,100955.0,100955.0,100955.0,0
20120227T,101122.0,101122.0,101122.0,101122.0,0
20120228T,100230.0,100230.0,100230.0,100230.0,0
20120229T,107717.0,107717.0,107717.0,107717.0,0
20120301T,104030.0,104030.0,104030.0,104030.0,0
20120302T,110973.0,110973.0,110973.0,110973.0,0
20120305T,125372.0,125372.0,125372.0,125372.0,0
20120306T,133740.0,133740.0,133740.0,133740.0,0
20120307T,128012.0,128012.0,128012.0,128012.0,0
20120309T,131954.0,131954.0,131954.0,131954.0,0
20120312T,131093.0,131093.0,131093.0,131093.0,0
20120313T,124803.0,124803.0,124803.0,124803.0,0
20120314T,132262.0,132262.0,132262.0,132262.0,0
20120315T,129651.0,129651.0,129651.0,129651.0,0
20120316T,129890.0,129890.0,129890.0,129890.0,0
20120319T,133900.0,133900.0,133900.0,133900.0,0
20120320T,131847.0,131847.0,131847.0,131847.0,0
20120321T,122095.0,122095.0,122095.0,122095.0,0
20120322T,151493.0,151493.0,151493.0,151493.0,0
20120323T,141276.0,141276.0,141276.0,141276.0,0
20120326T,144120.0,144120.0,144120.0,144120.0,0
20120327T,138137.0,138137.0,138137.0,138137.0,0
20120328T,155104.0,155104.0,155104.0,155104.0,0
20120329T,120168.0,120168.0,120168.0,120168.0,0
20120330T,113546.0,113546.0,113546.0,113546.0,0
20120402T,117388.0,117388.0,117388.0,117388.0,0
20120403T,124789.0,124789.0,124789.0,124789.0,0
20120404T,118495.0,118495.0,118495.0,118495.0,0
20120409T,117135.0,117135.0,117135.0,117135.0,0
20120410T,113838.0,113838.0,113838.0,113838.0,0
20120411T,114175.0,114175.0,114175.0,114175.0,0
20120412T,120330.0,120330.0,120330.0,120330.0,0
20120413T,124338.0,124338.0,124338.0,124338.0,0
20120416T,123568.0,123568.0,123568.0,123568.0,0
20120417T,128979.0,128979.0,128979.0,128979.0,0
20120418T,131024.0,131024.0,131024.0,131024.0,0
20120419T,133919.0,133919.0,133919.0,133919.0,0
20120420T,128999.0,128999.0,128999.0,128999.0,0
20120423T,135633.0,135633.0,135633.0,135633.0,0
20120424T,129366.0,129366.0,129366.0,129366.0,0
20120425T,138883.0,138883.0,138883.0,138883.0,0
20120426T,101767.0,101767.0,101767.0,101767.0,0
20120427T,105282.0,105282.0,105282.0,105282.0,0
20120430T,109732.0,109732.0,109732.0,109732.0,0
20120502T,113138.0,113138.0,113138.0,113138.0,0
20120503T,114865.0,114865.0,114865.0,114865.0,0
20120504T,114338.0,114338.0,114338.0,114338.0,0
20120507T,111984.0,111984.0,111984.0,111984.0,0
20120508T,134189.0,134189.0,134189.0,134189.0,0
20120509T,137883.0,137883.0,137883.0,137883.0,0
20120510T,138435.0,138435.0,138435.0,138435.0,0
20120511T,144530.0,144530.0,144530.0,144530.0,0
20120514T,148297.0,148297.0,148297.0,148297.0,0
20120515T,148591.0,148591.0,148591.0,148591.0,0
20120516T,148975.0,148975.0,148975.0,148975.0,0
20120517T,159565.0,159565.0,159565.0,159565.0,0
20120518T,158087.0,158087.0,158087.0,158087.0,0
20120521T,148128.0,148128.0,148128.0,148128.0,0
20120522T,167980.0,167980.0,167980.0,167980.0,0
20120523T,174735.0,174735.0,174735.0,174735.0,0
20120524T,149239.0,149239.0,149239.0,149239.0,0
20120525T,144238.0,144238.0,144238.0,144238.0,0
20120528T,137381.0,137381.0,137381.0,137381.0,0
20120529T,137323.0,137323.0,137323.0,137323.0,0
20120530T,138557.0,138557.0,138557.0,138557.0,0
20120531T,94173.0,94173.0,94173.0,94173.0,0
20120601T,111015.0,111015.0,111015.0,111015.0,0
20120604T,110120.0,110120.0,110120.0,110120.0,0
20120605T,111025.0,111025.0,111025.0,111025.0,0
20120606T,106931.0,106931.0,106931.0,106931.0,0
20120607T,123629.0,123629.0,123629.0,123629.0,0
20120608T,116606.0,116606.0,116606.0,116606.0,0
20120611T,123266.0,123266.0,123266.0,123266.0,0
20120612T,124170.0,124170.0,124170.0,124170.0,0
20120613T,131749.0,131749.0,131749.0,131749.0,0
20120614T,120349.0,120349.0,120349.0,120349.0,0
20120615T,120970.0,120970.0,120970.0,120970.0,0
20120618T,115581.0,115581.0,115581.0,115581.0,0
20120619T,111079.0,111079.0,111079.0,111079.0,0
20120620T,112142.0,112142.0,112142.0,112142.0,0
20120621T,116082.0,116082.0,116082.0,116082.0,0
20120622T,118730.0,118730.0,118730.0,118730.0,0
20120625T,114781.0,114781.0,114781.0,114781.0,0
20120626T,119101.0,119101.0,119101.0,119101.0,0
20120627T,131064.0,131064.0,131064.0,131064.0,0
20120628T,105206.0,105206.0,105206.0,105206.0,0
20120629T,115544.0,115544.0,115544.0,115544.0,0
20120702T,116300.0,116300.0,116300.0,116300.0,0
20120703T,125494.0,125494.0,125494.0,125494.0,0
20120704T,130909.0,130909.0,130909.0,130909.0,0
20120705T,134434.0,134434.0,134434.0,134434.0,0
20120706T,130869.0,130869.0,130869.0,130869.0,0
20120709T,132177.0,132177.0,132177.0,132177.0,0
20120710T,131834.0,131834.0,131834.0,131834.0,0
20120711T,131600.0,131600.0,131600.0,131600.0,0
20120712T,136907.0,136907.0,136907.0,136907.0,0
20120713T,138158.0,138158.0,138158.0,138158.0,0
20120716T,142971.0,142971.0,142971.0,142971.0,0
20120717T,144193.0,144193.0,144193.0,144193.0,0
20120718T,140464.0,140464.0,140464.0,140464.0,0
20120719T,138979.0,138979.0,138979.0,138979.0,0
20120720T,136167.0,136167.0,136167.0,136167.0,0
20120723T,144238.0,144238.0,144238.0,144238.0,0
20120724T,140735.0,140735.0,140735.0,140735.0,0
20120725T,149448.0,149448.0,149448.0,149448.0,0
20120726T,104026.0,104026.0,104026.0,104026.0,0
20120727T,116774.0,116774.0,116774.0,116774.0,0
20120730T,122573.0,122573.0,122573.0,122573.0,0
20120731T,123898.0,123898.0,123898.0,123898.0,0
20120801T,121613.0,121613.0,121613.0,121613.0,0
20120802T,124014.0,124014.0,124014.0,124014.0,0
20120803T,122205.0,122205.0,122205.0,122205.0,0
20120806T,114225.0,114225.0,114225.0,114225.0,0
20120807T,119585.0,119585.0,119585.0,119585.0,0
20120808T,129350.0,129350.0,129350.0,129350.0,0
20120809T,127816.0,127816.0,127816.0,127816.0,0
20120810T,125234.0,125234.0,125234.0,125234.0,0
20120813T,125891.0,125891.0,125891.0,125891.0,0
20120814T,125986.0,125986.0,125986.0,125986.0,0
20120816T,128607.0,128607.0,128607.0,128607.0,0
20120817T,131035.0,131035.0,131035.0,131035.0,0
20120821T,140155.0,140155.0,140155.0,140155.0,0
20120822T,138880.0,138880.0,138880.0,138880.0,0
20120823T,137281.0,137281.0,137281.0,137281.0,0
20120824T,136829.0,136829.0,136829.0,136829.0,0
20120827T,148549.0,148549.0,148549.0,148549.0,0
20120828T,154502.0,154502.0,154502.0,154502.0,0
20120829T,149651.0,149651.0,149651.0,149651.0,0
20120830T,104031.0,104031.0,104031.0,104031.0,0
20120831T,99506.0,99506.0,99506.0,99506.0,0
20120903T,97448.0,97448.0,97448.0,97448.0,0
20120904T,92968.0,92968.0,92968.0,92968.0,0
20120905T,96677.0,96677.0,96677.0,96677.0,0
20120906T,98317.0,98317.0,98317.0,98317.0,0
20120907T,109101.0,109101.0,109101.0,109101.0,0
20120910T,110135.0,110135.0,110135.0,110135.0,0
20120911T,120114.0,120114.0,120114.0,120114.0,0
20120912T,126174.0,126174.0,126174.0,126174.0,0
20120913T,127599.0,127599.0,127599.0,127599.0,0
20120914T,126075.0,126075.0,126075.0,126075.0,0
20120917T,136513.0,136513.0,136513.0,136513.0,0
20120918T,126122.0,126122.0,126122.0,126122.0,0
20120920T,122014.0,122014.0,122014.0,122014.0,0
20120921T,115457.0,115457.0,115457.0,115457.0,0
20120924T,110317.0,110317.0,110317.0,110317.0,0
20120925T,110464.0,110464.0,110464.0,110464.0,0
20120926T,112413.0,112413.0,112413.0,112413.0,0
20120927T,97597.0,97597.0,97597.0,97597.0,0
20120928T,106709.0,106709.0,106709.0,106709.0,0
20121001T,106024.0,106024.0,106024.0,106024.0,0
20121003T,112551.0,112551.0,112551.0,112551.0,0
20121004T,119269.0,119269.0,119269.0,119269.0,0
20121005T,114365.0,114365.0,114365.0,114365.0,0
20121008T,111820.0,111820.0,111820.0,111820.0,0
20121009T,111477.0,111477.0,111477.0,111477.0,0
20121010T,113367.0,113367.0,113367.0,113367.0,0
20121011T,114989.0,114989.0,114989.0,114989.0,0
20121012T,121718.0,121718.0,121718.0,121718.0,0
20121015T,129071.0,129071.0,129071.0,129071.0,0
20121016T,130625.0,130625.0,130625.0,130625.0,0
20121017T,128308.0,128308.0,128308.0,128308.0,0
20121018T,123151.0,123151.0,123151.0,123151.0,0
20121019T,127328.0,127328.0,127328.0,127328.0,0
20121022T,128094.0,128094.0,128094.0,128094.0,0
20121023T,129103.0,129103.0,129103.0,129103.0,0
20121025T,96858.0,96858.0,96858.0,96858.0,0
20121026T,94526.0,94526.0,94526.0,94526.0,0
20121029T,92898.0,92898.0,92898.0,92898.0,0
20121030T,92008.0,92008.0,92008.0,92008.0,0
20121031T,84015.0,84015.0,84015.0,84015.0,0
20121101T,94007.0,94007.0,94007.0,94007.0,0
20121102T,106826.0,106826.0,106826.0,106826.0,0
20121105T,101269.0,101269.0,101269.0,101269.0,0
20121106T,98913.0,98913.0,98913.0,98913.0,0
20121107T,101100.0,101100.0,101100.0,101100.0,0
20121108T,95402.0,95402.0,95402.0,95402.0,0
20121109T,97246.0,97246.0,97246.0,97246.0,0
20121112T,97931.0,97931.0,97931.0,97931.0,0
20121113T,99620.0,99620.0,99620.0,99620.0,0
20121115T,92461.0,92461.0,92461.0,92461.0,0
20121116T,94417.0,94417.0,94417.0,94417.0,0
20121119T,95153.0,95153.0,95153.0,95153.0,0
20121120T,95979.0,95979.0,95979.0,95979.0,0
20121121T,101856.0,101856.0,101856.0,101856.0,0
20121122T,108162.0,108162.0,108162.0,108162.0,0
20121123T,100645.0,100645.0,100645.0,100645.0,0
20121126T,103077.0,103077.0,103077.0,103077.0,0
20121127T,120503.0,120503.0,120503.0,120503.0,0
20121129T,86753.0,86753.0,86753.0,86753.0,0
20121130T,98188.0,98188.0,98188.0,98188.0,0
20121203T,90237.0,90237.0,90237.0,90237.0,0
20121204T,88079.0,88079.0,88079.0,88079.0,0
20121205T,90708.0,90708.0,90708.0,90708.0,0
20121206T,93325.0,93325.0,93325.0,93325.0,0
20121207T,88830.0,88830.0,88830.0,88830.0,0
20121210T,87582.0,87582.0,87582.0,87582.0,0
20121211T,91640.0,91640.0,91640.0,91640.0,0
20121212T,88998.0,88998.0,88998.0,88998.0,0
20121213T,88019.0,88019.0,88019.0,88019.0,0
20121214T,85576.0,85576.0,85576.0,85576.0,0
20121217T,85266.0,85266.0,85266.0,85266.0,0
20121218T,82390.0,82390.0,82390.0,82390.0,0
20121219T,82958.0,82958.0,82958.0,82958.0,0
20121220T,88809.0,88809.0,88809.0,88809.0,0
20121221T,96308.0,96308.0,96308.0,96308.0,0
20121224T,98022.0,98022.0,98022.0,98022.0,0
20121226T,103515.0,103515.0,103515.0,103515.0,0
20121227T,84693.0,84693.0,84693.0,84693.0,0
20121228T,83915.0,83915.0,83915.0,83915.0,0
20121231T,85342.0,85342.0,85342.0,85342.0,0
20130101T,86495.0,86495.0,86495.0,86495.0,0
20130102T,95222.0,95222.0,95222.0,95222.0,0
20130103T,106321.0,106321.0,106321.0,106321.0,0
20130104T,110525.0,110525.0,110525.0,110525.0,0
20130107T,102701.0,102701.0,102701.0,102701.0,0
20130108T,103608.0,103608.0,103608.0,103608.0,0
20130109T,104580.0,104580.0,104580.0,104580.0,0
20130110T,102785.0,102785.0,102785.0,102785.0,0
20130111T,103985.0,103985.0,103985.0,103985.0,0
20130114T,113166.0,113166.0,113166.0,113166.0,0
20130115T,125227.0,125227.0,125227.0,125227.0,0
20130116T,113535.0,113535.0,113535.0,113535.0,0
20130117T,126217.0,126217.0,126217.0,126217.0,0
20130118T,129551.0,129551.0,129551.0,129551.0,0
20130121T,136457.0,136457.0,136457.0,136457.0,0
20130122T,129440.0,129440.0,129440.0,129440.0,0
20130123T,122256.0,122256.0,122256.0,122256.0,0
20130124T,116578.0,116578.0,116578.0,116578.0,0
20130125T,114886.0,114886.0,114886.0,114886.0,0
20130128T,113130.0,113130.0,113130.0,113130.0,0
20130129T,114950.0,114950.0,114950.0,114950.0,0
20130130T,114225.0,114225.0,114225.0,114225.0,0
20130131T,65729.0,65729.0,65729.0,65729.0,0
20130201T,70279.0,70279.0,70279.0,70279.0,0
20130204T,70463.0,70463.0,70463.0,70463.0,0
20130205T,68017.0,68017.0,68017.0,68017.0,0
20130206T,66933.0,66933.0,66933.0,66933.0,0
20130207T,67841.0,67841.0,67841.0,67841.0,0
20130208T,75948.0,75948.0,75948.0,75948.0,0
20130211T,78568.0,78568.0,78568.0,78568.0,0
20130212T,80499.0,80499.0,80499.0,80499.0,0
20130213T,86619.0,86619.0,86619.0,86619.0,0
20130214T,83455.0,83455.0,83455.0,83455.0,0
20130215T,81043.0,81043.0,81043.0,81043.0,0
20130218T,81868.0,81868.0,81868.0,81868.0,0
20130219T,84681.0,84681.0,84681.0,84681.0,0
20130220T,82514.0,82514.0,82514.0,82514.0,0
20130221T,84625.0,84625.0,84625.0,84625.0,0
20130222T,84687.0,84687.0,84687.0,84687.0,0
20130225T,79662.0,79662.0,79662.0,79662.0,0
20130226T,71481.0,71481.0,71481.0,71481.0,0
20130227T,83794.0,83794.0,83794.0,83794.0,0
20130228T,50607.0,50607.0,50607.0,50607.0,0
20130301T,65011.0,65011.0,65011.0,65011.0,0
20130304T,74390.0,74390.0,74390.0,74390.0,0
20130305T,88614.0,88614.0,88614.0,88614.0,0
20130306T,92670.0,92670.0,92670.0,92670.0,0
20130307T,103704.0,103704.0,103704.0,103704.0,0
20130308T,111582.0,111582.0,111582.0,111582.0,0
20130311T,107407.0,107407.0,107407.0,107407.0,0
20130312T,93476.0,93476.0,93476.0,93476.0,0
20130313T,90532.0,90532.0,90532.0,90532.0,0
20130314T,80517.0,80517.0,80517.0,80517.0,0
20130315T,78101.0,78101.0,78101.0,78101.0,0
20130318T,69148.0,69148.0,69148.0,69148.0,0
20130319T,88831.0,88831.0,88831.0,88831.0,0
20130320T,84716.0,84716.0,84716.0,84716.0,0
20130321T,88803.0,88803.0,88803.0,88803.0,0
20130322T,78496.0,78496.0,78496.0,78496.0,0
20130325T,83760.0,83760.0,83760.0,83760.0,0
20130326T,83435.0,83435.0,83435.0,83435.0,0
20130328T,45987.0,45987.0,45987.0,45987.0,0
20130401T,55938.0,55938.0,55938.0,55938.0,0
20130402T,62662.0,62662.0,62662.0,62662.0,0
20130403T,59820.0,59820.0,59820.0,59820.0,0
20130404T,60779.0,60779.0,60779.0,60779.0,0
20130405T,57296.0,57296.0,57296.0,57296.0,0
20130408T,59928.0,59928.0,59928.0,59928.0,0
20130409T,69219.0,69219.0,69219.0,69219.0,0
20130410T,73500.0,73500.0,73500.0,73500.0,0
20130411T,88129.0,88129.0,88129.0,88129.0,0
20130412T,80098.0,80098.0,80098.0,80098.0,0
20130415T,92083.0,92083.0,92083.0,92083.0,0
20130416T,110720.0,110720.0,110720.0,110720.0,0
20130417T,107836.0,107836.0,107836.0,107836.0,0
20130418T,115496.0,115496.0,115496.0,115496.0,0
20130422T,118949.0,118949.0,118949.0,118949.0,0
20130423T,115795.0,115795.0,115795.0,115795.0,0
20130425T,107702.0,107702.0,107702.0,107702.0,0
20130426T,102587.0,102587.0,102587.0,102587.0,0
20130429T,101849.0,101849.0,101849.0,101849.0,0
20130430T,102188.0,102188.0,102188.0,102188.0,0
20130502T,108444.0,108444.0,108444.0,108444.0,0
20130503T,104572.0,104572.0,104572.0,104572.0,0
20130506T,108762.0,108762.0,108762.0,108762.0,0
20130507T,110613.0,110613.0,110613.0,110613.0,0
20130508T,114420.0,114420.0,114420.0,114420.0,0
20130509T,117708.0,117708.0,117708.0,117708.0,0
20130510T,114255.0,114255.0,114255.0,114255.0,0
20130513T,112635.0,112635.0,112635.0,112635.0,0
20130514T,117306.0,117306.0,117306.0,117306.0,0
20130515T,115206.0,115206.0,115206.0,115206.0,0
20130516T,114133.0,114133.0,114133.0,114133.0,0
20130517T,109184.0,109184.0,109184.0,109184.0,0
20130520T,109284.0,109284.0,109284.0,109284.0,0
20130521T,108269.0,108269.0,108269.0,108269.0,0
20130522T,108774.0,108774.0,108774.0,108774.0,0
20130523T,118687.0,118687.0,118687.0,118687.0,0
20130524T,120607.0,120607.0,120607.0,120607.0,0
20130527T,125522.0,125522.0,125522.0,125522.0,0
20130528T,128468.0,128468.0,128468.0,128468.0,0
20130529T,131261.0,131261.0,131261.0,131261.0,0
20130530T,140534.0,140534.0,140534.0,140534.0,0
20130531T,115130.0,115130.0,115130.0,115130.0,0
20130603T,100759.0,100759.0,100759.0,100759.0,0
20130604T,101311.0,101311.0,101311.0,101311.0,0
20130605T,92776.0,92776.0,92776.0,92776.0,0
20130606T,82582.0,82582.0,82582.0,82582.0,0
20130607T,78702.0,78702.0,78702.0,78702.0,0
20130610T,77306.0,77306.0,77306.0,77306.0,0
20130611T,71942.0,71942.0,71942.0,71942.0,0
20130612T,72782.0,72782.0,72782.0,72782.0,0
20130613T,79356.0,79356.0,79356.0,79356.0,0
20130614T,87697.0,87697.0,87697.0,87697.0,0
20130617T,94895.0,94895.0,94895.0,94895.0,0
20130618T,92931.0,92931.0,92931.0,92931.0,0
20130619T,100266.0,100266.0,100266.0,100266.0,0
20130620T,128550.0,128550.0,128550.0,128550.0,0
20130621T,125778.0,125778.0,125778.0,125778.0,0
20130624T,140797.0,140797.0,140797.0,140797.0,0
20130625T,121328.0,121328.0,121328.0,121328.0,0
20130626T,121768.0,121768.0,121768.0,121768.0,0
20130627T,66175.0,66175.0,66175.0,66175.0,0
20130628T,91031.0,91031.0,91031.0,91031.0,0
20130701T,96170.0,96170.0,96170.0,96170.0,0
20130702T,94046.0,94046.0,94046.0,94046.0,0
20130703T,83658.0,83658.0,83658.0,83658.0,0
20130704T,93269.0,93269.0,93269.0,93269.0,0
20130705T,98351.0,98351.0,98351.0,98351.0,0
20130708T,96022.0,96022.0,96022.0,96022.0,0
20130709T,107197.0,107197.0,107197.0,107197.0,0
20130710T,106671.0,106671.0,106671.0,106671.0,0
20130711T,122942.0,122942.0,122942.0,122942.0,0
20130712T,118485.0,118485.0,118485.0,118485.0,0
20130715T,114758.0,114758.0,114758.0,114758.0,0
20130716T,104013.0,104013.0,104013.0,104013.0,0
20130717T,110908.0,110908.0,110908.0,110908.0,0
20130718T,111067.0,111067.0,111067.0,111067.0,0
20130719T,107667.0,107667.0,107667.0,107667.0,0
20130722T,106194.0,106194.0,106194.0,106194.0,0
20130723T,111786.0,111786.0,111786.0,111786.0,0
20130724T,112107.0,112107.0,112107.0,112107.0,0
20130725T,104409.0,104409.0,104409.0,104409.0,0
20130726T,101816.0,101816.0,101816.0,101816.0,0
20130729T,102380.0,102380.0,102380.0,102380.0,0
20130730T,94091.0,94091.0,94091.0,94091.0,0
20130731T,90616.0,90616.0,90616.0,90616.0,0
20130801T,96880.0,96880.0,96880.0,96880.0,0
20130802T,92103.0,92103.0,92103.0,92103.0,0
20130805T,91185.0,91185.0,91185.0,91185.0,0
20130806T,101783.0,101783.0,101783.0,101783.0,0
20130807T,103011.0,103011.0,103011.0,103011.0,0
20130808T,115269.0,115269.0,115269.0,115269.0,0
20130812T,130287.0,130287.0,130287.0,130287.0,0
20130813T,129058.0,129058.0,129058.0,129058.0,0
20130814T,121722.0,121722.0,121722.0,121722.0,0
20130816T,137023.0,137023.0,137023.0,137023.0,0
20130819T,137735.0,137735.0,137735.0,137735.0,0
20130820T,160721.0,160721.0,160721.0,160721.0,0
20130821T,204865.0,204865.0,204865.0,204865.0,0
20130822T,0.0,0.0,0.0,0.0,0
20130823T,178848.0,178848.0,178848.0,178848.0,0
20130826T,161511.0,161511.0,161511.0,161511.0,0
20130827T,162742.0,162742.0,162742.0,162742.0,0
20130828T,148990.0,148990.0,148990.0,148990.0,0
20130829T,99124.0,99124.0,99124.0,99124.0,0
20130830T,115340.0,115340.0,115340.0,115340.0,0
20130902T,123501.0,123501.0,123501.0,123501.0,0
20130903T,103522.0,103522.0,103522.0,103522.0,0
20130904T,118175.0,118175.0,118175.0,118175.0,0
20130905T,135927.0,135927.0,135927.0,135927.0,0
20130906T,143433.0,143433.0,143433.0,143433.0,0
20130910T,166568.0,166568.0,166568.0,166568.0,0
20130911T,146977.0,146977.0,146977.0,146977.0,0
20130912T,141958.0,141958.0,141958.0,141958.0,0
20130913T,140096.0,140096.0,140096.0,140096.0,0
20130916T,134500.0,134500.0,134500.0,134500.0,0
20130917T,136194.0,136194.0,136194.0,136194.0,0
20130918T,130094.0,130094.0,130094.0,130094.0,0
20130919T,133525.0,133525.0,133525.0,133525.0,0
20130920T,122405.0,122405.0,122405.0,122405.0,0
20130923T,130205.0,130205.0,130205.0,130205.0,0
20130924T,133624.0,133624.0,133624.0,133624.0,0
20130925T,132739.0,132739.0,132739.0,132739.0,0
20130926T,122511.0,122511.0,122511.0,122511.0,0
20130927T,124894.0,124894.0,124894.0,124894.0,0
20130930T,121768.0,121768.0,121768.0,121768.0,0
20131001T,114830.0,114830.0,114830.0,114830.0,0
20131003T,119988.0,119988.0,119988.0,119988.0,0
20131004T,121619.0,121619.0,121619.0,121619.0,0
20131007T,118927.0,118927.0,118927.0,118927.0,0
20131008T,117117.0,117117.0,117117.0,117117.0,0
20131010T,122574.0,122574.0,122574.0,122574.0,0
20131011T,123454.0,123454.0,123454.0,123454.0,0
20131014T,132158.0,132158.0,132158.0,132158.0,0
20131015T,149442.0,149442.0,149442.0,149442.0,0
20131017T,146903.0,146903.0,146903.0,146903.0,0
20131018T,145003.0,145003.0,145003.0,145003.0,0
20131021T,146518.0,146518.0,146518.0,146518.0,0
20131022T,149251.0,149251.0,149251.0,149251.0,0
20131023T,153692.0,153692.0,153692.0,153692.0,0
20131024T,159790.0,159790.0,159790.0,159790.0,0
20131025T,159779.0,159779.0,159779.0,159779.0,0
20131028T,168095.0,168095.0,168095.0,168095.0,0
20131029T,179405.0,179405.0,179405.0,179405.0,0
20131030T,172752.0,172752.0,172752.0,172752.0,0
20131031T,150522.0,150522.0,150522.0,150522.0,0
20131101T,154257.0,154257.0,154257.0,154257.0,0
20131105T,146404.0,146404.0,146404.0,146404.0,0
20131106T,134081.0,134081.0,134081.0,134081.0,0
20131107T,133234.0,133234.0,133234.0,133234.0,0
20131108T,117269.0,117269.0,117269.0,117269.0,0
20131111T,112351.0,112351.0,112351.0,112351.0,0
20131112T,107913.0,107913.0,107913.0,107913.0,0
20131113T,109753.0,109753.0,109753.0,109753.0,0
20131114T,107144.0,107144.0,107144.0,107144.0,0
20131118T,106665.0,106665.0,106665.0,106665.0,0
20131119T,107250.0,107250.0,107250.0,107250.0,0
20131120T,107074.0,107074.0,107074.0,107074.0,0
20131121T,111389.0,111389.0,111389.0,111389.0,0
20131122T,121996.0,121996.0,121996.0,121996.0,0
20131125T,114817.0,114817.0,114817.0,114817.0,0
20131126T,115969.0,115969.0,115969.0,115969.0,0
20131127T,109330.0,109330.0,109330.0,109330.0,0
20131128T,87997.0,87997.0,87997.0,87997.0,0
20131129T,96622.0,96622.0,96622.0,96622.0,0
20131202T,100622.0,100622.0,100622.0,100622.0,0
20131203T,105917.0,105917.0,105917.0,105917.0,0
20131204T,111004.0,111004.0,111004.0,111004.0,0
20131205T,117759.0,117759.0,117759.0,117759.0,0
20131206T,119637.0,119637.0,119637.0,119637.0,0
20131209T,130769.0,130769.0,130769.0,130769.0,0
20131210T,129019.0,129019.0,129019.0,129019.0,0
20131211T,129026.0,129026.0,129026.0,129026.0,0
20131212T,130437.0,130437.0,130437.0,130437.0,0
20131213T,125755.0,125755.0,125755.0,125755.0,0
20131216T,124166.0,124166.0,124166.0,124166.0,0
20131217T,126714.0,126714.0,126714.0,126714.0,0
20131218T,126390.0,126390.0,126390.0,126390.0,0
20131219T,140825.0,140825.0,140825.0,140825.0,0
20131220T,151545.0,151545.0,151545.0,151545.0,0
20131223T,157708.0,157708.0,157708.0,157708.0,0
20131224T,156420.0,156420.0,156420.0,156420.0,0
20131226T,88986.0,88986.0,88986.0,88986.0,0
20131227T,92291.0,92291.0,92291.0,92291.0,0
20131230T,99401.0,99401.0,99401.0,99401.0,0
20131231T,101380.0,101380.0,101380.0,101380.0,0
20140101T,101285.0,101285.0,101285.0,101285.0,0
20140102T,102210.0,102210.0,102210.0,102210.0,0
20140103T,103342.0,103342.0,103342.0,103342.0,0
20140106T,106948.0,106948.0,106948.0,106948.0,0
20140107T,105682.0,105682.0,105682.0,105682.0,0
20140108T,100909.0,100909.0,100909.0,100909.0,0
20140109T,99602.0,99602.0,99602.0,99602.0,0
20140110T,108000.0,108000.0,108000.0,108000.0,0
20140113T,121764.0,121764.0,121764.0,121764.0,0
20140114T,114967.0,114967.0,114967.0,114967.0,0
20140115T,106313.0,106313.0,106313.0,106313.0,0
20140116T,105401.0,105401.0,105401.0,105401.0,0
20140117T,101270.0,101270.0,101270.0,101270.0,0
20140120T,96680.0,96680.0,96680.0,96680.0,0
20140121T,106077.0,106077.0,106077.0,106077.0,0
20140122T,104450.0,104450.0,104450.0,104450.0,0
20140123T,104670.0,104670.0,104670.0,104670.0,0
20140124T,83875.0,83875.0,83875.0,83875.0,0
20140127T,100235.0,100235.0,100235.0,100235.0,0
20140128T,102361.0,102361.0,102361.0,102361.0,0
20140129T,105405.0,105405.0,105405.0,105405.0,0
20140130T,67016.0,67016.0,67016.0,67016.0,0
20140131T,65998.0,65998.0,65998.0,65998.0,0
20140203T,65921.0,65921.0,65921.0,65921.0,0
20140204T,66550.0,66550.0,66550.0,66550.0,0
20140205T,72551.0,72551.0,72551.0,72551.0,0
20140206T,82571.0,82571.0,82571.0,82571.0,0
20140207T,80315.0,80315.0,80315.0,80315.0,0
20140210T,85427.0,85427.0,85427.0,85427.0,0
20140211T,79113.0,79113.0,79113.0,79113.0,0
20140212T,80922.0,80922.0,80922.0,80922.0,0
20140213T,83967.0,83967.0,83967.0,83967.0,0
20140214T,79423.0,79423.0,79423.0,79423.0,0
20140217T,86371.0,86371.0,86371.0,86371.0,0
20140218T,94155.0,94155.0,94155.0,94155.0,0
20140219T,99945.0,99945.0,99945.0,99945.0,0
20140220T,85563.0,85563.0,85563.0,85563.0,0
20140221T,89224.0,89224.0,89224.0,89224.0,0
20140225T,90887.0,90887.0,90887.0,90887.0,0
20140226T,72281.0,72281.0,72281.0,72281.0,0
20140228T,83948.0,83948.0,83948.0,83948.0,0
20140303T,81528.0,81528.0,81528.0,81528.0,0
20140304T,91142.0,91142.0,91142.0,91142.0,0
20140305T,108143.0,108143.0,108143.0,108143.0,0
20140306T,110105.0,110105.0,110105.0,110105.0,0
20140307T,131161.0,131161.0,131161.0,131161.0,0
20140310T,129289.0,129289.0,129289.0,129289.0,0
20140311T,121927.0,121927.0,121927.0,121927.0,0
20140312T,118194.0,118194.0,118194.0,118194.0,0
20140313T,125143.0,125143.0,125143.0,125143.0,0
20140314T,110644.0,110644.0,110644.0,110644.0,0
20140318T,114863.0,114863.0,114863.0,114863.0,0
20140319T,113658.0,113658.0,113658.0,113658.0,0
20140320T,110076.0,110076.0,110076.0,110076.0,0
20140321T,99977.0,99977.0,99977.0,99977.0,0
20140324T,106538.0,106538.0,106538.0,106538.0,0
20140325T,99136.0,99136.0,99136.0,99136.0,0
20140326T,100837.0,100837.0,100837.0,100837.0,0
20140327T,87878.0,87878.0,87878.0,87878.0,0
20140328T,97468.0,97468.0,97468.0,97468.0,0
20140331T,91075.0,91075.0,91075.0,91075.0,0
20140401T,100771.0,100771.0,100771.0,100771.0,0
20140402T,110508.0,110508.0,110508.0,110508.0,0
20140403T,108671.0,108671.0,108671.0,108671.0,0
20140404T,90181.0,90181.0,90181.0,90181.0,0
20140407T,87213.0,87213.0,87213.0,87213.0,0
20140409T,89401.0,89401.0,89401.0,89401.0,0
20140410T,80580.0,80580.0,80580.0,80580.0,0
20140411T,76069.0,76069.0,76069.0,76069.0,0
20140415T,72891.0,72891.0,72891.0,72891.0,0
20140416T,69111.0,69111.0,69111.0,69111.0,0
20140417T,69687.0,69687.0,69687.0,69687.0,0
20140421T,74022.0,74022.0,74022.0,74022.0,0
20140422T,79451.0,79451.0,79451.0,79451.0,0
20140423T,54988.0,54988.0,54988.0,54988.0,0
20140425T,54138.0,54138.0,54138.0,54138.0,0
20140428T,51864.0,51864.0,51864.0,51864.0,0
20140429T,53220.0,53220.0,53220.0,53220.0,0
20140430T,49989.0,49989.0,49989.0,49989.0,0
20140502T,50691.0,50691.0,50691.0,50691.0,0
20140505T,51682.0,51682.0,51682.0,51682.0,0
20140506T,46679.0,46679.0,46679.0,46679.0,0
20140507T,46980.0,46980.0,46980.0,46980.0,0
20140508T,45398.0,45398.0,45398.0,45398.0,0
20140509T,50222.0,50222.0,50222.0,50222.0,0
20140512T,46477.0,46477.0,46477.0,46477.0,0
20140513T,49612.0,49612.0,49612.0,49612.0,0
20140514T,46611.0,46611.0,46611.0,46611.0,0
20140515T,51218.0,51218.0,51218.0,51218.0,0
20140516T,64173.0,64173.0,64173.0,64173.0,0
20140519T,63084.0,63084.0,63084.0,63084.0,0
20140520T,66371.0,66371.0,66371.0,66371.0,0
20140521T,61376.0,61376.0,61376.0,61376.0,0
20140522T,65910.0,65910.0,65910.0,65910.0,0
20140523T,79483.0,79483.0,79483.0,79483.0,0
20140526T,80179.0,80179.0,80179.0,80179.0,0
20140527T,76856.0,76856.0,76856.0,76856.0,0
20140528T,75332.0,75332.0,75332.0,75332.0,0
20140529T,35291.0,35291.0,35291.0,35291.0,0
20140530T,39370.0,39370.0,39370.0,39370.0,0
20140602T,51695.0,51695.0,51695.0,51695.0,0
20140603T,64669.0,64669.0,64669.0,64669.0,0
20140604T,64326.0,64326.0,64326.0,64326.0,0
20140605T,75197.0,75197.0,75197.0,75197.0,0
20140606T,83463.0,83463.0,83463.0,83463.0,0
20140609T,97274.0,97274.0,97274.0,97274.0,0
20140610T,90600.0,90600.0,90600.0,90600.0,0
20140611T,89387.0,89387.0,89387.0,89387.0,0
20140612T,94034.0,94034.0,94034.0,94034.0,0
20140613T,71608.0,71608.0,71608.0,71608.0,0
20140616T,59540.0,59540.0,59540.0,59540.0,0
20140617T,58901.0,58901.0,58901.0,58901.0,0
20140618T,67056.0,67056.0,67056.0,67056.0,0
20140619T,61781.0,61781.0,61781.0,61781.0,0
20140620T,63500.0,63500.0,63500.0,63500.0,0
20140623T,61422.0,61422.0,61422.0,61422.0,0
20140624T,60113.0,60113.0,60113.0,60113.0,0
20140625T,54989.0,54989.0,54989.0,54989.0,0
20140626T,42332.0,42332.0,42332.0,42332.0,0
20140627T,44703.0,44703.0,44703.0,44703.0,0
20140630T,53203.0,53203.0,53203.0,53203.0,0
20140701T,59084.0,59084.0,59084.0,59084.0,0
20140702T,57880.0,57880.0,57880.0,57880.0,0
20140703T,56347.0,56347.0,56347.0,56347.0,0
20140704T,64599.0,64599.0,64599.0,64599.0,0
20140707T,68520.0,68520.0,68520.0,68520.0,0
20140708T,58969.0,58969.0,58969.0,58969.0,0
20140709T,57370.0,57370.0,57370.0,57370.0,0
20140710T,61862.0,61862.0,61862.0,61862.0,0
20140711T,59486.0,59486.0,59486.0,59486.0,0
20140714T,59630.0,59630.0,59630.0,59630.0,0
20140715T,67520.0,67520.0,67520.0,67520.0,0
20140716T,80117.0,80117.0,80117.0,80117.0,0
20140718T,86011.0,86011.0,86011.0,86011.0,0
20140721T,87234.0,87234.0,87234.0,87234.0,0
20140722T,102752.0,102752.0,102752.0,102752.0,0
20140723T,96983.0,96983.0,96983.0,96983.0,0
20140724T,100963.0,100963.0,100963.0,100963.0,0
20140725T,85229.0,85229.0,85229.0,85229.0,0
20140728T,77190.0,77190.0,77190.0,77190.0,0
20140730T,64389.0,64389.0,64389.0,64389.0,0
20140731T,44190.0,44190.0,44190.0,44190.0,0
20140801T,51912.0,51912.0,51912.0,51912.0,0
20140804T,52834.0,52834.0,52834.0,52834.0,0
20140805T,61107.0,61107.0,61107.0,61107.0,0
20140806T,65779.0,65779.0,65779.0,65779.0,0
20140807T,67909.0,67909.0,67909.0,67909.0,0
20140808T,51902.0,51902.0,51902.0,51902.0,0
20140811T,54098.0,54098.0,54098.0,54098.0,0
20140812T,67792.0,67792.0,67792.0,67792.0,0
20140813T,78862.0,78862.0,78862.0,78862.0,0
20140814T,84960.0,84960.0,84960.0,84960.0,0
20140818T,94688.0,94688.0,94688.0,94688.0,0
20140819T,96378.0,96378.0,96378.0,96378.0,0
20140820T,97240.0,97240.0,97240.0,97240.0,0
20140821T,98156.0,98156.0,98156.0,98156.0,0
20140822T,98731.0,98731.0,98731.0,98731.0,0
20140825T,92489.0,92489.0,92489.0,92489.0,0
20140826T,94442.0,94442.0,94442.0,94442.0,0
20140827T,98593.0,98593.0,98593.0,98593.0,0
20140828T,71274.0,71274.0,71274.0,71274.0,0
20140901T,76425.0,76425.0,76425.0,76425.0,0
20140902T,80950.0,80950.0,80950.0,80950.0,0
20140903T,91128.0,91128.0,91128.0,91128.0,0
20140904T,83529.0,83529.0,83529.0,83529.0,0
20140905T,79442.0,79442.0,79442.0,79442.0,0
20140908T,88283.0,88283.0,88283.0,88283.0,0
20140909T,85620.0,85620.0,85620.0,85620.0,0
20140910T,75255.0,75255.0,75255.0,75255.0,0
20140911T,75935.0,75935.0,75935.0,75935.0,0
20140912T,70961.0,70961.0,70961.0,70961.0,0
20140915T,63399.0,63399.0,63399.0,63399.0,0
20140916T,63674.0,63674.0,63674.0,63674.0,0
20140917T,58983.0,58983.0,58983.0,58983.0,0
20140918T,60662.0,60662.0,60662.0,60662.0,0
20140919T,60416.0,60416.0,60416.0,60416.0,0
20140922T,60899.0,60899.0,60899.0,60899.0,0
20140923T,50089.0,50089.0,50089.0,50089.0,0
20140924T,52066.0,52066.0,52066.0,52066.0,0
20140925T,34746.0,34746.0,34746.0,34746.0,0
20140926T,35347.0,35347.0,35347.0,35347.0,0
20140929T,36915.0,36915.0,36915.0,36915.0,0
20140930T,40976.0,40976.0,40976.0,40976.0,0
20141001T,42031.0,42031.0,42031.0,42031.0,0
20141007T,54101.0,54101.0,54101.0,54101.0,0
20141008T,44085.0,44085.0,44085.0,44085.0,0
20141009T,44786.0,44786.0,44786.0,44786.0,0
20141010T,43117.0,43117.0,43117.0,43117.0,0
20141013T,40972.0,40972.0,40972.0,40972.0,0
20141014T,39945.0,39945.0,39945.0,39945.0,0
20141016T,40367.0,40367.0,40367.0,40367.0,0
20141017T,42593.0,42593.0,42593.0,42593.0,0
20141020T,39120.0,39120.0,39120.0,39120.0,0
20141021T,36373.0,36373.0,36373.0,36373.0,0
20141022T,41005.0,41005.0,41005.0,41005.0,0
20141023T,38268.0,38268.0,38268.0,38268.0,0
20141027T,39020.0,39020.0,39020.0,39020.0,0
20141028T,47071.0,47071.0,47071.0,47071.0,0
20141029T,60198.0,60198.0,60198.0,60198.0,0
20141030T,55503.0,55503.0,55503.0,55503.0,0
20141031T,118254.0,118254.0,118254.0,118254.0,0
20141103T,114526.0,114526.0,114526.0,114526.0,0
20141105T,114983.0,114983.0,114983.0,114983.0,0
20141107T,125528.0,125528.0,125528.0,125528.0,0
20141110T,117544.0,117544.0,117544.0,117544.0,0
20141111T,121611.0,121611.0,121611.0,121611.0,0
20141112T,126202.0,126202.0,126202.0,126202.0,0
20141113T,119766.0,119766.0,119766.0,119766.0,0
20141114T,130546.0,130546.0,130546.0,130546.0,0
20141117T,131451.0,131451.0,131451.0,131451.0,0
20141118T,132424.0,132424.0,132424.0,132424.0,0
20141119T,121923.0,121923.0,121923.0,121923.0,0
20141120T,124032.0,124032.0,124032.0,124032.0,0
20141121T,135087.0,135087.0,135087.0,135087.0,0
20141124T,135731.0,135731.0,135731.0,135731.0,0
20141125T,106868.0,106868.0,106868.0,106868.0,0
20141126T,96942.0,96942.0,96942.0,96942.0,0
20141127T,76900.0,76900.0,76900.0,76900.0,0
20141128T,85716.0,85716.0,85716.0,85716.0,0
20141201T,90999.0,90999.0,90999.0,90999.0,0
20141202T,89598.0,89598.0,89598.0,89598.0,0
20141203T,87348.0,87348.0,87348.0,87348.0,0
20141204T,83501.0,83501.0,83501.0,83501.0,0
20141205T,83323.0,83323.0,83323.0,83323.0,0
20141208T,91141.0,91141.0,91141.0,91141.0,0
20141209T,87379.0,87379.0,87379.0,87379.0,0
20141210T,81068.0,81068.0,81068.0,81068.0,0
20141211T,81851.0,81851.0,81851.0,81851.0,0
20141212T,85972.0,85972.0,85972.0,85972.0,0
20141215T,82944.0,82944.0,82944.0,82944.0,0
20141216T,83089.0,83089.0,83089.0,83089.0,0
20141217T,73829.0,73829.0,73829.0,73829.0,0
20141218T,63485.0,63485.0,63485.0,63485.0,0
20141219T,56092.0,56092.0,56092.0,56092.0,0
20141222T,60540.0,60540.0,60540.0,60540.0,0
20141223T,70118.0,70118.0,70118.0,70118.0,0
20141224T,52379.0,52379.0,52379.0,52379.0,0
20141226T,54968.0,54968.0,54968.0,54968.0,0
20141229T,53539.0,53539.0,53539.0,53539.0,0
20141230T,56373.0,56373.0,56373.0,56373.0,0
20141231T,59550.0,59550.0,59550.0,59550.0,0
20150101T,61433.0,61433.0,61433.0,61433.0,0
20150102T,64302.0,64302.0,64302.0,64302.0,0
20150105T,61579.0,61579.0,61579.0,61579.0,0
20150106T,72587.0,72587.0,72587.0,72587.0,0
20150107T,72638.0,72638.0,72638.0,72638.0,0
20150108T,67943.0,67943.0,67943.0,67943.0,0
20150109T,72251.0,72251.0,72251.0,72251.0,0
20150112T,71207.0,71207.0,71207.0,71207.0,0
20150113T,81744.0,81744.0,81744.0,81744.0,0
20150114T,63602.0,63602.0,63602.0,63602.0,0
20150115T,82577.0,82577.0,82577.0,82577.0,0
20150116T,96126.0,96126.0,96126.0,96126.0,0
20150119T,109816.0,109816.0,109816.0,109816.0,0
20150120T,122870.0,122870.0,122870.0,122870.0,0
20150121T,111264.0,111264.0,111264.0,111264.0,0
20150122T,109811.0,109811.0,109811.0,109811.0,0
20150123T,124893.0,124893.0,124893.0,124893.0,0
20150127T,133148.0,133148.0,133148.0,133148.0,0
20150128T,103230.0,103230.0,103230.0,103230.0,0
20150129T,81134.0,81134.0,81134.0,81134.0,0
20150130T,89581.0,89581.0,89581.0,89581.0,0
20150202T,71183.0,71183.0,71183.0,71183.0,0
20150203T,71501.0,71501.0,71501.0,71501.0,0
20150204T,70613.0,70613.0,70613.0,70613.0,0
20150205T,69963.0,69963.0,69963.0,69963.0,0
20150206T,66944.0,66944.0,66944.0,66944.0,0
20150209T,60296.0,60296.0,60296.0,60296.0,0
20150210T,55668.0,55668.0,55668.0,55668.0,0
20150211T,58533.0,58533.0,58533.0,58533.0,0
20150212T,55110.0,55110.0,55110.0,55110.0,0
20150213T,58428.0,58428.0,58428.0,58428.0,0
20150216T,57557.0,57557.0,57557.0,57557.0,0
20150218T,59115.0,59115.0,59115.0,59115.0,0
20150219T,63486.0,63486.0,63486.0,63486.0,0
20150220T,63111.0,63111.0,63111.0,63111.0,0
20150223T,67977.0,67977.0,67977.0,67977.0,0
20150224T,69836.0,69836.0,69836.0,69836.0,0
20150225T,62376.0,62376.0,62376.0,62376.0,0
20150226T,43073.0,43073.0,43073.0,43073.0,0
20150227T,40766.0,40766.0,40766.0,40766.0,0
20150302T,55501.0,55501.0,55501.0,55501.0,0
20150303T,77475.0,77475.0,77475.0,77475.0,0
20150304T,80033.0,80033.0,80033.0,80033.0,0
20150305T,72088.0,72088.0,72088.0,72088.0,0
20150309T,76866.0,76866.0,76866.0,76866.0,0
20150310T,75007.0,75007.0,75007.0,75007.0,0
20150311T,74189.0,74189.0,74189.0,74189.0,0
20150312T,74036.0,74036.0,74036.0,74036.0,0
20150313T,85329.0,85329.0,85329.0,85329.0,0
20150316T,82518.0,82518.0,82518.0,82518.0,0
20150317T,82886.0,82886.0,82886.0,82886.0,0
20150318T,77897.0,77897.0,77897.0,77897.0,0
20150319T,101784.0,101784.0,101784.0,101784.0,0
20150320T,81208.0,81208.0,81208.0,81208.0,0
20150323T,74188.0,74188.0,74188.0,74188.0,0
20150324T,85962.0,85962.0,85962.0,85962.0,0
20150325T,83684.0,83684.0,83684.0,83684.0,0
20150326T,66347.0,66347.0,66347.0,66347.0,0
20150327T,73500.0,73500.0,73500.0,73500.0,0
20150330T,75516.0,75516.0,75516.0,75516.0,0
20150331T,72862.0,72862.0,72862.0,72862.0,0
20150401T,70601.0,70601.0,70601.0,70601.0,0
20150406T,66136.0,66136.0,66136.0,66136.0,0
20150407T,66914.0,66914.0,66914.0,66914.0,0
20150408T,74060.0,74060.0,74060.0,74060.0,0
20150409T,85096.0,85096.0,85096.0,85096.0,0
20150410T,79710.0,79710.0,79710.0,79710.0,0
20150413T,74651.0,74651.0,74651.0,74651.0,0
20150415T,91806.0,91806.0,91806.0,91806.0,0
20150416T,73689.0,73689.0,73689.0,73689.0,0
20150417T,75342.0,75342.0,75342.0,75342.0,0
20150420T,88776.0,88776.0,88776.0,88776.0,0
20150421T,99335.0,99335.0,99335.0,99335.0,0
20150422T,86198.0,86198.0,86198.0,86198.0,0
20150423T,83841.0,83841.0,83841.0,83841.0,0
20150424T,83249.0,83249.0,83249.0,83249.0,0
20150427T,89966.0,89966.0,89966.0,89966.0,0
20150428T,75564.0,75564.0,75564.0,75564.0,0
20150429T,95112.0,95112.0,95112.0,95112.0,0
20150430T,46299.0,46299.0,46299.0,46299.0,0
20150504T,43846.0,43846.0,43846.0,43846.0,0
20150505T,46808.0,46808.0,46808.0,46808.0,0
20150506T,67602.0,67602.0,67602.0,67602.0,0
20150507T,64096.0,64096.0,64096.0,64096.0,0
20150508T,53165.0,53165.0,53165.0,53165.0,0
20150511T,52847.0,52847.0,52847.0,52847.0,0
20150512T,110794.0,110794.0,110794.0,110794.0,0
20150513T,95769.0,95769.0,95769.0,95769.0,0
20150514T,89852.0,89852.0,89852.0,89852.0,0
20150515T,94728.0,94728.0,94728.0,94728.0,0
20150518T,90462.0,90462.0,90462.0,90462.0,0
20150519T,97080.0,97080.0,97080.0,97080.0,0
20150520T,81876.0,81876.0,81876.0,81876.0,0
20150521T,67514.0,67514.0,67514.0,67514.0,0
20150522T,63281.0,63281.0,63281.0,63281.0,0
20150525T,50683.0,50683.0,50683.0,50683.0,0
20150526T,58159.0,58159.0,58159.0,58159.0,0
20150527T,50354.0,50354.0,50354.0,50354.0,0
20150528T,34413.0,34413.0,34413.0,34413.0,0
20150529T,42147.0,42147.0,42147.0,42147.0,0
20150601T,45340.0,45340.0,45340.0,45340.0,0
20150602T,58455.0,58455.0,58455.0,58455.0,0
20150603T,59916.0,59916.0,59916.0,59916.0,0
20150604T,69453.0,69453.0,69453.0,69453.0,0
20150605T,68622.0,68622.0,68622.0,68622.0,0
20150608T,81380.0,81380.0,81380.0,81380.0,0
20150609T,87132.0,87132.0,87132.0,87132.0,0
20150610T,90132.0,90132.0,90132.0,90132.0,0
20150611T,108505.0,108505.0,108505.0,108505.0,0
20150612T,118380.0,118380.0,118380.0,118380.0,0
20150615T,103596.0,103596.0,103596.0,103596.0,0
20150616T,98633.0,98633.0,98633.0,98633.0,0
20150617T,113765.0,113765.0,113765.0,113765.0,0
20150618T,105308.0,105308.0,105308.0,105308.0,0
20150619T,72034.0,72034.0,72034.0,72034.0,0
20150622T,60376.0,60376.0,60376.0,60376.0,0
20150623T,65829.0,65829.0,65829.0,65829.0,0
20150624T,67140.0,67140.0,67140.0,67140.0,0
20150625T,64593.0,64593.0,64593.0,64593.0,0
20150626T,61964.0,61964.0,61964.0,61964.0,0
20150629T,68013.0,68013.0,68013.0,68013.0,0
20150630T,76959.0,76959.0,76959.0,76959.0,0
20150701T,81939.0,81939.0,81939.0,81939.0,0
20150702T,91409.0,91409.0,91409.0,91409.0,0
20150703T,97720.0,97720.0,97720.0,97720.0,0
20150706T,89783.0,89783.0,89783.0,89783.0,0
20150707T,114334.0,114334.0,114334.0,114334.0,0
20150708T,106489.0,106489.0,106489.0,106489.0,0
20150709T,79097.0,79097.0,79097.0,79097.0,0
20150710T,72873.0,72873.0,72873.0,72873.0,0
20150713T,77007.0,77007.0,77007.0,77007.0,0
20150714T,80939.0,80939.0,80939.0,80939.0,0
20150715T,87706.0,87706.0,87706.0,87706.0,0
20150716T,101553.0,101553.0,101553.0,101553.0,0
20150717T,99369.0,99369.0,99369.0,99369.0,0
20150720T,97710.0,97710.0,97710.0,97710.0,0
20150721T,106461.0,106461.0,106461.0,106461.0,0
20150722T,96570.0,96570.0,96570.0,96570.0,0
20150723T,92696.0,92696.0,92696.0,92696.0,0
20150724T,90917.0,90917.0,90917.0,90917.0,0
20150727T,79446.0,79446.0,79446.0,79446.0,0
20150728T,73663.0,73663.0,73663.0,73663.0,0
20150729T,70859.0,70859.0,70859.0,70859.0,0
20150730T,37869.0,37869.0,37869.0,37869.0,0
20150731T,54847.0,54847.0,54847.0,54847.0,0
20150803T,54549.0,54549.0,54549.0,54549.0,0
20150804T,56581.0,56581.0,56581.0,56581.0,0
20150805T,73622.0,73622.0,73622.0,73622.0,0
20150806T,90475.0,90475.0,90475.0,90475.0,0
20150807T,92703.0,92703.0,92703.0,92703.0,0
20150810T,95417.0,95417.0,95417.0,95417.0,0
20150811T,83585.0,83585.0,83585.0,83585.0,0
20150812T,86956.0,86956.0,86956.0,86956.0,0
20150813T,85805.0,85805.0,85805.0,85805.0,0
20150814T,75322.0,75322.0,75322.0,75322.0,0
20150817T,72330.0,72330.0,72330.0,72330.0,0
20150818T,73213.0,73213.0,73213.0,73213.0,0
20150819T,80860.0,80860.0,80860.0,80860.0,0
20150820T,91940.0,91940.0,91940.0,91940.0,0
20150821T,70119.0,70119.0,70119.0,70119.0,0
20150824T,128410.0,128410.0,128410.0,128410.0,0
20150825T,116938.0,116938.0,116938.0,116938.0,0
20150826T,122457.0,122457.0,122457.0,122457.0,0
20150827T,60862.0,60862.0,60862.0,60862.0,0
20150828T,99553.0,99553.0,99553.0,99553.0,0
20150831T,111051.0,111051.0,111051.0,111051.0,0
20150901T,135580.0,135580.0,135580.0,135580.0,0
20150902T,139330.0,139330.0,139330.0,139330.0,0
20150903T,139366.0,139366.0,139366.0,139366.0,0
20150904T,166495.0,166495.0,166495.0,166495.0,0
20150907T,150928.0,150928.0,150928.0,150928.0,0
20150908T,142029.0,142029.0,142029.0,142029.0,0
20150909T,150518.0,150518.0,150518.0,150518.0,0
20150910T,162046.0,162046.0,162046.0,162046.0,0
20150911T,160619.0,160619.0,160619.0,160619.0,0
20150914T,158967.0,158967.0,158967.0,158967.0,0
20150915T,160889.0,160889.0,160889.0,160889.0,0
20150916T,152989.0,152989.0,152989.0,152989.0,0
20150918T,143117.0,143117.0,143117.0,143117.0,0
20150921T,130887.0,130887.0,130887.0,130887.0,0
20150922T,173599.0,173599.0,173599.0,173599.0,0
20150923T,155287.0,155287.0,155287.0,155287.0,0
20150924T,77561.0,77561.0,77561.0,77561.0,0
20150928T,84668.0,84668.0,84668.0,84668.0,0
20150929T,106460.0,106460.0,106460.0,106460.0,0
20150930T,83907.0,83907.0,83907.0,83907.0,0
20151001T,88571.0,88571.0,88571.0,88571.0,0
20151005T,88398.0,88398.0,88398.0,88398.0,0
20151006T,88706.0,88706.0,88706.0,88706.0,0
20151007T,102193.0,102193.0,102193.0,102193.0,0
20151008T,98849.0,98849.0,98849.0,98849.0,0
20151009T,99506.0,99506.0,99506.0,99506.0,0
20151012T,118231.0,118231.0,118231.0,118231.0,0
20151013T,103501.0,103501.0,103501.0,103501.0,0
20151014T,82561.0,82561.0,82561.0,82561.0,0
20151015T,74818.0,74818.0,74818.0,74818.0,0
20151016T,74524.0,74524.0,74524.0,74524.0,0
20151019T,82893.0,82893.0,82893.0,82893.0,0
20151020T,82819.0,82819.0,82819.0,82819.0,0
20151021T,78945.0,78945.0,78945.0,78945.0,0
20151023T,82572.0,82572.0,82572.0,82572.0,0
20151026T,82206.0,82206.0,82206.0,82206.0,0
20151027T,66871.0,66871.0,66871.0,66871.0,0
20151028T,52850.0,52850.0,52850.0,52850.0,0
20151029T,30997.0,30997.0,30997.0,30997.0,0
20151030T,43612.0,43612.0,43612.0,43612.0,0
20151102T,48672.0,48672.0,48672.0,48672.0,0
20151103T,53704.0,53704.0,53704.0,53704.0,0
20151104T,46299.0,46299.0,46299.0,46299.0,0
20151105T,42406.0,42406.0,42406.0,42406.0,0
20151106T,41570.0,41570.0,41570.0,41570.0,0
20151109T,41259.0,41259.0,41259.0,41259.0,0
20151110T,45385.0,45385.0,45385.0,45385.0,0
20151111T,46701.0,46701.0,46701.0,46701.0,0
20151113T,42980.0,42980.0,42980.0,42980.0,0
20151116T,38672.0,38672.0,38672.0,38672.0,0
20151117T,36841.0,36841.0,36841.0,36841.0,0
20151118T,40624.0,40624.0,40624.0,40624.0,0
20151119T,31925.0,31925.0,31925.0,31925.0,0
20151120T,31043.0,31043.0,31043.0,31043.0,0
20151123T,34959.0,34959.0,34959.0,34959.0,0
20151124T,36750.0,36750.0,36750.0,36750.0,0
20151126T,19157.0,19157.0,19157.0,19157.0,0
20151127T,23238.0,23238.0,23238.0,23238.0,0
20151130T,24162.0,24162.0,24162.0,24162.0,0
20151201T,23321.0,23321.0,23321.0,23321.0,0
20151202T,21673.0,21673.0,21673.0,21673.0,0
20151203T,24220.0,24220.0,24220.0,24220.0,0
20151204T,27911.0,27911.0,27911.0,27911.0,0
20151207T,26651.0,26651.0,26651.0,26651.0,0
20151208T,30741.0,30741.0,30741.0,30741.0,0
20151209T,36656.0,36656.0,36656.0,36656.0,0
20151210T,31423.0,31423.0,31423.0,31423.0,0
20151211T,34661.0,34661.0,34661.0,34661.0,0
20151214T,33313.0,33313.0,33313.0,33313.0,0
20151215T,35871.0,35871.0,35871.0,35871.0,0
20151216T,32352.0,32352.0,32352.0,32352.0,0
20151217T,24699.0,24699.0,24699.0,24699.0,0
20151218T,22774.0,22774.0,22774.0,22774.0,0
20151221T,22555.0,22555.0,22555.0,22555.0,0
20151222T,22528.0,22528.0,22528.0,22528.0,0
20151223T,22854.0,22854.0,22854.0,22854.0,0
20151224T,21639.0,21639.0,21639.0,21639.0,0
20151228T,23521.0,23521.0,23521.0,23521.0,0
20151229T,25213.0,25213.0,25213.0,25213.0,0
20151230T,23869.0,23869.0,23869.0,23869.0,0
20151231T,14107.0,14107.0,14107.0,14107.0,0
20160101T,14010.0,14010.0,14010.0,14010.0,0
20160104T,19009.0,19009.0,19009.0,19009.0,0
20160105T,25595.0,25595.0,25595.0,25595.0,0
20160106T,28070.0,28070.0,28070.0,28070.0,0
20160107T,32585.0,32585.0,32585.0,32585.0,0
20160108T,34959.0,34959.0,34959.0,34959.0,0
20160111T,34013.0,34013.0,34013.0,34013.0,0
20160112T,36411.0,36411.0,36411.0,36411.0,0
20160113T,43134.0,43134.0,43134.0,43134.0,0
20160114T,46708.0,46708.0,46708.0,46708.0,0
20160115T,55264.0,55264.0,55264.0,55264.0,0
20160118T,44583.0,44583.0,44583.0,44583.0,0
20160119T,44142.0,44142.0,44142.0,44142.0,0
20160120T,59045.0,59045.0,59045.0,59045.0,0
20160121T,53048.0,53048.0,53048.0,53048.0,0
20160122T,53063.0,53063.0,53063.0,53063.0,0
20160125T,45969.0,45969.0,45969.0,45969.0,0
20160127T,41480.0,41480.0,41480.0,41480.0,0
20160128T,17225.0,17225.0,17225.0,17225.0,0
20160129T,22891.0,22891.0,22891.0,22891.0,0
20160201T,30075.0,30075.0,30075.0,30075.0,0
20160202T,29820.0,29820.0,29820.0,29820.0,0
20160203T,27945.0,27945.0,27945.0,27945.0,0
20160204T,29873.0,29873.0,29873.0,29873.0,0
20160205T,23902.0,23902.0,23902.0,23902.0,0
20160208T,29105.0,29105.0,29105.0,29105.0,0
20160209T,29634.0,29634.0,29634.0,29634.0,0
20160211T,64157.0,64157.0,64157.0,64157.0,0
20160212T,70681.0,70681.0,70681.0,70681.0,0
20160215T,75402.0,75402.0,75402.0,75402.0,0
20160216T,84614.0,84614.0,84614.0,84614.0,0
20160217T,76908.0,76908.0,76908.0,76908.0,0
20160218T,80428.0,80428.0,80428.0,80428.0,0
20160219T,65531.0,65531.0,65531.0,65531.0,0
20160222T,59691.0,59691.0,59691.0,59691.0,0
20160223T,62443.0,62443.0,62443.0,62443.0,0
20160224T,60391.0,60391.0,60391.0,60391.0,0
20160225T,23932.0,23932.0,23932.0,23932.0,0
20160226T,23909.0,23909.0,23909.0,23909.0,0
20160229T,22554.0,22554.0,22554.0,22554.0,0
20160301T,24598.0,24598.0,24598.0,24598.0,0
20160302T,36262.0,36262.0,36262.0,36262.0,0
20160303T,39101.0,39101.0,39101.0,39101.0,0
20160304T,41393.0,41393.0,41393.0,41393.0,0
20160308T,41876.0,41876.0,41876.0,41876.0,0
20160309T,33089.0,33089.0,33089.0,33089.0,0
20160310T,32645.0,32645.0,32645.0,32645.0,0
20160311T,34038.0,34038.0,34038.0,34038.0,0
20160314T,36502.0,36502.0,36502.0,36502.0,0
20160315T,34496.0,34496.0,34496.0,34496.0,0
20160316T,35371.0,35371.0,35371.0,35371.0,0
20160317T,37507.0,37507.0,37507.0,37507.0,0
20160318T,45825.0,45825.0,45825.0,45825.0,0
20160321T,51589.0,51589.0,51589.0,51589.0,0
20160322T,45913.0,45913.0,45913.0,45913.0,0
20160323T,52504.0,52504.0,52504.0,52504.0,0
20160328T,51950.0,51950.0,51950.0,51950.0,0
20160329T,46981.0,46981.0,46981.0,46981.0,0
20160330T,50320.0,50320.0,50320.0,50320.0,0
20160331T,48525.0,48525.0,48525.0,48525.0,0
20160401T,52294.0,52294.0,52294.0,52294.0,0
20160404T,53688.0,53688.0,53688.0,53688.0,0
20160405T,54835.0,54835.0,54835.0,54835.0,0
20160406T,58446.0,58446.0,58446.0,58446.0,0
20160407T,47256.0,47256.0,47256.0,47256.0,0
20160408T,45405.0,45405.0,45405.0,45405.0,0
20160411T,46012.0,46012.0,46012.0,46012.0,0
20160412T,45049.0,45049.0,45049.0,45049.0,0
20160413T,44179.0,44179.0,44179.0,44179.0,0
20160418T,51200.0,51200.0,51200.0,51200.0,0
20160420T,51727.0,51727.0,51727.0,51727.0,0
20160421T,52234.0,52234.0,52234.0,52234.0,0
20160422T,53801.0,53801.0,53801.0,53801.0,0
20160425T,52324.0,52324.0,52324.0,52324.0,0
20160426T,54568.0,54568.0,54568.0,54568.0,0
20160427T,52873.0,52873.0,52873.0,52873.0,0
20160428T,40921.0,40921.0,40921.0,40921.0,0
20160429T,43535.0,43535.0,43535.0,43535.0,0
20160502T,41433.0,41433.0,41433.0,41433.0,0
20160503T,41180.0,41180.0,41180.0,41180.0,0
20160504T,39288.0,39288.0,39288.0,39288.0,0
20160505T,36659.0,36659.0,36659.0,36659.0,0
20160506T,37850.0,37850.0,37850.0,37850.0,0
20160509T,36292.0,36292.0,36292.0,36292.0,0
20160510T,33718.0,33718.0,33718.0,33718.0,0
20160511T,33184.0,33184.0,33184.0,33184.0,0
20160512T,36073.0,36073.0,36073.0,36073.0,0
20160513T,39266.0,39266.0,39266.0,39266.0,0
20160516T,39023.0,39023.0,39023.0,39023.0,0
20160517T,40422.0,40422.0,40422.0,40422.0,0
20160518T,35009.0,35009.0,35009.0,35009.0,0
20160519T,37163.0,37163.0,37163.0,37163.0,0
20160520T,37342.0,37342.0,37342.0,37342.0,0
20160523T,35030.0,35030.0,35030.0,35030.0,0
20160524T,32973.0,32973.0,32973.0,32973.0,0
20160525T,42274.0,42274.0,42274.0,42274.0,0
20160526T,51223.0,51223.0,51223.0,51223.0,0
20160527T,62696.0,62696.0,62696.0,62696.0,0
20160530T,63772.0,63772.0,63772.0,63772.0,0
20160531T,65393.0,65393.0,65393.0,65393.0,0
20160601T,69144.0,69144.0,69144.0,69144.0,0
20160602T,71918.0,71918.0,71918.0,71918.0,0
20160603T,69842.0,69842.0,69842.0,69842.0,0
20160606T,66609.0,66609.0,66609.0,66609.0,0
20160607T,66624.0,66624.0,66624.0,66624.0,0
20160608T,63149.0,63149.0,63149.0,63149.0,0
20160609T,56647.0,56647.0,56647.0,56647.0,0
20160610T,52115.0,52115.0,52115.0,52115.0,0
20160613T,48952.0,48952.0,48952.0,48952.0,0
20160614T,45569.0,45569.0,45569.0,45569.0,0
20160615T,45402.0,45402.0,45402.0,45402.0,0
20160616T,44254.0,44254.0,44254.0,44254.0,0
20160617T,42528.0,42528.0,42528.0,42528.0,0
20160620T,41289.0,41289.0,41289.0,41289.0,0
20160621T,40611.0,40611.0,40611.0,40611.0,0
20160622T,39171.0,39171.0,39171.0,39171.0,0
20160623T,40185.0,40185.0,40185.0,40185.0,0
20160624T,38885.0,38885.0,38885.0,38885.0,0
20160627T,36059.0,36059.0,36059.0,36059.0,0
20160628T,36643.0,36643.0,36643.0,36643.0,0
20160629T,38281.0,38281.0,38281.0,38281.0,0
20160630T,51762.0,51762.0,51762.0,51762.0,0
20160701T,55927.0,55927.0,55927.0,55927.0,0
20160704T,62285.0,62285.0,62285.0,62285.0,0
20160705T,60576.0,60576.0,60576.0,60576.0,0
20160707T,57182.0,57182.0,57182.0,57182.0,0
20160708T,57011.0,57011.0,57011.0,57011.0,0
20160711T,64527.0,64527.0,64527.0,64527.0,0
20160712T,68258.0,68258.0,68258.0,68258.0,0
20160713T,69286.0,69286.0,69286.0,69286.0,0
20160714T,69499.0,69499.0,69499.0,69499.0,0
20160715T,67987.0,67987.0,67987.0,67987.0,0
20160718T,65854.0,65854.0,65854.0,65854.0,0
20160719T,65312.0,65312.0,65312.0,65312.0,0
20160720T,65549.0,65549.0,65549.0,65549.0,0
20160721T,64567.0,64567.0,64567.0,64567.0,0
20160722T,66026.0,66026.0,66026.0,66026.0,0
20160725T,66189.0,66189.0,66189.0,66189.0,0
20160726T,61281.0,61281.0,61281.0,61281.0,0
20160727T,59955.0,59955.0,59955.0,59955.0,0
20160728T,51256.0,51256.0,51256.0,51256.0,0
20160729T,51416.0,51416.0,51416.0,51416.0,0
20160801T,54403.0,54403.0,54403.0,54403.0,0
20160802T,54325.0,54325.0,54325.0,54325.0,0
20160803T,57732.0,57732.0,57732.0,57732.0,0
20160804T,57845.0,57845.0,57845.0,57845.0,0
20160805T,58001.0,58001.0,58001.0,58001.0,0
20160808T,59089.0,59089.0,59089.0,59089.0,0
20160809T,56938.0,56938.0,56938.0,56938.0,0
20160810T,59899.0,59899.0,59899.0,59899.0,0
20160811T,58143.0,58143.0,58143.0,58143.0,0
20160812T,57531.0,57531.0,57531.0,57531.0,0
20160816T,58527.0,58527.0,58527.0,58527.0,0
20160817T,61852.0,61852.0,61852.0,61852.0,0
20160818T,63375.0,63375.0,63375.0,63375.0,0
20160819T,66775.0,66775.0,66775.0,66775.0,0
20160822T,64661.0,64661.0,64661.0,64661.0,0
20160823T,64751.0,64751.0,64751.0,64751.0,0
20160824T,63921.0,63921.0,63921.0,63921.0,0
20160825T,48543.0,48543.0,48543.0,48543.0,0
20160826T,53488.0,53488.0,53488.0,53488.0,0
20160829T,64093.0,64093.0,64093.0,64093.0,0
20160830T,76365.0,76365.0,76365.0,76365.0,0
20160831T,82294.0,82294.0,82294.0,82294.0,0
20160901T,80249.0,80249.0,80249.0,80249.0,0
20160902T,81128.0,81128.0,81128.0,81128.0,0
20160906T,85162.0,85162.0,85162.0,85162.0,0
20160907T,85436.0,85436.0,85436.0,85436.0,0
20160908T,86250.0,86250.0,86250.0,86250.0,0
20160909T,72656.0,72656.0,72656.0,72656.0,0
20160912T,63100.0,63100.0,63100.0,63100.0,0
20160914T,58602.0,58602.0,58602.0,58602.0,0
20160915T,59299.0,59299.0,59299.0,59299.0,0
20160916T,58016.0,58016.0,58016.0,58016.0,0
20160919T,58493.0,58493.0,58493.0,58493.0,0
20160920T,52753.0,52753.0,52753.0,52753.0,0
20160921T,52261.0,52261.0,52261.0,52261.0,0
20160922T,49436.0,49436.0,49436.0,49436.0,0
20160923T,50557.0,50557.0,50557.0,50557.0,0
20160926T,49350.0,49350.0,49350.0,49350.0,0
20160927T,46266.0,46266.0,46266.0,46266.0,0
20160928T,43611.0,43611.0,43611.0,43611.0,0
20160929T,32297.0,32297.0,32297.0,32297.0,0
20160930T,35525.0,35525.0,35525.0,35525.0,0
20161003T,37854.0,37854.0,37854.0,37854.0,0
20161004T,39017.0,39017.0,39017.0,39017.0,0
20161005T,41183.0,41183.0,41183.0,41183.0,0
20161006T,41989.0,41989.0,41989.0,41989.0,0
20161007T,39928.0,39928.0,39928.0,39928.0,0
20161010T,39930.0,39930.0,39930.0,39930.0,0
20161013T,43711.0,43711.0,43711.0,43711.0,0
20161014T,44672.0,44672.0,44672.0,44672.0,0
20161017T,46669.0,46669.0,46669.0,46669.0,0
20161018T,44575.0,44575.0,44575.0,44575.0,0
20161019T,43727.0,43727.0,43727.0,43727.0,0
20161020T,46528.0,46528.0,46528.0,46528.0,0
20161021T,46951.0,46951.0,46951.0,46951.0,0
20161024T,49316.0,49316.0,49316.0,49316.0,0
20161025T,48233.0,48233.0,48233.0,48233.0,0
20161026T,48563.0,48563.0,48563.0,48563.0,0
20161027T,37018.0,37018.0,37018.0,37018.0,0
20161028T,39826.0,39826.0,39826.0,39826.0,0
20161101T,45577.0,45577.0,45577.0,45577.0,0
20161102T,42217.0,42217.0,42217.0,42217.0,0
20161103T,39127.0,39127.0,39127.0,39127.0,0
20161104T,41630.0,41630.0,41630.0,41630.0,0
20161107T,37902.0,37902.0,37902.0,37902.0,0
20161108T,37277.0,37277.0,37277.0,37277.0,0
20161109T,41142.0,41142.0,41142.0,41142.0,0
20161110T,35546.0,35546.0,35546.0,35546.0,0
20161111T,41883.0,41883.0,41883.0,41883.0,0
20161115T,44158.0,44158.0,44158.0,44158.0,0
20161116T,41478.0,41478.0,41478.0,41478.0,0
20161117T,37314.0,37314.0,37314.0,37314.0,0
20161118T,33749.0,33749.0,33749.0,33749.0,0
20161121T,44974.0,44974.0,44974.0,44974.0,0
20161122T,43061.0,43061.0,43061.0,43061.0,0
20161123T,46385.0,46385.0,46385.0,46385.0,0
20161124T,20671.0,20671.0,20671.0,20671.0,0
20161125T,23537.0,23537.0,23537.0,23537.0,0
20161128T,28643.0,28643.0,28643.0,28643.0,0
20161129T,38558.0,38558.0,38558.0,38558.0,0
20161130T,41111.0,41111.0,41111.0,41111.0,0
20161201T,44931.0,44931.0,44931.0,44931.0,0
20161202T,43647.0,43647.0,43647.0,43647.0,0
20161205T,43514.0,43514.0,43514.0,43514.0,0
20161206T,46226.0,46226.0,46226.0,46226.0,0
20161207T,47369.0,47369.0,47369.0,47369.0,0
20161208T,50044.0,50044.0,50044.0,50044.0,0
20161209T,49915.0,49915.0,49915.0,49915.0,0
20161212T,47654.0,47654.0,47654.0,47654.0,0
20161213T,50187.0,50187.0,50187.0,50187.0,0
20161214T,51248.0,51248.0,51248.0,51248.0,0
20161215T,46390.0,46390.0,46390.0,46390.0,0
20161216T,43913.0,43913.0,43913.0,43913.0,0
20161219T,40936.0,40936.0,40936.0,40936.0,0
20161220T,42821.0,42821.0,42821.0,42821.0,0
20161221T,42835.0,42835.0,42835.0,42835.0,0
20161222T,37712.0,37712.0,37712.0,37712.0,0
20161223T,32976.0,32976.0,32976.0,32976.0,0
20161226T,38141.0,38141.0,38141.0,38141.0,0
20161227T,34105.0,34105.0,34105.0,34105.0,0
20161228T,42776.0,42776.0,42776.0,42776.0,0
20161229T,24596.0,24596.0,24596.0,24596.0,0
20161230T,33286.0,33286.0,33286.0,33286.0,0
20170102T,32232.0,32232.0,32232.0,32232.0,0
20170103T,37031.0,37031.0,37031.0,37031.0,0
20170104T,42852.0,42852.0,42852.0,42852.0,0
20170105T,47965.0,47965.0,47965.0,47965.0,0
20170106T,48653.0,48653.0,48653.0,48653.0,0
20170109T,48243.0,48243.0,48243.0,48243.0,0
20170110T,49470.0,49470.0,49470.0,49470.0,0
20170111T,58379.0,58379.0,58379.0,58379.0,0
20170112T,71074.0,71074.0,71074.0,71074.0,0
20170113T,70556.0,70556.0,70556.0,70556.0,0
20170116T,69564.0,69564.0,69564.0,69564.0,0
20170117T,67062.0,67062.0,67062.0,67062.0,0
20170118T,64329.0,64329.0,64329.0,64329.0,0
20170119T,64644.0,64644.0,64644.0,64644.0,0
20170120T,54207.0,54207.0,54207.0,54207.0,0
20170123T,53161.0,53161.0,53161.0,53161.0,0
20170124T,46952.0,46952.0,46952.0,46952.0,0
20170125T,46358.0,46358.0,46358.0,46358.0,0
20170127T,47238.0,47238.0,47238.0,47238.0,0
20170130T,49769.0,49769.0,49769.0,49769.0,0
20170131T,39849.0,39849.0,39849.0,39849.0,0
20170201T,41502.0,41502.0,41502.0,41502.0,0
20170202T,47411.0,47411.0,47411.0,47411.0,0
20170203T,50425.0,50425.0,50425.0,50425.0,0
20170206T,51365.0,51365.0,51365.0,51365.0,0
20170207T,48759.0,48759.0,48759.0,48759.0,0
20170208T,49342.0,49342.0,49342.0,49342.0,0
20170209T,48218.0,48218.0,48218.0,48218.0,0
20170210T,51654.0,51654.0,51654.0,51654.0,0
20170213T,54871.0,54871.0,54871.0,54871.0,0
20170214T,58511.0,58511.0,58511.0,58511.0,0
20170215T,49627.0,49627.0,49627.0,49627.0,0
20170216T,45293.0,45293.0,45293.0,45293.0,0
20170217T,41828.0,41828.0,41828.0,41828.0,0
20170220T,42184.0,42184.0,42184.0,42184.0,0
20170221T,38911.0,38911.0,38911.0,38911.0,0
20170222T,42783.0,42783.0,42783.0,42783.0,0
20170223T,50156.0,50156.0,50156.0,50156.0,0
20170227T,51008.0,51008.0,51008.0,51008.0,0
20170228T,50649.0,50649.0,50649.0,50649.0,0
20170301T,53959.0,53959.0,53959.0,53959.0,0
20170302T,48321.0,48321.0,48321.0,48321.0,0
20170303T,48647.0,48647.0,48647.0,48647.0,0
20170306T,51708.0,51708.0,51708.0,51708.0,0
20170307T,51355.0,51355.0,51355.0,51355.0,0
20170308T,54999.0,54999.0,54999.0,54999.0,0
20170309T,53815.0,53815.0,53815.0,53815.0,0
20170310T,53350.0,53350.0,53350.0,53350.0,0
20170314T,55399.0,55399.0,55399.0,55399.0,0
20170315T,55315.0,55315.0,55315.0,55315.0,0
20170316T,57343.0,57343.0,57343.0,57343.0,0
20170317T,60240.0,60240.0,60240.0,60240.0,0
20170320T,60348.0,60348.0,60348.0,60348.0,0
20170321T,56839.0,56839.0,56839.0,56839.0,0
20170322T,60062.0,60062.0,60062.0,60062.0,0
20170323T,59265.0,59265.0,59265.0,59265.0,0
20170324T,56407.0,56407.0,56407.0,56407.0,0
20170327T,58185.0,58185.0,58185.0,58185.0,0
20170328T,60389.0,60389.0,60389.0,60389.0,0
20170329T,56433.0,56433.0,56433.0,56433.0,0
20170330T,59904.0,59904.0,59904.0,59904.0,0
20170331T,61892.0,61892.0,61892.0,61892.0,0
20170403T,67728.0,67728.0,67728.0,67728.0,0
20170405T,73069.0,73069.0,73069.0,73069.0,0
20170406T,69826.0,69826.0,69826.0,69826.0,0
20170407T,68242.0,68242.0,68242.0,68242.0,0
20170410T,65599.0,65599.0,65599.0,65599.0,0
20170411T,68354.0,68354.0,68354.0,68354.0,0
20170412T,66377.0,66377.0,66377.0,66377.0,0
20170413T,61672.0,61672.0,61672.0,61672.0,0
20170417T,61537.0,61537.0,61537.0,61537.0,0
20170418T,64407.0,64407.0,64407.0,64407.0,0
20170419T,63608.0,63608.0,63608.0,63608.0,0
20170420T,65678.0,65678.0,65678.0,65678.0,0
20170421T,62370.0,62370.0,62370.0,62370.0,0
20170424T,74710.0,74710.0,74710.0,74710.0,0
20170425T,76229.0,76229.0,76229.0,76229.0,0
20170426T,81002.0,81002.0,81002.0,81002.0,0
20170427T,74680.0,74680.0,74680.0,74680.0,0
20170428T,78053.0,78053.0,78053.0,78053.0,0
20170502T,82086.0,82086.0,82086.0,82086.0,0
20170503T,86499.0,86499.0,86499.0,86499.0,0
20170504T,96567.0,96567.0,96567.0,96567.0,0
20170505T,86902.0,86902.0,86902.0,86902.0,0
20170508T,92091.0,92091.0,92091.0,92091.0,0
20170509T,87884.0,87884.0,87884.0,87884.0,0
20170510T,92045.0,92045.0,92045.0,92045.0,0
20170511T,89387.0,89387.0,89387.0,89387.0,0
20170512T,81296.0,81296.0,81296.0,81296.0,0
20170515T,83984.0,83984.0,83984.0,83984.0,0
20170516T,86176.0,86176.0,86176.0,86176.0,0
20170517T,85881.0,85881.0,85881.0,85881.0,0
20170518T,73530.0,73530.0,73530.0,73530.0,0
20170519T,69438.0,69438.0,69438.0,69438.0,0
20170522T,65199.0,65199.0,65199.0,65199.0,0
20170523T,62658.0,62658.0,62658.0,62658.0,0
20170524T,58096.0,58096.0,58096.0,58096.0,0
20170525T,56834.0,56834.0,56834.0,56834.0,0
20170526T,66773.0,66773.0,66773.0,66773.0,0
20170529T,68190.0,68190.0,68190.0,68190.0,0
20170530T,65580.0,65580.0,65580.0,65580.0,0
20170531T,67838.0,67838.0,67838.0,67838.0,0
20170601T,68794.0,68794.0,68794.0,68794.0,0
20170602T,69543.0,69543.0,69543.0,69543.0,0
20170605T,72062.0,72062.0,72062.0,72062.0,0
20170606T,65600.0,65600.0,65600.0,65600.0,0
20170607T,60234.0,60234.0,60234.0,60234.0,0
20170608T,61858.0,61858.0,61858.0,61858.0,0
20170609T,55316.0,55316.0,55316.0,55316.0,0
20170612T,53982.0,53982.0,53982.0,53982.0,0
20170613T,50609.0,50609.0,50609.0,50609.0,0
20170614T,44387.0,44387.0,44387.0,44387.0,0
20170615T,41948.0,41948.0,41948.0,41948.0,0
20170616T,39306.0,39306.0,39306.0,39306.0,0
20170619T,36303.0,36303.0,36303.0,36303.0,0
20170620T,36373.0,36373.0,36373.0,36373.0,0
20170621T,33935.0,33935.0,33935.0,33935.0,0
20170622T,37357.0,37357.0,37357.0,37357.0,0
20170623T,35895.0,35895.0,35895.0,35895.0,0
20170627T,37670.0,37670.0,37670.0,37670.0,0
20170628T,37656.0,37656.0,37656.0,37656.0,0
20170629T,37995.0,37995.0,37995.0,37995.0,0
20170630T,45236.0,45236.0,45236.0,45236.0,0
20170703T,54914.0,54914.0,54914.0,54914.0,0
20170704T,59651.0,59651.0,59651.0,59651.0,0
20170705T,66231.0,66231.0,66231.0,66231.0,0
20170706T,69211.0,69211.0,69211.0,69211.0,0
20170707T,69952.0,69952.0,69952.0,69952.0,0
20170710T,71171.0,71171.0,71171.0,71171.0,0
20170711T,69873.0,69873.0,69873.0,69873.0,0
20170712T,68366.0,68366.0,68366.0,68366.0,0
20170713T,70800.0,70800.0,70800.0,70800.0,0
20170714T,66890.0,66890.0,66890.0,66890.0,0
20170717T,62009.0,62009.0,62009.0,62009.0,0
20170718T,47730.0,47730.0,47730.0,47730.0,0
20170719T,46350.0,46350.0,46350.0,46350.0,0
20170720T,45311.0,45311.0,45311.0,45311.0,0
20170721T,46714.0,46714.0,46714.0,46714.0,0
20170724T,48577.0,48577.0,48577.0,48577.0,0
20170725T,47055.0,47055.0,47055.0,47055.0,0
20170726T,41681.0,41681.0,41681.0,41681.0,0
20170727T,39468.0,39468.0,39468.0,39468.0,0
20170728T,39633.0,39633.0,39633.0,39633.0,0
20170731T,43629.0,43629.0,43629.0,43629.0,0
20170801T,45187.0,45187.0,45187.0,45187.0,0
20170802T,45102.0,45102.0,45102.0,45102.0,0
20170803T,43379.0,43379.0,43379.0,43379.0,0
20170804T,40971.0,40971.0,40971.0,40971.0,0
20170807T,39587.0,39587.0,39587.0,39587.0,0
20170808T,41480.0,41480.0,41480.0,41480.0,0
20170809T,39827.0,39827.0,39827.0,39827.0,0
20170810T,33325.0,33325.0,33325.0,33325.0,0
20170811T,27419.0,27419.0,27419.0,27419.0,0
20170814T,24789.0,24789.0,24789.0,24789.0,0
20170816T,21768.0,21768.0,21768.0,21768.0,0
20170817T,25988.0,25988.0,25988.0,25988.0,0
20170818T,28989.0,28989.0,28989.0,28989.0,0
20170821T,32887.0,32887.0,32887.0,32887.0,0
20170822T,27088.0,27088.0,27088.0,27088.0,0
20170823T,28452.0,28452.0,28452.0,28452.0,0
20170824T,25845.0,25845.0,25845.0,25845.0,0
20170828T,26608.0,26608.0,26608.0,26608.0,0
20170829T,28374.0,28374.0,28374.0,28374.0,0
20170830T,26050.0,26050.0,26050.0,26050.0,0
20170831T,20148.0,20148.0,20148.0,20148.0,0
20170901T,23312.0,23312.0,23312.0,23312.0,0
20170904T,23193.0,23193.0,23193.0,23193.0,0
20170905T,28288.0,28288.0,28288.0,28288.0,0
20170906T,26568.0,26568.0,26568.0,26568.0,0
20170907T,29271.0,29271.0,29271.0,29271.0,0
20170908T,29919.0,29919.0,29919.0,29919.0,0
20170911T,37140.0,37140.0,37140.0,37140.0,0
20170912T,43622.0,43622.0,43622.0,43622.0,0
20170913T,41860.0,41860.0,41860.0,41860.0,0
20170914T,37666.0,37666.0,37666.0,37666.0,0
20170915T,34985.0,34985.0,34985.0,34985.0,0
20170918T,31912.0,31912.0,31912.0,31912.0,0
20170919T,27365.0,27365.0,27365.0,27365.0,0
20170920T,25576.0,25576.0,25576.0,25576.0,0
20170921T,24082.0,24082.0,24082.0,24082.0,0
20170922T,32699.0,32699.0,32699.0,32699.0,0
20170925T,32350.0,32350.0,32350.0,32350.0,0
20170926T,32412.0,32412.0,32412.0,32412.0,0
20170927T,32350.0,32350.0,32350.0,32350.0,0
20170928T,21326.0,21326.0,21326.0,21326.0,0
20170929T,24179.0,24179.0,24179.0,24179.0,0
20171003T,28841.0,28841.0,28841.0,28841.0,0
20171004T,38431.0,38431.0,38431.0,38431.0,0
20171005T,39704.0,39704.0,39704.0,39704.0,0
20171006T,38994.0,38994.0,38994.0,38994.0,0
20171009T,37660.0,37660.0,37660.0,37660.0,0
20171010T,42045.0,42045.0,42045.0,42045.0,0
20171011T,46990.0,46990.0,46990.0,46990.0,0
20171012T,53793.0,53793.0,53793.0,53793.0,0
20171013T,49047.0,49047.0,49047.0,49047.0,0
20171016T,51978.0,51978.0,51978.0,51978.0,0
20171017T,56721.0,56721.0,56721.0,56721.0,0
20171018T,55989.0,55989.0,55989.0,55989.0,0
20171019T,53603.0,53603.0,53603.0,53603.0,0
20171023T,56318.0,56318.0,56318.0,56318.0,0
20171024T,48916.0,48916.0,48916.0,48916.0,0
20171025T,47986.0,47986.0,47986.0,47986.0,0
20171026T,43909.0,43909.0,43909.0,43909.0,0
20171027T,44304.0,44304.0,44304.0,44304.0,0
20171030T,45838.0,45838.0,45838.0,45838.0,0
20171031T,42117.0,42117.0,42117.0,42117.0,0
20171101T,41361.0,41361.0,41361.0,41361.0,0
20171102T,42734.0,42734.0,42734.0,42734.0,0
20171103T,46258.0,46258.0,46258.0,46258.0,0
20171106T,41221.0,41221.0,41221.0,41221.0,0
20171107T,35845.0,35845.0,35845.0,35845.0,0
20171108T,33819.0,33819.0,33819.0,33819.0,0
20171109T,29836.0,29836.0,29836.0,29836.0,0
20171110T,27984.0,27984.0,27984.0,27984.0,0
20171113T,26281.0,26281.0,26281.0,26281.0,0
20171114T,21608.0,21608.0,21608.0,21608.0,0
20171115T,21371.0,21371.0,21371.0,21371.0,0
20171116T,17318.0,17318.0,17318.0,17318.0,0
20171117T,16406.0,16406.0,16406.0,16406.0,0
20171120T,15139.0,15139.0,15139.0,15139.0,0
20171121T,15954.0,15954.0,15954.0,15954.0,0
20171122T,17327.0,17327.0,17327.0,17327.0,0
20171123T,17537.0,17537.0,17537.0,17537.0,0
20171124T,19022.0,19022.0,19022.0,19022.0,0
20171127T,17622.0,17622.0,17622.0,17622.0,0
20171128T,19081.0,19081.0,19081.0,19081.0,0
20171129T,19046.0,19046.0,19046.0,19046.0,0
20171130T,16798.0,16798.0,16798.0,16798.0,0
20171201T,23714.0,23714.0,23714.0,23714.0,0
20171204T,26311.0,26311.0,26311.0,26311.0,0
20171205T,24656.0,24656.0,24656.0,24656.0,0
20171206T,30505.0,30505.0,30505.0,30505.0,0
20171207T,24553.0,24553.0,24553.0,24553.0,0
20171208T,26932.0,26932.0,26932.0,26932.0,0
20171211T,27223.0,27223.0,27223.0,27223.0,0
20171212T,27862.0,27862.0,27862.0,27862.0,0
20171213T,28811.0,28811.0,28811.0,28811.0,0
20171214T,21742.0,21742.0,21742.0,21742.0,0
20171215T,21667.0,21667.0,21667.0,21667.0,0
20171218T,16525.0,16525.0,16525.0,16525.0,0
20171219T,26953.0,26953.0,26953.0,26953.0,0
20171220T,29658.0,29658.0,29658.0,29658.0,0
20171221T,30334.0,30334.0,30334.0,30334.0,0
20171222T,37135.0,37135.0,37135.0,37135.0,0
20171226T,27851.0,27851.0,27851.0,27851.0,0
20171227T,36398.0,36398.0,36398.0,36398.0,0
20171228T,42858.0,42858.0,42858.0,42858.0,0
20171229T,53553.0,53553.0,53553.0,53553.0,0
20180101T,57155.0,57155.0,57155.0,57155.0,0
20180102T,54647.0,54647.0,54647.0,54647.0,0
20180103T,56631.0,56631.0,56631.0,56631.0,0
20180104T,62929.0,62929.0,62929.0,62929.0,0
20180105T,63197.0,63197.0,63197.0,63197.0,0
20180108T,68539.0,68539.0,68539.0,68539.0,0
20180109T,76385.0,76385.0,76385.0,76385.0,0
20180110T,82302.0,82302.0,82302.0,82302.0,0
20180111T,76265.0,76265.0,76265.0,76265.0,0
20180112T,75122.0,75122.0,75122.0,75122.0,0
20180115T,72353.0,72353.0,72353.0,72353.0,0
20180116T,67533.0,67533.0,67533.0,67533.0,0
20180117T,73508.0,73508.0,73508.0,73508.0,0
20180118T,75150.0,75150.0,75150.0,75150.0,0
20180119T,71347.0,71347.0,71347.0,71347.0,0
20180122T,58223.0,58223.0,58223.0,58223.0,0
20180123T,55848.0,55848.0,55848.0,55848.0,0
20180124T,55954.0,55954.0,55954.0,55954.0,0
20180125T,49414.0,49414.0,49414.0,49414.0,0
20180129T,43925.0,43925.0,43925.0,43925.0,0
20180130T,35876.0,35876.0,35876.0,35876.0,0
20180131T,32729.0,32729.0,32729.0,32729.0,0
20180201T,33872.0,33872.0,33872.0,33872.0,0
20180202T,36288.0,36288.0,36288.0,36288.0,0
20180205T,32845.0,32845.0,32845.0,32845.0,0
20180206T,31925.0,31925.0,31925.0,31925.0,0
20180207T,34049.0,34049.0,34049.0,34049.0,0
20180208T,32752.0,32752.0,32752.0,32752.0,0
20180209T,32823.0,32823.0,32823.0,32823.0,0
20180212T,30684.0,30684.0,30684.0,30684.0,0
20180214T,35587.0,35587.0,35587.0,35587.0,0
20180215T,38628.0,38628.0,38628.0,38628.0,0
20180216T,39334.0,39334.0,39334.0,39334.0,0
20180219T,38167.0,38167.0,38167.0,38167.0,0
20180220T,41768.0,41768.0,41768.0,41768.0,0
20180221T,36292.0,36292.0,36292.0,36292.0,0
20180222T,16352.0,16352.0,16352.0,16352.0,0
20180223T,18905.0,18905.0,18905.0,18905.0,0
20180226T,18829.0,18829.0,18829.0,18829.0,0
20180227T,22438.0,22438.0,22438.0,22438.0,0
20180228T,25420.0,25420.0,25420.0,25420.0,0
20180301T,30283.0,30283.0,30283.0,30283.0,0
20180305T,31754.0,31754.0,31754.0,31754.0,0
20180306T,37530.0,37530.0,37530.0,37530.0,0
20180307T,35902.0,35902.0,35902.0,35902.0,0
20180308T,33721.0,33721.0,33721.0,33721.0,0
20180309T,36784.0,36784.0,36784.0,36784.0,0
20180312T,38287.0,38287.0,38287.0,38287.0,0
20180313T,32331.0,32331.0,32331.0,32331.0,0
20180314T,30711.0,30711.0,30711.0,30711.0,0
20180315T,27151.0,27151.0,27151.0,27151.0,0
20180316T,31526.0,31526.0,31526.0,31526.0,0
20180319T,40269.0,40269.0,40269.0,40269.0,0
20180320T,42643.0,42643.0,42643.0,42643.0,0
20180321T,38156.0,38156.0,38156.0,38156.0,0
20180322T,43755.0,43755.0,43755.0,43755.0,0
20180323T,41629.0,41629.0,41629.0,41629.0,0
20180326T,41769.0,41769.0,41769.0,41769.0,0
20180327T,43793.0,43793.0,43793.0,43793.0,0
20180328T,18557.0,18557.0,18557.0,18557.0,0
20180402T,18277.0,18277.0,18277.0,18277.0,0
20180403T,14126.0,14126.0,14126.0,14126.0,0
20180404T,22187.0,22187.0,22187.0,22187.0,0
20180405T,23074.0,23074.0,23074.0,23074.0,0
20180406T,26690.0,26690.0,26690.0,26690.0,0
20180409T,24782.0,24782.0,24782.0,24782.0,0
20180410T,30225.0,30225.0,30225.0,30225.0,0
20180411T,40716.0,40716.0,40716.0,40716.0,0
20180412T,49063.0,49063.0,49063.0,49063.0,0
20180413T,42480.0,42480.0,42480.0,42480.0,0
20180416T,41594.0,41594.0,41594.0,41594.0,0
20180417T,40622.0,40622.0,40622.0,40622.0,0
20180418T,47751.0,47751.0,47751.0,47751.0,0
20180419T,48556.0,48556.0,48556.0,48556.0,0
20180420T,48538.0,48538.0,48538.0,48538.0,0
20180423T,52846.0,52846.0,52846.0,52846.0,0
20180424T,54669.0,54669.0,54669.0,54669.0,0
20180425T,54040.0,54040.0,54040.0,54040.0,0
20180426T,54749.0,54749.0,54749.0,54749.0,0
20180427T,55581.0,55581.0,55581.0,55581.0,0
20180430T,51016.0,51016.0,51016.0,51016.0,0
20180502T,49404.0,49404.0,49404.0,49404.0,0
20180503T,49713.0,49713.0,49713.0,49713.0,0
20180504T,44607.0,44607.0,44607.0,44607.0,0
20180507T,50341.0,50341.0,50341.0,50341.0,0
20180508T,50601.0,50601.0,50601.0,50601.0,0
20180509T,53750.0,53750.0,53750.0,53750.0,0
20180510T,51380.0,51380.0,51380.0,51380.0,0
20180511T,59745.0,59745.0,59745.0,59745.0,0
20180514T,56827.0,56827.0,56827.0,56827.0,0
20180515T,49450.0,49450.0,49450.0,49450.0,0
20180516T,48687.0,48687.0,48687.0,48687.0,0
20180517T,50610.0,50610.0,50610.0,50610.0,0
20180518T,52072.0,52072.0,52072.0,52072.0,0
20180521T,46693.0,46693.0,46693.0,46693.0,0
20180522T,46268.0,46268.0,46268.0,46268.0,0
20180523T,43551.0,43551.0,43551.0,43551.0,0
20180524T,42046.0,42046.0,42046.0,42046.0,0
20180525T,38644.0,38644.0,38644.0,38644.0,0
20180528T,34025.0,34025.0,34025.0,34025.0,0
20180529T,34279.0,34279.0,34279.0,34279.0,0
20180530T,34317.0,34317.0,34317.0,34317.0,0
20180531T,36788.0,36788.0,36788.0,36788.0,0
20180601T,33293.0,33293.0,33293.0,33293.0,0
20180604T,38159.0,38159.0,38159.0,38159.0,0
20180605T,35097.0,35097.0,35097.0,35097.0,0
20180606T,40355.0,40355.0,40355.0,40355.0,0
20180607T,42283.0,42283.0,42283.0,42283.0,0
20180608T,38576.0,38576.0,38576.0,38576.0,0
20180611T,41686.0,41686.0,41686.0,41686.0,0
20180612T,46637.0,46637.0,46637.0,46637.0,0
20180614T,39410.0,39410.0,39410.0,39410.0,0
20180615T,41519.0,41519.0,41519.0,41519.0,0
20180618T,43465.0,43465.0,43465.0,43465.0,0
20180619T,40169.0,40169.0,40169.0,40169.0,0
20180620T,35344.0,35344.0,35344.0,35344.0,0
20180621T,33520.0,33520.0,33520.0,33520.0,0
20180622T,33065.0,33065.0,33065.0,33065.0,0
20180625T,29639.0,29639.0,29639.0,29639.0,0
20180626T,28959.0,28959.0,28959.0,28959.0,0
20180627T,32470.0,32470.0,32470.0,32470.0,0
20180628T,17315.0,17315.0,17315.0,17315.0,0
20180629T,31719.0,31719.0,31719.0,31719.0,0
20180702T,28898.0,28898.0,28898.0,28898.0,0
20180703T,35051.0,35051.0,35051.0,35051.0,0
20180704T,41684.0,41684.0,41684.0,41684.0,0
20180705T,40533.0,40533.0,40533.0,40533.0,0
20180706T,44595.0,44595.0,44595.0,44595.0,0
20180709T,51142.0,51142.0,51142.0,51142.0,0
20180710T,61197.0,61197.0,61197.0,61197.0,0
20180711T,62836.0,62836.0,62836.0,62836.0,0
20180712T,64826.0,64826.0,64826.0,64826.0,0
20180713T,65046.0,65046.0,65046.0,65046.0,0
20180716T,62079.0,62079.0,62079.0,62079.0,0
20180717T,66024.0,66024.0,66024.0,66024.0,0
20180718T,64164.0,64164.0,64164.0,64164.0,0
20180719T,68216.0,68216.0,68216.0,68216.0,0
20180720T,65391.0,65391.0,65391.0,65391.0,0
20180723T,61060.0,61060.0,61060.0,61060.0,0
20180724T,59822.0,59822.0,59822.0,59822.0,0
20180725T,58738.0,58738.0,58738.0,58738.0,0
20180726T,48043.0,48043.0,48043.0,48043.0,0
20180727T,53410.0,53410.0,53410.0,53410.0,0
20180730T,48004.0,48004.0,48004.0,48004.0,0
20180731T,53592.0,53592.0,53592.0,53592.0,0
20180801T,58681.0,58681.0,58681.0,58681.0,0
20180802T,53001.0,53001.0,53001.0,53001.0,0
20180803T,55331.0,55331.0,55331.0,55331.0,0
20180806T,57065.0,57065.0,57065.0,57065.0,0
20180807T,60043.0,60043.0,60043.0,60043.0,0
20180808T,60857.0,60857.0,60857.0,60857.0,0
20180809T,62621.0,62621.0,62621.0,62621.0,0
20180810T,60695.0,60695.0,60695.0,60695.0,0
20180813T,55150.0,55150.0,55150.0,55150.0,0
20180814T,56267.0,56267.0,56267.0,56267.0,0
20180816T,52887.0,52887.0,52887.0,52887.0,0
20180817T,55491.0,55491.0,55491.0,55491.0,0
20180820T,59600.0,59600.0,59600.0,59600.0,0
20180821T,57365.0,57365.0,57365.0,57365.0,0
20180823T,57040.0,57040.0,57040.0,57040.0,0
20180824T,55567.0,55567.0,55567.0,55567.0,0
20180827T,55125.0,55125.0,55125.0,55125.0,0
20180828T,52750.0,52750.0,52750.0,52750.0,0
20180829T,49497.0,49497.0,49497.0,49497.0,0
20180830T,35000.0,35000.0,35000.0,35000.0,0
20180831T,38538.0,38538.0,38538.0,38538.0,0
20180903T,36382.0,36382.0,36382.0,36382.0,0
20180904T,40824.0,40824.0,40824.0,40824.0,0
20180905T,39920.0,39920.0,39920.0,39920.0,0
20180906T,43373.0,43373.0,43373.0,43373.0,0
20180907T,45241.0,45241.0,45241.0,45241.0,0
20180910T,41823.0,41823.0,41823.0,41823.0,0
20180911T,43648.0,43648.0,43648.0,43648.0,0
20180912T,46395.0,46395.0,46395.0,46395.0,0
20180914T,42336.0,42336.0,42336.0,42336.0,0
20180917T,40936.0,40936.0,40936.0,40936.0,0
20180918T,47173.0,47173.0,47173.0,47173.0,0
20180919T,47566.0,47566.0,47566.0,47566.0,0
20180921T,52225.0,52225.0,52225.0,52225.0,0
20180924T,49644.0,49644.0,49644.0,49644.0,0
20180925T,44672.0,44672.0,44672.0,44672.0,0
20180926T,42856.0,42856.0,42856.0,42856.0,0
20180927T,17995.0,17995.0,17995.0,17995.0,0
20180928T,24252.0,24252.0,24252.0,24252.0,0
20181001T,23587.0,23587.0,23587.0,23587.0,0
20181003T,20039.0,20039.0,20039.0,20039.0,0
20181004T,25179.0,25179.0,25179.0,25179.0,0
20181005T,30346.0,30346.0,30346.0,30346.0,0
20181008T,37627.0,37627.0,37627.0,37627.0,0
20181009T,37271.0,37271.0,37271.0,37271.0,0
20181010T,36649.0,36649.0,36649.0,36649.0,0
20181011T,34249.0,34249.0,34249.0,34249.0,0
20181012T,29482.0,29482.0,29482.0,29482.0,0
20181015T,29123.0,29123.0,29123.0,29123.0,0
20181016T,33858.0,33858.0,33858.0,33858.0,0
20181017T,34933.0,34933.0,34933.0,34933.0,0
20181019T,33207.0,33207.0,33207.0,33207.0,0
20181022T,37239.0,37239.0,37239.0,37239.0,0
20181023T,32474.0,32474.0,32474.0,32474.0,0
20181024T,36021.0,36021.0,36021.0,36021.0,0
20181025T,11320.0,11320.0,11320.0,11320.0,0
20181026T,20512.0,20512.0,20512.0,20512.0,0
20181029T,23506.0,23506.0,23506.0,23506.0,0
20181030T,17837.0,17837.0,17837.0,17837.0,0
20181031T,18634.0,18634.0,18634.0,18634.0,0
20181101T,20220.0,20220.0,20220.0,20220.0,0
20181102T,28071.0,28071.0,28071.0,28071.0,0
20181105T,26625.0,26625.0,26625.0,26625.0,0
20181106T,23380.0,23380.0,23380.0,23380.0,0
20181107T,24038.0,24038.0,24038.0,24038.0,0
20181109T,23783.0,23783.0,23783.0,23783.0,0
20181112T,19122.0,19122.0,19122.0,19122.0,0
20181113T,18720.0,18720.0,18720.0,18720.0,0
20181114T,17055.0,17055.0,17055.0,17055.0,0
20181115T,18863.0,18863.0,18863.0,18863.0,0
20181116T,20118.0,20118.0,20118.0,20118.0,0
20181119T,25656.0,25656.0,25656.0,25656.0,0
20181120T,19634.0,19634.0,19634.0,19634.0,0
20181121T,18280.0,18280.0,18280.0,18280.0,0
20181122T,25346.0,25346.0,25346.0,25346.0,0
20181126T,26579.0,26579.0,26579.0,26579.0,0
20181127T,27077.0,27077.0,27077.0,27077.0,0
20181128T,24835.0,24835.0,24835.0,24835.0,0
20181129T,40165.0,40165.0,40165.0,40165.0,0
20181130T,40771.0,40771.0,40771.0,40771.0,0
20181203T,39610.0,39610.0,39610.0,39610.0,0
20181204T,36915.0,36915.0,36915.0,36915.0,0
20181205T,33345.0,33345.0,33345.0,33345.0,0
20181206T,33569.0,33569.0,33569.0,33569.0,0
20181207T,34465.0,34465.0,34465.0,34465.0,0
20181210T,31952.0,31952.0,31952.0,31952.0,0
20181211T,37699.0,37699.0,37699.0,37699.0,0
20181212T,32241.0,32241.0,32241.0,32241.0,0
20181213T,31355.0,31355.0,31355.0,31355.0,0
20181214T,33094.0,33094.0,33094.0,33094.0,0
20181217T,29266.0,29266.0,29266.0,29266.0,0
20181218T,26860.0,26860.0,26860.0,26860.0,0
20181219T,27072.0,27072.0,27072.0,27072.0,0
20181220T,32245.0,32245.0,32245.0,32245.0,0
20181221T,30614.0,30614.0,30614.0,30614.0,0
20181224T,34504.0,34504.0,34504.0,34504.0,0
20181226T,28683.0,28683.0,28683.0,28683.0,0
20181227T,27522.0,27522.0,27522.0,27522.0,0
20181228T,31079.0,31079.0,31079.0,31079.0,0
20181231T,35467.0,35467.0,35467.0,35467.0,0
20190101T,37916.0,37916.0,37916.0,37916.0,0
20190102T,33359.0,33359.0,33359.0,33359.0,0
20190103T,32459.0,32459.0,32459.0,32459.0,0
20190104T,33256.0,33256.0,33256.0,33256.0,0
20190107T,29521.0,29521.0,29521.0,29521.0,0
20190108T,38194.0,38194.0,38194.0,38194.0,0
20190109T,42411.0,42411.0,42411.0,42411.0,0
20190110T,40232.0,40232.0,40232.0,40232.0,0
20190111T,36219.0,36219.0,36219.0,36219.0,0
20190114T,39241.0,39241.0,39241.0,39241.0,0
20190115T,44938.0,44938.0,44938.0,44938.0,0
20190116T,39734.0,39734.0,39734.0,39734.0,0
20190117T,38488.0,38488.0,38488.0,38488.0,0
20190118T,37601.0,37601.0,37601.0,37601.0,0
20190121T,38686.0,38686.0,38686.0,38686.0,0
20190122T,34940.0,34940.0,34940.0,34940.0,0
20190123T,35990.0,35990.0,35990.0,35990.0,0
20190124T,34892.0,34892.0,34892.0,34892.0,0
20190125T,37975.0,37975.0,37975.0,37975.0,0
20190128T,39103.0,39103.0,39103.0,39103.0,0
20190129T,35679.0,35679.0,35679.0,35679.0,0
20190130T,39867.0,39867.0,39867.0,39867.0,0
20190131T,27298.0,27298.0,27298.0,27298.0,0
20190201T,30628.0,30628.0,30628.0,30628.0,0
20190204T,31657.0,31657.0,31657.0,31657.0,0
20190205T,32620.0,32620.0,32620.0,32620.0,0
20190206T,46169.0,46169.0,46169.0,46169.0,0
20190207T,47214.0,47214.0,47214.0,47214.0,0
20190208T,42161.0,42161.0,42161.0,42161.0,0
20190211T,37293.0,37293.0,37293.0,37293.0,0
20190212T,37382.0,37382.0,37382.0,37382.0,0
20190213T,36240.0,36240.0,36240.0,36240.0,0
20190214T,25278.0,25278.0,25278.0,25278.0,0
20190215T,27400.0,27400.0,27400.0,27400.0,0
20190218T,25508.0,25508.0,25508.0,25508.0,0
20190219T,27582.0,27582.0,27582.0,27582.0,0
20190220T,29718.0,29718.0,29718.0,29718.0,0
20190221T,27257.0,27257.0,27257.0,27257.0,0
20190222T,26907.0,26907.0,26907.0,26907.0,0
20190225T,34671.0,34671.0,34671.0,34671.0,0
20190226T,36735.0,36735.0,36735.0,36735.0,0
20190227T,41046.0,41046.0,41046.0,41046.0,0
20190228T,32562.0,32562.0,32562.0,32562.0,0
20190301T,40860.0,40860.0,40860.0,40860.0,0
20190305T,46389.0,46389.0,46389.0,46389.0,0
20190306T,51067.0,51067.0,51067.0,51067.0,0
20190307T,52971.0,52971.0,52971.0,52971.0,0
20190308T,50773.0,50773.0,50773.0,50773.0,0
20190311T,53191.0,53191.0,53191.0,53191.0,0
20190312T,60510.0,60510.0,60510.0,60510.0,0
20190313T,63068.0,63068.0,63068.0,63068.0,0
20190314T,57335.0,57335.0,57335.0,57335.0,0
20190315T,55928.0,55928.0,55928.0,55928.0,0
20190318T,54389.0,54389.0,54389.0,54389.0,0
20190319T,56213.0,56213.0,56213.0,56213.0,0
20190320T,50487.0,50487.0,50487.0,50487.0,0
20190322T,48005.0,48005.0,48005.0,48005.0,0
20190325T,51953.0,51953.0,51953.0,51953.0,0
20190326T,48560.0,48560.0,48560.0,48560.0,0
20190327T,53171.0,53171.0,53171.0,53171.0,0
20190328T,43528.0,43528.0,43528.0,43528.0,0
20190329T,38373.0,38373.0,38373.0,38373.0,0
20190401T,43124.0,43124.0,43124.0,43124.0,0
20190402T,44793.0,44793.0,44793.0,44793.0,0
20190403T,44032.0,44032.0,44032.0,44032.0,0
20190404T,46521.0,46521.0,46521.0,46521.0,0
20190405T,49123.0,49123.0,49123.0,49123.0,0
20190408T,42160.0,42160.0,42160.0,42160.0,0
20190409T,39143.0,39143.0,39143.0,39143.0,0
20190410T,36433.0,36433.0,36433.0,36433.0,0
20190411T,34772.0,34772.0,34772.0,34772.0,0
20190412T,33665.0,33665.0,33665.0,33665.0,0
20190415T,35184.0,35184.0,35184.0,35184.0,0
20190416T,35791.0,35791.0,35791.0,35791.0,0
20190418T,33962.0,33962.0,33962.0,33962.0,0
20190422T,37971.0,37971.0,37971.0,37971.0,0
20190423T,41020.0,41020.0,41020.0,41020.0,0
20190424T,46262.0,46262.0,46262.0,46262.0,0
20190425T,31238.0,31238.0,31238.0,31238.0,0
20190426T,36720.0,36720.0,36720.0,36720.0,0
20190430T,30778.0,30778.0,30778.0,30778.0,0
20190502T,29283.0,29283.0,29283.0,29283.0,0
20190503T,28847.0,28847.0,28847.0,28847.0,0
20190506T,29710.0,29710.0,29710.0,29710.0,0
20190507T,37136.0,37136.0,37136.0,37136.0,0
20190508T,38292.0,38292.0,38292.0,38292.0,0
20190509T,37252.0,37252.0,37252.0,37252.0,0
20190510T,33648.0,33648.0,33648.0,33648.0,0
20190513T,37345.0,37345.0,37345.0,37345.0,0
20190514T,31566.0,31566.0,31566.0,31566.0,0
20190515T,32076.0,32076.0,32076.0,32076.0,0
20190516T,33221.0,33221.0,33221.0,33221.0,0
20190517T,33651.0,33651.0,33651.0,33651.0,0
20190520T,35176.0,35176.0,35176.0,35176.0,0
20190521T,39513.0,39513.0,39513.0,39513.0,0
20190522T,41127.0,41127.0,41127.0,41127.0,0
20190523T,42859.0,42859.0,42859.0,42859.0,0
20190524T,39402.0,39402.0,39402.0,39402.0,0
20190527T,35389.0,35389.0,35389.0,35389.0,0
20190528T,35728.0,35728.0,35728.0,35728.0,0
20190529T,29433.0,29433.0,29433.0,29433.0,0
20190530T,33015.0,33015.0,33015.0,33015.0,0
20190531T,37613.0,37613.0,37613.0,37613.0,0
20190603T,46111.0,46111.0,46111.0,46111.0,0
20190604T,44792.0,44792.0,44792.0,44792.0,0
20190606T,43828.0,43828.0,43828.0,43828.0,0
20190607T,44349.0,44349.0,44349.0,44349.0,0
20190610T,45826.0,45826.0,45826.0,45826.0,0
20190611T,45571.0,45571.0,45571.0,45571.0,0
20190612T,43788.0,43788.0,43788.0,43788.0,0
20190613T,40611.0,40611.0,40611.0,40611.0,0
20190614T,42455.0,42455.0,42455.0,42455.0,0
20190617T,47606.0,47606.0,47606.0,47606.0,0
20190618T,46426.0,46426.0,46426.0,46426.0,0
20190619T,50218.0,50218.0,50218.0,50218.0,0
20190620T,45252.0,45252.0,45252.0,45252.0,0
20190621T,43764.0,43764.0,43764.0,43764.0,0
20190624T,47223.0,47223.0,47223.0,47223.0,0
20190625T,47119.0,47119.0,47119.0,47119.0,0
20190626T,41011.0,41011.0,41011.0,41011.0,0
20190627T,34577.0,34577.0,34577.0,34577.0,0
20190628T,33891.0,33891.0,33891.0,33891.0,0
20190701T,34733.0,34733.0,34733.0,34733.0,0
20190702T,32844.0,32844.0,32844.0,32844.0,0
20190703T,32412.0,32412.0,32412.0,32412.0,0
20190704T,34064.0,34064.0,34064.0,34064.0,0
20190705T,37971.0,37971.0,37971.0,37971.0,0
20190708T,41537.0,41537.0,41537.0,41537.0,0
20190709T,39874.0,39874.0,39874.0,39874.0,0
20190710T,40837.0,40837.0,40837.0,40837.0,0
20190711T,38643.0,38643.0,38643.0,38643.0,0
20190712T,41003.0,41003.0,41003.0,41003.0,0
20190715T,43437.0,43437.0,43437.0,43437.0,0
20190716T,41654.0,41654.0,41654.0,41654.0,0
20190717T,39882.0,39882.0,39882.0,39882.0,0
20190718T,41794.0,41794.0,41794.0,41794.0,0
20190719T,46373.0,46373.0,46373.0,46373.0,0
20190722T,45860.0,45860.0,45860.0,45860.0,0
20190723T,47961.0,47961.0,47961.0,47961.0,0
20190724T,43756.0,43756.0,43756.0,43756.0,0
20190725T,23784.0,23784.0,23784.0,23784.0,0
20190726T,21931.0,21931.0,21931.0,21931.0,0
20190729T,21602.0,21602.0,21602.0,21602.0,0
20190730T,24180.0,24180.0,24180.0,24180.0,0
20190731T,22413.0,22413.0,22413.0,22413.0,0
20190801T,24449.0,24449.0,24449.0,24449.0,0
20190802T,23595.0,23595.0,23595.0,23595.0,0
20190805T,24558.0,24558.0,24558.0,24558.0,0
20190806T,23380.0,23380.0,23380.0,23380.0,0
20190807T,23018.0,23018.0,23018.0,23018.0,0
20190808T,20406.0,20406.0,20406.0,20406.0,0
20190809T,17448.0,17448.0,17448.0,17448.0,0
20190813T,23821.0,23821.0,23821.0,23821.0,0
20190814T,20938.0,20938.0,20938.0,20938.0,0
20190816T,26726.0,26726.0,26726.0,26726.0,0
20190819T,20928.0,20928.0,20928.0,20928.0,0
20190820T,23321.0,23321.0,23321.0,23321.0,0
20190821T,24577.0,24577.0,24577.0,24577.0,0
20190822T,29529.0,29529.0,29529.0,29529.0,0
20190823T,23906.0,23906.0,23906.0,23906.0,0
20190826T,23981.0,23981.0,23981.0,23981.0,0
20190827T,29656.0,29656.0,29656.0,29656.0,0
20190828T,23420.0,23420.0,23420.0,23420.0,0
20190829T,24630.0,24630.0,24630.0,24630.0,0
20190830T,14385.0,14385.0,14385.0,14385.0,0
20190903T,18793.0,18793.0,18793.0,18793.0,0
20190904T,23301.0,23301.0,23301.0,23301.0,0
20190905T,22450.0,22450.0,22450.0,22450.0,0
20190906T,22252.0,22252.0,22252.0,22252.0,0
20190909T,23417.0,23417.0,23417.0,23417.0,0
20190911T,24150.0,24150.0,24150.0,24150.0,0
20190912T,21172.0,21172.0,21172.0,21172.0,0
20190913T,22783.0,22783.0,22783.0,22783.0,0
20190916T,24995.0,24995.0,24995.0,24995.0,0
20190917T,30608.0,30608.0,30608.0,30608.0,0
20190918T,27652.0,27652.0,27652.0,27652.0,0
20190919T,28861.0,28861.0,28861.0,28861.0,0
20190920T,62761.0,62761.0,62761.0,62761.0,0
20190923T,63684.0,63684.0,63684.0,63684.0,0
20190924T,60538.0,60538.0,60538.0,60538.0,0
20190925T,55826.0,55826.0,55826.0,55826.0,0
20190926T,21735.0,21735.0,21735.0,21735.0,0
20190927T,24952.0,24952.0,24952.0,24952.0,0
20190930T,27523.0,27523.0,27523.0,27523.0,0
20191001T,29878.0,29878.0,29878.0,29878.0,0
20191003T,28392.0,28392.0,28392.0,28392.0,0
20191004T,26341.0,26341.0,26341.0,26341.0,0
20191007T,27065.0,27065.0,27065.0,27065.0,0
20191009T,23811.0,23811.0,23811.0,23811.0,0
20191010T,26125.0,26125.0,26125.0,26125.0,0
20191011T,23504.0,23504.0,23504.0,23504.0,0
20191014T,26612.0,26612.0,26612.0,26612.0,0
20191015T,34467.0,34467.0,34467.0,34467.0,0
20191016T,32544.0,32544.0,32544.0,32544.0,0
20191017T,32792.0,32792.0,32792.0,32792.0,0
20191018T,32150.0,32150.0,32150.0,32150.0,0
20191022T,35342.0,35342.0,35342.0,35342.0,0
20191023T,32626.0,32626.0,32626.0,32626.0,0
20191024T,33381.0,33381.0,33381.0,33381.0,0
20191025T,27044.0,27044.0,27044.0,27044.0,0
20191029T,36279.0,36279.0,36279.0,36279.0,0
20191030T,33855.0,33855.0,33855.0,33855.0,0
20191031T,23378.0,23378.0,23378.0,23378.0,0
20191101T,24230.0,24230.0,24230.0,24230.0,0
20191104T,26253.0,26253.0,26253.0,26253.0,0
20191105T,26484.0,26484.0,26484.0,26484.0,0
20191106T,33602.0,33602.0,33602.0,33602.0,0
20191107T,32808.0,32808.0,32808.0,32808.0,0
20191108T,35815.0,35815.0,35815.0,35815.0,0
20191111T,40887.0,40887.0,40887.0,40887.0,0
20191113T,38770.0,38770.0,38770.0,38770.0,0
20191114T,39174.0,39174.0,39174.0,39174.0,0
20191115T,33045.0,33045.0,33045.0,33045.0,0
20191118T,30521.0,30521.0,30521.0,30521.0,0
20191119T,32839.0,32839.0,32839.0,32839.0,0
20191120T,30232.0,30232.0,30232.0,30232.0,0
20191121T,30312.0,30312.0,30312.0,30312.0,0
20191122T,27868.0,27868.0,27868.0,27868.0,0
20191125T,33177.0,33177.0,33177.0,33177.0,0
20191126T,42956.0,42956.0,42956.0,42956.0,0
20191127T,34657.0,34657.0,34657.0,34657.0,0
20191128T,39516.0,39516.0,39516.0,39516.0,0
20191129T,31053.0,31053.0,31053.0,31053.0,0
20191202T,31558.0,31558.0,31558.0,31558.0,0
20191203T,32976.0,32976.0,32976.0,32976.0,0
20191204T,37054.0,37054.0,37054.0,37054.0,0
20191205T,31650.0,31650.0,31650.0,31650.0,0
20191206T,29718.0,29718.0,29718.0,29718.0,0
20191209T,29298.0,29298.0,29298.0,29298.0,0
20191210T,30981.0,30981.0,30981.0,30981.0,0
20191211T,34032.0,34032.0,34032.0,34032.0,0
20191212T,34177.0,34177.0,34177.0,34177.0,0
20191213T,32968.0,32968.0,32968.0,32968.0,0
20191216T,34365.0,34365.0,34365.0,34365.0,0
20191217T,35334.0,35334.0,35334.0,35334.0,0
20191218T,39097.0,39097.0,39097.0,39097.0,0
20191219T,41861.0,41861.0,41861.0,41861.0,0
20191220T,46448.0,46448.0,46448.0,46448.0,0
20191223T,50296.0,50296.0,50296.0,50296.0,0
20191224T,45586.0,45586.0,45586.0,45586.0,0
20191226T,30373.0,30373.0,30373.0,30373.0,0
20191227T,36634.0,36634.0,36634.0,36634.0,0
20191230T,32114.0,32114.0,32114.0,32114.0,0
20191231T,29412.0,29412.0,29412.0,29412.0,0
20200101T,31755.0,31755.0,31755.0,31755.0,0
20200102T,29594.0,29594.0,29594.0,29594.0,0
20200103T,30119.0,30119.0,30119.0,30119.0,0
20200106T,35706.0,35706.0,35706.0,35706.0,0
20200107T,42241.0,42241.0,42241.0,42241.0,0
20200108T,49711.0,49711.0,49711.0,49711.0,0
20200109T,38623.0,38623.0,38623.0,38623.0,0
20200110T,36320.0,36320.0,36320.0,36320.0,0
20200113T,37157.0,37157.0,37157.0,37157.0,0
20200114T,35938.0,35938.0,35938.0,35938.0,0
20200115T,33586.0,33586.0,33586.0,33586.0,0
20200116T,31091.0,31091.0,31091.0,31091.0,0
20200117T,32035.0,32035.0,32035.0,32035.0,0
20200120T,32656.0,32656.0,32656.0,32656.0,0
20200121T,32923.0,32923.0,32923.0,32923.0,0
20200122T,34058.0,34058.0,34058.0,34058.0,0
20200123T,31386.0,31386.0,31386.0,31386.0,0
20200124T,30531.0,30531.0,30531.0,30531.0,0
20200127T,27279.0,27279.0,27279.0,27279.0,0
20200128T,24811.0,24811.0,24811.0,24811.0,0
20200129T,24611.0,24611.0,24611.0,24611.0,0
20200130T,17248.0,17248.0,17248.0,17248.0,0
20200131T,12265.0,12265.0,12265.0,12265.0,0
20200203T,14991.0,14991.0,14991.0,14991.0,0
20200204T,17451.0,17451.0,17451.0,17451.0,0
20200205T,16076.0,16076.0,16076.0,16076.0,0
20200206T,15782.0,15782.0,15782.0,15782.0,0
20200207T,16644.0,16644.0,16644.0,16644.0,0
20200210T,17964.0,17964.0,17964.0,17964.0,0
20200211T,20095.0,20095.0,20095.0,20095.0,0
20200212T,19155.0,19155.0,19155.0,19155.0,0
20200213T,17952.0,17952.0,17952.0,17952.0,0
20200214T,17740.0,17740.0,17740.0,17740.0,0
20200217T,18850.0,18850.0,18850.0,18850.0,0
20200218T,18859.0,18859.0,18859.0,18859.0,0
20200219T,18772.0,18772.0,18772.0,18772.0,0
20200220T,19648.0,19648.0,19648.0,19648.0,0
20200224T,21432.0,21432.0,21432.0,21432.0,0
20200225T,22052.0,22052.0,22052.0,22052.0,0
20200226T,23791.0,23791.0,23791.0,23791.0,0
20200227T,13380.0,13380.0,13380.0,13380.0,0
20200228T,13589.0,13589.0,13589.0,13589.0,0
20200302T,15809.0,15809.0,15809.0,15809.0,0
20200303T,25945.0,25945.0,25945.0,25945.0,0
20200304T,21485.0,21485.0,21485.0,21485.0,0
20200305T,19425.0,19425.0,19425.0,19425.0,0
20200306T,23144.0,23144.0,23144.0,23144.0,0
20200309T,25223.0,25223.0,25223.0,25223.0,0
20200311T,28644.0,28644.0,28644.0,28644.0,0
20200312T,22444.0,22444.0,22444.0,22444.0,0
20200313T,43263.0,43263.0,43263.0,43263.0,0
20200316T,45966.0,45966.0,45966.0,45966.0,0
20200317T,44287.0,44287.0,44287.0,44287.0,0
20200318T,40648.0,40648.0,40648.0,40648.0,0
20200319T,34645.0,34645.0,34645.0,34645.0,0
20200320T,52047.0,52047.0,52047.0,52047.0,0
20200323T,42412.0,42412.0,42412.0,42412.0,0
20200324T,56075.0,56075.0,56075.0,56075.0,0
20200325T,64144.0,64144.0,64144.0,64144.0,0
20200326T,15330.0,15330.0,15330.0,15330.0,0
20200327T,17126.0,17126.0,17126.0,17126.0,0
20200330T,17608.0,17608.0,17608.0,17608.0,0
20200331T,18620.0,18620.0,18620.0,18620.0,0
20200401T,16281.0,16281.0,16281.0,16281.0,0
20200403T,21474.0,21474.0,21474.0,21474.0,0
20200407T,25242.0,25242.0,25242.0,25242.0,0
20200408T,24344.0,24344.0,24344.0,24344.0,0
20200409T,20618.0,20618.0,20618.0,20618.0,0
20200413T,24799.0,24799.0,24799.0,24799.0,0
20200415T,29207.0,29207.0,29207.0,29207.0,0
20200416T,22431.0,22431.0,22431.0,22431.0,0
20200417T,24664.0,24664.0,24664.0,24664.0,0
20200420T,25216.0,25216.0,25216.0,25216.0,0
20200421T,22261.0,22261.0,22261.0,22261.0,0
20200422T,24482.0,24482.0,24482.0,24482.0,0
20200423T,23939.0,23939.0,23939.0,23939.0,0
20200424T,22637.0,22637.0,22637.0,22637.0,0
20200427T,21514.0,21514.0,21514.0,21514.0,0
20200428T,25161.0,25161.0,25161.0,25161.0,0
20200429T,21890.0,21890.0,21890.0,21890.0,0
20200430T,23360.0,23360.0,23360.0,23360.0,0
20200504T,24326.0,24326.0,24326.0,24326.0,0
20200505T,22686.0,22686.0,22686.0,22686.0,0
20200506T,26729.0,26729.0,26729.0,26729.0,0
20200507T,18341.0,18341.0,18341.0,18341.0,0
20200508T,22932.0,22932.0,22932.0,22932.0,0
20200511T,22964.0,22964.0,22964.0,22964.0,0
20200512T,19090.0,19090.0,19090.0,19090.0,0
20200513T,19658.0,19658.0,19658.0,19658.0,0
20200514T,18406.0,18406.0,18406.0,18406.0,0
20200515T,19280.0,19280.0,19280.0,19280.0,0
20200518T,22283.0,22283.0,22283.0,22283.0,0
20200519T,27816.0,27816.0,27816.0,27816.0,0
20200520T,20707.0,20707.0,20707.0,20707.0,0
20200521T,21595.0,21595.0,21595.0,21595.0,0
20200522T,23255.0,23255.0,23255.0,23255.0,0
20200526T,22591.0,22591.0,22591.0,22591.0,0
20200527T,26431.0,26431.0,26431.0,26431.0,0
20200528T,37629.0,37629.0,37629.0,37629.0,0
20200529T,44855.0,44855.0,44855.0,44855.0,0
20200601T,42397.0,42397.0,42397.0,42397.0,0
20200602T,46414.0,46414.0,46414.0,46414.0,0
20200603T,35663.0,35663.0,35663.0,35663.0,0
20200604T,31089.0,31089.0,31089.0,31089.0,0
20200605T,27997.0,27997.0,27997.0,27997.0,0
20200608T,28191.0,28191.0,28191.0,28191.0,0
20200609T,31201.0,31201.0,31201.0,31201.0,0
20200610T,35541.0,35541.0,35541.0,35541.0,0
20200611T,34447.0,34447.0,34447.0,34447.0,0
20200612T,30033.0,30033.0,30033.0,30033.0,0
20200615T,34153.0,34153.0,34153.0,34153.0,0
20200616T,34140.0,34140.0,34140.0,34140.0,0
20200617T,42070.0,42070.0,42070.0,42070.0,0
20200618T,37011.0,37011.0,37011.0,37011.0,0
20200619T,33837.0,33837.0,33837.0,33837.0,0
20200622T,40660.0,40660.0,40660.0,40660.0,0
20200623T,39846.0,39846.0,39846.0,39846.0,0
20200624T,35906.0,35906.0,35906.0,35906.0,0
20200625T,25316.0,25316.0,25316.0,25316.0,0
20200626T,28461.0,28461.0,28461.0,28461.0,0
20200629T,25848.0,25848.0,25848.0,25848.0,0
20200630T,31651.0,31651.0,31651.0,31651.0,0
20200701T,29448.0,29448.0,29448.0,29448.0,0
20200702T,29043.0,29043.0,29043.0,29043.0,0
20200703T,29128.0,29128.0,29128.0,29128.0,0
20200706T,27703.0,27703.0,27703.0,27703.0,0
20200707T,36022.0,36022.0,36022.0,36022.0,0
20200708T,34297.0,34297.0,34297.0,34297.0,0
20200709T,37494.0,37494.0,37494.0,37494.0,0
20200710T,38909.0,38909.0,38909.0,38909.0,0
20200713T,37885.0,37885.0,37885.0,37885.0,0
20200714T,27936.0,27936.0,27936.0,27936.0,0
20200715T,25674.0,25674.0,25674.0,25674.0,0
20200716T,27667.0,27667.0,27667.0,27667.0,0
20200717T,32267.0,32267.0,32267.0,32267.0,0
20200720T,32551.0,32551.0,32551.0,32551.0,0
20200721T,32451.0,32451.0,32451.0,32451.0,0
20200722T,32845.0,32845.0,32845.0,32845.0,0
20200723T,32193.0,32193.0,32193.0,32193.0,0
20200724T,29507.0,29507.0,29507.0,29507.0,0
20200727T,28296.0,28296.0,28296.0,28296.0,0
20200728T,24711.0,24711.0,24711.0,24711.0,0
20200729T,21743.0,21743.0,21743.0,21743.0,0
20200730T,20785.0,20785.0,20785.0,20785.0,0
20200803T,21558.0,21558.0,21558.0,21558.0,0
20200804T,30934.0,30934.0,30934.0,30934.0,0
20200805T,21555.0,21555.0,21555.0,21555.0,0
20200806T,19168.0,19168.0,19168.0,19168.0,0
20200807T,22072.0,22072.0,22072.0,22072.0,0
20200810T,19952.0,19952.0,19952.0,19952.0,0
20200811T,22942.0,22942.0,22942.0,22942.0,0
20200812T,20729.0,20729.0,20729.0,20729.0,0
20200813T,18378.0,18378.0,18378.0,18378.0,0
20200814T,22349.0,22349.0,22349.0,22349.0,0
20200817T,26387.0,26387.0,26387.0,26387.0,0
20200818T,27411.0,27411.0,27411.0,27411.0,0
20200819T,20510.0,20510.0,20510.0,20510.0,0
20200820T,20030.0,20030.0,20030.0,20030.0,0
20200821T,22819.0,22819.0,22819.0,22819.0,0
20200824T,22995.0,22995.0,22995.0,22995.0,0
20200825T,22006.0,22006.0,22006.0,22006.0,0
20200826T,25380.0,25380.0,25380.0,25380.0,0
20200827T,28634.0,28634.0,28634.0,28634.0,0
20200828T,34947.0,34947.0,34947.0,34947.0,0
20200831T,21251.0,21251.0,21251.0,21251.0,0
20200901T,22542.0,22542.0,22542.0,22542.0,0
20200902T,24189.0,24189.0,24189.0,24189.0,0
20200903T,20467.0,20467.0,20467.0,20467.0,0
20200904T,18103.0,18103.0,18103.0,18103.0,0
20200907T,20585.0,20585.0,20585.0,20585.0,0
20200908T,19079.0,19079.0,19079.0,19079.0,0
20200909T,22830.0,22830.0,22830.0,22830.0,0
20200910T,22169.0,22169.0,22169.0,22169.0,0
20200911T,25620.0,25620.0,25620.0,25620.0,0
20200914T,25230.0,25230.0,25230.0,25230.0,0
20200915T,31133.0,31133.0,31133.0,31133.0,0
20200916T,31667.0,31667.0,31667.0,31667.0,0
20200917T,26569.0,26569.0,26569.0,26569.0,0
20200918T,22400.0,22400.0,22400.0,22400.0,0
20200921T,19969.0,19969.0,19969.0,19969.0,0
20200922T,23040.0,23040.0,23040.0,23040.0,0
20200923T,23320.0,23320.0,23320.0,23320.0,0
20200924T,14086.0,14086.0,14086.0,14086.0,0
20200925T,17465.0,17465.0,17465.0,17465.0,0
20200928T,24078.0,24078.0,24078.0,24078.0,0
20200929T,18668.0,18668.0,18668.0,18668.0,0
20200930T,21961.0,21961.0,21961.0,21961.0,0
20201001T,22804.0,22804.0,22804.0,22804.0,0
20201005T,23237.0,23237.0,23237.0,23237.0,0
20201006T,31754.0,31754.0,31754.0,31754.0,0
20201007T,25687.0,25687.0,25687.0,25687.0,0
20201008T,25749.0,25749.0,25749.0,25749.0,0
20201009T,35238.0,35238.0,35238.0,35238.0,0
20201012T,28220.0,28220.0,28220.0,28220.0,0
20201013T,27528.0,27528.0,27528.0,27528.0,0
20201014T,28528.0,28528.0,28528.0,28528.0,0
20201015T,26262.0,26262.0,26262.0,26262.0,0
20201016T,26560.0,26560.0,26560.0,26560.0,0
20201019T,25167.0,25167.0,25167.0,25167.0,0
20201020T,25217.0,25217.0,25217.0,25217.0,0
20201021T,26197.0,26197.0,26197.0,26197.0,0
20201022T,27041.0,27041.0,27041.0,27041.0,0
20201023T,27476.0,27476.0,27476.0,27476.0,0
20201026T,24097.0,24097.0,24097.0,24097.0,0
20201027T,25851.0,25851.0,25851.0,25851.0,0
20201028T,25908.0,25908.0,25908.0,25908.0,0
20201029T,17839.0,17839.0,17839.0,17839.0,0
20201030T,24804.0,24804.0,24804.0,24804.0,0
20201102T,29764.0,29764.0,29764.0,29764.0,0
20201103T,27637.0,27637.0,27637.0,27637.0,0
20201104T,25053.0,25053.0,25053.0,25053.0,0
20201105T,38381.0,38381.0,38381.0,38381.0,0
20201106T,33860.0,33860.0,33860.0,33860.0,0
20201109T,32156.0,32156.0,32156.0,32156.0,0
20201110T,33774.0,33774.0,33774.0,33774.0,0
20201111T,31081.0,31081.0,31081.0,31081.0,0
20201112T,29127.0,29127.0,29127.0,29127.0,0
20201113T,28859.0,28859.0,28859.0,28859.0,0
20201117T,30624.0,30624.0,30624.0,30624.0,0
20201118T,32498.0,32498.0,32498.0,32498.0,0
20201119T,28871.0,28871.0,28871.0,28871.0,0
20201120T,25692.0,25692.0,25692.0,25692.0,0
20201123T,26533.0,26533.0,26533.0,26533.0,0
20201124T,28635.0,28635.0,28635.0,28635.0,0
20201125T,26707.0,26707.0,26707.0,26707.0,0
20201126T,25693.0,25693.0,25693.0,25693.0,0
20201127T,28182.0,28182.0,28182.0,28182.0,0
20201201T,29908.0,29908.0,29908.0,29908.0,0
20201202T,30958.0,30958.0,30958.0,30958.0,0
20201203T,29713.0,29713.0,29713.0,29713.0,0
20201204T,38719.0,38719.0,38719.0,38719.0,0
20201207T,38211.0,38211.0,38211.0,38211.0,0
20201208T,33316.0,33316.0,33316.0,33316.0,0
20201209T,34514.0,34514.0,34514.0,34514.0,0
20201210T,28000.0,28000.0,28000.0,28000.0,0
20201211T,29829.0,29829.0,29829.0,29829.0,0
20201214T,28478.0,28478.0,28478.0,28478.0,0
20201215T,27682.0,27682.0,27682.0,27682.0,0
20201216T,32925.0,32925.0,32925.0,32925.0,0
20201217T,29310.0,29310.0,29310.0,29310.0,0
20201218T,27446.0,27446.0,27446.0,27446.0,0
20201221T,26358.0,26358.0,26358.0,26358.0,0
20201222T,24743.0,24743.0,24743.0,24743.0,0
20201223T,27751.0,27751.0,27751.0,27751.0,0
20201224T,24772.0,24772.0,24772.0,24772.0,0
20201228T,26750.0,26750.0,26750.0,26750.0,0
20201229T,29277.0,29277.0,29277.0,29277.0,0
20201230T,28305.0,28305.0,28305.0,28305.0,0
20201231T,24341.0,24341.0,24341.0,24341.0,0
20210101T,27120.0,27120.0,27120.0,27120.0,0
20210104T,31969.0,31969.0,31969.0,31969.0,0
20210105T,34981.0,34981.0,34981.0,34981.0,0
20210106T,27628.0,27628.0,27628.0,27628.0,0
20210107T,27854.0,27854.0,27854.0,27854.0,0
20210108T,32719.0,32719.0,32719.0,32719.0,0
20210111T,37158.0,37158.0,37158.0,37158.0,0
20210112T,34951.0,34951.0,34951.0,34951.0,0
20210113T,28338.0,28338.0,28338.0,28338.0,0
20210114T,27045.0,27045.0,27045.0,27045.0,0
20210115T,24278.0,24278.0,24278.0,24278.0,0
20210118T,24830.0,24830.0,24830.0,24830.0,0
20210119T,24312.0,24312.0,24312.0,24312.0,0
20210120T,23832.0,23832.0,23832.0,23832.0,0
20210121T,26354.0,26354.0,26354.0,26354.0,0
20210122T,24323.0,24323.0,24323.0,24323.0,0
20210125T,29758.0,29758.0,29758.0,29758.0,0
20210127T,26979.0,26979.0,26979.0,26979.0,0
20210128T,16885.0,16885.0,16885.0,16885.0,0
20210129T,20966.0,20966.0,20966.0,20966.0,0
20210201T,43196.0,43196.0,43196.0,43196.0,0
20210202T,31866.0,31866.0,31866.0,31866.0,0
20210203T,35214.0,35214.0,35214.0,35214.0,0
20210204T,27786.0,27786.0,27786.0,27786.0,0
20210205T,26392.0,26392.0,26392.0,26392.0,0
20210208T,25015.0,25015.0,25015.0,25015.0,0
20210209T,25501.0,25501.0,25501.0,25501.0,0
20210210T,24697.0,24697.0,24697.0,24697.0,0
20210211T,25996.0,25996.0,25996.0,25996.0,0
20210212T,26130.0,26130.0,26130.0,26130.0,0
20210215T,32034.0,32034.0,32034.0,32034.0,0
20210216T,27708.0,27708.0,27708.0,27708.0,0
20210217T,27926.0,27926.0,27926.0,27926.0,0
20210218T,25607.0,25607.0,25607.0,25607.0,0
20210219T,28326.0,28326.0,28326.0,28326.0,0
20210222T,29610.0,29610.0,29610.0,29610.0,0
20210223T,32131.0,32131.0,32131.0,32131.0,0
20210224T,34567.0,34567.0,34567.0,34567.0,0
20210225T,20711.0,20711.0,20711.0,20711.0,0
20210226T,29001.0,29001.0,29001.0,29001.0,0
20210301T,29184.0,29184.0,29184.0,29184.0,0
20210302T,30936.0,30936.0,30936.0,30936.0,0
20210303T,31404.0,31404.0,31404.0,31404.0,0
20210304T,38566.0,38566.0,38566.0,38566.0,0
20210305T,35477.0,35477.0,35477.0,35477.0,0
20210308T,34655.0,34655.0,34655.0,34655.0,0
20210309T,35944.0,35944.0,35944.0,35944.0,0
20210310T,30880.0,30880.0,30880.0,30880.0,0
20210312T,34160.0,34160.0,34160.0,34160.0,0
20210315T,37724.0,37724.0,37724.0,37724.0,0
20210316T,31743.0,31743.0,31743.0,31743.0,0
20210317T,31868.0,31868.0,31868.0,31868.0,0
20210318T,33545.0,33545.0,33545.0,33545.0,0
20210319T,43655.0,43655.0,43655.0,43655.0,0
20210322T,52027.0,52027.0,52027.0,52027.0,0
20210323T,59954.0,59954.0,59954.0,59954.0,0
20210324T,42283.0,42283.0,42283.0,42283.0,0
20210325T,26862.0,26862.0,26862.0,26862.0,0
20210326T,32212.0,32212.0,32212.0,32212.0,0
20210330T,32548.0,32548.0,32548.0,32548.0,0
20210331T,28422.0,28422.0,28422.0,28422.0,0
20210401T,25853.0,25853.0,25853.0,25853.0,0
20210405T,19382.0,19382.0,19382.0,19382.0,0
20210406T,20920.0,20920.0,20920.0,20920.0,0
20210407T,23952.0,23952.0,23952.0,23952.0,0
20210408T,23100.0,23100.0,23100.0,23100.0,0
20210409T,29080.0,29080.0,29080.0,29080.0,0
20210412T,22572.0,22572.0,22572.0,22572.0,0
20210413T,24667.0,24667.0,24667.0,24667.0,0
20210415T,30589.0,30589.0,30589.0,30589.0,0
20210416T,23874.0,23874.0,23874.0,23874.0,0
20210419T,24892.0,24892.0,24892.0,24892.0,0
20210420T,22400.0,22400.0,22400.0,22400.0,0
20210422T,37415.0,37415.0,37415.0,37415.0,0
20210423T,33373.0,33373.0,33373.0,33373.0,0
20210426T,43510.0,43510.0,43510.0,43510.0,0
20210427T,44344.0,44344.0,44344.0,44344.0,0
20210428T,36896.0,36896.0,36896.0,36896.0,0
20210429T,19608.0,19608.0,19608.0,19608.0,0
20210430T,19724.0,19724.0,19724.0,19724.0,0
20210503T,28135.0,28135.0,28135.0,28135.0,0
20210504T,25373.0,25373.0,25373.0,25373.0,0
20210505T,29269.0,29269.0,29269.0,29269.0,0
20210506T,24822.0,24822.0,24822.0,24822.0,0
20210507T,23799.0,23799.0,23799.0,23799.0,0
20210510T,23349.0,23349.0,23349.0,23349.0,0
20210511T,17471.0,17471.0,17471.0,17471.0,0
20210512T,19389.0,19389.0,19389.0,19389.0,0
20210514T,21440.0,21440.0,21440.0,21440.0,0
20210517T,36765.0,36765.0,36765.0,36765.0,0
20210518T,27039.0,27039.0,27039.0,27039.0,0
20210519T,30215.0,30215.0,30215.0,30215.0,0
20210520T,28878.0,28878.0,28878.0,28878.0,0
20210521T,32508.0,32508.0,32508.0,32508.0,0
20210524T,29203.0,29203.0,29203.0,29203.0,0
20210525T,29283.0,29283.0,29283.0,29283.0,0
20210526T,33371.0,33371.0,33371.0,33371.0,0
20210527T,22798.0,22798.0,22798.0,22798.0,0
20210528T,23579.0,23579.0,23579.0,23579.0,0
20210531T,24083.0,24083.0,24083.0,24083.0,0
20210601T,23011.0,23011.0,23011.0,23011.0,0
20210602T,25091.0,25091.0,25091.0,25091.0,0
20210603T,21951.0,21951.0,21951.0,21951.0,0
20210604T,22456.0,22456.0,22456.0,22456.0,0
20210607T,22256.0,22256.0,22256.0,22256.0,0
20210608T,24684.0,24684.0,24684.0,24684.0,0
20210609T,23577.0,23577.0,23577.0,23577.0,0
20210610T,27913.0,27913.0,27913.0,27913.0,0
20210611T,33334.0,33334.0,33334.0,33334.0,0
20210614T,33359.0,33359.0,33359.0,33359.0,0
20210615T,36529.0,36529.0,36529.0,36529.0,0
20210616T,26599.0,26599.0,26599.0,26599.0,0
20210617T,24547.0,24547.0,24547.0,24547.0,0
20210618T,20622.0,20622.0,20622.0,20622.0,0
20210621T,26184.0,26184.0,26184.0,26184.0,0
20210622T,24618.0,24618.0,24618.0,24618.0,0
20210623T,27853.0,27853.0,27853.0,27853.0,0
20210624T,22143.0,22143.0,22143.0,22143.0,0
20210625T,23571.0,23571.0,23571.0,23571.0,0
20210628T,22511.0,22511.0,22511.0,22511.0,0
20210629T,20351.0,20351.0,20351.0,20351.0,0
20210630T,22614.0,22614.0,22614.0,22614.0,0
20210701T,21463.0,21463.0,21463.0,21463.0,0
20210702T,20747.0,20747.0,20747.0,20747.0,0
20210705T,25807.0,25807.0,25807.0,25807.0,0
20210706T,21180.0,21180.0,21180.0,21180.0,0
20210707T,21301.0,21301.0,21301.0,21301.0,0
20210708T,17880.0,17880.0,17880.0,17880.0,0
20210709T,20020.0,20020.0,20020.0,20020.0,0
20210712T,17439.0,17439.0,17439.0,17439.0,0
20210713T,28944.0,28944.0,28944.0,28944.0,0
20210714T,29747.0,29747.0,29747.0,29747.0,0
20210715T,31511.0,31511.0,31511.0,31511.0,0
20210716T,25303.0,25303.0,25303.0,25303.0,0
20210719T,21524.0,21524.0,21524.0,21524.0,0
20210720T,21439.0,21439.0,21439.0,21439.0,0
20210722T,22404.0,22404.0,22404.0,22404.0,0
20210723T,20921.0,20921.0,20921.0,20921.0,0
20210726T,19997.0,19997.0,19997.0,19997.0,0
20210727T,17633.0,17633.0,17633.0,17633.0,0
20210728T,19959.0,19959.0,19959.0,19959.0,0
20210729T,19378.0,19378.0,19378.0,19378.0,0
20210730T,23673.0,23673.0,23673.0,23673.0,0
20210802T,30799.0,30799.0,30799.0,30799.0,0
20210803T,43237.0,43237.0,43237.0,43237.0,0
20210804T,41050.0,41050.0,41050.0,41050.0,0
20210805T,39708.0,39708.0,39708.0,39708.0,0
20210806T,39700.0,39700.0,39700.0,39700.0,0
20210809T,42695.0,42695.0,42695.0,42695.0,0
20210810T,43965.0,43965.0,43965.0,43965.0,0
20210811T,42427.0,42427.0,42427.0,42427.0,0
20210812T,49167.0,49167.0,49167.0,49167.0,0
20210813T,48983.0,48983.0,48983.0,48983.0,0
20210816T,47708.0,47708.0,47708.0,47708.0,0
20210817T,46040.0,46040.0,46040.0,46040.0,0
20210818T,42476.0,42476.0,42476.0,42476.0,0
20210820T,35870.0,35870.0,35870.0,35870.0,0
20210823T,34825.0,34825.0,34825.0,34825.0,0
20210824T,38506.0,38506.0,38506.0,38506.0,0
20210825T,39664.0,39664.0,39664.0,39664.0,0
20210826T,30798.0,30798.0,30798.0,30798.0,0
20210827T,40970.0,40970.0,40970.0,40970.0,0
20210830T,45191.0,45191.0,45191.0,45191.0,0
20210831T,45972.0,45972.0,45972.0,45972.0,0
20210901T,43146.0,43146.0,43146.0,43146.0,0
20210902T,52111.0,52111.0,52111.0,52111.0,0
20210903T,45436.0,45436.0,45436.0,45436.0,0
20210906T,48105.0,48105.0,48105.0,48105.0,0
20210907T,45565.0,45565.0,45565.0,45565.0,0
20210908T,44836.0,44836.0,44836.0,44836.0,0
20210909T,40028.0,40028.0,40028.0,40028.0,0
20210913T,34742.0,34742.0,34742.0,34742.0,0
20210914T,31223.0,31223.0,31223.0,31223.0,0
20210915T,37925.0,37925.0,37925.0,37925.0,0
20210916T,37240.0,37240.0,37240.0,37240.0,0
20210917T,36339.0,36339.0,36339.0,36339.0,0
20210920T,31343.0,31343.0,31343.0,31343.0,0
20210921T,30357.0,30357.0,30357.0,30357.0,0
20210922T,30530.0,30530.0,30530.0,30530.0,0
20210923T,30516.0,30516.0,30516.0,30516.0,0
20210924T,31182.0,31182.0,31182.0,31182.0,0
20210927T,29680.0,29680.0,29680.0,29680.0,0
20210928T,29756.0,29756.0,29756.0,29756.0,0
20210929T,31734.0,31734.0,31734.0,31734.0,0
20210930T,28548.0,28548.0,28548.0,28548.0,0
20211001T,30590.0,30590.0,30590.0,30590.0,0
20211004T,29369.0,29369.0,29369.0,29369.0,0
20211005T,31741.0,31741.0,31741.0,31741.0,0
20211006T,33618.0,33618.0,33618.0,33618.0,0
20211007T,36453.0,36453.0,36453.0,36453.0,0
20211008T,41472.0,41472.0,41472.0,41472.0,0
20211011T,40477.0,40477.0,40477.0,40477.0,0
20211012T,40711.0,40711.0,40711.0,40711.0,0
20211013T,46244.0,46244.0,46244.0,46244.0,0
20211014T,41973.0,41973.0,41973.0,41973.0,0
20211018T,41599.0,41599.0,41599.0,41599.0,0
20211019T,36928.0,36928.0,36928.0,36928.0,0
20211020T,31420.0,31420.0,31420.0,31420.0,0
20211021T,27766.0,27766.0,27766.0,27766.0,0
20211022T,24956.0,24956.0,24956.0,24956.0,0
20211025T,23048.0,23048.0,23048.0,23048.0,0
20211026T,23854.0,23854.0,23854.0,23854.0,0
20211027T,28669.0,28669.0,28669.0,28669.0,0
20211028T,20398.0,20398.0,20398.0,20398.0,0
20211029T,20899.0,20899.0,20899.0,20899.0,0
20211101T,21027.0,21027.0,21027.0,21027.0,0
20211102T,19316.0,19316.0,19316.0,19316.0,0
20211103T,18493.0,18493.0,18493.0,18493.0,0
20211108T,23441.0,23441.0,23441.0,23441.0,0
20211109T,21917.0,21917.0,21917.0,21917.0,0
20211110T,21558.0,21558.0,21558.0,21558.0,0
20211111T,22450.0,22450.0,22450.0,22450.0,0
20211112T,22157.0,22157.0,22157.0,22157.0,0
20211115T,20693.0,20693.0,20693.0,20693.0,0
20211116T,23852.0,23852.0,23852.0,23852.0,0
20211117T,22934.0,22934.0,22934.0,22934.0,0
20211118T,23262.0,23262.0,23262.0,23262.0,0
20211122T,26132.0,26132.0,26132.0,26132.0,0
20211123T,24029.0,24029.0,24029.0,24029.0,0
20211124T,22654.0,22654.0,22654.0,22654.0,0
20211125T,19810.0,19810.0,19810.0,19810.0,0
20211126T,22344.0,22344.0,22344.0,22344.0,0
20211129T,19934.0,19934.0,19934.0,19934.0,0
20211130T,22675.0,22675.0,22675.0,22675.0,0
20211201T,25096.0,25096.0,25096.0,25096.0,0
20211202T,22788.0,22788.0,22788.0,22788.0,0
20211203T,25447.0,25447.0,25447.0,25447.0,0
20211206T,24829.0,24829.0,24829.0,24829.0,0
20211207T,30183.0,30183.0,30183.0,30183.0,0
20211208T,33196.0,33196.0,33196.0,33196.0,0
20211209T,30911.0,30911.0,30911.0,30911.0,0
20211210T,36313.0,36313.0,36313.0,36313.0,0
20211213T,32236.0,32236.0,32236.0,32236.0,0
20211214T,38289.0,38289.0,38289.0,38289.0,0
20211215T,33570.0,33570.0,33570.0,33570.0,0
20211216T,28339.0,28339.0,28339.0,28339.0,0
20211217T,27454.0,27454.0,27454.0,27454.0,0
20211220T,22906.0,22906.0,22906.0,22906.0,0
20211221T,23187.0,23187.0,23187.0,23187.0,0
20211222T,26514.0,26514.0,26514.0,26514.0,0
20211223T,31611.0,31611.0,31611.0,31611.0,0
20211224T,30302.0,30302.0,30302.0,30302.0,0
20211227T,40904.0,40904.0,40904.0,40904.0,0
20211228T,41040.0,41040.0,41040.0,41040.0,0
20211229T,40074.0,40074.0,40074.0,40074.0,0
20211230T,24384.0,24384.0,24384.0,24384.0,0
20211231T,35733.0,35733.0,35733.0,35733.0,0
20220103T,42381.0,42381.0,42381.0,42381.0,0
20220104T,33498.0,33498.0,33498.0,33498.0,0
20220105T,29730.0,29730.0,29730.0,29730.0,0
20220106T,36202.0,36202.0,36202.0,36202.0,0
20220107T,36617.0,36617.0,36617.0,36617.0,0
20220110T,43801.0,43801.0,43801.0,43801.0,0
20220111T,37565.0,37565.0,37565.0,37565.0,0
20220112T,33636.0,33636.0,33636.0,33636.0,0
20220113T,30119.0,30119.0,30119.0,30119.0,0
20220114T,29297.0,29297.0,29297.0,29297.0,0
20220117T,30602.0,30602.0,30602.0,30602.0,0
20220118T,30316.0,30316.0,30316.0,30316.0,0
20220119T,29431.0,29431.0,29431.0,29431.0,0
20220120T,24702.0,24702.0,24702.0,24702.0,0
20220121T,25733.0,25733.0,25733.0,25733.0,0
20220124T,27172.0,27172.0,27172.0,27172.0,0
20220125T,36501.0,36501.0,36501.0,36501.0,0
20220127T,19907.0,19907.0,19907.0,19907.0,0
20220128T,20597.0,20597.0,20597.0,20597.0,0
20220131T,19079.0,19079.0,19079.0,19079.0,0
20220201T,20310.0,20310.0,20310.0,20310.0,0
20220202T,23371.0,23371.0,23371.0,23371.0,0
20220203T,28776.0,28776.0,28776.0,28776.0,0
20220204T,27257.0,27257.0,27257.0,27257.0,0
20220207T,30705.0,30705.0,30705.0,30705.0,0
20220208T,28337.0,28337.0,28337.0,28337.0,0
20220209T,29487.0,29487.0,29487.0,29487.0,0
20220210T,30875.0,30875.0,30875.0,30875.0,0
20220211T,29421.0,29421.0,29421.0,29421.0,0
20220214T,32337.0,32337.0,32337.0,32337.0,0
20220215T,31994.0,31994.0,31994.0,31994.0,0
20220216T,29318.0,29318.0,29318.0,29318.0,0
20220217T,31840.0,31840.0,31840.0,31840.0,0
20220218T,28938.0,28938.0,28938.0,28938.0,0
20220221T,27391.0,27391.0,27391.0,27391.0,0
20220222T,26474.0,26474.0,26474.0,26474.0,0
20220223T,26847.0,26847.0,26847.0,26847.0,0
20220224T,20769.0,20769.0,20769.0,20769.0,0
20220225T,28258.0,28258.0,28258.0,28258.0,0
20220228T,36549.0,36549.0,36549.0,36549.0,0
20220302T,47670.0,47670.0,47670.0,47670.0,0
20220303T,49977.0,49977.0,49977.0,49977.0,0
20220304T,55277.0,55277.0,55277.0,55277.0,0
20220307T,49885.0,49885.0,49885.0,49885.0,0
20220308T,49831.0,49831.0,49831.0,49831.0,0
20220309T,50342.0,50342.0,50342.0,50342.0,0
20220310T,55305.0,55305.0,55305.0,55305.0,0
20220311T,66396.0,66396.0,66396.0,66396.0,0
20220314T,71232.0,71232.0,71232.0,71232.0,0
20220315T,70180.0,70180.0,70180.0,70180.0,0
20220316T,63780.0,63780.0,63780.0,63780.0,0
20220317T,68106.0,68106.0,68106.0,68106.0,0
20220321T,66420.0,66420.0,66420.0,66420.0,0
20220322T,63247.0,63247.0,63247.0,63247.0,0
20220323T,59518.0,59518.0,59518.0,59518.0,0
20220324T,57222.0,57222.0,57222.0,57222.0,0
20220325T,56565.0,56565.0,56565.0,56565.0,0
20220328T,67550.0,67550.0,67550.0,67550.0,0
20220329T,63338.0,63338.0,63338.0,63338.0,0
20220330T,68170.0,68170.0,68170.0,68170.0,0
20220331T,67847.0,67847.0,67847.0,67847.0,0
20220401T,45998.0,45998.0,45998.0,45998.0,0
20220404T,36153.0,36153.0,36153.0,36153.0,0
20220405T,36799.0,36799.0,36799.0,36799.0,0
20220406T,37835.0,37835.0,37835.0,37835.0,0
20220407T,36691.0,36691.0,36691.0,36691.0,0
20220408T,35816.0,35816.0,35816.0,35816.0,0
20220411T,34975.0,34975.0,34975.0,34975.0,0
20220412T,40687.0,40687.0,40687.0,40687.0,0
20220413T,39429.0,39429.0,39429.0,39429.0,0
20220418T,46842.0,46842.0,46842.0,46842.0,0
20220419T,38513.0,38513.0,38513.0,38513.0,0
20220420T,33837.0,33837.0,33837.0,33837.0,0
20220421T,50251.0,50251.0,50251.0,50251.0,0
20220422T,49947.0,49947.0,49947.0,49947.0,0
20220425T,58591.0,58591.0,58591.0,58591.0,0
20220426T,51225.0,51225.0,51225.0,51225.0,0
20220427T,36681.0,36681.0,36681.0,36681.0,0
20220428T,22352.0,22352.0,22352.0,22352.0,0
20220429T,27290.0,27290.0,27290.0,27290.0,0
20220502T,27029.0,27029.0,27029.0,27029.0,0
20220504T,33104.0,33104.0,33104.0,33104.0,0
20220505T,30877.0,30877.0,30877.0,30877.0,0
20220506T,29837.0,29837.0,29837.0,29837.0,0
20220509T,28540.0,28540.0,28540.0,28540.0,0
20220510T,29304.0,29304.0,29304.0,29304.0,0
20220511T,31932.0,31932.0,31932.0,31932.0,0
20220512T,32331.0,32331.0,32331.0,32331.0,0
20220513T,29665.0,29665.0,29665.0,29665.0,0
20220516T,28563.0,28563.0,28563.0,28563.0,0
20220517T,35779.0,35779.0,35779.0,35779.0,0
20220518T,30905.0,30905.0,30905.0,30905.0,0
20220519T,29650.0,29650.0,29650.0,29650.0,0
20220520T,32998.0,32998.0,32998.0,32998.0,0
20220523T,30133.0,30133.0,30133.0,30133.0,0
20220524T,28894.0,28894.0,28894.0,28894.0,0
20220525T,33007.0,33007.0,33007.0,33007.0,0
20220526T,25419.0,25419.0,25419.0,25419.0,0
20220527T,24881.0,24881.0,24881.0,24881.0,0
20220530T,25095.0,25095.0,25095.0,25095.0,0
20220531T,30317.0,30317.0,30317.0,30317.0,0
20220601T,28718.0,28718.0,28718.0,28718.0,0
20220602T,33246.0,33246.0,33246.0,33246.0,0
20220603T,34338.0,34338.0,34338.0,34338.0,0
20220606T,39426.0,39426.0,39426.0,39426.0,0
20220607T,36654.0,36654.0,36654.0,36654.0,0
20220608T,39381.0,39381.0,39381.0,39381.0,0
20220609T,39382.0,39382.0,39382.0,39382.0,0
20220610T,28480.0,28480.0,28480.0,28480.0,0
20220613T,27343.0,27343.0,27343.0,27343.0,0
20220614T,29248.0,29248.0,29248.0,29248.0,0
20220615T,29723.0,29723.0,29723.0,29723.0,0
20220616T,33716.0,33716.0,33716.0,33716.0,0
20220617T,31120.0,31120.0,31120.0,31120.0,0
20220620T,31772.0,31772.0,31772.0,31772.0,0
20220621T,39057.0,39057.0,39057.0,39057.0,0
20220622T,44264.0,44264.0,44264.0,44264.0,0
20220623T,41282.0,41282.0,41282.0,41282.0,0
20220624T,54147.0,54147.0,54147.0,54147.0,0
20220627T,47239.0,47239.0,47239.0,47239.0,0
20220628T,58204.0,58204.0,58204.0,58204.0,0
20220629T,40603.0,40603.0,40603.0,40603.0,0
20220630T,27697.0,27697.0,27697.0,27697.0,0
20220701T,39035.0,39035.0,39035.0,39035.0,0
20220704T,45258.0,45258.0,45258.0,45258.0,0
20220705T,37619.0,37619.0,37619.0,37619.0,0
20220706T,61171.0,61171.0,61171.0,61171.0,0
20220707T,48051.0,48051.0,48051.0,48051.0,0
20220708T,53096.0,53096.0,53096.0,53096.0,0
20220711T,61351.0,61351.0,61351.0,61351.0,0
20220712T,42815.0,42815.0,42815.0,42815.0,0
20220713T,45618.0,45618.0,45618.0,45618.0,0
20220714T,57447.0,57447.0,57447.0,57447.0,0
20220715T,63088.0,63088.0,63088.0,63088.0,0
20220718T,64586.0,64586.0,64586.0,64586.0,0
20220719T,70472.0,70472.0,70472.0,70472.0,0
20220720T,57844.0,57844.0,57844.0,57844.0,0
20220721T,68747.0,68747.0,68747.0,68747.0,0
20220722T,70820.0,70820.0,70820.0,70820.0,0
20220725T,63589.0,63589.0,63589.0,63589.0,0
20220726T,49416.0,49416.0,49416.0,49416.0,0
20220727T,56845.0,56845.0,56845.0,56845.0,0
20220728T,37864.0,37864.0,37864.0,37864.0,0
20220729T,46080.0,46080.0,46080.0,46080.0,0
20220801T,55684.0,55684.0,55684.0,55684.0,0
20220802T,49769.0,49769.0,49769.0,49769.0,0
20220803T,41795.0,41795.0,41795.0,41795.0,0
20220804T,41251.0,41251.0,41251.0,41251.0,0
20220805T,42458.0,42458.0,42458.0,42458.0,0
20220808T,50655.0,50655.0,50655.0,50655.0,0
20220810T,47680.0,47680.0,47680.0,47680.0,0
20220811T,52931.0,52931.0,52931.0,52931.0,0
20220812T,54788.0,54788.0,54788.0,54788.0,0
20220816T,53128.0,53128.0,53128.0,53128.0,0
20220817T,56177.0,56177.0,56177.0,56177.0,0
20220818T,51250.0,51250.0,51250.0,51250.0,0
20220819T,50306.0,50306.0,50306.0,50306.0,0
20220822T,52990.0,52990.0,52990.0,52990.0,0
20220823T,65748.0,65748.0,65748.0,65748.0,0
20220824T,48986.0,48986.0,48986.0,48986.0,0
20220825T,37495.0,37495.0,37495.0,37495.0,0
20220826T,42822.0,42822.0,42822.0,42822.0,0
20220829T,44037.0,44037.0,44037.0,44037.0,0
20220830T,47248.0,47248.0,47248.0,47248.0,0
20220901T,43032.0,43032.0,43032.0,43032.0,0
20220902T,37948.0,37948.0,37948.0,37948.0,0
20220905T,44892.0,44892.0,44892.0,44892.0,0
20220906T,35672.0,35672.0,35672.0,35672.0,0
20220907T,36725.0,36725.0,36725.0,36725.0,0
20220908T,40590.0,40590.0,40590.0,40590.0,0
20220909T,37193.0,37193.0,37193.0,37193.0,0
20220912T,41410.0,41410.0,41410.0,41410.0,0
20220913T,48171.0,48171.0,48171.0,48171.0,0
20220914T,33237.0,33237.0,33237.0,33237.0,0
20220915T,30144.0,30144.0,30144.0,30144.0,0
20220916T,36321.0,36321.0,36321.0,36321.0,0
20220919T,34119.0,34119.0,34119.0,34119.0,0
20220920T,29551.0,29551.0,29551.0,29551.0,0
20220921T,29102.0,29102.0,29102.0,29102.0,0
20220922T,35270.0,35270.0,35270.0,35270.0,0
20220923T,34629.0,34629.0,34629.0,34629.0,0
20220926T,39628.0,39628.0,39628.0,39628.0,0
20220927T,36328.0,36328.0,36328.0,36328.0,0
20220928T,36571.0,36571.0,36571.0,36571.0,0
20220929T,26166.0,26166.0,26166.0,26166.0,0
20220930T,34424.0,34424.0,34424.0,34424.0,0
20221003T,29496.0,29496.0,29496.0,29496.0,0
20221004T,36779.0,36779.0,36779.0,36779.0,0
20221006T,26978.0,26978.0,26978.0,26978.0,0
20221007T,29594.0,29594.0,29594.0,29594.0,0
20221010T,29594.0,29594.0,29594.0,29594.0,0
20221011T,24791.0,24791.0,24791.0,24791.0,0
20221012T,31076.0,31076.0,31076.0,31076.0,0
20221013T,32693.0,32693.0,32693.0,32693.0,0
20221014T,35401.0,35401.0,35401.0,35401.0,0
20221017T,40339.0,40339.0,40339.0,40339.0,0
20221018T,35953.0,35953.0,35953.0,35953.0,0
20221019T,29952.0,29952.0,29952.0,29952.0,0
20221020T,37142.0,37142.0,37142.0,37142.0,0
20221021T,27443.0,27443.0,27443.0,27443.0,0
20221025T,29148.0,29148.0,29148.0,29148.0,0
20221027T,35395.0,35395.0,35395.0,35395.0,0
20221028T,31975.0,31975.0,31975.0,31975.0,0
20221031T,45891.0,45891.0,45891.0,45891.0,0
20221101T,46821.0,46821.0,46821.0,46821.0,0
20221102T,39031.0,39031.0,39031.0,39031.0,0
20221103T,37418.0,37418.0,37418.0,37418.0,0
20221104T,48136.0,48136.0,48136.0,48136.0,0
20221107T,45236.0,45236.0,45236.0,45236.0,0
20221109T,49773.0,49773.0,49773.0,49773.0,0
20221110T,46298.0,46298.0,46298.0,46298.0,0
20221111T,65268.0,65268.0,65268.0,65268.0,0
20221114T,56686.0,56686.0,56686.0,56686.0,0
20221115T,68681.0,68681.0,68681.0,68681.0,0
20221116T,57620.0,57620.0,57620.0,57620.0,0
20221117T,56779.0,56779.0,56779.0,56779.0,0
20221118T,58284.0,58284.0,58284.0,58284.0,0
20221121T,57386.0,57386.0,57386.0,57386.0,0
20221122T,67823.0,67823.0,67823.0,67823.0,0
20221123T,65667.0,65667.0,65667.0,65667.0,0
20221124T,58295.0,58295.0,58295.0,58295.0,0
20221125T,47351.0,47351.0,47351.0,47351.0,0
20221128T,50501.0,50501.0,50501.0,50501.0,0
20221129T,47857.0,47857.0,47857.0,47857.0,0
20221130T,52823.0,52823.0,52823.0,52823.0,0
20221201T,51533.0,51533.0,51533.0,51533.0,0
20221202T,47211.0,47211.0,47211.0,47211.0,0
20221205T,56732.0,56732.0,56732.0,56732.0,0
20221206T,46071.0,46071.0,46071.0,46071.0,0
20221207T,45369.0,45369.0,45369.0,45369.0,0
20221208T,52609.0,52609.0,52609.0,52609.0,0
20221209T,48935.0,48935.0,48935.0,48935.0,0
20221212T,54644.0,54644.0,54644.0,54644.0,0
20221213T,61446.0,61446.0,61446.0,61446.0,0
20221214T,49407.0,49407.0,49407.0,49407.0,0
20221215T,49578.0,49578.0,49578.0,49578.0,0
20221216T,49171.0,49171.0,49171.0,49171.0,0
20221219T,58211.0,58211.0,58211.0,58211.0,0
20221220T,47712.0,47712.0,47712.0,47712.0,0
20221221T,46729.0,46729.0,46729.0,46729.0,0
20221222T,53782.0,53782.0,53782.0,53782.0,0
20221223T,62146.0,62146.0,62146.0,62146.0,0
20221226T,54640.0,54640.0,54640.0,54640.0,0
20221227T,49250.0,49250.0,49250.0,49250.0,0
20221228T,48152.0,48152.0,48152.0,48152.0,0
20221229T,39159.0,39159.0,39159.0,39159.0,0
20221230T,38845.0,38845.0,38845.0,38845.0,0
20230102T,38539.0,38539.0,38539.0,38539.0,0
20230103T,44577.0,44577.0,44577.0,44577.0,0
20230104T,34237.0,34237.0,34237.0,34237.0,0
20230105T,39716.0,39716.0,39716.0,39716.0,0
20230106T,44150.0,44150.0,44150.0,44150.0,0
20230109T,43926.0,43926.0,43926.0,43926.0,0
20230110T,42533.0,42533.0,42533.0,42533.0,0
20230111T,44285.0,44285.0,44285.0,44285.0,0
20230112T,42322.0,42322.0,42322.0,42322.0,0
20230113T,53802.0,53802.0,53802.0,53802.0,0
20230116T,46464.0,46464.0,46464.0,46464.0,0
20230117T,46492.0,46492.0,46492.0,46492.0,0
20230118T,46191.0,46191.0,46191.0,46191.0,0
20230119T,48762.0,48762.0,48762.0,48762.0,0
20230120T,49452.0,49452.0,49452.0,49452.0,0
20230123T,54001.0,54001.0,54001.0,54001.0,0
20230124T,54830.0,54830.0,54830.0,54830.0,0
20230125T,35573.0,35573.0,35573.0,35573.0,0
20230127T,44011.0,44011.0,44011.0,44011.0,0
20230130T,50738.0,50738.0,50738.0,50738.0,0
20230131T,53857.0,53857.0,53857.0,53857.0,0
20230201T,48143.0,48143.0,48143.0,48143.0,0
20230202T,44537.0,44537.0,44537.0,44537.0,0
20230203T,38053.0,38053.0,38053.0,38053.0,0
20230206T,41954.0,41954.0,41954.0,41954.0,0
20230207T,36902.0,36902.0,36902.0,36902.0,0
20230208T,35748.0,35748.0,35748.0,35748.0,0
20230209T,33771.0,33771.0,33771.0,33771.0,0
20230210T,34199.0,34199.0,34199.0,34199.0,0
20230213T,33218.0,33218.0,33218.0,33218.0,0
20230214T,33880.0,33880.0,33880.0,33880.0,0
20230215T,35666.0,35666.0,35666.0,35666.0,0
20230216T,34858.0,34858.0,34858.0,34858.0,0
20230217T,34906.0,34906.0,34906.0,34906.0,0
20230220T,36545.0,36545.0,36545.0,36545.0,0
20230221T,29494.0,29494.0,29494.0,29494.0,0
20230222T,32539.0,32539.0,32539.0,32539.0,0
20230223T,32515.0,32515.0,32515.0,32515.0,0
20230224T,37926.0,37926.0,37926.0,37926.0,0
20230227T,45446.0,45446.0,45446.0,45446.0,0
20230228T,43808.0,43808.0,43808.0,43808.0,0
20230301T,48063.0,48063.0,48063.0,48063.0,0
20230302T,53197.0,53197.0,53197.0,53197.0,0
20230303T,60571.0,60571.0,60571.0,60571.0,0
20230306T,50544.0,50544.0,50544.0,50544.0,0
20230308T,47362.0,47362.0,47362.0,47362.0,0
20230309T,48377.0,48377.0,48377.0,48377.0,0
20230310T,50808.0,50808.0,50808.0,50808.0,0
20230313T,60847.0,60847.0,60847.0,60847.0,0
20230314T,76586.0,76586.0,76586.0,76586.0,0
20230315T,72681.0,72681.0,72681.0,72681.0,0
20230316T,68229.0,68229.0,68229.0,68229.0,0
20230317T,59065.0,59065.0,59065.0,59065.0,0
20230320T,57196.0,57196.0,57196.0,57196.0,0
20230321T,65768.0,65768.0,65768.0,65768.0,0
20230322T,59452.0,59452.0,59452.0,59452.0,0
20230323T,72278.0,72278.0,72278.0,72278.0,0
20230324T,68386.0,68386.0,68386.0,68386.0,0
20230327T,76699.0,76699.0,76699.0,76699.0,0
20230328T,69003.0,69003.0,69003.0,69003.0,0
20230329T,55114.0,55114.0,55114.0,55114.0,0
20230331T,42427.0,42427.0,42427.0,42427.0,0
20230403T,30300.0,30300.0,30300.0,30300.0,0
20230405T,33866.0,33866.0,33866.0,33866.0,0
20230406T,32815.0,32815.0,32815.0,32815.0,0
20230410T,31382.0,31382.0,31382.0,31382.0,0
20230411T,35290.0,35290.0,35290.0,35290.0,0
20230412T,33701.0,33701.0,33701.0,33701.0,0
20230413T,32219.0,32219.0,32219.0,32219.0,0
20230417T,41246.0,41246.0,41246.0,41246.0,0
20230418T,40705.0,40705.0,40705.0,40705.0,0
20230419T,43910.0,43910.0,43910.0,43910.0,0
20230420T,53257.0,53257.0,53257.0,53257.0,0
20230421T,54370.0,54370.0,54370.0,54370.0,0
20230424T,59200.0,59200.0,59200.0,59200.0,0
20230425T,47096.0,47096.0,47096.0,47096.0,0
20230426T,37930.0,37930.0,37930.0,37930.0,0
20230427T,28682.0,28682.0,28682.0,28682.0,0
20230428T,28041.0,28041.0,28041.0,28041.0,0
20230502T,32001.0,32001.0,32001.0,32001.0,0
20230503T,31675.0,31675.0,31675.0,31675.0,0
20230504T,35076.0,35076.0,35076.0,35076.0,0
20230505T,35539.0,35539.0,35539.0,35539.0,0
20230508T,34570.0,34570.0,34570.0,34570.0,0
20230509T,30659.0,30659.0,30659.0,30659.0,0
20230510T,31602.0,31602.0,31602.0,31602.0,0
20230511T,39618.0,39618.0,39618.0,39618.0,0
20230512T,38369.0,38369.0,38369.0,38369.0,0
20230515T,40722.0,40722.0,40722.0,40722.0,0
20230516T,42520.0,42520.0,42520.0,42520.0,0
20230517T,43991.0,43991.0,43991.0,43991.0,0
20230518T,42941.0,42941.0,42941.0,42941.0,0
20230519T,41495.0,41495.0,41495.0,41495.0,0
20230522T,42269.0,42269.0,42269.0,42269.0,0
20230523T,47291.0,47291.0,47291.0,47291.0,0
20230524T,45276.0,45276.0,45276.0,45276.0,0
20230525T,33623.0,33623.0,33623.0,33623.0,0
20230526T,33900.0,33900.0,33900.0,33900.0,0
20230529T,29285.0,29285.0,29285.0,29285.0,0
20230530T,31329.0,31329.0,31329.0,31329.0,0
20230531T,30688.0,30688.0,30688.0,30688.0,0
20230601T,28109.0,28109.0,28109.0,28109.0,0
20230602T,32675.0,32675.0,32675.0,32675.0,0
20230605T,35220.0,35220.0,35220.0,35220.0,0
20230606T,37655.0,37655.0,37655.0,37655.0,0
20230607T,38900.0,38900.0,38900.0,38900.0,0
20230608T,38598.0,38598.0,38598.0,38598.0,0
20230609T,40096.0,40096.0,40096.0,40096.0,0
20230612T,40075.0,40075.0,40075.0,40075.0,0
20230613T,45281.0,45281.0,45281.0,45281.0,0
20230614T,45976.0,45976.0,45976.0,45976.0,0
20230615T,46304.0,46304.0,46304.0,46304.0,0
20230616T,46783.0,46783.0,46783.0,46783.0,0
20230619T,42217.0,42217.0,42217.0,42217.0,0
20230620T,52541.0,52541.0,52541.0,52541.0,0
20230621T,50407.0,50407.0,50407.0,50407.0,0
20230622T,48806.0,48806.0,48806.0,48806.0,0
20230623T,53367.0,53367.0,53367.0,53367.0,0
20230626T,53554.0,53554.0,53554.0,53554.0,0
20230627T,78531.0,78531.0,78531.0,78531.0,0
20230628T,57839.0,57839.0,57839.0,57839.0,0
20230630T,64542.0,64542.0,64542.0,64542.0,0
20230703T,68151.0,68151.0,68151.0,68151.0,0
20230704T,64848.0,64848.0,64848.0,64848.0,0
20230705T,62919.0,62919.0,62919.0,62919.0,0
20230706T,71616.0,71616.0,71616.0,71616.0,0
20230707T,60983.0,60983.0,60983.0,60983.0,0
20230710T,59269.0,59269.0,59269.0,59269.0,0
20230711T,60755.0,60755.0,60755.0,60755.0,0
20230712T,57229.0,57229.0,57229.0,57229.0,0
20230713T,49667.0,49667.0,49667.0,49667.0,0
20230714T,52845.0,52845.0,52845.0,52845.0,0
20230717T,68433.0,68433.0,68433.0,68433.0,0
20230718T,53503.0,53503.0,53503.0,53503.0,0
20230719T,58950.0,58950.0,58950.0,58950.0,0
20230720T,65245.0,65245.0,65245.0,65245.0,0
20230721T,68725.0,68725.0,68725.0,68725.0,0
20230724T,63082.0,63082.0,63082.0,63082.0,0
20230725T,59912.0,59912.0,59912.0,59912.0,0
20230726T,66514.0,66514.0,66514.0,66514.0,0
20230727T,37068.0,37068.0,37068.0,37068.0,0
20230728T,34607.0,34607.0,34607.0,34607.0,0
20230731T,35147.0,35147.0,35147.0,35147.0,0
20230801T,33262.0,33262.0,33262.0,33262.0,0
20230802T,38313.0,38313.0,38313.0,38313.0,0
20230803T,34658.0,34658.0,34658.0,34658.0,0
20230804T,37819.0,37819.0,37819.0,37819.0,0
20230807T,39663.0,39663.0,39663.0,39663.0,0
20230808T,45783.0,45783.0,45783.0,45783.0,0
20230809T,40326.0,40326.0,40326.0,40326.0,0
20230810T,36866.0,36866.0,36866.0,36866.0,0
20230811T,38798.0,38798.0,38798.0,38798.0,0
20230814T,35813.0,35813.0,35813.0,35813.0,0
20230816T,42544.0,42544.0,42544.0,42544.0,0
20230817T,47112.0,47112.0,47112.0,47112.0,0
20230818T,51166.0,51166.0,51166.0,51166.0,0
20230821T,46962.0,46962.0,46962.0,46962.0,0
20230822T,45935.0,45935.0,45935.0,45935.0,0
20230823T,56157.0,56157.0,56157.0,56157.0,0
20230824T,42523.0,42523.0,42523.0,42523.0,0
20230825T,42631.0,42631.0,42631.0,42631.0,0
20230828T,52278.0,52278.0,52278.0,52278.0,0
20230829T,46007.0,46007.0,46007.0,46007.0,0
20230830T,40107.0,40107.0,40107.0,40107.0,0
20230831T,44686.0,44686.0,44686.0,44686.0,0
20230901T,40144.0,40144.0,40144.0,40144.0,0
20230904T,39219.0,39219.0,39219.0,39219.0,0
20230905T,36776.0,36776.0,36776.0,36776.0,0
20230906T,37372.0,37372.0,37372.0,37372.0,0
20230907T,45953.0,45953.0,45953.0,45953.0,0
20230908T,43111.0,43111.0,43111.0,43111.0,0
20230911T,40070.0,40070.0,40070.0,40070.0,0
20230912T,39804.0,39804.0,39804.0,39804.0,0
20230913T,49959.0,49959.0,49959.0,49959.0,0
20230914T,45260.0,45260.0,45260.0,45260.0,0
20230915T,45739.0,45739.0,45739.0,45739.0,0
20230918T,40717.0,40717.0,40717.0,40717.0,0
20230920T,41409.0,41409.0,41409.0,41409.0,0
20230921T,60698.0,60698.0,60698.0,60698.0,0
20230922T,65054.0,65054.0,65054.0,65054.0,0
20230925T,71305.0,71305.0,71305.0,71305.0,0
20230926T,66798.0,66798.0,66798.0,66798.0,0
20230927T,67988.0,67988.0,67988.0,67988.0,0
20230928T,38147.0,38147.0,38147.0,38147.0,0
20230929T,39243.0,39243.0,39243.0,39243.0,0
20231003T,36992.0,36992.0,36992.0,36992.0,0
20231004T,41404.0,41404.0,41404.0,41404.0,0
20231005T,44471.0,44471.0,44471.0,44471.0,0
20231006T,40094.0,40094.0,40094.0,40094.0,0
20231009T,39440.0,39440.0,39440.0,39440.0,0
20231010T,41903.0,41903.0,41903.0,41903.0,0
20231011T,37024.0,37024.0,37024.0,37024.0,0
20231012T,36711.0,36711.0,36711.0,36711.0,0
20231013T,42268.0,42268.0,42268.0,42268.0,0
20231016T,40891.0,40891.0,40891.0,40891.0,0
20231017T,38756.0,38756.0,38756.0,38756.0,0
20231018T,42989.0,42989.0,42989.0,42989.0,0
20231019T,38504.0,38504.0,38504.0,38504.0,0
20231020T,34771.0,34771.0,34771.0,34771.0,0
20231023T,40863.0,40863.0,40863.0,40863.0,0
20231025T,51136.0,51136.0,51136.0,51136.0,0
20231026T,36522.0,36522.0,36522.0,36522.0,0
20231027T,37405.0,37405.0,37405.0,37405.0,0
20231030T,39558.0,39558.0,39558.0,39558.0,0
20231031T,35018.0,35018.0,35018.0,35018.0,0
20231101T,35391.0,35391.0,35391.0,35391.0,0
20231102T,35737.0,35737.0,35737.0,35737.0,0
20231103T,33558.0,33558.0,33558.0,33558.0,0
20231106T,37538.0,37538.0,37538.0,37538.0,0
20231107T,35129.0,35129.0,35129.0,35129.0,0
20231108T,40812.0,40812.0,40812.0,40812.0,0
20231109T,42036.0,42036.0,42036.0,42036.0,0
20231110T,36136.0,36136.0,36136.0,36136.0,0
20231113T,34962.0,34962.0,34962.0,34962.0,0
20231115T,32030.0,32030.0,32030.0,32030.0,0
20231116T,32795.0,32795.0,32795.0,32795.0,0
20231117T,34499.0,34499.0,34499.0,34499.0,0
20231120T,32846.0,32846.0,32846.0,32846.0,0
20231121T,31276.0,31276.0,31276.0,31276.0,0
20231122T,37098.0,37098.0,37098.0,37098.0,0
20231123T,38808.0,38808.0,38808.0,38808.0,0
20231124T,46036.0,46036.0,46036.0,46036.0,0
20231128T,52967.0,52967.0,52967.0,52967.0,0
20231129T,49722.0,49722.0,49722.0,49722.0,0
20231130T,39755.0,39755.0,39755.0,39755.0,0
20231201T,36593.0,36593.0,36593.0,36593.0,0
20231204T,42216.0,42216.0,42216.0,42216.0,0
20231205T,39124.0,39124.0,39124.0,39124.0,0
20231206T,43645.0,43645.0,43645.0,43645.0,0
20231207T,51936.0,51936.0,51936.0,51936.0,0
20231208T,56552.0,56552.0,56552.0,56552.0,0
20231211T,57156.0,57156.0,57156.0,57156.0,0
20231212T,61235.0,61235.0,61235.0,61235.0,0
20231213T,55705.0,55705.0,55705.0,55705.0,0
20231214T,55565.0,55565.0,55565.0,55565.0,0
20231215T,65290.0,65290.0,65290.0,65290.0,0
20231218T,59342.0,59342.0,59342.0,59342.0,0
20231219T,65960.0,65960.0,65960.0,65960.0,0
20231220T,66245.0,66245.0,66245.0,66245.0,0
20231221T,60824.0,60824.0,60824.0,60824.0,0
20231222T,56432.0,56432.0,56432.0,56432.0,0
20231226T,59023.0,59023.0,59023.0,59023.0,0
20231227T,74395.0,74395.0,74395.0,74395.0,0
20231228T,54001.0,54001.0,54001.0,54001.0,0
20231229T,53914.0,53914.0,53914.0,53914.0,0
20240101T,52376.0,52376.0,52376.0,52376.0,0
20240102T,56051.0,56051.0,56051.0,56051.0,0
20240103T,45129.0,45129.0,45129.0,45129.0,0
20240104T,43142.0,43142.0,43142.0,43142.0,0
20240105T,41383.0,41383.0,41383.0,41383.0,0
20240108T,42407.0,42407.0,42407.0,42407.0,0
20240109T,41182.0,41182.0,41182.0,41182.0,0
20240110T,41311.0,41311.0,41311.0,41311.0,0
20240111T,42104.0,42104.0,42104.0,42104.0,0
20240112T,35468.0,35468.0,35468.0,35468.0,0
20240115T,38413.0,38413.0,38413.0,38413.0,0
20240116T,41177.0,41177.0,41177.0,41177.0,0
20240117T,60695.0,60695.0,60695.0,60695.0,0
20240118T,69270.0,69270.0,69270.0,69270.0,0
20240119T,70283.0,70283.0,70283.0,70283.0,0
20240123T,71818.0,71818.0,71818.0,71818.0,0
20240124T,87192.0,87192.0,87192.0,87192.0,0
20240125T,48115.0,48115.0,48115.0,48115.0,0
20240129T,46587.0,46587.0,46587.0,46587.0,0
20240130T,43353.0,43353.0,43353.0,43353.0,0
20240131T,36319.0,36319.0,36319.0,36319.0,0
20240201T,38899.0,38899.0,38899.0,38899.0,0
20240202T,45130.0,45130.0,45130.0,45130.0,0
20240205T,46503.0,46503.0,46503.0,46503.0,0
20240206T,45538.0,45538.0,45538.0,45538.0,0
20240207T,47494.0,47494.0,47494.0,47494.0,0
20240208T,45899.0,45899.0,45899.0,45899.0,0
20240209T,39862.0,39862.0,39862.0,39862.0,0
20240212T,44413.0,44413.0,44413.0,44413.0,0
20240213T,44975.0,44975.0,44975.0,44975.0,0
20240214T,39895.0,39895.0,39895.0,39895.0,0
20240215T,38158.0,38158.0,38158.0,38158.0,0
20240216T,39240.0,39240.0,39240.0,39240.0,0
20240219T,38054.0,38054.0,38054.0,38054.0,0
20240220T,37829.0,37829.0,37829.0,37829.0,0
20240221T,47837.0,47837.0,47837.0,47837.0,0
20240223T,52729.0,52729.0,52729.0,52729.0,0
20240226T,68715.0,68715.0,68715.0,68715.0,0
20240227T,70344.0,70344.0,70344.0,70344.0,0
20240228T,67997.0,67997.0,67997.0,67997.0,0
20240229T,50864.0,50864.0,50864.0,50864.0,0
20240301T,51412.0,51412.0,51412.0,51412.0,0
20240304T,58791.0,58791.0,58791.0,58791.0,0
20240305T,56788.0,56788.0,56788.0,56788.0,0
20240306T,52137.0,52137.0,52137.0,52137.0,0
20240307T,54499.0,54499.0,54499.0,54499.0,0
20240311T,66447.0,66447.0,66447.0,66447.0,0
20240312T,82886.0,82886.0,82886.0,82886.0,0
20240313T,87167.0,87167.0,87167.0,87167.0,0
20240314T,84026.0,84026.0,84026.0,84026.0,0
20240315T,88509.0,88509.0,88509.0,88509.0,0
20240318T,92698.0,92698.0,92698.0,92698.0,0
20240319T,91910.0,91910.0,91910.0,91910.0,0
20240320T,89356.0,89356.0,89356.0,89356.0,0
20240321T,97858.0,97858.0,97858.0,97858.0,0
20240322T,90555.0,90555.0,90555.0,90555.0,0
20240326T,102342.0,102342.0,102342.0,102342.0,0
20240327T,75080.0,75080.0,75080.0,75080.0,0
20240328T,70806.0,70806.0,70806.0,70806.0,0
20240401T,38052.0,38052.0,38052.0,38052.0,0
20240402T,42794.0,42794.0,42794.0,42794.0,0
20240403T,34854.0,34854.0,34854.0,34854.0,0
20240404T,35571.0,35571.0,35571.0,35571.0,0
20240405T,35557.0,35557.0,35557.0,35557.0,0
20240408T,36591.0,36591.0,36591.0,36591.0,0
20240409T,41394.0,41394.0,41394.0,41394.0,0
20240410T,50115.0,50115.0,50115.0,50115.0,0
20240412T,48931.0,48931.0,48931.0,48931.0,0
20240415T,56288.0,56288.0,56288.0,56288.0,0
20240416T,56684.0,56684.0,56684.0,56684.0,0
20240418T,61449.0,61449.0,61449.0,61449.0,0
20240419T,42291.0,42291.0,42291.0,42291.0,0
20240422T,47052.0,47052.0,47052.0,47052.0,0
20240423T,49694.0,49694.0,49694.0,49694.0,0
20240424T,42061.0,42061.0,42061.0,42061.0,0
20240425T,44711.0,44711.0,44711.0,44711.0,0
20240426T,64237.0,64237.0,64237.0,64237.0,0
20240429T,70449.0,70449.0,70449.0,70449.0,0
20240430T,76000.0,76000.0,76000.0,76000.0,0
20240502T,72701.0,72701.0,72701.0,72701.0,0
20240503T,68902.0,68902.0,68902.0,68902.0,0
20240506T,72639.0,72639.0,72639.0,72639.0,0
20240507T,75253.0,75253.0,75253.0,75253.0,0
20240508T,90188.0,90188.0,90188.0,90188.0,0
20240509T,112861.0,112861.0,112861.0,112861.0,0
20240510T,109221.0,109221.0,109221.0,109221.0,0
20240513T,112614.0,112614.0,112614.0,112614.0,0
20240514T,97387.0,97387.0,97387.0,97387.0,0
20240515T,88700.0,88700.0,88700.0,88700.0,0
20240516T,88572.0,88572.0,88572.0,88572.0,0
20240517T,86030.0,86030.0,86030.0,86030.0,0
20240521T,89074.0,89074.0,89074.0,89074.0,0
20240522T,76573.0,76573.0,76573.0,76573.0,0
20240523T,93340.0,93340.0,93340.0,93340.0,0
20240524T,115676.0,115676.0,115676.0,115676.0,0
20240527T,118613.0,118613.0,118613.0,118613.0,0
20240528T,145261.0,145261.0,145261.0,145261.0,0
20240529T,146999.0,146999.0,146999.0,146999.0,0
20240530T,75450.0,75450.0,75450.0,75450.0,0
20240531T,69285.0,69285.0,69285.0,69285.0,0
20240603T,78049.0,78049.0,78049.0,78049.0,0
20240604T,83941.0,83941.0,83941.0,83941.0,0
20240605T,55802.0,55802.0,55802.0,55802.0,0
20240606T,72163.0,72163.0,72163.0,72163.0,0
20240607T,63886.0,63886.0,63886.0,63886.0,0
20240610T,54831.0,54831.0,54831.0,54831.0,0
20240611T,56676.0,56676.0,56676.0,56676.0,0
20240612T,61819.0,61819.0,61819.0,61819.0,0
20240613T,64441.0,64441.0,64441.0,64441.0,0
20240614T,64369.0,64369.0,64369.0,64369.0,0
20240618T,71258.0,71258.0,71258.0,71258.0,0
20240619T,73873.0,73873.0,73873.0,73873.0,0
20240620T,75363.0,75363.0,75363.0,75363.0,0
20240621T,68741.0,68741.0,68741.0,68741.0,0
20240624T,72313.0,72313.0,72313.0,72313.0,0
20240625T,76014.0,76014.0,76014.0,76014.0,0
20240626T,88938.0,88938.0,88938.0,88938.0,0
20240627T,84050.0,84050.0,84050.0,84050.0,0
20240628T,92100.0,92100.0,92100.0,92100.0,0
20240701T,97015.0,97015.0,97015.0,97015.0,0
20240702T,92217.0,92217.0,92217.0,92217.0,0
20240703T,98360.0,98360.0,98360.0,98360.0,0
20240704T,99044.0,99044.0,99044.0,99044.0,0
20240705T,98128.0,98128.0,98128.0,98128.0,0
20240708T,98687.0,98687.0,98687.0,98687.0,0
20240709T,96270.0,96270.0,96270.0,96270.0,0
20240710T,90079.0,90079.0,90079.0,90079.0,0
20240711T,78358.0,78358.0,78358.0,78358.0,0
20240712T,84394.0,84394.0,84394.0,84394.0,0
20240715T,100311.0,100311.0,100311.0,100311.0,0
20240716T,99074.0,99074.0,99074.0,99074.0,0
20240718T,110688.0,110688.0,110688.0,110688.0,0
20240719T,112024.0,112024.0,112024.0,112024.0,0
20240722T,122258.0,122258.0,122258.0,122258.0,0
20240723T,134356.0,134356.0,134356.0,134356.0,0
20240724T,176252.0,176252.0,176252.0,176252.0,0
20240725T,84448.0,84448.0,84448.0,84448.0,0
20240726T,100064.0,100064.0,100064.0,100064.0,0
20240729T,105418.0,105418.0,105418.0,105418.0,0
20240730T,105378.0,105378.0,105378.0,105378.0,0
20240731T,85490.0,85490.0,85490.0,85490.0,0
20240801T,85464.0,85464.0,85464.0,85464.0,0
20240802T,88677.0,88677.0,88677.0,88677.0,0
20240805T,104975.0,104975.0,104975.0,104975.0,0
20240806T,108239.0,108239.0,108239.0,108239.0,0
20240807T,92765.0,92765.0,92765.0,92765.0,0
20240808T,89232.0,89232.0,89232.0,89232.0,0
20240809T,74585.0,74585.0,74585.0,74585.0,0
20240812T,74278.0,74278.0,74278.0,74278.0,0
20240813T,85705.0,85705.0,85705.0,85705.0,0
20240814T,75462.0,75462.0,75462.0,75462.0,0
20240816T,73398.0,73398.0,73398.0,73398.0,0
20240819T,77791.0,77791.0,77791.0,77791.0,0
20240820T,68551.0,68551.0,68551.0,68551.0,0
20240821T,71239.0,71239.0,71239.0,71239.0,0
20240822T,78253.0,78253.0,78253.0,78253.0,0
20240823T,79389.0,79389.0,79389.0,79389.0,0
20240826T,87099.0,87099.0,87099.0,87099.0,0
20240827T,101490.0,101490.0,101490.0,101490.0,0
20240828T,92517.0,92517.0,92517.0,92517.0,0
20240829T,92313.0,92313.0,92313.0,92313.0,0
20240830T,102560.0,102560.0,102560.0,102560.0,0
20240902T,117726.0,117726.0,117726.0,117726.0,0
20240903T,108628.0,108628.0,108628.0,108628.0,0
20240904T,123258.0,123258.0,123258.0,123258.0,0
20240905T,116119.0,116119.0,116119.0,116119.0,0
20240906T,127401.0,127401.0,127401.0,127401.0,0
20240909T,114640.0,114640.0,114640.0,114640.0,0
20240910T,100604.0,100604.0,100604.0,100604.0,0
20240911T,102738.0,102738.0,102738.0,102738.0,0
20240912T,103064.0,103064.0,103064.0,103064.0,0
20240913T,109215.0,109215.0,109215.0,109215.0,0
20240916T,101089.0,101089.0,101089.0,101089.0,0
20240917T,90254.0,90254.0,90254.0,90254.0,0
20240918T,86810.0,86810.0,86810.0,86810.0,0
20240919T,90937.0,90937.0,90937.0,90937.0,0
20240920T,127184.0,127184.0,127184.0,127184.0,0
20240923T,125674.0,125674.0,125674.0,125674.0,0
20240924T,127473.0,127473.0,127473.0,127473.0,0
20240925T,128951.0,128951.0,128951.0,128951.0,0
20240926T,113283.0,113283.0,113283.0,113283.0,0
20240927T,117442.0,117442.0,117442.0,117442.0,0
20240930T,121168.0,121168.0,121168.0,121168.0,0
20241001T,116588.0,116588.0,116588.0,116588.0,0
20241003T,121249.0,121249.0,121249.0,121249.0,0
20241004T,116571.0,116571.0,116571.0,116571.0,0
20241007T,104541.0,104541.0,104541.0,104541.0,0
20241008T,94987.0,94987.0,94987.0,94987.0,0
20241009T,90765.0,90765.0,90765.0,90765.0,0
20241010T,85497.0,85497.0,85497.0,85497.0,0
20241011T,86739.0,86739.0,86739.0,86739.0,0
20241014T,77936.0,77936.0,77936.0,77936.0,0
20241015T,77379.0,77379.0,77379.0,77379.0,0
20241016T,79817.0,79817.0,79817.0,79817.0,0
20241017T,84600.0,84600.0,84600.0,84600.0,0
20241018T,79105.0,79105.0,79105.0,79105.0,0
20241021T,81068.0,81068.0,81068.0,81068.0,0
20241022T,94933.0,94933.0,94933.0,94933.0,0
20241023T,89664.0,89664.0,89664.0,89664.0,0
20241024T,110963.0,110963.0,110963.0,110963.0,0
20241025T,134155.0,134155.0,134155.0,134155.0,0
20241028T,142099.0,142099.0,142099.0,142099.0,0
20241029T,130142.0,130142.0,130142.0,130142.0,0
20241030T,102080.0,102080.0,102080.0,102080.0,0
20241031T,92713.0,92713.0,92713.0,92713.0,0
20241104T,101604.0,101604.0,101604.0,101604.0,0
20241105T,93949.0,93949.0,93949.0,93949.0,0
20241106T,95148.0,95148.0,95148.0,95148.0,0
20241107T,99545.0,99545.0,99545.0,99545.0,0
20241108T,97814.0,97814.0,97814.0,97814.0,0
20241111T,90326.0,90326.0,90326.0,90326.0,0
20241112T,107337.0,107337.0,107337.0,107337.0,0
20241113T,108698.0,108698.0,108698.0,108698.0,0
20241114T,104811.0,104811.0,104811.0,104811.0,0
20241118T,108945.0,108945.0,108945.0,108945.0,0
20241119T,121726.0,121726.0,121726.0,121726.0,0
20241121T,114017.0,114017.0,114017.0,114017.0,0
20241122T,111973.0,111973.0,111973.0,111973.0,0
20241125T,103495.0,103495.0,103495.0,103495.0,0
20241126T,91146.0,91146.0,91146.0,91146.0,0
20241127T,81989.0,81989.0,81989.0,81989.0,0
20241128T,99546.0,99546.0,99546.0,99546.0,0
20241129T,100696.0,100696.0,100696.0,100696.0,0
20241202T,105193.0,105193.0,105193.0,105193.0,0
20241203T,111994.0,111994.0,111994.0,111994.0,0
20241204T,108445.0,108445.0,108445.0,108445.0,0
20241205T,102825.0,102825.0,102825.0,102825.0,0
20241206T,120661.0,120661.0,120661.0,120661.0,0
20241209T,124761.0,124761.0,124761.0,124761.0,0
20241210T,121025.0,121025.0,121025.0,121025.0,0
20241211T,117972.0,117972.0,117972.0,117972.0,0
20241212T,113262.0,113262.0,113262.0,113262.0,0
20241213T,109929.0,109929.0,109929.0,109929.0,0
20241216T,117456.0,117456.0,117456.0,117456.0,0
20241217T,124699.0,124699.0,124699.0,124699.0,0
20241218T,141735.0,141735.0,141735.0,141735.0,0
20241219T,130913.0,130913.0,130913.0,130913.0,0
20241220T,132981.0,132981.0,132981.0,132981.0,0
20241223T,115351.0,115351.0,115351.0,115351.0,0
20241224T,87217.0,87217.0,87217.0,87217.0,0
20241226T,85655.0,85655.0,85655.0,85655.0,0
20241227T,85451.0,85451.0,85451.0,85451.0,0
20241230T,83486.0,83486.0,83486.0,83486.0,0
20241231T,88539.0,88539.0,88539.0,88539.0,0
20250101T,85878.0,85878.0,85878.0,85878.0,0
20250102T,77548.0,77548.0,77548.0,77548.0,0
20250103T,78756.0,78756.0,78756.0,78756.0,0
20250106T,75416.0,75416.0,75416.0,75416.0,0
20250107T,76883.0,76883.0,76883.0,76883.0,0
20250108T,90829.0,90829.0,90829.0,90829.0,0
20250109T,101442.0,101442.0,101442.0,101442.0,0
20250110T,119091.0,119091.0,119091.0,119091.0,0
20250113T,117763.0,117763.0,117763.0,117763.0,0
20250114T,107308.0,107308.0,107308.0,107308.0,0
20250115T,100478.0,100478.0,100478.0,100478.0,0
20250116T,99951.0,99951.0,99951.0,99951.0,0
20250117T,97782.0,97782.0,97782.0,97782.0,0
20250120T,95296.0,95296.0,95296.0,95296.0,0
20250121T,97581.0,97581.0,97581.0,97581.0,0
20250122T,88541.0,88541.0,88541.0,88541.0,0
20250123T,94872.0,94872.0,94872.0,94872.0,0
20250124T,102767.0,102767.0,102767.0,102767.0,0
20250127T,113647.0,113647.0,113647.0,113647.0,0
20250128T,102038.0,102038.0,102038.0,102038.0,0
20250129T,95764.0,95764.0,95764.0,95764.0,0
20250130T,27707.0,27707.0,27707.0,27707.0,0
20250131T,28838.0,28838.0,28838.0,28838.0,0
20250203T,24746.0,24746.0,24746.0,24746.0,0
20250204T,23951.0,23951.0,23951.0,23951.0,0
20250205T,21986.0,21986.0,21986.0,21986.0,0
20250206T,22772.0,22772.0,22772.0,22772.0,0
20250207T,21749.0,21749.0,21749.0,21749.0,0
20250210T,23838.0,23838.0,23838.0,23838.0,0
20250211T,30064.0,30064.0,30064.0,30064.0,0
20250212T,30386.0,30386.0,30386.0,30386.0,0
20250213T,29666.0,29666.0,29666.0,29666.0,0
20250214T,32786.0,32786.0,32786.0,32786.0,0
20250217T,31953.0,31953.0,31953.0,31953.0,0
20250218T,33218.0,33218.0,33218.0,33218.0,0
20250219T,36344.0,36344.0,36344.0,36344.0,0
20250220T,38792.0,38792.0,38792.0,38792.0,0
20250221T,36502.0,36502.0,36502.0,36502.0,0
20250224T,38791.0,38791.0,38791.0,38791.0,0
20250225T,39595.0,39595.0,39595.0,39595.0,0
20250227T,31513.0,31513.0,31513.0,31513.0,0
20250228T,40034.0,40034.0,40034.0,40034.0,0
20250303T,46382.0,46382.0,46382.0,46382.0,0
20250304T,49574.0,49574.0,49574.0,49574.0,0
20250305T,54200.0,54200.0,54200.0,54200.0,0
20250306T,61512.0,61512.0,61512.0,61512.0,0
20250307T,57906.0,57906.0,57906.0,57906.0,0
20250310T,49295.0,49295.0,49295.0,49295.0,0
20250311T,55859.0,55859.0,55859.0,55859.0,0
20250312T,57461.0,57461.0,57461.0,57461.0,0
20250313T,54906.0,54906.0,54906.0,54906.0,0
20250317T,61890.0,61890.0,61890.0,61890.0,0
20250318T,73220.0,73220.0,73220.0,73220.0,0
20250319T,76632.0,76632.0,76632.0,76632.0,0
20250320T,71876.0,71876.0,71876.0,71876.0,0
20250321T,65514.0,65514.0,65514.0,65514.0,0
20250324T,63209.0,63209.0,63209.0,63209.0,0
20250325T,66213.0,66213.0,66213.0,66213.0,0
20250326T,65120.0,65120.0,65120.0,65120.0,0
20250327T,62852.0,62852.0,62852.0,62852.0,0
20250328T,56463.0,56463.0,56463.0,56463.0,0
20250401T,50510.0,50510.0,50510.0,50510.0,0
20250402T,49281.0,49281.0,49281.0,49281.0,0
20250403T,51446.0,51446.0,51446.0,51446.0,0
20250404T,47265.0,47265.0,47265.0,47265.0,0
20250407T,43379.0,43379.0,43379.0,43379.0,0
20250408T,36618.0,36618.0,36618.0,36618.0,0
20250409T,36151.0,36151.0,36151.0,36151.0,0
20250411T,42058.0,42058.0,42058.0,42058.0,0
20250415T,50656.0,50656.0,50656.0,50656.0,0
20250416T,50680.0,50680.0,50680.0,50680.0,0
20250417T,43151.0,43151.0,43151.0,43151.0,0
20250421T,50093.0,50093.0,50093.0,50093.0,0
20250422T,51340.0,51340.0,51340.0,51340.0,0
20250423T,48502.0,48502.0,48502.0,48502.0,0
20250424T,42255.0,42255.0,42255.0,42255.0,0
20250425T,34295.0,34295.0,34295.0,34295.0,0
20250428T,34613.0,34613.0,34613.0,34613.0,0
20250429T,33182.0,33182.0,33182.0,33182.0,0
20250430T,32317.0,32317.0,32317.0,32317.0,0
20250502T,31621.0,31621.0,31621.0,31621.0,0
20250505T,36431.0,36431.0,36431.0,36431.0,0
20250506T,32685.0,32685.0,32685.0,32685.0,0
20250507T,36865.0,36865.0,36865.0,36865.0,0
20250508T,37242.0,37242.0,37242.0,37242.0,0
20250509T,49106.0,49106.0,49106.0,49106.0,0
20250512T,54318.0,54318.0,54318.0,54318.0,0
20250513T,49786.0,49786.0,49786.0,49786.0,0
20250514T,45987.0,45987.0,45987.0,45987.0,0
20250515T,43648.0,43648.0,43648.0,43648.0,0
20250516T,41907.0,41907.0,41907.0,41907.0,0
20250519T,40027.0,40027.0,40027.0,40027.0,0
20250520T,43512.0,43512.0,43512.0,43512.0,0
20250521T,42220.0,42220.0,42220.0,42220.0,0
20250522T,42961.0,42961.0,42961.0,42961.0,0
20250523T,40285.0,40285.0,40285.0,40285.0,0
20250526T,37592.0,37592.0,37592.0,37592.0,0
20250527T,38581.0,38581.0,38581.0,38581.0,0
20250528T,41222.0,41222.0,41222.0,41222.0,0
20250529T,32602.0,32602.0,32602.0,32602.0,0
20250530T,32681.0,32681.0,32681.0,32681.0,0
20250602T,31364.0,31364.0,31364.0,31364.0,0
20250603T,32640.0,32640.0,32640.0,32640.0,0
20250604T,31011.0,31011.0,31011.0,31011.0,0
20250605T,28641.0,28641.0,28641.0,28641.0,0
20250606T,37726.0,37726.0,37726.0,37726.0,0
20250609T,39330.0,39330.0,39330.0,39330.0,0
20250610T,37663.0,37663.0,37663.0,37663.0,0
20250611T,33320.0,33320.0,33320.0,33320.0,0
20250612T,38401.0,38401.0,38401.0,38401.0,0
20250613T,45303.0,45303.0,45303.0,45303.0,0
20250616T,38214.0,38214.0,38214.0,38214.0,0
20250617T,41039.0,41039.0,41039.0,41039.0,0
20250618T,36566.0,36566.0,36566.0,36566.0,0
20250619T,33024.0,33024.0,33024.0,33024.0,0
20250620T,30237.0,30237.0,30237.0,30237.0,0
20250623T,30546.0,30546.0,30546.0,30546.0,0
20250624T,36519.0,36519.0,36519.0,36519.0,0
20250625T,35357.0,35357.0,35357.0,35357.0,0
20250626T,37410.0,37410.0,37410.0,37410.0,0
20250627T,39895.0,39895.0,39895.0,39895.0,0
20250630T,41091.0,41091.0,41091.0,41091.0,0
20250701T,39883.0,39883.0,39883.0,39883.0,0
20250702T,33455.0,33455.0,33455.0,33455.0,0
20250703T,29091.0,29091.0,29091.0,29091.0,0
20250704T,27497.0,27497.0,27497.0,27497.0,0
20250707T,26568.0,26568.0,26568.0,26568.0,0
20250708T,30504.0,30504.0,30504.0,30504.0,0
20250709T,31479.0,31479.0,31479.0,31479.0,0
20250710T,32404.0,32404.0,32404.0,32404.0,0
20250711T,32906.0,32906.0,32906.0,32906.0,0
20250714T,33591.0,33591.0,33591.0,33591.0,0
20250715T,35826.0,35826.0,35826.0,35826.0,0
20250716T,36488.0,36488.0,36488.0,36488.0,0
20250717T,32984.0,32984.0,32984.0,32984.0,0
20250718T,31005.0,31005.0,31005.0,31005.0,0
20250721T,29621.0,29621.0,29621.0,29621.0,0
20250722T,28644.0,28644.0,28644.0,28644.0,0
20250723T,27874.0,27874.0,27874.0,27874.0,0
20250724T,28972.0,28972.0,28972.0,28972.0,0
20250725T,28488.0,28488.0,28488.0,28488.0,0
20250728T,30304.0,30304.0,30304.0,30304.0,0
20250729T,37878.0,37878.0,37878.0,37878.0,0
20250730T,39448.0,39448.0,39448.0,39448.0,0
20250731T,25786.0,25786.0,25786.0,25786.0,0
20250801T,29316.0,29316.0,29316.0,29316.0,0
20250804T,28274.0,28274.0,28274.0,28274.0,0
20250805T,29489.0,29489.0,29489.0,29489.0,0
20250806T,28204.0,28204.0,28204.0,28204.0,0
20250807T,30106.0,30106.0,30106.0,30106.0,0
20250808T,35864.0,35864.0,35864.0,35864.0,0
20250811T,30829.0,30829.0,30829.0,30829.0,0
20250812T,32254.0,32254.0,32254.0,32254.0,0
20250813T,33457.0,33457.0,33457.0,33457.0,0
20250814T,31163.0,31163.0,31163.0,31163.0,0
20250818T,33234.0,33234.0,33234.0,33234.0,0
20250819T,31807.0,31807.0,31807.0,31807.0,0
20250820T,28338.0,28338.0,28338.0,28338.0,0
20250821T,27210.0,27210.0,27210.0,27210.0,0
20250822T,28077.0,28077.0,28077.0,28077.0,0
20250825T,26047.0,26047.0,26047.0,26047.0,0
20250826T,25562.0,25562.0,25562.0,25562.0,0
20250828T,27134.0,27134.0,27134.0,27134.0,0
20250829T,26722.0,26722.0,26722.0,26722.0,0
20250901T,26155.0,26155.0,26155.0,26155.0,0
20250902T,23808.0,23808.0,23808.0,23808.0,0
20250903T,22144.0,22144.0,22144.0,22144.0,0
20250904T,20046.0,20046.0,20046.0,20046.0,0
20250905T,22710.0,22710.0,22710.0,22710.0,0
20250908T,21753.0,21753.0,21753.0,21753.0,0
20250909T,22224.0,22224.0,22224.0,22224.0,0
20250910T,23216.0,23216.0,23216.0,23216.0,0
20250911T,21678.0,21678.0,21678.0,21678.0,0
20250912T,24619.0,24619.0,24619.0,24619.0,0
20250915T,25416.0,25416.0,25416.0,25416.0,0
20250916T,30817.0,30817.0,30817.0,30817.0,0
20250917T,33406.0,33406.0,33406.0,33406.0,0
20250918T,38555.0,38555.0,38555.0,38555.0,0
20250919T,35784.0,35784.0,35784.0,35784.0,0
20250922T,33232.0,33232.0,33232.0,33232.0,0
20250923T,36784.0,36784.0,36784.0,36784.0,0
20250924T,38689.0,38689.0,38689.0,38689.0,0
20250925T,46249.0,46249.0,46249.0,46249.0,0
20250926T,54666.0,54666.0,54666.0,54666.0,0
20250929T,49370.0,49370.0,49370.0,49370.0,0
20250930T,33181.0,33181.0,33181.0,33181.0,0
20251001T,40829.0,40829.0,40829.0,40829.0,0
20251003T,39021.0,39021.0,39021.0,39021.0,0
20251006T,30052.0,30052.0,30052.0,30052.0,0
20251007T,28701.0,28701.0,28701.0,28701.0,0
20251008T,26765.0,26765.0,26765.0,26765.0,0
20251009T,27373.0,27373.0,27373.0,27373.0,0
20251010T,30828.0,30828.0,30828.0,30828.0,0
20251013T,36667.0,36667.0,36667.0,36667.0,0
20251014T,31087.0,31087.0,31087.0,31087.0,0
20251015T,34045.0,34045.0,34045.0,34045.0,0
20251016T,36577.0,36577.0,36577.0,36577.0,0
20251017T,35890.0,35890.0,35890.0,35890.0,0
20251020T,41264.0,41264.0,41264.0,41264.0,0
20251023T,40372.0,40372.0,40372.0,40372.0,0
20251024T,44782.0,44782.0,44782.0,44782.0,0
20251027T,44823.0,44823.0,44823.0,44823.0,0
20251028T,28067.0,28067.0,28067.0,28067.0,0
20251029T,31408.0,31408.0,31408.0,31408.0,0
20251030T,36092.0,36092.0,36092.0,36092.0,0
20251031T,42415.0,42415.0,42415.0,42415.0,0
20251103T,38166.0,38166.0,38166.0,38166.0,0
20251104T,38726.0,38726.0,38726.0,38726.0,0
20251106T,37139.0,37139.0,37139.0,37139.0,0
20251107T,37299.0,37299.0,37299.0,37299.0,0
20251110T,36895.0,36895.0,36895.0,36895.0,0
20251111T,37142.0,37142.0,37142.0,37142.0,0
20251112T,35497.0,35497.0,35497.0,35497.0,0
20251113T,35324.0,35324.0,35324.0,35324.0,0
20251114T,39406.0,39406.0,39406.0,39406.0,0
20251117T,37593.0,37593.0,37593.0,37593.0,0
20251118T,34921.0,34921.0,34921.0,34921.0,0
20251119T,30190.0,30190.0,30190.0,30190.0,0
20251120T,29283.0,29283.0,29283.0,29283.0,0
20251121T,34666.0,34666.0,34666.0,34666.0,0
20251124T,35892.0,35892.0,35892.0,35892.0,0
20251125T,23451.0,23451.0,23451.0,23451.0,0
20251126T,28282.0,28282.0,28282.0,28282.0,0
20251127T,29055.0,29055.0,29055.0,29055.0,0
20251128T,27436.0,27436.0,27436.0,27436.0,0
20251201T,33120.0,33120.0,33120.0,33120.0,0
20251202T,35332.0,35332.0,35332.0,35332.0,0
20251203T,32973.0,32973.0,32973.0,32973.0,0
20251204T,30662.0,30662.0,30662.0,30662.0,0
20251205T,28677.0,28677.0,28677.0,28677.0,0
20251208T,34870.0,34870.0,34870.0,34870.0,0
20251209T,40367.0,40367.0,40367.0,40367.0,0
20251210T,42358.0,42358.0,42358.0,42358.0,0
20251211T,34944.0,34944.0,34944.0,34944.0,0
20251212T,37884.0,37884.0,37884.0,37884.0,0
20251215T,35385.0,35385.0,35385.0,35385.0,0
20251216T,38951.0,38951.0,38951.0,38951.0,0
20251217T,38714.0,38714.0,38714.0,38714.0,0
20251218T,32070.0,32070.0,32070.0,32070.0,0
20251219T,28404.0,28404.0,28404.0,28404.0,0
20251222T,30063.0,30063.0,30063.0,30063.0,0
20251223T,31372.0,31372.0,31372.0,31372.0,0
20251224T,32623.0,32623.0,32623.0,32623.0,0
20251226T,36851.0,36851.0,36851.0,36851.0,0
20251229T,38012.0,38012.0,38012.0,38012.0,0
20251230T,33796.0,33796.0,33796.0,33796.0,0
20251231T,38314.0,38314.0,38314.0,38314.0,0
20260101T,41115.0,41115.0,41115.0,41115.0,0
20260102T,44589.0,44589.0,44589.0,44589.0,0
20260105T,47407.0,47407.0,47407.0,47407.0,0
20260106T,51320.0,51320.0,51320.0,51320.0,0
20260107T,45458.0,45458.0,45458.0,45458.0,0
20260108T,43862.0,43862.0,43862.0,43862.0,0
20260109T,42454.0,42454.0,42454.0,42454.0,0
20260112T,38408.0,38408.0,38408.0,38408.0,0
20260113T,38719.0,38719.0,38719.0,38719.0,0
20260114T,38800.0,38800.0,38800.0,38800.0,0
20260116T,44849.0,44849.0,44849.0,44849.0,0
20260119T,43690.0,43690.0,43690.0,43690.0,0
20260120T,46835.0,46835.0,46835.0,46835.0,0
20260121T,44500.0,44500.0,44500.0,44500.0,0
20260122T,46138.0,46138.0,46138.0,46138.0,0
20260123T,49148.0,49148.0,49148.0,49148.0,0
20260127T,31118.0,31118.0,31118.0,31118.0,0
20260128T,39326.0,39326.0,39326.0,39326.0,0
20260129T,49238.0,49238.0,49238.0,49238.0,0
20260130T,48110.0,48110.0,48110.0,48110.0,0
20260201T,45061.0,45061.0,45061.0,45061.0,0
20260202T,43324.0,43324.0,43324.0,43324.0,0
