20120106T,-61050.0,-61050.0,-61050.0,-61050.0,0
20120109T,-62252.0,-62252.0,-62252.0,-62252.0,0
20120110T,-57226.0,-57226.0,-57226.0,-57226.0,0
20120111T,-62335.0,-62335.0,-62335.0,-62335.0,0
20120112T,-62225.0,-62225.0,-62225.0,-62225.0,0
20120113T,-76393.0,-76393.0,-76393.0,-76393.0,0
20120116T,-64077.0,-64077.0,-64077.0,-64077.0,0
20120117T,-73192.0,-73192.0,-73192.0,-73192.0,0
20120118T,-68026.0,-68026.0,-68026.0,-68026.0,0
20120119T,-77726.0,-77726.0,-77726.0,-77726.0,0
20120120T,-72211.0,-72211.0,-72211.0,-72211.0,0
20120123T,-74927.0,-74927.0,-74927.0,-74927.0,0
20120124T,-84159.0,-84159.0,-84159.0,-84159.0,0
20120125T,-78649.0,-78649.0,-78649.0,-78649.0,0
20120127T,-76347.0,-76347.0,-76347.0,-76347.0,0
20120130T,-64946.0,-64946.0,-64946.0,-64946.0,0
20120131T,-69507.0,-69507.0,-69507.0,-69507.0,0
20120201T,-57639.0,-57639.0,-57639.0,-57639.0,0
20120202T,-87408.0,-87408.0,-87408.0,-87408.0,0
20120203T,-73440.0,-73440.0,-73440.0,-73440.0,0
20120206T,-91244.0,-91244.0,-91244.0,-91244.0,0
20120207T,-86589.0,-86589.0,-86589.0,-86589.0,0
20120208T,-75788.0,-75788.0,-75788.0,-75788.0,0
20120209T,-70559.0,-70559.0,-70559.0,-70559.0,0
20120210T,-62943.0,-62943.0,-62943.0,-62943.0,0
20120213T,-56188.0,-56188.0,-56188.0,-56188.0,0
20120214T,-48329.0,-48329.0,-48329.0,-48329.0,0
20120215T,-51019.0,-51019.0,-51019.0,-51019.0,0
20120216T,-43559.0,-43559.0,-43559.0,-43559.0,0
20120217T,-48890.0,-48890.0,-48890.0,-48890.0,0
20120221T,-40601.0,-40601.0,-40601.0,-40601.0,0
20120222T,-22704.0,-22704.0,-22704.0,-22704.0,0
20120223T,-47646.0,-47646.0,-47646.0,-47646.0,0
20120224T,-53027.0,-53027.0,-53027.0,-53027.0,0
20120227T,-57730.0,-57730.0,-57730.0,-57730.0,0
20120228T,-49977.0,-49977.0,-49977.0,-49977.0,0
20120229T,-63844.0,-63844.0,-63844.0,-63844.0,0
20120301T,-55184.0,-55184.0,-55184.0,-55184.0,0
20120302T,-64549.0,-64549.0,-64549.0,-64549.0,0
20120305T,-80245.0,-80245.0,-80245.0,-80245.0,0
20120306T,-86299.0,-86299.0,-86299.0,-86299.0,0
20120307T,-76552.0,-76552.0,-76552.0,-76552.0,0
20120309T,-81643.0,-81643.0,-81643.0,-81643.0,0
20120312T,-74653.0,-74653.0,-74653.0,-74653.0,0
20120313T,-59220.0,-59220.0,-59220.0,-59220.0,0
20120314T,-66570.0,-66570.0,-66570.0,-66570.0,0
20120315T,-66043.0,-66043.0,-66043.0,-66043.0,0
20120316T,-57254.0,-57254.0,-57254.0,-57254.0,0
20120319T,-68416.0,-68416.0,-68416.0,-68416.0,0
20120320T,-66396.0,-66396.0,-66396.0,-66396.0,0
20120321T,-54386.0,-54386.0,-54386.0,-54386.0,0
20120322T,-90134.0,-90134.0,-90134.0,-90134.0,0
20120323T,-87503.0,-87503.0,-87503.0,-87503.0,0
20120326T,-84142.0,-84142.0,-84142.0,-84142.0,0
20120327T,-72086.0,-72086.0,-72086.0,-72086.0,0
20120328T,-81102.0,-81102.0,-81102.0,-81102.0,0
20120329T,-87440.0,-87440.0,-87440.0,-87440.0,0
20120330T,-68981.0,-68981.0,-68981.0,-68981.0,0
20120402T,-72689.0,-72689.0,-72689.0,-72689.0,0
20120403T,-75940.0,-75940.0,-75940.0,-75940.0,0
20120404T,-73907.0,-73907.0,-73907.0,-73907.0,0
20120409T,-75731.0,-75731.0,-75731.0,-75731.0,0
20120410T,-68221.0,-68221.0,-68221.0,-68221.0,0
20120411T,-69043.0,-69043.0,-69043.0,-69043.0,0
20120412T,-73316.0,-73316.0,-73316.0,-73316.0,0
20120413T,-83131.0,-83131.0,-83131.0,-83131.0,0
20120416T,-78168.0,-78168.0,-78168.0,-78168.0,0
20120417T,-74956.0,-74956.0,-74956.0,-74956.0,0
20120418T,-81710.0,-81710.0,-81710.0,-81710.0,0
20120419T,-79962.0,-79962.0,-79962.0,-79962.0,0
20120420T,-75638.0,-75638.0,-75638.0,-75638.0,0
20120423T,-85669.0,-85669.0,-85669.0,-85669.0,0
20120424T,-79711.0,-79711.0,-79711.0,-79711.0,0
20120425T,-77680.0,-77680.0,-77680.0,-77680.0,0
20120426T,-53825.0,-53825.0,-53825.0,-53825.0,0
20120427T,-49535.0,-49535.0,-49535.0,-49535.0,0
20120430T,-55347.0,-55347.0,-55347.0,-55347.0,0
20120502T,-54760.0,-54760.0,-54760.0,-54760.0,0
20120503T,-54651.0,-54651.0,-54651.0,-54651.0,0
20120504T,-48391.0,-48391.0,-48391.0,-48391.0,0
20120507T,-53037.0,-53037.0,-53037.0,-53037.0,0
20120508T,-68799.0,-68799.0,-68799.0,-68799.0,0
20120509T,-75164.0,-75164.0,-75164.0,-75164.0,0
20120510T,-71104.0,-71104.0,-71104.0,-71104.0,0
20120511T,-78540.0,-78540.0,-78540.0,-78540.0,0
20120514T,-80636.0,-80636.0,-80636.0,-80636.0,0
20120515T,-78756.0,-78756.0,-78756.0,-78756.0,0
20120516T,-78342.0,-78342.0,-78342.0,-78342.0,0
20120517T,-89577.0,-89577.0,-89577.0,-89577.0,0
20120518T,-91307.0,-91307.0,-91307.0,-91307.0,0
20120521T,-80843.0,-80843.0,-80843.0,-80843.0,0
20120522T,-101577.0,-101577.0,-101577.0,-101577.0,0
20120523T,-101934.0,-101934.0,-101934.0,-101934.0,0
20120524T,-65764.0,-65764.0,-65764.0,-65764.0,0
20120525T,-57949.0,-57949.0,-57949.0,-57949.0,0
20120528T,-50503.0,-50503.0,-50503.0,-50503.0,0
20120529T,-53203.0,-53203.0,-53203.0,-53203.0,0
20120530T,-58765.0,-58765.0,-58765.0,-58765.0,0
20120531T,-37790.0,-37790.0,-37790.0,-37790.0,0
20120601T,-51982.0,-51982.0,-51982.0,-51982.0,0
20120604T,-50594.0,-50594.0,-50594.0,-50594.0,0
20120605T,-54640.0,-54640.0,-54640.0,-54640.0,0
20120606T,-46502.0,-46502.0,-46502.0,-46502.0,0
20120607T,-58623.0,-58623.0,-58623.0,-58623.0,0
20120608T,-50929.0,-50929.0,-50929.0,-50929.0,0
20120611T,-61683.0,-61683.0,-61683.0,-61683.0,0
20120612T,-53350.0,-53350.0,-53350.0,-53350.0,0
20120613T,-63593.0,-63593.0,-63593.0,-63593.0,0
20120614T,-59695.0,-59695.0,-59695.0,-59695.0,0
20120615T,-56003.0,-56003.0,-56003.0,-56003.0,0
20120618T,-54544.0,-54544.0,-54544.0,-54544.0,0
20120619T,-44553.0,-44553.0,-44553.0,-44553.0,0
20120620T,-44298.0,-44298.0,-44298.0,-44298.0,0
20120621T,-28005.0,-28005.0,-28005.0,-28005.0,0
20120622T,-34878.0,-34878.0,-34878.0,-34878.0,0
20120625T,-27873.0,-27873.0,-27873.0,-27873.0,0
20120626T,-46106.0,-46106.0,-46106.0,-46106.0,0
20120627T,-61240.0,-61240.0,-61240.0,-61240.0,0
20120628T,-58238.0,-58238.0,-58238.0,-58238.0,0
20120629T,-59891.0,-59891.0,-59891.0,-59891.0,0
20120702T,-62867.0,-62867.0,-62867.0,-62867.0,0
20120703T,-71695.0,-71695.0,-71695.0,-71695.0,0
20120704T,-75768.0,-75768.0,-75768.0,-75768.0,0
20120705T,-75923.0,-75923.0,-75923.0,-75923.0,0
20120706T,-68610.0,-68610.0,-68610.0,-68610.0,0
20120709T,-69046.0,-69046.0,-69046.0,-69046.0,0
20120710T,-65410.0,-65410.0,-65410.0,-65410.0,0
20120711T,-60065.0,-60065.0,-60065.0,-60065.0,0
20120712T,-67106.0,-67106.0,-67106.0,-67106.0,0
20120713T,-61032.0,-61032.0,-61032.0,-61032.0,0
20120716T,-65528.0,-65528.0,-65528.0,-65528.0,0
20120717T,-67034.0,-67034.0,-67034.0,-67034.0,0
20120718T,-66897.0,-66897.0,-66897.0,-66897.0,0
20120719T,-63504.0,-63504.0,-63504.0,-63504.0,0
20120720T,-56531.0,-56531.0,-56531.0,-56531.0,0
20120723T,-63563.0,-63563.0,-63563.0,-63563.0,0
20120724T,-59149.0,-59149.0,-59149.0,-59149.0,0
20120725T,-61872.0,-61872.0,-61872.0,-61872.0,0
20120726T,-43482.0,-43482.0,-43482.0,-43482.0,0
20120727T,-62177.0,-62177.0,-62177.0,-62177.0,0
20120730T,-67280.0,-67280.0,-67280.0,-67280.0,0
20120731T,-69258.0,-69258.0,-69258.0,-69258.0,0
20120801T,-64843.0,-64843.0,-64843.0,-64843.0,0
20120802T,-66591.0,-66591.0,-66591.0,-66591.0,0
20120803T,-67169.0,-67169.0,-67169.0,-67169.0,0
20120806T,-55492.0,-55492.0,-55492.0,-55492.0,0
20120807T,-57033.0,-57033.0,-57033.0,-57033.0,0
20120808T,-67551.0,-67551.0,-67551.0,-67551.0,0
20120809T,-67667.0,-67667.0,-67667.0,-67667.0,0
20120810T,-65175.0,-65175.0,-65175.0,-65175.0,0
20120813T,-60660.0,-60660.0,-60660.0,-60660.0,0
20120814T,-60172.0,-60172.0,-60172.0,-60172.0,0
20120816T,-62280.0,-62280.0,-62280.0,-62280.0,0
20120817T,-64972.0,-64972.0,-64972.0,-64972.0,0
20120821T,-68457.0,-68457.0,-68457.0,-68457.0,0
20120822T,-65611.0,-65611.0,-65611.0,-65611.0,0
20120823T,-59948.0,-59948.0,-59948.0,-59948.0,0
20120824T,-60566.0,-60566.0,-60566.0,-60566.0,0
20120827T,-66241.0,-66241.0,-66241.0,-66241.0,0
20120828T,-66826.0,-66826.0,-66826.0,-66826.0,0
20120829T,-64474.0,-64474.0,-64474.0,-64474.0,0
20120830T,-67137.0,-67137.0,-67137.0,-67137.0,0
20120831T,-58236.0,-58236.0,-58236.0,-58236.0,0
20120903T,-52347.0,-52347.0,-52347.0,-52347.0,0
20120904T,-44342.0,-44342.0,-44342.0,-44342.0,0
20120905T,-41118.0,-41118.0,-41118.0,-41118.0,0
20120906T,-43729.0,-43729.0,-43729.0,-43729.0,0
20120907T,-51103.0,-51103.0,-51103.0,-51103.0,0
20120910T,-48119.0,-48119.0,-48119.0,-48119.0,0
20120911T,-51273.0,-51273.0,-51273.0,-51273.0,0
20120912T,-55759.0,-55759.0,-55759.0,-55759.0,0
20120913T,-54777.0,-54777.0,-54777.0,-54777.0,0
20120914T,-44569.0,-44569.0,-44569.0,-44569.0,0
20120917T,-58758.0,-58758.0,-58758.0,-58758.0,0
20120918T,-46061.0,-46061.0,-46061.0,-46061.0,0
20120920T,-43234.0,-43234.0,-43234.0,-43234.0,0
20120921T,-16163.0,-16163.0,-16163.0,-16163.0,0
20120924T,-10622.0,-10622.0,-10622.0,-10622.0,0
20120925T,-18238.0,-18238.0,-18238.0,-18238.0,0
20120926T,-17914.0,-17914.0,-17914.0,-17914.0,0
20120927T,-39016.0,-39016.0,-39016.0,-39016.0,0
20120928T,-56696.0,-56696.0,-56696.0,-56696.0,0
20121001T,-49762.0,-49762.0,-49762.0,-49762.0,0
20121003T,-58990.0,-58990.0,-58990.0,-58990.0,0
20121004T,-57896.0,-57896.0,-57896.0,-57896.0,0
20121005T,-47422.0,-47422.0,-47422.0,-47422.0,0
20121008T,-48552.0,-48552.0,-48552.0,-48552.0,0
20121009T,-51185.0,-51185.0,-51185.0,-51185.0,0
20121010T,-37359.0,-37359.0,-37359.0,-37359.0,0
20121011T,-48420.0,-48420.0,-48420.0,-48420.0,0
20121012T,-54523.0,-54523.0,-54523.0,-54523.0,0
20121015T,-61085.0,-61085.0,-61085.0,-61085.0,0
20121016T,-58133.0,-58133.0,-58133.0,-58133.0,0
20121017T,-57725.0,-57725.0,-57725.0,-57725.0,0
20121018T,-46872.0,-46872.0,-46872.0,-46872.0,0
20121019T,-56177.0,-56177.0,-56177.0,-56177.0,0
20121022T,-56994.0,-56994.0,-56994.0,-56994.0,0
20121023T,-48653.0,-48653.0,-48653.0,-48653.0,0
20121025T,-51449.0,-51449.0,-51449.0,-51449.0,0
20121026T,-49381.0,-49381.0,-49381.0,-49381.0,0
20121029T,-45225.0,-45225.0,-45225.0,-45225.0,0
20121030T,-41375.0,-41375.0,-41375.0,-41375.0,0
20121031T,-36774.0,-36774.0,-36774.0,-36774.0,0
20121101T,-50518.0,-50518.0,-50518.0,-50518.0,0
20121102T,-63300.0,-63300.0,-63300.0,-63300.0,0
20121105T,-58396.0,-58396.0,-58396.0,-58396.0,0
20121106T,-52790.0,-52790.0,-52790.0,-52790.0,0
20121107T,-51954.0,-51954.0,-51954.0,-51954.0,0
20121108T,-46956.0,-46956.0,-46956.0,-46956.0,0
20121109T,-39628.0,-39628.0,-39628.0,-39628.0,0
20121112T,-33706.0,-33706.0,-33706.0,-33706.0,0
20121113T,-41619.0,-41619.0,-41619.0,-41619.0,0
20121115T,-22138.0,-22138.0,-22138.0,-22138.0,0
20121116T,-36245.0,-36245.0,-36245.0,-36245.0,0
20121119T,-40564.0,-40564.0,-40564.0,-40564.0,0
20121120T,-52669.0,-52669.0,-52669.0,-52669.0,0
20121121T,-54094.0,-54094.0,-54094.0,-54094.0,0
20121122T,-58686.0,-58686.0,-58686.0,-58686.0,0
20121123T,-51494.0,-51494.0,-51494.0,-51494.0,0
20121126T,-55438.0,-55438.0,-55438.0,-55438.0,0
20121127T,-63598.0,-63598.0,-63598.0,-63598.0,0
20121129T,-38215.0,-38215.0,-38215.0,-38215.0,0
20121130T,-53143.0,-53143.0,-53143.0,-53143.0,0
20121203T,-44196.0,-44196.0,-44196.0,-44196.0,0
20121204T,-41103.0,-41103.0,-41103.0,-41103.0,0
20121205T,-36461.0,-36461.0,-36461.0,-36461.0,0
20121206T,-39685.0,-39685.0,-39685.0,-39685.0,0
20121207T,-44962.0,-44962.0,-44962.0,-44962.0,0
20121210T,-44516.0,-44516.0,-44516.0,-44516.0,0
20121211T,-45492.0,-45492.0,-45492.0,-45492.0,0
20121212T,-34016.0,-34016.0,-34016.0,-34016.0,0
20121213T,-23494.0,-23494.0,-23494.0,-23494.0,0
20121214T,-19349.0,-19349.0,-19349.0,-19349.0,0
20121217T,-19619.0,-19619.0,-19619.0,-19619.0,0
20121218T,-21553.0,-21553.0,-21553.0,-21553.0,0
20121219T,-17882.0,-17882.0,-17882.0,-17882.0,0
20121220T,-24632.0,-24632.0,-24632.0,-24632.0,0
20121221T,-33173.0,-33173.0,-33173.0,-33173.0,0
20121224T,-39471.0,-39471.0,-39471.0,-39471.0,0
20121226T,-36723.0,-36723.0,-36723.0,-36723.0,0
20121227T,-41088.0,-41088.0,-41088.0,-41088.0,0
20121228T,-43554.0,-43554.0,-43554.0,-43554.0,0
20121231T,-44664.0,-44664.0,-44664.0,-44664.0,0
20130101T,-35243.0,-35243.0,-35243.0,-35243.0,0
20130102T,-48615.0,-48615.0,-48615.0,-48615.0,0
20130103T,-64118.0,-64118.0,-64118.0,-64118.0,0
20130104T,-67255.0,-67255.0,-67255.0,-67255.0,0
20130107T,-61964.0,-61964.0,-61964.0,-61964.0,0
20130108T,-62359.0,-62359.0,-62359.0,-62359.0,0
20130109T,-66926.0,-66926.0,-66926.0,-66926.0,0
20130110T,-62079.0,-62079.0,-62079.0,-62079.0,0
20130111T,-66444.0,-66444.0,-66444.0,-66444.0,0
20130114T,-73958.0,-73958.0,-73958.0,-73958.0,0
20130115T,-83399.0,-83399.0,-83399.0,-83399.0,0
20130116T,-80446.0,-80446.0,-80446.0,-80446.0,0
20130117T,-89098.0,-89098.0,-89098.0,-89098.0,0
20130118T,-91534.0,-91534.0,-91534.0,-91534.0,0
20130121T,-95115.0,-95115.0,-95115.0,-95115.0,0
20130122T,-93417.0,-93417.0,-93417.0,-93417.0,0
20130123T,-84107.0,-84107.0,-84107.0,-84107.0,0
20130124T,-78394.0,-78394.0,-78394.0,-78394.0,0
20130125T,-75191.0,-75191.0,-75191.0,-75191.0,0
20130128T,-73115.0,-73115.0,-73115.0,-73115.0,0
20130129T,-76952.0,-76952.0,-76952.0,-76952.0,0
20130130T,-76144.0,-76144.0,-76144.0,-76144.0,0
20130131T,-48519.0,-48519.0,-48519.0,-48519.0,0
20130201T,-49996.0,-49996.0,-49996.0,-49996.0,0
20130204T,-48210.0,-48210.0,-48210.0,-48210.0,0
20130205T,-43911.0,-43911.0,-43911.0,-43911.0,0
20130206T,-42230.0,-42230.0,-42230.0,-42230.0,0
20130207T,-45803.0,-45803.0,-45803.0,-45803.0,0
20130208T,-47468.0,-47468.0,-47468.0,-47468.0,0
20130211T,-58427.0,-58427.0,-58427.0,-58427.0,0
20130212T,-61848.0,-61848.0,-61848.0,-61848.0,0
20130213T,-67217.0,-67217.0,-67217.0,-67217.0,0
20130214T,-59103.0,-59103.0,-59103.0,-59103.0,0
20130215T,-50009.0,-50009.0,-50009.0,-50009.0,0
20130218T,-47350.0,-47350.0,-47350.0,-47350.0,0
20130219T,-52156.0,-52156.0,-52156.0,-52156.0,0
20130220T,-52132.0,-52132.0,-52132.0,-52132.0,0
20130221T,-39402.0,-39402.0,-39402.0,-39402.0,0
20130222T,-37233.0,-37233.0,-37233.0,-37233.0,0
20130225T,-36166.0,-36166.0,-36166.0,-36166.0,0
20130226T,-19563.0,-19563.0,-19563.0,-19563.0,0
20130227T,-39622.0,-39622.0,-39622.0,-39622.0,0
20130228T,-18496.0,-18496.0,-18496.0,-18496.0,0
20130301T,-27833.0,-27833.0,-27833.0,-27833.0,0
20130304T,-38319.0,-38319.0,-38319.0,-38319.0,0
20130305T,-53755.0,-53755.0,-53755.0,-53755.0,0
20130306T,-59270.0,-59270.0,-59270.0,-59270.0,0
20130307T,-68033.0,-68033.0,-68033.0,-68033.0,0
20130308T,-75180.0,-75180.0,-75180.0,-75180.0,0
20130311T,-71955.0,-71955.0,-71955.0,-71955.0,0
20130312T,-57530.0,-57530.0,-57530.0,-57530.0,0
20130313T,-53292.0,-53292.0,-53292.0,-53292.0,0
20130314T,-41003.0,-41003.0,-41003.0,-41003.0,0
20130315T,-41193.0,-41193.0,-41193.0,-41193.0,0
20130318T,-26823.0,-26823.0,-26823.0,-26823.0,0
20130319T,-36810.0,-36810.0,-36810.0,-36810.0,0
20130320T,-27259.0,-27259.0,-27259.0,-27259.0,0
20130321T,-41686.0,-41686.0,-41686.0,-41686.0,0
20130322T,-30113.0,-30113.0,-30113.0,-30113.0,0
20130325T,-38350.0,-38350.0,-38350.0,-38350.0,0
20130326T,-36827.0,-36827.0,-36827.0,-36827.0,0
20130328T,-24911.0,-24911.0,-24911.0,-24911.0,0
20130401T,-28336.0,-28336.0,-28336.0,-28336.0,0
20130402T,-28937.0,-28937.0,-28937.0,-28937.0,0
20130403T,-17676.0,-17676.0,-17676.0,-17676.0,0
20130404T,-11934.0,-11934.0,-11934.0,-11934.0,0
20130405T,3489.0,3489.0,3489.0,3489.0,0
20130408T,4713.0,4713.0,4713.0,4713.0,0
20130409T,-6360.0,-6360.0,-6360.0,-6360.0,0
20130410T,-10411.0,-10411.0,-10411.0,-10411.0,0
20130411T,-18816.0,-18816.0,-18816.0,-18816.0,0
20130412T,-16647.0,-16647.0,-16647.0,-16647.0,0
20130415T,-23108.0,-23108.0,-23108.0,-23108.0,0
20130416T,-45394.0,-45394.0,-45394.0,-45394.0,0
20130417T,-43651.0,-43651.0,-43651.0,-43651.0,0
20130418T,-46780.0,-46780.0,-46780.0,-46780.0,0
20130422T,-50005.0,-50005.0,-50005.0,-50005.0,0
20130423T,-50534.0,-50534.0,-50534.0,-50534.0,0
20130425T,-83087.0,-83087.0,-83087.0,-83087.0,0
20130426T,-80222.0,-80222.0,-80222.0,-80222.0,0
20130429T,-77032.0,-77032.0,-77032.0,-77032.0,0
20130430T,-80212.0,-80212.0,-80212.0,-80212.0,0
20130502T,-78073.0,-78073.0,-78073.0,-78073.0,0
20130503T,-75130.0,-75130.0,-75130.0,-75130.0,0
20130506T,-78005.0,-78005.0,-78005.0,-78005.0,0
20130507T,-74045.0,-74045.0,-74045.0,-74045.0,0
20130508T,-78151.0,-78151.0,-78151.0,-78151.0,0
20130509T,-86170.0,-86170.0,-86170.0,-86170.0,0
20130510T,-79606.0,-79606.0,-79606.0,-79606.0,0
20130513T,-88756.0,-88756.0,-88756.0,-88756.0,0
20130514T,-90885.0,-90885.0,-90885.0,-90885.0,0
20130515T,-63344.0,-63344.0,-63344.0,-63344.0,0
20130516T,-61089.0,-61089.0,-61089.0,-61089.0,0
20130517T,-51033.0,-51033.0,-51033.0,-51033.0,0
20130520T,-55937.0,-55937.0,-55937.0,-55937.0,0
20130521T,-65123.0,-65123.0,-65123.0,-65123.0,0
20130522T,-73215.0,-73215.0,-73215.0,-73215.0,0
20130523T,-93245.0,-93245.0,-93245.0,-93245.0,0
20130524T,-96443.0,-96443.0,-96443.0,-96443.0,0
20130527T,-95700.0,-95700.0,-95700.0,-95700.0,0
20130528T,-99288.0,-99288.0,-99288.0,-99288.0,0
20130529T,-105088.0,-105088.0,-105088.0,-105088.0,0
20130530T,-119639.0,-119639.0,-119639.0,-119639.0,0
20130531T,-96457.0,-96457.0,-96457.0,-96457.0,0
20130603T,-80223.0,-80223.0,-80223.0,-80223.0,0
20130604T,-80344.0,-80344.0,-80344.0,-80344.0,0
20130605T,-68920.0,-68920.0,-68920.0,-68920.0,0
20130606T,-57334.0,-57334.0,-57334.0,-57334.0,0
20130607T,-56624.0,-56624.0,-56624.0,-56624.0,0
20130610T,-56311.0,-56311.0,-56311.0,-56311.0,0
20130611T,-30952.0,-30952.0,-30952.0,-30952.0,0
20130612T,-35322.0,-35322.0,-35322.0,-35322.0,0
20130613T,-43631.0,-43631.0,-43631.0,-43631.0,0
20130614T,-52988.0,-52988.0,-52988.0,-52988.0,0
20130617T,-57887.0,-57887.0,-57887.0,-57887.0,0
20130618T,-56847.0,-56847.0,-56847.0,-56847.0,0
20130619T,-60574.0,-60574.0,-60574.0,-60574.0,0
20130620T,-78705.0,-78705.0,-78705.0,-78705.0,0
20130621T,-76444.0,-76444.0,-76444.0,-76444.0,0
20130624T,-90038.0,-90038.0,-90038.0,-90038.0,0
20130625T,-69301.0,-69301.0,-69301.0,-69301.0,0
20130626T,-72794.0,-72794.0,-72794.0,-72794.0,0
20130627T,-47298.0,-47298.0,-47298.0,-47298.0,0
20130628T,-72458.0,-72458.0,-72458.0,-72458.0,0
20130701T,-79835.0,-79835.0,-79835.0,-79835.0,0
20130702T,-78801.0,-78801.0,-78801.0,-78801.0,0
20130703T,-64817.0,-64817.0,-64817.0,-64817.0,0
20130704T,-73770.0,-73770.0,-73770.0,-73770.0,0
20130705T,-79354.0,-79354.0,-79354.0,-79354.0,0
20130708T,-74295.0,-74295.0,-74295.0,-74295.0,0
20130709T,-85006.0,-85006.0,-85006.0,-85006.0,0
20130710T,-83491.0,-83491.0,-83491.0,-83491.0,0
20130711T,-99731.0,-99731.0,-99731.0,-99731.0,0
20130712T,-92308.0,-92308.0,-92308.0,-92308.0,0
20130715T,-86973.0,-86973.0,-86973.0,-86973.0,0
20130716T,-74598.0,-74598.0,-74598.0,-74598.0,0
20130717T,-78022.0,-78022.0,-78022.0,-78022.0,0
20130718T,-73228.0,-73228.0,-73228.0,-73228.0,0
20130719T,-70910.0,-70910.0,-70910.0,-70910.0,0
20130722T,-72081.0,-72081.0,-72081.0,-72081.0,0
20130723T,-79594.0,-79594.0,-79594.0,-79594.0,0
20130724T,-76304.0,-76304.0,-76304.0,-76304.0,0
20130725T,-82998.0,-82998.0,-82998.0,-82998.0,0
20130726T,-79333.0,-79333.0,-79333.0,-79333.0,0
20130729T,-78748.0,-78748.0,-78748.0,-78748.0,0
20130730T,-66029.0,-66029.0,-66029.0,-66029.0,0
20130731T,-59669.0,-59669.0,-59669.0,-59669.0,0
20130801T,-73419.0,-73419.0,-73419.0,-73419.0,0
20130802T,-69188.0,-69188.0,-69188.0,-69188.0,0
20130805T,-68032.0,-68032.0,-68032.0,-68032.0,0
20130806T,-76754.0,-76754.0,-76754.0,-76754.0,0
20130807T,-73335.0,-73335.0,-73335.0,-73335.0,0
20130808T,-84547.0,-84547.0,-84547.0,-84547.0,0
20130812T,-100120.0,-100120.0,-100120.0,-100120.0,0
20130813T,-98503.0,-98503.0,-98503.0,-98503.0,0
20130814T,-88762.0,-88762.0,-88762.0,-88762.0,0
20130816T,-96139.0,-96139.0,-96139.0,-96139.0,0
20130819T,-77686.0,-77686.0,-77686.0,-77686.0,0
20130820T,-90157.0,-90157.0,-90157.0,-90157.0,0
20130821T,-121740.0,-121740.0,-121740.0,-121740.0,0
20130822T,0.0,0.0,0.0,0.0,0
20130823T,-71806.0,-71806.0,-71806.0,-71806.0,0
20130826T,-51062.0,-51062.0,-51062.0,-51062.0,0
20130827T,-54131.0,-54131.0,-54131.0,-54131.0,0
20130828T,-37896.0,-37896.0,-37896.0,-37896.0,0
20130829T,-55658.0,-55658.0,-55658.0,-55658.0,0
20130830T,-68130.0,-68130.0,-68130.0,-68130.0,0
20130902T,-72850.0,-72850.0,-72850.0,-72850.0,0
20130903T,-43962.0,-43962.0,-43962.0,-43962.0,0
20130904T,-56911.0,-56911.0,-56911.0,-56911.0,0
20130905T,-76576.0,-76576.0,-76576.0,-76576.0,0
20130906T,-86501.0,-86501.0,-86501.0,-86501.0,0
20130910T,-117737.0,-117737.0,-117737.0,-117737.0,0
20130911T,-99714.0,-99714.0,-99714.0,-99714.0,0
20130912T,-93743.0,-93743.0,-93743.0,-93743.0,0
20130913T,-90939.0,-90939.0,-90939.0,-90939.0,0
20130916T,-90004.0,-90004.0,-90004.0,-90004.0,0
20130917T,-95009.0,-95009.0,-95009.0,-95009.0,0
20130918T,-82242.0,-82242.0,-82242.0,-82242.0,0
20130919T,-95698.0,-95698.0,-95698.0,-95698.0,0
20130920T,-87163.0,-87163.0,-87163.0,-87163.0,0
20130923T,-92001.0,-92001.0,-92001.0,-92001.0,0
20130924T,-95355.0,-95355.0,-95355.0,-95355.0,0
20130925T,-89851.0,-89851.0,-89851.0,-89851.0,0
20130926T,-109795.0,-109795.0,-109795.0,-109795.0,0
20130927T,-113161.0,-113161.0,-113161.0,-113161.0,0
20130930T,-106510.0,-106510.0,-106510.0,-106510.0,0
20131001T,-98709.0,-98709.0,-98709.0,-98709.0,0
20131003T,-99271.0,-99271.0,-99271.0,-99271.0,0
20131004T,-103899.0,-103899.0,-103899.0,-103899.0,0
20131007T,-102336.0,-102336.0,-102336.0,-102336.0,0
20131008T,-99675.0,-99675.0,-99675.0,-99675.0,0
20131010T,-100976.0,-100976.0,-100976.0,-100976.0,0
20131011T,-99346.0,-99346.0,-99346.0,-99346.0,0
20131014T,-108223.0,-108223.0,-108223.0,-108223.0,0
20131015T,-131513.0,-131513.0,-131513.0,-131513.0,0
20131017T,-131081.0,-131081.0,-131081.0,-131081.0,0
20131018T,-122065.0,-122065.0,-122065.0,-122065.0,0
20131021T,-121735.0,-121735.0,-121735.0,-121735.0,0
20131022T,-122106.0,-122106.0,-122106.0,-122106.0,0
20131023T,-130796.0,-130796.0,-130796.0,-130796.0,0
20131024T,-133300.0,-133300.0,-133300.0,-133300.0,0
20131025T,-122716.0,-122716.0,-122716.0,-122716.0,0
20131028T,-116505.0,-116505.0,-116505.0,-116505.0,0
20131029T,-123105.0,-123105.0,-123105.0,-123105.0,0
20131030T,-117638.0,-117638.0,-117638.0,-117638.0,0
20131031T,-132317.0,-132317.0,-132317.0,-132317.0,0
20131101T,-132462.0,-132462.0,-132462.0,-132462.0,0
20131105T,-124213.0,-124213.0,-124213.0,-124213.0,0
20131106T,-114110.0,-114110.0,-114110.0,-114110.0,0
20131107T,-114177.0,-114177.0,-114177.0,-114177.0,0
20131108T,-96183.0,-96183.0,-96183.0,-96183.0,0
20131111T,-89924.0,-89924.0,-89924.0,-89924.0,0
20131112T,-76775.0,-76775.0,-76775.0,-76775.0,0
20131113T,-76846.0,-76846.0,-76846.0,-76846.0,0
20131114T,-77652.0,-77652.0,-77652.0,-77652.0,0
20131118T,-72454.0,-72454.0,-72454.0,-72454.0,0
20131119T,-67302.0,-67302.0,-67302.0,-67302.0,0
20131120T,-74321.0,-74321.0,-74321.0,-74321.0,0
20131121T,-72187.0,-72187.0,-72187.0,-72187.0,0
20131122T,-88296.0,-88296.0,-88296.0,-88296.0,0
20131125T,-74270.0,-74270.0,-74270.0,-74270.0,0
20131126T,-70384.0,-70384.0,-70384.0,-70384.0,0
20131127T,-64154.0,-64154.0,-64154.0,-64154.0,0
20131128T,-56177.0,-56177.0,-56177.0,-56177.0,0
20131129T,-65138.0,-65138.0,-65138.0,-65138.0,0
20131202T,-70867.0,-70867.0,-70867.0,-70867.0,0
20131203T,-73728.0,-73728.0,-73728.0,-73728.0,0
20131204T,-77772.0,-77772.0,-77772.0,-77772.0,0
20131205T,-82187.0,-82187.0,-82187.0,-82187.0,0
20131206T,-76536.0,-76536.0,-76536.0,-76536.0,0
20131209T,-93736.0,-93736.0,-93736.0,-93736.0,0
20131210T,-92551.0,-92551.0,-92551.0,-92551.0,0
20131211T,-89544.0,-89544.0,-89544.0,-89544.0,0
20131212T,-89684.0,-89684.0,-89684.0,-89684.0,0
20131213T,-79067.0,-79067.0,-79067.0,-79067.0,0
20131216T,-72203.0,-72203.0,-72203.0,-72203.0,0
20131217T,-74972.0,-74972.0,-74972.0,-74972.0,0
20131218T,-82134.0,-82134.0,-82134.0,-82134.0,0
20131219T,-105770.0,-105770.0,-105770.0,-105770.0,0
20131220T,-111922.0,-111922.0,-111922.0,-111922.0,0
20131223T,-116600.0,-116600.0,-116600.0,-116600.0,0
20131224T,-119210.0,-119210.0,-119210.0,-119210.0,0
20131226T,-68021.0,-68021.0,-68021.0,-68021.0,0
20131227T,-72712.0,-72712.0,-72712.0,-72712.0,0
20131230T,-79873.0,-79873.0,-79873.0,-79873.0,0
20131231T,-80485.0,-80485.0,-80485.0,-80485.0,0
20140101T,-78869.0,-78869.0,-78869.0,-78869.0,0
20140102T,-83280.0,-83280.0,-83280.0,-83280.0,0
20140103T,-87242.0,-87242.0,-87242.0,-87242.0,0
20140106T,-87066.0,-87066.0,-87066.0,-87066.0,0
20140107T,-84052.0,-84052.0,-84052.0,-84052.0,0
20140108T,-78599.0,-78599.0,-78599.0,-78599.0,0
20140109T,-78122.0,-78122.0,-78122.0,-78122.0,0
20140110T,-84468.0,-84468.0,-84468.0,-84468.0,0
20140113T,-93209.0,-93209.0,-93209.0,-93209.0,0
20140114T,-86736.0,-86736.0,-86736.0,-86736.0,0
20140115T,-72072.0,-72072.0,-72072.0,-72072.0,0
20140116T,-63549.0,-63549.0,-63549.0,-63549.0,0
20140117T,-61277.0,-61277.0,-61277.0,-61277.0,0
20140120T,-60569.0,-60569.0,-60569.0,-60569.0,0
20140121T,-70856.0,-70856.0,-70856.0,-70856.0,0
20140122T,-67342.0,-67342.0,-67342.0,-67342.0,0
20140123T,-66468.0,-66468.0,-66468.0,-66468.0,0
20140124T,-42951.0,-42951.0,-42951.0,-42951.0,0
20140127T,-50897.0,-50897.0,-50897.0,-50897.0,0
20140128T,-53416.0,-53416.0,-53416.0,-53416.0,0
20140129T,-63898.0,-63898.0,-63898.0,-63898.0,0
20140130T,-40814.0,-40814.0,-40814.0,-40814.0,0
20140131T,-41750.0,-41750.0,-41750.0,-41750.0,0
20140203T,-36094.0,-36094.0,-36094.0,-36094.0,0
20140204T,-33582.0,-33582.0,-33582.0,-33582.0,0
20140205T,-42165.0,-42165.0,-42165.0,-42165.0,0
20140206T,-54158.0,-54158.0,-54158.0,-54158.0,0
20140207T,-45735.0,-45735.0,-45735.0,-45735.0,0
20140210T,-49648.0,-49648.0,-49648.0,-49648.0,0
20140211T,-43780.0,-43780.0,-43780.0,-43780.0,0
20140212T,-44429.0,-44429.0,-44429.0,-44429.0,0
20140213T,-51595.0,-51595.0,-51595.0,-51595.0,0
20140214T,-50128.0,-50128.0,-50128.0,-50128.0,0
20140217T,-50109.0,-50109.0,-50109.0,-50109.0,0
20140218T,-60099.0,-60099.0,-60099.0,-60099.0,0
20140219T,-67297.0,-67297.0,-67297.0,-67297.0,0
20140220T,-56989.0,-56989.0,-56989.0,-56989.0,0
20140221T,-63381.0,-63381.0,-63381.0,-63381.0,0
20140225T,-60561.0,-60561.0,-60561.0,-60561.0,0
20140226T,-54602.0,-54602.0,-54602.0,-54602.0,0
20140228T,-65689.0,-65689.0,-65689.0,-65689.0,0
20140303T,-62863.0,-62863.0,-62863.0,-62863.0,0
20140304T,-68893.0,-68893.0,-68893.0,-68893.0,0
20140305T,-82402.0,-82402.0,-82402.0,-82402.0,0
20140306T,-80027.0,-80027.0,-80027.0,-80027.0,0
20140307T,-96106.0,-96106.0,-96106.0,-96106.0,0
20140310T,-88182.0,-88182.0,-88182.0,-88182.0,0
20140311T,-85825.0,-85825.0,-85825.0,-85825.0,0
20140312T,-81089.0,-81089.0,-81089.0,-81089.0,0
20140313T,-88843.0,-88843.0,-88843.0,-88843.0,0
20140314T,-75620.0,-75620.0,-75620.0,-75620.0,0
20140318T,-80767.0,-80767.0,-80767.0,-80767.0,0
20140319T,-79512.0,-79512.0,-79512.0,-79512.0,0
20140320T,-79925.0,-79925.0,-79925.0,-79925.0,0
20140321T,-60764.0,-60764.0,-60764.0,-60764.0,0
20140324T,-62993.0,-62993.0,-62993.0,-62993.0,0
20140325T,-59464.0,-59464.0,-59464.0,-59464.0,0
20140326T,-66134.0,-66134.0,-66134.0,-66134.0,0
20140327T,-64497.0,-64497.0,-64497.0,-64497.0,0
20140328T,-72985.0,-72985.0,-72985.0,-72985.0,0
20140331T,-66511.0,-66511.0,-66511.0,-66511.0,0
20140401T,-74677.0,-74677.0,-74677.0,-74677.0,0
20140402T,-84251.0,-84251.0,-84251.0,-84251.0,0
20140403T,-82316.0,-82316.0,-82316.0,-82316.0,0
20140404T,-61624.0,-61624.0,-61624.0,-61624.0,0
20140407T,-58723.0,-58723.0,-58723.0,-58723.0,0
20140409T,-55403.0,-55403.0,-55403.0,-55403.0,0
20140410T,-44827.0,-44827.0,-44827.0,-44827.0,0
20140411T,-41893.0,-41893.0,-41893.0,-41893.0,0
20140415T,-34994.0,-34994.0,-34994.0,-34994.0,0
20140416T,-29582.0,-29582.0,-29582.0,-29582.0,0
20140417T,-28728.0,-28728.0,-28728.0,-28728.0,0
20140421T,-27437.0,-27437.0,-27437.0,-27437.0,0
20140422T,-41384.0,-41384.0,-41384.0,-41384.0,0
20140423T,-35738.0,-35738.0,-35738.0,-35738.0,0
20140425T,-35888.0,-35888.0,-35888.0,-35888.0,0
20140428T,-29017.0,-29017.0,-29017.0,-29017.0,0
20140429T,-26264.0,-26264.0,-26264.0,-26264.0,0
20140430T,-22007.0,-22007.0,-22007.0,-22007.0,0
20140502T,-21471.0,-21471.0,-21471.0,-21471.0,0
20140505T,-18581.0,-18581.0,-18581.0,-18581.0,0
20140506T,-9798.0,-9798.0,-9798.0,-9798.0,0
20140507T,267.0,267.0,267.0,267.0,0
20140508T,8191.0,8191.0,8191.0,8191.0,0
20140509T,14289.0,14289.0,14289.0,14289.0,0
20140512T,17461.0,17461.0,17461.0,17461.0,0
20140513T,-1680.0,-1680.0,-1680.0,-1680.0,0
20140514T,7955.0,7955.0,7955.0,7955.0,0
20140515T,1549.0,1549.0,1549.0,1549.0,0
20140516T,10943.0,10943.0,10943.0,10943.0,0
20140519T,733.0,733.0,733.0,733.0,0
20140520T,-1416.0,-1416.0,-1416.0,-1416.0,0
20140521T,11579.0,11579.0,11579.0,11579.0,0
20140522T,-2807.0,-2807.0,-2807.0,-2807.0,0
20140523T,-12200.0,-12200.0,-12200.0,-12200.0,0
20140526T,-19448.0,-19448.0,-19448.0,-19448.0,0
20140527T,-16421.0,-16421.0,-16421.0,-16421.0,0
20140528T,-24603.0,-24603.0,-24603.0,-24603.0,0
20140529T,3050.0,3050.0,3050.0,3050.0,0
20140530T,-3130.0,-3130.0,-3130.0,-3130.0,0
20140602T,-15280.0,-15280.0,-15280.0,-15280.0,0
20140603T,-27365.0,-27365.0,-27365.0,-27365.0,0
20140604T,-26221.0,-26221.0,-26221.0,-26221.0,0
20140605T,-30704.0,-30704.0,-30704.0,-30704.0,0
20140606T,-32304.0,-32304.0,-32304.0,-32304.0,0
20140609T,-49462.0,-49462.0,-49462.0,-49462.0,0
20140610T,-41742.0,-41742.0,-41742.0,-41742.0,0
20140611T,-43495.0,-43495.0,-43495.0,-43495.0,0
20140612T,-50151.0,-50151.0,-50151.0,-50151.0,0
20140613T,-28820.0,-28820.0,-28820.0,-28820.0,0
20140616T,-15973.0,-15973.0,-15973.0,-15973.0,0
20140617T,-13253.0,-13253.0,-13253.0,-13253.0,0
20140618T,-28221.0,-28221.0,-28221.0,-28221.0,0
20140619T,-21406.0,-21406.0,-21406.0,-21406.0,0
20140620T,-25346.0,-25346.0,-25346.0,-25346.0,0
20140623T,-15813.0,-15813.0,-15813.0,-15813.0,0
20140624T,-16596.0,-16596.0,-16596.0,-16596.0,0
20140625T,-16290.0,-16290.0,-16290.0,-16290.0,0
20140626T,-12449.0,-12449.0,-12449.0,-12449.0,0
20140627T,-19177.0,-19177.0,-19177.0,-19177.0,0
20140630T,-29705.0,-29705.0,-29705.0,-29705.0,0
20140701T,-35067.0,-35067.0,-35067.0,-35067.0,0
20140702T,-29862.0,-29862.0,-29862.0,-29862.0,0
20140703T,-25200.0,-25200.0,-25200.0,-25200.0,0
20140704T,-35776.0,-35776.0,-35776.0,-35776.0,0
20140707T,-41029.0,-41029.0,-41029.0,-41029.0,0
20140708T,-26158.0,-26158.0,-26158.0,-26158.0,0
20140709T,-26252.0,-26252.0,-26252.0,-26252.0,0
20140710T,-29751.0,-29751.0,-29751.0,-29751.0,0
20140711T,-23494.0,-23494.0,-23494.0,-23494.0,0
20140714T,-21150.0,-21150.0,-21150.0,-21150.0,0
20140715T,-27556.0,-27556.0,-27556.0,-27556.0,0
20140716T,-35624.0,-35624.0,-35624.0,-35624.0,0
20140718T,-46145.0,-46145.0,-46145.0,-46145.0,0
20140721T,-49754.0,-49754.0,-49754.0,-49754.0,0
20140722T,-63175.0,-63175.0,-63175.0,-63175.0,0
20140723T,-57272.0,-57272.0,-57272.0,-57272.0,0
20140724T,-58904.0,-58904.0,-58904.0,-58904.0,0
20140725T,-46915.0,-46915.0,-46915.0,-46915.0,0
20140728T,-38782.0,-38782.0,-38782.0,-38782.0,0
20140730T,-23063.0,-23063.0,-23063.0,-23063.0,0
20140731T,-20315.0,-20315.0,-20315.0,-20315.0,0
20140801T,-27907.0,-27907.0,-27907.0,-27907.0,0
20140804T,-25363.0,-25363.0,-25363.0,-25363.0,0
20140805T,-31077.0,-31077.0,-31077.0,-31077.0,0
20140806T,-38601.0,-38601.0,-38601.0,-38601.0,0
20140807T,-41196.0,-41196.0,-41196.0,-41196.0,0
20140808T,-15537.0,-15537.0,-15537.0,-15537.0,0
20140811T,-23929.0,-23929.0,-23929.0,-23929.0,0
20140812T,-37105.0,-37105.0,-37105.0,-37105.0,0
20140813T,-50611.0,-50611.0,-50611.0,-50611.0,0
20140814T,-55968.0,-55968.0,-55968.0,-55968.0,0
20140818T,-59825.0,-59825.0,-59825.0,-59825.0,0
20140819T,-61047.0,-61047.0,-61047.0,-61047.0,0
20140820T,-65488.0,-65488.0,-65488.0,-65488.0,0
20140821T,-69110.0,-69110.0,-69110.0,-69110.0,0
20140822T,-68638.0,-68638.0,-68638.0,-68638.0,0
20140825T,-60433.0,-60433.0,-60433.0,-60433.0,0
20140826T,-64305.0,-64305.0,-64305.0,-64305.0,0
20140827T,-68355.0,-68355.0,-68355.0,-68355.0,0
20140828T,-55837.0,-55837.0,-55837.0,-55837.0,0
20140901T,-54293.0,-54293.0,-54293.0,-54293.0,0
20140902T,-56586.0,-56586.0,-56586.0,-56586.0,0
20140903T,-67429.0,-67429.0,-67429.0,-67429.0,0
20140904T,-57975.0,-57975.0,-57975.0,-57975.0,0
20140905T,-55232.0,-55232.0,-55232.0,-55232.0,0
20140908T,-61081.0,-61081.0,-61081.0,-61081.0,0
20140909T,-57512.0,-57512.0,-57512.0,-57512.0,0
20140910T,-42495.0,-42495.0,-42495.0,-42495.0,0
20140911T,-47998.0,-47998.0,-47998.0,-47998.0,0
20140912T,-41162.0,-41162.0,-41162.0,-41162.0,0
20140915T,-31076.0,-31076.0,-31076.0,-31076.0,0
20140916T,-30439.0,-30439.0,-30439.0,-30439.0,0
20140917T,-27239.0,-27239.0,-27239.0,-27239.0,0
20140918T,-22877.0,-22877.0,-22877.0,-22877.0,0
20140919T,-24341.0,-24341.0,-24341.0,-24341.0,0
20140922T,-23139.0,-23139.0,-23139.0,-23139.0,0
20140923T,-8290.0,-8290.0,-8290.0,-8290.0,0
20140924T,-8759.0,-8759.0,-8759.0,-8759.0,0
20140925T,753.0,753.0,753.0,753.0,0
20140926T,-1905.0,-1905.0,-1905.0,-1905.0,0
20140929T,-10065.0,-10065.0,-10065.0,-10065.0,0
20140930T,-19457.0,-19457.0,-19457.0,-19457.0,0
20141001T,-19238.0,-19238.0,-19238.0,-19238.0,0
20141007T,-28115.0,-28115.0,-28115.0,-28115.0,0
20141008T,-9840.0,-9840.0,-9840.0,-9840.0,0
20141009T,-15398.0,-15398.0,-15398.0,-15398.0,0
20141010T,-10353.0,-10353.0,-10353.0,-10353.0,0
20141013T,-5095.0,-5095.0,-5095.0,-5095.0,0
20141014T,-559.0,-559.0,-559.0,-559.0,0
20141016T,8843.0,8843.0,8843.0,8843.0,0
20141017T,7834.0,7834.0,7834.0,7834.0,0
20141020T,1805.0,1805.0,1805.0,1805.0,0
20141021T,8095.0,8095.0,8095.0,8095.0,0
20141022T,-4401.0,-4401.0,-4401.0,-4401.0,0
20141023T,-293.0,-293.0,-293.0,-293.0,0
20141027T,1436.0,1436.0,1436.0,1436.0,0
20141028T,370.0,370.0,370.0,370.0,0
20141029T,-18008.0,-18008.0,-18008.0,-18008.0,0
20141030T,-25683.0,-25683.0,-25683.0,-25683.0,0
20141031T,-38984.0,-38984.0,-38984.0,-38984.0,0
20141103T,-27270.0,-27270.0,-27270.0,-27270.0,0
20141105T,-22328.0,-22328.0,-22328.0,-22328.0,0
20141107T,-36223.0,-36223.0,-36223.0,-36223.0,0
20141110T,-32557.0,-32557.0,-32557.0,-32557.0,0
20141111T,-39161.0,-39161.0,-39161.0,-39161.0,0
20141112T,-35600.0,-35600.0,-35600.0,-35600.0,0
20141113T,-31638.0,-31638.0,-31638.0,-31638.0,0
20141114T,-39541.0,-39541.0,-39541.0,-39541.0,0
20141117T,-33932.0,-33932.0,-33932.0,-33932.0,0
20141118T,-26405.0,-26405.0,-26405.0,-26405.0,0
20141119T,-16793.0,-16793.0,-16793.0,-16793.0,0
20141120T,-20789.0,-20789.0,-20789.0,-20789.0,0
20141121T,-31413.0,-31413.0,-31413.0,-31413.0,0
20141124T,-28371.0,-28371.0,-28371.0,-28371.0,0
20141125T,15722.0,15722.0,15722.0,15722.0,0
20141126T,27106.0,27106.0,27106.0,27106.0,0
20141127T,-11380.0,-11380.0,-11380.0,-11380.0,0
20141128T,-23624.0,-23624.0,-23624.0,-23624.0,0
20141201T,-27876.0,-27876.0,-27876.0,-27876.0,0
20141202T,-10586.0,-10586.0,-10586.0,-10586.0,0
20141203T,-7522.0,-7522.0,-7522.0,-7522.0,0
20141204T,-3641.0,-3641.0,-3641.0,-3641.0,0
20141205T,2131.0,2131.0,2131.0,2131.0,0
20141208T,23164.0,23164.0,23164.0,23164.0,0
20141209T,28425.0,28425.0,28425.0,28425.0,0
20141210T,45266.0,45266.0,45266.0,45266.0,0
20141211T,42152.0,42152.0,42152.0,42152.0,0
20141212T,41032.0,41032.0,41032.0,41032.0,0
20141215T,42718.0,42718.0,42718.0,42718.0,0
20141216T,46315.0,46315.0,46315.0,46315.0,0
20141217T,70135.0,70135.0,70135.0,70135.0,0
20141218T,71678.0,71678.0,71678.0,71678.0,0
20141219T,85033.0,85033.0,85033.0,85033.0,0
20141222T,75150.0,75150.0,75150.0,75150.0,0
20141223T,29364.0,29364.0,29364.0,29364.0,0
20141224T,74930.0,74930.0,74930.0,74930.0,0
20141226T,54138.0,54138.0,54138.0,54138.0,0
20141229T,49043.0,49043.0,49043.0,49043.0,0
20141230T,39267.0,39267.0,39267.0,39267.0,0
20141231T,15613.0,15613.0,15613.0,15613.0,0
20150101T,10360.0,10360.0,10360.0,10360.0,0
20150102T,3354.0,3354.0,3354.0,3354.0,0
20150105T,1729.0,1729.0,1729.0,1729.0,0
20150106T,3051.0,3051.0,3051.0,3051.0,0
20150107T,2402.0,2402.0,2402.0,2402.0,0
20150108T,1285.0,1285.0,1285.0,1285.0,0
20150109T,-8598.0,-8598.0,-8598.0,-8598.0,0
20150112T,-10514.0,-10514.0,-10514.0,-10514.0,0
20150113T,-30209.0,-30209.0,-30209.0,-30209.0,0
20150114T,-16697.0,-16697.0,-16697.0,-16697.0,0
20150115T,-31614.0,-31614.0,-31614.0,-31614.0,0
20150116T,-38399.0,-38399.0,-38399.0,-38399.0,0
20150119T,-56804.0,-56804.0,-56804.0,-56804.0,0
20150120T,-62655.0,-62655.0,-62655.0,-62655.0,0
20150121T,-65041.0,-65041.0,-65041.0,-65041.0,0
20150122T,-62718.0,-62718.0,-62718.0,-62718.0,0
20150123T,-76390.0,-76390.0,-76390.0,-76390.0,0
20150127T,-70840.0,-70840.0,-70840.0,-70840.0,0
20150128T,7520.0,7520.0,7520.0,7520.0,0
20150129T,-41319.0,-41319.0,-41319.0,-41319.0,0
20150130T,-43788.0,-43788.0,-43788.0,-43788.0,0
20150202T,-31253.0,-31253.0,-31253.0,-31253.0,0
20150203T,-19186.0,-19186.0,-19186.0,-19186.0,0
20150204T,-15647.0,-15647.0,-15647.0,-15647.0,0
20150205T,-1924.0,-1924.0,-1924.0,-1924.0,0
20150206T,14044.0,14044.0,14044.0,14044.0,0
20150209T,26588.0,26588.0,26588.0,26588.0,0
20150210T,39381.0,39381.0,39381.0,39381.0,0
20150211T,41023.0,41023.0,41023.0,41023.0,0
20150212T,56893.0,56893.0,56893.0,56893.0,0
20150213T,54779.0,54779.0,54779.0,54779.0,0
20150216T,68405.0,68405.0,68405.0,68405.0,0
20150218T,60217.0,60217.0,60217.0,60217.0,0
20150219T,85682.0,85682.0,85682.0,85682.0,0
20150220T,89449.0,89449.0,89449.0,89449.0,0
20150223T,66487.0,66487.0,66487.0,66487.0,0
20150224T,66790.0,66790.0,66790.0,66790.0,0
20150225T,68937.0,68937.0,68937.0,68937.0,0
20150226T,40819.0,40819.0,40819.0,40819.0,0
20150227T,28227.0,28227.0,28227.0,28227.0,0
20150302T,12282.0,12282.0,12282.0,12282.0,0
20150303T,-10132.0,-10132.0,-10132.0,-10132.0,0
20150304T,-27666.0,-27666.0,-27666.0,-27666.0,0
20150305T,-18487.0,-18487.0,-18487.0,-18487.0,0
20150309T,-20542.0,-20542.0,-20542.0,-20542.0,0
20150310T,-20679.0,-20679.0,-20679.0,-20679.0,0
20150311T,-15473.0,-15473.0,-15473.0,-15473.0,0
20150312T,-12025.0,-12025.0,-12025.0,-12025.0,0
20150313T,-24734.0,-24734.0,-24734.0,-24734.0,0
20150316T,-18721.0,-18721.0,-18721.0,-18721.0,0
20150317T,-14055.0,-14055.0,-14055.0,-14055.0,0
20150318T,-10699.0,-10699.0,-10699.0,-10699.0,0
20150319T,-44257.0,-44257.0,-44257.0,-44257.0,0
20150320T,-12281.0,-12281.0,-12281.0,-12281.0,0
20150323T,3819.0,3819.0,3819.0,3819.0,0
20150324T,6957.0,6957.0,6957.0,6957.0,0
20150325T,23442.0,23442.0,23442.0,23442.0,0
20150326T,68996.0,68996.0,68996.0,68996.0,0
20150327T,38081.0,38081.0,38081.0,38081.0,0
20150330T,21776.0,21776.0,21776.0,21776.0,0
20150331T,-793.0,-793.0,-793.0,-793.0,0
20150401T,2298.0,2298.0,2298.0,2298.0,0
20150406T,-4200.0,-4200.0,-4200.0,-4200.0,0
20150407T,-1878.0,-1878.0,-1878.0,-1878.0,0
20150408T,-12682.0,-12682.0,-12682.0,-12682.0,0
20150409T,-24511.0,-24511.0,-24511.0,-24511.0,0
20150410T,-19356.0,-19356.0,-19356.0,-19356.0,0
20150413T,-19037.0,-19037.0,-19037.0,-19037.0,0
20150415T,-42635.0,-42635.0,-42635.0,-42635.0,0
20150416T,-27926.0,-27926.0,-27926.0,-27926.0,0
20150417T,-11335.0,-11335.0,-11335.0,-11335.0,0
20150420T,-1362.0,-1362.0,-1362.0,-1362.0,0
20150421T,-13950.0,-13950.0,-13950.0,-13950.0,0
20150422T,3350.0,3350.0,3350.0,3350.0,0
20150423T,-3460.0,-3460.0,-3460.0,-3460.0,0
20150424T,-4120.0,-4120.0,-4120.0,-4120.0,0
20150427T,5741.0,5741.0,5741.0,5741.0,0
20150428T,26521.0,26521.0,26521.0,26521.0,0
20150429T,5876.0,5876.0,5876.0,5876.0,0
20150430T,93693.0,93693.0,93693.0,93693.0,0
20150504T,82231.0,82231.0,82231.0,82231.0,0
20150505T,65654.0,65654.0,65654.0,65654.0,0
20150506T,33339.0,33339.0,33339.0,33339.0,0
20150507T,31543.0,31543.0,31543.0,31543.0,0
20150508T,29360.0,29360.0,29360.0,29360.0,0
20150511T,22505.0,22505.0,22505.0,22505.0,0
20150512T,-44406.0,-44406.0,-44406.0,-44406.0,0
20150513T,-25538.0,-25538.0,-25538.0,-25538.0,0
20150514T,-13817.0,-13817.0,-13817.0,-13817.0,0
20150515T,-20819.0,-20819.0,-20819.0,-20819.0,0
20150518T,-10334.0,-10334.0,-10334.0,-10334.0,0
20150519T,-22266.0,-22266.0,-22266.0,-22266.0,0
20150520T,-7460.0,-7460.0,-7460.0,-7460.0,0
20150521T,8132.0,8132.0,8132.0,8132.0,0
20150522T,14953.0,14953.0,14953.0,14953.0,0
20150525T,32055.0,32055.0,32055.0,32055.0,0
20150526T,26002.0,26002.0,26002.0,26002.0,0
20150527T,40925.0,40925.0,40925.0,40925.0,0
20150528T,39176.0,39176.0,39176.0,39176.0,0
20150529T,31903.0,31903.0,31903.0,31903.0,0
20150601T,31472.0,31472.0,31472.0,31472.0,0
20150602T,28313.0,28313.0,28313.0,28313.0,0
20150603T,28169.0,28169.0,28169.0,28169.0,0
20150604T,12951.0,12951.0,12951.0,12951.0,0
20150605T,6655.0,6655.0,6655.0,6655.0,0
20150608T,2876.0,2876.0,2876.0,2876.0,0
20150609T,-6908.0,-6908.0,-6908.0,-6908.0,0
20150610T,-17636.0,-17636.0,-17636.0,-17636.0,0
20150611T,-33170.0,-33170.0,-33170.0,-33170.0,0
20150612T,-41140.0,-41140.0,-41140.0,-41140.0,0
20150615T,-34955.0,-34955.0,-34955.0,-34955.0,0
20150616T,-27411.0,-27411.0,-27411.0,-27411.0,0
20150617T,-38762.0,-38762.0,-38762.0,-38762.0,0
20150618T,-19990.0,-19990.0,-19990.0,-19990.0,0
20150619T,18350.0,18350.0,18350.0,18350.0,0
20150622T,29200.0,29200.0,29200.0,29200.0,0
20150623T,10435.0,10435.0,10435.0,10435.0,0
20150624T,3630.0,3630.0,3630.0,3630.0,0
20150625T,-8143.0,-8143.0,-8143.0,-8143.0,0
20150626T,-6171.0,-6171.0,-6171.0,-6171.0,0
20150629T,-18261.0,-18261.0,-18261.0,-18261.0,0
20150630T,-23512.0,-23512.0,-23512.0,-23512.0,0
20150701T,-27996.0,-27996.0,-27996.0,-27996.0,0
20150702T,-36180.0,-36180.0,-36180.0,-36180.0,0
20150703T,-41280.0,-41280.0,-41280.0,-41280.0,0
20150706T,-23572.0,-23572.0,-23572.0,-23572.0,0
20150707T,-56528.0,-56528.0,-56528.0,-56528.0,0
20150708T,-51147.0,-51147.0,-51147.0,-51147.0,0
20150709T,-15325.0,-15325.0,-15325.0,-15325.0,0
20150710T,1378.0,1378.0,1378.0,1378.0,0
20150713T,15399.0,15399.0,15399.0,15399.0,0
20150714T,1114.0,1114.0,1114.0,1114.0,0
20150715T,-7336.0,-7336.0,-7336.0,-7336.0,0
20150716T,-30955.0,-30955.0,-30955.0,-30955.0,0
20150717T,-32919.0,-32919.0,-32919.0,-32919.0,0
20150720T,-23249.0,-23249.0,-23249.0,-23249.0,0
20150721T,-48267.0,-48267.0,-48267.0,-48267.0,0
20150722T,-10654.0,-10654.0,-10654.0,-10654.0,0
20150723T,-10351.0,-10351.0,-10351.0,-10351.0,0
20150724T,-10172.0,-10172.0,-10172.0,-10172.0,0
20150727T,16261.0,16261.0,16261.0,16261.0,0
20150728T,32947.0,32947.0,32947.0,32947.0,0
20150729T,44208.0,44208.0,44208.0,44208.0,0
20150730T,23507.0,23507.0,23507.0,23507.0,0
20150731T,-688.0,-688.0,-688.0,-688.0,0
20150803T,-719.0,-719.0,-719.0,-719.0,0
20150804T,-4879.0,-4879.0,-4879.0,-4879.0,0
20150805T,-25570.0,-25570.0,-25570.0,-25570.0,0
20150806T,-39382.0,-39382.0,-39382.0,-39382.0,0
20150807T,-45105.0,-45105.0,-45105.0,-45105.0,0
20150810T,-50111.0,-50111.0,-50111.0,-50111.0,0
20150811T,-38669.0,-38669.0,-38669.0,-38669.0,0
20150812T,-26607.0,-26607.0,-26607.0,-26607.0,0
20150813T,-28024.0,-28024.0,-28024.0,-28024.0,0
20150814T,-18806.0,-18806.0,-18806.0,-18806.0,0
20150817T,-5457.0,-5457.0,-5457.0,-5457.0,0
20150818T,-17329.0,-17329.0,-17329.0,-17329.0,0
20150819T,-26287.0,-26287.0,-26287.0,-26287.0,0
20150820T,-15009.0,-15009.0,-15009.0,-15009.0,0
20150821T,24558.0,24558.0,24558.0,24558.0,0
20150824T,-43831.0,-43831.0,-43831.0,-43831.0,0
20150825T,-44905.0,-44905.0,-44905.0,-44905.0,0
20150826T,-49630.0,-49630.0,-49630.0,-49630.0,0
20150827T,25924.0,25924.0,25924.0,25924.0,0
20150828T,-38799.0,-38799.0,-38799.0,-38799.0,0
20150831T,-47592.0,-47592.0,-47592.0,-47592.0,0
20150901T,-63914.0,-63914.0,-63914.0,-63914.0,0
20150902T,-56486.0,-56486.0,-56486.0,-56486.0,0
20150903T,-70811.0,-70811.0,-70811.0,-70811.0,0
20150904T,-94436.0,-94436.0,-94436.0,-94436.0,0
20150907T,-70717.0,-70717.0,-70717.0,-70717.0,0
20150908T,-75177.0,-75177.0,-75177.0,-75177.0,0
20150909T,-86920.0,-86920.0,-86920.0,-86920.0,0
20150910T,-102187.0,-102187.0,-102187.0,-102187.0,0
20150911T,-104723.0,-104723.0,-104723.0,-104723.0,0
20150914T,-97248.0,-97248.0,-97248.0,-97248.0,0
20150915T,-105169.0,-105169.0,-105169.0,-105169.0,0
20150916T,-95622.0,-95622.0,-95622.0,-95622.0,0
20150918T,-88497.0,-88497.0,-88497.0,-88497.0,0
20150921T,-70802.0,-70802.0,-70802.0,-70802.0,0
20150922T,-104822.0,-104822.0,-104822.0,-104822.0,0
20150923T,-91389.0,-91389.0,-91389.0,-91389.0,0
20150924T,-37790.0,-37790.0,-37790.0,-37790.0,0
20150928T,-48928.0,-48928.0,-48928.0,-48928.0,0
20150929T,-66411.0,-66411.0,-66411.0,-66411.0,0
20150930T,-28956.0,-28956.0,-28956.0,-28956.0,0
20151001T,-30755.0,-30755.0,-30755.0,-30755.0,0
20151005T,-33868.0,-33868.0,-33868.0,-33868.0,0
20151006T,-38719.0,-38719.0,-38719.0,-38719.0,0
20151007T,-47210.0,-47210.0,-47210.0,-47210.0,0
20151008T,-45630.0,-45630.0,-45630.0,-45630.0,0
20151009T,-52511.0,-52511.0,-52511.0,-52511.0,0
20151012T,-70991.0,-70991.0,-70991.0,-70991.0,0
20151013T,-62845.0,-62845.0,-62845.0,-62845.0,0
20151014T,-34476.0,-34476.0,-34476.0,-34476.0,0
20151015T,-17757.0,-17757.0,-17757.0,-17757.0,0
20151016T,19565.0,19565.0,19565.0,19565.0,0
20151019T,-11575.0,-11575.0,-11575.0,-11575.0,0
20151020T,-17121.0,-17121.0,-17121.0,-17121.0,0
20151021T,-11866.0,-11866.0,-11866.0,-11866.0,0
20151023T,-14991.0,-14991.0,-14991.0,-14991.0,0
20151026T,-19598.0,-19598.0,-19598.0,-19598.0,0
20151027T,-8627.0,-8627.0,-8627.0,-8627.0,0
20151028T,13161.0,13161.0,13161.0,13161.0,0
20151029T,-3396.0,-3396.0,-3396.0,-3396.0,0
20151030T,-18673.0,-18673.0,-18673.0,-18673.0,0
20151102T,-23773.0,-23773.0,-23773.0,-23773.0,0
20151103T,-30361.0,-30361.0,-30361.0,-30361.0,0
20151104T,-20720.0,-20720.0,-20720.0,-20720.0,0
20151105T,-9269.0,-9269.0,-9269.0,-9269.0,0
20151106T,-1725.0,-1725.0,-1725.0,-1725.0,0
20151109T,-5494.0,-5494.0,-5494.0,-5494.0,0
20151110T,-9032.0,-9032.0,-9032.0,-9032.0,0
20151111T,-12174.0,-12174.0,-12174.0,-12174.0,0
20151113T,-7140.0,-7140.0,-7140.0,-7140.0,0
20151116T,-4082.0,-4082.0,-4082.0,-4082.0,0
20151117T,-929.0,-929.0,-929.0,-929.0,0
20151118T,-4100.0,-4100.0,-4100.0,-4100.0,0
20151119T,2690.0,2690.0,2690.0,2690.0,0
20151120T,4415.0,4415.0,4415.0,4415.0,0
20151123T,481.0,481.0,481.0,481.0,0
20151124T,-3188.0,-3188.0,-3188.0,-3188.0,0
20151126T,13386.0,13386.0,13386.0,13386.0,0
20151127T,8017.0,8017.0,8017.0,8017.0,0
20151130T,3505.0,3505.0,3505.0,3505.0,0
20151201T,7234.0,7234.0,7234.0,7234.0,0
20151202T,8409.0,8409.0,8409.0,8409.0,0
20151203T,7435.0,7435.0,7435.0,7435.0,0
20151204T,4721.0,4721.0,4721.0,4721.0,0
20151207T,7238.0,7238.0,7238.0,7238.0,0
20151208T,-278.0,-278.0,-278.0,-278.0,0
20151209T,-8368.0,-8368.0,-8368.0,-8368.0,0
20151210T,-3833.0,-3833.0,-3833.0,-3833.0,0
20151211T,-4985.0,-4985.0,-4985.0,-4985.0,0
20151214T,-3432.0,-3432.0,-3432.0,-3432.0,0
20151215T,-4469.0,-4469.0,-4469.0,-4469.0,0
20151216T,81.0,81.0,81.0,81.0,0
20151217T,10370.0,10370.0,10370.0,10370.0,0
20151218T,12835.0,12835.0,12835.0,12835.0,0
20151221T,12650.0,12650.0,12650.0,12650.0,0
20151222T,8664.0,8664.0,8664.0,8664.0,0
20151223T,10732.0,10732.0,10732.0,10732.0,0
20151224T,10616.0,10616.0,10616.0,10616.0,0
20151228T,8292.0,8292.0,8292.0,8292.0,0
20151229T,8222.0,8222.0,8222.0,8222.0,0
20151230T,12437.0,12437.0,12437.0,12437.0,0
20151231T,17128.0,17128.0,17128.0,17128.0,0
20160101T,19167.0,19167.0,19167.0,19167.0,0
20160104T,10417.0,10417.0,10417.0,10417.0,0
20160105T,2655.0,2655.0,2655.0,2655.0,0
20160106T,-790.0,-790.0,-790.0,-790.0,0
20160107T,-1962.0,-1962.0,-1962.0,-1962.0,0
20160108T,-6029.0,-6029.0,-6029.0,-6029.0,0
20160111T,-1751.0,-1751.0,-1751.0,-1751.0,0
20160112T,-1438.0,-1438.0,-1438.0,-1438.0,0
20160113T,-10792.0,-10792.0,-10792.0,-10792.0,0
20160114T,-14330.0,-14330.0,-14330.0,-14330.0,0
20160115T,-24047.0,-24047.0,-24047.0,-24047.0,0
20160118T,-14569.0,-14569.0,-14569.0,-14569.0,0
20160119T,-16288.0,-16288.0,-16288.0,-16288.0,0
20160120T,-30268.0,-30268.0,-30268.0,-30268.0,0
20160121T,-26921.0,-26921.0,-26921.0,-26921.0,0
20160122T,-25134.0,-25134.0,-25134.0,-25134.0,0
20160125T,-16576.0,-16576.0,-16576.0,-16576.0,0
20160127T,-7027.0,-7027.0,-7027.0,-7027.0,0
20160128T,26262.0,26262.0,26262.0,26262.0,0
20160129T,9023.0,9023.0,9023.0,9023.0,0
20160201T,-60.0,-60.0,-60.0,-60.0,0
20160202T,-410.0,-410.0,-410.0,-410.0,0
20160203T,2486.0,2486.0,2486.0,2486.0,0
20160204T,-2559.0,-2559.0,-2559.0,-2559.0,0
20160205T,5976.0,5976.0,5976.0,5976.0,0
20160208T,4862.0,4862.0,4862.0,4862.0,0
20160209T,177.0,177.0,177.0,177.0,0
20160211T,-31313.0,-31313.0,-31313.0,-31313.0,0
20160212T,-38658.0,-38658.0,-38658.0,-38658.0,0
20160215T,-46357.0,-46357.0,-46357.0,-46357.0,0
20160216T,-58757.0,-58757.0,-58757.0,-58757.0,0
20160217T,-46850.0,-46850.0,-46850.0,-46850.0,0
20160218T,-52706.0,-52706.0,-52706.0,-52706.0,0
20160219T,-36353.0,-36353.0,-36353.0,-36353.0,0
20160222T,-31357.0,-31357.0,-31357.0,-31357.0,0
20160223T,-41117.0,-41117.0,-41117.0,-41117.0,0
20160224T,-34912.0,-34912.0,-34912.0,-34912.0,0
20160225T,15492.0,15492.0,15492.0,15492.0,0
20160226T,12660.0,12660.0,12660.0,12660.0,0
20160229T,12639.0,12639.0,12639.0,12639.0,0
20160301T,12143.0,12143.0,12143.0,12143.0,0
20160302T,-5993.0,-5993.0,-5993.0,-5993.0,0
20160303T,-6059.0,-6059.0,-6059.0,-6059.0,0
20160304T,-9799.0,-9799.0,-9799.0,-9799.0,0
20160308T,-11266.0,-11266.0,-11266.0,-11266.0,0
20160309T,3655.0,3655.0,3655.0,3655.0,0
20160310T,3303.0,3303.0,3303.0,3303.0,0
20160311T,-583.0,-583.0,-583.0,-583.0,0
20160314T,-5384.0,-5384.0,-5384.0,-5384.0,0
20160315T,-117.0,-117.0,-117.0,-117.0,0
20160316T,-379.0,-379.0,-379.0,-379.0,0
20160317T,-8698.0,-8698.0,-8698.0,-8698.0,0
20160318T,-15515.0,-15515.0,-15515.0,-15515.0,0
20160321T,-17950.0,-17950.0,-17950.0,-17950.0,0
20160322T,-9975.0,-9975.0,-9975.0,-9975.0,0
20160323T,-15640.0,-15640.0,-15640.0,-15640.0,0
20160328T,-19461.0,-19461.0,-19461.0,-19461.0,0
20160329T,-17186.0,-17186.0,-17186.0,-17186.0,0
20160330T,-16138.0,-16138.0,-16138.0,-16138.0,0
20160331T,-33181.0,-33181.0,-33181.0,-33181.0,0
20160401T,-35078.0,-35078.0,-35078.0,-35078.0,0
20160404T,-35548.0,-35548.0,-35548.0,-35548.0,0
20160405T,-37986.0,-37986.0,-37986.0,-37986.0,0
20160406T,-40561.0,-40561.0,-40561.0,-40561.0,0
20160407T,-27430.0,-27430.0,-27430.0,-27430.0,0
20160408T,-21724.0,-21724.0,-21724.0,-21724.0,0
20160411T,-25087.0,-25087.0,-25087.0,-25087.0,0
20160412T,-23414.0,-23414.0,-23414.0,-23414.0,0
20160413T,-19129.0,-19129.0,-19129.0,-19129.0,0
20160418T,-27576.0,-27576.0,-27576.0,-27576.0,0
20160420T,-26626.0,-26626.0,-26626.0,-26626.0,0
20160421T,-22462.0,-22462.0,-22462.0,-22462.0,0
20160422T,-22510.0,-22510.0,-22510.0,-22510.0,0
20160425T,-21951.0,-21951.0,-21951.0,-21951.0,0
20160426T,-19532.0,-19532.0,-19532.0,-19532.0,0
20160427T,-18277.0,-18277.0,-18277.0,-18277.0,0
20160428T,-28634.0,-28634.0,-28634.0,-28634.0,0
20160429T,-27850.0,-27850.0,-27850.0,-27850.0,0
20160502T,-26325.0,-26325.0,-26325.0,-26325.0,0
20160503T,-20650.0,-20650.0,-20650.0,-20650.0,0
20160504T,-15868.0,-15868.0,-15868.0,-15868.0,0
20160505T,-11313.0,-11313.0,-11313.0,-11313.0,0
20160506T,-10445.0,-10445.0,-10445.0,-10445.0,0
20160509T,-8242.0,-8242.0,-8242.0,-8242.0,0
20160510T,-2085.0,-2085.0,-2085.0,-2085.0,0
20160511T,-4886.0,-4886.0,-4886.0,-4886.0,0
20160512T,-10337.0,-10337.0,-10337.0,-10337.0,0
20160513T,-10441.0,-10441.0,-10441.0,-10441.0,0
20160516T,-11780.0,-11780.0,-11780.0,-11780.0,0
20160517T,-16066.0,-16066.0,-16066.0,-16066.0,0
20160518T,-6356.0,-6356.0,-6356.0,-6356.0,0
20160519T,-2168.0,-2168.0,-2168.0,-2168.0,0
20160520T,-4266.0,-4266.0,-4266.0,-4266.0,0
20160523T,-3955.0,-3955.0,-3955.0,-3955.0,0
20160524T,-123.0,-123.0,-123.0,-123.0,0
20160525T,-14892.0,-14892.0,-14892.0,-14892.0,0
20160526T,-30350.0,-30350.0,-30350.0,-30350.0,0
20160527T,-43947.0,-43947.0,-43947.0,-43947.0,0
20160530T,-44813.0,-44813.0,-44813.0,-44813.0,0
20160531T,-47069.0,-47069.0,-47069.0,-47069.0,0
20160601T,-50490.0,-50490.0,-50490.0,-50490.0,0
20160602T,-51218.0,-51218.0,-51218.0,-51218.0,0
20160603T,-51284.0,-51284.0,-51284.0,-51284.0,0
20160606T,-50611.0,-50611.0,-50611.0,-50611.0,0
20160607T,-46662.0,-46662.0,-46662.0,-46662.0,0
20160608T,-43857.0,-43857.0,-43857.0,-43857.0,0
20160609T,-39654.0,-39654.0,-39654.0,-39654.0,0
20160610T,-36479.0,-36479.0,-36479.0,-36479.0,0
20160613T,-29886.0,-29886.0,-29886.0,-29886.0,0
20160614T,-22872.0,-22872.0,-22872.0,-22872.0,0
20160615T,-21835.0,-21835.0,-21835.0,-21835.0,0
20160616T,-26373.0,-26373.0,-26373.0,-26373.0,0
20160617T,-24265.0,-24265.0,-24265.0,-24265.0,0
20160620T,-14651.0,-14651.0,-14651.0,-14651.0,0
20160621T,-17116.0,-17116.0,-17116.0,-17116.0,0
20160622T,-13772.0,-13772.0,-13772.0,-13772.0,0
20160623T,-10024.0,-10024.0,-10024.0,-10024.0,0
20160624T,-491.0,-491.0,-491.0,-491.0,0
20160627T,1597.0,1597.0,1597.0,1597.0,0
20160628T,1761.0,1761.0,1761.0,1761.0,0
20160629T,-1834.0,-1834.0,-1834.0,-1834.0,0
20160630T,-30245.0,-30245.0,-30245.0,-30245.0,0
20160701T,-34087.0,-34087.0,-34087.0,-34087.0,0
20160704T,-38720.0,-38720.0,-38720.0,-38720.0,0
20160705T,-40637.0,-40637.0,-40637.0,-40637.0,0
20160707T,-40146.0,-40146.0,-40146.0,-40146.0,0
20160708T,-40981.0,-40981.0,-40981.0,-40981.0,0
20160711T,-43469.0,-43469.0,-43469.0,-43469.0,0
20160712T,-46352.0,-46352.0,-46352.0,-46352.0,0
20160713T,-49276.0,-49276.0,-49276.0,-49276.0,0
20160714T,-47345.0,-47345.0,-47345.0,-47345.0,0
20160715T,-48150.0,-48150.0,-48150.0,-48150.0,0
20160718T,-47773.0,-47773.0,-47773.0,-47773.0,0
20160719T,-47532.0,-47532.0,-47532.0,-47532.0,0
20160720T,-44247.0,-44247.0,-44247.0,-44247.0,0
20160721T,-47718.0,-47718.0,-47718.0,-47718.0,0
20160722T,-50889.0,-50889.0,-50889.0,-50889.0,0
20160725T,-45696.0,-45696.0,-45696.0,-45696.0,0
20160726T,-42992.0,-42992.0,-42992.0,-42992.0,0
20160727T,-37506.0,-37506.0,-37506.0,-37506.0,0
20160728T,-34893.0,-34893.0,-34893.0,-34893.0,0
20160729T,-34813.0,-34813.0,-34813.0,-34813.0,0
20160801T,-36611.0,-36611.0,-36611.0,-36611.0,0
20160802T,-35755.0,-35755.0,-35755.0,-35755.0,0
20160803T,-30714.0,-30714.0,-30714.0,-30714.0,0
20160804T,-35645.0,-35645.0,-35645.0,-35645.0,0
20160805T,-41044.0,-41044.0,-41044.0,-41044.0,0
20160808T,-39227.0,-39227.0,-39227.0,-39227.0,0
20160809T,-39526.0,-39526.0,-39526.0,-39526.0,0
20160810T,-37136.0,-37136.0,-37136.0,-37136.0,0
20160811T,-34902.0,-34902.0,-34902.0,-34902.0,0
20160812T,-36620.0,-36620.0,-36620.0,-36620.0,0
20160816T,-32452.0,-32452.0,-32452.0,-32452.0,0
20160817T,-36502.0,-36502.0,-36502.0,-36502.0,0
20160818T,-34925.0,-34925.0,-34925.0,-34925.0,0
20160819T,-38080.0,-38080.0,-38080.0,-38080.0,0
20160822T,-32048.0,-32048.0,-32048.0,-32048.0,0
20160823T,-28058.0,-28058.0,-28058.0,-28058.0,0
20160824T,-33045.0,-33045.0,-33045.0,-33045.0,0
20160825T,-33519.0,-33519.0,-33519.0,-33519.0,0
20160826T,-39024.0,-39024.0,-39024.0,-39024.0,0
20160829T,-48117.0,-48117.0,-48117.0,-48117.0,0
20160830T,-53599.0,-53599.0,-53599.0,-53599.0,0
20160831T,-59151.0,-59151.0,-59151.0,-59151.0,0
20160901T,-59962.0,-59962.0,-59962.0,-59962.0,0
20160902T,-61209.0,-61209.0,-61209.0,-61209.0,0
20160906T,-61899.0,-61899.0,-61899.0,-61899.0,0
20160907T,-62677.0,-62677.0,-62677.0,-62677.0,0
20160908T,-61598.0,-61598.0,-61598.0,-61598.0,0
20160909T,-51289.0,-51289.0,-51289.0,-51289.0,0
20160912T,-47739.0,-47739.0,-47739.0,-47739.0,0
20160914T,-41672.0,-41672.0,-41672.0,-41672.0,0
20160915T,-41052.0,-41052.0,-41052.0,-41052.0,0
20160916T,-39853.0,-39853.0,-39853.0,-39853.0,0
20160919T,-39000.0,-39000.0,-39000.0,-39000.0,0
20160920T,-32072.0,-32072.0,-32072.0,-32072.0,0
20160921T,-32558.0,-32558.0,-32558.0,-32558.0,0
20160922T,-25511.0,-25511.0,-25511.0,-25511.0,0
20160923T,-26648.0,-26648.0,-26648.0,-26648.0,0
20160926T,-20589.0,-20589.0,-20589.0,-20589.0,0
20160927T,-18784.0,-18784.0,-18784.0,-18784.0,0
20160928T,-20165.0,-20165.0,-20165.0,-20165.0,0
20160929T,-9153.0,-9153.0,-9153.0,-9153.0,0
20160930T,-8441.0,-8441.0,-8441.0,-8441.0,0
20161003T,-16826.0,-16826.0,-16826.0,-16826.0,0
20161004T,-19164.0,-19164.0,-19164.0,-19164.0,0
20161005T,-25400.0,-25400.0,-25400.0,-25400.0,0
20161006T,-24887.0,-24887.0,-24887.0,-24887.0,0
20161007T,-20580.0,-20580.0,-20580.0,-20580.0,0
20161010T,-20289.0,-20289.0,-20289.0,-20289.0,0
20161013T,-15984.0,-15984.0,-15984.0,-15984.0,0
20161014T,-19912.0,-19912.0,-19912.0,-19912.0,0
20161017T,-16048.0,-16048.0,-16048.0,-16048.0,0
20161018T,-10258.0,-10258.0,-10258.0,-10258.0,0
20161019T,-12568.0,-12568.0,-12568.0,-12568.0,0
20161020T,-11786.0,-11786.0,-11786.0,-11786.0,0
20161021T,-13068.0,-13068.0,-13068.0,-13068.0,0
20161024T,-15857.0,-15857.0,-15857.0,-15857.0,0
20161025T,-15127.0,-15127.0,-15127.0,-15127.0,0
20161026T,-17654.0,-17654.0,-17654.0,-17654.0,0
20161027T,-22170.0,-22170.0,-22170.0,-22170.0,0
20161028T,-25486.0,-25486.0,-25486.0,-25486.0,0
20161101T,-30241.0,-30241.0,-30241.0,-30241.0,0
20161102T,-24890.0,-24890.0,-24890.0,-24890.0,0
20161103T,-18864.0,-18864.0,-18864.0,-18864.0,0
20161104T,-11595.0,-11595.0,-11595.0,-11595.0,0
20161107T,-10513.0,-10513.0,-10513.0,-10513.0,0
20161108T,-9607.0,-9607.0,-9607.0,-9607.0,0
20161109T,-7671.0,-7671.0,-7671.0,-7671.0,0
20161110T,1096.0,1096.0,1096.0,1096.0,0
20161111T,5649.0,5649.0,5649.0,5649.0,0
20161115T,16345.0,16345.0,16345.0,16345.0,0
20161116T,10863.0,10863.0,10863.0,10863.0,0
20161117T,10543.0,10543.0,10543.0,10543.0,0
20161118T,11825.0,11825.0,11825.0,11825.0,0
20161121T,-5733.0,-5733.0,-5733.0,-5733.0,0
20161122T,-5963.0,-5963.0,-5963.0,-5963.0,0
20161123T,-14695.0,-14695.0,-14695.0,-14695.0,0
20161124T,17240.0,17240.0,17240.0,17240.0,0
20161125T,135.0,135.0,135.0,135.0,0
20161128T,-3990.0,-3990.0,-3990.0,-3990.0,0
20161129T,-15237.0,-15237.0,-15237.0,-15237.0,0
20161130T,-16767.0,-16767.0,-16767.0,-16767.0,0
20161201T,-24113.0,-24113.0,-24113.0,-24113.0,0
20161202T,-23189.0,-23189.0,-23189.0,-23189.0,0
20161205T,-22551.0,-22551.0,-22551.0,-22551.0,0
20161206T,-26245.0,-26245.0,-26245.0,-26245.0,0
20161207T,-28495.0,-28495.0,-28495.0,-28495.0,0
20161208T,-29142.0,-29142.0,-29142.0,-29142.0,0
20161209T,-27136.0,-27136.0,-27136.0,-27136.0,0
20161212T,-26813.0,-26813.0,-26813.0,-26813.0,0
20161213T,-29057.0,-29057.0,-29057.0,-29057.0,0
20161214T,-28135.0,-28135.0,-28135.0,-28135.0,0
20161215T,-20474.0,-20474.0,-20474.0,-20474.0,0
20161216T,-14641.0,-14641.0,-14641.0,-14641.0,0
20161219T,-10053.0,-10053.0,-10053.0,-10053.0,0
20161220T,-10667.0,-10667.0,-10667.0,-10667.0,0
20161221T,-8867.0,-8867.0,-8867.0,-8867.0,0
20161222T,-4776.0,-4776.0,-4776.0,-4776.0,0
20161223T,2009.0,2009.0,2009.0,2009.0,0
20161226T,-1241.0,-1241.0,-1241.0,-1241.0,0
20161227T,510.0,510.0,510.0,510.0,0
20161228T,-18045.0,-18045.0,-18045.0,-18045.0,0
20161229T,-4376.0,-4376.0,-4376.0,-4376.0,0
20161230T,-8452.0,-8452.0,-8452.0,-8452.0,0
20170102T,-3451.0,-3451.0,-3451.0,-3451.0,0
20170103T,-5705.0,-5705.0,-5705.0,-5705.0,0
20170104T,-9259.0,-9259.0,-9259.0,-9259.0,0
20170105T,-15304.0,-15304.0,-15304.0,-15304.0,0
20170106T,-16950.0,-16950.0,-16950.0,-16950.0,0
20170109T,-15612.0,-15612.0,-15612.0,-15612.0,0
20170110T,-17508.0,-17508.0,-17508.0,-17508.0,0
20170111T,-25739.0,-25739.0,-25739.0,-25739.0,0
20170112T,-41040.0,-41040.0,-41040.0,-41040.0,0
20170113T,-41441.0,-41441.0,-41441.0,-41441.0,0
20170116T,-42389.0,-42389.0,-42389.0,-42389.0,0
20170117T,-42398.0,-42398.0,-42398.0,-42398.0,0
20170118T,-32702.0,-32702.0,-32702.0,-32702.0,0
20170119T,-34018.0,-34018.0,-34018.0,-34018.0,0
20170120T,-31734.0,-31734.0,-31734.0,-31734.0,0
20170123T,-30737.0,-30737.0,-30737.0,-30737.0,0
20170124T,-22795.0,-22795.0,-22795.0,-22795.0,0
20170125T,-25934.0,-25934.0,-25934.0,-25934.0,0
20170127T,-27988.0,-27988.0,-27988.0,-27988.0,0
20170130T,-27727.0,-27727.0,-27727.0,-27727.0,0
20170131T,-23174.0,-23174.0,-23174.0,-23174.0,0
20170201T,-17790.0,-17790.0,-17790.0,-17790.0,0
20170202T,-22835.0,-22835.0,-22835.0,-22835.0,0
20170203T,-26254.0,-26254.0,-26254.0,-26254.0,0
20170206T,-27725.0,-27725.0,-27725.0,-27725.0,0
20170207T,-27325.0,-27325.0,-27325.0,-27325.0,0
20170208T,-31091.0,-31091.0,-31091.0,-31091.0,0
20170209T,-33003.0,-33003.0,-33003.0,-33003.0,0
20170210T,-36397.0,-36397.0,-36397.0,-36397.0,0
20170213T,-40125.0,-40125.0,-40125.0,-40125.0,0
20170214T,-44961.0,-44961.0,-44961.0,-44961.0,0
20170215T,-32452.0,-32452.0,-32452.0,-32452.0,0
20170216T,-28850.0,-28850.0,-28850.0,-28850.0,0
20170217T,-20498.0,-20498.0,-20498.0,-20498.0,0
20170220T,-18770.0,-18770.0,-18770.0,-18770.0,0
20170221T,-10718.0,-10718.0,-10718.0,-10718.0,0
20170222T,-12331.0,-12331.0,-12331.0,-12331.0,0
20170223T,-36245.0,-36245.0,-36245.0,-36245.0,0
20170227T,-34519.0,-34519.0,-34519.0,-34519.0,0
20170228T,-36297.0,-36297.0,-36297.0,-36297.0,0
20170301T,-34730.0,-34730.0,-34730.0,-34730.0,0
20170302T,-31317.0,-31317.0,-31317.0,-31317.0,0
20170303T,-27302.0,-27302.0,-27302.0,-27302.0,0
20170306T,-27353.0,-27353.0,-27353.0,-27353.0,0
20170307T,-26697.0,-26697.0,-26697.0,-26697.0,0
20170308T,-27284.0,-27284.0,-27284.0,-27284.0,0
20170309T,-21929.0,-21929.0,-21929.0,-21929.0,0
20170310T,-20362.0,-20362.0,-20362.0,-20362.0,0
20170314T,-24307.0,-24307.0,-24307.0,-24307.0,0
20170315T,-19578.0,-19578.0,-19578.0,-19578.0,0
20170316T,-26790.0,-26790.0,-26790.0,-26790.0,0
20170317T,-37373.0,-37373.0,-37373.0,-37373.0,0
20170320T,-33949.0,-33949.0,-33949.0,-33949.0,0
20170321T,-20574.0,-20574.0,-20574.0,-20574.0,0
20170322T,-24020.0,-24020.0,-24020.0,-24020.0,0
20170323T,-23331.0,-23331.0,-23331.0,-23331.0,0
20170324T,-15777.0,-15777.0,-15777.0,-15777.0,0
20170327T,-18314.0,-18314.0,-18314.0,-18314.0,0
20170328T,-21969.0,-21969.0,-21969.0,-21969.0,0
20170329T,-19957.0,-19957.0,-19957.0,-19957.0,0
20170330T,-46122.0,-46122.0,-46122.0,-46122.0,0
20170331T,-45580.0,-45580.0,-45580.0,-45580.0,0
20170403T,-52422.0,-52422.0,-52422.0,-52422.0,0
20170405T,-57387.0,-57387.0,-57387.0,-57387.0,0
20170406T,-55319.0,-55319.0,-55319.0,-55319.0,0
20170407T,-55601.0,-55601.0,-55601.0,-55601.0,0
20170410T,-52161.0,-52161.0,-52161.0,-52161.0,0
20170411T,-51797.0,-51797.0,-51797.0,-51797.0,0
20170412T,-51401.0,-51401.0,-51401.0,-51401.0,0
20170413T,-46539.0,-46539.0,-46539.0,-46539.0,0
20170417T,-48047.0,-48047.0,-48047.0,-48047.0,0
20170418T,-49449.0,-49449.0,-49449.0,-49449.0,0
20170419T,-45989.0,-45989.0,-45989.0,-45989.0,0
20170420T,-51335.0,-51335.0,-51335.0,-51335.0,0
20170421T,-45346.0,-45346.0,-45346.0,-45346.0,0
20170424T,-52621.0,-52621.0,-52621.0,-52621.0,0
20170425T,-51815.0,-51815.0,-51815.0,-51815.0,0
20170426T,-56261.0,-56261.0,-56261.0,-56261.0,0
20170427T,-60234.0,-60234.0,-60234.0,-60234.0,0
20170428T,-61721.0,-61721.0,-61721.0,-61721.0,0
20170502T,-63385.0,-63385.0,-63385.0,-63385.0,0
20170503T,-68138.0,-68138.0,-68138.0,-68138.0,0
20170504T,-77152.0,-77152.0,-77152.0,-77152.0,0
20170505T,-70195.0,-70195.0,-70195.0,-70195.0,0
20170508T,-74292.0,-74292.0,-74292.0,-74292.0,0
20170509T,-70237.0,-70237.0,-70237.0,-70237.0,0
20170510T,-70784.0,-70784.0,-70784.0,-70784.0,0
20170511T,-69783.0,-69783.0,-69783.0,-69783.0,0
20170512T,-62749.0,-62749.0,-62749.0,-62749.0,0
20170515T,-65448.0,-65448.0,-65448.0,-65448.0,0
20170516T,-65521.0,-65521.0,-65521.0,-65521.0,0
20170517T,-67135.0,-67135.0,-67135.0,-67135.0,0
20170518T,-60370.0,-60370.0,-60370.0,-60370.0,0
20170519T,-53478.0,-53478.0,-53478.0,-53478.0,0
20170522T,-47749.0,-47749.0,-47749.0,-47749.0,0
20170523T,-44381.0,-44381.0,-44381.0,-44381.0,0
20170524T,-39126.0,-39126.0,-39126.0,-39126.0,0
20170525T,-40387.0,-40387.0,-40387.0,-40387.0,0
20170526T,-47134.0,-47134.0,-47134.0,-47134.0,0
20170529T,-48620.0,-48620.0,-48620.0,-48620.0,0
20170530T,-43548.0,-43548.0,-43548.0,-43548.0,0
20170531T,-47019.0,-47019.0,-47019.0,-47019.0,0
20170601T,-50281.0,-50281.0,-50281.0,-50281.0,0
20170602T,-51754.0,-51754.0,-51754.0,-51754.0,0
20170605T,-52836.0,-52836.0,-52836.0,-52836.0,0
20170606T,-46316.0,-46316.0,-46316.0,-46316.0,0
20170607T,-39455.0,-39455.0,-39455.0,-39455.0,0
20170608T,-43310.0,-43310.0,-43310.0,-43310.0,0
20170609T,-36661.0,-36661.0,-36661.0,-36661.0,0
20170612T,-30426.0,-30426.0,-30426.0,-30426.0,0
20170613T,-26450.0,-26450.0,-26450.0,-26450.0,0
20170614T,-22843.0,-22843.0,-22843.0,-22843.0,0
20170615T,-18933.0,-18933.0,-18933.0,-18933.0,0
20170616T,-15977.0,-15977.0,-15977.0,-15977.0,0
20170619T,-10225.0,-10225.0,-10225.0,-10225.0,0
20170620T,-11361.0,-11361.0,-11361.0,-11361.0,0
20170621T,-10415.0,-10415.0,-10415.0,-10415.0,0
20170622T,-12859.0,-12859.0,-12859.0,-12859.0,0
20170623T,-7453.0,-7453.0,-7453.0,-7453.0,0
20170627T,-14075.0,-14075.0,-14075.0,-14075.0,0
20170628T,-12125.0,-12125.0,-12125.0,-12125.0,0
20170629T,-21211.0,-21211.0,-21211.0,-21211.0,0
20170630T,-29891.0,-29891.0,-29891.0,-29891.0,0
20170703T,-36625.0,-36625.0,-36625.0,-36625.0,0
20170704T,-40889.0,-40889.0,-40889.0,-40889.0,0
20170705T,-45659.0,-45659.0,-45659.0,-45659.0,0
20170706T,-48406.0,-48406.0,-48406.0,-48406.0,0
20170707T,-48500.0,-48500.0,-48500.0,-48500.0,0
20170710T,-46623.0,-46623.0,-46623.0,-46623.0,0
20170711T,-46756.0,-46756.0,-46756.0,-46756.0,0
20170712T,-43347.0,-43347.0,-43347.0,-43347.0,0
20170713T,-46189.0,-46189.0,-46189.0,-46189.0,0
20170714T,-39912.0,-39912.0,-39912.0,-39912.0,0
20170717T,-40044.0,-40044.0,-40044.0,-40044.0,0
20170718T,-23868.0,-23868.0,-23868.0,-23868.0,0
20170719T,-23440.0,-23440.0,-23440.0,-23440.0,0
20170720T,-23376.0,-23376.0,-23376.0,-23376.0,0
20170721T,-23386.0,-23386.0,-23386.0,-23386.0,0
20170724T,-23628.0,-23628.0,-23628.0,-23628.0,0
20170725T,-18955.0,-18955.0,-18955.0,-18955.0,0
20170726T,-5441.0,-5441.0,-5441.0,-5441.0,0
20170727T,-21787.0,-21787.0,-21787.0,-21787.0,0
20170728T,-14498.0,-14498.0,-14498.0,-14498.0,0
20170731T,-20294.0,-20294.0,-20294.0,-20294.0,0
20170801T,-18217.0,-18217.0,-18217.0,-18217.0,0
20170802T,-14378.0,-14378.0,-14378.0,-14378.0,0
20170803T,-8617.0,-8617.0,-8617.0,-8617.0,0
20170804T,-10998.0,-10998.0,-10998.0,-10998.0,0
20170807T,-9020.0,-9020.0,-9020.0,-9020.0,0
20170808T,-2449.0,-2449.0,-2449.0,-2449.0,0
20170809T,-267.0,-267.0,-267.0,-267.0,0
20170810T,6642.0,6642.0,6642.0,6642.0,0
20170811T,12399.0,12399.0,12399.0,12399.0,0
20170814T,10981.0,10981.0,10981.0,10981.0,0
20170816T,15855.0,15855.0,15855.0,15855.0,0
20170817T,3386.0,3386.0,3386.0,3386.0,0
20170818T,4184.0,4184.0,4184.0,4184.0,0
20170821T,4152.0,4152.0,4152.0,4152.0,0
20170822T,13701.0,13701.0,13701.0,13701.0,0
20170823T,10606.0,10606.0,10606.0,10606.0,0
20170824T,12046.0,12046.0,12046.0,12046.0,0
20170828T,15122.0,15122.0,15122.0,15122.0,0
20170829T,6610.0,6610.0,6610.0,6610.0,0
20170830T,5844.0,5844.0,5844.0,5844.0,0
20170831T,-5392.0,-5392.0,-5392.0,-5392.0,0
20170901T,-6089.0,-6089.0,-6089.0,-6089.0,0
20170904T,-5513.0,-5513.0,-5513.0,-5513.0,0
20170905T,-8265.0,-8265.0,-8265.0,-8265.0,0
20170906T,-7364.0,-7364.0,-7364.0,-7364.0,0
20170907T,-9841.0,-9841.0,-9841.0,-9841.0,0
20170908T,-11310.0,-11310.0,-11310.0,-11310.0,0
20170911T,-15006.0,-15006.0,-15006.0,-15006.0,0
20170912T,-19695.0,-19695.0,-19695.0,-19695.0,0
20170913T,-16596.0,-16596.0,-16596.0,-16596.0,0
20170914T,-12840.0,-12840.0,-12840.0,-12840.0,0
20170915T,-7652.0,-7652.0,-7652.0,-7652.0,0
20170918T,-2377.0,-2377.0,-2377.0,-2377.0,0
20170919T,1863.0,1863.0,1863.0,1863.0,0
20170920T,5671.0,5671.0,5671.0,5671.0,0
20170921T,12611.0,12611.0,12611.0,12611.0,0
20170922T,6323.0,6323.0,6323.0,6323.0,0
20170925T,11829.0,11829.0,11829.0,11829.0,0
20170926T,15658.0,15658.0,15658.0,15658.0,0
20170927T,17268.0,17268.0,17268.0,17268.0,0
20170928T,7669.0,7669.0,7669.0,7669.0,0
20170929T,-1366.0,-1366.0,-1366.0,-1366.0,0
20171003T,-5130.0,-5130.0,-5130.0,-5130.0,0
20171004T,-14368.0,-14368.0,-14368.0,-14368.0,0
20171005T,-13239.0,-13239.0,-13239.0,-13239.0,0
20171006T,-14422.0,-14422.0,-14422.0,-14422.0,0
20171009T,-11520.0,-11520.0,-11520.0,-11520.0,0
20171010T,-15026.0,-15026.0,-15026.0,-15026.0,0
20171011T,-11799.0,-11799.0,-11799.0,-11799.0,0
20171012T,-17663.0,-17663.0,-17663.0,-17663.0,0
20171013T,-16294.0,-16294.0,-16294.0,-16294.0,0
20171016T,-21369.0,-21369.0,-21369.0,-21369.0,0
20171017T,-29297.0,-29297.0,-29297.0,-29297.0,0
20171018T,-33348.0,-33348.0,-33348.0,-33348.0,0
20171019T,-31359.0,-31359.0,-31359.0,-31359.0,0
20171023T,-36542.0,-36542.0,-36542.0,-36542.0,0
20171024T,-26469.0,-26469.0,-26469.0,-26469.0,0
20171025T,-17913.0,-17913.0,-17913.0,-17913.0,0
20171026T,-22192.0,-22192.0,-22192.0,-22192.0,0
20171027T,-17205.0,-17205.0,-17205.0,-17205.0,0
20171030T,-17291.0,-17291.0,-17291.0,-17291.0,0
20171031T,-16565.0,-16565.0,-16565.0,-16565.0,0
20171101T,-7472.0,-7472.0,-7472.0,-7472.0,0
20171102T,-10594.0,-10594.0,-10594.0,-10594.0,0
20171103T,-16236.0,-16236.0,-16236.0,-16236.0,0
20171106T,-9887.0,-9887.0,-9887.0,-9887.0,0
20171107T,1892.0,1892.0,1892.0,1892.0,0
20171108T,5281.0,5281.0,5281.0,5281.0,0
20171109T,12923.0,12923.0,12923.0,12923.0,0
20171110T,12223.0,12223.0,12223.0,12223.0,0
20171113T,22706.0,22706.0,22706.0,22706.0,0
20171114T,30643.0,30643.0,30643.0,30643.0,0
20171115T,32836.0,32836.0,32836.0,32836.0,0
20171116T,32047.0,32047.0,32047.0,32047.0,0
20171117T,33115.0,33115.0,33115.0,33115.0,0
20171120T,36165.0,36165.0,36165.0,36165.0,0
20171121T,32524.0,32524.0,32524.0,32524.0,0
20171122T,27832.0,27832.0,27832.0,27832.0,0
20171123T,22484.0,22484.0,22484.0,22484.0,0
20171124T,22586.0,22586.0,22586.0,22586.0,0
20171127T,27243.0,27243.0,27243.0,27243.0,0
20171128T,20928.0,20928.0,20928.0,20928.0,0
20171129T,14338.0,14338.0,14338.0,14338.0,0
20171130T,11220.0,11220.0,11220.0,11220.0,0
20171201T,-2088.0,-2088.0,-2088.0,-2088.0,0
20171204T,-7584.0,-7584.0,-7584.0,-7584.0,0
20171205T,-4190.0,-4190.0,-4190.0,-4190.0,0
20171206T,-9300.0,-9300.0,-9300.0,-9300.0,0
20171207T,-3912.0,-3912.0,-3912.0,-3912.0,0
20171208T,-8330.0,-8330.0,-8330.0,-8330.0,0
20171211T,-4781.0,-4781.0,-4781.0,-4781.0,0
20171212T,-3143.0,-3143.0,-3143.0,-3143.0,0
20171213T,-4049.0,-4049.0,-4049.0,-4049.0,0
20171214T,4440.0,4440.0,4440.0,4440.0,0
20171215T,3117.0,3117.0,3117.0,3117.0,0
20171218T,12320.0,12320.0,12320.0,12320.0,0
20171219T,103.0,103.0,103.0,103.0,0
20171220T,-4234.0,-4234.0,-4234.0,-4234.0,0
20171221T,-5013.0,-5013.0,-5013.0,-5013.0,0
20171222T,-7858.0,-7858.0,-7858.0,-7858.0,0
20171226T,5914.0,5914.0,5914.0,5914.0,0
20171227T,-11131.0,-11131.0,-11131.0,-11131.0,0
20171228T,-24180.0,-24180.0,-24180.0,-24180.0,0
20171229T,-38071.0,-38071.0,-38071.0,-38071.0,0
20180101T,-41224.0,-41224.0,-41224.0,-41224.0,0
20180102T,-36419.0,-36419.0,-36419.0,-36419.0,0
20180103T,-35762.0,-35762.0,-35762.0,-35762.0,0
20180104T,-46462.0,-46462.0,-46462.0,-46462.0,0
20180105T,-45823.0,-45823.0,-45823.0,-45823.0,0
20180108T,-49371.0,-49371.0,-49371.0,-49371.0,0
20180109T,-57362.0,-57362.0,-57362.0,-57362.0,0
20180110T,-64528.0,-64528.0,-64528.0,-64528.0,0
20180111T,-58487.0,-58487.0,-58487.0,-58487.0,0
20180112T,-59090.0,-59090.0,-59090.0,-59090.0,0
20180115T,-54691.0,-54691.0,-54691.0,-54691.0,0
20180116T,-50327.0,-50327.0,-50327.0,-50327.0,0
20180117T,-53925.0,-53925.0,-53925.0,-53925.0,0
20180118T,-53253.0,-53253.0,-53253.0,-53253.0,0
20180119T,-47346.0,-47346.0,-47346.0,-47346.0,0
20180122T,-33438.0,-33438.0,-33438.0,-33438.0,0
20180123T,-31293.0,-31293.0,-31293.0,-31293.0,0
20180124T,-27182.0,-27182.0,-27182.0,-27182.0,0
20180125T,-34346.0,-34346.0,-34346.0,-34346.0,0
20180129T,-27328.0,-27328.0,-27328.0,-27328.0,0
20180130T,-15914.0,-15914.0,-15914.0,-15914.0,0
20180131T,-10461.0,-10461.0,-10461.0,-10461.0,0
20180201T,-6228.0,-6228.0,-6228.0,-6228.0,0
20180202T,-7885.0,-7885.0,-7885.0,-7885.0,0
20180205T,-1914.0,-1914.0,-1914.0,-1914.0,0
20180206T,46.0,46.0,46.0,46.0,0
20180207T,498.0,498.0,498.0,498.0,0
20180208T,-5262.0,-5262.0,-5262.0,-5262.0,0
20180209T,-4162.0,-4162.0,-4162.0,-4162.0,0
20180212T,-2411.0,-2411.0,-2411.0,-2411.0,0
20180214T,-8912.0,-8912.0,-8912.0,-8912.0,0
20180215T,-16793.0,-16793.0,-16793.0,-16793.0,0
20180216T,-10550.0,-10550.0,-10550.0,-10550.0,0
20180219T,-10604.0,-10604.0,-10604.0,-10604.0,0
20180220T,-12841.0,-12841.0,-12841.0,-12841.0,0
20180221T,-10576.0,-10576.0,-10576.0,-10576.0,0
20180222T,965.0,965.0,965.0,965.0,0
20180223T,1727.0,1727.0,1727.0,1727.0,0
20180226T,1650.0,1650.0,1650.0,1650.0,0
20180227T,-1041.0,-1041.0,-1041.0,-1041.0,0
20180228T,-4080.0,-4080.0,-4080.0,-4080.0,0
20180301T,-6109.0,-6109.0,-6109.0,-6109.0,0
20180305T,-7549.0,-7549.0,-7549.0,-7549.0,0
20180306T,-11682.0,-11682.0,-11682.0,-11682.0,0
20180307T,-9951.0,-9951.0,-9951.0,-9951.0,0
20180308T,-13556.0,-13556.0,-13556.0,-13556.0,0
20180309T,-17514.0,-17514.0,-17514.0,-17514.0,0
20180312T,-17069.0,-17069.0,-17069.0,-17069.0,0
20180313T,-8854.0,-8854.0,-8854.0,-8854.0,0
20180314T,-5233.0,-5233.0,-5233.0,-5233.0,0
20180315T,3391.0,3391.0,3391.0,3391.0,0
20180316T,-1332.0,-1332.0,-1332.0,-1332.0,0
20180319T,-9460.0,-9460.0,-9460.0,-9460.0,0
20180320T,-11718.0,-11718.0,-11718.0,-11718.0,0
20180321T,-7016.0,-7016.0,-7016.0,-7016.0,0
20180322T,-14690.0,-14690.0,-14690.0,-14690.0,0
20180323T,-11459.0,-11459.0,-11459.0,-11459.0,0
20180326T,-11414.0,-11414.0,-11414.0,-11414.0,0
20180327T,-18105.0,-18105.0,-18105.0,-18105.0,0
20180328T,8142.0,8142.0,8142.0,8142.0,0
20180402T,6571.0,6571.0,6571.0,6571.0,0
20180403T,10652.0,10652.0,10652.0,10652.0,0
20180404T,1647.0,1647.0,1647.0,1647.0,0
20180405T,-24.0,-24.0,-24.0,-24.0,0
20180406T,-4164.0,-4164.0,-4164.0,-4164.0,0
20180409T,-1249.0,-1249.0,-1249.0,-1249.0,0
20180410T,-7146.0,-7146.0,-7146.0,-7146.0,0
20180411T,-18960.0,-18960.0,-18960.0,-18960.0,0
20180412T,-25034.0,-25034.0,-25034.0,-25034.0,0
20180413T,-17728.0,-17728.0,-17728.0,-17728.0,0
20180416T,-15977.0,-15977.0,-15977.0,-15977.0,0
20180417T,-14543.0,-14543.0,-14543.0,-14543.0,0
20180418T,-25475.0,-25475.0,-25475.0,-25475.0,0
20180419T,-26625.0,-26625.0,-26625.0,-26625.0,0
20180420T,-28504.0,-28504.0,-28504.0,-28504.0,0
20180423T,-34709.0,-34709.0,-34709.0,-34709.0,0
20180424T,-35858.0,-35858.0,-35858.0,-35858.0,0
20180425T,-32742.0,-32742.0,-32742.0,-32742.0,0
20180426T,-43418.0,-43418.0,-43418.0,-43418.0,0
20180427T,-39603.0,-39603.0,-39603.0,-39603.0,0
20180430T,-34191.0,-34191.0,-34191.0,-34191.0,0
20180502T,-32836.0,-32836.0,-32836.0,-32836.0,0
20180503T,-34090.0,-34090.0,-34090.0,-34090.0,0
20180504T,-29317.0,-29317.0,-29317.0,-29317.0,0
20180507T,-32549.0,-32549.0,-32549.0,-32549.0,0
20180508T,-33963.0,-33963.0,-33963.0,-33963.0,0
20180509T,-35289.0,-35289.0,-35289.0,-35289.0,0
20180510T,-34325.0,-34325.0,-34325.0,-34325.0,0
20180511T,-39349.0,-39349.0,-39349.0,-39349.0,0
20180514T,-36208.0,-36208.0,-36208.0,-36208.0,0
20180515T,-27015.0,-27015.0,-27015.0,-27015.0,0
20180516T,-27452.0,-27452.0,-27452.0,-27452.0,0
20180517T,-31344.0,-31344.0,-31344.0,-31344.0,0
20180518T,-32217.0,-32217.0,-32217.0,-32217.0,0
20180521T,-24770.0,-24770.0,-24770.0,-24770.0,0
20180522T,-25056.0,-25056.0,-25056.0,-25056.0,0
20180523T,-20460.0,-20460.0,-20460.0,-20460.0,0
20180524T,-21524.0,-21524.0,-21524.0,-21524.0,0
20180525T,-18672.0,-18672.0,-18672.0,-18672.0,0
20180528T,-13417.0,-13417.0,-13417.0,-13417.0,0
20180529T,-17832.0,-17832.0,-17832.0,-17832.0,0
20180530T,-19677.0,-19677.0,-19677.0,-19677.0,0
20180531T,-19509.0,-19509.0,-19509.0,-19509.0,0
20180601T,-16397.0,-16397.0,-16397.0,-16397.0,0
20180604T,-21925.0,-21925.0,-21925.0,-21925.0,0
20180605T,-18420.0,-18420.0,-18420.0,-18420.0,0
20180606T,-22117.0,-22117.0,-22117.0,-22117.0,0
20180607T,-19445.0,-19445.0,-19445.0,-19445.0,0
20180608T,-19772.0,-19772.0,-19772.0,-19772.0,0
20180611T,-19093.0,-19093.0,-19093.0,-19093.0,0
20180612T,-23644.0,-23644.0,-23644.0,-23644.0,0
20180614T,-18862.0,-18862.0,-18862.0,-18862.0,0
20180615T,-22642.0,-22642.0,-22642.0,-22642.0,0
20180618T,-25160.0,-25160.0,-25160.0,-25160.0,0
20180619T,-21735.0,-21735.0,-21735.0,-21735.0,0
20180620T,-15172.0,-15172.0,-15172.0,-15172.0,0
20180621T,-12749.0,-12749.0,-12749.0,-12749.0,0
20180622T,-12252.0,-12252.0,-12252.0,-12252.0,0
20180625T,-2142.0,-2142.0,-2142.0,-2142.0,0
20180626T,-5194.0,-5194.0,-5194.0,-5194.0,0
20180627T,-7650.0,-7650.0,-7650.0,-7650.0,0
20180628T,-1576.0,-1576.0,-1576.0,-1576.0,0
20180629T,-15033.0,-15033.0,-15033.0,-15033.0,0
20180702T,-12740.0,-12740.0,-12740.0,-12740.0,0
20180703T,-16297.0,-16297.0,-16297.0,-16297.0,0
20180704T,-22240.0,-22240.0,-22240.0,-22240.0,0
20180705T,-23585.0,-23585.0,-23585.0,-23585.0,0
20180706T,-28462.0,-28462.0,-28462.0,-28462.0,0
20180709T,-31746.0,-31746.0,-31746.0,-31746.0,0
20180710T,-41100.0,-41100.0,-41100.0,-41100.0,0
20180711T,-44255.0,-44255.0,-44255.0,-44255.0,0
20180712T,-49797.0,-49797.0,-49797.0,-49797.0,0
20180713T,-49541.0,-49541.0,-49541.0,-49541.0,0
20180716T,-46375.0,-46375.0,-46375.0,-46375.0,0
20180717T,-50785.0,-50785.0,-50785.0,-50785.0,0
20180718T,-47413.0,-47413.0,-47413.0,-47413.0,0
20180719T,-54356.0,-54356.0,-54356.0,-54356.0,0
20180720T,-49565.0,-49565.0,-49565.0,-49565.0,0
20180723T,-44280.0,-44280.0,-44280.0,-44280.0,0
20180724T,-41044.0,-41044.0,-41044.0,-41044.0,0
20180725T,-39380.0,-39380.0,-39380.0,-39380.0,0
20180726T,-35009.0,-35009.0,-35009.0,-35009.0,0
20180727T,-39247.0,-39247.0,-39247.0,-39247.0,0
20180730T,-32088.0,-32088.0,-32088.0,-32088.0,0
20180731T,-35642.0,-35642.0,-35642.0,-35642.0,0
20180801T,-39919.0,-39919.0,-39919.0,-39919.0,0
20180802T,-34275.0,-34275.0,-34275.0,-34275.0,0
20180803T,-36879.0,-36879.0,-36879.0,-36879.0,0
20180806T,-37495.0,-37495.0,-37495.0,-37495.0,0
20180807T,-40144.0,-40144.0,-40144.0,-40144.0,0
20180808T,-39742.0,-39742.0,-39742.0,-39742.0,0
20180809T,-41290.0,-41290.0,-41290.0,-41290.0,0
20180810T,-39102.0,-39102.0,-39102.0,-39102.0,0
20180813T,-35771.0,-35771.0,-35771.0,-35771.0,0
20180814T,-37538.0,-37538.0,-37538.0,-37538.0,0
20180816T,-32474.0,-32474.0,-32474.0,-32474.0,0
20180817T,-36434.0,-36434.0,-36434.0,-36434.0,0
20180820T,-37614.0,-37614.0,-37614.0,-37614.0,0
20180821T,-37157.0,-37157.0,-37157.0,-37157.0,0
20180823T,-36052.0,-36052.0,-36052.0,-36052.0,0
20180824T,-35862.0,-35862.0,-35862.0,-35862.0,0
20180827T,-35851.0,-35851.0,-35851.0,-35851.0,0
20180828T,-34047.0,-34047.0,-34047.0,-34047.0,0
20180829T,-30311.0,-30311.0,-30311.0,-30311.0,0
20180830T,-25958.0,-25958.0,-25958.0,-25958.0,0
20180831T,-24665.0,-24665.0,-24665.0,-24665.0,0
20180903T,-19437.0,-19437.0,-19437.0,-19437.0,0
20180904T,-26578.0,-26578.0,-26578.0,-26578.0,0
20180905T,-25788.0,-25788.0,-25788.0,-25788.0,0
20180906T,-30073.0,-30073.0,-30073.0,-30073.0,0
20180907T,-32472.0,-32472.0,-32472.0,-32472.0,0
20180910T,-27624.0,-27624.0,-27624.0,-27624.0,0
20180911T,-25722.0,-25722.0,-25722.0,-25722.0,0
20180912T,-28437.0,-28437.0,-28437.0,-28437.0,0
20180914T,-24472.0,-24472.0,-24472.0,-24472.0,0
20180917T,-23112.0,-23112.0,-23112.0,-23112.0,0
20180918T,-33742.0,-33742.0,-33742.0,-33742.0,0
20180919T,-33034.0,-33034.0,-33034.0,-33034.0,0
20180921T,-36627.0,-36627.0,-36627.0,-36627.0,0
20180924T,-29869.0,-29869.0,-29869.0,-29869.0,0
20180925T,-23977.0,-23977.0,-23977.0,-23977.0,0
20180926T,-24274.0,-24274.0,-24274.0,-24274.0,0
20180927T,4448.0,4448.0,4448.0,4448.0,0
20180928T,-3374.0,-3374.0,-3374.0,-3374.0,0
20181001T,-5439.0,-5439.0,-5439.0,-5439.0,0
20181003T,-126.0,-126.0,-126.0,-126.0,0
20181004T,-1015.0,-1015.0,-1015.0,-1015.0,0
20181005T,-4109.0,-4109.0,-4109.0,-4109.0,0
20181008T,-18469.0,-18469.0,-18469.0,-18469.0,0
20181009T,-19364.0,-19364.0,-19364.0,-19364.0,0
20181010T,-16210.0,-16210.0,-16210.0,-16210.0,0
20181011T,-12014.0,-12014.0,-12014.0,-12014.0,0
20181012T,-8255.0,-8255.0,-8255.0,-8255.0,0
20181015T,-8058.0,-8058.0,-8058.0,-8058.0,0
20181016T,-12973.0,-12973.0,-12973.0,-12973.0,0
20181017T,-19032.0,-19032.0,-19032.0,-19032.0,0
20181019T,-15507.0,-15507.0,-15507.0,-15507.0,0
20181022T,-18596.0,-18596.0,-18596.0,-18596.0,0
20181023T,-13802.0,-13802.0,-13802.0,-13802.0,0
20181024T,-13393.0,-13393.0,-13393.0,-13393.0,0
20181025T,16317.0,16317.0,16317.0,16317.0,0
20181026T,12808.0,12808.0,12808.0,12808.0,0
20181029T,9870.0,9870.0,9870.0,9870.0,0
20181030T,14123.0,14123.0,14123.0,14123.0,0
20181031T,11309.0,11309.0,11309.0,11309.0,0
20181101T,5838.0,5838.0,5838.0,5838.0,0
20181102T,-2036.0,-2036.0,-2036.0,-2036.0,0
20181105T,-1541.0,-1541.0,-1541.0,-1541.0,0
20181106T,-1362.0,-1362.0,-1362.0,-1362.0,0
20181107T,1699.0,1699.0,1699.0,1699.0,0
20181109T,1907.0,1907.0,1907.0,1907.0,0
20181112T,2518.0,2518.0,2518.0,2518.0,0
20181113T,5716.0,5716.0,5716.0,5716.0,0
20181114T,7845.0,7845.0,7845.0,7845.0,0
20181115T,7599.0,7599.0,7599.0,7599.0,0
20181116T,7544.0,7544.0,7544.0,7544.0,0
20181119T,2153.0,2153.0,2153.0,2153.0,0
20181120T,8644.0,8644.0,8644.0,8644.0,0
20181121T,25318.0,25318.0,25318.0,25318.0,0
20181122T,-3411.0,-3411.0,-3411.0,-3411.0,0
20181126T,3161.0,3161.0,3161.0,3161.0,0
20181127T,2722.0,2722.0,2722.0,2722.0,0
20181128T,14047.0,14047.0,14047.0,14047.0,0
20181129T,-20379.0,-20379.0,-20379.0,-20379.0,0
20181130T,-21307.0,-21307.0,-21307.0,-21307.0,0
20181203T,-19402.0,-19402.0,-19402.0,-19402.0,0
20181204T,-17331.0,-17331.0,-17331.0,-17331.0,0
20181205T,-11642.0,-11642.0,-11642.0,-11642.0,0
20181206T,-13308.0,-13308.0,-13308.0,-13308.0,0
20181207T,-12457.0,-12457.0,-12457.0,-12457.0,0
20181210T,-10529.0,-10529.0,-10529.0,-10529.0,0
20181211T,-19213.0,-19213.0,-19213.0,-19213.0,0
20181212T,-1358.0,-1358.0,-1358.0,-1358.0,0
20181213T,-5092.0,-5092.0,-5092.0,-5092.0,0
20181214T,-10553.0,-10553.0,-10553.0,-10553.0,0
20181217T,-3649.0,-3649.0,-3649.0,-3649.0,0
20181218T,7331.0,7331.0,7331.0,7331.0,0
20181219T,5497.0,5497.0,5497.0,5497.0,0
20181220T,2826.0,2826.0,2826.0,2826.0,0
20181221T,2996.0,2996.0,2996.0,2996.0,0
20181224T,-6104.0,-6104.0,-6104.0,-6104.0,0
20181226T,-1930.0,-1930.0,-1930.0,-1930.0,0
20181227T,-11463.0,-11463.0,-11463.0,-11463.0,0
20181228T,-10655.0,-10655.0,-10655.0,-10655.0,0
20181231T,-14288.0,-14288.0,-14288.0,-14288.0,0
20190101T,-12012.0,-12012.0,-12012.0,-12012.0,0
20190102T,-8195.0,-8195.0,-8195.0,-8195.0,0
20190103T,-9669.0,-9669.0,-9669.0,-9669.0,0
20190104T,-4931.0,-4931.0,-4931.0,-4931.0,0
20190107T,-4671.0,-4671.0,-4671.0,-4671.0,0
20190108T,-10810.0,-10810.0,-10810.0,-10810.0,0
20190109T,-13773.0,-13773.0,-13773.0,-13773.0,0
20190110T,-11729.0,-11729.0,-11729.0,-11729.0,0
20190111T,-3517.0,-3517.0,-3517.0,-3517.0,0
20190114T,-5165.0,-5165.0,-5165.0,-5165.0,0
20190115T,-12335.0,-12335.0,-12335.0,-12335.0,0
20190116T,-9433.0,-9433.0,-9433.0,-9433.0,0
20190117T,-12158.0,-12158.0,-12158.0,-12158.0,0
20190118T,-8714.0,-8714.0,-8714.0,-8714.0,0
20190121T,-9496.0,-9496.0,-9496.0,-9496.0,0
20190122T,-6295.0,-6295.0,-6295.0,-6295.0,0
20190123T,-5989.0,-5989.0,-5989.0,-5989.0,0
20190124T,-11125.0,-11125.0,-11125.0,-11125.0,0
20190125T,-14204.0,-14204.0,-14204.0,-14204.0,0
20190128T,-17668.0,-17668.0,-17668.0,-17668.0,0
20190129T,-17462.0,-17462.0,-17462.0,-17462.0,0
20190130T,-24657.0,-24657.0,-24657.0,-24657.0,0
20190131T,-12569.0,-12569.0,-12569.0,-12569.0,0
20190201T,-11580.0,-11580.0,-11580.0,-11580.0,0
20190204T,-13056.0,-13056.0,-13056.0,-13056.0,0
20190205T,-12088.0,-12088.0,-12088.0,-12088.0,0
20190206T,-23644.0,-23644.0,-23644.0,-23644.0,0
20190207T,-22348.0,-22348.0,-22348.0,-22348.0,0
20190208T,-19691.0,-19691.0,-19691.0,-19691.0,0
20190211T,-15216.0,-15216.0,-15216.0,-15216.0,0
20190212T,-12904.0,-12904.0,-12904.0,-12904.0,0
20190213T,-11404.0,-11404.0,-11404.0,-11404.0,0
20190214T,2137.0,2137.0,2137.0,2137.0,0
20190215T,-983.0,-983.0,-983.0,-983.0,0
20190218T,5455.0,5455.0,5455.0,5455.0,0
20190219T,-1676.0,-1676.0,-1676.0,-1676.0,0
20190220T,-7142.0,-7142.0,-7142.0,-7142.0,0
20190221T,-4151.0,-4151.0,-4151.0,-4151.0,0
20190222T,564.0,564.0,564.0,564.0,0
20190225T,-8647.0,-8647.0,-8647.0,-8647.0,0
20190226T,-15065.0,-15065.0,-15065.0,-15065.0,0
20190227T,-21668.0,-21668.0,-21668.0,-21668.0,0
20190228T,-17474.0,-17474.0,-17474.0,-17474.0,0
20190301T,-23920.0,-23920.0,-23920.0,-23920.0,0
20190305T,-27886.0,-27886.0,-27886.0,-27886.0,0
20190306T,-32180.0,-32180.0,-32180.0,-32180.0,0
20190307T,-31694.0,-31694.0,-31694.0,-31694.0,0
20190308T,-29846.0,-29846.0,-29846.0,-29846.0,0
20190311T,-30494.0,-30494.0,-30494.0,-30494.0,0
20190312T,-36987.0,-36987.0,-36987.0,-36987.0,0
20190313T,-39936.0,-39936.0,-39936.0,-39936.0,0
20190314T,-31428.0,-31428.0,-31428.0,-31428.0,0
20190315T,-27527.0,-27527.0,-27527.0,-27527.0,0
20190318T,-27567.0,-27567.0,-27567.0,-27567.0,0
20190319T,-27193.0,-27193.0,-27193.0,-27193.0,0
20190320T,-20686.0,-20686.0,-20686.0,-20686.0,0
20190322T,-18692.0,-18692.0,-18692.0,-18692.0,0
20190325T,-26663.0,-26663.0,-26663.0,-26663.0,0
20190326T,-12049.0,-12049.0,-12049.0,-12049.0,0
20190327T,-19501.0,-19501.0,-19501.0,-19501.0,0
20190328T,-25928.0,-25928.0,-25928.0,-25928.0,0
20190329T,-21730.0,-21730.0,-21730.0,-21730.0,0
20190401T,-20873.0,-20873.0,-20873.0,-20873.0,0
20190402T,-26313.0,-26313.0,-26313.0,-26313.0,0
20190403T,-25135.0,-25135.0,-25135.0,-25135.0,0
20190404T,-33259.0,-33259.0,-33259.0,-33259.0,0
20190405T,-35941.0,-35941.0,-35941.0,-35941.0,0
20190408T,-21856.0,-21856.0,-21856.0,-21856.0,0
20190409T,-20817.0,-20817.0,-20817.0,-20817.0,0
20190410T,-10098.0,-10098.0,-10098.0,-10098.0,0
20190411T,-12625.0,-12625.0,-12625.0,-12625.0,0
20190412T,-11309.0,-11309.0,-11309.0,-11309.0,0
20190415T,-13826.0,-13826.0,-13826.0,-13826.0,0
20190416T,-7594.0,-7594.0,-7594.0,-7594.0,0
20190418T,-7363.0,-7363.0,-7363.0,-7363.0,0
20190422T,-14637.0,-14637.0,-14637.0,-14637.0,0
20190423T,-22194.0,-22194.0,-22194.0,-22194.0,0
20190424T,-26723.0,-26723.0,-26723.0,-26723.0,0
20190425T,-16921.0,-16921.0,-16921.0,-16921.0,0
20190426T,-24835.0,-24835.0,-24835.0,-24835.0,0
20190430T,-10661.0,-10661.0,-10661.0,-10661.0,0
20190502T,-11940.0,-11940.0,-11940.0,-11940.0,0
20190503T,-10855.0,-10855.0,-10855.0,-10855.0,0
20190506T,-10631.0,-10631.0,-10631.0,-10631.0,0
20190507T,-14875.0,-14875.0,-14875.0,-14875.0,0
20190508T,-17097.0,-17097.0,-17097.0,-17097.0,0
20190509T,-18240.0,-18240.0,-18240.0,-18240.0,0
20190510T,-14290.0,-14290.0,-14290.0,-14290.0,0
20190513T,-19150.0,-19150.0,-19150.0,-19150.0,0
20190514T,-7850.0,-7850.0,-7850.0,-7850.0,0
20190515T,-7024.0,-7024.0,-7024.0,-7024.0,0
20190516T,-8911.0,-8911.0,-8911.0,-8911.0,0
20190517T,-7146.0,-7146.0,-7146.0,-7146.0,0
20190520T,-6284.0,-6284.0,-6284.0,-6284.0,0
20190521T,-16634.0,-16634.0,-16634.0,-16634.0,0
20190522T,-16807.0,-16807.0,-16807.0,-16807.0,0
20190523T,-13219.0,-13219.0,-13219.0,-13219.0,0
20190524T,-6906.0,-6906.0,-6906.0,-6906.0,0
20190527T,799.0,799.0,799.0,799.0,0
20190528T,2379.0,2379.0,2379.0,2379.0,0
20190529T,7260.0,7260.0,7260.0,7260.0,0
20190530T,-19940.0,-19940.0,-19940.0,-19940.0,0
20190531T,-24286.0,-24286.0,-24286.0,-24286.0,0
20190603T,-29265.0,-29265.0,-29265.0,-29265.0,0
20190604T,-28174.0,-28174.0,-28174.0,-28174.0,0
20190606T,-25902.0,-25902.0,-25902.0,-25902.0,0
20190607T,-30739.0,-30739.0,-30739.0,-30739.0,0
20190610T,-25980.0,-25980.0,-25980.0,-25980.0,0
20190611T,-27512.0,-27512.0,-27512.0,-27512.0,0
20190612T,-26124.0,-26124.0,-26124.0,-26124.0,0
20190613T,-22997.0,-22997.0,-22997.0,-22997.0,0
20190614T,-23377.0,-23377.0,-23377.0,-23377.0,0
20190617T,-29956.0,-29956.0,-29956.0,-29956.0,0
20190618T,-28102.0,-28102.0,-28102.0,-28102.0,0
20190619T,-29019.0,-29019.0,-29019.0,-29019.0,0
20190620T,-28103.0,-28103.0,-28103.0,-28103.0,0
20190621T,-28553.0,-28553.0,-28553.0,-28553.0,0
20190624T,-31250.0,-31250.0,-31250.0,-31250.0,0
20190625T,-26881.0,-26881.0,-26881.0,-26881.0,0
20190626T,-12929.0,-12929.0,-12929.0,-12929.0,0
20190627T,-10208.0,-10208.0,-10208.0,-10208.0,0
20190628T,-4935.0,-4935.0,-4935.0,-4935.0,0
20190701T,-2634.0,-2634.0,-2634.0,-2634.0,0
20190702T,-4945.0,-4945.0,-4945.0,-4945.0,0
20190703T,-5860.0,-5860.0,-5860.0,-5860.0,0
20190704T,-7449.0,-7449.0,-7449.0,-7449.0,0
20190705T,-10075.0,-10075.0,-10075.0,-10075.0,0
20190708T,-5362.0,-5362.0,-5362.0,-5362.0,0
20190709T,-3183.0,-3183.0,-3183.0,-3183.0,0
20190710T,-5262.0,-5262.0,-5262.0,-5262.0,0
20190711T,-13930.0,-13930.0,-13930.0,-13930.0,0
20190712T,-18253.0,-18253.0,-18253.0,-18253.0,0
20190715T,-21244.0,-21244.0,-21244.0,-21244.0,0
20190716T,-16314.0,-16314.0,-16314.0,-16314.0,0
20190717T,-17968.0,-17968.0,-17968.0,-17968.0,0
20190718T,-19503.0,-19503.0,-19503.0,-19503.0,0
20190719T,-20965.0,-20965.0,-20965.0,-20965.0,0
20190722T,-16304.0,-16304.0,-16304.0,-16304.0,0
20190723T,-10289.0,-10289.0,-10289.0,-10289.0,0
20190724T,-4195.0,-4195.0,-4195.0,-4195.0,0
20190725T,8048.0,8048.0,8048.0,8048.0,0
20190726T,9781.0,9781.0,9781.0,9781.0,0
20190729T,17733.0,17733.0,17733.0,17733.0,0
20190730T,11947.0,11947.0,11947.0,11947.0,0
20190731T,15028.0,15028.0,15028.0,15028.0,0
20190801T,25577.0,25577.0,25577.0,25577.0,0
20190802T,25325.0,25325.0,25325.0,25325.0,0
20190805T,23567.0,23567.0,23567.0,23567.0,0
20190806T,18038.0,18038.0,18038.0,18038.0,0
20190807T,19521.0,19521.0,19521.0,19521.0,0
20190808T,18695.0,18695.0,18695.0,18695.0,0
20190809T,20770.0,20770.0,20770.0,20770.0,0
20190813T,16371.0,16371.0,16371.0,16371.0,0
20190814T,8909.0,8909.0,8909.0,8909.0,0
20190816T,1276.0,1276.0,1276.0,1276.0,0
20190819T,10588.0,10588.0,10588.0,10588.0,0
20190820T,7869.0,7869.0,7869.0,7869.0,0
20190821T,15882.0,15882.0,15882.0,15882.0,0
20190822T,7860.0,7860.0,7860.0,7860.0,0
20190823T,9789.0,9789.0,9789.0,9789.0,0
20190826T,9076.0,9076.0,9076.0,9076.0,0
20190827T,900.0,900.0,900.0,900.0,0
20190828T,17860.0,17860.0,17860.0,17860.0,0
20190829T,39808.0,39808.0,39808.0,39808.0,0
20190830T,15817.0,15817.0,15817.0,15817.0,0
20190903T,15401.0,15401.0,15401.0,15401.0,0
20190904T,8254.0,8254.0,8254.0,8254.0,0
20190905T,13568.0,13568.0,13568.0,13568.0,0
20190906T,8397.0,8397.0,8397.0,8397.0,0
20190909T,6238.0,6238.0,6238.0,6238.0,0
20190911T,14702.0,14702.0,14702.0,14702.0,0
20190912T,15428.0,15428.0,15428.0,15428.0,0
20190913T,11291.0,11291.0,11291.0,11291.0,0
20190916T,17067.0,17067.0,17067.0,17067.0,0
20190917T,169.0,169.0,169.0,169.0,0
20190918T,805.0,805.0,805.0,805.0,0
20190919T,4578.0,4578.0,4578.0,4578.0,0
20190920T,-34456.0,-34456.0,-34456.0,-34456.0,0
20190923T,-37870.0,-37870.0,-37870.0,-37870.0,0
20190924T,-38012.0,-38012.0,-38012.0,-38012.0,0
20190925T,-35051.0,-35051.0,-35051.0,-35051.0,0
20190926T,-5404.0,-5404.0,-5404.0,-5404.0,0
20190927T,-8582.0,-8582.0,-8582.0,-8582.0,0
20190930T,-5145.0,-5145.0,-5145.0,-5145.0,0
20191001T,-2527.0,-2527.0,-2527.0,-2527.0,0
20191003T,-808.0,-808.0,-808.0,-808.0,0
20191004T,-827.0,-827.0,-827.0,-827.0,0
20191007T,-6751.0,-6751.0,-6751.0,-6751.0,0
20191009T,-1019.0,-1019.0,-1019.0,-1019.0,0
20191010T,-8452.0,-8452.0,-8452.0,-8452.0,0
20191011T,-3371.0,-3371.0,-3371.0,-3371.0,0
20191014T,-8166.0,-8166.0,-8166.0,-8166.0,0
20191015T,-13247.0,-13247.0,-13247.0,-13247.0,0
20191016T,-12490.0,-12490.0,-12490.0,-12490.0,0
20191017T,-13977.0,-13977.0,-13977.0,-13977.0,0
20191018T,-12276.0,-12276.0,-12276.0,-12276.0,0
20191022T,-15667.0,-15667.0,-15667.0,-15667.0,0
20191023T,-11577.0,-11577.0,-11577.0,-11577.0,0
20191024T,-7200.0,-7200.0,-7200.0,-7200.0,0
20191025T,-6096.0,-6096.0,-6096.0,-6096.0,0
20191029T,-14861.0,-14861.0,-14861.0,-14861.0,0
20191030T,-8572.0,-8572.0,-8572.0,-8572.0,0
20191031T,-10119.0,-10119.0,-10119.0,-10119.0,0
20191101T,-7304.0,-7304.0,-7304.0,-7304.0,0
20191104T,-5198.0,-5198.0,-5198.0,-5198.0,0
20191105T,-5534.0,-5534.0,-5534.0,-5534.0,0
20191106T,-12426.0,-12426.0,-12426.0,-12426.0,0
20191107T,-10108.0,-10108.0,-10108.0,-10108.0,0
20191108T,-12368.0,-12368.0,-12368.0,-12368.0,0
20191111T,-17027.0,-17027.0,-17027.0,-17027.0,0
20191113T,-18518.0,-18518.0,-18518.0,-18518.0,0
20191114T,-18978.0,-18978.0,-18978.0,-18978.0,0
20191115T,-7395.0,-7395.0,-7395.0,-7395.0,0
20191118T,-3831.0,-3831.0,-3831.0,-3831.0,0
20191119T,-6324.0,-6324.0,-6324.0,-6324.0,0
20191120T,-2875.0,-2875.0,-2875.0,-2875.0,0
20191121T,785.0,785.0,785.0,785.0,0
20191122T,6849.0,6849.0,6849.0,6849.0,0
20191125T,-317.0,-317.0,-317.0,-317.0,0
20191126T,-5512.0,-5512.0,-5512.0,-5512.0,0
20191127T,666.0,666.0,666.0,666.0,0
20191128T,-20844.0,-20844.0,-20844.0,-20844.0,0
20191129T,-14663.0,-14663.0,-14663.0,-14663.0,0
20191202T,-15645.0,-15645.0,-15645.0,-15645.0,0
20191203T,-18007.0,-18007.0,-18007.0,-18007.0,0
20191204T,-21213.0,-21213.0,-21213.0,-21213.0,0
20191205T,-15364.0,-15364.0,-15364.0,-15364.0,0
20191206T,-16389.0,-16389.0,-16389.0,-16389.0,0
20191209T,-17501.0,-17501.0,-17501.0,-17501.0,0
20191210T,-17528.0,-17528.0,-17528.0,-17528.0,0
20191211T,-21152.0,-21152.0,-21152.0,-21152.0,0
20191212T,-19414.0,-19414.0,-19414.0,-19414.0,0
20191213T,-16269.0,-16269.0,-16269.0,-16269.0,0
20191216T,-14576.0,-14576.0,-14576.0,-14576.0,0
20191217T,-16429.0,-16429.0,-16429.0,-16429.0,0
20191218T,-20771.0,-20771.0,-20771.0,-20771.0,0
20191219T,-24222.0,-24222.0,-24222.0,-24222.0,0
20191220T,-27465.0,-27465.0,-27465.0,-27465.0,0
20191223T,-26202.0,-26202.0,-26202.0,-26202.0,0
20191224T,-18859.0,-18859.0,-18859.0,-18859.0,0
20191226T,-17146.0,-17146.0,-17146.0,-17146.0,0
20191227T,-20499.0,-20499.0,-20499.0,-20499.0,0
20191230T,-16128.0,-16128.0,-16128.0,-16128.0,0
20191231T,-12097.0,-12097.0,-12097.0,-12097.0,0
20200101T,-14555.0,-14555.0,-14555.0,-14555.0,0
20200102T,-15023.0,-15023.0,-15023.0,-15023.0,0
20200103T,-16470.0,-16470.0,-16470.0,-16470.0,0
20200106T,-25835.0,-25835.0,-25835.0,-25835.0,0
20200107T,-30052.0,-30052.0,-30052.0,-30052.0,0
20200108T,-33716.0,-33716.0,-33716.0,-33716.0,0
20200109T,-18895.0,-18895.0,-18895.0,-18895.0,0
20200110T,-17529.0,-17529.0,-17529.0,-17529.0,0
20200113T,-19169.0,-19169.0,-19169.0,-19169.0,0
20200114T,-18999.0,-18999.0,-18999.0,-18999.0,0
20200115T,-18072.0,-18072.0,-18072.0,-18072.0,0
20200116T,-14505.0,-14505.0,-14505.0,-14505.0,0
20200117T,-15186.0,-15186.0,-15186.0,-15186.0,0
20200120T,-17638.0,-17638.0,-17638.0,-17638.0,0
20200121T,-20659.0,-20659.0,-20659.0,-20659.0,0
20200122T,-18282.0,-18282.0,-18282.0,-18282.0,0
20200123T,-18692.0,-18692.0,-18692.0,-18692.0,0
20200124T,-15011.0,-15011.0,-15011.0,-15011.0,0
20200127T,3871.0,3871.0,3871.0,3871.0,0
20200128T,7132.0,7132.0,7132.0,7132.0,0
20200129T,3891.0,3891.0,3891.0,3891.0,0
20200130T,1279.0,1279.0,1279.0,1279.0,0
20200131T,9118.0,9118.0,9118.0,9118.0,0
20200203T,4814.0,4814.0,4814.0,4814.0,0
20200204T,-449.0,-449.0,-449.0,-449.0,0
20200205T,1456.0,1456.0,1456.0,1456.0,0
20200206T,3726.0,3726.0,3726.0,3726.0,0
20200207T,675.0,675.0,675.0,675.0,0
20200210T,-2485.0,-2485.0,-2485.0,-2485.0,0
20200211T,-4590.0,-4590.0,-4590.0,-4590.0,0
20200212T,1493.0,1493.0,1493.0,1493.0,0
20200213T,4229.0,4229.0,4229.0,4229.0,0
20200214T,3893.0,3893.0,3893.0,3893.0,0
20200217T,332.0,332.0,332.0,332.0,0
20200218T,2241.0,2241.0,2241.0,2241.0,0
20200219T,-66.0,-66.0,-66.0,-66.0,0
20200220T,-1060.0,-1060.0,-1060.0,-1060.0,0
20200224T,9533.0,9533.0,9533.0,9533.0,0
20200225T,10341.0,10341.0,10341.0,10341.0,0
20200226T,9808.0,9808.0,9808.0,9808.0,0
20200227T,11318.0,11318.0,11318.0,11318.0,0
20200228T,16121.0,16121.0,16121.0,16121.0,0
20200302T,3795.0,3795.0,3795.0,3795.0,0
20200303T,-8302.0,-8302.0,-8302.0,-8302.0,0
20200304T,505.0,505.0,505.0,505.0,0
20200305T,2424.0,2424.0,2424.0,2424.0,0
20200306T,302.0,302.0,302.0,302.0,0
20200309T,835.0,835.0,835.0,835.0,0
20200311T,-4305.0,-4305.0,-4305.0,-4305.0,0
20200312T,5024.0,5024.0,5024.0,5024.0,0
20200313T,-21781.0,-21781.0,-21781.0,-21781.0,0
20200316T,-23078.0,-23078.0,-23078.0,-23078.0,0
20200317T,-23129.0,-23129.0,-23129.0,-23129.0,0
20200318T,-12871.0,-12871.0,-12871.0,-12871.0,0
20200319T,-14116.0,-14116.0,-14116.0,-14116.0,0
20200320T,-35206.0,-35206.0,-35206.0,-35206.0,0
20200323T,-26497.0,-26497.0,-26497.0,-26497.0,0
20200324T,-37317.0,-37317.0,-37317.0,-37317.0,0
20200325T,-45100.0,-45100.0,-45100.0,-45100.0,0
20200326T,-5010.0,-5010.0,-5010.0,-5010.0,0
20200327T,-2262.0,-2262.0,-2262.0,-2262.0,0
20200330T,619.0,619.0,619.0,619.0,0
20200331T,-3368.0,-3368.0,-3368.0,-3368.0,0
20200401T,2097.0,2097.0,2097.0,2097.0,0
20200403T,-562.0,-562.0,-562.0,-562.0,0
20200407T,-11737.0,-11737.0,-11737.0,-11737.0,0
20200408T,-4261.0,-4261.0,-4261.0,-4261.0,0
20200409T,2701.0,2701.0,2701.0,2701.0,0
20200413T,-3706.0,-3706.0,-3706.0,-3706.0,0
20200415T,-7051.0,-7051.0,-7051.0,-7051.0,0
20200416T,-1907.0,-1907.0,-1907.0,-1907.0,0
20200417T,-7581.0,-7581.0,-7581.0,-7581.0,0
20200420T,-5344.0,-5344.0,-5344.0,-5344.0,0
20200421T,1138.0,1138.0,1138.0,1138.0,0
20200422T,-3251.0,-3251.0,-3251.0,-3251.0,0
20200423T,-2985.0,-2985.0,-2985.0,-2985.0,0
20200424T,-1134.0,-1134.0,-1134.0,-1134.0,0
20200427T,7150.0,7150.0,7150.0,7150.0,0
20200428T,1439.0,1439.0,1439.0,1439.0,0
20200429T,10772.0,10772.0,10772.0,10772.0,0
20200430T,-13654.0,-13654.0,-13654.0,-13654.0,0
20200504T,-7585.0,-7585.0,-7585.0,-7585.0,0
20200505T,-8364.0,-8364.0,-8364.0,-8364.0,0
20200506T,-13977.0,-13977.0,-13977.0,-13977.0,0
20200507T,1092.0,1092.0,1092.0,1092.0,0
20200508T,-2474.0,-2474.0,-2474.0,-2474.0,0
20200511T,-4432.0,-4432.0,-4432.0,-4432.0,0
20200512T,4532.0,4532.0,4532.0,4532.0,0
20200513T,2868.0,2868.0,2868.0,2868.0,0
20200514T,5458.0,5458.0,5458.0,5458.0,0
20200515T,13054.0,13054.0,13054.0,13054.0,0
20200518T,18135.0,18135.0,18135.0,18135.0,0
20200519T,2983.0,2983.0,2983.0,2983.0,0
20200520T,8984.0,8984.0,8984.0,8984.0,0
20200521T,6381.0,6381.0,6381.0,6381.0,0
20200522T,10039.0,10039.0,10039.0,10039.0,0
20200526T,16717.0,16717.0,16717.0,16717.0,0
20200527T,8858.0,8858.0,8858.0,8858.0,0
20200528T,-23283.0,-23283.0,-23283.0,-23283.0,0
20200529T,-29566.0,-29566.0,-29566.0,-29566.0,0
20200601T,-25770.0,-25770.0,-25770.0,-25770.0,0
20200602T,-22809.0,-22809.0,-22809.0,-22809.0,0
20200603T,-11643.0,-11643.0,-11643.0,-11643.0,0
20200604T,-6076.0,-6076.0,-6076.0,-6076.0,0
20200605T,-256.0,-256.0,-256.0,-256.0,0
20200608T,-1067.0,-1067.0,-1067.0,-1067.0,0
20200609T,-4415.0,-4415.0,-4415.0,-4415.0,0
20200610T,-12100.0,-12100.0,-12100.0,-12100.0,0
20200611T,-9889.0,-9889.0,-9889.0,-9889.0,0
20200612T,-4881.0,-4881.0,-4881.0,-4881.0,0
20200615T,-9465.0,-9465.0,-9465.0,-9465.0,0
20200616T,-10951.0,-10951.0,-10951.0,-10951.0,0
20200617T,-16208.0,-16208.0,-16208.0,-16208.0,0
20200618T,-9030.0,-9030.0,-9030.0,-9030.0,0
20200619T,-7148.0,-7148.0,-7148.0,-7148.0,0
20200622T,-10815.0,-10815.0,-10815.0,-10815.0,0
20200623T,-12906.0,-12906.0,-12906.0,-12906.0,0
20200624T,-12.0,-12.0,-12.0,-12.0,0
20200625T,-9008.0,-9008.0,-9008.0,-9008.0,0
20200626T,-11991.0,-11991.0,-11991.0,-11991.0,0
20200629T,-1249.0,-1249.0,-1249.0,-1249.0,0
20200630T,-8487.0,-8487.0,-8487.0,-8487.0,0
20200701T,-11506.0,-11506.0,-11506.0,-11506.0,0
20200702T,-9803.0,-9803.0,-9803.0,-9803.0,0
20200703T,-8842.0,-8842.0,-8842.0,-8842.0,0
20200706T,-6495.0,-6495.0,-6495.0,-6495.0,0
20200707T,-13203.0,-13203.0,-13203.0,-13203.0,0
20200708T,-14249.0,-14249.0,-14249.0,-14249.0,0
20200709T,-16267.0,-16267.0,-16267.0,-16267.0,0
20200710T,-11743.0,-11743.0,-11743.0,-11743.0,0
20200713T,-2290.0,-2290.0,-2290.0,-2290.0,0
20200714T,3948.0,3948.0,3948.0,3948.0,0
20200715T,-1828.0,-1828.0,-1828.0,-1828.0,0
20200716T,-3540.0,-3540.0,-3540.0,-3540.0,0
20200717T,-10907.0,-10907.0,-10907.0,-10907.0,0
20200720T,-5765.0,-5765.0,-5765.0,-5765.0,0
20200721T,-5901.0,-5901.0,-5901.0,-5901.0,0
20200722T,-9119.0,-9119.0,-9119.0,-9119.0,0
20200723T,-6814.0,-6814.0,-6814.0,-6814.0,0
20200724T,-1269.0,-1269.0,-1269.0,-1269.0,0
20200727T,9306.0,9306.0,9306.0,9306.0,0
20200728T,16899.0,16899.0,16899.0,16899.0,0
20200729T,36461.0,36461.0,36461.0,36461.0,0
20200730T,843.0,843.0,843.0,843.0,0
20200803T,10223.0,10223.0,10223.0,10223.0,0
20200804T,-8272.0,-8272.0,-8272.0,-8272.0,0
20200805T,6115.0,6115.0,6115.0,6115.0,0
20200806T,4361.0,4361.0,4361.0,4361.0,0
20200807T,833.0,833.0,833.0,833.0,0
20200810T,10279.0,10279.0,10279.0,10279.0,0
20200811T,13086.0,13086.0,13086.0,13086.0,0
20200812T,18178.0,18178.0,18178.0,18178.0,0
20200813T,11996.0,11996.0,11996.0,11996.0,0
20200814T,5372.0,5372.0,5372.0,5372.0,0
20200817T,-534.0,-534.0,-534.0,-534.0,0
20200818T,-2618.0,-2618.0,-2618.0,-2618.0,0
20200819T,5592.0,5592.0,5592.0,5592.0,0
20200820T,12146.0,12146.0,12146.0,12146.0,0
20200821T,10347.0,10347.0,10347.0,10347.0,0
20200824T,6988.0,6988.0,6988.0,6988.0,0
20200825T,6846.0,6846.0,6846.0,6846.0,0
20200826T,985.0,985.0,985.0,985.0,0
20200827T,-16079.0,-16079.0,-16079.0,-16079.0,0
20200828T,-18366.0,-18366.0,-18366.0,-18366.0,0
20200831T,4436.0,4436.0,4436.0,4436.0,0
20200901T,-711.0,-711.0,-711.0,-711.0,0
20200902T,-4653.0,-4653.0,-4653.0,-4653.0,0
20200903T,-1240.0,-1240.0,-1240.0,-1240.0,0
20200904T,6752.0,6752.0,6752.0,6752.0,0
20200907T,-1977.0,-1977.0,-1977.0,-1977.0,0
20200908T,2130.0,2130.0,2130.0,2130.0,0
20200909T,-431.0,-431.0,-431.0,-431.0,0
20200910T,-979.0,-979.0,-979.0,-979.0,0
20200911T,-4566.0,-4566.0,-4566.0,-4566.0,0
20200914T,5298.0,5298.0,5298.0,5298.0,0
20200915T,-4890.0,-4890.0,-4890.0,-4890.0,0
20200916T,-2211.0,-2211.0,-2211.0,-2211.0,0
20200917T,6076.0,6076.0,6076.0,6076.0,0
20200918T,9608.0,9608.0,9608.0,9608.0,0
20200921T,19768.0,19768.0,19768.0,19768.0,0
20200922T,16337.0,16337.0,16337.0,16337.0,0
20200923T,16536.0,16536.0,16536.0,16536.0,0
20200924T,11071.0,11071.0,11071.0,11071.0,0
20200925T,9216.0,9216.0,9216.0,9216.0,0
20200928T,2914.0,2914.0,2914.0,2914.0,0
20200929T,11372.0,11372.0,11372.0,11372.0,0
20200930T,6921.0,6921.0,6921.0,6921.0,0
20201001T,911.0,911.0,911.0,911.0,0
20201005T,2922.0,2922.0,2922.0,2922.0,0
20201006T,-4660.0,-4660.0,-4660.0,-4660.0,0
20201007T,159.0,159.0,159.0,159.0,0
20201008T,4061.0,4061.0,4061.0,4061.0,0
20201009T,-8088.0,-8088.0,-8088.0,-8088.0,0
20201012T,4904.0,4904.0,4904.0,4904.0,0
20201013T,3104.0,3104.0,3104.0,3104.0,0
20201014T,6065.0,6065.0,6065.0,6065.0,0
20201015T,17119.0,17119.0,17119.0,17119.0,0
20201016T,2602.0,2602.0,2602.0,2602.0,0
20201019T,6373.0,6373.0,6373.0,6373.0,0
20201020T,10113.0,10113.0,10113.0,10113.0,0
20201021T,10508.0,10508.0,10508.0,10508.0,0
20201022T,8721.0,8721.0,8721.0,8721.0,0
20201023T,12973.0,12973.0,12973.0,12973.0,0
20201026T,29154.0,29154.0,29154.0,29154.0,0
20201027T,17409.0,17409.0,17409.0,17409.0,0
20201028T,22384.0,22384.0,22384.0,22384.0,0
20201029T,1207.0,1207.0,1207.0,1207.0,0
20201030T,-2028.0,-2028.0,-2028.0,-2028.0,0
20201102T,-11505.0,-11505.0,-11505.0,-11505.0,0
20201103T,-4292.0,-4292.0,-4292.0,-4292.0,0
20201104T,-4079.0,-4079.0,-4079.0,-4079.0,0
20201105T,-14969.0,-14969.0,-14969.0,-14969.0,0
20201106T,-14363.0,-14363.0,-14363.0,-14363.0,0
20201109T,-12194.0,-12194.0,-12194.0,-12194.0,0
20201110T,-8093.0,-8093.0,-8093.0,-8093.0,0
20201111T,2244.0,2244.0,2244.0,2244.0,0
20201112T,4899.0,4899.0,4899.0,4899.0,0
20201113T,3023.0,3023.0,3023.0,3023.0,0
20201117T,2847.0,2847.0,2847.0,2847.0,0
20201118T,154.0,154.0,154.0,154.0,0
20201119T,8118.0,8118.0,8118.0,8118.0,0
20201120T,9054.0,9054.0,9054.0,9054.0,0
20201123T,18039.0,18039.0,18039.0,18039.0,0
20201124T,13511.0,13511.0,13511.0,13511.0,0
20201125T,17722.0,17722.0,17722.0,17722.0,0
20201126T,-8973.0,-8973.0,-8973.0,-8973.0,0
20201127T,-9945.0,-9945.0,-9945.0,-9945.0,0
20201201T,-11284.0,-11284.0,-11284.0,-11284.0,0
20201202T,-7121.0,-7121.0,-7121.0,-7121.0,0
20201203T,-4563.0,-4563.0,-4563.0,-4563.0,0
20201204T,-16293.0,-16293.0,-16293.0,-16293.0,0
20201207T,-14000.0,-14000.0,-14000.0,-14000.0,0
20201208T,-8512.0,-8512.0,-8512.0,-8512.0,0
20201209T,-9820.0,-9820.0,-9820.0,-9820.0,0
20201210T,-3823.0,-3823.0,-3823.0,-3823.0,0
20201211T,-230.0,-230.0,-230.0,-230.0,0
20201214T,2226.0,2226.0,2226.0,2226.0,0
20201215T,-910.0,-910.0,-910.0,-910.0,0
20201216T,-7749.0,-7749.0,-7749.0,-7749.0,0
20201217T,-2502.0,-2502.0,-2502.0,-2502.0,0
20201218T,1297.0,1297.0,1297.0,1297.0,0
20201221T,17447.0,17447.0,17447.0,17447.0,0
20201222T,10069.0,10069.0,10069.0,10069.0,0
20201223T,234.0,234.0,234.0,234.0,0
20201224T,2726.0,2726.0,2726.0,2726.0,0
20201228T,1070.0,1070.0,1070.0,1070.0,0
20201229T,7869.0,7869.0,7869.0,7869.0,0
20201230T,16461.0,16461.0,16461.0,16461.0,0
20201231T,-7235.0,-7235.0,-7235.0,-7235.0,0
20210101T,-6353.0,-6353.0,-6353.0,-6353.0,0
20210104T,-11071.0,-11071.0,-11071.0,-11071.0,0
20210105T,-13771.0,-13771.0,-13771.0,-13771.0,0
20210106T,-6082.0,-6082.0,-6082.0,-6082.0,0
20210107T,-8328.0,-8328.0,-8328.0,-8328.0,0
20210108T,-9629.0,-9629.0,-9629.0,-9629.0,0
20210111T,-13154.0,-13154.0,-13154.0,-13154.0,0
20210112T,-12079.0,-12079.0,-12079.0,-12079.0,0
20210113T,-2048.0,-2048.0,-2048.0,-2048.0,0
20210114T,-4261.0,-4261.0,-4261.0,-4261.0,0
20210115T,665.0,665.0,665.0,665.0,0
20210118T,10586.0,10586.0,10586.0,10586.0,0
20210119T,7222.0,7222.0,7222.0,7222.0,0
20210120T,9003.0,9003.0,9003.0,9003.0,0
20210121T,18154.0,18154.0,18154.0,18154.0,0
20210122T,20550.0,20550.0,20550.0,20550.0,0
20210125T,13670.0,13670.0,13670.0,13670.0,0
20210127T,6150.0,6150.0,6150.0,6150.0,0
20210128T,-3838.0,-3838.0,-3838.0,-3838.0,0
20210129T,-6444.0,-6444.0,-6444.0,-6444.0,0
20210201T,-29855.0,-29855.0,-29855.0,-29855.0,0
20210202T,-12339.0,-12339.0,-12339.0,-12339.0,0
20210203T,-15447.0,-15447.0,-15447.0,-15447.0,0
20210204T,-2713.0,-2713.0,-2713.0,-2713.0,0
20210205T,-1757.0,-1757.0,-1757.0,-1757.0,0
20210208T,-688.0,-688.0,-688.0,-688.0,0
20210209T,268.0,268.0,268.0,268.0,0
20210210T,842.0,842.0,842.0,842.0,0
20210211T,500.0,500.0,500.0,500.0,0
20210212T,3031.0,3031.0,3031.0,3031.0,0
20210215T,-4764.0,-4764.0,-4764.0,-4764.0,0
20210216T,2029.0,2029.0,2029.0,2029.0,0
20210217T,2121.0,2121.0,2121.0,2121.0,0
20210218T,4746.0,4746.0,4746.0,4746.0,0
20210219T,7453.0,7453.0,7453.0,7453.0,0
20210222T,-1417.0,-1417.0,-1417.0,-1417.0,0
20210223T,-6015.0,-6015.0,-6015.0,-6015.0,0
20210224T,-2412.0,-2412.0,-2412.0,-2412.0,0
20210225T,-3781.0,-3781.0,-3781.0,-3781.0,0
20210226T,-6080.0,-6080.0,-6080.0,-6080.0,0
20210301T,-1863.0,-1863.0,-1863.0,-1863.0,0
20210302T,-4525.0,-4525.0,-4525.0,-4525.0,0
20210303T,-10880.0,-10880.0,-10880.0,-10880.0,0
20210304T,-16712.0,-16712.0,-16712.0,-16712.0,0
20210305T,-12672.0,-12672.0,-12672.0,-12672.0,0
20210308T,-6443.0,-6443.0,-6443.0,-6443.0,0
20210309T,-13944.0,-13944.0,-13944.0,-13944.0,0
20210310T,-8921.0,-8921.0,-8921.0,-8921.0,0
20210312T,-605.0,-605.0,-605.0,-605.0,0
20210315T,-11322.0,-11322.0,-11322.0,-11322.0,0
20210316T,-3380.0,-3380.0,-3380.0,-3380.0,0
20210317T,-8176.0,-8176.0,-8176.0,-8176.0,0
20210318T,-4954.0,-4954.0,-4954.0,-4954.0,0
20210319T,-19016.0,-19016.0,-19016.0,-19016.0,0
20210322T,-26673.0,-26673.0,-26673.0,-26673.0,0
20210323T,-36766.0,-36766.0,-36766.0,-36766.0,0
20210324T,-19379.0,-19379.0,-19379.0,-19379.0,0
20210325T,-6123.0,-6123.0,-6123.0,-6123.0,0
20210326T,-10553.0,-10553.0,-10553.0,-10553.0,0
20210330T,-12497.0,-12497.0,-12497.0,-12497.0,0
20210331T,-1753.0,-1753.0,-1753.0,-1753.0,0
20210401T,-8903.0,-8903.0,-8903.0,-8903.0,0
20210405T,480.0,480.0,480.0,480.0,0
20210406T,-4513.0,-4513.0,-4513.0,-4513.0,0
20210407T,-8626.0,-8626.0,-8626.0,-8626.0,0
20210408T,-6196.0,-6196.0,-6196.0,-6196.0,0
20210409T,-10699.0,-10699.0,-10699.0,-10699.0,0
20210412T,1742.0,1742.0,1742.0,1742.0,0
20210413T,-11005.0,-11005.0,-11005.0,-11005.0,0
20210415T,-16278.0,-16278.0,-16278.0,-16278.0,0
20210416T,-8963.0,-8963.0,-8963.0,-8963.0,0
20210419T,-10613.0,-10613.0,-10613.0,-10613.0,0
20210420T,-5329.0,-5329.0,-5329.0,-5329.0,0
20210422T,-23228.0,-23228.0,-23228.0,-23228.0,0
20210423T,-17134.0,-17134.0,-17134.0,-17134.0,0
20210426T,-27845.0,-27845.0,-27845.0,-27845.0,0
20210427T,-27147.0,-27147.0,-27147.0,-27147.0,0
20210428T,-15176.0,-15176.0,-15176.0,-15176.0,0
20210429T,-7979.0,-7979.0,-7979.0,-7979.0,0
20210430T,-5834.0,-5834.0,-5834.0,-5834.0,0
20210503T,-15560.0,-15560.0,-15560.0,-15560.0,0
20210504T,-12158.0,-12158.0,-12158.0,-12158.0,0
20210505T,-17780.0,-17780.0,-17780.0,-17780.0,0
20210506T,-13322.0,-13322.0,-13322.0,-13322.0,0
20210507T,-12945.0,-12945.0,-12945.0,-12945.0,0
20210510T,-10460.0,-10460.0,-10460.0,-10460.0,0
20210511T,-331.0,-331.0,-331.0,-331.0,0
20210512T,-2655.0,-2655.0,-2655.0,-2655.0,0
20210514T,-5658.0,-5658.0,-5658.0,-5658.0,0
20210517T,-24092.0,-24092.0,-24092.0,-24092.0,0
20210518T,-9037.0,-9037.0,-9037.0,-9037.0,0
20210519T,-13404.0,-13404.0,-13404.0,-13404.0,0
20210520T,-10254.0,-10254.0,-10254.0,-10254.0,0
20210521T,-6044.0,-6044.0,-6044.0,-6044.0,0
20210524T,1313.0,1313.0,1313.0,1313.0,0
20210525T,-392.0,-392.0,-392.0,-392.0,0
20210526T,-6328.0,-6328.0,-6328.0,-6328.0,0
20210527T,-14259.0,-14259.0,-14259.0,-14259.0,0
20210528T,-13089.0,-13089.0,-13089.0,-13089.0,0
20210531T,-10006.0,-10006.0,-10006.0,-10006.0,0
20210601T,-9104.0,-9104.0,-9104.0,-9104.0,0
20210602T,-14344.0,-14344.0,-14344.0,-14344.0,0
20210603T,-7901.0,-7901.0,-7901.0,-7901.0,0
20210604T,-3110.0,-3110.0,-3110.0,-3110.0,0
20210607T,-1494.0,-1494.0,-1494.0,-1494.0,0
20210608T,-4018.0,-4018.0,-4018.0,-4018.0,0
20210609T,-939.0,-939.0,-939.0,-939.0,0
20210610T,-9147.0,-9147.0,-9147.0,-9147.0,0
20210611T,-12607.0,-12607.0,-12607.0,-12607.0,0
20210614T,-16643.0,-16643.0,-16643.0,-16643.0,0
20210615T,-19395.0,-19395.0,-19395.0,-19395.0,0
20210616T,-6987.0,-6987.0,-6987.0,-6987.0,0
20210617T,-2559.0,-2559.0,-2559.0,-2559.0,0
20210618T,2672.0,2672.0,2672.0,2672.0,0
20210621T,-6020.0,-6020.0,-6020.0,-6020.0,0
20210622T,-1036.0,-1036.0,-1036.0,-1036.0,0
20210623T,-2202.0,-2202.0,-2202.0,-2202.0,0
20210624T,-1500.0,-1500.0,-1500.0,-1500.0,0
20210625T,2167.0,2167.0,2167.0,2167.0,0
20210628T,2588.0,2588.0,2588.0,2588.0,0
20210629T,12469.0,12469.0,12469.0,12469.0,0
20210630T,17591.0,17591.0,17591.0,17591.0,0
20210701T,9388.0,9388.0,9388.0,9388.0,0
20210702T,7715.0,7715.0,7715.0,7715.0,0
20210705T,1341.0,1341.0,1341.0,1341.0,0
20210706T,11092.0,11092.0,11092.0,11092.0,0
20210707T,8146.0,8146.0,8146.0,8146.0,0
20210708T,19028.0,19028.0,19028.0,19028.0,0
20210709T,16658.0,16658.0,16658.0,16658.0,0
20210712T,21921.0,21921.0,21921.0,21921.0,0
20210713T,-5934.0,-5934.0,-5934.0,-5934.0,0
20210714T,-5474.0,-5474.0,-5474.0,-5474.0,0
20210715T,-5679.0,-5679.0,-5679.0,-5679.0,0
20210716T,5596.0,5596.0,5596.0,5596.0,0
20210719T,27174.0,27174.0,27174.0,27174.0,0
20210720T,39815.0,39815.0,39815.0,39815.0,0
20210722T,22830.0,22830.0,22830.0,22830.0,0
20210723T,17833.0,17833.0,17833.0,17833.0,0
20210726T,31822.0,31822.0,31822.0,31822.0,0
20210727T,49773.0,49773.0,49773.0,49773.0,0
20210728T,37841.0,37841.0,37841.0,37841.0,0
20210729T,10073.0,10073.0,10073.0,10073.0,0
20210730T,8242.0,8242.0,8242.0,8242.0,0
20210802T,2866.0,2866.0,2866.0,2866.0,0
20210803T,-22437.0,-22437.0,-22437.0,-22437.0,0
20210804T,-20498.0,-20498.0,-20498.0,-20498.0,0
20210805T,-17916.0,-17916.0,-17916.0,-17916.0,0
20210806T,-16315.0,-16315.0,-16315.0,-16315.0,0
20210809T,-20683.0,-20683.0,-20683.0,-20683.0,0
20210810T,-19086.0,-19086.0,-19086.0,-19086.0,0
20210811T,-15937.0,-15937.0,-15937.0,-15937.0,0
20210812T,-24673.0,-24673.0,-24673.0,-24673.0,0
20210813T,-23592.0,-23592.0,-23592.0,-23592.0,0
20210816T,-21145.0,-21145.0,-21145.0,-21145.0,0
20210817T,-17388.0,-17388.0,-17388.0,-17388.0,0
20210818T,-13014.0,-13014.0,-13014.0,-13014.0,0
20210820T,115.0,115.0,115.0,115.0,0
20210823T,2252.0,2252.0,2252.0,2252.0,0
20210824T,-12233.0,-12233.0,-12233.0,-12233.0,0
20210825T,-8889.0,-8889.0,-8889.0,-8889.0,0
20210826T,-10633.0,-10633.0,-10633.0,-10633.0,0
20210827T,-20850.0,-20850.0,-20850.0,-20850.0,0
20210830T,-26364.0,-26364.0,-26364.0,-26364.0,0
20210831T,-26047.0,-26047.0,-26047.0,-26047.0,0
20210901T,-26322.0,-26322.0,-26322.0,-26322.0,0
20210902T,-35569.0,-35569.0,-35569.0,-35569.0,0
20210903T,-24615.0,-24615.0,-24615.0,-24615.0,0
20210906T,-29029.0,-29029.0,-29029.0,-29029.0,0
20210907T,-26426.0,-26426.0,-26426.0,-26426.0,0
20210908T,-27283.0,-27283.0,-27283.0,-27283.0,0
20210909T,-18588.0,-18588.0,-18588.0,-18588.0,0
20210913T,-12399.0,-12399.0,-12399.0,-12399.0,0
20210914T,-5243.0,-5243.0,-5243.0,-5243.0,0
20210915T,-15842.0,-15842.0,-15842.0,-15842.0,0
20210916T,-6800.0,-6800.0,-6800.0,-6800.0,0
20210917T,-10186.0,-10186.0,-10186.0,-10186.0,0
20210920T,6980.0,6980.0,6980.0,6980.0,0
20210921T,1326.0,1326.0,1326.0,1326.0,0
20210922T,2458.0,2458.0,2458.0,2458.0,0
20210923T,-3943.0,-3943.0,-3943.0,-3943.0,0
20210924T,3128.0,3128.0,3128.0,3128.0,0
20210927T,8737.0,8737.0,8737.0,8737.0,0
20210928T,16722.0,16722.0,16722.0,16722.0,0
20210929T,21672.0,21672.0,21672.0,21672.0,0
20210930T,779.0,779.0,779.0,779.0,0
20211001T,-9160.0,-9160.0,-9160.0,-9160.0,0
20211004T,-7708.0,-7708.0,-7708.0,-7708.0,0
20211005T,-11736.0,-11736.0,-11736.0,-11736.0,0
20211006T,-6316.0,-6316.0,-6316.0,-6316.0,0
20211007T,-13739.0,-13739.0,-13739.0,-13739.0,0
20211008T,-18456.0,-18456.0,-18456.0,-18456.0,0
20211011T,-23598.0,-23598.0,-23598.0,-23598.0,0
20211012T,-22459.0,-22459.0,-22459.0,-22459.0,0
20211013T,-27721.0,-27721.0,-27721.0,-27721.0,0
20211014T,-27085.0,-27085.0,-27085.0,-27085.0,0
20211018T,-25505.0,-25505.0,-25505.0,-25505.0,0
20211019T,-5075.0,-5075.0,-5075.0,-5075.0,0
20211020T,1266.0,1266.0,1266.0,1266.0,0
20211021T,9912.0,9912.0,9912.0,9912.0,0
20211022T,19735.0,19735.0,19735.0,19735.0,0
20211025T,29383.0,29383.0,29383.0,29383.0,0
20211026T,24545.0,24545.0,24545.0,24545.0,0
20211027T,32550.0,32550.0,32550.0,32550.0,0
20211028T,27834.0,27834.0,27834.0,27834.0,0
20211029T,30269.0,30269.0,30269.0,30269.0,0
20211101T,31930.0,31930.0,31930.0,31930.0,0
20211102T,26210.0,26210.0,26210.0,26210.0,0
20211103T,23972.0,23972.0,23972.0,23972.0,0
20211108T,16843.0,16843.0,16843.0,16843.0,0
20211109T,25200.0,25200.0,25200.0,25200.0,0
20211110T,15093.0,15093.0,15093.0,15093.0,0
20211111T,13079.0,13079.0,13079.0,13079.0,0
20211112T,5973.0,5973.0,5973.0,5973.0,0
20211115T,15600.0,15600.0,15600.0,15600.0,0
20211116T,17223.0,17223.0,17223.0,17223.0,0
20211117T,14869.0,14869.0,14869.0,14869.0,0
20211118T,12081.0,12081.0,12081.0,12081.0,0
20211122T,15999.0,15999.0,15999.0,15999.0,0
20211123T,18987.0,18987.0,18987.0,18987.0,0
20211124T,22286.0,22286.0,22286.0,22286.0,0
20211125T,4873.0,4873.0,4873.0,4873.0,0
20211126T,18740.0,18740.0,18740.0,18740.0,0
20211129T,11072.0,11072.0,11072.0,11072.0,0
20211130T,9329.0,9329.0,9329.0,9329.0,0
20211201T,5756.0,5756.0,5756.0,5756.0,0
20211202T,8348.0,8348.0,8348.0,8348.0,0
20211203T,-1306.0,-1306.0,-1306.0,-1306.0,0
20211206T,2540.0,2540.0,2540.0,2540.0,0
20211207T,-4506.0,-4506.0,-4506.0,-4506.0,0
20211208T,-10254.0,-10254.0,-10254.0,-10254.0,0
20211209T,-10941.0,-10941.0,-10941.0,-10941.0,0
20211210T,-17418.0,-17418.0,-17418.0,-17418.0,0
20211213T,-10854.0,-10854.0,-10854.0,-10854.0,0
20211214T,-13219.0,-13219.0,-13219.0,-13219.0,0
20211215T,-7748.0,-7748.0,-7748.0,-7748.0,0
20211216T,-6001.0,-6001.0,-6001.0,-6001.0,0
20211217T,5264.0,5264.0,5264.0,5264.0,0
20211220T,22872.0,22872.0,22872.0,22872.0,0
20211221T,13927.0,13927.0,13927.0,13927.0,0
20211222T,5015.0,5015.0,5015.0,5015.0,0
20211223T,-5263.0,-5263.0,-5263.0,-5263.0,0
20211224T,-2197.0,-2197.0,-2197.0,-2197.0,0
20211227T,-11708.0,-11708.0,-11708.0,-11708.0,0
20211228T,-12382.0,-12382.0,-12382.0,-12382.0,0
20211229T,-11476.0,-11476.0,-11476.0,-11476.0,0
20211230T,-878.0,-878.0,-878.0,-878.0,0
20211231T,-12969.0,-12969.0,-12969.0,-12969.0,0
20220103T,-21299.0,-21299.0,-21299.0,-21299.0,0
20220104T,-13154.0,-13154.0,-13154.0,-13154.0,0
20220105T,-8502.0,-8502.0,-8502.0,-8502.0,0
20220106T,-14067.0,-14067.0,-14067.0,-14067.0,0
20220107T,-15024.0,-15024.0,-15024.0,-15024.0,0
20220110T,-21515.0,-21515.0,-21515.0,-21515.0,0
20220111T,-15548.0,-15548.0,-15548.0,-15548.0,0
20220112T,-7827.0,-7827.0,-7827.0,-7827.0,0
20220113T,-6151.0,-6151.0,-6151.0,-6151.0,0
20220114T,-9221.0,-9221.0,-9221.0,-9221.0,0
20220117T,-7180.0,-7180.0,-7180.0,-7180.0,0
20220118T,4201.0,4201.0,4201.0,4201.0,0
20220119T,-4457.0,-4457.0,-4457.0,-4457.0,0
20220120T,-3606.0,-3606.0,-3606.0,-3606.0,0
20220121T,1509.0,1509.0,1509.0,1509.0,0
20220124T,12692.0,12692.0,12692.0,12692.0,0
20220125T,126.0,126.0,126.0,126.0,0
20220127T,18985.0,18985.0,18985.0,18985.0,0
20220128T,23775.0,23775.0,23775.0,23775.0,0
20220131T,19066.0,19066.0,19066.0,19066.0,0
20220201T,31069.0,31069.0,31069.0,31069.0,0
20220202T,16529.0,16529.0,16529.0,16529.0,0
20220203T,4081.0,4081.0,4081.0,4081.0,0
20220204T,2368.0,2368.0,2368.0,2368.0,0
20220207T,-5826.0,-5826.0,-5826.0,-5826.0,0
20220208T,-8507.0,-8507.0,-8507.0,-8507.0,0
20220209T,-4242.0,-4242.0,-4242.0,-4242.0,0
20220210T,-5485.0,-5485.0,-5485.0,-5485.0,0
20220211T,418.0,418.0,418.0,418.0,0
20220214T,-4218.0,-4218.0,-4218.0,-4218.0,0
20220215T,-1781.0,-1781.0,-1781.0,-1781.0,0
20220216T,4987.0,4987.0,4987.0,4987.0,0
20220217T,-5266.0,-5266.0,-5266.0,-5266.0,0
20220218T,-2613.0,-2613.0,-2613.0,-2613.0,0
20220221T,2981.0,2981.0,2981.0,2981.0,0
20220222T,6205.0,6205.0,6205.0,6205.0,0
20220223T,3042.0,3042.0,3042.0,3042.0,0
20220224T,7606.0,7606.0,7606.0,7606.0,0
20220225T,5293.0,5293.0,5293.0,5293.0,0
20220228T,-2942.0,-2942.0,-2942.0,-2942.0,0
20220302T,-5907.0,-5907.0,-5907.0,-5907.0,0
20220303T,-3242.0,-3242.0,-3242.0,-3242.0,0
20220304T,-11316.0,-11316.0,-11316.0,-11316.0,0
20220307T,6508.0,6508.0,6508.0,6508.0,0
20220308T,11443.0,11443.0,11443.0,11443.0,0
20220309T,10682.0,10682.0,10682.0,10682.0,0
20220310T,-4528.0,-4528.0,-4528.0,-4528.0,0
20220311T,-9883.0,-9883.0,-9883.0,-9883.0,0
20220314T,-12494.0,-12494.0,-12494.0,-12494.0,0
20220315T,-15117.0,-15117.0,-15117.0,-15117.0,0
20220316T,-9191.0,-9191.0,-9191.0,-9191.0,0
20220317T,-13578.0,-13578.0,-13578.0,-13578.0,0
20220321T,-15214.0,-15214.0,-15214.0,-15214.0,0
20220322T,-3310.0,-3310.0,-3310.0,-3310.0,0
20220323T,2283.0,2283.0,2283.0,2283.0,0
20220324T,-2827.0,-2827.0,-2827.0,-2827.0,0
20220325T,-4536.0,-4536.0,-4536.0,-4536.0,0
20220328T,-7140.0,-7140.0,-7140.0,-7140.0,0
20220329T,-1357.0,-1357.0,-1357.0,-1357.0,0
20220330T,2839.0,2839.0,2839.0,2839.0,0
20220331T,-8350.0,-8350.0,-8350.0,-8350.0,0
20220401T,-6109.0,-6109.0,-6109.0,-6109.0,0
20220404T,-3010.0,-3010.0,-3010.0,-3010.0,0
20220405T,-9080.0,-9080.0,-9080.0,-9080.0,0
20220406T,-15261.0,-15261.0,-15261.0,-15261.0,0
20220407T,-12880.0,-12880.0,-12880.0,-12880.0,0
20220408T,-2593.0,-2593.0,-2593.0,-2593.0,0
20220411T,-4349.0,-4349.0,-4349.0,-4349.0,0
20220412T,-13052.0,-13052.0,-13052.0,-13052.0,0
20220413T,-5947.0,-5947.0,-5947.0,-5947.0,0
20220418T,-14153.0,-14153.0,-14153.0,-14153.0,0
20220419T,3384.0,3384.0,3384.0,3384.0,0
20220420T,-1847.0,-1847.0,-1847.0,-1847.0,0
20220421T,-20849.0,-20849.0,-20849.0,-20849.0,0
20220422T,-22671.0,-22671.0,-22671.0,-22671.0,0
20220425T,-17541.0,-17541.0,-17541.0,-17541.0,0
20220426T,-9615.0,-9615.0,-9615.0,-9615.0,0
20220427T,12028.0,12028.0,12028.0,12028.0,0
20220428T,13855.0,13855.0,13855.0,13855.0,0
20220429T,13234.0,13234.0,13234.0,13234.0,0
20220502T,18113.0,18113.0,18113.0,18113.0,0
20220504T,15571.0,15571.0,15571.0,15571.0,0
20220505T,9370.0,9370.0,9370.0,9370.0,0
20220506T,21621.0,21621.0,21621.0,21621.0,0
20220509T,26421.0,26421.0,26421.0,26421.0,0
20220510T,33192.0,33192.0,33192.0,33192.0,0
20220511T,32668.0,32668.0,32668.0,32668.0,0
20220512T,28486.0,28486.0,28486.0,28486.0,0
20220513T,20260.0,20260.0,20260.0,20260.0,0
20220516T,7592.0,7592.0,7592.0,7592.0,0
20220517T,4851.0,4851.0,4851.0,4851.0,0
20220518T,-63.0,-63.0,-63.0,-63.0,0
20220519T,2148.0,2148.0,2148.0,2148.0,0
20220520T,1038.0,1038.0,1038.0,1038.0,0
20220523T,4123.0,4123.0,4123.0,4123.0,0
20220524T,11247.0,11247.0,11247.0,11247.0,0
20220525T,7292.0,7292.0,7292.0,7292.0,0
20220526T,19188.0,19188.0,19188.0,19188.0,0
20220527T,16177.0,16177.0,16177.0,16177.0,0
20220530T,22408.0,22408.0,22408.0,22408.0,0
20220531T,11718.0,11718.0,11718.0,11718.0,0
20220601T,8835.0,8835.0,8835.0,8835.0,0
20220602T,8492.0,8492.0,8492.0,8492.0,0
20220603T,10134.0,10134.0,10134.0,10134.0,0
20220606T,3199.0,3199.0,3199.0,3199.0,0
20220607T,8462.0,8462.0,8462.0,8462.0,0
20220608T,9499.0,9499.0,9499.0,9499.0,0
20220609T,5203.0,5203.0,5203.0,5203.0,0
20220610T,25360.0,25360.0,25360.0,25360.0,0
20220613T,37552.0,37552.0,37552.0,37552.0,0
20220614T,33916.0,33916.0,33916.0,33916.0,0
20220615T,25932.0,25932.0,25932.0,25932.0,0
20220616T,23819.0,23819.0,23819.0,23819.0,0
20220617T,22414.0,22414.0,22414.0,22414.0,0
20220620T,20714.0,20714.0,20714.0,20714.0,0
20220621T,6755.0,6755.0,6755.0,6755.0,0
20220622T,2527.0,2527.0,2527.0,2527.0,0
20220623T,2454.0,2454.0,2454.0,2454.0,0
20220624T,-10328.0,-10328.0,-10328.0,-10328.0,0
20220627T,-3313.0,-3313.0,-3313.0,-3313.0,0
20220628T,-11483.0,-11483.0,-11483.0,-11483.0,0
20220629T,13518.0,13518.0,13518.0,13518.0,0
20220630T,561.0,561.0,561.0,561.0,0
20220701T,-9561.0,-9561.0,-9561.0,-9561.0,0
20220704T,-15036.0,-15036.0,-15036.0,-15036.0,0
20220705T,-7170.0,-7170.0,-7170.0,-7170.0,0
20220706T,-29184.0,-29184.0,-29184.0,-29184.0,0
20220707T,-22317.0,-22317.0,-22317.0,-22317.0,0
20220708T,-29802.0,-29802.0,-29802.0,-29802.0,0
20220711T,-33767.0,-33767.0,-33767.0,-33767.0,0
20220712T,-14943.0,-14943.0,-14943.0,-14943.0,0
20220713T,-18460.0,-18460.0,-18460.0,-18460.0,0
20220714T,-29925.0,-29925.0,-29925.0,-29925.0,0
20220715T,-35348.0,-35348.0,-35348.0,-35348.0,0
20220718T,-30586.0,-30586.0,-30586.0,-30586.0,0
20220719T,-34685.0,-34685.0,-34685.0,-34685.0,0
20220720T,-24265.0,-24265.0,-24265.0,-24265.0,0
20220721T,-33934.0,-33934.0,-33934.0,-33934.0,0
20220722T,-37630.0,-37630.0,-37630.0,-37630.0,0
20220725T,-35326.0,-35326.0,-35326.0,-35326.0,0
20220726T,-20459.0,-20459.0,-20459.0,-20459.0,0
20220727T,-27119.0,-27119.0,-27119.0,-27119.0,0
20220728T,-17664.0,-17664.0,-17664.0,-17664.0,0
20220729T,-19217.0,-19217.0,-19217.0,-19217.0,0
20220801T,-32855.0,-32855.0,-32855.0,-32855.0,0
20220802T,-24126.0,-24126.0,-24126.0,-24126.0,0
20220803T,-9352.0,-9352.0,-9352.0,-9352.0,0
20220804T,-8418.0,-8418.0,-8418.0,-8418.0,0
20220805T,-10737.0,-10737.0,-10737.0,-10737.0,0
20220808T,-19003.0,-19003.0,-19003.0,-19003.0,0
20220810T,-18307.0,-18307.0,-18307.0,-18307.0,0
20220811T,-22652.0,-22652.0,-22652.0,-22652.0,0
20220812T,-25487.0,-25487.0,-25487.0,-25487.0,0
20220816T,-22701.0,-22701.0,-22701.0,-22701.0,0
20220817T,-20360.0,-20360.0,-20360.0,-20360.0,0
20220818T,-10836.0,-10836.0,-10836.0,-10836.0,0
20220819T,-8908.0,-8908.0,-8908.0,-8908.0,0
20220822T,-26030.0,-26030.0,-26030.0,-26030.0,0
20220823T,-39856.0,-39856.0,-39856.0,-39856.0,0
20220824T,-16961.0,-16961.0,-16961.0,-16961.0,0
20220825T,-13536.0,-13536.0,-13536.0,-13536.0,0
20220826T,-19108.0,-19108.0,-19108.0,-19108.0,0
20220829T,-15834.0,-15834.0,-15834.0,-15834.0,0
20220830T,-21498.0,-21498.0,-21498.0,-21498.0,0
20220901T,-13305.0,-13305.0,-13305.0,-13305.0,0
20220902T,-5644.0,-5644.0,-5644.0,-5644.0,0
20220905T,-13221.0,-13221.0,-13221.0,-13221.0,0
20220906T,3027.0,3027.0,3027.0,3027.0,0
20220907T,-952.0,-952.0,-952.0,-952.0,0
20220908T,-4127.0,-4127.0,-4127.0,-4127.0,0
20220909T,892.0,892.0,892.0,892.0,0
20220912T,-3691.0,-3691.0,-3691.0,-3691.0,0
20220913T,-16447.0,-16447.0,-16447.0,-16447.0,0
20220914T,8024.0,8024.0,8024.0,8024.0,0
20220915T,9400.0,9400.0,9400.0,9400.0,0
20220916T,-2495.0,-2495.0,-2495.0,-2495.0,0
20220919T,-482.0,-482.0,-482.0,-482.0,0
20220920T,-973.0,-973.0,-973.0,-973.0,0
20220921T,-1057.0,-1057.0,-1057.0,-1057.0,0
20220922T,-5120.0,-5120.0,-5120.0,-5120.0,0
20220923T,1128.0,1128.0,1128.0,1128.0,0
20220926T,-8466.0,-8466.0,-8466.0,-8466.0,0
20220927T,-4115.0,-4115.0,-4115.0,-4115.0,0
20220928T,-1271.0,-1271.0,-1271.0,-1271.0,0
20220929T,3671.0,3671.0,3671.0,3671.0,0
20220930T,-4400.0,-4400.0,-4400.0,-4400.0,0
20221003T,-53.0,-53.0,-53.0,-53.0,0
20221004T,-12350.0,-12350.0,-12350.0,-12350.0,0
20221006T,3075.0,3075.0,3075.0,3075.0,0
20221007T,79.0,79.0,79.0,79.0,0
20221010T,9624.0,9624.0,9624.0,9624.0,0
20221011T,16189.0,16189.0,16189.0,16189.0,0
20221012T,9027.0,9027.0,9027.0,9027.0,0
20221013T,6063.0,6063.0,6063.0,6063.0,0
20221014T,-4412.0,-4412.0,-4412.0,-4412.0,0
20221017T,-5666.0,-5666.0,-5666.0,-5666.0,0
20221018T,-8453.0,-8453.0,-8453.0,-8453.0,0
20221019T,-975.0,-975.0,-975.0,-975.0,0
20221020T,279.0,279.0,279.0,279.0,0
20221021T,14552.0,14552.0,14552.0,14552.0,0
20221025T,18988.0,18988.0,18988.0,18988.0,0
20221027T,-14710.0,-14710.0,-14710.0,-14710.0,0
20221028T,-6118.0,-6118.0,-6118.0,-6118.0,0
20221031T,-22889.0,-22889.0,-22889.0,-22889.0,0
20221101T,-20273.0,-20273.0,-20273.0,-20273.0,0
20221102T,-12638.0,-12638.0,-12638.0,-12638.0,0
20221103T,-7972.0,-7972.0,-7972.0,-7972.0,0
20221104T,-18074.0,-18074.0,-18074.0,-18074.0,0
20221107T,-16455.0,-16455.0,-16455.0,-16455.0,0
20221109T,-17616.0,-17616.0,-17616.0,-17616.0,0
20221110T,-14833.0,-14833.0,-14833.0,-14833.0,0
20221111T,-33137.0,-33137.0,-33137.0,-33137.0,0
20221114T,-30849.0,-30849.0,-30849.0,-30849.0,0
20221115T,-36705.0,-36705.0,-36705.0,-36705.0,0
20221116T,-28959.0,-28959.0,-28959.0,-28959.0,0
20221117T,-31648.0,-31648.0,-31648.0,-31648.0,0
20221118T,-29644.0,-29644.0,-29644.0,-29644.0,0
20221121T,-27639.0,-27639.0,-27639.0,-27639.0,0
20221122T,-38316.0,-38316.0,-38316.0,-38316.0,0
20221123T,-36071.0,-36071.0,-36071.0,-36071.0,0
20221124T,-25618.0,-25618.0,-25618.0,-25618.0,0
20221125T,-15828.0,-15828.0,-15828.0,-15828.0,0
20221128T,-20192.0,-20192.0,-20192.0,-20192.0,0
20221129T,-12846.0,-12846.0,-12846.0,-12846.0,0
20221130T,-19545.0,-19545.0,-19545.0,-19545.0,0
20221201T,-19929.0,-19929.0,-19929.0,-19929.0,0
20221202T,-11056.0,-11056.0,-11056.0,-11056.0,0
20221205T,-19270.0,-19270.0,-19270.0,-19270.0,0
20221206T,-8918.0,-8918.0,-8918.0,-8918.0,0
20221207T,-6217.0,-6217.0,-6217.0,-6217.0,0
20221208T,-20056.0,-20056.0,-20056.0,-20056.0,0
20221209T,-15551.0,-15551.0,-15551.0,-15551.0,0
20221212T,-25353.0,-25353.0,-25353.0,-25353.0,0
20221213T,-32249.0,-32249.0,-32249.0,-32249.0,0
20221214T,-19273.0,-19273.0,-19273.0,-19273.0,0
20221215T,-14622.0,-14622.0,-14622.0,-14622.0,0
20221216T,-23799.0,-23799.0,-23799.0,-23799.0,0
20221219T,-30929.0,-30929.0,-30929.0,-30929.0,0
20221220T,-19021.0,-19021.0,-19021.0,-19021.0,0
20221221T,-15484.0,-15484.0,-15484.0,-15484.0,0
20221222T,-28928.0,-28928.0,-28928.0,-28928.0,0
20221223T,-38774.0,-38774.0,-38774.0,-38774.0,0
20221226T,-31570.0,-31570.0,-31570.0,-31570.0,0
20221227T,-24738.0,-24738.0,-24738.0,-24738.0,0
20221228T,-18319.0,-18319.0,-18319.0,-18319.0,0
20221229T,-17539.0,-17539.0,-17539.0,-17539.0,0
20221230T,-21250.0,-21250.0,-21250.0,-21250.0,0
20230102T,-16885.0,-16885.0,-16885.0,-16885.0,0
20230103T,-19827.0,-19827.0,-19827.0,-19827.0,0
20230104T,-1384.0,-1384.0,-1384.0,-1384.0,0
20230105T,-12115.0,-12115.0,-12115.0,-12115.0,0
20230106T,-25342.0,-25342.0,-25342.0,-25342.0,0
20230109T,-27429.0,-27429.0,-27429.0,-27429.0,0
20230110T,-23995.0,-23995.0,-23995.0,-23995.0,0
20230111T,-27383.0,-27383.0,-27383.0,-27383.0,0
20230112T,-25466.0,-25466.0,-25466.0,-25466.0,0
20230113T,-35262.0,-35262.0,-35262.0,-35262.0,0
20230116T,-26711.0,-26711.0,-26711.0,-26711.0,0
20230117T,-26169.0,-26169.0,-26169.0,-26169.0,0
20230118T,-28639.0,-28639.0,-28639.0,-28639.0,0
20230119T,-32246.0,-32246.0,-32246.0,-32246.0,0
20230120T,-32270.0,-32270.0,-32270.0,-32270.0,0
20230123T,-36080.0,-36080.0,-36080.0,-36080.0,0
20230124T,-32940.0,-32940.0,-32940.0,-32940.0,0
20230125T,-20612.0,-20612.0,-20612.0,-20612.0,0
20230127T,-19488.0,-19488.0,-19488.0,-19488.0,0
20230130T,-27837.0,-27837.0,-27837.0,-27837.0,0
20230131T,-32518.0,-32518.0,-32518.0,-32518.0,0
20230201T,-19509.0,-19509.0,-19509.0,-19509.0,0
20230202T,-18443.0,-18443.0,-18443.0,-18443.0,0
20230203T,-14134.0,-14134.0,-14134.0,-14134.0,0
20230206T,-10264.0,-10264.0,-10264.0,-10264.0,0
20230207T,-6864.0,-6864.0,-6864.0,-6864.0,0
20230208T,-7465.0,-7465.0,-7465.0,-7465.0,0
20230209T,-3519.0,-3519.0,-3519.0,-3519.0,0
20230210T,-5496.0,-5496.0,-5496.0,-5496.0,0
20230213T,8215.0,8215.0,8215.0,8215.0,0
20230214T,-2748.0,-2748.0,-2748.0,-2748.0,0
20230215T,-3365.0,-3365.0,-3365.0,-3365.0,0
20230216T,-8560.0,-8560.0,-8560.0,-8560.0,0
20230217T,-1116.0,-1116.0,-1116.0,-1116.0,0
20230220T,7701.0,7701.0,7701.0,7701.0,0
20230221T,12916.0,12916.0,12916.0,12916.0,0
20230222T,12807.0,12807.0,12807.0,12807.0,0
20230223T,1315.0,1315.0,1315.0,1315.0,0
20230224T,3552.0,3552.0,3552.0,3552.0,0
20230227T,-2872.0,-2872.0,-2872.0,-2872.0,0
20230228T,2606.0,2606.0,2606.0,2606.0,0
20230301T,-10291.0,-10291.0,-10291.0,-10291.0,0
20230302T,-17635.0,-17635.0,-17635.0,-17635.0,0
20230303T,-24503.0,-24503.0,-24503.0,-24503.0,0
20230306T,-16681.0,-16681.0,-16681.0,-16681.0,0
20230308T,-9101.0,-9101.0,-9101.0,-9101.0,0
20230309T,-9970.0,-9970.0,-9970.0,-9970.0,0
20230310T,-12907.0,-12907.0,-12907.0,-12907.0,0
20230313T,-26153.0,-26153.0,-26153.0,-26153.0,0
20230314T,-43810.0,-43810.0,-43810.0,-43810.0,0
20230315T,-39603.0,-39603.0,-39603.0,-39603.0,0
20230316T,-36186.0,-36186.0,-36186.0,-36186.0,0
20230317T,-22630.0,-22630.0,-22630.0,-22630.0,0
20230320T,-13997.0,-13997.0,-13997.0,-13997.0,0
20230321T,-23229.0,-23229.0,-23229.0,-23229.0,0
20230322T,-20453.0,-20453.0,-20453.0,-20453.0,0
20230323T,-33417.0,-33417.0,-33417.0,-33417.0,0
20230324T,-27560.0,-27560.0,-27560.0,-27560.0,0
20230327T,-24363.0,-24363.0,-24363.0,-24363.0,0
20230328T,-18429.0,-18429.0,-18429.0,-18429.0,0
20230329T,-14889.0,-14889.0,-14889.0,-14889.0,0
20230331T,-1869.0,-1869.0,-1869.0,-1869.0,0
20230403T,-2654.0,-2654.0,-2654.0,-2654.0,0
20230405T,-3117.0,-3117.0,-3117.0,-3117.0,0
20230406T,-3877.0,-3877.0,-3877.0,-3877.0,0
20230410T,-4550.0,-4550.0,-4550.0,-4550.0,0
20230411T,-12493.0,-12493.0,-12493.0,-12493.0,0
20230412T,-7128.0,-7128.0,-7128.0,-7128.0,0
20230413T,3166.0,3166.0,3166.0,3166.0,0
20230417T,-10876.0,-10876.0,-10876.0,-10876.0,0
20230418T,-10039.0,-10039.0,-10039.0,-10039.0,0
20230419T,-12778.0,-12778.0,-12778.0,-12778.0,0
20230420T,-16949.0,-16949.0,-16949.0,-16949.0,0
20230421T,-18090.0,-18090.0,-18090.0,-18090.0,0
20230424T,-20105.0,-20105.0,-20105.0,-20105.0,0
20230425T,-15652.0,-15652.0,-15652.0,-15652.0,0
20230426T,4163.0,4163.0,4163.0,4163.0,0
20230427T,88.0,88.0,88.0,88.0,0
20230428T,2558.0,2558.0,2558.0,2558.0,0
20230502T,-666.0,-666.0,-666.0,-666.0,0
20230503T,2958.0,2958.0,2958.0,2958.0,0
20230504T,-1854.0,-1854.0,-1854.0,-1854.0,0
20230505T,-3263.0,-3263.0,-3263.0,-3263.0,0
20230508T,3092.0,3092.0,3092.0,3092.0,0
20230509T,13341.0,13341.0,13341.0,13341.0,0
20230510T,6287.0,6287.0,6287.0,6287.0,0
20230511T,568.0,568.0,568.0,568.0,0
20230512T,-6.0,-6.0,-6.0,-6.0,0
20230515T,4664.0,4664.0,4664.0,4664.0,0
20230516T,235.0,235.0,235.0,235.0,0
20230517T,-9181.0,-9181.0,-9181.0,-9181.0,0
20230518T,-7090.0,-7090.0,-7090.0,-7090.0,0
20230519T,-7631.0,-7631.0,-7631.0,-7631.0,0
20230522T,-3492.0,-3492.0,-3492.0,-3492.0,0
20230523T,-6848.0,-6848.0,-6848.0,-6848.0,0
20230524T,1547.0,1547.0,1547.0,1547.0,0
20230525T,-5348.0,-5348.0,-5348.0,-5348.0,0
20230526T,-6160.0,-6160.0,-6160.0,-6160.0,0
20230529T,193.0,193.0,193.0,193.0,0
20230530T,81.0,81.0,81.0,81.0,0
20230531T,4937.0,4937.0,4937.0,4937.0,0
20230601T,5467.0,5467.0,5467.0,5467.0,0
20230602T,-1026.0,-1026.0,-1026.0,-1026.0,0
20230605T,-3129.0,-3129.0,-3129.0,-3129.0,0
20230606T,-6395.0,-6395.0,-6395.0,-6395.0,0
20230607T,-8325.0,-8325.0,-8325.0,-8325.0,0
20230608T,-1763.0,-1763.0,-1763.0,-1763.0,0
20230609T,-3930.0,-3930.0,-3930.0,-3930.0,0
20230612T,-6851.0,-6851.0,-6851.0,-6851.0,0
20230613T,-19141.0,-19141.0,-19141.0,-19141.0,0
20230614T,-20415.0,-20415.0,-20415.0,-20415.0,0
20230615T,-13082.0,-13082.0,-13082.0,-13082.0,0
20230616T,-16045.0,-16045.0,-16045.0,-16045.0,0
20230619T,-8589.0,-8589.0,-8589.0,-8589.0,0
20230620T,-21877.0,-21877.0,-21877.0,-21877.0,0
20230621T,-16750.0,-16750.0,-16750.0,-16750.0,0
20230622T,-13234.0,-13234.0,-13234.0,-13234.0,0
20230623T,-21149.0,-21149.0,-21149.0,-21149.0,0
20230626T,-16794.0,-16794.0,-16794.0,-16794.0,0
20230627T,-43366.0,-43366.0,-43366.0,-43366.0,0
20230628T,-22090.0,-22090.0,-22090.0,-22090.0,0
20230630T,-23735.0,-23735.0,-23735.0,-23735.0,0
20230703T,-25155.0,-25155.0,-25155.0,-25155.0,0
20230704T,-21237.0,-21237.0,-21237.0,-21237.0,0
20230705T,-21205.0,-21205.0,-21205.0,-21205.0,0
20230706T,-27798.0,-27798.0,-27798.0,-27798.0,0
20230707T,-21031.0,-21031.0,-21031.0,-21031.0,0
20230710T,-19220.0,-19220.0,-19220.0,-19220.0,0
20230711T,-19190.0,-19190.0,-19190.0,-19190.0,0
20230712T,-14999.0,-14999.0,-14999.0,-14999.0,0
20230713T,-7131.0,-7131.0,-7131.0,-7131.0,0
20230714T,-17747.0,-17747.0,-17747.0,-17747.0,0
20230717T,-24781.0,-24781.0,-24781.0,-24781.0,0
20230718T,-15557.0,-15557.0,-15557.0,-15557.0,0
20230719T,-18042.0,-18042.0,-18042.0,-18042.0,0
20230720T,-13902.0,-13902.0,-13902.0,-13902.0,0
20230721T,-24674.0,-24674.0,-24674.0,-24674.0,0
20230724T,-22455.0,-22455.0,-22455.0,-22455.0,0
20230725T,-21271.0,-21271.0,-21271.0,-21271.0,0
20230726T,-25176.0,-25176.0,-25176.0,-25176.0,0
20230727T,-3324.0,-3324.0,-3324.0,-3324.0,0
20230728T,-5318.0,-5318.0,-5318.0,-5318.0,0
20230731T,-2280.0,-2280.0,-2280.0,-2280.0,0
20230801T,2628.0,2628.0,2628.0,2628.0,0
20230802T,-6185.0,-6185.0,-6185.0,-6185.0,0
20230803T,-3761.0,-3761.0,-3761.0,-3761.0,0
20230804T,-1520.0,-1520.0,-1520.0,-1520.0,0
20230807T,-4611.0,-4611.0,-4611.0,-4611.0,0
20230808T,-15506.0,-15506.0,-15506.0,-15506.0,0
20230809T,-10102.0,-10102.0,-10102.0,-10102.0,0
20230810T,5312.0,5312.0,5312.0,5312.0,0
20230811T,7915.0,7915.0,7915.0,7915.0,0
20230814T,2487.0,2487.0,2487.0,2487.0,0
20230816T,-989.0,-989.0,-989.0,-989.0,0
20230817T,349.0,349.0,349.0,349.0,0
20230818T,-7866.0,-7866.0,-7866.0,-7866.0,0
20230821T,-13494.0,-13494.0,-13494.0,-13494.0,0
20230822T,-8455.0,-8455.0,-8455.0,-8455.0,0
20230823T,-21514.0,-21514.0,-21514.0,-21514.0,0
20230824T,-6497.0,-6497.0,-6497.0,-6497.0,0
20230825T,-411.0,-411.0,-411.0,-411.0,0
20230828T,-12172.0,-12172.0,-12172.0,-12172.0,0
20230829T,-11725.0,-11725.0,-11725.0,-11725.0,0
20230830T,-1354.0,-1354.0,-1354.0,-1354.0,0
20230831T,16112.0,16112.0,16112.0,16112.0,0
20230901T,3029.0,3029.0,3029.0,3029.0,0
20230904T,-835.0,-835.0,-835.0,-835.0,0
20230905T,4770.0,4770.0,4770.0,4770.0,0
20230906T,13416.0,13416.0,13416.0,13416.0,0
20230907T,-8829.0,-8829.0,-8829.0,-8829.0,0
20230908T,-6703.0,-6703.0,-6703.0,-6703.0,0
20230911T,148.0,148.0,148.0,148.0,0
20230912T,5255.0,5255.0,5255.0,5255.0,0
20230913T,-13693.0,-13693.0,-13693.0,-13693.0,0
20230914T,-4901.0,-4901.0,-4901.0,-4901.0,0
20230915T,-5764.0,-5764.0,-5764.0,-5764.0,0
20230918T,3065.0,3065.0,3065.0,3065.0,0
20230920T,6999.0,6999.0,6999.0,6999.0,0
20230921T,-15370.0,-15370.0,-15370.0,-15370.0,0
20230922T,-15523.0,-15523.0,-15523.0,-15523.0,0
20230925T,-19213.0,-19213.0,-19213.0,-19213.0,0
20230926T,-15884.0,-15884.0,-15884.0,-15884.0,0
20230927T,-17267.0,-17267.0,-17267.0,-17267.0,0
20230928T,19025.0,19025.0,19025.0,19025.0,0
20230929T,10338.0,10338.0,10338.0,10338.0,0
20231003T,11528.0,11528.0,11528.0,11528.0,0
20231004T,21082.0,21082.0,21082.0,21082.0,0
20231005T,21807.0,21807.0,21807.0,21807.0,0
20231006T,21438.0,21438.0,21438.0,21438.0,0
20231009T,22555.0,22555.0,22555.0,22555.0,0
20231010T,8913.0,8913.0,8913.0,8913.0,0
20231011T,12873.0,12873.0,12873.0,12873.0,0
20231012T,17747.0,17747.0,17747.0,17747.0,0
20231013T,19412.0,19412.0,19412.0,19412.0,0
20231016T,21180.0,21180.0,21180.0,21180.0,0
20231017T,20324.0,20324.0,20324.0,20324.0,0
20231018T,42529.0,42529.0,42529.0,42529.0,0
20231019T,39271.0,39271.0,39271.0,39271.0,0
20231020T,41264.0,41264.0,41264.0,41264.0,0
20231023T,27100.0,27100.0,27100.0,27100.0,0
20231025T,12150.0,12150.0,12150.0,12150.0,0
20231026T,16512.0,16512.0,16512.0,16512.0,0
20231027T,19771.0,19771.0,19771.0,19771.0,0
20231030T,21422.0,21422.0,21422.0,21422.0,0
20231031T,24821.0,24821.0,24821.0,24821.0,0
20231101T,23994.0,23994.0,23994.0,23994.0,0
20231102T,20865.0,20865.0,20865.0,20865.0,0
20231103T,19282.0,19282.0,19282.0,19282.0,0
20231106T,11503.0,11503.0,11503.0,11503.0,0
20231107T,16841.0,16841.0,16841.0,16841.0,0
20231108T,26761.0,26761.0,26761.0,26761.0,0
20231109T,30231.0,30231.0,30231.0,30231.0,0
20231110T,38535.0,38535.0,38535.0,38535.0,0
20231113T,32200.0,32200.0,32200.0,32200.0,0
20231115T,31533.0,31533.0,31533.0,31533.0,0
20231116T,31605.0,31605.0,31605.0,31605.0,0
20231117T,33240.0,33240.0,33240.0,33240.0,0
20231120T,28033.0,28033.0,28033.0,28033.0,0
20231121T,26338.0,26338.0,26338.0,26338.0,0
20231122T,26638.0,26638.0,26638.0,26638.0,0
20231123T,30722.0,30722.0,30722.0,30722.0,0
20231124T,16148.0,16148.0,16148.0,16148.0,0
20231128T,16954.0,16954.0,16954.0,16954.0,0
20231129T,45150.0,45150.0,45150.0,45150.0,0
20231130T,22634.0,22634.0,22634.0,22634.0,0
20231201T,17259.0,17259.0,17259.0,17259.0,0
20231204T,-1502.0,-1502.0,-1502.0,-1502.0,0
20231205T,1552.0,1552.0,1552.0,1552.0,0
20231206T,-10213.0,-10213.0,-10213.0,-10213.0,0
20231207T,-13110.0,-13110.0,-13110.0,-13110.0,0
20231208T,-20187.0,-20187.0,-20187.0,-20187.0,0
20231211T,-22277.0,-22277.0,-22277.0,-22277.0,0
20231212T,-28396.0,-28396.0,-28396.0,-28396.0,0
20231213T,-28461.0,-28461.0,-28461.0,-28461.0,0
20231214T,-19007.0,-19007.0,-19007.0,-19007.0,0
20231215T,-28045.0,-28045.0,-28045.0,-28045.0,0
20231218T,-29904.0,-29904.0,-29904.0,-29904.0,0
20231219T,-27419.0,-27419.0,-27419.0,-27419.0,0
20231220T,-31922.0,-31922.0,-31922.0,-31922.0,0
20231221T,-26044.0,-26044.0,-26044.0,-26044.0,0
20231222T,-22942.0,-22942.0,-22942.0,-22942.0,0
20231226T,-16110.0,-16110.0,-16110.0,-16110.0,0
20231227T,-17687.0,-17687.0,-17687.0,-17687.0,0
20231228T,-31397.0,-31397.0,-31397.0,-31397.0,0
20231229T,-26825.0,-26825.0,-26825.0,-26825.0,0
20240101T,-24127.0,-24127.0,-24127.0,-24127.0,0
20240102T,-24265.0,-24265.0,-24265.0,-24265.0,0
20240103T,-20177.0,-20177.0,-20177.0,-20177.0,0
20240104T,-20284.0,-20284.0,-20284.0,-20284.0,0
20240105T,-21937.0,-21937.0,-21937.0,-21937.0,0
20240108T,-2381.0,-2381.0,-2381.0,-2381.0,0
20240109T,-6801.0,-6801.0,-6801.0,-6801.0,0
20240110T,-5413.0,-5413.0,-5413.0,-5413.0,0
20240111T,-27.0,-27.0,-27.0,-27.0,0
20240112T,1793.0,1793.0,1793.0,1793.0,0
20240115T,-1202.0,-1202.0,-1202.0,-1202.0,0
20240116T,3367.0,3367.0,3367.0,3367.0,0
20240117T,-9373.0,-9373.0,-9373.0,-9373.0,0
20240118T,-18654.0,-18654.0,-18654.0,-18654.0,0
20240119T,-12875.0,-12875.0,-12875.0,-12875.0,0
20240123T,-9607.0,-9607.0,-9607.0,-9607.0,0
20240124T,-3831.0,-3831.0,-3831.0,-3831.0,0
20240125T,45757.0,45757.0,45757.0,45757.0,0
20240129T,35480.0,35480.0,35480.0,35480.0,0
20240130T,25149.0,25149.0,25149.0,25149.0,0
20240131T,30930.0,30930.0,30930.0,30930.0,0
20240201T,28574.0,28574.0,28574.0,28574.0,0
20240202T,19360.0,19360.0,19360.0,19360.0,0
20240205T,11670.0,11670.0,11670.0,11670.0,0
20240206T,25845.0,25845.0,25845.0,25845.0,0
20240207T,37499.0,37499.0,37499.0,37499.0,0
20240208T,35627.0,35627.0,35627.0,35627.0,0
20240209T,37153.0,37153.0,37153.0,37153.0,0
20240212T,23861.0,23861.0,23861.0,23861.0,0
20240213T,43954.0,43954.0,43954.0,43954.0,0
20240214T,43521.0,43521.0,43521.0,43521.0,0
20240215T,29387.0,29387.0,29387.0,29387.0,0
20240216T,24079.0,24079.0,24079.0,24079.0,0
20240219T,22752.0,22752.0,22752.0,22752.0,0
20240220T,19406.0,19406.0,19406.0,19406.0,0
20240221T,8097.0,8097.0,8097.0,8097.0,0
20240223T,-4091.0,-4091.0,-4091.0,-4091.0,0
20240226T,-20500.0,-20500.0,-20500.0,-20500.0,0
20240227T,-21257.0,-21257.0,-21257.0,-21257.0,0
20240228T,-12546.0,-12546.0,-12546.0,-12546.0,0
20240229T,7409.0,7409.0,7409.0,7409.0,0
20240301T,4851.0,4851.0,4851.0,4851.0,0
20240304T,-7165.0,-7165.0,-7165.0,-7165.0,0
20240305T,8259.0,8259.0,8259.0,8259.0,0
20240306T,21096.0,21096.0,21096.0,21096.0,0
20240307T,1277.0,1277.0,1277.0,1277.0,0
20240311T,-12103.0,-12103.0,-12103.0,-12103.0,0
20240312T,-15949.0,-15949.0,-15949.0,-15949.0,0
20240313T,-22157.0,-22157.0,-22157.0,-22157.0,0
20240314T,-7519.0,-7519.0,-7519.0,-7519.0,0
20240315T,-12531.0,-12531.0,-12531.0,-12531.0,0
20240318T,-15088.0,-15088.0,-15088.0,-15088.0,0
20240319T,-17262.0,-17262.0,-17262.0,-17262.0,0
20240320T,-14735.0,-14735.0,-14735.0,-14735.0,0
20240321T,-20809.0,-20809.0,-20809.0,-20809.0,0
20240322T,-19684.0,-19684.0,-19684.0,-19684.0,0
20240326T,-25513.0,-25513.0,-25513.0,-25513.0,0
20240327T,-1649.0,-1649.0,-1649.0,-1649.0,0
20240328T,-13287.0,-13287.0,-13287.0,-13287.0,0
20240401T,-5693.0,-5693.0,-5693.0,-5693.0,0
20240402T,-12407.0,-12407.0,-12407.0,-12407.0,0
20240403T,1792.0,1792.0,1792.0,1792.0,0
20240404T,11294.0,11294.0,11294.0,11294.0,0
20240405T,16938.0,16938.0,16938.0,16938.0,0
20240408T,14573.0,14573.0,14573.0,14573.0,0
20240409T,7901.0,7901.0,7901.0,7901.0,0
20240410T,-15773.0,-15773.0,-15773.0,-15773.0,0
20240412T,-20641.0,-20641.0,-20641.0,-20641.0,0
20240415T,-20310.0,-20310.0,-20310.0,-20310.0,0
20240416T,-26242.0,-26242.0,-26242.0,-26242.0,0
20240418T,-4458.0,-4458.0,-4458.0,-4458.0,0
20240419T,-656.0,-656.0,-656.0,-656.0,0
20240422T,4400.0,4400.0,4400.0,4400.0,0
20240423T,2698.0,2698.0,2698.0,2698.0,0
20240424T,11251.0,11251.0,11251.0,11251.0,0
20240425T,-3903.0,-3903.0,-3903.0,-3903.0,0
20240426T,-12811.0,-12811.0,-12811.0,-12811.0,0
20240429T,-18633.0,-18633.0,-18633.0,-18633.0,0
20240430T,-26819.0,-26819.0,-26819.0,-26819.0,0
20240502T,-24616.0,-24616.0,-24616.0,-24616.0,0
20240503T,-15084.0,-15084.0,-15084.0,-15084.0,0
20240506T,-17047.0,-17047.0,-17047.0,-17047.0,0
20240507T,-22238.0,-22238.0,-22238.0,-22238.0,0
20240508T,-37234.0,-37234.0,-37234.0,-37234.0,0
20240509T,-29778.0,-29778.0,-29778.0,-29778.0,0
20240510T,-41642.0,-41642.0,-41642.0,-41642.0,0
20240513T,-49043.0,-49043.0,-49043.0,-49043.0,0
20240514T,-32141.0,-32141.0,-32141.0,-32141.0,0
20240515T,-13287.0,-13287.0,-13287.0,-13287.0,0
20240516T,1477.0,1477.0,1477.0,1477.0,0
20240517T,-6601.0,-6601.0,-6601.0,-6601.0,0
20240521T,-7073.0,-7073.0,-7073.0,-7073.0,0
20240522T,5703.0,5703.0,5703.0,5703.0,0
20240523T,-4552.0,-4552.0,-4552.0,-4552.0,0
20240524T,-35978.0,-35978.0,-35978.0,-35978.0,0
20240527T,-51759.0,-51759.0,-51759.0,-51759.0,0
20240528T,-84154.0,-84154.0,-84154.0,-84154.0,0
20240529T,-89406.0,-89406.0,-89406.0,-89406.0,0
20240530T,2730.0,2730.0,2730.0,2730.0,0
20240531T,6688.0,6688.0,6688.0,6688.0,0
20240603T,-571.0,-571.0,-571.0,-571.0,0
20240604T,11669.0,11669.0,11669.0,11669.0,0
20240605T,55615.0,55615.0,55615.0,55615.0,0
20240606T,70180.0,70180.0,70180.0,70180.0,0
20240607T,62351.0,62351.0,62351.0,62351.0,0
20240610T,45043.0,45043.0,45043.0,45043.0,0
20240611T,36495.0,36495.0,36495.0,36495.0,0
20240612T,31804.0,31804.0,31804.0,31804.0,0
20240613T,15441.0,15441.0,15441.0,15441.0,0
20240614T,22171.0,22171.0,22171.0,22171.0,0
20240618T,20379.0,20379.0,20379.0,20379.0,0
20240619T,27339.0,27339.0,27339.0,27339.0,0
20240620T,36267.0,36267.0,36267.0,36267.0,0
20240621T,25625.0,25625.0,25625.0,25625.0,0
20240624T,24625.0,24625.0,24625.0,24625.0,0
20240625T,39319.0,39319.0,39319.0,39319.0,0
20240626T,304.0,304.0,304.0,304.0,0
20240627T,-20724.0,-20724.0,-20724.0,-20724.0,0
20240628T,-34471.0,-34471.0,-34471.0,-34471.0,0
20240701T,-35414.0,-35414.0,-35414.0,-35414.0,0
20240702T,-34634.0,-34634.0,-34634.0,-34634.0,0
20240703T,-29880.0,-29880.0,-29880.0,-29880.0,0
20240704T,-33482.0,-33482.0,-33482.0,-33482.0,0
20240705T,-40316.0,-40316.0,-40316.0,-40316.0,0
20240708T,-43142.0,-43142.0,-43142.0,-43142.0,0
20240709T,-36129.0,-36129.0,-36129.0,-36129.0,0
20240710T,-34260.0,-34260.0,-34260.0,-34260.0,0
20240711T,-21816.0,-21816.0,-21816.0,-21816.0,0
20240712T,-32272.0,-32272.0,-32272.0,-32272.0,0
20240715T,-46140.0,-46140.0,-46140.0,-46140.0,0
20240716T,-50467.0,-50467.0,-50467.0,-50467.0,0
20240718T,-53558.0,-53558.0,-53558.0,-53558.0,0
20240719T,-63608.0,-63608.0,-63608.0,-63608.0,0
20240722T,-76942.0,-76942.0,-76942.0,-76942.0,0
20240723T,-84682.0,-84682.0,-84682.0,-84682.0,0
20240724T,-108533.0,-108533.0,-108533.0,-108533.0,0
20240725T,7423.0,7423.0,7423.0,7423.0,0
20240726T,136.0,136.0,136.0,136.0,0
20240729T,-26534.0,-26534.0,-26534.0,-26534.0,0
20240730T,-24861.0,-24861.0,-24861.0,-24861.0,0
20240731T,5317.0,5317.0,5317.0,5317.0,0
20240801T,1750.0,1750.0,1750.0,1750.0,0
20240802T,-5614.0,-5614.0,-5614.0,-5614.0,0
20240805T,3454.0,3454.0,3454.0,3454.0,0
20240806T,-4355.0,-4355.0,-4355.0,-4355.0,0
20240807T,6754.0,6754.0,6754.0,6754.0,0
20240808T,14461.0,14461.0,14461.0,14461.0,0
20240809T,21039.0,21039.0,21039.0,21039.0,0
20240812T,10444.0,10444.0,10444.0,10444.0,0
20240813T,17625.0,17625.0,17625.0,17625.0,0
20240814T,25300.0,25300.0,25300.0,25300.0,0
20240816T,21076.0,21076.0,21076.0,21076.0,0
20240819T,776.0,776.0,776.0,776.0,0
20240820T,4124.0,4124.0,4124.0,4124.0,0
20240821T,7900.0,7900.0,7900.0,7900.0,0
20240822T,4735.0,4735.0,4735.0,4735.0,0
20240823T,6756.0,6756.0,6756.0,6756.0,0
20240826T,-7412.0,-7412.0,-7412.0,-7412.0,0
20240827T,-24064.0,-24064.0,-24064.0,-24064.0,0
20240828T,-27780.0,-27780.0,-27780.0,-27780.0,0
20240829T,-32725.0,-32725.0,-32725.0,-32725.0,0
20240830T,-48093.0,-48093.0,-48093.0,-48093.0,0
20240902T,-60645.0,-60645.0,-60645.0,-60645.0,0
20240903T,-49642.0,-49642.0,-49642.0,-49642.0,0
20240904T,-63183.0,-63183.0,-63183.0,-63183.0,0
20240905T,-56602.0,-56602.0,-56602.0,-56602.0,0
20240906T,-68640.0,-68640.0,-68640.0,-68640.0,0
20240909T,-58915.0,-58915.0,-58915.0,-58915.0,0
20240910T,-50477.0,-50477.0,-50477.0,-50477.0,0
20240911T,-42872.0,-42872.0,-42872.0,-42872.0,0
20240912T,-22641.0,-22641.0,-22641.0,-22641.0,0
20240913T,-43936.0,-43936.0,-43936.0,-43936.0,0
20240916T,-41544.0,-41544.0,-41544.0,-41544.0,0
20240917T,-28204.0,-28204.0,-28204.0,-28204.0,0
20240918T,-32837.0,-32837.0,-32837.0,-32837.0,0
20240919T,-29048.0,-29048.0,-29048.0,-29048.0,0
20240920T,-58155.0,-58155.0,-58155.0,-58155.0,0
20240923T,-59083.0,-59083.0,-59083.0,-59083.0,0
20240924T,-50679.0,-50679.0,-50679.0,-50679.0,0
20240925T,-72393.0,-72393.0,-72393.0,-72393.0,0
20240926T,-44421.0,-44421.0,-44421.0,-44421.0,0
20240927T,-56934.0,-56934.0,-56934.0,-56934.0,0
20240930T,-89509.0,-89509.0,-89509.0,-89509.0,0
20241001T,-81437.0,-81437.0,-81437.0,-81437.0,0
20241003T,-55808.0,-55808.0,-55808.0,-55808.0,0
20241004T,-36865.0,-36865.0,-36865.0,-36865.0,0
20241007T,5884.0,5884.0,5884.0,5884.0,0
20241008T,8417.0,8417.0,8417.0,8417.0,0
20241009T,24931.0,24931.0,24931.0,24931.0,0
20241010T,38883.0,38883.0,38883.0,38883.0,0
20241011T,27669.0,27669.0,27669.0,27669.0,0
20241014T,26713.0,26713.0,26713.0,26713.0,0
20241015T,33187.0,33187.0,33187.0,33187.0,0
20241016T,38793.0,38793.0,38793.0,38793.0,0
20241017T,27118.0,27118.0,27118.0,27118.0,0
20241018T,14387.0,14387.0,14387.0,14387.0,0
20241021T,7244.0,7244.0,7244.0,7244.0,0
20241022T,16441.0,16441.0,16441.0,16441.0,0
20241023T,8458.0,8458.0,8458.0,8458.0,0
20241024T,-25629.0,-25629.0,-25629.0,-25629.0,0
20241025T,-62561.0,-62561.0,-62561.0,-62561.0,0
20241028T,-72514.0,-72514.0,-72514.0,-72514.0,0
20241029T,-51443.0,-51443.0,-51443.0,-51443.0,0
20241030T,-37834.0,-37834.0,-37834.0,-37834.0,0
20241031T,-28040.0,-28040.0,-28040.0,-28040.0,0
20241104T,-40049.0,-40049.0,-40049.0,-40049.0,0
20241105T,-43412.0,-43412.0,-43412.0,-43412.0,0
20241106T,-41380.0,-41380.0,-41380.0,-41380.0,0
20241107T,-48932.0,-48932.0,-48932.0,-48932.0,0
20241108T,-39305.0,-39305.0,-39305.0,-39305.0,0
20241111T,-22680.0,-22680.0,-22680.0,-22680.0,0
20241112T,-20030.0,-20030.0,-20030.0,-20030.0,0
20241113T,-34302.0,-34302.0,-34302.0,-34302.0,0
20241114T,-42904.0,-42904.0,-42904.0,-42904.0,0
20241118T,-53170.0,-53170.0,-53170.0,-53170.0,0
20241119T,-68386.0,-68386.0,-68386.0,-68386.0,0
20241121T,-53112.0,-53112.0,-53112.0,-53112.0,0
20241122T,-58011.0,-58011.0,-58011.0,-58011.0,0
20241125T,-50403.0,-50403.0,-50403.0,-50403.0,0
20241126T,-31686.0,-31686.0,-31686.0,-31686.0,0
20241127T,-21300.0,-21300.0,-21300.0,-21300.0,0
20241128T,-53595.0,-53595.0,-53595.0,-53595.0,0
20241129T,-55023.0,-55023.0,-55023.0,-55023.0,0
20241202T,-45489.0,-45489.0,-45489.0,-45489.0,0
20241203T,-50137.0,-50137.0,-50137.0,-50137.0,0
20241204T,-44555.0,-44555.0,-44555.0,-44555.0,0
20241205T,-44157.0,-44157.0,-44157.0,-44157.0,0
20241206T,-60708.0,-60708.0,-60708.0,-60708.0,0
20241209T,-72194.0,-72194.0,-72194.0,-72194.0,0
20241210T,-69219.0,-69219.0,-69219.0,-69219.0,0
20241211T,-68400.0,-68400.0,-68400.0,-68400.0,0
20241212T,-59245.0,-59245.0,-59245.0,-59245.0,0
20241213T,-49911.0,-49911.0,-49911.0,-49911.0,0
20241216T,-64360.0,-64360.0,-64360.0,-64360.0,0
20241217T,-68589.0,-68589.0,-68589.0,-68589.0,0
20241218T,-92498.0,-92498.0,-92498.0,-92498.0,0
20241219T,-79201.0,-79201.0,-79201.0,-79201.0,0
20241220T,-66222.0,-66222.0,-66222.0,-66222.0,0
20241223T,-46031.0,-46031.0,-46031.0,-46031.0,0
20241224T,-20447.0,-20447.0,-20447.0,-20447.0,0
20241226T,-41763.0,-41763.0,-41763.0,-41763.0,0
20241227T,-45433.0,-45433.0,-45433.0,-45433.0,0
20241230T,-30818.0,-30818.0,-30818.0,-30818.0,0
20241231T,-18215.0,-18215.0,-18215.0,-18215.0,0
20250101T,-22574.0,-22574.0,-22574.0,-22574.0,0
20250102T,-18709.0,-18709.0,-18709.0,-18709.0,0
20250103T,-22341.0,-22341.0,-22341.0,-22341.0,0
20250106T,-19843.0,-19843.0,-19843.0,-19843.0,0
20250107T,-13410.0,-13410.0,-13410.0,-13410.0,0
20250108T,-24076.0,-24076.0,-24076.0,-24076.0,0
20250109T,-17033.0,-17033.0,-17033.0,-17033.0,0
20250110T,-33679.0,-33679.0,-33679.0,-33679.0,0
20250113T,-27337.0,-27337.0,-27337.0,-27337.0,0
20250114T,-24940.0,-24940.0,-24940.0,-24940.0,0
20250115T,-22985.0,-22985.0,-22985.0,-22985.0,0
20250116T,-25843.0,-25843.0,-25843.0,-25843.0,0
20250117T,-15716.0,-15716.0,-15716.0,-15716.0,0
20250120T,-13038.0,-13038.0,-13038.0,-13038.0,0
20250121T,4043.0,4043.0,4043.0,4043.0,0
20250122T,106.0,106.0,106.0,106.0,0
20250123T,-16513.0,-16513.0,-16513.0,-16513.0,0
20250124T,-20730.0,-20730.0,-20730.0,-20730.0,0
20250127T,-38851.0,-38851.0,-38851.0,-38851.0,0
20250128T,-39812.0,-39812.0,-39812.0,-39812.0,0
20250129T,-43113.0,-43113.0,-43113.0,-43113.0,0
20250130T,4946.0,4946.0,4946.0,4946.0,0
20250131T,17589.0,17589.0,17589.0,17589.0,0
20250203T,19347.0,19347.0,19347.0,19347.0,0
20250204T,10004.0,10004.0,10004.0,10004.0,0
20250205T,7598.0,7598.0,7598.0,7598.0,0
20250206T,7571.0,7571.0,7571.0,7571.0,0
20250207T,12991.0,12991.0,12991.0,12991.0,0
20250210T,16591.0,16591.0,16591.0,16591.0,0
20250211T,22232.0,22232.0,22232.0,22232.0,0
20250212T,16700.0,16700.0,16700.0,16700.0,0
20250213T,18066.0,18066.0,18066.0,18066.0,0
20250214T,24363.0,24363.0,24363.0,24363.0,0
20250217T,23653.0,23653.0,23653.0,23653.0,0
20250218T,23980.0,23980.0,23980.0,23980.0,0
20250219T,16175.0,16175.0,16175.0,16175.0,0
20250220T,15544.0,15544.0,15544.0,15544.0,0
20250221T,25166.0,25166.0,25166.0,25166.0,0
20250224T,22860.0,22860.0,22860.0,22860.0,0
20250225T,25217.0,25217.0,25217.0,25217.0,0
20250227T,10754.0,10754.0,10754.0,10754.0,0
20250228T,3711.0,3711.0,3711.0,3711.0,0
20250303T,2557.0,2557.0,2557.0,2557.0,0
20250304T,-6685.0,-6685.0,-6685.0,-6685.0,0
20250305T,-11994.0,-11994.0,-11994.0,-11994.0,0
20250306T,-23488.0,-23488.0,-23488.0,-23488.0,0
20250307T,-19277.0,-19277.0,-19277.0,-19277.0,0
20250310T,-11007.0,-11007.0,-11007.0,-11007.0,0
20250311T,-17403.0,-17403.0,-17403.0,-17403.0,0
20250312T,-19094.0,-19094.0,-19094.0,-19094.0,0
20250313T,-18101.0,-18101.0,-18101.0,-18101.0,0
20250317T,-25055.0,-25055.0,-25055.0,-25055.0,0
20250318T,-33542.0,-33542.0,-33542.0,-33542.0,0
20250319T,-36623.0,-36623.0,-36623.0,-36623.0,0
20250320T,-34930.0,-34930.0,-34930.0,-34930.0,0
20250321T,-29797.0,-29797.0,-29797.0,-29797.0,0
20250324T,-17926.0,-17926.0,-17926.0,-17926.0,0
20250325T,-10347.0,-10347.0,-10347.0,-10347.0,0
20250326T,-21918.0,-21918.0,-21918.0,-21918.0,0
20250327T,-36352.0,-36352.0,-36352.0,-36352.0,0
20250328T,-31840.0,-31840.0,-31840.0,-31840.0,0
20250401T,-32022.0,-32022.0,-32022.0,-32022.0,0
20250402T,-32250.0,-32250.0,-32250.0,-32250.0,0
20250403T,-33932.0,-33932.0,-33932.0,-33932.0,0
20250404T,-29643.0,-29643.0,-29643.0,-29643.0,0
20250407T,-6957.0,-6957.0,-6957.0,-6957.0,0
20250408T,-5084.0,-5084.0,-5084.0,-5084.0,0
20250409T,-5798.0,-5798.0,-5798.0,-5798.0,0
20250411T,-14152.0,-14152.0,-14152.0,-14152.0,0
20250415T,-24482.0,-24482.0,-24482.0,-24482.0,0
20250416T,-24551.0,-24551.0,-24551.0,-24551.0,0
20250417T,-11077.0,-11077.0,-11077.0,-11077.0,0
20250421T,-7771.0,-7771.0,-7771.0,-7771.0,0
20250422T,2253.0,2253.0,2253.0,2253.0,0
20250423T,-2726.0,-2726.0,-2726.0,-2726.0,0
20250424T,-22101.0,-22101.0,-22101.0,-22101.0,0
20250425T,-11809.0,-11809.0,-11809.0,-11809.0,0
20250428T,-3742.0,-3742.0,-3742.0,-3742.0,0
20250429T,-2754.0,-2754.0,-2754.0,-2754.0,0
20250430T,-1600.0,-1600.0,-1600.0,-1600.0,0
20250502T,-6260.0,-6260.0,-6260.0,-6260.0,0
20250505T,-8759.0,-8759.0,-8759.0,-8759.0,0
20250506T,-5901.0,-5901.0,-5901.0,-5901.0,0
20250507T,-13457.0,-13457.0,-13457.0,-13457.0,0
20250508T,-15330.0,-15330.0,-15330.0,-15330.0,0
20250509T,-31269.0,-31269.0,-31269.0,-31269.0,0
20250512T,-34866.0,-34866.0,-34866.0,-34866.0,0
20250513T,-34188.0,-34188.0,-34188.0,-34188.0,0
20250514T,-29385.0,-29385.0,-29385.0,-29385.0,0
20250515T,-18281.0,-18281.0,-18281.0,-18281.0,0
20250516T,-19896.0,-19896.0,-19896.0,-19896.0,0
20250519T,-16763.0,-16763.0,-16763.0,-16763.0,0
20250520T,-13157.0,-13157.0,-13157.0,-13157.0,0
20250521T,-5906.0,-5906.0,-5906.0,-5906.0,0
20250522T,-6374.0,-6374.0,-6374.0,-6374.0,0
20250523T,1464.0,1464.0,1464.0,1464.0,0
20250526T,6044.0,6044.0,6044.0,6044.0,0
20250527T,-8181.0,-8181.0,-8181.0,-8181.0,0
20250528T,-5931.0,-5931.0,-5931.0,-5931.0,0
20250529T,-16248.0,-16248.0,-16248.0,-16248.0,0
20250530T,-13163.0,-13163.0,-13163.0,-13163.0,0
20250602T,-13339.0,-13339.0,-13339.0,-13339.0,0
20250603T,-11471.0,-11471.0,-11471.0,-11471.0,0
20250604T,-10291.0,-10291.0,-10291.0,-10291.0,0
20250605T,-771.0,-771.0,-771.0,-771.0,0
20250606T,-8160.0,-8160.0,-8160.0,-8160.0,0
20250609T,-13125.0,-13125.0,-13125.0,-13125.0,0
20250610T,-15603.0,-15603.0,-15603.0,-15603.0,0
20250611T,-10870.0,-10870.0,-10870.0,-10870.0,0
20250612T,-17041.0,-17041.0,-17041.0,-17041.0,0
20250613T,-25413.0,-25413.0,-25413.0,-25413.0,0
20250616T,-10413.0,-10413.0,-10413.0,-10413.0,0
20250617T,-16874.0,-16874.0,-16874.0,-16874.0,0
20250618T,-12074.0,-12074.0,-12074.0,-12074.0,0
20250619T,-9131.0,-9131.0,-9131.0,-9131.0,0
20250620T,8057.0,8057.0,8057.0,8057.0,0
20250623T,2280.0,2280.0,2280.0,2280.0,0
20250624T,3164.0,3164.0,3164.0,3164.0,0
20250625T,20506.0,20506.0,20506.0,20506.0,0
20250626T,-12309.0,-12309.0,-12309.0,-12309.0,0
20250627T,-11740.0,-11740.0,-11740.0,-11740.0,0
20250630T,-1672.0,-1672.0,-1672.0,-1672.0,0
20250701T,3282.0,3282.0,3282.0,3282.0,0
20250702T,122.0,122.0,122.0,122.0,0
20250703T,2843.0,2843.0,2843.0,2843.0,0
20250704T,2431.0,2431.0,2431.0,2431.0,0
20250707T,155.0,155.0,155.0,155.0,0
20250708T,-4801.0,-4801.0,-4801.0,-4801.0,0
20250709T,-1507.0,-1507.0,-1507.0,-1507.0,0
20250710T,-493.0,-493.0,-493.0,-493.0,0
20250711T,1574.0,1574.0,1574.0,1574.0,0
20250714T,5436.0,5436.0,5436.0,5436.0,0
20250715T,2721.0,2721.0,2721.0,2721.0,0
20250716T,3500.0,3500.0,3500.0,3500.0,0
20250717T,8752.0,8752.0,8752.0,8752.0,0
20250718T,18132.0,18132.0,18132.0,18132.0,0
20250721T,12224.0,12224.0,12224.0,12224.0,0
20250722T,15229.0,15229.0,15229.0,15229.0,0
20250723T,10240.0,10240.0,10240.0,10240.0,0
20250724T,8499.0,8499.0,8499.0,8499.0,0
20250725T,17396.0,17396.0,17396.0,17396.0,0
20250728T,15217.0,15217.0,15217.0,15217.0,0
20250729T,9852.0,9852.0,9852.0,9852.0,0
20250730T,14113.0,14113.0,14113.0,14113.0,0
20250731T,3492.0,3492.0,3492.0,3492.0,0
20250801T,11062.0,11062.0,11062.0,11062.0,0
20250804T,12430.0,12430.0,12430.0,12430.0,0
20250805T,16860.0,16860.0,16860.0,16860.0,0
20250806T,18374.0,18374.0,18374.0,18374.0,0
20250807T,16517.0,16517.0,16517.0,16517.0,0
20250808T,17012.0,17012.0,17012.0,17012.0,0
20250811T,18096.0,18096.0,18096.0,18096.0,0
20250812T,19428.0,19428.0,19428.0,19428.0,0
20250813T,19103.0,19103.0,19103.0,19103.0,0
20250814T,23813.0,23813.0,23813.0,23813.0,0
20250818T,18414.0,18414.0,18414.0,18414.0,0
20250819T,16919.0,16919.0,16919.0,16919.0,0
20250820T,21873.0,21873.0,21873.0,21873.0,0
20250821T,25698.0,25698.0,25698.0,25698.0,0
20250822T,25476.0,25476.0,25476.0,25476.0,0
20250825T,27088.0,27088.0,27088.0,27088.0,0
20250826T,26289.0,26289.0,26289.0,26289.0,0
20250828T,4713.0,4713.0,4713.0,4713.0,0
20250829T,8045.0,8045.0,8045.0,8045.0,0
20250901T,8783.0,8783.0,8783.0,8783.0,0
20250902T,16166.0,16166.0,16166.0,16166.0,0
20250903T,15848.0,15848.0,15848.0,15848.0,0
20250904T,23819.0,23819.0,23819.0,23819.0,0
20250905T,23910.0,23910.0,23910.0,23910.0,0
20250908T,20215.0,20215.0,20215.0,20215.0,0
20250909T,19583.0,19583.0,19583.0,19583.0,0
20250910T,20969.0,20969.0,20969.0,20969.0,0
20250911T,17951.0,17951.0,17951.0,17951.0,0
20250912T,11501.0,11501.0,11501.0,11501.0,0
20250915T,9956.0,9956.0,9956.0,9956.0,0
20250916T,2589.0,2589.0,2589.0,2589.0,0
20250917T,-3284.0,-3284.0,-3284.0,-3284.0,0
20250918T,-8679.0,-8679.0,-8679.0,-8679.0,0
20250919T,-9774.0,-9774.0,-9774.0,-9774.0,0
20250922T,-6092.0,-6092.0,-6092.0,-6092.0,0
20250923T,-12662.0,-12662.0,-12662.0,-12662.0,0
20250924T,-12141.0,-12141.0,-12141.0,-12141.0,0
20250925T,-14329.0,-14329.0,-14329.0,-14329.0,0
20250926T,-11702.0,-11702.0,-11702.0,-11702.0,0
20250929T,-5291.0,-5291.0,-5291.0,-5291.0,0
20250930T,524.0,524.0,524.0,524.0,0
20251001T,-6946.0,-6946.0,-6946.0,-6946.0,0
20251003T,-3930.0,-3930.0,-3930.0,-3930.0,0
20251006T,15878.0,15878.0,15878.0,15878.0,0
20251007T,19995.0,19995.0,19995.0,19995.0,0
20251008T,13595.0,13595.0,13595.0,13595.0,0
20251009T,12293.0,12293.0,12293.0,12293.0,0
20251010T,10391.0,10391.0,10391.0,10391.0,0
20251013T,2663.0,2663.0,2663.0,2663.0,0
20251014T,13418.0,13418.0,13418.0,13418.0,0
20251015T,16197.0,16197.0,16197.0,16197.0,0
20251016T,7734.0,7734.0,7734.0,7734.0,0
20251017T,8996.0,8996.0,8996.0,8996.0,0
20251020T,8111.0,8111.0,8111.0,8111.0,0
20251023T,5450.0,5450.0,5450.0,5450.0,0
20251024T,-10944.0,-10944.0,-10944.0,-10944.0,0
20251027T,-4506.0,-4506.0,-4506.0,-4506.0,0
20251028T,-10431.0,-10431.0,-10431.0,-10431.0,0
20251029T,-7450.0,-7450.0,-7450.0,-7450.0,0
20251030T,-7761.0,-7761.0,-7761.0,-7761.0,0
20251031T,-4458.0,-4458.0,-4458.0,-4458.0,0
20251103T,-8044.0,-8044.0,-8044.0,-8044.0,0
20251104T,-5565.0,-5565.0,-5565.0,-5565.0,0
20251106T,-1745.0,-1745.0,-1745.0,-1745.0,0
20251107T,4055.0,4055.0,4055.0,4055.0,0
20251110T,9688.0,9688.0,9688.0,9688.0,0
20251111T,7705.0,7705.0,7705.0,7705.0,0
20251112T,8507.0,8507.0,8507.0,8507.0,0
20251113T,13108.0,13108.0,13108.0,13108.0,0
20251114T,9565.0,9565.0,9565.0,9565.0,0
20251117T,9677.0,9677.0,9677.0,9677.0,0
20251118T,8646.0,8646.0,8646.0,8646.0,0
20251119T,13684.0,13684.0,13684.0,13684.0,0
20251120T,19498.0,19498.0,19498.0,19498.0,0
20251121T,33706.0,33706.0,33706.0,33706.0,0
20251124T,42227.0,42227.0,42227.0,42227.0,0
20251125T,-7900.0,-7900.0,-7900.0,-7900.0,0
20251126T,-9245.0,-9245.0,-9245.0,-9245.0,0
20251127T,-12854.0,-12854.0,-12854.0,-12854.0,0
20251128T,-11173.0,-11173.0,-11173.0,-11173.0,0
20251201T,-12828.0,-12828.0,-12828.0,-12828.0,0
20251202T,-10372.0,-10372.0,-10372.0,-10372.0,0
20251203T,-4714.0,-4714.0,-4714.0,-4714.0,0
20251204T,5278.0,5278.0,5278.0,5278.0,0
20251205T,254.0,254.0,254.0,254.0,0
20251208T,14772.0,14772.0,14772.0,14772.0,0
20251209T,14605.0,14605.0,14605.0,14605.0,0
20251210T,18819.0,18819.0,18819.0,18819.0,0
20251211T,15553.0,15553.0,15553.0,15553.0,0
20251212T,8003.0,8003.0,8003.0,8003.0,0
20251215T,3959.0,3959.0,3959.0,3959.0,0
20251216T,9128.0,9128.0,9128.0,9128.0,0
20251217T,11994.0,11994.0,11994.0,11994.0,0
20251218T,14721.0,14721.0,14721.0,14721.0,0
20251219T,16843.0,16843.0,16843.0,16843.0,0
20251222T,11828.0,11828.0,11828.0,11828.0,0
20251223T,8563.0,8563.0,8563.0,8563.0,0
20251224T,13466.0,13466.0,13466.0,13466.0,0
20251226T,3829.0,3829.0,3829.0,3829.0,0
20251229T,6663.0,6663.0,6663.0,6663.0,0
20251230T,-7726.0,-7726.0,-7726.0,-7726.0,0
20251231T,-7944.0,-7944.0,-7944.0,-7944.0,0
20260101T,-11462.0,-11462.0,-11462.0,-11462.0,0
20260102T,-15352.0,-15352.0,-15352.0,-15352.0,0
20260105T,-16203.0,-16203.0,-16203.0,-16203.0,0
20260106T,-19655.0,-19655.0,-19655.0,-19655.0,0
20260107T,-15275.0,-15275.0,-15275.0,-15275.0,0
20260108T,9512.0,9512.0,9512.0,9512.0,0
20260109T,19672.0,19672.0,19672.0,19672.0,0
20260112T,22170.0,22170.0,22170.0,22170.0,0
20260113T,21523.0,21523.0,21523.0,21523.0,0
20260114T,20198.0,20198.0,20198.0,20198.0,0
20260116T,10131.0,10131.0,10131.0,10131.0,0
20260119T,8816.0,8816.0,8816.0,8816.0,0
20260120T,12424.0,12424.0,12424.0,12424.0,0
20260121T,15001.0,15001.0,15001.0,15001.0,0
20260122T,26608.0,26608.0,26608.0,26608.0,0
20260123T,28350.0,28350.0,28350.0,28350.0,0
20260127T,-158.0,-158.0,-158.0,-158.0,0
20260128T,-6916.0,-6916.0,-6916.0,-6916.0,0
20260129T,-16031.0,-16031.0,-16031.0,-16031.0,0
20260130T,-12698.0,-12698.0,-12698.0,-12698.0,0
20260201T,1802.0,1802.0,1802.0,1802.0,0
20260202T,-2039.0,-2039.0,-2039.0,-2039.0,0
