20120106T,0.0,0.0,0.0,0.0,0
20120109T,0.0,0.0,0.0,0.0,0
20120110T,0.0,0.0,0.0,0.0,0
20120111T,0.0,0.0,0.0,0.0,0
20120112T,0.0,0.0,0.0,0.0,0
20120113T,0.0,0.0,0.0,0.0,0
20120116T,0.0,0.0,0.0,0.0,0
20120117T,0.0,0.0,0.0,0.0,0
20120118T,0.0,0.0,0.0,0.0,0
20120119T,0.0,0.0,0.0,0.0,0
20120120T,0.0,0.0,0.0,0.0,0
20120123T,0.0,0.0,0.0,0.0,0
20120124T,0.0,0.0,0.0,0.0,0
20120125T,0.0,0.0,0.0,0.0,0
20120127T,0.0,0.0,0.0,0.0,0
20120130T,0.0,0.0,0.0,0.0,0
20120131T,0.0,0.0,0.0,0.0,0
20120201T,0.0,0.0,0.0,0.0,0
20120202T,0.0,0.0,0.0,0.0,0
20120203T,0.0,0.0,0.0,0.0,0
20120206T,0.0,0.0,0.0,0.0,0
20120207T,0.0,0.0,0.0,0.0,0
20120208T,0.0,0.0,0.0,0.0,0
20120209T,0.0,0.0,0.0,0.0,0
20120210T,0.0,0.0,0.0,0.0,0
20120213T,0.0,0.0,0.0,0.0,0
20120214T,0.0,0.0,0.0,0.0,0
20120215T,0.0,0.0,0.0,0.0,0
20120216T,0.0,0.0,0.0,0.0,0
20120217T,0.0,0.0,0.0,0.0,0
20120221T,0.0,0.0,0.0,0.0,0
20120222T,0.0,0.0,0.0,0.0,0
20120223T,0.0,0.0,0.0,0.0,0
20120224T,0.0,0.0,0.0,0.0,0
20120227T,0.0,0.0,0.0,0.0,0
20120228T,0.0,0.0,0.0,0.0,0
20120229T,0.0,0.0,0.0,0.0,0
20120301T,0.0,0.0,0.0,0.0,0
20120302T,0.0,0.0,0.0,0.0,0
20120305T,0.0,0.0,0.0,0.0,0
20120306T,0.0,0.0,0.0,0.0,0
20120307T,0.0,0.0,0.0,0.0,0
20120309T,0.0,0.0,0.0,0.0,0
20120312T,0.0,0.0,0.0,0.0,0
20120313T,0.0,0.0,0.0,0.0,0
20120314T,0.0,0.0,0.0,0.0,0
20120315T,0.0,0.0,0.0,0.0,0
20120316T,0.0,0.0,0.0,0.0,0
20120319T,0.0,0.0,0.0,0.0,0
20120320T,0.0,0.0,0.0,0.0,0
20120321T,0.0,0.0,0.0,0.0,0
20120322T,0.0,0.0,0.0,0.0,0
20120323T,0.0,0.0,0.0,0.0,0
20120326T,0.0,0.0,0.0,0.0,0
20120327T,0.0,0.0,0.0,0.0,0
20120328T,0.0,0.0,0.0,0.0,0
20120329T,0.0,0.0,0.0,0.0,0
20120330T,0.0,0.0,0.0,0.0,0
20120402T,0.0,0.0,0.0,0.0,0
20120403T,0.0,0.0,0.0,0.0,0
20120404T,0.0,0.0,0.0,0.0,0
20120409T,0.0,0.0,0.0,0.0,0
20120410T,0.0,0.0,0.0,0.0,0
20120411T,0.0,0.0,0.0,0.0,0
20120412T,0.0,0.0,0.0,0.0,0
20120413T,0.0,0.0,0.0,0.0,0
20120416T,0.0,0.0,0.0,0.0,0
20120417T,0.0,0.0,0.0,0.0,0
20120418T,0.0,0.0,0.0,0.0,0
20120419T,0.0,0.0,0.0,0.0,0
20120420T,0.0,0.0,0.0,0.0,0
20120423T,0.0,0.0,0.0,0.0,0
20120424T,0.0,0.0,0.0,0.0,0
20120425T,0.0,0.0,0.0,0.0,0
20120426T,0.0,0.0,0.0,0.0,0
20120427T,0.0,0.0,0.0,0.0,0
20120430T,0.0,0.0,0.0,0.0,0
20120502T,0.0,0.0,0.0,0.0,0
20120503T,0.0,0.0,0.0,0.0,0
20120504T,0.0,0.0,0.0,0.0,0
20120507T,0.0,0.0,0.0,0.0,0
20120508T,0.0,0.0,0.0,0.0,0
20120509T,0.0,0.0,0.0,0.0,0
20120510T,0.0,0.0,0.0,0.0,0
20120511T,0.0,0.0,0.0,0.0,0
20120514T,0.0,0.0,0.0,0.0,0
20120515T,0.0,0.0,0.0,0.0,0
20120516T,0.0,0.0,0.0,0.0,0
20120517T,0.0,0.0,0.0,0.0,0
20120518T,0.0,0.0,0.0,0.0,0
20120521T,0.0,0.0,0.0,0.0,0
20120522T,0.0,0.0,0.0,0.0,0
20120523T,0.0,0.0,0.0,0.0,0
20120524T,0.0,0.0,0.0,0.0,0
20120525T,0.0,0.0,0.0,0.0,0
20120528T,0.0,0.0,0.0,0.0,0
20120529T,0.0,0.0,0.0,0.0,0
20120530T,0.0,0.0,0.0,0.0,0
20120531T,0.0,0.0,0.0,0.0,0
20120601T,0.0,0.0,0.0,0.0,0
20120604T,0.0,0.0,0.0,0.0,0
20120605T,0.0,0.0,0.0,0.0,0
20120606T,0.0,0.0,0.0,0.0,0
20120607T,0.0,0.0,0.0,0.0,0
20120608T,0.0,0.0,0.0,0.0,0
20120611T,0.0,0.0,0.0,0.0,0
20120612T,0.0,0.0,0.0,0.0,0
20120613T,0.0,0.0,0.0,0.0,0
20120614T,0.0,0.0,0.0,0.0,0
20120615T,0.0,0.0,0.0,0.0,0
20120618T,0.0,0.0,0.0,0.0,0
20120619T,0.0,0.0,0.0,0.0,0
20120620T,0.0,0.0,0.0,0.0,0
20120621T,0.0,0.0,0.0,0.0,0
20120622T,0.0,0.0,0.0,0.0,0
20120625T,0.0,0.0,0.0,0.0,0
20120626T,0.0,0.0,0.0,0.0,0
20120627T,0.0,0.0,0.0,0.0,0
20120628T,0.0,0.0,0.0,0.0,0
20120629T,0.0,0.0,0.0,0.0,0
20120702T,0.0,0.0,0.0,0.0,0
20120703T,0.0,0.0,0.0,0.0,0
20120704T,0.0,0.0,0.0,0.0,0
20120705T,0.0,0.0,0.0,0.0,0
20120706T,0.0,0.0,0.0,0.0,0
20120709T,0.0,0.0,0.0,0.0,0
20120710T,0.0,0.0,0.0,0.0,0
20120711T,0.0,0.0,0.0,0.0,0
20120712T,0.0,0.0,0.0,0.0,0
20120713T,0.0,0.0,0.0,0.0,0
20120716T,0.0,0.0,0.0,0.0,0
20120717T,0.0,0.0,0.0,0.0,0
20120718T,0.0,0.0,0.0,0.0,0
20120719T,0.0,0.0,0.0,0.0,0
20120720T,0.0,0.0,0.0,0.0,0
20120723T,0.0,0.0,0.0,0.0,0
20120724T,0.0,0.0,0.0,0.0,0
20120725T,0.0,0.0,0.0,0.0,0
20120726T,0.0,0.0,0.0,0.0,0
20120727T,0.0,0.0,0.0,0.0,0
20120730T,0.0,0.0,0.0,0.0,0
20120731T,0.0,0.0,0.0,0.0,0
20120801T,0.0,0.0,0.0,0.0,0
20120802T,0.0,0.0,0.0,0.0,0
20120803T,0.0,0.0,0.0,0.0,0
20120806T,0.0,0.0,0.0,0.0,0
20120807T,0.0,0.0,0.0,0.0,0
20120808T,0.0,0.0,0.0,0.0,0
20120809T,0.0,0.0,0.0,0.0,0
20120810T,0.0,0.0,0.0,0.0,0
20120813T,0.0,0.0,0.0,0.0,0
20120814T,0.0,0.0,0.0,0.0,0
20120816T,0.0,0.0,0.0,0.0,0
20120817T,0.0,0.0,0.0,0.0,0
20120821T,0.0,0.0,0.0,0.0,0
20120822T,0.0,0.0,0.0,0.0,0
20120823T,0.0,0.0,0.0,0.0,0
20120824T,0.0,0.0,0.0,0.0,0
20120827T,0.0,0.0,0.0,0.0,0
20120828T,0.0,0.0,0.0,0.0,0
20120829T,0.0,0.0,0.0,0.0,0
20120830T,0.0,0.0,0.0,0.0,0
20120831T,0.0,0.0,0.0,0.0,0
20120903T,0.0,0.0,0.0,0.0,0
20120904T,0.0,0.0,0.0,0.0,0
20120905T,0.0,0.0,0.0,0.0,0
20120906T,0.0,0.0,0.0,0.0,0
20120907T,0.0,0.0,0.0,0.0,0
20120910T,0.0,0.0,0.0,0.0,0
20120911T,0.0,0.0,0.0,0.0,0
20120912T,0.0,0.0,0.0,0.0,0
20120913T,0.0,0.0,0.0,0.0,0
20120914T,0.0,0.0,0.0,0.0,0
20120917T,0.0,0.0,0.0,0.0,0
20120918T,0.0,0.0,0.0,0.0,0
20120920T,0.0,0.0,0.0,0.0,0
20120921T,0.0,0.0,0.0,0.0,0
20120924T,0.0,0.0,0.0,0.0,0
20120925T,0.0,0.0,0.0,0.0,0
20120926T,0.0,0.0,0.0,0.0,0
20120927T,0.0,0.0,0.0,0.0,0
20120928T,0.0,0.0,0.0,0.0,0
20121001T,0.0,0.0,0.0,0.0,0
20121003T,0.0,0.0,0.0,0.0,0
20121004T,0.0,0.0,0.0,0.0,0
20121005T,0.0,0.0,0.0,0.0,0
20121008T,0.0,0.0,0.0,0.0,0
20121009T,0.0,0.0,0.0,0.0,0
20121010T,0.0,0.0,0.0,0.0,0
20121011T,0.0,0.0,0.0,0.0,0
20121012T,0.0,0.0,0.0,0.0,0
20121015T,0.0,0.0,0.0,0.0,0
20121016T,0.0,0.0,0.0,0.0,0
20121017T,0.0,0.0,0.0,0.0,0
20121018T,0.0,0.0,0.0,0.0,0
20121019T,0.0,0.0,0.0,0.0,0
20121022T,0.0,0.0,0.0,0.0,0
20121023T,0.0,0.0,0.0,0.0,0
20121025T,0.0,0.0,0.0,0.0,0
20121026T,0.0,0.0,0.0,0.0,0
20121029T,0.0,0.0,0.0,0.0,0
20121030T,0.0,0.0,0.0,0.0,0
20121031T,0.0,0.0,0.0,0.0,0
20121101T,0.0,0.0,0.0,0.0,0
20121102T,0.0,0.0,0.0,0.0,0
20121105T,0.0,0.0,0.0,0.0,0
20121106T,0.0,0.0,0.0,0.0,0
20121107T,0.0,0.0,0.0,0.0,0
20121108T,0.0,0.0,0.0,0.0,0
20121109T,0.0,0.0,0.0,0.0,0
20121112T,0.0,0.0,0.0,0.0,0
20121113T,0.0,0.0,0.0,0.0,0
20121115T,0.0,0.0,0.0,0.0,0
20121116T,0.0,0.0,0.0,0.0,0
20121119T,0.0,0.0,0.0,0.0,0
20121120T,0.0,0.0,0.0,0.0,0
20121121T,0.0,0.0,0.0,0.0,0
20121122T,0.0,0.0,0.0,0.0,0
20121123T,0.0,0.0,0.0,0.0,0
20121126T,0.0,0.0,0.0,0.0,0
20121127T,0.0,0.0,0.0,0.0,0
20121129T,0.0,0.0,0.0,0.0,0
20121130T,0.0,0.0,0.0,0.0,0
20121203T,0.0,0.0,0.0,0.0,0
20121204T,0.0,0.0,0.0,0.0,0
20121205T,0.0,0.0,0.0,0.0,0
20121206T,0.0,0.0,0.0,0.0,0
20121207T,0.0,0.0,0.0,0.0,0
20121210T,0.0,0.0,0.0,0.0,0
20121211T,0.0,0.0,0.0,0.0,0
20121212T,0.0,0.0,0.0,0.0,0
20121213T,0.0,0.0,0.0,0.0,0
20121214T,0.0,0.0,0.0,0.0,0
20121217T,0.0,0.0,0.0,0.0,0
20121218T,0.0,0.0,0.0,0.0,0
20121219T,0.0,0.0,0.0,0.0,0
20121220T,0.0,0.0,0.0,0.0,0
20121221T,0.0,0.0,0.0,0.0,0
20121224T,0.0,0.0,0.0,0.0,0
20121226T,0.0,0.0,0.0,0.0,0
20121227T,0.0,0.0,0.0,0.0,0
20121228T,0.0,0.0,0.0,0.0,0
20121231T,0.0,0.0,0.0,0.0,0
20130101T,0.0,0.0,0.0,0.0,0
20130102T,0.0,0.0,0.0,0.0,0
20130103T,0.0,0.0,0.0,0.0,0
20130104T,0.0,0.0,0.0,0.0,0
20130107T,0.0,0.0,0.0,0.0,0
20130108T,0.0,0.0,0.0,0.0,0
20130109T,0.0,0.0,0.0,0.0,0
20130110T,0.0,0.0,0.0,0.0,0
20130111T,0.0,0.0,0.0,0.0,0
20130114T,0.0,0.0,0.0,0.0,0
20130115T,0.0,0.0,0.0,0.0,0
20130116T,0.0,0.0,0.0,0.0,0
20130117T,0.0,0.0,0.0,0.0,0
20130118T,0.0,0.0,0.0,0.0,0
20130121T,0.0,0.0,0.0,0.0,0
20130122T,0.0,0.0,0.0,0.0,0
20130123T,0.0,0.0,0.0,0.0,0
20130124T,0.0,0.0,0.0,0.0,0
20130125T,0.0,0.0,0.0,0.0,0
20130128T,0.0,0.0,0.0,0.0,0
20130129T,0.0,0.0,0.0,0.0,0
20130130T,0.0,0.0,0.0,0.0,0
20130131T,0.0,0.0,0.0,0.0,0
20130201T,0.0,0.0,0.0,0.0,0
20130204T,0.0,0.0,0.0,0.0,0
20130205T,0.0,0.0,0.0,0.0,0
20130206T,0.0,0.0,0.0,0.0,0
20130207T,0.0,0.0,0.0,0.0,0
20130208T,0.0,0.0,0.0,0.0,0
20130211T,0.0,0.0,0.0,0.0,0
20130212T,0.0,0.0,0.0,0.0,0
20130213T,0.0,0.0,0.0,0.0,0
20130214T,0.0,0.0,0.0,0.0,0
20130215T,0.0,0.0,0.0,0.0,0
20130218T,0.0,0.0,0.0,0.0,0
20130219T,0.0,0.0,0.0,0.0,0
20130220T,0.0,0.0,0.0,0.0,0
20130221T,0.0,0.0,0.0,0.0,0
20130222T,0.0,0.0,0.0,0.0,0
20130225T,0.0,0.0,0.0,0.0,0
20130226T,0.0,0.0,0.0,0.0,0
20130227T,0.0,0.0,0.0,0.0,0
20130228T,0.0,0.0,0.0,0.0,0
20130301T,0.0,0.0,0.0,0.0,0
20130304T,0.0,0.0,0.0,0.0,0
20130305T,0.0,0.0,0.0,0.0,0
20130306T,0.0,0.0,0.0,0.0,0
20130307T,0.0,0.0,0.0,0.0,0
20130308T,0.0,0.0,0.0,0.0,0
20130311T,0.0,0.0,0.0,0.0,0
20130312T,0.0,0.0,0.0,0.0,0
20130313T,0.0,0.0,0.0,0.0,0
20130314T,0.0,0.0,0.0,0.0,0
20130315T,0.0,0.0,0.0,0.0,0
20130318T,0.0,0.0,0.0,0.0,0
20130319T,0.0,0.0,0.0,0.0,0
20130320T,0.0,0.0,0.0,0.0,0
20130321T,0.0,0.0,0.0,0.0,0
20130322T,0.0,0.0,0.0,0.0,0
20130325T,0.0,0.0,0.0,0.0,0
20130326T,0.0,0.0,0.0,0.0,0
20130328T,0.0,0.0,0.0,0.0,0
20130401T,0.0,0.0,0.0,0.0,0
20130402T,0.0,0.0,0.0,0.0,0
20130403T,0.0,0.0,0.0,0.0,0
20130404T,0.0,0.0,0.0,0.0,0
20130405T,0.0,0.0,0.0,0.0,0
20130408T,0.0,0.0,0.0,0.0,0
20130409T,0.0,0.0,0.0,0.0,0
20130410T,0.0,0.0,0.0,0.0,0
20130411T,0.0,0.0,0.0,0.0,0
20130412T,0.0,0.0,0.0,0.0,0
20130415T,0.0,0.0,0.0,0.0,0
20130416T,0.0,0.0,0.0,0.0,0
20130417T,0.0,0.0,0.0,0.0,0
20130418T,0.0,0.0,0.0,0.0,0
20130422T,0.0,0.0,0.0,0.0,0
20130423T,0.0,0.0,0.0,0.0,0
20130425T,0.0,0.0,0.0,0.0,0
20130426T,0.0,0.0,0.0,0.0,0
20130429T,0.0,0.0,0.0,0.0,0
20130430T,0.0,0.0,0.0,0.0,0
20130502T,0.0,0.0,0.0,0.0,0
20130503T,0.0,0.0,0.0,0.0,0
20130506T,0.0,0.0,0.0,0.0,0
20130507T,0.0,0.0,0.0,0.0,0
20130508T,0.0,0.0,0.0,0.0,0
20130509T,0.0,0.0,0.0,0.0,0
20130510T,0.0,0.0,0.0,0.0,0
20130513T,0.0,0.0,0.0,0.0,0
20130514T,0.0,0.0,0.0,0.0,0
20130515T,0.0,0.0,0.0,0.0,0
20130516T,0.0,0.0,0.0,0.0,0
20130517T,0.0,0.0,0.0,0.0,0
20130520T,0.0,0.0,0.0,0.0,0
20130521T,0.0,0.0,0.0,0.0,0
20130522T,0.0,0.0,0.0,0.0,0
20130523T,0.0,0.0,0.0,0.0,0
20130524T,0.0,0.0,0.0,0.0,0
20130527T,0.0,0.0,0.0,0.0,0
20130528T,0.0,0.0,0.0,0.0,0
20130529T,0.0,0.0,0.0,0.0,0
20130530T,0.0,0.0,0.0,0.0,0
20130531T,0.0,0.0,0.0,0.0,0
20130603T,0.0,0.0,0.0,0.0,0
20130604T,0.0,0.0,0.0,0.0,0
20130605T,0.0,0.0,0.0,0.0,0
20130606T,0.0,0.0,0.0,0.0,0
20130607T,0.0,0.0,0.0,0.0,0
20130610T,0.0,0.0,0.0,0.0,0
20130611T,0.0,0.0,0.0,0.0,0
20130612T,0.0,0.0,0.0,0.0,0
20130613T,0.0,0.0,0.0,0.0,0
20130614T,0.0,0.0,0.0,0.0,0
20130617T,0.0,0.0,0.0,0.0,0
20130618T,0.0,0.0,0.0,0.0,0
20130619T,0.0,0.0,0.0,0.0,0
20130620T,0.0,0.0,0.0,0.0,0
20130621T,0.0,0.0,0.0,0.0,0
20130624T,0.0,0.0,0.0,0.0,0
20130625T,0.0,0.0,0.0,0.0,0
20130626T,0.0,0.0,0.0,0.0,0
20130627T,0.0,0.0,0.0,0.0,0
20130628T,0.0,0.0,0.0,0.0,0
20130701T,0.0,0.0,0.0,0.0,0
20130702T,0.0,0.0,0.0,0.0,0
20130703T,0.0,0.0,0.0,0.0,0
20130704T,0.0,0.0,0.0,0.0,0
20130705T,0.0,0.0,0.0,0.0,0
20130708T,0.0,0.0,0.0,0.0,0
20130709T,0.0,0.0,0.0,0.0,0
20130710T,0.0,0.0,0.0,0.0,0
20130711T,0.0,0.0,0.0,0.0,0
20130712T,0.0,0.0,0.0,0.0,0
20130715T,0.0,0.0,0.0,0.0,0
20130716T,0.0,0.0,0.0,0.0,0
20130717T,0.0,0.0,0.0,0.0,0
20130718T,0.0,0.0,0.0,0.0,0
20130719T,0.0,0.0,0.0,0.0,0
20130722T,0.0,0.0,0.0,0.0,0
20130723T,0.0,0.0,0.0,0.0,0
20130724T,0.0,0.0,0.0,0.0,0
20130725T,0.0,0.0,0.0,0.0,0
20130726T,0.0,0.0,0.0,0.0,0
20130729T,0.0,0.0,0.0,0.0,0
20130730T,0.0,0.0,0.0,0.0,0
20130731T,0.0,0.0,0.0,0.0,0
20130801T,0.0,0.0,0.0,0.0,0
20130802T,0.0,0.0,0.0,0.0,0
20130805T,0.0,0.0,0.0,0.0,0
20130806T,0.0,0.0,0.0,0.0,0
20130807T,0.0,0.0,0.0,0.0,0
20130808T,0.0,0.0,0.0,0.0,0
20130812T,0.0,0.0,0.0,0.0,0
20130813T,0.0,0.0,0.0,0.0,0
20130814T,0.0,0.0,0.0,0.0,0
20130816T,0.0,0.0,0.0,0.0,0
20130819T,0.0,0.0,0.0,0.0,0
20130820T,0.0,0.0,0.0,0.0,0
20130821T,0.0,0.0,0.0,0.0,0
20130822T,0.0,0.0,0.0,0.0,0
20130823T,0.0,0.0,0.0,0.0,0
20130826T,0.0,0.0,0.0,0.0,0
20130827T,0.0,0.0,0.0,0.0,0
20130828T,0.0,0.0,0.0,0.0,0
20130829T,0.0,0.0,0.0,0.0,0
20130830T,0.0,0.0,0.0,0.0,0
20130902T,0.0,0.0,0.0,0.0,0
20130903T,0.0,0.0,0.0,0.0,0
20130904T,0.0,0.0,0.0,0.0,0
20130905T,0.0,0.0,0.0,0.0,0
20130906T,0.0,0.0,0.0,0.0,0
20130910T,0.0,0.0,0.0,0.0,0
20130911T,0.0,0.0,0.0,0.0,0
20130912T,0.0,0.0,0.0,0.0,0
20130913T,0.0,0.0,0.0,0.0,0
20130916T,0.0,0.0,0.0,0.0,0
20130917T,0.0,0.0,0.0,0.0,0
20130918T,0.0,0.0,0.0,0.0,0
20130919T,0.0,0.0,0.0,0.0,0
20130920T,0.0,0.0,0.0,0.0,0
20130923T,0.0,0.0,0.0,0.0,0
20130924T,0.0,0.0,0.0,0.0,0
20130925T,0.0,0.0,0.0,0.0,0
20130926T,0.0,0.0,0.0,0.0,0
20130927T,0.0,0.0,0.0,0.0,0
20130930T,0.0,0.0,0.0,0.0,0
20131001T,0.0,0.0,0.0,0.0,0
20131003T,0.0,0.0,0.0,0.0,0
20131004T,0.0,0.0,0.0,0.0,0
20131007T,0.0,0.0,0.0,0.0,0
20131008T,0.0,0.0,0.0,0.0,0
20131010T,0.0,0.0,0.0,0.0,0
20131011T,0.0,0.0,0.0,0.0,0
20131014T,0.0,0.0,0.0,0.0,0
20131015T,0.0,0.0,0.0,0.0,0
20131017T,0.0,0.0,0.0,0.0,0
20131018T,0.0,0.0,0.0,0.0,0
20131021T,0.0,0.0,0.0,0.0,0
20131022T,0.0,0.0,0.0,0.0,0
20131023T,0.0,0.0,0.0,0.0,0
20131024T,0.0,0.0,0.0,0.0,0
20131025T,0.0,0.0,0.0,0.0,0
20131028T,0.0,0.0,0.0,0.0,0
20131029T,0.0,0.0,0.0,0.0,0
20131030T,0.0,0.0,0.0,0.0,0
20131031T,0.0,0.0,0.0,0.0,0
20131101T,0.0,0.0,0.0,0.0,0
20131105T,0.0,0.0,0.0,0.0,0
20131106T,0.0,0.0,0.0,0.0,0
20131107T,0.0,0.0,0.0,0.0,0
20131108T,0.0,0.0,0.0,0.0,0
20131111T,0.0,0.0,0.0,0.0,0
20131112T,0.0,0.0,0.0,0.0,0
20131113T,0.0,0.0,0.0,0.0,0
20131114T,0.0,0.0,0.0,0.0,0
20131118T,0.0,0.0,0.0,0.0,0
20131119T,0.0,0.0,0.0,0.0,0
20131120T,0.0,0.0,0.0,0.0,0
20131121T,0.0,0.0,0.0,0.0,0
20131122T,0.0,0.0,0.0,0.0,0
20131125T,0.0,0.0,0.0,0.0,0
20131126T,0.0,0.0,0.0,0.0,0
20131127T,0.0,0.0,0.0,0.0,0
20131128T,0.0,0.0,0.0,0.0,0
20131129T,0.0,0.0,0.0,0.0,0
20131202T,0.0,0.0,0.0,0.0,0
20131203T,0.0,0.0,0.0,0.0,0
20131204T,0.0,0.0,0.0,0.0,0
20131205T,0.0,0.0,0.0,0.0,0
20131206T,0.0,0.0,0.0,0.0,0
20131209T,0.0,0.0,0.0,0.0,0
20131210T,0.0,0.0,0.0,0.0,0
20131211T,0.0,0.0,0.0,0.0,0
20131212T,0.0,0.0,0.0,0.0,0
20131213T,0.0,0.0,0.0,0.0,0
20131216T,0.0,0.0,0.0,0.0,0
20131217T,0.0,0.0,0.0,0.0,0
20131218T,0.0,0.0,0.0,0.0,0
20131219T,0.0,0.0,0.0,0.0,0
20131220T,0.0,0.0,0.0,0.0,0
20131223T,0.0,0.0,0.0,0.0,0
20131224T,0.0,0.0,0.0,0.0,0
20131226T,0.0,0.0,0.0,0.0,0
20131227T,0.0,0.0,0.0,0.0,0
20131230T,0.0,0.0,0.0,0.0,0
20131231T,0.0,0.0,0.0,0.0,0
20140101T,0.0,0.0,0.0,0.0,0
20140102T,0.0,0.0,0.0,0.0,0
20140103T,0.0,0.0,0.0,0.0,0
20140106T,0.0,0.0,0.0,0.0,0
20140107T,0.0,0.0,0.0,0.0,0
20140108T,0.0,0.0,0.0,0.0,0
20140109T,0.0,0.0,0.0,0.0,0
20140110T,0.0,0.0,0.0,0.0,0
20140113T,0.0,0.0,0.0,0.0,0
20140114T,0.0,0.0,0.0,0.0,0
20140115T,0.0,0.0,0.0,0.0,0
20140116T,0.0,0.0,0.0,0.0,0
20140117T,0.0,0.0,0.0,0.0,0
20140120T,0.0,0.0,0.0,0.0,0
20140121T,0.0,0.0,0.0,0.0,0
20140122T,0.0,0.0,0.0,0.0,0
20140123T,0.0,0.0,0.0,0.0,0
20140124T,0.0,0.0,0.0,0.0,0
20140127T,0.0,0.0,0.0,0.0,0
20140128T,0.0,0.0,0.0,0.0,0
20140129T,0.0,0.0,0.0,0.0,0
20140130T,0.0,0.0,0.0,0.0,0
20140131T,0.0,0.0,0.0,0.0,0
20140203T,0.0,0.0,0.0,0.0,0
20140204T,0.0,0.0,0.0,0.0,0
20140205T,0.0,0.0,0.0,0.0,0
20140206T,0.0,0.0,0.0,0.0,0
20140207T,0.0,0.0,0.0,0.0,0
20140210T,0.0,0.0,0.0,0.0,0
20140211T,0.0,0.0,0.0,0.0,0
20140212T,0.0,0.0,0.0,0.0,0
20140213T,0.0,0.0,0.0,0.0,0
20140214T,0.0,0.0,0.0,0.0,0
20140217T,0.0,0.0,0.0,0.0,0
20140218T,0.0,0.0,0.0,0.0,0
20140219T,0.0,0.0,0.0,0.0,0
20140220T,0.0,0.0,0.0,0.0,0
20140221T,0.0,0.0,0.0,0.0,0
20140225T,0.0,0.0,0.0,0.0,0
20140226T,0.0,0.0,0.0,0.0,0
20140228T,0.0,0.0,0.0,0.0,0
20140303T,0.0,0.0,0.0,0.0,0
20140304T,0.0,0.0,0.0,0.0,0
20140305T,0.0,0.0,0.0,0.0,0
20140306T,0.0,0.0,0.0,0.0,0
20140307T,0.0,0.0,0.0,0.0,0
20140310T,0.0,0.0,0.0,0.0,0
20140311T,0.0,0.0,0.0,0.0,0
20140312T,0.0,0.0,0.0,0.0,0
20140313T,0.0,0.0,0.0,0.0,0
20140314T,0.0,0.0,0.0,0.0,0
20140318T,0.0,0.0,0.0,0.0,0
20140319T,0.0,0.0,0.0,0.0,0
20140320T,0.0,0.0,0.0,0.0,0
20140321T,0.0,0.0,0.0,0.0,0
20140324T,0.0,0.0,0.0,0.0,0
20140325T,0.0,0.0,0.0,0.0,0
20140326T,0.0,0.0,0.0,0.0,0
20140327T,0.0,0.0,0.0,0.0,0
20140328T,0.0,0.0,0.0,0.0,0
20140331T,0.0,0.0,0.0,0.0,0
20140401T,0.0,0.0,0.0,0.0,0
20140402T,0.0,0.0,0.0,0.0,0
20140403T,0.0,0.0,0.0,0.0,0
20140404T,0.0,0.0,0.0,0.0,0
20140407T,0.0,0.0,0.0,0.0,0
20140409T,0.0,0.0,0.0,0.0,0
20140410T,0.0,0.0,0.0,0.0,0
20140411T,0.0,0.0,0.0,0.0,0
20140415T,0.0,0.0,0.0,0.0,0
20140416T,0.0,0.0,0.0,0.0,0
20140417T,0.0,0.0,0.0,0.0,0
20140421T,0.0,0.0,0.0,0.0,0
20140422T,0.0,0.0,0.0,0.0,0
20140423T,0.0,0.0,0.0,0.0,0
20140425T,0.0,0.0,0.0,0.0,0
20140428T,0.0,0.0,0.0,0.0,0
20140429T,0.0,0.0,0.0,0.0,0
20140430T,0.0,0.0,0.0,0.0,0
20140502T,0.0,0.0,0.0,0.0,0
20140505T,0.0,0.0,0.0,0.0,0
20140506T,0.0,0.0,0.0,0.0,0
20140507T,0.0,0.0,0.0,0.0,0
20140508T,0.0,0.0,0.0,0.0,0
20140509T,0.0,0.0,0.0,0.0,0
20140512T,0.0,0.0,0.0,0.0,0
20140513T,0.0,0.0,0.0,0.0,0
20140514T,0.0,0.0,0.0,0.0,0
20140515T,0.0,0.0,0.0,0.0,0
20140516T,0.0,0.0,0.0,0.0,0
20140519T,0.0,0.0,0.0,0.0,0
20140520T,0.0,0.0,0.0,0.0,0
20140521T,0.0,0.0,0.0,0.0,0
20140522T,0.0,0.0,0.0,0.0,0
20140523T,0.0,0.0,0.0,0.0,0
20140526T,0.0,0.0,0.0,0.0,0
20140527T,0.0,0.0,0.0,0.0,0
20140528T,0.0,0.0,0.0,0.0,0
20140529T,0.0,0.0,0.0,0.0,0
20140530T,0.0,0.0,0.0,0.0,0
20140602T,0.0,0.0,0.0,0.0,0
20140603T,0.0,0.0,0.0,0.0,0
20140604T,0.0,0.0,0.0,0.0,0
20140605T,0.0,0.0,0.0,0.0,0
20140606T,0.0,0.0,0.0,0.0,0
20140609T,0.0,0.0,0.0,0.0,0
20140610T,0.0,0.0,0.0,0.0,0
20140611T,0.0,0.0,0.0,0.0,0
20140612T,0.0,0.0,0.0,0.0,0
20140613T,0.0,0.0,0.0,0.0,0
20140616T,0.0,0.0,0.0,0.0,0
20140617T,0.0,0.0,0.0,0.0,0
20140618T,0.0,0.0,0.0,0.0,0
20140619T,0.0,0.0,0.0,0.0,0
20140620T,0.0,0.0,0.0,0.0,0
20140623T,0.0,0.0,0.0,0.0,0
20140624T,0.0,0.0,0.0,0.0,0
20140625T,0.0,0.0,0.0,0.0,0
20140626T,0.0,0.0,0.0,0.0,0
20140627T,0.0,0.0,0.0,0.0,0
20140630T,0.0,0.0,0.0,0.0,0
20140701T,0.0,0.0,0.0,0.0,0
20140702T,0.0,0.0,0.0,0.0,0
20140703T,0.0,0.0,0.0,0.0,0
20140704T,0.0,0.0,0.0,0.0,0
20140707T,0.0,0.0,0.0,0.0,0
20140708T,0.0,0.0,0.0,0.0,0
20140709T,0.0,0.0,0.0,0.0,0
20140710T,0.0,0.0,0.0,0.0,0
20140711T,0.0,0.0,0.0,0.0,0
20140714T,0.0,0.0,0.0,0.0,0
20140715T,0.0,0.0,0.0,0.0,0
20140716T,0.0,0.0,0.0,0.0,0
20140718T,0.0,0.0,0.0,0.0,0
20140721T,0.0,0.0,0.0,0.0,0
20140722T,0.0,0.0,0.0,0.0,0
20140723T,0.0,0.0,0.0,0.0,0
20140724T,0.0,0.0,0.0,0.0,0
20140725T,0.0,0.0,0.0,0.0,0
20140728T,0.0,0.0,0.0,0.0,0
20140730T,0.0,0.0,0.0,0.0,0
20140731T,0.0,0.0,0.0,0.0,0
20140801T,0.0,0.0,0.0,0.0,0
20140804T,0.0,0.0,0.0,0.0,0
20140805T,0.0,0.0,0.0,0.0,0
20140806T,0.0,0.0,0.0,0.0,0
20140807T,0.0,0.0,0.0,0.0,0
20140808T,0.0,0.0,0.0,0.0,0
20140811T,0.0,0.0,0.0,0.0,0
20140812T,0.0,0.0,0.0,0.0,0
20140813T,0.0,0.0,0.0,0.0,0
20140814T,0.0,0.0,0.0,0.0,0
20140818T,0.0,0.0,0.0,0.0,0
20140819T,0.0,0.0,0.0,0.0,0
20140820T,0.0,0.0,0.0,0.0,0
20140821T,0.0,0.0,0.0,0.0,0
20140822T,0.0,0.0,0.0,0.0,0
20140825T,0.0,0.0,0.0,0.0,0
20140826T,0.0,0.0,0.0,0.0,0
20140827T,0.0,0.0,0.0,0.0,0
20140828T,0.0,0.0,0.0,0.0,0
20140901T,0.0,0.0,0.0,0.0,0
20140902T,0.0,0.0,0.0,0.0,0
20140903T,0.0,0.0,0.0,0.0,0
20140904T,0.0,0.0,0.0,0.0,0
20140905T,0.0,0.0,0.0,0.0,0
20140908T,0.0,0.0,0.0,0.0,0
20140909T,0.0,0.0,0.0,0.0,0
20140910T,0.0,0.0,0.0,0.0,0
20140911T,0.0,0.0,0.0,0.0,0
20140912T,0.0,0.0,0.0,0.0,0
20140915T,0.0,0.0,0.0,0.0,0
20140916T,0.0,0.0,0.0,0.0,0
20140917T,0.0,0.0,0.0,0.0,0
20140918T,0.0,0.0,0.0,0.0,0
20140919T,0.0,0.0,0.0,0.0,0
20140922T,0.0,0.0,0.0,0.0,0
20140923T,0.0,0.0,0.0,0.0,0
20140924T,0.0,0.0,0.0,0.0,0
20140925T,0.0,0.0,0.0,0.0,0
20140926T,0.0,0.0,0.0,0.0,0
20140929T,0.0,0.0,0.0,0.0,0
20140930T,0.0,0.0,0.0,0.0,0
20141001T,0.0,0.0,0.0,0.0,0
20141007T,0.0,0.0,0.0,0.0,0
20141008T,0.0,0.0,0.0,0.0,0
20141009T,0.0,0.0,0.0,0.0,0
20141010T,0.0,0.0,0.0,0.0,0
20141013T,0.0,0.0,0.0,0.0,0
20141014T,0.0,0.0,0.0,0.0,0
20141016T,0.0,0.0,0.0,0.0,0
20141017T,0.0,0.0,0.0,0.0,0
20141020T,0.0,0.0,0.0,0.0,0
20141021T,0.0,0.0,0.0,0.0,0
20141022T,0.0,0.0,0.0,0.0,0
20141023T,0.0,0.0,0.0,0.0,0
20141027T,0.0,0.0,0.0,0.0,0
20141028T,0.0,0.0,0.0,0.0,0
20141029T,0.0,0.0,0.0,0.0,0
20141030T,0.0,0.0,0.0,0.0,0
20141031T,0.0,0.0,0.0,0.0,0
20141103T,0.0,0.0,0.0,0.0,0
20141105T,0.0,0.0,0.0,0.0,0
20141107T,0.0,0.0,0.0,0.0,0
20141110T,0.0,0.0,0.0,0.0,0
20141111T,0.0,0.0,0.0,0.0,0
20141112T,0.0,0.0,0.0,0.0,0
20141113T,0.0,0.0,0.0,0.0,0
20141114T,0.0,0.0,0.0,0.0,0
20141117T,0.0,0.0,0.0,0.0,0
20141118T,0.0,0.0,0.0,0.0,0
20141119T,0.0,0.0,0.0,0.0,0
20141120T,0.0,0.0,0.0,0.0,0
20141121T,0.0,0.0,0.0,0.0,0
20141124T,0.0,0.0,0.0,0.0,0
20141125T,0.0,0.0,0.0,0.0,0
20141126T,0.0,0.0,0.0,0.0,0
20141127T,0.0,0.0,0.0,0.0,0
20141128T,0.0,0.0,0.0,0.0,0
20141201T,0.0,0.0,0.0,0.0,0
20141202T,0.0,0.0,0.0,0.0,0
20141203T,0.0,0.0,0.0,0.0,0
20141204T,0.0,0.0,0.0,0.0,0
20141205T,0.0,0.0,0.0,0.0,0
20141208T,0.0,0.0,0.0,0.0,0
20141209T,0.0,0.0,0.0,0.0,0
20141210T,0.0,0.0,0.0,0.0,0
20141211T,0.0,0.0,0.0,0.0,0
20141212T,0.0,0.0,0.0,0.0,0
20141215T,0.0,0.0,0.0,0.0,0
20141216T,0.0,0.0,0.0,0.0,0
20141217T,0.0,0.0,0.0,0.0,0
20141218T,0.0,0.0,0.0,0.0,0
20141219T,0.0,0.0,0.0,0.0,0
20141222T,0.0,0.0,0.0,0.0,0
20141223T,0.0,0.0,0.0,0.0,0
20141224T,0.0,0.0,0.0,0.0,0
20141226T,0.0,0.0,0.0,0.0,0
20141229T,0.0,0.0,0.0,0.0,0
20141230T,0.0,0.0,0.0,0.0,0
20141231T,0.0,0.0,0.0,0.0,0
20150101T,0.0,0.0,0.0,0.0,0
20150102T,0.0,0.0,0.0,0.0,0
20150105T,0.0,0.0,0.0,0.0,0
20150106T,0.0,0.0,0.0,0.0,0
20150107T,0.0,0.0,0.0,0.0,0
20150108T,0.0,0.0,0.0,0.0,0
20150109T,0.0,0.0,0.0,0.0,0
20150112T,0.0,0.0,0.0,0.0,0
20150113T,0.0,0.0,0.0,0.0,0
20150114T,0.0,0.0,0.0,0.0,0
20150115T,0.0,0.0,0.0,0.0,0
20150116T,0.0,0.0,0.0,0.0,0
20150119T,0.0,0.0,0.0,0.0,0
20150120T,0.0,0.0,0.0,0.0,0
20150121T,0.0,0.0,0.0,0.0,0
20150122T,0.0,0.0,0.0,0.0,0
20150123T,0.0,0.0,0.0,0.0,0
20150127T,0.0,0.0,0.0,0.0,0
20150128T,0.0,0.0,0.0,0.0,0
20150129T,0.0,0.0,0.0,0.0,0
20150130T,0.0,0.0,0.0,0.0,0
20150202T,0.0,0.0,0.0,0.0,0
20150203T,0.0,0.0,0.0,0.0,0
20150204T,0.0,0.0,0.0,0.0,0
20150205T,0.0,0.0,0.0,0.0,0
20150206T,0.0,0.0,0.0,0.0,0
20150209T,0.0,0.0,0.0,0.0,0
20150210T,0.0,0.0,0.0,0.0,0
20150211T,0.0,0.0,0.0,0.0,0
20150212T,0.0,0.0,0.0,0.0,0
20150213T,0.0,0.0,0.0,0.0,0
20150216T,0.0,0.0,0.0,0.0,0
20150218T,0.0,0.0,0.0,0.0,0
20150219T,0.0,0.0,0.0,0.0,0
20150220T,0.0,0.0,0.0,0.0,0
20150223T,0.0,0.0,0.0,0.0,0
20150224T,0.0,0.0,0.0,0.0,0
20150225T,0.0,0.0,0.0,0.0,0
20150226T,0.0,0.0,0.0,0.0,0
20150227T,0.0,0.0,0.0,0.0,0
20150302T,0.0,0.0,0.0,0.0,0
20150303T,0.0,0.0,0.0,0.0,0
20150304T,0.0,0.0,0.0,0.0,0
20150305T,0.0,0.0,0.0,0.0,0
20150309T,0.0,0.0,0.0,0.0,0
20150310T,0.0,0.0,0.0,0.0,0
20150311T,0.0,0.0,0.0,0.0,0
20150312T,0.0,0.0,0.0,0.0,0
20150313T,0.0,0.0,0.0,0.0,0
20150316T,0.0,0.0,0.0,0.0,0
20150317T,0.0,0.0,0.0,0.0,0
20150318T,0.0,0.0,0.0,0.0,0
20150319T,0.0,0.0,0.0,0.0,0
20150320T,0.0,0.0,0.0,0.0,0
20150323T,0.0,0.0,0.0,0.0,0
20150324T,0.0,0.0,0.0,0.0,0
20150325T,0.0,0.0,0.0,0.0,0
20150326T,0.0,0.0,0.0,0.0,0
20150327T,0.0,0.0,0.0,0.0,0
20150330T,0.0,0.0,0.0,0.0,0
20150331T,0.0,0.0,0.0,0.0,0
20150401T,0.0,0.0,0.0,0.0,0
20150406T,0.0,0.0,0.0,0.0,0
20150407T,0.0,0.0,0.0,0.0,0
20150408T,0.0,0.0,0.0,0.0,0
20150409T,0.0,0.0,0.0,0.0,0
20150410T,0.0,0.0,0.0,0.0,0
20150413T,0.0,0.0,0.0,0.0,0
20150415T,0.0,0.0,0.0,0.0,0
20150416T,0.0,0.0,0.0,0.0,0
20150417T,0.0,0.0,0.0,0.0,0
20150420T,0.0,0.0,0.0,0.0,0
20150421T,0.0,0.0,0.0,0.0,0
20150422T,0.0,0.0,0.0,0.0,0
20150423T,0.0,0.0,0.0,0.0,0
20150424T,0.0,0.0,0.0,0.0,0
20150427T,0.0,0.0,0.0,0.0,0
20150428T,0.0,0.0,0.0,0.0,0
20150429T,0.0,0.0,0.0,0.0,0
20150430T,0.0,0.0,0.0,0.0,0
20150504T,0.0,0.0,0.0,0.0,0
20150505T,0.0,0.0,0.0,0.0,0
20150506T,0.0,0.0,0.0,0.0,0
20150507T,0.0,0.0,0.0,0.0,0
20150508T,0.0,0.0,0.0,0.0,0
20150511T,0.0,0.0,0.0,0.0,0
20150512T,0.0,0.0,0.0,0.0,0
20150513T,0.0,0.0,0.0,0.0,0
20150514T,0.0,0.0,0.0,0.0,0
20150515T,0.0,0.0,0.0,0.0,0
20150518T,0.0,0.0,0.0,0.0,0
20150519T,0.0,0.0,0.0,0.0,0
20150520T,0.0,0.0,0.0,0.0,0
20150521T,0.0,0.0,0.0,0.0,0
20150522T,0.0,0.0,0.0,0.0,0
20150525T,0.0,0.0,0.0,0.0,0
20150526T,0.0,0.0,0.0,0.0,0
20150527T,0.0,0.0,0.0,0.0,0
20150528T,0.0,0.0,0.0,0.0,0
20150529T,0.0,0.0,0.0,0.0,0
20150601T,0.0,0.0,0.0,0.0,0
20150602T,0.0,0.0,0.0,0.0,0
20150603T,0.0,0.0,0.0,0.0,0
20150604T,0.0,0.0,0.0,0.0,0
20150605T,0.0,0.0,0.0,0.0,0
20150608T,0.0,0.0,0.0,0.0,0
20150609T,0.0,0.0,0.0,0.0,0
20150610T,0.0,0.0,0.0,0.0,0
20150611T,0.0,0.0,0.0,0.0,0
20150612T,0.0,0.0,0.0,0.0,0
20150615T,0.0,0.0,0.0,0.0,0
20150616T,0.0,0.0,0.0,0.0,0
20150617T,0.0,0.0,0.0,0.0,0
20150618T,0.0,0.0,0.0,0.0,0
20150619T,0.0,0.0,0.0,0.0,0
20150622T,0.0,0.0,0.0,0.0,0
20150623T,0.0,0.0,0.0,0.0,0
20150624T,0.0,0.0,0.0,0.0,0
20150625T,0.0,0.0,0.0,0.0,0
20150626T,0.0,0.0,0.0,0.0,0
20150629T,0.0,0.0,0.0,0.0,0
20150630T,0.0,0.0,0.0,0.0,0
20150701T,0.0,0.0,0.0,0.0,0
20150702T,0.0,0.0,0.0,0.0,0
20150703T,0.0,0.0,0.0,0.0,0
20150706T,0.0,0.0,0.0,0.0,0
20150707T,0.0,0.0,0.0,0.0,0
20150708T,0.0,0.0,0.0,0.0,0
20150709T,0.0,0.0,0.0,0.0,0
20150710T,0.0,0.0,0.0,0.0,0
20150713T,0.0,0.0,0.0,0.0,0
20150714T,0.0,0.0,0.0,0.0,0
20150715T,0.0,0.0,0.0,0.0,0
20150716T,0.0,0.0,0.0,0.0,0
20150717T,0.0,0.0,0.0,0.0,0
20150720T,0.0,0.0,0.0,0.0,0
20150721T,0.0,0.0,0.0,0.0,0
20150722T,0.0,0.0,0.0,0.0,0
20150723T,0.0,0.0,0.0,0.0,0
20150724T,0.0,0.0,0.0,0.0,0
20150727T,0.0,0.0,0.0,0.0,0
20150728T,0.0,0.0,0.0,0.0,0
20150729T,0.0,0.0,0.0,0.0,0
20150730T,0.0,0.0,0.0,0.0,0
20150731T,0.0,0.0,0.0,0.0,0
20150803T,0.0,0.0,0.0,0.0,0
20150804T,0.0,0.0,0.0,0.0,0
20150805T,0.0,0.0,0.0,0.0,0
20150806T,0.0,0.0,0.0,0.0,0
20150807T,0.0,0.0,0.0,0.0,0
20150810T,0.0,0.0,0.0,0.0,0
20150811T,0.0,0.0,0.0,0.0,0
20150812T,0.0,0.0,0.0,0.0,0
20150813T,0.0,0.0,0.0,0.0,0
20150814T,0.0,0.0,0.0,0.0,0
20150817T,0.0,0.0,0.0,0.0,0
20150818T,0.0,0.0,0.0,0.0,0
20150819T,0.0,0.0,0.0,0.0,0
20150820T,0.0,0.0,0.0,0.0,0
20150821T,0.0,0.0,0.0,0.0,0
20150824T,0.0,0.0,0.0,0.0,0
20150825T,0.0,0.0,0.0,0.0,0
20150826T,0.0,0.0,0.0,0.0,0
20150827T,0.0,0.0,0.0,0.0,0
20150828T,0.0,0.0,0.0,0.0,0
20150831T,0.0,0.0,0.0,0.0,0
20150901T,0.0,0.0,0.0,0.0,0
20150902T,0.0,0.0,0.0,0.0,0
20150903T,0.0,0.0,0.0,0.0,0
20150904T,0.0,0.0,0.0,0.0,0
20150907T,0.0,0.0,0.0,0.0,0
20150908T,0.0,0.0,0.0,0.0,0
20150909T,0.0,0.0,0.0,0.0,0
20150910T,0.0,0.0,0.0,0.0,0
20150911T,0.0,0.0,0.0,0.0,0
20150914T,0.0,0.0,0.0,0.0,0
20150915T,0.0,0.0,0.0,0.0,0
20150916T,0.0,0.0,0.0,0.0,0
20150918T,0.0,0.0,0.0,0.0,0
20150921T,0.0,0.0,0.0,0.0,0
20150922T,0.0,0.0,0.0,0.0,0
20150923T,0.0,0.0,0.0,0.0,0
20150924T,0.0,0.0,0.0,0.0,0
20150928T,0.0,0.0,0.0,0.0,0
20150929T,0.0,0.0,0.0,0.0,0
20150930T,0.0,0.0,0.0,0.0,0
20151001T,0.0,0.0,0.0,0.0,0
20151005T,0.0,0.0,0.0,0.0,0
20151006T,0.0,0.0,0.0,0.0,0
20151007T,0.0,0.0,0.0,0.0,0
20151008T,0.0,0.0,0.0,0.0,0
20151009T,0.0,0.0,0.0,0.0,0
20151012T,0.0,0.0,0.0,0.0,0
20151013T,0.0,0.0,0.0,0.0,0
20151014T,0.0,0.0,0.0,0.0,0
20151015T,0.0,0.0,0.0,0.0,0
20151016T,0.0,0.0,0.0,0.0,0
20151019T,0.0,0.0,0.0,0.0,0
20151020T,0.0,0.0,0.0,0.0,0
20151021T,0.0,0.0,0.0,0.0,0
20151023T,0.0,0.0,0.0,0.0,0
20151026T,0.0,0.0,0.0,0.0,0
20151027T,0.0,0.0,0.0,0.0,0
20151028T,0.0,0.0,0.0,0.0,0
20151029T,0.0,0.0,0.0,0.0,0
20151030T,0.0,0.0,0.0,0.0,0
20151102T,0.0,0.0,0.0,0.0,0
20151103T,0.0,0.0,0.0,0.0,0
20151104T,0.0,0.0,0.0,0.0,0
20151105T,0.0,0.0,0.0,0.0,0
20151106T,0.0,0.0,0.0,0.0,0
20151109T,0.0,0.0,0.0,0.0,0
20151110T,0.0,0.0,0.0,0.0,0
20151111T,0.0,0.0,0.0,0.0,0
20151113T,0.0,0.0,0.0,0.0,0
20151116T,0.0,0.0,0.0,0.0,0
20151117T,0.0,0.0,0.0,0.0,0
20151118T,0.0,0.0,0.0,0.0,0
20151119T,0.0,0.0,0.0,0.0,0
20151120T,0.0,0.0,0.0,0.0,0
20151123T,0.0,0.0,0.0,0.0,0
20151124T,0.0,0.0,0.0,0.0,0
20151126T,0.0,0.0,0.0,0.0,0
20151127T,0.0,0.0,0.0,0.0,0
20151130T,0.0,0.0,0.0,0.0,0
20151201T,0.0,0.0,0.0,0.0,0
20151202T,0.0,0.0,0.0,0.0,0
20151203T,0.0,0.0,0.0,0.0,0
20151204T,0.0,0.0,0.0,0.0,0
20151207T,0.0,0.0,0.0,0.0,0
20151208T,0.0,0.0,0.0,0.0,0
20151209T,0.0,0.0,0.0,0.0,0
20151210T,0.0,0.0,0.0,0.0,0
20151211T,0.0,0.0,0.0,0.0,0
20151214T,0.0,0.0,0.0,0.0,0
20151215T,0.0,0.0,0.0,0.0,0
20151216T,0.0,0.0,0.0,0.0,0
20151217T,0.0,0.0,0.0,0.0,0
20151218T,0.0,0.0,0.0,0.0,0
20151221T,0.0,0.0,0.0,0.0,0
20151222T,0.0,0.0,0.0,0.0,0
20151223T,0.0,0.0,0.0,0.0,0
20151224T,0.0,0.0,0.0,0.0,0
20151228T,0.0,0.0,0.0,0.0,0
20151229T,0.0,0.0,0.0,0.0,0
20151230T,0.0,0.0,0.0,0.0,0
20151231T,0.0,0.0,0.0,0.0,0
20160101T,0.0,0.0,0.0,0.0,0
20160104T,0.0,0.0,0.0,0.0,0
20160105T,0.0,0.0,0.0,0.0,0
20160106T,0.0,0.0,0.0,0.0,0
20160107T,0.0,0.0,0.0,0.0,0
20160108T,0.0,0.0,0.0,0.0,0
20160111T,0.0,0.0,0.0,0.0,0
20160112T,0.0,0.0,0.0,0.0,0
20160113T,0.0,0.0,0.0,0.0,0
20160114T,0.0,0.0,0.0,0.0,0
20160115T,0.0,0.0,0.0,0.0,0
20160118T,0.0,0.0,0.0,0.0,0
20160119T,0.0,0.0,0.0,0.0,0
20160120T,0.0,0.0,0.0,0.0,0
20160121T,0.0,0.0,0.0,0.0,0
20160122T,0.0,0.0,0.0,0.0,0
20160125T,0.0,0.0,0.0,0.0,0
20160127T,0.0,0.0,0.0,0.0,0
20160128T,0.0,0.0,0.0,0.0,0
20160129T,0.0,0.0,0.0,0.0,0
20160201T,0.0,0.0,0.0,0.0,0
20160202T,0.0,0.0,0.0,0.0,0
20160203T,0.0,0.0,0.0,0.0,0
20160204T,0.0,0.0,0.0,0.0,0
20160205T,0.0,0.0,0.0,0.0,0
20160208T,0.0,0.0,0.0,0.0,0
20160209T,0.0,0.0,0.0,0.0,0
20160211T,0.0,0.0,0.0,0.0,0
20160212T,0.0,0.0,0.0,0.0,0
20160215T,0.0,0.0,0.0,0.0,0
20160216T,0.0,0.0,0.0,0.0,0
20160217T,0.0,0.0,0.0,0.0,0
20160218T,0.0,0.0,0.0,0.0,0
20160219T,0.0,0.0,0.0,0.0,0
20160222T,0.0,0.0,0.0,0.0,0
20160223T,0.0,0.0,0.0,0.0,0
20160224T,0.0,0.0,0.0,0.0,0
20160225T,0.0,0.0,0.0,0.0,0
20160226T,0.0,0.0,0.0,0.0,0
20160229T,0.0,0.0,0.0,0.0,0
20160301T,0.0,0.0,0.0,0.0,0
20160302T,0.0,0.0,0.0,0.0,0
20160303T,0.0,0.0,0.0,0.0,0
20160304T,0.0,0.0,0.0,0.0,0
20160308T,0.0,0.0,0.0,0.0,0
20160309T,0.0,0.0,0.0,0.0,0
20160310T,0.0,0.0,0.0,0.0,0
20160311T,0.0,0.0,0.0,0.0,0
20160314T,0.0,0.0,0.0,0.0,0
20160315T,0.0,0.0,0.0,0.0,0
20160316T,0.0,0.0,0.0,0.0,0
20160317T,0.0,0.0,0.0,0.0,0
20160318T,0.0,0.0,0.0,0.0,0
20160321T,0.0,0.0,0.0,0.0,0
20160322T,0.0,0.0,0.0,0.0,0
20160323T,0.0,0.0,0.0,0.0,0
20160328T,0.0,0.0,0.0,0.0,0
20160329T,0.0,0.0,0.0,0.0,0
20160330T,0.0,0.0,0.0,0.0,0
20160331T,0.0,0.0,0.0,0.0,0
20160401T,0.0,0.0,0.0,0.0,0
20160404T,0.0,0.0,0.0,0.0,0
20160405T,0.0,0.0,0.0,0.0,0
20160406T,0.0,0.0,0.0,0.0,0
20160407T,0.0,0.0,0.0,0.0,0
20160408T,0.0,0.0,0.0,0.0,0
20160411T,0.0,0.0,0.0,0.0,0
20160412T,0.0,0.0,0.0,0.0,0
20160413T,0.0,0.0,0.0,0.0,0
20160418T,0.0,0.0,0.0,0.0,0
20160420T,0.0,0.0,0.0,0.0,0
20160421T,0.0,0.0,0.0,0.0,0
20160422T,0.0,0.0,0.0,0.0,0
20160425T,0.0,0.0,0.0,0.0,0
20160426T,0.0,0.0,0.0,0.0,0
20160427T,0.0,0.0,0.0,0.0,0
20160428T,0.0,0.0,0.0,0.0,0
20160429T,0.0,0.0,0.0,0.0,0
20160502T,0.0,0.0,0.0,0.0,0
20160503T,0.0,0.0,0.0,0.0,0
20160504T,0.0,0.0,0.0,0.0,0
20160505T,0.0,0.0,0.0,0.0,0
20160506T,0.0,0.0,0.0,0.0,0
20160509T,0.0,0.0,0.0,0.0,0
20160510T,0.0,0.0,0.0,0.0,0
20160511T,0.0,0.0,0.0,0.0,0
20160512T,0.0,0.0,0.0,0.0,0
20160513T,0.0,0.0,0.0,0.0,0
20160516T,0.0,0.0,0.0,0.0,0
20160517T,0.0,0.0,0.0,0.0,0
20160518T,0.0,0.0,0.0,0.0,0
20160519T,0.0,0.0,0.0,0.0,0
20160520T,0.0,0.0,0.0,0.0,0
20160523T,0.0,0.0,0.0,0.0,0
20160524T,0.0,0.0,0.0,0.0,0
20160525T,0.0,0.0,0.0,0.0,0
20160526T,0.0,0.0,0.0,0.0,0
20160527T,0.0,0.0,0.0,0.0,0
20160530T,0.0,0.0,0.0,0.0,0
20160531T,0.0,0.0,0.0,0.0,0
20160601T,0.0,0.0,0.0,0.0,0
20160602T,0.0,0.0,0.0,0.0,0
20160603T,0.0,0.0,0.0,0.0,0
20160606T,0.0,0.0,0.0,0.0,0
20160607T,0.0,0.0,0.0,0.0,0
20160608T,0.0,0.0,0.0,0.0,0
20160609T,0.0,0.0,0.0,0.0,0
20160610T,0.0,0.0,0.0,0.0,0
20160613T,0.0,0.0,0.0,0.0,0
20160614T,0.0,0.0,0.0,0.0,0
20160615T,0.0,0.0,0.0,0.0,0
20160616T,0.0,0.0,0.0,0.0,0
20160617T,0.0,0.0,0.0,0.0,0
20160620T,0.0,0.0,0.0,0.0,0
20160621T,0.0,0.0,0.0,0.0,0
20160622T,0.0,0.0,0.0,0.0,0
20160623T,0.0,0.0,0.0,0.0,0
20160624T,0.0,0.0,0.0,0.0,0
20160627T,0.0,0.0,0.0,0.0,0
20160628T,0.0,0.0,0.0,0.0,0
20160629T,0.0,0.0,0.0,0.0,0
20160630T,0.0,0.0,0.0,0.0,0
20160701T,0.0,0.0,0.0,0.0,0
20160704T,0.0,0.0,0.0,0.0,0
20160705T,0.0,0.0,0.0,0.0,0
20160707T,0.0,0.0,0.0,0.0,0
20160708T,0.0,0.0,0.0,0.0,0
20160711T,0.0,0.0,0.0,0.0,0
20160712T,0.0,0.0,0.0,0.0,0
20160713T,0.0,0.0,0.0,0.0,0
20160714T,0.0,0.0,0.0,0.0,0
20160715T,0.0,0.0,0.0,0.0,0
20160718T,0.0,0.0,0.0,0.0,0
20160719T,0.0,0.0,0.0,0.0,0
20160720T,0.0,0.0,0.0,0.0,0
20160721T,0.0,0.0,0.0,0.0,0
20160722T,0.0,0.0,0.0,0.0,0
20160725T,0.0,0.0,0.0,0.0,0
20160726T,0.0,0.0,0.0,0.0,0
20160727T,0.0,0.0,0.0,0.0,0
20160728T,0.0,0.0,0.0,0.0,0
20160729T,0.0,0.0,0.0,0.0,0
20160801T,0.0,0.0,0.0,0.0,0
20160802T,0.0,0.0,0.0,0.0,0
20160803T,0.0,0.0,0.0,0.0,0
20160804T,0.0,0.0,0.0,0.0,0
20160805T,0.0,0.0,0.0,0.0,0
20160808T,0.0,0.0,0.0,0.0,0
20160809T,0.0,0.0,0.0,0.0,0
20160810T,0.0,0.0,0.0,0.0,0
20160811T,0.0,0.0,0.0,0.0,0
20160812T,0.0,0.0,0.0,0.0,0
20160816T,0.0,0.0,0.0,0.0,0
20160817T,0.0,0.0,0.0,0.0,0
20160818T,0.0,0.0,0.0,0.0,0
20160819T,0.0,0.0,0.0,0.0,0
20160822T,0.0,0.0,0.0,0.0,0
20160823T,0.0,0.0,0.0,0.0,0
20160824T,0.0,0.0,0.0,0.0,0
20160825T,0.0,0.0,0.0,0.0,0
20160826T,0.0,0.0,0.0,0.0,0
20160829T,0.0,0.0,0.0,0.0,0
20160830T,0.0,0.0,0.0,0.0,0
20160831T,0.0,0.0,0.0,0.0,0
20160901T,0.0,0.0,0.0,0.0,0
20160902T,0.0,0.0,0.0,0.0,0
20160906T,0.0,0.0,0.0,0.0,0
20160907T,0.0,0.0,0.0,0.0,0
20160908T,0.0,0.0,0.0,0.0,0
20160909T,0.0,0.0,0.0,0.0,0
20160912T,0.0,0.0,0.0,0.0,0
20160914T,0.0,0.0,0.0,0.0,0
20160915T,0.0,0.0,0.0,0.0,0
20160916T,0.0,0.0,0.0,0.0,0
20160919T,0.0,0.0,0.0,0.0,0
20160920T,0.0,0.0,0.0,0.0,0
20160921T,0.0,0.0,0.0,0.0,0
20160922T,0.0,0.0,0.0,0.0,0
20160923T,0.0,0.0,0.0,0.0,0
20160926T,0.0,0.0,0.0,0.0,0
20160927T,0.0,0.0,0.0,0.0,0
20160928T,0.0,0.0,0.0,0.0,0
20160929T,0.0,0.0,0.0,0.0,0
20160930T,0.0,0.0,0.0,0.0,0
20161003T,0.0,0.0,0.0,0.0,0
20161004T,0.0,0.0,0.0,0.0,0
20161005T,0.0,0.0,0.0,0.0,0
20161006T,0.0,0.0,0.0,0.0,0
20161007T,0.0,0.0,0.0,0.0,0
20161010T,0.0,0.0,0.0,0.0,0
20161013T,0.0,0.0,0.0,0.0,0
20161014T,0.0,0.0,0.0,0.0,0
20161017T,0.0,0.0,0.0,0.0,0
20161018T,0.0,0.0,0.0,0.0,0
20161019T,0.0,0.0,0.0,0.0,0
20161020T,0.0,0.0,0.0,0.0,0
20161021T,0.0,0.0,0.0,0.0,0
20161024T,0.0,0.0,0.0,0.0,0
20161025T,0.0,0.0,0.0,0.0,0
20161026T,0.0,0.0,0.0,0.0,0
20161027T,0.0,0.0,0.0,0.0,0
20161028T,0.0,0.0,0.0,0.0,0
20161101T,0.0,0.0,0.0,0.0,0
20161102T,0.0,0.0,0.0,0.0,0
20161103T,0.0,0.0,0.0,0.0,0
20161104T,0.0,0.0,0.0,0.0,0
20161107T,0.0,0.0,0.0,0.0,0
20161108T,0.0,0.0,0.0,0.0,0
20161109T,0.0,0.0,0.0,0.0,0
20161110T,0.0,0.0,0.0,0.0,0
20161111T,0.0,0.0,0.0,0.0,0
20161115T,0.0,0.0,0.0,0.0,0
20161116T,0.0,0.0,0.0,0.0,0
20161117T,0.0,0.0,0.0,0.0,0
20161118T,0.0,0.0,0.0,0.0,0
20161121T,0.0,0.0,0.0,0.0,0
20161122T,0.0,0.0,0.0,0.0,0
20161123T,0.0,0.0,0.0,0.0,0
20161124T,0.0,0.0,0.0,0.0,0
20161125T,0.0,0.0,0.0,0.0,0
20161128T,0.0,0.0,0.0,0.0,0
20161129T,0.0,0.0,0.0,0.0,0
20161130T,0.0,0.0,0.0,0.0,0
20161201T,0.0,0.0,0.0,0.0,0
20161202T,0.0,0.0,0.0,0.0,0
20161205T,0.0,0.0,0.0,0.0,0
20161206T,0.0,0.0,0.0,0.0,0
20161207T,0.0,0.0,0.0,0.0,0
20161208T,0.0,0.0,0.0,0.0,0
20161209T,0.0,0.0,0.0,0.0,0
20161212T,0.0,0.0,0.0,0.0,0
20161213T,0.0,0.0,0.0,0.0,0
20161214T,0.0,0.0,0.0,0.0,0
20161215T,0.0,0.0,0.0,0.0,0
20161216T,0.0,0.0,0.0,0.0,0
20161219T,0.0,0.0,0.0,0.0,0
20161220T,0.0,0.0,0.0,0.0,0
20161221T,0.0,0.0,0.0,0.0,0
20161222T,0.0,0.0,0.0,0.0,0
20161223T,0.0,0.0,0.0,0.0,0
20161226T,0.0,0.0,0.0,0.0,0
20161227T,0.0,0.0,0.0,0.0,0
20161228T,0.0,0.0,0.0,0.0,0
20161229T,0.0,0.0,0.0,0.0,0
20161230T,0.0,0.0,0.0,0.0,0
20170102T,0.0,0.0,0.0,0.0,0
20170103T,0.0,0.0,0.0,0.0,0
20170104T,0.0,0.0,0.0,0.0,0
20170105T,0.0,0.0,0.0,0.0,0
20170106T,0.0,0.0,0.0,0.0,0
20170109T,0.0,0.0,0.0,0.0,0
20170110T,0.0,0.0,0.0,0.0,0
20170111T,0.0,0.0,0.0,0.0,0
20170112T,0.0,0.0,0.0,0.0,0
20170113T,0.0,0.0,0.0,0.0,0
20170116T,0.0,0.0,0.0,0.0,0
20170117T,0.0,0.0,0.0,0.0,0
20170118T,0.0,0.0,0.0,0.0,0
20170119T,0.0,0.0,0.0,0.0,0
20170120T,0.0,0.0,0.0,0.0,0
20170123T,0.0,0.0,0.0,0.0,0
20170124T,0.0,0.0,0.0,0.0,0
20170125T,0.0,0.0,0.0,0.0,0
20170127T,0.0,0.0,0.0,0.0,0
20170130T,0.0,0.0,0.0,0.0,0
20170131T,0.0,0.0,0.0,0.0,0
20170201T,0.0,0.0,0.0,0.0,0
20170202T,0.0,0.0,0.0,0.0,0
20170203T,0.0,0.0,0.0,0.0,0
20170206T,0.0,0.0,0.0,0.0,0
20170207T,0.0,0.0,0.0,0.0,0
20170208T,0.0,0.0,0.0,0.0,0
20170209T,0.0,0.0,0.0,0.0,0
20170210T,0.0,0.0,0.0,0.0,0
20170213T,0.0,0.0,0.0,0.0,0
20170214T,0.0,0.0,0.0,0.0,0
20170215T,0.0,0.0,0.0,0.0,0
20170216T,0.0,0.0,0.0,0.0,0
20170217T,0.0,0.0,0.0,0.0,0
20170220T,0.0,0.0,0.0,0.0,0
20170221T,0.0,0.0,0.0,0.0,0
20170222T,0.0,0.0,0.0,0.0,0
20170223T,0.0,0.0,0.0,0.0,0
20170227T,0.0,0.0,0.0,0.0,0
20170228T,0.0,0.0,0.0,0.0,0
20170301T,0.0,0.0,0.0,0.0,0
20170302T,0.0,0.0,0.0,0.0,0
20170303T,0.0,0.0,0.0,0.0,0
20170306T,0.0,0.0,0.0,0.0,0
20170307T,0.0,0.0,0.0,0.0,0
20170308T,0.0,0.0,0.0,0.0,0
20170309T,0.0,0.0,0.0,0.0,0
20170310T,0.0,0.0,0.0,0.0,0
20170314T,0.0,0.0,0.0,0.0,0
20170315T,0.0,0.0,0.0,0.0,0
20170316T,0.0,0.0,0.0,0.0,0
20170317T,0.0,0.0,0.0,0.0,0
20170320T,0.0,0.0,0.0,0.0,0
20170321T,0.0,0.0,0.0,0.0,0
20170322T,0.0,0.0,0.0,0.0,0
20170323T,0.0,0.0,0.0,0.0,0
20170324T,0.0,0.0,0.0,0.0,0
20170327T,0.0,0.0,0.0,0.0,0
20170328T,0.0,0.0,0.0,0.0,0
20170329T,0.0,0.0,0.0,0.0,0
20170330T,0.0,0.0,0.0,0.0,0
20170331T,0.0,0.0,0.0,0.0,0
20170403T,0.0,0.0,0.0,0.0,0
20170405T,0.0,0.0,0.0,0.0,0
20170406T,0.0,0.0,0.0,0.0,0
20170407T,0.0,0.0,0.0,0.0,0
20170410T,0.0,0.0,0.0,0.0,0
20170411T,0.0,0.0,0.0,0.0,0
20170412T,0.0,0.0,0.0,0.0,0
20170413T,0.0,0.0,0.0,0.0,0
20170417T,0.0,0.0,0.0,0.0,0
20170418T,0.0,0.0,0.0,0.0,0
20170419T,0.0,0.0,0.0,0.0,0
20170420T,0.0,0.0,0.0,0.0,0
20170421T,0.0,0.0,0.0,0.0,0
20170424T,0.0,0.0,0.0,0.0,0
20170425T,0.0,0.0,0.0,0.0,0
20170426T,0.0,0.0,0.0,0.0,0
20170427T,0.0,0.0,0.0,0.0,0
20170428T,0.0,0.0,0.0,0.0,0
20170502T,0.0,0.0,0.0,0.0,0
20170503T,0.0,0.0,0.0,0.0,0
20170504T,0.0,0.0,0.0,0.0,0
20170505T,0.0,0.0,0.0,0.0,0
20170508T,0.0,0.0,0.0,0.0,0
20170509T,0.0,0.0,0.0,0.0,0
20170510T,0.0,0.0,0.0,0.0,0
20170511T,0.0,0.0,0.0,0.0,0
20170512T,0.0,0.0,0.0,0.0,0
20170515T,0.0,0.0,0.0,0.0,0
20170516T,0.0,0.0,0.0,0.0,0
20170517T,0.0,0.0,0.0,0.0,0
20170518T,0.0,0.0,0.0,0.0,0
20170519T,0.0,0.0,0.0,0.0,0
20170522T,0.0,0.0,0.0,0.0,0
20170523T,0.0,0.0,0.0,0.0,0
20170524T,0.0,0.0,0.0,0.0,0
20170525T,0.0,0.0,0.0,0.0,0
20170526T,0.0,0.0,0.0,0.0,0
20170529T,0.0,0.0,0.0,0.0,0
20170530T,0.0,0.0,0.0,0.0,0
20170531T,0.0,0.0,0.0,0.0,0
20170601T,0.0,0.0,0.0,0.0,0
20170602T,0.0,0.0,0.0,0.0,0
20170605T,0.0,0.0,0.0,0.0,0
20170606T,0.0,0.0,0.0,0.0,0
20170607T,0.0,0.0,0.0,0.0,0
20170608T,0.0,0.0,0.0,0.0,0
20170609T,0.0,0.0,0.0,0.0,0
20170612T,0.0,0.0,0.0,0.0,0
20170613T,0.0,0.0,0.0,0.0,0
20170614T,0.0,0.0,0.0,0.0,0
20170615T,0.0,0.0,0.0,0.0,0
20170616T,0.0,0.0,0.0,0.0,0
20170619T,0.0,0.0,0.0,0.0,0
20170620T,0.0,0.0,0.0,0.0,0
20170621T,0.0,0.0,0.0,0.0,0
20170622T,0.0,0.0,0.0,0.0,0
20170623T,0.0,0.0,0.0,0.0,0
20170627T,0.0,0.0,0.0,0.0,0
20170628T,0.0,0.0,0.0,0.0,0
20170629T,0.0,0.0,0.0,0.0,0
20170630T,0.0,0.0,0.0,0.0,0
20170703T,0.0,0.0,0.0,0.0,0
20170704T,0.0,0.0,0.0,0.0,0
20170705T,0.0,0.0,0.0,0.0,0
20170706T,0.0,0.0,0.0,0.0,0
20170707T,0.0,0.0,0.0,0.0,0
20170710T,0.0,0.0,0.0,0.0,0
20170711T,0.0,0.0,0.0,0.0,0
20170712T,0.0,0.0,0.0,0.0,0
20170713T,0.0,0.0,0.0,0.0,0
20170714T,0.0,0.0,0.0,0.0,0
20170717T,0.0,0.0,0.0,0.0,0
20170718T,0.0,0.0,0.0,0.0,0
20170719T,0.0,0.0,0.0,0.0,0
20170720T,0.0,0.0,0.0,0.0,0
20170721T,0.0,0.0,0.0,0.0,0
20170724T,0.0,0.0,0.0,0.0,0
20170725T,0.0,0.0,0.0,0.0,0
20170726T,0.0,0.0,0.0,0.0,0
20170727T,0.0,0.0,0.0,0.0,0
20170728T,0.0,0.0,0.0,0.0,0
20170731T,0.0,0.0,0.0,0.0,0
20170801T,0.0,0.0,0.0,0.0,0
20170802T,0.0,0.0,0.0,0.0,0
20170803T,0.0,0.0,0.0,0.0,0
20170804T,0.0,0.0,0.0,0.0,0
20170807T,0.0,0.0,0.0,0.0,0
20170808T,0.0,0.0,0.0,0.0,0
20170809T,0.0,0.0,0.0,0.0,0
20170810T,0.0,0.0,0.0,0.0,0
20170811T,0.0,0.0,0.0,0.0,0
20170814T,0.0,0.0,0.0,0.0,0
20170816T,0.0,0.0,0.0,0.0,0
20170817T,0.0,0.0,0.0,0.0,0
20170818T,0.0,0.0,0.0,0.0,0
20170821T,0.0,0.0,0.0,0.0,0
20170822T,0.0,0.0,0.0,0.0,0
20170823T,0.0,0.0,0.0,0.0,0
20170824T,0.0,0.0,0.0,0.0,0
20170828T,0.0,0.0,0.0,0.0,0
20170829T,0.0,0.0,0.0,0.0,0
20170830T,0.0,0.0,0.0,0.0,0
20170831T,0.0,0.0,0.0,0.0,0
20170901T,0.0,0.0,0.0,0.0,0
20170904T,0.0,0.0,0.0,0.0,0
20170905T,0.0,0.0,0.0,0.0,0
20170906T,0.0,0.0,0.0,0.0,0
20170907T,0.0,0.0,0.0,0.0,0
20170908T,0.0,0.0,0.0,0.0,0
20170911T,0.0,0.0,0.0,0.0,0
20170912T,0.0,0.0,0.0,0.0,0
20170913T,0.0,0.0,0.0,0.0,0
20170914T,0.0,0.0,0.0,0.0,0
20170915T,0.0,0.0,0.0,0.0,0
20170918T,0.0,0.0,0.0,0.0,0
20170919T,0.0,0.0,0.0,0.0,0
20170920T,0.0,0.0,0.0,0.0,0
20170921T,0.0,0.0,0.0,0.0,0
20170922T,0.0,0.0,0.0,0.0,0
20170925T,0.0,0.0,0.0,0.0,0
20170926T,0.0,0.0,0.0,0.0,0
20170927T,0.0,0.0,0.0,0.0,0
20170928T,0.0,0.0,0.0,0.0,0
20170929T,0.0,0.0,0.0,0.0,0
20171003T,0.0,0.0,0.0,0.0,0
20171004T,0.0,0.0,0.0,0.0,0
20171005T,0.0,0.0,0.0,0.0,0
20171006T,0.0,0.0,0.0,0.0,0
20171009T,0.0,0.0,0.0,0.0,0
20171010T,0.0,0.0,0.0,0.0,0
20171011T,0.0,0.0,0.0,0.0,0
20171012T,0.0,0.0,0.0,0.0,0
20171013T,0.0,0.0,0.0,0.0,0
20171016T,0.0,0.0,0.0,0.0,0
20171017T,0.0,0.0,0.0,0.0,0
20171018T,0.0,0.0,0.0,0.0,0
20171019T,0.0,0.0,0.0,0.0,0
20171023T,0.0,0.0,0.0,0.0,0
20171024T,0.0,0.0,0.0,0.0,0
20171025T,0.0,0.0,0.0,0.0,0
20171026T,0.0,0.0,0.0,0.0,0
20171027T,0.0,0.0,0.0,0.0,0
20171030T,0.0,0.0,0.0,0.0,0
20171031T,0.0,0.0,0.0,0.0,0
20171101T,0.0,0.0,0.0,0.0,0
20171102T,0.0,0.0,0.0,0.0,0
20171103T,0.0,0.0,0.0,0.0,0
20171106T,0.0,0.0,0.0,0.0,0
20171107T,0.0,0.0,0.0,0.0,0
20171108T,0.0,0.0,0.0,0.0,0
20171109T,0.0,0.0,0.0,0.0,0
20171110T,0.0,0.0,0.0,0.0,0
20171113T,0.0,0.0,0.0,0.0,0
20171114T,0.0,0.0,0.0,0.0,0
20171115T,0.0,0.0,0.0,0.0,0
20171116T,0.0,0.0,0.0,0.0,0
20171117T,0.0,0.0,0.0,0.0,0
20171120T,0.0,0.0,0.0,0.0,0
20171121T,0.0,0.0,0.0,0.0,0
20171122T,0.0,0.0,0.0,0.0,0
20171123T,0.0,0.0,0.0,0.0,0
20171124T,0.0,0.0,0.0,0.0,0
20171127T,0.0,0.0,0.0,0.0,0
20171128T,0.0,0.0,0.0,0.0,0
20171129T,0.0,0.0,0.0,0.0,0
20171130T,0.0,0.0,0.0,0.0,0
20171201T,0.0,0.0,0.0,0.0,0
20171204T,0.0,0.0,0.0,0.0,0
20171205T,0.0,0.0,0.0,0.0,0
20171206T,0.0,0.0,0.0,0.0,0
20171207T,0.0,0.0,0.0,0.0,0
20171208T,0.0,0.0,0.0,0.0,0
20171211T,0.0,0.0,0.0,0.0,0
20171212T,0.0,0.0,0.0,0.0,0
20171213T,0.0,0.0,0.0,0.0,0
20171214T,0.0,0.0,0.0,0.0,0
20171215T,0.0,0.0,0.0,0.0,0
20171218T,0.0,0.0,0.0,0.0,0
20171219T,0.0,0.0,0.0,0.0,0
20171220T,0.0,0.0,0.0,0.0,0
20171221T,0.0,0.0,0.0,0.0,0
20171222T,0.0,0.0,0.0,0.0,0
20171226T,0.0,0.0,0.0,0.0,0
20171227T,0.0,0.0,0.0,0.0,0
20171228T,0.0,0.0,0.0,0.0,0
20171229T,0.0,0.0,0.0,0.0,0
20180101T,0.0,0.0,0.0,0.0,0
20180102T,0.0,0.0,0.0,0.0,0
20180103T,0.0,0.0,0.0,0.0,0
20180104T,0.0,0.0,0.0,0.0,0
20180105T,0.0,0.0,0.0,0.0,0
20180108T,0.0,0.0,0.0,0.0,0
20180109T,0.0,0.0,0.0,0.0,0
20180110T,0.0,0.0,0.0,0.0,0
20180111T,0.0,0.0,0.0,0.0,0
20180112T,0.0,0.0,0.0,0.0,0
20180115T,0.0,0.0,0.0,0.0,0
20180116T,0.0,0.0,0.0,0.0,0
20180117T,0.0,0.0,0.0,0.0,0
20180118T,0.0,0.0,0.0,0.0,0
20180119T,0.0,0.0,0.0,0.0,0
20180122T,0.0,0.0,0.0,0.0,0
20180123T,0.0,0.0,0.0,0.0,0
20180124T,0.0,0.0,0.0,0.0,0
20180125T,0.0,0.0,0.0,0.0,0
20180129T,0.0,0.0,0.0,0.0,0
20180130T,0.0,0.0,0.0,0.0,0
20180131T,0.0,0.0,0.0,0.0,0
20180201T,0.0,0.0,0.0,0.0,0
20180202T,0.0,0.0,0.0,0.0,0
20180205T,0.0,0.0,0.0,0.0,0
20180206T,0.0,0.0,0.0,0.0,0
20180207T,0.0,0.0,0.0,0.0,0
20180208T,0.0,0.0,0.0,0.0,0
20180209T,0.0,0.0,0.0,0.0,0
20180212T,0.0,0.0,0.0,0.0,0
20180214T,0.0,0.0,0.0,0.0,0
20180215T,0.0,0.0,0.0,0.0,0
20180216T,0.0,0.0,0.0,0.0,0
20180219T,0.0,0.0,0.0,0.0,0
20180220T,0.0,0.0,0.0,0.0,0
20180221T,0.0,0.0,0.0,0.0,0
20180222T,0.0,0.0,0.0,0.0,0
20180223T,0.0,0.0,0.0,0.0,0
20180226T,0.0,0.0,0.0,0.0,0
20180227T,0.0,0.0,0.0,0.0,0
20180228T,0.0,0.0,0.0,0.0,0
20180301T,0.0,0.0,0.0,0.0,0
20180305T,0.0,0.0,0.0,0.0,0
20180306T,0.0,0.0,0.0,0.0,0
20180307T,0.0,0.0,0.0,0.0,0
20180308T,0.0,0.0,0.0,0.0,0
20180309T,0.0,0.0,0.0,0.0,0
20180312T,0.0,0.0,0.0,0.0,0
20180313T,0.0,0.0,0.0,0.0,0
20180314T,0.0,0.0,0.0,0.0,0
20180315T,0.0,0.0,0.0,0.0,0
20180316T,0.0,0.0,0.0,0.0,0
20180319T,0.0,0.0,0.0,0.0,0
20180320T,0.0,0.0,0.0,0.0,0
20180321T,0.0,0.0,0.0,0.0,0
20180322T,0.0,0.0,0.0,0.0,0
20180323T,0.0,0.0,0.0,0.0,0
20180326T,0.0,0.0,0.0,0.0,0
20180327T,0.0,0.0,0.0,0.0,0
20180328T,0.0,0.0,0.0,0.0,0
20180402T,0.0,0.0,0.0,0.0,0
20180403T,0.0,0.0,0.0,0.0,0
20180404T,0.0,0.0,0.0,0.0,0
20180405T,0.0,0.0,0.0,0.0,0
20180406T,0.0,0.0,0.0,0.0,0
20180409T,0.0,0.0,0.0,0.0,0
20180410T,0.0,0.0,0.0,0.0,0
20180411T,0.0,0.0,0.0,0.0,0
20180412T,0.0,0.0,0.0,0.0,0
20180413T,0.0,0.0,0.0,0.0,0
20180416T,0.0,0.0,0.0,0.0,0
20180417T,0.0,0.0,0.0,0.0,0
20180418T,0.0,0.0,0.0,0.0,0
20180419T,0.0,0.0,0.0,0.0,0
20180420T,0.0,0.0,0.0,0.0,0
20180423T,0.0,0.0,0.0,0.0,0
20180424T,0.0,0.0,0.0,0.0,0
20180425T,0.0,0.0,0.0,0.0,0
20180426T,0.0,0.0,0.0,0.0,0
20180427T,0.0,0.0,0.0,0.0,0
20180430T,0.0,0.0,0.0,0.0,0
20180502T,0.0,0.0,0.0,0.0,0
20180503T,0.0,0.0,0.0,0.0,0
20180504T,0.0,0.0,0.0,0.0,0
20180507T,0.0,0.0,0.0,0.0,0
20180508T,0.0,0.0,0.0,0.0,0
20180509T,0.0,0.0,0.0,0.0,0
20180510T,0.0,0.0,0.0,0.0,0
20180511T,0.0,0.0,0.0,0.0,0
20180514T,0.0,0.0,0.0,0.0,0
20180515T,0.0,0.0,0.0,0.0,0
20180516T,0.0,0.0,0.0,0.0,0
20180517T,0.0,0.0,0.0,0.0,0
20180518T,0.0,0.0,0.0,0.0,0
20180521T,0.0,0.0,0.0,0.0,0
20180522T,0.0,0.0,0.0,0.0,0
20180523T,0.0,0.0,0.0,0.0,0
20180524T,0.0,0.0,0.0,0.0,0
20180525T,0.0,0.0,0.0,0.0,0
20180528T,0.0,0.0,0.0,0.0,0
20180529T,0.0,0.0,0.0,0.0,0
20180530T,0.0,0.0,0.0,0.0,0
20180531T,0.0,0.0,0.0,0.0,0
20180601T,0.0,0.0,0.0,0.0,0
20180604T,0.0,0.0,0.0,0.0,0
20180605T,0.0,0.0,0.0,0.0,0
20180606T,0.0,0.0,0.0,0.0,0
20180607T,0.0,0.0,0.0,0.0,0
20180608T,0.0,0.0,0.0,0.0,0
20180611T,0.0,0.0,0.0,0.0,0
20180612T,0.0,0.0,0.0,0.0,0
20180614T,0.0,0.0,0.0,0.0,0
20180615T,0.0,0.0,0.0,0.0,0
20180618T,0.0,0.0,0.0,0.0,0
20180619T,0.0,0.0,0.0,0.0,0
20180620T,0.0,0.0,0.0,0.0,0
20180621T,0.0,0.0,0.0,0.0,0
20180622T,0.0,0.0,0.0,0.0,0
20180625T,0.0,0.0,0.0,0.0,0
20180626T,0.0,0.0,0.0,0.0,0
20180627T,0.0,0.0,0.0,0.0,0
20180628T,0.0,0.0,0.0,0.0,0
20180629T,0.0,0.0,0.0,0.0,0
20180702T,0.0,0.0,0.0,0.0,0
20180703T,0.0,0.0,0.0,0.0,0
20180704T,0.0,0.0,0.0,0.0,0
20180705T,0.0,0.0,0.0,0.0,0
20180706T,0.0,0.0,0.0,0.0,0
20180709T,0.0,0.0,0.0,0.0,0
20180710T,0.0,0.0,0.0,0.0,0
20180711T,0.0,0.0,0.0,0.0,0
20180712T,0.0,0.0,0.0,0.0,0
20180713T,0.0,0.0,0.0,0.0,0
20180716T,0.0,0.0,0.0,0.0,0
20180717T,0.0,0.0,0.0,0.0,0
20180718T,0.0,0.0,0.0,0.0,0
20180719T,0.0,0.0,0.0,0.0,0
20180720T,0.0,0.0,0.0,0.0,0
20180723T,0.0,0.0,0.0,0.0,0
20180724T,0.0,0.0,0.0,0.0,0
20180725T,0.0,0.0,0.0,0.0,0
20180726T,0.0,0.0,0.0,0.0,0
20180727T,0.0,0.0,0.0,0.0,0
20180730T,0.0,0.0,0.0,0.0,0
20180731T,0.0,0.0,0.0,0.0,0
20180801T,0.0,0.0,0.0,0.0,0
20180802T,0.0,0.0,0.0,0.0,0
20180803T,0.0,0.0,0.0,0.0,0
20180806T,0.0,0.0,0.0,0.0,0
20180807T,0.0,0.0,0.0,0.0,0
20180808T,0.0,0.0,0.0,0.0,0
20180809T,0.0,0.0,0.0,0.0,0
20180810T,0.0,0.0,0.0,0.0,0
20180813T,0.0,0.0,0.0,0.0,0
20180814T,0.0,0.0,0.0,0.0,0
20180816T,0.0,0.0,0.0,0.0,0
20180817T,0.0,0.0,0.0,0.0,0
20180820T,0.0,0.0,0.0,0.0,0
20180821T,0.0,0.0,0.0,0.0,0
20180823T,0.0,0.0,0.0,0.0,0
20180824T,0.0,0.0,0.0,0.0,0
20180827T,0.0,0.0,0.0,0.0,0
20180828T,0.0,0.0,0.0,0.0,0
20180829T,0.0,0.0,0.0,0.0,0
20180830T,0.0,0.0,0.0,0.0,0
20180831T,0.0,0.0,0.0,0.0,0
20180903T,0.0,0.0,0.0,0.0,0
20180904T,0.0,0.0,0.0,0.0,0
20180905T,0.0,0.0,0.0,0.0,0
20180906T,0.0,0.0,0.0,0.0,0
20180907T,0.0,0.0,0.0,0.0,0
20180910T,0.0,0.0,0.0,0.0,0
20180911T,0.0,0.0,0.0,0.0,0
20180912T,0.0,0.0,0.0,0.0,0
20180914T,0.0,0.0,0.0,0.0,0
20180917T,0.0,0.0,0.0,0.0,0
20180918T,0.0,0.0,0.0,0.0,0
20180919T,0.0,0.0,0.0,0.0,0
20180921T,0.0,0.0,0.0,0.0,0
20180924T,0.0,0.0,0.0,0.0,0
20180925T,0.0,0.0,0.0,0.0,0
20180926T,0.0,0.0,0.0,0.0,0
20180927T,0.0,0.0,0.0,0.0,0
20180928T,0.0,0.0,0.0,0.0,0
20181001T,0.0,0.0,0.0,0.0,0
20181003T,0.0,0.0,0.0,0.0,0
20181004T,0.0,0.0,0.0,0.0,0
20181005T,0.0,0.0,0.0,0.0,0
20181008T,0.0,0.0,0.0,0.0,0
20181009T,0.0,0.0,0.0,0.0,0
20181010T,0.0,0.0,0.0,0.0,0
20181011T,0.0,0.0,0.0,0.0,0
20181012T,0.0,0.0,0.0,0.0,0
20181015T,0.0,0.0,0.0,0.0,0
20181016T,0.0,0.0,0.0,0.0,0
20181017T,0.0,0.0,0.0,0.0,0
20181019T,0.0,0.0,0.0,0.0,0
20181022T,0.0,0.0,0.0,0.0,0
20181023T,0.0,0.0,0.0,0.0,0
20181024T,0.0,0.0,0.0,0.0,0
20181025T,0.0,0.0,0.0,0.0,0
20181026T,0.0,0.0,0.0,0.0,0
20181029T,0.0,0.0,0.0,0.0,0
20181030T,0.0,0.0,0.0,0.0,0
20181031T,0.0,0.0,0.0,0.0,0
20181101T,0.0,0.0,0.0,0.0,0
20181102T,0.0,0.0,0.0,0.0,0
20181105T,0.0,0.0,0.0,0.0,0
20181106T,0.0,0.0,0.0,0.0,0
20181107T,0.0,0.0,0.0,0.0,0
20181109T,0.0,0.0,0.0,0.0,0
20181112T,0.0,0.0,0.0,0.0,0
20181113T,0.0,0.0,0.0,0.0,0
20181114T,0.0,0.0,0.0,0.0,0
20181115T,0.0,0.0,0.0,0.0,0
20181116T,0.0,0.0,0.0,0.0,0
20181119T,0.0,0.0,0.0,0.0,0
20181120T,0.0,0.0,0.0,0.0,0
20181121T,0.0,0.0,0.0,0.0,0
20181122T,0.0,0.0,0.0,0.0,0
20181126T,0.0,0.0,0.0,0.0,0
20181127T,0.0,0.0,0.0,0.0,0
20181128T,0.0,0.0,0.0,0.0,0
20181129T,0.0,0.0,0.0,0.0,0
20181130T,0.0,0.0,0.0,0.0,0
20181203T,0.0,0.0,0.0,0.0,0
20181204T,0.0,0.0,0.0,0.0,0
20181205T,0.0,0.0,0.0,0.0,0
20181206T,0.0,0.0,0.0,0.0,0
20181207T,0.0,0.0,0.0,0.0,0
20181210T,0.0,0.0,0.0,0.0,0
20181211T,0.0,0.0,0.0,0.0,0
20181212T,0.0,0.0,0.0,0.0,0
20181213T,0.0,0.0,0.0,0.0,0
20181214T,0.0,0.0,0.0,0.0,0
20181217T,0.0,0.0,0.0,0.0,0
20181218T,0.0,0.0,0.0,0.0,0
20181219T,0.0,0.0,0.0,0.0,0
20181220T,0.0,0.0,0.0,0.0,0
20181221T,0.0,0.0,0.0,0.0,0
20181224T,0.0,0.0,0.0,0.0,0
20181226T,0.0,0.0,0.0,0.0,0
20181227T,0.0,0.0,0.0,0.0,0
20181228T,0.0,0.0,0.0,0.0,0
20181231T,0.0,0.0,0.0,0.0,0
20190101T,0.0,0.0,0.0,0.0,0
20190102T,0.0,0.0,0.0,0.0,0
20190103T,0.0,0.0,0.0,0.0,0
20190104T,0.0,0.0,0.0,0.0,0
20190107T,0.0,0.0,0.0,0.0,0
20190108T,0.0,0.0,0.0,0.0,0
20190109T,0.0,0.0,0.0,0.0,0
20190110T,0.0,0.0,0.0,0.0,0
20190111T,0.0,0.0,0.0,0.0,0
20190114T,0.0,0.0,0.0,0.0,0
20190115T,0.0,0.0,0.0,0.0,0
20190116T,0.0,0.0,0.0,0.0,0
20190117T,0.0,0.0,0.0,0.0,0
20190118T,0.0,0.0,0.0,0.0,0
20190121T,0.0,0.0,0.0,0.0,0
20190122T,0.0,0.0,0.0,0.0,0
20190123T,0.0,0.0,0.0,0.0,0
20190124T,0.0,0.0,0.0,0.0,0
20190125T,0.0,0.0,0.0,0.0,0
20190128T,0.0,0.0,0.0,0.0,0
20190129T,0.0,0.0,0.0,0.0,0
20190130T,0.0,0.0,0.0,0.0,0
20190131T,0.0,0.0,0.0,0.0,0
20190201T,0.0,0.0,0.0,0.0,0
20190204T,0.0,0.0,0.0,0.0,0
20190205T,0.0,0.0,0.0,0.0,0
20190206T,0.0,0.0,0.0,0.0,0
20190207T,0.0,0.0,0.0,0.0,0
20190208T,0.0,0.0,0.0,0.0,0
20190211T,0.0,0.0,0.0,0.0,0
20190212T,0.0,0.0,0.0,0.0,0
20190213T,0.0,0.0,0.0,0.0,0
20190214T,0.0,0.0,0.0,0.0,0
20190215T,0.0,0.0,0.0,0.0,0
20190218T,0.0,0.0,0.0,0.0,0
20190219T,0.0,0.0,0.0,0.0,0
20190220T,0.0,0.0,0.0,0.0,0
20190221T,0.0,0.0,0.0,0.0,0
20190222T,0.0,0.0,0.0,0.0,0
20190225T,0.0,0.0,0.0,0.0,0
20190226T,0.0,0.0,0.0,0.0,0
20190227T,0.0,0.0,0.0,0.0,0
20190228T,0.0,0.0,0.0,0.0,0
20190301T,0.0,0.0,0.0,0.0,0
20190305T,0.0,0.0,0.0,0.0,0
20190306T,0.0,0.0,0.0,0.0,0
20190307T,0.0,0.0,0.0,0.0,0
20190308T,0.0,0.0,0.0,0.0,0
20190311T,0.0,0.0,0.0,0.0,0
20190312T,0.0,0.0,0.0,0.0,0
20190313T,0.0,0.0,0.0,0.0,0
20190314T,0.0,0.0,0.0,0.0,0
20190315T,0.0,0.0,0.0,0.0,0
20190318T,0.0,0.0,0.0,0.0,0
20190319T,0.0,0.0,0.0,0.0,0
20190320T,0.0,0.0,0.0,0.0,0
20190322T,0.0,0.0,0.0,0.0,0
20190325T,0.0,0.0,0.0,0.0,0
20190326T,0.0,0.0,0.0,0.0,0
20190327T,0.0,0.0,0.0,0.0,0
20190328T,0.0,0.0,0.0,0.0,0
20190329T,0.0,0.0,0.0,0.0,0
20190401T,0.0,0.0,0.0,0.0,0
20190402T,0.0,0.0,0.0,0.0,0
20190403T,0.0,0.0,0.0,0.0,0
20190404T,0.0,0.0,0.0,0.0,0
20190405T,0.0,0.0,0.0,0.0,0
20190408T,0.0,0.0,0.0,0.0,0
20190409T,0.0,0.0,0.0,0.0,0
20190410T,0.0,0.0,0.0,0.0,0
20190411T,0.0,0.0,0.0,0.0,0
20190412T,0.0,0.0,0.0,0.0,0
20190415T,0.0,0.0,0.0,0.0,0
20190416T,0.0,0.0,0.0,0.0,0
20190418T,0.0,0.0,0.0,0.0,0
20190422T,0.0,0.0,0.0,0.0,0
20190423T,0.0,0.0,0.0,0.0,0
20190424T,0.0,0.0,0.0,0.0,0
20190425T,0.0,0.0,0.0,0.0,0
20190426T,0.0,0.0,0.0,0.0,0
20190430T,0.0,0.0,0.0,0.0,0
20190502T,0.0,0.0,0.0,0.0,0
20190503T,0.0,0.0,0.0,0.0,0
20190506T,0.0,0.0,0.0,0.0,0
20190507T,0.0,0.0,0.0,0.0,0
20190508T,0.0,0.0,0.0,0.0,0
20190509T,0.0,0.0,0.0,0.0,0
20190510T,0.0,0.0,0.0,0.0,0
20190513T,0.0,0.0,0.0,0.0,0
20190514T,0.0,0.0,0.0,0.0,0
20190515T,0.0,0.0,0.0,0.0,0
20190516T,0.0,0.0,0.0,0.0,0
20190517T,0.0,0.0,0.0,0.0,0
20190520T,0.0,0.0,0.0,0.0,0
20190521T,0.0,0.0,0.0,0.0,0
20190522T,0.0,0.0,0.0,0.0,0
20190523T,0.0,0.0,0.0,0.0,0
20190524T,0.0,0.0,0.0,0.0,0
20190527T,0.0,0.0,0.0,0.0,0
20190528T,0.0,0.0,0.0,0.0,0
20190529T,0.0,0.0,0.0,0.0,0
20190530T,0.0,0.0,0.0,0.0,0
20190531T,0.0,0.0,0.0,0.0,0
20190603T,0.0,0.0,0.0,0.0,0
20190604T,0.0,0.0,0.0,0.0,0
20190606T,0.0,0.0,0.0,0.0,0
20190607T,0.0,0.0,0.0,0.0,0
20190610T,0.0,0.0,0.0,0.0,0
20190611T,0.0,0.0,0.0,0.0,0
20190612T,0.0,0.0,0.0,0.0,0
20190613T,0.0,0.0,0.0,0.0,0
20190614T,0.0,0.0,0.0,0.0,0
20190617T,0.0,0.0,0.0,0.0,0
20190618T,0.0,0.0,0.0,0.0,0
20190619T,0.0,0.0,0.0,0.0,0
20190620T,0.0,0.0,0.0,0.0,0
20190621T,0.0,0.0,0.0,0.0,0
20190624T,0.0,0.0,0.0,0.0,0
20190625T,0.0,0.0,0.0,0.0,0
20190626T,0.0,0.0,0.0,0.0,0
20190627T,0.0,0.0,0.0,0.0,0
20190628T,0.0,0.0,0.0,0.0,0
20190701T,0.0,0.0,0.0,0.0,0
20190702T,0.0,0.0,0.0,0.0,0
20190703T,0.0,0.0,0.0,0.0,0
20190704T,0.0,0.0,0.0,0.0,0
20190705T,0.0,0.0,0.0,0.0,0
20190708T,0.0,0.0,0.0,0.0,0
20190709T,0.0,0.0,0.0,0.0,0
20190710T,0.0,0.0,0.0,0.0,0
20190711T,0.0,0.0,0.0,0.0,0
20190712T,0.0,0.0,0.0,0.0,0
20190715T,0.0,0.0,0.0,0.0,0
20190716T,0.0,0.0,0.0,0.0,0
20190717T,0.0,0.0,0.0,0.0,0
20190718T,0.0,0.0,0.0,0.0,0
20190719T,0.0,0.0,0.0,0.0,0
20190722T,0.0,0.0,0.0,0.0,0
20190723T,0.0,0.0,0.0,0.0,0
20190724T,0.0,0.0,0.0,0.0,0
20190725T,0.0,0.0,0.0,0.0,0
20190726T,0.0,0.0,0.0,0.0,0
20190729T,0.0,0.0,0.0,0.0,0
20190730T,0.0,0.0,0.0,0.0,0
20190731T,79857.0,79857.0,79857.0,79857.0,0
20190801T,80236.0,80236.0,80236.0,80236.0,0
20190802T,0.0,0.0,0.0,0.0,0
20190805T,0.0,0.0,0.0,0.0,0
20190806T,0.0,0.0,0.0,0.0,0
20190807T,0.0,0.0,0.0,0.0,0
20190808T,0.0,0.0,0.0,0.0,0
20190809T,0.0,0.0,0.0,0.0,0
20190813T,0.0,0.0,0.0,0.0,0
20190814T,0.0,0.0,0.0,0.0,0
20190816T,0.0,0.0,0.0,0.0,0
20190819T,0.0,0.0,0.0,0.0,0
20190820T,0.0,0.0,0.0,0.0,0
20190821T,0.0,0.0,0.0,0.0,0
20190822T,0.0,0.0,0.0,0.0,0
20190823T,0.0,0.0,0.0,0.0,0
20190826T,0.0,0.0,0.0,0.0,0
20190827T,0.0,0.0,0.0,0.0,0
20190828T,0.0,0.0,0.0,0.0,0
20190829T,0.0,0.0,0.0,0.0,0
20190830T,0.0,0.0,0.0,0.0,0
20190903T,0.0,0.0,0.0,0.0,0
20190904T,0.0,0.0,0.0,0.0,0
20190905T,0.0,0.0,0.0,0.0,0
20190906T,0.0,0.0,0.0,0.0,0
20190909T,0.0,0.0,0.0,0.0,0
20190911T,0.0,0.0,0.0,0.0,0
20190912T,0.0,0.0,0.0,0.0,0
20190913T,0.0,0.0,0.0,0.0,0
20190916T,0.0,0.0,0.0,0.0,0
20190917T,0.0,0.0,0.0,0.0,0
20190918T,0.0,0.0,0.0,0.0,0
20190919T,0.0,0.0,0.0,0.0,0
20190920T,0.0,0.0,0.0,0.0,0
20190923T,0.0,0.0,0.0,0.0,0
20190924T,0.0,0.0,0.0,0.0,0
20190925T,0.0,0.0,0.0,0.0,0
20190926T,0.0,0.0,0.0,0.0,0
20190927T,0.0,0.0,0.0,0.0,0
20190930T,0.0,0.0,0.0,0.0,0
20191001T,0.0,0.0,0.0,0.0,0
20191003T,0.0,0.0,0.0,0.0,0
20191004T,0.0,0.0,0.0,0.0,0
20191007T,0.0,0.0,0.0,0.0,0
20191009T,0.0,0.0,0.0,0.0,0
20191010T,0.0,0.0,0.0,0.0,0
20191011T,0.0,0.0,0.0,0.0,0
20191014T,0.0,0.0,0.0,0.0,0
20191015T,0.0,0.0,0.0,0.0,0
20191016T,0.0,0.0,0.0,0.0,0
20191017T,0.0,0.0,0.0,0.0,0
20191018T,0.0,0.0,0.0,0.0,0
20191022T,0.0,0.0,0.0,0.0,0
20191023T,0.0,0.0,0.0,0.0,0
20191024T,0.0,0.0,0.0,0.0,0
20191025T,0.0,0.0,0.0,0.0,0
20191029T,0.0,0.0,0.0,0.0,0
20191030T,0.0,0.0,0.0,0.0,0
20191031T,0.0,0.0,0.0,0.0,0
20191101T,0.0,0.0,0.0,0.0,0
20191104T,0.0,0.0,0.0,0.0,0
20191105T,0.0,0.0,0.0,0.0,0
20191106T,0.0,0.0,0.0,0.0,0
20191107T,0.0,0.0,0.0,0.0,0
20191108T,0.0,0.0,0.0,0.0,0
20191111T,0.0,0.0,0.0,0.0,0
20191113T,0.0,0.0,0.0,0.0,0
20191114T,0.0,0.0,0.0,0.0,0
20191115T,0.0,0.0,0.0,0.0,0
20191118T,0.0,0.0,0.0,0.0,0
20191119T,0.0,0.0,0.0,0.0,0
20191120T,0.0,0.0,0.0,0.0,0
20191121T,0.0,0.0,0.0,0.0,0
20191122T,0.0,0.0,0.0,0.0,0
20191125T,0.0,0.0,0.0,0.0,0
20191126T,0.0,0.0,0.0,0.0,0
20191127T,0.0,0.0,0.0,0.0,0
20191128T,0.0,0.0,0.0,0.0,0
20191129T,0.0,0.0,0.0,0.0,0
20191202T,0.0,0.0,0.0,0.0,0
20191203T,0.0,0.0,0.0,0.0,0
20191204T,0.0,0.0,0.0,0.0,0
20191205T,0.0,0.0,0.0,0.0,0
20191206T,0.0,0.0,0.0,0.0,0
20191209T,0.0,0.0,0.0,0.0,0
20191210T,0.0,0.0,0.0,0.0,0
20191211T,0.0,0.0,0.0,0.0,0
20191212T,0.0,0.0,0.0,0.0,0
20191213T,0.0,0.0,0.0,0.0,0
20191216T,0.0,0.0,0.0,0.0,0
20191217T,0.0,0.0,0.0,0.0,0
20191218T,0.0,0.0,0.0,0.0,0
20191219T,0.0,0.0,0.0,0.0,0
20191220T,0.0,0.0,0.0,0.0,0
20191223T,0.0,0.0,0.0,0.0,0
20191224T,0.0,0.0,0.0,0.0,0
20191226T,0.0,0.0,0.0,0.0,0
20191227T,0.0,0.0,0.0,0.0,0
20191230T,0.0,0.0,0.0,0.0,0
20191231T,0.0,0.0,0.0,0.0,0
20200101T,0.0,0.0,0.0,0.0,0
20200102T,0.0,0.0,0.0,0.0,0
20200103T,0.0,0.0,0.0,0.0,0
20200106T,0.0,0.0,0.0,0.0,0
20200107T,0.0,0.0,0.0,0.0,0
20200108T,0.0,0.0,0.0,0.0,0
20200109T,0.0,0.0,0.0,0.0,0
20200110T,0.0,0.0,0.0,0.0,0
20200113T,0.0,0.0,0.0,0.0,0
20200114T,0.0,0.0,0.0,0.0,0
20200115T,0.0,0.0,0.0,0.0,0
20200116T,0.0,0.0,0.0,0.0,0
20200117T,0.0,0.0,0.0,0.0,0
20200120T,0.0,0.0,0.0,0.0,0
20200121T,0.0,0.0,0.0,0.0,0
20200122T,0.0,0.0,0.0,0.0,0
20200123T,0.0,0.0,0.0,0.0,0
20200124T,0.0,0.0,0.0,0.0,0
20200127T,0.0,0.0,0.0,0.0,0
20200128T,0.0,0.0,0.0,0.0,0
20200129T,0.0,0.0,0.0,0.0,0
20200130T,0.0,0.0,0.0,0.0,0
20200131T,0.0,0.0,0.0,0.0,0
20200203T,0.0,0.0,0.0,0.0,0
20200204T,0.0,0.0,0.0,0.0,0
20200205T,0.0,0.0,0.0,0.0,0
20200206T,0.0,0.0,0.0,0.0,0
20200207T,0.0,0.0,0.0,0.0,0
20200210T,0.0,0.0,0.0,0.0,0
20200211T,0.0,0.0,0.0,0.0,0
20200212T,0.0,0.0,0.0,0.0,0
20200213T,0.0,0.0,0.0,0.0,0
20200214T,0.0,0.0,0.0,0.0,0
20200217T,0.0,0.0,0.0,0.0,0
20200218T,0.0,0.0,0.0,0.0,0
20200219T,0.0,0.0,0.0,0.0,0
20200220T,0.0,0.0,0.0,0.0,0
20200224T,0.0,0.0,0.0,0.0,0
20200225T,0.0,0.0,0.0,0.0,0
20200226T,0.0,0.0,0.0,0.0,0
20200227T,0.0,0.0,0.0,0.0,0
20200228T,0.0,0.0,0.0,0.0,0
20200302T,0.0,0.0,0.0,0.0,0
20200303T,0.0,0.0,0.0,0.0,0
20200304T,0.0,0.0,0.0,0.0,0
20200305T,0.0,0.0,0.0,0.0,0
20200306T,0.0,0.0,0.0,0.0,0
20200309T,0.0,0.0,0.0,0.0,0
20200311T,0.0,0.0,0.0,0.0,0
20200312T,0.0,0.0,0.0,0.0,0
20200313T,0.0,0.0,0.0,0.0,0
20200316T,0.0,0.0,0.0,0.0,0
20200317T,0.0,0.0,0.0,0.0,0
20200318T,0.0,0.0,0.0,0.0,0
20200319T,0.0,0.0,0.0,0.0,0
20200320T,0.0,0.0,0.0,0.0,0
20200323T,0.0,0.0,0.0,0.0,0
20200324T,0.0,0.0,0.0,0.0,0
20200325T,0.0,0.0,0.0,0.0,0
20200326T,0.0,0.0,0.0,0.0,0
20200327T,0.0,0.0,0.0,0.0,0
20200330T,0.0,0.0,0.0,0.0,0
20200331T,0.0,0.0,0.0,0.0,0
20200401T,0.0,0.0,0.0,0.0,0
20200403T,0.0,0.0,0.0,0.0,0
20200407T,0.0,0.0,0.0,0.0,0
20200408T,0.0,0.0,0.0,0.0,0
20200409T,0.0,0.0,0.0,0.0,0
20200413T,0.0,0.0,0.0,0.0,0
20200415T,0.0,0.0,0.0,0.0,0
20200416T,0.0,0.0,0.0,0.0,0
20200417T,0.0,0.0,0.0,0.0,0
20200420T,0.0,0.0,0.0,0.0,0
20200421T,0.0,0.0,0.0,0.0,0
20200422T,0.0,0.0,0.0,0.0,0
20200423T,0.0,0.0,0.0,0.0,0
20200424T,0.0,0.0,0.0,0.0,0
20200427T,0.0,0.0,0.0,0.0,0
20200428T,0.0,0.0,0.0,0.0,0
20200429T,0.0,0.0,0.0,0.0,0
20200430T,0.0,0.0,0.0,0.0,0
20200504T,0.0,0.0,0.0,0.0,0
20200505T,0.0,0.0,0.0,0.0,0
20200506T,0.0,0.0,0.0,0.0,0
20200507T,0.0,0.0,0.0,0.0,0
20200508T,0.0,0.0,0.0,0.0,0
20200511T,0.0,0.0,0.0,0.0,0
20200512T,0.0,0.0,0.0,0.0,0
20200513T,0.0,0.0,0.0,0.0,0
20200514T,0.0,0.0,0.0,0.0,0
20200515T,0.0,0.0,0.0,0.0,0
20200518T,0.0,0.0,0.0,0.0,0
20200519T,0.0,0.0,0.0,0.0,0
20200520T,0.0,0.0,0.0,0.0,0
20200521T,0.0,0.0,0.0,0.0,0
20200522T,0.0,0.0,0.0,0.0,0
20200526T,0.0,0.0,0.0,0.0,0
20200527T,0.0,0.0,0.0,0.0,0
20200528T,0.0,0.0,0.0,0.0,0
20200529T,0.0,0.0,0.0,0.0,0
20200601T,0.0,0.0,0.0,0.0,0
20200602T,0.0,0.0,0.0,0.0,0
20200603T,0.0,0.0,0.0,0.0,0
20200604T,0.0,0.0,0.0,0.0,0
20200605T,0.0,0.0,0.0,0.0,0
20200608T,0.0,0.0,0.0,0.0,0
20200609T,0.0,0.0,0.0,0.0,0
20200610T,0.0,0.0,0.0,0.0,0
20200611T,0.0,0.0,0.0,0.0,0
20200612T,0.0,0.0,0.0,0.0,0
20200615T,0.0,0.0,0.0,0.0,0
20200616T,0.0,0.0,0.0,0.0,0
20200617T,0.0,0.0,0.0,0.0,0
20200618T,0.0,0.0,0.0,0.0,0
20200619T,0.0,0.0,0.0,0.0,0
20200622T,0.0,0.0,0.0,0.0,0
20200623T,0.0,0.0,0.0,0.0,0
20200624T,0.0,0.0,0.0,0.0,0
20200625T,0.0,0.0,0.0,0.0,0
20200626T,0.0,0.0,0.0,0.0,0
20200629T,0.0,0.0,0.0,0.0,0
20200630T,0.0,0.0,0.0,0.0,0
20200701T,0.0,0.0,0.0,0.0,0
20200702T,0.0,0.0,0.0,0.0,0
20200703T,0.0,0.0,0.0,0.0,0
20200706T,0.0,0.0,0.0,0.0,0
20200707T,0.0,0.0,0.0,0.0,0
20200708T,0.0,0.0,0.0,0.0,0
20200709T,0.0,0.0,0.0,0.0,0
20200710T,0.0,0.0,0.0,0.0,0
20200713T,0.0,0.0,0.0,0.0,0
20200714T,0.0,0.0,0.0,0.0,0
20200715T,0.0,0.0,0.0,0.0,0
20200716T,0.0,0.0,0.0,0.0,0
20200717T,0.0,0.0,0.0,0.0,0
20200720T,0.0,0.0,0.0,0.0,0
20200721T,0.0,0.0,0.0,0.0,0
20200722T,0.0,0.0,0.0,0.0,0
20200723T,0.0,0.0,0.0,0.0,0
20200724T,0.0,0.0,0.0,0.0,0
20200727T,0.0,0.0,0.0,0.0,0
20200728T,0.0,0.0,0.0,0.0,0
20200729T,0.0,0.0,0.0,0.0,0
20200730T,0.0,0.0,0.0,0.0,0
20200803T,0.0,0.0,0.0,0.0,0
20200804T,0.0,0.0,0.0,0.0,0
20200805T,0.0,0.0,0.0,0.0,0
20200806T,0.0,0.0,0.0,0.0,0
20200807T,0.0,0.0,0.0,0.0,0
20200810T,0.0,0.0,0.0,0.0,0
20200811T,0.0,0.0,0.0,0.0,0
20200812T,0.0,0.0,0.0,0.0,0
20200813T,0.0,0.0,0.0,0.0,0
20200814T,0.0,0.0,0.0,0.0,0
20200817T,0.0,0.0,0.0,0.0,0
20200818T,0.0,0.0,0.0,0.0,0
20200819T,0.0,0.0,0.0,0.0,0
20200820T,0.0,0.0,0.0,0.0,0
20200821T,0.0,0.0,0.0,0.0,0
20200824T,0.0,0.0,0.0,0.0,0
20200825T,0.0,0.0,0.0,0.0,0
20200826T,0.0,0.0,0.0,0.0,0
20200827T,0.0,0.0,0.0,0.0,0
20200828T,0.0,0.0,0.0,0.0,0
20200831T,0.0,0.0,0.0,0.0,0
20200901T,0.0,0.0,0.0,0.0,0
20200902T,0.0,0.0,0.0,0.0,0
20200903T,0.0,0.0,0.0,0.0,0
20200904T,0.0,0.0,0.0,0.0,0
20200907T,0.0,0.0,0.0,0.0,0
20200908T,0.0,0.0,0.0,0.0,0
20200909T,0.0,0.0,0.0,0.0,0
20200910T,0.0,0.0,0.0,0.0,0
20200911T,0.0,0.0,0.0,0.0,0
20200914T,0.0,0.0,0.0,0.0,0
20200915T,0.0,0.0,0.0,0.0,0
20200916T,0.0,0.0,0.0,0.0,0
20200917T,0.0,0.0,0.0,0.0,0
20200918T,0.0,0.0,0.0,0.0,0
20200921T,0.0,0.0,0.0,0.0,0
20200922T,0.0,0.0,0.0,0.0,0
20200923T,0.0,0.0,0.0,0.0,0
20200924T,0.0,0.0,0.0,0.0,0
20200925T,0.0,0.0,0.0,0.0,0
20200928T,0.0,0.0,0.0,0.0,0
20200929T,0.0,0.0,0.0,0.0,0
20200930T,0.0,0.0,0.0,0.0,0
20201001T,0.0,0.0,0.0,0.0,0
20201005T,0.0,0.0,0.0,0.0,0
20201006T,0.0,0.0,0.0,0.0,0
20201007T,0.0,0.0,0.0,0.0,0
20201008T,0.0,0.0,0.0,0.0,0
20201009T,0.0,0.0,0.0,0.0,0
20201012T,0.0,0.0,0.0,0.0,0
20201013T,0.0,0.0,0.0,0.0,0
20201014T,0.0,0.0,0.0,0.0,0
20201015T,0.0,0.0,0.0,0.0,0
20201016T,0.0,0.0,0.0,0.0,0
20201019T,0.0,0.0,0.0,0.0,0
20201020T,0.0,0.0,0.0,0.0,0
20201021T,0.0,0.0,0.0,0.0,0
20201022T,0.0,0.0,0.0,0.0,0
20201023T,0.0,0.0,0.0,0.0,0
20201026T,0.0,0.0,0.0,0.0,0
20201027T,0.0,0.0,0.0,0.0,0
20201028T,0.0,0.0,0.0,0.0,0
20201029T,0.0,0.0,0.0,0.0,0
20201030T,0.0,0.0,0.0,0.0,0
20201102T,0.0,0.0,0.0,0.0,0
20201103T,0.0,0.0,0.0,0.0,0
20201104T,0.0,0.0,0.0,0.0,0
20201105T,0.0,0.0,0.0,0.0,0
20201106T,0.0,0.0,0.0,0.0,0
20201109T,0.0,0.0,0.0,0.0,0
20201110T,0.0,0.0,0.0,0.0,0
20201111T,0.0,0.0,0.0,0.0,0
20201112T,0.0,0.0,0.0,0.0,0
20201113T,0.0,0.0,0.0,0.0,0
20201117T,0.0,0.0,0.0,0.0,0
20201118T,0.0,0.0,0.0,0.0,0
20201119T,0.0,0.0,0.0,0.0,0
20201120T,0.0,0.0,0.0,0.0,0
20201123T,0.0,0.0,0.0,0.0,0
20201124T,0.0,0.0,0.0,0.0,0
20201125T,0.0,0.0,0.0,0.0,0
20201126T,0.0,0.0,0.0,0.0,0
20201127T,0.0,0.0,0.0,0.0,0
20201201T,0.0,0.0,0.0,0.0,0
20201202T,0.0,0.0,0.0,0.0,0
20201203T,0.0,0.0,0.0,0.0,0
20201204T,0.0,0.0,0.0,0.0,0
20201207T,0.0,0.0,0.0,0.0,0
20201208T,0.0,0.0,0.0,0.0,0
20201209T,0.0,0.0,0.0,0.0,0
20201210T,0.0,0.0,0.0,0.0,0
20201211T,0.0,0.0,0.0,0.0,0
20201214T,0.0,0.0,0.0,0.0,0
20201215T,0.0,0.0,0.0,0.0,0
20201216T,0.0,0.0,0.0,0.0,0
20201217T,0.0,0.0,0.0,0.0,0
20201218T,0.0,0.0,0.0,0.0,0
20201221T,0.0,0.0,0.0,0.0,0
20201222T,0.0,0.0,0.0,0.0,0
20201223T,0.0,0.0,0.0,0.0,0
20201224T,0.0,0.0,0.0,0.0,0
20201228T,0.0,0.0,0.0,0.0,0
20201229T,0.0,0.0,0.0,0.0,0
20201230T,0.0,0.0,0.0,0.0,0
20201231T,0.0,0.0,0.0,0.0,0
20210101T,0.0,0.0,0.0,0.0,0
20210104T,0.0,0.0,0.0,0.0,0
20210105T,0.0,0.0,0.0,0.0,0
20210106T,0.0,0.0,0.0,0.0,0
20210107T,0.0,0.0,0.0,0.0,0
20210108T,0.0,0.0,0.0,0.0,0
20210111T,0.0,0.0,0.0,0.0,0
20210112T,0.0,0.0,0.0,0.0,0
20210113T,0.0,0.0,0.0,0.0,0
20210114T,0.0,0.0,0.0,0.0,0
20210115T,0.0,0.0,0.0,0.0,0
20210118T,0.0,0.0,0.0,0.0,0
20210119T,0.0,0.0,0.0,0.0,0
20210120T,0.0,0.0,0.0,0.0,0
20210121T,0.0,0.0,0.0,0.0,0
20210122T,0.0,0.0,0.0,0.0,0
20210125T,0.0,0.0,0.0,0.0,0
20210127T,0.0,0.0,0.0,0.0,0
20210128T,0.0,0.0,0.0,0.0,0
20210129T,0.0,0.0,0.0,0.0,0
20210201T,0.0,0.0,0.0,0.0,0
20210202T,0.0,0.0,0.0,0.0,0
20210203T,0.0,0.0,0.0,0.0,0
20210204T,0.0,0.0,0.0,0.0,0
20210205T,0.0,0.0,0.0,0.0,0
20210208T,0.0,0.0,0.0,0.0,0
20210209T,0.0,0.0,0.0,0.0,0
20210210T,0.0,0.0,0.0,0.0,0
20210211T,0.0,0.0,0.0,0.0,0
20210212T,0.0,0.0,0.0,0.0,0
20210215T,0.0,0.0,0.0,0.0,0
20210216T,0.0,0.0,0.0,0.0,0
20210217T,0.0,0.0,0.0,0.0,0
20210218T,0.0,0.0,0.0,0.0,0
20210219T,0.0,0.0,0.0,0.0,0
20210222T,0.0,0.0,0.0,0.0,0
20210223T,0.0,0.0,0.0,0.0,0
20210224T,0.0,0.0,0.0,0.0,0
20210225T,0.0,0.0,0.0,0.0,0
20210226T,0.0,0.0,0.0,0.0,0
20210301T,0.0,0.0,0.0,0.0,0
20210302T,0.0,0.0,0.0,0.0,0
20210303T,0.0,0.0,0.0,0.0,0
20210304T,0.0,0.0,0.0,0.0,0
20210305T,0.0,0.0,0.0,0.0,0
20210308T,0.0,0.0,0.0,0.0,0
20210309T,0.0,0.0,0.0,0.0,0
20210310T,0.0,0.0,0.0,0.0,0
20210312T,0.0,0.0,0.0,0.0,0
20210315T,0.0,0.0,0.0,0.0,0
20210316T,0.0,0.0,0.0,0.0,0
20210317T,0.0,0.0,0.0,0.0,0
20210318T,0.0,0.0,0.0,0.0,0
20210319T,0.0,0.0,0.0,0.0,0
20210322T,0.0,0.0,0.0,0.0,0
20210323T,0.0,0.0,0.0,0.0,0
20210324T,0.0,0.0,0.0,0.0,0
20210325T,0.0,0.0,0.0,0.0,0
20210326T,0.0,0.0,0.0,0.0,0
20210330T,0.0,0.0,0.0,0.0,0
20210331T,0.0,0.0,0.0,0.0,0
20210401T,0.0,0.0,0.0,0.0,0
20210405T,0.0,0.0,0.0,0.0,0
20210406T,0.0,0.0,0.0,0.0,0
20210407T,0.0,0.0,0.0,0.0,0
20210408T,0.0,0.0,0.0,0.0,0
20210409T,0.0,0.0,0.0,0.0,0
20210412T,0.0,0.0,0.0,0.0,0
20210413T,0.0,0.0,0.0,0.0,0
20210415T,0.0,0.0,0.0,0.0,0
20210416T,0.0,0.0,0.0,0.0,0
20210419T,0.0,0.0,0.0,0.0,0
20210420T,0.0,0.0,0.0,0.0,0
20210422T,0.0,0.0,0.0,0.0,0
20210423T,0.0,0.0,0.0,0.0,0
20210426T,0.0,0.0,0.0,0.0,0
20210427T,0.0,0.0,0.0,0.0,0
20210428T,0.0,0.0,0.0,0.0,0
20210429T,0.0,0.0,0.0,0.0,0
20210430T,0.0,0.0,0.0,0.0,0
20210503T,0.0,0.0,0.0,0.0,0
20210504T,0.0,0.0,0.0,0.0,0
20210505T,0.0,0.0,0.0,0.0,0
20210506T,0.0,0.0,0.0,0.0,0
20210507T,0.0,0.0,0.0,0.0,0
20210510T,0.0,0.0,0.0,0.0,0
20210511T,0.0,0.0,0.0,0.0,0
20210512T,0.0,0.0,0.0,0.0,0
20210514T,0.0,0.0,0.0,0.0,0
20210517T,0.0,0.0,0.0,0.0,0
20210518T,0.0,0.0,0.0,0.0,0
20210519T,0.0,0.0,0.0,0.0,0
20210520T,0.0,0.0,0.0,0.0,0
20210521T,0.0,0.0,0.0,0.0,0
20210524T,0.0,0.0,0.0,0.0,0
20210525T,0.0,0.0,0.0,0.0,0
20210526T,0.0,0.0,0.0,0.0,0
20210527T,0.0,0.0,0.0,0.0,0
20210528T,0.0,0.0,0.0,0.0,0
20210531T,0.0,0.0,0.0,0.0,0
20210601T,0.0,0.0,0.0,0.0,0
20210602T,0.0,0.0,0.0,0.0,0
20210603T,0.0,0.0,0.0,0.0,0
20210604T,0.0,0.0,0.0,0.0,0
20210607T,0.0,0.0,0.0,0.0,0
20210608T,0.0,0.0,0.0,0.0,0
20210609T,0.0,0.0,0.0,0.0,0
20210610T,0.0,0.0,0.0,0.0,0
20210611T,0.0,0.0,0.0,0.0,0
20210614T,0.0,0.0,0.0,0.0,0
20210615T,0.0,0.0,0.0,0.0,0
20210616T,0.0,0.0,0.0,0.0,0
20210617T,0.0,0.0,0.0,0.0,0
20210618T,0.0,0.0,0.0,0.0,0
20210621T,0.0,0.0,0.0,0.0,0
20210622T,0.0,0.0,0.0,0.0,0
20210623T,0.0,0.0,0.0,0.0,0
20210624T,0.0,0.0,0.0,0.0,0
20210625T,0.0,0.0,0.0,0.0,0
20210628T,0.0,0.0,0.0,0.0,0
20210629T,0.0,0.0,0.0,0.0,0
20210630T,0.0,0.0,0.0,0.0,0
20210701T,0.0,0.0,0.0,0.0,0
20210702T,0.0,0.0,0.0,0.0,0
20210705T,0.0,0.0,0.0,0.0,0
20210706T,0.0,0.0,0.0,0.0,0
20210707T,0.0,0.0,0.0,0.0,0
20210708T,0.0,0.0,0.0,0.0,0
20210709T,0.0,0.0,0.0,0.0,0
20210712T,0.0,0.0,0.0,0.0,0
20210713T,0.0,0.0,0.0,0.0,0
20210714T,0.0,0.0,0.0,0.0,0
20210715T,0.0,0.0,0.0,0.0,0
20210716T,0.0,0.0,0.0,0.0,0
20210719T,0.0,0.0,0.0,0.0,0
20210720T,0.0,0.0,0.0,0.0,0
20210722T,0.0,0.0,0.0,0.0,0
20210723T,0.0,0.0,0.0,0.0,0
20210726T,0.0,0.0,0.0,0.0,0
20210727T,0.0,0.0,0.0,0.0,0
20210728T,0.0,0.0,0.0,0.0,0
20210729T,0.0,0.0,0.0,0.0,0
20210730T,0.0,0.0,0.0,0.0,0
20210802T,0.0,0.0,0.0,0.0,0
20210803T,0.0,0.0,0.0,0.0,0
20210804T,0.0,0.0,0.0,0.0,0
20210805T,0.0,0.0,0.0,0.0,0
20210806T,0.0,0.0,0.0,0.0,0
20210809T,0.0,0.0,0.0,0.0,0
20210810T,0.0,0.0,0.0,0.0,0
20210811T,0.0,0.0,0.0,0.0,0
20210812T,0.0,0.0,0.0,0.0,0
20210813T,0.0,0.0,0.0,0.0,0
20210816T,0.0,0.0,0.0,0.0,0
20210817T,0.0,0.0,0.0,0.0,0
20210818T,0.0,0.0,0.0,0.0,0
20210820T,0.0,0.0,0.0,0.0,0
20210823T,0.0,0.0,0.0,0.0,0
20210824T,0.0,0.0,0.0,0.0,0
20210825T,0.0,0.0,0.0,0.0,0
20210826T,0.0,0.0,0.0,0.0,0
20210827T,0.0,0.0,0.0,0.0,0
20210830T,0.0,0.0,0.0,0.0,0
20210831T,0.0,0.0,0.0,0.0,0
20210901T,0.0,0.0,0.0,0.0,0
20210902T,0.0,0.0,0.0,0.0,0
20210903T,0.0,0.0,0.0,0.0,0
20210906T,0.0,0.0,0.0,0.0,0
20210907T,0.0,0.0,0.0,0.0,0
20210908T,0.0,0.0,0.0,0.0,0
20210909T,0.0,0.0,0.0,0.0,0
20210913T,0.0,0.0,0.0,0.0,0
20210914T,0.0,0.0,0.0,0.0,0
20210915T,0.0,0.0,0.0,0.0,0
20210916T,0.0,0.0,0.0,0.0,0
20210917T,0.0,0.0,0.0,0.0,0
20210920T,0.0,0.0,0.0,0.0,0
20210921T,0.0,0.0,0.0,0.0,0
20210922T,0.0,0.0,0.0,0.0,0
20210923T,0.0,0.0,0.0,0.0,0
20210924T,0.0,0.0,0.0,0.0,0
20210927T,0.0,0.0,0.0,0.0,0
20210928T,0.0,0.0,0.0,0.0,0
20210929T,0.0,0.0,0.0,0.0,0
20210930T,0.0,0.0,0.0,0.0,0
20211001T,0.0,0.0,0.0,0.0,0
20211004T,0.0,0.0,0.0,0.0,0
20211005T,0.0,0.0,0.0,0.0,0
20211006T,0.0,0.0,0.0,0.0,0
20211007T,0.0,0.0,0.0,0.0,0
20211008T,0.0,0.0,0.0,0.0,0
20211011T,0.0,0.0,0.0,0.0,0
20211012T,0.0,0.0,0.0,0.0,0
20211013T,0.0,0.0,0.0,0.0,0
20211014T,0.0,0.0,0.0,0.0,0
20211018T,0.0,0.0,0.0,0.0,0
20211019T,0.0,0.0,0.0,0.0,0
20211020T,0.0,0.0,0.0,0.0,0
20211021T,0.0,0.0,0.0,0.0,0
20211022T,0.0,0.0,0.0,0.0,0
20211025T,0.0,0.0,0.0,0.0,0
20211026T,0.0,0.0,0.0,0.0,0
20211027T,0.0,0.0,0.0,0.0,0
20211028T,0.0,0.0,0.0,0.0,0
20211029T,0.0,0.0,0.0,0.0,0
20211101T,0.0,0.0,0.0,0.0,0
20211102T,0.0,0.0,0.0,0.0,0
20211103T,0.0,0.0,0.0,0.0,0
20211108T,0.0,0.0,0.0,0.0,0
20211109T,0.0,0.0,0.0,0.0,0
20211110T,0.0,0.0,0.0,0.0,0
20211111T,0.0,0.0,0.0,0.0,0
20211112T,0.0,0.0,0.0,0.0,0
20211115T,0.0,0.0,0.0,0.0,0
20211116T,0.0,0.0,0.0,0.0,0
20211117T,0.0,0.0,0.0,0.0,0
20211118T,0.0,0.0,0.0,0.0,0
20211122T,0.0,0.0,0.0,0.0,0
20211123T,0.0,0.0,0.0,0.0,0
20211124T,0.0,0.0,0.0,0.0,0
20211125T,0.0,0.0,0.0,0.0,0
20211126T,0.0,0.0,0.0,0.0,0
20211129T,0.0,0.0,0.0,0.0,0
20211130T,0.0,0.0,0.0,0.0,0
20211201T,0.0,0.0,0.0,0.0,0
20211202T,0.0,0.0,0.0,0.0,0
20211203T,0.0,0.0,0.0,0.0,0
20211206T,0.0,0.0,0.0,0.0,0
20211207T,0.0,0.0,0.0,0.0,0
20211208T,0.0,0.0,0.0,0.0,0
20211209T,0.0,0.0,0.0,0.0,0
20211210T,0.0,0.0,0.0,0.0,0
20211213T,0.0,0.0,0.0,0.0,0
20211214T,0.0,0.0,0.0,0.0,0
20211215T,0.0,0.0,0.0,0.0,0
20211216T,0.0,0.0,0.0,0.0,0
20211217T,0.0,0.0,0.0,0.0,0
20211220T,0.0,0.0,0.0,0.0,0
20211221T,0.0,0.0,0.0,0.0,0
20211222T,0.0,0.0,0.0,0.0,0
20211223T,0.0,0.0,0.0,0.0,0
20211224T,0.0,0.0,0.0,0.0,0
20211227T,0.0,0.0,0.0,0.0,0
20211228T,0.0,0.0,0.0,0.0,0
20211229T,0.0,0.0,0.0,0.0,0
20211230T,0.0,0.0,0.0,0.0,0
20211231T,0.0,0.0,0.0,0.0,0
20220103T,0.0,0.0,0.0,0.0,0
20220104T,0.0,0.0,0.0,0.0,0
20220105T,0.0,0.0,0.0,0.0,0
20220106T,0.0,0.0,0.0,0.0,0
20220107T,0.0,0.0,0.0,0.0,0
20220110T,0.0,0.0,0.0,0.0,0
20220111T,0.0,0.0,0.0,0.0,0
20220112T,0.0,0.0,0.0,0.0,0
20220113T,0.0,0.0,0.0,0.0,0
20220114T,0.0,0.0,0.0,0.0,0
20220117T,0.0,0.0,0.0,0.0,0
20220118T,0.0,0.0,0.0,0.0,0
20220119T,0.0,0.0,0.0,0.0,0
20220120T,0.0,0.0,0.0,0.0,0
20220121T,0.0,0.0,0.0,0.0,0
20220124T,0.0,0.0,0.0,0.0,0
20220125T,0.0,0.0,0.0,0.0,0
20220127T,0.0,0.0,0.0,0.0,0
20220128T,0.0,0.0,0.0,0.0,0
20220131T,0.0,0.0,0.0,0.0,0
20220201T,0.0,0.0,0.0,0.0,0
20220202T,0.0,0.0,0.0,0.0,0
20220203T,0.0,0.0,0.0,0.0,0
20220204T,0.0,0.0,0.0,0.0,0
20220207T,0.0,0.0,0.0,0.0,0
20220208T,0.0,0.0,0.0,0.0,0
20220209T,0.0,0.0,0.0,0.0,0
20220210T,0.0,0.0,0.0,0.0,0
20220211T,0.0,0.0,0.0,0.0,0
20220214T,0.0,0.0,0.0,0.0,0
20220215T,0.0,0.0,0.0,0.0,0
20220216T,0.0,0.0,0.0,0.0,0
20220217T,0.0,0.0,0.0,0.0,0
20220218T,0.0,0.0,0.0,0.0,0
20220221T,0.0,0.0,0.0,0.0,0
20220222T,0.0,0.0,0.0,0.0,0
20220223T,0.0,0.0,0.0,0.0,0
20220224T,0.0,0.0,0.0,0.0,0
20220225T,0.0,0.0,0.0,0.0,0
20220228T,0.0,0.0,0.0,0.0,0
20220302T,0.0,0.0,0.0,0.0,0
20220303T,0.0,0.0,0.0,0.0,0
20220304T,0.0,0.0,0.0,0.0,0
20220307T,0.0,0.0,0.0,0.0,0
20220308T,0.0,0.0,0.0,0.0,0
20220309T,0.0,0.0,0.0,0.0,0
20220310T,0.0,0.0,0.0,0.0,0
20220311T,0.0,0.0,0.0,0.0,0
20220314T,0.0,0.0,0.0,0.0,0
20220315T,0.0,0.0,0.0,0.0,0
20220316T,0.0,0.0,0.0,0.0,0
20220317T,0.0,0.0,0.0,0.0,0
20220321T,0.0,0.0,0.0,0.0,0
20220322T,0.0,0.0,0.0,0.0,0
20220323T,0.0,0.0,0.0,0.0,0
20220324T,0.0,0.0,0.0,0.0,0
20220325T,0.0,0.0,0.0,0.0,0
20220328T,0.0,0.0,0.0,0.0,0
20220329T,0.0,0.0,0.0,0.0,0
20220330T,0.0,0.0,0.0,0.0,0
20220331T,0.0,0.0,0.0,0.0,0
20220401T,0.0,0.0,0.0,0.0,0
20220404T,0.0,0.0,0.0,0.0,0
20220405T,0.0,0.0,0.0,0.0,0
20220406T,0.0,0.0,0.0,0.0,0
20220407T,0.0,0.0,0.0,0.0,0
20220408T,0.0,0.0,0.0,0.0,0
20220411T,0.0,0.0,0.0,0.0,0
20220412T,0.0,0.0,0.0,0.0,0
20220413T,0.0,0.0,0.0,0.0,0
20220418T,0.0,0.0,0.0,0.0,0
20220419T,0.0,0.0,0.0,0.0,0
20220420T,0.0,0.0,0.0,0.0,0
20220421T,0.0,0.0,0.0,0.0,0
20220422T,0.0,0.0,0.0,0.0,0
20220425T,0.0,0.0,0.0,0.0,0
20220426T,0.0,0.0,0.0,0.0,0
20220427T,0.0,0.0,0.0,0.0,0
20220428T,0.0,0.0,0.0,0.0,0
20220429T,0.0,0.0,0.0,0.0,0
20220502T,0.0,0.0,0.0,0.0,0
20220504T,0.0,0.0,0.0,0.0,0
20220505T,0.0,0.0,0.0,0.0,0
20220506T,0.0,0.0,0.0,0.0,0
20220509T,0.0,0.0,0.0,0.0,0
20220510T,0.0,0.0,0.0,0.0,0
20220511T,0.0,0.0,0.0,0.0,0
20220512T,0.0,0.0,0.0,0.0,0
20220513T,0.0,0.0,0.0,0.0,0
20220516T,0.0,0.0,0.0,0.0,0
20220517T,0.0,0.0,0.0,0.0,0
20220518T,0.0,0.0,0.0,0.0,0
20220519T,0.0,0.0,0.0,0.0,0
20220520T,0.0,0.0,0.0,0.0,0
20220523T,0.0,0.0,0.0,0.0,0
20220524T,0.0,0.0,0.0,0.0,0
20220525T,0.0,0.0,0.0,0.0,0
20220526T,0.0,0.0,0.0,0.0,0
20220527T,0.0,0.0,0.0,0.0,0
20220530T,0.0,0.0,0.0,0.0,0
20220531T,0.0,0.0,0.0,0.0,0
20220601T,0.0,0.0,0.0,0.0,0
20220602T,0.0,0.0,0.0,0.0,0
20220603T,0.0,0.0,0.0,0.0,0
20220606T,0.0,0.0,0.0,0.0,0
20220607T,0.0,0.0,0.0,0.0,0
20220608T,0.0,0.0,0.0,0.0,0
20220609T,0.0,0.0,0.0,0.0,0
20220610T,0.0,0.0,0.0,0.0,0
20220613T,0.0,0.0,0.0,0.0,0
20220614T,0.0,0.0,0.0,0.0,0
20220615T,0.0,0.0,0.0,0.0,0
20220616T,0.0,0.0,0.0,0.0,0
20220617T,0.0,0.0,0.0,0.0,0
20220620T,0.0,0.0,0.0,0.0,0
20220621T,0.0,0.0,0.0,0.0,0
20220622T,0.0,0.0,0.0,0.0,0
20220623T,0.0,0.0,0.0,0.0,0
20220624T,0.0,0.0,0.0,0.0,0
20220627T,0.0,0.0,0.0,0.0,0
20220628T,0.0,0.0,0.0,0.0,0
20220629T,0.0,0.0,0.0,0.0,0
20220630T,0.0,0.0,0.0,0.0,0
20220701T,0.0,0.0,0.0,0.0,0
20220704T,0.0,0.0,0.0,0.0,0
20220705T,0.0,0.0,0.0,0.0,0
20220706T,0.0,0.0,0.0,0.0,0
20220707T,0.0,0.0,0.0,0.0,0
20220708T,0.0,0.0,0.0,0.0,0
20220711T,0.0,0.0,0.0,0.0,0
20220712T,0.0,0.0,0.0,0.0,0
20220713T,0.0,0.0,0.0,0.0,0
20220714T,0.0,0.0,0.0,0.0,0
20220715T,0.0,0.0,0.0,0.0,0
20220718T,0.0,0.0,0.0,0.0,0
20220719T,0.0,0.0,0.0,0.0,0
20220720T,0.0,0.0,0.0,0.0,0
20220721T,0.0,0.0,0.0,0.0,0
20220722T,0.0,0.0,0.0,0.0,0
20220725T,0.0,0.0,0.0,0.0,0
20220726T,0.0,0.0,0.0,0.0,0
20220727T,0.0,0.0,0.0,0.0,0
20220728T,0.0,0.0,0.0,0.0,0
20220729T,0.0,0.0,0.0,0.0,0
20220801T,0.0,0.0,0.0,0.0,0
20220802T,0.0,0.0,0.0,0.0,0
20220803T,0.0,0.0,0.0,0.0,0
20220804T,0.0,0.0,0.0,0.0,0
20220805T,0.0,0.0,0.0,0.0,0
20220808T,0.0,0.0,0.0,0.0,0
20220810T,0.0,0.0,0.0,0.0,0
20220811T,0.0,0.0,0.0,0.0,0
20220812T,0.0,0.0,0.0,0.0,0
20220816T,0.0,0.0,0.0,0.0,0
20220817T,0.0,0.0,0.0,0.0,0
20220818T,0.0,0.0,0.0,0.0,0
20220819T,0.0,0.0,0.0,0.0,0
20220822T,0.0,0.0,0.0,0.0,0
20220823T,0.0,0.0,0.0,0.0,0
20220824T,0.0,0.0,0.0,0.0,0
20220825T,0.0,0.0,0.0,0.0,0
20220826T,0.0,0.0,0.0,0.0,0
20220829T,0.0,0.0,0.0,0.0,0
20220830T,0.0,0.0,0.0,0.0,0
20220901T,0.0,0.0,0.0,0.0,0
20220902T,0.0,0.0,0.0,0.0,0
20220905T,0.0,0.0,0.0,0.0,0
20220906T,0.0,0.0,0.0,0.0,0
20220907T,0.0,0.0,0.0,0.0,0
20220908T,0.0,0.0,0.0,0.0,0
20220909T,0.0,0.0,0.0,0.0,0
20220912T,0.0,0.0,0.0,0.0,0
20220913T,0.0,0.0,0.0,0.0,0
20220914T,0.0,0.0,0.0,0.0,0
20220915T,0.0,0.0,0.0,0.0,0
20220916T,0.0,0.0,0.0,0.0,0
20220919T,0.0,0.0,0.0,0.0,0
20220920T,0.0,0.0,0.0,0.0,0
20220921T,0.0,0.0,0.0,0.0,0
20220922T,0.0,0.0,0.0,0.0,0
20220923T,0.0,0.0,0.0,0.0,0
20220926T,0.0,0.0,0.0,0.0,0
20220927T,0.0,0.0,0.0,0.0,0
20220928T,0.0,0.0,0.0,0.0,0
20220929T,0.0,0.0,0.0,0.0,0
20220930T,0.0,0.0,0.0,0.0,0
20221003T,0.0,0.0,0.0,0.0,0
20221004T,0.0,0.0,0.0,0.0,0
20221006T,0.0,0.0,0.0,0.0,0
20221007T,0.0,0.0,0.0,0.0,0
20221010T,0.0,0.0,0.0,0.0,0
20221011T,0.0,0.0,0.0,0.0,0
20221012T,0.0,0.0,0.0,0.0,0
20221013T,0.0,0.0,0.0,0.0,0
20221014T,0.0,0.0,0.0,0.0,0
20221017T,0.0,0.0,0.0,0.0,0
20221018T,0.0,0.0,0.0,0.0,0
20221019T,0.0,0.0,0.0,0.0,0
20221020T,0.0,0.0,0.0,0.0,0
20221021T,0.0,0.0,0.0,0.0,0
20221025T,0.0,0.0,0.0,0.0,0
20221027T,0.0,0.0,0.0,0.0,0
20221028T,0.0,0.0,0.0,0.0,0
20221031T,0.0,0.0,0.0,0.0,0
20221101T,0.0,0.0,0.0,0.0,0
20221102T,0.0,0.0,0.0,0.0,0
20221103T,0.0,0.0,0.0,0.0,0
20221104T,0.0,0.0,0.0,0.0,0
20221107T,0.0,0.0,0.0,0.0,0
20221109T,0.0,0.0,0.0,0.0,0
20221110T,0.0,0.0,0.0,0.0,0
20221111T,0.0,0.0,0.0,0.0,0
20221114T,0.0,0.0,0.0,0.0,0
20221115T,0.0,0.0,0.0,0.0,0
20221116T,0.0,0.0,0.0,0.0,0
20221117T,0.0,0.0,0.0,0.0,0
20221118T,0.0,0.0,0.0,0.0,0
20221121T,0.0,0.0,0.0,0.0,0
20221122T,0.0,0.0,0.0,0.0,0
20221123T,0.0,0.0,0.0,0.0,0
20221124T,0.0,0.0,0.0,0.0,0
20221125T,0.0,0.0,0.0,0.0,0
20221128T,0.0,0.0,0.0,0.0,0
20221129T,0.0,0.0,0.0,0.0,0
20221130T,0.0,0.0,0.0,0.0,0
20221201T,0.0,0.0,0.0,0.0,0
20221202T,0.0,0.0,0.0,0.0,0
20221205T,0.0,0.0,0.0,0.0,0
20221206T,0.0,0.0,0.0,0.0,0
20221207T,0.0,0.0,0.0,0.0,0
20221208T,0.0,0.0,0.0,0.0,0
20221209T,0.0,0.0,0.0,0.0,0
20221212T,0.0,0.0,0.0,0.0,0
20221213T,0.0,0.0,0.0,0.0,0
20221214T,0.0,0.0,0.0,0.0,0
20221215T,0.0,0.0,0.0,0.0,0
20221216T,0.0,0.0,0.0,0.0,0
20221219T,0.0,0.0,0.0,0.0,0
20221220T,0.0,0.0,0.0,0.0,0
20221221T,0.0,0.0,0.0,0.0,0
20221222T,0.0,0.0,0.0,0.0,0
20221223T,0.0,0.0,0.0,0.0,0
20221226T,0.0,0.0,0.0,0.0,0
20221227T,0.0,0.0,0.0,0.0,0
20221228T,0.0,0.0,0.0,0.0,0
20221229T,0.0,0.0,0.0,0.0,0
20221230T,0.0,0.0,0.0,0.0,0
20230102T,0.0,0.0,0.0,0.0,0
20230103T,0.0,0.0,0.0,0.0,0
20230104T,0.0,0.0,0.0,0.0,0
20230105T,0.0,0.0,0.0,0.0,0
20230106T,0.0,0.0,0.0,0.0,0
20230109T,0.0,0.0,0.0,0.0,0
20230110T,0.0,0.0,0.0,0.0,0
20230111T,0.0,0.0,0.0,0.0,0
20230112T,0.0,0.0,0.0,0.0,0
20230113T,0.0,0.0,0.0,0.0,0
20230116T,0.0,0.0,0.0,0.0,0
20230117T,0.0,0.0,0.0,0.0,0
20230118T,0.0,0.0,0.0,0.0,0
20230119T,0.0,0.0,0.0,0.0,0
20230120T,0.0,0.0,0.0,0.0,0
20230123T,0.0,0.0,0.0,0.0,0
20230124T,0.0,0.0,0.0,0.0,0
20230125T,0.0,0.0,0.0,0.0,0
20230127T,0.0,0.0,0.0,0.0,0
20230130T,0.0,0.0,0.0,0.0,0
20230131T,0.0,0.0,0.0,0.0,0
20230201T,0.0,0.0,0.0,0.0,0
20230202T,0.0,0.0,0.0,0.0,0
20230203T,0.0,0.0,0.0,0.0,0
20230206T,0.0,0.0,0.0,0.0,0
20230207T,0.0,0.0,0.0,0.0,0
20230208T,0.0,0.0,0.0,0.0,0
20230209T,0.0,0.0,0.0,0.0,0
20230210T,0.0,0.0,0.0,0.0,0
20230213T,0.0,0.0,0.0,0.0,0
20230214T,0.0,0.0,0.0,0.0,0
20230215T,0.0,0.0,0.0,0.0,0
20230216T,0.0,0.0,0.0,0.0,0
20230217T,0.0,0.0,0.0,0.0,0
20230220T,0.0,0.0,0.0,0.0,0
20230221T,0.0,0.0,0.0,0.0,0
20230222T,0.0,0.0,0.0,0.0,0
20230223T,0.0,0.0,0.0,0.0,0
20230224T,0.0,0.0,0.0,0.0,0
20230227T,0.0,0.0,0.0,0.0,0
20230228T,0.0,0.0,0.0,0.0,0
20230301T,0.0,0.0,0.0,0.0,0
20230302T,0.0,0.0,0.0,0.0,0
20230303T,0.0,0.0,0.0,0.0,0
20230306T,0.0,0.0,0.0,0.0,0
20230308T,0.0,0.0,0.0,0.0,0
20230309T,0.0,0.0,0.0,0.0,0
20230310T,0.0,0.0,0.0,0.0,0
20230313T,0.0,0.0,0.0,0.0,0
20230314T,0.0,0.0,0.0,0.0,0
20230315T,0.0,0.0,0.0,0.0,0
20230316T,0.0,0.0,0.0,0.0,0
20230317T,0.0,0.0,0.0,0.0,0
20230320T,0.0,0.0,0.0,0.0,0
20230321T,0.0,0.0,0.0,0.0,0
20230322T,0.0,0.0,0.0,0.0,0
20230323T,0.0,0.0,0.0,0.0,0
20230324T,0.0,0.0,0.0,0.0,0
20230327T,0.0,0.0,0.0,0.0,0
20230328T,0.0,0.0,0.0,0.0,0
20230329T,0.0,0.0,0.0,0.0,0
20230331T,0.0,0.0,0.0,0.0,0
20230403T,0.0,0.0,0.0,0.0,0
20230405T,0.0,0.0,0.0,0.0,0
20230406T,0.0,0.0,0.0,0.0,0
20230410T,0.0,0.0,0.0,0.0,0
20230411T,0.0,0.0,0.0,0.0,0
20230412T,0.0,0.0,0.0,0.0,0
20230413T,0.0,0.0,0.0,0.0,0
20230417T,0.0,0.0,0.0,0.0,0
20230418T,0.0,0.0,0.0,0.0,0
20230419T,0.0,0.0,0.0,0.0,0
20230420T,0.0,0.0,0.0,0.0,0
20230421T,0.0,0.0,0.0,0.0,0
20230424T,0.0,0.0,0.0,0.0,0
20230425T,0.0,0.0,0.0,0.0,0
20230426T,0.0,0.0,0.0,0.0,0
20230427T,0.0,0.0,0.0,0.0,0
20230428T,0.0,0.0,0.0,0.0,0
20230502T,0.0,0.0,0.0,0.0,0
20230503T,0.0,0.0,0.0,0.0,0
20230504T,0.0,0.0,0.0,0.0,0
20230505T,0.0,0.0,0.0,0.0,0
20230508T,0.0,0.0,0.0,0.0,0
20230509T,0.0,0.0,0.0,0.0,0
20230510T,0.0,0.0,0.0,0.0,0
20230511T,0.0,0.0,0.0,0.0,0
20230512T,0.0,0.0,0.0,0.0,0
20230515T,0.0,0.0,0.0,0.0,0
20230516T,0.0,0.0,0.0,0.0,0
20230517T,0.0,0.0,0.0,0.0,0
20230518T,0.0,0.0,0.0,0.0,0
20230519T,0.0,0.0,0.0,0.0,0
20230522T,0.0,0.0,0.0,0.0,0
20230523T,0.0,0.0,0.0,0.0,0
20230524T,0.0,0.0,0.0,0.0,0
20230525T,0.0,0.0,0.0,0.0,0
20230526T,0.0,0.0,0.0,0.0,0
20230529T,0.0,0.0,0.0,0.0,0
20230530T,0.0,0.0,0.0,0.0,0
20230531T,0.0,0.0,0.0,0.0,0
20230601T,0.0,0.0,0.0,0.0,0
20230602T,0.0,0.0,0.0,0.0,0
20230605T,0.0,0.0,0.0,0.0,0
20230606T,0.0,0.0,0.0,0.0,0
20230607T,0.0,0.0,0.0,0.0,0
20230608T,0.0,0.0,0.0,0.0,0
20230609T,0.0,0.0,0.0,0.0,0
20230612T,0.0,0.0,0.0,0.0,0
20230613T,0.0,0.0,0.0,0.0,0
20230614T,0.0,0.0,0.0,0.0,0
20230615T,0.0,0.0,0.0,0.0,0
20230616T,0.0,0.0,0.0,0.0,0
20230619T,0.0,0.0,0.0,0.0,0
20230620T,0.0,0.0,0.0,0.0,0
20230621T,0.0,0.0,0.0,0.0,0
20230622T,0.0,0.0,0.0,0.0,0
20230623T,0.0,0.0,0.0,0.0,0
20230626T,0.0,0.0,0.0,0.0,0
20230627T,271932.0,271932.0,271932.0,271932.0,0
20230628T,153753.0,153753.0,153753.0,153753.0,0
20230630T,170277.0,170277.0,170277.0,170277.0,0
20230703T,181657.0,181657.0,181657.0,181657.0,0
20230704T,189240.0,189240.0,189240.0,189240.0,0
20230705T,196211.0,196211.0,196211.0,196211.0,0
20230706T,211373.0,211373.0,211373.0,211373.0,0
20230707T,210837.0,210837.0,210837.0,210837.0,0
20230710T,218349.0,218349.0,218349.0,218349.0,0
20230711T,223953.0,223953.0,223953.0,223953.0,0
20230712T,223565.0,223565.0,223565.0,223565.0,0
20230713T,219881.0,219881.0,219881.0,219881.0,0
20230714T,229973.0,229973.0,229973.0,229973.0,0
20230717T,234327.0,234327.0,234327.0,234327.0,0
20230718T,241316.0,241316.0,241316.0,241316.0,0
20230719T,252634.0,252634.0,252634.0,252634.0,0
20230720T,259467.0,259467.0,259467.0,259467.0,0
20230721T,272294.0,272294.0,272294.0,272294.0,0
20230724T,288508.0,288508.0,288508.0,288508.0,0
20230725T,289219.0,289219.0,289219.0,289219.0,0
20230726T,281918.0,281918.0,281918.0,281918.0,0
20230727T,159685.0,159685.0,159685.0,159685.0,0
20230728T,163411.0,163411.0,163411.0,163411.0,0
20230731T,171018.0,171018.0,171018.0,171018.0,0
20230801T,176772.0,176772.0,176772.0,176772.0,0
20230802T,166156.0,166156.0,166156.0,166156.0,0
20230803T,163325.0,163325.0,163325.0,163325.0,0
20230804T,172394.0,172394.0,172394.0,172394.0,0
20230807T,179216.0,179216.0,179216.0,179216.0,0
20230808T,178072.0,178072.0,178072.0,178072.0,0
20230809T,179182.0,179182.0,179182.0,179182.0,0
20230810T,169110.0,169110.0,169110.0,169110.0,0
20230811T,165737.0,165737.0,165737.0,165737.0,0
20230814T,163722.0,163722.0,163722.0,163722.0,0
20230816T,167335.0,167335.0,167335.0,167335.0,0
20230817T,166461.0,166461.0,166461.0,166461.0,0
20230818T,163279.0,163279.0,163279.0,163279.0,0
20230821T,172198.0,172198.0,172198.0,172198.0,0
20230822T,180637.0,180637.0,180637.0,180637.0,0
20230823T,191315.0,191315.0,191315.0,191315.0,0
20230824T,207902.0,207902.0,207902.0,207902.0,0
20230825T,216567.0,216567.0,216567.0,216567.0,0
20230828T,220224.0,220224.0,220224.0,220224.0,0
20230829T,225574.0,225574.0,225574.0,225574.0,0
20230830T,219161.0,219161.0,219161.0,219161.0,0
20230831T,119557.0,119557.0,119557.0,119557.0,0
20230901T,136204.0,136204.0,136204.0,136204.0,0
20230904T,151915.0,151915.0,151915.0,151915.0,0
20230905T,159976.0,159976.0,159976.0,159976.0,0
20230906T,161084.0,161084.0,161084.0,161084.0,0
20230907T,172581.0,172581.0,172581.0,172581.0,0
20230908T,177532.0,177532.0,177532.0,177532.0,0
20230911T,180156.0,180156.0,180156.0,180156.0,0
20230912T,175923.0,175923.0,175923.0,175923.0,0
20230913T,180014.0,180014.0,180014.0,180014.0,0
20230914T,183019.0,183019.0,183019.0,183019.0,0
20230915T,205703.0,205703.0,205703.0,205703.0,0
20230918T,206428.0,206428.0,206428.0,206428.0,0
20230920T,213775.0,213775.0,213775.0,213775.0,0
20230921T,219892.0,219892.0,219892.0,219892.0,0
20230922T,243137.0,243137.0,243137.0,243137.0,0
20230925T,249276.0,249276.0,249276.0,249276.0,0
20230926T,249343.0,249343.0,249343.0,249343.0,0
20230927T,249136.0,249136.0,249136.0,249136.0,0
20230928T,130059.0,130059.0,130059.0,130059.0,0
20230929T,133116.0,133116.0,133116.0,133116.0,0
20231003T,137087.0,137087.0,137087.0,137087.0,0
20231004T,130846.0,130846.0,130846.0,130846.0,0
20231005T,136073.0,136073.0,136073.0,136073.0,0
20231006T,139462.0,139462.0,139462.0,139462.0,0
20231009T,145023.0,145023.0,145023.0,145023.0,0
20231010T,152208.0,152208.0,152208.0,152208.0,0
20231011T,157214.0,157214.0,157214.0,157214.0,0
20231012T,169914.0,169914.0,169914.0,169914.0,0
20231013T,177269.0,177269.0,177269.0,177269.0,0
20231016T,182104.0,182104.0,182104.0,182104.0,0
20231017T,191340.0,191340.0,191340.0,191340.0,0
20231018T,205919.0,205919.0,205919.0,205919.0,0
20231019T,224422.0,224422.0,224422.0,224422.0,0
20231020T,224860.0,224860.0,224860.0,224860.0,0
20231023T,221044.0,221044.0,221044.0,221044.0,0
20231025T,210940.0,210940.0,210940.0,210940.0,0
20231026T,102502.0,102502.0,102502.0,102502.0,0
20231027T,119225.0,119225.0,119225.0,119225.0,0
20231030T,126770.0,126770.0,126770.0,126770.0,0
20231031T,134137.0,134137.0,134137.0,134137.0,0
20231101T,137454.0,137454.0,137454.0,137454.0,0
20231102T,146699.0,146699.0,146699.0,146699.0,0
20231103T,157230.0,157230.0,157230.0,157230.0,0
20231106T,165165.0,165165.0,165165.0,165165.0,0
20231107T,172553.0,172553.0,172553.0,172553.0,0
20231108T,181366.0,181366.0,181366.0,181366.0,0
20231109T,187017.0,187017.0,187017.0,187017.0,0
20231110T,191540.0,191540.0,191540.0,191540.0,0
20231113T,195775.0,195775.0,195775.0,195775.0,0
20231115T,216724.0,216724.0,216724.0,216724.0,0
20231116T,236980.0,236980.0,236980.0,236980.0,0
20231117T,251082.0,251082.0,251082.0,251082.0,0
20231120T,252296.0,252296.0,252296.0,252296.0,0
20231121T,269833.0,269833.0,269833.0,269833.0,0
20231122T,296839.0,296839.0,296839.0,296839.0,0
20231123T,324231.0,324231.0,324231.0,324231.0,0
20231124T,339450.0,339450.0,339450.0,339450.0,0
20231128T,366804.0,366804.0,366804.0,366804.0,0
20231129T,368812.0,368812.0,368812.0,368812.0,0
20231130T,154158.0,154158.0,154158.0,154158.0,0
20231201T,166915.0,166915.0,166915.0,166915.0,0
20231204T,175051.0,175051.0,175051.0,175051.0,0
20231205T,175499.0,175499.0,175499.0,175499.0,0
20231206T,181840.0,181840.0,181840.0,181840.0,0
20231207T,188761.0,188761.0,188761.0,188761.0,0
20231208T,187759.0,187759.0,187759.0,187759.0,0
20231211T,193331.0,193331.0,193331.0,193331.0,0
20231212T,203312.0,203312.0,203312.0,203312.0,0
20231213T,205415.0,205415.0,205415.0,205415.0,0
20231214T,218437.0,218437.0,218437.0,218437.0,0
20231215T,228369.0,228369.0,228369.0,228369.0,0
20231218T,227286.0,227286.0,227286.0,227286.0,0
20231219T,234584.0,234584.0,234584.0,234584.0,0
20231220T,244773.0,244773.0,244773.0,244773.0,0
20231221T,260849.0,260849.0,260849.0,260849.0,0
20231222T,268288.0,268288.0,268288.0,268288.0,0
20231226T,283182.0,283182.0,283182.0,283182.0,0
20231227T,291379.0,291379.0,291379.0,291379.0,0
20231228T,154979.0,154979.0,154979.0,154979.0,0
20231229T,160153.0,160153.0,160153.0,160153.0,0
20240101T,163514.0,163514.0,163514.0,163514.0,0
20240102T,172347.0,172347.0,172347.0,172347.0,0
20240103T,170881.0,170881.0,170881.0,170881.0,0
20240104T,171134.0,171134.0,171134.0,171134.0,0
20240105T,169669.0,169669.0,169669.0,169669.0,0
20240108T,177053.0,177053.0,177053.0,177053.0,0
20240109T,181524.0,181524.0,181524.0,181524.0,0
20240110T,183904.0,183904.0,183904.0,183904.0,0
20240111T,208406.0,208406.0,208406.0,208406.0,0
20240112T,225926.0,225926.0,225926.0,225926.0,0
20240115T,236341.0,236341.0,236341.0,236341.0,0
20240116T,241107.0,241107.0,241107.0,241107.0,0
20240117T,242322.0,242322.0,242322.0,242322.0,0
20240118T,262331.0,262331.0,262331.0,262331.0,0
20240119T,285650.0,285650.0,285650.0,285650.0,0
20240123T,291025.0,291025.0,291025.0,291025.0,0
20240124T,307277.0,307277.0,307277.0,307277.0,0
20240125T,134916.0,134916.0,134916.0,134916.0,0
20240129T,153756.0,153756.0,153756.0,153756.0,0
20240130T,157850.0,157850.0,157850.0,157850.0,0
20240131T,162781.0,162781.0,162781.0,162781.0,0
20240201T,172290.0,172290.0,172290.0,172290.0,0
20240202T,188875.0,188875.0,188875.0,188875.0,0
20240205T,195748.0,195748.0,195748.0,195748.0,0
20240206T,202142.0,202142.0,202142.0,202142.0,0
20240207T,201867.0,201867.0,201867.0,201867.0,0
20240208T,197392.0,197392.0,197392.0,197392.0,0
20240209T,200973.0,200973.0,200973.0,200973.0,0
20240212T,207726.0,207726.0,207726.0,207726.0,0
20240213T,210274.0,210274.0,210274.0,210274.0,0
20240214T,220114.0,220114.0,220114.0,220114.0,0
20240215T,224900.0,224900.0,224900.0,224900.0,0
20240216T,227258.0,227258.0,227258.0,227258.0,0
20240219T,231654.0,231654.0,231654.0,231654.0,0
20240220T,231752.0,231752.0,231752.0,231752.0,0
20240221T,248823.0,248823.0,248823.0,248823.0,0
20240223T,299656.0,299656.0,299656.0,299656.0,0
20240226T,302334.0,302334.0,302334.0,302334.0,0
20240227T,292893.0,292893.0,292893.0,292893.0,0
20240228T,283656.0,283656.0,283656.0,283656.0,0
20240229T,133858.0,133858.0,133858.0,133858.0,0
20240301T,146316.0,146316.0,146316.0,146316.0,0
20240304T,156336.0,156336.0,156336.0,156336.0,0
20240305T,159598.0,159598.0,159598.0,159598.0,0
20240306T,165792.0,165792.0,165792.0,165792.0,0
20240307T,176846.0,176846.0,176846.0,176846.0,0
20240311T,194320.0,194320.0,194320.0,194320.0,0
20240312T,201538.0,201538.0,201538.0,201538.0,0
20240313T,207168.0,207168.0,207168.0,207168.0,0
20240314T,211906.0,211906.0,211906.0,211906.0,0
20240315T,225336.0,225336.0,225336.0,225336.0,0
20240318T,226087.0,226087.0,226087.0,226087.0,0
20240319T,237294.0,237294.0,237294.0,237294.0,0
20240320T,251862.0,251862.0,251862.0,251862.0,0
20240321T,267117.0,267117.0,267117.0,267117.0,0
20240322T,263641.0,263641.0,263641.0,263641.0,0
20240326T,265459.0,265459.0,265459.0,265459.0,0
20240327T,254824.0,254824.0,254824.0,254824.0,0
20240328T,153040.0,153040.0,153040.0,153040.0,0
20240401T,167900.0,167900.0,167900.0,167900.0,0
20240402T,180767.0,180767.0,180767.0,180767.0,0
20240403T,172786.0,172786.0,172786.0,172786.0,0
20240404T,181327.0,181327.0,181327.0,181327.0,0
20240405T,181541.0,181541.0,181541.0,181541.0,0
20240408T,193399.0,193399.0,193399.0,193399.0,0
20240409T,207288.0,207288.0,207288.0,207288.0,0
20240410T,216968.0,216968.0,216968.0,216968.0,0
20240412T,220964.0,220964.0,220964.0,220964.0,0
20240415T,243478.0,243478.0,243478.0,243478.0,0
20240416T,257599.0,257599.0,257599.0,257599.0,0
20240418T,287122.0,287122.0,287122.0,287122.0,0
20240419T,313452.0,313452.0,313452.0,313452.0,0
20240422T,301534.0,301534.0,301534.0,301534.0,0
20240423T,298867.0,298867.0,298867.0,298867.0,0
20240424T,317030.0,317030.0,317030.0,317030.0,0
20240425T,183618.0,183618.0,183618.0,183618.0,0
20240426T,220674.0,220674.0,220674.0,220674.0,0
20240429T,219569.0,219569.0,219569.0,219569.0,0
20240430T,236750.0,236750.0,236750.0,236750.0,0
20240502T,250066.0,250066.0,250066.0,250066.0,0
20240503T,241492.0,241492.0,241492.0,241492.0,0
20240506T,247711.0,247711.0,247711.0,247711.0,0
20240507T,247565.0,247565.0,247565.0,247565.0,0
20240508T,249583.0,249583.0,249583.0,249583.0,0
20240509T,257320.0,257320.0,257320.0,257320.0,0
20240510T,256888.0,256888.0,256888.0,256888.0,0
20240513T,263722.0,263722.0,263722.0,263722.0,0
20240514T,271568.0,271568.0,271568.0,271568.0,0
20240515T,277571.0,277571.0,277571.0,277571.0,0
20240516T,285348.0,285348.0,285348.0,285348.0,0
20240517T,289876.0,289876.0,289876.0,289876.0,0
20240521T,328978.0,328978.0,328978.0,328978.0,0
20240522T,334537.0,334537.0,334537.0,334537.0,0
20240523T,353050.0,353050.0,353050.0,353050.0,0
20240524T,376867.0,376867.0,376867.0,376867.0,0
20240527T,380971.0,380971.0,380971.0,380971.0,0
20240528T,361623.0,361623.0,361623.0,361623.0,0
20240529T,333377.0,333377.0,333377.0,333377.0,0
20240530T,169418.0,169418.0,169418.0,169418.0,0
20240531T,184077.0,184077.0,184077.0,184077.0,0
20240603T,203596.0,203596.0,203596.0,203596.0,0
20240604T,184852.0,184852.0,184852.0,184852.0,0
20240605T,191750.0,191750.0,191750.0,191750.0,0
20240606T,197670.0,197670.0,197670.0,197670.0,0
20240607T,223867.0,223867.0,223867.0,223867.0,0
20240610T,246105.0,246105.0,246105.0,246105.0,0
20240611T,240783.0,240783.0,240783.0,240783.0,0
20240612T,260071.0,260071.0,260071.0,260071.0,0
20240613T,263771.0,263771.0,263771.0,263771.0,0
20240614T,269461.0,269461.0,269461.0,269461.0,0
20240618T,291851.0,291851.0,291851.0,291851.0,0
20240619T,343700.0,343700.0,343700.0,343700.0,0
20240620T,344191.0,344191.0,344191.0,344191.0,0
20240621T,373527.0,373527.0,373527.0,373527.0,0
20240624T,369472.0,369472.0,369472.0,369472.0,0
20240625T,365602.0,365602.0,365602.0,365602.0,0
20240626T,381375.0,381375.0,381375.0,381375.0,0
20240627T,204392.0,204392.0,204392.0,204392.0,0
20240628T,226452.0,226452.0,226452.0,226452.0,0
20240701T,251062.0,251062.0,251062.0,251062.0,0
20240702T,235818.0,235818.0,235818.0,235818.0,0
20240703T,256614.0,256614.0,256614.0,256614.0,0
20240704T,260194.0,260194.0,260194.0,260194.0,0
20240705T,264108.0,264108.0,264108.0,264108.0,0
20240708T,274509.0,274509.0,274509.0,274509.0,0
20240709T,286948.0,286948.0,286948.0,286948.0,0
20240710T,290016.0,290016.0,290016.0,290016.0,0
20240711T,291797.0,291797.0,291797.0,291797.0,0
20240712T,320191.0,320191.0,320191.0,320191.0,0
20240715T,358338.0,358338.0,358338.0,358338.0,0
20240716T,375419.0,375419.0,375419.0,375419.0,0
20240718T,430315.0,430315.0,430315.0,430315.0,0
20240719T,438050.0,438050.0,438050.0,438050.0,0
20240722T,424524.0,424524.0,424524.0,424524.0,0
20240723T,413201.0,413201.0,413201.0,413201.0,0
20240724T,397832.0,397832.0,397832.0,397832.0,0
20240725T,193794.0,193794.0,193794.0,193794.0,0
20240726T,212370.0,212370.0,212370.0,212370.0,0
20240729T,230144.0,230144.0,230144.0,230144.0,0
20240730T,238008.0,238008.0,238008.0,238008.0,0
20240731T,253913.0,253913.0,253913.0,253913.0,0
20240801T,272275.0,272275.0,272275.0,272275.0,0
20240802T,269171.0,269171.0,269171.0,269171.0,0
20240805T,264518.0,264518.0,264518.0,264518.0,0
20240806T,266634.0,266634.0,266634.0,266634.0,0
20240807T,262558.0,262558.0,262558.0,262558.0,0
20240808T,257322.0,257322.0,257322.0,257322.0,0
20240809T,263353.0,263353.0,263353.0,263353.0,0
20240812T,264341.0,264341.0,264341.0,264341.0,0
20240813T,264750.0,264750.0,264750.0,264750.0,0
20240814T,259780.0,259780.0,259780.0,259780.0,0
20240816T,268323.0,268323.0,268323.0,268323.0,0
20240819T,288843.0,288843.0,288843.0,288843.0,0
20240820T,307723.0,307723.0,307723.0,307723.0,0
20240821T,332260.0,332260.0,332260.0,332260.0,0
20240822T,342878.0,342878.0,342878.0,342878.0,0
20240823T,375659.0,375659.0,375659.0,375659.0,0
20240826T,370152.0,370152.0,370152.0,370152.0,0
20240827T,371081.0,371081.0,371081.0,371081.0,0
20240828T,380086.0,380086.0,380086.0,380086.0,0
20240829T,192357.0,192357.0,192357.0,192357.0,0
20240830T,216694.0,216694.0,216694.0,216694.0,0
20240902T,233131.0,233131.0,233131.0,233131.0,0
20240903T,263773.0,263773.0,263773.0,263773.0,0
20240904T,247867.0,247867.0,247867.0,247867.0,0
20240905T,247390.0,247390.0,247390.0,247390.0,0
20240906T,242872.0,242872.0,242872.0,242872.0,0
20240909T,244003.0,244003.0,244003.0,244003.0,0
20240910T,247267.0,247267.0,247267.0,247267.0,0
20240911T,272395.0,272395.0,272395.0,272395.0,0
20240912T,330954.0,330954.0,330954.0,330954.0,0
20240913T,318041.0,318041.0,318041.0,318041.0,0
20240916T,326834.0,326834.0,326834.0,326834.0,0
20240917T,329633.0,329633.0,329633.0,329633.0,0
20240918T,339544.0,339544.0,339544.0,339544.0,0
20240919T,365005.0,365005.0,365005.0,365005.0,0
20240920T,447888.0,447888.0,447888.0,447888.0,0
20240923T,425405.0,425405.0,425405.0,425405.0,0
20240924T,408701.0,408701.0,408701.0,408701.0,0
20240925T,392202.0,392202.0,392202.0,392202.0,0
20240926T,221118.0,221118.0,221118.0,221118.0,0
20240927T,225802.0,225802.0,225802.0,225802.0,0
20240930T,216326.0,216326.0,216326.0,216326.0,0
20241001T,211022.0,211022.0,211022.0,211022.0,0
20241003T,205183.0,205183.0,205183.0,205183.0,0
20241004T,194306.0,194306.0,194306.0,194306.0,0
20241007T,198810.0,198810.0,198810.0,198810.0,0
20241008T,193831.0,193831.0,193831.0,193831.0,0
20241009T,196257.0,196257.0,196257.0,196257.0,0
20241010T,198726.0,198726.0,198726.0,198726.0,0
20241011T,208669.0,208669.0,208669.0,208669.0,0
20241014T,221967.0,221967.0,221967.0,221967.0,0
20241015T,229739.0,229739.0,229739.0,229739.0,0
20241016T,232887.0,232887.0,232887.0,232887.0,0
20241017T,244990.0,244990.0,244990.0,244990.0,0
20241018T,247133.0,247133.0,247133.0,247133.0,0
20241021T,251757.0,251757.0,251757.0,251757.0,0
20241022T,251151.0,251151.0,251151.0,251151.0,0
20241023T,263233.0,263233.0,263233.0,263233.0,0
20241024T,285738.0,285738.0,285738.0,285738.0,0
20241025T,293263.0,293263.0,293263.0,293263.0,0
20241028T,288887.0,288887.0,288887.0,288887.0,0
20241029T,309944.0,309944.0,309944.0,309944.0,0
20241030T,299279.0,299279.0,299279.0,299279.0,0
20241031T,162024.0,162024.0,162024.0,162024.0,0
20241104T,199561.0,199561.0,199561.0,199561.0,0
20241105T,206728.0,206728.0,206728.0,206728.0,0
20241106T,221377.0,221377.0,221377.0,221377.0,0
20241107T,222083.0,222083.0,222083.0,222083.0,0
20241108T,231967.0,231967.0,231967.0,231967.0,0
20241111T,246885.0,246885.0,246885.0,246885.0,0
20241112T,254349.0,254349.0,254349.0,254349.0,0
20241113T,265216.0,265216.0,265216.0,265216.0,0
20241114T,266031.0,266031.0,266031.0,266031.0,0
20241118T,279328.0,279328.0,279328.0,279328.0,0
20241119T,298426.0,298426.0,298426.0,298426.0,0
20241121T,319165.0,319165.0,319165.0,319165.0,0
20241122T,371373.0,371373.0,371373.0,371373.0,0
20241125T,413125.0,413125.0,413125.0,413125.0,0
20241126T,396994.0,396994.0,396994.0,396994.0,0
20241127T,417199.0,417199.0,417199.0,417199.0,0
20241128T,192388.0,192388.0,192388.0,192388.0,0
20241129T,217289.0,217289.0,217289.0,217289.0,0
20241202T,246757.0,246757.0,246757.0,246757.0,0
20241203T,261282.0,261282.0,261282.0,261282.0,0
20241204T,311039.0,311039.0,311039.0,311039.0,0
20241205T,326620.0,326620.0,326620.0,326620.0,0
20241206T,342510.0,342510.0,342510.0,342510.0,0
20241209T,343855.0,343855.0,343855.0,343855.0,0
20241210T,349976.0,349976.0,349976.0,349976.0,0
20241211T,352155.0,352155.0,352155.0,352155.0,0
20241212T,346995.0,346995.0,346995.0,346995.0,0
20241213T,373292.0,373292.0,373292.0,373292.0,0
20241216T,377745.0,377745.0,377745.0,377745.0,0
20241217T,372597.0,372597.0,372597.0,372597.0,0
20241218T,374098.0,374098.0,374098.0,374098.0,0
20241219T,390016.0,390016.0,390016.0,390016.0,0
20241220T,385587.0,385587.0,385587.0,385587.0,0
20241223T,388332.0,388332.0,388332.0,388332.0,0
20241224T,383810.0,383810.0,383810.0,383810.0,0
20241226T,182362.0,182362.0,182362.0,182362.0,0
20241227T,207072.0,207072.0,207072.0,207072.0,0
20241230T,234832.0,234832.0,234832.0,234832.0,0
20241231T,228248.0,228248.0,228248.0,228248.0,0
20250101T,233210.0,233210.0,233210.0,233210.0,0
20250102T,280111.0,280111.0,280111.0,280111.0,0
20250103T,283741.0,283741.0,283741.0,283741.0,0
20250106T,273171.0,273171.0,273171.0,273171.0,0
20250107T,285071.0,285071.0,285071.0,285071.0,0
20250108T,295538.0,295538.0,295538.0,295538.0,0
20250109T,303192.0,303192.0,303192.0,303192.0,0
20250110T,325352.0,325352.0,325352.0,325352.0,0
20250113T,327915.0,327915.0,327915.0,327915.0,0
20250114T,339119.0,339119.0,339119.0,339119.0,0
20250115T,365260.0,365260.0,365260.0,365260.0,0
20250116T,371612.0,371612.0,371612.0,371612.0,0
20250117T,381064.0,381064.0,381064.0,381064.0,0
20250120T,488331.0,488331.0,488331.0,488331.0,0
20250121T,418526.0,418526.0,418526.0,418526.0,0
20250122T,442658.0,442658.0,442658.0,442658.0,0
20250123T,472936.0,472936.0,472936.0,472936.0,0
20250124T,495367.0,495367.0,495367.0,495367.0,0
20250127T,460667.0,460667.0,460667.0,460667.0,0
20250128T,464977.0,464977.0,464977.0,464977.0,0
20250129T,493329.0,493329.0,493329.0,493329.0,0
20250130T,196371.0,196371.0,196371.0,196371.0,0
20250131T,202204.0,202204.0,202204.0,202204.0,0
20250203T,262888.0,262888.0,262888.0,262888.0,0
20250204T,291782.0,291782.0,291782.0,291782.0,0
20250205T,299462.0,299462.0,299462.0,299462.0,0
20250206T,289277.0,289277.0,289277.0,289277.0,0
20250207T,297346.0,297346.0,297346.0,297346.0,0
20250210T,295441.0,295441.0,295441.0,295441.0,0
20250211T,303190.0,303190.0,303190.0,303190.0,0
20250212T,305624.0,305624.0,305624.0,305624.0,0
20250213T,323519.0,323519.0,323519.0,323519.0,0
20250214T,339363.0,339363.0,339363.0,339363.0,0
20250217T,353764.0,353764.0,353764.0,353764.0,0
20250218T,373546.0,373546.0,373546.0,373546.0,0
20250219T,418075.0,418075.0,418075.0,418075.0,0
20250220T,453174.0,453174.0,453174.0,453174.0,0
20250221T,438598.0,438598.0,438598.0,438598.0,0
20250224T,390050.0,390050.0,390050.0,390050.0,0
20250225T,366956.0,366956.0,366956.0,366956.0,0
20250227T,195007.0,195007.0,195007.0,195007.0,0
20250228T,226847.0,226847.0,226847.0,226847.0,0
20250303T,235507.0,235507.0,235507.0,235507.0,0
20250304T,251881.0,251881.0,251881.0,251881.0,0
20250305T,276763.0,276763.0,276763.0,276763.0,0
20250306T,301352.0,301352.0,301352.0,301352.0,0
20250307T,315621.0,315621.0,315621.0,315621.0,0
20250310T,346790.0,346790.0,346790.0,346790.0,0
20250311T,339667.0,339667.0,339667.0,339667.0,0
20250312T,362065.0,362065.0,362065.0,362065.0,0
20250313T,373278.0,373278.0,373278.0,373278.0,0
20250317T,399731.0,399731.0,399731.0,399731.0,0
20250318T,433604.0,433604.0,433604.0,433604.0,0
20250319T,467162.0,467162.0,467162.0,467162.0,0
20250320T,517017.0,517017.0,517017.0,517017.0,0
20250321T,561399.0,561399.0,561399.0,561399.0,0
20250324T,550643.0,550643.0,550643.0,550643.0,0
20250325T,536788.0,536788.0,536788.0,536788.0,0
20250326T,547273.0,547273.0,547273.0,547273.0,0
20250327T,232849.0,232849.0,232849.0,232849.0,0
20250328T,260556.0,260556.0,260556.0,260556.0,0
20250401T,267388.0,267388.0,267388.0,267388.0,0
20250402T,266171.0,266171.0,266171.0,266171.0,0
20250403T,276462.0,276462.0,276462.0,276462.0,0
20250404T,308950.0,308950.0,308950.0,308950.0,0
20250407T,311188.0,311188.0,311188.0,311188.0,0
20250408T,326522.0,326522.0,326522.0,326522.0,0
20250409T,347237.0,347237.0,347237.0,347237.0,0
20250411T,390952.0,390952.0,390952.0,390952.0,0
20250415T,437205.0,437205.0,437205.0,437205.0,0
20250416T,505499.0,505499.0,505499.0,505499.0,0
20250417T,585515.0,585515.0,585515.0,585515.0,0
20250421T,593161.0,593161.0,593161.0,593161.0,0
20250422T,620306.0,620306.0,620306.0,620306.0,0
20250423T,670118.0,670118.0,670118.0,670118.0,0
20250424T,249645.0,249645.0,249645.0,249645.0,0
20250425T,274483.0,274483.0,274483.0,274483.0,0
20250428T,294633.0,294633.0,294633.0,294633.0,0
20250429T,303285.0,303285.0,303285.0,303285.0,0
20250430T,317604.0,317604.0,317604.0,317604.0,0
20250502T,312646.0,312646.0,312646.0,312646.0,0
20250505T,325618.0,325618.0,325618.0,325618.0,0
20250506T,351026.0,351026.0,351026.0,351026.0,0
20250507T,349227.0,349227.0,349227.0,349227.0,0
20250508T,365628.0,365628.0,365628.0,365628.0,0
20250509T,326989.0,326989.0,326989.0,326989.0,0
20250512T,380196.0,380196.0,380196.0,380196.0,0
20250513T,359102.0,359102.0,359102.0,359102.0,0
20250514T,375159.0,375159.0,375159.0,375159.0,0
20250515T,413368.0,413368.0,413368.0,413368.0,0
20250516T,428208.0,428208.0,428208.0,428208.0,0
20250519T,485336.0,485336.0,485336.0,485336.0,0
20250520T,414762.0,414762.0,414762.0,414762.0,0
20250521T,427280.0,427280.0,427280.0,427280.0,0
20250522T,427962.0,427962.0,427962.0,427962.0,0
20250523T,439870.0,439870.0,439870.0,439870.0,0
20250526T,450997.0,450997.0,450997.0,450997.0,0
20250527T,451112.0,451112.0,451112.0,451112.0,0
20250528T,484412.0,484412.0,484412.0,484412.0,0
20250529T,219546.0,219546.0,219546.0,219546.0,0
20250530T,254270.0,254270.0,254270.0,254270.0,0
20250602T,258777.0,258777.0,258777.0,258777.0,0
20250603T,279441.0,279441.0,279441.0,279441.0,0
20250604T,279980.0,279980.0,279980.0,279980.0,0
20250605T,292188.0,292188.0,292188.0,292188.0,0
20250606T,310623.0,310623.0,310623.0,310623.0,0
20250609T,328755.0,328755.0,328755.0,328755.0,0
20250610T,333829.0,333829.0,333829.0,333829.0,0
20250611T,351147.0,351147.0,351147.0,351147.0,0
20250612T,339552.0,339552.0,339552.0,339552.0,0
20250613T,332660.0,332660.0,332660.0,332660.0,0
20250616T,343136.0,343136.0,343136.0,343136.0,0
20250617T,358836.0,358836.0,358836.0,358836.0,0
20250618T,374303.0,374303.0,374303.0,374303.0,0
20250619T,394970.0,394970.0,394970.0,394970.0,0
20250620T,432339.0,432339.0,432339.0,432339.0,0
20250623T,424384.0,424384.0,424384.0,424384.0,0
20250624T,438132.0,438132.0,438132.0,438132.0,0
20250625T,430382.0,430382.0,430382.0,430382.0,0
20250626T,230899.0,230899.0,230899.0,230899.0,0
20250627T,253401.0,253401.0,253401.0,253401.0,0
20250630T,259587.0,259587.0,259587.0,259587.0,0
20250701T,266898.0,266898.0,266898.0,266898.0,0
20250702T,271835.0,271835.0,271835.0,271835.0,0
20250703T,273572.0,273572.0,273572.0,273572.0,0
20250704T,281155.0,281155.0,281155.0,281155.0,0
20250707T,284450.0,284450.0,284450.0,284450.0,0
20250708T,291128.0,291128.0,291128.0,291128.0,0
20250709T,302336.0,302336.0,302336.0,302336.0,0
20250710T,299219.0,299219.0,299219.0,299219.0,0
20250711T,313248.0,313248.0,313248.0,313248.0,0
20250714T,316920.0,316920.0,316920.0,316920.0,0
20250715T,322690.0,322690.0,322690.0,322690.0,0
20250716T,332480.0,332480.0,332480.0,332480.0,0
20250717T,343510.0,343510.0,343510.0,343510.0,0
20250718T,354717.0,354717.0,354717.0,354717.0,0
20250721T,349972.0,349972.0,349972.0,349972.0,0
20250722T,375728.0,375728.0,375728.0,375728.0,0
20250723T,394815.0,394815.0,394815.0,394815.0,0
20250724T,414795.0,414795.0,414795.0,414795.0,0
20250725T,426399.0,426399.0,426399.0,426399.0,0
20250728T,394174.0,394174.0,394174.0,394174.0,0
20250729T,392107.0,392107.0,392107.0,392107.0,0
20250730T,421074.0,421074.0,421074.0,421074.0,0
20250731T,209623.0,209623.0,209623.0,209623.0,0
20250801T,244275.0,244275.0,244275.0,244275.0,0
20250804T,235653.0,235653.0,235653.0,235653.0,0
20250805T,244505.0,244505.0,244505.0,244505.0,0
20250806T,250231.0,250231.0,250231.0,250231.0,0
20250807T,253565.0,253565.0,253565.0,253565.0,0
20250808T,265780.0,265780.0,265780.0,265780.0,0
20250811T,264728.0,264728.0,264728.0,264728.0,0
20250812T,282603.0,282603.0,282603.0,282603.0,0
20250813T,294233.0,294233.0,294233.0,294233.0,0
20250814T,305199.0,305199.0,305199.0,305199.0,0
20250818T,336955.0,336955.0,336955.0,336955.0,0
20250819T,357396.0,357396.0,357396.0,357396.0,0
20250820T,380250.0,380250.0,380250.0,380250.0,0
20250821T,415669.0,415669.0,415669.0,415669.0,0
20250822T,407000.0,407000.0,407000.0,407000.0,0
20250825T,404641.0,404641.0,404641.0,404641.0,0
20250826T,399496.0,399496.0,399496.0,399496.0,0
20250828T,177902.0,177902.0,177902.0,177902.0,0
20250829T,195130.0,195130.0,195130.0,195130.0,0
20250901T,202101.0,202101.0,202101.0,202101.0,0
20250902T,206912.0,206912.0,206912.0,206912.0,0
20250903T,211926.0,211926.0,211926.0,211926.0,0
20250904T,220625.0,220625.0,220625.0,220625.0,0
20250905T,231590.0,231590.0,231590.0,231590.0,0
20250908T,251757.0,251757.0,251757.0,251757.0,0
20250909T,262802.0,262802.0,262802.0,262802.0,0
20250910T,259538.0,259538.0,259538.0,259538.0,0
20250911T,265407.0,265407.0,265407.0,265407.0,0
20250912T,277602.0,277602.0,277602.0,277602.0,0
20250915T,279470.0,279470.0,279470.0,279470.0,0
20250916T,293073.0,293073.0,293073.0,293073.0,0
20250917T,311916.0,311916.0,311916.0,311916.0,0
20250918T,326855.0,326855.0,326855.0,326855.0,0
20250919T,359900.0,359900.0,359900.0,359900.0,0
20250922T,392040.0,392040.0,392040.0,392040.0,0
20250923T,431082.0,431082.0,431082.0,431082.0,0
20250924T,469665.0,469665.0,469665.0,469665.0,0
20250925T,437618.0,437618.0,437618.0,437618.0,0
20250926T,407244.0,407244.0,407244.0,407244.0,0
20250929T,404908.0,404908.0,404908.0,404908.0,0
20250930T,193266.0,193266.0,193266.0,193266.0,0
20251001T,211677.0,211677.0,211677.0,211677.0,0
20251003T,221564.0,221564.0,221564.0,221564.0,0
20251006T,235604.0,235604.0,235604.0,235604.0,0
20251007T,243436.0,243436.0,243436.0,243436.0,0
20251008T,259297.0,259297.0,259297.0,259297.0,0
20251009T,259134.0,259134.0,259134.0,259134.0,0
20251010T,273015.0,273015.0,273015.0,273015.0,0
20251013T,283480.0,283480.0,283480.0,283480.0,0
20251014T,294650.0,294650.0,294650.0,294650.0,0
20251015T,308886.0,308886.0,308886.0,308886.0,0
20251016T,331263.0,331263.0,331263.0,331263.0,0
20251017T,375636.0,375636.0,375636.0,375636.0,0
20251020T,414307.0,414307.0,414307.0,414307.0,0
20251023T,419556.0,419556.0,419556.0,419556.0,0
20251024T,414306.0,414306.0,414306.0,414306.0,0
20251027T,422521.0,422521.0,422521.0,422521.0,0
20251028T,219394.0,219394.0,219394.0,219394.0,0
20251029T,245555.0,245555.0,245555.0,245555.0,0
20251030T,258577.0,258577.0,258577.0,258577.0,0
20251031T,268755.0,268755.0,268755.0,268755.0,0
20251103T,273481.0,273481.0,273481.0,273481.0,0
20251104T,291013.0,291013.0,291013.0,291013.0,0
20251106T,306818.0,306818.0,306818.0,306818.0,0
20251107T,313500.0,313500.0,313500.0,313500.0,0
20251110T,314082.0,314082.0,314082.0,314082.0,0
20251111T,321813.0,321813.0,321813.0,321813.0,0
20251112T,331534.0,331534.0,331534.0,331534.0,0
20251113T,333857.0,333857.0,333857.0,333857.0,0
20251114T,359653.0,359653.0,359653.0,359653.0,0
20251117T,382180.0,382180.0,382180.0,382180.0,0
20251118T,412763.0,412763.0,412763.0,412763.0,0
20251119T,448615.0,448615.0,448615.0,448615.0,0
20251120T,424799.0,424799.0,424799.0,424799.0,0
20251121T,421134.0,421134.0,421134.0,421134.0,0
20251124T,438569.0,438569.0,438569.0,438569.0,0
20251125T,201521.0,201521.0,201521.0,201521.0,0
20251126T,215478.0,215478.0,215478.0,215478.0,0
20251127T,241170.0,241170.0,241170.0,241170.0,0
20251128T,251381.0,251381.0,251381.0,251381.0,0
20251201T,293767.0,293767.0,293767.0,293767.0,0
20251202T,263487.0,263487.0,263487.0,263487.0,0
20251203T,257836.0,257836.0,257836.0,257836.0,0
20251204T,258978.0,258978.0,258978.0,258978.0,0
20251205T,266132.0,266132.0,266132.0,266132.0,0
20251208T,277387.0,277387.0,277387.0,277387.0,0
20251209T,277015.0,277015.0,277015.0,277015.0,0
20251210T,291143.0,291143.0,291143.0,291143.0,0
20251211T,292203.0,292203.0,292203.0,292203.0,0
20251212T,306200.0,306200.0,306200.0,306200.0,0
20251215T,309655.0,309655.0,309655.0,309655.0,0
20251216T,313109.0,313109.0,313109.0,313109.0,0
20251217T,333003.0,333003.0,333003.0,333003.0,0
20251218T,357927.0,357927.0,357927.0,357927.0,0
20251219T,399045.0,399045.0,399045.0,399045.0,0
20251222T,436933.0,436933.0,436933.0,436933.0,0
20251223T,474709.0,474709.0,474709.0,474709.0,0
20251224T,449658.0,449658.0,449658.0,449658.0,0
20251226T,442590.0,442590.0,442590.0,442590.0,0
20251229T,447209.0,447209.0,447209.0,447209.0,0
20251230T,226373.0,226373.0,226373.0,226373.0,0
20251231T,240680.0,240680.0,240680.0,240680.0,0
20260101T,263980.0,263980.0,263980.0,263980.0,0
20260102T,290224.0,290224.0,290224.0,290224.0,0
20260105T,310138.0,310138.0,310138.0,310138.0,0
20260106T,329153.0,329153.0,329153.0,329153.0,0
20260107T,331085.0,331085.0,331085.0,331085.0,0
20260108T,340868.0,340868.0,340868.0,340868.0,0
20260109T,342072.0,342072.0,342072.0,342072.0,0
20260112T,348887.0,348887.0,348887.0,348887.0,0
20260113T,357884.0,357884.0,357884.0,357884.0,0
20260114T,381632.0,381632.0,381632.0,381632.0,0
20260116T,420859.0,420859.0,420859.0,420859.0,0
20260119T,470461.0,470461.0,470461.0,470461.0,0
20260120T,504175.0,504175.0,504175.0,504175.0,0
20260121T,491264.0,491264.0,491264.0,491264.0,0
20260122T,498099.0,498099.0,498099.0,498099.0,0
20260123T,489380.0,489380.0,489380.0,489380.0,0
20260127T,274436.0,274436.0,274436.0,274436.0,0
20260128T,299793.0,299793.0,299793.0,299793.0,0
20260129T,307794.0,307794.0,307794.0,307794.0,0
20260130T,314673.0,314673.0,314673.0,314673.0,0
20260201T,327829.0,327829.0,327829.0,327829.0,0
20260202T,329589.0,329589.0,329589.0,329589.0,0
